#VRML V2.0 utf8
# 3D model generated by easyeda2kicad.py (https://github.com/uPesy/easyeda2kicad.py)

Shape{
    appearance Appearance {
        material  Material 	{
            diffuseColor 0.37254901960784315 1.0 0.7137254901960784
            specularColor 0.32941176470588235 0.8784313725490196 0.6274509803921569
            ambientIntensity 0.2
            transparency 0
            shininess 0.5
        }
    }
    geometry IndexedFaceSet {
        ccw TRUE
        solid FALSE
        coord DEF co Coordinate {
            point [
                -0.2526 0.7501 0.0, -0.3184 0.7501 0.0, -0.2819 0.8323 0.0, -0.2888 0.8323 0.0, -0.2838 0.8392 0.0, -0.287 0.8392 0.0, -0.2851 0.8461 0.0, -0.2857 0.8461 0.0, -1.886 0.6721 0.0, -2.0669 0.6721 0.0, -2.0669 0.704 0.0, 2.2479 0.6721 0.0, 2.2638 0.6721 0.0, 2.2638 0.6693 0.0, 0.2111 0.6709 0.0, 0.2227 0.6721 0.0, 0.1969 0.2953 0.0, 0.2031 0.8509 0.0, 0.2224 0.8488 0.0, 0.1605 0.7031 0.0, 0.1377 0.6721 0.0, 0.1377 1.2795 0.0, 0.157 0.7051 0.0, 0.157 0.6835 0.0, 0.1779 0.6749 0.0, 0.1978 0.6721 0.0, 2.2638 0.9055 0.0, 0.421 0.6733 0.0, 0.3202 0.6733 0.0, 0.2354 0.6734 0.0, 0.2545 0.68 0.0, 0.3946 0.8701 0.0, 0.421 0.8701 0.0, 2.0669 1.2795 0.0, 2.0669 0.8708 0.0, 0.2372 0.8434 0.0, 0.2508 0.8343 0.0, 0.2627 0.8212 0.0, 0.277 0.7696 0.0, 0.275 0.7483 0.0, 0.2696 0.7314 0.0, 0.2258 0.6946 0.0, 0.2075 0.6925 0.0, 0.2402 0.6998 0.0, 0.2523 0.708 0.0, 0.2615 0.7177 0.0, 0.1813 0.6954 0.0, 0.1791 0.8478 0.0, 0.157 0.8383 0.0, 0.157 0.8647 0.0, 0.2708 0.806 0.0, 0.276 0.7849 0.0, 2.0669 0.704 0.0, 2.0669 0.6721 0.0, 0.2703 0.6901 0.0, 0.2851 0.7057 0.0, 0.3202 0.6949 0.0, 0.2956 0.7244 0.0, 0.3946 0.6949 0.0, 0.293 0.8183 0.0, 0.2815 0.8367 0.0, 0.2637 0.8538 0.0, 0.245 0.8646 0.0, 0.2231 0.8709 0.0, 0.3015 0.7452 0.0, 0.3034 0.768 0.0, 0.3006 0.796 0.0, 0.2033 0.8725 0.0, 0.1797 0.8709 0.0, 2.0669 -1.2795 0.0, 1.5748 -1.2795 0.0, 1.5748 0.2953 0.0, 1.1811 0.2953 0.0, 1.1811 -1.2795 0.0, 0.1969 -1.2795 0.0, -0.0255 0.6733 0.0, 0.0129 0.6949 0.0, 0.0129 0.6733 0.0, -2.0669 0.8708 0.0, -2.0669 1.2795 0.0, -1.8701 0.9055 0.0, 0.1185 0.6733 0.0, 0.1185 0.8701 0.0, -0.1983 0.6733 0.0, -0.1741 0.7272 0.0, -0.1628 0.7096 0.0, 0.0921 0.8485 0.0, 0.0921 0.7837 0.0, 0.0177 0.8485 0.0, 0.0225 0.7837 0.0, 0.0225 0.7621 0.0, 0.0921 0.7621 0.0, 0.0921 0.6949 0.0, -0.1466 0.6941 0.0, -0.1261 0.6822 0.0, -0.1034 0.6754 0.0, 0.0177 0.8701 0.0, -0.0255 0.8701 0.0, -0.1095 0.8671 0.0, -0.1325 0.859 0.0, -0.2728 0.8701 0.0, -0.1539 0.8447 0.0, -0.1541 0.8445 0.0, -0.1681 0.829 0.0, -0.1772 0.8121 0.0, -0.1825 0.7927 0.0, -0.1839 0.7742 0.0, -0.1812 0.7479 0.0, -0.081 0.8701 0.0, -0.079 0.6733 0.0, -0.3472 0.6733 0.0, -0.376 0.6733 0.0, -1.8701 0.6721 0.0, -0.2992 0.8701 0.0, -0.3273 0.7285 0.0, -0.2459 0.7285 0.0, -0.2271 0.6733 0.0, -1.1811 0.2953 0.0, -1.5748 0.2953 0.0, -2.0669 -1.2795 0.0, -1.5748 -1.2795 0.0, -0.1969 -1.2795 0.0, -1.1811 -1.2795 0.0, -0.1969 0.2953 0.0, -1.8701 0.6693 0.0, 0.1377 0.2953 0.0, 0.2057 0.671 0.0, -0.0519 0.8485 0.0, -0.0519 0.6949 0.0, -0.0809 0.8485 0.0, -0.0798 0.6949 0.0, -0.1006 0.6968 0.0, -0.1575 0.7736 0.0, -0.1559 0.7932 0.0, -0.1513 0.8088 0.0, -0.1042 0.8461 0.0, -0.1172 0.702 0.0, -0.1306 0.71 0.0, -0.1416 0.7209 0.0, -0.1499 0.7345 0.0, -0.1557 0.753 0.0, -0.1444 0.8209 0.0, -0.1349 0.8311 0.0, -0.1205 0.8404 0.0, -0.1205 0.8404 0.0
            ]
        }
        coordIndex [
            0,1,2,-1,2,1,3,-1,2,3,4,-1,4,3,5,-1,4,5,6,-1,6,5,7,-1,8,9,10,-1,11,12,13,-1,14,15,16,-1,17,18,19,-1,20,21,22,-1,22,23,20,-1,20,23,24,-1,20,24,25,-1,12,11,26,-1,27,15,28,-1,28,15,29,-1,28,29,30,-1,31,21,32,-1,32,21,33,-1,32,33,27,-1,27,33,34,-1,18,35,19,-1,19,35,36,-1,19,36,37,-1,38,39,19,-1,19,39,40,-1,41,42,43,-1,43,42,44,-1,40,45,19,-1,19,45,44,-1,19,44,46,-1,46,44,42,-1,17,19,47,-1,47,19,22,-1,47,22,48,-1,48,22,21,-1,48,21,49,-1,37,50,19,-1,19,50,51,-1,19,51,38,-1,26,11,34,-1,34,11,52,-1,34,52,27,-1,27,52,53,-1,27,53,15,-1,30,54,28,-1,28,54,55,-1,28,55,56,-1,56,55,57,-1,56,57,58,-1,59,60,31,-1,31,60,61,-1,31,61,21,-1,21,61,62,-1,21,62,63,-1,57,64,58,-1,58,64,65,-1,58,65,31,-1,31,65,66,-1,31,66,59,-1,63,67,21,-1,21,67,68,-1,21,68,49,-1,69,70,53,-1,53,70,71,-1,53,71,15,-1,15,71,72,-1,15,72,16,-1,16,72,73,-1,16,73,74,-1,75,76,77,-1,78,79,80,-1,80,79,21,-1,20,81,82,-1,83,84,85,-1,86,87,88,-1,88,87,89,-1,90,91,92,-1,85,93,83,-1,83,93,94,-1,83,94,95,-1,96,88,97,-1,97,88,89,-1,97,89,75,-1,75,89,90,-1,75,90,76,-1,76,90,92,-1,98,99,100,-1,100,99,101,-1,101,102,100,-1,100,102,103,-1,100,103,104,-1,104,105,100,-1,100,105,106,-1,100,106,83,-1,83,106,107,-1,83,107,84,-1,20,82,21,-1,21,82,96,-1,21,96,80,-1,80,96,97,-1,80,97,108,-1,109,75,20,-1,20,75,77,-1,20,77,81,-1,110,20,111,-1,111,20,112,-1,111,112,113,-1,113,112,80,-1,113,80,100,-1,100,80,108,-1,100,108,98,-1,114,115,110,-1,110,115,116,-1,110,116,20,-1,20,116,83,-1,20,83,109,-1,109,83,95,-1,117,118,8,-1,9,8,119,-1,119,8,118,-1,119,118,120,-1,121,122,123,-1,123,122,117,-1,8,124,117,-1,117,124,112,-1,117,112,123,-1,123,112,20,-1,123,20,125,-1,125,20,25,-1,125,25,16,-1,16,25,126,-1,16,126,14,-1,127,128,129,-1,129,128,130,-1,129,130,131,-1,132,133,129,-1,129,133,134,-1,129,134,135,-1,131,136,129,-1,129,136,137,-1,129,137,138,-1,138,139,129,-1,129,139,140,-1,129,140,132,-1,141,142,134,-1,134,142,143,-1,134,143,135,-1,0,115,1,-1,1,115,114,-1,2,100,0,-1,0,100,83,-1,0,83,115,-1,115,83,116,-1,2,4,100,-1,100,4,6,-1,100,6,113,-1,113,6,7,-1,113,7,5,-1,5,3,113,-1,113,3,1,-1,113,1,111,-1,111,1,114,-1,111,114,110,-1,104,103,141,-1,141,103,102,-1,141,102,142,-1,142,102,101,-1,142,101,143,-1,143,101,99,-1,143,99,135,-1,135,99,98,-1,135,98,129,-1,129,98,108,-1,129,108,127,-1,127,108,97,-1,127,97,128,-1,128,97,75,-1,128,75,130,-1,130,75,109,-1,130,109,131,-1,131,109,95,-1,131,95,136,-1,136,95,94,-1,136,94,137,-1,137,94,93,-1,137,93,138,-1,138,93,85,-1,138,85,139,-1,139,85,84,-1,139,84,140,-1,140,84,107,-1,140,107,132,-1,132,107,106,-1,132,106,133,-1,133,106,105,-1,133,105,134,-1,134,105,104,-1,134,104,141,-1,81,77,76,-1,76,92,81,-1,81,92,91,-1,81,91,82,-1,88,96,86,-1,86,96,82,-1,86,82,87,-1,87,82,91,-1,87,91,89,-1,89,91,90,-1,23,22,19,-1,23,19,24,-1,24,19,46,-1,24,46,25,-1,25,46,42,-1,25,42,126,-1,126,42,14,-1,14,42,41,-1,14,41,15,-1,48,49,47,-1,47,49,68,-1,47,68,17,-1,17,68,67,-1,17,67,18,-1,18,67,63,-1,18,63,35,-1,35,63,62,-1,35,62,36,-1,36,62,61,-1,36,61,37,-1,37,61,60,-1,37,60,50,-1,50,60,59,-1,50,59,51,-1,51,59,66,-1,51,66,38,-1,38,66,65,-1,38,65,39,-1,39,65,64,-1,39,64,40,-1,40,64,57,-1,40,57,45,-1,45,57,55,-1,45,55,44,-1,44,55,54,-1,44,54,43,-1,43,54,30,-1,43,30,41,-1,41,30,29,-1,41,29,15,-1,
        ]
    }
}
Shape{
    appearance Appearance {
        material  Material 	{
            diffuseColor 0.9686274509803922 0.9686274509803922 0.9686274509803922
            specularColor 0.8509803921568627 0.8509803921568627 0.8509803921568627
            ambientIntensity 0.2
            transparency 0
            shininess 0.5
        }
    }
    geometry IndexedFaceSet {
        ccw TRUE
        solid FALSE
        coord DEF co Coordinate {
            point [
                1.0007 -0.2126 2.9921, 1.0389 -0.2694 2.9921, 1.5906 0.3773 2.9921, 1.6474 0.339 2.9921, 0.9562 0.0983 2.9921, 0.9453 0.0188 2.9921, 0.9815 0.1744 2.9921, 0.9492 -0.0613 2.9921, 0.9679 -0.1394 2.9921, 1.3592 0.4327 2.9921, 1.4393 0.4287 2.9921, 1.5173 0.41 2.9921, 1.2797 0.4218 2.9921, 1.2036 0.3964 2.9921, 1.1335 0.3575 2.9921, 1.0717 0.3062 2.9921, 1.0205 0.2445 2.9921, 1.4998 0.4545 2.9528, 1.4449 0.4677 2.9528, 1.4447 0.4663 2.9629, 1.2561 0.4552 2.9528, 1.1877 0.4325 2.9528, 1.1883 0.4312 2.9629, 1.1427 0.4074 2.9528, 1.1112 0.39 2.9528, 1.112 0.3888 2.9629, 0.9705 0.2353 2.9528, 0.9455 0.1902 2.9528, 0.9467 0.1897 2.9629, 0.907 0.0001 2.9528, 0.9103 -0.0669 2.9528, 0.9116 -0.0667 2.9629, 1.614 0.4088 2.9528, 1.6099 0.4116 2.9528, 1.6092 0.4104 2.9629, 1.0359 -0.2725 2.9919, 0.9918 -0.2176 2.9908, 1.0317 -0.2767 2.9905, 1.0294 -0.279 2.9898, 0.9835 -0.2223 2.9869, 1.0268 -0.2816 2.9882, 0.9764 -0.2263 2.9806, 1.0212 -0.2872 2.9832, 1.025 -0.2834 2.9866, 0.971 -0.2293 2.9724, 1.015 -0.2934 2.9732, 1.0191 -0.2893 2.9805, 0.9675 -0.2313 2.9629, 1.0136 -0.2947 2.9697, 1.0147 -0.2937 2.9724, 0.9664 -0.2319 2.9528, 0.9691 -0.236 2.9528, 1.0109 -0.2975 2.9528, 1.0111 -0.2973 2.957, 1.0115 -0.2968 2.9609, 1.012 -0.2964 2.9629, 1.6754 0.367 2.9528, 1.6746 0.3663 2.962, 1.6744 0.3661 2.9629, 1.6739 0.3655 2.9657, 1.6073 0.407 2.9724, 1.671 0.3626 2.974, 1.6694 0.361 2.9772, 1.6042 0.4015 2.9806, 1.6671 0.3587 2.9804, 1.6647 0.3563 2.9838, 1.6002 0.3944 2.9869, 1.6624 0.3541 2.986, 1.6564 0.3481 2.99, 1.5956 0.3862 2.9908, 1.6546 0.3463 2.9907, 1.6538 0.3454 2.9911, 0.9583 -0.1426 2.9908, 0.9392 -0.0628 2.9908, 0.9493 -0.1457 2.9869, 0.9298 -0.0641 2.9869, 0.9416 -0.1483 2.9806, 0.9217 -0.0653 2.9806, 0.9356 -0.1503 2.9724, 0.9155 -0.0662 2.9724, 0.9319 -0.1516 2.9629, 0.9463 0.1006 2.9908, 0.9722 0.1785 2.9908, 0.937 0.1027 2.9869, 0.9635 0.1823 2.9869, 0.9291 0.1046 2.9806, 0.9561 0.1856 2.9806, 0.923 0.106 2.9724, 0.9503 0.1881 2.9724, 0.9191 0.1069 2.9629, 1.3587 0.4428 2.9908, 1.4407 0.4388 2.9908, 1.3583 0.4523 2.9869, 1.4421 0.4482 2.9869, 1.358 0.4605 2.9806, 1.4432 0.4563 2.9806, 1.3577 0.4667 2.9724, 1.4441 0.4625 2.9724, 1.3575 0.4707 2.9629, 0.9306 -0.152 2.9528, 0.9234 -0.1218 2.9528, 0.906 0.0205 2.9528, 0.9073 0.0204 2.9629, 0.9112 0.0203 2.9724, 0.9175 0.02 2.9806, 0.9256 0.0196 2.9869, 0.9351 0.0192 2.9908, 0.9178 0.1072 2.9528, 0.9227 0.1219 2.9528, 0.988 0.2667 2.9528, 0.9891 0.266 2.9629, 0.9924 0.2637 2.9724, 0.9975 0.2602 2.9806, 1.0042 0.2556 2.9869, 1.0121 0.2502 2.9908, 1.0645 0.3134 2.9908, 1.0578 0.3201 2.9869, 1.052 0.3259 2.9806, 1.0476 0.3303 2.9724, 1.0448 0.3331 2.9629, 1.0439 0.3341 2.9528, 1.1277 0.3659 2.9908, 1.1223 0.3737 2.9869, 1.1177 0.3804 2.9806, 1.1142 0.3856 2.9724, 1.1995 0.4057 2.9908, 1.1957 0.4144 2.9869, 1.1924 0.4219 2.9806, 1.1899 0.4276 2.9724, 1.2708 0.4601 2.9528, 1.2711 0.4588 2.9629, 1.272 0.455 2.9724, 1.2734 0.4489 2.9806, 1.2752 0.4409 2.9869, 1.2774 0.4317 2.9908, 1.3575 0.472 2.9528, 1.3779 0.471 2.9528, 1.53 0.4473 2.9528, 1.5296 0.446 2.9629, 1.5283 0.4423 2.9724, 1.5263 0.4364 2.9806, 1.5236 0.4287 2.9869, 1.5206 0.4197 2.9908, -0.339 -0.2694 2.9921, 0.2694 0.339 2.9921, -0.3773 -0.2126 2.9921, 0.2126 0.3773 2.9921, 0.1394 0.41 2.9921, 0.0613 0.4287 2.9921, -0.0188 0.4327 2.9921, -0.4287 -0.0613 2.9921, -0.41 -0.1394 2.9921, -0.1744 0.3964 2.9921, -0.0983 0.4218 2.9921, -0.2445 0.3575 2.9921, -0.3062 0.3062 2.9921, -0.4218 0.0983 2.9921, -0.3575 0.2445 2.9921, -0.3964 0.1744 2.9921, -0.4327 0.0188 2.9921, 0.1218 0.4545 2.9528, 0.0669 0.4677 2.9528, 0.0667 0.4663 2.9629, -0.1219 0.4552 2.9528, -0.1902 0.4325 2.9528, -0.1897 0.4312 2.9629, -0.2353 0.4074 2.9528, -0.2667 0.39 2.9528, -0.266 0.3888 2.9629, -0.4074 0.2353 2.9528, -0.4325 0.1902 2.9528, -0.4312 0.1897 2.9629, -0.471 0.0001 2.9528, -0.4677 -0.0669 2.9528, -0.4663 -0.0667 2.9629, 0.236 0.4088 2.9528, 0.2319 0.4116 2.9528, 0.2313 0.4104 2.9629, -0.3421 -0.2725 2.9919, -0.3862 -0.2176 2.9908, -0.3463 -0.2767 2.9905, -0.3486 -0.279 2.9898, -0.3944 -0.2223 2.9869, -0.3512 -0.2816 2.9882, -0.4015 -0.2263 2.9806, -0.3568 -0.2872 2.9832, -0.353 -0.2834 2.9866, -0.407 -0.2293 2.9724, -0.363 -0.2934 2.9732, -0.3589 -0.2893 2.9805, -0.4104 -0.2313 2.9629, -0.3643 -0.2947 2.9697, -0.3633 -0.2937 2.9724, -0.4116 -0.2319 2.9528, -0.4088 -0.236 2.9528, -0.367 -0.2975 2.9528, -0.3669 -0.2973 2.957, -0.3664 -0.2968 2.9609, -0.366 -0.2964 2.9629, 0.2975 0.367 2.9528, 0.2967 0.3663 2.962, 0.2965 0.3661 2.9629, 0.2959 0.3655 2.9657, 0.2293 0.407 2.9724, 0.293 0.3626 2.974, 0.2914 0.361 2.9772, 0.2263 0.4015 2.9806, 0.2891 0.3587 2.9804, 0.2867 0.3563 2.9838, 0.2223 0.3944 2.9869, 0.2845 0.3541 2.986, 0.2785 0.3481 2.99, 0.2176 0.3862 2.9908, 0.2767 0.3463 2.9907, 0.2758 0.3454 2.9911, -0.4197 -0.1426 2.9908, -0.4388 -0.0628 2.9908, -0.4287 -0.1457 2.9869, -0.4482 -0.0641 2.9869, -0.4364 -0.1483 2.9806, -0.4563 -0.0653 2.9806, -0.4423 -0.1503 2.9724, -0.4625 -0.0662 2.9724, -0.446 -0.1516 2.9629, -0.4317 0.1006 2.9908, -0.4057 0.1785 2.9908, -0.4409 0.1027 2.9869, -0.4144 0.1823 2.9869, -0.4489 0.1046 2.9806, -0.4219 0.1856 2.9806, -0.455 0.106 2.9724, -0.4276 0.1881 2.9724, -0.4588 0.1069 2.9629, -0.0192 0.4428 2.9908, 0.0628 0.4388 2.9908, -0.0196 0.4523 2.9869, 0.0641 0.4482 2.9869, -0.02 0.4605 2.9806, 0.0653 0.4563 2.9806, -0.0203 0.4667 2.9724, 0.0662 0.4625 2.9724, -0.0204 0.4707 2.9629, -0.4473 -0.152 2.9528, -0.4545 -0.1218 2.9528, -0.472 0.0205 2.9528, -0.4707 0.0204 2.9629, -0.4667 0.0203 2.9724, -0.4605 0.02 2.9806, -0.4523 0.0196 2.9869, -0.4428 0.0192 2.9908, -0.4601 0.1072 2.9528, -0.4552 0.1219 2.9528, -0.39 0.2667 2.9528, -0.3888 0.266 2.9629, -0.3856 0.2637 2.9724, -0.3804 0.2602 2.9806, -0.3737 0.2556 2.9869, -0.3659 0.2502 2.9908, -0.3134 0.3134 2.9908, -0.3201 0.3201 2.9869, -0.3259 0.3259 2.9806, -0.3303 0.3303 2.9724, -0.3331 0.3331 2.9629, -0.3341 0.3341 2.9528, -0.2502 0.3659 2.9908, -0.2556 0.3737 2.9869, -0.2602 0.3804 2.9806, -0.2637 0.3856 2.9724, -0.1785 0.4057 2.9908, -0.1823 0.4144 2.9869, -0.1856 0.4219 2.9806, -0.1881 0.4276 2.9724, -0.1072 0.4601 2.9528, -0.1069 0.4588 2.9629, -0.106 0.455 2.9724, -0.1046 0.4489 2.9806, -0.1027 0.4409 2.9869, -0.1006 0.4317 2.9908, -0.0205 0.472 2.9528, -0.0001 0.471 2.9528, 0.152 0.4473 2.9528, 0.1516 0.446 2.9629, 0.1503 0.4423 2.9724, 0.1483 0.4364 2.9806, 0.1457 0.4287 2.9869, 0.1426 0.4197 2.9908, 0.1426 0.4197 2.9908
            ]
        }
        coordIndex [
            0,1,2,-1,2,1,3,-1,4,5,2,-1,4,2,6,-1,5,7,2,-1,2,7,8,-1,2,8,0,-1,9,2,10,-1,10,2,11,-1,9,12,2,-1,2,12,13,-1,2,13,14,-1,14,15,2,-1,2,15,16,-1,2,16,6,-1,17,18,19,-1,20,21,22,-1,23,24,25,-1,26,27,28,-1,29,30,31,-1,32,33,34,-1,1,0,35,-1,35,0,36,-1,35,36,37,-1,37,36,38,-1,38,36,39,-1,38,39,40,-1,41,42,39,-1,39,42,43,-1,39,43,40,-1,44,45,41,-1,41,45,46,-1,41,46,42,-1,47,48,44,-1,44,48,49,-1,44,49,45,-1,47,50,51,-1,52,53,51,-1,51,53,54,-1,51,54,47,-1,47,54,55,-1,47,55,48,-1,56,32,57,-1,57,32,34,-1,57,34,58,-1,58,34,59,-1,59,34,60,-1,59,60,61,-1,61,60,62,-1,62,60,63,-1,62,63,64,-1,64,63,65,-1,65,63,66,-1,65,66,67,-1,67,66,68,-1,68,66,69,-1,68,69,70,-1,70,69,71,-1,71,69,2,-1,71,2,3,-1,8,7,72,-1,72,7,73,-1,72,73,74,-1,74,73,75,-1,74,75,76,-1,76,75,77,-1,76,77,78,-1,78,77,79,-1,78,79,80,-1,80,79,31,-1,4,6,81,-1,81,6,82,-1,81,82,83,-1,83,82,84,-1,83,84,85,-1,85,84,86,-1,85,86,87,-1,87,86,88,-1,87,88,89,-1,89,88,28,-1,9,10,90,-1,90,10,91,-1,90,91,92,-1,92,91,93,-1,92,93,94,-1,94,93,95,-1,94,95,96,-1,96,95,97,-1,96,97,98,-1,98,97,19,-1,0,8,36,-1,36,8,72,-1,36,72,39,-1,39,72,74,-1,39,74,41,-1,41,74,76,-1,41,76,44,-1,44,76,78,-1,44,78,47,-1,47,78,80,-1,47,80,50,-1,50,80,99,-1,31,30,80,-1,80,30,100,-1,80,100,99,-1,101,29,102,-1,102,29,31,-1,102,31,103,-1,103,31,79,-1,103,79,104,-1,104,79,77,-1,104,77,105,-1,105,77,75,-1,105,75,106,-1,106,75,73,-1,106,73,5,-1,5,73,7,-1,5,4,106,-1,106,4,81,-1,106,81,105,-1,105,81,83,-1,105,83,104,-1,104,83,85,-1,104,85,103,-1,103,85,87,-1,103,87,102,-1,102,87,89,-1,102,89,101,-1,101,89,107,-1,28,27,89,-1,89,27,108,-1,89,108,107,-1,109,26,110,-1,110,26,28,-1,110,28,111,-1,111,28,88,-1,111,88,112,-1,112,88,86,-1,112,86,113,-1,113,86,84,-1,113,84,114,-1,114,84,82,-1,114,82,16,-1,16,82,6,-1,16,15,114,-1,114,15,115,-1,114,115,113,-1,113,115,116,-1,113,116,112,-1,112,116,117,-1,112,117,111,-1,111,117,118,-1,111,118,110,-1,110,118,119,-1,110,119,109,-1,109,119,120,-1,15,14,115,-1,115,14,121,-1,115,121,116,-1,116,121,122,-1,116,122,117,-1,117,122,123,-1,117,123,118,-1,118,123,124,-1,118,124,119,-1,119,124,25,-1,119,25,120,-1,120,25,24,-1,14,13,121,-1,121,13,125,-1,121,125,122,-1,122,125,126,-1,122,126,123,-1,123,126,127,-1,123,127,124,-1,124,127,128,-1,124,128,25,-1,25,128,22,-1,25,22,23,-1,23,22,21,-1,129,20,130,-1,130,20,22,-1,130,22,131,-1,131,22,128,-1,131,128,132,-1,132,128,127,-1,132,127,133,-1,133,127,126,-1,133,126,134,-1,134,126,125,-1,134,125,12,-1,12,125,13,-1,12,9,134,-1,134,9,90,-1,134,90,133,-1,133,90,92,-1,133,92,132,-1,132,92,94,-1,132,94,131,-1,131,94,96,-1,131,96,130,-1,130,96,98,-1,130,98,129,-1,129,98,135,-1,19,18,98,-1,98,18,136,-1,98,136,135,-1,137,17,138,-1,138,17,19,-1,138,19,139,-1,139,19,97,-1,139,97,140,-1,140,97,95,-1,140,95,141,-1,141,95,93,-1,141,93,142,-1,142,93,91,-1,142,91,11,-1,11,91,10,-1,11,2,142,-1,142,2,69,-1,142,69,141,-1,141,69,66,-1,141,66,140,-1,140,66,63,-1,140,63,139,-1,139,63,60,-1,139,60,138,-1,138,60,34,-1,138,34,137,-1,137,34,33,-1,143,144,145,-1,145,144,146,-1,146,147,145,-1,145,147,148,-1,145,148,149,-1,150,151,152,-1,152,151,145,-1,152,145,153,-1,153,145,149,-1,154,155,156,-1,156,155,157,-1,156,157,158,-1,154,156,152,-1,152,156,159,-1,152,159,150,-1,160,161,162,-1,163,164,165,-1,166,167,168,-1,169,170,171,-1,172,173,174,-1,175,176,177,-1,143,145,178,-1,178,145,179,-1,178,179,180,-1,180,179,181,-1,181,179,182,-1,181,182,183,-1,184,185,182,-1,182,185,186,-1,182,186,183,-1,187,188,184,-1,184,188,189,-1,184,189,185,-1,190,191,187,-1,187,191,192,-1,187,192,188,-1,190,193,194,-1,195,196,194,-1,194,196,197,-1,194,197,190,-1,190,197,198,-1,190,198,191,-1,199,175,200,-1,200,175,177,-1,200,177,201,-1,201,177,202,-1,202,177,203,-1,202,203,204,-1,204,203,205,-1,205,203,206,-1,205,206,207,-1,207,206,208,-1,208,206,209,-1,208,209,210,-1,210,209,211,-1,211,209,212,-1,211,212,213,-1,213,212,214,-1,214,212,146,-1,214,146,144,-1,151,150,215,-1,215,150,216,-1,215,216,217,-1,217,216,218,-1,217,218,219,-1,219,218,220,-1,219,220,221,-1,221,220,222,-1,221,222,223,-1,223,222,174,-1,156,158,224,-1,224,158,225,-1,224,225,226,-1,226,225,227,-1,226,227,228,-1,228,227,229,-1,228,229,230,-1,230,229,231,-1,230,231,232,-1,232,231,171,-1,149,148,233,-1,233,148,234,-1,233,234,235,-1,235,234,236,-1,235,236,237,-1,237,236,238,-1,237,238,239,-1,239,238,240,-1,239,240,241,-1,241,240,162,-1,145,151,179,-1,179,151,215,-1,179,215,182,-1,182,215,217,-1,182,217,184,-1,184,217,219,-1,184,219,187,-1,187,219,221,-1,187,221,190,-1,190,221,223,-1,190,223,193,-1,193,223,242,-1,174,173,223,-1,223,173,243,-1,223,243,242,-1,244,172,245,-1,245,172,174,-1,245,174,246,-1,246,174,222,-1,246,222,247,-1,247,222,220,-1,247,220,248,-1,248,220,218,-1,248,218,249,-1,249,218,216,-1,249,216,159,-1,159,216,150,-1,159,156,249,-1,249,156,224,-1,249,224,248,-1,248,224,226,-1,248,226,247,-1,247,226,228,-1,247,228,246,-1,246,228,230,-1,246,230,245,-1,245,230,232,-1,245,232,244,-1,244,232,250,-1,171,170,232,-1,232,170,251,-1,232,251,250,-1,252,169,253,-1,253,169,171,-1,253,171,254,-1,254,171,231,-1,254,231,255,-1,255,231,229,-1,255,229,256,-1,256,229,227,-1,256,227,257,-1,257,227,225,-1,257,225,157,-1,157,225,158,-1,157,155,257,-1,257,155,258,-1,257,258,256,-1,256,258,259,-1,256,259,255,-1,255,259,260,-1,255,260,254,-1,254,260,261,-1,254,261,253,-1,253,261,262,-1,253,262,252,-1,252,262,263,-1,155,154,258,-1,258,154,264,-1,258,264,259,-1,259,264,265,-1,259,265,260,-1,260,265,266,-1,260,266,261,-1,261,266,267,-1,261,267,262,-1,262,267,168,-1,262,168,263,-1,263,168,167,-1,154,152,264,-1,264,152,268,-1,264,268,265,-1,265,268,269,-1,265,269,266,-1,266,269,270,-1,266,270,267,-1,267,270,271,-1,267,271,168,-1,168,271,165,-1,168,165,166,-1,166,165,164,-1,272,163,273,-1,273,163,165,-1,273,165,274,-1,274,165,271,-1,274,271,275,-1,275,271,270,-1,275,270,276,-1,276,270,269,-1,276,269,277,-1,277,269,268,-1,277,268,153,-1,153,268,152,-1,153,149,277,-1,277,149,233,-1,277,233,276,-1,276,233,235,-1,276,235,275,-1,275,235,237,-1,275,237,274,-1,274,237,239,-1,274,239,273,-1,273,239,241,-1,273,241,272,-1,272,241,278,-1,162,161,241,-1,241,161,279,-1,241,279,278,-1,280,160,281,-1,281,160,162,-1,281,162,282,-1,282,162,240,-1,282,240,283,-1,283,240,238,-1,283,238,284,-1,284,238,236,-1,284,236,285,-1,285,236,234,-1,285,234,147,-1,147,234,148,-1,147,146,285,-1,285,146,212,-1,285,212,284,-1,284,212,209,-1,284,209,283,-1,283,209,206,-1,283,206,282,-1,282,206,203,-1,282,203,281,-1,281,203,177,-1,281,177,280,-1,280,177,176,-1,
        ]
    }
}
Shape{
    appearance Appearance {
        material  Material 	{
            diffuseColor 0.37254901960784315 1.0 0.7137254901960784
            specularColor 0.32941176470588235 0.8784313725490196 0.6274509803921569
            ambientIntensity 0.2
            transparency 0
            shininess 0.5
        }
    }
    geometry IndexedFaceSet {
        ccw TRUE
        solid FALSE
        coord DEF co Coordinate {
            point [
                1.8701 -0.6299 1.6929, 1.9685 -0.6126 1.6929, 1.9685 -1.2795 1.6929, 0.9449 -0.3543 1.6929, 0.7874 -1.2795 1.6929, 0.7874 0.2953 1.6929, 1.8701 -0.3937 1.6929, 1.811 -0.3543 1.6929, 1.811 0.2362 1.6929, 1.9685 -0.4111 1.6929, 1.9685 0.2953 1.6929, 0.9449 0.2362 1.6929, -0.5906 0.2953 1.6929, -0.4331 0.2362 1.6929, -0.4331 -0.3543 1.6929, 0.4331 0.2362 1.6929, 0.5906 0.2953 1.6929, 0.4331 -0.3543 1.6929, 0.5906 -1.2795 1.6929, -0.5906 -1.2795 1.6929, -0.5906 -1.2795 1.6929
            ]
        }
        coordIndex [
            0,1,2,-1,3,4,5,-1,2,4,0,-1,0,4,3,-1,0,3,6,-1,6,3,7,-1,6,7,8,-1,9,6,10,-1,10,6,8,-1,10,8,5,-1,5,8,11,-1,5,11,3,-1,12,13,14,-1,13,12,15,-1,15,12,16,-1,15,16,17,-1,17,16,18,-1,17,18,14,-1,14,18,19,-1,14,19,12,-1,
        ]
    }
}
Shape{
    appearance Appearance {
        material  Material 	{
            diffuseColor 0.9686274509803922 0.9686274509803922 0.9686274509803922
            specularColor 0.8509803921568627 0.8509803921568627 0.8509803921568627
            ambientIntensity 0.2
            transparency 0
            shininess 0.5
        }
    }
    geometry IndexedFaceSet {
        ccw TRUE
        solid FALSE
        coord DEF co Coordinate {
            point [
                -1.717 -0.2694 2.9921, -1.1085 0.339 2.9921, -1.1654 0.3773 2.9921, -1.8067 -0.0613 2.9921, -1.788 -0.1394 2.9921, -1.7552 -0.2126 2.9921, -1.2386 0.41 2.9921, -1.3166 0.4287 2.9921, -1.3967 0.4327 2.9921, -1.4762 0.4218 2.9921, -1.6842 0.3062 2.9921, -1.7354 0.2445 2.9921, -1.7744 0.1744 2.9921, -1.5523 0.3964 2.9921, -1.6224 0.3575 2.9921, -1.7997 0.0983 2.9921, -1.8106 0.0188 2.9921, -1.2561 0.4545 2.9528, -1.311 0.4677 2.9528, -1.3112 0.4663 2.9629, -1.4999 0.4552 2.9528, -1.5682 0.4325 2.9528, -1.5676 0.4312 2.9629, -1.6132 0.4074 2.9528, -1.6447 0.39 2.9528, -1.6439 0.3888 2.9629, -1.7854 0.2353 2.9528, -1.8104 0.1902 2.9528, -1.8092 0.1897 2.9629, -1.8489 0.0001 2.9528, -1.8456 -0.0669 2.9528, -1.8443 -0.0667 2.9629, -1.142 0.4088 2.9528, -1.146 0.4116 2.9528, -1.1467 0.4104 2.9629, -1.72 -0.2725 2.9919, -1.7641 -0.2176 2.9908, -1.7242 -0.2767 2.9905, -1.7265 -0.279 2.9898, -1.7724 -0.2223 2.9869, -1.7291 -0.2816 2.9882, -1.7795 -0.2263 2.9806, -1.7347 -0.2872 2.9832, -1.7309 -0.2834 2.9866, -1.785 -0.2293 2.9724, -1.7409 -0.2934 2.9732, -1.7369 -0.2893 2.9805, -1.7884 -0.2313 2.9629, -1.7423 -0.2947 2.9697, -1.7412 -0.2937 2.9724, -1.7895 -0.2319 2.9528, -1.7868 -0.236 2.9528, -1.745 -0.2975 2.9528, -1.7448 -0.2973 2.957, -1.7444 -0.2968 2.9609, -1.7439 -0.2964 2.9629, -1.0805 0.367 2.9528, -1.0813 0.3663 2.962, -1.0815 0.3661 2.9629, -1.082 0.3655 2.9657, -1.1486 0.407 2.9724, -1.0849 0.3626 2.974, -1.0865 0.361 2.9772, -1.1517 0.4015 2.9806, -1.0888 0.3587 2.9804, -1.0912 0.3563 2.9838, -1.1557 0.3944 2.9869, -1.0935 0.3541 2.986, -1.0995 0.3481 2.99, -1.1604 0.3862 2.9908, -1.1013 0.3463 2.9907, -1.1021 0.3454 2.9911, -1.7976 -0.1426 2.9908, -1.8167 -0.0628 2.9908, -1.8066 -0.1457 2.9869, -1.8261 -0.0641 2.9869, -1.8143 -0.1483 2.9806, -1.8342 -0.0653 2.9806, -1.8203 -0.1503 2.9724, -1.8404 -0.0662 2.9724, -1.824 -0.1516 2.9629, -1.8097 0.1006 2.9908, -1.7837 0.1785 2.9908, -1.8189 0.1027 2.9869, -1.7924 0.1823 2.9869, -1.8268 0.1046 2.9806, -1.7999 0.1856 2.9806, -1.8329 0.106 2.9724, -1.8056 0.1881 2.9724, -1.8368 0.1069 2.9629, -1.3972 0.4428 2.9908, -1.3152 0.4388 2.9908, -1.3976 0.4523 2.9869, -1.3138 0.4482 2.9869, -1.3979 0.4605 2.9806, -1.3127 0.4563 2.9806, -1.3982 0.4667 2.9724, -1.3118 0.4625 2.9724, -1.3984 0.4707 2.9629, -1.8253 -0.152 2.9528, -1.8325 -0.1218 2.9528, -1.8499 0.0205 2.9528, -1.8486 0.0204 2.9629, -1.8447 0.0203 2.9724, -1.8384 0.02 2.9806, -1.8303 0.0196 2.9869, -1.8208 0.0192 2.9908, -1.8381 0.1072 2.9528, -1.8332 0.1219 2.9528, -1.7679 0.2667 2.9528, -1.7668 0.266 2.9629, -1.7635 0.2637 2.9724, -1.7584 0.2602 2.9806, -1.7517 0.2556 2.9869, -1.7438 0.2502 2.9908, -1.6914 0.3134 2.9908, -1.6981 0.3201 2.9869, -1.7039 0.3259 2.9806, -1.7083 0.3303 2.9724, -1.7111 0.3331 2.9629, -1.712 0.3341 2.9528, -1.6282 0.3659 2.9908, -1.6336 0.3737 2.9869, -1.6382 0.3804 2.9806, -1.6417 0.3856 2.9724, -1.5564 0.4057 2.9908, -1.5602 0.4144 2.9869, -1.5635 0.4219 2.9806, -1.566 0.4276 2.9724, -1.4851 0.4601 2.9528, -1.4848 0.4588 2.9629, -1.4839 0.455 2.9724, -1.4825 0.4489 2.9806, -1.4807 0.4409 2.9869, -1.4785 0.4317 2.9908, -1.3984 0.472 2.9528, -1.378 0.471 2.9528, -1.2259 0.4473 2.9528, -1.2264 0.446 2.9629, -1.2276 0.4423 2.9724, -1.2296 0.4364 2.9806, -1.2323 0.4287 2.9869, -1.2353 0.4197 2.9908, -1.2353 0.4197 2.9908
            ]
        }
        coordIndex [
            0,1,2,-1,3,4,2,-1,2,4,5,-1,2,5,0,-1,6,7,2,-1,2,7,8,-1,2,8,9,-1,10,11,2,-1,2,11,12,-1,9,13,2,-1,2,13,14,-1,2,14,10,-1,12,15,2,-1,2,15,16,-1,2,16,3,-1,17,18,19,-1,20,21,22,-1,23,24,25,-1,26,27,28,-1,29,30,31,-1,32,33,34,-1,0,5,35,-1,35,5,36,-1,35,36,37,-1,37,36,38,-1,38,36,39,-1,38,39,40,-1,41,42,39,-1,39,42,43,-1,39,43,40,-1,44,45,41,-1,41,45,46,-1,41,46,42,-1,47,48,44,-1,44,48,49,-1,44,49,45,-1,47,50,51,-1,52,53,51,-1,51,53,54,-1,51,54,47,-1,47,54,55,-1,47,55,48,-1,56,32,57,-1,57,32,34,-1,57,34,58,-1,58,34,59,-1,59,34,60,-1,59,60,61,-1,61,60,62,-1,62,60,63,-1,62,63,64,-1,64,63,65,-1,65,63,66,-1,65,66,67,-1,67,66,68,-1,68,66,69,-1,68,69,70,-1,70,69,71,-1,71,69,2,-1,71,2,1,-1,4,3,72,-1,72,3,73,-1,72,73,74,-1,74,73,75,-1,74,75,76,-1,76,75,77,-1,76,77,78,-1,78,77,79,-1,78,79,80,-1,80,79,31,-1,15,12,81,-1,81,12,82,-1,81,82,83,-1,83,82,84,-1,83,84,85,-1,85,84,86,-1,85,86,87,-1,87,86,88,-1,87,88,89,-1,89,88,28,-1,8,7,90,-1,90,7,91,-1,90,91,92,-1,92,91,93,-1,92,93,94,-1,94,93,95,-1,94,95,96,-1,96,95,97,-1,96,97,98,-1,98,97,19,-1,5,4,36,-1,36,4,72,-1,36,72,39,-1,39,72,74,-1,39,74,41,-1,41,74,76,-1,41,76,44,-1,44,76,78,-1,44,78,47,-1,47,78,80,-1,47,80,50,-1,50,80,99,-1,31,30,80,-1,80,30,100,-1,80,100,99,-1,101,29,102,-1,102,29,31,-1,102,31,103,-1,103,31,79,-1,103,79,104,-1,104,79,77,-1,104,77,105,-1,105,77,75,-1,105,75,106,-1,106,75,73,-1,106,73,16,-1,16,73,3,-1,16,15,106,-1,106,15,81,-1,106,81,105,-1,105,81,83,-1,105,83,104,-1,104,83,85,-1,104,85,103,-1,103,85,87,-1,103,87,102,-1,102,87,89,-1,102,89,101,-1,101,89,107,-1,28,27,89,-1,89,27,108,-1,89,108,107,-1,109,26,110,-1,110,26,28,-1,110,28,111,-1,111,28,88,-1,111,88,112,-1,112,88,86,-1,112,86,113,-1,113,86,84,-1,113,84,114,-1,114,84,82,-1,114,82,11,-1,11,82,12,-1,11,10,114,-1,114,10,115,-1,114,115,113,-1,113,115,116,-1,113,116,112,-1,112,116,117,-1,112,117,111,-1,111,117,118,-1,111,118,110,-1,110,118,119,-1,110,119,109,-1,109,119,120,-1,10,14,115,-1,115,14,121,-1,115,121,116,-1,116,121,122,-1,116,122,117,-1,117,122,123,-1,117,123,118,-1,118,123,124,-1,118,124,119,-1,119,124,25,-1,119,25,120,-1,120,25,24,-1,14,13,121,-1,121,13,125,-1,121,125,122,-1,122,125,126,-1,122,126,123,-1,123,126,127,-1,123,127,124,-1,124,127,128,-1,124,128,25,-1,25,128,22,-1,25,22,23,-1,23,22,21,-1,129,20,130,-1,130,20,22,-1,130,22,131,-1,131,22,128,-1,131,128,132,-1,132,128,127,-1,132,127,133,-1,133,127,126,-1,133,126,134,-1,134,126,125,-1,134,125,9,-1,9,125,13,-1,9,8,134,-1,134,8,90,-1,134,90,133,-1,133,90,92,-1,133,92,132,-1,132,92,94,-1,132,94,131,-1,131,94,96,-1,131,96,130,-1,130,96,98,-1,130,98,129,-1,129,98,135,-1,19,18,98,-1,98,18,136,-1,98,136,135,-1,137,17,138,-1,138,17,19,-1,138,19,139,-1,139,19,97,-1,139,97,140,-1,140,97,95,-1,140,95,141,-1,141,95,93,-1,141,93,142,-1,142,93,91,-1,142,91,6,-1,6,91,7,-1,6,2,142,-1,142,2,69,-1,142,69,141,-1,141,69,66,-1,141,66,140,-1,140,66,63,-1,140,63,139,-1,139,63,60,-1,139,60,138,-1,138,60,34,-1,138,34,137,-1,137,34,33,-1,
        ]
    }
}
Shape{
    appearance Appearance {
        material  Material 	{
            diffuseColor 0.37254901960784315 1.0 0.7137254901960784
            specularColor 0.32941176470588235 0.8784313725490196 0.6274509803921569
            ambientIntensity 0.2
            transparency 0
            shininess 0.5
        }
    }
    geometry IndexedFaceSet {
        ccw TRUE
        solid FALSE
        coord DEF co Coordinate {
            point [
                2.0669 0.8708 1.7323, 2.0669 0.8708 0.0, 2.0669 1.2795 0.0, 2.0669 -0.5952 3.3071, 2.0669 -0.689 3.3071, 2.0669 -1.2795 1.7323, 2.0669 -0.5952 1.6535, 2.0669 -1.2795 0.0, 2.0669 -0.4284 1.6535, 2.0669 0.6721 0.0, 2.0669 0.704 0.0, 2.0669 -0.4284 3.3071, 2.0669 0.704 1.7323, 2.0669 0.689 3.3071, 2.0669 1.2795 1.7323, -2.0669 -0.4284 1.6535, -2.0669 -0.4284 3.3071, -2.0669 0.704 1.7323, -2.0669 0.689 3.3071, -2.0669 0.8708 1.7323, -2.0669 1.2795 1.7323, -2.0669 0.8708 0.0, -2.0669 1.2795 0.0, -2.0669 -0.689 3.3071, -2.0669 -0.5952 3.3071, -2.0669 -1.2795 1.7323, -2.0669 -0.5952 1.6535, -2.0669 -1.2795 0.0, -2.0669 0.6721 0.0, -2.0669 0.704 0.0, -1.9685 0.2953 1.6929, -1.811 0.2362 1.6929, -1.811 -0.3543 1.6929, -0.9449 0.2362 1.6929, -0.7874 0.2953 1.6929, -0.9449 -0.3543 1.6929, -0.7874 -1.2795 1.6929, -1.9685 -1.2795 1.6929, 0.1377 1.2795 0.0, -0.7874 -1.2795 0.1969, -1.1811 -1.2795 0.1969, -1.1811 -1.2795 0.0, -1.5748 -1.2795 0.0, -1.5748 -1.2795 0.1969, -1.9685 -1.2795 0.1969, 0.5906 -1.2795 0.1969, 0.1969 -1.2795 0.1969, 0.1969 -1.2795 0.0, -0.1969 -1.2795 0.0, -0.1969 -1.2795 0.1969, -0.5906 -1.2795 0.1969, 0.5906 -1.2795 1.6929, -0.5906 -1.2795 1.6929, 1.1811 -1.2795 0.0, 1.1811 -1.2795 0.1969, 0.7874 -1.2795 0.1969, 1.5748 -1.2795 0.1969, 1.5748 -1.2795 0.0, 1.9685 -1.2795 0.1969, 1.9685 -1.2795 1.6929, 0.7874 -1.2795 1.6929, 1.8701 -0.6299 3.3071, 0.8858 0.0 3.3071, 0.2461 0.4262 3.3071, 0.348 0.348 3.3071, 0.9026 0.1274 3.3071, 0.9518 0.2461 3.3071, 0.1274 0.4754 3.3071, 0.4921 -0.0 3.3071, 1.1319 -0.4262 3.3071, 1.03 -0.348 3.3071, 1.8701 -0.0 3.3071, 1.8533 -0.1274 3.3071, 1.8701 -0.3937 3.3071, 1.8041 -0.2461 3.3071, 1.7259 -0.348 3.3071, 1.624 -0.4262 3.3071, 0.4262 0.2461 3.3071, 0.4754 0.1274 3.3071, 0.9026 -0.1274 3.3071, 0.9518 -0.2461 3.3071, 1.2506 -0.4754 3.3071, 1.378 -0.4921 3.3071, 1.5053 -0.4754 3.3071, 0.4754 -0.1274 3.3071, 0.4262 -0.2461 3.3071, 0.348 -0.348 3.3071, 0.2461 -0.4262 3.3071, -0.2461 -0.4262 3.3071, -0.9518 -0.2461 3.3071, -0.1274 -0.4754 3.3071, -1.03 -0.348 3.3071, -1.1319 -0.4262 3.3071, -1.378 -0.4921 3.3071, -1.5053 -0.4754 3.3071, -1.2506 -0.4754 3.3071, -1.7259 -0.348 3.3071, -1.8041 -0.2461 3.3071, -1.8533 0.1274 3.3071, -1.8701 0.0 3.3071, -1.8533 -0.1274 3.3071, 1.8533 0.1274 3.3071, 1.8041 0.2461 3.3071, -0.0 -0.4921 3.3071, 0.1274 -0.4754 3.3071, -1.624 -0.4262 3.3071, -2.2638 -0.6299 3.3071, -2.2638 -0.3937 3.3071, -0.4262 -0.2461 3.3071, -0.9026 0.1274 3.3071, -0.348 -0.348 3.3071, -0.8858 0.0 3.3071, -0.9026 -0.1274 3.3071, -1.8041 0.2461 3.3071, -1.7259 0.348 3.3071, -1.624 0.4262 3.3071, -1.5053 0.4754 3.3071, -1.378 0.4921 3.3071, -1.2506 0.4754 3.3071, -1.1319 0.4262 3.3071, -0.4754 -0.1274 3.3071, -0.4921 0.0 3.3071, -0.9518 0.2461 3.3071, -0.4754 0.1274 3.3071, -1.03 0.348 3.3071, -0.4262 0.2461 3.3071, -0.348 0.348 3.3071, -0.2461 0.4262 3.3071, -0.1274 0.4754 3.3071, -0.0 0.4921 3.3071, 1.5053 0.4754 3.3071, 1.624 0.4262 3.3071, 1.7259 0.348 3.3071, 1.03 0.348 3.3071, 1.1319 0.4262 3.3071, 1.2506 0.4754 3.3071, 1.378 0.4921 3.3071, 0.3946 0.8701 0.0, 0.421 0.8701 0.0, 0.3946 0.6949 0.0, 0.421 0.6733 0.0, 0.3202 0.6949 0.0, 0.3202 0.6733 0.0, -0.7874 0.2953 0.1969, -1.1811 0.2953 0.1969, -1.1811 0.2953 0.0, -1.5748 0.2953 0.0, -1.5748 0.2953 0.1969, -1.9685 0.2953 0.1969, -1.9685 0.2953 0.1969
            ]
        }
        coordIndex [
            0,1,2,-1,3,4,5,-1,3,5,6,-1,6,5,7,-1,6,7,8,-1,7,9,8,-1,8,9,10,-1,8,10,11,-1,11,10,12,-1,11,12,13,-1,13,12,0,-1,13,0,14,-1,14,0,2,-1,15,16,17,-1,17,16,18,-1,17,18,19,-1,19,18,20,-1,19,20,21,-1,21,20,22,-1,23,24,25,-1,25,24,26,-1,25,26,27,-1,27,26,15,-1,27,15,28,-1,28,15,17,-1,28,17,29,-1,30,31,32,-1,31,30,33,-1,33,30,34,-1,33,34,35,-1,35,34,36,-1,35,36,32,-1,32,36,37,-1,32,37,30,-1,22,20,38,-1,38,20,14,-1,38,14,2,-1,39,40,41,-1,36,5,25,-1,42,43,27,-1,27,43,44,-1,27,44,25,-1,25,44,37,-1,25,37,36,-1,45,46,47,-1,48,49,50,-1,51,5,52,-1,52,5,36,-1,52,36,50,-1,50,36,39,-1,50,39,48,-1,48,39,41,-1,53,54,55,-1,56,57,58,-1,58,57,7,-1,58,7,59,-1,59,7,5,-1,59,5,60,-1,60,5,51,-1,60,51,55,-1,55,51,45,-1,55,45,53,-1,53,45,47,-1,23,4,61,-1,61,4,3,-1,62,63,64,-1,62,65,63,-1,63,65,66,-1,63,66,67,-1,68,69,70,-1,71,72,73,-1,73,72,74,-1,73,74,61,-1,61,74,75,-1,61,75,76,-1,64,77,62,-1,62,77,78,-1,62,78,79,-1,79,78,68,-1,79,68,80,-1,80,68,70,-1,81,23,82,-1,82,23,61,-1,82,61,83,-1,83,61,76,-1,68,84,69,-1,69,84,85,-1,69,85,81,-1,81,85,86,-1,81,86,87,-1,88,89,90,-1,90,89,91,-1,90,91,92,-1,93,94,23,-1,93,23,95,-1,96,97,16,-1,98,18,99,-1,99,18,16,-1,99,16,100,-1,100,16,97,-1,73,11,71,-1,71,11,13,-1,71,13,101,-1,101,13,102,-1,92,95,90,-1,90,95,23,-1,90,23,103,-1,103,23,81,-1,103,81,104,-1,104,81,87,-1,94,105,23,-1,23,105,96,-1,23,96,24,-1,24,96,16,-1,24,16,106,-1,106,16,107,-1,108,109,110,-1,110,109,111,-1,110,111,88,-1,88,111,112,-1,88,112,89,-1,98,113,18,-1,18,113,114,-1,18,114,115,-1,115,116,18,-1,18,116,117,-1,18,117,13,-1,13,117,118,-1,13,118,119,-1,108,120,109,-1,109,120,121,-1,109,121,122,-1,122,121,123,-1,122,123,124,-1,124,123,125,-1,124,125,126,-1,126,127,124,-1,124,127,128,-1,124,128,119,-1,119,128,129,-1,119,129,13,-1,130,131,13,-1,13,131,132,-1,13,132,102,-1,66,133,67,-1,67,133,134,-1,67,134,129,-1,129,134,135,-1,129,135,13,-1,13,135,136,-1,13,136,130,-1,137,138,139,-1,139,138,140,-1,139,140,141,-1,141,140,142,-1,18,13,20,-1,20,13,14,-1,25,5,23,-1,23,5,4,-1,34,143,36,-1,36,143,39,-1,143,144,39,-1,39,144,40,-1,144,145,40,-1,40,145,41,-1,146,147,42,-1,42,147,43,-1,147,148,43,-1,43,148,44,-1,148,30,44,-1,44,30,37,-1,30,148,34,-1,34,148,147,-1,143,34,144,-1,144,34,147,-1,144,147,145,-1,145,147,146,-1,
        ]
    }
}
Shape{
    appearance Appearance {
        material  Material 	{
            diffuseColor 0.9686274509803922 0.9686274509803922 0.9686274509803922
            specularColor 0.8509803921568627 0.8509803921568627 0.8509803921568627
            ambientIntensity 0.2
            transparency 0
            shininess 0.5
        }
    }
    geometry IndexedFaceSet {
        ccw TRUE
        solid FALSE
        coord DEF co Coordinate {
            point [
                -1.4697 -0.3543 0.4255, -1.811 -0.3543 0.315, -1.378 -0.3543 0.4134, -0.9449 -0.3543 0.315, -1.2862 -0.3543 0.4255, -1.5551 -0.3543 0.4609, -1.6285 -0.3543 0.5172, -1.6848 -0.3543 0.5906, -1.6848 -0.3543 0.9449, -1.6285 -0.3543 1.0183, -1.811 -0.3543 1.6929, -1.5551 -0.3543 1.0746, -1.2862 -0.3543 1.11, -0.9449 -0.3543 1.6929, -1.378 -0.3543 1.122, -1.4697 -0.3543 1.11, -1.2008 -0.3543 1.0746, -1.1274 -0.3543 1.0183, -1.0711 -0.3543 0.9449, -1.0357 -0.3543 0.8594, -1.0236 -0.3543 0.7677, -1.0357 -0.3543 0.676, -1.0711 -0.3543 0.5906, -1.1274 -0.3543 0.5172, -1.2008 -0.3543 0.4609, -1.7202 -0.3543 0.676, -1.7323 -0.3543 0.7677, -1.7202 -0.3543 0.8594, -0.9449 0.2362 1.6929, -1.378 0.2362 1.122, -1.811 0.2362 1.6929, -1.4697 0.2362 1.11, -1.5551 0.2362 0.4609, -1.811 0.2362 0.315, -1.6285 0.2362 0.5172, -1.6848 0.2362 0.5906, -1.5551 0.2362 1.0746, -1.6285 0.2362 1.0183, -1.6848 0.2362 0.9449, -1.4697 0.2362 0.4255, -1.378 0.2362 0.4134, -0.9449 0.2362 0.315, -1.2862 0.2362 0.4255, -1.0711 0.2362 0.9449, -1.1274 0.2362 1.0183, -1.2008 0.2362 0.4609, -1.1274 0.2362 0.5172, -1.0711 0.2362 0.5906, -1.0357 0.2362 0.676, -1.0236 0.2362 0.7677, -1.0357 0.2362 0.8594, -1.2008 0.2362 1.0746, -1.2862 0.2362 1.11, -1.7202 0.2362 0.8594, -1.7323 0.2362 0.7677, -1.7202 0.2362 0.676, -1.4567 0.0773 0.315, -1.4893 0.0523 0.315, -1.5143 0.0197 0.315, -1.2416 -0.1378 0.315, -1.2666 -0.1704 0.315, -1.2992 -0.1954 0.315, -1.2258 -0.0998 0.315, -1.2205 -0.0591 0.315, -1.2258 -0.0183 0.315, -1.2416 0.0197 0.315, -1.2666 0.0523 0.315, -1.2992 0.0773 0.315, -1.5301 -0.0183 0.315, -1.5354 -0.0591 0.315, -1.378 -0.2165 0.315, -1.3372 -0.2112 0.315, -1.3372 0.0931 0.315, -1.378 0.0984 0.315, -1.4187 0.0931 0.315, -1.5301 -0.0998 0.315, -1.5143 -0.1378 0.315, -1.4893 -0.1704 0.315, -1.4567 -0.1954 0.315, -1.4187 -0.2112 0.315, -1.2258 -0.0183 -1.3386, -1.2416 0.0197 -1.3386, -1.2666 0.0523 -1.3386, -1.2992 0.0773 -1.3386, -1.3372 0.0931 -1.3386, -1.378 0.0984 -1.3386, -1.4187 0.0931 -1.3386, -1.4567 0.0773 -1.3386, -1.4893 0.0523 -1.3386, -1.5143 0.0197 -1.3386, -1.5301 -0.0183 -1.3386, -1.5354 -0.0591 -1.3386, -1.5301 -0.0998 -1.3386, -1.5143 -0.1378 -1.3386, -1.4893 -0.1704 -1.3386, -1.4567 -0.1954 -1.3386, -1.4187 -0.2112 -1.3386, -1.378 -0.2165 -1.3386, -1.3372 -0.2112 -1.3386, -1.2992 -0.1954 -1.3386, -1.2666 -0.1704 -1.3386, -1.2416 -0.1378 -1.3386, -1.2258 -0.0998 -1.3386, -1.2205 -0.0591 -1.3386, -1.4802 -0.1181 -1.378, -1.492 -0.0896 -1.378, -1.378 -0.0591 -1.378, -1.4961 -0.0591 -1.378, -1.492 -0.0285 -1.378, -1.4085 -0.1731 -1.378, -1.437 -0.1613 -1.378, -1.4615 -0.1426 -1.378, -1.3189 -0.1613 -1.378, -1.3474 -0.1731 -1.378, -1.378 -0.1772 -1.378, -1.2639 -0.0896 -1.378, -1.2757 -0.1181 -1.378, -1.2944 -0.1426 -1.378, -1.2757 -0.0 -1.378, -1.2639 -0.0285 -1.378, -1.2598 -0.0591 -1.378, -1.3474 0.055 -1.378, -1.3189 0.0432 -1.378, -1.2944 0.0245 -1.378, -1.437 0.0432 -1.378, -1.4085 0.055 -1.378, -1.378 0.0591 -1.378, -1.4802 -0.0 -1.378, -1.4615 0.0245 -1.378, -1.5019 -0.0258 -1.3766, -1.4891 0.0051 -1.3766, -1.4687 0.0317 -1.3766, -1.4421 0.0521 -1.3766, -1.4112 0.0649 -1.3766, -1.378 0.0692 -1.3766, -1.3447 0.0649 -1.3766, -1.3138 0.0521 -1.3766, -1.2872 0.0317 -1.3766, -1.2668 0.0051 -1.3766, -1.254 -0.0258 -1.3766, -1.2497 -0.0591 -1.3766, -1.254 -0.0923 -1.3766, -1.2668 -0.1232 -1.3766, -1.2872 -0.1498 -1.3766, -1.3138 -0.1702 -1.3766, -1.3447 -0.183 -1.3766, -1.378 -0.1874 -1.3766, -1.4112 -0.183 -1.3766, -1.4421 -0.1702 -1.3766, -1.4687 -0.1498 -1.3766, -1.4891 -0.1232 -1.3766, -1.5019 -0.0923 -1.3766, -1.5063 -0.0591 -1.3766, -1.5111 -0.0234 -1.3727, -1.4973 0.0098 -1.3727, -1.4754 0.0384 -1.3727, -1.4469 0.0603 -1.3727, -1.4136 0.074 -1.3727, -1.378 0.0787 -1.3727, -1.3423 0.074 -1.3727, -1.3091 0.0603 -1.3727, -1.2805 0.0384 -1.3727, -1.2586 0.0098 -1.3727, -1.2449 -0.0234 -1.3727, -1.2402 -0.0591 -1.3727, -1.2449 -0.0947 -1.3727, -1.2586 -0.128 -1.3727, -1.2805 -0.1565 -1.3727, -1.3091 -0.1784 -1.3727, -1.3423 -0.1922 -1.3727, -1.378 -0.1969 -1.3727, -1.4136 -0.1922 -1.3727, -1.4469 -0.1784 -1.3727, -1.4754 -0.1565 -1.3727, -1.4973 -0.128 -1.3727, -1.5111 -0.0947 -1.3727, -1.5157 -0.0591 -1.3727, -1.5189 -0.0213 -1.3664, -1.5043 0.0139 -1.3664, -1.4812 0.0441 -1.3664, -1.4509 0.0673 -1.3664, -1.4157 0.0819 -1.3664, -1.378 0.0869 -1.3664, -1.3402 0.0819 -1.3664, -1.305 0.0673 -1.3664, -1.2748 0.0441 -1.3664, -1.2516 0.0139 -1.3664, -1.237 -0.0213 -1.3664, -1.232 -0.0591 -1.3664, -1.237 -0.0968 -1.3664, -1.2516 -0.132 -1.3664, -1.2748 -0.1623 -1.3664, -1.305 -0.1855 -1.3664, -1.3402 -0.2 -1.3664, -1.378 -0.205 -1.3664, -1.4157 -0.2 -1.3664, -1.4509 -0.1855 -1.3664, -1.4812 -0.1623 -1.3664, -1.5043 -0.132 -1.3664, -1.5189 -0.0968 -1.3664, -1.5239 -0.0591 -1.3664, -1.525 -0.0197 -1.3583, -1.5098 0.017 -1.3583, -1.4856 0.0486 -1.3583, -1.4541 0.0728 -1.3583, -1.4173 0.088 -1.3583, -1.378 0.0932 -1.3583, -1.3386 0.088 -1.3583, -1.3018 0.0728 -1.3583, -1.2703 0.0486 -1.3583, -1.2461 0.017 -1.3583, -1.2309 -0.0197 -1.3583, -1.2257 -0.0591 -1.3583, -1.2309 -0.0984 -1.3583, -1.2461 -0.1352 -1.3583, -1.2703 -0.1667 -1.3583, -1.3018 -0.1909 -1.3583, -1.3386 -0.2061 -1.3583, -1.378 -0.2113 -1.3583, -1.4173 -0.2061 -1.3583, -1.4541 -0.1909 -1.3583, -1.4856 -0.1667 -1.3583, -1.5098 -0.1352 -1.3583, -1.525 -0.0984 -1.3583, -1.5302 -0.0591 -1.3583, -1.5288 -0.0186 -1.3488, -1.5132 0.019 -1.3488, -1.4884 0.0514 -1.3488, -1.456 0.0762 -1.3488, -1.4184 0.0918 -1.3488, -1.378 0.0971 -1.3488, -1.3375 0.0918 -1.3488, -1.2999 0.0762 -1.3488, -1.2675 0.0514 -1.3488, -1.2427 0.019 -1.3488, -1.2271 -0.0186 -1.3488, -1.2218 -0.0591 -1.3488, -1.2271 -0.0995 -1.3488, -1.2427 -0.1371 -1.3488, -1.2675 -0.1695 -1.3488, -1.2999 -0.1943 -1.3488, -1.3375 -0.2099 -1.3488, -1.378 -0.2152 -1.3488, -1.4184 -0.2099 -1.3488, -1.456 -0.1943 -1.3488, -1.4884 -0.1695 -1.3488, -1.5132 -0.1371 -1.3488, -1.5288 -0.0995 -1.3488, -1.5341 -0.0591 -1.3488, -1.5341 -0.0591 -1.3488
            ]
        }
        coordIndex [
            0,1,2,-1,2,1,3,-1,2,3,4,-1,0,5,1,-1,1,5,6,-1,1,6,7,-1,8,9,10,-1,10,9,11,-1,12,13,14,-1,14,13,10,-1,14,10,15,-1,15,10,11,-1,12,16,13,-1,13,16,17,-1,13,17,18,-1,18,19,13,-1,13,19,20,-1,13,20,3,-1,3,20,21,-1,3,21,22,-1,22,23,3,-1,3,23,24,-1,3,24,4,-1,7,25,1,-1,1,25,26,-1,1,26,10,-1,10,26,27,-1,10,27,8,-1,28,29,30,-1,30,29,31,-1,32,33,34,-1,34,33,35,-1,31,36,30,-1,30,36,37,-1,30,37,38,-1,32,39,33,-1,33,39,40,-1,33,40,41,-1,41,40,42,-1,43,44,28,-1,42,45,41,-1,41,45,46,-1,41,46,47,-1,47,48,41,-1,41,48,49,-1,41,49,28,-1,28,49,50,-1,28,50,43,-1,44,51,28,-1,28,51,52,-1,28,52,29,-1,38,53,30,-1,30,53,54,-1,30,54,33,-1,33,54,55,-1,33,55,35,-1,13,3,28,-1,28,3,41,-1,1,10,33,-1,33,10,30,-1,56,57,33,-1,33,57,58,-1,59,3,60,-1,60,3,61,-1,59,62,3,-1,3,62,63,-1,3,63,41,-1,41,63,64,-1,64,65,41,-1,41,65,66,-1,41,66,67,-1,58,68,33,-1,33,68,69,-1,33,69,1,-1,1,70,3,-1,3,70,71,-1,3,71,61,-1,67,72,41,-1,41,72,73,-1,41,73,33,-1,33,73,74,-1,33,74,56,-1,69,75,1,-1,1,75,76,-1,1,76,77,-1,77,78,1,-1,1,78,79,-1,1,79,70,-1,14,29,12,-1,12,29,52,-1,12,52,16,-1,16,52,51,-1,16,51,17,-1,17,51,44,-1,17,44,18,-1,18,44,43,-1,18,43,19,-1,19,43,50,-1,19,50,20,-1,20,50,49,-1,20,49,21,-1,21,49,48,-1,21,48,22,-1,22,48,47,-1,22,47,23,-1,23,47,46,-1,23,46,24,-1,24,46,45,-1,24,45,4,-1,4,45,42,-1,4,42,2,-1,2,42,40,-1,2,40,0,-1,0,40,39,-1,0,39,5,-1,5,39,32,-1,5,32,6,-1,6,32,34,-1,6,34,7,-1,7,34,35,-1,7,35,25,-1,25,35,55,-1,25,55,26,-1,26,55,54,-1,26,54,27,-1,27,54,53,-1,27,53,8,-1,8,53,38,-1,8,38,9,-1,9,38,37,-1,9,37,11,-1,11,37,36,-1,11,36,15,-1,15,36,31,-1,15,31,14,-1,14,31,29,-1,63,80,64,-1,64,80,81,-1,64,81,65,-1,65,81,82,-1,65,82,66,-1,66,82,83,-1,66,83,67,-1,67,83,84,-1,67,84,72,-1,72,84,85,-1,72,85,73,-1,73,85,86,-1,73,86,74,-1,74,86,87,-1,74,87,56,-1,56,87,88,-1,56,88,57,-1,57,88,89,-1,57,89,58,-1,58,89,90,-1,58,90,68,-1,68,90,91,-1,68,91,69,-1,69,91,92,-1,69,92,75,-1,75,92,93,-1,75,93,76,-1,76,93,94,-1,76,94,77,-1,77,94,95,-1,77,95,78,-1,78,95,96,-1,78,96,79,-1,79,96,97,-1,79,97,70,-1,70,97,98,-1,70,98,71,-1,71,98,99,-1,71,99,61,-1,61,99,100,-1,61,100,60,-1,60,100,101,-1,60,101,59,-1,59,101,102,-1,59,102,62,-1,62,102,103,-1,62,103,63,-1,63,103,80,-1,104,105,106,-1,106,105,107,-1,106,107,108,-1,109,110,106,-1,106,110,111,-1,106,111,104,-1,112,113,106,-1,106,113,114,-1,106,114,109,-1,115,116,106,-1,106,116,117,-1,106,117,112,-1,118,119,106,-1,106,119,120,-1,106,120,115,-1,121,122,106,-1,106,122,123,-1,106,123,118,-1,124,125,106,-1,106,125,126,-1,106,126,121,-1,108,127,106,-1,106,127,128,-1,106,128,124,-1,107,129,108,-1,108,129,130,-1,108,130,127,-1,127,130,131,-1,127,131,128,-1,128,131,132,-1,128,132,124,-1,124,132,133,-1,124,133,125,-1,125,133,134,-1,125,134,126,-1,126,134,135,-1,126,135,121,-1,121,135,136,-1,121,136,122,-1,122,136,137,-1,122,137,123,-1,123,137,138,-1,123,138,118,-1,118,138,139,-1,118,139,119,-1,119,139,140,-1,119,140,120,-1,120,140,141,-1,120,141,115,-1,115,141,142,-1,115,142,116,-1,116,142,143,-1,116,143,117,-1,117,143,144,-1,117,144,112,-1,112,144,145,-1,112,145,113,-1,113,145,146,-1,113,146,114,-1,114,146,147,-1,114,147,109,-1,109,147,148,-1,109,148,110,-1,110,148,149,-1,110,149,111,-1,111,149,150,-1,111,150,104,-1,104,150,151,-1,104,151,105,-1,105,151,152,-1,105,152,107,-1,107,152,129,-1,152,153,129,-1,129,153,154,-1,129,154,130,-1,130,154,155,-1,130,155,131,-1,131,155,156,-1,131,156,132,-1,132,156,157,-1,132,157,133,-1,133,157,158,-1,133,158,134,-1,134,158,159,-1,134,159,135,-1,135,159,160,-1,135,160,136,-1,136,160,161,-1,136,161,137,-1,137,161,162,-1,137,162,138,-1,138,162,163,-1,138,163,139,-1,139,163,164,-1,139,164,140,-1,140,164,165,-1,140,165,141,-1,141,165,166,-1,141,166,142,-1,142,166,167,-1,142,167,143,-1,143,167,168,-1,143,168,144,-1,144,168,169,-1,144,169,145,-1,145,169,170,-1,145,170,146,-1,146,170,171,-1,146,171,147,-1,147,171,172,-1,147,172,148,-1,148,172,173,-1,148,173,149,-1,149,173,174,-1,149,174,150,-1,150,174,175,-1,150,175,151,-1,151,175,176,-1,151,176,152,-1,152,176,153,-1,176,177,153,-1,153,177,178,-1,153,178,154,-1,154,178,179,-1,154,179,155,-1,155,179,180,-1,155,180,156,-1,156,180,181,-1,156,181,157,-1,157,181,182,-1,157,182,158,-1,158,182,183,-1,158,183,159,-1,159,183,184,-1,159,184,160,-1,160,184,185,-1,160,185,161,-1,161,185,186,-1,161,186,162,-1,162,186,187,-1,162,187,163,-1,163,187,188,-1,163,188,164,-1,164,188,189,-1,164,189,165,-1,165,189,190,-1,165,190,166,-1,166,190,191,-1,166,191,167,-1,167,191,192,-1,167,192,168,-1,168,192,193,-1,168,193,169,-1,169,193,194,-1,169,194,170,-1,170,194,195,-1,170,195,171,-1,171,195,196,-1,171,196,172,-1,172,196,197,-1,172,197,173,-1,173,197,198,-1,173,198,174,-1,174,198,199,-1,174,199,175,-1,175,199,200,-1,175,200,176,-1,176,200,177,-1,200,201,177,-1,177,201,202,-1,177,202,178,-1,178,202,203,-1,178,203,179,-1,179,203,204,-1,179,204,180,-1,180,204,205,-1,180,205,181,-1,181,205,206,-1,181,206,182,-1,182,206,207,-1,182,207,183,-1,183,207,208,-1,183,208,184,-1,184,208,209,-1,184,209,185,-1,185,209,210,-1,185,210,186,-1,186,210,211,-1,186,211,187,-1,187,211,212,-1,187,212,188,-1,188,212,213,-1,188,213,189,-1,189,213,214,-1,189,214,190,-1,190,214,215,-1,190,215,191,-1,191,215,216,-1,191,216,192,-1,192,216,217,-1,192,217,193,-1,193,217,218,-1,193,218,194,-1,194,218,219,-1,194,219,195,-1,195,219,220,-1,195,220,196,-1,196,220,221,-1,196,221,197,-1,197,221,222,-1,197,222,198,-1,198,222,223,-1,198,223,199,-1,199,223,224,-1,199,224,200,-1,200,224,201,-1,224,225,201,-1,201,225,226,-1,201,226,202,-1,202,226,227,-1,202,227,203,-1,203,227,228,-1,203,228,204,-1,204,228,229,-1,204,229,205,-1,205,229,230,-1,205,230,206,-1,206,230,231,-1,206,231,207,-1,207,231,232,-1,207,232,208,-1,208,232,233,-1,208,233,209,-1,209,233,234,-1,209,234,210,-1,210,234,235,-1,210,235,211,-1,211,235,236,-1,211,236,212,-1,212,236,237,-1,212,237,213,-1,213,237,238,-1,213,238,214,-1,214,238,239,-1,214,239,215,-1,215,239,240,-1,215,240,216,-1,216,240,241,-1,216,241,217,-1,217,241,242,-1,217,242,218,-1,218,242,243,-1,218,243,219,-1,219,243,244,-1,219,244,220,-1,220,244,245,-1,220,245,221,-1,221,245,246,-1,221,246,222,-1,222,246,247,-1,222,247,223,-1,223,247,248,-1,223,248,224,-1,224,248,225,-1,248,90,225,-1,225,90,89,-1,225,89,226,-1,226,89,88,-1,226,88,227,-1,227,88,87,-1,227,87,228,-1,228,87,86,-1,228,86,229,-1,229,86,85,-1,229,85,230,-1,230,85,84,-1,230,84,231,-1,231,84,83,-1,231,83,232,-1,232,83,82,-1,232,82,233,-1,233,82,81,-1,233,81,234,-1,234,81,80,-1,234,80,235,-1,235,80,103,-1,235,103,236,-1,236,103,102,-1,236,102,237,-1,237,102,101,-1,237,101,238,-1,238,101,100,-1,238,100,239,-1,239,100,99,-1,239,99,240,-1,240,99,98,-1,240,98,241,-1,241,98,97,-1,241,97,242,-1,242,97,96,-1,242,96,243,-1,243,96,95,-1,243,95,244,-1,244,95,94,-1,244,94,245,-1,245,94,93,-1,245,93,246,-1,246,93,92,-1,246,92,247,-1,247,92,91,-1,247,91,248,-1,248,91,90,-1,
        ]
    }
}
Shape{
    appearance Appearance {
        material  Material 	{
            diffuseColor 0.37254901960784315 1.0 0.7137254901960784
            specularColor 0.32941176470588235 0.8784313725490196 0.6274509803921569
            ambientIntensity 0.2
            transparency 0
            shininess 0.5
        }
    }
    geometry IndexedFaceSet {
        ccw TRUE
        solid FALSE
        coord DEF co Coordinate {
            point [
                -2.2638 -0.3937 1.6535, -2.2638 -0.3937 3.3071, -2.0669 -0.4284 1.6535, -2.0669 -0.4284 3.3071, -2.2638 -0.6299 1.6535, -2.0669 -0.5952 1.6535, -2.2638 -0.6299 3.3071, -2.0669 -0.5952 3.3071, 2.2638 0.6693 1.7323, 2.2638 0.9055 1.7323, 2.0669 0.704 1.7323, 2.0669 0.8708 1.7323, 2.2638 0.6693 0.0, 2.2479 0.6721 0.0, 2.0669 0.704 0.0, 2.2638 0.9055 0.0, 2.0669 0.8708 0.0, 2.2638 0.6721 0.0, 1.9685 -0.6126 1.6535, 2.0669 -0.5952 1.6535, 1.9685 -0.4111 1.6535, 2.0669 -0.4284 1.6535, 1.9685 -0.6126 1.6929, 1.8701 -0.6299 1.6929, 1.8701 -0.6299 3.3071, 2.0669 -0.5952 3.3071, 1.9685 -0.4111 1.6929, 2.0669 -0.4284 3.3071, 1.8701 -0.3937 1.6929, 1.8701 -0.3937 3.3071, -1.8701 0.9055 1.7323, -1.8701 0.6693 1.7323, -2.0669 0.8708 1.7323, -2.0669 0.704 1.7323, -2.0669 0.704 0.0, -1.886 0.6721 0.0, -1.8701 0.6693 0.0, -1.8701 0.9055 0.0, -2.0669 0.8708 0.0, -1.8701 0.6721 0.0, -0.8858 -0.0 2.5197, -0.8858 0.0 3.3071, -0.9026 0.1274 2.5197, -0.9026 0.1274 3.3071, -0.9518 0.2461 2.5197, -0.9518 0.2461 3.3071, -1.03 0.348 2.5197, -1.03 0.348 3.3071, -1.1319 0.4262 2.5197, -1.1319 0.4262 3.3071, -1.2506 0.4754 2.5197, -1.2506 0.4754 3.3071, -1.378 0.4921 2.5197, -1.378 0.4921 3.3071, -1.5053 0.4754 2.5197, -1.5053 0.4754 3.3071, -1.624 0.4262 2.5197, -1.624 0.4262 3.3071, -1.7259 0.348 2.5197, -1.7259 0.348 3.3071, -1.8041 0.2461 2.5197, -1.8041 0.2461 3.3071, -1.8533 0.1274 2.5197, -1.8533 0.1274 3.3071, -1.8701 0.0 2.5197, -1.8701 0.0 3.3071, -1.8533 -0.1274 2.5197, -1.8533 -0.1274 3.3071, -1.8041 -0.2461 2.5197, -1.8041 -0.2461 3.3071, -1.7259 -0.348 2.5197, -1.7259 -0.348 3.3071, -1.624 -0.4262 2.5197, -1.624 -0.4262 3.3071, -1.5053 -0.4754 2.5197, -1.5053 -0.4754 3.3071, -1.378 -0.4921 2.5197, -1.378 -0.4921 3.3071, -1.2506 -0.4754 2.5197, -1.2506 -0.4754 3.3071, -1.1319 -0.4262 2.5197, -1.1319 -0.4262 3.3071, -1.03 -0.348 2.5197, -1.03 -0.348 3.3071, -0.9518 -0.2461 2.5197, -0.9518 -0.2461 3.3071, -0.9026 -0.1274 2.5197, -0.9026 -0.1274 3.3071, -1.0439 0.3341 2.5197, -1.1417 0.4091 2.5197, -1.2557 0.4563 2.5197, -1.378 0.4724 2.5197, -1.5002 0.4563 2.5197, -1.6142 0.4091 2.5197, -1.712 0.3341 2.5197, -1.7871 0.2362 2.5197, -1.8343 0.1223 2.5197, -1.8504 0.0 2.5197, -1.8343 -0.1223 2.5197, -1.7871 -0.2362 2.5197, -1.712 -0.3341 2.5197, -1.6142 -0.4091 2.5197, -1.5002 -0.4563 2.5197, -1.378 -0.4724 2.5197, -1.2557 -0.4563 2.5197, -1.1417 -0.4091 2.5197, -1.0439 -0.3341 2.5197, -0.9688 -0.2362 2.5197, -0.9216 -0.1223 2.5197, -0.9055 0.0 2.5197, -0.9216 0.1223 2.5197, -0.9688 0.2362 2.5197, -0.9688 0.2362 2.5197
            ]
        }
        coordIndex [
            0,1,2,-1,2,1,3,-1,4,0,5,-1,5,0,2,-1,6,4,7,-1,7,4,5,-1,0,4,1,-1,1,4,6,-1,8,9,10,-1,10,9,11,-1,12,8,13,-1,13,8,10,-1,13,10,14,-1,9,15,11,-1,11,15,16,-1,8,12,9,-1,9,12,17,-1,9,17,15,-1,18,19,20,-1,20,19,21,-1,19,18,22,-1,23,24,22,-1,22,24,25,-1,22,25,19,-1,20,21,26,-1,26,21,27,-1,26,27,28,-1,28,27,29,-1,28,29,23,-1,23,29,24,-1,30,31,32,-1,32,31,33,-1,34,33,35,-1,35,33,31,-1,35,31,36,-1,37,30,38,-1,38,30,32,-1,36,31,39,-1,39,31,30,-1,39,30,37,-1,40,41,42,-1,42,41,43,-1,42,43,44,-1,44,43,45,-1,44,45,46,-1,46,45,47,-1,46,47,48,-1,48,47,49,-1,48,49,50,-1,50,49,51,-1,50,51,52,-1,52,51,53,-1,52,53,54,-1,54,53,55,-1,54,55,56,-1,56,55,57,-1,56,57,58,-1,58,57,59,-1,58,59,60,-1,60,59,61,-1,60,61,62,-1,62,61,63,-1,62,63,64,-1,64,63,65,-1,64,65,66,-1,66,65,67,-1,66,67,68,-1,68,67,69,-1,68,69,70,-1,70,69,71,-1,70,71,72,-1,72,71,73,-1,72,73,74,-1,74,73,75,-1,74,75,76,-1,76,75,77,-1,76,77,78,-1,78,77,79,-1,78,79,80,-1,80,79,81,-1,80,81,82,-1,82,81,83,-1,82,83,84,-1,84,83,85,-1,84,85,86,-1,86,85,87,-1,86,87,40,-1,40,87,41,-1,88,46,89,-1,89,46,48,-1,89,48,90,-1,90,48,50,-1,90,50,91,-1,91,50,52,-1,91,52,92,-1,92,52,54,-1,92,54,93,-1,93,54,56,-1,93,56,94,-1,94,56,58,-1,94,58,95,-1,95,58,60,-1,95,60,96,-1,96,60,62,-1,96,62,97,-1,97,62,64,-1,97,64,98,-1,98,64,66,-1,98,66,99,-1,99,66,68,-1,99,68,100,-1,100,68,70,-1,100,70,101,-1,101,70,72,-1,101,72,102,-1,102,72,74,-1,102,74,103,-1,103,74,76,-1,103,76,104,-1,104,76,78,-1,104,78,105,-1,105,78,80,-1,105,80,106,-1,106,80,82,-1,106,82,107,-1,107,82,84,-1,107,84,108,-1,108,84,86,-1,108,86,109,-1,109,86,40,-1,109,40,110,-1,110,40,42,-1,110,42,111,-1,111,42,44,-1,111,44,88,-1,88,44,46,-1,
        ]
    }
}
Shape{
    appearance Appearance {
        material  Material 	{
            diffuseColor 0.9686274509803922 0.9686274509803922 0.9686274509803922
            specularColor 0.8509803921568627 0.8509803921568627 0.8509803921568627
            ambientIntensity 0.2
            transparency 0
            shininess 0.5
        }
    }
    geometry IndexedFaceSet {
        ccw TRUE
        solid FALSE
        coord DEF co Coordinate {
            point [
                -1.745 -0.2975 2.9528, -1.7868 -0.236 2.9528, -1.745 -0.2975 2.6772, -1.7871 -0.2362 2.5197, -1.712 -0.3341 2.6772, -1.712 -0.3341 2.5197, -1.6754 -0.367 2.6772, -1.6142 -0.4091 2.5197, -1.6754 -0.367 2.9528, -1.614 -0.4088 2.9528, -1.0109 0.2975 2.9528, -0.9691 0.236 2.9528, -1.0109 0.2975 2.6772, -0.9688 0.2362 2.5197, -1.0439 0.3341 2.6772, -1.0439 0.3341 2.5197, -1.0805 0.367 2.6772, -1.1417 0.4091 2.5197, -1.0805 0.367 2.9528, -1.8489 0.0001 2.9528, -1.8504 0.0 2.5197, -1.8456 -0.0669 2.9528, -1.8343 -0.1223 2.5197, -1.7895 -0.2319 2.9528, -1.8253 -0.152 2.9528, -1.8325 -0.1218 2.9528, -1.6099 -0.4116 2.9528, -1.5002 -0.4563 2.5197, -1.53 -0.4473 2.9528, -1.378 -0.4724 2.5197, -1.4449 -0.4677 2.9528, -1.4998 -0.4545 2.9528, -1.2561 -0.4552 2.9528, -1.2708 -0.4601 2.9528, -1.2557 -0.4563 2.5197, -1.3575 -0.472 2.9528, -1.3779 -0.471 2.9528, -1.1877 -0.4325 2.9528, -1.1417 -0.4091 2.5197, -1.1427 -0.4074 2.9528, -1.1112 -0.39 2.9528, -1.0439 -0.3341 2.5197, -1.0439 -0.3341 2.9528, -0.988 -0.2667 2.9528, -0.9688 -0.2362 2.5197, -0.9705 -0.2353 2.9528, -0.9455 -0.1902 2.9528, -0.9216 -0.1223 2.5197, -0.9227 -0.1219 2.9528, -0.9178 -0.1072 2.9528, -0.9055 0.0 2.5197, -0.906 -0.0205 2.9528, -0.9216 0.1223 2.5197, -0.9103 0.0669 2.9528, -0.907 -0.0001 2.9528, -0.9664 0.2319 2.9528, -0.9306 0.152 2.9528, -0.9234 0.1218 2.9528, -1.2561 0.4545 2.9528, -1.2259 0.4473 2.9528, -1.2557 0.4563 2.5197, -1.146 0.4116 2.9528, -1.142 0.4088 2.9528, -1.311 0.4677 2.9528, -1.378 0.4724 2.5197, -1.378 0.471 2.9528, -1.3984 0.472 2.9528, -1.5002 0.4563 2.5197, -1.4851 0.4601 2.9528, -1.6142 0.4091 2.5197, -1.5682 0.4325 2.9528, -1.4999 0.4552 2.9528, -1.712 0.3341 2.5197, -1.6447 0.39 2.9528, -1.6132 0.4074 2.9528, -1.7871 0.2362 2.5197, -1.7679 0.2667 2.9528, -1.712 0.3341 2.9528, -1.8343 0.1223 2.5197, -1.8104 0.1902 2.9528, -1.7854 0.2353 2.9528, -1.8499 0.0205 2.9528, -1.8381 0.1072 2.9528, -1.8332 0.1219 2.9528, -1.0389 0.2694 2.9921, -1.6474 -0.339 2.9921, -1.5906 -0.3773 2.9921, -0.9492 0.0613 2.9921, -0.9679 0.1394 2.9921, -1.0007 0.2126 2.9921, -1.2036 -0.3964 2.9921, -1.1335 -0.3575 2.9921, -1.5173 -0.41 2.9921, -1.0717 -0.3062 2.9921, -1.0205 -0.2445 2.9921, -0.9815 -0.1744 2.9921, -0.9562 -0.0983 2.9921, -0.9453 -0.0188 2.9921, -1.2797 -0.4218 2.9921, -1.4393 -0.4287 2.9921, -1.3592 -0.4327 2.9921, -1.4447 -0.4663 2.9629, -1.1883 -0.4312 2.9629, -1.112 -0.3888 2.9629, -0.9467 -0.1897 2.9629, -0.9116 0.0667 2.9629, -1.6092 -0.4104 2.9629, -1.6746 -0.3663 2.962, -1.6744 -0.3661 2.9629, -1.6739 -0.3655 2.9657, -1.6073 -0.407 2.9724, -1.671 -0.3626 2.974, -1.6694 -0.361 2.9772, -1.6042 -0.4015 2.9806, -1.6671 -0.3587 2.9804, -1.6647 -0.3563 2.9838, -1.6002 -0.3944 2.9869, -1.6624 -0.3541 2.986, -1.6564 -0.3481 2.99, -1.5956 -0.3862 2.9908, -1.6546 -0.3463 2.9907, -1.6538 -0.3454 2.9911, -1.0359 0.2725 2.9919, -0.9918 0.2176 2.9908, -1.0317 0.2767 2.9905, -1.0294 0.279 2.9898, -0.9835 0.2223 2.9869, -1.0268 0.2816 2.9882, -0.9764 0.2263 2.9806, -1.0212 0.2872 2.9832, -1.025 0.2834 2.9866, -0.971 0.2293 2.9724, -1.015 0.2934 2.9732, -1.0191 0.2893 2.9805, -0.9675 0.2313 2.9629, -1.0136 0.2947 2.9697, -1.0147 0.2937 2.9724, -1.0111 0.2973 2.957, -1.0115 0.2968 2.9609, -1.012 0.2964 2.9629, -0.9583 0.1426 2.9908, -0.9392 0.0628 2.9908, -0.9493 0.1457 2.9869, -0.9298 0.0641 2.9869, -0.9416 0.1483 2.9806, -0.9217 0.0653 2.9806, -0.9356 0.1503 2.9724, -0.9155 0.0662 2.9724, -0.9319 0.1516 2.9629, -0.9463 -0.1006 2.9908, -0.9722 -0.1785 2.9908, -0.937 -0.1027 2.9869, -0.9635 -0.1823 2.9869, -0.9291 -0.1046 2.9806, -0.9561 -0.1856 2.9806, -0.923 -0.106 2.9724, -0.9503 -0.1881 2.9724, -0.9191 -0.1069 2.9629, -1.3587 -0.4428 2.9908, -1.4407 -0.4388 2.9908, -1.3583 -0.4523 2.9869, -1.4421 -0.4482 2.9869, -1.358 -0.4605 2.9806, -1.4432 -0.4563 2.9806, -1.3577 -0.4667 2.9724, -1.4441 -0.4625 2.9724, -1.3575 -0.4707 2.9629, -0.9073 -0.0204 2.9629, -0.9112 -0.0203 2.9724, -0.9175 -0.02 2.9806, -0.9256 -0.0196 2.9869, -0.9351 -0.0192 2.9908, -0.9891 -0.266 2.9629, -0.9924 -0.2637 2.9724, -0.9975 -0.2602 2.9806, -1.0042 -0.2556 2.9869, -1.0121 -0.2502 2.9908, -1.0645 -0.3134 2.9908, -1.0578 -0.3201 2.9869, -1.052 -0.3259 2.9806, -1.0476 -0.3303 2.9724, -1.0448 -0.3331 2.9629, -1.1277 -0.3659 2.9908, -1.1223 -0.3737 2.9869, -1.1177 -0.3804 2.9806, -1.1142 -0.3856 2.9724, -1.1995 -0.4057 2.9908, -1.1957 -0.4144 2.9869, -1.1924 -0.4219 2.9806, -1.1899 -0.4276 2.9724, -1.2711 -0.4588 2.9629, -1.272 -0.455 2.9724, -1.2734 -0.4489 2.9806, -1.2752 -0.4409 2.9869, -1.2774 -0.4317 2.9908, -1.5296 -0.446 2.9629, -1.5283 -0.4423 2.9724, -1.5263 -0.4364 2.9806, -1.5236 -0.4287 2.9869, -1.5206 -0.4197 2.9908, -1.0813 0.3663 2.962, -1.0815 0.3661 2.9629, -1.7412 -0.2937 2.9724, -1.7423 -0.2947 2.9697, -1.7439 -0.2964 2.9629, -1.0995 0.3481 2.99, -1.1013 0.3463 2.9907, -1.7309 -0.2834 2.9866, -1.7347 -0.2872 2.9832, -1.7369 -0.2893 2.9805, -1.7444 -0.2968 2.9609, -1.7448 -0.2973 2.957, -1.0935 0.3541 2.986, -1.72 -0.2725 2.9919, -1.7242 -0.2767 2.9905, -1.7265 -0.279 2.9898, -1.7291 -0.2816 2.9882, -1.7409 -0.2934 2.9732, -1.0865 0.361 2.9772, -1.0888 0.3587 2.9804, -1.0849 0.3626 2.974, -1.082 0.3655 2.9657, -1.1021 0.3454 2.9911, -1.1085 0.339 2.9921, -1.717 -0.2694 2.9921, -1.0912 0.3563 2.9838, -1.0912 0.3563 2.9838
            ]
        }
        coordIndex [
            0,1,2,-1,2,1,3,-1,2,3,4,-1,4,3,5,-1,4,5,6,-1,6,5,7,-1,6,7,8,-1,8,7,9,-1,10,11,12,-1,12,11,13,-1,12,13,14,-1,14,13,15,-1,14,15,16,-1,16,15,17,-1,16,17,18,-1,19,20,21,-1,21,20,22,-1,1,23,3,-1,3,23,24,-1,3,24,22,-1,22,24,25,-1,22,25,21,-1,9,7,26,-1,26,7,27,-1,26,27,28,-1,29,30,27,-1,27,30,31,-1,27,31,28,-1,32,33,34,-1,34,33,35,-1,34,35,29,-1,29,35,36,-1,29,36,30,-1,32,34,37,-1,37,34,38,-1,37,38,39,-1,39,38,40,-1,40,38,41,-1,40,41,42,-1,42,41,43,-1,43,41,44,-1,43,44,45,-1,45,44,46,-1,46,44,47,-1,46,47,48,-1,48,47,49,-1,49,47,50,-1,49,50,51,-1,52,53,50,-1,50,53,54,-1,50,54,51,-1,11,55,13,-1,13,55,56,-1,13,56,52,-1,52,56,57,-1,52,57,53,-1,58,59,60,-1,60,59,61,-1,60,61,17,-1,17,61,62,-1,17,62,18,-1,58,60,63,-1,63,60,64,-1,63,64,65,-1,65,64,66,-1,66,64,67,-1,66,67,68,-1,69,70,67,-1,67,70,71,-1,67,71,68,-1,72,73,69,-1,69,73,74,-1,69,74,70,-1,75,76,72,-1,72,76,77,-1,72,77,73,-1,78,79,75,-1,75,79,80,-1,75,80,76,-1,19,81,20,-1,20,81,82,-1,20,82,78,-1,78,82,83,-1,78,83,79,-1,84,85,86,-1,87,88,86,-1,86,88,89,-1,86,89,84,-1,90,91,92,-1,92,91,86,-1,91,93,86,-1,86,93,94,-1,86,94,95,-1,95,96,86,-1,86,96,97,-1,86,97,87,-1,90,92,98,-1,98,92,99,-1,98,99,100,-1,31,30,101,-1,32,37,102,-1,39,40,103,-1,45,46,104,-1,54,53,105,-1,9,26,106,-1,8,9,107,-1,107,9,106,-1,107,106,108,-1,108,106,109,-1,109,106,110,-1,109,110,111,-1,111,110,112,-1,112,110,113,-1,112,113,114,-1,114,113,115,-1,115,113,116,-1,115,116,117,-1,117,116,118,-1,118,116,119,-1,118,119,120,-1,120,119,121,-1,121,119,86,-1,121,86,85,-1,84,89,122,-1,122,89,123,-1,122,123,124,-1,124,123,125,-1,125,123,126,-1,125,126,127,-1,128,129,126,-1,126,129,130,-1,126,130,127,-1,131,132,128,-1,128,132,133,-1,128,133,129,-1,134,135,131,-1,131,135,136,-1,131,136,132,-1,134,55,11,-1,10,137,11,-1,11,137,138,-1,11,138,134,-1,134,138,139,-1,134,139,135,-1,88,87,140,-1,140,87,141,-1,140,141,142,-1,142,141,143,-1,142,143,144,-1,144,143,145,-1,144,145,146,-1,146,145,147,-1,146,147,148,-1,148,147,105,-1,96,95,149,-1,149,95,150,-1,149,150,151,-1,151,150,152,-1,151,152,153,-1,153,152,154,-1,153,154,155,-1,155,154,156,-1,155,156,157,-1,157,156,104,-1,100,99,158,-1,158,99,159,-1,158,159,160,-1,160,159,161,-1,160,161,162,-1,162,161,163,-1,162,163,164,-1,164,163,165,-1,164,165,166,-1,166,165,101,-1,89,88,123,-1,123,88,140,-1,123,140,126,-1,126,140,142,-1,126,142,128,-1,128,142,144,-1,128,144,131,-1,131,144,146,-1,131,146,134,-1,134,146,148,-1,134,148,55,-1,55,148,56,-1,105,53,148,-1,148,53,57,-1,148,57,56,-1,51,54,167,-1,167,54,105,-1,167,105,168,-1,168,105,147,-1,168,147,169,-1,169,147,145,-1,169,145,170,-1,170,145,143,-1,170,143,171,-1,171,143,141,-1,171,141,97,-1,97,141,87,-1,97,96,171,-1,171,96,149,-1,171,149,170,-1,170,149,151,-1,170,151,169,-1,169,151,153,-1,169,153,168,-1,168,153,155,-1,168,155,167,-1,167,155,157,-1,167,157,51,-1,51,157,49,-1,104,46,157,-1,157,46,48,-1,157,48,49,-1,43,45,172,-1,172,45,104,-1,172,104,173,-1,173,104,156,-1,173,156,174,-1,174,156,154,-1,174,154,175,-1,175,154,152,-1,175,152,176,-1,176,152,150,-1,176,150,94,-1,94,150,95,-1,94,93,176,-1,176,93,177,-1,176,177,175,-1,175,177,178,-1,175,178,174,-1,174,178,179,-1,174,179,173,-1,173,179,180,-1,173,180,172,-1,172,180,181,-1,172,181,43,-1,43,181,42,-1,93,91,177,-1,177,91,182,-1,177,182,178,-1,178,182,183,-1,178,183,179,-1,179,183,184,-1,179,184,180,-1,180,184,185,-1,180,185,181,-1,181,185,103,-1,181,103,42,-1,42,103,40,-1,91,90,182,-1,182,90,186,-1,182,186,183,-1,183,186,187,-1,183,187,184,-1,184,187,188,-1,184,188,185,-1,185,188,189,-1,185,189,103,-1,103,189,102,-1,103,102,39,-1,39,102,37,-1,33,32,190,-1,190,32,102,-1,190,102,191,-1,191,102,189,-1,191,189,192,-1,192,189,188,-1,192,188,193,-1,193,188,187,-1,193,187,194,-1,194,187,186,-1,194,186,98,-1,98,186,90,-1,98,100,194,-1,194,100,158,-1,194,158,193,-1,193,158,160,-1,193,160,192,-1,192,160,162,-1,192,162,191,-1,191,162,164,-1,191,164,190,-1,190,164,166,-1,190,166,33,-1,33,166,35,-1,101,30,166,-1,166,30,36,-1,166,36,35,-1,28,31,195,-1,195,31,101,-1,195,101,196,-1,196,101,165,-1,196,165,197,-1,197,165,163,-1,197,163,198,-1,198,163,161,-1,198,161,199,-1,199,161,159,-1,199,159,92,-1,92,159,99,-1,92,86,199,-1,199,86,119,-1,199,119,198,-1,198,119,116,-1,198,116,197,-1,197,116,113,-1,197,113,196,-1,196,113,110,-1,196,110,195,-1,195,110,106,-1,195,106,28,-1,28,106,26,-1,16,2,14,-1,14,2,4,-1,14,4,12,-1,12,4,6,-1,0,2,16,-1,200,201,202,-1,203,204,16,-1,203,16,202,-1,202,16,18,-1,202,18,200,-1,205,206,201,-1,207,208,209,-1,204,210,16,-1,16,210,211,-1,16,211,0,-1,205,201,212,-1,213,214,202,-1,202,214,215,-1,215,216,202,-1,202,216,207,-1,202,207,217,-1,217,207,209,-1,218,219,220,-1,220,219,221,-1,206,222,201,-1,201,222,223,-1,201,223,202,-1,202,223,224,-1,202,224,213,-1,221,219,201,-1,201,219,225,-1,201,225,212,-1,10,12,6,-1,107,108,136,-1,135,139,6,-1,118,120,108,-1,135,6,136,-1,136,6,8,-1,136,8,107,-1,118,108,117,-1,139,138,6,-1,6,138,137,-1,6,137,10,-1,112,114,111,-1,111,114,109,-1,130,129,133,-1,109,114,108,-1,108,114,115,-1,108,115,117,-1,84,136,85,-1,85,136,108,-1,85,108,121,-1,121,108,120,-1,84,122,136,-1,136,122,124,-1,136,124,125,-1,125,127,136,-1,136,127,130,-1,136,130,132,-1,132,130,133,-1,
        ]
    }
}
Shape{
    appearance Appearance {
        material  Material 	{
            diffuseColor 0.37254901960784315 1.0 0.7137254901960784
            specularColor 0.32941176470588235 0.8784313725490196 0.6274509803921569
            ambientIntensity 0.2
            transparency 0
            shininess 0.5
        }
    }
    geometry IndexedFaceSet {
        ccw TRUE
        solid FALSE
        coord DEF co Coordinate {
            point [
                0.5906 0.2953 1.6929, 0.5906 0.2953 0.1969, 0.5906 -1.2795 1.6929, 0.5906 -1.2795 0.1969, 0.1969 0.2953 0.1969, 0.1969 -1.2795 0.1969, 0.1969 0.2953 0.0, 0.1969 -1.2795 0.0, -0.1969 0.2953 0.0, -0.1969 0.2953 0.1969, -0.1969 -1.2795 0.0, -0.1969 -1.2795 0.1969, -0.5906 0.2953 0.1969, -0.5906 -1.2795 0.1969, -0.5906 0.2953 1.6929, -0.5906 -1.2795 1.6929, 0.1377 0.2953 0.0, 1.9685 -0.4111 1.6929, 1.9685 0.2953 1.6929, 1.9685 -0.4111 1.6535, 1.9685 0.2953 0.1969, 1.9685 -0.6126 1.6535, 1.9685 -1.2795 0.1969, 1.9685 -0.6126 1.6929, 1.9685 -1.2795 1.6929, 1.5748 0.2953 0.1969, 1.5748 -1.2795 0.1969, 1.5748 0.2953 0.0, 1.5748 -1.2795 0.0, 1.1811 0.2953 0.0, 1.1811 0.2953 0.1969, 1.1811 -1.2795 0.0, 1.1811 -1.2795 0.1969, 0.7874 0.2953 0.1969, 0.7874 -1.2795 0.1969, 0.7874 0.2953 1.6929, 0.7874 -1.2795 1.6929, 0.4921 -0.0 2.5197, 0.4921 -0.0 3.3071, 0.4754 0.1274 2.5197, 0.4754 0.1274 3.3071, 0.4262 0.2461 2.5197, 0.4262 0.2461 3.3071, 0.348 0.348 2.5197, 0.348 0.348 3.3071, 0.2461 0.4262 2.5197, 0.2461 0.4262 3.3071, 0.1274 0.4754 2.5197, 0.1274 0.4754 3.3071, -0.0 0.4921 2.5197, -0.0 0.4921 3.3071, -0.1274 0.4754 2.5197, -0.1274 0.4754 3.3071, -0.2461 0.4262 2.5197, -0.2461 0.4262 3.3071, -0.348 0.348 2.5197, -0.348 0.348 3.3071, -0.4262 0.2461 2.5197, -0.4262 0.2461 3.3071, -0.4754 0.1274 2.5197, -0.4754 0.1274 3.3071, -0.4921 0.0 2.5197, -0.4921 0.0 3.3071, -0.4754 -0.1274 2.5197, -0.4754 -0.1274 3.3071, -0.4262 -0.2461 2.5197, -0.4262 -0.2461 3.3071, -0.348 -0.348 2.5197, -0.348 -0.348 3.3071, -0.2461 -0.4262 2.5197, -0.2461 -0.4262 3.3071, -0.1274 -0.4754 2.5197, -0.1274 -0.4754 3.3071, -0.0 -0.4921 2.5197, -0.0 -0.4921 3.3071, 0.1274 -0.4754 2.5197, 0.1274 -0.4754 3.3071, 0.2461 -0.4262 2.5197, 0.2461 -0.4262 3.3071, 0.348 -0.348 2.5197, 0.348 -0.348 3.3071, 0.4262 -0.2461 2.5197, 0.4262 -0.2461 3.3071, 0.4754 -0.1274 2.5197, 0.4754 -0.1274 3.3071, 0.3341 0.3341 2.5197, 0.2362 0.4091 2.5197, 0.1223 0.4563 2.5197, -0.0 0.4724 2.5197, -0.1223 0.4563 2.5197, -0.2362 0.4091 2.5197, -0.3341 0.3341 2.5197, -0.4091 0.2362 2.5197, -0.4563 0.1223 2.5197, -0.4724 -0.0 2.5197, -0.4563 -0.1223 2.5197, -0.4091 -0.2362 2.5197, -0.3341 -0.3341 2.5197, -0.2362 -0.4091 2.5197, -0.1223 -0.4563 2.5197, -0.0 -0.4724 2.5197, 0.1223 -0.4563 2.5197, 0.2362 -0.4091 2.5197, 0.3341 -0.3341 2.5197, 0.4091 -0.2362 2.5197, 0.4563 -0.1223 2.5197, 0.4724 0.0 2.5197, 0.4563 0.1223 2.5197, 0.4091 0.2362 2.5197, 1.8701 -0.0 2.5197, 1.8701 -0.0 3.3071, 1.8533 0.1274 2.5197, 1.8533 0.1274 3.3071, 1.8041 0.2461 2.5197, 1.8041 0.2461 3.3071, 1.7259 0.348 2.5197, 1.7259 0.348 3.3071, 1.624 0.4262 2.5197, 1.624 0.4262 3.3071, 1.5053 0.4754 2.5197, 1.5053 0.4754 3.3071, 1.378 0.4921 2.5197, 1.378 0.4921 3.3071, 1.2506 0.4754 2.5197, 1.2506 0.4754 3.3071, 1.1319 0.4262 2.5197, 1.1319 0.4262 3.3071, 1.03 0.348 2.5197, 1.03 0.348 3.3071, 0.9518 0.2461 2.5197, 0.9518 0.2461 3.3071, 0.9026 0.1274 2.5197, 0.9026 0.1274 3.3071, 0.8858 0.0 2.5197, 0.8858 0.0 3.3071, 0.9026 -0.1274 2.5197, 0.9026 -0.1274 3.3071, 0.9518 -0.2461 2.5197, 0.9518 -0.2461 3.3071, 1.03 -0.348 2.5197, 1.03 -0.348 3.3071, 1.1319 -0.4262 2.5197, 1.1319 -0.4262 3.3071, 1.2506 -0.4754 2.5197, 1.2506 -0.4754 3.3071, 1.378 -0.4921 2.5197, 1.378 -0.4921 3.3071, 1.5053 -0.4754 2.5197, 1.5053 -0.4754 3.3071, 1.624 -0.4262 2.5197, 1.624 -0.4262 3.3071, 1.7259 -0.348 2.5197, 1.7259 -0.348 3.3071, 1.8041 -0.2461 2.5197, 1.8041 -0.2461 3.3071, 1.8533 -0.1274 2.5197, 1.8533 -0.1274 3.3071, 1.5002 0.4563 2.5197, 1.378 0.4724 2.5197, 1.2557 0.4563 2.5197, 1.1417 0.4091 2.5197, 1.0439 0.3341 2.5197, 0.9688 0.2362 2.5197, 0.9216 0.1223 2.5197, 0.9055 -0.0 2.5197, 0.9216 -0.1223 2.5197, 0.9688 -0.2362 2.5197, 1.0439 -0.3341 2.5197, 1.1417 -0.4091 2.5197, 1.2557 -0.4563 2.5197, 1.378 -0.4724 2.5197, 1.5002 -0.4563 2.5197, 1.6142 -0.4091 2.5197, 1.712 -0.3341 2.5197, 1.7871 -0.2362 2.5197, 1.8343 -0.1223 2.5197, 1.8504 0.0 2.5197, 1.8343 0.1223 2.5197, 1.7871 0.2362 2.5197, 1.712 0.3341 2.5197, 1.6142 0.4091 2.5197, 1.6142 0.4091 2.5197
            ]
        }
        coordIndex [
            0,1,2,-1,2,1,3,-1,1,4,3,-1,3,4,5,-1,4,6,5,-1,5,6,7,-1,8,9,10,-1,10,9,11,-1,9,12,11,-1,11,12,13,-1,12,14,13,-1,13,14,15,-1,4,1,0,-1,9,8,16,-1,14,12,0,-1,0,12,9,-1,0,9,4,-1,4,9,16,-1,4,16,6,-1,17,18,19,-1,19,18,20,-1,19,20,21,-1,21,20,22,-1,21,22,23,-1,23,22,24,-1,20,25,22,-1,22,25,26,-1,25,27,26,-1,26,27,28,-1,29,30,31,-1,31,30,32,-1,30,33,32,-1,32,33,34,-1,33,35,34,-1,34,35,36,-1,35,33,18,-1,18,33,30,-1,20,18,25,-1,25,18,30,-1,25,30,27,-1,27,30,29,-1,37,38,39,-1,39,38,40,-1,39,40,41,-1,41,40,42,-1,41,42,43,-1,43,42,44,-1,43,44,45,-1,45,44,46,-1,45,46,47,-1,47,46,48,-1,47,48,49,-1,49,48,50,-1,49,50,51,-1,51,50,52,-1,51,52,53,-1,53,52,54,-1,53,54,55,-1,55,54,56,-1,55,56,57,-1,57,56,58,-1,57,58,59,-1,59,58,60,-1,59,60,61,-1,61,60,62,-1,61,62,63,-1,63,62,64,-1,63,64,65,-1,65,64,66,-1,65,66,67,-1,67,66,68,-1,67,68,69,-1,69,68,70,-1,69,70,71,-1,71,70,72,-1,71,72,73,-1,73,72,74,-1,73,74,75,-1,75,74,76,-1,75,76,77,-1,77,76,78,-1,77,78,79,-1,79,78,80,-1,79,80,81,-1,81,80,82,-1,81,82,83,-1,83,82,84,-1,83,84,37,-1,37,84,38,-1,85,43,86,-1,86,43,45,-1,86,45,87,-1,87,45,47,-1,87,47,88,-1,88,47,49,-1,88,49,89,-1,89,49,51,-1,89,51,90,-1,90,51,53,-1,90,53,91,-1,91,53,55,-1,91,55,92,-1,92,55,57,-1,92,57,93,-1,93,57,59,-1,93,59,94,-1,94,59,61,-1,94,61,95,-1,95,61,63,-1,95,63,96,-1,96,63,65,-1,96,65,97,-1,97,65,67,-1,97,67,98,-1,98,67,69,-1,98,69,99,-1,99,69,71,-1,99,71,100,-1,100,71,73,-1,100,73,101,-1,101,73,75,-1,101,75,102,-1,102,75,77,-1,102,77,103,-1,103,77,79,-1,103,79,104,-1,104,79,81,-1,104,81,105,-1,105,81,83,-1,105,83,106,-1,106,83,37,-1,106,37,107,-1,107,37,39,-1,107,39,108,-1,108,39,41,-1,108,41,85,-1,85,41,43,-1,109,110,111,-1,111,110,112,-1,111,112,113,-1,113,112,114,-1,113,114,115,-1,115,114,116,-1,115,116,117,-1,117,116,118,-1,117,118,119,-1,119,118,120,-1,119,120,121,-1,121,120,122,-1,121,122,123,-1,123,122,124,-1,123,124,125,-1,125,124,126,-1,125,126,127,-1,127,126,128,-1,127,128,129,-1,129,128,130,-1,129,130,131,-1,131,130,132,-1,131,132,133,-1,133,132,134,-1,133,134,135,-1,135,134,136,-1,135,136,137,-1,137,136,138,-1,137,138,139,-1,139,138,140,-1,139,140,141,-1,141,140,142,-1,141,142,143,-1,143,142,144,-1,143,144,145,-1,145,144,146,-1,145,146,147,-1,147,146,148,-1,147,148,149,-1,149,148,150,-1,149,150,151,-1,151,150,152,-1,151,152,153,-1,153,152,154,-1,153,154,155,-1,155,154,156,-1,155,156,109,-1,109,156,110,-1,157,119,158,-1,158,119,121,-1,158,121,159,-1,159,121,123,-1,159,123,160,-1,160,123,125,-1,160,125,161,-1,161,125,127,-1,161,127,162,-1,162,127,129,-1,162,129,163,-1,163,129,131,-1,163,131,164,-1,164,131,133,-1,164,133,165,-1,165,133,135,-1,165,135,166,-1,166,135,137,-1,166,137,167,-1,167,137,139,-1,167,139,168,-1,168,139,141,-1,168,141,169,-1,169,141,143,-1,169,143,170,-1,170,143,145,-1,170,145,171,-1,171,145,147,-1,171,147,172,-1,172,147,149,-1,172,149,173,-1,173,149,151,-1,173,151,174,-1,174,151,153,-1,174,153,175,-1,175,153,155,-1,175,155,176,-1,176,155,109,-1,176,109,177,-1,177,109,111,-1,177,111,178,-1,178,111,113,-1,178,113,179,-1,179,113,115,-1,179,115,180,-1,180,115,117,-1,180,117,157,-1,157,117,119,-1,
        ]
    }
}
Shape{
    appearance Appearance {
        material  Material 	{
            diffuseColor 0.9686274509803922 0.9686274509803922 0.9686274509803922
            specularColor 0.8509803921568627 0.8509803921568627 0.8509803921568627
            ambientIntensity 0.2
            transparency 0
            shininess 0.5
        }
    }
    geometry IndexedFaceSet {
        ccw TRUE
        solid FALSE
        coord DEF co Coordinate {
            point [
                -0.3069 -0.3543 0.9449, -0.2505 -0.3543 1.0183, -0.4331 -0.3543 1.6929, -0.1772 -0.3543 1.0746, 0.3069 -0.3543 0.5906, 0.2505 -0.3543 0.5172, 0.4331 -0.3543 0.315, -0.0917 -0.3543 0.4255, -0.4331 -0.3543 0.315, -0.0 -0.3543 0.4134, 0.0917 -0.3543 1.11, 0.4331 -0.3543 1.6929, -0.0 -0.3543 1.122, -0.0917 -0.3543 1.11, 0.1772 -0.3543 1.0746, 0.2505 -0.3543 1.0183, 0.3069 -0.3543 0.9449, 0.3423 -0.3543 0.8594, 0.3543 -0.3543 0.7677, 0.3423 -0.3543 0.676, -0.1772 -0.3543 0.4609, -0.2505 -0.3543 0.5172, -0.3069 -0.3543 0.5906, 0.1772 -0.3543 0.4609, 0.0917 -0.3543 0.4255, -0.3423 -0.3543 0.676, -0.3543 -0.3543 0.7677, -0.3423 -0.3543 0.8594, 0.4331 0.2362 1.6929, -0.0 0.2362 1.122, -0.4331 0.2362 1.6929, -0.0917 0.2362 1.11, 0.3069 0.2362 0.9449, 0.2505 0.2362 1.0183, -0.1772 0.2362 1.0746, -0.2505 0.2362 1.0183, -0.3069 0.2362 0.9449, 0.1772 0.2362 1.0746, 0.0917 0.2362 1.11, -0.3423 0.2362 0.8594, -0.3543 0.2362 0.7677, -0.4331 0.2362 0.315, -0.3423 0.2362 0.676, -0.3069 0.2362 0.5906, -0.2505 0.2362 0.5172, -0.1772 0.2362 0.4609, -0.0917 0.2362 0.4255, -0.0 0.2362 0.4134, 0.4331 0.2362 0.315, 0.0917 0.2362 0.4255, 0.1772 0.2362 0.4609, 0.2505 0.2362 0.5172, 0.3069 0.2362 0.5906, 0.3423 0.2362 0.676, 0.3543 0.2362 0.7677, 0.3423 0.2362 0.8594, -0.1521 -0.0998 0.315, -0.1575 -0.0591 0.315, -0.1521 -0.0183 0.315, 0.0787 0.0773 0.315, 0.1114 0.0523 0.315, 0.1364 0.0197 0.315, -0.1364 -0.1378 0.315, -0.1114 -0.1704 0.315, -0.0787 -0.1954 0.315, 0.1575 -0.0591 0.315, 0.1521 -0.0183 0.315, -0.0787 0.0773 0.315, -0.1114 0.0523 0.315, -0.1364 0.0197 0.315, 0.0787 -0.1954 0.315, 0.1114 -0.1704 0.315, 0.0408 0.0931 0.315, 0.0 0.0984 0.315, -0.0408 0.0931 0.315, -0.0408 -0.2112 0.315, 0.0 -0.2165 0.315, 0.0408 -0.2112 0.315, 0.1364 -0.1378 0.315, 0.1521 -0.0998 0.315, 1.4697 -0.3543 0.4255, 1.378 -0.3543 0.4134, 1.811 -0.3543 0.315, 1.1274 -0.3543 0.5172, 1.0711 -0.3543 0.5906, 0.9449 -0.3543 0.315, 1.0711 -0.3543 0.9449, 1.1274 -0.3543 1.0183, 0.9449 -0.3543 1.6929, 1.2008 -0.3543 1.0746, 1.2008 -0.3543 0.4609, 1.5551 -0.3543 1.0746, 1.6285 -0.3543 1.0183, 1.811 -0.3543 1.6929, 1.6848 -0.3543 0.9449, 1.2862 -0.3543 0.4255, 1.0357 -0.3543 0.676, 1.0236 -0.3543 0.7677, 1.0357 -0.3543 0.8594, 1.2862 -0.3543 1.11, 1.378 -0.3543 1.122, 1.4697 -0.3543 1.11, 1.6848 -0.3543 0.5906, 1.6285 -0.3543 0.5172, 1.5551 -0.3543 0.4609, 1.7202 -0.3543 0.8594, 1.7323 -0.3543 0.7677, 1.7202 -0.3543 0.676, 1.6848 0.2362 0.9449, 1.6285 0.2362 1.0183, 1.811 0.2362 1.6929, 1.378 0.2362 1.122, 0.9449 0.2362 1.6929, 1.2862 0.2362 1.11, 1.2008 0.2362 1.0746, 1.1274 0.2362 1.0183, 1.0711 0.2362 0.9449, 1.5551 0.2362 1.0746, 1.4697 0.2362 1.11, 1.0357 0.2362 0.8594, 1.0236 0.2362 0.7677, 0.9449 0.2362 0.315, 1.0357 0.2362 0.676, 1.6848 0.2362 0.5906, 1.811 0.2362 0.315, 1.6285 0.2362 0.5172, 1.5551 0.2362 0.4609, 1.0711 0.2362 0.5906, 1.1274 0.2362 0.5172, 1.2008 0.2362 0.4609, 1.2862 0.2362 0.4255, 1.378 0.2362 0.4134, 1.4697 0.2362 0.4255, 1.7202 0.2362 0.676, 1.7323 0.2362 0.7677, 1.7202 0.2362 0.8594, 1.5143 0.0197 0.315, 1.4893 0.0523 0.315, 1.4567 0.0773 0.315, 1.2992 0.0773 0.315, 1.2666 0.0523 0.315, 1.2416 0.0197 0.315, 1.5143 -0.1378 0.315, 1.4893 -0.1704 0.315, 1.4567 -0.1954 0.315, 1.5301 -0.0998 0.315, 1.5354 -0.0591 0.315, 1.5301 -0.0183 0.315, 1.2416 -0.1378 0.315, 1.2666 -0.1704 0.315, 1.378 -0.2165 0.315, 1.4187 -0.2112 0.315, 1.4187 0.0931 0.315, 1.378 0.0984 0.315, 1.3372 0.0931 0.315, 1.2258 -0.0183 0.315, 1.2205 -0.0591 0.315, 1.2258 -0.0998 0.315, 1.2992 -0.1954 0.315, 1.3372 -0.2112 0.315, 0.1521 -0.0183 -1.3386, 0.1364 0.0197 -1.3386, 0.1114 0.0523 -1.3386, 0.0787 0.0773 -1.3386, 0.0408 0.0931 -1.3386, 0.0 0.0984 -1.3386, -0.0408 0.0931 -1.3386, -0.0787 0.0773 -1.3386, -0.1114 0.0523 -1.3386, -0.1364 0.0197 -1.3386, -0.1521 -0.0183 -1.3386, -0.1575 -0.0591 -1.3386, -0.1521 -0.0998 -1.3386, -0.1364 -0.1378 -1.3386, -0.1114 -0.1704 -1.3386, -0.0787 -0.1954 -1.3386, -0.0408 -0.2112 -1.3386, 0.0 -0.2165 -1.3386, 0.0408 -0.2112 -1.3386, 0.0787 -0.1954 -1.3386, 0.1114 -0.1704 -1.3386, 0.1364 -0.1378 -1.3386, 0.1521 -0.0998 -1.3386, 0.1575 -0.0591 -1.3386, -0.1023 -0.1181 -1.378, -0.1141 -0.0896 -1.378, 0.0 -0.0591 -1.378, -0.1181 -0.0591 -1.378, -0.1141 -0.0285 -1.378, -0.0306 -0.1731 -1.378, -0.0591 -0.1613 -1.378, -0.0835 -0.1426 -1.378, 0.0591 -0.1613 -1.378, 0.0306 -0.1731 -1.378, 0.0 -0.1772 -1.378, 0.1141 -0.0896 -1.378, 0.1023 -0.1181 -1.378, 0.0835 -0.1426 -1.378, 0.1023 -0.0 -1.378, 0.1141 -0.0285 -1.378, 0.1181 -0.0591 -1.378, 0.0306 0.055 -1.378, 0.0591 0.0432 -1.378, 0.0835 0.0245 -1.378, -0.0591 0.0432 -1.378, -0.0306 0.055 -1.378, 0.0 0.0591 -1.378, -0.1023 -0.0 -1.378, -0.0835 0.0245 -1.378, 1.5301 -0.0183 -1.3386, 1.5143 0.0197 -1.3386, 1.4893 0.0523 -1.3386, 1.4567 0.0773 -1.3386, 1.4187 0.0931 -1.3386, 1.378 0.0984 -1.3386, 1.3372 0.0931 -1.3386, 1.2992 0.0773 -1.3386, 1.2666 0.0523 -1.3386, 1.2416 0.0197 -1.3386, 1.2258 -0.0183 -1.3386, 1.2205 -0.0591 -1.3386, 1.2258 -0.0998 -1.3386, 1.2416 -0.1378 -1.3386, 1.2666 -0.1704 -1.3386, 1.2992 -0.1954 -1.3386, 1.3372 -0.2112 -1.3386, 1.378 -0.2165 -1.3386, 1.4187 -0.2112 -1.3386, 1.4567 -0.1954 -1.3386, 1.4893 -0.1704 -1.3386, 1.5143 -0.1378 -1.3386, 1.5301 -0.0998 -1.3386, 1.5354 -0.0591 -1.3386, 1.2757 -0.1181 -1.378, 1.2639 -0.0896 -1.378, 1.378 -0.0591 -1.378, 1.2598 -0.0591 -1.378, 1.2639 -0.0285 -1.378, 1.3474 -0.1731 -1.378, 1.3189 -0.1613 -1.378, 1.2944 -0.1426 -1.378, 1.437 -0.1613 -1.378, 1.4085 -0.1731 -1.378, 1.378 -0.1772 -1.378, 1.492 -0.0896 -1.378, 1.4802 -0.1181 -1.378, 1.4615 -0.1426 -1.378, 1.4802 -0.0 -1.378, 1.492 -0.0285 -1.378, 1.4961 -0.0591 -1.378, 1.4085 0.055 -1.378, 1.437 0.0432 -1.378, 1.4615 0.0245 -1.378, 1.3189 0.0432 -1.378, 1.3474 0.055 -1.378, 1.378 0.0591 -1.378, 1.2757 -0.0 -1.378, 1.2944 0.0245 -1.378, -0.1239 -0.0258 -1.3766, -0.1111 0.0051 -1.3766, -0.0907 0.0317 -1.3766, -0.0641 0.0521 -1.3766, -0.0332 0.0649 -1.3766, 0.0 0.0692 -1.3766, 0.0332 0.0649 -1.3766, 0.0641 0.0521 -1.3766, 0.0907 0.0317 -1.3766, 0.1111 0.0051 -1.3766, 0.1239 -0.0258 -1.3766, 0.1283 -0.0591 -1.3766, 0.1239 -0.0923 -1.3766, 0.1111 -0.1232 -1.3766, 0.0907 -0.1498 -1.3766, 0.0641 -0.1702 -1.3766, 0.0332 -0.183 -1.3766, 0.0 -0.1874 -1.3766, -0.0332 -0.183 -1.3766, -0.0641 -0.1702 -1.3766, -0.0907 -0.1498 -1.3766, -0.1111 -0.1232 -1.3766, -0.1239 -0.0923 -1.3766, -0.1283 -0.0591 -1.3766, -0.1331 -0.0234 -1.3727, -0.1193 0.0098 -1.3727, -0.0974 0.0384 -1.3727, -0.0689 0.0603 -1.3727, -0.0357 0.074 -1.3727, 0.0 0.0787 -1.3727, 0.0357 0.074 -1.3727, 0.0689 0.0603 -1.3727, 0.0974 0.0384 -1.3727, 0.1193 0.0098 -1.3727, 0.1331 -0.0234 -1.3727, 0.1378 -0.0591 -1.3727, 0.1331 -0.0947 -1.3727, 0.1193 -0.128 -1.3727, 0.0974 -0.1565 -1.3727, 0.0689 -0.1784 -1.3727, 0.0357 -0.1922 -1.3727, 0.0 -0.1969 -1.3727, -0.0357 -0.1922 -1.3727, -0.0689 -0.1784 -1.3727, -0.0974 -0.1565 -1.3727, -0.1193 -0.128 -1.3727, -0.1331 -0.0947 -1.3727, -0.1378 -0.0591 -1.3727, -0.141 -0.0213 -1.3664, -0.1264 0.0139 -1.3664, -0.1032 0.0441 -1.3664, -0.073 0.0673 -1.3664, -0.0378 0.0819 -1.3664, 0.0 0.0869 -1.3664, 0.0378 0.0819 -1.3664, 0.073 0.0673 -1.3664, 0.1032 0.0441 -1.3664, 0.1264 0.0139 -1.3664, 0.141 -0.0213 -1.3664, 0.1459 -0.0591 -1.3664, 0.141 -0.0968 -1.3664, 0.1264 -0.132 -1.3664, 0.1032 -0.1623 -1.3664, 0.073 -0.1855 -1.3664, 0.0378 -0.2 -1.3664, 0.0 -0.205 -1.3664, -0.0378 -0.2 -1.3664, -0.073 -0.1855 -1.3664, -0.1032 -0.1623 -1.3664, -0.1264 -0.132 -1.3664, -0.141 -0.0968 -1.3664, -0.1459 -0.0591 -1.3664, -0.147 -0.0197 -1.3583, -0.1318 0.017 -1.3583, -0.1076 0.0486 -1.3583, -0.0761 0.0728 -1.3583, -0.0394 0.088 -1.3583, 0.0 0.0932 -1.3583, 0.0394 0.088 -1.3583, 0.0761 0.0728 -1.3583, 0.1076 0.0486 -1.3583, 0.1318 0.017 -1.3583, 0.147 -0.0197 -1.3583, 0.1522 -0.0591 -1.3583, 0.147 -0.0984 -1.3583, 0.1318 -0.1352 -1.3583, 0.1076 -0.1667 -1.3583, 0.0761 -0.1909 -1.3583, 0.0394 -0.2061 -1.3583, 0.0 -0.2113 -1.3583, -0.0394 -0.2061 -1.3583, -0.0761 -0.1909 -1.3583, -0.1076 -0.1667 -1.3583, -0.1318 -0.1352 -1.3583, -0.147 -0.0984 -1.3583, -0.1522 -0.0591 -1.3583, -0.1508 -0.0186 -1.3488, -0.1352 0.019 -1.3488, -0.1104 0.0514 -1.3488, -0.0781 0.0762 -1.3488, -0.0404 0.0918 -1.3488, 0.0 0.0971 -1.3488, 0.0404 0.0918 -1.3488, 0.0781 0.0762 -1.3488, 0.1104 0.0514 -1.3488, 0.1352 0.019 -1.3488, 0.1508 -0.0186 -1.3488, 0.1561 -0.0591 -1.3488, 0.1508 -0.0995 -1.3488, 0.1352 -0.1371 -1.3488, 0.1104 -0.1695 -1.3488, 0.0781 -0.1943 -1.3488, 0.0404 -0.2099 -1.3488, 0.0 -0.2152 -1.3488, -0.0404 -0.2099 -1.3488, -0.0781 -0.1943 -1.3488, -0.1104 -0.1695 -1.3488, -0.1352 -0.1371 -1.3488, -0.1508 -0.0995 -1.3488, -0.1561 -0.0591 -1.3488, 1.254 -0.0258 -1.3766, 1.2668 0.0051 -1.3766, 1.2872 0.0317 -1.3766, 1.3138 0.0521 -1.3766, 1.3447 0.0649 -1.3766, 1.378 0.0692 -1.3766, 1.4112 0.0649 -1.3766, 1.4421 0.0521 -1.3766, 1.4687 0.0317 -1.3766, 1.4891 0.0051 -1.3766, 1.5019 -0.0258 -1.3766, 1.5063 -0.0591 -1.3766, 1.5019 -0.0923 -1.3766, 1.4891 -0.1232 -1.3766, 1.4687 -0.1498 -1.3766, 1.4421 -0.1702 -1.3766, 1.4112 -0.183 -1.3766, 1.378 -0.1874 -1.3766, 1.3447 -0.183 -1.3766, 1.3138 -0.1702 -1.3766, 1.2872 -0.1498 -1.3766, 1.2668 -0.1232 -1.3766, 1.254 -0.0923 -1.3766, 1.2497 -0.0591 -1.3766, 1.2449 -0.0234 -1.3727, 1.2586 0.0098 -1.3727, 1.2805 0.0384 -1.3727, 1.3091 0.0603 -1.3727, 1.3423 0.074 -1.3727, 1.378 0.0787 -1.3727, 1.4136 0.074 -1.3727, 1.4469 0.0603 -1.3727, 1.4754 0.0384 -1.3727, 1.4973 0.0098 -1.3727, 1.5111 -0.0234 -1.3727, 1.5157 -0.0591 -1.3727, 1.5111 -0.0947 -1.3727, 1.4973 -0.128 -1.3727, 1.4754 -0.1565 -1.3727, 1.4469 -0.1784 -1.3727, 1.4136 -0.1922 -1.3727, 1.378 -0.1969 -1.3727, 1.3423 -0.1922 -1.3727, 1.3091 -0.1784 -1.3727, 1.2805 -0.1565 -1.3727, 1.2586 -0.128 -1.3727, 1.2449 -0.0947 -1.3727, 1.2402 -0.0591 -1.3727, 1.237 -0.0213 -1.3664, 1.2516 0.0139 -1.3664, 1.2748 0.0441 -1.3664, 1.305 0.0673 -1.3664, 1.3402 0.0819 -1.3664, 1.378 0.0869 -1.3664, 1.4157 0.0819 -1.3664, 1.4509 0.0673 -1.3664, 1.4812 0.0441 -1.3664, 1.5043 0.0139 -1.3664, 1.5189 -0.0213 -1.3664, 1.5239 -0.0591 -1.3664, 1.5189 -0.0968 -1.3664, 1.5043 -0.132 -1.3664, 1.4812 -0.1623 -1.3664, 1.4509 -0.1855 -1.3664, 1.4157 -0.2 -1.3664, 1.378 -0.205 -1.3664, 1.3402 -0.2 -1.3664, 1.305 -0.1855 -1.3664, 1.2748 -0.1623 -1.3664, 1.2516 -0.132 -1.3664, 1.237 -0.0968 -1.3664, 1.232 -0.0591 -1.3664, 1.2309 -0.0197 -1.3583, 1.2461 0.017 -1.3583, 1.2703 0.0486 -1.3583, 1.3018 0.0728 -1.3583, 1.3386 0.088 -1.3583, 1.378 0.0932 -1.3583, 1.4173 0.088 -1.3583, 1.4541 0.0728 -1.3583, 1.4856 0.0486 -1.3583, 1.5098 0.017 -1.3583, 1.525 -0.0197 -1.3583, 1.5302 -0.0591 -1.3583, 1.525 -0.0984 -1.3583, 1.5098 -0.1352 -1.3583, 1.4856 -0.1667 -1.3583, 1.4541 -0.1909 -1.3583, 1.4173 -0.2061 -1.3583, 1.378 -0.2113 -1.3583, 1.3386 -0.2061 -1.3583, 1.3018 -0.1909 -1.3583, 1.2703 -0.1667 -1.3583, 1.2461 -0.1352 -1.3583, 1.2309 -0.0984 -1.3583, 1.2257 -0.0591 -1.3583, 1.2271 -0.0186 -1.3488, 1.2427 0.019 -1.3488, 1.2675 0.0514 -1.3488, 1.2999 0.0762 -1.3488, 1.3375 0.0918 -1.3488, 1.378 0.0971 -1.3488, 1.4184 0.0918 -1.3488, 1.456 0.0762 -1.3488, 1.4884 0.0514 -1.3488, 1.5132 0.019 -1.3488, 1.5288 -0.0186 -1.3488, 1.5341 -0.0591 -1.3488, 1.5288 -0.0995 -1.3488, 1.5132 -0.1371 -1.3488, 1.4884 -0.1695 -1.3488, 1.456 -0.1943 -1.3488, 1.4184 -0.2099 -1.3488, 1.378 -0.2152 -1.3488, 1.3375 -0.2099 -1.3488, 1.2999 -0.1943 -1.3488, 1.2675 -0.1695 -1.3488, 1.2427 -0.1371 -1.3488, 1.2271 -0.0995 -1.3488, 1.2218 -0.0591 -1.3488, -0.367 -0.2975 2.9528, -0.4088 -0.236 2.9528, -0.367 -0.2975 2.6772, -0.4091 -0.2362 2.5197, -0.3341 -0.3341 2.6772, -0.3341 -0.3341 2.5197, -0.2975 -0.367 2.6772, -0.2362 -0.4091 2.5197, -0.2975 -0.367 2.9528, -0.236 -0.4088 2.9528, 0.367 0.2975 2.9528, 0.4088 0.236 2.9528, 0.367 0.2975 2.6772, 0.4091 0.2362 2.5197, 0.3341 0.3341 2.6772, 0.3341 0.3341 2.5197, 0.2975 0.367 2.6772, 0.2362 0.4091 2.5197, 0.2975 0.367 2.9528, -0.471 0.0001 2.9528, -0.4724 -0.0 2.5197, -0.4677 -0.0669 2.9528, -0.4563 -0.1223 2.5197, -0.4116 -0.2319 2.9528, -0.4473 -0.152 2.9528, -0.4545 -0.1218 2.9528, -0.2319 -0.4116 2.9528, -0.1223 -0.4563 2.5197, -0.152 -0.4473 2.9528, -0.0 -0.4724 2.5197, -0.0669 -0.4677 2.9528, -0.1218 -0.4545 2.9528, 0.1219 -0.4552 2.9528, 0.1072 -0.4601 2.9528, 0.1223 -0.4563 2.5197, 0.0205 -0.472 2.9528, 0.0001 -0.471 2.9528, 0.1902 -0.4325 2.9528, 0.2362 -0.4091 2.5197, 0.2353 -0.4074 2.9528, 0.2667 -0.39 2.9528, 0.3341 -0.3341 2.5197, 0.3341 -0.3341 2.9528, 0.39 -0.2667 2.9528, 0.4091 -0.2362 2.5197, 0.4074 -0.2353 2.9528, 0.4325 -0.1902 2.9528, 0.4563 -0.1223 2.5197, 0.4552 -0.1219 2.9528, 0.4601 -0.1072 2.9528, 0.4724 0.0 2.5197, 0.472 -0.0205 2.9528, 0.4563 0.1223 2.5197, 0.4677 0.0669 2.9528, 0.471 -0.0001 2.9528, 0.4116 0.2319 2.9528, 0.4473 0.152 2.9528, 0.4545 0.1218 2.9528, 0.1218 0.4545 2.9528, 0.152 0.4473 2.9528, 0.1223 0.4563 2.5197, 0.2319 0.4116 2.9528, 0.236 0.4088 2.9528, 0.0669 0.4677 2.9528, -0.0 0.4724 2.5197, -0.0001 0.471 2.9528, -0.0205 0.472 2.9528, -0.1223 0.4563 2.5197, -0.1072 0.4601 2.9528, -0.2362 0.4091 2.5197, -0.1902 0.4325 2.9528, -0.1219 0.4552 2.9528, -0.3341 0.3341 2.5197, -0.2667 0.39 2.9528, -0.2353 0.4074 2.9528, -0.4091 0.2362 2.5197, -0.39 0.2667 2.9528, -0.3341 0.3341 2.9528, -0.4563 0.1223 2.5197, -0.4325 0.1902 2.9528, -0.4074 0.2353 2.9528, -0.472 0.0205 2.9528, -0.4601 0.1072 2.9528, -0.4552 0.1219 2.9528, 0.41 0.1394 2.9921, 0.3773 0.2126 2.9921, -0.2126 -0.3773 2.9921, 0.339 0.2694 2.9921, -0.2694 -0.339 2.9921, -0.1394 -0.41 2.9921, -0.0613 -0.4287 2.9921, 0.0188 -0.4327 2.9921, 0.0983 -0.4218 2.9921, 0.1744 -0.3964 2.9921, 0.2445 -0.3575 2.9921, 0.3062 -0.3062 2.9921, 0.3575 -0.2445 2.9921, 0.3964 -0.1744 2.9921, 0.4218 -0.0983 2.9921, 0.4327 -0.0188 2.9921, 0.4287 0.0613 2.9921, 1.0109 -0.2975 2.9528, 0.9691 -0.236 2.9528, 1.0109 -0.2975 2.6772, 0.9688 -0.2362 2.5197, 1.0439 -0.3341 2.6772, 1.0439 -0.3341 2.5197, 1.0805 -0.367 2.6772, 1.1417 -0.4091 2.5197, 1.0805 -0.367 2.9528, 1.142 -0.4088 2.9528, 1.745 0.2975 2.9528, 1.7868 0.236 2.9528, 1.745 0.2975 2.6772, 1.7871 0.2362 2.5197, 1.712 0.3341 2.6772, 1.712 0.3341 2.5197, 1.6754 0.367 2.6772, 1.6142 0.4091 2.5197, 1.6754 0.367 2.9528, 0.907 0.0001 2.9528, 0.9055 -0.0 2.5197, 0.9103 -0.0669 2.9528, 0.9216 -0.1223 2.5197, 0.9664 -0.2319 2.9528, 0.9306 -0.152 2.9528, 0.9234 -0.1218 2.9528, 1.146 -0.4116 2.9528, 1.2557 -0.4563 2.5197, 1.2259 -0.4473 2.9528, 1.378 -0.4724 2.5197, 1.311 -0.4677 2.9528, 1.2561 -0.4545 2.9528, 1.4999 -0.4552 2.9528, 1.4851 -0.4601 2.9528, 1.5002 -0.4563 2.5197, 1.3984 -0.472 2.9528, 1.378 -0.471 2.9528, 1.5682 -0.4325 2.9528, 1.6142 -0.4091 2.5197, 1.6132 -0.4074 2.9528, 1.6447 -0.39 2.9528, 1.712 -0.3341 2.5197, 1.712 -0.3341 2.9528, 1.7679 -0.2667 2.9528, 1.7871 -0.2362 2.5197, 1.7854 -0.2353 2.9528, 1.8104 -0.1902 2.9528, 1.8343 -0.1223 2.5197, 1.8332 -0.1219 2.9528, 1.8381 -0.1072 2.9528, 1.8504 0.0 2.5197, 1.8499 -0.0205 2.9528, 1.8343 0.1223 2.5197, 1.8456 0.0669 2.9528, 1.8489 -0.0001 2.9528, 1.7895 0.2319 2.9528, 1.8253 0.152 2.9528, 1.8325 0.1218 2.9528, 1.4998 0.4545 2.9528, 1.53 0.4473 2.9528, 1.5002 0.4563 2.5197, 1.6099 0.4116 2.9528, 1.614 0.4088 2.9528, 1.4449 0.4677 2.9528, 1.378 0.4724 2.5197, 1.3779 0.471 2.9528, 1.3575 0.472 2.9528, 1.2557 0.4563 2.5197, 1.2708 0.4601 2.9528, 1.1417 0.4091 2.5197, 1.1877 0.4325 2.9528, 1.2561 0.4552 2.9528, 1.0439 0.3341 2.5197, 1.1112 0.39 2.9528, 1.1427 0.4074 2.9528, 0.9688 0.2362 2.5197, 0.988 0.2667 2.9528, 1.0439 0.3341 2.9528, 0.9216 0.1223 2.5197, 0.9455 0.1902 2.9528, 0.9705 0.2353 2.9528, 0.906 0.0205 2.9528, 0.9178 0.1072 2.9528, 0.9227 0.1219 2.9528, 1.7552 0.2126 2.9921, 1.717 0.2694 2.9921, 1.1654 -0.3773 2.9921, 1.1085 -0.339 2.9921, 1.7997 -0.0983 2.9921, 1.8106 -0.0188 2.9921, 1.6224 -0.3575 2.9921, 1.6842 -0.3062 2.9921, 1.2386 -0.41 2.9921, 1.7744 -0.1744 2.9921, 1.8067 0.0613 2.9921, 1.788 0.1394 2.9921, 1.3166 -0.4287 2.9921, 1.3967 -0.4327 2.9921, 1.4762 -0.4218 2.9921, 1.7354 -0.2445 2.9921, 1.5523 -0.3964 2.9921, -0.0667 -0.4663 2.9629, 0.1897 -0.4312 2.9629, 0.266 -0.3888 2.9629, 0.4312 -0.1897 2.9629, 0.4663 0.0667 2.9629, -0.2313 -0.4104 2.9629, -0.2967 -0.3663 2.962, -0.2965 -0.3661 2.9629, -0.2959 -0.3655 2.9657, -0.2293 -0.407 2.9724, -0.293 -0.3626 2.974, -0.2914 -0.361 2.9772, -0.2263 -0.4015 2.9806, -0.2891 -0.3587 2.9804, -0.2867 -0.3563 2.9838, -0.2223 -0.3944 2.9869, -0.2845 -0.3541 2.986, -0.2785 -0.3481 2.99, -0.2176 -0.3862 2.9908, -0.2767 -0.3463 2.9907, -0.2758 -0.3454 2.9911, 0.3421 0.2725 2.9919, 0.3862 0.2176 2.9908, 0.3463 0.2767 2.9905, 0.3486 0.279 2.9898, 0.3944 0.2223 2.9869, 0.3512 0.2816 2.9882, 0.4015 0.2263 2.9806, 0.3568 0.2872 2.9832, 0.353 0.2834 2.9866, 0.407 0.2293 2.9724, 0.363 0.2934 2.9732, 0.3589 0.2893 2.9805, 0.4104 0.2313 2.9629, 0.3643 0.2947 2.9697, 0.3633 0.2937 2.9724, 0.3669 0.2973 2.957, 0.3664 0.2968 2.9609, 0.366 0.2964 2.9629, 0.4197 0.1426 2.9908, 0.4388 0.0628 2.9908, 0.4287 0.1457 2.9869, 0.4482 0.0641 2.9869, 0.4364 0.1483 2.9806, 0.4563 0.0653 2.9806, 0.4423 0.1503 2.9724, 0.4625 0.0662 2.9724, 0.446 0.1516 2.9629, 0.4317 -0.1006 2.9908, 0.4057 -0.1785 2.9908, 0.4409 -0.1027 2.9869, 0.4144 -0.1823 2.9869, 0.4489 -0.1046 2.9806, 0.4219 -0.1856 2.9806, 0.455 -0.106 2.9724, 0.4276 -0.1881 2.9724, 0.4588 -0.1069 2.9629, 0.0192 -0.4428 2.9908, -0.0628 -0.4388 2.9908, 0.0196 -0.4523 2.9869, -0.0641 -0.4482 2.9869, 0.02 -0.4605 2.9806, -0.0653 -0.4563 2.9806, 0.0203 -0.4667 2.9724, -0.0662 -0.4625 2.9724, 0.0204 -0.4707 2.9629, 0.4707 -0.0204 2.9629, 0.4667 -0.0203 2.9724, 0.4605 -0.02 2.9806, 0.4523 -0.0196 2.9869, 0.4428 -0.0192 2.9908, 0.3888 -0.266 2.9629, 0.3856 -0.2637 2.9724, 0.3804 -0.2602 2.9806, 0.3737 -0.2556 2.9869, 0.3659 -0.2502 2.9908, 0.3134 -0.3134 2.9908, 0.3201 -0.3201 2.9869, 0.3259 -0.3259 2.9806, 0.3303 -0.3303 2.9724, 0.3331 -0.3331 2.9629, 0.2502 -0.3659 2.9908, 0.2556 -0.3737 2.9869, 0.2602 -0.3804 2.9806, 0.2637 -0.3856 2.9724, 0.1785 -0.4057 2.9908, 0.1823 -0.4144 2.9869, 0.1856 -0.4219 2.9806, 0.1881 -0.4276 2.9724, 0.1069 -0.4588 2.9629, 0.106 -0.455 2.9724, 0.1046 -0.4489 2.9806, 0.1027 -0.4409 2.9869, 0.1006 -0.4317 2.9908, -0.1516 -0.446 2.9629, -0.1503 -0.4423 2.9724, -0.1483 -0.4364 2.9806, -0.1457 -0.4287 2.9869, -0.1426 -0.4197 2.9908, 1.3112 -0.4663 2.9629, 1.5676 -0.4312 2.9629, 1.6439 -0.3888 2.9629, 1.8092 -0.1897 2.9629, 1.8443 0.0667 2.9629, 1.1467 -0.4104 2.9629, 1.0813 -0.3663 2.962, 1.0815 -0.3661 2.9629, 1.082 -0.3655 2.9657, 1.1486 -0.407 2.9724, 1.0849 -0.3626 2.974, 1.0865 -0.361 2.9772, 1.1517 -0.4015 2.9806, 1.0888 -0.3587 2.9804, 1.0912 -0.3563 2.9838, 1.1557 -0.3944 2.9869, 1.0935 -0.3541 2.986, 1.0995 -0.3481 2.99, 1.1604 -0.3862 2.9908, 1.1013 -0.3463 2.9907, 1.1021 -0.3454 2.9911, 1.72 0.2725 2.9919, 1.7641 0.2176 2.9908, 1.7242 0.2767 2.9905, 1.7265 0.279 2.9898, 1.7724 0.2223 2.9869, 1.7291 0.2816 2.9882, 1.7795 0.2263 2.9806, 1.7347 0.2872 2.9832, 1.7309 0.2834 2.9866, 1.785 0.2293 2.9724, 1.7409 0.2934 2.9732, 1.7369 0.2893 2.9805, 1.7884 0.2313 2.9629, 1.7423 0.2947 2.9697, 1.7412 0.2937 2.9724, 1.7448 0.2973 2.957, 1.7444 0.2968 2.9609, 1.7439 0.2964 2.9629, 1.7976 0.1426 2.9908, 1.8167 0.0628 2.9908, 1.8066 0.1457 2.9869, 1.8261 0.0641 2.9869, 1.8143 0.1483 2.9806, 1.8342 0.0653 2.9806, 1.8203 0.1503 2.9724, 1.8404 0.0662 2.9724, 1.824 0.1516 2.9629, 1.8097 -0.1006 2.9908, 1.7837 -0.1785 2.9908, 1.8189 -0.1027 2.9869, 1.7924 -0.1823 2.9869, 1.8268 -0.1046 2.9806, 1.7999 -0.1856 2.9806, 1.8329 -0.106 2.9724, 1.8056 -0.1881 2.9724, 1.8368 -0.1069 2.9629, 1.3972 -0.4428 2.9908, 1.3152 -0.4388 2.9908, 1.3976 -0.4523 2.9869, 1.3138 -0.4482 2.9869, 1.3979 -0.4605 2.9806, 1.3127 -0.4563 2.9806, 1.3982 -0.4667 2.9724, 1.3118 -0.4625 2.9724, 1.3984 -0.4707 2.9629, 1.8486 -0.0204 2.9629, 1.8447 -0.0203 2.9724, 1.8384 -0.02 2.9806, 1.8303 -0.0196 2.9869, 1.8208 -0.0192 2.9908, 1.7668 -0.266 2.9629, 1.7635 -0.2637 2.9724, 1.7584 -0.2602 2.9806, 1.7517 -0.2556 2.9869, 1.7438 -0.2502 2.9908, 1.6914 -0.3134 2.9908, 1.6981 -0.3201 2.9869, 1.7039 -0.3259 2.9806, 1.7083 -0.3303 2.9724, 1.7111 -0.3331 2.9629, 1.6282 -0.3659 2.9908, 1.6336 -0.3737 2.9869, 1.6382 -0.3804 2.9806, 1.6417 -0.3856 2.9724, 1.5564 -0.4057 2.9908, 1.5602 -0.4144 2.9869, 1.5635 -0.4219 2.9806, 1.566 -0.4276 2.9724, 1.4848 -0.4588 2.9629, 1.4839 -0.455 2.9724, 1.4825 -0.4489 2.9806, 1.4807 -0.4409 2.9869, 1.4785 -0.4317 2.9908, 1.2264 -0.446 2.9629, 1.2276 -0.4423 2.9724, 1.2296 -0.4364 2.9806, 1.2323 -0.4287 2.9869, 1.2353 -0.4197 2.9908, -0.3633 -0.2937 2.9724, -0.3643 -0.2947 2.9697, -0.366 -0.2964 2.9629, -0.3664 -0.2968 2.9609, -0.3669 -0.2973 2.957, 0.2914 0.361 2.9772, 0.2891 0.3587 2.9804, 0.293 0.3626 2.974, 0.2959 0.3655 2.9657, -0.3589 -0.2893 2.9805, 0.2965 0.3661 2.9629, -0.3568 -0.2872 2.9832, -0.353 -0.2834 2.9866, 0.2967 0.3663 2.962, -0.363 -0.2934 2.9732, 0.2867 0.3563 2.9838, 0.2845 0.3541 2.986, -0.3463 -0.2767 2.9905, -0.3486 -0.279 2.9898, -0.3512 -0.2816 2.9882, 0.2785 0.3481 2.99, 0.2767 0.3463 2.9907, 0.2758 0.3454 2.9911, 0.2694 0.339 2.9921, -0.339 -0.2694 2.9921, -0.3421 -0.2725 2.9919, 1.0147 -0.2937 2.9724, 1.0136 -0.2947 2.9697, 1.012 -0.2964 2.9629, 1.0115 -0.2968 2.9609, 1.0111 -0.2973 2.957, 1.6694 0.361 2.9772, 1.6671 0.3587 2.9804, 1.671 0.3626 2.974, 1.6739 0.3655 2.9657, 1.0191 -0.2893 2.9805, 1.6744 0.3661 2.9629, 1.0212 -0.2872 2.9832, 1.025 -0.2834 2.9866, 1.6746 0.3663 2.962, 1.015 -0.2934 2.9732, 1.6647 0.3563 2.9838, 1.6624 0.3541 2.986, 1.0317 -0.2767 2.9905, 1.0294 -0.279 2.9898, 1.0268 -0.2816 2.9882, 1.6564 0.3481 2.99, 1.6546 0.3463 2.9907, 1.6538 0.3454 2.9911, 1.6474 0.339 2.9921, 1.0389 -0.2694 2.9921, 1.0359 -0.2725 2.9919, 1.0359 -0.2725 2.9919
            ]
        }
        coordIndex [
            0,1,2,-1,2,1,3,-1,4,5,6,-1,7,8,9,-1,9,8,6,-1,10,11,12,-1,12,11,2,-1,12,2,13,-1,13,2,3,-1,10,14,11,-1,11,14,15,-1,11,15,16,-1,16,17,11,-1,11,17,18,-1,11,18,6,-1,6,18,19,-1,6,19,4,-1,7,20,8,-1,8,20,21,-1,8,21,22,-1,5,23,6,-1,6,23,24,-1,6,24,9,-1,22,25,8,-1,8,25,26,-1,8,26,2,-1,2,26,27,-1,2,27,0,-1,28,29,30,-1,30,29,31,-1,32,33,28,-1,31,34,30,-1,30,34,35,-1,30,35,36,-1,33,37,28,-1,28,37,38,-1,28,38,29,-1,36,39,30,-1,30,39,40,-1,30,40,41,-1,41,40,42,-1,42,43,41,-1,41,43,44,-1,41,44,45,-1,45,46,41,-1,41,46,47,-1,41,47,48,-1,48,47,49,-1,49,50,48,-1,48,50,51,-1,48,51,52,-1,52,53,48,-1,48,53,54,-1,48,54,28,-1,28,54,55,-1,28,55,32,-1,11,6,28,-1,28,6,48,-1,8,2,41,-1,41,2,30,-1,56,8,57,-1,57,8,41,-1,57,41,58,-1,59,48,60,-1,60,48,61,-1,56,62,8,-1,8,62,63,-1,8,63,64,-1,6,65,48,-1,48,65,66,-1,48,66,61,-1,67,68,41,-1,41,68,69,-1,41,69,58,-1,70,71,6,-1,59,72,48,-1,48,72,73,-1,48,73,41,-1,41,73,74,-1,41,74,67,-1,64,75,8,-1,8,75,76,-1,8,76,6,-1,6,76,77,-1,6,77,70,-1,71,78,6,-1,6,78,79,-1,6,79,65,-1,12,29,10,-1,10,29,38,-1,10,38,14,-1,14,38,37,-1,14,37,15,-1,15,37,33,-1,15,33,16,-1,16,33,32,-1,16,32,17,-1,17,32,55,-1,17,55,18,-1,18,55,54,-1,18,54,19,-1,19,54,53,-1,19,53,4,-1,4,53,52,-1,4,52,5,-1,5,52,51,-1,5,51,23,-1,23,51,50,-1,23,50,24,-1,24,50,49,-1,24,49,9,-1,9,49,47,-1,9,47,7,-1,7,47,46,-1,7,46,20,-1,20,46,45,-1,20,45,21,-1,21,45,44,-1,21,44,22,-1,22,44,43,-1,22,43,25,-1,25,43,42,-1,25,42,26,-1,26,42,40,-1,26,40,27,-1,27,40,39,-1,27,39,0,-1,0,39,36,-1,0,36,1,-1,1,36,35,-1,1,35,3,-1,3,35,34,-1,3,34,13,-1,13,34,31,-1,13,31,12,-1,12,31,29,-1,80,81,82,-1,83,84,85,-1,86,87,88,-1,88,87,89,-1,83,85,90,-1,91,92,93,-1,93,92,94,-1,82,81,85,-1,85,81,95,-1,85,95,90,-1,84,96,85,-1,85,96,97,-1,85,97,88,-1,88,97,98,-1,88,98,86,-1,89,99,88,-1,88,99,100,-1,88,100,93,-1,93,100,101,-1,93,101,91,-1,102,103,82,-1,82,103,104,-1,82,104,80,-1,94,105,93,-1,93,105,106,-1,93,106,82,-1,82,106,107,-1,82,107,102,-1,108,109,110,-1,110,111,112,-1,112,111,113,-1,113,114,112,-1,112,114,115,-1,112,115,116,-1,109,117,110,-1,110,117,118,-1,110,118,111,-1,116,119,112,-1,112,119,120,-1,112,120,121,-1,121,120,122,-1,123,124,125,-1,125,124,126,-1,122,127,121,-1,121,127,128,-1,121,128,129,-1,129,130,121,-1,121,130,131,-1,121,131,124,-1,124,131,132,-1,124,132,126,-1,123,133,124,-1,124,133,134,-1,124,134,110,-1,110,134,135,-1,110,135,108,-1,93,82,110,-1,110,82,124,-1,85,88,121,-1,121,88,112,-1,136,137,124,-1,124,137,138,-1,139,140,121,-1,121,140,141,-1,142,82,143,-1,143,82,144,-1,142,145,82,-1,82,145,146,-1,82,146,124,-1,124,146,147,-1,124,147,136,-1,148,149,85,-1,85,150,82,-1,82,150,151,-1,82,151,144,-1,138,152,124,-1,124,152,153,-1,124,153,121,-1,121,153,154,-1,121,154,139,-1,141,155,121,-1,121,155,156,-1,121,156,85,-1,85,156,157,-1,85,157,148,-1,149,158,85,-1,85,158,159,-1,85,159,150,-1,100,111,101,-1,101,111,118,-1,101,118,91,-1,91,118,117,-1,91,117,92,-1,92,117,109,-1,92,109,94,-1,94,109,108,-1,94,108,105,-1,105,108,135,-1,105,135,106,-1,106,135,134,-1,106,134,107,-1,107,134,133,-1,107,133,102,-1,102,133,123,-1,102,123,103,-1,103,123,125,-1,103,125,104,-1,104,125,126,-1,104,126,80,-1,80,126,132,-1,80,132,81,-1,81,132,131,-1,81,131,95,-1,95,131,130,-1,95,130,90,-1,90,130,129,-1,90,129,83,-1,83,129,128,-1,83,128,84,-1,84,128,127,-1,84,127,96,-1,96,127,122,-1,96,122,97,-1,97,122,120,-1,97,120,98,-1,98,120,119,-1,98,119,86,-1,86,119,116,-1,86,116,87,-1,87,116,115,-1,87,115,89,-1,89,115,114,-1,89,114,99,-1,99,114,113,-1,99,113,100,-1,100,113,111,-1,65,160,66,-1,66,160,161,-1,66,161,61,-1,61,161,162,-1,61,162,60,-1,60,162,163,-1,60,163,59,-1,59,163,164,-1,59,164,72,-1,72,164,165,-1,72,165,73,-1,73,165,166,-1,73,166,74,-1,74,166,167,-1,74,167,67,-1,67,167,168,-1,67,168,68,-1,68,168,169,-1,68,169,69,-1,69,169,170,-1,69,170,58,-1,58,170,171,-1,58,171,57,-1,57,171,172,-1,57,172,56,-1,56,172,173,-1,56,173,62,-1,62,173,174,-1,62,174,63,-1,63,174,175,-1,63,175,64,-1,64,175,176,-1,64,176,75,-1,75,176,177,-1,75,177,76,-1,76,177,178,-1,76,178,77,-1,77,178,179,-1,77,179,70,-1,70,179,180,-1,70,180,71,-1,71,180,181,-1,71,181,78,-1,78,181,182,-1,78,182,79,-1,79,182,183,-1,79,183,65,-1,65,183,160,-1,184,185,186,-1,186,185,187,-1,186,187,188,-1,189,190,186,-1,186,190,191,-1,186,191,184,-1,192,193,186,-1,186,193,194,-1,186,194,189,-1,195,196,186,-1,186,196,197,-1,186,197,192,-1,198,199,186,-1,186,199,200,-1,186,200,195,-1,201,202,186,-1,186,202,203,-1,186,203,198,-1,204,205,186,-1,186,205,206,-1,186,206,201,-1,188,207,186,-1,186,207,208,-1,186,208,204,-1,146,209,147,-1,147,209,210,-1,147,210,136,-1,136,210,211,-1,136,211,137,-1,137,211,212,-1,137,212,138,-1,138,212,213,-1,138,213,152,-1,152,213,214,-1,152,214,153,-1,153,214,215,-1,153,215,154,-1,154,215,216,-1,154,216,139,-1,139,216,217,-1,139,217,140,-1,140,217,218,-1,140,218,141,-1,141,218,219,-1,141,219,155,-1,155,219,220,-1,155,220,156,-1,156,220,221,-1,156,221,157,-1,157,221,222,-1,157,222,148,-1,148,222,223,-1,148,223,149,-1,149,223,224,-1,149,224,158,-1,158,224,225,-1,158,225,159,-1,159,225,226,-1,159,226,150,-1,150,226,227,-1,150,227,151,-1,151,227,228,-1,151,228,144,-1,144,228,229,-1,144,229,143,-1,143,229,230,-1,143,230,142,-1,142,230,231,-1,142,231,145,-1,145,231,232,-1,145,232,146,-1,146,232,209,-1,233,234,235,-1,235,234,236,-1,235,236,237,-1,238,239,235,-1,235,239,240,-1,235,240,233,-1,241,242,235,-1,235,242,243,-1,235,243,238,-1,244,245,235,-1,235,245,246,-1,235,246,241,-1,247,248,235,-1,235,248,249,-1,235,249,244,-1,250,251,235,-1,235,251,252,-1,235,252,247,-1,253,254,235,-1,235,254,255,-1,235,255,250,-1,237,256,235,-1,235,256,257,-1,235,257,253,-1,187,258,188,-1,188,258,259,-1,188,259,207,-1,207,259,260,-1,207,260,208,-1,208,260,261,-1,208,261,204,-1,204,261,262,-1,204,262,205,-1,205,262,263,-1,205,263,206,-1,206,263,264,-1,206,264,201,-1,201,264,265,-1,201,265,202,-1,202,265,266,-1,202,266,203,-1,203,266,267,-1,203,267,198,-1,198,267,268,-1,198,268,199,-1,199,268,269,-1,199,269,200,-1,200,269,270,-1,200,270,195,-1,195,270,271,-1,195,271,196,-1,196,271,272,-1,196,272,197,-1,197,272,273,-1,197,273,192,-1,192,273,274,-1,192,274,193,-1,193,274,275,-1,193,275,194,-1,194,275,276,-1,194,276,189,-1,189,276,277,-1,189,277,190,-1,190,277,278,-1,190,278,191,-1,191,278,279,-1,191,279,184,-1,184,279,280,-1,184,280,185,-1,185,280,281,-1,185,281,187,-1,187,281,258,-1,281,282,258,-1,258,282,283,-1,258,283,259,-1,259,283,284,-1,259,284,260,-1,260,284,285,-1,260,285,261,-1,261,285,286,-1,261,286,262,-1,262,286,287,-1,262,287,263,-1,263,287,288,-1,263,288,264,-1,264,288,289,-1,264,289,265,-1,265,289,290,-1,265,290,266,-1,266,290,291,-1,266,291,267,-1,267,291,292,-1,267,292,268,-1,268,292,293,-1,268,293,269,-1,269,293,294,-1,269,294,270,-1,270,294,295,-1,270,295,271,-1,271,295,296,-1,271,296,272,-1,272,296,297,-1,272,297,273,-1,273,297,298,-1,273,298,274,-1,274,298,299,-1,274,299,275,-1,275,299,300,-1,275,300,276,-1,276,300,301,-1,276,301,277,-1,277,301,302,-1,277,302,278,-1,278,302,303,-1,278,303,279,-1,279,303,304,-1,279,304,280,-1,280,304,305,-1,280,305,281,-1,281,305,282,-1,305,306,282,-1,282,306,307,-1,282,307,283,-1,283,307,308,-1,283,308,284,-1,284,308,309,-1,284,309,285,-1,285,309,310,-1,285,310,286,-1,286,310,311,-1,286,311,287,-1,287,311,312,-1,287,312,288,-1,288,312,313,-1,288,313,289,-1,289,313,314,-1,289,314,290,-1,290,314,315,-1,290,315,291,-1,291,315,316,-1,291,316,292,-1,292,316,317,-1,292,317,293,-1,293,317,318,-1,293,318,294,-1,294,318,319,-1,294,319,295,-1,295,319,320,-1,295,320,296,-1,296,320,321,-1,296,321,297,-1,297,321,322,-1,297,322,298,-1,298,322,323,-1,298,323,299,-1,299,323,324,-1,299,324,300,-1,300,324,325,-1,300,325,301,-1,301,325,326,-1,301,326,302,-1,302,326,327,-1,302,327,303,-1,303,327,328,-1,303,328,304,-1,304,328,329,-1,304,329,305,-1,305,329,306,-1,329,330,306,-1,306,330,331,-1,306,331,307,-1,307,331,332,-1,307,332,308,-1,308,332,333,-1,308,333,309,-1,309,333,334,-1,309,334,310,-1,310,334,335,-1,310,335,311,-1,311,335,336,-1,311,336,312,-1,312,336,337,-1,312,337,313,-1,313,337,338,-1,313,338,314,-1,314,338,339,-1,314,339,315,-1,315,339,340,-1,315,340,316,-1,316,340,341,-1,316,341,317,-1,317,341,342,-1,317,342,318,-1,318,342,343,-1,318,343,319,-1,319,343,344,-1,319,344,320,-1,320,344,345,-1,320,345,321,-1,321,345,346,-1,321,346,322,-1,322,346,347,-1,322,347,323,-1,323,347,348,-1,323,348,324,-1,324,348,349,-1,324,349,325,-1,325,349,350,-1,325,350,326,-1,326,350,351,-1,326,351,327,-1,327,351,352,-1,327,352,328,-1,328,352,353,-1,328,353,329,-1,329,353,330,-1,353,354,330,-1,330,354,355,-1,330,355,331,-1,331,355,356,-1,331,356,332,-1,332,356,357,-1,332,357,333,-1,333,357,358,-1,333,358,334,-1,334,358,359,-1,334,359,335,-1,335,359,360,-1,335,360,336,-1,336,360,361,-1,336,361,337,-1,337,361,362,-1,337,362,338,-1,338,362,363,-1,338,363,339,-1,339,363,364,-1,339,364,340,-1,340,364,365,-1,340,365,341,-1,341,365,366,-1,341,366,342,-1,342,366,367,-1,342,367,343,-1,343,367,368,-1,343,368,344,-1,344,368,369,-1,344,369,345,-1,345,369,370,-1,345,370,346,-1,346,370,371,-1,346,371,347,-1,347,371,372,-1,347,372,348,-1,348,372,373,-1,348,373,349,-1,349,373,374,-1,349,374,350,-1,350,374,375,-1,350,375,351,-1,351,375,376,-1,351,376,352,-1,352,376,377,-1,352,377,353,-1,353,377,354,-1,377,170,354,-1,354,170,169,-1,354,169,355,-1,355,169,168,-1,355,168,356,-1,356,168,167,-1,356,167,357,-1,357,167,166,-1,357,166,358,-1,358,166,165,-1,358,165,359,-1,359,165,164,-1,359,164,360,-1,360,164,163,-1,360,163,361,-1,361,163,162,-1,361,162,362,-1,362,162,161,-1,362,161,363,-1,363,161,160,-1,363,160,364,-1,364,160,183,-1,364,183,365,-1,365,183,182,-1,365,182,366,-1,366,182,181,-1,366,181,367,-1,367,181,180,-1,367,180,368,-1,368,180,179,-1,368,179,369,-1,369,179,178,-1,369,178,370,-1,370,178,177,-1,370,177,371,-1,371,177,176,-1,371,176,372,-1,372,176,175,-1,372,175,373,-1,373,175,174,-1,373,174,374,-1,374,174,173,-1,374,173,375,-1,375,173,172,-1,375,172,376,-1,376,172,171,-1,376,171,377,-1,377,171,170,-1,236,378,237,-1,237,378,379,-1,237,379,256,-1,256,379,380,-1,256,380,257,-1,257,380,381,-1,257,381,253,-1,253,381,382,-1,253,382,254,-1,254,382,383,-1,254,383,255,-1,255,383,384,-1,255,384,250,-1,250,384,385,-1,250,385,251,-1,251,385,386,-1,251,386,252,-1,252,386,387,-1,252,387,247,-1,247,387,388,-1,247,388,248,-1,248,388,389,-1,248,389,249,-1,249,389,390,-1,249,390,244,-1,244,390,391,-1,244,391,245,-1,245,391,392,-1,245,392,246,-1,246,392,393,-1,246,393,241,-1,241,393,394,-1,241,394,242,-1,242,394,395,-1,242,395,243,-1,243,395,396,-1,243,396,238,-1,238,396,397,-1,238,397,239,-1,239,397,398,-1,239,398,240,-1,240,398,399,-1,240,399,233,-1,233,399,400,-1,233,400,234,-1,234,400,401,-1,234,401,236,-1,236,401,378,-1,401,402,378,-1,378,402,403,-1,378,403,379,-1,379,403,404,-1,379,404,380,-1,380,404,405,-1,380,405,381,-1,381,405,406,-1,381,406,382,-1,382,406,407,-1,382,407,383,-1,383,407,408,-1,383,408,384,-1,384,408,409,-1,384,409,385,-1,385,409,410,-1,385,410,386,-1,386,410,411,-1,386,411,387,-1,387,411,412,-1,387,412,388,-1,388,412,413,-1,388,413,389,-1,389,413,414,-1,389,414,390,-1,390,414,415,-1,390,415,391,-1,391,415,416,-1,391,416,392,-1,392,416,417,-1,392,417,393,-1,393,417,418,-1,393,418,394,-1,394,418,419,-1,394,419,395,-1,395,419,420,-1,395,420,396,-1,396,420,421,-1,396,421,397,-1,397,421,422,-1,397,422,398,-1,398,422,423,-1,398,423,399,-1,399,423,424,-1,399,424,400,-1,400,424,425,-1,400,425,401,-1,401,425,402,-1,425,426,402,-1,402,426,427,-1,402,427,403,-1,403,427,428,-1,403,428,404,-1,404,428,429,-1,404,429,405,-1,405,429,430,-1,405,430,406,-1,406,430,431,-1,406,431,407,-1,407,431,432,-1,407,432,408,-1,408,432,433,-1,408,433,409,-1,409,433,434,-1,409,434,410,-1,410,434,435,-1,410,435,411,-1,411,435,436,-1,411,436,412,-1,412,436,437,-1,412,437,413,-1,413,437,438,-1,413,438,414,-1,414,438,439,-1,414,439,415,-1,415,439,440,-1,415,440,416,-1,416,440,441,-1,416,441,417,-1,417,441,442,-1,417,442,418,-1,418,442,443,-1,418,443,419,-1,419,443,444,-1,419,444,420,-1,420,444,445,-1,420,445,421,-1,421,445,446,-1,421,446,422,-1,422,446,447,-1,422,447,423,-1,423,447,448,-1,423,448,424,-1,424,448,449,-1,424,449,425,-1,425,449,426,-1,449,450,426,-1,426,450,451,-1,426,451,427,-1,427,451,452,-1,427,452,428,-1,428,452,453,-1,428,453,429,-1,429,453,454,-1,429,454,430,-1,430,454,455,-1,430,455,431,-1,431,455,456,-1,431,456,432,-1,432,456,457,-1,432,457,433,-1,433,457,458,-1,433,458,434,-1,434,458,459,-1,434,459,435,-1,435,459,460,-1,435,460,436,-1,436,460,461,-1,436,461,437,-1,437,461,462,-1,437,462,438,-1,438,462,463,-1,438,463,439,-1,439,463,464,-1,439,464,440,-1,440,464,465,-1,440,465,441,-1,441,465,466,-1,441,466,442,-1,442,466,467,-1,442,467,443,-1,443,467,468,-1,443,468,444,-1,444,468,469,-1,444,469,445,-1,445,469,470,-1,445,470,446,-1,446,470,471,-1,446,471,447,-1,447,471,472,-1,447,472,448,-1,448,472,473,-1,448,473,449,-1,449,473,450,-1,473,474,450,-1,450,474,475,-1,450,475,451,-1,451,475,476,-1,451,476,452,-1,452,476,477,-1,452,477,453,-1,453,477,478,-1,453,478,454,-1,454,478,479,-1,454,479,455,-1,455,479,480,-1,455,480,456,-1,456,480,481,-1,456,481,457,-1,457,481,482,-1,457,482,458,-1,458,482,483,-1,458,483,459,-1,459,483,484,-1,459,484,460,-1,460,484,485,-1,460,485,461,-1,461,485,486,-1,461,486,462,-1,462,486,487,-1,462,487,463,-1,463,487,488,-1,463,488,464,-1,464,488,489,-1,464,489,465,-1,465,489,490,-1,465,490,466,-1,466,490,491,-1,466,491,467,-1,467,491,492,-1,467,492,468,-1,468,492,493,-1,468,493,469,-1,469,493,494,-1,469,494,470,-1,470,494,495,-1,470,495,471,-1,471,495,496,-1,471,496,472,-1,472,496,497,-1,472,497,473,-1,473,497,474,-1,497,219,474,-1,474,219,218,-1,474,218,475,-1,475,218,217,-1,475,217,476,-1,476,217,216,-1,476,216,477,-1,477,216,215,-1,477,215,478,-1,478,215,214,-1,478,214,479,-1,479,214,213,-1,479,213,480,-1,480,213,212,-1,480,212,481,-1,481,212,211,-1,481,211,482,-1,482,211,210,-1,482,210,483,-1,483,210,209,-1,483,209,484,-1,484,209,232,-1,484,232,485,-1,485,232,231,-1,485,231,486,-1,486,231,230,-1,486,230,487,-1,487,230,229,-1,487,229,488,-1,488,229,228,-1,488,228,489,-1,489,228,227,-1,489,227,490,-1,490,227,226,-1,490,226,491,-1,491,226,225,-1,491,225,492,-1,492,225,224,-1,492,224,493,-1,493,224,223,-1,493,223,494,-1,494,223,222,-1,494,222,495,-1,495,222,221,-1,495,221,496,-1,496,221,220,-1,496,220,497,-1,497,220,219,-1,498,499,500,-1,500,499,501,-1,500,501,502,-1,502,501,503,-1,502,503,504,-1,504,503,505,-1,504,505,506,-1,506,505,507,-1,508,509,510,-1,510,509,511,-1,510,511,512,-1,512,511,513,-1,512,513,514,-1,514,513,515,-1,514,515,516,-1,517,518,519,-1,519,518,520,-1,499,521,501,-1,501,521,522,-1,501,522,520,-1,520,522,523,-1,520,523,519,-1,507,505,524,-1,524,505,525,-1,524,525,526,-1,527,528,525,-1,525,528,529,-1,525,529,526,-1,530,531,532,-1,532,531,533,-1,532,533,527,-1,527,533,534,-1,527,534,528,-1,530,532,535,-1,535,532,536,-1,535,536,537,-1,537,536,538,-1,538,536,539,-1,538,539,540,-1,540,539,541,-1,541,539,542,-1,541,542,543,-1,543,542,544,-1,544,542,545,-1,544,545,546,-1,546,545,547,-1,547,545,548,-1,547,548,549,-1,550,551,548,-1,548,551,552,-1,548,552,549,-1,509,553,511,-1,511,553,554,-1,511,554,550,-1,550,554,555,-1,550,555,551,-1,556,557,558,-1,558,557,559,-1,558,559,515,-1,515,559,560,-1,515,560,516,-1,556,558,561,-1,561,558,562,-1,561,562,563,-1,563,562,564,-1,564,562,565,-1,564,565,566,-1,567,568,565,-1,565,568,569,-1,565,569,566,-1,570,571,567,-1,567,571,572,-1,567,572,568,-1,573,574,570,-1,570,574,575,-1,570,575,571,-1,576,577,573,-1,573,577,578,-1,573,578,574,-1,517,579,518,-1,518,579,580,-1,518,580,576,-1,576,580,581,-1,576,581,577,-1,582,583,584,-1,584,583,585,-1,584,585,586,-1,587,588,589,-1,589,590,587,-1,587,590,591,-1,587,591,592,-1,592,593,587,-1,587,593,594,-1,587,594,595,-1,595,596,587,-1,587,596,597,-1,587,597,584,-1,584,597,598,-1,584,598,582,-1,599,600,601,-1,601,600,602,-1,601,602,603,-1,603,602,604,-1,603,604,605,-1,605,604,606,-1,605,606,607,-1,607,606,608,-1,609,610,611,-1,611,610,612,-1,611,612,613,-1,613,612,614,-1,613,614,615,-1,615,614,616,-1,615,616,617,-1,618,619,620,-1,620,619,621,-1,600,622,602,-1,602,622,623,-1,602,623,621,-1,621,623,624,-1,621,624,620,-1,608,606,625,-1,625,606,626,-1,625,626,627,-1,628,629,626,-1,626,629,630,-1,626,630,627,-1,631,632,633,-1,633,632,634,-1,633,634,628,-1,628,634,635,-1,628,635,629,-1,631,633,636,-1,636,633,637,-1,636,637,638,-1,638,637,639,-1,639,637,640,-1,639,640,641,-1,641,640,642,-1,642,640,643,-1,642,643,644,-1,644,643,645,-1,645,643,646,-1,645,646,647,-1,647,646,648,-1,648,646,649,-1,648,649,650,-1,651,652,649,-1,649,652,653,-1,649,653,650,-1,610,654,612,-1,612,654,655,-1,612,655,651,-1,651,655,656,-1,651,656,652,-1,657,658,659,-1,659,658,660,-1,659,660,616,-1,616,660,661,-1,616,661,617,-1,657,659,662,-1,662,659,663,-1,662,663,664,-1,664,663,665,-1,665,663,666,-1,665,666,667,-1,668,669,666,-1,666,669,670,-1,666,670,667,-1,671,672,668,-1,668,672,673,-1,668,673,669,-1,674,675,671,-1,671,675,676,-1,671,676,672,-1,677,678,674,-1,674,678,679,-1,674,679,675,-1,618,680,619,-1,619,680,681,-1,619,681,677,-1,677,681,682,-1,677,682,678,-1,683,684,685,-1,685,684,686,-1,687,688,685,-1,689,690,691,-1,687,685,692,-1,688,693,685,-1,685,693,694,-1,685,694,683,-1,695,696,697,-1,691,690,685,-1,685,690,698,-1,685,698,692,-1,695,697,691,-1,691,697,699,-1,691,699,689,-1,529,528,700,-1,530,535,701,-1,537,538,702,-1,543,544,703,-1,552,551,704,-1,507,524,705,-1,506,507,706,-1,706,507,705,-1,706,705,707,-1,707,705,708,-1,708,705,709,-1,708,709,710,-1,710,709,711,-1,711,709,712,-1,711,712,713,-1,713,712,714,-1,714,712,715,-1,714,715,716,-1,716,715,717,-1,717,715,718,-1,717,718,719,-1,719,718,720,-1,720,718,584,-1,720,584,586,-1,585,583,721,-1,721,583,722,-1,721,722,723,-1,723,722,724,-1,724,722,725,-1,724,725,726,-1,727,728,725,-1,725,728,729,-1,725,729,726,-1,730,731,727,-1,727,731,732,-1,727,732,728,-1,733,734,730,-1,730,734,735,-1,730,735,731,-1,733,553,509,-1,508,736,509,-1,509,736,737,-1,509,737,733,-1,733,737,738,-1,733,738,734,-1,582,598,739,-1,739,598,740,-1,739,740,741,-1,741,740,742,-1,741,742,743,-1,743,742,744,-1,743,744,745,-1,745,744,746,-1,745,746,747,-1,747,746,704,-1,596,595,748,-1,748,595,749,-1,748,749,750,-1,750,749,751,-1,750,751,752,-1,752,751,753,-1,752,753,754,-1,754,753,755,-1,754,755,756,-1,756,755,703,-1,589,588,757,-1,757,588,758,-1,757,758,759,-1,759,758,760,-1,759,760,761,-1,761,760,762,-1,761,762,763,-1,763,762,764,-1,763,764,765,-1,765,764,700,-1,583,582,722,-1,722,582,739,-1,722,739,725,-1,725,739,741,-1,725,741,727,-1,727,741,743,-1,727,743,730,-1,730,743,745,-1,730,745,733,-1,733,745,747,-1,733,747,553,-1,553,747,554,-1,704,551,747,-1,747,551,555,-1,747,555,554,-1,549,552,766,-1,766,552,704,-1,766,704,767,-1,767,704,746,-1,767,746,768,-1,768,746,744,-1,768,744,769,-1,769,744,742,-1,769,742,770,-1,770,742,740,-1,770,740,597,-1,597,740,598,-1,597,596,770,-1,770,596,748,-1,770,748,769,-1,769,748,750,-1,769,750,768,-1,768,750,752,-1,768,752,767,-1,767,752,754,-1,767,754,766,-1,766,754,756,-1,766,756,549,-1,549,756,547,-1,703,544,756,-1,756,544,546,-1,756,546,547,-1,541,543,771,-1,771,543,703,-1,771,703,772,-1,772,703,755,-1,772,755,773,-1,773,755,753,-1,773,753,774,-1,774,753,751,-1,774,751,775,-1,775,751,749,-1,775,749,594,-1,594,749,595,-1,594,593,775,-1,775,593,776,-1,775,776,774,-1,774,776,777,-1,774,777,773,-1,773,777,778,-1,773,778,772,-1,772,778,779,-1,772,779,771,-1,771,779,780,-1,771,780,541,-1,541,780,540,-1,593,592,776,-1,776,592,781,-1,776,781,777,-1,777,781,782,-1,777,782,778,-1,778,782,783,-1,778,783,779,-1,779,783,784,-1,779,784,780,-1,780,784,702,-1,780,702,540,-1,540,702,538,-1,592,591,781,-1,781,591,785,-1,781,785,782,-1,782,785,786,-1,782,786,783,-1,783,786,787,-1,783,787,784,-1,784,787,788,-1,784,788,702,-1,702,788,701,-1,702,701,537,-1,537,701,535,-1,531,530,789,-1,789,530,701,-1,789,701,790,-1,790,701,788,-1,790,788,791,-1,791,788,787,-1,791,787,792,-1,792,787,786,-1,792,786,793,-1,793,786,785,-1,793,785,590,-1,590,785,591,-1,590,589,793,-1,793,589,757,-1,793,757,792,-1,792,757,759,-1,792,759,791,-1,791,759,761,-1,791,761,790,-1,790,761,763,-1,790,763,789,-1,789,763,765,-1,789,765,531,-1,531,765,533,-1,700,528,765,-1,765,528,534,-1,765,534,533,-1,526,529,794,-1,794,529,700,-1,794,700,795,-1,795,700,764,-1,795,764,796,-1,796,764,762,-1,796,762,797,-1,797,762,760,-1,797,760,798,-1,798,760,758,-1,798,758,587,-1,587,758,588,-1,587,584,798,-1,798,584,718,-1,798,718,797,-1,797,718,715,-1,797,715,796,-1,796,715,712,-1,796,712,795,-1,795,712,709,-1,795,709,794,-1,794,709,705,-1,794,705,526,-1,526,705,524,-1,630,629,799,-1,631,636,800,-1,638,639,801,-1,644,645,802,-1,653,652,803,-1,608,625,804,-1,607,608,805,-1,805,608,804,-1,805,804,806,-1,806,804,807,-1,807,804,808,-1,807,808,809,-1,809,808,810,-1,810,808,811,-1,810,811,812,-1,812,811,813,-1,813,811,814,-1,813,814,815,-1,815,814,816,-1,816,814,817,-1,816,817,818,-1,818,817,819,-1,819,817,685,-1,819,685,686,-1,684,683,820,-1,820,683,821,-1,820,821,822,-1,822,821,823,-1,823,821,824,-1,823,824,825,-1,826,827,824,-1,824,827,828,-1,824,828,825,-1,829,830,826,-1,826,830,831,-1,826,831,827,-1,832,833,829,-1,829,833,834,-1,829,834,830,-1,832,654,610,-1,609,835,610,-1,610,835,836,-1,610,836,832,-1,832,836,837,-1,832,837,833,-1,694,693,838,-1,838,693,839,-1,838,839,840,-1,840,839,841,-1,840,841,842,-1,842,841,843,-1,842,843,844,-1,844,843,845,-1,844,845,846,-1,846,845,803,-1,687,692,847,-1,847,692,848,-1,847,848,849,-1,849,848,850,-1,849,850,851,-1,851,850,852,-1,851,852,853,-1,853,852,854,-1,853,854,855,-1,855,854,802,-1,696,695,856,-1,856,695,857,-1,856,857,858,-1,858,857,859,-1,858,859,860,-1,860,859,861,-1,860,861,862,-1,862,861,863,-1,862,863,864,-1,864,863,799,-1,683,694,821,-1,821,694,838,-1,821,838,824,-1,824,838,840,-1,824,840,826,-1,826,840,842,-1,826,842,829,-1,829,842,844,-1,829,844,832,-1,832,844,846,-1,832,846,654,-1,654,846,655,-1,803,652,846,-1,846,652,656,-1,846,656,655,-1,650,653,865,-1,865,653,803,-1,865,803,866,-1,866,803,845,-1,866,845,867,-1,867,845,843,-1,867,843,868,-1,868,843,841,-1,868,841,869,-1,869,841,839,-1,869,839,688,-1,688,839,693,-1,688,687,869,-1,869,687,847,-1,869,847,868,-1,868,847,849,-1,868,849,867,-1,867,849,851,-1,867,851,866,-1,866,851,853,-1,866,853,865,-1,865,853,855,-1,865,855,650,-1,650,855,648,-1,802,645,855,-1,855,645,647,-1,855,647,648,-1,642,644,870,-1,870,644,802,-1,870,802,871,-1,871,802,854,-1,871,854,872,-1,872,854,852,-1,872,852,873,-1,873,852,850,-1,873,850,874,-1,874,850,848,-1,874,848,698,-1,698,848,692,-1,698,690,874,-1,874,690,875,-1,874,875,873,-1,873,875,876,-1,873,876,872,-1,872,876,877,-1,872,877,871,-1,871,877,878,-1,871,878,870,-1,870,878,879,-1,870,879,642,-1,642,879,641,-1,690,689,875,-1,875,689,880,-1,875,880,876,-1,876,880,881,-1,876,881,877,-1,877,881,882,-1,877,882,878,-1,878,882,883,-1,878,883,879,-1,879,883,801,-1,879,801,641,-1,641,801,639,-1,689,699,880,-1,880,699,884,-1,880,884,881,-1,881,884,885,-1,881,885,882,-1,882,885,886,-1,882,886,883,-1,883,886,887,-1,883,887,801,-1,801,887,800,-1,801,800,638,-1,638,800,636,-1,632,631,888,-1,888,631,800,-1,888,800,889,-1,889,800,887,-1,889,887,890,-1,890,887,886,-1,890,886,891,-1,891,886,885,-1,891,885,892,-1,892,885,884,-1,892,884,697,-1,697,884,699,-1,697,696,892,-1,892,696,856,-1,892,856,891,-1,891,856,858,-1,891,858,890,-1,890,858,860,-1,890,860,889,-1,889,860,862,-1,889,862,888,-1,888,862,864,-1,888,864,632,-1,632,864,634,-1,799,629,864,-1,864,629,635,-1,864,635,634,-1,627,630,893,-1,893,630,799,-1,893,799,894,-1,894,799,863,-1,894,863,895,-1,895,863,861,-1,895,861,896,-1,896,861,859,-1,896,859,897,-1,897,859,857,-1,897,857,691,-1,691,857,695,-1,691,685,897,-1,897,685,817,-1,897,817,896,-1,896,817,814,-1,896,814,895,-1,895,814,811,-1,895,811,894,-1,894,811,808,-1,894,808,893,-1,893,808,804,-1,893,804,627,-1,627,804,625,-1,514,500,512,-1,512,500,502,-1,512,502,510,-1,510,502,504,-1,498,500,514,-1,516,898,514,-1,514,898,899,-1,514,899,900,-1,900,901,514,-1,514,901,902,-1,514,902,498,-1,903,904,905,-1,905,904,906,-1,907,908,909,-1,909,908,910,-1,516,911,898,-1,898,911,908,-1,898,908,912,-1,912,908,907,-1,906,904,908,-1,908,904,913,-1,908,913,914,-1,915,916,908,-1,908,916,917,-1,908,917,910,-1,914,918,908,-1,908,918,919,-1,908,919,920,-1,920,921,908,-1,908,921,922,-1,908,922,915,-1,915,922,923,-1,508,510,504,-1,706,707,735,-1,734,738,504,-1,734,504,735,-1,735,504,506,-1,735,506,706,-1,717,719,707,-1,729,728,732,-1,738,737,504,-1,504,737,736,-1,504,736,508,-1,717,707,716,-1,721,723,735,-1,735,723,724,-1,724,726,735,-1,735,726,729,-1,735,729,731,-1,731,729,732,-1,711,713,710,-1,710,713,708,-1,719,720,707,-1,707,720,586,-1,707,586,735,-1,735,586,585,-1,735,585,721,-1,708,713,707,-1,707,713,714,-1,707,714,716,-1,615,601,613,-1,613,601,603,-1,613,603,611,-1,611,603,605,-1,599,601,615,-1,617,924,615,-1,615,924,925,-1,615,925,926,-1,926,927,615,-1,615,927,928,-1,615,928,599,-1,929,930,931,-1,931,930,932,-1,933,934,935,-1,935,934,936,-1,617,937,924,-1,924,937,934,-1,924,934,938,-1,938,934,933,-1,932,930,934,-1,934,930,939,-1,934,939,940,-1,941,942,934,-1,934,942,943,-1,934,943,936,-1,940,944,934,-1,934,944,945,-1,934,945,946,-1,946,947,934,-1,934,947,948,-1,934,948,941,-1,941,948,949,-1,609,611,605,-1,805,806,834,-1,833,837,605,-1,833,605,834,-1,834,605,607,-1,834,607,805,-1,816,818,806,-1,828,827,831,-1,837,836,605,-1,605,836,835,-1,605,835,609,-1,816,806,815,-1,820,822,834,-1,834,822,823,-1,823,825,834,-1,834,825,828,-1,834,828,830,-1,830,828,831,-1,810,812,809,-1,809,812,807,-1,818,819,806,-1,806,819,686,-1,806,686,834,-1,834,686,684,-1,834,684,820,-1,807,812,806,-1,806,812,813,-1,806,813,815,-1,
        ]
    }
}