#VRML V2.0 utf8
# 3D model generated by easyeda2kicad.py (https://github.com/uPesy/easyeda2kicad.py)

Shape{
    appearance Appearance {
        material  Material 	{
            diffuseColor 1.0 1.0 1.0
            specularColor 0.5019607843137255 0.5019607843137255 0.5019607843137255
            ambientIntensity 0.2
            transparency 0
            shininess 0.5
        }
    }
    geometry IndexedFaceSet {
        ccw TRUE
        solid FALSE
        coord DEF co Coordinate {
            point [
                -2.2638 -0.1181 1.1614, -2.4606 -0.1181 1.1614, -2.2638 -0.1181 0.8465, -2.4606 -0.1181 0.8465, 3.4449 0.6414 -0.7125, 3.4449 0.6414 -0.8071, 3.4449 0.6839 -0.8071, 3.4449 -0.661 0.5315, 3.4449 -1.378 0.5315, 3.4449 -1.378 0.2388, 3.4449 0.8092 -0.9892, 3.4449 0.8061 -0.9895, 3.4449 0.8322 -0.9895, 3.4449 0.7864 -0.9892, 3.4449 0.7834 -0.9881, 3.4449 0.7834 -0.9895, 3.4449 0.3901 -0.7005, 3.4449 0.4066 -0.7116, 3.4449 0.5839 -0.7116, 3.4449 0.424 -0.7233, 3.4449 0.4492 -0.7525, 3.4449 0.5341 -0.8514, 3.4449 0.5839 -0.8514, 3.4449 0.5274 -0.8347, 3.4449 0.5119 -0.8131, 3.4449 0.4913 -0.7957, 3.4449 0.465 -0.7833, 3.4449 0.4687 -0.7845, 3.4449 0.2482 -0.7019, 3.4449 0.2832 -0.6885, 3.4449 -0.661 0.2388, 3.4449 0.3208 -0.6838, 3.4449 0.3521 -0.6871, 3.4449 0.5839 0.2388, 3.4449 0.2327 -0.7116, 3.4449 -0.661 -0.7116, 3.4449 0.2297 -0.7134, 3.4449 0.0733 -0.8052, 3.4449 0.0915 -0.7817, 3.4449 0.1489 -0.749, 3.4449 0.1788 -0.7453, 3.4449 0.2118 -0.7287, 3.4449 0.1876 -0.7458, 3.4449 0.1963 -0.7468, 3.4449 0.0967 -0.7769, 3.4449 0.1208 -0.7599, 3.4449 0.1114 -0.9712, 3.4449 0.0877 -0.951, 3.4449 -0.661 -0.9895, 3.4449 0.1388 -0.9846, 3.4449 0.0704 -0.9263, 3.4449 0.0595 -0.898, 3.4449 -0.661 -0.8514, 3.4449 0.0559 -0.8683, 3.4449 0.0561 -0.861, 3.4449 0.0578 -0.8514, 3.4449 0.0612 -0.8325, 3.4449 0.1485 -0.9874, 3.4449 0.1494 -0.9895, 3.4449 0.1561 -1.0038, 3.4449 0.1674 -1.0177, 3.4449 0.252 -1.0318, 3.4449 0.239 -1.0368, 3.4449 0.5839 -1.1614, 3.4449 0.2206 -1.0391, 3.4449 0.2177 -1.039, 3.4449 -0.661 -1.1614, 3.4449 0.1998 -1.0362, 3.4449 -0.661 -1.0318, 3.4449 0.1892 -1.0318, 3.4449 0.1823 -1.0289, 3.4449 0.2917 -0.9895, 3.4449 0.2916 -0.9899, 3.4449 0.5839 -1.0318, 3.4449 0.2826 -1.0068, 3.4449 0.271 -1.0198, 3.4449 0.2559 -1.0303, 3.4449 0.3886 -0.9447, 3.4449 0.3938 -0.9427, 3.4449 0.4027 -0.8994, 3.4449 0.2775 -0.9123, 3.4449 0.3792 -0.8592, 3.4449 0.2642 -0.9002, 3.4449 0.2481 -0.8916, 3.4449 0.384 -0.948, 3.4449 0.5271 -0.9338, 3.4449 0.5121 -0.9548, 3.4449 0.5839 -0.9895, 3.4449 0.4927 -0.8767, 3.4449 0.4891 -0.8621, 3.4449 0.4833 -0.8514, 3.4449 0.1056 -0.8514, 3.4449 0.5367 -0.8579, 3.4449 0.5401 -0.8827, 3.4449 0.5367 -0.9098, 3.4449 0.3997 -0.9419, 3.4449 0.4005 -0.942, 3.4449 0.4027 -0.9425, 3.4449 0.1101 -0.8971, 3.4449 0.1191 -0.9124, 3.4449 0.1576 -0.9203, 3.4449 0.1327 -0.9264, 3.4449 0.1492 -0.9366, 3.4449 0.1856 -0.8952, 3.4449 0.1701 -0.906, 3.4449 0.1037 -0.8668, 3.4449 0.1046 -0.8786, 3.4449 0.2024 -0.8887, 3.4449 0.2206 -0.8865, 3.4449 0.2298 -0.887, 3.4449 0.4914 -0.9723, 3.4449 0.4683 -0.9836, 3.4449 0.443 -0.989, 3.4449 0.3762 -0.9654, 3.4449 0.3764 -0.9624, 3.4449 0.2965 -0.9556, 3.4449 0.3779 -0.9567, 3.4449 0.3808 -0.9515, 3.4449 0.4776 -0.9236, 3.4449 0.486 -0.9118, 3.4449 0.4912 -0.8983, 3.4449 0.4931 -0.8835, 3.4449 0.3982 -0.989, 3.4449 0.3939 -0.9883, 3.4449 0.3889 -0.9863, 3.4449 0.384 -0.9828, 3.4449 0.3822 -0.981, 3.4449 0.3789 -0.9762, 3.4449 0.3769 -0.9711, 3.4449 0.2961 -0.9712, 3.4449 0.2965 -0.9632, 3.4449 0.4043 -0.9427, 3.4449 0.4384 -0.9427, 3.4449 0.4521 -0.94, 3.4449 0.4655 -0.9338, 3.4449 0.4767 -0.9246, 3.4449 0.4114 -0.7786, 3.4449 0.3942 -0.7581, 3.4449 0.2198 -0.8022, 3.4449 0.3924 -0.7565, 3.4449 0.3711 -0.7417, 3.4449 0.2314 -0.7782, 3.4449 0.2145 -0.7993, 3.4449 0.1975 -0.7931, 3.4449 0.482 -0.8491, 3.4449 0.4734 -0.8394, 3.4449 0.4339 -0.8243, 3.4449 0.4616 -0.8312, 3.4449 0.4483 -0.826, 3.4449 0.4278 -0.8243, 3.4449 0.4231 -0.803, 3.4449 0.1528 -0.7957, 3.4449 0.1359 -0.8047, 3.4449 0.1716 -0.7913, 3.4449 0.123 -0.8163, 3.4449 0.1125 -0.8314, 3.4449 0.2485 -0.7579, 3.4449 0.3473 -0.7325, 3.4449 0.2688 -0.743, 3.4449 0.3215 -0.7294, 3.4449 0.2936 -0.733, 3.4449 0.1796 -0.7909, 3.4449 0.106 -0.8484, 3.4449 0.9782 -0.8941, 3.4449 0.9807 -0.9764, 3.4449 0.9907 -0.8514, 3.4449 0.9907 -0.9895, 3.4449 0.9807 -0.9886, 3.4449 0.957 -0.9895, 3.4449 0.937 -0.8941, 3.4449 0.937 -0.9283, 3.4449 0.957 -0.8941, 3.4449 0.957 -0.9283, 3.4449 0.9752 -0.9283, 3.4449 0.9752 -0.9405, 3.4449 0.957 -0.9764, 3.4449 0.957 -0.9405, 3.4449 0.937 -0.9764, 3.4449 0.937 -0.9405, 3.4449 0.957 -0.9886, 3.4449 0.9232 -0.9886, 3.4449 0.916 -0.9895, 3.4449 0.9232 -0.8818, 3.4449 0.739 -0.9845, 3.4449 0.7343 -0.9877, 3.4449 0.7457 -0.9886, 3.4449 0.7292 -0.9895, 3.4449 0.7591 -0.9886, 3.4449 0.7778 -0.9281, 3.4449 0.7794 -0.9238, 3.4449 0.7578 -0.9286, 3.4449 0.7772 -0.9721, 3.4449 0.7591 -0.9395, 3.4449 0.7772 -0.9859, 3.4449 0.693 -0.9895, 3.4449 0.7001 -0.9788, 3.4449 0.6984 -0.9742, 3.4449 0.7457 -0.9768, 3.4449 0.7453 -0.9768, 3.4449 0.7432 -0.98, 3.4449 0.7088 -0.9875, 3.4449 0.714 -0.9895, 3.4449 0.7142 -0.9895, 3.4449 0.7029 -0.9526, 3.4449 0.7069 -0.949, 3.4449 0.7052 -0.9307, 3.4449 0.7123 -0.946, 3.4449 0.7142 -0.925, 3.4449 0.7231 -0.9433, 3.4449 0.7348 -0.9219, 3.4449 0.7302 -0.9215, 3.4449 0.7225 -0.9222, 3.4449 0.7043 -0.9844, 3.4449 0.7028 -0.9829, 3.4449 0.6978 -0.9682, 3.4449 0.6984 -0.9618, 3.4449 0.693 -0.8514, 3.4449 0.7094 -0.9154, 3.4449 0.7052 -0.9177, 3.4449 0.7001 -0.9569, 3.4449 0.7499 -0.9158, 3.4449 0.7528 -0.9186, 3.4449 0.7556 -0.9227, 3.4449 0.7196 -0.9118, 3.4449 0.7315 -0.9106, 3.4449 0.74 -0.9114, 3.4449 0.7778 -0.9381, 3.4449 0.7773 -0.9329, 3.4449 0.7457 -0.9401, 3.4449 0.7452 -0.9342, 3.4449 0.7438 -0.9295, 3.4449 0.7423 -0.9267, 3.4449 0.7834 -0.9756, 3.4449 0.7834 -0.9474, 3.4449 0.7816 -0.9749, 3.4449 0.7832 -0.9473, 3.4449 0.7811 -0.945, 3.4449 0.7793 -0.9422, 3.4449 0.7402 -0.9246, 3.4449 0.7379 -0.923, 3.4449 0.7893 -0.9895, 3.4449 0.7834 -1.0318, 3.4449 0.7979 -0.9904, 3.4449 0.8322 -1.0318, 3.4449 0.825 -0.914, 3.4449 0.825 -0.927, 3.4449 0.7819 -0.9202, 3.4449 0.7834 -0.9189, 3.4449 0.7834 -0.8514, 3.4449 0.7858 -0.9167, 3.4449 0.7893 -0.9146, 3.4449 0.828 -0.9732, 3.4449 0.8264 -0.9775, 3.4449 0.8239 -0.981, 3.4449 0.7965 -0.9118, 3.4449 0.8069 -0.9106, 3.4449 0.8322 -0.8514, 3.4449 0.8152 -0.9112, 3.4449 0.8242 -0.9552, 3.4449 0.8267 -0.9589, 3.4449 0.8281 -0.9629, 3.4449 0.8287 -0.9679, 3.4449 0.8201 -0.9843, 3.4449 0.8164 -0.9866, 3.4449 0.8056 -0.9215, 3.4449 0.8017 -0.9218, 3.4449 0.791 -0.9317, 3.4449 0.7981 -0.9227, 3.4449 0.7951 -0.9243, 3.4449 0.7912 -0.9335, 3.4449 0.7917 -0.9356, 3.4449 0.7927 -0.9374, 3.4449 0.794 -0.9388, 3.4449 0.7987 -0.9418, 3.4449 0.8153 -0.9227, 3.4449 0.8069 -0.9454, 3.4449 0.8228 -0.9257, 3.4449 0.8121 -0.9475, 3.4449 0.821 -0.9524, 3.4449 0.7931 -0.9261, 3.4449 0.7919 -0.9278, 3.4449 0.7913 -0.9296, 3.4449 0.7899 -0.9783, 3.4449 0.7975 -0.9551, 3.4449 0.7895 -0.9514, 3.4449 0.7992 -0.9795, 3.4449 0.7998 -0.9795, 3.4449 0.8063 -0.9588, 3.4449 0.8066 -0.9787, 3.4449 0.8149 -0.9692, 3.4449 0.8148 -0.9675, 3.4449 0.8101 -0.9774, 3.4449 0.8113 -0.9767, 3.4449 0.8128 -0.9753, 3.4449 0.814 -0.9736, 3.4449 0.8147 -0.9717, 3.4449 0.8142 -0.9654, 3.4449 0.8132 -0.9636, 3.4449 0.8115 -0.9619, 3.4449 1.0299 -0.79, 3.4449 0.9907 -0.79, 3.4449 1.0408 -0.8192, 3.4449 1.0154 -0.7125, 3.4449 1.056 -0.8192, 3.4449 1.378 -0.8514, 3.4449 1.378 -0.7116, 3.4449 0.9907 -0.7116, 3.4449 1.0006 -0.7125, 3.4449 0.9907 -0.7384, 3.4449 0.96 -0.8192, 3.4449 0.957 -0.8514, 3.4449 0.9752 -0.8192, 3.4449 0.9855 -0.79, 3.4449 0.8965 -0.8192, 3.4449 0.8671 -0.8192, 3.4449 0.857 -0.8514, 3.4449 0.857 -0.7116, 3.4449 0.8671 -0.7125, 3.4449 0.8976 -0.7125, 3.4449 0.916 -0.7116, 3.4449 0.8997 -0.7125, 3.4449 0.9379 -0.7266, 3.4449 0.943 -0.7317, 3.4449 0.957 -0.7116, 3.4449 0.9536 -0.7726, 3.4449 0.9507 -0.7849, 3.4449 0.9452 -0.7958, 3.4449 0.9158 -0.7148, 3.4449 0.916 -0.7149, 3.4449 0.9284 -0.7199, 3.4449 0.9379 -0.8043, 3.4449 0.9266 -0.8124, 3.4449 0.916 -0.8514, 3.4449 0.916 -0.8165, 3.4449 0.9144 -0.8171, 3.4449 0.9492 -0.7414, 3.4449 0.9528 -0.752, 3.4449 0.954 -0.7645, 3.4449 0.8322 -0.7116, 3.4449 0.8445 -0.7125, 3.4449 0.8322 -0.7125, 3.4449 0.8033 -0.7248, 3.4449 0.8033 -0.7589, 3.4449 0.8322 -0.7248, 3.4449 0.8322 -0.7589, 3.4449 0.8445 -0.7248, 3.4449 0.8415 -0.7589, 3.4449 0.847 -0.8071, 3.4449 0.8415 -0.7711, 3.4449 0.8322 -0.8071, 3.4449 0.8322 -0.7711, 3.4449 0.8033 -0.8071, 3.4449 0.8033 -0.7711, 3.4449 0.847 -0.8192, 3.4449 0.8322 -0.8192, 3.4449 0.7895 -0.7125, 3.4449 0.7834 -0.7116, 3.4449 0.7895 -0.8192, 3.4449 -0.1969 0.6496, 3.4449 -0.1969 0.5315, 3.4449 -0.3428 0.8397, 3.4449 -0.2953 0.8201, 3.4449 0.5839 1.1614, 3.4449 -0.2545 0.7888, 3.4449 -0.2232 0.748, 3.4449 -0.2036 0.7006, 3.4449 -0.661 1.1614, 3.4449 -1.378 1.1614, 3.4449 -1.378 0.9449, 3.4449 -0.3937 0.8465, 3.4449 -0.661 0.8465, 3.4449 -1.2795 0.8465, 3.4449 0.7682 -0.715, 3.4449 0.7582 -0.712, 3.4449 0.7536 -0.7116, 3.4449 0.7682 -0.7294, 3.4449 0.7315 -0.8207, 3.4449 0.72 -0.8182, 3.4449 0.7658 -0.7282, 3.4449 0.7682 -0.8016, 3.4449 0.7548 -0.7244, 3.4449 0.7466 -0.8085, 3.4449 0.7585 -0.806, 3.4449 0.7027 -0.7682, 3.4449 0.7027 -0.7671, 3.4449 0.7663 -0.8157, 3.4449 0.7549 -0.8195, 3.4449 0.7682 -0.8148, 3.4449 0.7386 -0.821, 3.4449 0.71 -0.8133, 3.4449 0.7019 -0.8065, 3.4449 0.7009 -0.8054, 3.4449 0.743 -0.7231, 3.4449 0.7392 -0.7233, 3.4449 0.7298 -0.725, 3.4449 0.7121 -0.7371, 3.4449 0.7072 -0.7448, 3.4449 0.7039 -0.7545, 3.4449 0.7044 -0.7812, 3.4449 0.7078 -0.7899, 3.4449 0.7132 -0.7975, 3.4449 0.7225 -0.8046, 3.4449 0.7301 -0.8075, 3.4449 0.7406 -0.8088, 3.4449 0.7214 -0.7288, 3.4449 0.7139 -0.735, 3.4449 0.7155 -0.7998, 3.4449 0.7455 -0.9132, 3.4449 0.7445 -0.7107, 3.4449 0.7834 0.2388, 3.4449 0.7429 -0.7107, 3.4449 0.693 0.2388, 3.4449 0.7354 -0.7116, 3.4449 0.7164 -0.7168, 3.4449 0.7276 -0.7125, 3.4449 0.693 -0.7116, 3.4449 0.6967 -0.7353, 3.4449 0.7037 -0.7264, 3.4449 0.7061 -0.7241, 3.4449 0.6946 -0.7962, 3.4449 0.693 -0.7921, 3.4449 0.6866 -0.8514, 3.4449 0.6866 -0.7116, 3.4449 0.6913 -0.7469, 3.4449 0.693 -0.7432, 3.4449 0.6903 -0.7851, 3.4449 0.6882 -0.7679, 3.4449 0.6886 -0.7605, 3.4449 0.722 -0.9904, 3.4449 0.693 -1.0318, 3.4449 0.7289 -0.9896, 3.4449 0.895 -0.9123, 3.4449 0.9088 -0.9123, 3.4449 0.957 -0.8818, 3.4449 0.9782 -0.8818, 3.4449 0.8705 -0.9697, 3.4449 0.8721 -0.9759, 3.4449 0.8725 -0.9759, 3.4449 0.857 -0.9309, 3.4449 0.8741 -0.9698, 3.4449 0.8731 -0.9733, 3.4449 0.857 -0.9668, 3.4449 0.8356 -0.9123, 3.4449 0.8506 -0.9123, 3.4449 0.8651 -0.9895, 3.4449 0.8655 -0.9884, 3.4449 0.857 -1.0071, 3.4449 0.8571 -1.0071, 3.4449 0.857 -0.9895, 3.4449 0.8597 -1.0023, 3.4449 0.8384 -1.0115, 3.4449 0.8384 -1.0234, 3.4449 0.8411 -1.0124, 3.4449 0.846 -1.013, 3.4449 0.8492 -1.0127, 3.4449 0.857 -1.0221, 3.4449 0.8524 -1.0239, 3.4449 0.857 -1.0318, 3.4449 0.847 -1.0245, 3.4449 0.8441 -1.0244, 3.4449 0.8521 -1.0116, 3.4449 0.8546 -1.0099, 3.4449 0.8742 -1.0001, 3.4449 0.8682 -1.0119, 3.4449 0.916 -1.0318, 3.4449 0.8784 -0.9895, 3.4449 0.8633 -1.0178, 3.4449 0.8624 -1.0186, 3.4449 0.8577 -1.0219, 3.4449 0.6866 1.1614, 3.4449 0.6866 0.2388, 3.4449 0.693 1.1614, 3.4449 0.7834 1.1614, 3.4449 0.8322 1.1614, 3.4449 0.8322 0.2388, 3.4449 0.857 1.1614, 3.4449 0.857 0.2388, 3.4449 0.916 1.1614, 3.4449 0.916 0.2388, 3.4449 0.957 1.1614, 3.4449 0.957 0.2388, 3.4449 0.9907 1.1614, 3.4449 0.9907 0.2388, 3.4449 1.378 1.1614, 3.4449 1.378 0.2388, 3.4449 0.6276 -0.8192, 3.4449 0.6276 -0.7125, 3.4449 0.6839 -0.8192, 3.4449 1.1089 -0.9886, 3.4449 1.0937 -0.9886, 3.4449 1.1745 -0.9886, 3.4449 1.1636 -0.9594, 3.4449 1.1191 -0.9594, 3.4449 1.0873 -0.942, 3.4449 1.0844 -0.9543, 3.4449 1.1343 -0.8818, 3.4449 1.1491 -0.8818, 3.4449 1.1897 -0.9886, 3.4449 1.378 -0.9895, 3.4449 1.0789 -0.9652, 3.4449 1.0716 -0.9736, 3.4449 1.0603 -0.9817, 3.4449 1.0877 -0.9339, 3.4449 1.0865 -0.9214, 3.4449 1.0481 -0.9864, 3.4449 1.0302 -0.9886, 3.4449 1.0008 -0.9886, 3.4449 1.0008 -0.8818, 3.4449 1.0313 -0.8818, 3.4449 1.0716 -0.896, 3.4449 1.0767 -0.9011, 3.4449 1.0829 -0.9108, 3.4449 1.0334 -0.8819, 3.4449 1.0495 -0.8841, 3.4449 1.0621 -0.8892, 3.4449 0.6866 -0.9895, 3.4449 0.6276 -0.9886, 3.4449 0.6414 -0.9405, 3.4449 0.6414 -0.9764, 3.4449 0.6795 -0.9405, 3.4449 0.685 -0.9764, 3.4449 0.6795 -0.9283, 3.4449 0.6276 -0.8818, 3.4449 0.6826 -0.8818, 3.4449 0.6826 -0.8941, 3.4449 0.6414 -0.8941, 3.4449 0.6414 -0.9283, 3.4449 0.685 -0.9886, 3.4449 0.957 -1.0318, 3.4449 0.9907 -1.0318, 3.4449 1.378 -1.0318, 3.4449 0.6866 -1.0318, 3.4449 0.6866 -1.1614, 3.4449 0.693 -1.1614, 3.4449 0.7834 -1.1614, 3.4449 0.8322 -1.1614, 3.4449 0.857 -1.1614, 3.4449 0.916 -1.1614, 3.4449 0.957 -1.1614, 3.4449 0.9907 -1.1614, 3.4449 1.378 -1.1614, 3.4449 -1.378 -0.7116, 3.4449 -1.378 -0.8514, 3.4449 -1.378 -0.9895, 3.4449 -1.378 -1.0318, 3.4449 -1.378 -1.1614, -3.1299 0.5906 0.8465, -3.1299 0.5906 0.6043, -1.9685 0.5906 0.6043, -1.9685 0.5906 0.0, -2.3346 0.5906 0.1102, -2.5866 0.5906 0.1102, -2.3346 0.5906 0.3622, -2.5866 0.5906 0.3622, -3.1299 0.5906 0.0, -1.3504 0.5906 0.3622, -0.9843 0.5906 0.6043, -1.6024 0.5906 0.3622, -1.6024 0.5906 0.1102, -1.3504 0.5906 0.1102, -0.9843 0.5906 0.0, -0.3661 0.5906 0.3622, -0.0 0.5906 0.6043, -0.6181 0.5906 0.3622, -0.6181 0.5906 0.1102, -0.3661 0.5906 0.1102, -0.0 0.5906 0.0, 0.6181 0.5906 0.3622, 0.9843 0.5906 0.6043, 0.3661 0.5906 0.3622, 0.3661 0.5906 0.1102, 0.6181 0.5906 0.1102, 0.9843 0.5906 0.0, 1.6024 0.5906 0.3622, 1.9685 0.5906 0.6043, 1.3504 0.5906 0.3622, 1.3504 0.5906 0.1102, 1.6024 0.5906 0.1102, 1.9685 0.5906 0.0, 2.5866 0.5906 0.3622, 2.5866 0.5906 0.1102, 2.8583 0.5906 0.0, 2.3346 0.5906 0.1102, 2.8583 0.5906 0.6043, 2.3346 0.5906 0.3622, 3.1299 0.5906 0.0, 3.1299 0.5906 0.6043, -1.9685 0.5906 0.8465, -0.9843 0.5906 0.8465, -0.0 0.5906 0.8465, 0.9843 0.5906 0.8465, 1.9685 0.5906 0.8465, 2.8583 0.5906 0.8465, 3.1299 0.5906 0.8465, 3.1299 -0.3428 0.8397, 3.1299 -0.3937 0.8465, 3.1299 -1.2795 -0.8465, 3.1299 -1.2795 0.5315, 3.1299 -0.1969 0.5315, 3.1299 -0.2953 0.8201, 3.1299 -0.1969 0.6496, 3.1299 -0.2036 0.7006, 3.1299 -0.2232 0.748, 3.1299 -0.2545 0.7888, 3.1299 0.5118 0.0, 3.1299 0.5118 -0.8465, -3.1299 -0.1969 0.5315, -3.1299 -1.2795 0.5315, -3.1299 -1.2795 -0.8465, -3.1299 0.5118 0.0, -3.1299 -0.3937 0.8465, -3.1299 -0.3428 0.8397, -3.1299 -0.2953 0.8201, -3.1299 -0.2545 0.7888, -3.1299 -0.2232 0.748, -3.1299 -0.2036 0.7006, -3.1299 -0.1969 0.6496, -3.1299 0.5118 -0.8465, 2.8543 -1.378 0.9449, 2.8543 -1.378 1.1614, -2.8543 -1.378 0.9449, -2.8543 -1.378 1.1614, -3.4449 -1.378 0.9449, -3.4449 -1.378 1.1614, -2.6969 1.378 -1.1614, -3.4449 1.378 -1.1614, -2.6969 1.378 1.1614, -3.4449 1.378 1.1614, -2.2244 1.378 1.1614, -1.7126 1.378 1.1614, -2.2244 1.378 -1.1614, -1.7126 1.378 -1.1614, 2.2244 1.378 -1.1614, 1.7126 1.378 -1.1614, 2.2244 1.378 1.1614, 1.7126 1.378 1.1614, 1.2402 1.378 -1.1614, 0.7283 1.378 -1.1614, 1.2402 1.378 1.1614, 0.7283 1.378 1.1614, 0.2559 1.378 -1.1614, -0.2559 1.378 -1.1614, 0.2559 1.378 1.1614, -0.2559 1.378 1.1614, -1.2402 1.378 1.1614, -0.7283 1.378 1.1614, -1.2402 1.378 -1.1614, -0.7283 1.378 -1.1614, -3.4449 -0.3937 0.8465, -3.4449 -1.2795 0.8465, -3.4449 -0.2036 0.7006, -3.4449 -0.2232 0.748, -3.4449 -0.2545 0.7888, -3.4449 -0.2953 0.8201, -3.4449 -0.3428 0.8397, -3.4449 -1.378 -1.1614, -3.4449 -1.378 0.5315, -3.4449 -0.1969 0.5315, -3.4449 -0.1969 0.6496, -0.2559 1.0469 -1.1614, 0.7283 1.0469 -1.1614, 0.2559 1.0469 -1.1614, 1.7126 1.0469 -1.1614, 2.2244 1.0469 -1.1614, 2.6969 1.378 -1.1614, -2.2244 1.0469 -1.1614, -2.6969 1.0469 -1.1614, -1.7126 1.0469 -1.1614, -1.2402 1.0469 -1.1614, -0.7283 1.0469 -1.1614, 1.2402 1.0469 -1.1614, 2.6969 1.0469 -1.1614, -2.6969 1.0386 1.1614, 2.6969 1.0386 1.1614, 2.6969 1.378 1.1614, -1.7126 1.0386 1.1614, -2.2244 1.0386 1.1614, 2.2244 1.0386 1.1614, 2.2638 -0.1181 1.1614, -2.2638 -1.378 1.1614, 2.2638 -1.378 1.1614, 1.2402 1.0386 1.1614, -0.7283 1.0386 1.1614, -2.6575 -0.1709 1.1614, -2.5625 -0.1315 1.1614, -2.7179 -1.1417 1.1614, -2.8543 -1.1417 1.1614, 2.4606 -0.1181 1.1614, 2.5625 -0.1315 1.1614, 2.6575 -0.1709 1.1614, 0.7283 1.0386 1.1614, 1.7126 1.0386 1.1614, 0.2559 1.0386 1.1614, -0.2559 1.0386 1.1614, -2.8543 -0.5118 1.1614, -2.8409 -0.4099 1.1614, -2.8016 -0.315 1.1614, -2.739 -0.2334 1.1614, -1.2402 1.0386 1.1614, 2.739 -0.2334 1.1614, 2.8016 -0.315 1.1614, 2.7179 -1.1417 1.1614, 2.8543 -1.1417 1.1614, 2.8543 -0.5118 1.1614, 2.8409 -0.4099 1.1614, -3.2283 -1.378 0.5315, -3.2283 -1.378 -0.9449, 3.2283 -1.378 -0.9449, 3.2283 -1.378 0.5315, -2.7179 -1.1417 0.8465, -2.7975 -1.2795 0.8465, -2.8543 -1.1417 0.8465, -2.6575 -0.1709 0.8465, -2.739 -0.2334 0.8465, -2.8016 -0.315 0.8465, -2.8409 -0.4099 0.8465, 2.7975 -1.2795 0.8465, 2.8543 -1.1417 0.8465, 2.7179 -1.1417 0.8465, -2.8543 -0.5118 0.8465, 2.739 -0.2334 0.8465, 2.6575 -0.1709 0.8465, 2.2638 -1.378 0.8465, 2.2638 -0.1181 0.8465, -2.2638 -1.378 0.8465, -2.5625 -0.1315 0.8465, 2.8543 -0.5118 0.8465, 2.8409 -0.4099 0.8465, 2.8016 -0.315 0.8465, 2.5625 -0.1315 0.8465, 2.4606 -0.1181 0.8465, -0.7283 1.2205 0.8465, -0.7283 1.2205 -0.1772, -0.2559 1.2205 0.8465, -0.2559 1.2205 -0.1772, -0.3661 1.2205 0.0865, -0.3661 1.2205 0.3504, -0.6181 1.2205 0.0865, -0.6181 1.2205 0.3504, 0.2559 1.2205 0.8465, 0.2559 1.2205 -0.1772, 0.7283 1.2205 0.8465, 0.7283 1.2205 -0.1772, 1.2402 1.2205 0.8465, 1.2402 1.2205 -0.1772, 1.7126 1.2205 0.8465, 1.7126 1.2205 -0.1772, 2.2244 1.2205 0.8465, 2.2244 1.2205 -0.1772, 2.6969 1.2205 0.8465, 2.6969 1.2205 -0.1772, -1.7126 1.2205 0.8465, -1.7126 1.2205 -0.1772, -1.2402 1.2205 0.8465, -1.2402 1.2205 -0.1772, -2.6969 1.2205 0.8465, -2.6969 1.2205 -0.1772, -2.2244 1.2205 0.8465, -2.2244 1.2205 -0.1772, -1.3504 1.2205 0.0865, -1.3504 1.2205 0.3504, -1.6024 1.2205 0.0865, -1.6024 1.2205 0.3504, -2.3346 1.2205 0.0865, -2.3346 1.2205 0.3504, -2.5866 1.2205 0.0865, -2.5866 1.2205 0.3504, 0.6181 1.2205 0.0865, 0.6181 1.2205 0.3504, 0.3661 1.2205 0.0865, 0.3661 1.2205 0.3504, 1.6024 1.2205 0.0865, 1.6024 1.2205 0.3504, 1.3504 1.2205 0.0865, 1.3504 1.2205 0.3504, 2.5866 1.2205 0.0865, 2.5866 1.2205 0.3504, 2.3346 1.2205 0.0865, 2.3346 1.2205 0.3504, 2.3346 1.2205 0.3504
            ]
        }
        coordIndex [
            0,1,2,-1,2,1,3,-1,4,5,6,-1,7,8,9,-1,10,11,12,-1,13,14,15,-1,16,17,18,-1,18,17,19,-1,18,19,20,-1,21,22,23,-1,23,22,18,-1,23,18,24,-1,24,18,25,-1,20,26,18,-1,18,26,27,-1,18,27,25,-1,28,29,30,-1,31,32,33,-1,31,33,29,-1,28,30,34,-1,34,30,35,-1,34,35,36,-1,35,37,38,-1,35,39,36,-1,36,39,40,-1,36,40,41,-1,41,40,42,-1,41,42,43,-1,38,44,35,-1,35,44,45,-1,35,45,39,-1,46,47,48,-1,46,48,49,-1,47,50,48,-1,48,50,51,-1,48,51,52,-1,52,51,53,-1,53,54,52,-1,52,54,55,-1,52,55,35,-1,35,55,56,-1,35,56,37,-1,57,49,58,-1,58,49,48,-1,58,48,59,-1,59,48,60,-1,61,62,63,-1,62,64,63,-1,63,64,65,-1,63,65,66,-1,66,65,67,-1,66,67,68,-1,68,67,69,-1,68,69,48,-1,48,69,70,-1,48,70,60,-1,71,72,73,-1,72,74,73,-1,73,74,75,-1,73,75,76,-1,77,78,79,-1,80,81,82,-1,82,81,83,-1,77,79,84,-1,85,86,87,-1,88,89,81,-1,81,89,90,-1,81,90,91,-1,21,92,22,-1,22,92,93,-1,22,93,87,-1,87,93,94,-1,87,94,85,-1,78,95,79,-1,79,95,96,-1,79,96,97,-1,98,99,100,-1,100,99,101,-1,100,101,102,-1,103,91,104,-1,104,91,105,-1,104,105,100,-1,100,105,106,-1,100,106,98,-1,103,107,91,-1,91,107,108,-1,91,108,81,-1,81,108,109,-1,81,109,83,-1,86,110,87,-1,87,110,111,-1,87,111,112,-1,113,114,115,-1,115,114,116,-1,115,116,79,-1,79,116,117,-1,79,117,84,-1,118,119,79,-1,79,119,120,-1,79,120,81,-1,81,120,121,-1,81,121,88,-1,122,123,71,-1,123,124,71,-1,71,124,125,-1,71,125,126,-1,126,127,71,-1,71,127,128,-1,71,128,129,-1,129,128,113,-1,129,113,130,-1,130,113,115,-1,97,131,79,-1,79,131,132,-1,79,132,133,-1,133,134,79,-1,79,134,135,-1,79,135,118,-1,136,137,138,-1,137,139,138,-1,138,139,140,-1,138,140,141,-1,90,138,91,-1,91,138,142,-1,91,142,143,-1,144,145,146,-1,146,145,147,-1,146,147,148,-1,144,146,90,-1,90,146,149,-1,90,149,138,-1,138,149,150,-1,138,150,136,-1,151,152,153,-1,153,152,154,-1,153,154,155,-1,141,140,156,-1,156,140,157,-1,156,157,158,-1,158,157,159,-1,158,159,160,-1,143,161,91,-1,91,161,153,-1,91,153,162,-1,162,153,155,-1,163,164,165,-1,165,164,166,-1,166,164,167,-1,166,167,168,-1,169,170,171,-1,171,170,172,-1,171,172,163,-1,163,172,173,-1,163,173,164,-1,164,173,174,-1,164,174,175,-1,175,174,176,-1,175,176,177,-1,177,176,178,-1,167,179,168,-1,168,179,180,-1,168,180,181,-1,181,180,182,-1,183,184,185,-1,185,184,186,-1,185,186,187,-1,188,189,190,-1,191,192,193,-1,193,192,187,-1,194,195,196,-1,197,198,185,-1,185,198,199,-1,185,199,183,-1,200,194,201,-1,201,194,202,-1,203,204,205,-1,205,204,206,-1,205,206,207,-1,207,206,208,-1,209,210,208,-1,208,210,211,-1,208,211,207,-1,200,212,194,-1,194,212,213,-1,194,213,195,-1,214,215,216,-1,217,216,218,-1,218,216,215,-1,218,215,205,-1,205,215,219,-1,205,219,203,-1,220,221,189,-1,189,221,222,-1,189,222,190,-1,217,223,216,-1,216,223,224,-1,216,224,225,-1,192,226,190,-1,190,226,227,-1,190,227,188,-1,228,229,208,-1,208,229,230,-1,208,230,231,-1,232,233,234,-1,234,233,235,-1,234,235,191,-1,191,235,236,-1,191,236,192,-1,192,236,237,-1,192,237,226,-1,231,238,208,-1,208,238,239,-1,208,239,209,-1,13,15,240,-1,240,15,241,-1,240,241,242,-1,242,241,11,-1,11,241,243,-1,11,243,12,-1,244,245,12,-1,246,247,248,-1,248,247,249,-1,248,249,250,-1,251,252,12,-1,12,252,253,-1,250,254,248,-1,248,254,255,-1,248,255,256,-1,256,255,257,-1,256,257,244,-1,258,259,245,-1,245,259,260,-1,245,260,12,-1,12,260,261,-1,12,261,251,-1,253,262,12,-1,12,262,263,-1,12,263,10,-1,264,265,266,-1,266,265,267,-1,266,267,268,-1,266,269,264,-1,264,269,270,-1,264,270,271,-1,271,272,264,-1,264,272,273,-1,264,273,274,-1,274,273,275,-1,274,275,276,-1,276,275,277,-1,276,277,245,-1,245,277,278,-1,245,278,258,-1,279,280,268,-1,268,280,281,-1,268,281,266,-1,282,283,232,-1,232,283,284,-1,232,284,233,-1,282,285,283,-1,283,285,286,-1,283,286,287,-1,287,286,288,-1,287,289,290,-1,288,291,287,-1,287,291,292,-1,287,292,293,-1,293,294,287,-1,287,294,295,-1,287,295,289,-1,290,296,287,-1,287,296,297,-1,287,297,298,-1,299,300,301,-1,301,300,165,-1,302,303,304,-1,304,305,302,-1,302,305,306,-1,302,306,307,-1,307,306,308,-1,309,310,311,-1,311,310,165,-1,311,165,312,-1,312,165,300,-1,313,314,315,-1,315,314,316,-1,314,317,316,-1,316,317,318,-1,316,318,319,-1,319,318,320,-1,321,322,323,-1,324,325,310,-1,310,325,326,-1,320,327,319,-1,319,327,328,-1,319,328,323,-1,323,328,329,-1,323,329,321,-1,326,330,310,-1,310,330,331,-1,310,331,332,-1,332,331,333,-1,332,333,334,-1,322,335,323,-1,323,335,336,-1,323,336,337,-1,308,306,309,-1,309,306,323,-1,309,323,310,-1,310,323,337,-1,310,337,324,-1,316,338,339,-1,339,338,340,-1,341,342,343,-1,343,342,344,-1,343,344,345,-1,345,344,346,-1,345,346,347,-1,347,346,348,-1,347,348,349,-1,349,348,350,-1,349,350,351,-1,351,350,352,-1,339,345,316,-1,316,345,347,-1,316,347,315,-1,315,347,353,-1,315,353,256,-1,256,353,354,-1,256,354,248,-1,340,338,355,-1,355,338,356,-1,355,356,357,-1,358,359,33,-1,360,361,362,-1,29,33,30,-1,30,33,359,-1,30,359,7,-1,361,363,362,-1,362,363,364,-1,362,364,365,-1,366,367,368,-1,360,362,369,-1,369,362,366,-1,369,366,370,-1,370,366,368,-1,370,368,371,-1,372,356,373,-1,373,356,374,-1,354,357,248,-1,248,357,356,-1,248,356,375,-1,375,356,372,-1,376,377,216,-1,375,378,379,-1,379,378,380,-1,381,382,383,-1,383,382,379,-1,383,379,384,-1,385,386,248,-1,375,379,248,-1,248,379,387,-1,248,387,385,-1,376,216,388,-1,377,389,216,-1,216,389,390,-1,216,390,391,-1,380,392,379,-1,379,392,393,-1,379,393,394,-1,395,396,379,-1,379,396,397,-1,379,397,384,-1,398,399,400,-1,401,402,383,-1,383,402,403,-1,383,403,381,-1,394,404,379,-1,379,404,405,-1,379,405,395,-1,398,400,383,-1,383,400,406,-1,383,406,401,-1,386,388,248,-1,248,388,216,-1,248,216,246,-1,246,216,225,-1,246,225,189,-1,189,225,407,-1,189,407,220,-1,408,409,410,-1,410,409,411,-1,410,411,412,-1,413,414,415,-1,416,417,415,-1,415,417,418,-1,415,418,413,-1,391,419,216,-1,216,419,420,-1,216,420,421,-1,422,423,415,-1,415,423,424,-1,415,424,416,-1,420,425,421,-1,421,425,426,-1,421,426,422,-1,422,426,427,-1,422,427,423,-1,428,429,430,-1,430,429,241,-1,430,241,186,-1,186,241,15,-1,186,15,187,-1,187,15,14,-1,187,14,193,-1,431,432,332,-1,432,181,332,-1,332,181,182,-1,332,182,310,-1,310,182,433,-1,310,433,165,-1,165,433,434,-1,165,434,163,-1,435,436,437,-1,334,313,332,-1,332,313,315,-1,332,315,431,-1,431,315,438,-1,431,438,439,-1,439,438,435,-1,439,435,440,-1,440,435,437,-1,441,442,12,-1,244,12,256,-1,256,12,442,-1,256,442,315,-1,315,442,443,-1,315,443,438,-1,444,445,441,-1,446,447,448,-1,448,447,449,-1,448,449,444,-1,444,441,448,-1,448,441,12,-1,448,12,450,-1,450,12,243,-1,450,243,451,-1,450,452,448,-1,448,452,453,-1,448,453,454,-1,455,456,457,-1,457,456,458,-1,457,458,243,-1,243,458,459,-1,243,459,451,-1,454,460,448,-1,448,460,461,-1,448,461,446,-1,462,463,464,-1,462,464,465,-1,463,466,464,-1,464,466,467,-1,464,467,457,-1,457,467,468,-1,457,468,455,-1,365,358,362,-1,362,358,33,-1,362,33,469,-1,469,33,470,-1,469,470,471,-1,471,470,411,-1,471,411,472,-1,472,411,409,-1,472,409,473,-1,473,409,474,-1,473,474,475,-1,475,474,476,-1,475,476,477,-1,477,476,478,-1,477,478,479,-1,479,478,480,-1,479,480,481,-1,481,480,482,-1,481,482,483,-1,483,482,484,-1,408,374,409,-1,409,374,356,-1,409,356,474,-1,474,356,338,-1,474,338,476,-1,476,338,316,-1,476,316,478,-1,478,316,319,-1,478,319,480,-1,480,319,323,-1,480,323,482,-1,482,323,306,-1,482,306,484,-1,484,306,305,-1,32,16,33,-1,33,16,18,-1,33,18,470,-1,470,18,422,-1,470,422,411,-1,411,422,415,-1,411,415,412,-1,412,415,414,-1,485,486,18,-1,18,486,4,-1,18,4,422,-1,422,4,6,-1,422,6,421,-1,421,6,487,-1,421,487,22,-1,22,487,485,-1,22,485,18,-1,488,489,166,-1,490,491,492,-1,493,494,489,-1,165,495,496,-1,492,488,490,-1,490,488,166,-1,490,166,497,-1,497,166,498,-1,497,498,496,-1,496,498,304,-1,496,304,165,-1,165,304,303,-1,165,303,301,-1,494,499,489,-1,489,499,500,-1,489,500,501,-1,493,489,502,-1,502,489,495,-1,502,495,503,-1,501,504,489,-1,489,504,505,-1,489,505,166,-1,166,505,506,-1,166,506,165,-1,165,506,507,-1,165,507,508,-1,509,510,495,-1,495,510,511,-1,495,511,503,-1,508,512,165,-1,165,512,513,-1,165,513,495,-1,495,513,514,-1,495,514,509,-1,421,515,216,-1,216,515,194,-1,216,194,214,-1,214,194,196,-1,516,87,515,-1,517,518,519,-1,519,518,520,-1,519,520,521,-1,87,516,22,-1,22,516,522,-1,22,522,421,-1,421,522,523,-1,421,523,524,-1,525,526,524,-1,524,526,521,-1,524,521,421,-1,421,521,520,-1,421,520,515,-1,515,520,527,-1,515,527,516,-1,432,465,181,-1,181,465,464,-1,181,464,168,-1,168,464,528,-1,168,528,166,-1,166,528,529,-1,166,529,498,-1,498,529,530,-1,428,202,429,-1,429,202,194,-1,429,194,531,-1,531,194,515,-1,531,515,73,-1,73,515,87,-1,73,87,71,-1,71,87,112,-1,71,112,122,-1,76,61,73,-1,73,61,63,-1,73,63,531,-1,531,63,532,-1,531,532,429,-1,429,532,533,-1,429,533,241,-1,241,533,534,-1,241,534,243,-1,243,534,535,-1,243,535,457,-1,457,535,536,-1,457,536,464,-1,464,536,537,-1,464,537,528,-1,528,537,538,-1,528,538,529,-1,529,538,539,-1,529,539,530,-1,530,539,540,-1,7,9,30,-1,30,9,541,-1,30,541,35,-1,35,541,542,-1,35,542,52,-1,52,542,543,-1,52,543,48,-1,48,543,544,-1,48,544,68,-1,68,544,545,-1,68,545,66,-1,546,547,548,-1,549,550,551,-1,550,549,552,-1,552,549,548,-1,552,548,553,-1,553,548,547,-1,553,547,551,-1,551,547,554,-1,551,554,549,-1,555,556,557,-1,557,556,548,-1,557,548,558,-1,558,548,549,-1,558,549,559,-1,559,549,560,-1,559,560,555,-1,555,560,556,-1,561,562,563,-1,563,562,556,-1,563,556,564,-1,564,556,560,-1,564,560,565,-1,565,560,566,-1,565,566,561,-1,561,566,562,-1,567,568,569,-1,569,568,562,-1,569,562,570,-1,570,562,566,-1,570,566,571,-1,571,566,572,-1,571,572,567,-1,567,572,568,-1,573,574,575,-1,575,574,568,-1,575,568,576,-1,576,568,572,-1,576,572,577,-1,577,572,578,-1,577,578,573,-1,573,578,574,-1,579,580,581,-1,581,580,582,-1,579,583,584,-1,584,583,574,-1,584,574,582,-1,582,574,578,-1,582,578,581,-1,579,581,583,-1,583,581,585,-1,583,585,586,-1,546,548,587,-1,587,548,556,-1,587,556,588,-1,588,556,562,-1,588,562,589,-1,589,562,568,-1,589,568,590,-1,590,568,574,-1,590,574,591,-1,591,574,583,-1,591,583,592,-1,592,583,586,-1,592,586,593,-1,594,595,593,-1,596,597,598,-1,594,593,599,-1,600,601,593,-1,601,602,593,-1,593,602,603,-1,593,603,599,-1,586,585,604,-1,593,586,600,-1,600,586,604,-1,600,604,598,-1,598,604,605,-1,598,605,596,-1,606,607,608,-1,609,554,547,-1,610,611,546,-1,546,611,612,-1,546,612,613,-1,613,614,546,-1,546,614,615,-1,546,615,547,-1,615,616,547,-1,547,616,606,-1,547,606,609,-1,609,606,608,-1,609,608,617,-1,368,367,618,-1,618,367,619,-1,620,621,622,-1,622,621,623,-1,624,625,626,-1,626,625,627,-1,628,629,630,-1,630,629,631,-1,632,633,634,-1,634,633,635,-1,636,637,638,-1,638,637,639,-1,640,641,642,-1,642,641,643,-1,644,645,646,-1,646,645,647,-1,648,649,622,-1,650,651,627,-1,627,651,652,-1,627,652,653,-1,653,654,627,-1,627,654,648,-1,627,648,623,-1,623,648,622,-1,655,656,625,-1,625,656,657,-1,625,657,627,-1,627,657,658,-1,627,658,650,-1,659,641,640,-1,660,545,661,-1,661,545,655,-1,633,632,662,-1,662,632,663,-1,664,540,539,-1,665,655,666,-1,666,655,625,-1,666,625,624,-1,630,631,665,-1,665,631,667,-1,665,667,655,-1,655,667,668,-1,646,647,668,-1,668,647,669,-1,668,669,655,-1,655,669,659,-1,655,659,661,-1,661,659,640,-1,637,636,660,-1,660,636,670,-1,660,670,545,-1,545,670,66,-1,671,63,663,-1,663,63,66,-1,663,66,662,-1,662,66,670,-1,664,539,671,-1,671,539,538,-1,671,538,537,-1,537,536,671,-1,671,536,535,-1,671,535,534,-1,534,533,671,-1,671,533,532,-1,671,532,63,-1,626,627,672,-1,672,627,623,-1,673,362,469,-1,673,473,475,-1,483,674,481,-1,481,674,673,-1,475,477,673,-1,673,477,479,-1,673,479,481,-1,629,628,675,-1,675,628,676,-1,469,471,673,-1,673,471,472,-1,673,472,473,-1,673,677,678,-1,678,677,679,-1,678,679,680,-1,681,638,639,-1,682,683,684,-1,621,685,623,-1,623,685,686,-1,678,687,673,-1,673,687,688,-1,673,688,362,-1,362,688,689,-1,639,690,681,-1,681,690,679,-1,681,679,691,-1,691,679,677,-1,691,677,635,-1,635,677,634,-1,642,643,692,-1,692,643,693,-1,684,1,682,-1,682,1,0,-1,682,0,693,-1,693,0,679,-1,693,679,692,-1,692,679,690,-1,686,694,623,-1,623,694,695,-1,623,695,672,-1,672,695,696,-1,672,696,697,-1,645,644,682,-1,682,644,698,-1,682,698,683,-1,683,698,675,-1,683,675,697,-1,697,675,676,-1,697,676,672,-1,689,699,362,-1,362,699,700,-1,362,700,366,-1,701,619,702,-1,702,619,367,-1,702,367,703,-1,703,367,366,-1,703,366,704,-1,704,366,700,-1,705,656,706,-1,706,656,655,-1,706,655,707,-1,655,545,707,-1,707,545,544,-1,707,544,543,-1,543,542,707,-1,707,542,541,-1,707,541,708,-1,708,541,9,-1,708,9,8,-1,674,483,484,-1,674,484,664,-1,664,484,305,-1,664,305,304,-1,304,498,664,-1,664,498,530,-1,664,530,540,-1,709,710,711,-1,711,710,649,-1,712,610,546,-1,712,713,610,-1,610,713,714,-1,610,714,715,-1,371,716,717,-1,717,716,718,-1,649,648,711,-1,711,648,610,-1,711,610,719,-1,719,610,715,-1,720,721,593,-1,588,589,722,-1,593,721,592,-1,722,589,723,-1,722,724,588,-1,588,724,2,-1,588,2,587,-1,587,2,3,-1,587,3,546,-1,546,3,725,-1,546,725,712,-1,371,717,370,-1,370,717,726,-1,370,726,369,-1,369,726,595,-1,595,726,727,-1,595,727,593,-1,593,727,728,-1,593,728,720,-1,721,729,592,-1,592,729,730,-1,592,730,591,-1,591,730,723,-1,591,723,590,-1,590,723,589,-1,617,608,605,-1,605,608,596,-1,3,1,725,-1,725,1,684,-1,725,684,712,-1,712,684,683,-1,712,683,713,-1,713,683,697,-1,713,697,714,-1,714,697,696,-1,714,696,715,-1,715,696,695,-1,715,695,719,-1,719,695,694,-1,621,620,685,-1,685,620,710,-1,685,710,709,-1,685,709,686,-1,686,709,711,-1,686,711,694,-1,694,711,719,-1,723,730,678,-1,678,730,687,-1,726,703,727,-1,727,703,704,-1,727,704,728,-1,728,704,700,-1,728,700,720,-1,720,700,699,-1,720,699,721,-1,721,699,689,-1,721,689,729,-1,729,689,688,-1,729,688,730,-1,730,688,687,-1,703,726,702,-1,702,726,717,-1,702,717,701,-1,701,717,718,-1,618,619,716,-1,716,619,701,-1,716,701,718,-1,682,731,645,-1,645,731,732,-1,645,732,647,-1,647,732,669,-1,733,693,643,-1,733,643,734,-1,734,643,641,-1,734,641,659,-1,734,735,736,-1,735,734,737,-1,737,734,732,-1,737,732,738,-1,738,732,731,-1,738,731,736,-1,736,731,733,-1,736,733,734,-1,693,733,682,-1,682,733,731,-1,669,732,659,-1,659,732,734,-1,692,739,642,-1,642,739,740,-1,642,740,640,-1,640,740,661,-1,741,690,639,-1,741,639,742,-1,742,639,637,-1,742,637,660,-1,681,743,638,-1,638,743,744,-1,638,744,636,-1,636,744,670,-1,745,691,635,-1,745,635,746,-1,746,635,633,-1,746,633,662,-1,677,747,634,-1,634,747,748,-1,634,748,632,-1,632,748,663,-1,749,673,674,-1,749,674,750,-1,750,674,664,-1,750,664,671,-1,675,751,629,-1,629,751,752,-1,629,752,631,-1,631,752,667,-1,753,698,644,-1,753,644,754,-1,754,644,646,-1,754,646,668,-1,672,755,626,-1,626,755,756,-1,626,756,624,-1,624,756,666,-1,757,676,628,-1,757,628,758,-1,758,628,630,-1,758,630,665,-1,754,759,760,-1,759,754,761,-1,761,754,752,-1,761,752,762,-1,762,752,751,-1,762,751,760,-1,760,751,753,-1,760,753,754,-1,758,763,764,-1,763,758,765,-1,765,758,756,-1,765,756,766,-1,766,756,755,-1,766,755,764,-1,764,755,757,-1,764,757,758,-1,742,767,768,-1,767,742,769,-1,769,742,740,-1,769,740,770,-1,770,740,739,-1,770,739,768,-1,768,739,741,-1,768,741,742,-1,746,771,772,-1,771,746,773,-1,773,746,744,-1,773,744,774,-1,774,744,743,-1,774,743,772,-1,772,743,745,-1,772,745,746,-1,750,775,776,-1,775,750,777,-1,777,750,748,-1,777,748,778,-1,778,748,747,-1,778,747,776,-1,776,747,749,-1,776,749,750,-1,698,753,675,-1,675,753,751,-1,676,757,672,-1,672,757,755,-1,690,741,692,-1,692,741,739,-1,691,745,681,-1,681,745,743,-1,673,749,677,-1,677,749,747,-1,667,752,668,-1,668,752,754,-1,666,756,665,-1,665,756,758,-1,661,740,660,-1,660,740,742,-1,670,744,662,-1,662,744,746,-1,663,748,671,-1,671,748,750,-1,
        ]
    }
}
Shape{
    appearance Appearance {
        material  Material 	{
            diffuseColor 0.7529411764705882 0.7529411764705882 0.7529411764705882
            specularColor 0.3764705882352941 0.3764705882352941 0.3764705882352941
            ambientIntensity 0.2
            transparency 0
            shininess 0.5
        }
    }
    geometry IndexedFaceSet {
        ccw TRUE
        solid FALSE
        coord DEF co Coordinate {
            point [
                -0.6181 -0.9843 0.3622, -0.6181 0.5906 0.3622, -0.6181 -0.9843 0.1102, -0.6181 0.5906 0.1102, -0.3661 -0.9843 0.1102, -0.3661 0.5906 0.1102, -0.3661 -0.9843 0.3622, -0.3661 0.5906 0.3622, -0.5465 -1.1811 0.2906, -0.5465 -1.1811 0.1819, -0.4378 -1.1811 0.2906, -0.4378 -1.1811 0.1819, 0.3661 -0.9843 0.3622, 0.3661 0.5906 0.3622, 0.3661 -0.9843 0.1102, 0.3661 0.5906 0.1102, 0.6181 -0.9843 0.1102, 0.6181 0.5906 0.1102, 0.6181 -0.9843 0.3622, 0.6181 0.5906 0.3622, 0.4378 -1.1811 0.2906, 0.4378 -1.1811 0.1819, 0.5465 -1.1811 0.2906, 0.5465 -1.1811 0.1819, 1.3504 -0.9843 0.3622, 1.3504 0.5906 0.3622, 1.3504 -0.9843 0.1102, 1.3504 0.5906 0.1102, 1.6024 -0.9843 0.1102, 1.6024 0.5906 0.1102, 1.6024 -0.9843 0.3622, 1.6024 0.5906 0.3622, 1.422 -1.1811 0.2906, 1.422 -1.1811 0.1819, 1.5307 -1.1811 0.2906, 1.5307 -1.1811 0.1819, 2.3346 -0.9843 0.3622, 2.3346 0.5906 0.3622, 2.3346 -0.9843 0.1102, 2.3346 0.5906 0.1102, 2.5866 -0.9843 0.1102, 2.5866 0.5906 0.1102, 2.5866 -0.9843 0.3622, 2.5866 0.5906 0.3622, 2.4063 -1.1811 0.2906, 2.4063 -1.1811 0.1819, 2.515 -1.1811 0.2906, 2.515 -1.1811 0.1819, -1.6024 -0.9843 0.3622, -1.6024 0.5906 0.3622, -1.6024 -0.9843 0.1102, -1.6024 0.5906 0.1102, -1.3504 -0.9843 0.1102, -1.3504 0.5906 0.1102, -1.3504 -0.9843 0.3622, -1.3504 0.5906 0.3622, -1.5307 -1.1811 0.2906, -1.5307 -1.1811 0.1819, -1.422 -1.1811 0.2906, -1.422 -1.1811 0.1819, -2.5866 -0.9843 0.3622, -2.5866 0.5906 0.3622, -2.5866 -0.9843 0.1102, -2.5866 0.5906 0.1102, -2.3346 -0.9843 0.1102, -2.3346 0.5906 0.1102, -2.3346 -0.9843 0.3622, -2.3346 0.5906 0.3622, -2.515 -1.1811 0.2906, -2.515 -1.1811 0.1819, -2.4063 -1.1811 0.2906, -2.4063 -1.1811 0.1819, -0.6181 1.6299 -2.3031, -0.6181 1.6299 -0.1575, -0.3661 1.6299 -2.3031, -0.3661 1.6299 -0.1575, -0.4378 1.5583 -2.5, -0.4378 1.4496 -2.5, -0.5465 1.5583 -2.5, -0.5465 1.4496 -2.5, -0.3661 1.378 -2.3031, -0.3661 1.378 -0.1575, -0.6181 1.378 -2.3031, -0.6181 1.378 -0.1575, -0.6181 1.3709 -0.0966, -0.3661 1.3709 -0.0966, -0.6181 1.3503 -0.039, -0.3661 1.3503 -0.039, -0.6181 1.3171 0.0125, -0.3661 1.3171 0.0125, -0.6181 1.273 0.055, -0.3661 1.273 0.055, -0.6181 1.2205 0.0865, -0.3661 1.2205 0.0865, -0.6181 1.2205 0.3504, -0.3661 1.2205 0.3504, -0.3661 1.3316 0.3127, -0.6181 1.3316 0.3127, -0.3661 1.4314 0.2511, -0.6181 1.4314 0.2511, -0.3661 1.5148 0.1687, -0.6181 1.5148 0.1687, -0.3661 1.5777 0.0697, -0.6181 1.5777 0.0697, -0.3661 1.6167 -0.0409, -0.6181 1.6167 -0.0409, -1.6024 1.6299 -2.3031, -1.6024 1.6299 -0.1575, -1.3504 1.6299 -2.3031, -1.3504 1.6299 -0.1575, -1.422 1.5583 -2.5, -1.422 1.4496 -2.5, -1.5307 1.5583 -2.5, -1.5307 1.4496 -2.5, -1.3504 1.378 -2.3031, -1.3504 1.378 -0.1575, -1.6024 1.378 -2.3031, -1.6024 1.378 -0.1575, -1.6024 1.3709 -0.0966, -1.3504 1.3709 -0.0966, -1.6024 1.3503 -0.039, -1.3504 1.3503 -0.039, -1.6024 1.3171 0.0125, -1.3504 1.3171 0.0125, -1.6024 1.273 0.055, -1.3504 1.273 0.055, -1.6024 1.2205 0.0865, -1.3504 1.2205 0.0865, -1.6024 1.2205 0.3504, -1.3504 1.2205 0.3504, -1.3504 1.3316 0.3127, -1.6024 1.3316 0.3127, -1.3504 1.4314 0.2511, -1.6024 1.4314 0.2511, -1.3504 1.5148 0.1687, -1.6024 1.5148 0.1687, -1.3504 1.5777 0.0697, -1.6024 1.5777 0.0697, -1.3504 1.6167 -0.0409, -1.6024 1.6167 -0.0409, -2.5866 1.6299 -2.3031, -2.5866 1.6299 -0.1575, -2.3346 1.6299 -2.3031, -2.3346 1.6299 -0.1575, -2.4063 1.5583 -2.5, -2.4063 1.4496 -2.5, -2.515 1.5583 -2.5, -2.515 1.4496 -2.5, -2.3346 1.378 -2.3031, -2.3346 1.378 -0.1575, -2.5866 1.378 -2.3031, -2.5866 1.378 -0.1575, -2.5866 1.3709 -0.0966, -2.3346 1.3709 -0.0966, -2.5866 1.3503 -0.039, -2.3346 1.3503 -0.039, -2.5866 1.3171 0.0125, -2.3346 1.3171 0.0125, -2.5866 1.273 0.055, -2.3346 1.273 0.055, -2.5866 1.2205 0.0865, -2.3346 1.2205 0.0865, -2.5866 1.2205 0.3504, -2.3346 1.2205 0.3504, -2.3346 1.3316 0.3127, -2.5866 1.3316 0.3127, -2.3346 1.4314 0.2511, -2.5866 1.4314 0.2511, -2.3346 1.5148 0.1687, -2.5866 1.5148 0.1687, -2.3346 1.5777 0.0697, -2.5866 1.5777 0.0697, -2.3346 1.6167 -0.0409, -2.5866 1.6167 -0.0409, 0.3661 1.6299 -2.3031, 0.3661 1.6299 -0.1575, 0.6181 1.6299 -2.3031, 0.6181 1.6299 -0.1575, 0.5465 1.5583 -2.5, 0.5465 1.4496 -2.5, 0.4378 1.5583 -2.5, 0.4378 1.4496 -2.5, 0.6181 1.378 -2.3031, 0.6181 1.378 -0.1575, 0.3661 1.378 -2.3031, 0.3661 1.378 -0.1575, 0.3661 1.3709 -0.0966, 0.6181 1.3709 -0.0966, 0.3661 1.3503 -0.039, 0.6181 1.3503 -0.039, 0.3661 1.3171 0.0125, 0.6181 1.3171 0.0125, 0.3661 1.273 0.055, 0.6181 1.273 0.055, 0.3661 1.2205 0.0865, 0.6181 1.2205 0.0865, 0.3661 1.2205 0.3504, 0.6181 1.2205 0.3504, 0.6181 1.3316 0.3127, 0.3661 1.3316 0.3127, 0.6181 1.4314 0.2511, 0.3661 1.4314 0.2511, 0.6181 1.5148 0.1687, 0.3661 1.5148 0.1687, 0.6181 1.5777 0.0697, 0.3661 1.5777 0.0697, 0.6181 1.6167 -0.0409, 0.3661 1.6167 -0.0409, 1.3504 1.6299 -2.3031, 1.3504 1.6299 -0.1575, 1.6024 1.6299 -2.3031, 1.6024 1.6299 -0.1575, 1.5307 1.5583 -2.5, 1.5307 1.4496 -2.5, 1.422 1.5583 -2.5, 1.422 1.4496 -2.5, 1.6024 1.378 -2.3031, 1.6024 1.378 -0.1575, 1.3504 1.378 -2.3031, 1.3504 1.378 -0.1575, 1.3504 1.3709 -0.0966, 1.6024 1.3709 -0.0966, 1.3504 1.3503 -0.039, 1.6024 1.3503 -0.039, 1.3504 1.3171 0.0125, 1.6024 1.3171 0.0125, 1.3504 1.273 0.055, 1.6024 1.273 0.055, 1.3504 1.2205 0.0865, 1.6024 1.2205 0.0865, 1.3504 1.2205 0.3504, 1.6024 1.2205 0.3504, 1.6024 1.3316 0.3127, 1.3504 1.3316 0.3127, 1.6024 1.4314 0.2511, 1.3504 1.4314 0.2511, 1.6024 1.5148 0.1687, 1.3504 1.5148 0.1687, 1.6024 1.5777 0.0697, 1.3504 1.5777 0.0697, 1.6024 1.6167 -0.0409, 1.3504 1.6167 -0.0409, 2.3346 1.6299 -2.3031, 2.3346 1.6299 -0.1575, 2.5866 1.6299 -2.3031, 2.5866 1.6299 -0.1575, 2.515 1.5583 -2.5, 2.515 1.4496 -2.5, 2.4063 1.5583 -2.5, 2.4063 1.4496 -2.5, 2.5866 1.378 -2.3031, 2.5866 1.378 -0.1575, 2.3346 1.378 -2.3031, 2.3346 1.378 -0.1575, 2.3346 1.3709 -0.0966, 2.5866 1.3709 -0.0966, 2.3346 1.3503 -0.039, 2.5866 1.3503 -0.039, 2.3346 1.3171 0.0125, 2.5866 1.3171 0.0125, 2.3346 1.273 0.055, 2.5866 1.273 0.055, 2.3346 1.2205 0.0865, 2.5866 1.2205 0.0865, 2.3346 1.2205 0.3504, 2.5866 1.2205 0.3504, 2.5866 1.3316 0.3127, 2.3346 1.3316 0.3127, 2.5866 1.4314 0.2511, 2.3346 1.4314 0.2511, 2.5866 1.5148 0.1687, 2.3346 1.5148 0.1687, 2.5866 1.5777 0.0697, 2.3346 1.5777 0.0697, 2.5866 1.6167 -0.0409, 2.3346 1.6167 -0.0409, 2.3346 1.6167 -0.0409
            ]
        }
        coordIndex [
            0,1,2,-1,2,1,3,-1,2,3,4,-1,4,3,5,-1,4,5,6,-1,6,5,7,-1,6,7,0,-1,0,7,1,-1,8,9,10,-1,10,9,11,-1,4,11,2,-1,2,11,9,-1,6,10,4,-1,4,10,11,-1,8,0,9,-1,9,0,2,-1,0,8,6,-1,6,8,10,-1,12,13,14,-1,14,13,15,-1,14,15,16,-1,16,15,17,-1,16,17,18,-1,18,17,19,-1,18,19,12,-1,12,19,13,-1,20,21,22,-1,22,21,23,-1,18,22,16,-1,16,22,23,-1,16,23,14,-1,14,23,21,-1,20,12,21,-1,21,12,14,-1,12,20,18,-1,18,20,22,-1,24,25,26,-1,26,25,27,-1,26,27,28,-1,28,27,29,-1,28,29,30,-1,30,29,31,-1,30,31,24,-1,24,31,25,-1,32,33,34,-1,34,33,35,-1,30,34,28,-1,28,34,35,-1,28,35,26,-1,26,35,33,-1,32,24,33,-1,33,24,26,-1,24,32,30,-1,30,32,34,-1,36,37,38,-1,38,37,39,-1,38,39,40,-1,40,39,41,-1,40,41,42,-1,42,41,43,-1,42,43,36,-1,36,43,37,-1,44,45,46,-1,46,45,47,-1,42,46,40,-1,40,46,47,-1,40,47,38,-1,38,47,45,-1,44,36,45,-1,45,36,38,-1,36,44,42,-1,42,44,46,-1,48,49,50,-1,50,49,51,-1,50,51,52,-1,52,51,53,-1,52,53,54,-1,54,53,55,-1,54,55,48,-1,48,55,49,-1,56,57,58,-1,58,57,59,-1,54,58,52,-1,52,58,59,-1,52,59,50,-1,50,59,57,-1,56,48,57,-1,57,48,50,-1,48,56,54,-1,54,56,58,-1,60,61,62,-1,62,61,63,-1,62,63,64,-1,64,63,65,-1,64,65,66,-1,66,65,67,-1,66,67,60,-1,60,67,61,-1,68,69,70,-1,70,69,71,-1,66,70,64,-1,64,70,71,-1,64,71,62,-1,62,71,69,-1,68,60,69,-1,69,60,62,-1,60,68,66,-1,66,68,70,-1,72,73,74,-1,74,73,75,-1,76,77,78,-1,78,77,79,-1,80,81,82,-1,82,81,83,-1,83,81,84,-1,84,81,85,-1,84,85,86,-1,86,85,87,-1,86,87,88,-1,88,87,89,-1,88,89,90,-1,90,89,91,-1,90,91,92,-1,92,91,93,-1,94,95,96,-1,94,96,97,-1,97,96,98,-1,97,98,99,-1,99,98,100,-1,99,100,101,-1,101,100,102,-1,101,102,103,-1,103,102,104,-1,103,104,105,-1,105,104,75,-1,105,75,73,-1,72,82,73,-1,73,82,83,-1,73,83,105,-1,105,83,84,-1,105,84,103,-1,103,84,86,-1,103,86,101,-1,101,86,88,-1,101,88,99,-1,99,88,90,-1,99,90,97,-1,97,90,92,-1,97,92,94,-1,95,93,96,-1,96,93,91,-1,80,74,81,-1,81,74,75,-1,81,75,85,-1,85,75,104,-1,85,104,87,-1,87,104,102,-1,87,102,89,-1,89,102,100,-1,89,100,91,-1,91,100,98,-1,91,98,96,-1,82,79,80,-1,80,79,77,-1,72,78,82,-1,82,78,79,-1,76,74,77,-1,77,74,80,-1,74,76,72,-1,72,76,78,-1,106,107,108,-1,108,107,109,-1,110,111,112,-1,112,111,113,-1,114,115,116,-1,116,115,117,-1,117,115,118,-1,118,115,119,-1,118,119,120,-1,120,119,121,-1,120,121,122,-1,122,121,123,-1,122,123,124,-1,124,123,125,-1,124,125,126,-1,126,125,127,-1,128,129,130,-1,128,130,131,-1,131,130,132,-1,131,132,133,-1,133,132,134,-1,133,134,135,-1,135,134,136,-1,135,136,137,-1,137,136,138,-1,137,138,139,-1,139,138,109,-1,139,109,107,-1,106,116,107,-1,107,116,117,-1,107,117,139,-1,139,117,118,-1,139,118,137,-1,137,118,120,-1,137,120,135,-1,135,120,122,-1,135,122,133,-1,133,122,124,-1,133,124,131,-1,131,124,126,-1,131,126,128,-1,129,127,130,-1,130,127,125,-1,114,108,115,-1,115,108,109,-1,115,109,119,-1,119,109,138,-1,119,138,121,-1,121,138,136,-1,121,136,123,-1,123,136,134,-1,123,134,125,-1,125,134,132,-1,125,132,130,-1,140,141,142,-1,142,141,143,-1,144,145,146,-1,146,145,147,-1,148,149,150,-1,150,149,151,-1,151,149,152,-1,152,149,153,-1,152,153,154,-1,154,153,155,-1,154,155,156,-1,156,155,157,-1,156,157,158,-1,158,157,159,-1,158,159,160,-1,160,159,161,-1,162,163,164,-1,162,164,165,-1,165,164,166,-1,165,166,167,-1,167,166,168,-1,167,168,169,-1,169,168,170,-1,169,170,171,-1,171,170,172,-1,171,172,173,-1,173,172,143,-1,173,143,141,-1,140,150,141,-1,141,150,151,-1,141,151,173,-1,173,151,152,-1,173,152,171,-1,171,152,154,-1,171,154,169,-1,169,154,156,-1,169,156,167,-1,167,156,158,-1,167,158,165,-1,165,158,160,-1,165,160,162,-1,163,161,164,-1,164,161,159,-1,148,142,149,-1,149,142,143,-1,149,143,153,-1,153,143,172,-1,153,172,155,-1,155,172,170,-1,155,170,157,-1,157,170,168,-1,157,168,159,-1,159,168,166,-1,159,166,164,-1,174,175,176,-1,176,175,177,-1,178,179,180,-1,180,179,181,-1,182,183,184,-1,184,183,185,-1,185,183,186,-1,186,183,187,-1,186,187,188,-1,188,187,189,-1,188,189,190,-1,190,189,191,-1,190,191,192,-1,192,191,193,-1,192,193,194,-1,194,193,195,-1,196,197,198,-1,196,198,199,-1,199,198,200,-1,199,200,201,-1,201,200,202,-1,201,202,203,-1,203,202,204,-1,203,204,205,-1,205,204,206,-1,205,206,207,-1,207,206,177,-1,207,177,175,-1,174,184,175,-1,175,184,185,-1,175,185,207,-1,207,185,186,-1,207,186,205,-1,205,186,188,-1,205,188,203,-1,203,188,190,-1,203,190,201,-1,201,190,192,-1,201,192,199,-1,199,192,194,-1,199,194,196,-1,197,195,198,-1,198,195,193,-1,182,176,183,-1,183,176,177,-1,183,177,187,-1,187,177,206,-1,187,206,189,-1,189,206,204,-1,189,204,191,-1,191,204,202,-1,191,202,193,-1,193,202,200,-1,193,200,198,-1,208,209,210,-1,210,209,211,-1,212,213,214,-1,214,213,215,-1,216,217,218,-1,218,217,219,-1,219,217,220,-1,220,217,221,-1,220,221,222,-1,222,221,223,-1,222,223,224,-1,224,223,225,-1,224,225,226,-1,226,225,227,-1,226,227,228,-1,228,227,229,-1,230,231,232,-1,230,232,233,-1,233,232,234,-1,233,234,235,-1,235,234,236,-1,235,236,237,-1,237,236,238,-1,237,238,239,-1,239,238,240,-1,239,240,241,-1,241,240,211,-1,241,211,209,-1,208,218,209,-1,209,218,219,-1,209,219,241,-1,241,219,220,-1,241,220,239,-1,239,220,222,-1,239,222,237,-1,237,222,224,-1,237,224,235,-1,235,224,226,-1,235,226,233,-1,233,226,228,-1,233,228,230,-1,231,229,232,-1,232,229,227,-1,216,210,217,-1,217,210,211,-1,217,211,221,-1,221,211,240,-1,221,240,223,-1,223,240,238,-1,223,238,225,-1,225,238,236,-1,225,236,227,-1,227,236,234,-1,227,234,232,-1,242,243,244,-1,244,243,245,-1,246,247,248,-1,248,247,249,-1,250,251,252,-1,252,251,253,-1,253,251,254,-1,254,251,255,-1,254,255,256,-1,256,255,257,-1,256,257,258,-1,258,257,259,-1,258,259,260,-1,260,259,261,-1,260,261,262,-1,262,261,263,-1,264,265,266,-1,264,266,267,-1,267,266,268,-1,267,268,269,-1,269,268,270,-1,269,270,271,-1,271,270,272,-1,271,272,273,-1,273,272,274,-1,273,274,275,-1,275,274,245,-1,275,245,243,-1,242,252,243,-1,243,252,253,-1,243,253,275,-1,275,253,254,-1,275,254,273,-1,273,254,256,-1,273,256,271,-1,271,256,258,-1,271,258,269,-1,269,258,260,-1,269,260,267,-1,267,260,262,-1,267,262,264,-1,265,263,266,-1,266,263,261,-1,250,244,251,-1,251,244,245,-1,251,245,255,-1,255,245,274,-1,255,274,257,-1,257,274,272,-1,257,272,259,-1,259,272,270,-1,259,270,261,-1,261,270,268,-1,261,268,266,-1,116,113,114,-1,114,113,111,-1,106,112,116,-1,116,112,113,-1,110,108,111,-1,111,108,114,-1,108,110,106,-1,106,110,112,-1,150,147,148,-1,148,147,145,-1,140,146,150,-1,150,146,147,-1,144,142,145,-1,145,142,148,-1,142,144,140,-1,140,144,146,-1,184,181,182,-1,182,181,179,-1,174,180,184,-1,184,180,181,-1,178,176,179,-1,179,176,182,-1,176,178,174,-1,174,178,180,-1,218,215,216,-1,216,215,213,-1,208,214,218,-1,218,214,215,-1,212,210,213,-1,213,210,216,-1,210,212,208,-1,208,212,214,-1,252,249,250,-1,250,249,247,-1,242,248,252,-1,252,248,249,-1,246,244,247,-1,247,244,250,-1,244,246,242,-1,242,246,248,-1,
        ]
    }
}
Shape{
    appearance Appearance {
        material  Material 	{
            diffuseColor 1.0 1.0 1.0
            specularColor 0.5019607843137255 0.5019607843137255 0.5019607843137255
            ambientIntensity 0.2
            transparency 0
            shininess 0.5
        }
    }
    geometry IndexedFaceSet {
        ccw TRUE
        solid FALSE
        coord DEF co Coordinate {
            point [
                -3.1299 -1.2795 0.5315, -3.1299 -0.1969 0.5315, -3.2283 -1.378 0.5315, -3.4449 -0.1969 0.5315, -3.4449 -1.378 0.5315, -3.4449 -0.1969 0.6496, -3.1299 -0.1969 0.6496, 3.2283 -1.378 0.5315, 3.4449 -1.378 0.5315, 3.1299 -1.2795 0.5315, 3.4449 -0.661 0.5315, 3.1299 -0.1969 0.5315, 3.4449 -0.1969 0.5315, 3.1299 -0.1969 0.6496, 3.4449 -0.1969 0.6496, -3.1299 -0.3937 0.8465, -3.4449 -0.3937 0.8465, -3.1299 -0.3428 0.8397, -3.4449 -0.3428 0.8397, -3.1299 -0.2953 0.8201, -3.4449 -0.2953 0.8201, -3.1299 -0.2545 0.7888, -3.4449 -0.2545 0.7888, -3.1299 -0.2232 0.748, -3.4449 -0.2232 0.748, -3.1299 -0.2036 0.7006, -3.4449 -0.2036 0.7006, 3.4449 -0.3937 0.8465, 3.1299 -0.3937 0.8465, 3.4449 -0.3428 0.8397, 3.1299 -0.3428 0.8397, 3.4449 -0.2953 0.8201, 3.1299 -0.2953 0.8201, 3.4449 -0.2545 0.7888, 3.1299 -0.2545 0.7888, 3.4449 -0.2232 0.748, 3.1299 -0.2232 0.748, 3.4449 -0.2036 0.7006, 3.1299 -0.2036 0.7006, -3.4449 -1.378 0.9449, -3.4449 -1.2795 0.8465, -2.8543 -1.378 0.9449, -2.7975 -1.2795 0.8465, 2.8543 -1.378 0.9449, 2.7975 -1.2795 0.8465, 3.4449 -1.378 0.9449, 3.4449 -1.2795 0.8465, 3.1299 -1.2795 -0.8465, 3.2283 -1.378 -0.9449, -3.1299 -1.2795 -0.8465, -3.2283 -1.378 -0.9449, -1.9685 0.5906 0.0, -3.1299 0.5906 0.0, -3.1299 0.5118 0.0, 3.1299 0.5906 0.0, 2.8583 0.5906 0.0, 3.1299 0.5118 0.0, 1.9685 0.5906 0.0, 0.9843 0.5906 0.0, -0.0 0.5906 0.0, -0.9843 0.5906 0.0, -3.1299 0.5118 -0.8465, 3.1299 0.5118 -0.8465, 3.1299 0.5118 -0.8465
            ]
        }
        coordIndex [
            0,1,2,-1,2,1,3,-1,2,3,4,-1,5,3,6,-1,6,3,1,-1,7,8,9,-1,9,8,10,-1,9,10,11,-1,11,10,12,-1,13,11,14,-1,14,11,12,-1,15,16,17,-1,17,16,18,-1,17,18,19,-1,19,18,20,-1,19,20,21,-1,21,20,22,-1,21,22,23,-1,23,22,24,-1,23,24,25,-1,25,24,26,-1,25,26,6,-1,6,26,5,-1,27,28,29,-1,29,28,30,-1,29,30,31,-1,31,30,32,-1,31,32,33,-1,33,32,34,-1,33,34,35,-1,35,34,36,-1,35,36,37,-1,37,36,38,-1,37,38,14,-1,14,38,13,-1,39,40,41,-1,41,40,42,-1,43,44,45,-1,45,44,46,-1,47,48,9,-1,9,48,7,-1,49,50,47,-1,47,50,48,-1,50,49,2,-1,2,49,0,-1,51,52,53,-1,54,55,56,-1,56,55,57,-1,57,58,56,-1,56,58,59,-1,56,59,53,-1,53,59,60,-1,53,60,51,-1,53,61,56,-1,56,61,62,-1,
        ]
    }
}
Shape{
    appearance Appearance {
        material  Material 	{
            diffuseColor 0.0 0.0 0.0
            specularColor 0.0 0.0 0.0
            ambientIntensity 0.2
            transparency 0
            shininess 0.5
        }
    }
    geometry IndexedFaceSet {
        ccw TRUE
        solid FALSE
        coord DEF co Coordinate {
            point [
                3.4488 0.6839 -0.8071, 3.4488 0.6839 -0.8192, 3.4449 0.6839 -0.8071, 3.4449 0.6839 -0.8192, 3.4488 0.6414 -0.8071, 3.4449 0.6414 -0.8071, 3.4488 0.6414 -0.7125, 3.4449 0.6414 -0.7125, 3.4488 0.6276 -0.7125, 3.4449 0.6276 -0.7125, 3.4488 0.6276 -0.8192, 3.4449 0.6276 -0.8192, 3.4488 0.7386 -0.821, 3.4449 0.7386 -0.821, 3.4449 0.7549 -0.8195, 3.4488 0.7549 -0.8195, 3.4449 0.7663 -0.8157, 3.4488 0.7663 -0.8157, 3.4449 0.7682 -0.8148, 3.4488 0.7682 -0.8148, 3.4488 0.7682 -0.8016, 3.4449 0.7682 -0.8016, 3.4449 0.7585 -0.806, 3.4488 0.7585 -0.806, 3.4449 0.7466 -0.8085, 3.4488 0.7466 -0.8085, 3.4449 0.7406 -0.8088, 3.4488 0.7406 -0.8088, 3.4449 0.7301 -0.8075, 3.4488 0.7301 -0.8075, 3.4449 0.7225 -0.8046, 3.4488 0.7225 -0.8046, 3.4449 0.7155 -0.7998, 3.4488 0.7155 -0.7998, 3.4449 0.7132 -0.7975, 3.4488 0.7132 -0.7975, 3.4449 0.7078 -0.7899, 3.4488 0.7078 -0.7899, 3.4449 0.7044 -0.7812, 3.4488 0.7044 -0.7812, 3.4449 0.7027 -0.7682, 3.4488 0.7027 -0.7682, 3.4449 0.7027 -0.7671, 3.4488 0.7027 -0.7671, 3.4449 0.7039 -0.7545, 3.4488 0.7039 -0.7545, 3.4449 0.7072 -0.7448, 3.4488 0.7072 -0.7448, 3.4449 0.7121 -0.7371, 3.4488 0.7121 -0.7371, 3.4449 0.7139 -0.735, 3.4488 0.7139 -0.735, 3.4449 0.7214 -0.7288, 3.4488 0.7214 -0.7288, 3.4449 0.7298 -0.725, 3.4488 0.7298 -0.725, 3.4449 0.7392 -0.7233, 3.4488 0.7392 -0.7233, 3.4449 0.743 -0.7231, 3.4488 0.743 -0.7231, 3.4449 0.7548 -0.7244, 3.4488 0.7548 -0.7244, 3.4449 0.7658 -0.7282, 3.4488 0.7658 -0.7282, 3.4449 0.7682 -0.7294, 3.4488 0.7682 -0.7294, 3.4488 0.7682 -0.715, 3.4449 0.7682 -0.715, 3.4449 0.7429 -0.7107, 3.4488 0.7429 -0.7107, 3.4488 0.7445 -0.7107, 3.4449 0.7582 -0.712, 3.4488 0.7582 -0.712, 3.4449 0.7536 -0.7116, 3.4449 0.7445 -0.7107, 3.4449 0.7354 -0.7116, 3.4488 0.7276 -0.7125, 3.4449 0.7276 -0.7125, 3.4449 0.7164 -0.7168, 3.4488 0.7164 -0.7168, 3.4449 0.7061 -0.7241, 3.4488 0.7061 -0.7241, 3.4449 0.7037 -0.7264, 3.4488 0.7037 -0.7264, 3.4449 0.6967 -0.7353, 3.4449 0.693 -0.7432, 3.4488 0.6913 -0.7469, 3.4488 0.6967 -0.7353, 3.4449 0.6913 -0.7469, 3.4449 0.6886 -0.7605, 3.4488 0.6886 -0.7605, 3.4449 0.6882 -0.7679, 3.4488 0.6882 -0.7679, 3.4449 0.6903 -0.7851, 3.4449 0.693 -0.7921, 3.4488 0.6946 -0.7962, 3.4488 0.6903 -0.7851, 3.4449 0.6946 -0.7962, 3.4449 0.7009 -0.8054, 3.4488 0.7009 -0.8054, 3.4449 0.7019 -0.8065, 3.4488 0.7019 -0.8065, 3.4449 0.71 -0.8133, 3.4488 0.71 -0.8133, 3.4449 0.72 -0.8182, 3.4488 0.72 -0.8182, 3.4449 0.7315 -0.8207, 3.4488 0.7315 -0.8207, 3.4488 0.847 -0.8071, 3.4488 0.847 -0.8192, 3.4449 0.847 -0.8071, 3.4449 0.847 -0.8192, 3.4449 0.8033 -0.8071, 3.4488 0.8033 -0.8071, 3.4449 0.8322 -0.8071, 3.4488 0.8033 -0.7711, 3.4449 0.8033 -0.7711, 3.4488 0.8415 -0.7711, 3.4449 0.8322 -0.7711, 3.4449 0.8415 -0.7711, 3.4488 0.8415 -0.7589, 3.4449 0.8415 -0.7589, 3.4449 0.8033 -0.7589, 3.4488 0.8033 -0.7589, 3.4449 0.8322 -0.7589, 3.4488 0.8033 -0.7248, 3.4449 0.8033 -0.7248, 3.4449 0.8445 -0.7248, 3.4488 0.8445 -0.7248, 3.4449 0.8322 -0.7248, 3.4488 0.8445 -0.7125, 3.4449 0.8445 -0.7125, 3.4449 0.7895 -0.7125, 3.4488 0.7895 -0.7125, 3.4449 0.8322 -0.7125, 3.4488 0.7895 -0.8192, 3.4449 0.7895 -0.8192, 3.4449 0.8322 -0.8192, 3.4488 0.9106 -0.7262, 3.4488 0.8997 -0.7125, 3.4488 0.897 -0.7248, 3.4488 0.8976 -0.7125, 3.4488 0.8809 -0.7248, 3.4488 0.8671 -0.7125, 3.4488 0.8809 -0.8071, 3.4488 0.8671 -0.8192, 3.4488 0.8964 -0.8071, 3.4488 0.8965 -0.8192, 3.4488 0.909 -0.8058, 3.4488 0.9144 -0.8171, 3.4488 0.9184 -0.8027, 3.4488 0.9266 -0.8124, 3.4488 0.9256 -0.7982, 3.4488 0.9379 -0.8043, 3.4488 0.9281 -0.7959, 3.4488 0.9337 -0.7889, 3.4488 0.9452 -0.7958, 3.4488 0.9373 -0.7809, 3.4488 0.9507 -0.7849, 3.4488 0.9393 -0.7709, 3.4488 0.9536 -0.7726, 3.4488 0.9396 -0.7649, 3.4488 0.954 -0.7645, 3.4488 0.9383 -0.7529, 3.4488 0.9528 -0.752, 3.4488 0.9355 -0.7447, 3.4488 0.9492 -0.7414, 3.4488 0.9315 -0.7385, 3.4488 0.943 -0.7317, 3.4488 0.9278 -0.7348, 3.4488 0.9379 -0.7266, 3.4488 0.9199 -0.7295, 3.4488 0.9284 -0.7199, 3.4488 0.9158 -0.7148, 3.4449 0.8965 -0.8192, 3.4449 0.8671 -0.8192, 3.4449 0.9379 -0.8043, 3.4449 0.9144 -0.8171, 3.4449 0.916 -0.8165, 3.4449 0.9266 -0.8124, 3.4449 0.9452 -0.7958, 3.4449 0.9507 -0.7849, 3.4449 0.9536 -0.7726, 3.4449 0.954 -0.7645, 3.4449 0.9528 -0.752, 3.4449 0.9492 -0.7414, 3.4449 0.943 -0.7317, 3.4449 0.9379 -0.7266, 3.4449 0.9284 -0.7199, 3.4449 0.916 -0.7149, 3.4449 0.9158 -0.7148, 3.4449 0.8997 -0.7125, 3.4449 0.8976 -0.7125, 3.4449 0.8671 -0.7125, 3.4449 0.897 -0.7248, 3.4449 0.8809 -0.7248, 3.4449 0.8809 -0.8071, 3.4449 0.8964 -0.8071, 3.4449 0.9281 -0.7959, 3.4449 0.9256 -0.7982, 3.4449 0.9184 -0.8027, 3.4449 0.909 -0.8058, 3.4449 0.9396 -0.7649, 3.4449 0.9393 -0.7709, 3.4449 0.9373 -0.7809, 3.4449 0.9337 -0.7889, 3.4449 0.9278 -0.7348, 3.4449 0.9315 -0.7385, 3.4449 0.9355 -0.7447, 3.4449 0.9383 -0.7529, 3.4449 0.9106 -0.7262, 3.4449 0.9199 -0.7295, 3.4449 0.9199 -0.7295
            ]
        }
        coordIndex [
            0,1,2,-1,2,1,3,-1,4,0,5,-1,5,0,2,-1,6,4,7,-1,7,4,5,-1,8,6,9,-1,9,6,7,-1,10,8,11,-1,11,8,9,-1,1,10,3,-1,3,10,11,-1,6,8,4,-1,4,8,10,-1,4,10,0,-1,0,10,1,-1,12,13,14,-1,12,14,15,-1,15,14,16,-1,15,16,17,-1,17,16,18,-1,17,18,19,-1,20,19,21,-1,21,19,18,-1,20,21,22,-1,20,22,23,-1,23,22,24,-1,23,24,25,-1,25,24,26,-1,25,26,27,-1,27,26,28,-1,27,28,29,-1,29,28,30,-1,29,30,31,-1,31,30,32,-1,31,32,33,-1,33,32,34,-1,33,34,35,-1,35,34,36,-1,35,36,37,-1,37,36,38,-1,37,38,39,-1,39,38,40,-1,39,40,41,-1,41,40,42,-1,41,42,43,-1,43,42,44,-1,43,44,45,-1,45,44,46,-1,45,46,47,-1,47,46,48,-1,47,48,49,-1,49,48,50,-1,49,50,51,-1,51,50,52,-1,51,52,53,-1,53,52,54,-1,53,54,55,-1,55,54,56,-1,55,56,57,-1,57,56,58,-1,57,58,59,-1,59,58,60,-1,59,60,61,-1,61,60,62,-1,61,62,63,-1,63,62,64,-1,63,64,65,-1,66,65,67,-1,67,65,64,-1,68,69,70,-1,66,67,71,-1,66,71,72,-1,72,71,73,-1,72,73,70,-1,70,73,74,-1,70,74,68,-1,69,68,75,-1,69,75,76,-1,75,77,76,-1,76,77,78,-1,76,78,79,-1,79,78,80,-1,79,80,81,-1,81,80,82,-1,81,82,83,-1,83,82,84,-1,85,86,84,-1,84,86,87,-1,84,87,83,-1,85,88,86,-1,86,88,89,-1,86,89,90,-1,90,89,91,-1,90,91,92,-1,92,91,93,-1,94,95,93,-1,93,95,96,-1,93,96,92,-1,94,97,95,-1,95,97,98,-1,95,98,99,-1,99,98,100,-1,99,100,101,-1,101,100,102,-1,101,102,103,-1,103,102,104,-1,103,104,105,-1,105,104,106,-1,105,106,107,-1,107,106,13,-1,107,13,12,-1,63,65,66,-1,53,55,76,-1,37,39,96,-1,45,47,87,-1,76,55,69,-1,63,66,61,-1,96,39,92,-1,87,47,83,-1,55,57,69,-1,69,57,59,-1,69,59,70,-1,70,59,61,-1,70,61,72,-1,72,61,66,-1,76,79,53,-1,53,79,81,-1,53,81,51,-1,51,81,83,-1,51,83,49,-1,49,83,47,-1,96,95,37,-1,37,95,99,-1,37,99,35,-1,35,99,101,-1,35,101,33,-1,33,101,103,-1,33,103,31,-1,31,103,105,-1,31,105,29,-1,29,105,107,-1,29,107,27,-1,27,107,12,-1,27,12,25,-1,25,12,15,-1,25,15,23,-1,23,15,17,-1,23,17,20,-1,20,17,19,-1,39,41,92,-1,92,41,43,-1,92,43,90,-1,90,43,45,-1,90,45,86,-1,86,45,87,-1,108,109,110,-1,110,109,111,-1,112,113,114,-1,114,113,108,-1,114,108,110,-1,115,113,116,-1,116,113,112,-1,115,116,117,-1,117,116,118,-1,117,118,119,-1,120,117,121,-1,121,117,119,-1,122,123,124,-1,124,123,120,-1,124,120,121,-1,125,123,126,-1,126,123,122,-1,127,128,129,-1,129,128,125,-1,129,125,126,-1,130,128,131,-1,131,128,127,-1,132,133,134,-1,134,133,130,-1,134,130,131,-1,135,133,136,-1,136,133,132,-1,111,109,137,-1,137,109,135,-1,137,135,136,-1,109,108,135,-1,135,108,113,-1,117,120,115,-1,115,120,123,-1,128,130,125,-1,125,130,133,-1,125,133,123,-1,123,133,135,-1,123,135,115,-1,115,135,113,-1,138,139,140,-1,140,139,141,-1,140,141,142,-1,142,141,143,-1,142,143,144,-1,144,143,145,-1,144,145,146,-1,146,145,147,-1,146,147,148,-1,148,147,149,-1,148,149,150,-1,150,149,151,-1,150,151,152,-1,152,151,153,-1,152,153,154,-1,154,153,155,-1,155,153,156,-1,155,156,157,-1,157,156,158,-1,157,158,159,-1,159,158,160,-1,159,160,161,-1,161,160,162,-1,161,162,163,-1,163,162,164,-1,163,164,165,-1,165,164,166,-1,165,166,167,-1,167,166,168,-1,167,168,169,-1,169,168,170,-1,169,170,171,-1,171,170,172,-1,171,172,138,-1,138,172,173,-1,138,173,139,-1,147,145,174,-1,174,145,175,-1,176,153,151,-1,147,174,177,-1,147,177,149,-1,149,177,178,-1,149,178,151,-1,151,178,179,-1,151,179,176,-1,153,176,180,-1,153,180,156,-1,156,180,181,-1,156,181,158,-1,158,181,182,-1,158,182,160,-1,160,182,183,-1,160,183,162,-1,162,183,184,-1,162,184,164,-1,164,184,185,-1,164,185,166,-1,166,185,186,-1,166,186,168,-1,168,186,187,-1,168,187,170,-1,170,187,188,-1,170,188,172,-1,172,188,189,-1,172,189,173,-1,189,190,173,-1,173,190,191,-1,173,191,139,-1,139,191,192,-1,139,192,141,-1,143,141,193,-1,193,141,192,-1,145,143,175,-1,175,143,193,-1,140,142,194,-1,194,142,195,-1,142,144,195,-1,195,144,196,-1,144,146,196,-1,196,146,197,-1,154,198,199,-1,154,199,152,-1,152,199,200,-1,152,200,150,-1,150,200,201,-1,150,201,148,-1,148,201,197,-1,148,197,146,-1,161,202,203,-1,161,203,159,-1,159,203,204,-1,159,204,157,-1,157,204,205,-1,157,205,155,-1,155,205,198,-1,155,198,154,-1,169,206,207,-1,169,207,167,-1,167,207,208,-1,167,208,165,-1,165,208,209,-1,165,209,163,-1,163,209,202,-1,163,202,161,-1,140,194,210,-1,140,210,138,-1,138,210,211,-1,138,211,171,-1,171,211,206,-1,171,206,169,-1,
        ]
    }
}
Shape{
    appearance Appearance {
        material  Material 	{
            diffuseColor 1.0 1.0 1.0
            specularColor 0.5019607843137255 0.5019607843137255 0.5019607843137255
            ambientIntensity 0.2
            transparency 0
            shininess 0.5
        }
    }
    geometry IndexedFaceSet {
        ccw TRUE
        solid FALSE
        coord DEF co Coordinate {
            point [
                3.4449 0.8809 -0.7248, 3.4449 0.8809 -0.8071, 3.4449 0.897 -0.7248, 3.4449 0.8964 -0.8071, 3.4449 0.909 -0.8058, 3.4449 0.9184 -0.8027, 3.4449 0.9256 -0.7982, 3.4449 0.9281 -0.7959, 3.4449 0.9337 -0.7889, 3.4449 0.9373 -0.7809, 3.4449 0.9393 -0.7709, 3.4449 0.9396 -0.7649, 3.4449 0.9383 -0.7529, 3.4449 0.9355 -0.7447, 3.4449 0.9315 -0.7385, 3.4449 0.9278 -0.7348, 3.4449 0.9106 -0.7262, 3.4449 0.9199 -0.7295, 3.4449 0.9199 -0.7295
            ]
        }
        coordIndex [
            0,1,2,-1,2,1,3,-1,2,3,4,-1,4,5,2,-1,2,5,6,-1,2,6,7,-1,7,8,2,-1,2,8,9,-1,2,9,10,-1,10,11,2,-1,2,11,12,-1,2,12,13,-1,13,14,2,-1,2,14,15,-1,2,15,16,-1,16,15,17,-1,
        ]
    }
}
Shape{
    appearance Appearance {
        material  Material 	{
            diffuseColor 0.0 0.0 0.0
            specularColor 0.0 0.0 0.0
            ambientIntensity 0.2
            transparency 0
            shininess 0.5
        }
    }
    geometry IndexedFaceSet {
        ccw TRUE
        solid FALSE
        coord DEF co Coordinate {
            point [
                3.4488 0.9898 -0.778, 3.4488 0.9855 -0.79, 3.4488 1.0257 -0.778, 3.4488 1.0299 -0.79, 3.4488 1.0058 -0.7336, 3.4488 1.0006 -0.7125, 3.4488 0.96 -0.8192, 3.4488 0.9752 -0.8192, 3.4488 1.0067 -0.7304, 3.4488 1.0075 -0.7261, 3.4488 1.0154 -0.7125, 3.4488 1.0079 -0.7261, 3.4488 1.0087 -0.7306, 3.4488 1.0095 -0.7336, 3.4488 1.056 -0.8192, 3.4488 1.0408 -0.8192, 3.4449 1.0154 -0.7125, 3.4449 1.056 -0.8192, 3.4449 1.0006 -0.7125, 3.4449 0.96 -0.8192, 3.4449 0.9907 -0.7384, 3.4449 0.9752 -0.8192, 3.4449 0.9855 -0.79, 3.4449 1.0299 -0.79, 3.4449 0.9907 -0.79, 3.4449 1.0408 -0.8192, 3.4449 0.9898 -0.778, 3.4449 1.0257 -0.778, 3.4449 1.0095 -0.7336, 3.4449 1.0079 -0.7261, 3.4449 1.0087 -0.7306, 3.4449 1.0075 -0.7261, 3.4449 1.0058 -0.7336, 3.4449 1.0067 -0.7304, 3.4449 1.0067 -0.7304
            ]
        }
        coordIndex [
            0,1,2,-1,2,1,3,-1,4,5,0,-1,0,5,6,-1,0,6,1,-1,1,6,7,-1,4,8,5,-1,5,8,9,-1,5,9,10,-1,10,9,11,-1,10,11,12,-1,12,13,10,-1,10,13,2,-1,10,2,14,-1,14,2,3,-1,14,3,15,-1,10,14,16,-1,16,14,17,-1,5,10,18,-1,18,10,16,-1,19,6,20,-1,20,6,5,-1,20,5,18,-1,7,6,21,-1,21,6,19,-1,1,7,22,-1,22,7,21,-1,23,3,24,-1,24,3,1,-1,24,1,22,-1,15,3,25,-1,25,3,23,-1,14,15,17,-1,17,15,25,-1,0,2,26,-1,26,2,27,-1,2,13,27,-1,27,13,28,-1,11,29,30,-1,11,30,12,-1,12,30,28,-1,12,28,13,-1,11,9,29,-1,29,9,31,-1,4,32,33,-1,4,33,8,-1,8,33,31,-1,8,31,9,-1,4,0,32,-1,32,0,26,-1,
        ]
    }
}
Shape{
    appearance Appearance {
        material  Material 	{
            diffuseColor 1.0 1.0 1.0
            specularColor 0.5019607843137255 0.5019607843137255 0.5019607843137255
            ambientIntensity 0.2
            transparency 0
            shininess 0.5
        }
    }
    geometry IndexedFaceSet {
        ccw TRUE
        solid FALSE
        coord DEF co Coordinate {
            point [
                3.4449 1.0079 -0.7261, 3.4449 1.0075 -0.7261, 3.4449 1.0087 -0.7306, 3.4449 1.0067 -0.7304, 3.4449 1.0095 -0.7336, 3.4449 1.0058 -0.7336, 3.4449 1.0257 -0.778, 3.4449 0.9898 -0.778, 3.4449 0.9898 -0.778
            ]
        }
        coordIndex [
            0,1,2,-1,2,1,3,-1,2,3,4,-1,4,3,5,-1,4,5,6,-1,6,5,7,-1,
        ]
    }
}
Shape{
    appearance Appearance {
        material  Material 	{
            diffuseColor 0.0 0.0 0.0
            specularColor 0.0 0.0 0.0
            ambientIntensity 0.2
            transparency 0
            shininess 0.5
        }
    }
    geometry IndexedFaceSet {
        ccw TRUE
        solid FALSE
        coord DEF co Coordinate {
            point [
                3.4488 0.685 -0.9764, 3.4488 0.685 -0.9886, 3.4449 0.685 -0.9764, 3.4449 0.685 -0.9886, 3.4488 0.6414 -0.9764, 3.4449 0.6414 -0.9764, 3.4488 0.6414 -0.9405, 3.4449 0.6414 -0.9405, 3.4488 0.6795 -0.9405, 3.4449 0.6795 -0.9405, 3.4488 0.6795 -0.9283, 3.4449 0.6795 -0.9283, 3.4488 0.6414 -0.9283, 3.4449 0.6414 -0.9283, 3.4488 0.6414 -0.8941, 3.4449 0.6414 -0.8941, 3.4488 0.6826 -0.8941, 3.4449 0.6826 -0.8941, 3.4488 0.6826 -0.8818, 3.4449 0.6826 -0.8818, 3.4488 0.6276 -0.8818, 3.4449 0.6276 -0.8818, 3.4488 0.6276 -0.9886, 3.4449 0.6276 -0.9886, 3.4488 0.7457 -0.9886, 3.4488 0.7591 -0.9886, 3.4488 0.7457 -0.9768, 3.4488 0.7591 -0.9395, 3.4488 0.7457 -0.9401, 3.4488 0.7167 -0.956, 3.4488 0.7199 -0.9545, 3.4488 0.7278 -0.9527, 3.4488 0.7457 -0.9503, 3.4488 0.7457 -0.9576, 3.4488 0.7452 -0.9342, 3.4488 0.7578 -0.9286, 3.4488 0.7438 -0.9295, 3.4488 0.7556 -0.9227, 3.4488 0.7423 -0.9267, 3.4488 0.7528 -0.9186, 3.4488 0.7402 -0.9246, 3.4488 0.7499 -0.9158, 3.4488 0.7379 -0.923, 3.4488 0.7455 -0.9132, 3.4488 0.7348 -0.9219, 3.4488 0.74 -0.9114, 3.4488 0.7302 -0.9215, 3.4488 0.7315 -0.9106, 3.4488 0.7225 -0.9222, 3.4488 0.7196 -0.9118, 3.4488 0.7142 -0.925, 3.4488 0.7094 -0.9154, 3.4488 0.7052 -0.9307, 3.4488 0.7052 -0.9177, 3.4488 0.7457 -0.9585, 3.4488 0.7448 -0.9645, 3.4488 0.7428 -0.9693, 3.4488 0.7453 -0.9768, 3.4488 0.74 -0.9732, 3.4488 0.7432 -0.98, 3.4488 0.7383 -0.9748, 3.4488 0.739 -0.9845, 3.4488 0.7345 -0.9774, 3.4488 0.7343 -0.9877, 3.4488 0.7304 -0.9789, 3.4488 0.7289 -0.9896, 3.4488 0.7254 -0.9794, 3.4488 0.722 -0.9904, 3.4488 0.7209 -0.9789, 3.4488 0.714 -0.9895, 3.4488 0.7179 -0.9778, 3.4488 0.7088 -0.9875, 3.4488 0.7152 -0.976, 3.4488 0.7043 -0.9844, 3.4488 0.7141 -0.9748, 3.4488 0.7231 -0.9433, 3.4488 0.7123 -0.946, 3.4488 0.7149 -0.9574, 3.4488 0.7069 -0.949, 3.4488 0.7133 -0.9594, 3.4488 0.7029 -0.9526, 3.4488 0.7121 -0.9619, 3.4488 0.7001 -0.9569, 3.4488 0.7115 -0.965, 3.4488 0.6984 -0.9618, 3.4488 0.7114 -0.9671, 3.4488 0.6978 -0.9682, 3.4488 0.7117 -0.9702, 3.4488 0.6984 -0.9742, 3.4488 0.7126 -0.9726, 3.4488 0.7001 -0.9788, 3.4488 0.7028 -0.9829, 3.4449 0.7315 -0.9106, 3.4449 0.7196 -0.9118, 3.4449 0.7094 -0.9154, 3.4449 0.7052 -0.9177, 3.4449 0.7052 -0.9307, 3.4449 0.7142 -0.925, 3.4449 0.7225 -0.9222, 3.4449 0.7302 -0.9215, 3.4449 0.7348 -0.9219, 3.4449 0.7379 -0.923, 3.4449 0.7402 -0.9246, 3.4449 0.7423 -0.9267, 3.4449 0.7438 -0.9295, 3.4449 0.7452 -0.9342, 3.4449 0.7457 -0.9401, 3.4449 0.7231 -0.9433, 3.4449 0.7123 -0.946, 3.4449 0.7069 -0.949, 3.4449 0.7029 -0.9526, 3.4449 0.7001 -0.9569, 3.4449 0.6984 -0.9618, 3.4449 0.6978 -0.9682, 3.4449 0.6984 -0.9742, 3.4449 0.7001 -0.9788, 3.4449 0.7028 -0.9829, 3.4449 0.7043 -0.9844, 3.4449 0.722 -0.9904, 3.4449 0.7142 -0.9895, 3.4449 0.714 -0.9895, 3.4449 0.7088 -0.9875, 3.4449 0.7289 -0.9896, 3.4449 0.7292 -0.9895, 3.4449 0.7343 -0.9877, 3.4449 0.739 -0.9845, 3.4449 0.7432 -0.98, 3.4449 0.7453 -0.9768, 3.4449 0.7457 -0.9768, 3.4449 0.7457 -0.9886, 3.4449 0.7591 -0.9886, 3.4449 0.7591 -0.9395, 3.4449 0.7578 -0.9286, 3.4449 0.7556 -0.9227, 3.4449 0.7528 -0.9186, 3.4449 0.7499 -0.9158, 3.4449 0.7455 -0.9132, 3.4449 0.74 -0.9114, 3.4449 0.7149 -0.9574, 3.4449 0.7167 -0.956, 3.4449 0.7199 -0.9545, 3.4449 0.7278 -0.9527, 3.4449 0.7114 -0.9671, 3.4449 0.7115 -0.965, 3.4449 0.7121 -0.9619, 3.4449 0.7133 -0.9594, 3.4449 0.7152 -0.976, 3.4449 0.7141 -0.9748, 3.4449 0.7126 -0.9726, 3.4449 0.7117 -0.9702, 3.4449 0.7254 -0.9794, 3.4449 0.7209 -0.9789, 3.4449 0.7179 -0.9778, 3.4449 0.74 -0.9732, 3.4449 0.7383 -0.9748, 3.4449 0.7345 -0.9774, 3.4449 0.7304 -0.9789, 3.4449 0.7457 -0.9576, 3.4449 0.7457 -0.9585, 3.4449 0.7448 -0.9645, 3.4449 0.7428 -0.9693, 3.4449 0.7457 -0.9503, 3.4449 0.7457 -0.9503
            ]
        }
        coordIndex [
            0,1,2,-1,2,1,3,-1,4,0,5,-1,5,0,2,-1,6,4,7,-1,7,4,5,-1,8,6,9,-1,9,6,7,-1,10,8,11,-1,11,8,9,-1,12,10,13,-1,13,10,11,-1,14,12,15,-1,15,12,13,-1,16,14,17,-1,17,14,15,-1,18,16,19,-1,19,16,17,-1,20,18,21,-1,21,18,19,-1,22,20,23,-1,23,20,21,-1,1,22,3,-1,3,22,23,-1,16,18,14,-1,14,18,20,-1,14,20,12,-1,1,0,22,-1,22,0,4,-1,22,4,6,-1,8,10,6,-1,6,10,12,-1,6,12,22,-1,22,12,20,-1,24,25,26,-1,26,25,27,-1,28,29,30,-1,31,32,27,-1,27,32,33,-1,30,31,28,-1,28,31,27,-1,28,27,34,-1,34,27,35,-1,34,35,36,-1,36,35,37,-1,36,37,38,-1,38,37,39,-1,38,39,40,-1,40,39,41,-1,40,41,42,-1,42,41,43,-1,42,43,44,-1,44,43,45,-1,44,45,46,-1,46,45,47,-1,46,47,48,-1,48,47,49,-1,48,49,50,-1,50,49,51,-1,50,51,52,-1,52,51,53,-1,33,54,27,-1,27,54,55,-1,27,55,26,-1,26,55,56,-1,26,56,57,-1,57,56,58,-1,57,58,59,-1,59,58,60,-1,59,60,61,-1,61,60,62,-1,61,62,63,-1,63,62,64,-1,63,64,65,-1,65,64,66,-1,65,66,67,-1,67,66,68,-1,67,68,69,-1,69,68,70,-1,69,70,71,-1,71,70,72,-1,71,72,73,-1,73,72,74,-1,28,75,29,-1,29,75,76,-1,29,76,77,-1,77,76,78,-1,77,78,79,-1,79,78,80,-1,79,80,81,-1,81,80,82,-1,81,82,83,-1,83,82,84,-1,83,84,85,-1,85,84,86,-1,85,86,87,-1,87,86,88,-1,87,88,89,-1,89,88,90,-1,89,90,74,-1,74,90,91,-1,74,91,73,-1,47,92,93,-1,47,93,49,-1,49,93,94,-1,49,94,51,-1,51,94,95,-1,51,95,53,-1,52,53,96,-1,96,53,95,-1,52,96,97,-1,52,97,50,-1,50,97,98,-1,50,98,48,-1,48,98,99,-1,48,99,46,-1,46,99,100,-1,46,100,44,-1,44,100,101,-1,44,101,42,-1,42,101,102,-1,42,102,40,-1,40,102,103,-1,40,103,38,-1,38,103,104,-1,38,104,36,-1,36,104,105,-1,36,105,34,-1,34,105,106,-1,34,106,28,-1,75,28,107,-1,107,28,106,-1,75,107,108,-1,75,108,76,-1,76,108,109,-1,76,109,78,-1,78,109,110,-1,78,110,80,-1,80,110,111,-1,80,111,82,-1,82,111,112,-1,82,112,84,-1,84,112,113,-1,84,113,86,-1,86,113,114,-1,86,114,88,-1,88,114,115,-1,88,115,90,-1,90,115,116,-1,90,116,91,-1,91,116,117,-1,91,117,73,-1,118,67,119,-1,119,67,69,-1,119,69,120,-1,120,69,71,-1,120,71,121,-1,121,71,73,-1,121,73,117,-1,67,118,122,-1,67,122,65,-1,65,122,123,-1,65,123,63,-1,123,124,63,-1,63,124,125,-1,63,125,61,-1,61,125,126,-1,61,126,59,-1,59,126,127,-1,59,127,57,-1,26,57,128,-1,128,57,127,-1,24,26,129,-1,129,26,128,-1,25,24,130,-1,130,24,129,-1,27,25,131,-1,131,25,130,-1,27,131,132,-1,27,132,35,-1,35,132,133,-1,35,133,37,-1,37,133,134,-1,37,134,39,-1,39,134,135,-1,39,135,41,-1,41,135,136,-1,41,136,43,-1,43,136,137,-1,43,137,45,-1,45,137,92,-1,45,92,47,-1,77,138,139,-1,77,139,29,-1,29,139,140,-1,29,140,30,-1,30,140,141,-1,30,141,31,-1,85,142,143,-1,85,143,83,-1,83,143,144,-1,83,144,81,-1,81,144,145,-1,81,145,79,-1,79,145,138,-1,79,138,77,-1,72,146,147,-1,72,147,74,-1,74,147,148,-1,74,148,89,-1,89,148,149,-1,89,149,87,-1,87,149,142,-1,87,142,85,-1,66,150,151,-1,66,151,68,-1,68,151,152,-1,68,152,70,-1,70,152,146,-1,70,146,72,-1,58,153,154,-1,58,154,60,-1,60,154,155,-1,60,155,62,-1,62,155,156,-1,62,156,64,-1,64,156,150,-1,64,150,66,-1,33,157,158,-1,33,158,54,-1,54,158,159,-1,54,159,55,-1,55,159,160,-1,55,160,56,-1,56,160,153,-1,56,153,58,-1,33,32,157,-1,157,32,161,-1,32,31,161,-1,161,31,141,-1,
        ]
    }
}
Shape{
    appearance Appearance {
        material  Material 	{
            diffuseColor 1.0 1.0 1.0
            specularColor 0.5019607843137255 0.5019607843137255 0.5019607843137255
            ambientIntensity 0.2
            transparency 0
            shininess 0.5
        }
    }
    geometry IndexedFaceSet {
        ccw TRUE
        solid FALSE
        coord DEF co Coordinate {
            point [
                3.4449 0.7457 -0.9503, 3.4449 0.7278 -0.9527, 3.4449 0.7457 -0.9576, 3.4449 0.7199 -0.9545, 3.4449 0.7167 -0.956, 3.4449 0.7149 -0.9574, 3.4449 0.7457 -0.9585, 3.4449 0.7448 -0.9645, 3.4449 0.7133 -0.9594, 3.4449 0.7428 -0.9693, 3.4449 0.7141 -0.9748, 3.4449 0.7152 -0.976, 3.4449 0.7383 -0.9748, 3.4449 0.7126 -0.9726, 3.4449 0.7345 -0.9774, 3.4449 0.7304 -0.9789, 3.4449 0.7254 -0.9794, 3.4449 0.7121 -0.9619, 3.4449 0.7115 -0.965, 3.4449 0.74 -0.9732, 3.4449 0.7114 -0.9671, 3.4449 0.7117 -0.9702, 3.4449 0.7179 -0.9778, 3.4449 0.7209 -0.9789, 3.4449 0.7209 -0.9789
            ]
        }
        coordIndex [
            0,1,2,-1,2,1,3,-1,3,4,2,-1,2,4,5,-1,2,5,6,-1,6,5,7,-1,7,5,8,-1,7,8,9,-1,10,11,12,-1,10,12,13,-1,14,12,15,-1,15,12,16,-1,8,17,9,-1,9,17,18,-1,9,18,19,-1,19,18,20,-1,19,20,12,-1,12,20,21,-1,12,21,13,-1,11,22,12,-1,12,22,23,-1,12,23,16,-1,
        ]
    }
}
Shape{
    appearance Appearance {
        material  Material 	{
            diffuseColor 0.0 0.0 0.0
            specularColor 0.0 0.0 0.0
            ambientIntensity 0.2
            transparency 0
            shininess 0.5
        }
    }
    geometry IndexedFaceSet {
        ccw TRUE
        solid FALSE
        coord DEF co Coordinate {
            point [
                3.4449 0.7772 -0.9721, 3.4488 0.7772 -0.9721, 3.4488 0.7816 -0.9749, 3.4488 0.7992 -0.9795, 3.4449 0.7992 -0.9795, 3.4449 0.7899 -0.9783, 3.4488 0.7899 -0.9783, 3.4449 0.7834 -0.9756, 3.4449 0.7816 -0.9749, 3.4488 0.7772 -0.9859, 3.4449 0.7772 -0.9859, 3.4488 0.7864 -0.9892, 3.4449 0.7834 -0.9881, 3.4449 0.7979 -0.9904, 3.4488 0.7979 -0.9904, 3.4449 0.7893 -0.9895, 3.4449 0.7864 -0.9892, 3.4488 0.8092 -0.9892, 3.4449 0.8061 -0.9895, 3.4449 0.8092 -0.9892, 3.4449 0.8164 -0.9866, 3.4488 0.8164 -0.9866, 3.4449 0.8201 -0.9843, 3.4488 0.8201 -0.9843, 3.4449 0.8239 -0.981, 3.4488 0.8239 -0.981, 3.4449 0.8264 -0.9775, 3.4488 0.8264 -0.9775, 3.4449 0.828 -0.9732, 3.4488 0.828 -0.9732, 3.4449 0.8287 -0.9679, 3.4488 0.8287 -0.9679, 3.4449 0.8281 -0.9629, 3.4488 0.8281 -0.9629, 3.4449 0.8267 -0.9589, 3.4488 0.8267 -0.9589, 3.4449 0.8242 -0.9552, 3.4488 0.8242 -0.9552, 3.4449 0.821 -0.9524, 3.4488 0.821 -0.9524, 3.4449 0.8121 -0.9475, 3.4488 0.8121 -0.9475, 3.4449 0.8069 -0.9454, 3.4488 0.8069 -0.9454, 3.4449 0.7987 -0.9418, 3.4488 0.7987 -0.9418, 3.4449 0.794 -0.9388, 3.4488 0.794 -0.9388, 3.4449 0.7927 -0.9374, 3.4488 0.7927 -0.9374, 3.4449 0.7917 -0.9356, 3.4488 0.7917 -0.9356, 3.4449 0.7912 -0.9335, 3.4488 0.7912 -0.9335, 3.4449 0.791 -0.9317, 3.4488 0.791 -0.9317, 3.4449 0.7913 -0.9296, 3.4488 0.7913 -0.9296, 3.4449 0.7919 -0.9278, 3.4488 0.7919 -0.9278, 3.4449 0.7931 -0.9261, 3.4488 0.7931 -0.9261, 3.4449 0.7951 -0.9243, 3.4488 0.7951 -0.9243, 3.4449 0.7981 -0.9227, 3.4488 0.7981 -0.9227, 3.4449 0.8017 -0.9218, 3.4488 0.8017 -0.9218, 3.4449 0.8056 -0.9215, 3.4488 0.8056 -0.9215, 3.4449 0.8153 -0.9227, 3.4488 0.8153 -0.9227, 3.4449 0.8228 -0.9257, 3.4488 0.8228 -0.9257, 3.4449 0.825 -0.927, 3.4488 0.825 -0.927, 3.4488 0.825 -0.914, 3.4449 0.825 -0.914, 3.4449 0.8152 -0.9112, 3.4488 0.8152 -0.9112, 3.4449 0.8069 -0.9106, 3.4488 0.8069 -0.9106, 3.4449 0.7965 -0.9118, 3.4488 0.7965 -0.9118, 3.4449 0.7893 -0.9146, 3.4488 0.7893 -0.9146, 3.4449 0.7858 -0.9167, 3.4488 0.7858 -0.9167, 3.4449 0.7834 -0.9189, 3.4488 0.7819 -0.9202, 3.4449 0.7819 -0.9202, 3.4449 0.7794 -0.9238, 3.4488 0.7794 -0.9238, 3.4449 0.7778 -0.9281, 3.4488 0.7778 -0.9281, 3.4449 0.7773 -0.9329, 3.4488 0.7773 -0.9329, 3.4449 0.7778 -0.9381, 3.4488 0.7778 -0.9381, 3.4449 0.7793 -0.9422, 3.4488 0.7793 -0.9422, 3.4449 0.7811 -0.945, 3.4488 0.7811 -0.945, 3.4449 0.7975 -0.9551, 3.4488 0.7975 -0.9551, 3.4488 0.7895 -0.9514, 3.4449 0.7832 -0.9473, 3.4488 0.7832 -0.9473, 3.4449 0.7834 -0.9474, 3.4449 0.7895 -0.9514, 3.4449 0.8063 -0.9588, 3.4488 0.8063 -0.9588, 3.4449 0.8115 -0.9619, 3.4488 0.8115 -0.9619, 3.4449 0.8132 -0.9636, 3.4488 0.8132 -0.9636, 3.4449 0.8142 -0.9654, 3.4488 0.8142 -0.9654, 3.4449 0.8148 -0.9675, 3.4488 0.8148 -0.9675, 3.4449 0.8149 -0.9692, 3.4488 0.8149 -0.9692, 3.4449 0.8147 -0.9717, 3.4488 0.8147 -0.9717, 3.4449 0.814 -0.9736, 3.4488 0.814 -0.9736, 3.4449 0.8128 -0.9753, 3.4488 0.8128 -0.9753, 3.4449 0.8113 -0.9767, 3.4488 0.8113 -0.9767, 3.4449 0.8101 -0.9774, 3.4488 0.8101 -0.9774, 3.4449 0.8066 -0.9787, 3.4488 0.8066 -0.9787, 3.4449 0.7998 -0.9795, 3.4488 0.7998 -0.9795, 3.4488 0.895 -0.9123, 3.4488 0.9088 -0.9123, 3.4449 0.895 -0.9123, 3.4449 0.9088 -0.9123, 3.4488 0.8741 -0.9698, 3.4449 0.8741 -0.9698, 3.4449 0.8731 -0.9733, 3.4488 0.8731 -0.9733, 3.4449 0.8725 -0.9759, 3.4488 0.8725 -0.9759, 3.4488 0.8721 -0.9759, 3.4449 0.8721 -0.9759, 3.4488 0.8705 -0.9697, 3.4449 0.8705 -0.9697, 3.4449 0.8506 -0.9123, 3.4488 0.8506 -0.9123, 3.4449 0.857 -0.9309, 3.4488 0.8356 -0.9123, 3.4449 0.8356 -0.9123, 3.4449 0.8655 -0.9884, 3.4488 0.8655 -0.9884, 3.4449 0.857 -0.9668, 3.4449 0.8597 -1.0023, 3.4488 0.8597 -1.0023, 3.4449 0.8651 -0.9895, 3.4449 0.8571 -1.0071, 3.4488 0.8571 -1.0071, 3.4449 0.857 -1.0071, 3.4488 0.8546 -1.0099, 3.4449 0.8546 -1.0099, 3.4449 0.8521 -1.0116, 3.4488 0.8521 -1.0116, 3.4449 0.8492 -1.0127, 3.4488 0.8492 -1.0127, 3.4449 0.846 -1.013, 3.4488 0.846 -1.013, 3.4449 0.8411 -1.0124, 3.4488 0.8411 -1.0124, 3.4449 0.8384 -1.0115, 3.4488 0.8384 -1.0115, 3.4488 0.8384 -1.0234, 3.4449 0.8384 -1.0234, 3.4449 0.8441 -1.0244, 3.4488 0.8441 -1.0244, 3.4449 0.847 -1.0245, 3.4488 0.847 -1.0245, 3.4449 0.8524 -1.0239, 3.4488 0.8524 -1.0239, 3.4449 0.857 -1.0221, 3.4488 0.8577 -1.0219, 3.4449 0.8577 -1.0219, 3.4449 0.8624 -1.0186, 3.4488 0.8624 -1.0186, 3.4449 0.8633 -1.0178, 3.4488 0.8633 -1.0178, 3.4449 0.8682 -1.0119, 3.4488 0.8682 -1.0119, 3.4449 0.8742 -1.0001, 3.4488 0.8742 -1.0001, 3.4449 0.8784 -0.9895, 3.4488 0.9807 -0.9764, 3.4488 0.9807 -0.9886, 3.4449 0.9807 -0.9764, 3.4449 0.9807 -0.9886, 3.4449 0.937 -0.9764, 3.4488 0.937 -0.9764, 3.4449 0.957 -0.9764, 3.4488 0.937 -0.9405, 3.4449 0.937 -0.9405, 3.4449 0.9752 -0.9405, 3.4488 0.9752 -0.9405, 3.4449 0.957 -0.9405, 3.4488 0.9752 -0.9283, 3.4449 0.9752 -0.9283, 3.4449 0.937 -0.9283, 3.4488 0.937 -0.9283, 3.4449 0.957 -0.9283, 3.4488 0.937 -0.8941, 3.4449 0.937 -0.8941, 3.4449 0.9782 -0.8941, 3.4488 0.9782 -0.8941, 3.4449 0.957 -0.8941, 3.4488 0.9782 -0.8818, 3.4449 0.9782 -0.8818, 3.4449 0.9232 -0.8818, 3.4488 0.9232 -0.8818, 3.4449 0.957 -0.8818, 3.4488 0.9232 -0.9886, 3.4449 0.9232 -0.9886, 3.4449 0.957 -0.9886, 3.4488 1.0443 -0.8956, 3.4488 1.0334 -0.8819, 3.4488 1.0307 -0.8941, 3.4488 1.0313 -0.8818, 3.4488 1.0146 -0.8941, 3.4488 1.0008 -0.8818, 3.4488 1.0146 -0.9764, 3.4488 1.0008 -0.9886, 3.4488 1.0301 -0.9764, 3.4488 1.0302 -0.9886, 3.4488 1.0427 -0.9752, 3.4488 1.0481 -0.9864, 3.4488 1.0521 -0.972, 3.4488 1.0603 -0.9817, 3.4488 1.0593 -0.9675, 3.4488 1.0716 -0.9736, 3.4488 1.0618 -0.9653, 3.4488 1.0674 -0.9583, 3.4488 1.0789 -0.9652, 3.4488 1.071 -0.9502, 3.4488 1.0844 -0.9543, 3.4488 1.073 -0.9403, 3.4488 1.0873 -0.942, 3.4488 1.0732 -0.9342, 3.4488 1.0877 -0.9339, 3.4488 1.072 -0.9223, 3.4488 1.0865 -0.9214, 3.4488 1.0692 -0.9141, 3.4488 1.0829 -0.9108, 3.4488 1.0652 -0.9079, 3.4488 1.0767 -0.9011, 3.4488 1.0615 -0.9042, 3.4488 1.0716 -0.896, 3.4488 1.0536 -0.8989, 3.4488 1.0621 -0.8892, 3.4488 1.0495 -0.8841, 3.4449 1.0302 -0.9886, 3.4449 1.0008 -0.9886, 3.4449 1.0481 -0.9864, 3.4449 1.0603 -0.9817, 3.4449 1.0716 -0.9736, 3.4449 1.0789 -0.9652, 3.4449 1.0844 -0.9543, 3.4449 1.0873 -0.942, 3.4449 1.0877 -0.9339, 3.4449 1.0865 -0.9214, 3.4449 1.0829 -0.9108, 3.4449 1.0767 -0.9011, 3.4449 1.0716 -0.896, 3.4449 1.0621 -0.8892, 3.4449 1.0495 -0.8841, 3.4449 1.0334 -0.8819, 3.4449 1.0313 -0.8818, 3.4449 1.0008 -0.8818, 3.4449 1.0307 -0.8941, 3.4449 1.0146 -0.8941, 3.4449 1.0146 -0.9764, 3.4449 1.0301 -0.9764, 3.4449 1.0618 -0.9653, 3.4449 1.0593 -0.9675, 3.4449 1.0521 -0.972, 3.4449 1.0427 -0.9752, 3.4449 1.0732 -0.9342, 3.4449 1.073 -0.9403, 3.4449 1.071 -0.9502, 3.4449 1.0674 -0.9583, 3.4449 1.0615 -0.9042, 3.4449 1.0652 -0.9079, 3.4449 1.0692 -0.9141, 3.4449 1.072 -0.9223, 3.4449 1.0443 -0.8956, 3.4449 1.0536 -0.8989, 3.4449 1.0536 -0.8989
            ]
        }
        coordIndex [
            0,1,2,-1,3,4,5,-1,3,5,6,-1,6,5,7,-1,6,7,2,-1,2,7,8,-1,2,8,0,-1,9,1,10,-1,10,1,0,-1,9,10,11,-1,11,10,12,-1,13,14,15,-1,15,14,11,-1,15,11,16,-1,16,11,12,-1,14,13,17,-1,17,13,18,-1,18,19,17,-1,17,19,20,-1,17,20,21,-1,21,20,22,-1,21,22,23,-1,23,22,24,-1,23,24,25,-1,25,24,26,-1,25,26,27,-1,27,26,28,-1,27,28,29,-1,29,28,30,-1,29,30,31,-1,31,30,32,-1,31,32,33,-1,33,32,34,-1,33,34,35,-1,35,34,36,-1,35,36,37,-1,37,36,38,-1,37,38,39,-1,39,38,40,-1,39,40,41,-1,41,40,42,-1,41,42,43,-1,43,42,44,-1,43,44,45,-1,45,44,46,-1,45,46,47,-1,47,46,48,-1,47,48,49,-1,49,48,50,-1,49,50,51,-1,51,50,52,-1,51,52,53,-1,53,52,54,-1,53,54,55,-1,55,54,56,-1,55,56,57,-1,57,56,58,-1,57,58,59,-1,59,58,60,-1,59,60,61,-1,61,60,62,-1,61,62,63,-1,63,62,64,-1,63,64,65,-1,65,64,66,-1,65,66,67,-1,67,66,68,-1,67,68,69,-1,69,68,70,-1,69,70,71,-1,71,70,72,-1,71,72,73,-1,73,72,74,-1,73,74,75,-1,76,75,77,-1,77,75,74,-1,76,77,78,-1,76,78,79,-1,79,78,80,-1,79,80,81,-1,81,80,82,-1,81,82,83,-1,83,82,84,-1,83,84,85,-1,85,84,86,-1,85,86,87,-1,86,88,87,-1,87,88,89,-1,88,90,89,-1,89,90,91,-1,89,91,92,-1,92,91,93,-1,92,93,94,-1,94,93,95,-1,94,95,96,-1,96,95,97,-1,96,97,98,-1,98,97,99,-1,98,99,100,-1,100,99,101,-1,100,101,102,-1,103,104,105,-1,102,101,106,-1,102,106,107,-1,107,106,108,-1,107,108,105,-1,105,108,109,-1,105,109,103,-1,104,103,110,-1,104,110,111,-1,111,110,112,-1,111,112,113,-1,113,112,114,-1,113,114,115,-1,115,114,116,-1,115,116,117,-1,117,116,118,-1,117,118,119,-1,119,118,120,-1,119,120,121,-1,121,120,122,-1,121,122,123,-1,123,122,124,-1,123,124,125,-1,125,124,126,-1,125,126,127,-1,127,126,128,-1,127,128,129,-1,129,128,130,-1,129,130,131,-1,131,130,132,-1,131,132,133,-1,133,132,134,-1,133,134,135,-1,135,134,4,-1,135,4,3,-1,61,63,85,-1,85,63,83,-1,111,43,104,-1,104,43,45,-1,14,3,11,-1,11,3,6,-1,11,6,9,-1,9,6,2,-1,9,2,1,-1,63,65,83,-1,83,65,67,-1,83,67,81,-1,81,67,69,-1,81,69,79,-1,79,69,71,-1,79,71,76,-1,76,71,73,-1,76,73,75,-1,21,23,127,-1,127,23,25,-1,127,25,125,-1,125,25,27,-1,125,27,123,-1,123,27,29,-1,123,29,121,-1,121,29,31,-1,121,31,119,-1,119,31,33,-1,119,33,117,-1,117,33,35,-1,117,35,115,-1,115,35,37,-1,115,37,113,-1,113,37,39,-1,113,39,111,-1,111,39,41,-1,111,41,43,-1,127,129,21,-1,21,129,131,-1,21,131,17,-1,17,131,133,-1,17,133,14,-1,14,133,135,-1,14,135,3,-1,85,87,61,-1,61,87,89,-1,61,89,59,-1,59,89,92,-1,59,92,57,-1,57,92,94,-1,57,94,55,-1,55,94,96,-1,55,96,53,-1,53,96,98,-1,53,98,51,-1,51,98,100,-1,51,100,49,-1,49,100,102,-1,49,102,47,-1,47,102,107,-1,47,107,45,-1,45,107,105,-1,45,105,104,-1,136,137,138,-1,138,137,139,-1,140,136,141,-1,141,136,138,-1,140,141,142,-1,140,142,143,-1,143,142,144,-1,143,144,145,-1,146,145,147,-1,147,145,144,-1,148,146,149,-1,149,146,147,-1,150,151,152,-1,152,151,148,-1,152,148,149,-1,153,151,154,-1,154,151,150,-1,155,156,157,-1,157,156,153,-1,157,153,154,-1,158,159,160,-1,160,159,156,-1,160,156,155,-1,159,158,161,-1,159,161,162,-1,162,161,163,-1,162,163,164,-1,163,165,164,-1,164,165,166,-1,164,166,167,-1,167,166,168,-1,167,168,169,-1,169,168,170,-1,169,170,171,-1,171,170,172,-1,171,172,173,-1,173,172,174,-1,173,174,175,-1,176,175,177,-1,177,175,174,-1,176,177,178,-1,176,178,179,-1,179,178,180,-1,179,180,181,-1,181,180,182,-1,181,182,183,-1,183,182,184,-1,183,184,185,-1,184,186,185,-1,185,186,187,-1,185,187,188,-1,188,187,189,-1,188,189,190,-1,190,189,191,-1,190,191,192,-1,192,191,193,-1,192,193,194,-1,139,137,195,-1,195,137,194,-1,195,194,193,-1,143,145,194,-1,137,136,194,-1,194,136,140,-1,194,140,143,-1,151,153,148,-1,148,153,156,-1,148,156,146,-1,192,162,190,-1,190,162,164,-1,175,176,173,-1,173,176,179,-1,173,179,171,-1,171,179,181,-1,171,181,169,-1,169,181,183,-1,169,183,167,-1,167,183,185,-1,167,185,164,-1,164,185,188,-1,164,188,190,-1,145,146,194,-1,194,146,156,-1,194,156,192,-1,192,156,159,-1,192,159,162,-1,196,197,198,-1,198,197,199,-1,200,201,202,-1,202,201,196,-1,202,196,198,-1,203,201,204,-1,204,201,200,-1,205,206,207,-1,207,206,203,-1,207,203,204,-1,208,206,209,-1,209,206,205,-1,210,211,212,-1,212,211,208,-1,212,208,209,-1,213,211,214,-1,214,211,210,-1,215,216,217,-1,217,216,213,-1,217,213,214,-1,218,216,219,-1,219,216,215,-1,220,221,222,-1,222,221,218,-1,222,218,219,-1,223,221,224,-1,224,221,220,-1,199,197,225,-1,225,197,223,-1,225,223,224,-1,216,218,213,-1,213,218,221,-1,213,221,211,-1,197,196,223,-1,223,196,201,-1,223,201,203,-1,206,208,203,-1,203,208,211,-1,203,211,223,-1,223,211,221,-1,226,227,228,-1,228,227,229,-1,228,229,230,-1,230,229,231,-1,230,231,232,-1,232,231,233,-1,232,233,234,-1,234,233,235,-1,234,235,236,-1,236,235,237,-1,236,237,238,-1,238,237,239,-1,238,239,240,-1,240,239,241,-1,240,241,242,-1,242,241,243,-1,243,241,244,-1,243,244,245,-1,245,244,246,-1,245,246,247,-1,247,246,248,-1,247,248,249,-1,249,248,250,-1,249,250,251,-1,251,250,252,-1,251,252,253,-1,253,252,254,-1,253,254,255,-1,255,254,256,-1,255,256,257,-1,257,256,258,-1,257,258,259,-1,259,258,260,-1,259,260,226,-1,226,260,261,-1,226,261,227,-1,235,233,262,-1,262,233,263,-1,235,262,264,-1,235,264,237,-1,237,264,265,-1,237,265,239,-1,239,265,266,-1,239,266,241,-1,241,266,267,-1,241,267,244,-1,244,267,268,-1,244,268,246,-1,246,268,269,-1,246,269,248,-1,248,269,270,-1,248,270,250,-1,250,270,271,-1,250,271,252,-1,252,271,272,-1,252,272,254,-1,254,272,273,-1,254,273,256,-1,256,273,274,-1,256,274,258,-1,258,274,275,-1,258,275,260,-1,260,275,276,-1,260,276,261,-1,261,276,277,-1,261,277,227,-1,227,277,278,-1,227,278,229,-1,231,229,279,-1,279,229,278,-1,233,231,263,-1,263,231,279,-1,228,230,280,-1,280,230,281,-1,230,232,281,-1,281,232,282,-1,232,234,282,-1,282,234,283,-1,242,284,285,-1,242,285,240,-1,240,285,286,-1,240,286,238,-1,238,286,287,-1,238,287,236,-1,236,287,283,-1,236,283,234,-1,249,288,289,-1,249,289,247,-1,247,289,290,-1,247,290,245,-1,245,290,291,-1,245,291,243,-1,243,291,284,-1,243,284,242,-1,257,292,293,-1,257,293,255,-1,255,293,294,-1,255,294,253,-1,253,294,295,-1,253,295,251,-1,251,295,288,-1,251,288,249,-1,228,280,296,-1,228,296,226,-1,226,296,297,-1,226,297,259,-1,259,297,292,-1,259,292,257,-1,
        ]
    }
}
Shape{
    appearance Appearance {
        material  Material 	{
            diffuseColor 1.0 1.0 1.0
            specularColor 0.5019607843137255 0.5019607843137255 0.5019607843137255
            ambientIntensity 0.2
            transparency 0
            shininess 0.5
        }
    }
    geometry IndexedFaceSet {
        ccw TRUE
        solid FALSE
        coord DEF co Coordinate {
            point [
                3.4449 1.0146 -0.8941, 3.4449 1.0146 -0.9764, 3.4449 1.0307 -0.8941, 3.4449 1.0301 -0.9764, 3.4449 1.0427 -0.9752, 3.4449 1.0521 -0.972, 3.4449 1.0593 -0.9675, 3.4449 1.0618 -0.9653, 3.4449 1.0674 -0.9583, 3.4449 1.071 -0.9502, 3.4449 1.073 -0.9403, 3.4449 1.0732 -0.9342, 3.4449 1.072 -0.9223, 3.4449 1.0692 -0.9141, 3.4449 1.0652 -0.9079, 3.4449 1.0615 -0.9042, 3.4449 1.0443 -0.8956, 3.4449 1.0536 -0.8989, 3.4449 1.0536 -0.8989
            ]
        }
        coordIndex [
            0,1,2,-1,2,1,3,-1,2,3,4,-1,4,5,2,-1,2,5,6,-1,2,6,7,-1,7,8,2,-1,2,8,9,-1,2,9,10,-1,10,11,2,-1,2,11,12,-1,2,12,13,-1,13,14,2,-1,2,14,15,-1,2,15,16,-1,16,15,17,-1,
        ]
    }
}
Shape{
    appearance Appearance {
        material  Material 	{
            diffuseColor 0.0 0.0 0.0
            specularColor 0.0 0.0 0.0
            ambientIntensity 0.2
            transparency 0
            shininess 0.5
        }
    }
    geometry IndexedFaceSet {
        ccw TRUE
        solid FALSE
        coord DEF co Coordinate {
            point [
                3.4488 1.1235 -0.9473, 3.4488 1.1191 -0.9594, 3.4488 1.1593 -0.9473, 3.4488 1.1636 -0.9594, 3.4488 1.1395 -0.903, 3.4488 1.1343 -0.8818, 3.4488 1.0937 -0.9886, 3.4488 1.1089 -0.9886, 3.4488 1.1404 -0.8998, 3.4488 1.1412 -0.8955, 3.4488 1.1491 -0.8818, 3.4488 1.1416 -0.8955, 3.4488 1.1424 -0.9, 3.4488 1.1432 -0.903, 3.4488 1.1897 -0.9886, 3.4488 1.1745 -0.9886, 3.4449 1.1491 -0.8818, 3.4449 1.1897 -0.9886, 3.4449 1.1343 -0.8818, 3.4449 1.0937 -0.9886, 3.4449 1.1089 -0.9886, 3.4449 1.1191 -0.9594, 3.4449 1.1636 -0.9594, 3.4449 1.1745 -0.9886, 3.4449 1.1235 -0.9473, 3.4449 1.1593 -0.9473, 3.4449 1.1432 -0.903, 3.4449 1.1416 -0.8955, 3.4449 1.1424 -0.9, 3.4449 1.1412 -0.8955, 3.4449 1.1395 -0.903, 3.4449 1.1404 -0.8998, 3.4449 1.1404 -0.8998
            ]
        }
        coordIndex [
            0,1,2,-1,2,1,3,-1,4,5,0,-1,0,5,6,-1,0,6,1,-1,1,6,7,-1,4,8,5,-1,5,8,9,-1,5,9,10,-1,10,9,11,-1,10,11,12,-1,12,13,10,-1,10,13,2,-1,10,2,14,-1,14,2,3,-1,14,3,15,-1,10,14,16,-1,16,14,17,-1,5,10,18,-1,18,10,16,-1,6,5,19,-1,19,5,18,-1,7,6,20,-1,20,6,19,-1,1,7,21,-1,21,7,20,-1,3,1,22,-1,22,1,21,-1,15,3,23,-1,23,3,22,-1,14,15,17,-1,17,15,23,-1,0,2,24,-1,24,2,25,-1,2,13,25,-1,25,13,26,-1,11,27,28,-1,11,28,12,-1,12,28,26,-1,12,26,13,-1,11,9,27,-1,27,9,29,-1,4,30,31,-1,4,31,8,-1,8,31,29,-1,8,29,9,-1,4,0,30,-1,30,0,24,-1,
        ]
    }
}
Shape{
    appearance Appearance {
        material  Material 	{
            diffuseColor 1.0 1.0 1.0
            specularColor 0.5019607843137255 0.5019607843137255 0.5019607843137255
            ambientIntensity 0.2
            transparency 0
            shininess 0.5
        }
    }
    geometry IndexedFaceSet {
        ccw TRUE
        solid FALSE
        coord DEF co Coordinate {
            point [
                3.4449 1.1416 -0.8955, 3.4449 1.1412 -0.8955, 3.4449 1.1424 -0.9, 3.4449 1.1404 -0.8998, 3.4449 1.1432 -0.903, 3.4449 1.1395 -0.903, 3.4449 1.1593 -0.9473, 3.4449 1.1235 -0.9473, 3.4449 1.1235 -0.9473
            ]
        }
        coordIndex [
            0,1,2,-1,2,1,3,-1,2,3,4,-1,4,3,5,-1,4,5,6,-1,6,5,7,-1,
        ]
    }
}
Shape{
    appearance Appearance {
        material  Material 	{
            diffuseColor 0.0 0.0 0.0
            specularColor 0.0 0.0 0.0
            ambientIntensity 0.2
            transparency 0
            shininess 0.5
        }
    }
    geometry IndexedFaceSet {
        ccw TRUE
        solid FALSE
        coord DEF co Coordinate {
            point [
                3.4488 0.1561 -1.0038, 3.4488 0.1674 -1.0177, 3.4488 0.1492 -0.9366, 3.4488 0.1359 -0.8047, 3.4488 0.1528 -0.7957, 3.4488 0.1489 -0.749, 3.4488 0.1963 -0.7468, 3.4488 0.2198 -0.8022, 3.4488 0.2314 -0.7782, 3.4488 0.1327 -0.9264, 3.4488 0.1388 -0.9846, 3.4488 0.1485 -0.9874, 3.4488 0.1788 -0.7453, 3.4488 0.2261 -0.935, 3.4488 0.2332 -0.9375, 3.4488 0.2965 -0.9556, 3.4488 0.2393 -0.9416, 3.4488 0.2442 -0.9471, 3.4488 0.4027 -0.8994, 3.4488 0.3792 -0.8592, 3.4488 0.2775 -0.9123, 3.4488 0.2198 -0.9343, 3.4488 0.2124 -0.9353, 3.4488 0.2024 -0.8887, 3.4488 0.2058 -0.9379, 3.4488 0.1856 -0.8952, 3.4488 0.1998 -0.9421, 3.4488 0.1701 -0.906, 3.4488 0.1968 -0.9453, 3.4488 0.1576 -0.9203, 3.4488 0.1929 -0.9516, 3.4488 0.1907 -0.9587, 3.4488 0.1903 -0.9661, 3.4488 0.2481 -0.8916, 3.4488 0.2298 -0.887, 3.4488 0.2206 -0.8865, 3.4488 0.2475 -0.9533, 3.4488 0.2492 -0.9604, 3.4488 0.2965 -0.9632, 3.4488 0.2492 -0.9673, 3.4488 0.2961 -0.9712, 3.4488 0.4278 -0.8243, 3.4488 0.4339 -0.8243, 3.4488 0.465 -0.7833, 3.4488 0.4483 -0.826, 3.4488 0.4687 -0.7845, 3.4488 0.4616 -0.8312, 3.4488 0.4913 -0.7957, 3.4488 0.5119 -0.8131, 3.4488 0.2118 -0.7287, 3.4488 0.2485 -0.7579, 3.4488 0.2297 -0.7134, 3.4488 0.2688 -0.743, 3.4488 0.2482 -0.7019, 3.4488 0.1716 -0.7913, 3.4488 0.1796 -0.7909, 3.4488 0.1876 -0.7458, 3.4488 0.1975 -0.7931, 3.4488 0.2145 -0.7993, 3.4488 0.2642 -0.9002, 3.4488 0.5121 -0.9548, 3.4488 0.4767 -0.9246, 3.4488 0.4914 -0.9723, 3.4488 0.4655 -0.9338, 3.4488 0.4683 -0.9836, 3.4488 0.4521 -0.94, 3.4488 0.443 -0.989, 3.4488 0.4384 -0.9427, 3.4488 0.3982 -0.989, 3.4488 0.4043 -0.9427, 3.4488 0.3939 -0.9883, 3.4488 0.1917 -0.9732, 3.4488 0.1947 -0.9796, 3.4488 0.4734 -0.8394, 3.4488 0.482 -0.8491, 3.4488 0.5274 -0.8347, 3.4488 0.4891 -0.8621, 3.4488 0.5367 -0.8579, 3.4488 0.4927 -0.8767, 3.4488 0.5401 -0.8827, 3.4488 0.4931 -0.8835, 3.4488 0.5367 -0.9098, 3.4488 0.4912 -0.8983, 3.4488 0.5271 -0.9338, 3.4488 0.486 -0.9118, 3.4488 0.4776 -0.9236, 3.4488 0.424 -0.7233, 3.4488 0.3942 -0.7581, 3.4488 0.4492 -0.7525, 3.4488 0.4114 -0.7786, 3.4488 0.4231 -0.803, 3.4488 0.106 -0.8484, 3.4488 0.0561 -0.861, 3.4488 0.1037 -0.8668, 3.4488 0.0559 -0.8683, 3.4488 0.1046 -0.8786, 3.4488 0.0595 -0.898, 3.4488 0.1101 -0.8971, 3.4488 0.0704 -0.9263, 3.4488 0.1191 -0.9124, 3.4488 0.0877 -0.951, 3.4488 0.1114 -0.9712, 3.4488 0.2916 -0.9899, 3.4488 0.2474 -0.9746, 3.4488 0.2826 -1.0068, 3.4488 0.2439 -0.9811, 3.4488 0.271 -1.0198, 3.4488 0.2398 -0.9858, 3.4488 0.2559 -1.0303, 3.4488 0.234 -0.9899, 3.4488 0.239 -1.0368, 3.4488 0.2274 -0.9925, 3.4488 0.2206 -1.0391, 3.4488 0.2198 -0.9935, 3.4488 0.2177 -1.039, 3.4488 0.2185 -0.9935, 3.4488 0.1998 -1.0362, 3.4488 0.2117 -0.9924, 3.4488 0.1823 -1.0289, 3.4488 0.2048 -0.9894, 3.4488 0.199 -0.985, 3.4488 0.2832 -0.6885, 3.4488 0.2936 -0.733, 3.4488 0.3208 -0.6838, 3.4488 0.3215 -0.7294, 3.4488 0.3521 -0.6871, 3.4488 0.3473 -0.7325, 3.4488 0.3901 -0.7005, 3.4488 0.3711 -0.7417, 3.4488 0.3924 -0.7565, 3.4488 0.1208 -0.7599, 3.4488 0.0967 -0.7769, 3.4488 0.123 -0.8163, 3.4488 0.0915 -0.7817, 3.4488 0.1125 -0.8314, 3.4488 0.0733 -0.8052, 3.4488 0.0612 -0.8325, 3.4488 0.4005 -0.942, 3.4488 0.3822 -0.981, 3.4488 0.384 -0.9828, 3.4488 0.4027 -0.9425, 3.4488 0.3889 -0.9863, 3.4488 0.3762 -0.9654, 3.4488 0.3769 -0.9711, 3.4488 0.3789 -0.9762, 3.4488 0.3938 -0.9427, 3.4488 0.3886 -0.9447, 3.4488 0.3764 -0.9624, 3.4488 0.384 -0.948, 3.4488 0.3808 -0.9515, 3.4488 0.3779 -0.9567, 3.4488 0.3997 -0.9419, 3.4449 0.5401 -0.8827, 3.4449 0.5367 -0.8579, 3.4449 0.5341 -0.8514, 3.4449 0.5274 -0.8347, 3.4449 0.5119 -0.8131, 3.4449 0.4913 -0.7957, 3.4449 0.4687 -0.7845, 3.4449 0.465 -0.7833, 3.4449 0.4492 -0.7525, 3.4449 0.424 -0.7233, 3.4449 0.4066 -0.7116, 3.4449 0.3901 -0.7005, 3.4449 0.3521 -0.6871, 3.4449 0.3208 -0.6838, 3.4449 0.2832 -0.6885, 3.4449 0.2482 -0.7019, 3.4449 0.2327 -0.7116, 3.4449 0.2297 -0.7134, 3.4449 0.2118 -0.7287, 3.4449 0.1963 -0.7468, 3.4449 0.1876 -0.7458, 3.4449 0.1788 -0.7453, 3.4449 0.1489 -0.749, 3.4449 0.1208 -0.7599, 3.4449 0.0967 -0.7769, 3.4449 0.0915 -0.7817, 3.4449 0.0612 -0.8325, 3.4449 0.0733 -0.8052, 3.4449 0.0578 -0.8514, 3.4449 0.0561 -0.861, 3.4449 0.0559 -0.8683, 3.4449 0.0595 -0.898, 3.4449 0.0704 -0.9263, 3.4449 0.0877 -0.951, 3.4449 0.1114 -0.9712, 3.4449 0.1388 -0.9846, 3.4449 0.1485 -0.9874, 3.4449 0.1494 -0.9895, 3.4449 0.1561 -1.0038, 3.4449 0.1674 -1.0177, 3.4449 0.1823 -1.0289, 3.4449 0.1892 -1.0318, 3.4449 0.1998 -1.0362, 3.4449 0.2177 -1.039, 3.4449 0.2206 -1.0391, 3.4449 0.2965 -0.9632, 3.4449 0.239 -1.0368, 3.4449 0.252 -1.0318, 3.4449 0.2559 -1.0303, 3.4449 0.271 -1.0198, 3.4449 0.2826 -1.0068, 3.4449 0.2916 -0.9899, 3.4449 0.2917 -0.9895, 3.4449 0.2961 -0.9712, 3.4449 0.2965 -0.9556, 3.4449 0.4027 -0.8994, 3.4449 0.3792 -0.8592, 3.4449 0.2775 -0.9123, 3.4449 0.2642 -0.9002, 3.4449 0.2481 -0.8916, 3.4449 0.2298 -0.887, 3.4449 0.2206 -0.8865, 3.4449 0.2024 -0.8887, 3.4449 0.1856 -0.8952, 3.4449 0.1701 -0.906, 3.4449 0.1576 -0.9203, 3.4449 0.1492 -0.9366, 3.4449 0.1327 -0.9264, 3.4449 0.1191 -0.9124, 3.4449 0.1101 -0.8971, 3.4449 0.1046 -0.8786, 3.4449 0.1037 -0.8668, 3.4449 0.1056 -0.8514, 3.4449 0.106 -0.8484, 3.4449 0.1125 -0.8314, 3.4449 0.123 -0.8163, 3.4449 0.1359 -0.8047, 3.4449 0.1528 -0.7957, 3.4449 0.1716 -0.7913, 3.4449 0.1796 -0.7909, 3.4449 0.1975 -0.7931, 3.4449 0.2145 -0.7993, 3.4449 0.2198 -0.8022, 3.4449 0.2314 -0.7782, 3.4449 0.2485 -0.7579, 3.4449 0.2688 -0.743, 3.4449 0.2936 -0.733, 3.4449 0.3215 -0.7294, 3.4449 0.3473 -0.7325, 3.4449 0.3711 -0.7417, 3.4449 0.3924 -0.7565, 3.4449 0.3942 -0.7581, 3.4449 0.4114 -0.7786, 3.4449 0.4231 -0.803, 3.4449 0.4278 -0.8243, 3.4449 0.4339 -0.8243, 3.4449 0.4483 -0.826, 3.4449 0.4616 -0.8312, 3.4449 0.4734 -0.8394, 3.4449 0.482 -0.8491, 3.4449 0.4833 -0.8514, 3.4449 0.4891 -0.8621, 3.4449 0.4927 -0.8767, 3.4449 0.4931 -0.8835, 3.4449 0.4912 -0.8983, 3.4449 0.486 -0.9118, 3.4449 0.4776 -0.9236, 3.4449 0.4767 -0.9246, 3.4449 0.4655 -0.9338, 3.4449 0.4521 -0.94, 3.4449 0.4384 -0.9427, 3.4449 0.4043 -0.9427, 3.4449 0.4027 -0.9425, 3.4449 0.4005 -0.942, 3.4449 0.3997 -0.9419, 3.4449 0.3938 -0.9427, 3.4449 0.3886 -0.9447, 3.4449 0.384 -0.948, 3.4449 0.3808 -0.9515, 3.4449 0.3779 -0.9567, 3.4449 0.3764 -0.9624, 3.4449 0.3762 -0.9654, 3.4449 0.3769 -0.9711, 3.4449 0.3789 -0.9762, 3.4449 0.3822 -0.981, 3.4449 0.384 -0.9828, 3.4449 0.3889 -0.9863, 3.4449 0.3939 -0.9883, 3.4449 0.3982 -0.989, 3.4449 0.443 -0.989, 3.4449 0.4683 -0.9836, 3.4449 0.4914 -0.9723, 3.4449 0.5121 -0.9548, 3.4449 0.5271 -0.9338, 3.4449 0.5367 -0.9098, 3.4449 0.2198 -0.9343, 3.4449 0.2261 -0.935, 3.4449 0.2332 -0.9375, 3.4449 0.2393 -0.9416, 3.4449 0.2442 -0.9471, 3.4449 0.2475 -0.9533, 3.4449 0.2492 -0.9604, 3.4449 0.2492 -0.9673, 3.4449 0.2474 -0.9746, 3.4449 0.2439 -0.9811, 3.4449 0.2398 -0.9858, 3.4449 0.234 -0.9899, 3.4449 0.2274 -0.9925, 3.4449 0.2198 -0.9935, 3.4449 0.2185 -0.9935, 3.4449 0.2117 -0.9924, 3.4449 0.2048 -0.9894, 3.4449 0.199 -0.985, 3.4449 0.1947 -0.9796, 3.4449 0.1917 -0.9732, 3.4449 0.1903 -0.9661, 3.4449 0.1907 -0.9587, 3.4449 0.1929 -0.9516, 3.4449 0.1968 -0.9453, 3.4449 0.1998 -0.9421, 3.4449 0.2058 -0.9379, 3.4449 0.2124 -0.9353, 3.4449 0.2124 -0.9353
            ]
        }
        coordIndex [
            0,1,2,-1,3,4,5,-1,6,7,8,-1,9,10,2,-1,2,10,11,-1,2,11,0,-1,5,4,12,-1,13,14,15,-1,15,14,16,-1,15,16,17,-1,18,19,15,-1,15,19,20,-1,15,20,13,-1,13,20,21,-1,22,23,24,-1,24,23,25,-1,24,25,26,-1,26,25,27,-1,26,27,28,-1,28,27,29,-1,28,29,30,-1,30,29,2,-1,30,2,31,-1,31,2,32,-1,33,34,22,-1,22,34,35,-1,22,35,23,-1,17,36,15,-1,15,36,37,-1,15,37,38,-1,38,37,39,-1,38,39,40,-1,41,42,43,-1,43,42,44,-1,43,44,45,-1,45,44,46,-1,45,46,47,-1,47,46,48,-1,6,8,49,-1,49,8,50,-1,49,50,51,-1,51,50,52,-1,51,52,53,-1,4,54,12,-1,12,54,55,-1,12,55,56,-1,56,55,57,-1,56,57,6,-1,6,57,58,-1,6,58,7,-1,21,20,22,-1,22,20,59,-1,22,59,33,-1,60,61,62,-1,62,61,63,-1,62,63,64,-1,64,63,65,-1,64,65,66,-1,66,65,67,-1,66,67,68,-1,68,67,69,-1,68,69,70,-1,32,2,71,-1,71,2,1,-1,71,1,72,-1,46,73,48,-1,48,73,74,-1,48,74,75,-1,75,74,76,-1,75,76,77,-1,77,76,78,-1,77,78,79,-1,79,78,80,-1,79,80,81,-1,81,80,82,-1,81,82,83,-1,83,82,84,-1,83,84,60,-1,60,84,85,-1,60,85,61,-1,86,87,88,-1,88,87,89,-1,88,89,43,-1,43,89,90,-1,43,90,41,-1,91,92,93,-1,93,92,94,-1,93,94,95,-1,95,94,96,-1,95,96,97,-1,97,96,98,-1,97,98,99,-1,99,98,100,-1,99,100,9,-1,9,100,101,-1,9,101,10,-1,40,39,102,-1,102,39,103,-1,102,103,104,-1,104,103,105,-1,104,105,106,-1,106,105,107,-1,106,107,108,-1,108,107,109,-1,108,109,110,-1,110,109,111,-1,110,111,112,-1,112,111,113,-1,112,113,114,-1,114,113,115,-1,114,115,116,-1,116,115,117,-1,116,117,118,-1,118,117,119,-1,118,119,1,-1,1,119,120,-1,1,120,72,-1,53,52,121,-1,121,52,122,-1,121,122,123,-1,123,122,124,-1,123,124,125,-1,125,124,126,-1,125,126,127,-1,127,126,128,-1,127,128,86,-1,86,128,129,-1,86,129,87,-1,5,130,3,-1,3,130,131,-1,3,131,132,-1,132,131,133,-1,132,133,134,-1,134,133,135,-1,134,135,91,-1,91,135,136,-1,91,136,92,-1,137,138,139,-1,69,140,70,-1,70,140,137,-1,70,137,141,-1,141,137,139,-1,142,143,137,-1,137,143,144,-1,137,144,138,-1,145,146,147,-1,146,148,147,-1,147,148,149,-1,147,149,150,-1,142,137,147,-1,147,137,151,-1,147,151,145,-1,79,152,153,-1,79,153,77,-1,77,153,154,-1,77,154,75,-1,154,155,75,-1,75,155,156,-1,75,156,48,-1,48,156,157,-1,48,157,47,-1,47,157,158,-1,47,158,45,-1,45,158,159,-1,45,159,43,-1,43,159,160,-1,43,160,88,-1,88,160,161,-1,88,161,86,-1,127,86,162,-1,162,86,161,-1,162,163,127,-1,127,163,164,-1,127,164,125,-1,125,164,165,-1,125,165,123,-1,123,165,166,-1,123,166,121,-1,121,166,167,-1,121,167,53,-1,53,167,51,-1,51,167,168,-1,51,168,169,-1,51,169,170,-1,51,170,49,-1,49,170,171,-1,49,171,6,-1,6,171,172,-1,6,172,56,-1,56,172,173,-1,56,173,12,-1,12,173,174,-1,12,174,5,-1,5,174,175,-1,5,175,130,-1,130,175,176,-1,130,176,131,-1,131,176,177,-1,131,177,133,-1,178,135,179,-1,179,135,133,-1,179,133,177,-1,180,92,178,-1,178,92,136,-1,178,136,135,-1,180,181,92,-1,92,181,182,-1,92,182,94,-1,94,182,183,-1,94,183,96,-1,96,183,184,-1,96,184,98,-1,98,184,185,-1,98,185,100,-1,100,185,186,-1,100,186,101,-1,101,186,187,-1,101,187,10,-1,10,187,188,-1,10,188,11,-1,11,188,189,-1,11,189,0,-1,189,190,0,-1,0,190,191,-1,0,191,1,-1,1,191,192,-1,1,192,118,-1,118,192,193,-1,118,193,116,-1,193,194,116,-1,116,194,195,-1,116,195,114,-1,114,195,196,-1,114,196,112,-1,197,38,40,-1,112,196,198,-1,199,108,198,-1,198,108,110,-1,198,110,112,-1,199,200,108,-1,108,200,201,-1,108,201,106,-1,106,201,202,-1,106,202,104,-1,104,202,203,-1,104,203,102,-1,102,203,204,-1,102,204,40,-1,40,204,205,-1,40,205,197,-1,15,38,206,-1,206,38,197,-1,18,15,207,-1,207,15,206,-1,19,18,208,-1,208,18,207,-1,20,19,209,-1,209,19,208,-1,20,209,210,-1,20,210,59,-1,59,210,211,-1,59,211,33,-1,33,211,212,-1,33,212,34,-1,34,212,213,-1,34,213,35,-1,35,213,214,-1,35,214,23,-1,23,214,215,-1,23,215,25,-1,25,215,216,-1,25,216,27,-1,27,216,217,-1,27,217,29,-1,29,217,218,-1,29,218,2,-1,2,218,219,-1,2,219,9,-1,9,219,220,-1,9,220,99,-1,99,220,221,-1,99,221,97,-1,97,221,222,-1,97,222,95,-1,95,222,223,-1,95,223,93,-1,93,223,91,-1,91,223,224,-1,224,225,91,-1,91,225,226,-1,91,226,134,-1,134,226,227,-1,134,227,132,-1,132,227,228,-1,132,228,3,-1,3,228,229,-1,3,229,4,-1,4,229,230,-1,4,230,54,-1,54,230,231,-1,54,231,55,-1,55,231,232,-1,55,232,57,-1,57,232,233,-1,57,233,58,-1,58,233,234,-1,58,234,7,-1,7,234,235,-1,7,235,8,-1,8,235,236,-1,8,236,50,-1,50,236,237,-1,50,237,52,-1,52,237,238,-1,52,238,122,-1,122,238,239,-1,122,239,124,-1,124,239,240,-1,124,240,126,-1,126,240,241,-1,126,241,128,-1,128,241,242,-1,128,242,129,-1,129,242,243,-1,129,243,87,-1,87,243,244,-1,87,244,89,-1,89,244,245,-1,89,245,90,-1,90,245,246,-1,90,246,41,-1,42,41,247,-1,247,41,246,-1,42,247,248,-1,42,248,44,-1,44,248,249,-1,44,249,46,-1,46,249,250,-1,46,250,73,-1,73,250,251,-1,73,251,74,-1,74,251,252,-1,74,252,76,-1,252,253,76,-1,76,253,254,-1,76,254,78,-1,78,254,255,-1,78,255,80,-1,80,255,256,-1,80,256,82,-1,82,256,257,-1,82,257,84,-1,84,257,258,-1,84,258,85,-1,85,258,259,-1,85,259,61,-1,61,259,260,-1,61,260,63,-1,63,260,261,-1,63,261,65,-1,65,261,262,-1,65,262,67,-1,69,67,263,-1,263,67,262,-1,69,263,264,-1,69,264,140,-1,140,264,265,-1,140,265,137,-1,137,265,266,-1,137,266,151,-1,151,266,267,-1,151,267,145,-1,145,267,268,-1,145,268,146,-1,146,268,269,-1,146,269,148,-1,148,269,270,-1,148,270,149,-1,149,270,271,-1,149,271,150,-1,150,271,272,-1,150,272,147,-1,147,272,273,-1,147,273,142,-1,142,273,274,-1,142,274,143,-1,143,274,275,-1,143,275,144,-1,144,275,276,-1,144,276,138,-1,138,276,277,-1,138,277,139,-1,139,277,278,-1,139,278,141,-1,141,278,279,-1,141,279,70,-1,70,279,280,-1,70,280,68,-1,66,68,281,-1,281,68,280,-1,66,281,282,-1,66,282,64,-1,64,282,283,-1,64,283,62,-1,62,283,284,-1,62,284,60,-1,60,284,285,-1,60,285,83,-1,83,285,286,-1,83,286,81,-1,81,286,152,-1,81,152,79,-1,21,287,288,-1,21,288,13,-1,13,288,289,-1,13,289,14,-1,14,289,290,-1,14,290,16,-1,16,290,291,-1,16,291,17,-1,17,291,292,-1,17,292,36,-1,36,292,293,-1,36,293,37,-1,37,293,294,-1,37,294,39,-1,39,294,295,-1,39,295,103,-1,103,295,296,-1,103,296,105,-1,105,296,297,-1,105,297,107,-1,107,297,298,-1,107,298,109,-1,109,298,299,-1,109,299,111,-1,111,299,300,-1,111,300,113,-1,113,300,301,-1,113,301,115,-1,115,301,302,-1,115,302,117,-1,117,302,303,-1,117,303,119,-1,119,303,304,-1,119,304,120,-1,120,304,305,-1,120,305,72,-1,72,305,306,-1,72,306,71,-1,71,306,307,-1,71,307,32,-1,32,307,308,-1,32,308,31,-1,31,308,309,-1,31,309,30,-1,30,309,310,-1,30,310,28,-1,28,310,311,-1,28,311,26,-1,26,311,312,-1,26,312,24,-1,24,312,313,-1,24,313,22,-1,22,313,287,-1,22,287,21,-1,
        ]
    }
}
Shape{
    appearance Appearance {
        material  Material 	{
            diffuseColor 1.0 1.0 1.0
            specularColor 0.5019607843137255 0.5019607843137255 0.5019607843137255
            ambientIntensity 0.2
            transparency 0
            shininess 0.5
        }
    }
    geometry IndexedFaceSet {
        ccw TRUE
        solid FALSE
        coord DEF co Coordinate {
            point [
                3.4449 0.2185 -0.9935, 3.4449 0.1998 -0.9421, 3.4449 0.1968 -0.9453, 3.4449 0.2274 -0.9925, 3.4449 0.234 -0.9899, 3.4449 0.2261 -0.935, 3.4449 0.2198 -0.9343, 3.4449 0.2124 -0.9353, 3.4449 0.2058 -0.9379, 3.4449 0.1917 -0.9732, 3.4449 0.1947 -0.9796, 3.4449 0.199 -0.985, 3.4449 0.2198 -0.9935, 3.4449 0.1929 -0.9516, 3.4449 0.1907 -0.9587, 3.4449 0.1903 -0.9661, 3.4449 0.2048 -0.9894, 3.4449 0.2117 -0.9924, 3.4449 0.2398 -0.9858, 3.4449 0.2439 -0.9811, 3.4449 0.2474 -0.9746, 3.4449 0.2492 -0.9673, 3.4449 0.2492 -0.9604, 3.4449 0.2475 -0.9533, 3.4449 0.2442 -0.9471, 3.4449 0.2393 -0.9416, 3.4449 0.2332 -0.9375, -2.2638 -1.378 1.1614, -2.2638 -0.1181 1.1614, -2.2638 -1.378 0.8465, -2.2638 -0.1181 0.8465, 2.2638 -0.1181 1.1614, 2.2638 -1.378 1.1614, 2.2638 -0.1181 0.8465, 2.2638 -1.378 0.8465, 2.2638 -1.378 0.8465
            ]
        }
        coordIndex [
            0,1,2,-1,3,4,5,-1,6,7,0,-1,0,7,8,-1,0,8,1,-1,9,10,2,-1,2,10,11,-1,6,0,5,-1,5,0,12,-1,5,12,3,-1,13,14,2,-1,2,14,15,-1,2,15,9,-1,11,16,2,-1,2,16,17,-1,2,17,0,-1,4,18,5,-1,5,18,19,-1,5,19,20,-1,20,21,5,-1,5,21,22,-1,5,22,23,-1,23,24,5,-1,5,24,25,-1,5,25,26,-1,27,28,29,-1,29,28,30,-1,31,32,33,-1,33,32,34,-1,32,27,34,-1,34,27,29,-1,
        ]
    }
}