#VRML V2.0 utf8
# 3D model generated by easyeda2kicad.py (https://github.com/uPesy/easyeda2kicad.py)

Shape{
    appearance Appearance {
        material  Material 	{
            diffuseColor 0.8509803921568627 0.8509803921568627 0.8509803921568627
            specularColor 0.4235294117647059 0.4235294117647059 0.4235294117647059
            ambientIntensity 0.851
            transparency 0.0
            shininess 0.5
        }
    }
    geometry IndexedFaceSet {
        ccw TRUE
        solid FALSE
        coord DEF co Coordinate {
            point [
                -1.5256 0.0392 0.3346, -1.5256 0.0392 0.4528, -3.3957 0.0392 0.3346, -3.3957 0.0392 0.4528, -3.4619 0.0392 0.3434, -3.4313 0.0392 0.4575, -3.5236 0.0392 0.3689, -3.4646 0.0392 0.4712, -3.5766 0.0392 0.4096, -3.4931 0.0392 0.4931, -3.6173 0.0392 0.4626, -3.515 0.0392 0.5217, -3.6429 0.0392 0.5243, -3.5288 0.0392 0.5549, -3.6516 0.0392 0.5906, -3.5335 0.0392 0.5906, -3.6516 0.0392 0.9843, -3.5335 0.0392 0.9843, -3.6473 0.0392 1.0252, -3.5317 0.0392 1.0006, -3.6346 0.0392 1.0643, -3.5267 0.0392 1.0163, -3.614 0.0392 1.1, -3.5184 0.0392 1.0305, -3.5864 0.0392 1.1305, -3.5074 0.0392 1.0428, -3.5531 0.0392 1.1547, -3.4941 0.0392 1.0524, -2.1893 0.0392 1.9421, -2.1303 0.0392 1.8398, -2.1501 0.0392 1.9594, -2.1146 0.0392 1.8468, -2.1081 0.0392 1.9678, -2.0978 0.0392 1.8501, -2.0652 0.0392 1.9668, -2.0806 0.0392 1.8497, -2.0236 0.0392 1.9566, -2.064 0.0392 1.8456, -1.9851 0.0392 1.9377, -2.0486 0.0392 1.8381, -1.9517 0.0392 1.9109, -2.0352 0.0392 1.8273, -1.6954 0.0392 1.6545, -1.7789 0.0392 1.571, -1.6745 0.0392 1.6374, -1.7401 0.0392 1.5392, -1.6507 0.0392 1.6247, -1.6959 0.0392 1.5155, -1.6248 0.0392 1.6168, -1.6479 0.0392 1.501, -1.598 0.0392 1.6142, -1.598 0.0392 1.4961, 0.6068 0.0392 1.6142, 0.6068 0.0392 1.4961, 0.6068 1.8108 1.6142, -1.598 1.8108 1.6142, 0.6068 1.8108 1.4961, -1.598 1.8108 1.4961, -1.6479 1.8108 1.501, -1.6959 1.8108 1.5155, -1.7401 1.8108 1.5392, -1.7789 1.8108 1.571, -2.0352 1.8108 1.8273, -2.0486 1.8108 1.8381, -2.064 1.8108 1.8456, -2.0806 1.8108 1.8497, -2.0978 1.8108 1.8501, -2.1146 1.8108 1.8468, -2.1303 1.8108 1.8398, -3.4941 1.8108 1.0524, -3.5074 1.8108 1.0428, -3.5184 1.8108 1.0305, -3.5267 1.8108 1.0163, -3.5317 1.8108 1.0006, -3.5335 1.8108 0.9843, -3.5335 1.8108 0.5906, -3.5288 1.8108 0.5549, -3.515 1.8108 0.5217, -3.4931 1.8108 0.4931, -3.4646 1.8108 0.4712, -3.4313 1.8108 0.4575, -3.3957 1.8108 0.4528, -1.5256 1.4171 0.4528, -1.5256 1.8108 0.4528, -1.5256 0.4329 0.4528, -1.3287 0.4329 0.4528, -1.3287 1.4171 0.4528, -1.2778 0.4329 0.4461, -1.2778 1.4171 0.4461, -1.2303 0.4329 0.4264, -1.2303 1.4171 0.4264, -1.1895 0.4329 0.3951, -1.1895 1.4171 0.3951, -1.1583 0.4329 0.3543, -1.1583 1.4171 0.3543, -1.1386 0.4329 0.3069, -1.1386 1.4171 0.3069, -1.1319 0.4329 0.2559, -1.1319 1.4171 0.2559, -1.1319 0.9759 -0.9319, -1.1319 1.0234 -0.9516, -1.1319 1.0642 -0.9828, -1.1319 1.0955 -1.0236, -1.1319 1.4171 -1.122, -1.1319 0.7858 -1.2612, -1.1319 0.7545 -1.2205, -1.1319 0.4816 -1.3356, -1.1319 0.4452 -1.2316, -1.1319 0.7349 -1.173, -1.1319 0.4329 -1.122, -1.1319 1.1151 -1.0711, -1.1319 1.1219 -1.122, -1.1319 1.4048 -1.2316, -1.1319 1.1151 -1.173, -1.1319 1.3684 -1.3356, -1.1319 1.0955 -1.2205, -1.1319 1.3098 -1.4289, -1.1319 1.0642 -1.2612, -1.1319 0.5402 -1.4289, -1.1319 0.6182 -1.5068, -1.1319 0.8266 -1.2925, -1.1319 0.7115 -1.5654, -1.1319 0.8741 -1.3122, -1.1319 0.8155 -1.6018, -1.1319 0.925 -1.3189, -1.1319 0.925 -1.6142, -1.1319 0.9759 -1.3122, -1.1319 1.0345 -1.6018, -1.1319 1.0234 -1.2925, -1.1319 1.1385 -1.5654, -1.1319 1.2318 -1.5068, -1.1319 0.7282 -1.122, -1.1319 0.7349 -1.0711, -1.1319 0.7545 -1.0236, -1.1319 0.7858 -0.9828, -1.1319 0.8266 -0.9516, -1.1319 0.8741 -0.9319, -1.1319 0.925 -0.9252, -1.25 1.0642 -0.9828, -1.25 1.0234 -0.9516, -1.25 1.4171 0.2559, -1.25 0.8266 -1.2925, -1.25 0.8741 -1.3122, -1.25 0.8155 -1.6018, -1.25 0.925 -1.6142, -1.25 0.925 -1.3189, -1.25 1.0345 -1.6018, -1.25 0.9759 -1.3122, -1.25 1.1385 -1.5654, -1.25 1.0234 -1.2925, -1.25 1.2318 -1.5068, -1.25 1.0642 -1.2612, -1.25 1.3098 -1.4289, -1.25 1.0955 -1.2205, -1.25 1.3684 -1.3356, -1.25 0.9759 -0.9319, -1.25 0.925 -0.9252, -1.25 0.4329 0.2559, -1.25 0.8741 -0.9319, -1.25 0.8266 -0.9516, -1.25 1.4048 -1.2316, -1.25 1.1151 -1.173, -1.25 1.4171 -1.122, -1.25 1.1219 -1.122, -1.25 1.1151 -1.0711, -1.25 1.0955 -1.0236, -1.25 0.7858 -0.9828, -1.25 0.7545 -1.0236, -1.25 0.4329 -1.122, -1.25 0.7115 -1.5654, -1.25 0.6182 -1.5068, -1.25 0.7858 -1.2612, -1.25 0.5402 -1.4289, -1.25 0.7545 -1.2205, -1.25 0.4816 -1.3356, -1.25 0.7349 -1.173, -1.25 0.4452 -1.2316, -1.25 0.7282 -1.122, -1.25 0.7349 -1.0711, -1.2527 1.4171 0.2763, -1.2527 0.4329 0.2763, -1.2605 1.4171 0.2953, -1.2605 0.4329 0.2953, -1.2731 1.4171 0.3116, -1.2731 0.4329 0.3116, -1.2894 1.4171 0.3241, -1.2894 0.4329 0.3241, -1.3084 1.4171 0.332, -1.3084 0.4329 0.332, -1.3287 1.4171 0.3346, -1.3287 0.4329 0.3346, -3.3957 1.8108 0.3346, -1.5256 1.8108 0.3346, -1.5256 1.4171 0.3346, -1.5256 0.4329 0.3346, -3.4619 1.8108 0.3434, -3.5236 1.8108 0.3689, -3.5766 1.8108 0.4096, -3.6173 1.8108 0.4626, -3.6429 1.8108 0.5243, -3.6516 1.8108 0.5906, -3.6516 1.8108 0.9843, -3.6473 1.8108 1.0252, -3.6346 1.8108 1.0643, -3.614 1.8108 1.1, -3.5864 1.8108 1.1305, -3.5531 1.8108 1.1547, -2.1893 1.8108 1.9421, -2.1501 1.8108 1.9594, -2.1081 1.8108 1.9678, -2.0652 1.8108 1.9668, -2.0236 1.8108 1.9566, -1.9851 1.8108 1.9377, -1.9517 1.8108 1.9109, -1.6954 1.8108 1.6545, -1.6745 1.8108 1.6374, -1.6507 1.8108 1.6247, -1.6248 1.8108 1.6168
            ]
        }
        coordIndex [
            0,1,2,-1,2,1,3,-1,2,3,4,-1,4,3,5,-1,4,5,6,-1,6,5,7,-1,6,7,8,-1,8,7,9,-1,8,9,10,-1,10,9,11,-1,10,11,12,-1,12,11,13,-1,12,13,14,-1,14,13,15,-1,14,15,16,-1,16,15,17,-1,16,17,18,-1,18,17,19,-1,18,19,20,-1,20,19,21,-1,20,21,22,-1,22,21,23,-1,22,23,24,-1,24,23,25,-1,24,25,26,-1,26,25,27,-1,26,27,28,-1,28,27,29,-1,28,29,30,-1,30,29,31,-1,30,31,32,-1,32,31,33,-1,32,33,34,-1,34,33,35,-1,34,35,36,-1,36,35,37,-1,36,37,38,-1,38,37,39,-1,38,39,40,-1,40,39,41,-1,40,41,42,-1,42,41,43,-1,42,43,44,-1,44,43,45,-1,44,45,46,-1,46,45,47,-1,46,47,48,-1,48,47,49,-1,48,49,50,-1,50,49,51,-1,50,51,52,-1,52,51,53,-1,54,55,52,-1,52,55,50,-1,56,54,53,-1,53,54,52,-1,57,56,51,-1,51,56,53,-1,57,51,49,-1,57,49,58,-1,58,49,47,-1,58,47,59,-1,59,47,45,-1,59,45,60,-1,60,45,43,-1,60,43,61,-1,62,61,41,-1,41,61,43,-1,62,41,63,-1,63,41,39,-1,63,39,64,-1,64,39,37,-1,64,37,65,-1,65,37,35,-1,65,35,66,-1,66,35,33,-1,66,33,67,-1,67,33,31,-1,67,31,68,-1,68,31,29,-1,69,68,27,-1,27,68,29,-1,69,27,70,-1,70,27,25,-1,70,25,71,-1,71,25,23,-1,71,23,72,-1,72,23,21,-1,72,21,73,-1,73,21,19,-1,73,19,74,-1,74,19,17,-1,75,74,15,-1,15,74,17,-1,75,15,76,-1,76,15,13,-1,76,13,77,-1,77,13,11,-1,77,11,78,-1,78,11,9,-1,78,9,79,-1,79,9,7,-1,79,7,80,-1,80,7,5,-1,80,5,81,-1,81,5,3,-1,82,83,81,-1,3,1,84,-1,85,86,84,-1,84,86,82,-1,84,82,3,-1,3,82,81,-1,86,85,87,-1,86,87,88,-1,88,87,89,-1,88,89,90,-1,90,89,91,-1,90,91,92,-1,92,91,93,-1,92,93,94,-1,94,93,95,-1,94,95,96,-1,96,95,97,-1,96,97,98,-1,99,100,98,-1,100,101,98,-1,98,101,102,-1,98,102,103,-1,104,105,106,-1,106,105,107,-1,107,105,108,-1,107,108,109,-1,102,110,103,-1,103,110,111,-1,103,111,112,-1,112,111,113,-1,112,113,114,-1,114,113,115,-1,114,115,116,-1,116,115,117,-1,106,118,104,-1,104,118,119,-1,104,119,120,-1,120,119,121,-1,120,121,122,-1,122,121,123,-1,122,123,124,-1,124,123,125,-1,124,125,126,-1,126,125,127,-1,126,127,128,-1,128,127,129,-1,128,129,117,-1,117,129,130,-1,117,130,116,-1,108,131,109,-1,109,131,132,-1,109,132,97,-1,97,132,133,-1,97,133,134,-1,134,135,97,-1,97,135,136,-1,97,136,98,-1,98,136,137,-1,98,137,99,-1,138,139,140,-1,141,142,143,-1,143,142,144,-1,144,142,145,-1,144,145,146,-1,146,145,147,-1,146,147,148,-1,148,147,149,-1,148,149,150,-1,150,149,151,-1,150,151,152,-1,152,151,153,-1,152,153,154,-1,139,155,140,-1,140,155,156,-1,140,156,157,-1,157,156,158,-1,157,158,159,-1,154,153,160,-1,160,153,161,-1,160,161,162,-1,161,163,162,-1,162,163,164,-1,162,164,140,-1,140,164,165,-1,140,165,138,-1,159,166,157,-1,157,166,167,-1,157,167,168,-1,143,169,141,-1,141,169,170,-1,141,170,171,-1,171,170,172,-1,171,172,173,-1,173,172,174,-1,173,174,175,-1,175,174,176,-1,175,176,177,-1,177,176,168,-1,177,168,178,-1,178,168,167,-1,140,157,179,-1,179,157,180,-1,179,180,181,-1,181,180,182,-1,181,182,183,-1,183,182,184,-1,183,184,185,-1,185,184,186,-1,185,186,187,-1,187,186,188,-1,187,188,189,-1,189,188,190,-1,191,192,2,-1,2,192,193,-1,0,2,194,-1,194,2,193,-1,194,193,190,-1,190,193,189,-1,191,2,4,-1,191,4,195,-1,195,4,6,-1,195,6,196,-1,196,6,8,-1,196,8,197,-1,197,8,10,-1,197,10,198,-1,198,10,12,-1,198,12,199,-1,199,12,14,-1,199,14,200,-1,201,200,16,-1,16,200,14,-1,201,16,18,-1,201,18,202,-1,202,18,20,-1,202,20,203,-1,203,20,22,-1,203,22,204,-1,204,22,24,-1,204,24,205,-1,205,24,26,-1,205,26,206,-1,207,206,28,-1,28,206,26,-1,207,28,30,-1,207,30,208,-1,208,30,32,-1,208,32,209,-1,209,32,34,-1,209,34,210,-1,210,34,36,-1,210,36,211,-1,211,36,38,-1,211,38,212,-1,212,38,40,-1,212,40,213,-1,214,213,42,-1,42,213,40,-1,214,42,215,-1,215,42,44,-1,215,44,216,-1,216,44,46,-1,216,46,217,-1,217,46,48,-1,217,48,55,-1,55,48,50,-1,54,56,55,-1,55,56,57,-1,55,57,217,-1,217,57,58,-1,217,58,216,-1,216,58,59,-1,216,59,215,-1,215,59,60,-1,215,60,214,-1,214,60,61,-1,214,61,213,-1,213,61,62,-1,213,62,212,-1,212,62,63,-1,212,63,211,-1,211,63,64,-1,211,64,210,-1,210,64,65,-1,210,65,209,-1,209,65,66,-1,209,66,208,-1,208,66,67,-1,208,67,207,-1,207,67,68,-1,207,68,206,-1,206,68,69,-1,206,69,205,-1,205,69,70,-1,205,70,204,-1,204,70,71,-1,204,71,203,-1,203,71,72,-1,203,72,202,-1,202,72,73,-1,202,73,201,-1,201,73,74,-1,201,74,200,-1,200,74,75,-1,200,75,199,-1,199,75,76,-1,199,76,198,-1,198,76,77,-1,198,77,197,-1,197,77,78,-1,197,78,196,-1,196,78,79,-1,196,79,195,-1,195,79,80,-1,195,80,191,-1,191,80,81,-1,191,81,192,-1,192,81,83,-1,168,109,157,-1,157,109,97,-1,157,97,180,-1,180,97,95,-1,180,95,182,-1,182,95,93,-1,182,93,184,-1,184,93,91,-1,184,91,186,-1,186,91,89,-1,186,89,188,-1,188,89,87,-1,188,87,190,-1,190,87,85,-1,190,85,194,-1,194,85,84,-1,194,84,0,-1,0,84,1,-1,193,82,189,-1,189,82,86,-1,189,86,187,-1,187,86,88,-1,187,88,185,-1,185,88,90,-1,185,90,183,-1,183,90,92,-1,183,92,181,-1,181,92,94,-1,181,94,179,-1,179,94,96,-1,179,96,140,-1,140,96,98,-1,140,98,162,-1,162,98,103,-1,193,192,82,-1,82,192,83,-1,145,124,147,-1,147,124,126,-1,147,126,149,-1,149,126,128,-1,149,128,151,-1,151,128,117,-1,151,117,153,-1,153,117,115,-1,153,115,161,-1,161,115,113,-1,161,113,163,-1,163,113,111,-1,163,111,164,-1,164,111,110,-1,164,110,165,-1,165,110,102,-1,165,102,138,-1,138,102,101,-1,138,101,139,-1,139,101,100,-1,139,100,155,-1,155,100,99,-1,155,99,156,-1,156,99,137,-1,156,137,158,-1,158,137,136,-1,158,136,159,-1,159,136,135,-1,159,135,166,-1,166,135,134,-1,166,134,167,-1,167,134,133,-1,167,133,178,-1,178,133,132,-1,178,132,177,-1,177,132,131,-1,177,131,175,-1,175,131,108,-1,175,108,173,-1,173,108,105,-1,173,105,171,-1,171,105,104,-1,171,104,141,-1,141,104,120,-1,141,120,142,-1,142,120,122,-1,142,122,145,-1,145,122,124,-1,109,168,176,-1,109,176,107,-1,107,176,174,-1,107,174,106,-1,106,174,172,-1,106,172,118,-1,118,172,170,-1,118,170,119,-1,119,170,169,-1,119,169,121,-1,121,169,143,-1,121,143,123,-1,123,143,144,-1,123,144,125,-1,125,144,146,-1,125,146,127,-1,127,146,148,-1,127,148,129,-1,129,148,150,-1,129,150,130,-1,130,150,152,-1,130,152,116,-1,116,152,154,-1,116,154,114,-1,114,154,160,-1,114,160,112,-1,112,160,162,-1,112,162,103,-1,
        ]
    }
}
Shape{
    appearance Appearance {
        material  Material 	{
            diffuseColor 0.2235294117647059 0.2235294117647059 0.2235294117647059
            specularColor 0.11372549019607843 0.11372549019607843 0.11372549019607843
            ambientIntensity 0.2235
            transparency 0.0
            shininess 0.5
        }
    }
    geometry IndexedFaceSet {
        ccw TRUE
        solid FALSE
        coord DEF co Coordinate {
            point [
                -2.5129 2.6967 1.3062, -2.5154 2.6967 1.2841, -2.5196 2.6967 1.3648, -3.4658 2.6967 0.0787, -4.065 2.6967 0.0787, -4.065 2.6967 0.4794, -2.5682 2.6967 0.0787, -2.7184 2.6967 0.0787, -2.7184 2.6967 0.4794, -2.1228 2.6967 0.0787, -2.2292 2.6967 0.0787, -2.2292 2.6967 0.4794, -2.3932 2.6967 0.9315, -2.3874 2.6967 0.9203, -2.5196 2.6967 0.9203, -2.1761 2.6967 1.3644, -2.1789 2.6967 1.3648, -2.1228 2.6967 1.3648, -2.8445 2.6967 2.5197, -2.7184 2.6967 2.5197, -2.7184 2.6967 1.3648, -2.047 2.6967 1.3655, -2.047 2.6967 1.3648, -2.1132 2.6967 1.3648, -1.5195 2.6967 0.9533, -1.5161 2.6967 0.947, -1.9584 2.6967 0.947, -1.8211 2.6967 1.2422, -1.8518 2.6967 1.2158, -1.9584 2.6967 1.3648, -1.9584 2.6967 1.202, -1.6787 2.6967 1.3815, -1.7023 2.6967 1.3648, -1.7208 2.6967 1.3515, -1.761 2.6967 1.3033, -1.7817 2.6967 1.2612, -1.7873 2.6967 1.2592, -1.5664 2.6967 1.4118, -1.6226 2.6967 1.4044, -1.9584 2.6967 2.5197, 0.5807 2.6967 2.5197, 0.5807 2.6967 1.3648, -1.4251 2.6967 1.3648, -1.4295 2.6967 1.3684, -1.464 2.6967 1.3888, -1.5171 2.6967 1.4069, 0.5807 2.6967 1.202, -1.1801 2.6967 1.202, -1.1943 2.6967 1.2332, -1.2215 2.6967 1.2674, -1.309 2.6967 1.3162, -1.3529 2.6967 1.3211, -1.4026 2.6967 1.3457, -1.3659 2.6967 1.3203, -1.379 2.6967 1.3187, -1.2301 2.6967 1.2753, -1.2666 2.6967 1.3003, -1.248 2.6967 0.9839, -1.214 2.6967 1.0136, 0.5807 2.6967 0.947, -1.2888 2.6967 0.9632, -1.1878 2.6967 1.0518, -1.1721 2.6967 1.0943, 0.5807 2.6967 1.1562, -1.1671 2.6967 1.138, -1.1676 2.6967 1.1497, -1.1688 2.6967 1.1562, -1.1757 2.6967 1.1924, -1.3047 2.6967 0.9583, -1.3099 2.6967 0.947, -1.316 2.6967 0.9338, 0.5807 2.6967 0.9203, 0.5807 2.6967 0.4794, -1.3328 2.6967 0.9127, -1.3267 2.6967 0.9203, -1.4079 2.6967 0.8802, -1.3811 2.6967 0.8846, -1.3549 2.6967 0.8958, -1.4654 2.6967 0.8928, -1.4399 2.6967 0.8833, -1.9584 2.6967 0.4794, -1.4124 2.6967 0.8801, -1.9584 2.6967 0.9203, -1.5058 2.6967 0.928, -1.4989 2.6967 0.9203, -1.4882 2.6967 0.9085, -1.8884 2.6967 1.1484, -1.8933 2.6967 1.1112, -1.9584 2.6967 1.1562, -1.6654 2.6967 1.0198, -1.6733 2.6967 1.0228, -1.6871 2.6967 1.0876, -1.4991 2.6967 1.0696, -1.6522 2.6967 1.1482, -1.4793 2.6967 1.0879, -1.4553 2.6967 1.101, -1.6584 2.6967 1.0149, -1.8223 2.6967 1.1205, -1.8171 2.6967 1.1424, -1.8098 2.6967 1.1562, -1.241 2.6967 1.1562, -1.8733 2.6967 1.0346, -1.8505 2.6967 1.0033, -1.8193 2.6967 0.9773, -1.7844 2.6967 0.9606, -1.6821 2.6967 1.0239, -1.6832 2.6967 1.0238, -1.6866 2.6967 1.023, -1.8878 2.6967 1.0706, -1.248 2.6967 1.0944, -1.2615 2.6967 1.0711, -1.3192 2.6967 1.0589, -1.2817 2.6967 1.05, -1.3064 2.6967 1.0345, -1.3616 2.6967 1.0963, -1.3382 2.6967 1.0803, -1.2389 2.6967 1.1398, -1.2401 2.6967 1.1223, -1.3868 2.6967 1.1058, -1.414 2.6967 1.1089, -1.4278 2.6967 1.108, -1.7992 2.6967 1.0505, -1.8119 2.6967 1.0682, -1.8199 2.6967 1.0884, -1.8227 2.6967 1.1106, -1.6465 2.6967 0.9889, -1.6469 2.6967 0.9933, -1.5271 2.6967 1.0045, -1.6492 2.6967 1.002, -1.6536 2.6967 1.0097, -1.6654 2.6967 0.9574, -1.658 2.6967 0.9627, -1.6554 2.6967 0.9654, -1.6505 2.6967 0.9726, -1.6476 2.6967 0.9804, -1.5263 2.6967 0.9813, -1.527 2.6967 0.9931, -1.6889 2.6967 1.0227, -1.7401 2.6967 1.0223, -1.7606 2.6967 1.0261, -1.7465 2.6967 0.9529, -1.6793 2.6967 0.9533, -1.6729 2.6967 0.9544, -1.7807 2.6967 1.0353, -1.7977 2.6967 1.0489, -1.7255 2.6967 1.2001, -1.2524 2.6967 1.1926, -1.2424 2.6967 1.1673, -1.7346 2.6967 1.2, -1.8067 2.6967 1.1621, -1.7936 2.6967 1.1769, -1.776 2.6967 1.1894, -1.7562 2.6967 1.1972, -1.7015 2.6967 1.2686, -1.676 2.6967 1.2995, -1.4137 2.6967 1.2353, -1.6731 2.6967 1.3022, -1.6412 2.6967 1.3246, -1.4314 2.6967 1.2712, -1.259 2.6967 1.202, -1.4056 2.6967 1.2398, -1.725 2.6967 1.202, -1.7187 2.6967 1.2318, -1.3801 2.6967 1.2493, -1.3535 2.6967 1.2528, -1.3417 2.6967 1.2523, -1.4571 2.6967 1.3015, -1.6056 2.6967 1.3385, -1.4878 2.6967 1.3236, -1.5671 2.6967 1.3435, -1.5251 2.6967 1.3384, -1.3136 2.6967 1.2458, -1.2881 2.6967 1.2326, -1.2683 2.6967 1.2152, -1.8615 2.6967 1.202, -1.8748 2.6967 1.1832, -1.8853 2.6967 1.1562, -2.7184 2.6967 1.1562, -2.7846 2.6967 1.1062, -2.8067 2.6967 1.106, -2.8437 2.6967 0.9456, -2.7453 2.6967 0.9463, -3.4658 2.6967 0.9203, -2.7227 2.6967 0.947, -2.7184 2.6967 0.947, -2.7225 2.6967 0.9465, -2.7184 2.6967 0.9203, -2.7456 2.6967 0.947, -2.8432 2.6967 0.947, -2.8277 2.6967 0.9895, -2.761 2.6967 0.99, -2.5196 2.6967 1.1081, -2.5505 2.6967 1.1078, -2.5682 2.6967 1.1562, -2.5503 2.6967 1.0894, -2.5454 2.6967 1.0382, -2.5453 2.6967 1.0199, -2.5682 2.6967 0.947, -2.5196 2.6967 1.0201, -2.488 2.6967 1.0203, -2.5196 2.6967 0.9662, -2.4876 2.6967 0.9664, -2.5196 2.6967 1.0896, -2.5196 2.6967 1.0384, -2.4885 2.6967 1.0899, -2.4882 2.6967 1.0386, -2.388 2.6967 0.9773, -2.3904 2.6967 0.9678, -2.3909 2.6967 0.9678, -2.5531 2.6967 0.9659, -2.553 2.6967 0.9477, -2.5196 2.6967 0.947, -2.5196 2.6967 0.9479, -2.4668 2.6967 0.9483, -2.446 2.6967 1.0628, -2.3694 2.6967 1.1562, -2.4253 2.6967 1.063, -2.3694 2.6967 1.0318, -2.3934 2.6967 0.9771, -2.3918 2.6967 0.9717, -2.258 2.6967 0.9502, -2.2478 2.6967 0.9539, -2.2292 2.6967 0.947, -2.2564 2.6967 0.9693, -2.258 2.6967 0.9688, -2.258 2.6967 1.0113, -2.254 2.6967 1.0152, -2.2515 2.6967 1.0194, -2.2479 2.6967 0.9746, -2.2493 2.6967 1.0256, -2.2485 2.6967 1.0334, -2.2292 2.6967 1.1562, -2.2493 2.6967 1.0405, -2.2573 2.6967 1.0118, -2.2792 2.6967 0.947, -2.2788 2.6967 0.9469, -2.258 2.6967 0.9203, -2.2783 2.6967 0.947, -2.258 2.6967 0.947, -2.2619 2.6967 0.9488, -2.3203 2.6967 1.0613, -2.3202 2.6967 1.0418, -2.3308 2.6967 0.947, -2.2615 2.6967 1.0577, -2.2665 2.6967 1.0607, -2.258 2.6967 1.1562, -2.2518 2.6967 1.0469, -2.2555 2.6967 1.0523, -2.258 2.6967 1.0545, -2.3242 2.6967 0.9724, -2.3217 2.6967 0.966, -2.3179 2.6967 0.9608, -2.2773 2.6967 1.0647, -2.2933 2.6967 1.0665, -2.3308 2.6967 1.1562, -2.3073 2.6967 1.0652, -2.3187 2.6967 0.9994, -2.3224 2.6967 0.9938, -2.3245 2.6967 0.9879, -2.3252 2.6967 0.9804, -2.3122 2.6967 0.9558, -2.3074 2.6967 0.9529, -2.2968 2.6967 0.9489, -2.2912 2.6967 1.0502, -2.2852 2.6967 1.0498, -2.2692 2.6967 1.035, -2.2799 2.6967 1.0485, -2.2753 2.6967 1.0461, -2.2693 2.6967 1.0323, -2.2701 2.6967 1.0292, -2.2715 2.6967 1.0265, -2.2735 2.6967 1.0243, -2.2805 2.6967 1.0199, -2.3035 2.6967 1.0489, -2.2929 2.6967 1.0144, -2.3149 2.6967 1.0448, -2.3006 2.6967 1.0112, -2.3139 2.6967 1.0037, -2.2723 2.6967 1.0434, -2.2706 2.6967 1.0409, -2.2696 2.6967 1.0382, -2.269 2.6967 0.9647, -2.2786 2.6967 0.9999, -2.2667 2.6967 1.0055, -2.2809 2.6967 0.9633, -2.2817 2.6967 0.9633, -2.2918 2.6967 0.9943, -2.292 2.6967 0.9644, -2.3046 2.6967 0.9786, -2.3044 2.6967 0.9811, -2.2972 2.6967 0.9662, -2.2991 2.6967 0.9673, -2.3014 2.6967 0.9693, -2.3031 2.6967 0.9719, -2.3042 2.6967 0.9748, -2.3036 2.6967 0.9842, -2.302 2.6967 0.9869, -2.2995 2.6967 0.9895, -2.5682 2.6967 1.3648, -2.5859 2.6967 1.3616, -2.608 2.6967 1.3615, -2.5237 2.6967 1.2019, -2.5238 2.6967 1.202, -2.5196 2.6967 1.202, -2.5682 2.6967 1.3161, -2.5467 2.6967 1.202, -2.5466 2.6967 1.2018, -2.5196 2.6967 1.1562, -2.468 2.6967 1.1084, -2.5682 2.6967 1.202, -2.5682 2.6967 1.2454, -2.5623 2.6967 1.2455, -2.3308 2.6967 1.2216, -2.3544 2.6967 1.2214, -2.3466 2.6967 1.2753, -2.3308 2.6967 1.2938, -2.3467 2.6967 1.2937, -2.3516 2.6967 1.3449, -2.3694 2.6967 1.3648, -2.3517 2.6967 1.3633, -2.3308 2.6967 1.3648, -2.3308 2.6967 1.3635, -2.3308 2.6967 1.2754, -2.2893 2.6967 1.2757, -2.2889 2.6967 1.2219, -2.3308 2.6967 1.345, -2.2898 2.6967 1.3453, -2.2894 2.6967 1.2941, -2.2681 2.6967 1.2038, -2.258 2.6967 1.202, -2.3308 2.6967 1.202, -2.2692 2.6967 1.3639, -2.258 2.6967 1.3648, -2.3694 2.6967 1.202, -2.3542 2.6967 1.2031, -2.3308 2.6967 1.2033, -2.046 2.6967 1.2236, -2.1097 2.6967 1.2231, -2.1132 2.6967 1.202, -2.1096 2.6967 1.2049, -2.0252 2.6967 1.2055, -2.0263 2.6967 1.3648, -2.0263 2.6967 1.3656, -2.1132 2.6967 2.5197, -3.4658 2.6967 4.252, -2.8445 2.6967 4.252, -3.4658 2.6967 1.3648, -2.1228 2.6967 2.5197, -2.2292 2.6967 2.5197, -2.2292 2.6967 1.3648, -2.258 2.6967 2.5197, -2.3308 2.6967 2.5197, -2.3694 2.6967 2.5197, -2.5196 2.6967 2.5197, -2.5682 2.6967 2.5197, -2.629 2.6967 1.245, -2.6446 2.6967 1.202, -2.645 2.6967 1.2011, -2.6678 2.6967 1.2009, -2.6674 2.6967 1.202, -2.7184 2.6967 1.202, -2.1993 2.6967 1.3671, -2.2202 2.6967 1.3653, -2.222 2.6967 1.3648, -2.2292 2.6967 1.3626, -2.2372 2.6967 1.3603, -2.237 2.6967 1.3387, -2.219 2.6967 1.3459, -2.1993 2.6967 1.3484, -2.2292 2.6967 1.2273, -2.2362 2.6967 1.2304, -2.2352 2.6967 1.3396, -2.2292 2.6967 1.342, -2.1912 2.6967 1.348, -2.1775 2.6967 1.3451, -2.165 2.6967 1.3389, -2.1556 2.6967 1.331, -2.1545 2.6967 1.3298, -2.1467 2.6967 1.3188, -2.1412 2.6967 1.305, -2.1384 2.6967 1.2829, -2.1387 2.6967 1.275, -2.1414 2.6967 1.2594, -2.2023 2.6967 1.2202, -2.2204 2.6967 1.2235, -2.1674 2.6967 1.2265, -2.1788 2.6967 1.222, -2.1948 2.6967 1.22, -2.1468 2.6967 1.2467, -2.1538 2.6967 1.2372, -2.157 2.6967 1.234, -2.1208 2.6967 1.3111, -2.1228 2.6967 1.3155, -2.1286 2.6967 1.3288, -2.1403 2.6967 1.3439, -2.1442 2.6967 1.3476, -2.1593 2.6967 1.3581, -2.1228 2.6967 1.2477, -2.1197 2.6967 1.2557, -2.1167 2.6967 1.2819, -2.1171 2.6967 1.2902, -2.182 2.6967 1.2021, -2.1647 2.6967 1.2058, -2.1228 2.6967 1.202, -2.1496 2.6967 1.2131, -2.1368 2.6967 1.2238, -2.1356 2.6967 1.2253, -2.1261 2.6967 1.239, -2.1967 2.6967 1.202, -2.1917 2.6967 1.2016, -2.1836 2.6967 1.202, -2.2361 2.6967 1.2106, -2.2334 2.6967 1.2093, -2.2292 2.6967 1.202, -2.2292 2.6967 1.2079, -2.2161 2.6967 1.2038, -2.3694 2.6967 0.947, -2.3694 2.6967 0.9774, -2.3363 2.6967 1.0636, -2.3587 2.6967 1.0634, -2.3803 2.6967 0.9492, -2.3794 2.6967 0.947, -2.3714 2.6967 0.9284, -2.3308 2.6967 0.9203, -2.3666 2.6967 0.9203, -2.3673 2.6967 0.9211, -2.3694 2.6967 0.9249, -2.3694 2.6967 0.4794, -2.3694 2.6967 0.8999, -2.3682 2.6967 0.8991, -2.3602 2.6967 0.8961, -2.3521 2.6967 0.8952, -2.3308 2.6967 0.4794, -2.3559 2.6967 0.913, -2.3603 2.6967 0.9147, -2.3507 2.6967 0.9124, -2.3434 2.6967 0.9134, -2.3635 2.6967 0.917, -2.3393 2.6967 0.9148, -2.3392 2.6967 0.897, -2.3477 2.6967 0.8954, -2.384 2.6967 0.9139, -2.3766 2.6967 0.9052, -2.5196 2.6967 0.4794, -2.3752 2.6967 0.9039, -2.3994 2.6967 0.947, 0.5807 2.6967 0.0787, -1.9584 2.6967 0.0787, -2.5682 2.6967 0.4794, -2.5196 2.6967 0.0787, -2.3694 2.6967 0.0787, -2.3308 2.6967 0.0787, -2.258 2.6967 0.4794, -2.258 2.6967 0.0787, -2.5682 2.6967 0.9203, -3.4658 2.6967 0.4794, -2.1228 2.6967 0.4794, -2.2292 2.6967 0.9203, -2.1228 2.6967 0.9203, -2.1228 2.6967 0.947, -2.0245 2.6967 1.1116, -2.0234 2.6967 0.9514, -2.1132 2.6967 0.947, -2.1132 2.6967 0.9203, -2.1132 2.6967 0.4794, -2.1132 2.6967 0.0787, -2.107 2.6967 1.111, -2.1069 2.6967 1.0926, -2.1132 2.6967 1.1562, -2.1096 2.6967 0.9691, -2.1095 2.6967 0.9508, -2.0445 2.6967 1.0234, -2.0442 2.6967 0.9696, -2.1018 2.6967 1.023, -2.1019 2.6967 1.0414, -2.0447 2.6967 1.0418, -2.045 2.6967 1.093, -2.2211 2.6967 1.0236, -2.2206 2.6967 0.95, -2.1366 2.6967 1.0045, -2.1405 2.6967 1.0375, -2.1324 2.6967 0.998, -2.1299 2.6967 0.9906, -2.2193 2.6967 1.0404, -2.1849 2.6967 1.0503, -2.1781 2.6967 1.051, -2.1671 2.6967 1.0184, -2.1892 2.6967 0.9553, -2.184 2.6967 0.9519, -2.2005 2.6967 0.9502, -2.1759 2.6967 0.949, -2.1649 2.6967 0.9477, -2.1425 2.6967 1.0098, -2.1506 2.6967 1.0142, -2.1544 2.6967 1.0461, -2.1669 2.6967 1.0501, -2.1597 2.6967 1.065, -2.1228 2.6967 1.1562, -2.1448 2.6967 1.0593, -2.1406 2.6967 1.057, -2.1453 2.6967 0.9522, -2.1386 2.6967 0.9569, -2.1364 2.6967 0.9592, -2.1322 2.6967 0.9653, -2.2007 2.6967 0.9679, -2.2001 2.6967 0.9679, -2.1957 2.6967 0.9616, -2.201 2.6967 1.0229, -2.2004 2.6967 1.0318, -2.1984 2.6967 1.0389, -2.1961 2.6967 1.0431, -2.1299 2.6967 0.9721, -2.1289 2.6967 0.9813, -2.1801 2.6967 1.0673, -2.1937 2.6967 1.0658, -2.2018 2.6967 1.063, -2.2082 2.6967 1.0589, -2.1529 2.6967 0.9492, -2.2119 2.6967 1.0553, -2.2161 2.6967 1.0491, -2.1931 2.6967 1.0463, -2.1895 2.6967 1.0486, -2.5832 2.6967 0.9475, -2.7096 2.6967 0.9997, -2.7016 2.6967 0.9832, -2.6896 2.6967 0.9691, -2.7058 2.6967 1.0661, -2.7117 2.6967 1.0508, -2.7142 2.6967 1.0287, -2.7136 2.6967 1.0185, -2.6728 2.6967 0.9573, -2.6545 2.6967 0.9503, -2.6273 2.6967 0.9472, -2.5844 2.6967 1.1076, -2.63 2.6967 1.1073, -2.6545 2.6967 1.1044, -2.6738 2.6967 1.0972, -2.6904 2.6967 1.0856, -2.696 2.6967 1.0801, -2.5071 2.6967 1.3215, -2.4557 2.6967 1.3599, -2.475 2.6967 1.3527, -2.5149 2.6967 1.2739, -2.5109 2.6967 1.2552, -2.4313 2.6967 1.3627, -2.5029 2.6967 1.2387, -2.4909 2.6967 1.2246, -2.4741 2.6967 1.2128, -2.4558 2.6967 1.2057, -2.4285 2.6967 1.2026, -2.3845 2.6967 1.2029, -2.3856 2.6967 1.3631, -2.4917 2.6967 1.3411, -2.4973 2.6967 1.3356, -3.4658 2.6967 1.202, -3.4658 2.6967 1.1562, -3.4658 2.6967 0.947, -2.866 2.6967 0.947, -2.8666 2.6967 0.9455, -4.065 2.6967 0.9203, -4.065 2.6967 0.947, -4.065 2.6967 1.1562, -4.065 2.6967 1.202, -4.065 2.6967 1.3648, -4.065 2.6967 4.252, 1.3681 1.5156 0.0, 1.3681 2.4998 0.0, 1.3681 1.5156 1.2598, 1.3681 2.4998 1.2598, 1.3681 -0.6498 0.0, 1.3681 0.3344 0.0, 1.3681 -0.6498 1.2598, 1.3681 0.3344 1.2598, 0.5807 -0.6498 0.0, 0.5807 -0.7679 0.0, -4.065 -0.7679 0.0, 0.5807 2.4998 0.0, 1.1319 0.3344 0.0, 1.1319 0.4329 0.0, 1.1122 0.4329 0.0, 1.1319 1.5156 0.0, 1.1319 1.4171 0.0, 1.1122 1.4171 0.0, -4.065 2.6179 0.0, 0.5807 2.6179 0.0, 0.5807 -0.6498 2.5197, 1.1319 -0.6498 2.5197, 1.1319 -0.6283 2.7789, -2.8445 -0.6498 2.5197, 1.1319 2.4783 2.7789, 1.1319 2.4998 2.5197, 0.5807 2.4998 2.5197, -2.8445 -0.6283 2.7789, 1.1319 -0.5645 3.031, -2.8445 -0.5645 3.031, 1.1319 -0.46 3.2692, -2.8445 -0.46 3.2692, 1.1319 -0.3177 3.487, -2.8445 -0.3177 3.487, 1.1319 -0.1416 3.6783, -2.8445 -0.1416 3.6783, 1.1319 0.0637 3.8381, -2.8445 0.0637 3.8381, 1.1319 0.2924 3.9619, -2.8445 0.2924 3.9619, 1.1319 0.5384 4.0463, -2.8445 0.5384 4.0463, 1.1319 0.795 4.0891, -2.8445 0.795 4.0891, 1.1319 1.055 4.0891, -2.8445 1.055 4.0891, 1.1319 1.3116 4.0463, -2.8445 1.3116 4.0463, 1.1319 1.5576 3.9619, -2.8445 1.5576 3.9619, 1.1319 1.7863 3.8381, -2.8445 1.7863 3.8381, 1.1319 1.9916 3.6783, -2.8445 1.9916 3.6783, 1.1319 2.1677 3.487, -2.8445 2.1677 3.487, 1.1319 2.31 3.2692, -2.8445 2.31 3.2692, 1.1319 2.4145 3.031, -2.8445 2.4145 3.031, -2.8445 2.4783 2.7789, -2.8445 2.4998 2.5197, 1.1319 -0.6498 1.2598, 0.5807 -0.6498 1.7323, 0.5807 -0.6498 1.6089, -0.2067 -0.6498 1.6089, -0.2067 -0.6498 1.7323, 0.5807 -0.8467 1.7323, 0.5807 -0.8467 2.5197, -3.75 1.8756 1.7323, -0.4035 1.8756 1.7323, -0.4035 1.9961 1.8958, -4.1437 1.9961 1.8958, -4.1437 1.856 1.7103, -3.75 1.856 1.7103, -3.75 1.6842 1.5537, -4.1437 1.6842 1.5537, -3.75 1.4866 1.4313, -4.1437 1.4866 1.4313, -3.75 1.2698 1.3473, -4.1437 1.2698 1.3473, -3.75 1.0412 1.3046, -4.1437 1.0412 1.3046, -3.75 0.8088 1.3046, -4.1437 0.8088 1.3046, -3.75 0.5802 1.3473, -4.1437 0.5802 1.3473, -3.75 0.3634 1.4313, -4.1437 0.3634 1.4313, -3.75 0.1658 1.5537, -4.1437 0.1658 1.5537, -3.75 -0.006 1.7103, -4.1437 -0.006 1.7103, -3.75 -0.0256 1.7323, -4.1437 -0.1461 1.8958, -0.4035 -0.0256 1.7323, -4.1437 2.0998 2.104, -0.4035 2.0998 2.104, -4.1437 2.1634 2.3276, -0.4035 2.1634 2.3276, -4.1437 2.1848 2.5591, -0.4035 2.1848 2.5591, -4.1437 2.1634 2.7906, -0.4035 2.1634 2.7906, -4.1437 2.0998 3.0142, -0.4035 2.0998 3.0142, -4.1437 1.9961 3.2223, -0.4035 1.9961 3.2223, -4.1437 1.856 3.4078, -0.4035 1.856 3.4078, -4.1437 1.6842 3.5644, -0.4035 1.6842 3.5644, -4.1437 1.4866 3.6868, -0.4035 1.4866 3.6868, -4.1437 1.2698 3.7708, -0.4035 1.2698 3.7708, -4.1437 1.0412 3.8135, -0.4035 1.0412 3.8135, -4.1437 0.8088 3.8135, -0.4035 0.8088 3.8135, -4.1437 0.5802 3.7708, -0.4035 0.5802 3.7708, -4.1437 0.3634 3.6868, -0.4035 0.3634 3.6868, -4.1437 0.1658 3.5644, -0.4035 0.1658 3.5644, -4.1437 -0.006 3.4078, -0.4035 -0.006 3.4078, -4.1437 -0.1461 3.2223, -0.4035 -0.1461 3.2223, -4.1437 -0.2498 3.0142, -0.4035 -0.2498 3.0142, -4.1437 -0.3134 2.7906, -0.4035 -0.3134 2.7906, -4.1437 -0.3348 2.5591, -0.4035 -0.3348 2.5591, -4.1437 -0.3134 2.3276, -0.4035 -0.3134 2.3276, -4.1437 -0.2498 2.104, -0.4035 -0.2498 2.104, -0.4035 -0.1461 1.8958, -0.4035 0.4858 2.0282, -0.4035 0.6316 1.9357, -0.4035 0.3676 2.1541, -0.4035 0.2844 2.3054, -0.4035 0.2415 2.4727, -0.4035 0.236 2.5591, -0.4035 0.2415 2.6454, -0.4035 0.2844 2.8127, -0.4035 0.3676 2.964, -0.4035 0.4858 3.0899, -0.4035 0.6316 3.1825, -0.4035 0.7959 3.2358, -0.4035 0.7959 1.8823, -0.4035 0.9683 1.8714, -0.4035 1.1379 1.9038, -0.4035 0.9683 3.2467, -0.4035 1.1379 3.2143, -0.4035 1.2942 1.9773, -0.4035 1.4272 2.0874, -0.4035 1.5288 2.2271, -0.4035 1.5923 2.3877, -0.4035 1.5288 2.891, -0.4035 1.5923 2.7304, -0.4035 1.614 2.5591, -0.4035 1.2942 3.1408, -0.4035 1.4272 3.0307, -0.2067 -0.8467 1.7323, -2.8445 -0.8467 2.5197, 0.5807 -0.8467 0.0787, 0.5807 -0.8467 1.6089, -4.065 -0.8467 0.0787, -0.2067 -0.8467 1.6089, -2.8445 -0.8467 4.252, -4.065 -0.8467 4.252, -2.8445 2.6179 4.3307, -4.065 2.6179 4.3307, -2.8445 -0.7679 4.3307, -4.065 -0.7679 4.3307, -4.065 -0.7883 4.328, -2.8445 -0.7883 4.328, -4.065 -0.8073 4.3202, -2.8445 -0.8073 4.3202, -4.065 -0.8236 4.3076, -2.8445 -0.8236 4.3076, -4.065 -0.8361 4.2913, -2.8445 -0.8361 4.2913, -4.065 -0.844 4.2724, -2.8445 -0.844 4.2724, -4.065 2.694 4.2724, -2.8445 2.694 4.2724, -4.065 2.6861 4.2913, -2.8445 2.6861 4.2913, -4.065 2.6736 4.3076, -2.8445 2.6736 4.3076, -4.065 2.6573 4.3202, -2.8445 2.6573 4.3202, -4.065 2.6383 4.328, -2.8445 2.6383 4.328, -4.1437 -0.3157 2.3403, -4.1437 -0.7679 0.0787, -4.1437 -0.7679 4.252, -4.1437 2.0161 3.189, -4.1437 1.8901 3.3689, -4.1437 2.6179 4.252, -4.1437 2.1089 2.9899, -4.1437 1.7348 3.5242, -4.1437 1.5549 3.6501, -4.1437 1.3559 3.7429, -4.1437 -0.2589 2.1282, -4.1437 -0.1661 1.9291, -4.1437 -0.0401 1.7492, -4.1437 0.1152 1.594, -4.1437 0.2951 1.468, -4.1437 0.4941 1.3752, -4.1437 1.1438 3.7998, -4.1437 0.925 3.8189, -4.1437 0.7062 3.7998, -4.1437 0.4941 3.7429, -4.1437 0.2951 3.6501, -4.1437 0.1152 3.5242, -4.1437 -0.0401 3.3689, -4.1437 -0.1661 3.189, -4.1437 -0.2589 2.9899, -4.1437 -0.3157 2.7778, -4.1437 1.1438 1.3184, -4.1437 2.6179 0.0787, -4.1437 0.925 1.2992, -4.1437 0.7062 1.3184, -4.1437 1.3559 1.3752, -4.1437 1.5549 1.468, -4.1437 1.7348 1.594, -4.1437 1.8901 1.7492, -4.1437 2.0161 1.9291, -4.1437 2.1089 2.1282, -4.1437 2.1657 2.3403, -4.1437 2.1657 2.7778, -4.1417 -0.7854 0.0787, -4.1414 -0.7854 4.252, -4.141 -0.7883 4.252, -4.1359 -0.8021 0.0787, -4.1354 -0.8019 4.252, -4.1331 -0.8073 4.252, -4.1265 -0.817 0.0787, -4.126 -0.8166 4.252, -4.1141 -0.8295 0.0787, -4.1137 -0.829 4.252, -4.1206 -0.8236 4.252, -4.0824 -0.8444 4.252, -4.0853 -0.844 4.252, -4.0991 -0.8389 0.0787, -4.0989 -0.8383 4.252, -4.1043 -0.8361 4.252, -4.0825 -0.8447 0.0787, 0.5807 -0.7883 0.0027, -4.065 -0.7883 0.0027, 0.5807 -0.8073 0.0106, -4.065 -0.8073 0.0106, 0.5807 -0.8236 0.0231, -4.065 -0.8236 0.0231, 0.5807 -0.8361 0.0394, -4.065 -0.8361 0.0394, 0.5807 -0.844 0.0584, -4.065 -0.844 0.0584, -4.1308 -0.8073 4.2696, -4.1187 -0.8236 4.2664, -4.103 -0.8361 4.2622, -4.0846 -0.844 4.2572, -4.0826 -0.844 4.2622, -4.0702 -0.844 4.2717, -4.0928 -0.8361 4.2798, -4.0751 -0.844 4.2696, -4.0846 -0.8361 4.2861, -4.0751 -0.8361 4.29, -4.0991 -0.8361 4.2717, -4.0794 -0.844 4.2664, -4.1132 -0.8236 4.2798, -4.1043 -0.8236 4.2913, -4.0928 -0.8236 4.3002, -4.0794 -0.8236 4.3058, -4.124 -0.8073 4.2861, -4.1132 -0.8073 4.3002, -4.0991 -0.8073 4.311, -4.0826 -0.8073 4.3178, -4.1384 -0.7883 4.2717, -4.1308 -0.7883 4.29, -4.1187 -0.7883 4.3058, -4.103 -0.7883 4.3178, -4.0846 -0.7883 4.3254, -4.141 -0.7679 4.2724, -4.1331 -0.7679 4.2913, -4.1206 -0.7679 4.3076, -4.1043 -0.7679 4.3202, -4.0853 -0.7679 4.328, -4.0738 -0.8389 0.0457, -4.0695 -0.8447 0.0618, -4.0737 -0.8447 0.0636, -4.065 -0.8447 0.0612, -4.065 -0.8232 0.0234, -4.065 -0.8295 0.0296, -4.0777 -0.8295 0.0313, -4.082 -0.8389 0.0492, -4.0773 -0.8447 0.0664, -4.065 -0.8357 0.0396, -4.065 -0.8389 0.0446, -4.065 -0.8437 0.0585, -4.065 -0.817 0.0172, -4.0809 -0.817 0.0193, -4.065 -0.807 0.0109, -4.0833 -0.8021 0.0102, -4.0848 -0.7854 0.0046, -4.065 -0.7882 0.0029, -4.065 -0.8021 0.0078, -4.0853 -0.7679 0.0027, -4.065 -0.7854 0.002, -4.1043 -0.7679 0.0106, -4.1033 -0.7854 0.0123, -4.1004 -0.8021 0.0173, -4.0957 -0.817 0.0254, -4.0895 -0.8295 0.0362, -4.1206 -0.7679 0.0231, -4.1192 -0.7854 0.0245, -4.1151 -0.8021 0.0286, -4.1085 -0.817 0.0352, -4.0997 -0.8295 0.044, -4.0891 -0.8389 0.0546, -4.1331 -0.7679 0.0394, -4.1314 -0.7854 0.0404, -4.1264 -0.8021 0.0433, -4.1183 -0.817 0.048, -4.1075 -0.8295 0.0542, -4.0945 -0.8389 0.0617, -4.0801 -0.8447 0.07, -4.0819 -0.8447 0.0742, -4.098 -0.8389 0.0699, -4.1124 -0.8295 0.066, -4.1244 -0.817 0.0628, -4.1335 -0.8021 0.0604, -4.1391 -0.7854 0.0589, -4.141 -0.7679 0.0584, -4.0853 2.6179 4.328, -4.1043 2.6179 4.3202, -4.1206 2.6179 4.3076, -4.1331 2.6179 4.2913, -4.141 2.6179 4.2724, -4.0853 2.6179 0.0027, -4.1043 2.6179 0.0106, -4.1206 2.6179 0.0231, -4.1331 2.6179 0.0394, -4.141 2.6179 0.0584, -4.065 2.6947 0.0612, 0.5807 2.6889 0.0446, -4.065 2.6889 0.0446, 0.5807 2.6795 0.0296, -4.065 2.6795 0.0296, 0.5807 2.667 0.0172, -4.065 2.667 0.0172, 0.5807 2.6521 0.0078, -4.065 2.6521 0.0078, 0.5807 2.6354 0.002, -4.065 2.6354 0.002, 0.5807 2.6947 0.0612, -4.1384 2.6376 4.2724, -4.0991 2.6376 4.3202, -4.0826 2.6281 4.328, -4.0794 2.6323 4.328, -4.0702 2.6376 4.328, -4.0846 2.6232 4.328, -4.103 2.6281 4.3202, -4.1187 2.6323 4.3076, -4.0928 2.6458 4.3202, -4.0751 2.6356 4.328, -4.0846 2.652 4.3202, -4.0751 2.6559 4.3202, -4.1132 2.6458 4.3076, -4.1043 2.6573 4.3076, -4.0928 2.6661 4.3076, -4.0794 2.6717 4.3076, -4.1308 2.6356 4.2913, -4.124 2.652 4.2913, -4.1132 2.6661 4.2913, -4.0991 2.677 4.2913, -4.0826 2.6838 4.2913, -4.1308 2.6559 4.2724, -4.1187 2.6717 4.2724, -4.103 2.6838 4.2724, -4.0846 2.6914 4.2724, -4.141 2.6383 4.252, -4.1331 2.6573 4.252, -4.1206 2.6736 4.252, -4.1043 2.6861 4.252, -4.0853 2.694 4.252, -4.065 2.694 0.0584, -4.0846 2.6914 0.0584, -4.0846 2.652 0.0106, -4.0751 2.6356 0.0027, -4.0794 2.6323 0.0027, -4.0846 2.6232 0.0027, -4.0702 2.6376 0.0027, -4.0751 2.6559 0.0106, -4.0794 2.6717 0.0231, -4.065 2.6383 0.0027, -4.0928 2.6458 0.0106, -4.0826 2.6281 0.0027, -4.0991 2.6376 0.0106, -4.103 2.6281 0.0106, -4.065 2.6573 0.0106, -4.065 2.6736 0.0231, -4.065 2.6861 0.0394, -4.0928 2.6661 0.0231, -4.1043 2.6573 0.0231, -4.1132 2.6458 0.0231, -4.1187 2.6323 0.0231, -4.0826 2.6838 0.0394, -4.0991 2.677 0.0394, -4.1132 2.6661 0.0394, -4.124 2.652 0.0394, -4.1308 2.6356 0.0394, -4.103 2.6838 0.0584, -4.1187 2.6717 0.0584, -4.1308 2.6559 0.0584, -4.1384 2.6376 0.0584, -4.0853 2.694 0.0787, -4.1043 2.6861 0.0787, -4.1206 2.6736 0.0787, -4.1331 2.6573 0.0787, -4.141 2.6383 0.0787, -3.75 -0.5317 0.315, -3.75 2.3817 0.315, -3.75 2.3817 1.7323, -3.75 -0.5317 1.7323, 0.7776 2.3817 1.7323, 0.7776 -0.5317 1.7323, 0.7776 -0.5317 0.315, 0.7776 2.3817 0.315
            ]
        }
        coordIndex [
            0,1,2,-1,3,4,5,-1,6,7,8,-1,9,10,11,-1,12,13,14,-1,15,16,17,-1,18,19,20,-1,21,22,23,-1,24,25,26,-1,27,28,29,-1,29,28,30,-1,31,32,29,-1,29,32,33,-1,29,33,34,-1,34,35,29,-1,29,35,36,-1,29,36,27,-1,37,38,39,-1,39,38,31,-1,40,41,42,-1,42,43,40,-1,40,43,44,-1,40,44,39,-1,39,44,45,-1,39,45,37,-1,46,47,41,-1,41,47,48,-1,41,48,49,-1,41,50,42,-1,42,50,51,-1,42,51,52,-1,52,51,53,-1,52,53,54,-1,49,55,41,-1,41,55,56,-1,41,56,50,-1,57,58,59,-1,57,59,60,-1,58,61,59,-1,59,61,62,-1,59,62,63,-1,63,62,64,-1,64,65,63,-1,63,65,66,-1,63,66,46,-1,46,66,67,-1,46,67,47,-1,68,60,69,-1,69,60,59,-1,69,59,70,-1,70,59,71,-1,72,73,71,-1,71,73,74,-1,71,74,70,-1,75,76,72,-1,72,76,77,-1,72,77,73,-1,78,79,80,-1,80,79,81,-1,80,81,75,-1,26,25,82,-1,25,83,82,-1,82,83,84,-1,82,84,80,-1,80,84,85,-1,80,85,78,-1,86,87,88,-1,89,90,91,-1,92,93,94,-1,94,93,95,-1,89,91,96,-1,97,98,93,-1,93,98,99,-1,93,99,100,-1,101,102,26,-1,26,102,103,-1,26,103,104,-1,90,105,91,-1,91,105,106,-1,91,106,107,-1,88,87,26,-1,26,87,108,-1,26,108,101,-1,109,110,111,-1,111,110,112,-1,111,112,113,-1,114,100,115,-1,115,100,116,-1,115,116,111,-1,111,116,117,-1,111,117,109,-1,114,118,100,-1,100,118,119,-1,100,119,93,-1,93,119,120,-1,93,120,95,-1,121,122,91,-1,91,122,123,-1,91,123,93,-1,93,123,124,-1,93,124,97,-1,125,126,127,-1,127,126,128,-1,127,128,91,-1,91,128,129,-1,91,129,96,-1,130,131,24,-1,24,131,132,-1,132,133,24,-1,24,133,134,-1,24,134,135,-1,135,134,125,-1,135,125,136,-1,136,125,127,-1,107,137,91,-1,91,137,138,-1,91,138,139,-1,104,140,26,-1,26,140,141,-1,26,141,24,-1,24,141,142,-1,24,142,130,-1,139,143,91,-1,91,143,144,-1,91,144,121,-1,145,146,147,-1,147,100,145,-1,145,100,99,-1,145,99,148,-1,148,99,149,-1,149,150,148,-1,148,150,151,-1,148,151,152,-1,153,154,155,-1,154,156,155,-1,155,156,157,-1,155,157,158,-1,159,155,160,-1,146,145,159,-1,159,145,161,-1,159,161,155,-1,155,161,162,-1,155,162,153,-1,160,163,159,-1,159,163,164,-1,159,164,165,-1,158,157,166,-1,166,157,167,-1,166,167,168,-1,168,167,169,-1,168,169,170,-1,171,172,165,-1,165,172,173,-1,165,173,159,-1,28,174,30,-1,30,174,175,-1,30,175,88,-1,88,175,176,-1,88,176,86,-1,177,178,179,-1,180,181,182,-1,178,177,183,-1,183,177,184,-1,183,184,185,-1,185,184,186,-1,185,186,181,-1,181,180,187,-1,180,188,187,-1,187,188,189,-1,187,189,190,-1,191,192,193,-1,193,192,194,-1,195,196,197,-1,198,199,200,-1,200,199,201,-1,194,202,203,-1,203,202,204,-1,203,204,205,-1,206,207,208,-1,198,200,196,-1,196,200,209,-1,196,209,197,-1,197,209,210,-1,197,210,211,-1,211,210,212,-1,211,212,213,-1,214,215,216,-1,216,215,217,-1,216,217,218,-1,218,217,206,-1,218,206,219,-1,219,206,208,-1,220,221,222,-1,223,224,225,-1,226,227,228,-1,227,229,228,-1,228,229,230,-1,228,230,231,-1,231,230,232,-1,223,225,228,-1,228,225,233,-1,228,233,226,-1,234,235,236,-1,236,235,237,-1,236,237,238,-1,238,237,239,-1,238,239,220,-1,240,241,242,-1,243,244,245,-1,232,246,231,-1,231,246,247,-1,231,247,245,-1,245,247,248,-1,245,248,243,-1,249,250,242,-1,242,250,251,-1,244,252,245,-1,245,252,253,-1,245,253,254,-1,254,253,255,-1,254,255,240,-1,256,257,241,-1,241,257,258,-1,241,258,242,-1,242,258,259,-1,242,259,249,-1,251,260,242,-1,242,260,261,-1,242,261,262,-1,263,264,265,-1,265,264,266,-1,265,266,267,-1,265,268,263,-1,263,268,269,-1,263,269,270,-1,270,271,263,-1,263,271,272,-1,263,272,273,-1,273,272,274,-1,273,274,275,-1,275,274,276,-1,275,276,241,-1,241,276,277,-1,241,277,256,-1,278,279,267,-1,267,279,280,-1,267,280,265,-1,281,282,224,-1,224,282,283,-1,224,283,225,-1,281,284,282,-1,282,284,285,-1,282,285,286,-1,286,285,287,-1,286,288,289,-1,287,290,286,-1,286,290,291,-1,286,291,292,-1,292,293,286,-1,286,293,294,-1,286,294,288,-1,289,295,286,-1,286,295,296,-1,286,296,297,-1,298,299,300,-1,301,302,303,-1,303,302,304,-1,305,306,193,-1,193,306,307,-1,193,307,191,-1,191,307,308,-1,193,309,305,-1,305,309,310,-1,305,310,311,-1,312,313,314,-1,315,316,317,-1,317,316,318,-1,317,318,319,-1,319,318,320,-1,319,320,321,-1,314,322,312,-1,312,322,323,-1,312,323,324,-1,317,325,315,-1,315,325,326,-1,315,326,327,-1,328,329,330,-1,321,320,331,-1,331,320,332,-1,331,332,328,-1,316,314,318,-1,318,314,313,-1,318,313,333,-1,333,313,334,-1,333,334,330,-1,330,334,335,-1,330,335,328,-1,22,336,23,-1,23,336,337,-1,23,337,338,-1,338,337,339,-1,338,339,340,-1,29,341,342,-1,31,29,39,-1,39,29,342,-1,39,342,343,-1,344,345,346,-1,346,345,18,-1,342,21,343,-1,343,21,23,-1,343,23,347,-1,348,349,350,-1,350,349,332,-1,350,332,351,-1,351,332,320,-1,351,320,352,-1,352,320,318,-1,352,318,353,-1,298,354,2,-1,2,354,353,-1,355,310,356,-1,356,310,309,-1,356,309,357,-1,357,309,193,-1,357,193,358,-1,358,193,177,-1,358,177,359,-1,359,177,360,-1,359,360,300,-1,300,360,20,-1,300,20,298,-1,298,20,19,-1,298,19,354,-1,361,362,348,-1,348,362,363,-1,348,363,349,-1,349,363,364,-1,349,364,332,-1,332,364,365,-1,332,365,366,-1,367,368,369,-1,328,332,329,-1,329,332,366,-1,329,366,370,-1,370,366,371,-1,370,371,369,-1,369,371,372,-1,369,372,367,-1,368,373,369,-1,369,373,374,-1,369,374,375,-1,375,376,369,-1,369,376,377,-1,369,377,378,-1,378,379,369,-1,369,379,380,-1,369,380,381,-1,382,383,381,-1,381,383,384,-1,381,384,369,-1,385,386,387,-1,382,388,383,-1,383,388,389,-1,383,389,387,-1,387,389,390,-1,387,390,385,-1,391,392,17,-1,17,392,393,-1,17,393,394,-1,394,395,17,-1,17,395,396,-1,17,396,15,-1,361,348,16,-1,16,348,347,-1,16,347,17,-1,17,347,23,-1,17,23,391,-1,397,398,338,-1,338,398,399,-1,338,399,23,-1,23,399,400,-1,23,400,391,-1,401,402,403,-1,403,402,404,-1,403,404,405,-1,405,406,403,-1,403,406,407,-1,403,407,397,-1,408,409,231,-1,231,409,410,-1,370,411,329,-1,329,411,412,-1,329,412,413,-1,413,412,414,-1,413,414,415,-1,416,417,242,-1,242,417,418,-1,240,242,254,-1,254,242,418,-1,254,418,215,-1,215,418,419,-1,215,419,217,-1,420,417,421,-1,421,417,416,-1,421,416,422,-1,423,424,242,-1,242,424,425,-1,242,425,416,-1,416,425,426,-1,416,426,422,-1,427,428,429,-1,429,430,427,-1,427,430,431,-1,427,431,432,-1,433,434,435,-1,435,434,436,-1,434,437,436,-1,436,437,424,-1,436,424,438,-1,438,424,423,-1,438,423,439,-1,439,423,432,-1,439,432,440,-1,440,432,431,-1,441,442,443,-1,443,442,427,-1,427,442,444,-1,427,444,428,-1,12,14,445,-1,75,72,80,-1,80,72,446,-1,80,446,447,-1,6,448,449,-1,449,448,443,-1,449,443,450,-1,450,443,427,-1,450,427,451,-1,451,427,432,-1,262,234,242,-1,242,234,236,-1,242,236,423,-1,423,236,452,-1,423,452,432,-1,432,452,453,-1,432,453,451,-1,448,454,443,-1,443,454,14,-1,443,14,441,-1,441,14,13,-1,181,186,182,-1,182,186,8,-1,182,8,455,-1,455,8,7,-1,455,7,3,-1,9,11,456,-1,456,11,457,-1,456,457,458,-1,458,457,222,-1,458,222,459,-1,220,222,238,-1,238,222,457,-1,238,457,236,-1,236,457,11,-1,236,11,452,-1,452,11,10,-1,452,10,453,-1,454,197,14,-1,14,197,211,-1,14,211,445,-1,445,211,213,-1,445,213,214,-1,214,213,308,-1,214,308,215,-1,215,308,307,-1,460,88,461,-1,461,88,26,-1,461,26,462,-1,462,26,82,-1,462,82,463,-1,463,82,80,-1,463,80,464,-1,464,80,447,-1,464,447,465,-1,466,467,468,-1,468,467,469,-1,468,469,462,-1,462,469,470,-1,462,470,461,-1,471,472,473,-1,473,472,469,-1,473,469,474,-1,474,469,467,-1,474,467,475,-1,475,467,476,-1,477,478,222,-1,479,480,481,-1,481,480,482,-1,221,228,222,-1,222,228,231,-1,222,231,477,-1,477,231,483,-1,484,485,486,-1,487,488,489,-1,489,488,490,-1,489,490,491,-1,479,492,480,-1,480,492,493,-1,480,493,494,-1,494,493,486,-1,494,486,495,-1,495,486,485,-1,496,497,498,-1,498,497,499,-1,500,501,459,-1,459,501,502,-1,459,502,503,-1,504,505,489,-1,489,505,506,-1,489,506,487,-1,507,508,486,-1,486,508,509,-1,486,509,510,-1,503,511,459,-1,459,511,512,-1,459,512,497,-1,497,512,482,-1,497,482,499,-1,499,482,480,-1,513,514,231,-1,231,514,515,-1,231,515,516,-1,478,489,222,-1,222,489,491,-1,222,491,459,-1,459,491,517,-1,459,517,500,-1,516,518,231,-1,231,518,519,-1,231,519,483,-1,510,520,486,-1,486,520,521,-1,486,521,484,-1,401,403,410,-1,410,403,497,-1,410,497,231,-1,231,497,496,-1,231,496,513,-1,203,195,194,-1,194,195,197,-1,194,197,193,-1,193,197,522,-1,523,524,184,-1,184,524,525,-1,526,527,177,-1,177,527,528,-1,177,528,184,-1,184,528,529,-1,184,529,523,-1,525,530,184,-1,184,530,531,-1,184,531,532,-1,6,8,448,-1,448,8,186,-1,448,186,454,-1,454,186,184,-1,454,184,197,-1,197,184,532,-1,197,532,522,-1,522,533,193,-1,193,533,534,-1,193,534,177,-1,177,534,535,-1,177,535,536,-1,536,537,177,-1,177,537,538,-1,177,538,526,-1,341,29,340,-1,340,29,30,-1,340,30,338,-1,338,30,88,-1,338,88,468,-1,468,88,460,-1,468,460,466,-1,397,338,403,-1,403,338,468,-1,403,468,497,-1,497,468,462,-1,497,462,459,-1,459,462,463,-1,459,463,458,-1,458,463,464,-1,458,464,456,-1,456,464,465,-1,456,465,9,-1,306,301,307,-1,307,301,303,-1,307,303,215,-1,215,303,333,-1,215,333,254,-1,254,333,330,-1,254,330,245,-1,245,330,329,-1,245,329,231,-1,231,329,413,-1,231,413,408,-1,408,413,415,-1,0,2,539,-1,540,541,2,-1,542,543,303,-1,353,318,2,-1,2,318,544,-1,2,544,540,-1,299,298,304,-1,304,298,2,-1,304,2,303,-1,303,2,1,-1,303,1,542,-1,543,545,303,-1,303,545,546,-1,303,546,547,-1,547,548,303,-1,303,548,549,-1,303,549,333,-1,333,549,550,-1,333,550,318,-1,318,550,551,-1,318,551,544,-1,541,552,2,-1,2,552,553,-1,2,553,539,-1,18,20,346,-1,346,20,360,-1,346,360,554,-1,554,360,177,-1,554,177,555,-1,555,177,179,-1,555,179,556,-1,556,179,557,-1,556,557,182,-1,182,557,558,-1,182,558,180,-1,3,5,455,-1,455,5,559,-1,455,559,182,-1,182,559,560,-1,182,560,556,-1,556,560,561,-1,556,561,555,-1,555,561,562,-1,555,562,554,-1,554,562,563,-1,554,563,346,-1,346,563,564,-1,346,564,344,-1,565,566,567,-1,567,566,568,-1,569,570,571,-1,571,570,572,-1,573,574,575,-1,576,566,565,-1,570,569,577,-1,577,569,573,-1,577,573,578,-1,578,573,579,-1,565,580,576,-1,576,580,581,-1,576,581,582,-1,579,573,582,-1,582,573,575,-1,582,575,576,-1,576,575,583,-1,576,583,584,-1,585,586,587,-1,585,587,588,-1,589,590,591,-1,588,587,592,-1,592,587,593,-1,592,593,594,-1,594,593,595,-1,594,595,596,-1,596,595,597,-1,596,597,598,-1,598,597,599,-1,598,599,600,-1,600,599,601,-1,600,601,602,-1,602,601,603,-1,602,603,604,-1,604,603,605,-1,604,605,606,-1,606,605,607,-1,606,607,608,-1,608,607,609,-1,608,609,610,-1,610,609,611,-1,610,611,612,-1,612,611,613,-1,612,613,614,-1,614,613,615,-1,614,615,616,-1,616,615,617,-1,616,617,618,-1,618,617,619,-1,618,619,620,-1,620,619,621,-1,620,621,622,-1,622,621,623,-1,622,623,624,-1,624,623,589,-1,624,589,625,-1,625,589,591,-1,625,591,626,-1,586,585,627,-1,627,585,628,-1,569,571,573,-1,573,571,627,-1,573,627,629,-1,629,627,628,-1,629,628,630,-1,630,628,631,-1,628,585,632,-1,632,585,633,-1,634,635,636,-1,637,638,639,-1,639,638,640,-1,640,638,641,-1,640,641,642,-1,642,641,643,-1,642,643,644,-1,644,643,645,-1,644,645,646,-1,646,645,647,-1,646,647,648,-1,648,647,649,-1,648,649,650,-1,650,649,651,-1,650,651,652,-1,652,651,653,-1,652,653,654,-1,654,653,655,-1,654,655,656,-1,656,655,657,-1,656,657,658,-1,658,657,659,-1,658,659,660,-1,639,634,637,-1,637,634,636,-1,637,636,661,-1,661,636,662,-1,661,662,663,-1,663,662,664,-1,663,664,665,-1,665,664,666,-1,665,666,667,-1,667,666,668,-1,667,668,669,-1,669,668,670,-1,669,670,671,-1,671,670,672,-1,671,672,673,-1,673,672,674,-1,673,674,675,-1,675,674,676,-1,675,676,677,-1,677,676,678,-1,677,678,679,-1,679,678,680,-1,679,680,681,-1,681,680,682,-1,681,682,683,-1,683,682,684,-1,683,684,685,-1,685,684,686,-1,685,686,687,-1,687,686,688,-1,687,688,689,-1,689,688,690,-1,689,690,691,-1,691,690,692,-1,691,692,693,-1,693,692,694,-1,693,694,695,-1,695,694,696,-1,695,696,697,-1,697,696,698,-1,697,698,699,-1,699,698,700,-1,699,700,701,-1,701,700,702,-1,701,702,703,-1,703,702,704,-1,703,704,659,-1,659,704,705,-1,659,705,660,-1,706,707,660,-1,706,660,708,-1,708,660,705,-1,708,705,709,-1,709,705,704,-1,709,704,710,-1,710,704,702,-1,710,702,711,-1,711,702,700,-1,711,700,712,-1,712,700,698,-1,712,698,713,-1,713,698,696,-1,713,696,714,-1,696,694,714,-1,714,694,692,-1,714,692,715,-1,715,692,690,-1,715,690,716,-1,716,690,688,-1,716,688,717,-1,707,718,660,-1,660,718,719,-1,660,719,635,-1,635,719,720,-1,688,686,717,-1,717,686,684,-1,717,684,721,-1,721,684,682,-1,721,682,722,-1,720,723,635,-1,635,723,724,-1,635,724,636,-1,636,724,725,-1,636,725,662,-1,662,725,726,-1,727,670,728,-1,728,670,668,-1,728,668,729,-1,729,668,666,-1,729,666,726,-1,726,666,664,-1,726,664,662,-1,682,680,722,-1,722,680,678,-1,722,678,730,-1,730,678,676,-1,730,676,731,-1,731,676,674,-1,731,674,727,-1,727,674,672,-1,727,672,670,-1,632,633,732,-1,732,633,733,-1,734,735,736,-1,736,735,737,-1,738,739,733,-1,733,739,736,-1,733,736,732,-1,732,736,737,-1,740,741,742,-1,742,741,743,-1,742,743,744,-1,742,744,745,-1,745,744,746,-1,745,746,747,-1,747,746,748,-1,747,748,749,-1,749,748,750,-1,749,750,751,-1,751,750,752,-1,751,752,753,-1,753,752,739,-1,753,739,738,-1,344,564,754,-1,755,756,757,-1,757,756,758,-1,757,758,759,-1,759,758,760,-1,759,760,761,-1,761,760,762,-1,761,762,763,-1,763,762,741,-1,763,741,740,-1,345,344,755,-1,755,344,754,-1,755,754,756,-1,764,765,699,-1,699,765,766,-1,767,768,769,-1,767,769,770,-1,768,771,769,-1,769,771,772,-1,769,772,773,-1,764,774,765,-1,765,774,775,-1,765,775,776,-1,776,777,765,-1,765,777,778,-1,765,778,779,-1,773,780,769,-1,769,780,781,-1,769,781,766,-1,781,782,766,-1,766,782,783,-1,766,783,784,-1,784,785,766,-1,766,785,786,-1,766,786,787,-1,787,788,766,-1,766,788,789,-1,766,789,699,-1,790,791,792,-1,792,791,765,-1,792,765,793,-1,793,765,779,-1,790,794,791,-1,791,794,795,-1,791,795,796,-1,796,797,791,-1,791,797,798,-1,791,798,799,-1,799,800,791,-1,791,800,665,-1,791,665,769,-1,769,665,801,-1,769,801,770,-1,765,802,766,-1,766,802,803,-1,803,802,804,-1,804,802,805,-1,804,805,806,-1,806,805,807,-1,807,805,808,-1,807,808,809,-1,810,811,808,-1,808,811,812,-1,808,812,809,-1,813,814,815,-1,815,814,816,-1,815,816,810,-1,810,816,817,-1,810,817,811,-1,815,818,813,-1,813,818,736,-1,813,736,739,-1,575,574,819,-1,575,819,820,-1,820,819,821,-1,820,821,822,-1,822,821,823,-1,822,823,824,-1,824,823,825,-1,824,825,826,-1,826,825,827,-1,826,827,828,-1,828,827,734,-1,828,734,736,-1,806,807,829,-1,809,812,830,-1,831,832,833,-1,739,752,834,-1,833,832,739,-1,813,739,832,-1,811,817,831,-1,831,817,816,-1,831,816,832,-1,832,816,814,-1,832,814,813,-1,835,836,837,-1,837,836,834,-1,837,834,838,-1,838,834,752,-1,838,752,750,-1,812,811,830,-1,830,811,831,-1,830,831,839,-1,839,831,833,-1,839,833,840,-1,840,833,739,-1,841,835,842,-1,842,835,837,-1,842,837,843,-1,843,837,838,-1,843,838,844,-1,844,838,750,-1,844,750,748,-1,829,841,845,-1,845,841,842,-1,845,842,846,-1,846,842,843,-1,846,843,847,-1,847,843,844,-1,847,844,848,-1,848,844,748,-1,848,748,746,-1,803,804,849,-1,849,804,806,-1,806,829,849,-1,849,829,845,-1,849,845,850,-1,850,845,846,-1,850,846,851,-1,851,846,847,-1,851,847,852,-1,852,847,848,-1,852,848,853,-1,853,848,746,-1,853,746,744,-1,854,766,803,-1,803,849,854,-1,854,849,850,-1,854,850,855,-1,855,850,851,-1,855,851,856,-1,856,851,852,-1,856,852,857,-1,857,852,853,-1,857,853,858,-1,858,853,744,-1,858,744,743,-1,836,739,834,-1,807,809,829,-1,829,809,830,-1,829,830,841,-1,841,830,839,-1,841,839,835,-1,835,839,840,-1,835,840,836,-1,836,840,739,-1,859,860,861,-1,861,860,736,-1,862,736,860,-1,863,864,865,-1,865,864,859,-1,865,859,866,-1,866,859,861,-1,866,861,867,-1,867,861,736,-1,864,868,859,-1,859,868,869,-1,859,869,860,-1,860,869,870,-1,860,870,862,-1,871,872,873,-1,873,872,874,-1,875,876,874,-1,874,876,877,-1,874,877,873,-1,878,575,875,-1,875,575,879,-1,875,879,876,-1,880,878,881,-1,881,878,875,-1,881,875,882,-1,882,875,874,-1,882,874,883,-1,883,874,872,-1,883,872,884,-1,885,880,886,-1,886,880,881,-1,886,881,887,-1,887,881,882,-1,887,882,888,-1,888,882,883,-1,888,883,889,-1,889,883,884,-1,889,884,890,-1,891,885,892,-1,892,885,886,-1,892,886,893,-1,893,886,887,-1,893,887,894,-1,894,887,888,-1,894,888,895,-1,895,888,889,-1,895,889,896,-1,896,889,890,-1,896,890,897,-1,897,898,896,-1,896,898,899,-1,896,899,895,-1,895,899,900,-1,895,900,894,-1,894,900,901,-1,894,901,893,-1,893,901,902,-1,893,902,892,-1,892,902,903,-1,892,903,891,-1,891,903,904,-1,765,904,802,-1,802,904,903,-1,802,903,805,-1,805,903,902,-1,805,902,808,-1,808,902,901,-1,808,901,810,-1,810,901,900,-1,810,900,815,-1,815,900,899,-1,815,899,818,-1,818,899,898,-1,818,898,736,-1,897,736,898,-1,871,863,872,-1,872,863,865,-1,872,865,884,-1,884,865,866,-1,884,866,890,-1,890,866,867,-1,890,867,897,-1,897,867,736,-1,743,741,905,-1,743,905,858,-1,858,905,906,-1,858,906,857,-1,857,906,907,-1,857,907,856,-1,856,907,908,-1,856,908,855,-1,855,908,909,-1,855,909,854,-1,854,909,769,-1,854,769,766,-1,583,575,878,-1,583,878,910,-1,910,878,880,-1,910,880,911,-1,911,880,885,-1,911,885,912,-1,912,885,891,-1,912,891,913,-1,913,891,904,-1,913,904,914,-1,914,904,765,-1,914,765,791,-1,915,916,917,-1,917,916,918,-1,917,918,919,-1,919,918,920,-1,919,920,921,-1,921,920,922,-1,921,922,923,-1,923,922,924,-1,923,924,925,-1,925,924,584,-1,925,584,583,-1,4,3,915,-1,915,3,7,-1,7,6,915,-1,915,6,926,-1,915,926,916,-1,6,449,926,-1,926,449,450,-1,926,450,451,-1,451,453,926,-1,926,453,10,-1,926,10,9,-1,9,465,926,-1,926,465,447,-1,926,447,446,-1,769,909,927,-1,928,929,930,-1,741,762,931,-1,930,929,741,-1,932,741,929,-1,932,929,933,-1,933,929,928,-1,933,928,934,-1,905,741,932,-1,935,936,937,-1,937,936,931,-1,937,931,938,-1,938,931,762,-1,938,762,760,-1,905,932,906,-1,906,932,933,-1,906,933,907,-1,907,933,934,-1,907,934,908,-1,939,935,940,-1,940,935,937,-1,940,937,941,-1,941,937,938,-1,941,938,942,-1,942,938,760,-1,942,760,758,-1,943,939,944,-1,944,939,940,-1,944,940,945,-1,945,940,941,-1,945,941,946,-1,946,941,942,-1,946,942,947,-1,947,942,758,-1,947,758,756,-1,909,943,927,-1,927,943,944,-1,927,944,948,-1,948,944,945,-1,948,945,949,-1,949,945,946,-1,949,946,950,-1,950,946,947,-1,950,947,951,-1,951,947,756,-1,951,756,754,-1,769,927,952,-1,952,927,948,-1,952,948,953,-1,953,948,949,-1,953,949,954,-1,954,949,950,-1,954,950,955,-1,955,950,951,-1,955,951,956,-1,956,951,754,-1,956,754,564,-1,936,741,931,-1,909,908,943,-1,943,908,934,-1,943,934,939,-1,939,934,928,-1,939,928,935,-1,935,928,930,-1,935,930,936,-1,936,930,741,-1,4,957,958,-1,959,960,961,-1,583,910,962,-1,961,960,583,-1,963,583,960,-1,963,960,964,-1,964,960,959,-1,964,959,965,-1,966,583,963,-1,967,968,969,-1,969,968,962,-1,969,962,970,-1,970,962,910,-1,970,910,911,-1,966,963,971,-1,971,963,964,-1,971,964,972,-1,972,964,965,-1,972,965,973,-1,974,967,975,-1,975,967,969,-1,975,969,976,-1,976,969,970,-1,976,970,977,-1,977,970,911,-1,977,911,912,-1,978,974,979,-1,979,974,975,-1,979,975,980,-1,980,975,976,-1,980,976,981,-1,981,976,977,-1,981,977,982,-1,982,977,912,-1,982,912,913,-1,957,978,958,-1,958,978,979,-1,958,979,983,-1,983,979,980,-1,983,980,984,-1,984,980,981,-1,984,981,985,-1,985,981,982,-1,985,982,986,-1,986,982,913,-1,986,913,914,-1,4,958,987,-1,987,958,983,-1,987,983,988,-1,988,983,984,-1,988,984,989,-1,989,984,985,-1,989,985,990,-1,990,985,986,-1,990,986,991,-1,991,986,914,-1,991,914,791,-1,968,583,962,-1,957,973,978,-1,978,973,965,-1,978,965,974,-1,974,965,959,-1,974,959,967,-1,967,959,961,-1,967,961,968,-1,968,961,583,-1,564,4,987,-1,564,987,956,-1,956,987,988,-1,956,988,955,-1,955,988,989,-1,955,989,954,-1,954,989,990,-1,954,990,953,-1,953,990,991,-1,953,991,952,-1,952,991,791,-1,952,791,769,-1,343,626,39,-1,39,626,591,-1,39,591,40,-1,343,347,626,-1,626,347,348,-1,626,348,350,-1,350,351,626,-1,626,351,352,-1,626,352,353,-1,353,354,626,-1,626,354,19,-1,626,19,18,-1,588,733,585,-1,585,733,633,-1,625,626,18,-1,594,738,592,-1,592,738,733,-1,592,733,588,-1,600,602,742,-1,742,602,604,-1,742,604,606,-1,614,616,740,-1,740,616,618,-1,740,618,763,-1,763,618,620,-1,625,18,624,-1,624,18,345,-1,624,345,622,-1,749,751,598,-1,622,345,620,-1,620,345,755,-1,620,755,757,-1,749,598,747,-1,594,596,738,-1,738,596,598,-1,738,598,753,-1,753,598,751,-1,606,608,742,-1,742,608,610,-1,742,610,740,-1,740,610,612,-1,740,612,614,-1,600,742,598,-1,598,742,745,-1,598,745,747,-1,757,759,620,-1,620,759,761,-1,620,761,763,-1,650,652,992,-1,993,640,642,-1,994,634,993,-1,993,634,639,-1,993,639,640,-1,642,644,993,-1,993,644,646,-1,993,646,992,-1,992,646,648,-1,992,648,650,-1,658,995,656,-1,656,995,992,-1,656,992,654,-1,654,992,652,-1,634,994,635,-1,635,994,996,-1,635,996,660,-1,660,996,997,-1,660,997,658,-1,658,997,995,-1,992,998,993,-1,993,998,999,-1,995,997,992,-1,992,997,998,-1,993,999,994,-1,994,999,996,-1,997,996,998,-1,998,996,999,-1,
        ]
    }
}
Shape{
    appearance Appearance {
        material  Material 	{
            diffuseColor 0.8509803921568627 0.8509803921568627 0.8509803921568627
            specularColor 0.4235294117647059 0.4235294117647059 0.4235294117647059
            ambientIntensity 0.851
            transparency 0.0
            shininess 0.5
        }
    }
    geometry IndexedFaceSet {
        ccw TRUE
        solid FALSE
        coord DEF co Coordinate {
            point [
                -0.5217 0.2415 2.6454, -0.5217 0.236 2.5591, -0.4035 0.236 2.5591, -0.4035 0.2415 2.4727, -0.5217 0.2415 2.4727, -0.5217 0.2844 2.3054, -0.4035 0.2844 2.3054, -0.5217 0.3676 2.1541, -0.4035 0.3676 2.1541, -0.5217 0.4858 2.0282, -0.4035 0.4858 2.0282, -0.5217 0.6316 1.9357, -0.4035 0.6316 1.9357, -0.5217 0.7959 1.8823, -0.4035 0.7959 1.8823, -0.5217 0.9683 1.8714, -0.4035 0.9683 1.8714, -0.5217 1.1379 1.9038, -0.4035 1.1379 1.9038, -0.5217 1.2942 1.9773, -0.4035 1.2942 1.9773, -0.5217 1.4272 2.0874, -0.4035 1.4272 2.0874, -0.5217 1.5288 2.2271, -0.4035 1.5288 2.2271, -0.5217 1.5923 2.3877, -0.4035 1.5923 2.3877, -0.5217 1.614 2.5591, -0.4035 1.614 2.5591, -0.5217 1.5923 2.7304, -0.4035 1.5923 2.7304, -0.5217 1.5288 2.891, -0.4035 1.5288 2.891, -0.5217 1.4272 3.0307, -0.4035 1.4272 3.0307, -0.5217 1.2942 3.1408, -0.4035 1.2942 3.1408, -0.5217 1.1379 3.2143, -0.4035 1.1379 3.2143, -0.5217 0.9683 3.2467, -0.4035 0.9683 3.2467, -0.5217 0.7959 3.2358, -0.4035 0.7959 3.2358, -0.5217 0.6316 3.1825, -0.4035 0.6316 3.1825, -0.5217 0.4858 3.0899, -0.4035 0.4858 3.0899, -0.5217 0.3676 2.964, -0.4035 0.3676 2.964, -0.5217 0.2844 2.8127, -0.4035 0.2844 2.8127, -0.4035 0.2415 2.6454, -0.5217 0.5313 2.5591, -0.5217 0.5447 2.4572, -0.5217 0.5447 2.661, -0.5217 0.584 2.7559, -0.5217 0.6466 2.8374, -0.5217 0.7282 2.9, -0.5217 0.8231 2.9393, -0.5217 0.925 2.9528, -0.5217 1.0269 2.9393, -0.5217 1.1219 2.9, -0.5217 1.2034 2.8374, -0.5217 1.266 2.7559, -0.5217 1.3053 2.661, -0.5217 1.3187 2.5591, -0.5217 1.3053 2.4572, -0.5217 1.266 2.3622, -0.5217 1.2034 2.2807, -0.5217 1.1219 2.2181, -0.5217 1.0269 2.1788, -0.5217 0.925 2.1654, -0.5217 0.8231 2.1788, -0.5217 0.7282 2.2181, -0.5217 0.6466 2.2807, -0.5217 0.584 2.3622, -3.2382 1.3029 2.4577, -3.2382 1.316 2.5134, -3.2382 1.295 2.4244, -3.2382 1.2642 2.3631, -3.2382 1.2539 2.3427, -3.2382 1.2025 2.2814, -3.2382 1.1952 2.2727, -3.2382 1.1219 2.2181, -3.2382 0.9479 2.166, -3.2382 1.0267 2.1799, -3.2382 1.0379 2.1819, -3.2382 0.8566 2.1713, -3.2382 0.9251 2.1674, -3.2382 0.7691 2.1976, -3.2382 0.8238 2.1812, -3.2382 0.6899 2.2433, -3.2382 0.7295 2.2204, -3.2382 0.6234 2.306, -3.2382 0.6483 2.2825, -3.2382 0.5732 2.3824, -3.2382 0.5857 2.3633, -3.2382 0.5419 2.6499, -3.2382 0.5313 2.5591, -3.2382 0.5419 2.4683, -3.2382 0.5458 2.4576, -3.2382 0.5458 2.6606, -3.2382 0.5732 2.7358, -3.2382 0.5857 2.7548, -3.2382 0.6234 2.8121, -3.2382 0.6483 2.8356, -3.2382 0.6899 2.8749, -3.2382 0.7295 2.8977, -3.2382 0.7691 2.9206, -3.2382 0.8238 2.937, -3.2382 0.8566 2.9468, -3.2382 0.9251 2.9508, -3.2382 0.9479 2.9521, -3.2382 1.0267 2.9382, -3.2382 1.0379 2.9362, -3.2382 1.1219 2.9, -3.2382 1.2539 2.7754, -3.2382 1.2025 2.8367, -3.2382 1.1952 2.8454, -3.2382 1.295 2.6937, -3.2382 1.2642 2.755, -3.2382 1.3187 2.5591, -3.2382 1.316 2.6048, -3.2382 1.3029 2.6604, -3.3258 0.582 2.7313, -3.3258 0.631 2.8058, -3.3258 0.6958 2.8669, -3.3258 0.773 2.9115, -3.3258 0.8583 2.9371, -3.3258 0.9473 2.9422, -3.3258 1.0351 2.9268, -3.3258 1.2457 2.77, -3.3258 1.2857 2.6903, -3.3258 1.3062 2.6036, -3.3258 1.3062 2.5145, -3.3258 1.2857 2.4278, -3.3258 1.2457 2.3481, -3.3258 1.1884 2.2799, -3.3258 0.9473 2.1759, -3.3258 0.8583 2.1811, -3.3258 0.773 2.2066, -3.3258 0.6958 2.2512, -3.3258 0.631 2.3123, -3.3258 0.582 2.3868, -3.3258 0.5515 2.4705, -3.3258 0.5412 2.5591, -3.409 0.5799 2.4773, -3.409 0.5703 2.5591, -3.4837 0.6255 2.4881, -3.4837 0.6172 2.5591, -3.546 0.6861 2.5024, -3.546 0.6795 2.5591, -3.5929 0.7588 2.5197, -3.5929 0.7542 2.5591, -3.622 0.8398 2.5389, -3.622 0.8374 2.5591, -3.6319 0.925 2.5591, -3.409 0.608 2.3999, -3.4837 0.6499 2.4209, -3.546 0.7056 2.4489, -3.5929 0.7724 2.4824, -3.622 0.8467 2.5197, -3.409 0.6533 2.3311, -3.4837 0.6892 2.3612, -3.546 0.737 2.4013, -3.5929 0.7941 2.4493, -3.622 0.8579 2.5027, -3.409 0.7132 2.2745, -3.4837 0.7412 2.3122, -3.546 0.7784 2.3622, -3.5929 0.823 2.422, -3.622 0.8727 2.4888, -3.409 0.7845 2.2334, -3.4837 0.8031 2.2764, -3.546 0.8278 2.3337, -3.5929 0.8573 2.4022, -3.622 0.8903 2.4786, -3.409 0.8634 2.2097, -3.4837 0.8716 2.2559, -3.546 0.8824 2.3173, -3.5929 0.8953 2.3908, -3.622 0.9098 2.4728, -3.409 0.9456 2.2049, -3.4837 0.9429 2.2518, -3.546 0.9393 2.314, -3.5929 0.9349 2.3885, -3.622 0.9301 2.4716, -3.3258 1.0351 2.1914, -3.409 1.0267 2.2192, -3.4837 1.0133 2.2642, -3.546 0.9954 2.3239, -3.5929 0.974 2.3954, -3.622 0.9501 2.4751, -3.3258 1.1169 2.2267, -3.409 1.1024 2.2519, -3.4837 1.0789 2.2925, -3.546 1.0477 2.3465, -3.5929 1.0104 2.4111, -3.622 0.9688 2.4832, -3.409 1.1684 2.3011, -3.4837 1.1362 2.3352, -3.546 1.0935 2.3805, -3.5929 1.0422 2.4348, -3.622 0.9851 2.4953, -3.409 1.2214 2.3641, -3.4837 1.1822 2.3899, -3.546 1.1301 2.4242, -3.5929 1.0677 2.4652, -3.622 0.9982 2.5109, -3.409 1.2583 2.4377, -3.4837 1.2142 2.4538, -3.546 1.1557 2.4751, -3.5929 1.0855 2.5006, -3.622 1.0073 2.5291, -3.409 1.2773 2.5179, -3.4837 1.2307 2.5233, -3.546 1.1688 2.5306, -3.5929 1.0947 2.5392, -3.622 1.012 2.5489, -3.409 1.2773 2.6002, -3.4837 1.2307 2.5948, -3.546 1.1688 2.5876, -3.5929 1.0947 2.5789, -3.622 1.012 2.5692, -3.409 1.2583 2.6804, -3.4837 1.2142 2.6643, -3.546 1.1557 2.643, -3.5929 1.0855 2.6175, -3.622 1.0073 2.589, -3.409 1.2214 2.754, -3.4837 1.1822 2.7282, -3.546 1.1301 2.6939, -3.5929 1.0677 2.6529, -3.622 0.9982 2.6072, -3.3258 1.1884 2.8382, -3.409 1.1684 2.8171, -3.4837 1.1362 2.7829, -3.546 1.0935 2.7376, -3.5929 1.0422 2.6833, -3.622 0.9851 2.6228, -3.3258 1.1169 2.8915, -3.409 1.1024 2.8662, -3.4837 1.0789 2.8256, -3.546 1.0477 2.7716, -3.5929 1.0104 2.707, -3.622 0.9688 2.6349, -3.409 1.0267 2.8989, -3.4837 1.0133 2.8539, -3.546 0.9954 2.7942, -3.5929 0.974 2.7227, -3.622 0.9501 2.643, -3.409 0.9456 2.9132, -3.4837 0.9429 2.8663, -3.546 0.9393 2.8041, -3.5929 0.9349 2.7296, -3.622 0.9301 2.6465, -3.409 0.8634 2.9084, -3.4837 0.8716 2.8622, -3.546 0.8824 2.8008, -3.5929 0.8953 2.7273, -3.622 0.9098 2.6453, -3.409 0.7845 2.8848, -3.4837 0.8031 2.8417, -3.546 0.8278 2.7845, -3.5929 0.8573 2.7159, -3.622 0.8903 2.6395, -3.409 0.7132 2.8436, -3.4837 0.7412 2.806, -3.546 0.7784 2.756, -3.5929 0.823 2.6961, -3.622 0.8727 2.6293, -3.409 0.6533 2.7871, -3.4837 0.6892 2.7569, -3.546 0.737 2.7168, -3.5929 0.7941 2.6689, -3.622 0.8579 2.6154, -3.409 0.608 2.7183, -3.4837 0.6499 2.6972, -3.546 0.7056 2.6692, -3.5929 0.7724 2.6357, -3.622 0.8467 2.5984, -3.3258 0.5515 2.6476, -3.409 0.5799 2.6409, -3.4837 0.6255 2.63, -3.546 0.6861 2.6157, -3.5929 0.7588 2.5985, -3.622 0.8398 2.5793
            ]
        }
        coordIndex [
            0,1,2,-1,2,1,3,-1,1,4,3,-1,3,4,5,-1,3,5,6,-1,6,5,7,-1,6,7,8,-1,8,7,9,-1,8,9,10,-1,10,9,11,-1,10,11,12,-1,12,11,13,-1,12,13,14,-1,14,13,15,-1,14,15,16,-1,16,15,17,-1,16,17,18,-1,18,17,19,-1,18,19,20,-1,20,19,21,-1,20,21,22,-1,22,21,23,-1,22,23,24,-1,24,23,25,-1,24,25,26,-1,26,25,27,-1,26,27,28,-1,28,27,29,-1,28,29,30,-1,30,29,31,-1,30,31,32,-1,32,31,33,-1,32,33,34,-1,34,33,35,-1,34,35,36,-1,36,35,37,-1,36,37,38,-1,38,37,39,-1,38,39,40,-1,40,39,41,-1,40,41,42,-1,42,41,43,-1,42,43,44,-1,44,43,45,-1,44,45,46,-1,46,45,47,-1,46,47,48,-1,48,47,49,-1,48,49,50,-1,50,49,0,-1,50,0,51,-1,51,0,2,-1,4,52,53,-1,4,1,52,-1,52,1,0,-1,52,0,54,-1,54,0,49,-1,54,49,55,-1,55,49,47,-1,55,47,56,-1,56,47,45,-1,56,45,57,-1,57,45,43,-1,57,43,58,-1,58,43,41,-1,58,41,59,-1,59,41,39,-1,59,39,60,-1,60,39,37,-1,60,37,61,-1,61,37,35,-1,61,35,62,-1,62,35,33,-1,62,33,63,-1,63,33,31,-1,63,31,64,-1,64,31,29,-1,64,29,65,-1,65,29,27,-1,65,27,66,-1,66,27,25,-1,66,25,67,-1,67,25,23,-1,67,23,68,-1,68,23,21,-1,68,21,69,-1,69,21,19,-1,69,19,70,-1,70,19,17,-1,70,17,71,-1,71,17,15,-1,71,15,72,-1,72,15,13,-1,72,13,73,-1,73,13,11,-1,73,11,74,-1,74,11,9,-1,74,9,75,-1,75,9,7,-1,75,7,53,-1,53,7,5,-1,53,5,4,-1,76,77,66,-1,66,77,65,-1,76,66,78,-1,78,66,67,-1,78,67,79,-1,79,67,80,-1,80,67,68,-1,80,68,81,-1,81,68,82,-1,82,68,69,-1,82,69,83,-1,71,84,70,-1,70,84,85,-1,70,85,69,-1,69,85,86,-1,69,86,83,-1,72,87,71,-1,71,87,88,-1,71,88,84,-1,73,89,72,-1,72,89,90,-1,72,90,87,-1,74,91,73,-1,73,91,92,-1,73,92,89,-1,75,93,74,-1,74,93,94,-1,74,94,91,-1,53,95,75,-1,75,95,96,-1,75,96,93,-1,97,98,52,-1,52,98,99,-1,52,99,53,-1,53,99,100,-1,53,100,95,-1,97,52,101,-1,101,52,54,-1,101,54,102,-1,102,54,55,-1,102,55,103,-1,103,55,104,-1,104,55,56,-1,104,56,105,-1,105,56,106,-1,106,56,57,-1,106,57,107,-1,107,57,108,-1,108,57,58,-1,108,58,109,-1,109,58,110,-1,110,58,59,-1,110,59,111,-1,111,59,112,-1,112,59,60,-1,112,60,113,-1,113,60,114,-1,114,60,61,-1,114,61,115,-1,63,116,62,-1,62,116,117,-1,62,117,61,-1,61,117,118,-1,61,118,115,-1,64,119,63,-1,63,119,120,-1,63,120,116,-1,77,121,65,-1,65,121,122,-1,65,122,64,-1,64,122,123,-1,64,123,119,-1,101,102,124,-1,103,104,125,-1,105,106,126,-1,107,108,127,-1,109,110,128,-1,111,112,129,-1,113,114,130,-1,117,116,131,-1,120,119,132,-1,123,122,133,-1,121,77,134,-1,76,78,135,-1,79,80,136,-1,81,82,137,-1,85,84,138,-1,88,87,139,-1,90,89,140,-1,92,91,141,-1,94,93,142,-1,96,95,143,-1,100,99,144,-1,99,98,144,-1,144,98,145,-1,144,145,146,-1,146,145,147,-1,146,147,148,-1,148,147,149,-1,148,149,150,-1,150,149,151,-1,150,151,152,-1,152,151,153,-1,152,153,154,-1,154,153,155,-1,154,155,156,-1,95,100,143,-1,143,100,144,-1,143,144,157,-1,157,144,146,-1,157,146,158,-1,158,146,148,-1,158,148,159,-1,159,148,150,-1,159,150,160,-1,160,150,152,-1,160,152,161,-1,161,152,154,-1,161,154,156,-1,93,96,142,-1,142,96,143,-1,142,143,162,-1,162,143,157,-1,162,157,163,-1,163,157,158,-1,163,158,164,-1,164,158,159,-1,164,159,165,-1,165,159,160,-1,165,160,166,-1,166,160,161,-1,166,161,156,-1,91,94,141,-1,141,94,142,-1,141,142,167,-1,167,142,162,-1,167,162,168,-1,168,162,163,-1,168,163,169,-1,169,163,164,-1,169,164,170,-1,170,164,165,-1,170,165,171,-1,171,165,166,-1,171,166,156,-1,89,92,140,-1,140,92,141,-1,140,141,172,-1,172,141,167,-1,172,167,173,-1,173,167,168,-1,173,168,174,-1,174,168,169,-1,174,169,175,-1,175,169,170,-1,175,170,176,-1,176,170,171,-1,176,171,156,-1,87,90,139,-1,139,90,140,-1,139,140,177,-1,177,140,172,-1,177,172,178,-1,178,172,173,-1,178,173,179,-1,179,173,174,-1,179,174,180,-1,180,174,175,-1,180,175,181,-1,181,175,176,-1,181,176,156,-1,84,88,138,-1,138,88,139,-1,138,139,182,-1,182,139,177,-1,182,177,183,-1,183,177,178,-1,183,178,184,-1,184,178,179,-1,184,179,185,-1,185,179,180,-1,185,180,186,-1,186,180,181,-1,186,181,156,-1,86,85,187,-1,187,85,138,-1,187,138,188,-1,188,138,182,-1,188,182,189,-1,189,182,183,-1,189,183,190,-1,190,183,184,-1,190,184,191,-1,191,184,185,-1,191,185,192,-1,192,185,186,-1,192,186,156,-1,83,86,193,-1,193,86,187,-1,193,187,194,-1,194,187,188,-1,194,188,195,-1,195,188,189,-1,195,189,196,-1,196,189,190,-1,196,190,197,-1,197,190,191,-1,197,191,198,-1,198,191,192,-1,198,192,156,-1,82,83,137,-1,137,83,193,-1,137,193,199,-1,199,193,194,-1,199,194,200,-1,200,194,195,-1,200,195,201,-1,201,195,196,-1,201,196,202,-1,202,196,197,-1,202,197,203,-1,203,197,198,-1,203,198,156,-1,80,81,136,-1,136,81,137,-1,136,137,204,-1,204,137,199,-1,204,199,205,-1,205,199,200,-1,205,200,206,-1,206,200,201,-1,206,201,207,-1,207,201,202,-1,207,202,208,-1,208,202,203,-1,208,203,156,-1,78,79,135,-1,135,79,136,-1,135,136,209,-1,209,136,204,-1,209,204,210,-1,210,204,205,-1,210,205,211,-1,211,205,206,-1,211,206,212,-1,212,206,207,-1,212,207,213,-1,213,207,208,-1,213,208,156,-1,77,76,134,-1,134,76,135,-1,134,135,214,-1,214,135,209,-1,214,209,215,-1,215,209,210,-1,215,210,216,-1,216,210,211,-1,216,211,217,-1,217,211,212,-1,217,212,218,-1,218,212,213,-1,218,213,156,-1,122,121,133,-1,133,121,134,-1,133,134,219,-1,219,134,214,-1,219,214,220,-1,220,214,215,-1,220,215,221,-1,221,215,216,-1,221,216,222,-1,222,216,217,-1,222,217,223,-1,223,217,218,-1,223,218,156,-1,119,123,132,-1,132,123,133,-1,132,133,224,-1,224,133,219,-1,224,219,225,-1,225,219,220,-1,225,220,226,-1,226,220,221,-1,226,221,227,-1,227,221,222,-1,227,222,228,-1,228,222,223,-1,228,223,156,-1,116,120,131,-1,131,120,132,-1,131,132,229,-1,229,132,224,-1,229,224,230,-1,230,224,225,-1,230,225,231,-1,231,225,226,-1,231,226,232,-1,232,226,227,-1,232,227,233,-1,233,227,228,-1,233,228,156,-1,118,117,234,-1,234,117,131,-1,234,131,235,-1,235,131,229,-1,235,229,236,-1,236,229,230,-1,236,230,237,-1,237,230,231,-1,237,231,238,-1,238,231,232,-1,238,232,239,-1,239,232,233,-1,239,233,156,-1,115,118,240,-1,240,118,234,-1,240,234,241,-1,241,234,235,-1,241,235,242,-1,242,235,236,-1,242,236,243,-1,243,236,237,-1,243,237,244,-1,244,237,238,-1,244,238,245,-1,245,238,239,-1,245,239,156,-1,114,115,130,-1,130,115,240,-1,130,240,246,-1,246,240,241,-1,246,241,247,-1,247,241,242,-1,247,242,248,-1,248,242,243,-1,248,243,249,-1,249,243,244,-1,249,244,250,-1,250,244,245,-1,250,245,156,-1,112,113,129,-1,129,113,130,-1,129,130,251,-1,251,130,246,-1,251,246,252,-1,252,246,247,-1,252,247,253,-1,253,247,248,-1,253,248,254,-1,254,248,249,-1,254,249,255,-1,255,249,250,-1,255,250,156,-1,110,111,128,-1,128,111,129,-1,128,129,256,-1,256,129,251,-1,256,251,257,-1,257,251,252,-1,257,252,258,-1,258,252,253,-1,258,253,259,-1,259,253,254,-1,259,254,260,-1,260,254,255,-1,260,255,156,-1,108,109,127,-1,127,109,128,-1,127,128,261,-1,261,128,256,-1,261,256,262,-1,262,256,257,-1,262,257,263,-1,263,257,258,-1,263,258,264,-1,264,258,259,-1,264,259,265,-1,265,259,260,-1,265,260,156,-1,106,107,126,-1,126,107,127,-1,126,127,266,-1,266,127,261,-1,266,261,267,-1,267,261,262,-1,267,262,268,-1,268,262,263,-1,268,263,269,-1,269,263,264,-1,269,264,270,-1,270,264,265,-1,270,265,156,-1,104,105,125,-1,125,105,126,-1,125,126,271,-1,271,126,266,-1,271,266,272,-1,272,266,267,-1,272,267,273,-1,273,267,268,-1,273,268,274,-1,274,268,269,-1,274,269,275,-1,275,269,270,-1,275,270,156,-1,102,103,124,-1,124,103,125,-1,124,125,276,-1,276,125,271,-1,276,271,277,-1,277,271,272,-1,277,272,278,-1,278,272,273,-1,278,273,279,-1,279,273,274,-1,279,274,280,-1,280,274,275,-1,280,275,156,-1,97,101,281,-1,281,101,124,-1,281,124,282,-1,282,124,276,-1,282,276,283,-1,283,276,277,-1,283,277,284,-1,284,277,278,-1,284,278,285,-1,285,278,279,-1,285,279,286,-1,286,279,280,-1,286,280,156,-1,98,97,145,-1,145,97,281,-1,145,281,147,-1,147,281,282,-1,147,282,149,-1,149,282,283,-1,149,283,151,-1,151,283,284,-1,151,284,153,-1,153,284,285,-1,153,285,155,-1,155,285,286,-1,155,286,156,-1,
        ]
    }
}
Shape{
    appearance Appearance {
        material  Material 	{
            diffuseColor 0.2235294117647059 0.2235294117647059 0.2235294117647059
            specularColor 0.11372549019607843 0.11372549019607843 0.11372549019607843
            ambientIntensity 0.2235
            transparency 0.0
            shininess 0.5
        }
    }
    geometry IndexedFaceSet {
        ccw TRUE
        solid FALSE
        coord DEF co Coordinate {
            point [
                1.3681 2.4998 1.2598, 1.3681 2.4998 0.0, 1.1319 2.4998 1.2598, 0.5807 2.4998 0.0, 1.1319 2.4998 2.5197, 0.5807 2.4998 2.5197, 0.5807 2.6967 0.9203, 0.5807 2.6967 0.947, 0.5807 2.6889 0.0446, 0.5807 2.6179 0.0, 0.5807 2.6354 0.002, 0.5807 2.6947 0.0612, 0.5807 2.6967 0.0787, 0.5807 2.6967 0.4794, 0.5807 2.6521 0.0078, 0.5807 2.667 0.0172, 0.5807 2.6795 0.0296, 0.5807 2.6967 1.1562, 0.5807 2.6967 1.202, 0.5807 2.6967 1.3648, 0.5807 2.6967 2.5197, 0.5807 -0.7679 0.0, 0.5807 -0.6498 0.0, 0.5807 -0.6498 1.6089, 0.5807 -0.8467 1.6089, 0.5807 -0.8467 0.0787, 0.5807 -0.7883 0.0027, 0.5807 -0.8361 0.0394, 0.5807 -0.8236 0.0231, 0.5807 -0.8073 0.0106, 0.5807 -0.844 0.0584, -0.2067 -0.8467 1.7323, -0.2067 -0.6498 1.7323, 0.5807 -0.8467 1.7323, 0.5807 -0.6498 1.7323, -0.2067 -0.6498 1.6089, -0.2067 -0.8467 1.6089, 1.1319 1.5836 1.8276, 1.1319 1.4171 1.7067, 1.1319 1.5156 1.2598, 1.1319 1.4171 0.0, 1.1319 1.5156 0.0, 1.1319 0.3344 0.0, 1.1319 0.4329 0.0, 1.1319 0.3344 1.2598, 1.1319 0.4329 1.7067, 1.1319 -0.6498 1.2598, 1.1319 0.2664 1.8276, 1.1319 0.1287 1.9805, 1.1319 0.0258 2.1587, 1.1319 -0.6498 2.5197, 1.1319 1.8877 2.7637, 1.1319 1.9093 2.5591, 1.1319 1.8877 2.3544, 1.1319 1.8242 2.1587, 1.1319 1.7213 1.9805, 1.1319 1.4171 3.4114, 1.1319 1.5576 3.9619, 1.1319 1.2292 3.4951, 1.1319 1.3116 4.0463, 1.1319 1.0279 3.5379, 1.1319 1.055 4.0891, 1.1319 0.8221 3.5379, 1.1319 0.795 4.0891, 1.1319 0.6209 3.4951, 1.1319 -0.0377 2.3544, 1.1319 -0.0593 2.5591, 1.1319 -0.6283 2.7789, 1.1319 -0.0377 2.7637, 1.1319 -0.5645 3.031, 1.1319 0.0258 2.9594, 1.1319 0.5384 4.0463, 1.1319 0.2924 3.9619, 1.1319 0.4329 3.4114, 1.1319 0.0637 3.8381, 1.1319 0.2664 3.2905, 1.1319 -0.1416 3.6783, 1.1319 0.1287 3.1376, 1.1319 -0.3177 3.487, 1.1319 -0.46 3.2692, 1.1319 2.4783 2.7789, 1.1319 2.4145 3.031, 1.1319 1.8242 2.9594, 1.1319 2.31 3.2692, 1.1319 1.7213 3.1376, 1.1319 2.1677 3.487, 1.1319 1.5836 3.2905, 1.1319 1.9916 3.6783, 1.1319 1.7863 3.8381, 1.3681 1.5156 1.2598, 1.3681 1.5156 0.0, 1.3681 0.3344 1.2598, 1.3681 -0.6498 1.2598, 1.3681 0.3344 0.0
            ]
        }
        coordIndex [
            0,1,2,-1,2,1,3,-1,2,3,4,-1,4,3,5,-1,3,6,7,-1,8,9,10,-1,8,11,9,-1,9,11,12,-1,9,12,3,-1,3,12,13,-1,3,13,6,-1,10,14,8,-1,8,14,15,-1,8,15,16,-1,7,17,3,-1,3,17,18,-1,3,18,5,-1,5,18,19,-1,5,19,20,-1,21,22,23,-1,23,24,21,-1,21,24,25,-1,21,25,26,-1,27,28,29,-1,26,25,29,-1,29,25,30,-1,29,30,27,-1,31,32,33,-1,33,32,34,-1,35,36,23,-1,23,36,24,-1,36,35,31,-1,31,35,32,-1,37,38,39,-1,39,38,40,-1,39,40,41,-1,42,43,44,-1,44,43,45,-1,44,45,46,-1,46,45,47,-1,47,48,46,-1,46,48,49,-1,46,49,50,-1,51,52,4,-1,4,52,53,-1,4,53,2,-1,2,53,54,-1,2,54,39,-1,39,54,55,-1,39,55,37,-1,56,57,58,-1,58,57,59,-1,58,59,60,-1,60,59,61,-1,60,61,62,-1,62,61,63,-1,62,63,64,-1,49,65,50,-1,50,65,66,-1,50,66,67,-1,67,66,68,-1,67,68,69,-1,69,68,70,-1,63,71,64,-1,64,71,72,-1,64,72,73,-1,73,72,74,-1,73,74,75,-1,75,74,76,-1,75,76,77,-1,77,76,78,-1,77,78,70,-1,70,78,79,-1,70,79,69,-1,4,80,51,-1,51,80,81,-1,51,81,82,-1,82,81,83,-1,82,83,84,-1,84,83,85,-1,84,85,86,-1,86,85,87,-1,86,87,56,-1,56,87,88,-1,56,88,57,-1,2,39,0,-1,0,39,89,-1,39,41,89,-1,89,41,90,-1,44,46,91,-1,91,46,92,-1,42,44,93,-1,93,44,91,-1,
        ]
    }
}
Shape{
    appearance Appearance {
        material  Material 	{
            diffuseColor 0.8509803921568627 0.8509803921568627 0.8509803921568627
            specularColor 0.4235294117647059 0.4235294117647059 0.4235294117647059
            ambientIntensity 0.851
            transparency 0.0
            shininess 0.5
        }
    }
    geometry IndexedFaceSet {
        ccw TRUE
        solid FALSE
        coord DEF co Coordinate {
            point [
                1.1122 1.0642 -0.9828, 1.1122 1.0234 -0.9516, 1.1122 1.4171 0.0, 1.1122 0.9759 -0.9319, 1.1122 0.925 -0.9252, 1.1122 0.4329 0.0, 1.1122 0.8741 -0.9319, 1.1122 0.8266 -0.9516, 1.1122 0.7858 -0.9828, 1.1122 0.7545 -1.0236, 1.1122 0.4329 -1.122, 1.1122 0.7349 -1.0711, 1.1122 0.7282 -1.122, 1.1122 0.4496 -1.2494, 1.1122 0.7349 -1.173, 1.1122 0.4988 -1.3681, 1.1122 0.7545 -1.2205, 1.1122 0.577 -1.47, 1.1122 0.7858 -1.2612, 1.1122 0.6789 -1.5482, 1.1122 0.8266 -1.2925, 1.1122 0.7976 -1.5974, 1.1122 0.8741 -1.3122, 1.1122 0.925 -1.6142, 1.1122 0.925 -1.3189, 1.1122 1.0524 -1.5974, 1.1122 0.9759 -1.3122, 1.1122 1.1711 -1.5482, 1.1122 1.0234 -1.2925, 1.1122 1.273 -1.47, 1.1122 1.0642 -1.2612, 1.1122 1.3512 -1.3681, 1.1122 1.0955 -1.2205, 1.1122 1.4004 -1.2494, 1.1122 1.1151 -1.173, 1.1122 1.4171 -1.122, 1.1122 1.1219 -1.122, 1.1122 1.1151 -1.0711, 1.1122 1.0955 -1.0236, 1.2303 0.4329 1.7067, 1.1319 0.4329 1.7067, 1.1319 0.4329 0.0, 1.2303 0.4329 -1.122, 1.1319 1.4171 1.7067, 1.2303 1.4171 1.7067, 1.1319 1.4171 0.0, 1.2303 1.4171 -1.122, 1.2303 1.4004 -1.2494, 1.2303 1.3512 -1.3681, 1.2303 1.273 -1.47, 1.2303 1.1711 -1.5482, 1.2303 1.0524 -1.5974, 1.2303 0.925 -1.6142, 1.2303 0.7976 -1.5974, 1.2303 0.6789 -1.5482, 1.2303 0.577 -1.47, 1.2303 0.4988 -1.3681, 1.2303 0.4496 -1.2494, 1.2303 0.2664 1.8276, 1.1319 0.2664 1.8276, 1.2303 0.1287 1.9805, 1.1319 0.1287 1.9805, 1.2303 0.0258 2.1587, 1.1319 0.0258 2.1587, 1.2303 -0.0377 2.3544, 1.1319 -0.0377 2.3544, 1.2303 -0.0593 2.5591, 1.1319 -0.0593 2.5591, 1.2303 -0.0377 2.7637, 1.1319 -0.0377 2.7637, 1.2303 0.0258 2.9594, 1.1319 0.0258 2.9594, 1.2303 0.1287 3.1376, 1.1319 0.1287 3.1376, 1.2303 0.2664 3.2905, 1.1319 0.2664 3.2905, 1.2303 0.4329 3.4114, 1.1319 0.4329 3.4114, 1.2303 0.6209 3.4951, 1.1319 0.6209 3.4951, 1.2303 0.8221 3.5379, 1.1319 0.8221 3.5379, 1.2303 1.0279 3.5379, 1.1319 1.0279 3.5379, 1.2303 1.2292 3.4951, 1.1319 1.2292 3.4951, 1.2303 1.4171 3.4114, 1.1319 1.4171 3.4114, 1.2303 1.5836 3.2905, 1.1319 1.5836 3.2905, 1.2303 1.7213 3.1376, 1.1319 1.7213 3.1376, 1.2303 1.8242 2.9594, 1.1319 1.8242 2.9594, 1.2303 1.8877 2.7637, 1.1319 1.8877 2.7637, 1.2303 1.9093 2.5591, 1.1319 1.9093 2.5591, 1.2303 1.8877 2.3544, 1.1319 1.8877 2.3544, 1.2303 1.8242 2.1587, 1.1319 1.8242 2.1587, 1.2303 1.7213 1.9805, 1.1319 1.7213 1.9805, 1.2303 1.5836 1.8276, 1.1319 1.5836 1.8276, 1.2303 1.1219 -1.122, 1.2303 1.1151 -1.0711, 1.2303 1.0955 -1.0236, 1.2303 1.0642 -0.9828, 1.2303 1.0234 -0.9516, 1.2303 0.9759 -0.9319, 1.2303 0.925 -0.9252, 1.2303 0.8741 -0.9319, 1.2303 0.8266 -0.9516, 1.2303 0.7858 -0.9828, 1.2303 0.7545 -1.0236, 1.2303 0.7349 -1.0711, 1.2303 0.7282 -1.122, 1.2303 0.7349 -1.173, 1.2303 0.7545 -1.2205, 1.2303 0.7858 -1.2612, 1.2303 0.8266 -1.2925, 1.2303 0.8741 -1.3122, 1.2303 0.925 -1.3189, 1.2303 0.9759 -1.3122, 1.2303 1.0234 -1.2925, 1.2303 1.0642 -1.2612, 1.2303 1.0955 -1.2205, 1.2303 1.1151 -1.173, 1.2303 1.3426 2.1415, 1.2303 1.2203 2.0476, 1.2303 1.0778 1.9886, 1.2303 0.925 1.9685, 1.2303 1.4364 2.2638, 1.2303 1.4954 2.4062, 1.2303 1.5156 2.5591, 1.2303 1.4954 2.7119, 1.2303 1.0778 3.1295, 1.2303 0.925 3.1496, 1.2303 0.7722 3.1295, 1.2303 0.6297 3.0705, 1.2303 0.5074 2.9766, 1.2303 0.7722 1.9886, 1.2303 0.6297 2.0476, 1.2303 0.5074 2.1415, 1.2303 0.4136 2.2638, 1.2303 0.3546 2.4062, 1.2303 1.4364 2.8543, 1.2303 1.3426 2.9766, 1.2303 1.2203 3.0705, 1.2303 0.4136 2.8543, 1.2303 0.3546 2.7119, 1.2303 0.3344 2.5591, 1.2894 0.8689 3.1469, 1.2894 0.7724 3.1283, 1.2894 0.7586 3.1257, 1.2894 0.6544 3.084, 1.2894 0.6308 3.0688, 1.2894 0.5599 3.0233, 1.2894 0.5091 2.9748, 1.2894 0.3405 2.6431, 1.2894 0.357 2.7113, 1.2894 0.3669 2.7522, 1.2894 0.4136 2.8543, 1.2894 0.4787 2.9458, 1.2894 0.3365 2.559, 1.2894 0.3351 2.531, 1.2894 0.3511 2.4198, 1.2894 0.444 2.2165, 1.2894 0.4159 2.2651, 1.2894 0.3878 2.3137, 1.2894 0.3557 2.4066, 1.2894 0.5083 2.1422, 1.2894 0.5175 2.1317, 1.2894 0.6057 2.0623, 1.2894 0.8132 1.9792, 1.2894 0.7729 1.991, 1.2894 0.7055 2.0108, 1.2894 0.6306 2.0494, 1.2894 0.925 1.9685, 1.2894 1.0368 1.9792, 1.2894 1.0771 1.991, 1.2894 1.3417 2.1422, 1.2894 1.3325 2.1317, 1.2894 1.2443 2.0623, 1.2894 1.2194 2.0494, 1.2894 1.1445 2.0108, 1.2894 1.406 2.2165, 1.2894 1.4341 2.2651, 1.2894 1.5135 2.559, 1.2894 1.5149 2.531, 1.2894 1.4989 2.4198, 1.2894 1.4943 2.4066, 1.2894 1.4622 2.3137, 1.2894 1.5095 2.6431, 1.2894 1.493 2.7113, 1.2894 1.2901 3.0233, 1.2894 1.3409 2.9748, 1.2894 1.3713 2.9458, 1.2894 1.4364 2.8543, 1.2894 1.4831 2.7522, 1.2894 1.2192 3.0688, 1.2894 1.1956 3.084, 1.2894 1.0914 3.1257, 1.2894 0.925 3.1469, 1.2894 0.9811 3.1469, 1.2894 1.0776 3.1283, 1.2303 0.925 2.9528, 1.2303 1.0269 2.9393, 1.2894 1.0069 2.9442, 1.2894 1.1564 2.8776, 1.2894 1.1208 2.8981, 1.2303 1.1219 2.9, 1.2894 1.0851 2.9187, 1.2894 1.0264 2.9378, 1.2894 1.2023 2.8362, 1.2303 1.2034 2.8374, 1.2894 1.2176 2.8225, 1.2303 1.266 2.7559, 1.2894 1.266 2.7559, 1.2894 1.2994 2.6807, 1.2303 1.3053 2.661, 1.2894 1.3037 2.6606, 1.2894 1.3165 2.6002, 1.2303 1.3187 2.5591, 1.2894 1.3165 2.5591, 1.2303 1.266 2.3622, 1.2894 1.2994 2.4374, 1.2303 1.3053 2.4572, 1.2894 1.3037 2.4575, 1.2894 1.3165 2.5179, 1.2303 1.2034 2.2807, 1.2894 1.2176 2.2956, 1.2894 1.266 2.3622, 1.2894 1.0851 2.1994, 1.2894 1.1208 2.22, 1.2303 1.1219 2.2181, 1.2894 1.1564 2.2405, 1.2894 1.2023 2.2819, 1.2894 1.0264 2.1803, 1.2303 1.0269 2.1788, 1.2894 1.0069 2.174, 1.2303 0.925 2.1654, 1.2894 0.925 2.1654, 1.2894 0.8431 2.174, 1.2303 0.8231 2.1788, 1.2894 0.8236 2.1803, 1.2894 0.7649 2.1994, 1.2303 0.7282 2.2181, 1.2894 0.7292 2.22, 1.2303 0.584 2.3622, 1.2894 0.6324 2.2956, 1.2303 0.6466 2.2807, 1.2894 0.6477 2.2819, 1.2894 0.6936 2.2405, 1.2303 0.5447 2.4572, 1.2894 0.5506 2.4374, 1.2894 0.584 2.3622, 1.2894 0.5335 2.6002, 1.2894 0.5335 2.5591, 1.2303 0.5313 2.5591, 1.2894 0.5335 2.5179, 1.2894 0.5463 2.4575, 1.2894 0.5463 2.6606, 1.2303 0.5447 2.661, 1.2894 0.5506 2.6807, 1.2303 0.584 2.7559, 1.2894 0.584 2.7559, 1.2894 0.6324 2.8225, 1.2303 0.6466 2.8374, 1.2894 0.6477 2.8362, 1.2894 0.6936 2.8776, 1.2303 0.7282 2.9, 1.2894 0.7292 2.8981, 1.2894 0.925 2.9528, 1.2894 0.8431 2.9442, 1.2303 0.8231 2.9393, 1.2894 0.8236 2.9378, 1.2894 0.7649 2.9187, 1.2303 0.925 2.5591, 1.3148 1.1432 2.0139, 1.3148 1.4033 2.2185, 1.3148 1.4956 2.4206, 1.3148 1.5062 2.6426, 1.3148 1.288 3.0206, 1.3148 0.9808 3.1436, 1.3148 0.7596 3.1225, 1.3148 0.562 3.0206, 1.3148 0.3438 2.6426, 1.3148 0.3909 2.3151, 1.3148 0.5198 2.1341, 1.3148 0.7068 2.0139, 1.3878 1.0271 2.0785, 1.3878 1.0181 2.0758, 1.3844 1.023 2.0508, 1.3878 1.1245 2.1107, 1.3878 1.1079 2.1022, 1.3844 1.1174 2.0785, 1.3878 1.391 2.4077, 1.3878 1.3727 2.3546, 1.3844 1.3958 2.344, 1.3878 1.4126 2.5079, 1.3878 1.4033 2.443, 1.3844 1.428 2.437, 1.3878 1.413 2.6104, 1.3878 1.4166 2.5356, 1.3844 1.442 2.5344, 1.3878 1.3923 2.7109, 1.3878 1.4121 2.6291, 1.3844 1.4373 2.6327, 1.3878 1.2902 2.8878, 1.3878 1.2969 2.8813, 1.3844 1.3162 2.898, 1.3878 1.2135 2.956, 1.3878 1.2292 2.9459, 1.3844 1.245 2.9659, 1.3878 0.7255 3.0069, 1.3878 0.7864 3.0312, 1.3844 0.7792 3.0557, 1.3878 0.6365 2.956, 1.3878 0.6995 2.9965, 1.3844 0.6878 3.0191, 1.3878 0.5598 2.8878, 1.3878 0.6208 2.9459, 1.3844 0.605 2.9659, 1.3878 0.4577 2.7109, 1.3878 0.4599 2.72, 1.3844 0.4359 2.7283, 1.3878 0.437 2.6104, 1.3878 0.4379 2.6291, 1.3844 0.4127 2.6327, 1.3878 0.5609 2.2312, 1.3878 0.5241 2.2736, 1.3844 0.5034 2.2588, 1.3878 0.6369 2.1624, 1.3878 0.5854 2.2029, 1.3844 0.5678 2.1845, 1.3878 0.7255 2.1107, 1.3878 0.6589 2.1451, 1.3844 0.6452 2.1236, 1.3878 0.8229 2.0785, 1.3878 0.7421 2.1022, 1.3844 0.7326 2.0785, 1.3878 0.4773 2.3546, 1.3878 0.459 2.4077, 1.3844 0.422 2.437, 1.3878 0.4467 2.443, 1.3878 0.4374 2.5079, 1.3844 0.408 2.5344, 1.3878 0.4334 2.5356, 1.3878 0.8782 3.049, 1.3878 0.925 3.049, 1.3844 0.9742 3.0743, 1.3878 0.9718 3.049, 1.3878 1.0269 3.0383, 1.3844 1.0708 3.0557, 1.3878 1.0636 3.0312, 1.3878 1.1245 3.0069, 1.3844 1.1622 3.0191, 1.3878 1.1505 2.9965, 1.3878 1.3259 2.2736, 1.3878 1.2891 2.2312, 1.3844 1.2822 2.1845, 1.3878 1.2646 2.2029, 1.3878 1.2131 2.1624, 1.3844 1.2048 2.1236, 1.3878 1.1911 2.1451, 1.3878 0.8319 2.0758, 1.3844 0.827 2.0508, 1.3746 0.8226 2.0275, 1.3746 0.7238 2.0565, 1.359 0.8187 2.0075, 1.359 0.7162 2.0376, 1.3386 0.8157 1.9921, 1.3386 0.7104 2.0231, 1.3148 0.8139 1.9825, 1.3878 0.5007 2.3141, 1.3844 0.4542 2.344, 1.3746 0.484 2.2451, 1.3746 0.4326 2.3342, 1.359 0.4674 2.2332, 1.359 0.414 2.3257, 1.3386 0.4547 2.2242, 1.3386 0.3998 2.3192, 1.3148 0.4467 2.2185, 1.3746 0.3843 2.5333, 1.3746 0.3892 2.6361, 1.359 0.3639 2.5323, 1.359 0.369 2.639, 1.3386 0.3483 2.5316, 1.3386 0.3535 2.6412, 1.3148 0.3385 2.5311, 1.3878 0.5531 2.8813, 1.3844 0.5338 2.898, 1.3746 0.5159 2.9136, 1.3746 0.5904 2.9846, 1.359 0.5005 2.9269, 1.359 0.5778 3.0006, 1.3386 0.4887 2.9372, 1.3386 0.5681 3.0129, 1.3148 0.4812 2.9436, 1.3878 0.8231 3.0383, 1.3844 0.8758 3.0743, 1.3746 0.8735 3.0979, 1.3746 0.9765 3.0979, 1.359 0.8716 3.1182, 1.359 0.9784 3.1182, 1.3386 0.8701 3.1338, 1.3386 0.9799 3.1338, 1.3148 0.8692 3.1436, 1.3746 1.1731 3.0402, 1.3746 1.2596 2.9846, 1.359 1.1824 3.0583, 1.359 1.2722 3.0006, 1.3386 1.1896 3.0722, 1.3386 1.2819 3.0129, 1.3148 1.1941 3.081, 1.3878 1.3901 2.72, 1.3844 1.4141 2.7283, 1.3746 1.4366 2.7361, 1.3746 1.4608 2.6361, 1.359 1.4558 2.7428, 1.359 1.481 2.639, 1.3386 1.4706 2.7479, 1.3386 1.4965 2.6412, 1.3148 1.4799 2.7511, 1.3878 1.3493 2.3141, 1.3844 1.3466 2.2588, 1.3746 1.4174 2.3342, 1.3746 1.366 2.2451, 1.359 1.436 2.3257, 1.359 1.3826 2.2332, 1.3386 1.4502 2.3192, 1.3386 1.3953 2.2242, 1.3148 1.4591 2.3151, 1.3746 1.2177 2.1037, 1.3746 1.1262 2.0565, 1.359 1.2287 2.0865, 1.359 1.1338 2.0376, 1.3386 1.2371 2.0733, 1.3386 1.1396 2.0231, 1.3148 1.2425 2.0651, 1.3878 0.925 2.0669, 1.3844 0.925 2.0415, 1.3746 0.925 2.0177, 1.359 0.925 1.9973, 1.3386 0.925 1.9817, 1.3148 0.925 1.9719, 1.3148 0.6075 2.0651, 1.3386 0.6129 2.0733, 1.359 0.6213 2.0865, 1.3746 0.6323 2.1037, 1.3746 0.5514 2.1673, 1.359 0.5374 2.1525, 1.3386 0.5266 2.1412, 1.3148 0.3544 2.4206, 1.3386 0.3639 2.4229, 1.359 0.3791 2.4266, 1.3746 0.3989 2.4314, 1.3148 0.3701 2.7511, 1.3386 0.3794 2.7479, 1.359 0.3942 2.7428, 1.3746 0.4134 2.7361, 1.3878 0.4988 2.8051, 1.3844 0.4767 2.8179, 1.3746 0.4562 2.8297, 1.359 0.4385 2.8399, 1.3386 0.425 2.8477, 1.3148 0.4165 2.8527, 1.3148 0.6559 3.081, 1.3386 0.6604 3.0722, 1.359 0.6676 3.0583, 1.3746 0.6769 3.0402, 1.3746 0.7725 3.0785, 1.359 0.7667 3.098, 1.3386 0.7623 3.113, 1.3148 1.0904 3.1225, 1.3386 1.0877 3.113, 1.359 1.0833 3.098, 1.3746 1.0775 3.0785, 1.3148 1.3688 2.9436, 1.3386 1.3613 2.9372, 1.359 1.3495 2.9269, 1.3746 1.3341 2.9136, 1.3878 1.3512 2.8051, 1.3844 1.3733 2.8179, 1.3746 1.3938 2.8297, 1.359 1.4115 2.8399, 1.3386 1.425 2.8477, 1.3148 1.4335 2.8527, 1.3148 1.5115 2.5311, 1.3386 1.5017 2.5316, 1.359 1.4861 2.5323, 1.3746 1.4657 2.5333, 1.3746 1.4511 2.4314, 1.359 1.4709 2.4266, 1.3386 1.4861 2.4229, 1.3148 1.3302 2.1341, 1.3386 1.3234 2.1412, 1.359 1.3126 2.1525, 1.3746 1.2986 2.1673, 1.3148 1.0361 1.9825, 1.3386 1.0343 1.9921, 1.359 1.0313 2.0075, 1.3746 1.0274 2.0275, 1.3844 1.022 2.1026, 1.3844 1.3291 2.3257, 1.3844 1.3688 2.4149, 1.3844 1.3891 2.5103, 1.3844 1.3891 2.6078, 1.3844 1.3688 2.7033, 1.3844 1.3291 2.7924, 1.3844 1.2718 2.8713, 1.3844 0.925 3.0257, 1.3844 0.828 3.0155, 1.3844 0.7352 2.9854, 1.3844 0.6507 2.9366, 1.3844 0.5782 2.8713, 1.3844 0.5209 2.7924, 1.3844 0.4812 2.7033, 1.3844 0.5209 2.3257, 1.3844 0.5782 2.2468, 1.3844 0.6507 2.1815, 1.3844 0.7352 2.1328, 1.3844 0.828 2.1026, 1.3844 0.925 2.0924, 1.3148 1.0076 2.1707, 1.3148 1.1584 2.2378, 1.3148 1.3026 2.4364, 1.3148 1.3199 2.6006, 1.3148 1.2201 2.8247, 1.3148 1.0865 2.9218, 1.3148 0.8424 2.9474, 1.3148 0.6916 2.8803, 1.3148 0.5474 2.6818, 1.3148 0.5301 2.5176, 1.3148 0.6299 2.2934, 1.3148 0.7635 2.1963, 1.3148 0.5474 2.4364, 1.3386 0.538 2.4333, 1.3386 0.5203 2.5165, 1.359 0.5232 2.4285, 1.359 0.5048 2.5149, 1.3746 0.5038 2.4222, 1.3148 1.0076 2.9474, 1.3386 1.0096 2.9571, 1.3386 1.0905 2.9308, 1.359 1.0128 2.9724, 1.359 1.0969 2.9451, 1.3746 1.0171 2.9923, 1.3148 1.2201 2.2934, 1.3386 1.2274 2.2868, 1.3386 1.1642 2.2299, 1.359 1.239 2.2763, 1.359 1.1734 2.2172, 1.3746 1.2541 2.2627, 1.3148 0.5811 2.3605, 1.3386 0.5726 2.3556, 1.359 0.5591 2.3478, 1.3746 0.5414 2.3376, 1.3148 0.925 2.9561, 1.3386 0.925 2.9659, 1.359 0.925 2.9816, 1.3746 0.925 3.002, 1.3148 1.2689 2.3605, 1.3386 1.2774 2.3556, 1.359 1.2909 2.3478, 1.3746 1.3086 2.3376, 1.3746 0.4845 2.5128, 1.3844 0.4609 2.5103, 1.3844 0.4812 2.4149, 1.3746 1.1052 2.9637, 1.3844 1.1148 2.9854, 1.3844 1.022 3.0155, 1.3746 1.1853 2.2007, 1.3844 1.1993 2.1815, 1.3844 1.2718 2.2468, 1.3746 0.8329 2.1258, 1.3746 0.925 2.1161, 1.359 0.8372 2.1458, 1.359 0.925 2.1365, 1.3386 0.8404 2.1611, 1.3386 0.925 2.1522, 1.3148 0.8424 2.1707, 1.3148 0.925 2.162, 1.3746 0.7449 2.1544, 1.359 0.7531 2.1731, 1.3386 0.7595 2.1873, 1.3746 0.6647 2.2007, 1.359 0.6766 2.2172, 1.3386 0.6858 2.2299, 1.3148 0.6916 2.2378, 1.3746 0.5959 2.2627, 1.359 0.611 2.2763, 1.3386 0.6226 2.2868, 1.3844 0.4609 2.6078, 1.3746 0.4845 2.6054, 1.359 0.5048 2.6032, 1.3386 0.5203 2.6016, 1.3148 0.5301 2.6006, 1.3746 0.5038 2.6959, 1.359 0.5232 2.6896, 1.3386 0.538 2.6848, 1.3746 0.5414 2.7805, 1.359 0.5591 2.7703, 1.3386 0.5726 2.7625, 1.3148 0.5811 2.7576, 1.3746 0.5959 2.8554, 1.359 0.611 2.8418, 1.3386 0.6226 2.8313, 1.3148 0.6299 2.8247, 1.3746 0.6647 2.9174, 1.359 0.6766 2.9009, 1.3386 0.6858 2.8882, 1.3746 0.7449 2.9637, 1.359 0.7531 2.9451, 1.3386 0.7595 2.9308, 1.3148 0.7635 2.9218, 1.3746 0.8329 2.9923, 1.359 0.8372 2.9724, 1.3386 0.8404 2.9571, 1.3844 1.1993 2.9366, 1.3746 1.1853 2.9174, 1.359 1.1734 2.9009, 1.3386 1.1642 2.8882, 1.3148 1.1584 2.8803, 1.3746 1.2541 2.8554, 1.359 1.239 2.8418, 1.3386 1.2274 2.8313, 1.3746 1.3086 2.7805, 1.359 1.2909 2.7703, 1.3386 1.2774 2.7625, 1.3148 1.2689 2.7576, 1.3746 1.3462 2.6959, 1.359 1.3268 2.6896, 1.3386 1.312 2.6848, 1.3148 1.3026 2.6818, 1.3746 1.3655 2.6054, 1.359 1.3452 2.6032, 1.3386 1.3297 2.6016, 1.3746 1.3655 2.5128, 1.359 1.3452 2.5149, 1.3386 1.3297 2.5165, 1.3148 1.3199 2.5176, 1.3746 1.3462 2.4222, 1.359 1.3268 2.4285, 1.3386 1.312 2.4333, 1.3844 1.1148 2.1328, 1.3746 1.1052 2.1544, 1.359 1.0969 2.1731, 1.3386 1.0905 2.1873, 1.3148 1.0865 2.1963, 1.3746 1.0171 2.1258, 1.359 1.0128 2.1458, 1.3386 1.0096 2.1611
            ]
        }
        coordIndex [
            0,1,2,-1,1,3,2,-1,2,3,4,-1,2,4,5,-1,5,4,6,-1,5,6,7,-1,7,8,5,-1,5,8,9,-1,5,9,10,-1,9,11,10,-1,10,11,12,-1,10,12,13,-1,13,12,14,-1,13,14,15,-1,15,14,16,-1,15,16,17,-1,17,16,18,-1,17,18,19,-1,19,18,20,-1,19,20,21,-1,21,20,22,-1,21,22,23,-1,23,22,24,-1,23,24,25,-1,25,24,26,-1,25,26,27,-1,27,26,28,-1,27,28,29,-1,29,28,30,-1,29,30,31,-1,31,30,32,-1,31,32,33,-1,33,32,34,-1,33,34,35,-1,34,36,35,-1,35,36,37,-1,35,37,2,-1,2,37,38,-1,2,38,0,-1,39,40,41,-1,5,10,41,-1,41,10,42,-1,41,42,39,-1,43,44,45,-1,45,44,46,-1,45,46,2,-1,2,46,35,-1,35,46,47,-1,35,47,33,-1,33,47,48,-1,33,48,31,-1,31,48,49,-1,31,49,29,-1,29,49,50,-1,29,50,27,-1,27,50,51,-1,27,51,25,-1,25,51,52,-1,25,52,23,-1,23,52,53,-1,23,53,21,-1,21,53,54,-1,21,54,19,-1,19,54,55,-1,19,55,17,-1,17,55,56,-1,17,56,15,-1,15,56,57,-1,15,57,13,-1,13,57,42,-1,13,42,10,-1,40,39,58,-1,40,58,59,-1,59,58,60,-1,59,60,61,-1,61,60,62,-1,61,62,63,-1,63,62,64,-1,63,64,65,-1,65,64,66,-1,65,66,67,-1,67,66,68,-1,67,68,69,-1,69,68,70,-1,69,70,71,-1,71,70,72,-1,71,72,73,-1,73,72,74,-1,73,74,75,-1,75,74,76,-1,75,76,77,-1,77,76,78,-1,77,78,79,-1,79,78,80,-1,79,80,81,-1,81,80,82,-1,81,82,83,-1,83,82,84,-1,83,84,85,-1,85,84,86,-1,85,86,87,-1,87,86,88,-1,87,88,89,-1,89,88,90,-1,89,90,91,-1,91,90,92,-1,91,92,93,-1,93,92,94,-1,93,94,95,-1,95,94,96,-1,95,96,97,-1,97,96,98,-1,97,98,99,-1,99,98,100,-1,99,100,101,-1,101,100,102,-1,101,102,103,-1,103,102,104,-1,103,104,105,-1,105,104,44,-1,105,44,43,-1,36,106,37,-1,37,106,107,-1,37,107,38,-1,38,107,108,-1,38,108,0,-1,0,108,109,-1,0,109,1,-1,1,109,110,-1,1,110,3,-1,3,110,111,-1,3,111,4,-1,4,111,112,-1,4,112,6,-1,6,112,113,-1,6,113,7,-1,7,113,114,-1,7,114,8,-1,8,114,115,-1,8,115,9,-1,9,115,116,-1,9,116,11,-1,11,116,117,-1,11,117,12,-1,12,117,118,-1,12,118,14,-1,14,118,119,-1,14,119,16,-1,16,119,120,-1,16,120,18,-1,18,120,121,-1,18,121,20,-1,20,121,122,-1,20,122,22,-1,22,122,123,-1,22,123,24,-1,24,123,124,-1,24,124,26,-1,26,124,125,-1,26,125,28,-1,28,125,126,-1,28,126,30,-1,30,126,127,-1,30,127,32,-1,32,127,128,-1,32,128,34,-1,34,128,129,-1,34,129,36,-1,36,129,106,-1,130,131,44,-1,44,131,132,-1,44,132,133,-1,44,104,130,-1,130,104,102,-1,130,102,134,-1,134,102,100,-1,134,100,135,-1,135,100,98,-1,135,98,136,-1,136,98,96,-1,136,96,137,-1,138,82,139,-1,139,82,80,-1,139,80,140,-1,140,80,78,-1,140,78,141,-1,141,78,76,-1,141,76,142,-1,133,143,39,-1,39,143,144,-1,39,144,58,-1,58,144,145,-1,58,145,60,-1,60,145,146,-1,60,146,62,-1,62,146,147,-1,96,94,137,-1,137,94,92,-1,137,92,148,-1,148,92,90,-1,148,90,149,-1,149,90,88,-1,149,88,150,-1,150,88,86,-1,150,86,138,-1,138,86,84,-1,138,84,82,-1,76,74,142,-1,142,74,72,-1,142,72,151,-1,151,72,70,-1,151,70,152,-1,152,70,68,-1,152,68,153,-1,153,68,66,-1,153,66,147,-1,147,66,64,-1,147,64,62,-1,108,46,109,-1,109,46,44,-1,109,44,110,-1,108,107,46,-1,46,107,106,-1,46,106,47,-1,47,106,129,-1,47,129,48,-1,48,129,128,-1,48,128,49,-1,49,128,127,-1,49,127,50,-1,50,127,126,-1,50,126,51,-1,51,126,125,-1,51,125,52,-1,52,125,124,-1,52,124,53,-1,53,124,123,-1,53,123,54,-1,54,123,122,-1,54,122,55,-1,55,122,121,-1,55,121,56,-1,56,121,120,-1,56,120,57,-1,57,120,119,-1,57,119,42,-1,42,119,118,-1,115,39,116,-1,116,39,42,-1,116,42,117,-1,117,42,118,-1,115,114,39,-1,39,114,113,-1,39,113,133,-1,133,113,112,-1,133,112,44,-1,44,112,111,-1,44,111,110,-1,154,139,155,-1,155,139,140,-1,155,140,156,-1,156,140,141,-1,156,141,157,-1,157,141,158,-1,158,141,159,-1,159,141,142,-1,159,142,160,-1,161,162,152,-1,152,162,163,-1,152,163,151,-1,151,163,164,-1,151,164,142,-1,142,164,165,-1,142,165,160,-1,161,152,166,-1,166,152,153,-1,166,153,167,-1,167,153,147,-1,167,147,168,-1,169,170,146,-1,146,170,171,-1,146,171,147,-1,147,171,172,-1,147,172,168,-1,169,146,173,-1,173,146,145,-1,173,145,174,-1,174,145,144,-1,174,144,175,-1,176,177,143,-1,143,177,178,-1,143,178,144,-1,144,178,179,-1,144,179,175,-1,176,143,180,-1,180,143,133,-1,180,133,181,-1,181,133,132,-1,181,132,182,-1,183,184,130,-1,130,184,185,-1,130,185,131,-1,131,185,186,-1,131,186,132,-1,132,186,187,-1,132,187,182,-1,183,130,188,-1,188,130,134,-1,188,134,189,-1,190,191,136,-1,136,191,192,-1,136,192,135,-1,135,192,193,-1,135,193,134,-1,134,193,194,-1,134,194,189,-1,190,136,195,-1,195,136,137,-1,195,137,196,-1,197,198,149,-1,149,198,199,-1,149,199,148,-1,148,199,200,-1,148,200,137,-1,137,200,201,-1,137,201,196,-1,197,149,202,-1,202,149,150,-1,202,150,203,-1,203,150,138,-1,203,138,204,-1,154,205,139,-1,139,205,206,-1,139,206,138,-1,138,206,207,-1,138,207,204,-1,208,209,210,-1,211,212,213,-1,213,212,214,-1,213,214,209,-1,209,214,215,-1,209,215,210,-1,211,213,216,-1,216,213,217,-1,216,217,218,-1,218,217,219,-1,218,219,220,-1,220,219,221,-1,221,219,222,-1,221,222,223,-1,223,222,224,-1,224,222,225,-1,224,225,226,-1,227,228,229,-1,229,228,230,-1,229,230,225,-1,225,230,231,-1,225,231,226,-1,232,233,227,-1,227,233,234,-1,227,234,228,-1,235,236,237,-1,237,236,238,-1,237,238,232,-1,232,238,239,-1,232,239,233,-1,235,237,240,-1,240,237,241,-1,240,241,242,-1,242,241,243,-1,242,243,244,-1,244,243,245,-1,245,243,246,-1,245,246,247,-1,247,246,248,-1,248,246,249,-1,248,249,250,-1,251,252,253,-1,253,252,254,-1,253,254,249,-1,249,254,255,-1,249,255,250,-1,256,257,251,-1,251,257,258,-1,251,258,252,-1,259,260,261,-1,261,260,262,-1,261,262,256,-1,256,262,263,-1,256,263,257,-1,259,261,264,-1,264,261,265,-1,264,265,266,-1,266,265,267,-1,266,267,268,-1,268,267,269,-1,269,267,270,-1,269,270,271,-1,271,270,272,-1,272,270,273,-1,272,273,274,-1,210,275,208,-1,208,275,276,-1,208,276,277,-1,277,276,278,-1,277,278,273,-1,273,278,279,-1,273,279,274,-1,267,265,280,-1,280,265,261,-1,280,261,256,-1,277,273,280,-1,280,273,270,-1,280,270,267,-1,213,209,280,-1,280,209,208,-1,280,208,277,-1,222,219,280,-1,280,219,217,-1,280,217,213,-1,227,229,280,-1,280,229,225,-1,280,225,222,-1,241,237,280,-1,280,237,232,-1,280,232,227,-1,249,246,280,-1,280,246,243,-1,280,243,241,-1,256,251,280,-1,280,251,253,-1,280,253,249,-1,182,187,281,-1,183,188,282,-1,193,192,283,-1,190,195,284,-1,198,197,285,-1,207,206,286,-1,155,156,287,-1,158,159,288,-1,162,161,289,-1,172,171,290,-1,173,174,291,-1,179,178,292,-1,293,294,295,-1,296,297,298,-1,299,300,301,-1,302,303,304,-1,305,306,307,-1,308,309,310,-1,311,312,313,-1,314,315,316,-1,317,318,319,-1,320,321,322,-1,323,324,325,-1,326,327,328,-1,329,330,331,-1,332,333,334,-1,335,336,337,-1,338,339,340,-1,341,342,343,-1,344,345,346,-1,347,348,349,-1,329,331,350,-1,351,352,353,-1,354,355,356,-1,357,358,359,-1,314,316,360,-1,361,362,363,-1,364,365,366,-1,296,298,367,-1,368,341,369,-1,369,341,343,-1,369,343,370,-1,370,343,371,-1,370,371,372,-1,372,371,373,-1,372,373,374,-1,374,373,375,-1,374,375,376,-1,376,375,292,-1,333,377,334,-1,334,377,378,-1,334,378,379,-1,379,378,380,-1,379,380,381,-1,381,380,382,-1,381,382,383,-1,383,382,384,-1,383,384,385,-1,385,384,290,-1,348,350,349,-1,349,350,331,-1,349,331,386,-1,386,331,387,-1,386,387,388,-1,388,387,389,-1,388,389,390,-1,390,389,391,-1,390,391,392,-1,392,391,289,-1,393,323,394,-1,394,323,325,-1,394,325,395,-1,395,325,396,-1,395,396,397,-1,397,396,398,-1,397,398,399,-1,399,398,400,-1,399,400,401,-1,401,400,288,-1,402,351,403,-1,403,351,353,-1,403,353,404,-1,404,353,405,-1,404,405,406,-1,406,405,407,-1,406,407,408,-1,408,407,409,-1,408,409,410,-1,410,409,286,-1,358,360,359,-1,359,360,316,-1,359,316,411,-1,411,316,412,-1,411,412,413,-1,413,412,414,-1,413,414,415,-1,415,414,416,-1,415,416,417,-1,417,416,285,-1,418,308,419,-1,419,308,310,-1,419,310,420,-1,420,310,421,-1,420,421,422,-1,422,421,423,-1,422,423,424,-1,424,423,425,-1,424,425,426,-1,426,425,284,-1,300,427,301,-1,301,427,428,-1,301,428,429,-1,429,428,430,-1,429,430,431,-1,431,430,432,-1,431,432,433,-1,433,432,434,-1,433,434,435,-1,435,434,282,-1,365,367,366,-1,366,367,298,-1,366,298,436,-1,436,298,437,-1,436,437,438,-1,438,437,439,-1,438,439,440,-1,440,439,441,-1,440,441,442,-1,442,441,281,-1,443,368,444,-1,444,368,369,-1,444,369,445,-1,445,369,370,-1,445,370,446,-1,446,370,372,-1,446,372,447,-1,447,372,374,-1,447,374,448,-1,448,374,376,-1,448,376,180,-1,180,376,176,-1,292,178,376,-1,376,178,177,-1,376,177,176,-1,175,179,449,-1,449,179,292,-1,449,292,450,-1,450,292,375,-1,450,375,451,-1,451,375,373,-1,451,373,452,-1,452,373,371,-1,452,371,340,-1,340,371,343,-1,340,343,338,-1,338,343,342,-1,339,335,340,-1,340,335,337,-1,340,337,452,-1,452,337,453,-1,452,453,451,-1,451,453,454,-1,451,454,450,-1,450,454,455,-1,450,455,449,-1,449,455,291,-1,449,291,175,-1,175,291,174,-1,169,173,385,-1,385,173,291,-1,385,291,383,-1,383,291,455,-1,383,455,381,-1,381,455,454,-1,381,454,379,-1,379,454,453,-1,379,453,334,-1,334,453,337,-1,334,337,332,-1,332,337,336,-1,290,171,385,-1,385,171,170,-1,385,170,169,-1,168,172,456,-1,456,172,290,-1,456,290,457,-1,457,290,384,-1,457,384,458,-1,458,384,382,-1,458,382,459,-1,459,382,380,-1,459,380,346,-1,346,380,378,-1,346,378,344,-1,344,378,377,-1,345,347,346,-1,346,347,349,-1,346,349,459,-1,459,349,386,-1,459,386,458,-1,458,386,388,-1,458,388,457,-1,457,388,390,-1,457,390,456,-1,456,390,392,-1,456,392,168,-1,168,392,167,-1,289,161,392,-1,392,161,166,-1,392,166,167,-1,163,162,460,-1,460,162,289,-1,460,289,461,-1,461,289,391,-1,461,391,462,-1,462,391,389,-1,462,389,463,-1,463,389,387,-1,463,387,328,-1,328,387,331,-1,328,331,326,-1,326,331,330,-1,327,464,328,-1,328,464,465,-1,328,465,463,-1,463,465,466,-1,463,466,462,-1,462,466,467,-1,462,467,461,-1,461,467,468,-1,461,468,460,-1,460,468,469,-1,460,469,163,-1,163,469,164,-1,464,393,465,-1,465,393,394,-1,465,394,466,-1,466,394,395,-1,466,395,467,-1,467,395,397,-1,467,397,468,-1,468,397,399,-1,468,399,469,-1,469,399,401,-1,469,401,164,-1,164,401,165,-1,288,159,401,-1,401,159,160,-1,401,160,165,-1,157,158,470,-1,470,158,288,-1,470,288,471,-1,471,288,400,-1,471,400,472,-1,472,400,398,-1,472,398,473,-1,473,398,396,-1,473,396,322,-1,322,396,325,-1,322,325,320,-1,320,325,324,-1,321,317,322,-1,322,317,319,-1,322,319,473,-1,473,319,474,-1,473,474,472,-1,472,474,475,-1,472,475,471,-1,471,475,476,-1,471,476,470,-1,470,476,287,-1,470,287,157,-1,157,287,156,-1,154,155,410,-1,410,155,287,-1,410,287,408,-1,408,287,476,-1,408,476,406,-1,406,476,475,-1,406,475,404,-1,404,475,474,-1,404,474,403,-1,403,474,319,-1,403,319,402,-1,402,319,318,-1,286,206,410,-1,410,206,205,-1,410,205,154,-1,204,207,477,-1,477,207,286,-1,477,286,478,-1,478,286,409,-1,478,409,479,-1,479,409,407,-1,479,407,480,-1,480,407,405,-1,480,405,356,-1,356,405,353,-1,356,353,354,-1,354,353,352,-1,355,357,356,-1,356,357,359,-1,356,359,480,-1,480,359,411,-1,480,411,479,-1,479,411,413,-1,479,413,478,-1,478,413,415,-1,478,415,477,-1,477,415,417,-1,477,417,204,-1,204,417,203,-1,285,197,417,-1,417,197,202,-1,417,202,203,-1,199,198,481,-1,481,198,285,-1,481,285,482,-1,482,285,416,-1,482,416,483,-1,483,416,414,-1,483,414,484,-1,484,414,412,-1,484,412,313,-1,313,412,316,-1,313,316,311,-1,311,316,315,-1,312,485,313,-1,313,485,486,-1,313,486,484,-1,484,486,487,-1,484,487,483,-1,483,487,488,-1,483,488,482,-1,482,488,489,-1,482,489,481,-1,481,489,490,-1,481,490,199,-1,199,490,200,-1,485,418,486,-1,486,418,419,-1,486,419,487,-1,487,419,420,-1,487,420,488,-1,488,420,422,-1,488,422,489,-1,489,422,424,-1,489,424,490,-1,490,424,426,-1,490,426,200,-1,200,426,201,-1,284,195,426,-1,426,195,196,-1,426,196,201,-1,191,190,491,-1,491,190,284,-1,491,284,492,-1,492,284,425,-1,492,425,493,-1,493,425,423,-1,493,423,494,-1,494,423,421,-1,494,421,307,-1,307,421,310,-1,307,310,305,-1,305,310,309,-1,306,302,307,-1,307,302,304,-1,307,304,494,-1,494,304,495,-1,494,495,493,-1,493,495,496,-1,493,496,492,-1,492,496,497,-1,492,497,491,-1,491,497,283,-1,491,283,191,-1,191,283,192,-1,194,193,435,-1,435,193,283,-1,435,283,433,-1,433,283,497,-1,433,497,431,-1,431,497,496,-1,431,496,429,-1,429,496,495,-1,429,495,301,-1,301,495,304,-1,301,304,299,-1,299,304,303,-1,282,188,435,-1,435,188,189,-1,435,189,194,-1,184,183,498,-1,498,183,282,-1,498,282,499,-1,499,282,434,-1,499,434,500,-1,500,434,432,-1,500,432,501,-1,501,432,430,-1,501,430,363,-1,363,430,428,-1,363,428,361,-1,361,428,427,-1,362,364,363,-1,363,364,366,-1,363,366,501,-1,501,366,436,-1,501,436,500,-1,500,436,438,-1,500,438,499,-1,499,438,440,-1,499,440,498,-1,498,440,442,-1,498,442,184,-1,184,442,185,-1,281,187,442,-1,442,187,186,-1,442,186,185,-1,181,182,502,-1,502,182,281,-1,502,281,503,-1,503,281,441,-1,503,441,504,-1,504,441,439,-1,504,439,505,-1,505,439,437,-1,505,437,295,-1,295,437,298,-1,295,298,293,-1,293,298,297,-1,294,443,295,-1,295,443,444,-1,295,444,505,-1,505,444,445,-1,505,445,504,-1,504,445,446,-1,504,446,503,-1,503,446,447,-1,503,447,502,-1,502,447,448,-1,502,448,181,-1,181,448,180,-1,294,293,506,-1,361,427,507,-1,300,299,508,-1,303,302,509,-1,306,305,510,-1,309,308,511,-1,418,485,512,-1,312,311,513,-1,354,352,514,-1,351,402,515,-1,318,317,516,-1,321,320,517,-1,324,323,518,-1,393,464,519,-1,327,326,520,-1,344,377,521,-1,333,332,522,-1,336,335,523,-1,339,338,524,-1,342,341,525,-1,368,443,526,-1,240,242,527,-1,239,238,528,-1,230,228,529,-1,223,224,530,-1,216,218,531,-1,215,214,532,-1,278,276,533,-1,271,272,534,-1,264,266,535,-1,263,262,536,-1,254,252,537,-1,247,248,538,-1,254,537,255,-1,264,535,259,-1,278,533,279,-1,216,531,211,-1,230,529,231,-1,240,527,235,-1,257,263,539,-1,539,263,536,-1,539,536,540,-1,540,536,541,-1,540,541,542,-1,542,541,543,-1,542,543,544,-1,210,215,545,-1,545,215,532,-1,545,532,546,-1,546,532,547,-1,546,547,548,-1,548,547,549,-1,548,549,550,-1,233,239,551,-1,551,239,528,-1,551,528,552,-1,552,528,553,-1,552,553,554,-1,554,553,555,-1,554,555,556,-1,258,257,557,-1,557,257,539,-1,557,539,558,-1,558,539,540,-1,558,540,559,-1,559,540,542,-1,559,542,560,-1,560,542,544,-1,560,544,521,-1,275,210,561,-1,561,210,545,-1,561,545,562,-1,562,545,546,-1,562,546,563,-1,563,546,548,-1,563,548,564,-1,564,548,550,-1,564,550,514,-1,234,233,565,-1,565,233,551,-1,565,551,566,-1,566,551,552,-1,566,552,567,-1,567,552,554,-1,567,554,568,-1,568,554,556,-1,568,556,507,-1,569,570,571,-1,572,573,574,-1,575,576,577,-1,341,368,525,-1,525,368,526,-1,525,526,578,-1,578,526,579,-1,578,579,580,-1,580,579,581,-1,580,581,582,-1,582,581,583,-1,582,583,584,-1,584,583,585,-1,584,585,245,-1,245,585,244,-1,338,342,524,-1,524,342,525,-1,524,525,586,-1,586,525,578,-1,586,578,587,-1,587,578,580,-1,587,580,588,-1,588,580,582,-1,588,582,538,-1,538,582,584,-1,538,584,247,-1,247,584,245,-1,335,339,523,-1,523,339,524,-1,523,524,589,-1,589,524,586,-1,589,586,590,-1,590,586,587,-1,590,587,591,-1,591,587,588,-1,591,588,592,-1,592,588,538,-1,592,538,250,-1,250,538,248,-1,332,336,522,-1,522,336,523,-1,522,523,593,-1,593,523,589,-1,593,589,594,-1,594,589,590,-1,594,590,595,-1,595,590,591,-1,595,591,537,-1,537,591,592,-1,537,592,255,-1,255,592,250,-1,377,333,521,-1,521,333,522,-1,521,522,560,-1,560,522,593,-1,560,593,559,-1,559,593,594,-1,559,594,558,-1,558,594,595,-1,558,595,557,-1,557,595,537,-1,557,537,258,-1,258,537,252,-1,543,569,544,-1,544,569,571,-1,544,571,521,-1,521,571,345,-1,521,345,344,-1,330,329,596,-1,596,329,570,-1,596,570,597,-1,597,570,569,-1,597,569,598,-1,598,569,543,-1,598,543,599,-1,599,543,541,-1,599,541,600,-1,600,541,536,-1,600,536,260,-1,260,536,262,-1,329,350,570,-1,570,350,348,-1,570,348,571,-1,571,348,347,-1,571,347,345,-1,326,330,520,-1,520,330,596,-1,520,596,601,-1,601,596,597,-1,601,597,602,-1,602,597,598,-1,602,598,603,-1,603,598,599,-1,603,599,535,-1,535,599,600,-1,535,600,259,-1,259,600,260,-1,464,327,519,-1,519,327,520,-1,519,520,604,-1,604,520,601,-1,604,601,605,-1,605,601,602,-1,605,602,606,-1,606,602,603,-1,606,603,607,-1,607,603,535,-1,607,535,268,-1,268,535,266,-1,323,393,518,-1,518,393,519,-1,518,519,608,-1,608,519,604,-1,608,604,609,-1,609,604,605,-1,609,605,610,-1,610,605,606,-1,610,606,611,-1,611,606,607,-1,611,607,269,-1,269,607,268,-1,320,324,517,-1,517,324,518,-1,517,518,612,-1,612,518,608,-1,612,608,613,-1,613,608,609,-1,613,609,614,-1,614,609,610,-1,614,610,534,-1,534,610,611,-1,534,611,271,-1,271,611,269,-1,317,321,516,-1,516,321,517,-1,516,517,615,-1,615,517,612,-1,615,612,616,-1,616,612,613,-1,616,613,617,-1,617,613,614,-1,617,614,618,-1,618,614,534,-1,618,534,274,-1,274,534,272,-1,402,318,515,-1,515,318,516,-1,515,516,619,-1,619,516,615,-1,619,615,620,-1,620,615,616,-1,620,616,621,-1,621,616,617,-1,621,617,533,-1,533,617,618,-1,533,618,279,-1,279,618,274,-1,352,351,514,-1,514,351,515,-1,514,515,564,-1,564,515,619,-1,564,619,563,-1,563,619,620,-1,563,620,562,-1,562,620,621,-1,562,621,561,-1,561,621,533,-1,561,533,275,-1,275,533,276,-1,549,572,550,-1,550,572,574,-1,550,574,514,-1,514,574,355,-1,514,355,354,-1,315,314,622,-1,622,314,573,-1,622,573,623,-1,623,573,572,-1,623,572,624,-1,624,572,549,-1,624,549,625,-1,625,549,547,-1,625,547,626,-1,626,547,532,-1,626,532,212,-1,212,532,214,-1,314,360,573,-1,573,360,358,-1,573,358,574,-1,574,358,357,-1,574,357,355,-1,311,315,513,-1,513,315,622,-1,513,622,627,-1,627,622,623,-1,627,623,628,-1,628,623,624,-1,628,624,629,-1,629,624,625,-1,629,625,531,-1,531,625,626,-1,531,626,211,-1,211,626,212,-1,485,312,512,-1,512,312,513,-1,512,513,630,-1,630,513,627,-1,630,627,631,-1,631,627,628,-1,631,628,632,-1,632,628,629,-1,632,629,633,-1,633,629,531,-1,633,531,220,-1,220,531,218,-1,308,418,511,-1,511,418,512,-1,511,512,634,-1,634,512,630,-1,634,630,635,-1,635,630,631,-1,635,631,636,-1,636,631,632,-1,636,632,637,-1,637,632,633,-1,637,633,221,-1,221,633,220,-1,305,309,510,-1,510,309,511,-1,510,511,638,-1,638,511,634,-1,638,634,639,-1,639,634,635,-1,639,635,640,-1,640,635,636,-1,640,636,530,-1,530,636,637,-1,530,637,223,-1,223,637,221,-1,302,306,509,-1,509,306,510,-1,509,510,641,-1,641,510,638,-1,641,638,642,-1,642,638,639,-1,642,639,643,-1,643,639,640,-1,643,640,644,-1,644,640,530,-1,644,530,226,-1,226,530,224,-1,299,303,508,-1,508,303,509,-1,508,509,645,-1,645,509,641,-1,645,641,646,-1,646,641,642,-1,646,642,647,-1,647,642,643,-1,647,643,529,-1,529,643,644,-1,529,644,231,-1,231,644,226,-1,427,300,507,-1,507,300,508,-1,507,508,568,-1,568,508,645,-1,568,645,567,-1,567,645,646,-1,567,646,566,-1,566,646,647,-1,566,647,565,-1,565,647,529,-1,565,529,234,-1,234,529,228,-1,555,575,556,-1,556,575,577,-1,556,577,507,-1,507,577,362,-1,507,362,361,-1,297,296,648,-1,648,296,576,-1,648,576,649,-1,649,576,575,-1,649,575,650,-1,650,575,555,-1,650,555,651,-1,651,555,553,-1,651,553,652,-1,652,553,528,-1,652,528,236,-1,236,528,238,-1,296,367,576,-1,576,367,365,-1,576,365,577,-1,577,365,364,-1,577,364,362,-1,293,297,506,-1,506,297,648,-1,506,648,653,-1,653,648,649,-1,653,649,654,-1,654,649,650,-1,654,650,655,-1,655,650,651,-1,655,651,527,-1,527,651,652,-1,527,652,235,-1,235,652,236,-1,443,294,526,-1,526,294,506,-1,526,506,579,-1,579,506,653,-1,579,653,581,-1,581,653,654,-1,581,654,583,-1,583,654,655,-1,583,655,585,-1,585,655,527,-1,585,527,244,-1,244,527,242,-1,
        ]
    }
}
Shape{
    appearance Appearance {
        material  Material 	{
            diffuseColor 1.0 1.0 1.0
            specularColor 0.5019607843137255 0.5019607843137255 0.5019607843137255
            ambientIntensity 1.0
            transparency 0.0
            shininess 0.5
        }
    }
    geometry IndexedFaceSet {
        ccw TRUE
        solid FALSE
        coord DEF co Coordinate {
            point [
                -2.1097 2.697 1.2231, -2.1096 2.697 1.2049, -2.1097 2.6967 1.2231, -2.1096 2.6967 1.2049, -2.046 2.697 1.2236, -2.046 2.6967 1.2236, -2.047 2.697 1.3655, -2.047 2.6967 1.3648, -2.047 2.6967 1.3655, -2.0263 2.697 1.3656, -2.0263 2.6967 1.3656, -2.0252 2.6967 1.2055, -2.0252 2.697 1.2055, -2.0263 2.6967 1.3648, -2.2361 2.6967 1.2106, -2.2361 2.697 1.2106, -2.2334 2.697 1.2093, -2.1917 2.697 1.2016, -2.1917 2.6967 1.2016, -2.1967 2.6967 1.202, -2.2161 2.697 1.2038, -2.2161 2.6967 1.2038, -2.2292 2.6967 1.2079, -2.2334 2.6967 1.2093, -2.2362 2.697 1.2304, -2.2362 2.6967 1.2304, -2.2292 2.6967 1.2273, -2.2204 2.697 1.2235, -2.2204 2.6967 1.2235, -2.2023 2.6967 1.2202, -2.2023 2.697 1.2202, -2.1948 2.6967 1.22, -2.1948 2.697 1.22, -2.1788 2.6967 1.222, -2.1788 2.697 1.222, -2.1674 2.6967 1.2265, -2.1674 2.697 1.2265, -2.157 2.6967 1.234, -2.157 2.697 1.234, -2.1538 2.6967 1.2372, -2.1538 2.697 1.2372, -2.1468 2.6967 1.2467, -2.1468 2.697 1.2467, -2.1414 2.6967 1.2594, -2.1414 2.697 1.2594, -2.1387 2.6967 1.275, -2.1387 2.697 1.275, -2.1384 2.6967 1.2829, -2.1384 2.697 1.2829, -2.1412 2.6967 1.305, -2.1412 2.697 1.305, -2.1467 2.6967 1.3188, -2.1467 2.697 1.3188, -2.1545 2.6967 1.3298, -2.1545 2.697 1.3298, -2.1556 2.6967 1.331, -2.1556 2.697 1.331, -2.165 2.6967 1.3389, -2.165 2.697 1.3389, -2.1775 2.6967 1.3451, -2.1775 2.697 1.3451, -2.1912 2.6967 1.348, -2.1912 2.697 1.348, -2.1993 2.6967 1.3484, -2.1993 2.697 1.3484, -2.237 2.6967 1.3387, -2.237 2.697 1.3387, -2.2352 2.697 1.3396, -2.219 2.6967 1.3459, -2.219 2.697 1.3459, -2.2292 2.6967 1.342, -2.2352 2.6967 1.3396, -2.2372 2.697 1.3603, -2.2372 2.6967 1.3603, -2.222 2.6967 1.3648, -2.2202 2.697 1.3653, -2.2292 2.6967 1.3626, -2.2202 2.6967 1.3653, -2.1993 2.6967 1.3671, -2.1993 2.697 1.3671, -2.1761 2.697 1.3644, -2.1789 2.6967 1.3648, -2.1761 2.6967 1.3644, -2.1593 2.6967 1.3581, -2.1593 2.697 1.3581, -2.1442 2.6967 1.3476, -2.1442 2.697 1.3476, -2.1403 2.6967 1.3439, -2.1403 2.697 1.3439, -2.1286 2.6967 1.3288, -2.1286 2.697 1.3288, -2.1228 2.6967 1.3155, -2.1208 2.697 1.3111, -2.1208 2.6967 1.3111, -2.1171 2.6967 1.2902, -2.1171 2.697 1.2902, -2.1167 2.6967 1.2819, -2.1167 2.697 1.2819, -2.1197 2.6967 1.2557, -2.1197 2.697 1.2557, -2.1228 2.6967 1.2477, -2.1261 2.697 1.239, -2.1261 2.6967 1.239, -2.1356 2.6967 1.2253, -2.1356 2.697 1.2253, -2.1368 2.6967 1.2238, -2.1368 2.697 1.2238, -2.1836 2.6967 1.202, -2.182 2.697 1.2021, -2.182 2.6967 1.2021, -2.1647 2.697 1.2058, -2.1647 2.6967 1.2058, -2.1496 2.697 1.2131, -2.1496 2.6967 1.2131, -2.3544 2.697 1.2214, -2.3542 2.697 1.2031, -2.3544 2.6967 1.2214, -2.3542 2.6967 1.2031, -2.2889 2.6967 1.2219, -2.2889 2.697 1.2219, -2.3308 2.6967 1.2216, -2.2893 2.697 1.2757, -2.2893 2.6967 1.2757, -2.3466 2.6967 1.2753, -2.3466 2.697 1.2753, -2.3308 2.6967 1.2754, -2.3467 2.697 1.2937, -2.3467 2.6967 1.2937, -2.2894 2.6967 1.2941, -2.2894 2.697 1.2941, -2.3308 2.6967 1.2938, -2.2898 2.697 1.3453, -2.2898 2.6967 1.3453, -2.3516 2.6967 1.3449, -2.3516 2.697 1.3449, -2.3308 2.6967 1.345, -2.3517 2.697 1.3633, -2.3517 2.6967 1.3633, -2.2692 2.6967 1.3639, -2.2692 2.697 1.3639, -2.3308 2.6967 1.3635, -2.2681 2.697 1.2038, -2.2681 2.6967 1.2038, -2.3308 2.6967 1.2033, -2.4909 2.697 1.2246, -2.4744 2.697 1.2355, -2.4741 2.697 1.2128, -2.4641 2.697 1.2284, -2.4558 2.697 1.2057, -2.4508 2.697 1.2234, -2.4285 2.697 1.2026, -2.4285 2.697 1.2209, -2.3845 2.697 1.2029, -2.4053 2.697 1.221, -2.3856 2.697 1.3631, -2.4062 2.697 1.3445, -2.4313 2.697 1.3627, -2.4304 2.697 1.3443, -2.4362 2.697 1.3441, -2.4557 2.697 1.3599, -2.453 2.697 1.3414, -2.475 2.697 1.3527, -2.4665 2.697 1.3359, -2.4917 2.697 1.3411, -2.4765 2.697 1.3289, -2.4973 2.697 1.3356, -2.4809 2.697 1.3245, -2.5071 2.697 1.3215, -2.487 2.697 1.3155, -2.5129 2.697 1.3062, -2.4915 2.697 1.3038, -2.5154 2.697 1.2841, -2.4937 2.697 1.2837, -2.5149 2.697 1.2739, -2.4929 2.697 1.2721, -2.5109 2.697 1.2552, -2.4895 2.697 1.2578, -2.5029 2.697 1.2387, -2.4837 2.697 1.2461, -2.4763 2.697 1.2372, -2.4285 2.6967 1.2026, -2.3845 2.6967 1.2029, -2.4558 2.6967 1.2057, -2.4741 2.6967 1.2128, -2.4909 2.6967 1.2246, -2.5029 2.6967 1.2387, -2.5109 2.6967 1.2552, -2.5149 2.6967 1.2739, -2.5154 2.6967 1.2841, -2.5129 2.6967 1.3062, -2.5071 2.6967 1.3215, -2.4973 2.6967 1.3356, -2.4917 2.6967 1.3411, -2.475 2.6967 1.3527, -2.4557 2.6967 1.3599, -2.4313 2.6967 1.3627, -2.3856 2.6967 1.3631, -2.4304 2.6967 1.3443, -2.4062 2.6967 1.3445, -2.4053 2.6967 1.221, -2.4285 2.6967 1.2209, -2.4763 2.6967 1.2372, -2.4744 2.6967 1.2355, -2.4641 2.6967 1.2284, -2.4508 2.6967 1.2234, -2.4937 2.6967 1.2837, -2.4929 2.6967 1.2721, -2.4895 2.6967 1.2578, -2.4837 2.6967 1.2461, -2.4765 2.6967 1.3289, -2.4809 2.6967 1.3245, -2.487 2.6967 1.3155, -2.4915 2.6967 1.3038, -2.4362 2.6967 1.3441, -2.453 2.6967 1.3414, -2.4665 2.6967 1.3359
            ]
        }
        coordIndex [
            0,1,2,-1,2,1,3,-1,4,0,5,-1,5,0,2,-1,4,5,6,-1,6,5,7,-1,6,7,8,-1,9,6,10,-1,10,6,8,-1,11,12,13,-1,13,12,9,-1,13,9,10,-1,1,12,3,-1,3,12,11,-1,6,9,4,-1,4,9,12,-1,4,12,0,-1,0,12,1,-1,14,15,16,-1,17,18,19,-1,17,19,20,-1,19,21,20,-1,20,21,22,-1,20,22,16,-1,16,22,23,-1,16,23,14,-1,24,15,25,-1,25,15,14,-1,24,25,26,-1,24,26,27,-1,26,28,27,-1,27,28,29,-1,27,29,30,-1,30,29,31,-1,30,31,32,-1,32,31,33,-1,32,33,34,-1,34,33,35,-1,34,35,36,-1,36,35,37,-1,36,37,38,-1,38,37,39,-1,38,39,40,-1,40,39,41,-1,40,41,42,-1,42,41,43,-1,42,43,44,-1,44,43,45,-1,44,45,46,-1,46,45,47,-1,46,47,48,-1,48,47,49,-1,48,49,50,-1,50,49,51,-1,50,51,52,-1,52,51,53,-1,52,53,54,-1,54,53,55,-1,54,55,56,-1,56,55,57,-1,56,57,58,-1,58,57,59,-1,58,59,60,-1,60,59,61,-1,60,61,62,-1,62,61,63,-1,62,63,64,-1,65,66,67,-1,64,63,68,-1,64,68,69,-1,69,68,70,-1,69,70,67,-1,67,70,71,-1,67,71,65,-1,72,66,73,-1,73,66,65,-1,74,75,76,-1,76,75,72,-1,76,72,73,-1,74,77,75,-1,75,77,78,-1,75,78,79,-1,80,79,81,-1,81,79,78,-1,81,82,80,-1,80,82,83,-1,80,83,84,-1,84,83,85,-1,84,85,86,-1,86,85,87,-1,86,87,88,-1,88,87,89,-1,88,89,90,-1,90,89,91,-1,90,91,92,-1,91,93,92,-1,92,93,94,-1,92,94,95,-1,95,94,96,-1,95,96,97,-1,97,96,98,-1,97,98,99,-1,99,98,100,-1,99,100,101,-1,100,102,101,-1,101,102,103,-1,101,103,104,-1,104,103,105,-1,104,105,106,-1,18,17,107,-1,107,17,108,-1,107,108,109,-1,109,108,110,-1,109,110,111,-1,111,110,112,-1,111,112,113,-1,113,112,106,-1,113,106,105,-1,58,60,80,-1,50,52,90,-1,90,52,88,-1,80,60,79,-1,60,62,79,-1,79,62,64,-1,79,64,75,-1,75,64,69,-1,75,69,72,-1,72,69,67,-1,72,67,66,-1,15,24,16,-1,16,24,27,-1,16,27,20,-1,20,27,30,-1,20,30,17,-1,17,30,32,-1,17,32,108,-1,108,32,34,-1,108,34,110,-1,110,34,36,-1,110,36,112,-1,112,36,38,-1,112,38,106,-1,106,38,40,-1,106,40,104,-1,104,40,42,-1,104,42,101,-1,97,48,95,-1,95,48,50,-1,95,50,92,-1,92,50,90,-1,52,54,88,-1,88,54,56,-1,88,56,86,-1,86,56,58,-1,86,58,84,-1,84,58,80,-1,101,42,99,-1,99,42,44,-1,99,44,97,-1,97,44,46,-1,97,46,48,-1,114,115,116,-1,116,115,117,-1,118,119,120,-1,120,119,114,-1,120,114,116,-1,121,119,122,-1,122,119,118,-1,123,124,125,-1,125,124,121,-1,125,121,122,-1,126,124,127,-1,127,124,123,-1,128,129,130,-1,130,129,126,-1,130,126,127,-1,131,129,132,-1,132,129,128,-1,133,134,135,-1,135,134,131,-1,135,131,132,-1,136,134,137,-1,137,134,133,-1,138,139,140,-1,140,139,136,-1,140,136,137,-1,141,139,142,-1,142,139,138,-1,117,115,143,-1,143,115,141,-1,143,141,142,-1,141,115,114,-1,114,119,141,-1,141,119,121,-1,141,121,139,-1,134,136,131,-1,131,136,139,-1,131,139,129,-1,129,139,121,-1,129,121,126,-1,126,121,124,-1,144,145,146,-1,146,145,147,-1,146,147,148,-1,148,147,149,-1,148,149,150,-1,150,149,151,-1,150,151,152,-1,152,151,153,-1,152,153,154,-1,154,153,155,-1,154,155,156,-1,155,157,156,-1,156,157,158,-1,156,158,159,-1,159,158,160,-1,159,160,161,-1,161,160,162,-1,161,162,163,-1,163,162,164,-1,163,164,165,-1,165,164,166,-1,165,166,167,-1,167,166,168,-1,167,168,169,-1,169,168,170,-1,169,170,171,-1,171,170,172,-1,171,172,173,-1,173,172,174,-1,173,174,175,-1,175,174,176,-1,175,176,177,-1,177,176,178,-1,177,178,144,-1,144,178,179,-1,144,179,145,-1,150,152,180,-1,180,152,181,-1,150,180,182,-1,150,182,148,-1,148,182,183,-1,148,183,146,-1,146,183,184,-1,146,184,144,-1,144,184,185,-1,144,185,177,-1,177,185,186,-1,177,186,175,-1,175,186,187,-1,175,187,173,-1,173,187,188,-1,173,188,171,-1,171,188,189,-1,171,189,169,-1,169,189,190,-1,169,190,167,-1,167,190,191,-1,167,191,165,-1,165,191,192,-1,165,192,163,-1,163,192,193,-1,163,193,161,-1,161,193,194,-1,161,194,159,-1,159,194,195,-1,159,195,156,-1,154,156,196,-1,196,156,195,-1,152,154,181,-1,181,154,196,-1,157,155,197,-1,197,155,198,-1,155,153,198,-1,198,153,199,-1,153,151,199,-1,199,151,200,-1,179,201,202,-1,179,202,145,-1,145,202,203,-1,145,203,147,-1,147,203,204,-1,147,204,149,-1,149,204,200,-1,149,200,151,-1,172,205,206,-1,172,206,174,-1,174,206,207,-1,174,207,176,-1,176,207,208,-1,176,208,178,-1,178,208,201,-1,178,201,179,-1,164,209,210,-1,164,210,166,-1,166,210,211,-1,166,211,168,-1,168,211,212,-1,168,212,170,-1,170,212,205,-1,170,205,172,-1,157,197,213,-1,157,213,158,-1,158,213,214,-1,158,214,160,-1,160,214,215,-1,160,215,162,-1,162,215,209,-1,162,209,164,-1,
        ]
    }
}
Shape{
    appearance Appearance {
        material  Material 	{
            diffuseColor 0.2235294117647059 0.2235294117647059 0.2235294117647059
            specularColor 0.11372549019607843 0.11372549019607843 0.11372549019607843
            ambientIntensity 0.2235
            transparency 0.0
            shininess 0.5
        }
    }
    geometry IndexedFaceSet {
        ccw TRUE
        solid FALSE
        coord DEF co Coordinate {
            point [
                -2.4744 2.6967 1.2355, -2.4763 2.6967 1.2372, -2.4362 2.6967 1.3441, -2.4641 2.6967 1.2284, -2.4062 2.6967 1.3445, -2.4053 2.6967 1.221, -2.4304 2.6967 1.3443, -2.4285 2.6967 1.2209, -2.4508 2.6967 1.2234, -2.4837 2.6967 1.2461, -2.4895 2.6967 1.2578, -2.4929 2.6967 1.2721, -2.4765 2.6967 1.3289, -2.4937 2.6967 1.2837, -2.4665 2.6967 1.3359, -2.453 2.6967 1.3414, -2.4915 2.6967 1.3038, -2.487 2.6967 1.3155, -2.4809 2.6967 1.3245
            ]
        }
        coordIndex [
            0,1,2,-1,0,2,3,-1,4,5,6,-1,6,5,7,-1,6,7,2,-1,2,7,8,-1,2,8,3,-1,1,9,2,-1,2,9,10,-1,2,10,11,-1,12,11,13,-1,12,14,11,-1,11,14,15,-1,11,15,2,-1,16,17,13,-1,13,17,18,-1,13,18,12,-1,
        ]
    }
}
Shape{
    appearance Appearance {
        material  Material 	{
            diffuseColor 1.0 1.0 1.0
            specularColor 0.5019607843137255 0.5019607843137255 0.5019607843137255
            ambientIntensity 1.0
            transparency 0.0
            shininess 0.5
        }
    }
    geometry IndexedFaceSet {
        ccw TRUE
        solid FALSE
        coord DEF co Coordinate {
            point [
                -2.569 2.697 1.2635, -2.5934 2.697 1.3299, -2.5859 2.697 1.3616, -2.5237 2.697 1.2019, -2.5466 2.697 1.2018, -2.5623 2.697 1.2455, -2.5948 2.697 1.3347, -2.5961 2.697 1.3411, -2.608 2.697 1.3615, -2.5966 2.697 1.3411, -2.5978 2.697 1.3343, -2.599 2.697 1.3299, -2.6227 2.697 1.2631, -2.6678 2.697 1.2009, -2.645 2.697 1.2011, -2.629 2.697 1.245, -2.608 2.6967 1.3615, -2.6674 2.6967 1.202, -2.6678 2.6967 1.2009, -2.5859 2.6967 1.3616, -2.5238 2.6967 1.202, -2.5237 2.6967 1.2019, -2.5682 2.6967 1.3161, -2.5466 2.6967 1.2018, -2.5623 2.6967 1.2455, -2.5467 2.6967 1.202, -2.629 2.6967 1.245, -2.5682 2.6967 1.2454, -2.6446 2.6967 1.202, -2.645 2.6967 1.2011, -2.569 2.6967 1.2635, -2.6227 2.6967 1.2631, -2.599 2.6967 1.3299, -2.5966 2.6967 1.3411, -2.5978 2.6967 1.3343, -2.5961 2.6967 1.3411, -2.5934 2.6967 1.3299, -2.5948 2.6967 1.3347
            ]
        }
        coordIndex [
            0,1,2,-1,3,4,5,-1,1,6,2,-1,2,6,7,-1,2,7,8,-1,8,7,9,-1,8,9,10,-1,10,11,8,-1,8,11,12,-1,8,12,13,-1,14,13,15,-1,15,13,12,-1,15,12,5,-1,5,12,0,-1,5,0,3,-1,3,0,2,-1,16,8,17,-1,17,8,13,-1,17,13,18,-1,2,8,19,-1,19,8,16,-1,20,21,3,-1,20,3,22,-1,22,3,2,-1,22,2,19,-1,4,3,23,-1,23,3,21,-1,24,5,25,-1,25,5,4,-1,25,4,23,-1,26,15,27,-1,27,15,5,-1,27,5,24,-1,15,26,14,-1,14,26,28,-1,14,28,29,-1,13,14,18,-1,18,14,29,-1,0,12,30,-1,30,12,31,-1,12,11,31,-1,31,11,32,-1,9,33,34,-1,9,34,10,-1,10,34,32,-1,10,32,11,-1,9,7,33,-1,33,7,35,-1,1,36,37,-1,1,37,6,-1,6,37,35,-1,6,35,7,-1,1,0,36,-1,36,0,30,-1,
        ]
    }
}
Shape{
    appearance Appearance {
        material  Material 	{
            diffuseColor 0.2235294117647059 0.2235294117647059 0.2235294117647059
            specularColor 0.11372549019607843 0.11372549019607843 0.11372549019607843
            ambientIntensity 0.2235
            transparency 0.0
            shininess 0.5
        }
    }
    geometry IndexedFaceSet {
        ccw TRUE
        solid FALSE
        coord DEF co Coordinate {
            point [
                -2.5966 2.6967 1.3411, -2.5961 2.6967 1.3411, -2.5978 2.6967 1.3343, -2.5948 2.6967 1.3347, -2.599 2.6967 1.3299, -2.5934 2.6967 1.3299, -2.6227 2.6967 1.2631, -2.569 2.6967 1.2635
            ]
        }
        coordIndex [
            0,1,2,-1,2,1,3,-1,2,3,4,-1,4,3,5,-1,4,5,6,-1,6,5,7,-1,
        ]
    }
}
Shape{
    appearance Appearance {
        material  Material 	{
            diffuseColor 1.0 1.0 1.0
            specularColor 0.5019607843137255 0.5019607843137255 0.5019607843137255
            ambientIntensity 1.0
            transparency 0.0
            shininess 0.5
        }
    }
    geometry IndexedFaceSet {
        ccw TRUE
        solid FALSE
        coord DEF co Coordinate {
            point [
                -2.1096 2.697 0.9691, -2.1095 2.697 0.9508, -2.1096 2.6967 0.9691, -2.1095 2.6967 0.9508, -2.0442 2.697 0.9696, -2.0442 2.6967 0.9696, -2.0445 2.697 1.0234, -2.0445 2.6967 1.0234, -2.1018 2.697 1.023, -2.1018 2.6967 1.023, -2.1019 2.697 1.0414, -2.1019 2.6967 1.0414, -2.0447 2.697 1.0418, -2.0447 2.6967 1.0418, -2.045 2.697 1.093, -2.045 2.6967 1.093, -2.1069 2.697 1.0926, -2.1069 2.6967 1.0926, -2.107 2.697 1.111, -2.107 2.6967 1.111, -2.0245 2.697 1.1116, -2.0245 2.6967 1.1116, -2.0234 2.697 0.9514, -2.0234 2.6967 0.9514, -2.2005 2.697 0.9502, -2.2206 2.697 0.95, -2.2007 2.697 0.9679, -2.2211 2.697 1.0236, -2.161 2.697 1.001, -2.1741 2.697 1.0042, -2.2009 2.697 1.0076, -2.2009 2.697 0.9966, -2.2001 2.697 0.9679, -2.1896 2.697 0.9709, -2.1957 2.697 0.9616, -2.1839 2.697 0.9671, -2.2008 2.697 0.9953, -2.1995 2.697 0.9863, -2.1965 2.697 0.9792, -2.1921 2.697 0.9733, -2.1937 2.697 1.0658, -2.1895 2.697 1.0486, -2.2018 2.697 1.063, -2.1931 2.697 1.0463, -2.1566 2.697 0.9988, -2.201 2.697 1.0229, -2.2004 2.697 1.0318, -2.2193 2.697 1.0404, -2.1984 2.697 1.0389, -2.2161 2.697 1.0491, -2.1961 2.697 1.0431, -2.2119 2.697 1.0553, -2.2082 2.697 1.0589, -2.1406 2.697 1.057, -2.1405 2.697 1.0375, -2.1448 2.697 1.0593, -2.1544 2.697 1.0461, -2.1597 2.697 1.065, -2.1669 2.697 1.0501, -2.1801 2.697 1.0673, -2.1781 2.697 1.051, -2.1849 2.697 1.0503, -2.1533 2.697 0.9711, -2.1386 2.697 0.9569, -2.155 2.697 0.9694, -2.1453 2.697 0.9522, -2.159 2.697 0.9667, -2.1529 2.697 0.9492, -2.1635 2.697 0.965, -2.1649 2.697 0.9477, -2.1703 2.697 0.9642, -2.1759 2.697 0.949, -2.1778 2.697 0.9649, -2.184 2.697 0.9519, -2.1892 2.697 0.9553, -2.1671 2.697 1.0184, -2.1506 2.697 1.0142, -2.1547 2.697 0.9973, -2.1425 2.697 1.0098, -2.1523 2.697 0.9943, -2.1366 2.697 1.0045, -2.1505 2.697 0.9906, -2.1324 2.697 0.998, -2.1495 2.697 0.986, -2.1299 2.697 0.9906, -2.1493 2.697 0.9828, -2.1289 2.697 0.9813, -2.1497 2.697 0.9782, -2.1299 2.697 0.9721, -2.151 2.697 0.9745, -2.1322 2.697 0.9653, -2.1364 2.697 0.9592, -2.1801 2.6967 1.0673, -2.1597 2.6967 1.065, -2.1448 2.6967 1.0593, -2.1406 2.6967 1.057, -2.1405 2.6967 1.0375, -2.1544 2.6967 1.0461, -2.1669 2.6967 1.0501, -2.1781 2.6967 1.051, -2.1849 2.6967 1.0503, -2.1895 2.6967 1.0486, -2.1931 2.6967 1.0463, -2.1961 2.6967 1.0431, -2.1984 2.6967 1.0389, -2.2004 2.6967 1.0318, -2.201 2.6967 1.0229, -2.1671 2.6967 1.0184, -2.1506 2.6967 1.0142, -2.1425 2.6967 1.0098, -2.1366 2.6967 1.0045, -2.1324 2.6967 0.998, -2.1299 2.6967 0.9906, -2.1289 2.6967 0.9813, -2.1299 2.6967 0.9721, -2.1322 2.6967 0.9653, -2.1364 2.6967 0.9592, -2.1386 2.6967 0.9569, -2.1453 2.6967 0.9522, -2.1529 2.6967 0.9492, -2.1649 2.6967 0.9477, -2.1759 2.6967 0.949, -2.184 2.6967 0.9519, -2.1892 2.6967 0.9553, -2.1957 2.6967 0.9616, -2.2001 2.6967 0.9679, -2.2007 2.6967 0.9679, -2.2005 2.6967 0.9502, -2.2206 2.6967 0.95, -2.2211 2.6967 1.0236, -2.2193 2.6967 1.0404, -2.2161 2.6967 1.0491, -2.2119 2.6967 1.0553, -2.2082 2.6967 1.0589, -2.2018 2.6967 1.063, -2.1937 2.6967 1.0658, -2.1547 2.6967 0.9973, -2.1566 2.6967 0.9988, -2.161 2.6967 1.001, -2.1741 2.6967 1.0042, -2.1493 2.6967 0.9828, -2.1495 2.6967 0.986, -2.1505 2.6967 0.9906, -2.1523 2.6967 0.9943, -2.155 2.6967 0.9694, -2.1533 2.6967 0.9711, -2.151 2.6967 0.9745, -2.1497 2.6967 0.9782, -2.1703 2.6967 0.9642, -2.1635 2.6967 0.965, -2.159 2.6967 0.9667, -2.1921 2.6967 0.9733, -2.1896 2.6967 0.9709, -2.1839 2.6967 0.9671, -2.1778 2.6967 0.9649, -2.2009 2.6967 0.9966, -2.2008 2.6967 0.9953, -2.1995 2.6967 0.9863, -2.1965 2.6967 0.9792, -2.2009 2.6967 1.0076
            ]
        }
        coordIndex [
            0,1,2,-1,2,1,3,-1,4,0,5,-1,5,0,2,-1,6,4,7,-1,7,4,5,-1,8,6,9,-1,9,6,7,-1,10,8,11,-1,11,8,9,-1,12,10,13,-1,13,10,11,-1,14,12,15,-1,15,12,13,-1,16,14,17,-1,17,14,15,-1,18,16,19,-1,19,16,17,-1,20,18,21,-1,21,18,19,-1,22,20,23,-1,23,20,21,-1,1,22,3,-1,3,22,23,-1,22,1,0,-1,0,4,22,-1,22,4,6,-1,22,6,20,-1,16,18,14,-1,14,18,20,-1,14,20,12,-1,12,20,6,-1,12,6,10,-1,10,6,8,-1,24,25,26,-1,26,25,27,-1,28,29,27,-1,27,29,30,-1,27,30,31,-1,32,33,34,-1,34,33,35,-1,31,36,27,-1,27,36,37,-1,27,37,26,-1,26,37,38,-1,26,38,32,-1,32,38,39,-1,32,39,33,-1,40,41,42,-1,42,41,43,-1,44,28,45,-1,45,28,27,-1,45,27,46,-1,46,27,47,-1,46,47,48,-1,48,47,49,-1,48,49,50,-1,50,49,51,-1,50,51,43,-1,43,51,52,-1,43,52,42,-1,53,54,55,-1,55,54,56,-1,55,56,57,-1,57,56,58,-1,57,58,59,-1,59,58,60,-1,59,60,40,-1,40,60,61,-1,40,61,41,-1,62,63,64,-1,64,63,65,-1,64,65,66,-1,66,65,67,-1,66,67,68,-1,68,67,69,-1,68,69,70,-1,70,69,71,-1,70,71,72,-1,72,71,73,-1,72,73,35,-1,35,73,74,-1,35,74,34,-1,45,75,44,-1,44,75,76,-1,44,76,77,-1,77,76,78,-1,77,78,79,-1,79,78,80,-1,79,80,81,-1,81,80,82,-1,81,82,83,-1,83,82,84,-1,83,84,85,-1,85,84,86,-1,85,86,87,-1,87,86,88,-1,87,88,89,-1,89,88,90,-1,89,90,62,-1,62,90,91,-1,62,91,63,-1,59,92,93,-1,59,93,57,-1,57,93,94,-1,57,94,55,-1,55,94,95,-1,55,95,53,-1,54,53,96,-1,96,53,95,-1,54,96,97,-1,54,97,56,-1,56,97,98,-1,56,98,58,-1,58,98,99,-1,58,99,60,-1,60,99,100,-1,60,100,61,-1,61,100,101,-1,61,101,41,-1,41,101,102,-1,41,102,43,-1,43,102,103,-1,43,103,50,-1,50,103,104,-1,50,104,48,-1,48,104,105,-1,48,105,46,-1,46,105,106,-1,46,106,45,-1,75,45,107,-1,107,45,106,-1,75,107,108,-1,75,108,76,-1,76,108,109,-1,76,109,78,-1,78,109,110,-1,78,110,80,-1,80,110,111,-1,80,111,82,-1,82,111,112,-1,82,112,84,-1,84,112,113,-1,84,113,86,-1,86,113,114,-1,86,114,88,-1,88,114,115,-1,88,115,90,-1,90,115,116,-1,90,116,91,-1,91,116,117,-1,91,117,63,-1,63,117,118,-1,63,118,65,-1,65,118,119,-1,65,119,67,-1,67,119,120,-1,67,120,69,-1,69,120,121,-1,69,121,71,-1,71,121,122,-1,71,122,73,-1,73,122,123,-1,73,123,74,-1,74,123,124,-1,74,124,34,-1,34,124,125,-1,34,125,32,-1,26,32,126,-1,126,32,125,-1,24,26,127,-1,127,26,126,-1,25,24,128,-1,128,24,127,-1,27,25,129,-1,129,25,128,-1,27,129,130,-1,27,130,47,-1,47,130,131,-1,47,131,49,-1,49,131,132,-1,49,132,51,-1,51,132,133,-1,51,133,52,-1,52,133,134,-1,52,134,42,-1,42,134,135,-1,42,135,40,-1,40,135,92,-1,40,92,59,-1,77,136,137,-1,77,137,44,-1,44,137,138,-1,44,138,28,-1,28,138,139,-1,28,139,29,-1,85,140,141,-1,85,141,83,-1,83,141,142,-1,83,142,81,-1,81,142,143,-1,81,143,79,-1,79,143,136,-1,79,136,77,-1,64,144,145,-1,64,145,62,-1,62,145,146,-1,62,146,89,-1,89,146,147,-1,89,147,87,-1,87,147,140,-1,87,140,85,-1,70,148,149,-1,70,149,68,-1,68,149,150,-1,68,150,66,-1,66,150,144,-1,66,144,64,-1,39,151,152,-1,39,152,33,-1,33,152,153,-1,33,153,35,-1,35,153,154,-1,35,154,72,-1,72,154,148,-1,72,148,70,-1,31,155,156,-1,31,156,36,-1,36,156,157,-1,36,157,37,-1,37,157,158,-1,37,158,38,-1,38,158,151,-1,38,151,39,-1,31,30,155,-1,155,30,159,-1,30,29,159,-1,159,29,139,-1,
        ]
    }
}
Shape{
    appearance Appearance {
        material  Material 	{
            diffuseColor 0.2235294117647059 0.2235294117647059 0.2235294117647059
            specularColor 0.11372549019607843 0.11372549019607843 0.11372549019607843
            ambientIntensity 0.2235
            transparency 0.0
            shininess 0.5
        }
    }
    geometry IndexedFaceSet {
        ccw TRUE
        solid FALSE
        coord DEF co Coordinate {
            point [
                -2.2008 2.6967 0.9953, -2.2009 2.6967 0.9966, -2.1547 2.6967 0.9973, -2.2009 2.6967 1.0076, -2.1741 2.6967 1.0042, -2.161 2.6967 1.001, -2.1566 2.6967 0.9988, -2.1995 2.6967 0.9863, -2.1523 2.6967 0.9943, -2.1965 2.6967 0.9792, -2.1533 2.6967 0.9711, -2.155 2.6967 0.9694, -2.1896 2.6967 0.9709, -2.151 2.6967 0.9745, -2.1839 2.6967 0.9671, -2.1778 2.6967 0.9649, -2.1703 2.6967 0.9642, -2.1505 2.6967 0.9906, -2.1495 2.6967 0.986, -2.1921 2.6967 0.9733, -2.1493 2.6967 0.9828, -2.1497 2.6967 0.9782, -2.159 2.6967 0.9667, -2.1635 2.6967 0.965
            ]
        }
        coordIndex [
            0,1,2,-1,1,3,4,-1,4,5,1,-1,1,5,6,-1,1,6,2,-1,0,2,7,-1,7,2,8,-1,7,8,9,-1,10,11,12,-1,10,12,13,-1,14,12,15,-1,15,12,16,-1,8,17,9,-1,9,17,18,-1,9,18,19,-1,19,18,20,-1,19,20,12,-1,12,20,21,-1,12,21,13,-1,11,22,12,-1,12,22,23,-1,12,23,16,-1,
        ]
    }
}
Shape{
    appearance Appearance {
        material  Material 	{
            diffuseColor 1.0 1.0 1.0
            specularColor 0.5019607843137255 0.5019607843137255 0.5019607843137255
            ambientIntensity 1.0
            transparency 0.0
            shininess 0.5
        }
    }
    geometry IndexedFaceSet {
        ccw TRUE
        solid FALSE
        coord DEF co Coordinate {
            point [
                -2.2479 2.6967 0.9746, -2.2479 2.697 0.9746, -2.2564 2.697 0.9693, -2.2809 2.697 0.9633, -2.2809 2.6967 0.9633, -2.269 2.6967 0.9647, -2.269 2.697 0.9647, -2.258 2.6967 0.9688, -2.2564 2.6967 0.9693, -2.2478 2.697 0.9539, -2.2478 2.6967 0.9539, -2.258 2.6967 0.9502, -2.2619 2.697 0.9488, -2.2619 2.6967 0.9488, -2.2788 2.697 0.9469, -2.2783 2.6967 0.947, -2.2788 2.6967 0.9469, -2.2792 2.6967 0.947, -2.2968 2.697 0.9489, -2.2968 2.6967 0.9489, -2.3074 2.6967 0.9529, -2.3074 2.697 0.9529, -2.3122 2.6967 0.9558, -2.3122 2.697 0.9558, -2.3179 2.6967 0.9608, -2.3179 2.697 0.9608, -2.3217 2.6967 0.966, -2.3217 2.697 0.966, -2.3242 2.6967 0.9724, -2.3242 2.697 0.9724, -2.3252 2.6967 0.9804, -2.3252 2.697 0.9804, -2.3245 2.6967 0.9879, -2.3245 2.697 0.9879, -2.3224 2.6967 0.9938, -2.3224 2.697 0.9938, -2.3187 2.6967 0.9994, -2.3187 2.697 0.9994, -2.3139 2.6967 1.0037, -2.3139 2.697 1.0037, -2.3006 2.6967 1.0112, -2.3006 2.697 1.0112, -2.2929 2.6967 1.0144, -2.2929 2.697 1.0144, -2.2805 2.6967 1.0199, -2.2805 2.697 1.0199, -2.2735 2.6967 1.0243, -2.2735 2.697 1.0243, -2.2715 2.6967 1.0265, -2.2715 2.697 1.0265, -2.2701 2.6967 1.0292, -2.2701 2.697 1.0292, -2.2693 2.6967 1.0323, -2.2693 2.697 1.0323, -2.2692 2.6967 1.035, -2.2692 2.697 1.035, -2.2696 2.6967 1.0382, -2.2696 2.697 1.0382, -2.2706 2.6967 1.0409, -2.2706 2.697 1.0409, -2.2723 2.6967 1.0434, -2.2723 2.697 1.0434, -2.2753 2.6967 1.0461, -2.2753 2.697 1.0461, -2.2799 2.6967 1.0485, -2.2799 2.697 1.0485, -2.2852 2.6967 1.0498, -2.2852 2.697 1.0498, -2.2912 2.6967 1.0502, -2.2912 2.697 1.0502, -2.3035 2.6967 1.0489, -2.3035 2.697 1.0489, -2.3149 2.6967 1.0448, -2.3149 2.697 1.0448, -2.3202 2.6967 1.0418, -2.3202 2.697 1.0418, -2.3203 2.697 1.0613, -2.3203 2.6967 1.0613, -2.3073 2.6967 1.0652, -2.3073 2.697 1.0652, -2.2933 2.6967 1.0665, -2.2933 2.697 1.0665, -2.2773 2.6967 1.0647, -2.2773 2.697 1.0647, -2.2665 2.6967 1.0607, -2.2665 2.697 1.0607, -2.2615 2.6967 1.0577, -2.2615 2.697 1.0577, -2.2555 2.697 1.0523, -2.258 2.6967 1.0545, -2.2555 2.6967 1.0523, -2.2518 2.6967 1.0469, -2.2518 2.697 1.0469, -2.2493 2.6967 1.0405, -2.2493 2.697 1.0405, -2.2485 2.6967 1.0334, -2.2485 2.697 1.0334, -2.2493 2.6967 1.0256, -2.2493 2.697 1.0256, -2.2515 2.6967 1.0194, -2.2515 2.697 1.0194, -2.254 2.6967 1.0152, -2.254 2.697 1.0152, -2.2786 2.6967 0.9999, -2.2786 2.697 0.9999, -2.2667 2.697 1.0055, -2.2573 2.6967 1.0118, -2.2573 2.697 1.0118, -2.258 2.6967 1.0113, -2.2667 2.6967 1.0055, -2.2918 2.6967 0.9943, -2.2918 2.697 0.9943, -2.2995 2.6967 0.9895, -2.2995 2.697 0.9895, -2.302 2.6967 0.9869, -2.302 2.697 0.9869, -2.3036 2.6967 0.9842, -2.3036 2.697 0.9842, -2.3044 2.6967 0.9811, -2.3044 2.697 0.9811, -2.3046 2.6967 0.9786, -2.3046 2.697 0.9786, -2.3042 2.6967 0.9748, -2.3042 2.697 0.9748, -2.3031 2.6967 0.9719, -2.3031 2.697 0.9719, -2.3014 2.6967 0.9693, -2.3014 2.697 0.9693, -2.2991 2.6967 0.9673, -2.2991 2.697 0.9673, -2.2972 2.6967 0.9662, -2.2972 2.697 0.9662, -2.292 2.6967 0.9644, -2.292 2.697 0.9644, -2.2817 2.6967 0.9633, -2.2817 2.697 0.9633, -2.4253 2.697 1.063, -2.446 2.697 1.0628, -2.4253 2.6967 1.063, -2.446 2.6967 1.0628, -2.3934 2.697 0.9771, -2.3934 2.6967 0.9771, -2.3918 2.6967 0.9717, -2.3918 2.697 0.9717, -2.3909 2.6967 0.9678, -2.3909 2.697 0.9678, -2.3904 2.697 0.9678, -2.3904 2.6967 0.9678, -2.388 2.697 0.9773, -2.388 2.6967 0.9773, -2.3587 2.6967 1.0634, -2.3587 2.697 1.0634, -2.3694 2.6967 1.0318, -2.3363 2.697 1.0636, -2.3363 2.6967 1.0636, -2.3803 2.6967 0.9492, -2.3803 2.697 0.9492, -2.3694 2.6967 0.9774, -2.3714 2.6967 0.9284, -2.3714 2.697 0.9284, -2.3794 2.6967 0.947, -2.3694 2.6967 0.9249, -2.3673 2.697 0.9211, -2.3673 2.6967 0.9211, -2.3666 2.6967 0.9203, -2.3635 2.697 0.917, -2.3635 2.6967 0.917, -2.3603 2.6967 0.9147, -2.3603 2.697 0.9147, -2.3559 2.6967 0.913, -2.3559 2.697 0.913, -2.3507 2.6967 0.9124, -2.3507 2.697 0.9124, -2.3434 2.6967 0.9134, -2.3434 2.697 0.9134, -2.3393 2.6967 0.9148, -2.3393 2.697 0.9148, -2.3392 2.697 0.897, -2.3392 2.6967 0.897, -2.3477 2.6967 0.8954, -2.3477 2.697 0.8954, -2.3521 2.6967 0.8952, -2.3521 2.697 0.8952, -2.3602 2.6967 0.8961, -2.3602 2.697 0.8961, -2.3682 2.6967 0.8991, -2.3682 2.697 0.8991, -2.3694 2.6967 0.8999, -2.3752 2.697 0.9039, -2.3932 2.6967 0.9315, -2.3932 2.697 0.9315, -2.3874 2.6967 0.9203, -2.384 2.697 0.9139, -2.384 2.6967 0.9139, -2.3766 2.697 0.9052, -2.3766 2.6967 0.9052, -2.3752 2.6967 0.9039, -2.3994 2.6967 0.947, -2.5531 2.697 0.9659, -2.553 2.697 0.9477, -2.5531 2.6967 0.9659, -2.553 2.6967 0.9477, -2.4876 2.6967 0.9664, -2.4876 2.697 0.9664, -2.5196 2.6967 0.9662, -2.488 2.697 1.0203, -2.488 2.6967 1.0203, -2.5453 2.6967 1.0199, -2.5453 2.697 1.0199, -2.5196 2.6967 1.0201, -2.5454 2.697 1.0382, -2.5454 2.6967 1.0382, -2.4882 2.6967 1.0386, -2.4882 2.697 1.0386, -2.5196 2.6967 1.0384, -2.4885 2.697 1.0899, -2.4885 2.6967 1.0899, -2.5503 2.6967 1.0894, -2.5503 2.697 1.0894, -2.5196 2.6967 1.0896, -2.5505 2.697 1.1078, -2.5505 2.6967 1.1078, -2.468 2.6967 1.1084, -2.468 2.697 1.1084, -2.5196 2.6967 1.1081, -2.4668 2.697 0.9483, -2.4668 2.6967 0.9483, -2.5196 2.6967 0.9479, -2.6896 2.697 0.9691, -2.6732 2.697 0.9801, -2.6728 2.697 0.9573, -2.6628 2.697 0.973, -2.6545 2.697 0.9503, -2.6495 2.697 0.9679, -2.6273 2.697 0.9472, -2.6273 2.697 0.9654, -2.5832 2.697 0.9475, -2.604 2.697 0.9656, -2.5844 2.697 1.1076, -2.6049 2.697 1.089, -2.63 2.697 1.1073, -2.6291 2.697 1.0889, -2.635 2.697 1.0887, -2.6545 2.697 1.1044, -2.6518 2.697 1.0859, -2.6738 2.697 1.0972, -2.6652 2.697 1.0804, -2.6904 2.697 1.0856, -2.6752 2.697 1.0735, -2.696 2.697 1.0801, -2.6796 2.697 1.0691, -2.7058 2.697 1.0661, -2.6858 2.697 1.0601, -2.7117 2.697 1.0508, -2.6902 2.697 1.0484, -2.7142 2.697 1.0287, -2.6924 2.697 1.0282, -2.7136 2.697 1.0185, -2.6917 2.697 1.0166, -2.7096 2.697 0.9997, -2.6882 2.697 1.0023, -2.7016 2.697 0.9832, -2.6824 2.697 0.9906, -2.675 2.697 0.9818, -2.6273 2.6967 0.9472, -2.5832 2.6967 0.9475, -2.6545 2.6967 0.9503, -2.6728 2.6967 0.9573, -2.6896 2.6967 0.9691, -2.7016 2.6967 0.9832, -2.7096 2.6967 0.9997, -2.7136 2.6967 1.0185, -2.7142 2.6967 1.0287, -2.7117 2.6967 1.0508, -2.7058 2.6967 1.0661, -2.696 2.6967 1.0801, -2.6904 2.6967 1.0856, -2.6738 2.6967 1.0972, -2.6545 2.6967 1.1044, -2.63 2.6967 1.1073, -2.5844 2.6967 1.1076, -2.6291 2.6967 1.0889, -2.6049 2.6967 1.089, -2.604 2.6967 0.9656, -2.6273 2.6967 0.9654, -2.675 2.6967 0.9818, -2.6732 2.6967 0.9801, -2.6628 2.6967 0.973, -2.6495 2.6967 0.9679, -2.6924 2.6967 1.0282, -2.6917 2.6967 1.0166, -2.6882 2.6967 1.0023, -2.6824 2.6967 0.9906, -2.6752 2.6967 1.0735, -2.6796 2.6967 1.0691, -2.6858 2.6967 1.0601, -2.6902 2.6967 1.0484, -2.635 2.6967 1.0887, -2.6518 2.6967 1.0859, -2.6652 2.6967 1.0804
            ]
        }
        coordIndex [
            0,1,2,-1,3,4,5,-1,3,5,6,-1,6,5,7,-1,6,7,2,-1,2,7,8,-1,2,8,0,-1,9,1,10,-1,10,1,0,-1,9,10,11,-1,9,11,12,-1,12,11,13,-1,12,13,14,-1,14,13,15,-1,14,15,16,-1,14,16,17,-1,14,17,18,-1,17,19,18,-1,18,19,20,-1,18,20,21,-1,21,20,22,-1,21,22,23,-1,23,22,24,-1,23,24,25,-1,25,24,26,-1,25,26,27,-1,27,26,28,-1,27,28,29,-1,29,28,30,-1,29,30,31,-1,31,30,32,-1,31,32,33,-1,33,32,34,-1,33,34,35,-1,35,34,36,-1,35,36,37,-1,37,36,38,-1,37,38,39,-1,39,38,40,-1,39,40,41,-1,41,40,42,-1,41,42,43,-1,43,42,44,-1,43,44,45,-1,45,44,46,-1,45,46,47,-1,47,46,48,-1,47,48,49,-1,49,48,50,-1,49,50,51,-1,51,50,52,-1,51,52,53,-1,53,52,54,-1,53,54,55,-1,55,54,56,-1,55,56,57,-1,57,56,58,-1,57,58,59,-1,59,58,60,-1,59,60,61,-1,61,60,62,-1,61,62,63,-1,63,62,64,-1,63,64,65,-1,65,64,66,-1,65,66,67,-1,67,66,68,-1,67,68,69,-1,69,68,70,-1,69,70,71,-1,71,70,72,-1,71,72,73,-1,73,72,74,-1,73,74,75,-1,76,75,77,-1,77,75,74,-1,76,77,78,-1,76,78,79,-1,79,78,80,-1,79,80,81,-1,81,80,82,-1,81,82,83,-1,83,82,84,-1,83,84,85,-1,85,84,86,-1,85,86,87,-1,88,87,89,-1,89,87,86,-1,89,90,88,-1,88,90,91,-1,88,91,92,-1,92,91,93,-1,92,93,94,-1,94,93,95,-1,94,95,96,-1,96,95,97,-1,96,97,98,-1,98,97,99,-1,98,99,100,-1,100,99,101,-1,100,101,102,-1,103,104,105,-1,102,101,106,-1,102,106,107,-1,107,106,108,-1,107,108,105,-1,105,108,109,-1,105,109,103,-1,104,103,110,-1,104,110,111,-1,111,110,112,-1,111,112,113,-1,113,112,114,-1,113,114,115,-1,115,114,116,-1,115,116,117,-1,117,116,118,-1,117,118,119,-1,119,118,120,-1,119,120,121,-1,121,120,122,-1,121,122,123,-1,123,122,124,-1,123,124,125,-1,125,124,126,-1,125,126,127,-1,127,126,128,-1,127,128,129,-1,129,128,130,-1,129,130,131,-1,131,130,132,-1,131,132,133,-1,133,132,134,-1,133,134,135,-1,135,134,4,-1,135,4,3,-1,61,63,85,-1,85,63,83,-1,111,43,104,-1,104,43,45,-1,21,23,127,-1,127,23,25,-1,127,25,125,-1,125,25,27,-1,125,27,123,-1,123,27,29,-1,123,29,121,-1,121,29,31,-1,121,31,119,-1,119,31,33,-1,119,33,117,-1,117,33,35,-1,117,35,115,-1,115,35,37,-1,115,37,113,-1,113,37,39,-1,113,39,111,-1,111,39,41,-1,111,41,43,-1,14,3,12,-1,12,3,6,-1,12,6,9,-1,9,6,2,-1,9,2,1,-1,63,65,83,-1,83,65,67,-1,83,67,81,-1,81,67,69,-1,81,69,79,-1,79,69,71,-1,79,71,76,-1,76,71,73,-1,76,73,75,-1,127,129,21,-1,21,129,131,-1,21,131,18,-1,18,131,133,-1,18,133,14,-1,14,133,135,-1,14,135,3,-1,85,87,61,-1,61,87,88,-1,61,88,59,-1,59,88,92,-1,59,92,57,-1,57,92,94,-1,57,94,55,-1,55,94,96,-1,55,96,53,-1,53,96,98,-1,53,98,51,-1,51,98,100,-1,51,100,49,-1,49,100,102,-1,49,102,47,-1,47,102,107,-1,47,107,45,-1,45,107,105,-1,45,105,104,-1,136,137,138,-1,138,137,139,-1,140,136,141,-1,141,136,138,-1,140,141,142,-1,140,142,143,-1,143,142,144,-1,143,144,145,-1,146,145,147,-1,147,145,144,-1,148,146,149,-1,149,146,147,-1,150,151,152,-1,152,151,148,-1,152,148,149,-1,153,151,154,-1,154,151,150,-1,155,156,157,-1,157,156,153,-1,157,153,154,-1,158,159,160,-1,160,159,156,-1,160,156,155,-1,159,158,161,-1,159,161,162,-1,161,163,162,-1,162,163,164,-1,162,164,165,-1,164,166,165,-1,165,166,167,-1,165,167,168,-1,168,167,169,-1,168,169,170,-1,170,169,171,-1,170,171,172,-1,172,171,173,-1,172,173,174,-1,174,173,175,-1,174,175,176,-1,177,176,178,-1,178,176,175,-1,177,178,179,-1,177,179,180,-1,180,179,181,-1,180,181,182,-1,182,181,183,-1,182,183,184,-1,184,183,185,-1,184,185,186,-1,186,185,187,-1,186,187,188,-1,189,190,191,-1,191,190,192,-1,191,192,193,-1,193,192,194,-1,193,194,195,-1,195,194,188,-1,195,188,196,-1,196,188,187,-1,139,137,197,-1,197,137,190,-1,197,190,189,-1,143,145,190,-1,137,136,190,-1,190,136,140,-1,190,140,143,-1,151,153,148,-1,148,153,156,-1,148,156,146,-1,176,177,174,-1,174,177,180,-1,174,180,172,-1,172,180,182,-1,172,182,170,-1,170,182,184,-1,170,184,168,-1,168,184,186,-1,168,186,165,-1,145,146,190,-1,190,146,156,-1,190,156,192,-1,156,159,192,-1,192,159,162,-1,192,162,194,-1,194,162,165,-1,194,165,188,-1,188,165,186,-1,198,199,200,-1,200,199,201,-1,202,203,204,-1,204,203,198,-1,204,198,200,-1,205,203,206,-1,206,203,202,-1,207,208,209,-1,209,208,205,-1,209,205,206,-1,210,208,211,-1,211,208,207,-1,212,213,214,-1,214,213,210,-1,214,210,211,-1,215,213,216,-1,216,213,212,-1,217,218,219,-1,219,218,215,-1,219,215,216,-1,220,218,221,-1,221,218,217,-1,222,223,224,-1,224,223,220,-1,224,220,221,-1,225,223,226,-1,226,223,222,-1,201,199,227,-1,227,199,225,-1,227,225,226,-1,225,199,198,-1,198,203,225,-1,225,203,205,-1,225,205,223,-1,218,220,215,-1,215,220,223,-1,215,223,213,-1,213,223,205,-1,213,205,210,-1,210,205,208,-1,228,229,230,-1,230,229,231,-1,230,231,232,-1,232,231,233,-1,232,233,234,-1,234,233,235,-1,234,235,236,-1,236,235,237,-1,236,237,238,-1,238,237,239,-1,238,239,240,-1,239,241,240,-1,240,241,242,-1,240,242,243,-1,243,242,244,-1,243,244,245,-1,245,244,246,-1,245,246,247,-1,247,246,248,-1,247,248,249,-1,249,248,250,-1,249,250,251,-1,251,250,252,-1,251,252,253,-1,253,252,254,-1,253,254,255,-1,255,254,256,-1,255,256,257,-1,257,256,258,-1,257,258,259,-1,259,258,260,-1,259,260,261,-1,261,260,262,-1,261,262,228,-1,228,262,263,-1,228,263,229,-1,234,236,264,-1,264,236,265,-1,234,264,266,-1,234,266,232,-1,232,266,267,-1,232,267,230,-1,230,267,268,-1,230,268,228,-1,228,268,269,-1,228,269,261,-1,261,269,270,-1,261,270,259,-1,259,270,271,-1,259,271,257,-1,257,271,272,-1,257,272,255,-1,255,272,273,-1,255,273,253,-1,253,273,274,-1,253,274,251,-1,251,274,275,-1,251,275,249,-1,249,275,276,-1,249,276,247,-1,247,276,277,-1,247,277,245,-1,245,277,278,-1,245,278,243,-1,243,278,279,-1,243,279,240,-1,238,240,280,-1,280,240,279,-1,236,238,265,-1,265,238,280,-1,241,239,281,-1,281,239,282,-1,239,237,282,-1,282,237,283,-1,237,235,283,-1,283,235,284,-1,263,285,286,-1,263,286,229,-1,229,286,287,-1,229,287,231,-1,231,287,288,-1,231,288,233,-1,233,288,284,-1,233,284,235,-1,256,289,290,-1,256,290,258,-1,258,290,291,-1,258,291,260,-1,260,291,292,-1,260,292,262,-1,262,292,285,-1,262,285,263,-1,248,293,294,-1,248,294,250,-1,250,294,295,-1,250,295,252,-1,252,295,296,-1,252,296,254,-1,254,296,289,-1,254,289,256,-1,241,281,297,-1,241,297,242,-1,242,297,298,-1,242,298,244,-1,244,298,299,-1,244,299,246,-1,246,299,293,-1,246,293,248,-1,
        ]
    }
}
Shape{
    appearance Appearance {
        material  Material 	{
            diffuseColor 0.2235294117647059 0.2235294117647059 0.2235294117647059
            specularColor 0.11372549019607843 0.11372549019607843 0.11372549019607843
            ambientIntensity 0.2235
            transparency 0.0
            shininess 0.5
        }
    }
    geometry IndexedFaceSet {
        ccw TRUE
        solid FALSE
        coord DEF co Coordinate {
            point [
                -2.6732 2.6967 0.9801, -2.675 2.6967 0.9818, -2.635 2.6967 1.0887, -2.6628 2.6967 0.973, -2.6049 2.6967 1.089, -2.604 2.6967 0.9656, -2.6291 2.6967 1.0889, -2.6273 2.6967 0.9654, -2.6495 2.6967 0.9679, -2.6824 2.6967 0.9906, -2.6882 2.6967 1.0023, -2.6917 2.6967 1.0166, -2.6752 2.6967 1.0735, -2.6924 2.6967 1.0282, -2.6652 2.6967 1.0804, -2.6518 2.6967 1.0859, -2.6902 2.6967 1.0484, -2.6858 2.6967 1.0601, -2.6796 2.6967 1.0691
            ]
        }
        coordIndex [
            0,1,2,-1,0,2,3,-1,4,5,6,-1,6,5,7,-1,6,7,2,-1,2,7,8,-1,2,8,3,-1,1,9,2,-1,2,9,10,-1,2,10,11,-1,12,11,13,-1,12,14,11,-1,11,14,15,-1,11,15,2,-1,16,17,13,-1,13,17,18,-1,13,18,12,-1,
        ]
    }
}
Shape{
    appearance Appearance {
        material  Material 	{
            diffuseColor 1.0 1.0 1.0
            specularColor 0.5019607843137255 0.5019607843137255 0.5019607843137255
            ambientIntensity 1.0
            transparency 0.0
            shininess 0.5
        }
    }
    geometry IndexedFaceSet {
        ccw TRUE
        solid FALSE
        coord DEF co Coordinate {
            point [
                -2.7677 2.697 1.0081, -2.7921 2.697 1.0744, -2.7846 2.697 1.1062, -2.7225 2.697 0.9465, -2.7453 2.697 0.9463, -2.761 2.697 0.99, -2.7935 2.697 1.0792, -2.7948 2.697 1.0856, -2.8067 2.697 1.106, -2.7953 2.697 1.0856, -2.7966 2.697 1.0789, -2.7977 2.697 1.0744, -2.8215 2.697 1.0077, -2.8666 2.697 0.9455, -2.8437 2.697 0.9456, -2.8277 2.697 0.9895, -2.8067 2.6967 1.106, -2.866 2.6967 0.947, -2.8666 2.6967 0.9455, -2.7846 2.6967 1.1062, -2.7227 2.6967 0.947, -2.7225 2.6967 0.9465, -2.7453 2.6967 0.9463, -2.761 2.6967 0.99, -2.7456 2.6967 0.947, -2.8277 2.6967 0.9895, -2.8437 2.6967 0.9456, -2.8432 2.6967 0.947, -2.7677 2.6967 1.0081, -2.8215 2.6967 1.0077, -2.7977 2.6967 1.0744, -2.7953 2.6967 1.0856, -2.7966 2.6967 1.0789, -2.7948 2.6967 1.0856, -2.7921 2.6967 1.0744, -2.7935 2.6967 1.0792
            ]
        }
        coordIndex [
            0,1,2,-1,3,4,5,-1,1,6,2,-1,2,6,7,-1,2,7,8,-1,8,7,9,-1,8,9,10,-1,10,11,8,-1,8,11,12,-1,8,12,13,-1,14,13,15,-1,15,13,12,-1,15,12,5,-1,5,12,0,-1,5,0,3,-1,3,0,2,-1,16,8,17,-1,17,8,13,-1,17,13,18,-1,2,8,19,-1,19,8,16,-1,2,19,3,-1,3,19,20,-1,3,20,21,-1,4,3,22,-1,22,3,21,-1,23,5,24,-1,24,5,4,-1,24,4,22,-1,15,5,25,-1,25,5,23,-1,26,14,27,-1,27,14,15,-1,27,15,25,-1,13,14,18,-1,18,14,26,-1,0,12,28,-1,28,12,29,-1,12,11,29,-1,29,11,30,-1,9,31,32,-1,9,32,10,-1,10,32,30,-1,10,30,11,-1,9,7,31,-1,31,7,33,-1,1,34,35,-1,1,35,6,-1,6,35,33,-1,6,33,7,-1,1,0,34,-1,34,0,28,-1,
        ]
    }
}
Shape{
    appearance Appearance {
        material  Material 	{
            diffuseColor 0.2235294117647059 0.2235294117647059 0.2235294117647059
            specularColor 0.11372549019607843 0.11372549019607843 0.11372549019607843
            ambientIntensity 0.2235
            transparency 0.0
            shininess 0.5
        }
    }
    geometry IndexedFaceSet {
        ccw TRUE
        solid FALSE
        coord DEF co Coordinate {
            point [
                -2.7953 2.6967 1.0856, -2.7948 2.6967 1.0856, -2.7966 2.6967 1.0789, -2.7935 2.6967 1.0792, -2.7977 2.6967 1.0744, -2.7921 2.6967 1.0744, -2.8215 2.6967 1.0077, -2.7677 2.6967 1.0081
            ]
        }
        coordIndex [
            0,1,2,-1,2,1,3,-1,2,3,4,-1,4,3,5,-1,4,5,6,-1,6,5,7,-1,
        ]
    }
}
Shape{
    appearance Appearance {
        material  Material 	{
            diffuseColor 1.0 1.0 1.0
            specularColor 0.5019607843137255 0.5019607843137255 0.5019607843137255
            ambientIntensity 1.0
            transparency 0.0
            shininess 0.5
        }
    }
    geometry IndexedFaceSet {
        ccw TRUE
        solid FALSE
        coord DEF co Coordinate {
            point [
                -1.316 2.697 0.9338, -1.3328 2.697 0.9127, -1.3064 2.697 1.0345, -1.6871 2.697 1.0876, -1.6522 2.697 1.1482, -1.4991 2.697 1.0696, -1.4205 2.697 1.0364, -1.4311 2.697 1.0329, -1.2881 2.697 1.2326, -1.3136 2.697 1.2458, -1.309 2.697 1.3162, -1.379 2.697 1.3187, -1.4137 2.697 1.2353, -1.4314 2.697 1.2712, -1.2817 2.697 1.05, -1.2888 2.697 0.9632, -1.3047 2.697 0.9583, -1.3529 2.697 1.3211, -1.4404 2.697 1.0269, -1.448 2.697 1.0189, -1.5271 2.697 1.0045, -1.4531 2.697 1.0096, -1.456 2.697 0.9992, -1.527 2.697 0.9931, -1.4562 2.697 0.9881, -1.3825 2.697 0.9597, -1.3916 2.697 0.9534, -1.3549 2.697 0.8958, -1.4021 2.697 0.9495, -1.4019 2.697 1.036, -1.3868 2.697 1.1058, -1.3919 2.697 1.0324, -1.3616 2.697 1.0963, -1.3829 2.697 1.0263, -1.3382 2.697 1.0803, -1.3762 2.697 1.0191, -1.3192 2.697 1.0589, -1.3708 2.697 1.0093, -1.368 2.697 0.9984, -1.4553 2.697 1.101, -1.4278 2.697 1.108, -1.414 2.697 1.1089, -1.7255 2.697 1.2001, -1.7346 2.697 1.2, -1.7817 2.697 1.2612, -1.7562 2.697 1.1972, -1.7873 2.697 1.2592, -1.776 2.697 1.1894, -1.8211 2.697 1.2422, -1.8518 2.697 1.2158, -1.4026 2.697 1.3457, -1.4571 2.697 1.3015, -1.4295 2.697 1.3684, -1.4878 2.697 1.3236, -1.464 2.697 1.3888, -1.3417 2.697 1.2523, -1.3535 2.697 1.2528, -1.3659 2.697 1.3203, -1.3801 2.697 1.2493, -1.4056 2.697 1.2398, -1.8505 2.697 1.0033, -1.7977 2.697 1.0489, -1.8193 2.697 0.9773, -1.7807 2.697 1.0353, -1.7844 2.697 0.9606, -1.7606 2.697 1.0261, -1.7465 2.697 0.9529, -1.7401 2.697 1.0223, -1.6793 2.697 0.9533, -1.6889 2.697 1.0227, -1.6729 2.697 0.9544, -1.4123 2.697 1.0372, -1.4793 2.697 1.0879, -1.7936 2.697 1.1769, -1.8067 2.697 1.1621, -1.8748 2.697 1.1832, -1.8171 2.697 1.1424, -1.8884 2.697 1.1484, -1.8223 2.697 1.1205, -1.8933 2.697 1.1112, -1.8227 2.697 1.1106, -1.8878 2.697 1.0706, -1.8199 2.697 1.0884, -1.8733 2.697 1.0346, -1.8119 2.697 1.0682, -1.7992 2.697 1.0505, -1.7208 2.697 1.3515, -1.676 2.697 1.2995, -1.761 2.697 1.3033, -1.7015 2.697 1.2686, -1.7187 2.697 1.2318, -1.2424 2.697 1.1673, -1.1676 2.697 1.1497, -1.2389 2.697 1.1398, -1.1671 2.697 1.138, -1.2401 2.697 1.1223, -1.1721 2.697 1.0943, -1.248 2.697 1.0944, -1.1878 2.697 1.0518, -1.2615 2.697 1.0711, -1.214 2.697 1.0136, -1.248 2.697 0.9839, -1.3752 2.697 0.9679, -1.3704 2.697 0.9773, -1.3679 2.697 0.9878, -1.5171 2.697 1.4069, -1.5251 2.697 1.3384, -1.5664 2.697 1.4118, -1.5671 2.697 1.3435, -1.6226 2.697 1.4044, -1.6056 2.697 1.3385, -1.6787 2.697 1.3815, -1.6412 2.697 1.3246, -1.6731 2.697 1.3022, -1.2666 2.697 1.3003, -1.2301 2.697 1.2753, -1.2683 2.697 1.2152, -1.2215 2.697 1.2674, -1.2524 2.697 1.1926, -1.1943 2.697 1.2332, -1.1757 2.697 1.1924, -1.6832 2.697 1.0238, -1.6554 2.697 0.9654, -1.658 2.697 0.9627, -1.3811 2.697 0.8846, -1.4079 2.697 0.8802, -1.4117 2.697 0.9484, -1.4124 2.697 0.8801, -1.4222 2.697 0.9496, -1.4399 2.697 0.8833, -1.4322 2.697 0.9532, -1.4654 2.697 0.8928, -1.441 2.697 0.9591, -1.4882 2.697 0.9085, -1.4484 2.697 0.9673, -1.5058 2.697 0.928, -1.4536 2.697 0.9772, -1.5195 2.697 0.9533, -1.5263 2.697 0.9813, -1.6866 2.697 1.023, -1.6654 2.697 0.9574, -1.6465 2.697 0.9889, -1.6476 2.697 0.9804, -1.6505 2.697 0.9726, -1.6733 2.697 1.0228, -1.6654 2.697 1.0198, -1.6469 2.697 0.9933, -1.6584 2.697 1.0149, -1.6536 2.697 1.0097, -1.6492 2.697 1.002, -1.6821 2.697 1.0239, -1.8933 2.6967 1.1112, -1.8884 2.6967 1.1484, -1.8615 2.6967 1.202, -1.8853 2.6967 1.1562, -1.8748 2.6967 1.1832, -1.8518 2.6967 1.2158, -1.8211 2.6967 1.2422, -1.7873 2.6967 1.2592, -1.7817 2.6967 1.2612, -1.761 2.6967 1.3033, -1.7208 2.6967 1.3515, -1.7023 2.6967 1.3648, -1.6787 2.6967 1.3815, -1.6226 2.6967 1.4044, -1.5664 2.6967 1.4118, -1.5171 2.6967 1.4069, -1.464 2.6967 1.3888, -1.4295 2.6967 1.3684, -1.379 2.6967 1.3187, -1.4251 2.6967 1.3648, -1.4026 2.6967 1.3457, -1.3659 2.6967 1.3203, -1.3529 2.6967 1.3211, -1.309 2.6967 1.3162, -1.2666 2.6967 1.3003, -1.2301 2.6967 1.2753, -1.2215 2.6967 1.2674, -1.1671 2.6967 1.138, -1.1943 2.6967 1.2332, -1.1801 2.6967 1.202, -1.1757 2.6967 1.1924, -1.1688 2.6967 1.1562, -1.1676 2.6967 1.1497, -1.1721 2.6967 1.0943, -1.1878 2.6967 1.0518, -1.214 2.6967 1.0136, -1.248 2.6967 0.9839, -1.2888 2.6967 0.9632, -1.3047 2.6967 0.9583, -1.3099 2.6967 0.947, -1.3267 2.6967 0.9203, -1.316 2.6967 0.9338, -1.3328 2.6967 0.9127, -1.3549 2.6967 0.8958, -1.3811 2.6967 0.8846, -1.4079 2.6967 0.8802, -1.4124 2.6967 0.8801, -1.4399 2.6967 0.8833, -1.5161 2.6967 0.947, -1.4654 2.6967 0.8928, -1.4882 2.6967 0.9085, -1.4989 2.6967 0.9203, -1.5058 2.6967 0.928, -1.5195 2.6967 0.9533, -1.5263 2.6967 0.9813, -1.527 2.6967 0.9931, -1.5271 2.6967 1.0045, -1.6871 2.6967 1.0876, -1.6522 2.6967 1.1482, -1.4991 2.6967 1.0696, -1.4793 2.6967 1.0879, -1.4553 2.6967 1.101, -1.4278 2.6967 1.108, -1.414 2.6967 1.1089, -1.3868 2.6967 1.1058, -1.3616 2.6967 1.0963, -1.3382 2.6967 1.0803, -1.3192 2.6967 1.0589, -1.3064 2.6967 1.0345, -1.2817 2.6967 1.05, -1.2615 2.6967 1.0711, -1.248 2.6967 1.0944, -1.2401 2.6967 1.1223, -1.2389 2.6967 1.1398, -1.241 2.6967 1.1562, -1.2424 2.6967 1.1673, -1.2524 2.6967 1.1926, -1.259 2.6967 1.202, -1.2683 2.6967 1.2152, -1.2881 2.6967 1.2326, -1.3136 2.6967 1.2458, -1.3417 2.6967 1.2523, -1.3535 2.6967 1.2528, -1.3801 2.6967 1.2493, -1.4056 2.6967 1.2398, -1.4137 2.6967 1.2353, -1.4314 2.6967 1.2712, -1.4571 2.6967 1.3015, -1.4878 2.6967 1.3236, -1.5251 2.6967 1.3384, -1.5671 2.6967 1.3435, -1.7255 2.6967 1.2001, -1.725 2.6967 1.202, -1.7187 2.6967 1.2318, -1.7015 2.6967 1.2686, -1.676 2.6967 1.2995, -1.6731 2.6967 1.3022, -1.6412 2.6967 1.3246, -1.6056 2.6967 1.3385, -1.7346 2.6967 1.2, -1.7562 2.6967 1.1972, -1.776 2.6967 1.1894, -1.7936 2.6967 1.1769, -1.8067 2.6967 1.1621, -1.8098 2.6967 1.1562, -1.8171 2.6967 1.1424, -1.8223 2.6967 1.1205, -1.8227 2.6967 1.1106, -1.8199 2.6967 1.0884, -1.8119 2.6967 1.0682, -1.7992 2.6967 1.0505, -1.7977 2.6967 1.0489, -1.7807 2.6967 1.0353, -1.7606 2.6967 1.0261, -1.7401 2.6967 1.0223, -1.6889 2.6967 1.0227, -1.6866 2.6967 1.023, -1.6832 2.6967 1.0238, -1.6821 2.6967 1.0239, -1.6733 2.6967 1.0228, -1.6654 2.6967 1.0198, -1.6584 2.6967 1.0149, -1.6536 2.6967 1.0097, -1.6492 2.6967 1.002, -1.6469 2.6967 0.9933, -1.6465 2.6967 0.9889, -1.6476 2.6967 0.9804, -1.6505 2.6967 0.9726, -1.6554 2.6967 0.9654, -1.658 2.6967 0.9627, -1.6654 2.6967 0.9574, -1.6729 2.6967 0.9544, -1.6793 2.6967 0.9533, -1.7465 2.6967 0.9529, -1.7844 2.6967 0.9606, -1.8193 2.6967 0.9773, -1.8505 2.6967 1.0033, -1.8733 2.6967 1.0346, -1.8878 2.6967 1.0706, -1.4123 2.6967 1.0372, -1.4205 2.6967 1.0364, -1.4311 2.6967 1.0329, -1.4404 2.6967 1.0269, -1.448 2.6967 1.0189, -1.4531 2.6967 1.0096, -1.456 2.6967 0.9992, -1.4562 2.6967 0.9881, -1.4536 2.6967 0.9772, -1.4484 2.6967 0.9673, -1.441 2.6967 0.9591, -1.4322 2.6967 0.9532, -1.4222 2.6967 0.9496, -1.4117 2.6967 0.9484, -1.4021 2.6967 0.9495, -1.3916 2.6967 0.9534, -1.3825 2.6967 0.9597, -1.3752 2.6967 0.9679, -1.3704 2.6967 0.9773, -1.3679 2.6967 0.9878, -1.368 2.6967 0.9984, -1.3708 2.6967 1.0093, -1.3762 2.6967 1.0191, -1.3829 2.6967 1.0263, -1.3919 2.6967 1.0324, -1.4019 2.6967 1.036
            ]
        }
        coordIndex [
            0,1,2,-1,3,4,5,-1,6,7,3,-1,8,9,10,-1,11,12,13,-1,14,15,2,-1,2,15,16,-1,2,16,0,-1,10,9,17,-1,7,18,3,-1,3,18,19,-1,3,19,20,-1,19,21,20,-1,20,21,22,-1,20,22,23,-1,23,22,24,-1,25,1,26,-1,26,1,27,-1,26,27,28,-1,29,30,31,-1,31,30,32,-1,31,32,33,-1,33,32,34,-1,33,34,35,-1,35,34,36,-1,35,36,37,-1,37,36,2,-1,37,2,38,-1,39,40,29,-1,29,40,41,-1,29,41,30,-1,42,43,44,-1,44,43,45,-1,44,45,46,-1,46,45,47,-1,46,47,48,-1,48,47,49,-1,11,13,50,-1,50,13,51,-1,50,51,52,-1,52,51,53,-1,52,53,54,-1,9,55,17,-1,17,55,56,-1,17,56,57,-1,57,56,58,-1,57,58,11,-1,11,58,59,-1,11,59,12,-1,60,61,62,-1,62,61,63,-1,62,63,64,-1,64,63,65,-1,64,65,66,-1,66,65,67,-1,66,67,68,-1,68,67,69,-1,68,69,70,-1,6,3,71,-1,71,3,5,-1,71,5,29,-1,29,5,72,-1,29,72,39,-1,47,73,49,-1,49,73,74,-1,49,74,75,-1,75,74,76,-1,75,76,77,-1,77,76,78,-1,77,78,79,-1,79,78,80,-1,79,80,81,-1,81,80,82,-1,81,82,83,-1,83,82,84,-1,83,84,60,-1,60,84,85,-1,60,85,61,-1,86,87,88,-1,88,87,89,-1,88,89,44,-1,44,89,90,-1,44,90,42,-1,91,92,93,-1,93,92,94,-1,93,94,95,-1,95,94,96,-1,95,96,97,-1,97,96,98,-1,97,98,99,-1,99,98,100,-1,99,100,14,-1,14,100,101,-1,14,101,15,-1,25,102,1,-1,1,102,103,-1,1,103,2,-1,2,103,104,-1,2,104,38,-1,54,53,105,-1,105,53,106,-1,105,106,107,-1,107,106,108,-1,107,108,109,-1,109,108,110,-1,109,110,111,-1,111,110,112,-1,111,112,86,-1,86,112,113,-1,86,113,87,-1,10,114,8,-1,8,114,115,-1,8,115,116,-1,116,115,117,-1,116,117,118,-1,118,117,119,-1,118,119,91,-1,91,119,120,-1,91,120,92,-1,121,122,123,-1,27,124,28,-1,28,124,125,-1,28,125,126,-1,126,125,127,-1,126,127,128,-1,128,127,129,-1,128,129,130,-1,130,129,131,-1,130,131,132,-1,132,131,133,-1,132,133,134,-1,134,133,135,-1,134,135,136,-1,136,135,137,-1,136,137,24,-1,24,137,138,-1,24,138,23,-1,69,139,70,-1,70,139,121,-1,70,121,140,-1,140,121,123,-1,141,142,121,-1,121,142,143,-1,121,143,122,-1,144,145,146,-1,145,147,146,-1,146,147,148,-1,146,148,149,-1,141,121,146,-1,146,121,150,-1,146,150,144,-1,79,151,152,-1,153,49,75,-1,79,152,77,-1,77,152,154,-1,77,154,75,-1,75,154,155,-1,75,155,153,-1,153,156,49,-1,49,156,157,-1,49,157,48,-1,48,157,158,-1,48,158,46,-1,46,158,159,-1,46,159,44,-1,44,159,160,-1,44,160,88,-1,88,160,161,-1,88,161,86,-1,86,161,162,-1,86,162,111,-1,162,163,111,-1,111,163,164,-1,111,164,109,-1,109,164,165,-1,109,165,107,-1,107,165,166,-1,107,166,105,-1,105,166,167,-1,105,167,54,-1,54,167,168,-1,54,168,52,-1,169,11,50,-1,52,168,170,-1,52,170,50,-1,50,170,171,-1,50,171,169,-1,11,169,172,-1,11,172,57,-1,57,172,173,-1,57,173,17,-1,17,173,174,-1,17,174,10,-1,10,174,175,-1,10,175,114,-1,114,175,176,-1,114,176,115,-1,115,176,177,-1,115,177,117,-1,178,94,92,-1,117,177,179,-1,117,179,119,-1,119,179,180,-1,119,180,120,-1,180,181,120,-1,120,181,182,-1,120,182,92,-1,92,182,183,-1,92,183,178,-1,94,178,184,-1,94,184,96,-1,96,184,185,-1,96,185,98,-1,98,185,186,-1,98,186,100,-1,100,186,187,-1,100,187,101,-1,101,187,188,-1,101,188,15,-1,15,188,189,-1,15,189,16,-1,16,189,190,-1,191,1,0,-1,16,190,0,-1,0,190,192,-1,0,192,191,-1,191,193,1,-1,1,193,194,-1,1,194,27,-1,27,194,195,-1,27,195,124,-1,124,195,196,-1,124,196,125,-1,125,196,197,-1,125,197,127,-1,127,197,198,-1,199,137,135,-1,127,198,129,-1,129,198,200,-1,129,200,131,-1,131,200,201,-1,131,201,133,-1,133,201,202,-1,133,202,135,-1,135,202,203,-1,135,203,199,-1,199,204,137,-1,137,204,205,-1,137,205,138,-1,138,205,206,-1,138,206,23,-1,20,23,207,-1,207,23,206,-1,3,20,208,-1,208,20,207,-1,4,3,209,-1,209,3,208,-1,5,4,210,-1,210,4,209,-1,5,210,211,-1,5,211,72,-1,72,211,212,-1,72,212,39,-1,39,212,213,-1,39,213,40,-1,40,213,214,-1,40,214,41,-1,41,214,215,-1,41,215,30,-1,30,215,216,-1,30,216,32,-1,32,216,217,-1,32,217,34,-1,34,217,218,-1,34,218,36,-1,36,218,219,-1,36,219,2,-1,2,219,220,-1,2,220,14,-1,14,220,221,-1,14,221,99,-1,99,221,222,-1,99,222,97,-1,97,222,223,-1,97,223,95,-1,95,223,224,-1,95,224,93,-1,91,93,225,-1,225,93,224,-1,225,226,91,-1,91,226,227,-1,91,227,118,-1,118,227,228,-1,118,228,116,-1,228,229,116,-1,116,229,230,-1,116,230,8,-1,8,230,231,-1,8,231,9,-1,9,231,232,-1,9,232,55,-1,55,232,233,-1,55,233,56,-1,56,233,234,-1,56,234,58,-1,58,234,235,-1,58,235,59,-1,59,235,236,-1,59,236,12,-1,12,236,237,-1,12,237,13,-1,13,237,238,-1,13,238,51,-1,51,238,239,-1,51,239,53,-1,53,239,240,-1,53,240,106,-1,106,240,241,-1,106,241,108,-1,242,42,243,-1,243,42,90,-1,243,90,244,-1,244,90,89,-1,244,89,245,-1,245,89,87,-1,245,87,246,-1,246,87,113,-1,246,113,247,-1,247,113,112,-1,247,112,248,-1,248,112,110,-1,248,110,249,-1,249,110,108,-1,249,108,241,-1,43,42,250,-1,250,42,242,-1,43,250,251,-1,43,251,45,-1,45,251,252,-1,45,252,47,-1,47,252,253,-1,47,253,73,-1,73,253,254,-1,73,254,74,-1,74,254,255,-1,74,255,76,-1,255,256,76,-1,76,256,257,-1,76,257,78,-1,78,257,258,-1,78,258,80,-1,80,258,259,-1,80,259,82,-1,82,259,260,-1,82,260,84,-1,84,260,261,-1,84,261,85,-1,85,261,262,-1,85,262,61,-1,61,262,263,-1,61,263,63,-1,63,263,264,-1,63,264,65,-1,65,264,265,-1,65,265,67,-1,69,67,266,-1,266,67,265,-1,69,266,267,-1,69,267,139,-1,139,267,268,-1,139,268,121,-1,121,268,269,-1,121,269,150,-1,150,269,270,-1,150,270,144,-1,144,270,271,-1,144,271,145,-1,145,271,272,-1,145,272,147,-1,147,272,273,-1,147,273,148,-1,148,273,274,-1,148,274,149,-1,149,274,275,-1,149,275,146,-1,146,275,276,-1,146,276,141,-1,141,276,277,-1,141,277,142,-1,142,277,278,-1,142,278,143,-1,143,278,279,-1,143,279,122,-1,122,279,280,-1,122,280,123,-1,123,280,281,-1,123,281,140,-1,140,281,282,-1,140,282,70,-1,70,282,283,-1,70,283,68,-1,66,68,284,-1,284,68,283,-1,66,284,285,-1,66,285,64,-1,64,285,286,-1,64,286,62,-1,62,286,287,-1,62,287,60,-1,60,287,288,-1,60,288,83,-1,83,288,289,-1,83,289,81,-1,81,289,151,-1,81,151,79,-1,71,290,291,-1,71,291,6,-1,6,291,292,-1,6,292,7,-1,7,292,293,-1,7,293,18,-1,18,293,294,-1,18,294,19,-1,19,294,295,-1,19,295,21,-1,21,295,296,-1,21,296,22,-1,22,296,297,-1,22,297,24,-1,24,297,298,-1,24,298,136,-1,136,298,299,-1,136,299,134,-1,134,299,300,-1,134,300,132,-1,132,300,301,-1,132,301,130,-1,130,301,302,-1,130,302,128,-1,128,302,303,-1,128,303,126,-1,126,303,304,-1,126,304,28,-1,28,304,305,-1,28,305,26,-1,26,305,306,-1,26,306,25,-1,25,306,307,-1,25,307,102,-1,102,307,308,-1,102,308,103,-1,103,308,309,-1,103,309,104,-1,104,309,310,-1,104,310,38,-1,38,310,311,-1,38,311,37,-1,37,311,312,-1,37,312,35,-1,35,312,313,-1,35,313,33,-1,33,313,314,-1,33,314,31,-1,31,314,315,-1,31,315,29,-1,29,315,290,-1,29,290,71,-1,
        ]
    }
}
Shape{
    appearance Appearance {
        material  Material 	{
            diffuseColor 0.2235294117647059 0.2235294117647059 0.2235294117647059
            specularColor 0.11372549019607843 0.11372549019607843 0.11372549019607843
            ambientIntensity 0.2235
            transparency 0.0
            shininess 0.5
        }
    }
    geometry IndexedFaceSet {
        ccw TRUE
        solid FALSE
        coord DEF co Coordinate {
            point [
                -1.4222 2.6967 0.9496, -1.4205 2.6967 1.0364, -1.4117 2.6967 0.9484, -1.4123 2.6967 1.0372, -1.4019 2.6967 1.036, -1.441 2.6967 0.9591, -1.448 2.6967 1.0189, -1.4404 2.6967 1.0269, -1.3919 2.6967 1.0324, -1.3829 2.6967 1.0263, -1.4021 2.6967 0.9495, -1.3762 2.6967 1.0191, -1.3708 2.6967 1.0093, -1.368 2.6967 0.9984, -1.3679 2.6967 0.9878, -1.3704 2.6967 0.9773, -1.3752 2.6967 0.9679, -1.3825 2.6967 0.9597, -1.3916 2.6967 0.9534, -1.4322 2.6967 0.9532, -1.4311 2.6967 1.0329, -1.4536 2.6967 0.9772, -1.4562 2.6967 0.9881, -1.4484 2.6967 0.9673, -1.456 2.6967 0.9992, -1.4531 2.6967 1.0096
            ]
        }
        coordIndex [
            0,1,2,-1,2,1,3,-1,2,3,4,-1,5,6,7,-1,4,8,2,-1,2,8,9,-1,2,9,10,-1,10,9,11,-1,10,11,12,-1,12,13,10,-1,10,13,14,-1,10,14,15,-1,15,16,10,-1,10,16,17,-1,10,17,18,-1,0,19,1,-1,1,19,5,-1,1,5,20,-1,20,5,7,-1,21,22,23,-1,23,22,24,-1,23,24,5,-1,5,24,25,-1,5,25,6,-1,
        ]
    }
}
Shape{
    appearance Appearance {
        material  Material 	{
            diffuseColor 0.8509803921568627 0.8509803921568627 0.8509803921568627
            specularColor 0.4235294117647059 0.4235294117647059 0.4235294117647059
            ambientIntensity 0.851
            transparency 0.0
            shininess 0.5
        }
    }
    geometry IndexedFaceSet {
        ccw TRUE
        solid FALSE
        coord DEF co Coordinate {
            point [
                -0.2067 -0.8663 0.6175, -0.2067 -0.8663 -1.2205, -0.2067 -0.9844 0.6175, -0.2067 -0.9844 -1.2205, -0.4035 -0.8663 0.8143, -0.4035 -0.8663 1.5748, 0.5807 -0.8663 1.5748, 0.0886 -0.8663 -1.05, 0.0478 -0.8663 -1.0813, 0.0165 -0.8663 -1.122, 0.3575 -0.8663 -1.3189, 0.4948 -0.8663 -1.4659, 0.3262 -0.8663 -1.3597, 0.4325 -0.8663 -1.5283, 0.2854 -0.8663 -1.3909, 0.3578 -0.8663 -1.5752, 0.238 -0.8663 -1.4106, 0.2746 -0.8663 -1.6043, 0.187 -0.8663 -1.4173, 0.187 -0.8663 -1.6142, 0.1361 -0.8663 -1.4106, 0.0994 -0.8663 -1.6043, 0.0886 -0.8663 -1.3909, 0.3839 -0.8663 -1.2205, 0.5807 -0.8663 -1.2205, 0.3772 -0.8663 -1.2714, 0.5708 -0.8663 -1.3081, 0.5417 -0.8663 -1.3913, 0.2854 -0.8663 -1.05, 0.238 -0.8663 -1.0303, 0.187 -0.8663 -1.0236, 0.1361 -0.8663 -1.0303, -0.0031 -0.8663 -1.1695, -0.0098 -0.8663 -1.2205, -0.1968 -0.8663 -1.3081, -0.0031 -0.8663 -1.2714, -0.1677 -0.8663 -1.3913, 0.0165 -0.8663 -1.3189, -0.1208 -0.8663 -1.4659, 0.0478 -0.8663 -1.3597, -0.0585 -0.8663 -1.5283, 0.0162 -0.8663 -1.5752, 0.3772 -0.8663 -1.1695, 0.3575 -0.8663 -1.122, 0.3262 -0.8663 -1.0813, -0.4035 -0.9844 1.5748, -0.4035 -0.9844 0.8143, 0.5807 -0.9844 1.5748, 0.0165 -0.9844 -1.122, 0.0478 -0.9844 -1.0813, 0.0886 -0.9844 -1.05, 0.1361 -0.9844 -1.0303, 0.187 -0.9844 -1.0236, 0.238 -0.9844 -1.0303, 0.3262 -0.9844 -1.3597, 0.4948 -0.9844 -1.4659, 0.3575 -0.9844 -1.3189, 0.5417 -0.9844 -1.3913, 0.3772 -0.9844 -1.2714, 0.5708 -0.9844 -1.3081, 0.3839 -0.9844 -1.2205, 0.5807 -0.9844 -1.2205, 0.3772 -0.9844 -1.1695, -0.0031 -0.9844 -1.1695, -0.0098 -0.9844 -1.2205, 0.2854 -0.9844 -1.05, 0.3262 -0.9844 -1.0813, 0.3575 -0.9844 -1.122, -0.0031 -0.9844 -1.2714, -0.1968 -0.9844 -1.3081, 0.0165 -0.9844 -1.3189, -0.1677 -0.9844 -1.3913, 0.0478 -0.9844 -1.3597, -0.1208 -0.9844 -1.4659, -0.0585 -0.9844 -1.5283, 0.0886 -0.9844 -1.3909, 0.0162 -0.9844 -1.5752, 0.1361 -0.9844 -1.4106, 0.0994 -0.9844 -1.6043, 0.187 -0.9844 -1.4173, 0.187 -0.9844 -1.6142, 0.238 -0.9844 -1.4106, 0.2746 -0.9844 -1.6043, 0.2854 -0.9844 -1.3909, 0.3578 -0.9844 -1.5752, 0.4325 -0.9844 -1.5283, 0.5807 -0.9791 1.6156, -0.4035 -0.9791 1.6156, 0.5807 -0.9633 1.6535, -0.4035 -0.9633 1.6535, 0.5807 -0.9383 1.6862, -0.4035 -0.9383 1.6862, 0.5807 -0.9057 1.7112, -0.4035 -0.9057 1.7112, 0.5807 -0.8677 1.7269, -0.4035 -0.8677 1.7269, 0.5807 -0.827 1.7323, -0.4035 -0.827 1.7323, -0.4035 2.3817 1.7323, 0.5807 2.3817 1.7323, -0.4035 2.3817 1.6142, 0.5807 2.3817 1.6142, -0.4035 -0.827 1.6142, 0.5807 -0.827 1.6142, -0.4035 -0.8372 1.6128, 0.5807 -0.8372 1.6128, -0.4035 -0.8467 1.6089, 0.5807 -0.8467 1.6089, -0.4035 -0.8548 1.6026, 0.5807 -0.8548 1.6026, -0.4035 -0.8611 1.5945, 0.5807 -0.8611 1.5945, -0.4035 -0.865 1.585, 0.5807 -0.865 1.585
            ]
        }
        coordIndex [
            0,1,2,-1,2,1,3,-1,4,5,0,-1,0,5,6,-1,7,8,0,-1,0,8,9,-1,0,9,1,-1,10,11,12,-1,12,11,13,-1,12,13,14,-1,14,13,15,-1,14,15,16,-1,16,15,17,-1,16,17,18,-1,18,17,19,-1,18,19,20,-1,20,19,21,-1,20,21,22,-1,23,24,25,-1,25,24,26,-1,25,26,10,-1,10,26,27,-1,10,27,11,-1,28,29,6,-1,6,29,30,-1,6,30,0,-1,0,30,31,-1,0,31,7,-1,9,32,1,-1,1,32,33,-1,1,33,34,-1,34,33,35,-1,34,35,36,-1,36,35,37,-1,36,37,38,-1,38,37,39,-1,38,39,40,-1,40,39,22,-1,40,22,41,-1,41,22,21,-1,23,42,24,-1,24,42,43,-1,24,43,6,-1,6,43,44,-1,6,44,28,-1,45,46,47,-1,47,46,2,-1,2,48,49,-1,49,50,2,-1,2,50,51,-1,2,51,47,-1,47,51,52,-1,47,52,53,-1,54,55,56,-1,56,55,57,-1,56,57,58,-1,58,57,59,-1,58,59,60,-1,60,59,61,-1,60,61,62,-1,48,2,63,-1,63,2,3,-1,63,3,64,-1,53,65,47,-1,47,65,66,-1,47,66,61,-1,61,66,67,-1,61,67,62,-1,64,3,68,-1,68,3,69,-1,68,69,70,-1,70,69,71,-1,70,71,72,-1,71,73,72,-1,72,73,74,-1,72,74,75,-1,75,74,76,-1,75,76,77,-1,77,76,78,-1,77,78,79,-1,79,78,80,-1,79,80,81,-1,81,80,82,-1,81,82,83,-1,83,82,84,-1,83,84,54,-1,54,84,85,-1,54,85,55,-1,45,47,86,-1,45,86,87,-1,87,86,88,-1,87,88,89,-1,89,88,90,-1,89,90,91,-1,91,90,92,-1,91,92,93,-1,93,92,94,-1,93,94,95,-1,95,94,96,-1,95,96,97,-1,98,97,99,-1,99,97,96,-1,100,98,101,-1,101,98,99,-1,102,100,103,-1,103,100,101,-1,102,103,104,-1,104,103,105,-1,104,105,106,-1,106,105,107,-1,106,107,108,-1,108,107,109,-1,108,109,110,-1,110,109,111,-1,110,111,112,-1,112,111,113,-1,112,113,5,-1,5,113,6,-1,101,99,103,-1,103,99,96,-1,103,96,105,-1,105,96,94,-1,105,94,107,-1,107,94,92,-1,107,92,109,-1,109,92,90,-1,109,90,111,-1,111,90,88,-1,111,88,113,-1,113,88,86,-1,113,86,6,-1,6,86,47,-1,6,47,24,-1,24,47,61,-1,18,79,16,-1,16,79,81,-1,16,81,14,-1,14,81,83,-1,14,83,12,-1,12,83,54,-1,12,54,10,-1,10,54,56,-1,10,56,25,-1,25,56,58,-1,25,58,23,-1,23,58,60,-1,23,60,42,-1,42,60,62,-1,42,62,43,-1,43,62,67,-1,43,67,44,-1,44,67,66,-1,44,66,28,-1,28,66,65,-1,28,65,29,-1,29,65,53,-1,29,53,30,-1,30,53,52,-1,30,52,31,-1,31,52,51,-1,31,51,7,-1,7,51,50,-1,7,50,8,-1,8,50,49,-1,8,49,9,-1,9,49,48,-1,9,48,32,-1,32,48,63,-1,32,63,33,-1,33,63,64,-1,33,64,35,-1,35,64,68,-1,35,68,37,-1,37,68,70,-1,37,70,39,-1,39,70,72,-1,39,72,22,-1,22,72,75,-1,22,75,20,-1,20,75,77,-1,20,77,18,-1,18,77,79,-1,3,1,34,-1,3,34,69,-1,69,34,36,-1,69,36,71,-1,71,36,38,-1,71,38,73,-1,73,38,40,-1,73,40,74,-1,74,40,41,-1,74,41,76,-1,76,41,21,-1,76,21,78,-1,78,21,19,-1,78,19,80,-1,24,61,59,-1,24,59,26,-1,26,59,57,-1,26,57,27,-1,27,57,55,-1,27,55,11,-1,11,55,85,-1,11,85,13,-1,13,85,84,-1,13,84,15,-1,15,84,82,-1,15,82,17,-1,17,82,80,-1,17,80,19,-1,4,46,5,-1,5,46,45,-1,5,45,112,-1,112,45,87,-1,112,87,110,-1,110,87,89,-1,110,89,108,-1,108,89,91,-1,108,91,106,-1,106,91,93,-1,106,93,104,-1,104,93,95,-1,104,95,102,-1,102,95,97,-1,102,97,100,-1,100,97,98,-1,
        ]
    }
}
Shape{
    appearance Appearance {
        material  Material 	{
            diffuseColor 1.0 1.0 1.0
            specularColor 0.8784313725490196 0.8784313725490196 0.8784313725490196
            ambientIntensity 1.0
            transparency 0.0
            shininess 0.5
        }
    }
    geometry IndexedFaceSet {
        ccw TRUE
        solid FALSE
        coord DEF co Coordinate {
            point [
                -0.2067 -0.9844 0.6175, -0.4035 -0.9844 0.8143, -0.2067 -0.8663 0.6175, -0.4035 -0.8663 0.8143
            ]
        }
        coordIndex [
            0,1,2,-1,2,1,3,-1,
        ]
    }
}