ISO-10303-21;
HEADER;
FILE_DESCRIPTION (( 'STEP AP214' ),
    '1' );
FILE_NAME ('994DE1D1-534B-4FDC-97BF-0766D7FD559F.STEP',
    '2026-01-30T07:31:33',
    ( '' ),
    ( '' ),
    'SwSTEP 2.0',
    'SolidWorks 2022',
    '' );
FILE_SCHEMA (( 'AUTOMOTIVE_DESIGN' ));
ENDSEC;

DATA;
#1 = DIRECTION ( 'NONE',  ( -1.807003620809174632E-16, 1.000000000000000000, 0.0000000000000000000 ) ) ;
#2 = FACE_OUTER_BOUND ( 'NONE', #1282, .T. ) ;
#3 = PLANE ( 'NONE',  #1460 ) ;
#4 = SURFACE_SIDE_STYLE ('',( #9 ) ) ;
#5 = FILL_AREA_STYLE_COLOUR ( '', #1888 ) ;
#6 = ORIENTED_EDGE ( 'NONE', *, *, #1522, .F. ) ;
#7 = SPHERICAL_SURFACE ( 'NONE', #1822, 0.02999999999999999889 ) ;
#8 = MECHANICAL_DESIGN_GEOMETRIC_PRESENTATION_REPRESENTATION (  '', ( #58 ), #511 ) ;
#9 = SURFACE_STYLE_FILL_AREA ( #587 ) ;
#10 = AXIS2_PLACEMENT_3D ( 'NONE', #1206, #175, #330 ) ;
#11 =( GEOMETRIC_REPRESENTATION_CONTEXT ( 3 ) GLOBAL_UNCERTAINTY_ASSIGNED_CONTEXT ( ( #1560 ) ) GLOBAL_UNIT_ASSIGNED_CONTEXT ( ( #163, #594, #171 ) ) REPRESENTATION_CONTEXT ( 'NONE', 'WORKASPACE' ) );
#12 = CIRCLE ( 'NONE', #1366, 0.02999999999999997113 ) ;
#13 = COLOUR_RGB ( '',0.7529411764705882248, 0.7529411764705882248, 0.7529411764705882248 ) ;
#14 = CARTESIAN_POINT ( 'NONE',  ( 1.000000000000000000, 0.5999999999999999778, 0.02999999999999997113 ) ) ;
#15 = DIRECTION ( 'NONE',  ( 0.0000000000000000000, 0.0000000000000000000, -1.000000000000000000 ) ) ;
#16 = ORIENTED_EDGE ( 'NONE', *, *, #73, .F. ) ;
#17 = AXIS2_PLACEMENT_3D ( 'NONE', #322, #1365, #26 ) ;
#18 = DIRECTION ( 'NONE',  ( 1.000000000000000000, 0.0000000000000000000, 0.0000000000000000000 ) ) ;
#19 = EDGE_CURVE ( 'NONE', #821, #1186, #984, .T. ) ;
#20 = DIRECTION ( 'NONE',  ( -1.000000000000000000, 0.0000000000000000000, -0.0000000000000000000 ) ) ;
#21 = DIRECTION ( 'NONE',  ( 1.000000000000000000, -0.0000000000000000000, 0.0000000000000000000 ) ) ;
#22 = ORIENTED_EDGE ( 'NONE', *, *, #674, .F. ) ;
#23 = CARTESIAN_POINT ( 'NONE',  ( 1.000000000000000222, -0.5999999999999998668, 0.9200000000000000400 ) ) ;
#24 = VERTEX_POINT ( 'NONE', #579 ) ;
#25 = CARTESIAN_POINT ( 'NONE',  ( 0.5000000000000000000, 0.5299999999999999156, 0.8800000000000000044 ) ) ;
#26 = DIRECTION ( 'NONE',  ( 1.000000000000000000, 0.0000000000000000000, 0.0000000000000000000 ) ) ;
#27 = DIRECTION ( 'NONE',  ( -1.000000000000000000, 0.0000000000000000000, -0.0000000000000000000 ) ) ;
#28 = DIRECTION ( 'NONE',  ( 0.0000000000000000000, -1.000000000000000000, 0.0000000000000000000 ) ) ;
#29 = ORIENTED_EDGE ( 'NONE', *, *, #1681, .F. ) ;
#30 = DIRECTION ( 'NONE',  ( -1.000000000000000000, -2.168404344971008621E-16, -0.0000000000000000000 ) ) ;
#31 =( NAMED_UNIT ( * ) SI_UNIT ( $, .STERADIAN. ) SOLID_ANGLE_UNIT ( ) );
#32 = AXIS2_PLACEMENT_3D ( 'NONE', #181, #1367, #617 ) ;
#33 = ORIENTED_EDGE ( 'NONE', *, *, #1448, .T. ) ;
#34 = DIRECTION ( 'NONE',  ( -0.0000000000000000000, 0.0000000000000000000, 1.000000000000000000 ) ) ;
#35 = PRESENTATION_LAYER_ASSIGNMENT (  '', '', ( #58 ) ) ;
#36 = AXIS2_PLACEMENT_3D ( 'NONE', #1620, #1445, #1591 ) ;
#37 = SURFACE_SIDE_STYLE ('',( #759 ) ) ;
#38 = MECHANICAL_DESIGN_GEOMETRIC_PRESENTATION_REPRESENTATION (  '', ( #1695 ), #1604 ) ;
#39 = SURFACE_STYLE_FILL_AREA ( #1355 ) ;
#40 = PRESENTATION_LAYER_ASSIGNMENT (  '', '', ( #936 ) ) ;
#41 = LINE ( 'NONE', #582, #1464 ) ;
#42 = MECHANICAL_DESIGN_GEOMETRIC_PRESENTATION_REPRESENTATION (  '', ( #342 ), #1547 ) ;
#43 = EDGE_LOOP ( 'NONE', ( #33, #865, #1508, #1889, #22, #679, #1578, #515 ) ) ;
#44 = FILL_AREA_STYLE_COLOUR ( '', #1420 ) ;
#45 = SURFACE_STYLE_FILL_AREA ( #1792 ) ;
#46 = CYLINDRICAL_SURFACE ( 'NONE', #741, 0.02999999999999997113 ) ;
#47 = FILL_AREA_STYLE_COLOUR ( '', #1669 ) ;
#48 = VERTEX_POINT ( 'NONE', #1621 ) ;
#49 = ORIENTED_EDGE ( 'NONE', *, *, #985, .F. ) ;
#50 = SURFACE_STYLE_USAGE ( .BOTH. , #1652 ) ;
#51 = DIRECTION ( 'NONE',  ( 1.000000000000000000, 0.0000000000000000000, 0.0000000000000000000 ) ) ;
#52 = DIRECTION ( 'NONE',  ( 0.0000000000000000000, 0.0000000000000000000, -1.000000000000000000 ) ) ;
#53 = ORIENTED_EDGE ( 'NONE', *, *, #1095, .T. ) ;
#54 = PRESENTATION_STYLE_ASSIGNMENT (( #50 ) ) ;
#55 = UNCERTAINTY_MEASURE_WITH_UNIT (LENGTH_MEASURE( 1.000000000000000082E-05 ), #1668, 'distance_accuracy_value', 'NONE');
#56 = FILL_AREA_STYLE_COLOUR ( '', #895 ) ;
#57 =( NAMED_UNIT ( * ) SI_UNIT ( $, .STERADIAN. ) SOLID_ANGLE_UNIT ( ) );
#58 = STYLED_ITEM ( 'NONE', ( #543 ), #561 ) ;
#59 =( NAMED_UNIT ( * ) SI_UNIT ( $, .STERADIAN. ) SOLID_ANGLE_UNIT ( ) );
#60 =( NAMED_UNIT ( * ) PLANE_ANGLE_UNIT ( ) SI_UNIT ( $, .RADIAN. ) );
#61 =( GEOMETRIC_REPRESENTATION_CONTEXT ( 3 ) GLOBAL_UNCERTAINTY_ASSIGNED_CONTEXT ( ( #495 ) ) GLOBAL_UNIT_ASSIGNED_CONTEXT ( ( #921, #1783, #162 ) ) REPRESENTATION_CONTEXT ( 'NONE', 'WORKASPACE' ) );
#62 = ORIENTED_EDGE ( 'NONE', *, *, #1532, .F. ) ;
#63 = FILL_AREA_STYLE_COLOUR ( '', #965 ) ;
#64 = DIRECTION ( 'NONE',  ( -1.000000000000000000, 0.0000000000000000000, 0.0000000000000000000 ) ) ;
#65 = ORIENTED_EDGE ( 'NONE', *, *, #638, .F. ) ;
#66 = STYLED_ITEM ( 'NONE', ( #119 ), #1156 ) ;
#67 = AXIS2_PLACEMENT_3D ( 'NONE', #459, #494, #1219 ) ;
#68 = FILL_AREA_STYLE_COLOUR ( '', #280 ) ;
#69 = CARTESIAN_POINT ( 'NONE',  ( -0.9999999999999997780, -0.5700000000000000622, 0.9499999999999999556 ) ) ;
#70 = AXIS2_PLACEMENT_3D ( 'NONE', #1139, #794, #808 ) ;
#71 = EDGE_CURVE ( 'NONE', #1154, #332, #298, .T. ) ;
#72 = AXIS2_PLACEMENT_3D ( 'NONE', #1429, #958, #101 ) ;
#73 = EDGE_CURVE ( 'NONE', #920, #1256, #145, .T. ) ;
#74 = ORIENTED_EDGE ( 'NONE', *, *, #410, .T. ) ;
#75 = SURFACE_STYLE_FILL_AREA ( #943 ) ;
#76 = PRESENTATION_STYLE_ASSIGNMENT (( #205 ) ) ;
#77 = SURFACE_SIDE_STYLE ('',( #225 ) ) ;
#78 = UNCERTAINTY_MEASURE_WITH_UNIT (LENGTH_MEASURE( 1.000000000000000082E-05 ), #1247, 'distance_accuracy_value', 'NONE');
#79 = CARTESIAN_POINT ( 'NONE',  ( 0.5000000000000000000, 0.5700000000000000622, 0.9200000000000000400 ) ) ;
#80 = FACE_OUTER_BOUND ( 'NONE', #1449, .T. ) ;
#81 =( NAMED_UNIT ( * ) SI_UNIT ( $, .STERADIAN. ) SOLID_ANGLE_UNIT ( ) );
#82 = CARTESIAN_POINT ( 'NONE',  ( -0.9700000000000000844, 0.5699999999999999512, 0.9200000000000000400 ) ) ;
#83 = DIRECTION ( 'NONE',  ( 0.0000000000000000000, 3.614007241618351532E-15, 1.000000000000000000 ) ) ;
#84 = COLOUR_RGB ( '',0.7529411764705882248, 0.7529411764705882248, 0.7529411764705882248 ) ;
#85 = ORIENTED_EDGE ( 'NONE', *, *, #923, .F. ) ;
#86 = AXIS2_PLACEMENT_3D ( 'NONE', #753, #1479, #1213 ) ;
#87 = ADVANCED_FACE ( 'NONE', ( #631 ), #771, .T. ) ;
#88 = CARTESIAN_POINT ( 'NONE',  ( -0.9699999999999998623, -0.6000000000000000888, 0.9200000000000000400 ) ) ;
#89 = MECHANICAL_DESIGN_GEOMETRIC_PRESENTATION_REPRESENTATION (  '', ( #1572 ), #244 ) ;
#90 = CARTESIAN_POINT ( 'NONE',  ( 0.9700000000000003064, -0.5699999999999998401, 0.9200000000000000400 ) ) ;
#91 = EDGE_CURVE ( 'NONE', #24, #997, #1254, .T. ) ;
#92 = UNCERTAINTY_MEASURE_WITH_UNIT (LENGTH_MEASURE( 1.000000000000000082E-05 ), #1509, 'distance_accuracy_value', 'NONE');
#93 = DIRECTION ( 'NONE',  ( -1.000000000000000000, -2.168404344971008621E-16, 0.0000000000000000000 ) ) ;
#94 = VECTOR ( 'NONE', #536, 1000.000000000000000 ) ;
#95 = STYLED_ITEM ( 'NONE', ( #139 ), #1605 ) ;
#96 = ORIENTED_EDGE ( 'NONE', *, *, #1180, .T. ) ;
#97 = VECTOR ( 'NONE', #1409, 1000.000000000000000 ) ;
#98 = ORIENTED_EDGE ( 'NONE', *, *, #71, .T. ) ;
#99 = CARTESIAN_POINT ( 'NONE',  ( -1.000000000000000000, 0.5999999999999999778, 0.02999999999999997113 ) ) ;
#100 = CARTESIAN_POINT ( 'NONE',  ( 0.5000000000000001110, -0.5700000000000000622, 0.0000000000000000000 ) ) ;
#101 = DIRECTION ( 'NONE',  ( -1.000000000000000000, 0.0000000000000000000, 0.0000000000000000000 ) ) ;
#102 = ADVANCED_FACE ( 'NONE', ( #1530 ), #1396, .T. ) ;
#103 = SURFACE_STYLE_USAGE ( .BOTH. , #1750 ) ;
#104 = CARTESIAN_POINT ( 'NONE',  ( 0.5000000000000000000, 0.5700000000000000622, 0.9499999999999999556 ) ) ;
#105 = CARTESIAN_POINT ( 'NONE',  ( 0.5000000000000000000, 0.5300000000000000266, 0.02999999999999999889 ) ) ;
#106 = CARTESIAN_POINT ( 'NONE',  ( -0.9699999999999998623, -0.5999999999999999778, 0.02999999999999997113 ) ) ;
#107 = DIRECTION ( 'NONE',  ( 0.0000000000000000000, 0.0000000000000000000, -1.000000000000000000 ) ) ;
#108 = EDGE_LOOP ( 'NONE', ( #745, #1593, #663, #1452 ) ) ;
#109 = CARTESIAN_POINT ( 'NONE',  ( 1.000000000000000000, 0.5999999999999999778, 0.9200000000000000400 ) ) ;
#110 = CARTESIAN_POINT ( 'NONE',  ( -0.5000000000000000000, -0.5699999999999999512, 0.06999999999999996503 ) ) ;
#111 = SURFACE_STYLE_FILL_AREA ( #1310 ) ;
#112 = FACE_OUTER_BOUND ( 'NONE', #1183, .T. ) ;
#113 = UNCERTAINTY_MEASURE_WITH_UNIT (LENGTH_MEASURE( 1.000000000000000082E-05 ), #1890, 'distance_accuracy_value', 'NONE');
#114 = AXIS2_PLACEMENT_3D ( 'NONE', #752, #27, #947 ) ;
#115 = DIRECTION ( 'NONE',  ( 0.0000000000000000000, 0.0000000000000000000, 1.000000000000000000 ) ) ;
#116 = DIRECTION ( 'NONE',  ( 1.000000000000000000, 9.035018104045873159E-17, -0.0000000000000000000 ) ) ;
#117 = EDGE_CURVE ( 'NONE', #920, #458, #653, .T. ) ;
#118 = CARTESIAN_POINT ( 'NONE',  ( 0.9700000000000000844, 0.5999999999999999778, 0.9499999999999999556 ) ) ;
#119 = PRESENTATION_STYLE_ASSIGNMENT (( #1173 ) ) ;
#120 = DIRECTION ( 'NONE',  ( 1.000000000000000000, 9.035018104045873159E-17, -0.0000000000000000000 ) ) ;
#121 = STYLED_ITEM ( 'NONE', ( #297 ), #283 ) ;
#122 = VERTEX_POINT ( 'NONE', #1405 ) ;
#123 = COLOUR_RGB ( '',0.7529411764705882248, 0.7529411764705882248, 0.7529411764705882248 ) ;
#124 = PRESENTATION_LAYER_ASSIGNMENT (  '', '', ( #1172 ) ) ;
#125 = ORIENTED_EDGE ( 'NONE', *, *, #1581, .T. ) ;
#126 = FILL_AREA_STYLE_COLOUR ( '', #1731 ) ;
#127 = SURFACE_STYLE_FILL_AREA ( #1592 ) ;
#128 =( LENGTH_UNIT ( ) NAMED_UNIT ( * ) SI_UNIT ( .MILLI., .METRE. ) );
#129 = STYLED_ITEM ( 'NONE', ( #634 ), #1082 ) ;
#130 = ORIENTED_EDGE ( 'NONE', *, *, #346, .T. ) ;
#131 = CARTESIAN_POINT ( 'NONE',  ( 1.000000000000000000, 0.5699999999999999512, 0.02999999999999997113 ) ) ;
#132 = MECHANICAL_DESIGN_GEOMETRIC_PRESENTATION_REPRESENTATION (  '', ( #95 ), #1427 ) ;
#133 = EDGE_CURVE ( 'NONE', #997, #657, #1625, .T. ) ;
#134 = LINE ( 'NONE', #716, #1607 ) ;
#135 = PLANE ( 'NONE',  #806 ) ;
#136 =( GEOMETRIC_REPRESENTATION_CONTEXT ( 3 ) GLOBAL_UNCERTAINTY_ASSIGNED_CONTEXT ( ( #648 ) ) GLOBAL_UNIT_ASSIGNED_CONTEXT ( ( #1246, #1551, #1269 ) ) REPRESENTATION_CONTEXT ( 'NONE', 'WORKASPACE' ) );
#137 = ORIENTED_EDGE ( 'NONE', *, *, #1722, .T. ) ;
#138 = MECHANICAL_DESIGN_GEOMETRIC_PRESENTATION_REPRESENTATION (  '', ( #713 ), #1037 ) ;
#139 = PRESENTATION_STYLE_ASSIGNMENT (( #1469 ) ) ;
#140 = CARTESIAN_POINT ( 'NONE',  ( 0.5000000000000000000, -0.5299999999999999156, 0.9200000000000000400 ) ) ;
#141 = DIRECTION ( 'NONE',  ( -0.0000000000000000000, 0.0000000000000000000, -1.000000000000000000 ) ) ;
#142 = DIRECTION ( 'NONE',  ( 1.000000000000000000, 0.0000000000000000000, 0.0000000000000000000 ) ) ;
#143 =( NAMED_UNIT ( * ) PLANE_ANGLE_UNIT ( ) SI_UNIT ( $, .RADIAN. ) );
#144 = ORIENTED_EDGE ( 'NONE', *, *, #1501, .F. ) ;
#145 = CIRCLE ( 'NONE', #114, 0.02999999999999999889 ) ;
#146 = SURFACE_STYLE_FILL_AREA ( #1755 ) ;
#147 = CARTESIAN_POINT ( 'NONE',  ( 0.5000000000000000000, 0.5299999999999999156, 0.8800000000000000044 ) ) ;
#148 = VERTEX_POINT ( 'NONE', #1222 ) ;
#149 = EDGE_CURVE ( 'NONE', #590, #252, #235, .T. ) ;
#150 = CARTESIAN_POINT ( 'NONE',  ( -0.5000000000000000000, 0.5300000000000000266, 0.06999999999999996503 ) ) ;
#151 = ORIENTED_EDGE ( 'NONE', *, *, #346, .F. ) ;
#152 =( GEOMETRIC_REPRESENTATION_CONTEXT ( 3 ) GLOBAL_UNCERTAINTY_ASSIGNED_CONTEXT ( ( #355 ) ) GLOBAL_UNIT_ASSIGNED_CONTEXT ( ( #520, #1140, #387 ) ) REPRESENTATION_CONTEXT ( 'NONE', 'WORKASPACE' ) );
#153 = MECHANICAL_DESIGN_GEOMETRIC_PRESENTATION_REPRESENTATION (  '', ( #630 ), #599 ) ;
#154 = LINE ( 'NONE', #1313, #933 ) ;
#155 = EDGE_CURVE ( 'NONE', #1154, #1137, #1279, .T. ) ;
#156 = VECTOR ( 'NONE', #446, 1000.000000000000000 ) ;
#157 = PRESENTATION_LAYER_ASSIGNMENT (  '', '', ( #1846 ) ) ;
#158 = PRESENTATION_LAYER_ASSIGNMENT (  '', '', ( #215 ) ) ;
#159 = MECHANICAL_DESIGN_GEOMETRIC_PRESENTATION_REPRESENTATION (  '', ( #1098 ), #136 ) ;
#160 = ORIENTED_EDGE ( 'NONE', *, *, #544, .T. ) ;
#161 = COLOUR_RGB ( '',0.7529411764705882248, 0.7529411764705882248, 0.7529411764705882248 ) ;
#162 =( NAMED_UNIT ( * ) SI_UNIT ( $, .STERADIAN. ) SOLID_ANGLE_UNIT ( ) );
#163 =( LENGTH_UNIT ( ) NAMED_UNIT ( * ) SI_UNIT ( .MILLI., .METRE. ) );
#164 = CARTESIAN_POINT ( 'NONE',  ( -0.5000000000000000000, -0.5699999999999999512, 0.02999999999999997113 ) ) ;
#165 =( LENGTH_UNIT ( ) NAMED_UNIT ( * ) SI_UNIT ( .MILLI., .METRE. ) );
#166 = ORIENTED_EDGE ( 'NONE', *, *, #19, .T. ) ;
#167 = SURFACE_SIDE_STYLE ('',( #1507 ) ) ;
#168 = SURFACE_SIDE_STYLE ('',( #602 ) ) ;
#169 = ORIENTED_EDGE ( 'NONE', *, *, #851, .F. ) ;
#170 = DIRECTION ( 'NONE',  ( -0.0000000000000000000, -0.0000000000000000000, -1.000000000000000000 ) ) ;
#171 =( NAMED_UNIT ( * ) SI_UNIT ( $, .STERADIAN. ) SOLID_ANGLE_UNIT ( ) );
#172 = FACE_OUTER_BOUND ( 'NONE', #43, .T. ) ;
#173 =( NAMED_UNIT ( * ) PLANE_ANGLE_UNIT ( ) SI_UNIT ( $, .RADIAN. ) );
#174 = ORIENTED_EDGE ( 'NONE', *, *, #1180, .F. ) ;
#175 = DIRECTION ( 'NONE',  ( 0.0000000000000000000, 1.000000000000000000, 0.0000000000000000000 ) ) ;
#176 =( GEOMETRIC_REPRESENTATION_CONTEXT ( 3 ) GLOBAL_UNCERTAINTY_ASSIGNED_CONTEXT ( ( #55 ) ) GLOBAL_UNIT_ASSIGNED_CONTEXT ( ( #1668, #1686, #57 ) ) REPRESENTATION_CONTEXT ( 'NONE', 'WORKASPACE' ) );
#177 = ORIENTED_EDGE ( 'NONE', *, *, #1147, .T. ) ;
#178 = FACE_OUTER_BOUND ( 'NONE', #1723, .T. ) ;
#179 = COLOUR_RGB ( '',0.7529411764705882248, 0.7529411764705882248, 0.7529411764705882248 ) ;
#180 = ADVANCED_FACE ( 'NONE', ( #832 ), #710, .T. ) ;
#181 = CARTESIAN_POINT ( 'NONE',  ( 0.9700000000000003064, -0.5699999999999996181, 0.02999999999999997113 ) ) ;
#182 = CIRCLE ( 'NONE', #434, 0.02999999999999997113 ) ;
#183 =( NAMED_UNIT ( * ) SI_UNIT ( $, .STERADIAN. ) SOLID_ANGLE_UNIT ( ) );
#184 = EDGE_CURVE ( 'NONE', #257, #619, #1133, .T. ) ;
#185 = VECTOR ( 'NONE', #613, 1000.000000000000000 ) ;
#186 = DIRECTION ( 'NONE',  ( -1.000000000000000000, 0.0000000000000000000, 0.0000000000000000000 ) ) ;
#187 = EDGE_LOOP ( 'NONE', ( #1495, #991, #1278, #1410 ) ) ;
#188 = CIRCLE ( 'NONE', #67, 0.02999999999999997113 ) ;
#189 = PRESENTATION_STYLE_ASSIGNMENT (( #1780 ) ) ;
#190 = ORIENTED_EDGE ( 'NONE', *, *, #1238, .T. ) ;
#191 = STYLED_ITEM ( 'NONE', ( #567 ), #1602 ) ;
#192 = UNCERTAINTY_MEASURE_WITH_UNIT (LENGTH_MEASURE( 1.000000000000000082E-05 ), #1574, 'distance_accuracy_value', 'NONE');
#193 = CIRCLE ( 'NONE', #72, 0.02999999999999997113 ) ;
#194 = PRODUCT_DEFINITION_SHAPE ( 'NONE', 'NONE',  #1763 ) ;
#195 = STYLED_ITEM ( 'NONE', ( #1377 ), #1884 ) ;
#196 = LINE ( 'NONE', #1248, #94 ) ;
#197 = ORIENTED_EDGE ( 'NONE', *, *, #1318, .F. ) ;
#198 = SURFACE_SIDE_STYLE ('',( #944 ) ) ;
#199 = DIRECTION ( 'NONE',  ( 1.000000000000000000, 7.228014483236703064E-15, 0.0000000000000000000 ) ) ;
#200 =( NAMED_UNIT ( * ) SI_UNIT ( $, .STERADIAN. ) SOLID_ANGLE_UNIT ( ) );
#201 = SURFACE_SIDE_STYLE ('',( #782 ) ) ;
#202 = DIRECTION ( 'NONE',  ( -1.000000000000000000, -9.035018104045873159E-17, 0.0000000000000000000 ) ) ;
#203 =( NAMED_UNIT ( * ) PLANE_ANGLE_UNIT ( ) SI_UNIT ( $, .RADIAN. ) );
#204 = EDGE_CURVE ( 'NONE', #932, #791, #973, .T. ) ;
#205 = SURFACE_STYLE_USAGE ( .BOTH. , #1534 ) ;
#206 = CARTESIAN_POINT ( 'NONE',  ( 0.5000000000000000000, -0.5699999999999999512, 0.9200000000000000400 ) ) ;
#207 = STYLED_ITEM ( 'NONE', ( #993 ), #220 ) ;
#208 = EDGE_CURVE ( 'NONE', #395, #914, #688, .T. ) ;
#209 = PRESENTATION_LAYER_ASSIGNMENT (  '', '', ( #1687 ) ) ;
#210 = DIRECTION ( 'NONE',  ( 1.000000000000000000, 0.0000000000000000000, 0.0000000000000000000 ) ) ;
#211 = MECHANICAL_DESIGN_GEOMETRIC_PRESENTATION_REPRESENTATION (  '', ( #604 ), #1203 ) ;
#212 = CARTESIAN_POINT ( 'NONE',  ( -0.5000000000000000000, -0.5300000000000000266, 0.06999999999999996503 ) ) ;
#213 = ORIENTED_EDGE ( 'NONE', *, *, #1296, .T. ) ;
#214 = CIRCLE ( 'NONE', #903, 0.02999999999999997113 ) ;
#215 = STYLED_ITEM ( 'NONE', ( #1773 ), #1352 ) ;
#216 = PLANE ( 'NONE',  #547 ) ;
#217 = DIRECTION ( 'NONE',  ( -1.000000000000000000, -9.035018104045873159E-17, 0.0000000000000000000 ) ) ;
#218 = DIRECTION ( 'NONE',  ( 0.0000000000000000000, -1.000000000000000000, -7.228014483236703064E-15 ) ) ;
#219 = VECTOR ( 'NONE', #827, 1000.000000000000000 ) ;
#220 = ADVANCED_FACE ( 'NONE', ( #522 ), #1286, .T. ) ;
#221 = PRESENTATION_STYLE_ASSIGNMENT (( #1111 ) ) ;
#222 = ORIENTED_EDGE ( 'NONE', *, *, #208, .T. ) ;
#223 = DIRECTION ( 'NONE',  ( 1.000000000000000000, 0.0000000000000000000, 0.0000000000000000000 ) ) ;
#224 = FACE_OUTER_BOUND ( 'NONE', #1440, .T. ) ;
#225 = SURFACE_STYLE_FILL_AREA ( #651 ) ;
#226 = UNCERTAINTY_MEASURE_WITH_UNIT (LENGTH_MEASURE( 1.000000000000000082E-05 ), #1237, 'distance_accuracy_value', 'NONE');
#227 = FILL_AREA_STYLE_COLOUR ( '', #123 ) ;
#228 = EDGE_CURVE ( 'NONE', #1524, #1154, #960, .T. ) ;
#229 = ORIENTED_EDGE ( 'NONE', *, *, #149, .F. ) ;
#230 = SURFACE_SIDE_STYLE ('',( #75 ) ) ;
#231 = ADVANCED_BREP_SHAPE_REPRESENTATION ( '994DE1D1-534B-4FDC-97BF-0766D7FD559F', ( #561, #17 ), #1400 ) ;
#232 = ORIENTED_EDGE ( 'NONE', *, *, #1565, .T. ) ;
#233 =( LENGTH_UNIT ( ) NAMED_UNIT ( * ) SI_UNIT ( .MILLI., .METRE. ) );
#234 = CARTESIAN_POINT ( 'NONE',  ( -0.5000000000000000000, 0.5299999999999999156, 0.9200000000000000400 ) ) ;
#235 = CIRCLE ( 'NONE', #570, 0.03999999999999999389 ) ;
#236 = EDGE_LOOP ( 'NONE', ( #517, #49, #1748, #1678 ) ) ;
#237 = DIRECTION ( 'NONE',  ( -1.000000000000000000, -0.0000000000000000000, -0.0000000000000000000 ) ) ;
#238 = CIRCLE ( 'NONE', #1141, 0.02999999999999999889 ) ;
#239 = ORIENTED_EDGE ( 'NONE', *, *, #133, .T. ) ;
#240 =( GEOMETRIC_REPRESENTATION_CONTEXT ( 3 ) GLOBAL_UNCERTAINTY_ASSIGNED_CONTEXT ( ( #627 ) ) GLOBAL_UNIT_ASSIGNED_CONTEXT ( ( #165, #1077, #183 ) ) REPRESENTATION_CONTEXT ( 'NONE', 'WORKASPACE' ) );
#241 = DIRECTION ( 'NONE',  ( 1.000000000000000000, 0.0000000000000000000, 0.0000000000000000000 ) ) ;
#242 = CARTESIAN_POINT ( 'NONE',  ( 0.5000000000000000000, -0.5299999999999999156, 0.02999999999999999889 ) ) ;
#243 = CARTESIAN_POINT ( 'NONE',  ( 0.9700000000000003064, -0.5999999999999997558, 0.0000000000000000000 ) ) ;
#244 =( GEOMETRIC_REPRESENTATION_CONTEXT ( 3 ) GLOBAL_UNCERTAINTY_ASSIGNED_CONTEXT ( ( #1674 ) ) GLOBAL_UNIT_ASSIGNED_CONTEXT ( ( #675, #1693, #971 ) ) REPRESENTATION_CONTEXT ( 'NONE', 'WORKASPACE' ) );
#245 = FILL_AREA_STYLE_COLOUR ( '', #1144 ) ;
#246 = DIRECTION ( 'NONE',  ( 1.000000000000000000, 0.0000000000000000000, 0.0000000000000000000 ) ) ;
#247 = VECTOR ( 'NONE', #1360, 1000.000000000000000 ) ;
#248 = DIRECTION ( 'NONE',  ( -2.168404344971008621E-16, 1.000000000000000000, 0.0000000000000000000 ) ) ;
#249 = AXIS2_PLACEMENT_3D ( 'NONE', #320, #606, #51 ) ;
#250 =( LENGTH_UNIT ( ) NAMED_UNIT ( * ) SI_UNIT ( .MILLI., .METRE. ) );
#251 = AXIS2_PLACEMENT_3D ( 'NONE', #1346, #1497, #1379 ) ;
#252 = VERTEX_POINT ( 'NONE', #1793 ) ;
#253 = STYLED_ITEM ( 'NONE', ( #1650 ), #1655 ) ;
#254 =( GEOMETRIC_REPRESENTATION_CONTEXT ( 3 ) GLOBAL_UNCERTAINTY_ASSIGNED_CONTEXT ( ( #876 ) ) GLOBAL_UNIT_ASSIGNED_CONTEXT ( ( #1757, #429, #1031 ) ) REPRESENTATION_CONTEXT ( 'NONE', 'WORKASPACE' ) );
#255 = SURFACE_STYLE_FILL_AREA ( #1576 ) ;
#256 =( NAMED_UNIT ( * ) SI_UNIT ( $, .STERADIAN. ) SOLID_ANGLE_UNIT ( ) );
#257 = VERTEX_POINT ( 'NONE', #321 ) ;
#258 =( LENGTH_UNIT ( ) NAMED_UNIT ( * ) SI_UNIT ( .MILLI., .METRE. ) );
#259 =( NAMED_UNIT ( * ) PLANE_ANGLE_UNIT ( ) SI_UNIT ( $, .RADIAN. ) );
#260 = FACE_OUTER_BOUND ( 'NONE', #1624, .T. ) ;
#261 = DIRECTION ( 'NONE',  ( 0.0000000000000000000, 0.0000000000000000000, 1.000000000000000000 ) ) ;
#262 = ORIENTED_EDGE ( 'NONE', *, *, #715, .T. ) ;
#263 = DIRECTION ( 'NONE',  ( -1.000000000000000000, 0.0000000000000000000, 0.0000000000000000000 ) ) ;
#264 = EDGE_LOOP ( 'NONE', ( #166, #130, #1588, #512 ) ) ;
#265 = ORIENTED_EDGE ( 'NONE', *, *, #578, .F. ) ;
#266 = FILL_AREA_STYLE ('',( #1042 ) ) ;
#267 = DIRECTION ( 'NONE',  ( -1.000000000000000000, -2.168404344971008621E-16, 0.0000000000000000000 ) ) ;
#268 = ADVANCED_FACE ( 'NONE', ( #1502, #172 ), #461, .F. ) ;
#269 = CARTESIAN_POINT ( 'NONE',  ( -0.9700000000000000844, 0.5699999999999999512, 0.02999999999999997113 ) ) ;
#270 = VERTEX_POINT ( 'NONE', #1026 ) ;
#271 = FILL_AREA_STYLE ('',( #1736 ) ) ;
#272 = EDGE_CURVE ( 'NONE', #1595, #533, #238, .T. ) ;
#273 = LINE ( 'NONE', #1128, #762 ) ;
#274 = AXIS2_PLACEMENT_3D ( 'NONE', #1381, #652, #781 ) ;
#275 = DIRECTION ( 'NONE',  ( -0.0000000000000000000, -0.0000000000000000000, 1.000000000000000000 ) ) ;
#276 = DIRECTION ( 'NONE',  ( 0.0000000000000000000, 1.000000000000000000, 0.0000000000000000000 ) ) ;
#277 = AXIS2_PLACEMENT_3D ( 'NONE', #79, #1262, #845 ) ;
#278 = EDGE_LOOP ( 'NONE', ( #1378, #868, #137, #777 ) ) ;
#279 = AXIS2_PLACEMENT_3D ( 'NONE', #605, #1500, #199 ) ;
#280 = COLOUR_RGB ( '',0.7529411764705882248, 0.7529411764705882248, 0.7529411764705882248 ) ;
#281 = FILL_AREA_STYLE_COLOUR ( '', #1656 ) ;
#282 = AXIS2_PLACEMENT_3D ( 'NONE', #1241, #992, #1084 ) ;
#283 = ADVANCED_FACE ( 'NONE', ( #1063 ), #560, .F. ) ;
#284 = SURFACE_STYLE_FILL_AREA ( #714 ) ;
#285 = PRESENTATION_LAYER_ASSIGNMENT (  '', '', ( #908 ) ) ;
#286 = CIRCLE ( 'NONE', #1368, 0.02999999999999997113 ) ;
#287 = STYLED_ITEM ( 'NONE', ( #449 ), #1862 ) ;
#288 = CYLINDRICAL_SURFACE ( 'NONE', #1121, 0.02999999999999997113 ) ;
#289 = CARTESIAN_POINT ( 'NONE',  ( 0.5000000000000000000, 0.5999999999999999778, 0.03000000000000018624 ) ) ;
#290 = DIRECTION ( 'NONE',  ( 0.0000000000000000000, 0.0000000000000000000, 1.000000000000000000 ) ) ;
#291 = EDGE_CURVE ( 'NONE', #1052, #657, #1535, .T. ) ;
#292 = FACE_OUTER_BOUND ( 'NONE', #1859, .T. ) ;
#293 = ORIENTED_EDGE ( 'NONE', *, *, #711, .T. ) ;
#294 = ADVANCED_FACE ( 'NONE', ( #953 ), #1364, .T. ) ;
#295 = FILL_AREA_STYLE_COLOUR ( '', #1881 ) ;
#296 = SURFACE_STYLE_USAGE ( .BOTH. , #721 ) ;
#297 = PRESENTATION_STYLE_ASSIGNMENT (( #577 ) ) ;
#298 = LINE ( 'NONE', #1628, #661 ) ;
#299 = DIRECTION ( 'NONE',  ( 1.000000000000000000, 2.168404344971008621E-16, 0.0000000000000000000 ) ) ;
#300 = ADVANCED_FACE ( 'NONE', ( #1810, #483 ), #795, .F. ) ;
#301 = FILL_AREA_STYLE_COLOUR ( '', #610 ) ;
#302 = FILL_AREA_STYLE ('',( #341 ) ) ;
#303 = ORIENTED_EDGE ( 'NONE', *, *, #1406, .F. ) ;
#304 = AXIS2_PLACEMENT_3D ( 'NONE', #1093, #1083, #964 ) ;
#305 = CARTESIAN_POINT ( 'NONE',  ( 0.9700000000000000844, 0.5699999999999999512, 0.02999999999999999889 ) ) ;
#306 = ORIENTED_EDGE ( 'NONE', *, *, #1784, .T. ) ;
#307 = VECTOR ( 'NONE', #1014, 1000.000000000000000 ) ;
#308 = AXIS2_PLACEMENT_3D ( 'NONE', #150, #1070, #316 ) ;
#309 = DIRECTION ( 'NONE',  ( -0.0000000000000000000, 1.000000000000000000, -0.0000000000000000000 ) ) ;
#310 = SURFACE_STYLE_FILL_AREA ( #1616 ) ;
#311 = STYLED_ITEM ( 'NONE', ( #626 ), #1442 ) ;
#312 =( NAMED_UNIT ( * ) PLANE_ANGLE_UNIT ( ) SI_UNIT ( $, .RADIAN. ) );
#313 = ORIENTED_EDGE ( 'NONE', *, *, #686, .F. ) ;
#314 = COLOUR_RGB ( '',0.7529411764705882248, 0.7529411764705882248, 0.7529411764705882248 ) ;
#315 = AXIS2_PLACEMENT_3D ( 'NONE', #880, #555, #1451 ) ;
#316 = DIRECTION ( 'NONE',  ( 0.0000000000000000000, 0.0000000000000000000, 1.000000000000000000 ) ) ;
#317 = SPHERICAL_SURFACE ( 'NONE', #1827, 0.02999999999999999889 ) ;
#318 = EDGE_LOOP ( 'NONE', ( #222, #262, #1741, #500 ) ) ;
#319 = MECHANICAL_DESIGN_GEOMETRIC_PRESENTATION_REPRESENTATION (  '', ( #195 ), #1614 ) ;
#320 = CARTESIAN_POINT ( 'NONE',  ( -0.9700000000000000844, 0.5699999999999999512, 0.9200000000000000400 ) ) ;
#321 = CARTESIAN_POINT ( 'NONE',  ( -0.9699999999999998623, -0.5699999999999999512, 0.9499999999999999556 ) ) ;
#322 = CARTESIAN_POINT ( 'NONE',  ( 0.0000000000000000000, 0.0000000000000000000, 0.0000000000000000000 ) ) ;
#323 = LINE ( 'NONE', #1503, #545 ) ;
#324 = ORIENTED_EDGE ( 'NONE', *, *, #1555, .F. ) ;
#325 = FACE_OUTER_BOUND ( 'NONE', #1242, .T. ) ;
#326 = ORIENTED_EDGE ( 'NONE', *, *, #1659, .T. ) ;
#327 = EDGE_CURVE ( 'NONE', #1052, #1643, #670, .T. ) ;
#328 = FILL_AREA_STYLE ('',( #47 ) ) ;
#329 = ORIENTED_EDGE ( 'NONE', *, *, #999, .T. ) ;
#330 = DIRECTION ( 'NONE',  ( 1.000000000000000000, 0.0000000000000000000, 0.0000000000000000000 ) ) ;
#331 = STYLED_ITEM ( 'NONE', ( #221 ), #102 ) ;
#332 = VERTEX_POINT ( 'NONE', #105 ) ;
#333 = CARTESIAN_POINT ( 'NONE',  ( -0.5000000000000000000, -0.5699999999999999512, 0.06999999999999996503 ) ) ;
#334 = MECHANICAL_DESIGN_GEOMETRIC_PRESENTATION_REPRESENTATION (  '', ( #1689 ), #1293 ) ;
#335 = PRESENTATION_STYLE_ASSIGNMENT (( #1653 ) ) ;
#336 = DIRECTION ( 'NONE',  ( -1.000000000000000000, 0.0000000000000000000, -0.0000000000000000000 ) ) ;
#337 = MECHANICAL_DESIGN_GEOMETRIC_PRESENTATION_REPRESENTATION (  '', ( #961 ), #640 ) ;
#338 = PRESENTATION_LAYER_ASSIGNMENT (  '', '', ( #899 ) ) ;
#339 = CIRCLE ( 'NONE', #1486, 0.02999999999999999889 ) ;
#340 = DIRECTION ( 'NONE',  ( 0.0000000000000000000, 0.0000000000000000000, -1.000000000000000000 ) ) ;
#341 = FILL_AREA_STYLE_COLOUR ( '', #1153 ) ;
#342 = STYLED_ITEM ( 'NONE', ( #1103 ), #1342 ) ;
#343 = AXIS2_PLACEMENT_3D ( 'NONE', #147, #120, #276 ) ;
#344 = DIRECTION ( 'NONE',  ( -0.0000000000000000000, -0.0000000000000000000, 1.000000000000000000 ) ) ;
#345 = CARTESIAN_POINT ( 'NONE',  ( 0.5000000000000000000, -0.5699999999999999512, 0.9200000000000000400 ) ) ;
#346 = EDGE_CURVE ( 'NONE', #1186, #1623, #1292, .T. ) ;
#347 = LINE ( 'NONE', #1729, #575 ) ;
#348 = SURFACE_STYLE_USAGE ( .BOTH. , #787 ) ;
#349 = FILL_AREA_STYLE_COLOUR ( '', #1177 ) ;
#350 = VERTEX_POINT ( 'NONE', #1849 ) ;
#351 = CARTESIAN_POINT ( 'NONE',  ( -0.9699999999999998623, -0.5699999999999999512, 0.9200000000000000400 ) ) ;
#352 = DIRECTION ( 'NONE',  ( 0.0000000000000000000, 1.000000000000000000, 0.0000000000000000000 ) ) ;
#353 = SURFACE_STYLE_USAGE ( .BOTH. , #1433 ) ;
#354 = DIRECTION ( 'NONE',  ( 1.000000000000000000, 0.0000000000000000000, -0.0000000000000000000 ) ) ;
#355 = UNCERTAINTY_MEASURE_WITH_UNIT (LENGTH_MEASURE( 1.000000000000000082E-05 ), #520, 'distance_accuracy_value', 'NONE');
#356 =( GEOMETRIC_REPRESENTATION_CONTEXT ( 3 ) GLOBAL_UNCERTAINTY_ASSIGNED_CONTEXT ( ( #1110 ) ) GLOBAL_UNIT_ASSIGNED_CONTEXT ( ( #1554, #822, #697 ) ) REPRESENTATION_CONTEXT ( 'NONE', 'WORKASPACE' ) );
#357 =( NAMED_UNIT ( * ) PLANE_ANGLE_UNIT ( ) SI_UNIT ( $, .RADIAN. ) );
#358 = AXIS2_PLACEMENT_3D ( 'NONE', #528, #509, #1552 ) ;
#359 = APPLICATION_PROTOCOL_DEFINITION ( 'draft international standard', 'automotive_design', 1998, #913 ) ;
#360 =( GEOMETRIC_REPRESENTATION_CONTEXT ( 3 ) GLOBAL_UNCERTAINTY_ASSIGNED_CONTEXT ( ( #685 ) ) GLOBAL_UNIT_ASSIGNED_CONTEXT ( ( #1753, #863, #1023 ) ) REPRESENTATION_CONTEXT ( 'NONE', 'WORKASPACE' ) );
#361 = VERTEX_POINT ( 'NONE', #1696 ) ;
#362 = DIRECTION ( 'NONE',  ( 0.0000000000000000000, 1.000000000000000000, 0.0000000000000000000 ) ) ;
#363 = CYLINDRICAL_SURFACE ( 'NONE', #1612, 0.02999999999999997113 ) ;
#364 =( GEOMETRIC_REPRESENTATION_CONTEXT ( 3 ) GLOBAL_UNCERTAINTY_ASSIGNED_CONTEXT ( ( #1848 ) ) GLOBAL_UNIT_ASSIGNED_CONTEXT ( ( #949, #203, #1837 ) ) REPRESENTATION_CONTEXT ( 'NONE', 'WORKASPACE' ) );
#365 = AXIS2_PLACEMENT_3D ( 'NONE', #1586, #800, #790 ) ;
#366 = LINE ( 'NONE', #989, #440 ) ;
#367 = FILL_AREA_STYLE_COLOUR ( '', #540 ) ;
#368 = MECHANICAL_DESIGN_GEOMETRIC_PRESENTATION_REPRESENTATION (  '', ( #1240 ), #1575 ) ;
#369 = EDGE_CURVE ( 'NONE', #1344, #1097, #990, .T. ) ;
#370 = VECTOR ( 'NONE', #1259, 1000.000000000000000 ) ;
#371 = ORIENTED_EDGE ( 'NONE', *, *, #1414, .F. ) ;
#372 = EDGE_CURVE ( 'NONE', #1431, #1498, #687, .T. ) ;
#373 = PRESENTATION_STYLE_ASSIGNMENT (( #1702 ) ) ;
#374 = SURFACE_STYLE_USAGE ( .BOTH. , #1099 ) ;
#375 = SURFACE_STYLE_USAGE ( .BOTH. , #1706 ) ;
#376 = ORIENTED_EDGE ( 'NONE', *, *, #447, .F. ) ;
#377 = CARTESIAN_POINT ( 'NONE',  ( 0.5000000000000000000, 0.5999999999999999778, 0.9200000000000000400 ) ) ;
#378 = UNCERTAINTY_MEASURE_WITH_UNIT (LENGTH_MEASURE( 1.000000000000000082E-05 ), #250, 'distance_accuracy_value', 'NONE');
#379 = SURFACE_STYLE_USAGE ( .BOTH. , #1124 ) ;
#380 = VERTEX_POINT ( 'NONE', #828 ) ;
#381 = ORIENTED_EDGE ( 'NONE', *, *, #711, .F. ) ;
#382 = FILL_AREA_STYLE ('',( #1447 ) ) ;
#383 = ORIENTED_EDGE ( 'NONE', *, *, #1817, .T. ) ;
#384 = COLOUR_RGB ( '',0.7529411764705882248, 0.7529411764705882248, 0.7529411764705882248 ) ;
#385 = ORIENTED_EDGE ( 'NONE', *, *, #91, .F. ) ;
#386 =( NAMED_UNIT ( * ) PLANE_ANGLE_UNIT ( ) SI_UNIT ( $, .RADIAN. ) );
#387 =( NAMED_UNIT ( * ) SI_UNIT ( $, .STERADIAN. ) SOLID_ANGLE_UNIT ( ) );
#388 = ORIENTED_EDGE ( 'NONE', *, *, #851, .T. ) ;
#389 = DIRECTION ( 'NONE',  ( -1.000000000000000000, 0.0000000000000000000, 0.0000000000000000000 ) ) ;
#390 = SURFACE_STYLE_FILL_AREA ( #382 ) ;
#391 = PRESENTATION_LAYER_ASSIGNMENT (  '', '', ( #604 ) ) ;
#392 = DIRECTION ( 'NONE',  ( -1.000000000000000000, 0.0000000000000000000, 0.0000000000000000000 ) ) ;
#393 = ADVANCED_FACE ( 'NONE', ( #1720 ), #811, .F. ) ;
#394 = CIRCLE ( 'NONE', #460, 0.02999999999999999889 ) ;
#395 = VERTEX_POINT ( 'NONE', #1404 ) ;
#396 = PRESENTATION_LAYER_ASSIGNMENT (  '', '', ( #1796 ) ) ;
#397 = LINE ( 'NONE', #1393, #1854 ) ;
#398 =( GEOMETRIC_REPRESENTATION_CONTEXT ( 3 ) GLOBAL_UNCERTAINTY_ASSIGNED_CONTEXT ( ( #1012 ) ) GLOBAL_UNIT_ASSIGNED_CONTEXT ( ( #1258, #546, #1739 ) ) REPRESENTATION_CONTEXT ( 'NONE', 'WORKASPACE' ) );
#399 = UNCERTAINTY_MEASURE_WITH_UNIT (LENGTH_MEASURE( 1.000000000000000082E-05 ), #1834, 'distance_accuracy_value', 'NONE');
#400 = SURFACE_SIDE_STYLE ('',( #1253 ) ) ;
#401 = EDGE_LOOP ( 'NONE', ( #1325, #53, #1337, #966 ) ) ;
#402 = STYLED_ITEM ( 'NONE', ( #403 ), #1218 ) ;
#403 = PRESENTATION_STYLE_ASSIGNMENT (( #1066 ) ) ;
#404 = PRESENTATION_LAYER_ASSIGNMENT (  '', '', ( #95 ) ) ;
#405 = SURFACE_SIDE_STYLE ('',( #390 ) ) ;
#406 = COLOUR_RGB ( '',0.7529411764705882248, 0.7529411764705882248, 0.7529411764705882248 ) ;
#407 = ORIENTED_EDGE ( 'NONE', *, *, #149, .T. ) ;
#408 = CIRCLE ( 'NONE', #1123, 0.02999999999999997113 ) ;
#409 = FILL_AREA_STYLE_COLOUR ( '', #1794 ) ;
#410 = EDGE_CURVE ( 'NONE', #1498, #1538, #830, .T. ) ;
#411 = DIRECTION ( 'NONE',  ( 0.0000000000000000000, 0.0000000000000000000, -1.000000000000000000 ) ) ;
#412 = SURFACE_SIDE_STYLE ('',( #1157 ) ) ;
#413 = ORIENTED_EDGE ( 'NONE', *, *, #994, .F. ) ;
#414 = DIRECTION ( 'NONE',  ( 1.000000000000000000, 0.0000000000000000000, 0.0000000000000000000 ) ) ;
#415 = CARTESIAN_POINT ( 'NONE',  ( -0.5000000000000000000, -0.5699999999999999512, 0.0000000000000000000 ) ) ;
#416 = ORIENTED_EDGE ( 'NONE', *, *, #1555, .T. ) ;
#417 = SURFACE_STYLE_USAGE ( .BOTH. , #1424 ) ;
#418 = DIRECTION ( 'NONE',  ( 0.0000000000000000000, 0.0000000000000000000, -1.000000000000000000 ) ) ;
#419 = EDGE_LOOP ( 'NONE', ( #376, #603, #980, #479 ) ) ;
#420 = DIRECTION ( 'NONE',  ( -1.000000000000000000, 0.0000000000000000000, -0.0000000000000000000 ) ) ;
#421 = UNCERTAINTY_MEASURE_WITH_UNIT (LENGTH_MEASURE( 1.000000000000000082E-05 ), #1577, 'distance_accuracy_value', 'NONE');
#422 = EDGE_CURVE ( 'NONE', #48, #1710, #733, .T. ) ;
#423 = PRESENTATION_STYLE_ASSIGNMENT (( #1341 ) ) ;
#424 = VECTOR ( 'NONE', #1657, 1000.000000000000000 ) ;
#425 = ORIENTED_EDGE ( 'NONE', *, *, #1811, .T. ) ;
#426 =( NAMED_UNIT ( * ) PLANE_ANGLE_UNIT ( ) SI_UNIT ( $, .RADIAN. ) );
#427 = PRESENTATION_LAYER_ASSIGNMENT (  '', '', ( #121 ) ) ;
#428 = FILL_AREA_STYLE ('',( #682 ) ) ;
#429 =( NAMED_UNIT ( * ) PLANE_ANGLE_UNIT ( ) SI_UNIT ( $, .RADIAN. ) );
#430 = PRESENTATION_LAYER_ASSIGNMENT (  '', '', ( #1260 ) ) ;
#431 = ORIENTED_EDGE ( 'NONE', *, *, #1461, .T. ) ;
#432 = AXIS2_PLACEMENT_3D ( 'NONE', #552, #1613, #1001 ) ;
#433 = LINE ( 'NONE', #23, #1029 ) ;
#434 = AXIS2_PLACEMENT_3D ( 'NONE', #763, #601, #477 ) ;
#435 = CARTESIAN_POINT ( 'NONE',  ( -0.5000000000000000000, 0.5700000000000000622, 0.9499999999999999556 ) ) ;
#436 = STYLED_ITEM ( 'NONE', ( #1844 ), #1104 ) ;
#437 = FILL_AREA_STYLE_COLOUR ( '', #1629 ) ;
#438 = ADVANCED_FACE ( 'NONE', ( #1113 ), #1708, .T. ) ;
#439 = PRESENTATION_LAYER_ASSIGNMENT (  '', '', ( #402 ) ) ;
#440 = VECTOR ( 'NONE', #1261, 1000.000000000000000 ) ;
#441 = FACE_OUTER_BOUND ( 'NONE', #1637, .T. ) ;
#442 = VECTOR ( 'NONE', #706, 1000.000000000000000 ) ;
#443 = DIRECTION ( 'NONE',  ( 1.000000000000000000, 0.0000000000000000000, 0.0000000000000000000 ) ) ;
#444 = PRESENTATION_LAYER_ASSIGNMENT (  '', '', ( #1430 ) ) ;
#445 =( LENGTH_UNIT ( ) NAMED_UNIT ( * ) SI_UNIT ( .MILLI., .METRE. ) );
#446 = DIRECTION ( 'NONE',  ( -1.000000000000000000, 0.0000000000000000000, 0.0000000000000000000 ) ) ;
#447 = EDGE_CURVE ( 'NONE', #660, #1137, #1477, .T. ) ;
#448 = DIRECTION ( 'NONE',  ( 0.0000000000000000000, 1.000000000000000000, 0.0000000000000000000 ) ) ;
#449 = PRESENTATION_STYLE_ASSIGNMENT (( #1324 ) ) ;
#450 = ORIENTED_EDGE ( 'NONE', *, *, #1522, .T. ) ;
#451 = FILL_AREA_STYLE ('',( #591 ) ) ;
#452 = ORIENTED_EDGE ( 'NONE', *, *, #565, .T. ) ;
#453 =( NAMED_UNIT ( * ) SI_UNIT ( $, .STERADIAN. ) SOLID_ANGLE_UNIT ( ) );
#454 = PRODUCT_CONTEXT ( 'NONE', #913, 'mechanical' ) ;
#455 = VERTEX_POINT ( 'NONE', #435 ) ;
#456 = EDGE_CURVE ( 'NONE', #1097, #1517, #1143, .T. ) ;
#457 =( GEOMETRIC_REPRESENTATION_CONTEXT ( 3 ) GLOBAL_UNCERTAINTY_ASSIGNED_CONTEXT ( ( #1744 ) ) GLOBAL_UNIT_ASSIGNED_CONTEXT ( ( #497, #608, #1075 ) ) REPRESENTATION_CONTEXT ( 'NONE', 'WORKASPACE' ) );
#458 = VERTEX_POINT ( 'NONE', #1644 ) ;
#459 = CARTESIAN_POINT ( 'NONE',  ( 0.9700000000000000844, 0.5700000000000000622, 0.9200000000000000400 ) ) ;
#460 = AXIS2_PLACEMENT_3D ( 'NONE', #1764, #18, #1471 ) ;
#461 = PLANE ( 'NONE',  #510 ) ;
#462 =( NAMED_UNIT ( * ) PLANE_ANGLE_UNIT ( ) SI_UNIT ( $, .RADIAN. ) );
#463 = VECTOR ( 'NONE', #1747, 1000.000000000000000 ) ;
#464 = CARTESIAN_POINT ( 'NONE',  ( 0.5000000000000000000, 0.5299999999999999156, 0.02999999999999999889 ) ) ;
#465 = CIRCLE ( 'NONE', #365, 0.02999999999999997113 ) ;
#466 = SURFACE_SIDE_STYLE ('',( #1039 ) ) ;
#467 = ORIENTED_EDGE ( 'NONE', *, *, #272, .F. ) ;
#468 = LINE ( 'NONE', #14, #1518 ) ;
#469 = CYLINDRICAL_SURFACE ( 'NONE', #1856, 0.02999999999999997113 ) ;
#470 = EDGE_LOOP ( 'NONE', ( #1407, #1716, #592, #1874 ) ) ;
#471 = MECHANICAL_DESIGN_GEOMETRIC_PRESENTATION_REPRESENTATION (  '', ( #1305 ), #254 ) ;
#472 =( NAMED_UNIT ( * ) PLANE_ANGLE_UNIT ( ) SI_UNIT ( $, .RADIAN. ) );
#473 = DIRECTION ( 'NONE',  ( -1.000000000000000000, 0.0000000000000000000, 0.0000000000000000000 ) ) ;
#474 = SURFACE_STYLE_FILL_AREA ( #935 ) ;
#475 = SURFACE_SIDE_STYLE ('',( #310 ) ) ;
#476 = DIRECTION ( 'NONE',  ( -0.0000000000000000000, 1.000000000000000000, -0.0000000000000000000 ) ) ;
#477 = DIRECTION ( 'NONE',  ( 0.0000000000000000000, 0.0000000000000000000, 1.000000000000000000 ) ) ;
#478 = UNCERTAINTY_MEASURE_WITH_UNIT (LENGTH_MEASURE( 1.000000000000000082E-05 ), #633, 'distance_accuracy_value', 'NONE');
#479 = ORIENTED_EDGE ( 'NONE', *, *, #155, .T. ) ;
#480 = DIRECTION ( 'NONE',  ( 1.000000000000000000, 0.0000000000000000000, 0.0000000000000000000 ) ) ;
#481 = CARTESIAN_POINT ( 'NONE',  ( 0.5000000000000001110, -0.5699999999999999512, 0.9499999999999999556 ) ) ;
#482 = UNCERTAINTY_MEASURE_WITH_UNIT (LENGTH_MEASURE( 1.000000000000000082E-05 ), #1331, 'distance_accuracy_value', 'NONE');
#483 = FACE_OUTER_BOUND ( 'NONE', #1004, .T. ) ;
#484 = SURFACE_STYLE_FILL_AREA ( #955 ) ;
#485 =( NAMED_UNIT ( * ) SI_UNIT ( $, .STERADIAN. ) SOLID_ANGLE_UNIT ( ) );
#486 = AXIS2_PLACEMENT_3D ( 'NONE', #758, #693, #1561 ) ;
#487 = FILL_AREA_STYLE ('',( #1626 ) ) ;
#488 =( LENGTH_UNIT ( ) NAMED_UNIT ( * ) SI_UNIT ( .MILLI., .METRE. ) );
#489 = CARTESIAN_POINT ( 'NONE',  ( 1.000000000000000222, -0.5999999999999998668, 0.02999999999999997113 ) ) ;
#490 = COLOUR_RGB ( '',0.7529411764705882248, 0.7529411764705882248, 0.7529411764705882248 ) ;
#491 = VERTEX_POINT ( 'NONE', #333 ) ;
#492 = COLOUR_RGB ( '',0.1254901960784313708, 0.1254901960784313708, 0.1254901960784313708 ) ;
#493 = COLOUR_RGB ( '',0.7529411764705882248, 0.7529411764705882248, 0.7529411764705882248 ) ;
#494 = DIRECTION ( 'NONE',  ( -3.614007241618351532E-15, -1.000000000000000000, 0.0000000000000000000 ) ) ;
#495 = UNCERTAINTY_MEASURE_WITH_UNIT (LENGTH_MEASURE( 1.000000000000000082E-05 ), #921, 'distance_accuracy_value', 'NONE');
#496 = COLOUR_RGB ( '',0.7960784313725489669, 0.8235294117647058432, 0.9372549019607843146 ) ;
#497 =( LENGTH_UNIT ( ) NAMED_UNIT ( * ) SI_UNIT ( .MILLI., .METRE. ) );
#498 = FILL_AREA_STYLE ('',( #1520 ) ) ;
#499 = LINE ( 'NONE', #1223, #1467 ) ;
#500 = ORIENTED_EDGE ( 'NONE', *, *, #642, .T. ) ;
#501 = FACE_OUTER_BOUND ( 'NONE', #948, .T. ) ;
#502 = DIRECTION ( 'NONE',  ( -1.000000000000000000, 0.0000000000000000000, 0.0000000000000000000 ) ) ;
#503 = SPHERICAL_SURFACE ( 'NONE', #1000, 0.02999999999999999889 ) ;
#504 = DIRECTION ( 'NONE',  ( -1.000000000000000000, 0.0000000000000000000, 0.0000000000000000000 ) ) ;
#505 = LINE ( 'NONE', #1142, #1395 ) ;
#506 = ADVANCED_FACE ( 'NONE', ( #765 ), #1499, .T. ) ;
#507 = FACE_OUTER_BOUND ( 'NONE', #1069, .T. ) ;
#508 = DIRECTION ( 'NONE',  ( 0.0000000000000000000, 0.0000000000000000000, -1.000000000000000000 ) ) ;
#509 = DIRECTION ( 'NONE',  ( 1.000000000000000000, -0.0000000000000000000, -0.0000000000000000000 ) ) ;
#510 = AXIS2_PLACEMENT_3D ( 'NONE', #1494, #1774, #906 ) ;
#511 =( GEOMETRIC_REPRESENTATION_CONTEXT ( 3 ) GLOBAL_UNCERTAINTY_ASSIGNED_CONTEXT ( ( #1435 ) ) GLOBAL_UNIT_ASSIGNED_CONTEXT ( ( #1894, #426, #1005 ) ) REPRESENTATION_CONTEXT ( 'NONE', 'WORKASPACE' ) );
#512 = ORIENTED_EDGE ( 'NONE', *, *, #595, .T. ) ;
#513 =( GEOMETRIC_REPRESENTATION_CONTEXT ( 3 ) GLOBAL_UNCERTAINTY_ASSIGNED_CONTEXT ( ( #1818 ) ) GLOBAL_UNIT_ASSIGNED_CONTEXT ( ( #1639, #472, #453 ) ) REPRESENTATION_CONTEXT ( 'NONE', 'WORKASPACE' ) );
#514 = AXIS2_PLACEMENT_3D ( 'NONE', #1283, #1619, #1 ) ;
#515 = ORIENTED_EDGE ( 'NONE', *, *, #272, .T. ) ;
#516 = FILL_AREA_STYLE ('',( #1845 ) ) ;
#517 = ORIENTED_EDGE ( 'NONE', *, *, #1354, .T. ) ;
#518 = AXIS2_PLACEMENT_3D ( 'NONE', #212, #1230, #261 ) ;
#519 = DIRECTION ( 'NONE',  ( 1.807003620809174632E-16, -1.000000000000000000, 0.0000000000000000000 ) ) ;
#520 =( LENGTH_UNIT ( ) NAMED_UNIT ( * ) SI_UNIT ( .MILLI., .METRE. ) );
#521 = PRESENTATION_LAYER_ASSIGNMENT (  '', '', ( #1098 ) ) ;
#522 = FACE_OUTER_BOUND ( 'NONE', #1590, .T. ) ;
#523 = PRESENTATION_LAYER_ASSIGNMENT (  '', '', ( #195 ) ) ;
#524 = EDGE_LOOP ( 'NONE', ( #1127, #1481, #1166 ) ) ;
#525 = DIRECTION ( 'NONE',  ( -0.0000000000000000000, -0.0000000000000000000, -1.000000000000000000 ) ) ;
#526 = VERTEX_POINT ( 'NONE', #131 ) ;
#527 = LINE ( 'NONE', #978, #219 ) ;
#528 = CARTESIAN_POINT ( 'NONE',  ( -0.5000000000000000000, 0.5699999999999999512, 0.02999999999999997113 ) ) ;
#529 = CARTESIAN_POINT ( 'NONE',  ( 0.5000000000000001110, -0.5999999999999999778, 0.0000000000000000000 ) ) ;
#530 = ORIENTED_EDGE ( 'NONE', *, *, #369, .F. ) ;
#531 = DIRECTION ( 'NONE',  ( 0.0000000000000000000, 0.0000000000000000000, -1.000000000000000000 ) ) ;
#532 = CARTESIAN_POINT ( 'NONE',  ( 0.5000000000000000000, 0.5299999999999999156, 0.9200000000000000400 ) ) ;
#533 = VERTEX_POINT ( 'NONE', #1155 ) ;
#534 = DIRECTION ( 'NONE',  ( -0.0000000000000000000, -0.0000000000000000000, -1.000000000000000000 ) ) ;
#535 = ORIENTED_EDGE ( 'NONE', *, *, #1811, .F. ) ;
#536 = DIRECTION ( 'NONE',  ( 1.807003620809174632E-16, -1.000000000000000000, 0.0000000000000000000 ) ) ;
#537 = MECHANICAL_DESIGN_GEOMETRIC_PRESENTATION_REPRESENTATION (  '', ( #331 ), #176 ) ;
#538 = SURFACE_STYLE_USAGE ( .BOTH. , #405 ) ;
#539 = EDGE_CURVE ( 'NONE', #1538, #932, #1438, .T. ) ;
#540 = COLOUR_RGB ( '',0.7529411764705882248, 0.7529411764705882248, 0.7529411764705882248 ) ;
#541 = EDGE_CURVE ( 'NONE', #920, #1115, #1112, .T. ) ;
#542 = ORIENTED_EDGE ( 'NONE', *, *, #291, .T. ) ;
#543 = PRESENTATION_STYLE_ASSIGNMENT (( #1746 ) ) ;
#544 = EDGE_CURVE ( 'NONE', #1344, #270, #1017, .T. ) ;
#545 = VECTOR ( 'NONE', #1160, 1000.000000000000000 ) ;
#546 =( NAMED_UNIT ( * ) PLANE_ANGLE_UNIT ( ) SI_UNIT ( $, .RADIAN. ) );
#547 = AXIS2_PLACEMENT_3D ( 'NONE', #637, #1234, #1100 ) ;
#548 =( NAMED_UNIT ( * ) SI_UNIT ( $, .STERADIAN. ) SOLID_ANGLE_UNIT ( ) );
#549 =( GEOMETRIC_REPRESENTATION_CONTEXT ( 3 ) GLOBAL_UNCERTAINTY_ASSIGNED_CONTEXT ( ( #1122 ) ) GLOBAL_UNIT_ASSIGNED_CONTEXT ( ( #1315, #1006, #1589 ) ) REPRESENTATION_CONTEXT ( 'NONE', 'WORKASPACE' ) );
#550 = UNCERTAINTY_MEASURE_WITH_UNIT (LENGTH_MEASURE( 1.000000000000000082E-05 ), #1226, 'distance_accuracy_value', 'NONE');
#551 = PRESENTATION_LAYER_ASSIGNMENT (  '', '', ( #311 ) ) ;
#552 = CARTESIAN_POINT ( 'NONE',  ( 0.5000000000000001110, -0.5699999999999999512, 0.9200000000000000400 ) ) ;
#553 = PRESENTATION_LAYER_ASSIGNMENT (  '', '', ( #713 ) ) ;
#554 = DIRECTION ( 'NONE',  ( 1.000000000000000000, -0.0000000000000000000, -0.0000000000000000000 ) ) ;
#555 = DIRECTION ( 'NONE',  ( -1.807003620809175125E-16, 1.000000000000000000, 0.0000000000000000000 ) ) ;
#556 = ORIENTED_EDGE ( 'NONE', *, *, #1749, .T. ) ;
#557 = SURFACE_STYLE_FILL_AREA ( #891 ) ;
#558 = CYLINDRICAL_SURFACE ( 'NONE', #251, 0.02999999999999997113 ) ;
#559 = FILL_AREA_STYLE ('',( #126 ) ) ;
#560 = PLANE ( 'NONE',  #274 ) ;
#561 = MANIFOLD_SOLID_BREP ( '??????????2', #1871 ) ;
#562 = VERTEX_POINT ( 'NONE', #857 ) ;
#563 = CARTESIAN_POINT ( 'NONE',  ( -0.9700000000000000844, 0.5999999999999999778, 0.02999999999999997113 ) ) ;
#564 = LINE ( 'NONE', #110, #463 ) ;
#565 = EDGE_CURVE ( 'NONE', #1710, #562, #1875, .T. ) ;
#566 = LINE ( 'NONE', #1167, #769 ) ;
#567 = PRESENTATION_STYLE_ASSIGNMENT (( #1441 ) ) ;
#568 = CARTESIAN_POINT ( 'NONE',  ( -0.5000000000000000000, 0.5699999999999999512, 0.02999999999999999889 ) ) ;
#569 = SURFACE_STYLE_FILL_AREA ( #559 ) ;
#570 = AXIS2_PLACEMENT_3D ( 'NONE', #1264, #1563, #849 ) ;
#571 = FILL_AREA_STYLE ('',( #1189 ) ) ;
#572 = SURFACE_SIDE_STYLE ('',( #1428 ) ) ;
#573 = ORIENTED_EDGE ( 'NONE', *, *, #19, .F. ) ;
#574 = PRESENTATION_STYLE_ASSIGNMENT (( #1319 ) ) ;
#575 = VECTOR ( 'NONE', #1151, 1000.000000000000000 ) ;
#576 = STYLED_ITEM ( 'NONE', ( #1504 ), #1205 ) ;
#577 = SURFACE_STYLE_USAGE ( .BOTH. , #1322 ) ;
#578 = EDGE_CURVE ( 'NONE', #148, #1256, #273, .T. ) ;
#579 = CARTESIAN_POINT ( 'NONE',  ( 0.5000000000000001110, -0.5999999999999999778, 0.03000000000000018624 ) ) ;
#580 = VECTOR ( 'NONE', #1107, 1000.000000000000000 ) ;
#581 = VERTEX_POINT ( 'NONE', #681 ) ;
#582 = CARTESIAN_POINT ( 'NONE',  ( 0.5000000000000000000, 0.5999999999999999778, 0.9499999999999999556 ) ) ;
#583 = LINE ( 'NONE', #1168, #442 ) ;
#584 = EDGE_LOOP ( 'NONE', ( #29, #265, #1571, #1303 ) ) ;
#585 =( NAMED_UNIT ( * ) PLANE_ANGLE_UNIT ( ) SI_UNIT ( $, .RADIAN. ) );
#586 = CARTESIAN_POINT ( 'NONE',  ( 0.9700000000000003064, -0.5999999999999998668, 0.9200000000000000400 ) ) ;
#587 = FILL_AREA_STYLE ('',( #281 ) ) ;
#588 = LINE ( 'NONE', #596, #700 ) ;
#589 =( NAMED_UNIT ( * ) SI_UNIT ( $, .STERADIAN. ) SOLID_ANGLE_UNIT ( ) );
#590 = VERTEX_POINT ( 'NONE', #1163 ) ;
#591 = FILL_AREA_STYLE_COLOUR ( '', #1423 ) ;
#592 = ORIENTED_EDGE ( 'NONE', *, *, #1051, .F. ) ;
#593 = DIRECTION ( 'NONE',  ( 1.000000000000000000, 0.0000000000000000000, 0.0000000000000000000 ) ) ;
#594 =( NAMED_UNIT ( * ) PLANE_ANGLE_UNIT ( ) SI_UNIT ( $, .RADIAN. ) );
#595 = EDGE_CURVE ( 'NONE', #252, #821, #722, .T. ) ;
#596 = CARTESIAN_POINT ( 'NONE',  ( 0.5000000000000000000, 0.5699999999999999512, 0.8800000000000000044 ) ) ;
#597 = PRESENTATION_LAYER_ASSIGNMENT (  '', '', ( #207 ) ) ;
#598 = FACE_OUTER_BOUND ( 'NONE', #712, .T. ) ;
#599 =( GEOMETRIC_REPRESENTATION_CONTEXT ( 3 ) GLOBAL_UNCERTAINTY_ASSIGNED_CONTEXT ( ( #399 ) ) GLOBAL_UNIT_ASSIGNED_CONTEXT ( ( #1834, #357, #813 ) ) REPRESENTATION_CONTEXT ( 'NONE', 'WORKASPACE' ) );
#600 = PRESENTATION_LAYER_ASSIGNMENT (  '', '', ( #1025 ) ) ;
#601 = DIRECTION ( 'NONE',  ( -1.000000000000000000, 0.0000000000000000000, 0.0000000000000000000 ) ) ;
#602 = SURFACE_STYLE_FILL_AREA ( #912 ) ;
#603 = ORIENTED_EDGE ( 'NONE', *, *, #638, .T. ) ;
#604 = STYLED_ITEM ( 'NONE', ( #54 ), #506 ) ;
#605 = CARTESIAN_POINT ( 'NONE',  ( 0.9700000000000003064, -0.5699999999999998401, 0.02999999999999999889 ) ) ;
#606 = DIRECTION ( 'NONE',  ( -0.0000000000000000000, 0.0000000000000000000, -1.000000000000000000 ) ) ;
#607 = MECHANICAL_DESIGN_GEOMETRIC_PRESENTATION_REPRESENTATION (  '', ( #1728 ), #1391 ) ;
#608 =( NAMED_UNIT ( * ) PLANE_ANGLE_UNIT ( ) SI_UNIT ( $, .RADIAN. ) );
#609 = AXIS2_PLACEMENT_3D ( 'NONE', #658, #1252, #1682 ) ;
#610 = COLOUR_RGB ( '',0.7529411764705882248, 0.7529411764705882248, 0.7529411764705882248 ) ;
#611 = SURFACE_STYLE_USAGE ( .BOTH. , #887 ) ;
#612 = CIRCLE ( 'NONE', #1701, 0.02999999999999997113 ) ;
#613 = DIRECTION ( 'NONE',  ( -0.0000000000000000000, -0.0000000000000000000, -1.000000000000000000 ) ) ;
#614 =( NAMED_UNIT ( * ) SI_UNIT ( $, .STERADIAN. ) SOLID_ANGLE_UNIT ( ) );
#615 = ORIENTED_EDGE ( 'NONE', *, *, #994, .T. ) ;
#616 = FILL_AREA_STYLE ('',( #44 ) ) ;
#617 = DIRECTION ( 'NONE',  ( -1.000000000000000000, 0.0000000000000000000, 0.0000000000000000000 ) ) ;
#618 =( NAMED_UNIT ( * ) SI_UNIT ( $, .STERADIAN. ) SOLID_ANGLE_UNIT ( ) );
#619 = VERTEX_POINT ( 'NONE', #1713 ) ;
#620 = CARTESIAN_POINT ( 'NONE',  ( 0.9700000000000003064, -0.5999999999999998668, 0.02999999999999997113 ) ) ;
#621 = UNCERTAINTY_MEASURE_WITH_UNIT (LENGTH_MEASURE( 1.000000000000000082E-05 ), #1007, 'distance_accuracy_value', 'NONE');
#622 = ORIENTED_EDGE ( 'NONE', *, *, #1525, .T. ) ;
#623 = ADVANCED_FACE ( 'NONE', ( #1865 ), #924, .F. ) ;
#624 = ADVANCED_FACE ( 'NONE', ( #441 ), #1776, .T. ) ;
#625 = DIRECTION ( 'NONE',  ( 1.000000000000000000, -0.0000000000000000000, -0.0000000000000000000 ) ) ;
#626 = PRESENTATION_STYLE_ASSIGNMENT (( #348 ) ) ;
#627 = UNCERTAINTY_MEASURE_WITH_UNIT (LENGTH_MEASURE( 1.000000000000000082E-05 ), #165, 'distance_accuracy_value', 'NONE');
#628 = FILL_AREA_STYLE ('',( #56 ) ) ;
#629 = EDGE_CURVE ( 'NONE', #581, #526, #1692, .T. ) ;
#630 = STYLED_ITEM ( 'NONE', ( #1375 ), #87 ) ;
#631 = FACE_OUTER_BOUND ( 'NONE', #734, .T. ) ;
#632 =( LENGTH_UNIT ( ) NAMED_UNIT ( * ) SI_UNIT ( .MILLI., .METRE. ) );
#633 =( LENGTH_UNIT ( ) NAMED_UNIT ( * ) SI_UNIT ( .MILLI., .METRE. ) );
#634 = PRESENTATION_STYLE_ASSIGNMENT (( #374 ) ) ;
#635 =( NAMED_UNIT ( * ) PLANE_ANGLE_UNIT ( ) SI_UNIT ( $, .RADIAN. ) );
#636 = STYLED_ITEM ( 'NONE', ( #981 ), #180 ) ;
#637 = CARTESIAN_POINT ( 'NONE',  ( -0.5000000000000000000, -0.5699999999999999512, 0.9200000000000000400 ) ) ;
#638 = EDGE_CURVE ( 'NONE', #660, #332, #1335, .T. ) ;
#639 = CARTESIAN_POINT ( 'NONE',  ( -0.9699999999999998623, -0.5699999999999999512, 0.9499999999999999556 ) ) ;
#640 =( GEOMETRIC_REPRESENTATION_CONTEXT ( 3 ) GLOBAL_UNCERTAINTY_ASSIGNED_CONTEXT ( ( #482 ) ) GLOBAL_UNIT_ASSIGNED_CONTEXT ( ( #1331, #585, #1752 ) ) REPRESENTATION_CONTEXT ( 'NONE', 'WORKASPACE' ) );
#641 = AXIS2_PLACEMENT_3D ( 'NONE', #1047, #894, #743 ) ;
#642 = EDGE_CURVE ( 'NONE', #1285, #395, #588, .T. ) ;
#643 = VECTOR ( 'NONE', #1345, 1000.000000000000000 ) ;
#644 =( NAMED_UNIT ( * ) SI_UNIT ( $, .STERADIAN. ) SOLID_ANGLE_UNIT ( ) );
#645 = FILL_AREA_STYLE ('',( #1388 ) ) ;
#646 = SURFACE_STYLE_FILL_AREA ( #804 ) ;
#647 =( GEOMETRIC_REPRESENTATION_CONTEXT ( 3 ) GLOBAL_UNCERTAINTY_ASSIGNED_CONTEXT ( ( #1275 ) ) GLOBAL_UNIT_ASSIGNED_CONTEXT ( ( #445, #259, #852 ) ) REPRESENTATION_CONTEXT ( 'NONE', 'WORKASPACE' ) );
#648 = UNCERTAINTY_MEASURE_WITH_UNIT (LENGTH_MEASURE( 1.000000000000000082E-05 ), #1246, 'distance_accuracy_value', 'NONE');
#649 = STYLED_ITEM ( 'NONE', ( #1475 ), #1820 ) ;
#650 = SURFACE_STYLE_FILL_AREA ( #952 ) ;
#651 = FILL_AREA_STYLE ('',( #972 ) ) ;
#652 = DIRECTION ( 'NONE',  ( -0.0000000000000000000, 0.0000000000000000000, 1.000000000000000000 ) ) ;
#653 = LINE ( 'NONE', #797, #424 ) ;
#654 = DIRECTION ( 'NONE',  ( 0.0000000000000000000, 1.000000000000000000, 0.0000000000000000000 ) ) ;
#655 = CARTESIAN_POINT ( 'NONE',  ( -0.9999999999999997780, -0.5699999999999999512, 0.02999999999999997113 ) ) ;
#656 = CYLINDRICAL_SURFACE ( 'NONE', #315, 0.02999999999999997113 ) ;
#657 = VERTEX_POINT ( 'NONE', #1199 ) ;
#658 = CARTESIAN_POINT ( 'NONE',  ( 0.9700000000000000844, 0.5699999999999999512, 0.9499999999999999556 ) ) ;
#659 =( LENGTH_UNIT ( ) NAMED_UNIT ( * ) SI_UNIT ( .MILLI., .METRE. ) );
#660 = VERTEX_POINT ( 'NONE', #1795 ) ;
#661 = VECTOR ( 'NONE', #309, 1000.000000000000000 ) ;
#662 = CARTESIAN_POINT ( 'NONE',  ( 0.9700000000000000844, 0.5999999999999999778, 0.02999999999999997113 ) ) ;
#663 = ORIENTED_EDGE ( 'NONE', *, *, #1188, .T. ) ;
#664 = SURFACE_STYLE_USAGE ( .BOTH. , #957 ) ;
#665 = AXIS2_PLACEMENT_3D ( 'NONE', #954, #1536, #210 ) ;
#666 =( NAMED_UNIT ( * ) PLANE_ANGLE_UNIT ( ) SI_UNIT ( $, .RADIAN. ) );
#667 = CARTESIAN_POINT ( 'NONE',  ( 0.9700000000000003064, -0.5699999999999998401, 0.9200000000000000400 ) ) ;
#668 = UNCERTAINTY_MEASURE_WITH_UNIT (LENGTH_MEASURE( 1.000000000000000082E-05 ), #1496, 'distance_accuracy_value', 'NONE');
#669 = SURFACE_STYLE_USAGE ( .BOTH. , #400 ) ;
#670 = CIRCLE ( 'NONE', #1567, 0.02999999999999997113 ) ;
#671 = PRESENTATION_LAYER_ASSIGNMENT (  '', '', ( #1516 ) ) ;
#672 = DIRECTION ( 'NONE',  ( 1.000000000000000000, -0.0000000000000000000, 0.0000000000000000000 ) ) ;
#673 = CARTESIAN_POINT ( 'NONE',  ( -1.000000000000000000, 0.6000000000000000888, 0.9200000000000000400 ) ) ;
#674 = EDGE_CURVE ( 'NONE', #619, #455, #323, .T. ) ;
#675 =( LENGTH_UNIT ( ) NAMED_UNIT ( * ) SI_UNIT ( .MILLI., .METRE. ) );
#676 = DIRECTION ( 'NONE',  ( -0.0000000000000000000, 1.000000000000000000, -0.0000000000000000000 ) ) ;
#677 = CARTESIAN_POINT ( 'NONE',  ( 0.9700000000000003064, -0.5699999999999996181, 0.9200000000000000400 ) ) ;
#678 = COLOUR_RGB ( '',0.7529411764705882248, 0.7529411764705882248, 0.7529411764705882248 ) ;
#679 = ORIENTED_EDGE ( 'NONE', *, *, #951, .T. ) ;
#680 =( NAMED_UNIT ( * ) PLANE_ANGLE_UNIT ( ) SI_UNIT ( $, .RADIAN. ) );
#681 = CARTESIAN_POINT ( 'NONE',  ( 0.9700000000000000844, 0.5699999999999999512, 0.0000000000000000000 ) ) ;
#682 = FILL_AREA_STYLE_COLOUR ( '', #1799 ) ;
#683 = CARTESIAN_POINT ( 'NONE',  ( 0.5000000000000000000, 0.5300000000000000266, 0.06999999999999996503 ) ) ;
#684 = CARTESIAN_POINT ( 'NONE',  ( 0.5000000000000001110, -0.5699999999999999512, 0.0000000000000000000 ) ) ;
#685 = UNCERTAINTY_MEASURE_WITH_UNIT (LENGTH_MEASURE( 1.000000000000000082E-05 ), #1753, 'distance_accuracy_value', 'NONE');
#686 = EDGE_CURVE ( 'NONE', #562, #458, #871, .T. ) ;
#687 = LINE ( 'NONE', #1132, #1386 ) ;
#688 = LINE ( 'NONE', #1721, #792 ) ;
#689 = ADVANCED_FACE ( 'NONE', ( #1735 ), #1044, .T. ) ;
#690 = CARTESIAN_POINT ( 'NONE',  ( 1.000000000000000000, 0.5699999999999999512, 0.02999999999999997113 ) ) ;
#691 = EDGE_LOOP ( 'NONE', ( #1798, #1078, #1712 ) ) ;
#692 = FILL_AREA_STYLE ('',( #1580 ) ) ;
#693 = DIRECTION ( 'NONE',  ( 1.000000000000000000, 9.035018104045873159E-17, -0.0000000000000000000 ) ) ;
#694 = FACE_OUTER_BOUND ( 'NONE', #584, .T. ) ;
#695 = VECTOR ( 'NONE', #866, 1000.000000000000000 ) ;
#696 = VERTEX_POINT ( 'NONE', #1294 ) ;
#697 =( NAMED_UNIT ( * ) SI_UNIT ( $, .STERADIAN. ) SOLID_ANGLE_UNIT ( ) );
#698 = AXIS2_PLACEMENT_3D ( 'NONE', #1221, #504, #1803 ) ;
#699 = AXIS2_PLACEMENT_3D ( 'NONE', #563, #1606, #241 ) ;
#700 = VECTOR ( 'NONE', #909, 1000.000000000000000 ) ;
#701 = DIRECTION ( 'NONE',  ( 1.000000000000000000, -0.0000000000000000000, 0.0000000000000000000 ) ) ;
#702 = FILL_AREA_STYLE_COLOUR ( '', #406 ) ;
#703 = ORIENTED_EDGE ( 'NONE', *, *, #155, .F. ) ;
#704 =( GEOMETRIC_REPRESENTATION_CONTEXT ( 3 ) GLOBAL_UNCERTAINTY_ASSIGNED_CONTEXT ( ( #78 ) ) GLOBAL_UNIT_ASSIGNED_CONTEXT ( ( #1247, #666, #1311 ) ) REPRESENTATION_CONTEXT ( 'NONE', 'WORKASPACE' ) );
#705 = SURFACE_STYLE_USAGE ( .BOTH. , #1453 ) ;
#706 = DIRECTION ( 'NONE',  ( 0.0000000000000000000, -1.000000000000000000, 0.0000000000000000000 ) ) ;
#707 = AXIS2_PLACEMENT_3D ( 'NONE', #1030, #701, #418 ) ;
#708 = ORIENTED_EDGE ( 'NONE', *, *, #1406, .T. ) ;
#709 = MECHANICAL_DESIGN_GEOMETRIC_PRESENTATION_REPRESENTATION (  '', ( #215 ), #11 ) ;
#710 = PLANE ( 'NONE',  #862 ) ;
#711 = EDGE_CURVE ( 'NONE', #361, #590, #154, .T. ) ;
#712 = EDGE_LOOP ( 'NONE', ( #802, #1362, #889, #1556 ) ) ;
#713 = STYLED_ITEM ( 'NONE', ( #1804 ), #1872 ) ;
#714 = FILL_AREA_STYLE ('',( #409 ) ) ;
#715 = EDGE_CURVE ( 'NONE', #914, #1506, #1178, .T. ) ;
#716 = CARTESIAN_POINT ( 'NONE',  ( 1.000000000000000000, 0.5999999999999999778, 0.9200000000000000400 ) ) ;
#717 = DIRECTION ( 'NONE',  ( 0.0000000000000000000, -1.000000000000000000, 0.0000000000000000000 ) ) ;
#718 =( NAMED_UNIT ( * ) SI_UNIT ( $, .STERADIAN. ) SOLID_ANGLE_UNIT ( ) );
#719 = DIRECTION ( 'NONE',  ( 0.0000000000000000000, -1.000000000000000000, 0.0000000000000000000 ) ) ;
#720 = CARTESIAN_POINT ( 'NONE',  ( -0.5000000000000000000, -0.5999999999999999778, 0.9499999999999999556 ) ) ;
#721 = SURFACE_SIDE_STYLE ('',( #1772 ) ) ;
#722 = LINE ( 'NONE', #870, #1086 ) ;
#723 = FACE_OUTER_BOUND ( 'NONE', #1204, .T. ) ;
#724 = CYLINDRICAL_SURFACE ( 'NONE', #910, 0.02999999999999999889 ) ;
#725 = ORIENTED_EDGE ( 'NONE', *, *, #1046, .T. ) ;
#726 =( NAMED_UNIT ( * ) PLANE_ANGLE_UNIT ( ) SI_UNIT ( $, .RADIAN. ) );
#727 = SURFACE_SIDE_STYLE ('',( #1771 ) ) ;
#728 = UNCERTAINTY_MEASURE_WITH_UNIT (LENGTH_MEASURE( 1.000000000000000082E-05 ), #1076, 'distance_accuracy_value', 'NONE');
#729 = CYLINDRICAL_SURFACE ( 'NONE', #1266, 0.02999999999999997113 ) ;
#730 = PRESENTATION_LAYER_ASSIGNMENT (  '', '', ( #331 ) ) ;
#731 = VECTOR ( 'NONE', #1880, 1000.000000000000000 ) ;
#732 = CARTESIAN_POINT ( 'NONE',  ( -1.000000000000000000, 0.5699999999999999512, 0.02999999999999997113 ) ) ;
#733 = CIRCLE ( 'NONE', #358, 0.02999999999999999889 ) ;
#734 = EDGE_LOOP ( 'NONE', ( #1733, #1584, #1688 ) ) ;
#735 = MECHANICAL_DESIGN_GEOMETRIC_PRESENTATION_REPRESENTATION (  '', ( #1028 ), #360 ) ;
#736 = CARTESIAN_POINT ( 'NONE',  ( -0.9700000000000000844, 0.5999999999999999778, 0.9499999999999999556 ) ) ;
#737 = ORIENTED_EDGE ( 'NONE', *, *, #1354, .F. ) ;
#738 = MECHANICAL_DESIGN_GEOMETRIC_PRESENTATION_REPRESENTATION (  '', ( #1846 ), #704 ) ;
#739 =( GEOMETRIC_REPRESENTATION_CONTEXT ( 3 ) GLOBAL_UNCERTAINTY_ASSIGNED_CONTEXT ( ( #1582 ) ) GLOBAL_UNIT_ASSIGNED_CONTEXT ( ( #968, #1401, #975 ) ) REPRESENTATION_CONTEXT ( 'NONE', 'WORKASPACE' ) );
#740 = DIRECTION ( 'NONE',  ( -1.000000000000000000, 0.0000000000000000000, 0.0000000000000000000 ) ) ;
#741 = AXIS2_PLACEMENT_3D ( 'NONE', #1677, #340, #389 ) ;
#742 = PRESENTATION_LAYER_ASSIGNMENT (  '', '', ( #1332 ) ) ;
#743 = DIRECTION ( 'NONE',  ( 0.0000000000000000000, 0.0000000000000000000, 1.000000000000000000 ) ) ;
#744 = CARTESIAN_POINT ( 'NONE',  ( -0.5000000000000000000, 0.5699999999999999512, 0.9200000000000000400 ) ) ;
#745 = ORIENTED_EDGE ( 'NONE', *, *, #1380, .T. ) ;
#746 = CARTESIAN_POINT ( 'NONE',  ( -0.5000000000000000000, 0.5699999999999999512, 0.9200000000000000400 ) ) ;
#747 = FILL_AREA_STYLE_COLOUR ( '', #1094 ) ;
#748 = ORIENTED_EDGE ( 'NONE', *, *, #951, .F. ) ;
#749 = EDGE_CURVE ( 'NONE', #1815, #1299, #1233, .T. ) ;
#750 = DIRECTION ( 'NONE',  ( 1.000000000000000000, 2.168404344971008621E-16, 0.0000000000000000000 ) ) ;
#751 = EDGE_CURVE ( 'NONE', #533, #920, #1152, .T. ) ;
#752 = CARTESIAN_POINT ( 'NONE',  ( -0.9699999999999998623, -0.5699999999999999512, 0.02999999999999999889 ) ) ;
#753 = CARTESIAN_POINT ( 'NONE',  ( -0.9999999999999997780, -0.5999999999999999778, 0.9499999999999999556 ) ) ;
#754 =( LENGTH_UNIT ( ) NAMED_UNIT ( * ) SI_UNIT ( .MILLI., .METRE. ) );
#755 = LINE ( 'NONE', #736, #1697 ) ;
#756 = ORIENTED_EDGE ( 'NONE', *, *, #1095, .F. ) ;
#757 = CARTESIAN_POINT ( 'NONE',  ( -1.000000000000000000, 0.5700000000000000622, 0.9499999999999999556 ) ) ;
#758 = CARTESIAN_POINT ( 'NONE',  ( 0.5000000000000000000, 0.5999999999999999778, 0.9499999999999999556 ) ) ;
#759 = SURFACE_STYLE_FILL_AREA ( #571 ) ;
#760 = CARTESIAN_POINT ( 'NONE',  ( -1.000000000000000000, 0.5999999999999999778, 0.9499999999999999556 ) ) ;
#761 = VERTEX_POINT ( 'NONE', #289 ) ;
#762 = VECTOR ( 'NONE', #141, 1000.000000000000000 ) ;
#763 = CARTESIAN_POINT ( 'NONE',  ( -0.9699999999999998623, -0.5699999999999999512, 0.9200000000000000400 ) ) ;
#764 = EDGE_LOOP ( 'NONE', ( #1878, #1852, #1651 ) ) ;
#765 = FACE_OUTER_BOUND ( 'NONE', #1267, .T. ) ;
#766 = VECTOR ( 'NONE', #21, 1000.000000000000000 ) ;
#767 = CARTESIAN_POINT ( 'NONE',  ( -0.5000000000000000000, 0.5999999999999999778, 0.9200000000000000400 ) ) ;
#768 = DIRECTION ( 'NONE',  ( 1.000000000000000000, 0.0000000000000000000, 0.0000000000000000000 ) ) ;
#769 = VECTOR ( 'NONE', #1760, 1000.000000000000000 ) ;
#770 = PRESENTATION_LAYER_ASSIGNMENT (  '', '', ( #66 ) ) ;
#771 = SPHERICAL_SURFACE ( 'NONE', #304, 0.02999999999999999889 ) ;
#772 =( LENGTH_UNIT ( ) NAMED_UNIT ( * ) SI_UNIT ( .MILLI., .METRE. ) );
#773 = EDGE_CURVE ( 'NONE', #1623, #1285, #1570, .T. ) ;
#774 = ORIENTED_EDGE ( 'NONE', *, *, #228, .F. ) ;
#775 = VECTOR ( 'NONE', #843, 1000.000000000000000 ) ;
#776 =( NAMED_UNIT ( * ) PLANE_ANGLE_UNIT ( ) SI_UNIT ( $, .RADIAN. ) );
#777 = ORIENTED_EDGE ( 'NONE', *, *, #1532, .T. ) ;
#778 = EDGE_CURVE ( 'NONE', #581, #791, #394, .T. ) ;
#779 = DIRECTION ( 'NONE',  ( -0.0000000000000000000, 0.0000000000000000000, 1.000000000000000000 ) ) ;
#780 = FACE_OUTER_BOUND ( 'NONE', #264, .T. ) ;
#781 = DIRECTION ( 'NONE',  ( 1.000000000000000000, 0.0000000000000000000, 0.0000000000000000000 ) ) ;
#782 = SURFACE_STYLE_FILL_AREA ( #1548 ) ;
#783 = DIRECTION ( 'NONE',  ( -0.0000000000000000000, -0.0000000000000000000, -1.000000000000000000 ) ) ;
#784 = VERTEX_POINT ( 'NONE', #586 ) ;
#785 = FILL_AREA_STYLE ('',( #63 ) ) ;
#786 = FACE_OUTER_BOUND ( 'NONE', #691, .T. ) ;
#787 = SURFACE_SIDE_STYLE ('',( #934 ) ) ;
#788 = SURFACE_SIDE_STYLE ('',( #1228 ) ) ;
#789 = SURFACE_SIDE_STYLE ('',( #1647 ) ) ;
#790 = DIRECTION ( 'NONE',  ( 1.000000000000000000, 0.0000000000000000000, 0.0000000000000000000 ) ) ;
#791 = VERTEX_POINT ( 'NONE', #1585 ) ;
#792 = VECTOR ( 'NONE', #1459, 1000.000000000000000 ) ;
#793 =( NAMED_UNIT ( * ) PLANE_ANGLE_UNIT ( ) SI_UNIT ( $, .RADIAN. ) );
#794 = DIRECTION ( 'NONE',  ( 1.000000000000000000, 0.0000000000000000000, 0.0000000000000000000 ) ) ;
#795 = PLANE ( 'NONE',  #486 ) ;
#796 = VECTOR ( 'NONE', #170, 1000.000000000000000 ) ;
#797 = CARTESIAN_POINT ( 'NONE',  ( -0.9699999999999998623, -0.6000000000000000888, 0.0000000000000000000 ) ) ;
#798 = PRESENTATION_LAYER_ASSIGNMENT (  '', '', ( #1572 ) ) ;
#799 = MECHANICAL_DESIGN_GEOMETRIC_PRESENTATION_REPRESENTATION (  '', ( #936 ), #398 ) ;
#800 = DIRECTION ( 'NONE',  ( 0.0000000000000000000, 0.0000000000000000000, 1.000000000000000000 ) ) ;
#801 = DIRECTION ( 'NONE',  ( 1.807003620809175125E-16, -1.000000000000000000, 0.0000000000000000000 ) ) ;
#802 = ORIENTED_EDGE ( 'NONE', *, *, #629, .T. ) ;
#803 = DIRECTION ( 'NONE',  ( 1.000000000000000000, 0.0000000000000000000, 0.0000000000000000000 ) ) ;
#804 = FILL_AREA_STYLE ('',( #1418 ) ) ;
#805 = AXIS2_PLACEMENT_3D ( 'NONE', #667, #354, #508 ) ;
#806 = AXIS2_PLACEMENT_3D ( 'NONE', #1617, #717, #1439 ) ;
#807 = CARTESIAN_POINT ( 'NONE',  ( -0.5000000000000000000, -0.5699999999999999512, 0.9200000000000000400 ) ) ;
#808 = DIRECTION ( 'NONE',  ( 0.0000000000000000000, 0.0000000000000000000, -1.000000000000000000 ) ) ;
#809 = UNCERTAINTY_MEASURE_WITH_UNIT (LENGTH_MEASURE( 1.000000000000000082E-05 ), #233, 'distance_accuracy_value', 'NONE');
#810 = AXIS2_PLACEMENT_3D ( 'NONE', #760, #28, #1787 ) ;
#811 = PLANE ( 'NONE',  #1387 ) ;
#812 = ORIENTED_EDGE ( 'NONE', *, *, #1321, .F. ) ;
#813 =( NAMED_UNIT ( * ) SI_UNIT ( $, .STERADIAN. ) SOLID_ANGLE_UNIT ( ) );
#814 = FILL_AREA_STYLE_COLOUR ( '', #496 ) ;
#815 = CYLINDRICAL_SURFACE ( 'NONE', #1033, 0.02999999999999999889 ) ;
#816 = FACE_OUTER_BOUND ( 'NONE', #872, .T. ) ;
#817 = ORIENTED_EDGE ( 'NONE', *, *, #1027, .T. ) ;
#818 = FILL_AREA_STYLE ('',( #245 ) ) ;
#819 = LINE ( 'NONE', #684, #1492 ) ;
#820 = FILL_AREA_STYLE ('',( #227 ) ) ;
#821 = VERTEX_POINT ( 'NONE', #140 ) ;
#822 =( NAMED_UNIT ( * ) PLANE_ANGLE_UNIT ( ) SI_UNIT ( $, .RADIAN. ) );
#823 = ORIENTED_EDGE ( 'NONE', *, *, #962, .T. ) ;
#824 = SURFACE_STYLE_FILL_AREA ( #785 ) ;
#825 = MECHANICAL_DESIGN_GEOMETRIC_PRESENTATION_REPRESENTATION (  '', ( #636 ), #1564 ) ;
#826 = PRESENTATION_STYLE_ASSIGNMENT (( #353 ) ) ;
#827 = DIRECTION ( 'NONE',  ( 1.000000000000000000, -0.0000000000000000000, 0.0000000000000000000 ) ) ;
#828 = CARTESIAN_POINT ( 'NONE',  ( 0.5000000000000000000, 0.5699999999999999512, 0.0000000000000000000 ) ) ;
#829 = MECHANICAL_DESIGN_GEOMETRIC_PRESENTATION_REPRESENTATION (  '', ( #121 ), #457 ) ;
#830 = CIRCLE ( 'NONE', #277, 0.02999999999999997113 ) ;
#831 = ORIENTED_EDGE ( 'NONE', *, *, #749, .T. ) ;
#832 = FACE_OUTER_BOUND ( 'NONE', #278, .T. ) ;
#833 = AXIS2_PLACEMENT_3D ( 'NONE', #1630, #299, #448 ) ;
#834 = CARTESIAN_POINT ( 'NONE',  ( 0.5000000000000000000, 0.5699999999999999512, 0.9200000000000000400 ) ) ;
#835 = MECHANICAL_DESIGN_GEOMETRIC_PRESENTATION_REPRESENTATION (  '', ( #576 ), #1304 ) ;
#836 = ADVANCED_FACE ( 'NONE', ( #260 ), #3, .F. ) ;
#837 = CARTESIAN_POINT ( 'NONE',  ( -0.9999999999999997780, -0.5699999999999999512, 0.02999999999999997113 ) ) ;
#838 = LINE ( 'NONE', #1402, #370 ) ;
#839 = EDGE_CURVE ( 'NONE', #696, #1595, #1373, .T. ) ;
#840 = EDGE_LOOP ( 'NONE', ( #812, #1330, #1491, #303 ) ) ;
#841 = CIRCLE ( 'NONE', #249, 0.02999999999999997113 ) ;
#842 = COLOUR_RGB ( '',0.7529411764705882248, 0.7529411764705882248, 0.7529411764705882248 ) ;
#843 = DIRECTION ( 'NONE',  ( 0.0000000000000000000, -0.0000000000000000000, 1.000000000000000000 ) ) ;
#844 = PRODUCT ( '994DE1D1-534B-4FDC-97BF-0766D7FD559F', '994DE1D1-534B-4FDC-97BF-0766D7FD559F', '', ( #454 ) ) ;
#845 = DIRECTION ( 'NONE',  ( 0.0000000000000000000, 1.000000000000000000, 0.0000000000000000000 ) ) ;
#846 = PRESENTATION_LAYER_ASSIGNMENT (  '', '', ( #253 ) ) ;
#847 = ORIENTED_EDGE ( 'NONE', *, *, #985, .T. ) ;
#848 = ORIENTED_EDGE ( 'NONE', *, *, #878, .T. ) ;
#849 = DIRECTION ( 'NONE',  ( 0.0000000000000000000, 0.0000000000000000000, 1.000000000000000000 ) ) ;
#850 = CARTESIAN_POINT ( 'NONE',  ( 0.5000000000000001110, -0.5999999999999999778, 0.9200000000000000400 ) ) ;
#851 = EDGE_CURVE ( 'NONE', #526, #122, #1061, .T. ) ;
#852 =( NAMED_UNIT ( * ) SI_UNIT ( $, .STERADIAN. ) SOLID_ANGLE_UNIT ( ) );
#853 = UNCERTAINTY_MEASURE_WITH_UNIT (LENGTH_MEASURE( 1.000000000000000082E-05 ), #754, 'distance_accuracy_value', 'NONE');
#854 = VERTEX_POINT ( 'NONE', #767 ) ;
#855 = DIRECTION ( 'NONE',  ( 0.0000000000000000000, 1.000000000000000000, 0.0000000000000000000 ) ) ;
#856 = ORIENTED_EDGE ( 'NONE', *, *, #291, .F. ) ;
#857 = CARTESIAN_POINT ( 'NONE',  ( -0.9700000000000000844, 0.5999999999999999778, 0.02999999999999997113 ) ) ;
#858 = ORIENTED_EDGE ( 'NONE', *, *, #1301, .T. ) ;
#859 = CARTESIAN_POINT ( 'NONE',  ( 0.9700000000000000844, 0.5699999999999999512, 0.9200000000000000400 ) ) ;
#860 = CARTESIAN_POINT ( 'NONE',  ( -0.5000000000000000000, 0.5299999999999999156, 0.9200000000000000400 ) ) ;
#861 = ORIENTED_EDGE ( 'NONE', *, *, #1600, .F. ) ;
#862 = AXIS2_PLACEMENT_3D ( 'NONE', #529, #107, #1853 ) ;
#863 =( NAMED_UNIT ( * ) PLANE_ANGLE_UNIT ( ) SI_UNIT ( $, .RADIAN. ) );
#864 =( GEOMETRIC_REPRESENTATION_CONTEXT ( 3 ) GLOBAL_UNCERTAINTY_ASSIGNED_CONTEXT ( ( #226 ) ) GLOBAL_UNIT_ASSIGNED_CONTEXT ( ( #1237, #1351, #1510 ) ) REPRESENTATION_CONTEXT ( 'NONE', 'WORKASPACE' ) );
#865 = ORIENTED_EDGE ( 'NONE', *, *, #422, .T. ) ;
#866 = DIRECTION ( 'NONE',  ( 1.000000000000000000, -0.0000000000000000000, 0.0000000000000000000 ) ) ;
#867 = PRESENTATION_LAYER_ASSIGNMENT (  '', '', ( #1689 ) ) ;
#868 = ORIENTED_EDGE ( 'NONE', *, *, #879, .T. ) ;
#869 = VECTOR ( 'NONE', #1134, 1000.000000000000000 ) ;
#870 = CARTESIAN_POINT ( 'NONE',  ( 0.5000000000000000000, -0.5300000000000000266, 0.9200000000000000400 ) ) ;
#871 = CIRCLE ( 'NONE', #1297, 0.02999999999999999889 ) ;
#872 = EDGE_LOOP ( 'NONE', ( #1415, #928, #530, #1703 ) ) ;
#873 = PRESENTATION_LAYER_ASSIGNMENT (  '', '', ( #1695 ) ) ;
#874 = DIRECTION ( 'NONE',  ( -1.000000000000000000, 0.0000000000000000000, -0.0000000000000000000 ) ) ;
#875 = CIRCLE ( 'NONE', #308, 0.03999999999999999389 ) ;
#876 = UNCERTAINTY_MEASURE_WITH_UNIT (LENGTH_MEASURE( 1.000000000000000082E-05 ), #1757, 'distance_accuracy_value', 'NONE');
#877 = PRESENTATION_STYLE_ASSIGNMENT (( #296 ) ) ;
#878 = EDGE_CURVE ( 'NONE', #1466, #657, #1359, .T. ) ;
#879 = EDGE_CURVE ( 'NONE', #380, #581, #1209, .T. ) ;
#880 = CARTESIAN_POINT ( 'NONE',  ( 0.9700000000000003064, -0.5999999999999998668, 0.9200000000000000400 ) ) ;
#881 = CYLINDRICAL_SURFACE ( 'NONE', #1544, 0.02999999999999997113 ) ;
#882 = SURFACE_SIDE_STYLE ('',( #1020 ) ) ;
#883 = DIRECTION ( 'NONE',  ( -0.0000000000000000000, 0.0000000000000000000, 1.000000000000000000 ) ) ;
#884 = SURFACE_STYLE_USAGE ( .BOTH. , #1035 ) ;
#885 = DIRECTION ( 'NONE',  ( 1.000000000000000000, -0.0000000000000000000, -0.0000000000000000000 ) ) ;
#886 = SURFACE_STYLE_USAGE ( .BOTH. , #37 ) ;
#887 = SURFACE_SIDE_STYLE ('',( #255 ) ) ;
#888 = PRESENTATION_STYLE_ASSIGNMENT (( #1316 ) ) ;
#889 = ORIENTED_EDGE ( 'NONE', *, *, #878, .F. ) ;
#890 = ADVANCED_FACE ( 'NONE', ( #1526 ), #1340, .T. ) ;
#891 = FILL_AREA_STYLE ('',( #295 ) ) ;
#892 = FACE_OUTER_BOUND ( 'NONE', #1280, .T. ) ;
#893 = PRODUCT_DEFINITION_CONTEXT ( 'detailed design', #1594, 'design' ) ;
#894 = DIRECTION ( 'NONE',  ( 0.0000000000000000000, -1.000000000000000000, -0.0000000000000000000 ) ) ;
#895 = COLOUR_RGB ( '',0.7529411764705882248, 0.7529411764705882248, 0.7529411764705882248 ) ;
#896 =( LENGTH_UNIT ( ) NAMED_UNIT ( * ) SI_UNIT ( .MILLI., .METRE. ) );
#897 = PRESENTATION_LAYER_ASSIGNMENT (  '', '', ( #1728 ) ) ;
#898 = ORIENTED_EDGE ( 'NONE', *, *, #447, .T. ) ;
#899 = STYLED_ITEM ( 'NONE', ( #904 ), #890 ) ;
#900 = ADVANCED_FACE ( 'NONE', ( #178 ), #1081, .T. ) ;
#901 = ORIENTED_EDGE ( 'NONE', *, *, #595, .F. ) ;
#902 = PRESENTATION_LAYER_ASSIGNMENT (  '', '', ( #1208 ) ) ;
#903 = AXIS2_PLACEMENT_3D ( 'NONE', #1608, #142, #411 ) ;
#904 = PRESENTATION_STYLE_ASSIGNMENT (( #1074 ) ) ;
#905 = DIRECTION ( 'NONE',  ( 0.0000000000000000000, 0.0000000000000000000, 1.000000000000000000 ) ) ;
#906 = DIRECTION ( 'NONE',  ( 0.0000000000000000000, 0.0000000000000000000, 1.000000000000000000 ) ) ;
#907 = AXIS2_PLACEMENT_3D ( 'NONE', #1883, #20, #905 ) ;
#908 = STYLED_ITEM ( 'NONE', ( #574 ), #1635 ) ;
#909 = DIRECTION ( 'NONE',  ( 1.000000000000000000, -0.0000000000000000000, -0.0000000000000000000 ) ) ;
#910 = AXIS2_PLACEMENT_3D ( 'NONE', #732, #186, #1648 ) ;
#911 = EDGE_LOOP ( 'NONE', ( #1249, #542, #817, #388 ) ) ;
#912 = FILL_AREA_STYLE ('',( #1058 ) ) ;
#913 = APPLICATION_CONTEXT ( 'automotive_design' ) ;
#914 = VERTEX_POINT ( 'NONE', #1130 ) ;
#915 = CARTESIAN_POINT ( 'NONE',  ( 1.000000000000000000, 0.5699999999999999512, 0.9499999999999999556 ) ) ;
#916 =( NAMED_UNIT ( * ) PLANE_ANGLE_UNIT ( ) SI_UNIT ( $, .RADIAN. ) );
#917 = PLANE ( 'NONE',  #1523 ) ;
#918 = ORIENTED_EDGE ( 'NONE', *, *, #642, .F. ) ;
#919 = SURFACE_STYLE_USAGE ( .BOTH. , #198 ) ;
#920 = VERTEX_POINT ( 'NONE', #988 ) ;
#921 =( LENGTH_UNIT ( ) NAMED_UNIT ( * ) SI_UNIT ( .MILLI., .METRE. ) );
#922 = SURFACE_STYLE_USAGE ( .BOTH. , #1684 ) ;
#923 = EDGE_CURVE ( 'NONE', #458, #270, #339, .T. ) ;
#924 = PLANE ( 'NONE',  #86 ) ;
#925 = VECTOR ( 'NONE', #237, 1000.000000000000000 ) ;
#926 =( NAMED_UNIT ( * ) PLANE_ANGLE_UNIT ( ) SI_UNIT ( $, .RADIAN. ) );
#927 = ADVANCED_FACE ( 'NONE', ( #224 ), #216, .F. ) ;
#928 = ORIENTED_EDGE ( 'NONE', *, *, #1238, .F. ) ;
#929 = VECTOR ( 'NONE', #52, 1000.000000000000000 ) ;
#930 = FACE_OUTER_BOUND ( 'NONE', #524, .T. ) ;
#931 =( LENGTH_UNIT ( ) NAMED_UNIT ( * ) SI_UNIT ( .MILLI., .METRE. ) );
#932 = VERTEX_POINT ( 'NONE', #1542 ) ;
#933 = VECTOR ( 'NONE', #1882, 1000.000000000000000 ) ;
#934 = SURFACE_STYLE_FILL_AREA ( #1349 ) ;
#935 = FILL_AREA_STYLE ('',( #1664 ) ) ;
#936 = STYLED_ITEM ( 'NONE', ( #1540 ), #1108 ) ;
#937 = AXIS2_PLACEMENT_3D ( 'NONE', #1873, #202, #654 ) ;
#938 = AXIS2_PLACEMENT_3D ( 'NONE', #1034, #15, #874 ) ;
#939 = CARTESIAN_POINT ( 'NONE',  ( 0.5000000000000001110, -0.5700000000000000622, 0.9499999999999999556 ) ) ;
#940 = SURFACE_STYLE_FILL_AREA ( #302 ) ;
#941 = AXIS2_PLACEMENT_3D ( 'NONE', #1480, #1165, #443 ) ;
#942 = STYLED_ITEM ( 'NONE', ( #373 ), #231 ) ;
#943 = FILL_AREA_STYLE ('',( #1106 ) ) ;
#944 = SURFACE_STYLE_FILL_AREA ( #1361 ) ;
#945 = SURFACE_STYLE_FILL_AREA ( #487 ) ;
#946 = CARTESIAN_POINT ( 'NONE',  ( -0.9999999999999997780, -0.5999999999999999778, 0.9200000000000000400 ) ) ;
#947 = DIRECTION ( 'NONE',  ( 0.0000000000000000000, 0.0000000000000000000, 1.000000000000000000 ) ) ;
#948 = EDGE_LOOP ( 'NONE', ( #467, #756, #16, #1436 ) ) ;
#949 =( LENGTH_UNIT ( ) NAMED_UNIT ( * ) SI_UNIT ( .MILLI., .METRE. ) );
#950 = LINE ( 'NONE', #243, #580 ) ;
#951 = EDGE_CURVE ( 'NONE', #619, #696, #1631, .T. ) ;
#952 = FILL_AREA_STYLE ('',( #68 ) ) ;
#953 = FACE_OUTER_BOUND ( 'NONE', #187, .T. ) ;
#954 = CARTESIAN_POINT ( 'NONE',  ( 0.9700000000000003064, -0.5699999999999997291, 0.9200000000000000400 ) ) ;
#955 = FILL_AREA_STYLE ('',( #349 ) ) ;
#956 = ORIENTED_EDGE ( 'NONE', *, *, #1581, .F. ) ;
#957 = SURFACE_SIDE_STYLE ('',( #1679 ) ) ;
#958 = DIRECTION ( 'NONE',  ( 0.0000000000000000000, 0.0000000000000000000, -1.000000000000000000 ) ) ;
#959 = ADVANCED_FACE ( 'NONE', ( #507 ), #7, .T. ) ;
#960 = CIRCLE ( 'NONE', #1170, 0.03999999999999999389 ) ;
#961 = STYLED_ITEM ( 'NONE', ( #979 ), #438 ) ;
#962 = EDGE_CURVE ( 'NONE', #380, #1162, #347, .T. ) ;
#963 = ORIENTED_EDGE ( 'NONE', *, *, #1784, .F. ) ;
#964 = DIRECTION ( 'NONE',  ( 1.000000000000000000, 0.0000000000000000000, 0.0000000000000000000 ) ) ;
#965 = COLOUR_RGB ( '',0.7529411764705882248, 0.7529411764705882248, 0.7529411764705882248 ) ;
#966 = ORIENTED_EDGE ( 'NONE', *, *, #1414, .T. ) ;
#967 = AXIS2_PLACEMENT_3D ( 'NONE', #345, #34, #768 ) ;
#968 =( LENGTH_UNIT ( ) NAMED_UNIT ( * ) SI_UNIT ( .MILLI., .METRE. ) );
#969 = CARTESIAN_POINT ( 'NONE',  ( -0.5000000000000000000, 0.5700000000000000622, 0.9200000000000000400 ) ) ;
#970 = MECHANICAL_DESIGN_GEOMETRIC_PRESENTATION_REPRESENTATION (  '', ( #253 ), #1272 ) ;
#971 =( NAMED_UNIT ( * ) SI_UNIT ( $, .STERADIAN. ) SOLID_ANGLE_UNIT ( ) );
#972 = FILL_AREA_STYLE_COLOUR ( '', #842 ) ;
#973 = LINE ( 'NONE', #118, #1725 ) ;
#974 = ORIENTED_EDGE ( 'NONE', *, *, #1864, .F. ) ;
#975 =( NAMED_UNIT ( * ) SI_UNIT ( $, .STERADIAN. ) SOLID_ANGLE_UNIT ( ) );
#976 = PRESENTATION_STYLE_ASSIGNMENT (( #375 ) ) ;
#977 = ORIENTED_EDGE ( 'NONE', *, *, #1126, .F. ) ;
#978 = CARTESIAN_POINT ( 'NONE',  ( -0.5000000000000000000, 0.5700000000000000622, 0.0000000000000000000 ) ) ;
#979 = PRESENTATION_STYLE_ASSIGNMENT (( #379 ) ) ;
#980 = ORIENTED_EDGE ( 'NONE', *, *, #71, .F. ) ;
#981 = PRESENTATION_STYLE_ASSIGNMENT (( #417 ) ) ;
#982 = ADVANCED_FACE ( 'NONE', ( #112 ), #881, .T. ) ;
#983 = ADVANCED_FACE ( 'NONE', ( #1770 ), #1290, .F. ) ;
#984 = LINE ( 'NONE', #834, #1786 ) ;
#985 = EDGE_CURVE ( 'NONE', #1643, #1431, #566, .T. ) ;
#986 =( NAMED_UNIT ( * ) PLANE_ANGLE_UNIT ( ) SI_UNIT ( $, .RADIAN. ) );
#987 = ORIENTED_EDGE ( 'NONE', *, *, #1257, .F. ) ;
#988 = CARTESIAN_POINT ( 'NONE',  ( -0.9699999999999998623, -0.5699999999999999512, 0.0000000000000000000 ) ) ;
#989 = CARTESIAN_POINT ( 'NONE',  ( 0.9700000000000003064, -0.5999999999999998668, 0.9499999999999999556 ) ) ;
#990 = CIRCLE ( 'NONE', #1484, 0.02999999999999997113 ) ;
#991 = ORIENTED_EDGE ( 'NONE', *, *, #372, .F. ) ;
#992 = DIRECTION ( 'NONE',  ( 1.000000000000000000, -0.0000000000000000000, -0.0000000000000000000 ) ) ;
#993 = PRESENTATION_STYLE_ASSIGNMENT (( #538 ) ) ;
#994 = EDGE_CURVE ( 'NONE', #784, #1815, #433, .T. ) ;
#995 = MECHANICAL_DESIGN_GEOMETRIC_PRESENTATION_REPRESENTATION (  '', ( #436 ), #364 ) ;
#996 = FILL_AREA_STYLE_COLOUR ( '', #1847 ) ;
#997 = VERTEX_POINT ( 'NONE', #620 ) ;
#998 = CIRCLE ( 'NONE', #1851, 0.03999999999999999389 ) ;
#999 = EDGE_CURVE ( 'NONE', #148, #257, #182, .T. ) ;
#1000 = AXIS2_PLACEMENT_3D ( 'NONE', #82, #1109, #1421 ) ;
#1001 = DIRECTION ( 'NONE',  ( 0.0000000000000000000, 1.000000000000000000, 0.0000000000000000000 ) ) ;
#1002 = DIRECTION ( 'NONE',  ( -0.0000000000000000000, -0.0000000000000000000, -1.000000000000000000 ) ) ;
#1003 = DIRECTION ( 'NONE',  ( 0.0000000000000000000, 0.0000000000000000000, -1.000000000000000000 ) ) ;
#1004 = EDGE_LOOP ( 'NONE', ( #1050, #1779, #823, #622, #987, #831, #1271, #74 ) ) ;
#1005 =( NAMED_UNIT ( * ) SI_UNIT ( $, .STERADIAN. ) SOLID_ANGLE_UNIT ( ) );
#1006 =( NAMED_UNIT ( * ) PLANE_ANGLE_UNIT ( ) SI_UNIT ( $, .RADIAN. ) );
#1007 =( LENGTH_UNIT ( ) NAMED_UNIT ( * ) SI_UNIT ( .MILLI., .METRE. ) );
#1008 = ADVANCED_FACE ( 'NONE', ( #930 ), #1649, .T. ) ;
#1009 = PRESENTATION_STYLE_ASSIGNMENT (( #103 ) ) ;
#1010 = EDGE_CURVE ( 'NONE', #791, #761, #1482, .T. ) ;
#1011 =( NAMED_UNIT ( * ) SI_UNIT ( $, .STERADIAN. ) SOLID_ANGLE_UNIT ( ) );
#1012 = UNCERTAINTY_MEASURE_WITH_UNIT (LENGTH_MEASURE( 1.000000000000000082E-05 ), #1258, 'distance_accuracy_value', 'NONE');
#1013 = DIRECTION ( 'NONE',  ( -1.000000000000000000, 0.0000000000000000000, 0.0000000000000000000 ) ) ;
#1014 = DIRECTION ( 'NONE',  ( -1.000000000000000000, -0.0000000000000000000, -0.0000000000000000000 ) ) ;
#1015 = ORIENTED_EDGE ( 'NONE', *, *, #1126, .T. ) ;
#1016 = EDGE_LOOP ( 'NONE', ( #326, #160, #1385, #431 ) ) ;
#1017 = LINE ( 'NONE', #1463, #869 ) ;
#1018 = DIRECTION ( 'NONE',  ( -0.0000000000000000000, -0.0000000000000000000, -1.000000000000000000 ) ) ;
#1019 = DIRECTION ( 'NONE',  ( 0.0000000000000000000, 0.0000000000000000000, 1.000000000000000000 ) ) ;
#1020 = SURFACE_STYLE_FILL_AREA ( #1751 ) ;
#1021 = EDGE_CURVE ( 'NONE', #1506, #660, #875, .T. ) ;
#1022 = EDGE_CURVE ( 'NONE', #562, #1517, #755, .T. ) ;
#1023 =( NAMED_UNIT ( * ) SI_UNIT ( $, .STERADIAN. ) SOLID_ANGLE_UNIT ( ) );
#1024 = SURFACE_STYLE_USAGE ( .BOTH. , #1456 ) ;
#1025 = STYLED_ITEM ( 'NONE', ( #1394 ), #300 ) ;
#1026 = CARTESIAN_POINT ( 'NONE',  ( -1.000000000000000000, 0.5699999999999999512, 0.02999999999999997113 ) ) ;
#1027 = EDGE_CURVE ( 'NONE', #657, #526, #468, .T. ) ;
#1028 = STYLED_ITEM ( 'NONE', ( #877 ), #689 ) ;
#1029 = VECTOR ( 'NONE', #30, 1000.000000000000000 ) ;
#1030 = CARTESIAN_POINT ( 'NONE',  ( -0.5000000000000000000, -0.5300000000000000266, 0.06999999999999996503 ) ) ;
#1031 =( NAMED_UNIT ( * ) SI_UNIT ( $, .STERADIAN. ) SOLID_ANGLE_UNIT ( ) );
#1032 = ORIENTED_EDGE ( 'NONE', *, *, #999, .F. ) ;
#1033 = AXIS2_PLACEMENT_3D ( 'NONE', #655, #1129, #1250 ) ;
#1034 = CARTESIAN_POINT ( 'NONE',  ( 0.5000000000000001110, -0.5999999999999999778, 0.9499999999999999556 ) ) ;
#1035 = SURFACE_SIDE_STYLE ('',( #569 ) ) ;
#1036 = VECTOR ( 'NONE', #534, 1000.000000000000000 ) ;
#1037 =( GEOMETRIC_REPRESENTATION_CONTEXT ( 3 ) GLOBAL_UNCERTAINTY_ASSIGNED_CONTEXT ( ( #1215 ) ) GLOBAL_UNIT_ASSIGNED_CONTEXT ( ( #896, #1336, #589 ) ) REPRESENTATION_CONTEXT ( 'NONE', 'WORKASPACE' ) );
#1038 = PRESENTATION_STYLE_ASSIGNMENT (( #886 ) ) ;
#1039 = SURFACE_STYLE_FILL_AREA ( #1487 ) ;
#1040 =( NAMED_UNIT ( * ) SI_UNIT ( $, .STERADIAN. ) SOLID_ANGLE_UNIT ( ) );
#1041 = ORIENTED_EDGE ( 'NONE', *, *, #1817, .F. ) ;
#1042 = FILL_AREA_STYLE_COLOUR ( '', #1462 ) ;
#1043 = PLANE ( 'NONE',  #938 ) ;
#1044 = SPHERICAL_SURFACE ( 'NONE', #36, 0.02999999999999999889 ) ;
#1045 = DIRECTION ( 'NONE',  ( 1.000000000000000000, 9.035018104045873159E-17, -0.0000000000000000000 ) ) ;
#1046 = EDGE_CURVE ( 'NONE', #1498, #1299, #41, .T. ) ;
#1047 = CARTESIAN_POINT ( 'NONE',  ( 0.9700000000000000844, 0.5699999999999999512, 0.02999999999999997113 ) ) ;
#1048 = EDGE_CURVE ( 'NONE', #1285, #1506, #1490, .T. ) ;
#1049 = DIRECTION ( 'NONE',  ( 1.807003620809175125E-16, -1.000000000000000000, 0.0000000000000000000 ) ) ;
#1050 = ORIENTED_EDGE ( 'NONE', *, *, #1051, .T. ) ;
#1051 = EDGE_CURVE ( 'NONE', #1538, #761, #1338, .T. ) ;
#1052 = VERTEX_POINT ( 'NONE', #1642 ) ;
#1053 = CARTESIAN_POINT ( 'NONE',  ( 1.000000000000000000, 0.5699999999999999512, 0.0000000000000000000 ) ) ;
#1054 = FILL_AREA_STYLE_COLOUR ( '', #1232 ) ;
#1055 =( LENGTH_UNIT ( ) NAMED_UNIT ( * ) SI_UNIT ( .MILLI., .METRE. ) );
#1056 = VECTOR ( 'NONE', #1762, 1000.000000000000000 ) ;
#1057 = CARTESIAN_POINT ( 'NONE',  ( 0.5000000000000000000, 0.5999999999999999778, 0.02999999999999997113 ) ) ;
#1058 = FILL_AREA_STYLE_COLOUR ( '', #678 ) ;
#1059 = EDGE_LOOP ( 'NONE', ( #229, #381, #197, #901 ) ) ;
#1060 = AXIS2_PLACEMENT_3D ( 'NONE', #351, #362, #803 ) ;
#1061 = LINE ( 'NONE', #915, #1765 ) ;
#1062 = LINE ( 'NONE', #946, #1328 ) ;
#1063 = FACE_OUTER_BOUND ( 'NONE', #419, .T. ) ;
#1064 =( GEOMETRIC_REPRESENTATION_CONTEXT ( 3 ) GLOBAL_UNCERTAINTY_ASSIGNED_CONTEXT ( ( #92 ) ) GLOBAL_UNIT_ASSIGNED_CONTEXT ( ( #1509, #1088, #1663 ) ) REPRESENTATION_CONTEXT ( 'NONE', 'WORKASPACE' ) );
#1065 =( GEOMETRIC_REPRESENTATION_CONTEXT ( 3 ) GLOBAL_UNCERTAINTY_ASSIGNED_CONTEXT ( ( #421 ) ) GLOBAL_UNIT_ASSIGNED_CONTEXT ( ( #1577, #1174, #256 ) ) REPRESENTATION_CONTEXT ( 'NONE', 'WORKASPACE' ) );
#1066 = SURFACE_STYLE_USAGE ( .BOTH. , #466 ) ;
#1067 = FILL_AREA_STYLE_COLOUR ( '', #161 ) ;
#1068 = MECHANICAL_DESIGN_GEOMETRIC_PRESENTATION_REPRESENTATION (  '', ( #942 ), #1307 ) ;
#1069 = EDGE_LOOP ( 'NONE', ( #425, #177, #737 ) ) ;
#1070 = DIRECTION ( 'NONE',  ( -1.000000000000000000, 0.0000000000000000000, 0.0000000000000000000 ) ) ;
#1071 = PRESENTATION_STYLE_ASSIGNMENT (( #919 ) ) ;
#1072 = ORIENTED_EDGE ( 'NONE', *, *, #1553, .F. ) ;
#1073 = DIRECTION ( 'NONE',  ( 0.0000000000000000000, 0.0000000000000000000, 1.000000000000000000 ) ) ;
#1074 = SURFACE_STYLE_USAGE ( .BOTH. , #1087 ) ;
#1075 =( NAMED_UNIT ( * ) SI_UNIT ( $, .STERADIAN. ) SOLID_ANGLE_UNIT ( ) );
#1076 =( LENGTH_UNIT ( ) NAMED_UNIT ( * ) SI_UNIT ( .MILLI., .METRE. ) );
#1077 =( NAMED_UNIT ( * ) PLANE_ANGLE_UNIT ( ) SI_UNIT ( $, .RADIAN. ) );
#1078 = ORIENTED_EDGE ( 'NONE', *, *, #1775, .T. ) ;
#1079 = SURFACE_STYLE_USAGE ( .BOTH. , #168 ) ;
#1080 = EDGE_LOOP ( 'NONE', ( #1841, #708, #190, #1371 ) ) ;
#1081 = CYLINDRICAL_SURFACE ( 'NONE', #609, 0.02999999999999997113 ) ;
#1082 = ADVANCED_FACE ( 'NONE', ( #325 ), #1417, .T. ) ;
#1083 = DIRECTION ( 'NONE',  ( 0.0000000000000000000, 1.000000000000000000, 0.0000000000000000000 ) ) ;
#1084 = DIRECTION ( 'NONE',  ( 0.0000000000000000000, 0.0000000000000000000, 1.000000000000000000 ) ) ;
#1085 =( GEOMETRIC_REPRESENTATION_CONTEXT ( 3 ) GLOBAL_UNCERTAINTY_ASSIGNED_CONTEXT ( ( #1236 ) ) GLOBAL_UNIT_ASSIGNED_CONTEXT ( ( #488, #1529, #1090 ) ) REPRESENTATION_CONTEXT ( 'NONE', 'WORKASPACE' ) );
#1086 = VECTOR ( 'NONE', #1314, 1000.000000000000000 ) ;
#1087 = SURFACE_SIDE_STYLE ('',( #945 ) ) ;
#1088 =( NAMED_UNIT ( * ) PLANE_ANGLE_UNIT ( ) SI_UNIT ( $, .RADIAN. ) );
#1089 = AXIS2_PLACEMENT_3D ( 'NONE', #25, #593, #1802 ) ;
#1090 =( NAMED_UNIT ( * ) SI_UNIT ( $, .STERADIAN. ) SOLID_ANGLE_UNIT ( ) );
#1091 =( GEOMETRIC_REPRESENTATION_CONTEXT ( 3 ) GLOBAL_UNCERTAINTY_ASSIGNED_CONTEXT ( ( #668 ) ) GLOBAL_UNIT_ASSIGNED_CONTEXT ( ( #1496, #776, #485 ) ) REPRESENTATION_CONTEXT ( 'NONE', 'WORKASPACE' ) );
#1092 =( GEOMETRIC_REPRESENTATION_CONTEXT ( 3 ) GLOBAL_UNCERTAINTY_ASSIGNED_CONTEXT ( ( #378 ) ) GLOBAL_UNIT_ASSIGNED_CONTEXT ( ( #250, #1383, #59 ) ) REPRESENTATION_CONTEXT ( 'NONE', 'WORKASPACE' ) );
#1093 = CARTESIAN_POINT ( 'NONE',  ( -0.9699999999999997513, -0.5699999999999999512, 0.02999999999999999889 ) ) ;
#1094 = COLOUR_RGB ( '',0.7529411764705882248, 0.7529411764705882248, 0.7529411764705882248 ) ;
#1095 = EDGE_CURVE ( 'NONE', #1256, #1595, #1557, .T. ) ;
#1096 =( NAMED_UNIT ( * ) PLANE_ANGLE_UNIT ( ) SI_UNIT ( $, .RADIAN. ) );
#1097 = VERTEX_POINT ( 'NONE', #1245 ) ;
#1098 = STYLED_ITEM ( 'NONE', ( #1671 ), #1698 ) ;
#1099 = SURFACE_SIDE_STYLE ('',( #824 ) ) ;
#1100 = DIRECTION ( 'NONE',  ( 0.0000000000000000000, -0.0000000000000000000, 1.000000000000000000 ) ) ;
#1101 = LINE ( 'NONE', #757, #1149 ) ;
#1102 = SURFACE_STYLE_USAGE ( .BOTH. , #201 ) ;
#1103 = PRESENTATION_STYLE_ASSIGNMENT (( #1376 ) ) ;
#1104 = ADVANCED_FACE ( 'NONE', ( #501 ), #815, .T. ) ;
#1105 =( NAMED_UNIT ( * ) PLANE_ANGLE_UNIT ( ) SI_UNIT ( $, .RADIAN. ) );
#1106 = FILL_AREA_STYLE_COLOUR ( '', #1265 ) ;
#1107 = DIRECTION ( 'NONE',  ( 1.807003620809175125E-16, -1.000000000000000000, -0.0000000000000000000 ) ) ;
#1108 = ADVANCED_FACE ( 'NONE', ( #80 ), #1705, .T. ) ;
#1109 = DIRECTION ( 'NONE',  ( 0.0000000000000000000, 1.000000000000000000, 0.0000000000000000000 ) ) ;
#1110 = UNCERTAINTY_MEASURE_WITH_UNIT (LENGTH_MEASURE( 1.000000000000000082E-05 ), #1554, 'distance_accuracy_value', 'NONE');
#1111 = SURFACE_STYLE_USAGE ( .BOTH. , #789 ) ;
#1112 = CIRCLE ( 'NONE', #1353, 0.02999999999999999889 ) ;
#1113 = FACE_OUTER_BOUND ( 'NONE', #1080, .T. ) ;
#1114 = MECHANICAL_DESIGN_GEOMETRIC_PRESENTATION_REPRESENTATION (  '', ( #1172 ), #513 ) ;
#1115 = VERTEX_POINT ( 'NONE', #837 ) ;
#1116 = CARTESIAN_POINT ( 'NONE',  ( -0.5000000000000000000, -0.5699999999999999512, 0.9499999999999999556 ) ) ;
#1117 = SURFACE_SIDE_STYLE ('',( #1255 ) ) ;
#1118 = EDGE_LOOP ( 'NONE', ( #861, #1868, #1357, #1531, #898, #858, #174, #407 ) ) ;
#1119 = CIRCLE ( 'NONE', #282, 0.02999999999999997113 ) ;
#1120 = SURFACE_STYLE_FILL_AREA ( #516 ) ;
#1121 = AXIS2_PLACEMENT_3D ( 'NONE', #1879, #267, #719 ) ;
#1122 = UNCERTAINTY_MEASURE_WITH_UNIT (LENGTH_MEASURE( 1.000000000000000082E-05 ), #1315, 'distance_accuracy_value', 'NONE');
#1123 = AXIS2_PLACEMENT_3D ( 'NONE', #1632, #476, #1182 ) ;
#1124 = SURFACE_SIDE_STYLE ('',( #1412 ) ) ;
#1125 = ORIENTED_EDGE ( 'NONE', *, *, #1565, .F. ) ;
#1126 = EDGE_CURVE ( 'NONE', #491, #1524, #564, .T. ) ;
#1127 = ORIENTED_EDGE ( 'NONE', *, *, #686, .T. ) ;
#1128 = CARTESIAN_POINT ( 'NONE',  ( -0.9699999999999998623, -0.5999999999999999778, 0.9499999999999999556 ) ) ;
#1129 = DIRECTION ( 'NONE',  ( 1.000000000000000000, -0.0000000000000000000, 0.0000000000000000000 ) ) ;
#1130 = CARTESIAN_POINT ( 'NONE',  ( 0.5000000000000000000, 0.5699999999999999512, 0.06999999999999996503 ) ) ;
#1131 = PRESENTATION_STYLE_ASSIGNMENT (( #1839 ) ) ;
#1132 = CARTESIAN_POINT ( 'NONE',  ( 0.5000000000000001110, 0.5700000000000000622, 0.9499999999999999556 ) ) ;
#1133 = LINE ( 'NONE', #1116, #695 ) ;
#1134 = DIRECTION ( 'NONE',  ( 0.0000000000000000000, 0.0000000000000000000, -1.000000000000000000 ) ) ;
#1135 = DIRECTION ( 'NONE',  ( 1.807003620809175125E-16, -1.000000000000000000, -0.0000000000000000000 ) ) ;
#1136 = FILL_AREA_STYLE ('',( #702 ) ) ;
#1137 = VERTEX_POINT ( 'NONE', #1474 ) ;
#1138 = PRESENTATION_STYLE_ASSIGNMENT (( #705 ) ) ;
#1139 = CARTESIAN_POINT ( 'NONE',  ( 0.9700000000000003064, -0.5699999999999998401, 0.02999999999999997113 ) ) ;
#1140 =( NAMED_UNIT ( * ) PLANE_ANGLE_UNIT ( ) SI_UNIT ( $, .RADIAN. ) );
#1141 = AXIS2_PLACEMENT_3D ( 'NONE', #164, #885, #290 ) ;
#1142 = CARTESIAN_POINT ( 'NONE',  ( 0.5000000000000001110, -0.5999999999999999778, 0.9499999999999999556 ) ) ;
#1143 = CIRCLE ( 'NONE', #1457, 0.02999999999999997113 ) ;
#1144 = COLOUR_RGB ( '',0.1254901960784313708, 0.1254901960784313708, 0.1254901960784313708 ) ;
#1145 = ORIENTED_EDGE ( 'NONE', *, *, #715, .F. ) ;
#1146 = SURFACE_SIDE_STYLE ('',( #284 ) ) ;
#1147 = EDGE_CURVE ( 'NONE', #932, #1431, #214, .T. ) ;
#1148 = DIRECTION ( 'NONE',  ( 1.000000000000000000, 0.0000000000000000000, 0.0000000000000000000 ) ) ;
#1149 = VECTOR ( 'NONE', #473, 1000.000000000000000 ) ;
#1150 = VECTOR ( 'NONE', #676, 1000.000000000000000 ) ;
#1151 = DIRECTION ( 'NONE',  ( 9.035018104045870694E-17, -1.000000000000000000, 0.0000000000000000000 ) ) ;
#1152 = LINE ( 'NONE', #415, #307 ) ;
#1153 = COLOUR_RGB ( '',0.7529411764705882248, 0.7529411764705882248, 0.7529411764705882248 ) ;
#1154 = VERTEX_POINT ( 'NONE', #242 ) ;
#1155 = CARTESIAN_POINT ( 'NONE',  ( -0.5000000000000000000, -0.5700000000000000622, 0.0000000000000000000 ) ) ;
#1156 = ADVANCED_FACE ( 'NONE', ( #723 ), #1876, .T. ) ;
#1157 = SURFACE_STYLE_FILL_AREA ( #1136 ) ;
#1158 = ORIENTED_EDGE ( 'NONE', *, *, #1525, .F. ) ;
#1159 = FILL_AREA_STYLE_COLOUR ( '', #1738 ) ;
#1160 = DIRECTION ( 'NONE',  ( -0.0000000000000000000, 1.000000000000000000, -0.0000000000000000000 ) ) ;
#1161 = FILL_AREA_STYLE_COLOUR ( '', #1231 ) ;
#1162 = VERTEX_POINT ( 'NONE', #100 ) ;
#1163 = CARTESIAN_POINT ( 'NONE',  ( -0.5000000000000000000, -0.5699999999999999512, 0.8800000000000000044 ) ) ;
#1164 = PLANE ( 'NONE',  #1239 ) ;
#1165 = DIRECTION ( 'NONE',  ( 0.0000000000000000000, 0.0000000000000000000, 1.000000000000000000 ) ) ;
#1166 = ORIENTED_EDGE ( 'NONE', *, *, #1188, .F. ) ;
#1167 = CARTESIAN_POINT ( 'NONE',  ( 0.9700000000000003064, -0.5999999999999998668, 0.9499999999999999556 ) ) ;
#1168 = CARTESIAN_POINT ( 'NONE',  ( -0.5000000000000000000, 0.5699999999999999512, 0.9200000000000000400 ) ) ;
#1169 = DIRECTION ( 'NONE',  ( -1.000000000000000000, 0.0000000000000000000, 0.0000000000000000000 ) ) ;
#1170 = AXIS2_PLACEMENT_3D ( 'NONE', #1334, #1045, #1197 ) ;
#1171 = AXIS2_PLACEMENT_3D ( 'NONE', #720, #883, #1312 ) ;
#1172 = STYLED_ITEM ( 'NONE', ( #1478 ), #836 ) ;
#1173 = SURFACE_STYLE_USAGE ( .BOTH. , #572 ) ;
#1174 =( NAMED_UNIT ( * ) PLANE_ANGLE_UNIT ( ) SI_UNIT ( $, .RADIAN. ) );
#1175 = MECHANICAL_DESIGN_GEOMETRIC_PRESENTATION_REPRESENTATION (  '', ( #66 ), #549 ) ;
#1176 = DIRECTION ( 'NONE',  ( 0.0000000000000000000, 1.000000000000000000, 0.0000000000000000000 ) ) ;
#1177 = COLOUR_RGB ( '',0.1254901960784313708, 0.1254901960784313708, 0.1254901960784313708 ) ;
#1178 = LINE ( 'NONE', #1892, #156 ) ;
#1179 = AXIS2_PLACEMENT_3D ( 'NONE', #683, #1680, #352 ) ;
#1180 = EDGE_CURVE ( 'NONE', #590, #491, #1281, .T. ) ;
#1181 = PRESENTATION_LAYER_ASSIGNMENT (  '', '', ( #1305 ) ) ;
#1182 = DIRECTION ( 'NONE',  ( 0.0000000000000000000, 0.0000000000000000000, -1.000000000000000000 ) ) ;
#1183 = EDGE_LOOP ( 'NONE', ( #748, #1348, #1032, #371 ) ) ;
#1184 = DIRECTION ( 'NONE',  ( 9.035018104045870694E-17, -1.000000000000000000, 0.0000000000000000000 ) ) ;
#1185 = SURFACE_STYLE_FILL_AREA ( #1291 ) ;
#1186 = VERTEX_POINT ( 'NONE', #532 ) ;
#1187 = CARTESIAN_POINT ( 'NONE',  ( -0.5000000000000000000, -0.5999999999999999778, 0.0000000000000000000 ) ) ;
#1188 = EDGE_CURVE ( 'NONE', #562, #270, #1850, .T. ) ;
#1189 = FILL_AREA_STYLE_COLOUR ( '', #179 ) ;
#1190 = SURFACE_SIDE_STYLE ('',( #940 ) ) ;
#1191 = ORIENTED_EDGE ( 'NONE', *, *, #1358, .T. ) ;
#1192 = DIRECTION ( 'NONE',  ( 0.0000000000000000000, 1.000000000000000000, 0.0000000000000000000 ) ) ;
#1193 = UNCERTAINTY_MEASURE_WITH_UNIT (LENGTH_MEASURE( 1.000000000000000082E-05 ), #931, 'distance_accuracy_value', 'NONE');
#1194 = ORIENTED_EDGE ( 'NONE', *, *, #1501, .T. ) ;
#1195 = FILL_AREA_STYLE_COLOUR ( '', #490 ) ;
#1196 = CARTESIAN_POINT ( 'NONE',  ( 0.9700000000000000844, 0.5700000000000000622, 0.9499999999999999556 ) ) ;
#1197 = DIRECTION ( 'NONE',  ( 0.0000000000000000000, 1.000000000000000000, 0.0000000000000000000 ) ) ;
#1198 = COLOUR_RGB ( '',0.1254901960784313708, 0.1254901960784313708, 0.1254901960784313708 ) ;
#1199 = CARTESIAN_POINT ( 'NONE',  ( 1.000000000000000222, -0.5699999999999996181, 0.02999999999999997113 ) ) ;
#1200 = FACE_OUTER_BOUND ( 'NONE', #108, .T. ) ;
#1201 = EDGE_CURVE ( 'NONE', #122, #1052, #134, .T. ) ;
#1202 = SURFACE_STYLE_USAGE ( .BOTH. , #1190 ) ;
#1203 =( GEOMETRIC_REPRESENTATION_CONTEXT ( 3 ) GLOBAL_UNCERTAINTY_ASSIGNED_CONTEXT ( ( #192 ) ) GLOBAL_UNIT_ASSIGNED_CONTEXT ( ( #1574, #1724, #1886 ) ) REPRESENTATION_CONTEXT ( 'NONE', 'WORKASPACE' ) );
#1204 = EDGE_LOOP ( 'NONE', ( #1207, #703, #774, #977 ) ) ;
#1205 = ADVANCED_FACE ( 'NONE', ( #1309 ), #1164, .F. ) ;
#1206 = CARTESIAN_POINT ( 'NONE',  ( -0.9700000000000000844, 0.5699999999999999512, 0.02999999999999997807 ) ) ;
#1207 = ORIENTED_EDGE ( 'NONE', *, *, #1301, .F. ) ;
#1208 = STYLED_ITEM ( 'NONE', ( #335 ), #900 ) ;
#1209 = LINE ( 'NONE', #1053, #1515 ) ;
#1210 = MECHANICAL_DESIGN_GEOMETRIC_PRESENTATION_REPRESENTATION (  '', ( #402 ), #1092 ) ;
#1211 = SHAPE_DEFINITION_REPRESENTATION ( #194, #231 ) ;
#1212 =( GEOMETRIC_REPRESENTATION_CONTEXT ( 3 ) GLOBAL_UNCERTAINTY_ASSIGNED_CONTEXT ( ( #1891 ) ) GLOBAL_UNIT_ASSIGNED_CONTEXT ( ( #1339, #635, #31 ) ) REPRESENTATION_CONTEXT ( 'NONE', 'WORKASPACE' ) );
#1213 = DIRECTION ( 'NONE',  ( 0.0000000000000000000, -0.0000000000000000000, 1.000000000000000000 ) ) ;
#1214 = SURFACE_SIDE_STYLE ('',( #39 ) ) ;
#1215 = UNCERTAINTY_MEASURE_WITH_UNIT (LENGTH_MEASURE( 1.000000000000000082E-05 ), #896, 'distance_accuracy_value', 'NONE');
#1216 = ORIENTED_EDGE ( 'NONE', *, *, #751, .T. ) ;
#1217 = SURFACE_STYLE_FILL_AREA ( #616 ) ;
#1218 = ADVANCED_FACE ( 'NONE', ( #1200 ), #46, .T. ) ;
#1219 = DIRECTION ( 'NONE',  ( -1.000000000000000000, 3.614007241618351532E-15, 0.0000000000000000000 ) ) ;
#1220 = UNCERTAINTY_MEASURE_WITH_UNIT (LENGTH_MEASURE( 1.000000000000000082E-05 ), #1893, 'distance_accuracy_value', 'NONE');
#1221 = CARTESIAN_POINT ( 'NONE',  ( 0.5000000000000001110, 0.5700000000000000622, 0.9200000000000000400 ) ) ;
#1222 = CARTESIAN_POINT ( 'NONE',  ( -0.9699999999999998623, -0.5999999999999999778, 0.9200000000000000400 ) ) ;
#1223 = CARTESIAN_POINT ( 'NONE',  ( -0.5000000000000000000, 0.5999999999999999778, 0.9499999999999999556 ) ) ;
#1224 = DIRECTION ( 'NONE',  ( 0.0000000000000000000, -1.000000000000000000, 0.0000000000000000000 ) ) ;
#1225 = ORIENTED_EDGE ( 'NONE', *, *, #327, .T. ) ;
#1226 =( LENGTH_UNIT ( ) NAMED_UNIT ( * ) SI_UNIT ( .MILLI., .METRE. ) );
#1227 = ORIENTED_EDGE ( 'NONE', *, *, #1775, .F. ) ;
#1228 = SURFACE_STYLE_FILL_AREA ( #628 ) ;
#1229 = EDGE_CURVE ( 'NONE', #761, #380, #1768, .T. ) ;
#1230 = DIRECTION ( 'NONE',  ( -1.000000000000000000, 0.0000000000000000000, 0.0000000000000000000 ) ) ;
#1231 = COLOUR_RGB ( '',0.1254901960784313708, 0.1254901960784313708, 0.1254901960784313708 ) ;
#1232 = COLOUR_RGB ( '',0.7529411764705882248, 0.7529411764705882248, 0.7529411764705882248 ) ;
#1233 = CIRCLE ( 'NONE', #432, 0.02999999999999997113 ) ;
#1234 = DIRECTION ( 'NONE',  ( 0.0000000000000000000, 1.000000000000000000, 0.0000000000000000000 ) ) ;
#1235 = AXIS2_PLACEMENT_3D ( 'NONE', #807, #1860, #1672 ) ;
#1236 = UNCERTAINTY_MEASURE_WITH_UNIT (LENGTH_MEASURE( 1.000000000000000082E-05 ), #488, 'distance_accuracy_value', 'NONE');
#1237 =( LENGTH_UNIT ( ) NAMED_UNIT ( * ) SI_UNIT ( .MILLI., .METRE. ) );
#1238 = EDGE_CURVE ( 'NONE', #1097, #257, #196, .T. ) ;
#1239 = AXIS2_PLACEMENT_3D ( 'NONE', #1777, #1369, #1049 ) ;
#1240 = STYLED_ITEM ( 'NONE', ( #1131 ), #1473 ) ;
#1241 = CARTESIAN_POINT ( 'NONE',  ( -0.5000000000000000000, 0.5700000000000000622, 0.9200000000000000400 ) ) ;
#1242 = EDGE_LOOP ( 'NONE', ( #213, #329, #974 ) ) ;
#1243 = CIRCLE ( 'NONE', #343, 0.03999999999999999389 ) ;
#1244 = PRESENTATION_LAYER_ASSIGNMENT (  '', '', ( #942 ) ) ;
#1245 = CARTESIAN_POINT ( 'NONE',  ( -0.9700000000000000844, 0.5700000000000000622, 0.9499999999999999556 ) ) ;
#1246 =( LENGTH_UNIT ( ) NAMED_UNIT ( * ) SI_UNIT ( .MILLI., .METRE. ) );
#1247 =( LENGTH_UNIT ( ) NAMED_UNIT ( * ) SI_UNIT ( .MILLI., .METRE. ) );
#1248 = CARTESIAN_POINT ( 'NONE',  ( -0.9699999999999998623, -0.5999999999999999778, 0.9499999999999999556 ) ) ;
#1249 = ORIENTED_EDGE ( 'NONE', *, *, #1201, .T. ) ;
#1250 = DIRECTION ( 'NONE',  ( 0.0000000000000000000, 0.0000000000000000000, -1.000000000000000000 ) ) ;
#1251 = SURFACE_STYLE_USAGE ( .BOTH. , #1558 ) ;
#1252 = DIRECTION ( 'NONE',  ( 0.0000000000000000000, 0.0000000000000000000, -1.000000000000000000 ) ) ;
#1253 = SURFACE_STYLE_FILL_AREA ( #1583 ) ;
#1254 = LINE ( 'NONE', #489, #1416 ) ;
#1255 = SURFACE_STYLE_FILL_AREA ( #1670 ) ;
#1256 = VERTEX_POINT ( 'NONE', #106 ) ;
#1257 = EDGE_CURVE ( 'NONE', #1815, #24, #505, .T. ) ;
#1258 =( LENGTH_UNIT ( ) NAMED_UNIT ( * ) SI_UNIT ( .MILLI., .METRE. ) );
#1259 = DIRECTION ( 'NONE',  ( 1.000000000000000000, -0.0000000000000000000, -0.0000000000000000000 ) ) ;
#1260 = STYLED_ITEM ( 'NONE', ( #1038 ), #623 ) ;
#1261 = DIRECTION ( 'NONE',  ( -0.0000000000000000000, -0.0000000000000000000, 1.000000000000000000 ) ) ;
#1262 = DIRECTION ( 'NONE',  ( -1.000000000000000000, -9.035018104045873159E-17, 0.0000000000000000000 ) ) ;
#1263 =( GEOMETRIC_REPRESENTATION_CONTEXT ( 3 ) GLOBAL_UNCERTAINTY_ASSIGNED_CONTEXT ( ( #809 ) ) GLOBAL_UNIT_ASSIGNED_CONTEXT ( ( #233, #793, #81 ) ) REPRESENTATION_CONTEXT ( 'NONE', 'WORKASPACE' ) );
#1264 = CARTESIAN_POINT ( 'NONE',  ( -0.5000000000000000000, -0.5300000000000000266, 0.8800000000000000044 ) ) ;
#1265 = COLOUR_RGB ( '',0.7529411764705882248, 0.7529411764705882248, 0.7529411764705882248 ) ;
#1266 = AXIS2_PLACEMENT_3D ( 'NONE', #639, #1826, #1527 ) ;
#1267 = EDGE_LOOP ( 'NONE', ( #1788, #1587, #85, #1756 ) ) ;
#1268 = PRESENTATION_LAYER_ASSIGNMENT (  '', '', ( #1240 ) ) ;
#1269 =( NAMED_UNIT ( * ) SI_UNIT ( $, .STERADIAN. ) SOLID_ANGLE_UNIT ( ) );
#1270 = PRESENTATION_LAYER_ASSIGNMENT (  '', '', ( #191 ) ) ;
#1271 = ORIENTED_EDGE ( 'NONE', *, *, #1046, .F. ) ;
#1272 =( GEOMETRIC_REPRESENTATION_CONTEXT ( 3 ) GLOBAL_UNCERTAINTY_ASSIGNED_CONTEXT ( ( #1193 ) ) GLOBAL_UNIT_ASSIGNED_CONTEXT ( ( #931, #986, #1858 ) ) REPRESENTATION_CONTEXT ( 'NONE', 'WORKASPACE' ) );
#1273 = PRODUCT_RELATED_PRODUCT_CATEGORY ( 'part', '', ( #844 ) ) ;
#1274 = CARTESIAN_POINT ( 'NONE',  ( 0.9700000000000003064, -0.5699999999999998401, 0.0000000000000000000 ) ) ;
#1275 = UNCERTAINTY_MEASURE_WITH_UNIT (LENGTH_MEASURE( 1.000000000000000082E-05 ), #445, 'distance_accuracy_value', 'NONE');
#1276 =( GEOMETRIC_REPRESENTATION_CONTEXT ( 3 ) GLOBAL_UNCERTAINTY_ASSIGNED_CONTEXT ( ( #1761 ) ) GLOBAL_UNIT_ASSIGNED_CONTEXT ( ( #1055, #312, #618 ) ) REPRESENTATION_CONTEXT ( 'NONE', 'WORKASPACE' ) );
#1277 = PRESENTATION_STYLE_ASSIGNMENT (( #669 ) ) ;
#1278 = ORIENTED_EDGE ( 'NONE', *, *, #1147, .F. ) ;
#1279 = LINE ( 'NONE', #1700, #925 ) ;
#1280 = EDGE_LOOP ( 'NONE', ( #847, #1691, #725, #1191 ) ) ;
#1281 = LINE ( 'NONE', #1866, #1425 ) ;
#1282 = EDGE_LOOP ( 'NONE', ( #1158, #62, #956, #385 ) ) ;
#1283 = CARTESIAN_POINT ( 'NONE',  ( -1.000000000000000000, 0.5999999999999999778, 0.9499999999999999556 ) ) ;
#1284 = CARTESIAN_POINT ( 'NONE',  ( 0.5000000000000000000, -0.5699999999999999512, 0.06999999999999996503 ) ) ;
#1285 = VERTEX_POINT ( 'NONE', #1658 ) ;
#1286 = CYLINDRICAL_SURFACE ( 'NONE', #1759, 0.03999999999999999389 ) ;
#1287 = CARTESIAN_POINT ( 'NONE',  ( -0.9699999999999998623, -0.5699999999999999512, 0.02999999999999997113 ) ) ;
#1288 = EDGE_LOOP ( 'NONE', ( #1041, #918, #1597, #151 ) ) ;
#1289 = MECHANICAL_DESIGN_GEOMETRIC_PRESENTATION_REPRESENTATION (  '', ( #207 ), #356 ) ;
#1290 = PLANE ( 'NONE',  #514 ) ;
#1291 = FILL_AREA_STYLE ('',( #1483 ) ) ;
#1292 = LINE ( 'NONE', #234, #731 ) ;
#1293 =( GEOMETRIC_REPRESENTATION_CONTEXT ( 3 ) GLOBAL_UNCERTAINTY_ASSIGNED_CONTEXT ( ( #1220 ) ) GLOBAL_UNIT_ASSIGNED_CONTEXT ( ( #1893, #916, #1615 ) ) REPRESENTATION_CONTEXT ( 'NONE', 'WORKASPACE' ) );
#1294 = CARTESIAN_POINT ( 'NONE',  ( -0.5000000000000000000, -0.5999999999999999778, 0.9200000000000000400 ) ) ;
#1295 = CARTESIAN_POINT ( 'NONE',  ( -0.5000000000000000000, 0.5300000000000000266, 0.06999999999999996503 ) ) ;
#1296 = EDGE_CURVE ( 'NONE', #350, #148, #465, .T. ) ;
#1297 = AXIS2_PLACEMENT_3D ( 'NONE', #269, #1169, #115 ) ;
#1298 =( GEOMETRIC_REPRESENTATION_CONTEXT ( 3 ) GLOBAL_UNCERTAINTY_ASSIGNED_CONTEXT ( ( #1350 ) ) GLOBAL_UNIT_ASSIGNED_CONTEXT ( ( #1742, #726, #548 ) ) REPRESENTATION_CONTEXT ( 'NONE', 'WORKASPACE' ) );
#1299 = VERTEX_POINT ( 'NONE', #939 ) ;
#1300 = DIRECTION ( 'NONE',  ( 0.0000000000000000000, 1.000000000000000000, 0.0000000000000000000 ) ) ;
#1301 = EDGE_CURVE ( 'NONE', #1137, #491, #1824, .T. ) ;
#1302 = SURFACE_STYLE_USAGE ( .BOTH. , #412 ) ;
#1303 = ORIENTED_EDGE ( 'NONE', *, *, #1461, .F. ) ;
#1304 =( GEOMETRIC_REPRESENTATION_CONTEXT ( 3 ) GLOBAL_UNCERTAINTY_ASSIGNED_CONTEXT ( ( #853 ) ) GLOBAL_UNIT_ASSIGNED_CONTEXT ( ( #754, #926, #1513 ) ) REPRESENTATION_CONTEXT ( 'NONE', 'WORKASPACE' ) );
#1305 = STYLED_ITEM ( 'NONE', ( #888 ), #1838 ) ;
#1306 = EDGE_LOOP ( 'NONE', ( #573, #1836, #232, #1317, #98, #306, #1830, #383 ) ) ;
#1307 =( GEOMETRIC_REPRESENTATION_CONTEXT ( 3 ) GLOBAL_UNCERTAINTY_ASSIGNED_CONTEXT ( ( #728 ) ) GLOBAL_UNIT_ASSIGNED_CONTEXT ( ( #1076, #462, #200 ) ) REPRESENTATION_CONTEXT ( 'NONE', 'WORKASPACE' ) );
#1308 = EDGE_LOOP ( 'NONE', ( #1225, #1194, #324 ) ) ;
#1309 = FACE_OUTER_BOUND ( 'NONE', #911, .T. ) ;
#1310 = FILL_AREA_STYLE ('',( #5 ) ) ;
#1311 =( NAMED_UNIT ( * ) SI_UNIT ( $, .STERADIAN. ) SOLID_ANGLE_UNIT ( ) );
#1312 = DIRECTION ( 'NONE',  ( 1.000000000000000000, 0.0000000000000000000, 0.0000000000000000000 ) ) ;
#1313 = CARTESIAN_POINT ( 'NONE',  ( -0.5000000000000000000, -0.5699999999999999512, 0.8800000000000000044 ) ) ;
#1314 = DIRECTION ( 'NONE',  ( 1.000000000000000000, -0.0000000000000000000, 0.0000000000000000000 ) ) ;
#1315 =( LENGTH_UNIT ( ) NAMED_UNIT ( * ) SI_UNIT ( .MILLI., .METRE. ) );
#1316 = SURFACE_STYLE_USAGE ( .BOTH. , #1726 ) ;
#1317 = ORIENTED_EDGE ( 'NONE', *, *, #228, .T. ) ;
#1318 = EDGE_CURVE ( 'NONE', #821, #361, #998, .T. ) ;
#1319 = SURFACE_STYLE_USAGE ( .BOTH. , #882 ) ;
#1320 = FILL_AREA_STYLE ('',( #437 ) ) ;
#1321 = EDGE_CURVE ( 'NONE', #854, #455, #1119, .T. ) ;
#1322 = SURFACE_SIDE_STYLE ('',( #146 ) ) ;
#1323 = PRESENTATION_LAYER_ASSIGNMENT (  '', '', ( #961 ) ) ;
#1324 = SURFACE_STYLE_USAGE ( .BOTH. , #1622 ) ;
#1325 = ORIENTED_EDGE ( 'NONE', *, *, #578, .T. ) ;
#1326 = PRESENTATION_LAYER_ASSIGNMENT (  '', '', ( #129 ) ) ;
#1327 = DIRECTION ( 'NONE',  ( -0.0000000000000000000, -0.0000000000000000000, 1.000000000000000000 ) ) ;
#1328 = VECTOR ( 'NONE', #336, 1000.000000000000000 ) ;
#1329 = EDGE_CURVE ( 'NONE', #854, #1710, #499, .T. ) ;
#1330 = ORIENTED_EDGE ( 'NONE', *, *, #1749, .F. ) ;
#1331 =( LENGTH_UNIT ( ) NAMED_UNIT ( * ) SI_UNIT ( .MILLI., .METRE. ) );
#1332 = STYLED_ITEM ( 'NONE', ( #1071 ), #1646 ) ;
#1333 = DIRECTION ( 'NONE',  ( 0.0000000000000000000, 0.0000000000000000000, 1.000000000000000000 ) ) ;
#1334 = CARTESIAN_POINT ( 'NONE',  ( 0.5000000000000000000, -0.5300000000000000266, 0.06999999999999996503 ) ) ;
#1335 = LINE ( 'NONE', #464, #766 ) ;
#1336 =( NAMED_UNIT ( * ) PLANE_ANGLE_UNIT ( ) SI_UNIT ( $, .RADIAN. ) );
#1337 = ORIENTED_EDGE ( 'NONE', *, *, #839, .F. ) ;
#1338 = LINE ( 'NONE', #1789, #643 ) ;
#1339 =( LENGTH_UNIT ( ) NAMED_UNIT ( * ) SI_UNIT ( .MILLI., .METRE. ) );
#1340 = CYLINDRICAL_SURFACE ( 'NONE', #1089, 0.03999999999999999389 ) ;
#1341 = SURFACE_STYLE_USAGE ( .BOTH. , #4 ) ;
#1342 = ADVANCED_FACE ( 'NONE', ( #1446 ), #1813, .T. ) ;
#1343 = PLANE ( 'NONE',  #810 ) ;
#1344 = VERTEX_POINT ( 'NONE', #1493 ) ;
#1345 = DIRECTION ( 'NONE',  ( -0.0000000000000000000, -0.0000000000000000000, -1.000000000000000000 ) ) ;
#1346 = CARTESIAN_POINT ( 'NONE',  ( 0.9700000000000003064, -0.5699999999999996181, 0.9499999999999999556 ) ) ;
#1347 = UNCERTAINTY_MEASURE_WITH_UNIT (LENGTH_MEASURE( 1.000000000000000082E-05 ), #1537, 'distance_accuracy_value', 'NONE');
#1348 = ORIENTED_EDGE ( 'NONE', *, *, #184, .F. ) ;
#1349 = FILL_AREA_STYLE ('',( #1673 ) ) ;
#1350 = UNCERTAINTY_MEASURE_WITH_UNIT (LENGTH_MEASURE( 1.000000000000000082E-05 ), #1742, 'distance_accuracy_value', 'NONE');
#1351 =( NAMED_UNIT ( * ) PLANE_ANGLE_UNIT ( ) SI_UNIT ( $, .RADIAN. ) );
#1352 = ADVANCED_FACE ( 'NONE', ( #694 ), #729, .T. ) ;
#1353 = AXIS2_PLACEMENT_3D ( 'NONE', #1287, #1300, #531 ) ;
#1354 = EDGE_CURVE ( 'NONE', #122, #1431, #188, .T. ) ;
#1355 = FILL_AREA_STYLE ('',( #1067 ) ) ;
#1356 = AXIS2_PLACEMENT_3D ( 'NONE', #1455, #740, #1333 ) ;
#1357 = ORIENTED_EDGE ( 'NONE', *, *, #1048, .T. ) ;
#1358 = EDGE_CURVE ( 'NONE', #1299, #1643, #1645, .T. ) ;
#1359 = CIRCLE ( 'NONE', #279, 0.02999999999999997113 ) ;
#1360 = DIRECTION ( 'NONE',  ( -1.000000000000000000, 0.0000000000000000000, 0.0000000000000000000 ) ) ;
#1361 = FILL_AREA_STYLE ('',( #747 ) ) ;
#1362 = ORIENTED_EDGE ( 'NONE', *, *, #1027, .F. ) ;
#1363 = PRESENTATION_LAYER_ASSIGNMENT (  '', '', ( #436 ) ) ;
#1364 = CYLINDRICAL_SURFACE ( 'NONE', #698, 0.02999999999999997113 ) ;
#1365 = DIRECTION ( 'NONE',  ( 0.0000000000000000000, 0.0000000000000000000, 1.000000000000000000 ) ) ;
#1366 = AXIS2_PLACEMENT_3D ( 'NONE', #90, #1569, #246 ) ;
#1367 = DIRECTION ( 'NONE',  ( -0.0000000000000000000, -0.0000000000000000000, 1.000000000000000000 ) ) ;
#1368 = AXIS2_PLACEMENT_3D ( 'NONE', #1389, #525, #64 ) ;
#1369 = DIRECTION ( 'NONE',  ( -1.000000000000000000, -1.807003620809175125E-16, 0.0000000000000000000 ) ) ;
#1370 = CARTESIAN_POINT ( 'NONE',  ( 0.9700000000000003064, -0.5699999999999998401, 0.9499999999999999556 ) ) ;
#1371 = ORIENTED_EDGE ( 'NONE', *, *, #184, .T. ) ;
#1372 = DIRECTION ( 'NONE',  ( -1.000000000000000000, 0.0000000000000000000, 0.0000000000000000000 ) ) ;
#1373 = LINE ( 'NONE', #1662, #796 ) ;
#1374 = LINE ( 'NONE', #1718, #1150 ) ;
#1375 = PRESENTATION_STYLE_ASSIGNMENT (( #1102 ) ) ;
#1376 = SURFACE_STYLE_USAGE ( .BOTH. , #1828 ) ;
#1377 = PRESENTATION_STYLE_ASSIGNMENT (( #1829 ) ) ;
#1378 = ORIENTED_EDGE ( 'NONE', *, *, #962, .F. ) ;
#1379 = DIRECTION ( 'NONE',  ( -1.000000000000000000, 0.0000000000000000000, 0.0000000000000000000 ) ) ;
#1380 = EDGE_CURVE ( 'NONE', #1344, #1517, #841, .T. ) ;
#1381 = CARTESIAN_POINT ( 'NONE',  ( 0.5000000000000000000, -0.5699999999999999512, 0.02999999999999999889 ) ) ;
#1382 = COLOUR_RGB ( '',0.7529411764705882248, 0.7529411764705882248, 0.7529411764705882248 ) ;
#1383 =( NAMED_UNIT ( * ) PLANE_ANGLE_UNIT ( ) SI_UNIT ( $, .RADIAN. ) );
#1384 =( NAMED_UNIT ( * ) SI_UNIT ( $, .STERADIAN. ) SOLID_ANGLE_UNIT ( ) );
#1385 = ORIENTED_EDGE ( 'NONE', *, *, #1472, .T. ) ;
#1386 = VECTOR ( 'NONE', #1013, 1000.000000000000000 ) ;
#1387 = AXIS2_PLACEMENT_3D ( 'NONE', #1422, #248, #93 ) ;
#1388 = FILL_AREA_STYLE_COLOUR ( '', #1634 ) ;
#1389 = CARTESIAN_POINT ( 'NONE',  ( -0.9699999999999998623, -0.5699999999999999512, 0.02999999999999997113 ) ) ;
#1390 = ORIENTED_EDGE ( 'NONE', *, *, #1022, .T. ) ;
#1391 =( GEOMETRIC_REPRESENTATION_CONTEXT ( 3 ) GLOBAL_UNCERTAINTY_ASSIGNED_CONTEXT ( ( #1545 ) ) GLOBAL_UNIT_ASSIGNED_CONTEXT ( ( #772, #173, #1767 ) ) REPRESENTATION_CONTEXT ( 'NONE', 'WORKASPACE' ) );
#1392 = CARTESIAN_POINT ( 'NONE',  ( -0.9700000000000000844, 0.5699999999999999512, 0.02999999999999999889 ) ) ;
#1393 = CARTESIAN_POINT ( 'NONE',  ( -1.000000000000000000, 0.5999999999999999778, 0.02999999999999997113 ) ) ;
#1394 = PRESENTATION_STYLE_ASSIGNMENT (( #922 ) ) ;
#1395 = VECTOR ( 'NONE', #1002, 1000.000000000000000 ) ;
#1396 = SPHERICAL_SURFACE ( 'NONE', #665, 0.02999999999999999889 ) ;
#1397 = MECHANICAL_DESIGN_GEOMETRIC_PRESENTATION_REPRESENTATION (  '', ( #908 ), #1665 ) ;
#1398 = CARTESIAN_POINT ( 'NONE',  ( 0.5000000000000001110, -0.5300000000000000266, 0.8800000000000000044 ) ) ;
#1399 = MECHANICAL_DESIGN_GEOMETRIC_PRESENTATION_REPRESENTATION (  '', ( #1430 ), #1065 ) ;
#1400 =( GEOMETRIC_REPRESENTATION_CONTEXT ( 3 ) GLOBAL_UNCERTAINTY_ASSIGNED_CONTEXT ( ( #478 ) ) GLOBAL_UNIT_ASSIGNED_CONTEXT ( ( #633, #60, #644 ) ) REPRESENTATION_CONTEXT ( 'NONE', 'WORKASPACE' ) );
#1401 =( NAMED_UNIT ( * ) PLANE_ANGLE_UNIT ( ) SI_UNIT ( $, .RADIAN. ) );
#1402 = CARTESIAN_POINT ( 'NONE',  ( -0.5000000000000000000, 0.5999999999999999778, 0.9200000000000000400 ) ) ;
#1403 = CARTESIAN_POINT ( 'NONE',  ( -0.5000000000000000000, -0.5999999999999999778, 0.03000000000000018624 ) ) ;
#1404 = CARTESIAN_POINT ( 'NONE',  ( 0.5000000000000000000, 0.5699999999999999512, 0.8800000000000000044 ) ) ;
#1405 = CARTESIAN_POINT ( 'NONE',  ( 1.000000000000000000, 0.5699999999999999512, 0.9200000000000000400 ) ) ;
#1406 = EDGE_CURVE ( 'NONE', #455, #1097, #1101, .T. ) ;
#1407 = ORIENTED_EDGE ( 'NONE', *, *, #204, .T. ) ;
#1408 = SURFACE_STYLE_USAGE ( .BOTH. , #230 ) ;
#1409 = DIRECTION ( 'NONE',  ( -1.807003620809174632E-16, 1.000000000000000000, -0.0000000000000000000 ) ) ;
#1410 = ORIENTED_EDGE ( 'NONE', *, *, #539, .F. ) ;
#1411 = UNCERTAINTY_MEASURE_WITH_UNIT (LENGTH_MEASURE( 1.000000000000000082E-05 ), #258, 'distance_accuracy_value', 'NONE');
#1412 = SURFACE_STYLE_FILL_AREA ( #820 ) ;
#1413 = PRESENTATION_LAYER_ASSIGNMENT (  '', '', ( #630 ) ) ;
#1414 = EDGE_CURVE ( 'NONE', #696, #148, #1062, .T. ) ;
#1415 = ORIENTED_EDGE ( 'NONE', *, *, #1864, .T. ) ;
#1416 = VECTOR ( 'NONE', #1676, 1000.000000000000000 ) ;
#1417 = SPHERICAL_SURFACE ( 'NONE', #1060, 0.02999999999999999889 ) ;
#1418 = FILL_AREA_STYLE_COLOUR ( '', #1521 ) ;
#1419 = COLOUR_RGB ( '',0.7529411764705882248, 0.7529411764705882248, 0.7529411764705882248 ) ;
#1420 = COLOUR_RGB ( '',0.7529411764705882248, 0.7529411764705882248, 0.7529411764705882248 ) ;
#1421 = DIRECTION ( 'NONE',  ( 1.000000000000000000, 0.0000000000000000000, 0.0000000000000000000 ) ) ;
#1422 = CARTESIAN_POINT ( 'NONE',  ( 1.000000000000000222, -0.5999999999999998668, 0.9499999999999999556 ) ) ;
#1423 = COLOUR_RGB ( '',0.7529411764705882248, 0.7529411764705882248, 0.7529411764705882248 ) ;
#1424 = SURFACE_SIDE_STYLE ('',( #1842 ) ) ;
#1425 = VECTOR ( 'NONE', #1018, 1000.000000000000000 ) ;
#1426 = DIRECTION ( 'NONE',  ( -0.0000000000000000000, 1.000000000000000000, -0.0000000000000000000 ) ) ;
#1427 =( GEOMETRIC_REPRESENTATION_CONTEXT ( 3 ) GLOBAL_UNCERTAINTY_ASSIGNED_CONTEXT ( ( #113 ) ) GLOBAL_UNIT_ASSIGNED_CONTEXT ( ( #1890, #1743, #1011 ) ) REPRESENTATION_CONTEXT ( 'NONE', 'WORKASPACE' ) );
#1428 = SURFACE_STYLE_FILL_AREA ( #428 ) ;
#1429 = CARTESIAN_POINT ( 'NONE',  ( 0.9700000000000000844, 0.5699999999999999512, 0.02999999999999997113 ) ) ;
#1430 = STYLED_ITEM ( 'NONE', ( #976 ), #1807 ) ;
#1431 = VERTEX_POINT ( 'NONE', #1196 ) ;
#1432 = AXIS2_PLACEMENT_3D ( 'NONE', #662, #801, #1835 ) ;
#1433 = SURFACE_SIDE_STYLE ('',( #1717 ) ) ;
#1434 =( NAMED_UNIT ( * ) SI_UNIT ( $, .STERADIAN. ) SOLID_ANGLE_UNIT ( ) );
#1435 = UNCERTAINTY_MEASURE_WITH_UNIT (LENGTH_MEASURE( 1.000000000000000082E-05 ), #1894, 'distance_accuracy_value', 'NONE');
#1436 = ORIENTED_EDGE ( 'NONE', *, *, #751, .F. ) ;
#1437 = ORIENTED_EDGE ( 'NONE', *, *, #117, .T. ) ;
#1438 = LINE ( 'NONE', #109, #1690 ) ;
#1439 = DIRECTION ( 'NONE',  ( 0.0000000000000000000, -0.0000000000000000000, -1.000000000000000000 ) ) ;
#1440 = EDGE_LOOP ( 'NONE', ( #96, #1015, #1125, #293 ) ) ;
#1441 = SURFACE_STYLE_USAGE ( .BOTH. , #727 ) ;
#1442 = ADVANCED_FACE ( 'NONE', ( #780 ), #1809, .T. ) ;
#1443 = CARTESIAN_POINT ( 'NONE',  ( -0.9700000000000000844, 0.5699999999999999512, 0.9200000000000000400 ) ) ;
#1444 = ORIENTED_EDGE ( 'NONE', *, *, #1257, .T. ) ;
#1445 = DIRECTION ( 'NONE',  ( 0.0000000000000000000, 1.000000000000000000, 0.0000000000000000000 ) ) ;
#1446 = FACE_OUTER_BOUND ( 'NONE', #1059, .T. ) ;
#1447 = FILL_AREA_STYLE_COLOUR ( '', #1198 ) ;
#1448 = EDGE_CURVE ( 'NONE', #533, #48, #1374, .T. ) ;
#1449 = EDGE_LOOP ( 'NONE', ( #1885, #1562, #1549, #1791 ) ) ;
#1450 = DIRECTION ( 'NONE',  ( 0.0000000000000000000, 0.0000000000000000000, -1.000000000000000000 ) ) ;
#1451 = DIRECTION ( 'NONE',  ( -1.000000000000000000, 0.0000000000000000000, 0.0000000000000000000 ) ) ;
#1452 = ORIENTED_EDGE ( 'NONE', *, *, #544, .F. ) ;
#1453 = SURFACE_SIDE_STYLE ('',( #1598 ) ) ;
#1454 = FACE_OUTER_BOUND ( 'NONE', #1476, .T. ) ;
#1455 = CARTESIAN_POINT ( 'NONE',  ( -0.5000000000000000000, 0.5299999999999999156, 0.8800000000000000044 ) ) ;
#1456 = SURFACE_SIDE_STYLE ('',( #127 ) ) ;
#1457 = AXIS2_PLACEMENT_3D ( 'NONE', #1611, #1372, #1073 ) ;
#1458 = ORIENTED_EDGE ( 'NONE', *, *, #565, .F. ) ;
#1459 = DIRECTION ( 'NONE',  ( -0.0000000000000000000, -0.0000000000000000000, -1.000000000000000000 ) ) ;
#1460 = AXIS2_PLACEMENT_3D ( 'NONE', #1187, #779, #480 ) ;
#1461 = EDGE_CURVE ( 'NONE', #1115, #350, #1559, .T. ) ;
#1462 = COLOUR_RGB ( '',0.7529411764705882248, 0.7529411764705882248, 0.7529411764705882248 ) ;
#1463 = CARTESIAN_POINT ( 'NONE',  ( -1.000000000000000000, 0.5699999999999999512, 0.9499999999999999556 ) ) ;
#1464 = VECTOR ( 'NONE', #1184, 1000.000000000000000 ) ;
#1465 = DIRECTION ( 'NONE',  ( -1.000000000000000000, 0.0000000000000000000, 0.0000000000000000000 ) ) ;
#1466 = VERTEX_POINT ( 'NONE', #1274 ) ;
#1467 = VECTOR ( 'NONE', #783, 1000.000000000000000 ) ;
#1468 =( NAMED_UNIT ( * ) PLANE_ANGLE_UNIT ( ) SI_UNIT ( $, .RADIAN. ) );
#1469 = SURFACE_STYLE_USAGE ( .BOTH. , #1781 ) ;
#1470 = CIRCLE ( 'NONE', #1179, 0.03999999999999999389 ) ;
#1471 = DIRECTION ( 'NONE',  ( 0.0000000000000000000, 0.0000000000000000000, -1.000000000000000000 ) ) ;
#1472 = EDGE_CURVE ( 'NONE', #270, #1115, #397, .T. ) ;
#1473 = ADVANCED_FACE ( 'NONE', ( #1730 ), #503, .T. ) ;
#1474 = CARTESIAN_POINT ( 'NONE',  ( -0.5000000000000000000, -0.5299999999999999156, 0.02999999999999999889 ) ) ;
#1475 = PRESENTATION_STYLE_ASSIGNMENT (( #1302 ) ) ;
#1476 = EDGE_LOOP ( 'NONE', ( #416, #6, #239, #856 ) ) ;
#1477 = LINE ( 'NONE', #568, #1056 ) ;
#1478 = PRESENTATION_STYLE_ASSIGNMENT (( #884 ) ) ;
#1479 = DIRECTION ( 'NONE',  ( 0.0000000000000000000, 1.000000000000000000, 0.0000000000000000000 ) ) ;
#1480 = CARTESIAN_POINT ( 'NONE',  ( 0.9700000000000000844, 0.5699999999999999512, 0.9200000000000000400 ) ) ;
#1481 = ORIENTED_EDGE ( 'NONE', *, *, #923, .T. ) ;
#1482 = LINE ( 'NONE', #1057, #247 ) ;
#1483 = FILL_AREA_STYLE_COLOUR ( '', #493 ) ;
#1484 = AXIS2_PLACEMENT_3D ( 'NONE', #1443, #1840, #83 ) ;
#1485 = PRESENTATION_LAYER_ASSIGNMENT (  '', '', ( #1028 ) ) ;
#1486 = AXIS2_PLACEMENT_3D ( 'NONE', #1392, #1833, #1825 ) ;
#1487 = FILL_AREA_STYLE ('',( #301 ) ) ;
#1488 = ORIENTED_EDGE ( 'NONE', *, *, #1553, .T. ) ;
#1489 = MECHANICAL_DESIGN_GEOMETRIC_PRESENTATION_REPRESENTATION (  '', ( #129 ), #739 ) ;
#1490 = LINE ( 'NONE', #746, #185 ) ;
#1491 = ORIENTED_EDGE ( 'NONE', *, *, #456, .F. ) ;
#1492 = VECTOR ( 'NONE', #1707, 1000.000000000000000 ) ;
#1493 = CARTESIAN_POINT ( 'NONE',  ( -1.000000000000000000, 0.5699999999999999512, 0.9200000000000000400 ) ) ;
#1494 = CARTESIAN_POINT ( 'NONE',  ( -0.5000000000000000000, 0.5999999999999999778, 0.9499999999999999556 ) ) ;
#1495 = ORIENTED_EDGE ( 'NONE', *, *, #410, .F. ) ;
#1496 =( LENGTH_UNIT ( ) NAMED_UNIT ( * ) SI_UNIT ( .MILLI., .METRE. ) );
#1497 = DIRECTION ( 'NONE',  ( 0.0000000000000000000, 0.0000000000000000000, -1.000000000000000000 ) ) ;
#1498 = VERTEX_POINT ( 'NONE', #104 ) ;
#1499 = CYLINDRICAL_SURFACE ( 'NONE', #699, 0.02999999999999997113 ) ;
#1500 = DIRECTION ( 'NONE',  ( 7.228014483236703064E-15, -1.000000000000000000, 0.0000000000000000000 ) ) ;
#1501 = EDGE_CURVE ( 'NONE', #1643, #784, #1610, .T. ) ;
#1502 = FACE_BOUND ( 'NONE', #1118, .T. ) ;
#1503 = CARTESIAN_POINT ( 'NONE',  ( -0.5000000000000000000, 0.5999999999999999778, 0.9499999999999999556 ) ) ;
#1504 = PRESENTATION_STYLE_ASSIGNMENT (( #611 ) ) ;
#1505 = DIRECTION ( 'NONE',  ( 0.0000000000000000000, -0.0000000000000000000, -1.000000000000000000 ) ) ;
#1506 = VERTEX_POINT ( 'NONE', #1683 ) ;
#1507 = SURFACE_STYLE_FILL_AREA ( #451 ) ;
#1508 = ORIENTED_EDGE ( 'NONE', *, *, #1329, .F. ) ;
#1509 =( LENGTH_UNIT ( ) NAMED_UNIT ( * ) SI_UNIT ( .MILLI., .METRE. ) );
#1510 =( NAMED_UNIT ( * ) SI_UNIT ( $, .STERADIAN. ) SOLID_ANGLE_UNIT ( ) );
#1511 = SURFACE_STYLE_USAGE ( .BOTH. , #475 ) ;
#1512 = MECHANICAL_DESIGN_GEOMETRIC_PRESENTATION_REPRESENTATION (  '', ( #1260 ), #240 ) ;
#1513 =( NAMED_UNIT ( * ) SI_UNIT ( $, .STERADIAN. ) SOLID_ANGLE_UNIT ( ) );
#1514 = SURFACE_STYLE_FILL_AREA ( #328 ) ;
#1515 = VECTOR ( 'NONE', #625, 1000.000000000000000 ) ;
#1516 = STYLED_ITEM ( 'NONE', ( #189 ), #1008 ) ;
#1517 = VERTEX_POINT ( 'NONE', #1694 ) ;
#1518 = VECTOR ( 'NONE', #1800, 1000.000000000000000 ) ;
#1519 = MECHANICAL_DESIGN_GEOMETRIC_PRESENTATION_REPRESENTATION (  '', ( #191 ), #647 ) ;
#1520 = FILL_AREA_STYLE_COLOUR ( '', #1382 ) ;
#1521 = COLOUR_RGB ( '',0.7529411764705882248, 0.7529411764705882248, 0.7529411764705882248 ) ;
#1522 = EDGE_CURVE ( 'NONE', #997, #784, #366, .T. ) ;
#1523 = AXIS2_PLACEMENT_3D ( 'NONE', #744, #1224, #1505 ) ;
#1524 = VERTEX_POINT ( 'NONE', #1284 ) ;
#1525 = EDGE_CURVE ( 'NONE', #1162, #24, #612, .T. ) ;
#1526 = FACE_OUTER_BOUND ( 'NONE', #1288, .T. ) ;
#1527 = DIRECTION ( 'NONE',  ( -1.000000000000000000, 0.0000000000000000000, 0.0000000000000000000 ) ) ;
#1528 = UNCERTAINTY_MEASURE_WITH_UNIT (LENGTH_MEASURE( 1.000000000000000082E-05 ), #128, 'distance_accuracy_value', 'NONE');
#1529 =( NAMED_UNIT ( * ) PLANE_ANGLE_UNIT ( ) SI_UNIT ( $, .RADIAN. ) );
#1530 = FACE_OUTER_BOUND ( 'NONE', #1308, .T. ) ;
#1531 = ORIENTED_EDGE ( 'NONE', *, *, #1021, .T. ) ;
#1532 = EDGE_CURVE ( 'NONE', #1466, #1162, #819, .T. ) ;
#1533 = LINE ( 'NONE', #673, #97 ) ;
#1534 = SURFACE_SIDE_STYLE ('',( #650 ) ) ;
#1535 = LINE ( 'NONE', #1654, #929 ) ;
#1536 = DIRECTION ( 'NONE',  ( 0.0000000000000000000, 1.000000000000000000, 0.0000000000000000000 ) ) ;
#1537 =( LENGTH_UNIT ( ) NAMED_UNIT ( * ) SI_UNIT ( .MILLI., .METRE. ) );
#1538 = VERTEX_POINT ( 'NONE', #377 ) ;
#1539 = MECHANICAL_DESIGN_GEOMETRIC_PRESENTATION_REPRESENTATION (  '', ( #1687 ), #1085 ) ;
#1540 = PRESENTATION_STYLE_ASSIGNMENT (( #664 ) ) ;
#1541 = FACE_OUTER_BOUND ( 'NONE', #236, .T. ) ;
#1542 = CARTESIAN_POINT ( 'NONE',  ( 0.9700000000000000844, 0.5999999999999999778, 0.9200000000000000400 ) ) ;
#1543 = CARTESIAN_POINT ( 'NONE',  ( 0.5000000000000001110, -0.5699999999999999512, 0.02999999999999997113 ) ) ;
#1544 = AXIS2_PLACEMENT_3D ( 'NONE', #1579, #420, #1019 ) ;
#1545 = UNCERTAINTY_MEASURE_WITH_UNIT (LENGTH_MEASURE( 1.000000000000000082E-05 ), #772, 'distance_accuracy_value', 'NONE');
#1546 = AXIS2_PLACEMENT_3D ( 'NONE', #1596, #275, #1465 ) ;
#1547 =( GEOMETRIC_REPRESENTATION_CONTEXT ( 3 ) GLOBAL_UNCERTAINTY_ASSIGNED_CONTEXT ( ( #1870 ) ) GLOBAL_UNIT_ASSIGNED_CONTEXT ( ( #632, #1096, #1573 ) ) REPRESENTATION_CONTEXT ( 'NONE', 'WORKASPACE' ) );
#1548 = FILL_AREA_STYLE ('',( #1812 ) ) ;
#1549 = ORIENTED_EDGE ( 'NONE', *, *, #778, .F. ) ;
#1550 = PRODUCT_DEFINITION_FORMATION_WITH_SPECIFIED_SOURCE ( 'ANY', '', #844, .NOT_KNOWN. ) ;
#1551 =( NAMED_UNIT ( * ) PLANE_ANGLE_UNIT ( ) SI_UNIT ( $, .RADIAN. ) );
#1552 = DIRECTION ( 'NONE',  ( 0.0000000000000000000, 0.0000000000000000000, 1.000000000000000000 ) ) ;
#1553 = EDGE_CURVE ( 'NONE', #458, #48, #527, .T. ) ;
#1554 =( LENGTH_UNIT ( ) NAMED_UNIT ( * ) SI_UNIT ( .MILLI., .METRE. ) );
#1555 = EDGE_CURVE ( 'NONE', #1052, #784, #12, .T. ) ;
#1556 = ORIENTED_EDGE ( 'NONE', *, *, #1722, .F. ) ;
#1557 = LINE ( 'NONE', #1714, #1823 ) ;
#1558 = SURFACE_SIDE_STYLE ('',( #646 ) ) ;
#1559 = LINE ( 'NONE', #69, #775 ) ;
#1560 = UNCERTAINTY_MEASURE_WITH_UNIT (LENGTH_MEASURE( 1.000000000000000082E-05 ), #163, 'distance_accuracy_value', 'NONE');
#1561 = DIRECTION ( 'NONE',  ( -9.035018104045873159E-17, 1.000000000000000000, 0.0000000000000000000 ) ) ;
#1562 = ORIENTED_EDGE ( 'NONE', *, *, #1010, .F. ) ;
#1563 = DIRECTION ( 'NONE',  ( -1.000000000000000000, 0.0000000000000000000, 0.0000000000000000000 ) ) ;
#1564 =( GEOMETRIC_REPRESENTATION_CONTEXT ( 3 ) GLOBAL_UNCERTAINTY_ASSIGNED_CONTEXT ( ( #1528 ) ) GLOBAL_UNIT_ASSIGNED_CONTEXT ( ( #128, #680, #1745 ) ) REPRESENTATION_CONTEXT ( 'NONE', 'WORKASPACE' ) );
#1565 = EDGE_CURVE ( 'NONE', #361, #1524, #1869, .T. ) ;
#1566 = DIRECTION ( 'NONE',  ( 0.0000000000000000000, 0.0000000000000000000, -1.000000000000000000 ) ) ;
#1567 = AXIS2_PLACEMENT_3D ( 'NONE', #677, #218, #1732 ) ;
#1568 = MECHANICAL_DESIGN_GEOMETRIC_PRESENTATION_REPRESENTATION (  '', ( #1627 ), #152 ) ;
#1569 = DIRECTION ( 'NONE',  ( 0.0000000000000000000, -0.0000000000000000000, -1.000000000000000000 ) ) ;
#1570 = CIRCLE ( 'NONE', #1356, 0.03999999999999999389 ) ;
#1571 = ORIENTED_EDGE ( 'NONE', *, *, #1296, .F. ) ;
#1572 = STYLED_ITEM ( 'NONE', ( #826 ), #927 ) ;
#1573 =( NAMED_UNIT ( * ) SI_UNIT ( $, .STERADIAN. ) SOLID_ANGLE_UNIT ( ) );
#1574 =( LENGTH_UNIT ( ) NAMED_UNIT ( * ) SI_UNIT ( .MILLI., .METRE. ) );
#1575 =( GEOMETRIC_REPRESENTATION_CONTEXT ( 3 ) GLOBAL_UNCERTAINTY_ASSIGNED_CONTEXT ( ( #1719 ) ) GLOBAL_UNIT_ASSIGNED_CONTEXT ( ( #659, #386, #1434 ) ) REPRESENTATION_CONTEXT ( 'NONE', 'WORKASPACE' ) );
#1576 = FILL_AREA_STYLE ('',( #996 ) ) ;
#1577 =( LENGTH_UNIT ( ) NAMED_UNIT ( * ) SI_UNIT ( .MILLI., .METRE. ) );
#1578 = ORIENTED_EDGE ( 'NONE', *, *, #839, .T. ) ;
#1579 = CARTESIAN_POINT ( 'NONE',  ( -0.5000000000000000000, -0.5699999999999999512, 0.9200000000000000400 ) ) ;
#1580 = FILL_AREA_STYLE_COLOUR ( '', #314 ) ;
#1581 = EDGE_CURVE ( 'NONE', #997, #1466, #1887, .T. ) ;
#1582 = UNCERTAINTY_MEASURE_WITH_UNIT (LENGTH_MEASURE( 1.000000000000000082E-05 ), #968, 'distance_accuracy_value', 'NONE');
#1583 = FILL_AREA_STYLE ('',( #367 ) ) ;
#1584 = ORIENTED_EDGE ( 'NONE', *, *, #1681, .T. ) ;
#1585 = CARTESIAN_POINT ( 'NONE',  ( 0.9700000000000000844, 0.5999999999999999778, 0.02999999999999997113 ) ) ;
#1586 = CARTESIAN_POINT ( 'NONE',  ( -0.9699999999999998623, -0.5699999999999999512, 0.9200000000000000400 ) ) ;
#1587 = ORIENTED_EDGE ( 'NONE', *, *, #1472, .F. ) ;
#1588 = ORIENTED_EDGE ( 'NONE', *, *, #1600, .T. ) ;
#1589 =( NAMED_UNIT ( * ) SI_UNIT ( $, .STERADIAN. ) SOLID_ANGLE_UNIT ( ) );
#1590 = EDGE_LOOP ( 'NONE', ( #963, #65, #1863, #1145 ) ) ;
#1591 = DIRECTION ( 'NONE',  ( 1.000000000000000000, 0.0000000000000000000, 0.0000000000000000000 ) ) ;
#1592 = FILL_AREA_STYLE ('',( #1754 ) ) ;
#1593 = ORIENTED_EDGE ( 'NONE', *, *, #1022, .F. ) ;
#1594 = APPLICATION_CONTEXT ( 'automotive_design' ) ;
#1595 = VERTEX_POINT ( 'NONE', #1403 ) ;
#1596 = CARTESIAN_POINT ( 'NONE',  ( -0.9700000000000000844, 0.5699999999999999512, 0.02999999999999997113 ) ) ;
#1597 = ORIENTED_EDGE ( 'NONE', *, *, #773, .F. ) ;
#1598 = SURFACE_STYLE_FILL_AREA ( #266 ) ;
#1599 = VECTOR ( 'NONE', #392, 1000.000000000000000 ) ;
#1600 = EDGE_CURVE ( 'NONE', #1623, #252, #583, .T. ) ;
#1601 = MECHANICAL_DESIGN_GEOMETRIC_PRESENTATION_REPRESENTATION (  '', ( #899 ), #61 ) ;
#1602 = ADVANCED_FACE ( 'NONE', ( #892 ), #1043, .F. ) ;
#1603 = MECHANICAL_DESIGN_GEOMETRIC_PRESENTATION_REPRESENTATION (  '', ( #1796 ), #1298 ) ;
#1604 =( GEOMETRIC_REPRESENTATION_CONTEXT ( 3 ) GLOBAL_UNCERTAINTY_ASSIGNED_CONTEXT ( ( #1411 ) ) GLOBAL_UNIT_ASSIGNED_CONTEXT ( ( #258, #1468, #718 ) ) REPRESENTATION_CONTEXT ( 'NONE', 'WORKASPACE' ) );
#1605 = ADVANCED_FACE ( 'NONE', ( #2 ), #288, .T. ) ;
#1606 = DIRECTION ( 'NONE',  ( 1.807003620809174632E-16, -1.000000000000000000, 0.0000000000000000000 ) ) ;
#1607 = VECTOR ( 'NONE', #1135, 1000.000000000000000 ) ;
#1608 = CARTESIAN_POINT ( 'NONE',  ( 0.9700000000000000844, 0.5699999999999999512, 0.9200000000000000400 ) ) ;
#1609 = COLOUR_RGB ( '',0.7529411764705882248, 0.7529411764705882248, 0.7529411764705882248 ) ;
#1610 = CIRCLE ( 'NONE', #805, 0.02999999999999997113 ) ;
#1611 = CARTESIAN_POINT ( 'NONE',  ( -0.9700000000000000844, 0.5700000000000000622, 0.9200000000000000400 ) ) ;
#1612 = AXIS2_PLACEMENT_3D ( 'NONE', #88, #1831, #502 ) ;
#1613 = DIRECTION ( 'NONE',  ( -1.000000000000000000, -9.035018104045873159E-17, 0.0000000000000000000 ) ) ;
#1614 =( GEOMETRIC_REPRESENTATION_CONTEXT ( 3 ) GLOBAL_UNCERTAINTY_ASSIGNED_CONTEXT ( ( #1347 ) ) GLOBAL_UNIT_ASSIGNED_CONTEXT ( ( #1537, #1105, #1384 ) ) REPRESENTATION_CONTEXT ( 'NONE', 'WORKASPACE' ) );
#1615 =( NAMED_UNIT ( * ) SI_UNIT ( $, .STERADIAN. ) SOLID_ANGLE_UNIT ( ) );
#1616 = FILL_AREA_STYLE ('',( #1054 ) ) ;
#1617 = CARTESIAN_POINT ( 'NONE',  ( 1.000000000000000000, 0.5999999999999999778, 0.9499999999999999556 ) ) ;
#1618 = ORIENTED_EDGE ( 'NONE', *, *, #204, .F. ) ;
#1619 = DIRECTION ( 'NONE',  ( 1.000000000000000000, 1.807003620809174632E-16, -0.0000000000000000000 ) ) ;
#1620 = CARTESIAN_POINT ( 'NONE',  ( 0.9700000000000001954, -0.5699999999999998401, 0.02999999999999997807 ) ) ;
#1621 = CARTESIAN_POINT ( 'NONE',  ( -0.5000000000000000000, 0.5699999999999999512, 0.0000000000000000000 ) ) ;
#1622 = SURFACE_SIDE_STYLE ('',( #1514 ) ) ;
#1623 = VERTEX_POINT ( 'NONE', #860 ) ;
#1624 = EDGE_LOOP ( 'NONE', ( #1437, #1488, #1832, #1216 ) ) ;
#1625 = CIRCLE ( 'NONE', #32, 0.02999999999999997113 ) ;
#1626 = FILL_AREA_STYLE_COLOUR ( '', #1821 ) ;
#1627 = STYLED_ITEM ( 'NONE', ( #1277 ), #393 ) ;
#1628 = CARTESIAN_POINT ( 'NONE',  ( 0.5000000000000000000, 0.5699999999999999512, 0.02999999999999999889 ) ) ;
#1629 = COLOUR_RGB ( '',0.7529411764705882248, 0.7529411764705882248, 0.7529411764705882248 ) ;
#1630 = CARTESIAN_POINT ( 'NONE',  ( 0.5000000000000001110, -0.5699999999999999512, 0.9200000000000000400 ) ) ;
#1631 = CIRCLE ( 'NONE', #1235, 0.02999999999999997113 ) ;
#1632 = CARTESIAN_POINT ( 'NONE',  ( -0.9699999999999998623, -0.5699999999999999512, 0.9200000000000000400 ) ) ;
#1633 = ORIENTED_EDGE ( 'NONE', *, *, #1358, .F. ) ;
#1634 = COLOUR_RGB ( '',0.7529411764705882248, 0.7529411764705882248, 0.7529411764705882248 ) ;
#1635 = ADVANCED_FACE ( 'NONE', ( #1454 ), #558, .T. ) ;
#1636 = MECHANICAL_DESIGN_GEOMETRIC_PRESENTATION_REPRESENTATION (  '', ( #311 ), #1064 ) ;
#1637 = EDGE_LOOP ( 'NONE', ( #1709, #413, #144, #1633 ) ) ;
#1638 = MECHANICAL_DESIGN_GEOMETRIC_PRESENTATION_REPRESENTATION (  '', ( #1332 ), #1212 ) ;
#1639 =( LENGTH_UNIT ( ) NAMED_UNIT ( * ) SI_UNIT ( .MILLI., .METRE. ) );
#1640 =( GEOMETRIC_REPRESENTATION_CONTEXT ( 3 ) GLOBAL_UNCERTAINTY_ASSIGNED_CONTEXT ( ( #621 ) ) GLOBAL_UNIT_ASSIGNED_CONTEXT ( ( #1007, #143, #1040 ) ) REPRESENTATION_CONTEXT ( 'NONE', 'WORKASPACE' ) );
#1641 = EDGE_LOOP ( 'NONE', ( #1843, #452, #1390, #556 ) ) ;
#1642 = CARTESIAN_POINT ( 'NONE',  ( 1.000000000000000222, -0.5699999999999996181, 0.9200000000000000400 ) ) ;
#1643 = VERTEX_POINT ( 'NONE', #1370 ) ;
#1644 = CARTESIAN_POINT ( 'NONE',  ( -0.9700000000000000844, 0.5699999999999999512, 0.0000000000000000000 ) ) ;
#1645 = LINE ( 'NONE', #481, #1661 ) ;
#1646 = ADVANCED_FACE ( 'NONE', ( #786 ), #317, .T. ) ;
#1647 = SURFACE_STYLE_FILL_AREA ( #498 ) ;
#1648 = DIRECTION ( 'NONE',  ( 0.0000000000000000000, 0.0000000000000000000, 1.000000000000000000 ) ) ;
#1649 = SPHERICAL_SURFACE ( 'NONE', #10, 0.02999999999999999889 ) ;
#1650 = PRESENTATION_STYLE_ASSIGNMENT (( #1079 ) ) ;
#1651 = ORIENTED_EDGE ( 'NONE', *, *, #1380, .F. ) ;
#1652 = SURFACE_SIDE_STYLE ('',( #1217 ) ) ;
#1653 = SURFACE_STYLE_USAGE ( .BOTH. , #1808 ) ;
#1654 = CARTESIAN_POINT ( 'NONE',  ( 1.000000000000000222, -0.5699999999999996181, 0.9499999999999999556 ) ) ;
#1655 = ADVANCED_FACE ( 'NONE', ( #1790 ), #469, .T. ) ;
#1656 = COLOUR_RGB ( '',0.7529411764705882248, 0.7529411764705882248, 0.7529411764705882248 ) ;
#1657 = DIRECTION ( 'NONE',  ( -1.807003620809174632E-16, 1.000000000000000000, -0.0000000000000000000 ) ) ;
#1658 = CARTESIAN_POINT ( 'NONE',  ( -0.5000000000000000000, 0.5699999999999999512, 0.8800000000000000044 ) ) ;
#1659 = EDGE_CURVE ( 'NONE', #350, #1344, #1533, .T. ) ;
#1660 = PRESENTATION_LAYER_ASSIGNMENT (  '', '', ( #576 ) ) ;
#1661 = VECTOR ( 'NONE', #750, 1000.000000000000000 ) ;
#1662 = CARTESIAN_POINT ( 'NONE',  ( -0.5000000000000000000, -0.5999999999999999778, 0.9499999999999999556 ) ) ;
#1663 =( NAMED_UNIT ( * ) SI_UNIT ( $, .STERADIAN. ) SOLID_ANGLE_UNIT ( ) );
#1664 = FILL_AREA_STYLE_COLOUR ( '', #1419 ) ;
#1665 =( GEOMETRIC_REPRESENTATION_CONTEXT ( 3 ) GLOBAL_UNCERTAINTY_ASSIGNED_CONTEXT ( ( #550 ) ) GLOBAL_UNIT_ASSIGNED_CONTEXT ( ( #1226, #1816, #614 ) ) REPRESENTATION_CONTEXT ( 'NONE', 'WORKASPACE' ) );
#1666 = APPLICATION_PROTOCOL_DEFINITION ( 'draft international standard', 'automotive_design', 1998, #1594 ) ;
#1667 = PRESENTATION_LAYER_ASSIGNMENT (  '', '', ( #649 ) ) ;
#1668 =( LENGTH_UNIT ( ) NAMED_UNIT ( * ) SI_UNIT ( .MILLI., .METRE. ) );
#1669 = COLOUR_RGB ( '',0.1254901960784313708, 0.1254901960784313708, 0.1254901960784313708 ) ;
#1670 = FILL_AREA_STYLE ('',( #814 ) ) ;
#1671 = PRESENTATION_STYLE_ASSIGNMENT (( #1251 ) ) ;
#1672 = DIRECTION ( 'NONE',  ( 0.0000000000000000000, -3.614007241618351532E-15, 1.000000000000000000 ) ) ;
#1673 = FILL_AREA_STYLE_COLOUR ( '', #492 ) ;
#1674 = UNCERTAINTY_MEASURE_WITH_UNIT (LENGTH_MEASURE( 1.000000000000000082E-05 ), #675, 'distance_accuracy_value', 'NONE');
#1675 = SURFACE_STYLE_USAGE ( .BOTH. , #788 ) ;
#1676 = DIRECTION ( 'NONE',  ( 1.000000000000000000, 2.168404344971008621E-16, 0.0000000000000000000 ) ) ;
#1677 = CARTESIAN_POINT ( 'NONE',  ( -0.9700000000000000844, 0.5699999999999999512, 0.9499999999999999556 ) ) ;
#1678 = ORIENTED_EDGE ( 'NONE', *, *, #1201, .F. ) ;
#1679 = SURFACE_STYLE_FILL_AREA ( #645 ) ;
#1680 = DIRECTION ( 'NONE',  ( 1.000000000000000000, 9.035018104045873159E-17, -0.0000000000000000000 ) ) ;
#1681 = EDGE_CURVE ( 'NONE', #1256, #1115, #286, .T. ) ;
#1682 = DIRECTION ( 'NONE',  ( -1.000000000000000000, 0.0000000000000000000, 0.0000000000000000000 ) ) ;
#1683 = CARTESIAN_POINT ( 'NONE',  ( -0.5000000000000000000, 0.5699999999999999512, 0.06999999999999996503 ) ) ;
#1684 = SURFACE_SIDE_STYLE ('',( #474 ) ) ;
#1685 = PRESENTATION_LAYER_ASSIGNMENT (  '', '', ( #636 ) ) ;
#1686 =( NAMED_UNIT ( * ) PLANE_ANGLE_UNIT ( ) SI_UNIT ( $, .RADIAN. ) );
#1687 = STYLED_ITEM ( 'NONE', ( #1819 ), #294 ) ;
#1688 = ORIENTED_EDGE ( 'NONE', *, *, #541, .F. ) ;
#1689 = STYLED_ITEM ( 'NONE', ( #423 ), #268 ) ;
#1690 = VECTOR ( 'NONE', #554, 1000.000000000000000 ) ;
#1691 = ORIENTED_EDGE ( 'NONE', *, *, #372, .T. ) ;
#1692 = CIRCLE ( 'NONE', #641, 0.02999999999999999889 ) ;
#1693 =( NAMED_UNIT ( * ) PLANE_ANGLE_UNIT ( ) SI_UNIT ( $, .RADIAN. ) );
#1694 = CARTESIAN_POINT ( 'NONE',  ( -0.9700000000000000844, 0.5999999999999999778, 0.9200000000000000400 ) ) ;
#1695 = STYLED_ITEM ( 'NONE', ( #1138 ), #983 ) ;
#1696 = CARTESIAN_POINT ( 'NONE',  ( 0.5000000000000000000, -0.5699999999999999512, 0.8800000000000000044 ) ) ;
#1697 = VECTOR ( 'NONE', #1327, 1000.000000000000000 ) ;
#1698 = ADVANCED_FACE ( 'NONE', ( #816 ), #363, .T. ) ;
#1699 = EDGE_LOOP ( 'NONE', ( #1444, #1782, #450, #615 ) ) ;
#1700 = CARTESIAN_POINT ( 'NONE',  ( 0.5000000000000000000, -0.5300000000000000266, 0.02999999999999999889 ) ) ;
#1701 = AXIS2_PLACEMENT_3D ( 'NONE', #1543, #217, #1861 ) ;
#1702 = SURFACE_STYLE_USAGE ( .BOTH. , #1117 ) ;
#1703 = ORIENTED_EDGE ( 'NONE', *, *, #1659, .F. ) ;
#1704 = PRESENTATION_LAYER_ASSIGNMENT (  '', '', ( #287 ) ) ;
#1705 = CYLINDRICAL_SURFACE ( 'NONE', #1737, 0.02999999999999999889 ) ;
#1706 = SURFACE_SIDE_STYLE ('',( #1120 ) ) ;
#1707 = DIRECTION ( 'NONE',  ( -1.000000000000000000, -2.168404344971008621E-16, -0.0000000000000000000 ) ) ;
#1708 = PLANE ( 'NONE',  #1171 ) ;
#1709 = ORIENTED_EDGE ( 'NONE', *, *, #749, .F. ) ;
#1710 = VERTEX_POINT ( 'NONE', #1715 ) ;
#1711 = DIRECTION ( 'NONE',  ( 0.0000000000000000000, 0.0000000000000000000, 1.000000000000000000 ) ) ;
#1712 = ORIENTED_EDGE ( 'NONE', *, *, #629, .F. ) ;
#1713 = CARTESIAN_POINT ( 'NONE',  ( -0.5000000000000000000, -0.5700000000000000622, 0.9499999999999999556 ) ) ;
#1714 = CARTESIAN_POINT ( 'NONE',  ( -0.9999999999999997780, -0.5999999999999999778, 0.02999999999999997113 ) ) ;
#1715 = CARTESIAN_POINT ( 'NONE',  ( -0.5000000000000000000, 0.5999999999999999778, 0.03000000000000018624 ) ) ;
#1716 = ORIENTED_EDGE ( 'NONE', *, *, #1010, .T. ) ;
#1717 = SURFACE_STYLE_FILL_AREA ( #818 ) ;
#1718 = CARTESIAN_POINT ( 'NONE',  ( -0.5000000000000000000, 0.5999999999999999778, 0.0000000000000000000 ) ) ;
#1719 = UNCERTAINTY_MEASURE_WITH_UNIT (LENGTH_MEASURE( 1.000000000000000082E-05 ), #659, 'distance_accuracy_value', 'NONE');
#1720 = FACE_OUTER_BOUND ( 'NONE', #1699, .T. ) ;
#1721 = CARTESIAN_POINT ( 'NONE',  ( 0.5000000000000000000, 0.5699999999999999512, 0.9200000000000000400 ) ) ;
#1722 = EDGE_CURVE ( 'NONE', #581, #1466, #950, .T. ) ;
#1723 = EDGE_LOOP ( 'NONE', ( #1227, #1618, #535, #169 ) ) ;
#1724 =( NAMED_UNIT ( * ) PLANE_ANGLE_UNIT ( ) SI_UNIT ( $, .RADIAN. ) );
#1725 = VECTOR ( 'NONE', #1003, 1000.000000000000000 ) ;
#1726 = SURFACE_SIDE_STYLE ('',( #111 ) ) ;
#1727 = MECHANICAL_DESIGN_GEOMETRIC_PRESENTATION_REPRESENTATION (  '', ( #1025 ), #864 ) ;
#1728 = STYLED_ITEM ( 'NONE', ( #1785 ), #624 ) ;
#1729 = CARTESIAN_POINT ( 'NONE',  ( 0.5000000000000000000, 0.5999999999999999778, 0.0000000000000000000 ) ) ;
#1730 = FACE_OUTER_BOUND ( 'NONE', #764, .T. ) ;
#1731 = COLOUR_RGB ( '',0.7529411764705882248, 0.7529411764705882248, 0.7529411764705882248 ) ;
#1732 = DIRECTION ( 'NONE',  ( 0.0000000000000000000, 7.228014483236703064E-15, -1.000000000000000000 ) ) ;
#1733 = ORIENTED_EDGE ( 'NONE', *, *, #73, .T. ) ;
#1734 = MECHANICAL_DESIGN_GEOMETRIC_PRESENTATION_REPRESENTATION (  '', ( #1208 ), #1263 ) ;
#1735 = FACE_OUTER_BOUND ( 'NONE', #1758, .T. ) ;
#1736 = FILL_AREA_STYLE_COLOUR ( '', #84 ) ;
#1737 = AXIS2_PLACEMENT_3D ( 'NONE', #690, #1148, #1450 ) ;
#1738 = COLOUR_RGB ( '',0.7529411764705882248, 0.7529411764705882248, 0.7529411764705882248 ) ;
#1739 =( NAMED_UNIT ( * ) SI_UNIT ( $, .STERADIAN. ) SOLID_ANGLE_UNIT ( ) );
#1740 = MECHANICAL_DESIGN_GEOMETRIC_PRESENTATION_REPRESENTATION (  '', ( #649 ), #1640 ) ;
#1741 = ORIENTED_EDGE ( 'NONE', *, *, #1048, .F. ) ;
#1742 =( LENGTH_UNIT ( ) NAMED_UNIT ( * ) SI_UNIT ( .MILLI., .METRE. ) );
#1743 =( NAMED_UNIT ( * ) PLANE_ANGLE_UNIT ( ) SI_UNIT ( $, .RADIAN. ) );
#1744 = UNCERTAINTY_MEASURE_WITH_UNIT (LENGTH_MEASURE( 1.000000000000000082E-05 ), #497, 'distance_accuracy_value', 'NONE');
#1745 =( NAMED_UNIT ( * ) SI_UNIT ( $, .STERADIAN. ) SOLID_ANGLE_UNIT ( ) );
#1746 = SURFACE_STYLE_USAGE ( .BOTH. , #1146 ) ;
#1747 = DIRECTION ( 'NONE',  ( 1.000000000000000000, -0.0000000000000000000, 0.0000000000000000000 ) ) ;
#1748 = ORIENTED_EDGE ( 'NONE', *, *, #327, .F. ) ;
#1749 = EDGE_CURVE ( 'NONE', #1517, #854, #838, .T. ) ;
#1750 = SURFACE_SIDE_STYLE ('',( #557 ) ) ;
#1751 = FILL_AREA_STYLE ('',( #1159 ) ) ;
#1752 =( NAMED_UNIT ( * ) SI_UNIT ( $, .STERADIAN. ) SOLID_ANGLE_UNIT ( ) );
#1753 =( LENGTH_UNIT ( ) NAMED_UNIT ( * ) SI_UNIT ( .MILLI., .METRE. ) );
#1754 = FILL_AREA_STYLE_COLOUR ( '', #1609 ) ;
#1755 = FILL_AREA_STYLE ('',( #1161 ) ) ;
#1756 = ORIENTED_EDGE ( 'NONE', *, *, #117, .F. ) ;
#1757 =( LENGTH_UNIT ( ) NAMED_UNIT ( * ) SI_UNIT ( .MILLI., .METRE. ) );
#1758 = EDGE_LOOP ( 'NONE', ( #125, #848, #1806 ) ) ;
#1759 = AXIS2_PLACEMENT_3D ( 'NONE', #1295, #263, #1711 ) ;
#1760 = DIRECTION ( 'NONE',  ( -1.807003620809175125E-16, 1.000000000000000000, 0.0000000000000000000 ) ) ;
#1761 = UNCERTAINTY_MEASURE_WITH_UNIT (LENGTH_MEASURE( 1.000000000000000082E-05 ), #1055, 'distance_accuracy_value', 'NONE');
#1762 = DIRECTION ( 'NONE',  ( 0.0000000000000000000, -1.000000000000000000, 0.0000000000000000000 ) ) ;
#1763 = PRODUCT_DEFINITION ( 'UNKNOWN', '', #1550, #893 ) ;
#1764 = CARTESIAN_POINT ( 'NONE',  ( 0.9700000000000000844, 0.5699999999999999512, 0.02999999999999999889 ) ) ;
#1765 = VECTOR ( 'NONE', #344, 1000.000000000000000 ) ;
#1766 = MECHANICAL_DESIGN_GEOMETRIC_PRESENTATION_REPRESENTATION (  '', ( #1516 ), #1091 ) ;
#1767 =( NAMED_UNIT ( * ) SI_UNIT ( $, .STERADIAN. ) SOLID_ANGLE_UNIT ( ) );
#1768 = CIRCLE ( 'NONE', #937, 0.02999999999999997113 ) ;
#1769 = CIRCLE ( 'NONE', #941, 0.02999999999999997113 ) ;
#1770 = FACE_OUTER_BOUND ( 'NONE', #1016, .T. ) ;
#1771 = SURFACE_STYLE_FILL_AREA ( #692 ) ;
#1772 = SURFACE_STYLE_FILL_AREA ( #1320 ) ;
#1773 = PRESENTATION_STYLE_ASSIGNMENT (( #1024 ) ) ;
#1774 = DIRECTION ( 'NONE',  ( -1.000000000000000000, 0.0000000000000000000, 0.0000000000000000000 ) ) ;
#1775 = EDGE_CURVE ( 'NONE', #791, #526, #193, .T. ) ;
#1776 = CYLINDRICAL_SURFACE ( 'NONE', #833, 0.02999999999999997113 ) ;
#1777 = CARTESIAN_POINT ( 'NONE',  ( 1.000000000000000000, 0.5999999999999999778, 0.9499999999999999556 ) ) ;
#1778 = FACE_OUTER_BOUND ( 'NONE', #1641, .T. ) ;
#1779 = ORIENTED_EDGE ( 'NONE', *, *, #1229, .T. ) ;
#1780 = SURFACE_STYLE_USAGE ( .BOTH. , #167 ) ;
#1781 = SURFACE_SIDE_STYLE ('',( #1185 ) ) ;
#1782 = ORIENTED_EDGE ( 'NONE', *, *, #91, .T. ) ;
#1783 =( NAMED_UNIT ( * ) PLANE_ANGLE_UNIT ( ) SI_UNIT ( $, .RADIAN. ) );
#1784 = EDGE_CURVE ( 'NONE', #332, #914, #1470, .T. ) ;
#1785 = PRESENTATION_STYLE_ASSIGNMENT (( #1511 ) ) ;
#1786 = VECTOR ( 'NONE', #1426, 1000.000000000000000 ) ;
#1787 = DIRECTION ( 'NONE',  ( 0.0000000000000000000, -0.0000000000000000000, -1.000000000000000000 ) ) ;
#1788 = ORIENTED_EDGE ( 'NONE', *, *, #541, .T. ) ;
#1789 = CARTESIAN_POINT ( 'NONE',  ( 0.5000000000000000000, 0.5999999999999999778, 0.9499999999999999556 ) ) ;
#1790 = FACE_OUTER_BOUND ( 'NONE', #840, .T. ) ;
#1791 = ORIENTED_EDGE ( 'NONE', *, *, #879, .F. ) ;
#1792 = FILL_AREA_STYLE ('',( #1195 ) ) ;
#1793 = CARTESIAN_POINT ( 'NONE',  ( -0.5000000000000000000, -0.5299999999999999156, 0.9200000000000000400 ) ) ;
#1794 = COLOUR_RGB ( '',0.7960784313725489669, 0.8235294117647058432, 0.9372549019607843146 ) ;
#1795 = CARTESIAN_POINT ( 'NONE',  ( -0.5000000000000000000, 0.5300000000000000266, 0.02999999999999999889 ) ) ;
#1796 = STYLED_ITEM ( 'NONE', ( #1009 ), #982 ) ;
#1797 = CYLINDRICAL_SURFACE ( 'NONE', #1432, 0.02999999999999997113 ) ;
#1798 = ORIENTED_EDGE ( 'NONE', *, *, #778, .T. ) ;
#1799 = COLOUR_RGB ( '',0.1254901960784313708, 0.1254901960784313708, 0.1254901960784313708 ) ;
#1800 = DIRECTION ( 'NONE',  ( -1.807003620809175125E-16, 1.000000000000000000, 0.0000000000000000000 ) ) ;
#1801 = PRESENTATION_LAYER_ASSIGNMENT (  '', '', ( #342 ) ) ;
#1802 = DIRECTION ( 'NONE',  ( 0.0000000000000000000, 0.0000000000000000000, -1.000000000000000000 ) ) ;
#1803 = DIRECTION ( 'NONE',  ( 0.0000000000000000000, 0.0000000000000000000, 1.000000000000000000 ) ) ;
#1804 = PRESENTATION_STYLE_ASSIGNMENT (( #1202 ) ) ;
#1805 = DIRECTION ( 'NONE',  ( 1.000000000000000000, 0.0000000000000000000, 0.0000000000000000000 ) ) ;
#1806 = ORIENTED_EDGE ( 'NONE', *, *, #133, .F. ) ;
#1807 = ADVANCED_FACE ( 'NONE', ( #1541 ), #656, .T. ) ;
#1808 = SURFACE_SIDE_STYLE ('',( #45 ) ) ;
#1809 = PLANE ( 'NONE',  #967 ) ;
#1810 = FACE_BOUND ( 'NONE', #1306, .T. ) ;
#1811 = EDGE_CURVE ( 'NONE', #122, #932, #1769, .T. ) ;
#1812 = FILL_AREA_STYLE_COLOUR ( '', #384 ) ;
#1813 = CYLINDRICAL_SURFACE ( 'NONE', #907, 0.03999999999999999389 ) ;
#1814 = FACE_OUTER_BOUND ( 'NONE', #318, .T. ) ;
#1815 = VERTEX_POINT ( 'NONE', #850 ) ;
#1816 =( NAMED_UNIT ( * ) PLANE_ANGLE_UNIT ( ) SI_UNIT ( $, .RADIAN. ) );
#1817 = EDGE_CURVE ( 'NONE', #395, #1186, #1243, .T. ) ;
#1818 = UNCERTAINTY_MEASURE_WITH_UNIT (LENGTH_MEASURE( 1.000000000000000082E-05 ), #1639, 'distance_accuracy_value', 'NONE');
#1819 = PRESENTATION_STYLE_ASSIGNMENT (( #1675 ) ) ;
#1820 = ADVANCED_FACE ( 'NONE', ( #1867 ), #135, .F. ) ;
#1821 = COLOUR_RGB ( '',0.1254901960784313708, 0.1254901960784313708, 0.1254901960784313708 ) ;
#1822 = AXIS2_PLACEMENT_3D ( 'NONE', #859, #1176, #414 ) ;
#1823 = VECTOR ( 'NONE', #672, 1000.000000000000000 ) ;
#1824 = CIRCLE ( 'NONE', #518, 0.03999999999999999389 ) ;
#1825 = DIRECTION ( 'NONE',  ( 0.0000000000000000000, 0.0000000000000000000, 1.000000000000000000 ) ) ;
#1826 = DIRECTION ( 'NONE',  ( -0.0000000000000000000, 0.0000000000000000000, -1.000000000000000000 ) ) ;
#1827 = AXIS2_PLACEMENT_3D ( 'NONE', #305, #1192, #1805 ) ;
#1828 = SURFACE_SIDE_STYLE ('',( #484 ) ) ;
#1829 = SURFACE_STYLE_USAGE ( .BOTH. , #1214 ) ;
#1830 = ORIENTED_EDGE ( 'NONE', *, *, #208, .F. ) ;
#1831 = DIRECTION ( 'NONE',  ( -1.807003620809174632E-16, 1.000000000000000000, 0.0000000000000000000 ) ) ;
#1832 = ORIENTED_EDGE ( 'NONE', *, *, #1448, .F. ) ;
#1833 = DIRECTION ( 'NONE',  ( 0.0000000000000000000, 1.000000000000000000, 0.0000000000000000000 ) ) ;
#1834 =( LENGTH_UNIT ( ) NAMED_UNIT ( * ) SI_UNIT ( .MILLI., .METRE. ) );
#1835 = DIRECTION ( 'NONE',  ( 1.000000000000000000, 0.0000000000000000000, 0.0000000000000000000 ) ) ;
#1836 = ORIENTED_EDGE ( 'NONE', *, *, #1318, .T. ) ;
#1837 =( NAMED_UNIT ( * ) SI_UNIT ( $, .STERADIAN. ) SOLID_ANGLE_UNIT ( ) );
#1838 = ADVANCED_FACE ( 'NONE', ( #292 ), #724, .T. ) ;
#1839 = SURFACE_STYLE_USAGE ( .BOTH. , #77 ) ;
#1840 = DIRECTION ( 'NONE',  ( 0.0000000000000000000, 1.000000000000000000, -3.614007241618351532E-15 ) ) ;
#1841 = ORIENTED_EDGE ( 'NONE', *, *, #674, .T. ) ;
#1842 = SURFACE_STYLE_FILL_AREA ( #271 ) ;
#1843 = ORIENTED_EDGE ( 'NONE', *, *, #1329, .T. ) ;
#1844 = PRESENTATION_STYLE_ASSIGNMENT (( #1408 ) ) ;
#1845 = FILL_AREA_STYLE_COLOUR ( '', #13 ) ;
#1846 = STYLED_ITEM ( 'NONE', ( #76 ), #959 ) ;
#1847 = COLOUR_RGB ( '',0.7529411764705882248, 0.7529411764705882248, 0.7529411764705882248 ) ;
#1848 = UNCERTAINTY_MEASURE_WITH_UNIT (LENGTH_MEASURE( 1.000000000000000082E-05 ), #949, 'distance_accuracy_value', 'NONE');
#1849 = CARTESIAN_POINT ( 'NONE',  ( -0.9999999999999997780, -0.5699999999999999512, 0.9200000000000000400 ) ) ;
#1850 = CIRCLE ( 'NONE', #1546, 0.02999999999999997113 ) ;
#1851 = AXIS2_PLACEMENT_3D ( 'NONE', #1398, #116, #855 ) ;
#1852 = ORIENTED_EDGE ( 'NONE', *, *, #456, .T. ) ;
#1853 = DIRECTION ( 'NONE',  ( -1.000000000000000000, 0.0000000000000000000, -0.0000000000000000000 ) ) ;
#1854 = VECTOR ( 'NONE', #519, 1000.000000000000000 ) ;
#1855 = ORIENTED_EDGE ( 'NONE', *, *, #422, .F. ) ;
#1856 = AXIS2_PLACEMENT_3D ( 'NONE', #969, #223, #1566 ) ;
#1857 = MECHANICAL_DESIGN_GEOMETRIC_PRESENTATION_REPRESENTATION (  '', ( #287 ), #1276 ) ;
#1858 =( NAMED_UNIT ( * ) SI_UNIT ( $, .STERADIAN. ) SOLID_ANGLE_UNIT ( ) );
#1859 = EDGE_LOOP ( 'NONE', ( #1855, #1072, #313, #1458 ) ) ;
#1860 = DIRECTION ( 'NONE',  ( 1.000000000000000000, -0.0000000000000000000, -0.0000000000000000000 ) ) ;
#1861 = DIRECTION ( 'NONE',  ( 0.0000000000000000000, 1.000000000000000000, 0.0000000000000000000 ) ) ;
#1862 = ADVANCED_FACE ( 'NONE', ( #1814 ), #917, .F. ) ;
#1863 = ORIENTED_EDGE ( 'NONE', *, *, #1021, .F. ) ;
#1864 = EDGE_CURVE ( 'NONE', #350, #257, #408, .T. ) ;
#1865 = FACE_OUTER_BOUND ( 'NONE', #401, .T. ) ;
#1866 = CARTESIAN_POINT ( 'NONE',  ( -0.5000000000000000000, -0.5699999999999999512, 0.9200000000000000400 ) ) ;
#1867 = FACE_OUTER_BOUND ( 'NONE', #470, .T. ) ;
#1868 = ORIENTED_EDGE ( 'NONE', *, *, #773, .T. ) ;
#1869 = LINE ( 'NONE', #206, #1036 ) ;
#1870 = UNCERTAINTY_MEASURE_WITH_UNIT (LENGTH_MEASURE( 1.000000000000000082E-05 ), #632, 'distance_accuracy_value', 'NONE');
#1871 = CLOSED_SHELL ( 'NONE', ( #1862, #927, #1442, #283, #300, #393, #1205, #1820, #1602, #180, #268, #1872, #983, #623, #438, #836, #220, #1156, #890, #1342, #294, #900, #1108, #959, #1646, #624, #1807, #1884, #1605, #102, #689, #1635, #982, #1352, #1104, #1082, #87, #1655, #1698, #506, #1838, #1473, #1008, #1218 ) ) ;
#1872 = ADVANCED_FACE ( 'NONE', ( #1778 ), #1343, .F. ) ;
#1873 = CARTESIAN_POINT ( 'NONE',  ( 0.5000000000000000000, 0.5699999999999999512, 0.02999999999999997113 ) ) ;
#1874 = ORIENTED_EDGE ( 'NONE', *, *, #539, .T. ) ;
#1875 = LINE ( 'NONE', #99, #1599 ) ;
#1876 = CYLINDRICAL_SURFACE ( 'NONE', #707, 0.04000000000000000083 ) ;
#1877 = PRESENTATION_LAYER_ASSIGNMENT (  '', '', ( #1627 ) ) ;
#1878 = ORIENTED_EDGE ( 'NONE', *, *, #369, .T. ) ;
#1879 = CARTESIAN_POINT ( 'NONE',  ( 1.000000000000000222, -0.5699999999999998401, 0.02999999999999997113 ) ) ;
#1880 = DIRECTION ( 'NONE',  ( -1.000000000000000000, 0.0000000000000000000, 0.0000000000000000000 ) ) ;
#1881 = COLOUR_RGB ( '',0.7529411764705882248, 0.7529411764705882248, 0.7529411764705882248 ) ;
#1882 = DIRECTION ( 'NONE',  ( -1.000000000000000000, 0.0000000000000000000, -0.0000000000000000000 ) ) ;
#1883 = CARTESIAN_POINT ( 'NONE',  ( 0.5000000000000000000, -0.5300000000000000266, 0.8800000000000000044 ) ) ;
#1884 = ADVANCED_FACE ( 'NONE', ( #598 ), #1797, .T. ) ;
#1885 = ORIENTED_EDGE ( 'NONE', *, *, #1229, .F. ) ;
#1886 =( NAMED_UNIT ( * ) SI_UNIT ( $, .STERADIAN. ) SOLID_ANGLE_UNIT ( ) );
#1887 = CIRCLE ( 'NONE', #70, 0.02999999999999999889 ) ;
#1888 = COLOUR_RGB ( '',0.7529411764705882248, 0.7529411764705882248, 0.7529411764705882248 ) ;
#1889 = ORIENTED_EDGE ( 'NONE', *, *, #1321, .T. ) ;
#1890 =( LENGTH_UNIT ( ) NAMED_UNIT ( * ) SI_UNIT ( .MILLI., .METRE. ) );
#1891 = UNCERTAINTY_MEASURE_WITH_UNIT (LENGTH_MEASURE( 1.000000000000000082E-05 ), #1339, 'distance_accuracy_value', 'NONE');
#1892 = CARTESIAN_POINT ( 'NONE',  ( -0.5000000000000000000, 0.5699999999999999512, 0.06999999999999996503 ) ) ;
#1893 =( LENGTH_UNIT ( ) NAMED_UNIT ( * ) SI_UNIT ( .MILLI., .METRE. ) );
#1894 =( LENGTH_UNIT ( ) NAMED_UNIT ( * ) SI_UNIT ( .MILLI., .METRE. ) );
ENDSEC;
END-ISO-10303-21;
