ISO-10303-21;
HEADER;
FILE_DESCRIPTION (( 'STEP AP214' ),
    '1' );
FILE_NAME ('E2A9C91B-D1CB-4F0F-9E97-255E98071327.STEP',
    '2026-01-09T13:27:30',
    ( '' ),
    ( '' ),
    'SwSTEP 2.0',
    'SolidWorks 2022',
    '' );
FILE_SCHEMA (( 'AUTOMOTIVE_DESIGN' ));
ENDSEC;

DATA;
#1 = CARTESIAN_POINT ( 'NONE',  ( 2.660000000000000142, -1.389999999999999902, 8.959999999999999076 ) ) ;
#2 = ORIENTED_EDGE ( 'NONE', *, *, #5567, .T. ) ;
#3 = DIRECTION ( 'NONE',  ( 0.0000000000000000000, 0.0000000000000000000, 1.000000000000000000 ) ) ;
#4 =( GEOMETRIC_REPRESENTATION_CONTEXT ( 3 ) GLOBAL_UNCERTAINTY_ASSIGNED_CONTEXT ( ( #5203 ) ) GLOBAL_UNIT_ASSIGNED_CONTEXT ( ( #5490, #1691, #8019 ) ) REPRESENTATION_CONTEXT ( 'NONE', 'WORKASPACE' ) );
#5 = FILL_AREA_STYLE_COLOUR ( '', #2243 ) ;
#6 = EDGE_LOOP ( 'NONE', ( #5841, #917, #6914, #3081 ) ) ;
#7 = VERTEX_POINT ( 'NONE', #4429 ) ;
#8 = CARTESIAN_POINT ( 'NONE',  ( -2.953923300910690219, -4.444999999999998508, 8.222189719021848475 ) ) ;
#9 = VECTOR ( 'NONE', #5791, 1000.000000000000000 ) ;
#10 = PRESENTATION_STYLE_ASSIGNMENT (( #6980 ) ) ;
#11 = CARTESIAN_POINT ( 'NONE',  ( -3.243704803021725702, -4.445000000000000284, 8.429233843511473978 ) ) ;
#12 =( NAMED_UNIT ( * ) PLANE_ANGLE_UNIT ( ) SI_UNIT ( $, .RADIAN. ) );
#13 = EDGE_LOOP ( 'NONE', ( #7645, #5361, #3219, #1488, #6964, #2059 ) ) ;
#14 = CARTESIAN_POINT ( 'NONE',  ( -3.000046533715014618, -4.344999999999999751, 8.114717427574341002 ) ) ;
#15 = EDGE_CURVE ( 'NONE', #287, #2500, #1193, .T. ) ;
#16 = CARTESIAN_POINT ( 'NONE',  ( -4.086179637532171505, -4.444999999999999396, 7.485907482637107258 ) ) ;
#17 = CARTESIAN_POINT ( 'NONE',  ( -3.486716538465101323, -4.445000000000000284, 7.369999485204850487 ) ) ;
#18 = SURFACE_STYLE_USAGE ( .BOTH. , #3113 ) ;
#19 = CARTESIAN_POINT ( 'NONE',  ( -2.666933639016676238, -4.344999999999999751, 9.111325120834825597 ) ) ;
#20 = CARTESIAN_POINT ( 'NONE',  ( -5.154999999999997584, -2.794999999999999485, 1.201000000000000512 ) ) ;
#21 = EDGE_CURVE ( 'NONE', #4295, #8154, #7742, .T. ) ;
#22 = ADVANCED_FACE ( 'NONE', ( #5568 ), #8144, .T. ) ;
#23 = CARTESIAN_POINT ( 'NONE',  ( -2.220000000000000195, -0.9499999999999999556, 1.969999999999999973 ) ) ;
#24 = CARTESIAN_POINT ( 'NONE',  ( 2.407460805572801732, 0.0000000000000000000, -1.330000000000000071 ) ) ;
#25 = DIRECTION ( 'NONE',  ( -0.0000000000000000000, 0.0000000000000000000, -1.000000000000000000 ) ) ;
#26 =( BOUNDED_CURVE ( )  B_SPLINE_CURVE ( 3, ( #4373, #2364, #8170, #6936 ),
 .UNSPECIFIED., .F., .F. ) 
 B_SPLINE_CURVE_WITH_KNOTS ( ( 4, 4 ),
 ( 3.141592653589787343, 6.283185307179590673 ),
 .UNSPECIFIED. ) 
 CURVE ( )  GEOMETRIC_REPRESENTATION_ITEM ( )  RATIONAL_B_SPLINE_CURVE ( ( 1.000000000000000666, 0.3333333333333299842, 0.3333333333333294290, 1.000000000000000000 ) ) 
 REPRESENTATION_ITEM ( '' )  );
#27 = EDGE_LOOP ( 'NONE', ( #4134, #3040 ) ) ;
#28 = CARTESIAN_POINT ( 'NONE',  ( 2.860000000000000320, 0.9499999999999999556, 8.460000000000000853 ) ) ;
#29 = CARTESIAN_POINT ( 'NONE',  ( -4.282718693127464782, -4.445000000000001172, 7.626289644546489832 ) ) ;
#30 = CARTESIAN_POINT ( 'NONE',  ( -4.084195451737643090, -4.445000000000000284, 8.016480691622218657 ) ) ;
#31 = ORIENTED_EDGE ( 'NONE', *, *, #4212, .T. ) ;
#32 = EDGE_CURVE ( 'NONE', #7730, #3468, #7802, .T. ) ;
#33 = CARTESIAN_POINT ( 'NONE',  ( -2.220000000000000195, -0.9499999999999999556, 0.009999999999999788572 ) ) ;
#34 =( LENGTH_UNIT ( ) NAMED_UNIT ( * ) SI_UNIT ( .MILLI., .METRE. ) );
#35 = CARTESIAN_POINT ( 'NONE',  ( -6.570000000000000284, -1.649999999999999911, 1.629999999999999893 ) ) ;
#36 = CARTESIAN_POINT ( 'NONE',  ( 0.4249999999999999889, 3.645000000000000018, 1.239999999999999991 ) ) ;
#37 = ORIENTED_EDGE ( 'NONE', *, *, #15, .T. ) ;
#38 = PLANE ( 'NONE',  #6580 ) ;
#39 = ORIENTED_EDGE ( 'NONE', *, *, #1795, .F. ) ;
#40 = VERTEX_POINT ( 'NONE', #1920 ) ;
#41 = DIRECTION ( 'NONE',  ( 0.0000000000000000000, -1.000000000000000000, 0.0000000000000000000 ) ) ;
#42 = VECTOR ( 'NONE', #4542, 1000.000000000000000 ) ;
#43 = CARTESIAN_POINT ( 'NONE',  ( -2.220000000000000195, 1.590000000000000080, -1.029999999999998028 ) ) ;
#44 = CARTESIAN_POINT ( 'NONE',  ( -4.560842609379704982, -4.345000000000001528, 7.688034096489055891 ) ) ;
#45 = FACE_OUTER_BOUND ( 'NONE', #5410, .T. ) ;
#46 = FILL_AREA_STYLE ('',( #7061 ) ) ;
#47 = MECHANICAL_DESIGN_GEOMETRIC_PRESENTATION_REPRESENTATION (  '', ( #1945 ), #1144 ) ;
#48 = ORIENTED_EDGE ( 'NONE', *, *, #5908, .F. ) ;
#49 = CARTESIAN_POINT ( 'NONE',  ( -3.017414765260312937, -4.345000000000000639, 8.091629277705937540 ) ) ;
#50 = UNCERTAINTY_MEASURE_WITH_UNIT (LENGTH_MEASURE( 1.000000000000000082E-05 ), #7243, 'distance_accuracy_value', 'NONE');
#51 = CARTESIAN_POINT ( 'NONE',  ( 5.154999999999997584, 2.794999999999999485, 1.669000000000000483 ) ) ;
#52 = CARTESIAN_POINT ( 'NONE',  ( -2.666933639016676238, -4.445000000000000284, 6.968253446624994574 ) ) ;
#53 = CARTESIAN_POINT ( 'NONE',  ( -4.061822766555893693, -4.445000000000000284, 7.518394106434134194 ) ) ;
#54 = EDGE_CURVE ( 'NONE', #4839, #7730, #5261, .T. ) ;
#55 = CARTESIAN_POINT ( 'NONE',  ( -3.486716538465101323, -4.445000000000000284, 7.946655468110833453 ) ) ;
#56 = CARTESIAN_POINT ( 'NONE',  ( -5.154999999999997584, -2.794999999999999485, 1.669000000000000483 ) ) ;
#57 = EDGE_LOOP ( 'NONE', ( #6141, #4662, #5282, #6792 ) ) ;
#58 = CARTESIAN_POINT ( 'NONE',  ( -6.570000000000000284, -1.649999999999999911, 8.030000000000001137 ) ) ;
#59 = CARTESIAN_POINT ( 'NONE',  ( 3.360000000000000320, -0.4500000000000000111, 1.629999999999999893 ) ) ;
#60 = CARTESIAN_POINT ( 'NONE',  ( -4.319749269075471076, -4.344999999999999751, 7.342739526645499559 ) ) ;
#61 = B_SPLINE_CURVE_WITH_KNOTS ( 'NONE', 1,
 ( #1663, #5551 ),
 .UNSPECIFIED., .F., .F.,
 ( 2, 2 ),
 ( 0.3497942386831276451, 1.000000000000000000 ),
 .UNSPECIFIED. ) ;
#62 =( NAMED_UNIT ( * ) SI_UNIT ( $, .STERADIAN. ) SOLID_ANGLE_UNIT ( ) );
#63 = FACE_OUTER_BOUND ( 'NONE', #293, .T. ) ;
#64 = EDGE_CURVE ( 'NONE', #4915, #5301, #3102, .T. ) ;
#65 = B_SPLINE_CURVE_WITH_KNOTS ( 'NONE', 1,
 ( #2661, #5219 ),
 .UNSPECIFIED., .F., .F.,
 ( 2, 2 ),
 ( 0.0008628193996200000894, 0.001437275664269999911 ),
 .UNSPECIFIED. ) ;
#66 = ADVANCED_FACE ( 'NONE', ( #3359 ), #5174, .T. ) ;
#68 = CARTESIAN_POINT ( 'NONE',  ( -3.217204068513177972, -4.445000000000000284, 7.966796026337330083 ) ) ;
#67 = VECTOR ( 'NONE', #1625, 1000.000000000000227 ) ;
#69 = SURFACE_SIDE_STYLE ('',( #8363 ) ) ;
#70 = CARTESIAN_POINT ( 'NONE',  ( -4.084195451737643090, -4.344999999999999751, 8.016480691622218657 ) ) ;
#71 = ORIENTED_EDGE ( 'NONE', *, *, #5326, .F. ) ;
#72 = CARTESIAN_POINT ( 'NONE',  ( 2.860000000000000320, 1.590000000000000080, 8.460000000000000853 ) ) ;
#73 = CARTESIAN_POINT ( 'NONE',  ( -4.304999999999999716, -3.645000000000000018, 1.201000000000000068 ) ) ;
#74 = CARTESIAN_POINT ( 'NONE',  ( -4.819999999999999396, 4.445000000000000284, 1.629999999999999893 ) ) ;
#75 = AXIS2_PLACEMENT_3D ( 'NONE', #7654, #6969, #6267 ) ;
#76 = AXIS2_PLACEMENT_3D ( 'NONE', #6161, #3580, #1731 ) ;
#77 = CARTESIAN_POINT ( 'NONE',  ( -4.414797254293685747, -4.444999999999999396, 7.336370998446009928 ) ) ;
#78 = ORIENTED_EDGE ( 'NONE', *, *, #7353, .F. ) ;
#79 = EDGE_CURVE ( 'NONE', #3619, #6386, #6699, .T. ) ;
#80 = ORIENTED_EDGE ( 'NONE', *, *, #5399, .T. ) ;
#81 =( GEOMETRIC_REPRESENTATION_CONTEXT ( 3 ) GLOBAL_UNCERTAINTY_ASSIGNED_CONTEXT ( ( #8176 ) ) GLOBAL_UNIT_ASSIGNED_CONTEXT ( ( #5864, #6524, #2667 ) ) REPRESENTATION_CONTEXT ( 'NONE', 'WORKASPACE' ) );
#82 = COLOUR_RGB ( '',0.1019607843137254888, 0.1019607843137254888, 0.1019607843137254888 ) ;
#83 = EDGE_LOOP ( 'NONE', ( #7671, #2712, #159, #1688 ) ) ;
#84 = CARTESIAN_POINT ( 'NONE',  ( -3.130050274064801741, -4.445000000000000284, 8.000575294301544460 ) ) ;
#85 = SURFACE_STYLE_FILL_AREA ( #3430 ) ;
#86 = CARTESIAN_POINT ( 'NONE',  ( -3.206907773312782872, -4.444999999999999396, 7.969825709381055390 ) ) ;
#87 = STYLED_ITEM ( 'NONE', ( #7500 ), #4102 ) ;
#88 = B_SPLINE_CURVE_WITH_KNOTS ( 'NONE', 1,
 ( #3138, #3858 ),
 .UNSPECIFIED., .F., .F.,
 ( 2, 2 ),
 ( -1.000000000000000000, -0.3717421124828531598 ),
 .UNSPECIFIED. ) ;
#89 = CARTESIAN_POINT ( 'NONE',  ( 0.1325391944272001910, 0.0000000000000000000, -1.330000000000000071 ) ) ;
#90 = EDGE_CURVE ( 'NONE', #3710, #92, #1585, .T. ) ;
#91 = PRESENTATION_STYLE_ASSIGNMENT (( #7791 ) ) ;
#92 = VERTEX_POINT ( 'NONE', #3272 ) ;
#93 = PLANE ( 'NONE',  #4536 ) ;
#94 = CARTESIAN_POINT ( 'NONE',  ( 0.8298400000000000221, 0.4500000000000000111, 1.629999999999999893 ) ) ;
#95 = DIRECTION ( 'NONE',  ( 0.0000000000000000000, -1.000000000000000000, 0.0000000000000000000 ) ) ;
#96 = CARTESIAN_POINT ( 'NONE',  ( 2.220000000000000195, -0.9461600000000000010, 8.460000000000000853 ) ) ;
#97 = CARTESIAN_POINT ( 'NONE',  ( -2.220000000000000195, 1.590000000000000080, 8.300000000000000711 ) ) ;
#98 = SURFACE_STYLE_USAGE ( .BOTH. , #2905 ) ;
#99 = CARTESIAN_POINT ( 'NONE',  ( -3.223985800819534120, -4.344999999999998863, 7.965108720362794159 ) ) ;
#100 = FACE_OUTER_BOUND ( 'NONE', #6750, .T. ) ;
#101 = ORIENTED_EDGE ( 'NONE', *, *, #4260, .T. ) ;
#102 = B_SPLINE_CURVE_WITH_KNOTS ( 'NONE', 1,
 ( #5466, #1446 ),
 .UNSPECIFIED., .F., .F.,
 ( 2, 2 ),
 ( -0.1536351165980795463, -0.02194787379972565344 ),
 .UNSPECIFIED. ) ;
#103 = FACE_OUTER_BOUND ( 'NONE', #3476, .T. ) ;
#104 = CARTESIAN_POINT ( 'NONE',  ( -2.419999999999999929, 1.149999999999999911, 8.800000000000000711 ) ) ;
#105 = PLANE ( 'NONE',  #4128 ) ;
#106 = VERTEX_POINT ( 'NONE', #5784 ) ;
#107 = PLANE ( 'NONE',  #5221 ) ;
#108 = AXIS2_PLACEMENT_3D ( 'NONE', #7924, #1993, #6513 ) ;
#109 = SURFACE_SIDE_STYLE ('',( #191 ) ) ;
#110 = CARTESIAN_POINT ( 'NONE',  ( -4.001936512512857647, -4.344999999999998863, 7.833337968355034597 ) ) ;
#111 = ORIENTED_EDGE ( 'NONE', *, *, #8350, .T. ) ;
#112 = CARTESIAN_POINT ( 'NONE',  ( 0.4249999999999999889, -3.645000000000000018, 0.8499999999999999778 ) ) ;
#113 = CARTESIAN_POINT ( 'NONE',  ( -3.193328175412729397, -4.444999999999999396, 8.258369922473411506 ) ) ;
#114 = EDGE_CURVE ( 'NONE', #4862, #4251, #65, .T. ) ;
#115 = CARTESIAN_POINT ( 'NONE',  ( -5.580000000000000071, 4.445000000000000284, 1.629999999999999893 ) ) ;
#116 = VECTOR ( 'NONE', #3557, 1000.000000000000000 ) ;
#117 = EDGE_LOOP ( 'NONE', ( #6218, #7454, #2297, #2799, #5319, #5767 ) ) ;
#118 = B_SPLINE_CURVE_WITH_KNOTS ( 'NONE', 1,
 ( #6375, #2534 ),
 .UNSPECIFIED., .F., .F.,
 ( 2, 2 ),
 ( 0.03946999999999999814, 0.04836000000000000021 ),
 .UNSPECIFIED. ) ;
#119 =( NAMED_UNIT ( * ) PLANE_ANGLE_UNIT ( ) SI_UNIT ( $, .RADIAN. ) );
#120 = SURFACE_STYLE_USAGE ( .BOTH. , #3217 ) ;
#121 =( GEOMETRIC_REPRESENTATION_CONTEXT ( 3 ) GLOBAL_UNCERTAINTY_ASSIGNED_CONTEXT ( ( #3924 ) ) GLOBAL_UNIT_ASSIGNED_CONTEXT ( ( #5653, #6861, #4967 ) ) REPRESENTATION_CONTEXT ( 'NONE', 'WORKASPACE' ) );
#123 = EDGE_LOOP ( 'NONE', ( #5539, #740, #2306, #6205, #7016, #1486, #2348 ) ) ;
#122 = AXIS2_PLACEMENT_3D ( 'NONE', #7408, #5433, #1640 ) ;
#124 = ORIENTED_EDGE ( 'NONE', *, *, #7000, .F. ) ;
#125 = CARTESIAN_POINT ( 'NONE',  ( -3.205516888884852644, -4.344999999999998863, 8.397431169708463372 ) ) ;
#126 = EDGE_CURVE ( 'NONE', #4886, #1875, #6648, .T. ) ;
#127 = EDGE_CURVE ( 'NONE', #6124, #7615, #4904, .T. ) ;
#128 = CARTESIAN_POINT ( 'NONE',  ( 2.860000000000000320, 0.9499999999999999556, 8.460000000000000853 ) ) ;
#129 =( LENGTH_UNIT ( ) NAMED_UNIT ( * ) SI_UNIT ( .MILLI., .METRE. ) );
#130 = EDGE_LOOP ( 'NONE', ( #2644, #3146, #5159, #2998 ) ) ;
#131 = UNCERTAINTY_MEASURE_WITH_UNIT (LENGTH_MEASURE( 1.000000000000000082E-05 ), #532, 'distance_accuracy_value', 'NONE');
#132 = PRESENTATION_LAYER_ASSIGNMENT (  '', '', ( #4181 ) ) ;
#133 = B_SPLINE_CURVE_WITH_KNOTS ( 'NONE', 1,
 ( #4445, #1191 ),
 .UNSPECIFIED., .F., .F.,
 ( 2, 2 ),
 ( -0.005232590180779999982, -0.004384062043359999820 ),
 .UNSPECIFIED. ) ;
#134 = EDGE_CURVE ( 'NONE', #4186, #416, #6425, .T. ) ;
#135 = CARTESIAN_POINT ( 'NONE',  ( 4.000000000000000000, 4.445000000000000284, 1.629999999999999893 ) ) ;
#136 = SURFACE_STYLE_USAGE ( .BOTH. , #768 ) ;
#137 = DIRECTION ( 'NONE',  ( -1.000000000000000000, 0.0000000000000000000, 0.0000000000000000000 ) ) ;
#138 = LINE ( 'NONE', #2039, #1743 ) ;
#139 = CARTESIAN_POINT ( 'NONE',  ( 7.620000000000000107, -4.445000000000000284, 10.51999999999999957 ) ) ;
#140 = COLOUR_RGB ( '',0.1019607843137254888, 0.1019607843137254888, 0.1019607843137254888 ) ;
#141 = SURFACE_STYLE_USAGE ( .BOTH. , #1373 ) ;
#142 = CARTESIAN_POINT ( 'NONE',  ( 2.407460805572801732, 0.0000000000000000000, -1.330000000000000071 ) ) ;
#143 = SURFACE_STYLE_USAGE ( .BOTH. , #2044 ) ;
#144 = CARTESIAN_POINT ( 'NONE',  ( -4.281399556602901946, -4.445000000000001172, 7.894317055074902889 ) ) ;
#145 = CARTESIAN_POINT ( 'NONE',  ( 1.719999999999999973, 0.4500000000000000111, 1.629999999999999893 ) ) ;
#146 = CARTESIAN_POINT ( 'NONE',  ( 0.3200000000000000067, 0.9500000000000000666, 3.720000000000000639 ) ) ;
#147 = DIRECTION ( 'NONE',  ( -1.000000000000000000, 0.0000000000000000000, 0.0000000000000000000 ) ) ;
#148 = ORIENTED_EDGE ( 'NONE', *, *, #3959, .T. ) ;
#149 = CARTESIAN_POINT ( 'NONE',  ( -3.181428076926640092, -4.445000000000000284, 8.317400743885405845 ) ) ;
#150 = DIRECTION ( 'NONE',  ( 0.9284766908852591927, 0.0000000000000000000, 0.3713906763541041101 ) ) ;
#151 = CARTESIAN_POINT ( 'NONE',  ( 0.1325391944272001910, 0.0000000000000000000, -1.330000000000000071 ) ) ;
#152 = CARTESIAN_POINT ( 'NONE',  ( -4.024111903373251309, -4.344999999999999751, 7.912064734567745283 ) ) ;
#153 = B_SPLINE_CURVE_WITH_KNOTS ( 'NONE', 1,
 ( #4335, #3101, #6899 ),
 .UNSPECIFIED., .F., .F.,
 ( 2, 1, 2 ),
 ( -0.01141259018077999884, -0.008242590180779999637, -0.006502590180780000277 ),
 .UNSPECIFIED. ) ;
#154 = EDGE_LOOP ( 'NONE', ( #3850, #734, #5121, #5266 ) ) ;
#155 = CARTESIAN_POINT ( 'NONE',  ( -0.4249999999999999334, -2.794999999999999485, 1.669000000000000483 ) ) ;
#156 = PLANE ( 'NONE',  #8225 ) ;
#157 = CARTESIAN_POINT ( 'NONE',  ( -2.419999999999999929, 1.149999999999999911, 8.800000000000000711 ) ) ;
#158 = CARTESIAN_POINT ( 'NONE',  ( -4.809288970069941271, -4.445000000000000284, 7.736395502908439248 ) ) ;
#159 = ORIENTED_EDGE ( 'NONE', *, *, #4317, .T. ) ;
#160 =( NAMED_UNIT ( * ) PLANE_ANGLE_UNIT ( ) SI_UNIT ( $, .RADIAN. ) );
#161 = EDGE_CURVE ( 'NONE', #5197, #1794, #3294, .T. ) ;
#162 = ORIENTED_EDGE ( 'NONE', *, *, #7674, .T. ) ;
#163 = CARTESIAN_POINT ( 'NONE',  ( -5.154999999999997584, 4.495000000000000107, 0.8499999999999999778 ) ) ;
#164 = VECTOR ( 'NONE', #7835, 1000.000000000000000 ) ;
#165 = CARTESIAN_POINT ( 'NONE',  ( -2.944516114896728709, -4.445000000000000284, 8.284370256038839031 ) ) ;
#166 = B_SPLINE_CURVE_WITH_KNOTS ( 'NONE', 1,
 ( #220, #5384, #4672 ),
 .UNSPECIFIED., .F., .F.,
 ( 2, 1, 2 ),
 ( 0.01235999999999999946, 0.01409999999999999969, 0.01667000000000000079 ),
 .UNSPECIFIED. ) ;
#167 = CARTESIAN_POINT ( 'NONE',  ( -9.266799999999999926, -4.522599999999999731, 3.720000000000000195 ) ) ;
#168 = CARTESIAN_POINT ( 'NONE',  ( -0.1325391944272001910, 0.0000000000000000000, -1.330000000000000071 ) ) ;
#169 = ADVANCED_FACE ( 'NONE', ( #4107 ), #5467, .T. ) ;
#170 = EDGE_CURVE ( 'NONE', #5665, #382, #1630, .T. ) ;
#171 = VERTEX_POINT ( 'NONE', #3444 ) ;
#172 = CARTESIAN_POINT ( 'NONE',  ( -6.570000000000000284, 1.649999999999999911, 3.720000000000000195 ) ) ;
#173 = ORIENTED_EDGE ( 'NONE', *, *, #7569, .T. ) ;
#174 = CARTESIAN_POINT ( 'NONE',  ( 2.860000000000000320, 0.9499999999999999556, 2.129999999999999893 ) ) ;
#175 = CARTESIAN_POINT ( 'NONE',  ( -2.259999999999999787, -4.445000000000000284, 10.51999999999999957 ) ) ;
#176 = CARTESIAN_POINT ( 'NONE',  ( -2.943981495730058739, -4.445000000000000284, 8.317135736540322455 ) ) ;
#177 = PLANE ( 'NONE',  #6361 ) ;
#178 = STYLED_ITEM ( 'NONE', ( #6775 ), #983 ) ;
#179 = DIRECTION ( 'NONE',  ( 0.0000000000000000000, 0.0000000000000000000, 1.000000000000000000 ) ) ;
#180 =( NAMED_UNIT ( * ) PLANE_ANGLE_UNIT ( ) SI_UNIT ( $, .RADIAN. ) );
#181 = EDGE_CURVE ( 'NONE', #543, #701, #3505, .T. ) ;
#182 = ORIENTED_EDGE ( 'NONE', *, *, #1235, .T. ) ;
#183 = PRESENTATION_LAYER_ASSIGNMENT (  '', '', ( #2470 ) ) ;
#184 = CARTESIAN_POINT ( 'NONE',  ( 4.819999999999999396, 4.445000000000000284, 11.40900000000000070 ) ) ;
#185 = CARTESIAN_POINT ( 'NONE',  ( -5.060000000000000497, -4.344999999999999751, 9.259999999999999787 ) ) ;
#186 = CARTESIAN_POINT ( 'NONE',  ( -2.220000000000000195, -1.590000000000000080, 8.300000000000000711 ) ) ;
#187 = SURFACE_STYLE_FILL_AREA ( #6730 ) ;
#188 = VERTEX_POINT ( 'NONE', #7926 ) ;
#189 = B_SPLINE_CURVE_WITH_KNOTS ( 'NONE', 1,
 ( #6807, #7440 ),
 .UNSPECIFIED., .F., .F.,
 ( 2, 2 ),
 ( 0.006199999999999999782, 0.01282999999999999939 ),
 .UNSPECIFIED. ) ;
#190 = CARTESIAN_POINT ( 'NONE',  ( 7.620000000000000107, -4.445000000000000284, 10.51999999999999957 ) ) ;
#191 = SURFACE_STYLE_FILL_AREA ( #1972 ) ;
#192 = CARTESIAN_POINT ( 'NONE',  ( -4.546065243890659247, -4.444999999999998508, 7.866239795783510402 ) ) ;
#193 = VERTEX_POINT ( 'NONE', #6632 ) ;
#194 = CARTESIAN_POINT ( 'NONE',  ( 0.4249999999999999889, -3.645000000000000018, 0.8499999999999999778 ) ) ;
#195 = FACE_OUTER_BOUND ( 'NONE', #7702, .T. ) ;
#196 = CARTESIAN_POINT ( 'NONE',  ( -4.764556248556315765, -4.344999999999997975, 7.560599213303063948 ) ) ;
#197 = PRESENTATION_LAYER_ASSIGNMENT (  '', '', ( #3854 ) ) ;
#198 = ORIENTED_EDGE ( 'NONE', *, *, #2350, .T. ) ;
#199 = CARTESIAN_POINT ( 'NONE',  ( -3.441840538438096786, -4.344999999999998863, 8.692838645189087998 ) ) ;
#200 = MECHANICAL_DESIGN_GEOMETRIC_PRESENTATION_REPRESENTATION (  '', ( #2223 ), #3588 ) ;
#201 = CARTESIAN_POINT ( 'NONE',  ( 0.3200000000000000067, 0.9499999999999999556, -1.029999999999994920 ) ) ;
#202 = EDGE_CURVE ( 'NONE', #3133, #6584, #4794, .T. ) ;
#203 = CARTESIAN_POINT ( 'NONE',  ( 0.3200000000000000067, 1.590000000000000302, 3.720000000000000639 ) ) ;
#204 =( LENGTH_UNIT ( ) NAMED_UNIT ( * ) SI_UNIT ( .MILLI., .METRE. ) );
#205 = SURFACE_STYLE_FILL_AREA ( #288 ) ;
#206 = PRESENTATION_LAYER_ASSIGNMENT (  '', '', ( #1299 ) ) ;
#207 = STYLED_ITEM ( 'NONE', ( #6948 ), #2100 ) ;
#208 = ORIENTED_EDGE ( 'NONE', *, *, #1878, .F. ) ;
#209 = CARTESIAN_POINT ( 'NONE',  ( 2.860000000000000320, -1.590000000000000080, -1.029999999999994476 ) ) ;
#210 = ORIENTED_EDGE ( 'NONE', *, *, #2977, .F. ) ;
#211 = UNCERTAINTY_MEASURE_WITH_UNIT (LENGTH_MEASURE( 1.000000000000000082E-05 ), #7758, 'distance_accuracy_value', 'NONE');
#212 =( LENGTH_UNIT ( ) NAMED_UNIT ( * ) SI_UNIT ( .MILLI., .METRE. ) );
#213 =( GEOMETRIC_REPRESENTATION_CONTEXT ( 3 ) GLOBAL_UNCERTAINTY_ASSIGNED_CONTEXT ( ( #211 ) ) GLOBAL_UNIT_ASSIGNED_CONTEXT ( ( #7758, #5220, #575 ) ) REPRESENTATION_CONTEXT ( 'NONE', 'WORKASPACE' ) );
#214 = ADVANCED_FACE ( 'NONE', ( #4747 ), #4023, .T. ) ;
#215 = SURFACE_STYLE_USAGE ( .BOTH. , #6021 ) ;
#216 = EDGE_CURVE ( 'NONE', #5849, #1089, #4090, .T. ) ;
#217 = CARTESIAN_POINT ( 'NONE',  ( -2.860000000000000320, -1.590000000000000080, 8.300000000000000711 ) ) ;
#219 = VERTEX_POINT ( 'NONE', #8092 ) ;
#218 = AXIS2_PLACEMENT_3D ( 'NONE', #627, #7825, #6574 ) ;
#220 = CARTESIAN_POINT ( 'NONE',  ( 2.259999999999999787, -3.314999999999999947, 3.720000000000000195 ) ) ;
#221 = ORIENTED_EDGE ( 'NONE', *, *, #3401, .F. ) ;
#222 = B_SPLINE_CURVE_WITH_KNOTS ( 'NONE', 1,
 ( #6885, #6798 ),
 .UNSPECIFIED., .F., .F.,
 ( 2, 2 ),
 ( 0.0000000000000000000, 1.000000000000000000 ),
 .UNSPECIFIED. ) ;
#223 =( LENGTH_UNIT ( ) NAMED_UNIT ( * ) SI_UNIT ( .MILLI., .METRE. ) );
#224 = ADVANCED_FACE ( 'NONE', ( #5517 ), #2126, .T. ) ;
#225 =( NAMED_UNIT ( * ) SI_UNIT ( $, .STERADIAN. ) SOLID_ANGLE_UNIT ( ) );
#226 = ADVANCED_FACE ( 'NONE', ( #1579, #4828, #6767, #347, #2917, #2287, #7232, #1448, #6591, #3405, #5340, #3747, #1034 ), #4377, .T. ) ;
#227 = VECTOR ( 'NONE', #2432, 1000.000000000000000 ) ;
#228 =( NAMED_UNIT ( * ) PLANE_ANGLE_UNIT ( ) SI_UNIT ( $, .RADIAN. ) );
#229 = ORIENTED_EDGE ( 'NONE', *, *, #4939, .T. ) ;
#230 = CARTESIAN_POINT ( 'NONE',  ( -3.724163119661682231, -4.445000000000000284, 8.692916151871516561 ) ) ;
#231 = FILL_AREA_STYLE ('',( #311 ) ) ;
#232 = ORIENTED_EDGE ( 'NONE', *, *, #5969, .T. ) ;
#233 = CARTESIAN_POINT ( 'NONE',  ( -4.000000000000000000, -3.314999999999999947, 9.919999999999999929 ) ) ;
#234 = PRESENTATION_STYLE_ASSIGNMENT (( #1646 ) ) ;
#235 = CARTESIAN_POINT ( 'NONE',  ( -2.220000000000000195, -0.9499999999999999556, 2.129999999999999893 ) ) ;
#236 = EDGE_CURVE ( 'NONE', #1519, #2032, #8147, .T. ) ;
#237 = CARTESIAN_POINT ( 'NONE',  ( -4.809288970069941271, -4.344999999999998863, 7.736395502908439248 ) ) ;
#238 = PRESENTATION_LAYER_ASSIGNMENT (  '', '', ( #2931 ) ) ;
#239 = ORIENTED_EDGE ( 'NONE', *, *, #2788, .T. ) ;
#240 = CARTESIAN_POINT ( 'NONE',  ( -3.045550430621827065, -4.445000000000002061, 8.585956850771925275 ) ) ;
#241 = VERTEX_POINT ( 'NONE', #1121 ) ;
#242 = EDGE_LOOP ( 'NONE', ( #1421, #1768, #6422, #2932 ) ) ;
#243 = COLOUR_RGB ( '',0.1019607843137254888, 0.1019607843137254888, 0.1019607843137254888 ) ;
#244 = CARTESIAN_POINT ( 'NONE',  ( -4.304999999999999716, 3.645000000000000018, 0.8499999999999999778 ) ) ;
#245 = DIRECTION ( 'NONE',  ( 0.0000000000000000000, 0.0000000000000000000, -1.000000000000000000 ) ) ;
#246 = FILL_AREA_STYLE ('',( #4010 ) ) ;
#247 = ORIENTED_EDGE ( 'NONE', *, *, #1636, .F. ) ;
#248 = VECTOR ( 'NONE', #5473, 1000.000000000000000 ) ;
#249 = ORIENTED_EDGE ( 'NONE', *, *, #2965, .F. ) ;
#250 = DIRECTION ( 'NONE',  ( 1.000000000000000000, 0.0000000000000000000, -0.0000000000000000000 ) ) ;
#251 = ORIENTED_EDGE ( 'NONE', *, *, #6828, .T. ) ;
#252 = PLANE ( 'NONE',  #3155 ) ;
#253 = COLOUR_RGB ( '',1.000000000000000000, 0.7490196078431372584, 0.0000000000000000000 ) ;
#254 = CARTESIAN_POINT ( 'NONE',  ( 3.360000000000000320, 0.4500000000000000111, 1.629999999999999893 ) ) ;
#255 =( NAMED_UNIT ( * ) PLANE_ANGLE_UNIT ( ) SI_UNIT ( $, .RADIAN. ) );
#256 = CARTESIAN_POINT ( 'NONE',  ( -4.572186623935187377, -4.345000000000000639, 7.761415333896089841 ) ) ;
#257 = DIRECTION ( 'NONE',  ( -0.7071067811865480168, 0.0000000000000000000, -0.7071067811865470176 ) ) ;
#258 = PRESENTATION_LAYER_ASSIGNMENT (  '', '', ( #4331 ) ) ;
#259 = ORIENTED_EDGE ( 'NONE', *, *, #114, .F. ) ;
#260 =( NAMED_UNIT ( * ) SI_UNIT ( $, .STERADIAN. ) SOLID_ANGLE_UNIT ( ) );
#261 = EDGE_CURVE ( 'NONE', #5719, #3559, #4959, .T. ) ;
#262 = VERTEX_POINT ( 'NONE', #7542 ) ;
#263 = DIRECTION ( 'NONE',  ( 0.0000000000000000000, 0.0000000000000000000, -1.000000000000000000 ) ) ;
#264 = DIRECTION ( 'NONE',  ( 1.000000000000000000, 0.0000000000000000000, 0.0000000000000000000 ) ) ;
#265 = CARTESIAN_POINT ( 'NONE',  ( 2.672539194427198339, 0.0000000000000000000, -1.330000000000000071 ) ) ;
#266 = FACE_OUTER_BOUND ( 'NONE', #3646, .T. ) ;
#267 = DIRECTION ( 'NONE',  ( -0.4534572437205510731, 0.0000000000000000000, -0.8912780307610868036 ) ) ;
#268 = EDGE_LOOP ( 'NONE', ( #6843, #6093, #6965, #6461 ) ) ;
#269 = FILL_AREA_STYLE_COLOUR ( '', #1176 ) ;
#270 = CARTESIAN_POINT ( 'NONE',  ( 0.4249999999999999889, -3.645000000000000018, 1.629999999999999893 ) ) ;
#271 = CARTESIAN_POINT ( 'NONE',  ( -3.217204068513177972, -4.445000000000000284, 7.966796026337330083 ) ) ;
#272 = EDGE_CURVE ( 'NONE', #4108, #7257, #3142, .T. ) ;
#273 = EDGE_CURVE ( 'NONE', #6878, #4186, #668, .T. ) ;
#274 = CARTESIAN_POINT ( 'NONE',  ( -2.259999999999999787, -3.314999999999999947, 9.919999999999999929 ) ) ;
#275 = PLANE ( 'NONE',  #3518 ) ;
#276 = DIRECTION ( 'NONE',  ( 0.0000000000000000000, 0.0000000000000000000, 1.000000000000000000 ) ) ;
#277 = CARTESIAN_POINT ( 'NONE',  ( 5.155000000000000249, -3.645000000000000018, 1.668999999999999817 ) ) ;
#278 = EDGE_LOOP ( 'NONE', ( #8079, #3575, #6095, #405 ) ) ;
#279 = SURFACE_STYLE_FILL_AREA ( #5363 ) ;
#280 = FILL_AREA_STYLE ('',( #4764 ) ) ;
#281 = VERTEX_POINT ( 'NONE', #3103 ) ;
#282 = ADVANCED_FACE ( 'NONE', ( #5560 ), #1716, .T. ) ;
#283 = ORIENTED_EDGE ( 'NONE', *, *, #3367, .F. ) ;
#284 = CARTESIAN_POINT ( 'NONE',  ( -4.175839827764077583, -4.344999999999998863, 7.402935308937907521 ) ) ;
#285 = CARTESIAN_POINT ( 'NONE',  ( -2.419999999999999929, 1.389999999999999902, 8.800000000000000711 ) ) ;
#286 = CARTESIAN_POINT ( 'NONE',  ( -2.419999999999999929, 1.149999999999999911, 8.800000000000000711 ) ) ;
#287 = VERTEX_POINT ( 'NONE', #6280 ) ;
#288 = FILL_AREA_STYLE ('',( #6706 ) ) ;
#289 =( BOUNDED_CURVE ( )  B_SPLINE_CURVE ( 3, ( #7544, #2412, #5469, #391 ),
 .UNSPECIFIED., .F., .F. ) 
 B_SPLINE_CURVE_WITH_KNOTS ( ( 4, 4 ),
 ( -11.42516796076939656, -8.283575307179591007 ),
 .UNSPECIFIED. ) 
 CURVE ( )  GEOMETRIC_REPRESENTATION_ITEM ( )  RATIONAL_B_SPLINE_CURVE ( ( 0.9999999999999992228, 0.3333333333333299842, 0.3333333333333307058, 1.000000000000000000 ) ) 
 REPRESENTATION_ITEM ( '' )  );
#290 = SURFACE_STYLE_FILL_AREA ( #1619 ) ;
#291 = ORIENTED_EDGE ( 'NONE', *, *, #5083, .T. ) ;
#292 = FACE_OUTER_BOUND ( 'NONE', #7947, .T. ) ;
#293 = EDGE_LOOP ( 'NONE', ( #3952, #5751, #5111, #7380 ) ) ;
#294 =( GEOMETRIC_REPRESENTATION_CONTEXT ( 3 ) GLOBAL_UNCERTAINTY_ASSIGNED_CONTEXT ( ( #5224 ) ) GLOBAL_UNIT_ASSIGNED_CONTEXT ( ( #6411, #3235, #7111 ) ) REPRESENTATION_CONTEXT ( 'NONE', 'WORKASPACE' ) );
#295 = SURFACE_STYLE_USAGE ( .BOTH. , #6630 ) ;
#296 = CARTESIAN_POINT ( 'NONE',  ( -3.402709210073007640, -4.344999999999998863, 8.184102049307414362 ) ) ;
#297 = CARTESIAN_POINT ( 'NONE',  ( 0.3200000000000000067, 0.9499999999999999556, 8.460000000000000853 ) ) ;
#298 = CARTESIAN_POINT ( 'NONE',  ( -7.620000000000000107, -1.649999999999999911, 1.629999999999999893 ) ) ;
#299 = MECHANICAL_DESIGN_GEOMETRIC_PRESENTATION_REPRESENTATION (  '', ( #2061 ), #6782 ) ;
#300 = ORIENTED_EDGE ( 'NONE', *, *, #7000, .T. ) ;
#301 = CARTESIAN_POINT ( 'NONE',  ( 0.3200000000000000067, 1.590000000000000302, 3.720000000000000639 ) ) ;
#302 = UNCERTAINTY_MEASURE_WITH_UNIT (LENGTH_MEASURE( 1.000000000000000082E-05 ), #3191, 'distance_accuracy_value', 'NONE');
#303 = ORIENTED_EDGE ( 'NONE', *, *, #7307, .F. ) ;
#304 = CARTESIAN_POINT ( 'NONE',  ( 2.259999999999999787, -3.314999999999999947, 3.720000000000000195 ) ) ;
#305 = STYLED_ITEM ( 'NONE', ( #4024 ), #894 ) ;
#306 = CARTESIAN_POINT ( 'NONE',  ( -0.4249999999999999889, 3.645000000000000018, 1.239999999999999991 ) ) ;
#307 = LINE ( 'NONE', #6774, #248 ) ;
#308 = EDGE_CURVE ( 'NONE', #4311, #6814, #1079, .T. ) ;
#309 = B_SPLINE_CURVE_WITH_KNOTS ( 'NONE', 1,
 ( #3543, #1649 ),
 .UNSPECIFIED., .F., .F.,
 ( 2, 2 ),
 ( 0.01265664825042999916, 0.01369587873496999966 ),
 .UNSPECIFIED. ) ;
#310 = VERTEX_POINT ( 'NONE', #4284 ) ;
#311 = FILL_AREA_STYLE_COLOUR ( '', #6447 ) ;
#312 =( GEOMETRIC_REPRESENTATION_CONTEXT ( 3 ) GLOBAL_UNCERTAINTY_ASSIGNED_CONTEXT ( ( #6339 ) ) GLOBAL_UNIT_ASSIGNED_CONTEXT ( ( #5284, #7910, #920 ) ) REPRESENTATION_CONTEXT ( 'NONE', 'WORKASPACE' ) );
#313 = CARTESIAN_POINT ( 'NONE',  ( -4.417155420872342475, -4.344999999999999751, 7.946132876483413376 ) ) ;
#314 = EDGE_LOOP ( 'NONE', ( #844, #4742, #3915, #4358 ) ) ;
#315 = LINE ( 'NONE', #4759, #4189 ) ;
#316 = CARTESIAN_POINT ( 'NONE',  ( -4.040080877152183447, -4.345000000000000639, 7.948874040951108277 ) ) ;
#317 = EDGE_CURVE ( 'NONE', #1567, #6602, #6327, .T. ) ;
#318 = CARTESIAN_POINT ( 'NONE',  ( 2.660000000000000142, -1.389999999999999902, 8.959999999999999076 ) ) ;
#319 = ADVANCED_FACE ( 'NONE', ( #1163 ), #5692, .F. ) ;
#320 = ORIENTED_EDGE ( 'NONE', *, *, #6529, .T. ) ;
#321 = FACE_OUTER_BOUND ( 'NONE', #7444, .T. ) ;
#322 = SURFACE_SIDE_STYLE ('',( #1653 ) ) ;
#323 = B_SPLINE_CURVE_WITH_KNOTS ( 'NONE', 1,
 ( #6042, #233, #274 ),
 .UNSPECIFIED., .F., .F.,
 ( 2, 1, 2 ),
 ( -1.000000000000000000, -0.5394265232974910784, -0.2275985663082440436 ),
 .UNSPECIFIED. ) ;
#324 = ORIENTED_EDGE ( 'NONE', *, *, #6779, .T. ) ;
#325 = VERTEX_POINT ( 'NONE', #6811 ) ;
#326 = CARTESIAN_POINT ( 'NONE',  ( -4.002266895455593776, -4.344999999999998863, 7.665208616235018368 ) ) ;
#327 = FACE_OUTER_BOUND ( 'NONE', #1425, .T. ) ;
#328 = COLOUR_RGB ( '',0.1019607843137254888, 0.1019607843137254888, 0.1019607843137254888 ) ;
#329 = CARTESIAN_POINT ( 'NONE',  ( -2.860000000000000320, -1.590000000000000080, 8.300000000000000711 ) ) ;
#330 = CARTESIAN_POINT ( 'NONE',  ( 0.3819238025859748586, -0.8880761974140251036, -0.9309012005521369870 ) ) ;
#331 = EDGE_CURVE ( 'NONE', #5990, #5447, #5732, .T. ) ;
#332 = ORIENTED_EDGE ( 'NONE', *, *, #2823, .T. ) ;
#333 = PLANE ( 'NONE',  #4019 ) ;
#334 = FACE_OUTER_BOUND ( 'NONE', #7987, .T. ) ;
#335 = ORIENTED_EDGE ( 'NONE', *, *, #3401, .T. ) ;
#336 = CARTESIAN_POINT ( 'NONE',  ( -4.305000000000001492, 4.495000000000000107, 1.239999999999999547 ) ) ;
#337 = PRESENTATION_LAYER_ASSIGNMENT (  '', '', ( #2223 ) ) ;
#338 = CARTESIAN_POINT ( 'NONE',  ( 3.360000000000000320, 0.4500000000000000111, 1.629999999999999893 ) ) ;
#339 = B_SPLINE_CURVE_WITH_KNOTS ( 'NONE', 1,
 ( #3407, #1960 ),
 .UNSPECIFIED., .F., .F.,
 ( 2, 2 ),
 ( 0.02500499999999999945, 0.02830500000000000030 ),
 .UNSPECIFIED. ) ;
#340 = CARTESIAN_POINT ( 'NONE',  ( 2.660000000000000142, 1.389999999999999902, 8.959999999999999076 ) ) ;
#341 = CARTESIAN_POINT ( 'NONE',  ( -3.402709210073007640, -4.445000000000000284, 8.184102049307414362 ) ) ;
#342 = EDGE_CURVE ( 'NONE', #570, #6705, #5833, .T. ) ;
#343 = MECHANICAL_DESIGN_GEOMETRIC_PRESENTATION_REPRESENTATION (  '', ( #2222 ), #487 ) ;
#344 = MECHANICAL_DESIGN_GEOMETRIC_PRESENTATION_REPRESENTATION (  '', ( #207 ), #5081 ) ;
#345 = CARTESIAN_POINT ( 'NONE',  ( -3.265628087343627861, -4.444999999999999396, 8.196544063072220609 ) ) ;
#346 = CARTESIAN_POINT ( 'NONE',  ( 4.987909360668997927, 4.834533315349336391, 10.52000000000000668 ) ) ;
#347 = FACE_BOUND ( 'NONE', #5009, .T. ) ;
#348 = ORIENTED_EDGE ( 'NONE', *, *, #6350, .F. ) ;
#349 = ORIENTED_EDGE ( 'NONE', *, *, #5250, .F. ) ;
#350 = MECHANICAL_DESIGN_GEOMETRIC_PRESENTATION_REPRESENTATION (  '', ( #2906 ), #1300 ) ;
#351 = SURFACE_SIDE_STYLE ('',( #3529 ) ) ;
#352 = CARTESIAN_POINT ( 'NONE',  ( 0.4249999999999999889, 4.495000000000000107, 1.239999999999999547 ) ) ;
#353 = CARTESIAN_POINT ( 'NONE',  ( -3.360000000000000320, -2.089999999999999858, 1.629999999999999893 ) ) ;
#354 = PRESENTATION_LAYER_ASSIGNMENT (  '', '', ( #4687 ) ) ;
#355 = ORIENTED_EDGE ( 'NONE', *, *, #3849, .F. ) ;
#356 = CARTESIAN_POINT ( 'NONE',  ( -4.299900000000000055, -4.075099999999999945, 1.239999999999999991 ) ) ;
#357 = DIRECTION ( 'NONE',  ( 0.0000000000000000000, -0.9284766908852596368, 0.3713906763541028888 ) ) ;
#358 = ORIENTED_EDGE ( 'NONE', *, *, #3665, .F. ) ;
#359 = EDGE_CURVE ( 'NONE', #241, #2785, #6235, .T. ) ;
#360 = COLOUR_RGB ( '',0.1019607843137254888, 0.1019607843137254888, 0.1019607843137254888 ) ;
#361 = CARTESIAN_POINT ( 'NONE',  ( 2.860000000000000320, 1.590000000000000080, 8.460000000000000853 ) ) ;
#362 = DIRECTION ( 'NONE',  ( -0.0000000000000000000, 1.000000000000000000, -0.0000000000000000000 ) ) ;
#363 = ORIENTED_EDGE ( 'NONE', *, *, #7929, .T. ) ;
#364 = CARTESIAN_POINT ( 'NONE',  ( 5.154999999999997584, -4.495000000000000107, 0.8499999999999999778 ) ) ;
#365 = VECTOR ( 'NONE', #7837, 1000.000000000000000 ) ;
#366 =( NAMED_UNIT ( * ) SI_UNIT ( $, .STERADIAN. ) SOLID_ANGLE_UNIT ( ) );
#367 =( NAMED_UNIT ( * ) PLANE_ANGLE_UNIT ( ) SI_UNIT ( $, .RADIAN. ) );
#368 = ORIENTED_EDGE ( 'NONE', *, *, #2697, .F. ) ;
#369 = EDGE_CURVE ( 'NONE', #4077, #8159, #5606, .T. ) ;
#370 = CARTESIAN_POINT ( 'NONE',  ( 0.8199999999999999512, -0.4500000000000000111, 1.629999999999999893 ) ) ;
#371 = CARTESIAN_POINT ( 'NONE',  ( -4.024636339909592131, -4.344999999999998863, 7.588596952736543777 ) ) ;
#372 = DIRECTION ( 'NONE',  ( -1.000000000000000000, 0.0000000000000000000, 0.0000000000000000000 ) ) ;
#373 = STYLED_ITEM ( 'NONE', ( #3498 ), #5497 ) ;
#374 =( NAMED_UNIT ( * ) PLANE_ANGLE_UNIT ( ) SI_UNIT ( $, .RADIAN. ) );
#375 = LINE ( 'NONE', #2274, #3108 ) ;
#376 = ORIENTED_EDGE ( 'NONE', *, *, #4511, .F. ) ;
#377 = CARTESIAN_POINT ( 'NONE',  ( -4.738884549141931579, -4.344999999999998863, 8.006456378491130010 ) ) ;
#378 = DIRECTION ( 'NONE',  ( 0.0000000000000000000, 0.0000000000000000000, -1.000000000000000000 ) ) ;
#380 = VERTEX_POINT ( 'NONE', #5128 ) ;
#379 = VECTOR ( 'NONE', #8294, 1000.000000000000000 ) ;
#381 =( LENGTH_UNIT ( ) NAMED_UNIT ( * ) SI_UNIT ( .MILLI., .METRE. ) );
#382 = VERTEX_POINT ( 'NONE', #1401 ) ;
#383 = ADVANCED_FACE ( 'NONE', ( #7025, #1288 ), #8342, .T. ) ;
#384 = EDGE_CURVE ( 'NONE', #4524, #3853, #2380, .T. ) ;
#385 = CARTESIAN_POINT ( 'NONE',  ( 6.570000000000000284, 1.649999999999999911, 8.030000000000001137 ) ) ;
#386 = B_SPLINE_CURVE_WITH_KNOTS ( 'NONE', 1,
 ( #430, #4955 ),
 .UNSPECIFIED., .F., .F.,
 ( 2, 2 ),
 ( 0.009339999999999999344, 0.01098000000000000018 ),
 .UNSPECIFIED. ) ;
#387 = CARTESIAN_POINT ( 'NONE',  ( -0.3200000000000000067, 0.9499999999999999556, 2.129999999999999893 ) ) ;
#388 = CARTESIAN_POINT ( 'NONE',  ( -3.359295437469627998, -4.445000000000001172, 8.184377326320614543 ) ) ;
#389 = CARTESIAN_POINT ( 'NONE',  ( -10.33779999999999966, 4.927328648502830255, 1.629999999999999893 ) ) ;
#390 = ORIENTED_EDGE ( 'NONE', *, *, #3068, .T. ) ;
#391 = CARTESIAN_POINT ( 'NONE',  ( 0.4249999999999999889, -3.645000000000000018, 1.629999999999999893 ) ) ;
#392 = ORIENTED_EDGE ( 'NONE', *, *, #3012, .T. ) ;
#393 = STYLED_ITEM ( 'NONE', ( #7315 ), #6560 ) ;
#394 = EDGE_CURVE ( 'NONE', #5447, #4186, #8035, .T. ) ;
#395 = CARTESIAN_POINT ( 'NONE',  ( -0.3200000000000000067, -1.590000000000000080, 1.969999999999999973 ) ) ;
#396 = SURFACE_SIDE_STYLE ('',( #2250 ) ) ;
#397 = CARTESIAN_POINT ( 'NONE',  ( -0.3200000000000000067, -1.590000000000000302, 3.720000000000000639 ) ) ;
#398 = SURFACE_STYLE_USAGE ( .BOTH. , #5613 ) ;
#399 = CARTESIAN_POINT ( 'NONE',  ( -4.560842609379704982, -4.445000000000002061, 7.688034096489055891 ) ) ;
#400 = AXIS2_PLACEMENT_3D ( 'NONE', #3794, #3311, #3828 ) ;
#401 = ORIENTED_EDGE ( 'NONE', *, *, #2296, .T. ) ;
#402 = DIRECTION ( 'NONE',  ( 0.0000000000000000000, 0.0000000000000000000, -1.000000000000000000 ) ) ;
#403 = B_SPLINE_CURVE_WITH_KNOTS ( 'NONE', 1,
 ( #893, #3481 ),
 .UNSPECIFIED., .F., .F.,
 ( 2, 2 ),
 ( 0.008439999999999999586, 0.01008000000000000042 ),
 .UNSPECIFIED. ) ;
#404 = FACE_OUTER_BOUND ( 'NONE', #5530, .T. ) ;
#405 = ORIENTED_EDGE ( 'NONE', *, *, #2724, .F. ) ;
#406 = MECHANICAL_DESIGN_GEOMETRIC_PRESENTATION_REPRESENTATION (  '', ( #4331 ), #1355 ) ;
#407 = PLANE ( 'NONE',  #482 ) ;
#408 = CARTESIAN_POINT ( 'NONE',  ( 5.155000000000000249, -3.645000000000000018, 1.629999999999999893 ) ) ;
#409 = CARTESIAN_POINT ( 'NONE',  ( -4.141173347730139120, -4.345000000000001528, 8.075017310339422494 ) ) ;
#410 = CARTESIAN_POINT ( 'NONE',  ( 5.154999999999997584, -4.495000000000000107, 0.8499999999999999778 ) ) ;
#411 = ORIENTED_EDGE ( 'NONE', *, *, #5739, .T. ) ;
#412 = FILL_AREA_STYLE ('',( #1004 ) ) ;
#413 = CARTESIAN_POINT ( 'NONE',  ( -4.234577187403429477, -4.345000000000000639, 7.723104802167509497 ) ) ;
#414 = CARTESIAN_POINT ( 'NONE',  ( -0.1325391944272001910, 0.0000000000000000000, -1.330000000000000071 ) ) ;
#415 = ORIENTED_EDGE ( 'NONE', *, *, #1758, .T. ) ;
#416 = VERTEX_POINT ( 'NONE', #3305 ) ;
#417 = LINE ( 'NONE', #4361, #5454 ) ;
#418 = CARTESIAN_POINT ( 'NONE',  ( -4.709990443379631131, -4.344999999999997975, 8.066438788089465461 ) ) ;
#419 = CARTESIAN_POINT ( 'NONE',  ( 0.4249999999999999889, 3.645000000000000018, 0.8499999999999999778 ) ) ;
#420 = B_SPLINE_SURFACE_WITH_KNOTS ( 'NONE', 3, 1, ( 
 ( #4772, #7263 ),
 ( #7873, #800 ),
 ( #165, #2772 ),
 ( #7345, #7833 ),
 ( #1566, #7172 ),
 ( #2730, #763 ),
 ( #4660, #3473 ),
 ( #1437, #842 ),
 ( #2069, #5372 ),
 ( #3431, #5328 ),
 ( #7913, #1399 ),
 ( #3971, #4096 ),
 ( #6055, #4140 ),
 ( #2110, #7954 ),
 ( #5252, #4698 ),
 ( #5931, #6704 ),
 ( #5885, #1484 ),
 ( #86, #4616 ),
 ( #4053, #6016 ) ),
 .UNSPECIFIED., .F., .F., .F.,
 ( 4, 1, 1, 1, 1, 1, 1, 1, 1, 1, 1, 1, 1, 1, 1, 1, 4 ),
 ( 2, 2 ),
 ( 0.0000000000000000000, 0.06887542542374749943, 0.1353486746991242051, 0.1992893152193421780, 0.2615500803944990627, 0.3229153841538559555, 0.3827719971265304277, 0.4428435721153026194, 0.5026520291025148302, 0.5627488431894923648, 0.6227395817076827322, 0.6826873315148553889, 0.7433292468859995505, 0.8050125141012755003, 0.8680671203592941199, 0.9331105710618369242, 1.000000000000000000 ),
 ( 0.0000000000000000000, 1.000000000000000000 ),
 .UNSPECIFIED. ) ;
#421 = FILL_AREA_STYLE ('',( #5590 ) ) ;
#422 = DIRECTION ( 'NONE',  ( 0.0000000000000000000, 1.000000000000000000, 0.0000000000000000000 ) ) ;
#423 = ORIENTED_EDGE ( 'NONE', *, *, #5822, .T. ) ;
#424 = CARTESIAN_POINT ( 'NONE',  ( -1.719999999999999973, -2.089999999999999858, 1.629999999999999893 ) ) ;
#425 = EDGE_CURVE ( 'NONE', #4088, #6230, #3402, .T. ) ;
#426 = ORIENTED_EDGE ( 'NONE', *, *, #4567, .F. ) ;
#427 = FACE_OUTER_BOUND ( 'NONE', #1046, .T. ) ;
#428 = EDGE_LOOP ( 'NONE', ( #8126, #2411, #2629, #4750 ) ) ;
#429 = FACE_OUTER_BOUND ( 'NONE', #478, .T. ) ;
#430 = CARTESIAN_POINT ( 'NONE',  ( -1.719999999999999973, 2.089999999999999858, 1.629999999999999893 ) ) ;
#431 = CARTESIAN_POINT ( 'NONE',  ( -3.360263463849481269, -4.344999999999999751, 8.690875909182340209 ) ) ;
#432 = CARTESIAN_POINT ( 'NONE',  ( -1.879632798916302638, -0.6096327989163030647, -0.4852986155526959333 ) ) ;
#433 = LINE ( 'NONE', #4958, #6599 ) ;
#434 = EDGE_CURVE ( 'NONE', #3123, #588, #7636, .T. ) ;
#435 = EDGE_CURVE ( 'NONE', #6252, #2270, #3265, .T. ) ;
#436 = CARTESIAN_POINT ( 'NONE',  ( -0.3200000000000000067, -0.9500000000000000666, 3.720000000000000639 ) ) ;
#437 = ORIENTED_EDGE ( 'NONE', *, *, #2789, .T. ) ;
#438 = PLANE ( 'NONE',  #2925 ) ;
#439 = COLOUR_RGB ( '',0.1019607843137254888, 0.1019607843137254888, 0.1019607843137254888 ) ;
#440 = ORIENTED_EDGE ( 'NONE', *, *, #2579, .T. ) ;
#441 = PLANE ( 'NONE',  #8314 ) ;
#442 = PLANE ( 'NONE',  #2504 ) ;
#443 = CARTESIAN_POINT ( 'NONE',  ( -3.360263463849481269, -4.445000000000000284, 8.690875909182340209 ) ) ;
#444 = ADVANCED_FACE ( 'NONE', ( #4496 ), #1254, .T. ) ;
#445 = VERTEX_POINT ( 'NONE', #1439 ) ;
#446 = CARTESIAN_POINT ( 'NONE',  ( -2.660000000000000142, 1.149999999999999911, 8.800000000000000711 ) ) ;
#447 = EDGE_LOOP ( 'NONE', ( #8270, #6693, #7628, #4606 ) ) ;
#448 =( GEOMETRIC_REPRESENTATION_CONTEXT ( 3 ) GLOBAL_UNCERTAINTY_ASSIGNED_CONTEXT ( ( #6251 ) ) GLOBAL_UNIT_ASSIGNED_CONTEXT ( ( #3195, #2542, #6868 ) ) REPRESENTATION_CONTEXT ( 'NONE', 'WORKASPACE' ) );
#449 = LINE ( 'NONE', #8109, #3182 ) ;
#450 = PLANE ( 'NONE',  #4338 ) ;
#451 = DIRECTION ( 'NONE',  ( 1.000000000000000000, -0.0000000000000000000, 0.0000000000000000000 ) ) ;
#452 = CARTESIAN_POINT ( 'NONE',  ( -2.220000000000000195, -1.590000000000000080, 3.720000000000000195 ) ) ;
#453 = ORIENTED_EDGE ( 'NONE', *, *, #2900, .T. ) ;
#454 = FACE_OUTER_BOUND ( 'NONE', #2131, .T. ) ;
#455 = SURFACE_STYLE_FILL_AREA ( #1187 ) ;
#456 = ORIENTED_EDGE ( 'NONE', *, *, #6018, .T. ) ;
#457 = ORIENTED_EDGE ( 'NONE', *, *, #4260, .F. ) ;
#458 = CARTESIAN_POINT ( 'NONE',  ( 4.304999999999999716, 3.645000000000000018, 1.239999999999999991 ) ) ;
#459 = CARTESIAN_POINT ( 'NONE',  ( -4.793386867832801101, -4.344999999999998863, 7.869355552894962358 ) ) ;
#460 = AXIS2_PLACEMENT_3D ( 'NONE', #6657, #4812, #6052 ) ;
#461 = CARTESIAN_POINT ( 'NONE',  ( 0.4249999999999999334, 2.794999999999999485, 1.201000000000000512 ) ) ;
#462 = CARTESIAN_POINT ( 'NONE',  ( 2.860000000000000320, 1.590000000000000080, -1.029999999999994476 ) ) ;
#463 = ORIENTED_EDGE ( 'NONE', *, *, #790, .F. ) ;
#464 = CARTESIAN_POINT ( 'NONE',  ( 2.860000000000000320, -0.9499999999999999556, 1.169999999999999929 ) ) ;
#465 = FACE_BOUND ( 'NONE', #6262, .T. ) ;
#466 = EDGE_LOOP ( 'NONE', ( #5225, #3228, #6147, #5330 ) ) ;
#467 = EDGE_LOOP ( 'NONE', ( #1212, #5844, #2359, #3340 ) ) ;
#468 = CARTESIAN_POINT ( 'NONE',  ( -6.570000000000000284, -1.649999999999999911, 1.629999999999999893 ) ) ;
#469 = ADVANCED_FACE ( 'NONE', ( #6168 ), #3545, .T. ) ;
#470 = CARTESIAN_POINT ( 'NONE',  ( 7.620000000000000107, 1.649999999999999911, 1.629999999999999893 ) ) ;
#471 = DIRECTION ( 'NONE',  ( -1.000000000000000000, 0.0000000000000000000, 0.0000000000000000000 ) ) ;
#472 = PLANE ( 'NONE',  #5544 ) ;
#473 =( GEOMETRIC_REPRESENTATION_CONTEXT ( 3 ) GLOBAL_UNCERTAINTY_ASSIGNED_CONTEXT ( ( #3526 ) ) GLOBAL_UNIT_ASSIGNED_CONTEXT ( ( #5821, #5698, #572 ) ) REPRESENTATION_CONTEXT ( 'NONE', 'WORKASPACE' ) );
#474 = FILL_AREA_STYLE_COLOUR ( '', #6112 ) ;
#475 = ORIENTED_EDGE ( 'NONE', *, *, #3490, .F. ) ;
#476 = CARTESIAN_POINT ( 'NONE',  ( 0.8199999999999999512, 2.089999999999999858, 1.629999999999999893 ) ) ;
#477 = UNCERTAINTY_MEASURE_WITH_UNIT (LENGTH_MEASURE( 1.000000000000000082E-05 ), #5100, 'distance_accuracy_value', 'NONE');
#478 = EDGE_LOOP ( 'NONE', ( #511, #5417, #4177, #8133 ) ) ;
#479 = EDGE_CURVE ( 'NONE', #5665, #1316, #2113, .T. ) ;
#480 =( GEOMETRIC_REPRESENTATION_CONTEXT ( 3 ) GLOBAL_UNCERTAINTY_ASSIGNED_CONTEXT ( ( #6813 ) ) GLOBAL_UNIT_ASSIGNED_CONTEXT ( ( #6851, #4871, #4824 ) ) REPRESENTATION_CONTEXT ( 'NONE', 'WORKASPACE' ) );
#481 = CARTESIAN_POINT ( 'NONE',  ( -2.943981495730058739, -4.445000000000000284, 8.317135736540322455 ) ) ;
#482 = AXIS2_PLACEMENT_3D ( 'NONE', #7372, #2980, #8150 ) ;
#483 = CARTESIAN_POINT ( 'NONE',  ( -2.220000000000000195, -0.9499999999999999556, -1.029999999999998472 ) ) ;
#484 = CARTESIAN_POINT ( 'NONE',  ( -2.220000000000000195, 0.9499999999999999556, 2.129999999999999893 ) ) ;
#485 = ORIENTED_EDGE ( 'NONE', *, *, #1449, .F. ) ;
#486 =( NAMED_UNIT ( * ) SI_UNIT ( $, .STERADIAN. ) SOLID_ANGLE_UNIT ( ) );
#487 =( GEOMETRIC_REPRESENTATION_CONTEXT ( 3 ) GLOBAL_UNCERTAINTY_ASSIGNED_CONTEXT ( ( #3008 ) ) GLOBAL_UNIT_ASSIGNED_CONTEXT ( ( #6175, #8121, #62 ) ) REPRESENTATION_CONTEXT ( 'NONE', 'WORKASPACE' ) );
#488 = SURFACE_STYLE_USAGE ( .BOTH. , #6292 ) ;
#489 = VECTOR ( 'NONE', #7204, 1000.000000000000000 ) ;
#490 = UNCERTAINTY_MEASURE_WITH_UNIT (LENGTH_MEASURE( 1.000000000000000082E-05 ), #212, 'distance_accuracy_value', 'NONE');
#491 = PRODUCT_DEFINITION_SHAPE ( 'NONE', 'NONE',  #1398 ) ;
#492 = ORIENTED_EDGE ( 'NONE', *, *, #942, .T. ) ;
#493 = EDGE_CURVE ( 'NONE', #1236, #1124, #7938, .T. ) ;
#494 = ADVANCED_FACE ( 'NONE', ( #3395 ), #2693, .F. ) ;
#495 = DIRECTION ( 'NONE',  ( -0.4682379421519022311, 0.4682379421519015650, 0.7493373466328127064 ) ) ;
#496 = CARTESIAN_POINT ( 'NONE',  ( 2.860000000000000320, 1.590000000000000080, 2.129999999999999893 ) ) ;
#497 = CARTESIAN_POINT ( 'NONE',  ( 2.220000000000000639, 1.590000000000000080, 2.130000000000001226 ) ) ;
#498 = VERTEX_POINT ( 'NONE', #4893 ) ;
#499 = CARTESIAN_POINT ( 'NONE',  ( -3.995879388795381182, -4.444999999999999396, 7.733835972291135619 ) ) ;
#500 = FACE_OUTER_BOUND ( 'NONE', #671, .T. ) ;
#501 = CARTESIAN_POINT ( 'NONE',  ( -2.985585763260774961, -4.345000000000001528, 8.504699930118137630 ) ) ;
#502 = ORIENTED_EDGE ( 'NONE', *, *, #1580, .F. ) ;
#503 = ORIENTED_EDGE ( 'NONE', *, *, #6442, .T. ) ;
#504 = ADVANCED_FACE ( 'NONE', ( #321 ), #2890, .T. ) ;
#505 = CARTESIAN_POINT ( 'NONE',  ( -3.471080312134038781, -4.344999999999999751, 7.946676373222471668 ) ) ;
#506 = SURFACE_STYLE_FILL_AREA ( #3811 ) ;
#507 = CARTESIAN_POINT ( 'NONE',  ( -3.411984467150999123, -4.445000000000000284, 8.455469570674935653 ) ) ;
#508 = CARTESIAN_POINT ( 'NONE',  ( -2.860000000000000320, -1.590000000000000080, -1.029999999999998028 ) ) ;
#509 = CARTESIAN_POINT ( 'NONE',  ( 0.4249999999999998779, 2.794999999999999929, 1.239999999999999547 ) ) ;
#510 = AXIS2_PLACEMENT_3D ( 'NONE', #6735, #2094, #3375 ) ;
#511 = ORIENTED_EDGE ( 'NONE', *, *, #2589, .F. ) ;
#512 = CARTESIAN_POINT ( 'NONE',  ( -4.771741569662393267, -4.345000000000000639, 7.931269940384554573 ) ) ;
#513 = CARTESIAN_POINT ( 'NONE',  ( -3.383357880918613336, -4.345000000000000639, 8.455039579025708463 ) ) ;
#514 = VERTEX_POINT ( 'NONE', #7467 ) ;
#515 = B_SPLINE_CURVE_WITH_KNOTS ( 'NONE', 1,
 ( #2310, #1742 ),
 .UNSPECIFIED., .F., .F.,
 ( 2, 2 ),
 ( 0.0000000000000000000, 1.000000000000000000 ),
 .UNSPECIFIED. ) ;
#516 = CARTESIAN_POINT ( 'NONE',  ( -4.380745640190160550, -4.344999999999999751, 8.166788923234291175 ) ) ;
#517 = EDGE_LOOP ( 'NONE', ( #6528, #1944, #7689, #6066 ) ) ;
#518 =( NAMED_UNIT ( * ) SI_UNIT ( $, .STERADIAN. ) SOLID_ANGLE_UNIT ( ) );
#519 = CARTESIAN_POINT ( 'NONE',  ( 5.155000000000000249, -3.645000000000000018, 1.629999999999999893 ) ) ;
#520 = CARTESIAN_POINT ( 'NONE',  ( -2.220000000000000195, 0.9499999999999999556, 2.129999999999999893 ) ) ;
#521 = DIRECTION ( 'NONE',  ( 0.0000000000000000000, 0.8480480961564278442, 0.5299192642332020142 ) ) ;
#522 =( LENGTH_UNIT ( ) NAMED_UNIT ( * ) SI_UNIT ( .MILLI., .METRE. ) );
#523 = MECHANICAL_DESIGN_GEOMETRIC_PRESENTATION_REPRESENTATION (  '', ( #784 ), #4568 ) ;
#524 = ORIENTED_EDGE ( 'NONE', *, *, #3140, .T. ) ;
#525 = CARTESIAN_POINT ( 'NONE',  ( -4.417155420872342475, -4.445000000000001172, 7.946132876483413376 ) ) ;
#526 = ORIENTED_EDGE ( 'NONE', *, *, #3245, .F. ) ;
#527 =( GEOMETRIC_REPRESENTATION_CONTEXT ( 3 ) GLOBAL_UNCERTAINTY_ASSIGNED_CONTEXT ( ( #8345 ) ) GLOBAL_UNIT_ASSIGNED_CONTEXT ( ( #2773, #8033, #5373 ) ) REPRESENTATION_CONTEXT ( 'NONE', 'WORKASPACE' ) );
#528 =( NAMED_UNIT ( * ) SI_UNIT ( $, .STERADIAN. ) SOLID_ANGLE_UNIT ( ) );
#529 = CARTESIAN_POINT ( 'NONE',  ( 6.570000000000000284, -3.314999999999999947, 9.919999999999999929 ) ) ;
#530 = DIRECTION ( 'NONE',  ( -1.000000000000000000, 0.0000000000000000000, 0.0000000000000000000 ) ) ;
#531 = ORIENTED_EDGE ( 'NONE', *, *, #791, .T. ) ;
#532 =( LENGTH_UNIT ( ) NAMED_UNIT ( * ) SI_UNIT ( .MILLI., .METRE. ) );
#533 = EDGE_CURVE ( 'NONE', #5419, #2968, #2569, .T. ) ;
#534 = STYLED_ITEM ( 'NONE', ( #5269 ), #6249 ) ;
#535 = CARTESIAN_POINT ( 'NONE',  ( -2.660000000000000142, 1.149999999999999911, 8.800000000000000711 ) ) ;
#536 = B_SPLINE_CURVE_WITH_KNOTS ( 'NONE', 1,
 ( #7441, #520 ),
 .UNSPECIFIED., .F., .F.,
 ( 2, 2 ),
 ( -0.9780521262002743743, -0.8463648834019203981 ),
 .UNSPECIFIED. ) ;
#537 = CARTESIAN_POINT ( 'NONE',  ( 2.259999999999999787, -3.314999999999999947, 3.720000000000000195 ) ) ;
#538 = CARTESIAN_POINT ( 'NONE',  ( -3.486716538465101323, -4.445000000000000284, 7.369999485204850487 ) ) ;
#539 = CARTESIAN_POINT ( 'NONE',  ( -2.860000000000000320, -0.9499999999999999556, 8.300000000000000711 ) ) ;
#540 = MECHANICAL_DESIGN_GEOMETRIC_PRESENTATION_REPRESENTATION (  '', ( #5811 ), #2413 ) ;
#541 = CARTESIAN_POINT ( 'NONE',  ( -6.570000000000000284, 3.314999999999999947, 3.720000000000000195 ) ) ;
#542 = CARTESIAN_POINT ( 'NONE',  ( -3.387422750387013348, -4.344999999999999751, 8.184198977326161639 ) ) ;
#543 = VERTEX_POINT ( 'NONE', #6833 ) ;
#544 = EDGE_CURVE ( 'NONE', #7584, #6570, #2733, .T. ) ;
#545 = EDGE_CURVE ( 'NONE', #2807, #2473, #5917, .T. ) ;
#546 =( NAMED_UNIT ( * ) PLANE_ANGLE_UNIT ( ) SI_UNIT ( $, .RADIAN. ) );
#547 = CARTESIAN_POINT ( 'NONE',  ( 0.3200000000000000067, 0.9499999999999999556, 1.969999999999999973 ) ) ;
#549 = ORIENTED_EDGE ( 'NONE', *, *, #3233, .F. ) ;
#548 = VECTOR ( 'NONE', #3802, 1000.000000000000000 ) ;
#550 = EDGE_LOOP ( 'NONE', ( #6922, #8164, #3885, #3817 ) ) ;
#551 = B_SPLINE_CURVE_WITH_KNOTS ( 'NONE', 1,
 ( #6794, #4267 ),
 .UNSPECIFIED., .F., .F.,
 ( 2, 2 ),
 ( -1.000000000000000000, 0.0000000000000000000 ),
 .UNSPECIFIED. ) ;
#552 = LINE ( 'NONE', #7731, #8161 ) ;
#553 =( LENGTH_UNIT ( ) NAMED_UNIT ( * ) SI_UNIT ( .MILLI., .METRE. ) );
#554 = VECTOR ( 'NONE', #362, 1000.000000000000000 ) ;
#555 = CARTESIAN_POINT ( 'NONE',  ( 2.860000000000000320, -0.9499999999999999556, 2.129999999999999893 ) ) ;
#556 = EDGE_LOOP ( 'NONE', ( #4766, #3260, #2590, #5460 ) ) ;
#557 = CARTESIAN_POINT ( 'NONE',  ( -2.660000000000000142, -1.149999999999999911, 8.800000000000000711 ) ) ;
#558 = EDGE_CURVE ( 'NONE', #940, #4048, #6596, .T. ) ;
#559 = CARTESIAN_POINT ( 'NONE',  ( -3.309338195090524515, -4.345000000000001528, 8.449152572117929694 ) ) ;
#560 = ORIENTED_EDGE ( 'NONE', *, *, #4078, .T. ) ;
#561 = ORIENTED_EDGE ( 'NONE', *, *, #5619, .T. ) ;
#562 = UNCERTAINTY_MEASURE_WITH_UNIT (LENGTH_MEASURE( 1.000000000000000082E-05 ), #2581, 'distance_accuracy_value', 'NONE');
#563 = CARTESIAN_POINT ( 'NONE',  ( -2.921923802585976837, -0.8880761974140231052, -0.9309012005521372091 ) ) ;
#564 = FACE_OUTER_BOUND ( 'NONE', #2398, .T. ) ;
#565 = CARTESIAN_POINT ( 'NONE',  ( -7.620000000000000107, -4.445000000000000284, 10.51999999999999957 ) ) ;
#566 = CARTESIAN_POINT ( 'NONE',  ( -5.048124388138708341, -4.445000000000000284, 9.111325120834825597 ) ) ;
#567 = ORIENTED_EDGE ( 'NONE', *, *, #5932, .F. ) ;
#568 = CARTESIAN_POINT ( 'NONE',  ( -6.570000000000000284, -1.649999999999999911, 8.030000000000001137 ) ) ;
#569 = UNCERTAINTY_MEASURE_WITH_UNIT (LENGTH_MEASURE( 1.000000000000000082E-05 ), #7690, 'distance_accuracy_value', 'NONE');
#570 = VERTEX_POINT ( 'NONE', #5022 ) ;
#571 = DIRECTION ( 'NONE',  ( -0.0000000000000000000, 1.000000000000000000, -0.0000000000000000000 ) ) ;
#572 =( NAMED_UNIT ( * ) SI_UNIT ( $, .STERADIAN. ) SOLID_ANGLE_UNIT ( ) );
#573 = FACE_OUTER_BOUND ( 'NONE', #4483, .T. ) ;
#574 = ORIENTED_EDGE ( 'NONE', *, *, #7191, .T. ) ;
#575 =( NAMED_UNIT ( * ) SI_UNIT ( $, .STERADIAN. ) SOLID_ANGLE_UNIT ( ) );
#576 =( BOUNDED_CURVE ( )  B_SPLINE_CURVE ( 3, ( #6445, #5782, #8348, #5091 ),
 .UNSPECIFIED., .F., .F. ) 
 B_SPLINE_CURVE_WITH_KNOTS ( ( 4, 4 ),
 ( -14.56676061435919856, -11.42516796076939656 ),
 .UNSPECIFIED. ) 
 CURVE ( )  GEOMETRIC_REPRESENTATION_ITEM ( )  RATIONAL_B_SPLINE_CURVE ( ( 1.000000000000000000, 0.3333333333333292625, 0.3333333333333299842, 1.000000000000000666 ) ) 
 REPRESENTATION_ITEM ( '' )  );
#577 = FACE_OUTER_BOUND ( 'NONE', #4810, .T. ) ;
#578 = FACE_OUTER_BOUND ( 'NONE', #4144, .T. ) ;
#579 = DIRECTION ( 'NONE',  ( 0.7071067811865480168, 0.0000000000000000000, -0.7071067811865470176 ) ) ;
#580 = CARTESIAN_POINT ( 'NONE',  ( -3.486716538465101323, -4.344999999999999751, 7.946655468110833453 ) ) ;
#581 = STYLED_ITEM ( 'NONE', ( #91 ), #444 ) ;
#582 = CARTESIAN_POINT ( 'NONE',  ( 2.259999999999999787, -4.445000000000000284, 3.720000000000000195 ) ) ;
#583 = ORIENTED_EDGE ( 'NONE', *, *, #3613, .F. ) ;
#584 = CARTESIAN_POINT ( 'NONE',  ( -0.4249999999999999889, -3.645000000000000018, 1.239999999999999991 ) ) ;
#585 = CARTESIAN_POINT ( 'NONE',  ( -3.271938860040063624, -4.345000000000000639, 8.441082064176917754 ) ) ;
#586 = CARTESIAN_POINT ( 'NONE',  ( -4.304999999999999716, 3.645000000000000018, 1.201000000000000068 ) ) ;
#587 =( GEOMETRIC_REPRESENTATION_CONTEXT ( 3 ) GLOBAL_UNCERTAINTY_ASSIGNED_CONTEXT ( ( #3627 ) ) GLOBAL_UNIT_ASSIGNED_CONTEXT ( ( #1986, #6543, #3930 ) ) REPRESENTATION_CONTEXT ( 'NONE', 'WORKASPACE' ) );
#588 = VERTEX_POINT ( 'NONE', #1303 ) ;
#589 = CARTESIAN_POINT ( 'NONE',  ( 0.1325391944272001910, -1.137460805572799716, -1.330000000000000071 ) ) ;
#590 = EDGE_CURVE ( 'NONE', #6289, #918, #5513, .T. ) ;
#591 = CARTESIAN_POINT ( 'NONE',  ( 2.860000000000000320, -0.9500000000000000666, 3.720000000000000639 ) ) ;
#592 = ADVANCED_FACE ( 'NONE', ( #500 ), #3163, .T. ) ;
#593 = PRESENTATION_LAYER_ASSIGNMENT (  '', '', ( #7883 ) ) ;
#594 = DIRECTION ( 'NONE',  ( -1.000000000000000000, 0.0000000000000000000, 0.0000000000000000000 ) ) ;
#595 = ORIENTED_EDGE ( 'NONE', *, *, #7085, .T. ) ;
#596 = CARTESIAN_POINT ( 'NONE',  ( 7.169999999999999929, -3.915000000000000036, 10.51999999999999957 ) ) ;
#597 = FILL_AREA_STYLE ('',( #1110 ) ) ;
#598 = VERTEX_POINT ( 'NONE', #1145 ) ;
#599 = CARTESIAN_POINT ( 'NONE',  ( 2.860000000000000320, 1.590000000000000080, 2.129999999999999893 ) ) ;
#600 = EDGE_CURVE ( 'NONE', #8198, #325, #964, .T. ) ;
#601 = ADVANCED_FACE ( 'NONE', ( #454 ), #3721, .T. ) ;
#602 = CARTESIAN_POINT ( 'NONE',  ( -4.561441750107658955, -4.345000000000000639, 7.366919319256493459 ) ) ;
#603 = CARTESIAN_POINT ( 'NONE',  ( -3.181639033411010065, -4.445000000000001172, 8.310308892209278042 ) ) ;
#604 = CARTESIAN_POINT ( 'NONE',  ( -2.220000000000000195, -1.590000000000000080, 2.129999999999999893 ) ) ;
#605 = ORIENTED_EDGE ( 'NONE', *, *, #7459, .F. ) ;
#606 = PLANE ( 'NONE',  #6849 ) ;
#607 = EDGE_CURVE ( 'NONE', #6570, #3468, #7767, .T. ) ;
#608 = FILL_AREA_STYLE_COLOUR ( '', #1024 ) ;
#609 = CARTESIAN_POINT ( 'NONE',  ( -1.719999999999999973, -2.089999999999999858, 1.629999999999999893 ) ) ;
#610 = CARTESIAN_POINT ( 'NONE',  ( -2.220000000000000195, 0.9499999999999999556, 8.300000000000000711 ) ) ;
#611 = SURFACE_STYLE_USAGE ( .BOTH. , #5050 ) ;
#612 = SURFACE_STYLE_USAGE ( .BOTH. , #3118 ) ;
#613 = CARTESIAN_POINT ( 'NONE',  ( -2.419999999999999929, 1.389999999999999902, 8.800000000000000711 ) ) ;
#614 = DIRECTION ( 'NONE',  ( 0.0000000000000000000, -1.000000000000000000, 1.120876960131203876E-16 ) ) ;
#615 = CARTESIAN_POINT ( 'NONE',  ( -4.061822766555893693, -4.344999999999998863, 7.518394106434134194 ) ) ;
#616 = AXIS2_PLACEMENT_3D ( 'NONE', #3494, #819, #147 ) ;
#617 = EDGE_LOOP ( 'NONE', ( #173, #6294, #2493, #6799 ) ) ;
#618 =( NAMED_UNIT ( * ) PLANE_ANGLE_UNIT ( ) SI_UNIT ( $, .RADIAN. ) );
#619 =( NAMED_UNIT ( * ) SI_UNIT ( $, .STERADIAN. ) SOLID_ANGLE_UNIT ( ) );
#620 =( GEOMETRIC_REPRESENTATION_CONTEXT ( 3 ) GLOBAL_UNCERTAINTY_ASSIGNED_CONTEXT ( ( #3353 ) ) GLOBAL_UNIT_ASSIGNED_CONTEXT ( ( #4721, #2713, #4073 ) ) REPRESENTATION_CONTEXT ( 'NONE', 'WORKASPACE' ) );
#621 = CARTESIAN_POINT ( 'NONE',  ( 3.360000000000000320, -0.4500000000000000111, 1.629999999999999893 ) ) ;
#622 = CARTESIAN_POINT ( 'NONE',  ( -3.181639033411010065, -4.445000000000001172, 8.310308892209278042 ) ) ;
#623 = SURFACE_STYLE_FILL_AREA ( #1906 ) ;
#624 = PLANE ( 'NONE',  #3795 ) ;
#625 = ORIENTED_EDGE ( 'NONE', *, *, #558, .F. ) ;
#626 =( GEOMETRIC_REPRESENTATION_CONTEXT ( 3 ) GLOBAL_UNCERTAINTY_ASSIGNED_CONTEXT ( ( #2738 ) ) GLOBAL_UNIT_ASSIGNED_CONTEXT ( ( #4219, #160, #2845 ) ) REPRESENTATION_CONTEXT ( 'NONE', 'WORKASPACE' ) );
#627 = CARTESIAN_POINT ( 'NONE',  ( 6.570000000000000284, 1.649999999999999911, 8.030000000000001137 ) ) ;
#628 = ADVANCED_FACE ( 'NONE', ( #4643 ), #3333, .T. ) ;
#629 = EDGE_LOOP ( 'NONE', ( #5706, #124, #8118, #2392 ) ) ;
#630 = B_SPLINE_CURVE_WITH_KNOTS ( 'NONE', 3,
 ( #2659, #2197, #1536, #3521, #6022, #7999, #5335, #8044, #7179, #2741, #1444 ),
 .UNSPECIFIED., .F., .F.,
 ( 4, 1, 1, 1, 1, 1, 1, 1, 4 ),
 ( 0.0000000000000000000, 0.1377876848510216079, 0.2673412375379146111, 0.3904443306690724702, 0.5117778827581009882, 0.6295089809480921561, 0.7478290655177391999, 0.8718853097298786547, 1.000000000000000000 ),
 .UNSPECIFIED. ) ;
#631 = ORIENTED_EDGE ( 'NONE', *, *, #7941, .F. ) ;
#632 = CARTESIAN_POINT ( 'NONE',  ( -3.080068900436839563, -4.445000000000001172, 8.031893973840835699 ) ) ;
#633 = MECHANICAL_DESIGN_GEOMETRIC_PRESENTATION_REPRESENTATION (  '', ( #6983 ), #3208 ) ;
#634 = DIRECTION ( 'NONE',  ( -0.0000000000000000000, 1.000000000000000000, -0.0000000000000000000 ) ) ;
#635 = CARTESIAN_POINT ( 'NONE',  ( -4.523035071965377796, -4.445000000000001172, 7.627083213335355438 ) ) ;
#636 = CARTESIAN_POINT ( 'NONE',  ( -3.205516888884852644, -4.344999999999997975, 8.397431169708463372 ) ) ;
#637 =( LENGTH_UNIT ( ) NAMED_UNIT ( * ) SI_UNIT ( .MILLI., .METRE. ) );
#638 = ADVANCED_FACE ( 'NONE', ( #4724 ), #7245, .T. ) ;
#639 = ADVANCED_FACE ( 'NONE', ( #2671 ), #7856, .T. ) ;
#641 = ORIENTED_EDGE ( 'NONE', *, *, #2501, .F. ) ;
#640 = MECHANICAL_DESIGN_GEOMETRIC_PRESENTATION_REPRESENTATION (  '', ( #3767 ), #6334 ) ;
#642 = CARTESIAN_POINT ( 'NONE',  ( -2.944161798263020824, -4.344999999999999751, 8.306085442244029338 ) ) ;
#643 = UNCERTAINTY_MEASURE_WITH_UNIT (LENGTH_MEASURE( 1.000000000000000082E-05 ), #2976, 'distance_accuracy_value', 'NONE');
#644 = B_SPLINE_CURVE_WITH_KNOTS ( 'NONE', 1,
 ( #1375, #5299 ),
 .UNSPECIFIED., .F., .F.,
 ( 2, 2 ),
 ( -0.006799999999999999621, 0.0000000000000000000 ),
 .UNSPECIFIED. ) ;
#645 = CARTESIAN_POINT ( 'NONE',  ( -2.259999999999999787, -3.314999999999999947, 3.720000000000000195 ) ) ;
#646 = CARTESIAN_POINT ( 'NONE',  ( 0.1325391944272001910, -1.402539194427200098, -1.330000000000000071 ) ) ;
#647 = B_SPLINE_CURVE_WITH_KNOTS ( 'NONE', 1,
 ( #1749, #7574 ),
 .UNSPECIFIED., .F., .F.,
 ( 2, 2 ),
 ( -1.000000000000000000, -0.8683127572016461349 ),
 .UNSPECIFIED. ) ;
#648 = CARTESIAN_POINT ( 'NONE',  ( -4.041364886809619250, -4.445000000000000284, 7.552709405457360248 ) ) ;
#649 = DIRECTION ( 'NONE',  ( -0.7071067811865480168, 0.0000000000000000000, -0.7071067811865470176 ) ) ;
#650 = CARTESIAN_POINT ( 'NONE',  ( 2.216159999999999908, 1.389999999999999902, 8.959999999999999076 ) ) ;
#651 = EDGE_CURVE ( 'NONE', #4720, #4497, #5310, .T. ) ;
#652 = FACE_OUTER_BOUND ( 'NONE', #1017, .T. ) ;
#653 = CARTESIAN_POINT ( 'NONE',  ( 2.220000000000000195, -0.9499999999999999556, 8.460000000000000853 ) ) ;
#654 = COLOUR_RGB ( '',0.1019607843137254888, 0.1019607843137254888, 0.1019607843137254888 ) ;
#655 = CARTESIAN_POINT ( 'NONE',  ( -0.4249999999999999889, 3.645000000000000018, 1.629999999999999893 ) ) ;
#656 = CARTESIAN_POINT ( 'NONE',  ( -0.3200000000000000067, -0.9499999999999999556, 2.130000000000000782 ) ) ;
#657 = CARTESIAN_POINT ( 'NONE',  ( -4.233598394871719961, -4.445000000000000284, 7.774185397179568469 ) ) ;
#658 = CARTESIAN_POINT ( 'NONE',  ( 3.360000000000000320, -0.4401599999999999957, 1.629999999999999893 ) ) ;
#659 = ORIENTED_EDGE ( 'NONE', *, *, #2087, .T. ) ;
#660 = PLANE ( 'NONE',  #4941 ) ;
#661 = DIRECTION ( 'NONE',  ( 1.000000000000000000, 0.0000000000000000000, 0.0000000000000000000 ) ) ;
#662 = CARTESIAN_POINT ( 'NONE',  ( -5.155000000000000249, 3.645000000000000018, 1.201000000000000068 ) ) ;
#663 = CARTESIAN_POINT ( 'NONE',  ( -4.353916738195831471, -4.344999999999997975, 8.166094309432594400 ) ) ;
#664 = ORIENTED_EDGE ( 'NONE', *, *, #8083, .T. ) ;
#665 = PRESENTATION_LAYER_ASSIGNMENT (  '', '', ( #2012 ) ) ;
#666 = CARTESIAN_POINT ( 'NONE',  ( -4.809633205131768285, -4.445000000000000284, 7.749755010712329195 ) ) ;
#667 = DIRECTION ( 'NONE',  ( 1.000000000000000000, 0.0000000000000000000, 0.0000000000000000000 ) ) ;
#668 = B_SPLINE_CURVE_WITH_KNOTS ( 'NONE', 1,
 ( #4237, #3788 ),
 .UNSPECIFIED., .F., .F.,
 ( 2, 2 ),
 ( -0.003752451514230000125, -0.002886426110440000123 ),
 .UNSPECIFIED. ) ;
#669 = DIRECTION ( 'NONE',  ( 0.0000000000000000000, 0.7071067811865470176, -0.7071067811865480168 ) ) ;
#670 = DIRECTION ( 'NONE',  ( 0.0000000000000000000, 0.0000000000000000000, -1.000000000000000000 ) ) ;
#671 = EDGE_LOOP ( 'NONE', ( #3589, #7632, #7009, #4673 ) ) ;
#672 = FACE_OUTER_BOUND ( 'NONE', #6804, .T. ) ;
#673 = STYLED_ITEM ( 'NONE', ( #1002 ), #7170 ) ;
#674 = CARTESIAN_POINT ( 'NONE',  ( -5.060000000000000497, -4.344999999999999751, 9.259999999999999787 ) ) ;
#675 = ORIENTED_EDGE ( 'NONE', *, *, #384, .T. ) ;
#676 = VERTEX_POINT ( 'NONE', #3248 ) ;
#677 = FACE_OUTER_BOUND ( 'NONE', #7360, .T. ) ;
#678 = EDGE_CURVE ( 'NONE', #7586, #6911, #5104, .T. ) ;
#679 = LINE ( 'NONE', #43, #6538 ) ;
#680 = CARTESIAN_POINT ( 'NONE',  ( -4.497124772953646321, -4.445000000000000284, 7.603565134194886888 ) ) ;
#681 = CARTESIAN_POINT ( 'NONE',  ( -3.182041959450130353, -4.344999999999999751, 8.335618645472941068 ) ) ;
#682 = FILL_AREA_STYLE ('',( #4619 ) ) ;
#683 = EDGE_LOOP ( 'NONE', ( #1412, #363, #3396, #1827, #7318, #1025, #8254, #4007, #723, #2370, #3669, #4895, #1540, #8360, #5406, #1148 ) ) ;
#684 = CARTESIAN_POINT ( 'NONE',  ( -3.217204068513177972, -4.344999999999998863, 7.966796026337330083 ) ) ;
#685 = CARTESIAN_POINT ( 'NONE',  ( -1.879632798916302638, -1.930367201083696749, -0.4852986155526954892 ) ) ;
#686 = EDGE_CURVE ( 'NONE', #6584, #2793, #4409, .T. ) ;
#687 = SURFACE_SIDE_STYLE ('',( #1215 ) ) ;
#688 = ADVANCED_FACE ( 'NONE', ( #742 ), #6561, .T. ) ;
#689 = DIRECTION ( 'NONE',  ( 0.0000000000000000000, 0.0000000000000000000, 1.000000000000000000 ) ) ;
#690 =( NAMED_UNIT ( * ) SI_UNIT ( $, .STERADIAN. ) SOLID_ANGLE_UNIT ( ) );
#691 = CARTESIAN_POINT ( 'NONE',  ( -0.3200000000000000067, -0.9499999999999999556, 8.460000000000000853 ) ) ;
#692 = CARTESIAN_POINT ( 'NONE',  ( 7.620000000000000107, -1.649999999999999911, 1.629999999999999893 ) ) ;
#693 = LINE ( 'NONE', #2577, #42 ) ;
#694 = CARTESIAN_POINT ( 'NONE',  ( 5.155000000000000249, 3.645000000000000018, 1.668999999999999817 ) ) ;
#695 =( NAMED_UNIT ( * ) SI_UNIT ( $, .STERADIAN. ) SOLID_ANGLE_UNIT ( ) );
#696 = DIRECTION ( 'NONE',  ( 0.7071067811865480168, -9.460211960641664774E-17, -0.7071067811865470176 ) ) ;
#697 = PLANE ( 'NONE',  #1415 ) ;
#698 = ADVANCED_FACE ( 'NONE', ( #4074 ), #4120, .T. ) ;
#699 = PLANE ( 'NONE',  #1618 ) ;
#700 = CARTESIAN_POINT ( 'NONE',  ( -2.220000000000000195, -0.9499999999999999556, 2.129999999999999893 ) ) ;
#701 = VERTEX_POINT ( 'NONE', #270 ) ;
#702 = B_SPLINE_CURVE_WITH_KNOTS ( 'NONE', 1,
 ( #3948, #6522 ),
 .UNSPECIFIED., .F., .F.,
 ( 2, 2 ),
 ( 0.0000000000000000000, 1.000000000000000000 ),
 .UNSPECIFIED. ) ;
#703 = CARTESIAN_POINT ( 'NONE',  ( 5.155000000000000249, 3.645000000000000018, 1.629999999999999893 ) ) ;
#704 = DIRECTION ( 'NONE',  ( -0.0000000000000000000, 1.000000000000000000, -0.0000000000000000000 ) ) ;
#705 = CARTESIAN_POINT ( 'NONE',  ( -5.154999999999997584, 4.495000000000000107, 0.8499999999999999778 ) ) ;
#706 = CARTESIAN_POINT ( 'NONE',  ( -2.220000000000000195, -1.590000000000000080, 2.129999999999999893 ) ) ;
#707 =( LENGTH_UNIT ( ) NAMED_UNIT ( * ) SI_UNIT ( .MILLI., .METRE. ) );
#708 = ADVANCED_FACE ( 'NONE', ( #2256 ), #6822, .T. ) ;
#709 = CARTESIAN_POINT ( 'NONE',  ( -4.597415474915649725, -4.344999999999999751, 7.384542646637330954 ) ) ;
#710 = PLANE ( 'NONE',  #2000 ) ;
#711 = CARTESIAN_POINT ( 'NONE',  ( -0.3200000000000000067, -1.590000000000000080, -1.029999999999994476 ) ) ;
#712 = EDGE_LOOP ( 'NONE', ( #1190, #1154, #1364, #1845 ) ) ;
#713 = ORIENTED_EDGE ( 'NONE', *, *, #7587, .T. ) ;
#714 = UNCERTAINTY_MEASURE_WITH_UNIT (LENGTH_MEASURE( 1.000000000000000082E-05 ), #3322, 'distance_accuracy_value', 'NONE');
#715 = CARTESIAN_POINT ( 'NONE',  ( -3.186599334490936464, -4.444999999999999396, 7.975801463916604384 ) ) ;
#716 = B_SPLINE_CURVE_WITH_KNOTS ( 'NONE', 1,
 ( #5195, #591 ),
 .UNSPECIFIED., .F., .F.,
 ( 2, 2 ),
 ( 0.0000000000000000000, 0.6502057613168723549 ),
 .UNSPECIFIED. ) ;
#717 = STYLED_ITEM ( 'NONE', ( #6413 ), #849 ) ;
#718 = CARTESIAN_POINT ( 'NONE',  ( -4.370525575744214741, -4.344999999999998863, 7.945091259295204544 ) ) ;
#719 = CARTESIAN_POINT ( 'NONE',  ( -4.404966989186255510, -4.445000000000001172, 7.573525126230491900 ) ) ;
#720 = B_SPLINE_CURVE_WITH_KNOTS ( 'NONE', 1,
 ( #3601, #4365 ),
 .UNSPECIFIED., .F., .F.,
 ( 2, 2 ),
 ( 0.005432007234270000082, 0.006298032638050000270 ),
 .UNSPECIFIED. ) ;
#721 = CARTESIAN_POINT ( 'NONE',  ( -3.228988202880653802, -4.445000000000002061, 8.420480326844961283 ) ) ;
#722 = STYLED_ITEM ( 'NONE', ( #2055 ), #1673 ) ;
#723 = ORIENTED_EDGE ( 'NONE', *, *, #3536, .F. ) ;
#724 = LINE ( 'NONE', #3397, #365 ) ;
#725 = EDGE_CURVE ( 'NONE', #984, #3484, #7414, .T. ) ;
#726 = DIRECTION ( 'NONE',  ( 0.0000000000000000000, 0.0000000000000000000, -1.000000000000000000 ) ) ;
#727 = CARTESIAN_POINT ( 'NONE',  ( 2.660000000000000142, -1.149999999999999911, 8.959999999999999076 ) ) ;
#728 = PLANE ( 'NONE',  #400 ) ;
#729 = CARTESIAN_POINT ( 'NONE',  ( -4.011475456712138232, -4.445000000000002949, 7.626035689127857786 ) ) ;
#730 = CARTESIAN_POINT ( 'NONE',  ( -2.259999999999999787, -4.445000000000000284, 3.720000000000000195 ) ) ;
#731 =( NAMED_UNIT ( * ) PLANE_ANGLE_UNIT ( ) SI_UNIT ( $, .RADIAN. ) );
#732 = CARTESIAN_POINT ( 'NONE',  ( -4.819999999999999396, 4.445000000000000284, 1.629999999999999893 ) ) ;
#733 = EDGE_CURVE ( 'NONE', #2247, #984, #3189, .T. ) ;
#734 = ORIENTED_EDGE ( 'NONE', *, *, #2788, .F. ) ;
#735 = VECTOR ( 'NONE', #7547, 1000.000000000000000 ) ;
#736 = CARTESIAN_POINT ( 'NONE',  ( 5.580000000000000071, 4.445000000000000284, 11.40900000000000070 ) ) ;
#737 =( NAMED_UNIT ( * ) SI_UNIT ( $, .STERADIAN. ) SOLID_ANGLE_UNIT ( ) );
#738 =( LENGTH_UNIT ( ) NAMED_UNIT ( * ) SI_UNIT ( .MILLI., .METRE. ) );
#739 = CARTESIAN_POINT ( 'NONE',  ( -7.169999999999999929, 3.915000000000000036, 10.51999999999999957 ) ) ;
#740 = ORIENTED_EDGE ( 'NONE', *, *, #6977, .T. ) ;
#742 = FACE_OUTER_BOUND ( 'NONE', #6575, .T. ) ;
#741 = AXIS2_PLACEMENT_3D ( 'NONE', #329, #2992, #245 ) ;
#743 = CARTESIAN_POINT ( 'NONE',  ( -0.4249999999999999889, -3.645000000000000018, 1.629999999999999893 ) ) ;
#744 = EDGE_CURVE ( 'NONE', #6984, #3664, #2861, .T. ) ;
#745 = CARTESIAN_POINT ( 'NONE',  ( -4.314443452779111787, -4.345000000000001528, 8.160480324542048081 ) ) ;
#746 = ADVANCED_FACE ( 'NONE', ( #6643 ), #1043, .T. ) ;
#747 = ORIENTED_EDGE ( 'NONE', *, *, #1286, .F. ) ;
#748 = FACE_OUTER_BOUND ( 'NONE', #7223, .T. ) ;
#749 = CARTESIAN_POINT ( 'NONE',  ( -4.304999999999999716, -3.645000000000000018, 1.668999999999999817 ) ) ;
#750 = B_SPLINE_CURVE_WITH_KNOTS ( 'NONE', 1,
 ( #3137, #4868 ),
 .UNSPECIFIED., .F., .F.,
 ( 2, 2 ),
 ( -0.001806093129679999963, -0.001166093129679999802 ),
 .UNSPECIFIED. ) ;
#751 = CARTESIAN_POINT ( 'NONE',  ( 4.304999999999999716, -3.645000000000000018, 1.629999999999999893 ) ) ;
#752 = COLOUR_RGB ( '',0.1019607843137254888, 0.1019607843137254888, 0.1019607843137254888 ) ;
#753 = STYLED_ITEM ( 'NONE', ( #6724 ), #1941 ) ;
#754 = CARTESIAN_POINT ( 'NONE',  ( -4.442985859024748407, -4.344999999999997975, 7.336946068510440178 ) ) ;
#755 = ORIENTED_EDGE ( 'NONE', *, *, #4274, .T. ) ;
#756 = CARTESIAN_POINT ( 'NONE',  ( -2.220000000000000195, -0.9499999999999999556, 8.300000000000000711 ) ) ;
#757 = EDGE_CURVE ( 'NONE', #1748, #5401, #6033, .T. ) ;
#758 = MECHANICAL_DESIGN_GEOMETRIC_PRESENTATION_REPRESENTATION (  '', ( #87 ), #5488 ) ;
#759 = MECHANICAL_DESIGN_GEOMETRIC_PRESENTATION_REPRESENTATION (  '', ( #2628 ), #2881 ) ;
#760 = ORIENTED_EDGE ( 'NONE', *, *, #3012, .F. ) ;
#761 = CARTESIAN_POINT ( 'NONE',  ( -2.961678390276271777, -4.445000000000001172, 8.193068105155697722 ) ) ;
#762 = CARTESIAN_POINT ( 'NONE',  ( -6.570000000000000284, 3.314999999999999947, 9.919999999999999929 ) ) ;
#763 = CARTESIAN_POINT ( 'NONE',  ( -2.961678390276271777, -4.344999999999999751, 8.193068105155697722 ) ) ;
#764 = COLOUR_RGB ( '',0.1019607843137254888, 0.1019607843137254888, 0.1019607843137254888 ) ;
#765 = SURFACE_STYLE_USAGE ( .BOTH. , #3896 ) ;
#766 = ORIENTED_EDGE ( 'NONE', *, *, #3805, .F. ) ;
#767 = CARTESIAN_POINT ( 'NONE',  ( -2.259999999999999787, -4.445000000000000284, 3.720000000000000195 ) ) ;
#768 = SURFACE_SIDE_STYLE ('',( #7840 ) ) ;
#769 =( LENGTH_UNIT ( ) NAMED_UNIT ( * ) SI_UNIT ( .MILLI., .METRE. ) );
#770 =( NAMED_UNIT ( * ) PLANE_ANGLE_UNIT ( ) SI_UNIT ( $, .RADIAN. ) );
#771 = CARTESIAN_POINT ( 'NONE',  ( -3.320883460685343902, -4.344999999999997975, 8.186956356465344697 ) ) ;
#772 = AXIS2_PLACEMENT_3D ( 'NONE', #4015, #3352, #6583 ) ;
#773 =( NAMED_UNIT ( * ) SI_UNIT ( $, .STERADIAN. ) SOLID_ANGLE_UNIT ( ) );
#774 = SURFACE_STYLE_USAGE ( .BOTH. , #7319 ) ;
#775 = ORIENTED_EDGE ( 'NONE', *, *, #2492, .F. ) ;
#776 = MECHANICAL_DESIGN_GEOMETRIC_PRESENTATION_REPRESENTATION (  '', ( #2931 ), #6857 ) ;
#777 = FACE_OUTER_BOUND ( 'NONE', #8148, .T. ) ;
#778 = CARTESIAN_POINT ( 'NONE',  ( -4.244574987258190824, -4.444999999999999396, 7.365302402842869967 ) ) ;
#779 = DIRECTION ( 'NONE',  ( 0.0000000000000000000, 0.0000000000000000000, 1.000000000000000000 ) ) ;
#780 = EDGE_CURVE ( 'NONE', #3853, #2193, #4290, .T. ) ;
#781 = B_SPLINE_CURVE_WITH_KNOTS ( 'NONE', 1,
 ( #2512, #2553 ),
 .UNSPECIFIED., .F., .F.,
 ( 2, 2 ),
 ( -0.007578528137420000033, -0.007048528137420000811 ),
 .UNSPECIFIED. ) ;
#782 = EDGE_LOOP ( 'NONE', ( #2684, #1200, #2774, #6771, #3782, #2853 ) ) ;
#783 = CARTESIAN_POINT ( 'NONE',  ( 0.1200000000000000094, 1.389999999999999902, 8.959999999999999076 ) ) ;
#784 = STYLED_ITEM ( 'NONE', ( #2798 ), #5510 ) ;
#785 = CARTESIAN_POINT ( 'NONE',  ( -0.3200000000000000067, 1.590000000000000080, 2.130000000000001226 ) ) ;
#786 = CARTESIAN_POINT ( 'NONE',  ( -4.060623455617770716, -4.445000000000000284, 7.983421721490494782 ) ) ;
#787 = EDGE_LOOP ( 'NONE', ( #524, #7909, #2842, #820 ) ) ;
#788 = CARTESIAN_POINT ( 'NONE',  ( -4.802785485970293422, -4.445000000000001172, 7.670889654166589189 ) ) ;
#789 = DIRECTION ( 'NONE',  ( 0.4534971179101687788, 0.0000000000000000000, 0.8912577427698289423 ) ) ;
#790 = EDGE_CURVE ( 'NONE', #325, #1519, #2755, .T. ) ;
#791 = EDGE_CURVE ( 'NONE', #6705, #1680, #7719, .T. ) ;
#792 = ORIENTED_EDGE ( 'NONE', *, *, #3906, .F. ) ;
#793 = CARTESIAN_POINT ( 'NONE',  ( 4.305000000000002380, -2.794999999999999485, 1.201000000000000512 ) ) ;
#794 = DIRECTION ( 'NONE',  ( 0.0000000000000000000, 0.0000000000000000000, -1.000000000000000000 ) ) ;
#795 = AXIS2_PLACEMENT_3D ( 'NONE', #6109, #4068, #3489 ) ;
#797 = ORIENTED_EDGE ( 'NONE', *, *, #1648, .F. ) ;
#796 = MECHANICAL_DESIGN_GEOMETRIC_PRESENTATION_REPRESENTATION (  '', ( #534 ), #2144 ) ;
#798 = CARTESIAN_POINT ( 'NONE',  ( -7.620000000000000107, 1.649999999999999911, 1.629999999999999893 ) ) ;
#799 = COLOUR_RGB ( '',0.1019607843137254888, 0.1019607843137254888, 0.1019607843137254888 ) ;
#800 = CARTESIAN_POINT ( 'NONE',  ( -2.944161798263020824, -4.344999999999998863, 8.306085442244029338 ) ) ;
#801 = ADVANCED_FACE ( 'NONE', ( #2335 ), #4622, .T. ) ;
#802 = DIRECTION ( 'NONE',  ( -0.4682379421519016205, 0.4682379421519008988, 0.7493373466328135946 ) ) ;
#803 = B_SPLINE_CURVE_WITH_KNOTS ( 'NONE', 1,
 ( #6727, #397 ),
 .UNSPECIFIED., .F., .F.,
 ( 2, 2 ),
 ( 0.0000000000000000000, 0.0006400000000000000524 ),
 .UNSPECIFIED. ) ;
#804 = EDGE_LOOP ( 'NONE', ( #4555, #1036, #3447, #2279 ) ) ;
#805 = FILL_AREA_STYLE ('',( #6624 ) ) ;
#806 = PRESENTATION_LAYER_ASSIGNMENT (  '', '', ( #5951 ) ) ;
#807 = LINE ( 'NONE', #6101, #991 ) ;
#808 = CARTESIAN_POINT ( 'NONE',  ( -0.4250000000000008216, -4.495000000000000107, 1.239999999999999325 ) ) ;
#809 = CARTESIAN_POINT ( 'NONE',  ( 3.360000000000000320, 2.089999999999999858, 1.629999999999999893 ) ) ;
#810 = CARTESIAN_POINT ( 'NONE',  ( 0.1325391944272001910, 1.402539194427200098, -1.330000000000000071 ) ) ;
#811 = CARTESIAN_POINT ( 'NONE',  ( 0.8199999999999999512, -0.4500000000000000111, 1.629999999999999893 ) ) ;
#812 = CARTESIAN_POINT ( 'NONE',  ( 4.304999999999999716, 3.645000000000000018, 1.239999999999999991 ) ) ;
#813 = FILL_AREA_STYLE ('',( #7234 ) ) ;
#814 = EDGE_LOOP ( 'NONE', ( #1327, #5504, #7550, #3770 ) ) ;
#815 = CARTESIAN_POINT ( 'NONE',  ( -4.307316029047522754, -4.344999999999998863, 7.917704879834534637 ) ) ;
#816 = DIRECTION ( 'NONE',  ( 1.000000000000000000, 0.0000000000000000000, 0.0000000000000000000 ) ) ;
#817 = FILL_AREA_STYLE ('',( #2046 ) ) ;
#818 = SURFACE_STYLE_FILL_AREA ( #7324 ) ;
#819 = DIRECTION ( 'NONE',  ( 0.0000000000000000000, 0.8480480961564261788, 0.5299192642332045677 ) ) ;
#820 = ORIENTED_EDGE ( 'NONE', *, *, #1404, .T. ) ;
#821 = DIRECTION ( 'NONE',  ( 0.0000000000000000000, -1.000000000000000000, 0.0000000000000000000 ) ) ;
#822 = PLANE ( 'NONE',  #5913 ) ;
#823 = SURFACE_SIDE_STYLE ('',( #5398 ) ) ;
#824 = ORIENTED_EDGE ( 'NONE', *, *, #5386, .F. ) ;
#825 = EDGE_CURVE ( 'NONE', #193, #4524, #6587, .T. ) ;
#826 = CARTESIAN_POINT ( 'NONE',  ( 1.710160000000000124, -0.4500000000000000111, 1.629999999999999893 ) ) ;
#827 = CARTESIAN_POINT ( 'NONE',  ( 2.860000000000000320, -1.590000000000000080, 2.129999999999999893 ) ) ;
#828 = CARTESIAN_POINT ( 'NONE',  ( -4.781012383575069968, -4.445000000000002061, 7.596217601066260094 ) ) ;
#829 = ORIENTED_EDGE ( 'NONE', *, *, #1222, .F. ) ;
#830 = FILL_AREA_STYLE_COLOUR ( '', #654 ) ;
#831 = CARTESIAN_POINT ( 'NONE',  ( -3.175423501816688976, -4.344999999999999751, 8.663663574388893451 ) ) ;
#832 = B_SPLINE_CURVE_WITH_KNOTS ( 'NONE', 3,
 ( #5845, #7743, #4455, #2526, #8, #761, #1319, #5883, #4613, #1397, #4528, #3925, #632, #2602, #84, #1360, #715, #6467, #3891 ),
 .UNSPECIFIED., .F., .F.,
 ( 4, 1, 1, 1, 1, 1, 1, 1, 1, 1, 1, 1, 1, 1, 1, 1, 4 ),
 ( 0.0000000000000000000, 0.06887542542374749943, 0.1353486746991242051, 0.1992893152193421780, 0.2615500803944990627, 0.3229153841538559555, 0.3827719971265304277, 0.4428435721153026194, 0.5026520291025148302, 0.5627488431894923648, 0.6227395817076827322, 0.6826873315148553889, 0.7433292468859995505, 0.8050125141012755003, 0.8680671203592941199, 0.9331105710618369242, 1.000000000000000000 ),
 .UNSPECIFIED. ) ;
#833 =( BOUNDED_SURFACE ( )  B_SPLINE_SURFACE ( 3, 1, ( 
 ( #1427, #4557, #749 ),
 ( #1350, #3293, #5838 ),
 ( #3211, #3881, #4002 ),
 ( #3337, #5276, #2056 ),
 ( #4604, #7084, #5874 ),
 ( #2014, #1388, #7123 ),
 ( #7860, #73, #2636 ) ),
 .UNSPECIFIED., .T., .F., .F. ) 
 B_SPLINE_SURFACE_WITH_KNOTS ( ( 4, 3, 4 ),
 ( 2, 1, 2 ),
 ( 0.0000000000000000000, 0.5000000000000000000, 1.000000000000000000 ),
 ( -0.7500000000000000000, 0.0000000000000000000, 1.000000000000000000 ),
 .UNSPECIFIED. ) 
 GEOMETRIC_REPRESENTATION_ITEM ( )  RATIONAL_B_SPLINE_SURFACE ( (
 ( 1.000000000000000000, 1.000000000000000000, 1.000000000000000000),
 ( 0.3333333333333299842, 0.3333333333333299842, 0.3333333333333299842),
 ( 0.3333333333333299842, 0.3333333333333299842, 0.3333333333333299842),
 ( 1.000000000000000000, 1.000000000000000000, 1.000000000000000000),
 ( 0.3333333333333299842, 0.3333333333333299842, 0.3333333333333299842),
 ( 0.3333333333333299842, 0.3333333333333299842, 0.3333333333333299842),
 ( 1.000000000000000000, 1.000000000000000000, 1.000000000000000000) ) ) 
 REPRESENTATION_ITEM ( '' )  SURFACE ( )  );
#834 = VERTEX_POINT ( 'NONE', #5700 ) ;
#835 = ORIENTED_EDGE ( 'NONE', *, *, #7686, .F. ) ;
#836 = EDGE_CURVE ( 'NONE', #8158, #7818, #1770, .T. ) ;
#837 = EDGE_CURVE ( 'NONE', #4300, #4947, #4489, .T. ) ;
#838 = CARTESIAN_POINT ( 'NONE',  ( -4.305000000000002380, 4.495000000000000107, 0.8499999999999999778 ) ) ;
#839 = FACE_OUTER_BOUND ( 'NONE', #5642, .T. ) ;
#840 = VECTOR ( 'NONE', #3052, 1000.000000000000000 ) ;
#841 = PRESENTATION_STYLE_ASSIGNMENT (( #4572 ) ) ;
#842 = CARTESIAN_POINT ( 'NONE',  ( -2.984846707353120188, -4.344999999999998863, 8.139289456410887524 ) ) ;
#843 = DIRECTION ( 'NONE',  ( 1.000000000000000000, 0.0000000000000000000, 0.0000000000000000000 ) ) ;
#844 = ORIENTED_EDGE ( 'NONE', *, *, #6664, .F. ) ;
#845 =( NAMED_UNIT ( * ) PLANE_ANGLE_UNIT ( ) SI_UNIT ( $, .RADIAN. ) );
#846 = ORIENTED_EDGE ( 'NONE', *, *, #954, .F. ) ;
#847 = PRESENTATION_LAYER_ASSIGNMENT (  '', '', ( #7737 ) ) ;
#848 = EDGE_CURVE ( 'NONE', #4947, #4856, #6006, .T. ) ;
#849 = ADVANCED_FACE ( 'NONE', ( #577 ), #2378, .T. ) ;
#850 = DIRECTION ( 'NONE',  ( -0.0000000000000000000, 0.0000000000000000000, -1.000000000000000000 ) ) ;
#851 = LINE ( 'NONE', #6629, #8179 ) ;
#852 =( GEOMETRIC_REPRESENTATION_CONTEXT ( 3 ) GLOBAL_UNCERTAINTY_ASSIGNED_CONTEXT ( ( #4298 ) ) GLOBAL_UNIT_ASSIGNED_CONTEXT ( ( #6115, #4469, #5096 ) ) REPRESENTATION_CONTEXT ( 'NONE', 'WORKASPACE' ) );
#853 = CARTESIAN_POINT ( 'NONE',  ( 2.220000000000000195, -1.590000000000000080, 8.460000000000000853 ) ) ;
#854 = VERTEX_POINT ( 'NONE', #5263 ) ;
#855 = SURFACE_STYLE_FILL_AREA ( #8003 ) ;
#856 = VERTEX_POINT ( 'NONE', #19 ) ;
#857 = EDGE_CURVE ( 'NONE', #106, #498, #693, .T. ) ;
#858 = AXIS2_PLACEMENT_3D ( 'NONE', #1645, #4976, #6253 ) ;
#859 = CARTESIAN_POINT ( 'NONE',  ( -4.370525575744214741, -4.344999999999997975, 7.945091259295204544 ) ) ;
#860 =( NAMED_UNIT ( * ) PLANE_ANGLE_UNIT ( ) SI_UNIT ( $, .RADIAN. ) );
#861 = SURFACE_SIDE_STYLE ('',( #4070 ) ) ;
#862 = CARTESIAN_POINT ( 'NONE',  ( -0.1325391944272001910, 0.0000000000000000000, -1.330000000000000071 ) ) ;
#863 = EDGE_LOOP ( 'NONE', ( #4832, #1622, #7427, #5923, #2312, #8086 ) ) ;
#864 = CARTESIAN_POINT ( 'NONE',  ( -1.710160000000000124, 0.4500000000000000111, 1.629999999999999893 ) ) ;
#865 = SURFACE_STYLE_FILL_AREA ( #5395 ) ;
#866 = CARTESIAN_POINT ( 'NONE',  ( -4.373961129811255510, -4.344999999999999751, 8.726837092042458721 ) ) ;
#867 = CARTESIAN_POINT ( 'NONE',  ( -4.572186623935188265, -4.445000000000001172, 7.761415333896090729 ) ) ;
#868 = ORIENTED_EDGE ( 'NONE', *, *, #780, .T. ) ;
#869 = CARTESIAN_POINT ( 'NONE',  ( -4.809288970069941271, -4.445000000000000284, 7.736395502908439248 ) ) ;
#870 = CARTESIAN_POINT ( 'NONE',  ( -2.419999999999999929, -1.389999999999999902, 8.800000000000000711 ) ) ;
#871 = STYLED_ITEM ( 'NONE', ( #6383 ), #2686 ) ;
#872 = ORIENTED_EDGE ( 'NONE', *, *, #2448, .F. ) ;
#873 = CARTESIAN_POINT ( 'NONE',  ( -3.360000000000000320, 0.4401599999999999957, 1.629999999999999893 ) ) ;
#874 = CARTESIAN_POINT ( 'NONE',  ( -3.360263463849481269, -4.445000000000000284, 8.690875909182340209 ) ) ;
#875 = B_SPLINE_CURVE_WITH_KNOTS ( 'NONE', 1,
 ( #1374, #8208 ),
 .UNSPECIFIED., .F., .F.,
 ( 2, 2 ),
 ( 0.0000000000000000000, 0.1316872427983538929 ),
 .UNSPECIFIED. ) ;
#876 = ORIENTED_EDGE ( 'NONE', *, *, #8189, .F. ) ;
#877 = EDGE_LOOP ( 'NONE', ( #625, #2496, #5150, #8025 ) ) ;
#878 = CARTESIAN_POINT ( 'NONE',  ( -4.305000000000002380, 2.794999999999999485, 1.669000000000000483 ) ) ;
#879 = CARTESIAN_POINT ( 'NONE',  ( -4.799847209308350848, -4.445000000000001172, 7.843069298687995961 ) ) ;
#880 = B_SPLINE_SURFACE_WITH_KNOTS ( 'NONE', 3, 1, ( 
 ( #8168, #7616 ),
 ( #7119, #516 ),
 ( #1832, #663 ),
 ( #6494, #745 ),
 ( #7081, #8255 ),
 ( #1347, #1304 ),
 ( #3250, #6563 ),
 ( #3877, #7577 ),
 ( #6456, #3914 ),
 ( #5836, #2010 ),
 ( #30, #70 ),
 ( #786, #2588 ),
 ( #4553, #5191 ),
 ( #7769, #152 ),
 ( #7857, #1424 ),
 ( #1974, #110 ),
 ( #3376, #3334 ),
 ( #3998, #1383 ),
 ( #5958, #7817 ) ),
 .UNSPECIFIED., .F., .F., .F.,
 ( 4, 1, 1, 1, 1, 1, 1, 1, 1, 1, 1, 1, 1, 1, 1, 1, 4 ),
 ( 2, 2 ),
 ( 0.0000000000000000000, 0.06332879336011464078, 0.1247364441626584164, 0.1849157484558912323, 0.2443004085890928545, 0.3038255705821002461, 0.3643529976730662256, 0.4260731436723977916, 0.4897209088385844900, 0.5537559315351887612, 0.6164580629276263934, 0.6783188623543010554, 0.7403009402150841911, 0.8026562643773392791, 0.8667321228001713118, 0.9321567378801842718, 1.000000000000000000 ),
 ( 0.0000000000000000000, 1.000000000000000000 ),
 .UNSPECIFIED. ) ;
#881 = CARTESIAN_POINT ( 'NONE',  ( 2.220000000000000195, -0.9499999999999999556, 1.169999999999999929 ) ) ;
#882 = FACE_OUTER_BOUND ( 'NONE', #2509, .T. ) ;
#883 = EDGE_CURVE ( 'NONE', #8250, #7848, #339, .T. ) ;
#884 =( BOUNDED_CURVE ( )  B_SPLINE_CURVE ( 3, ( #6387, #7042, #3247, #5752 ),
 .UNSPECIFIED., .F., .F. ) 
 B_SPLINE_CURVE_WITH_KNOTS ( ( 4, 4 ),
 ( -11.42516796076939656, -8.283575307179591007 ),
 .UNSPECIFIED. ) 
 CURVE ( )  GEOMETRIC_REPRESENTATION_ITEM ( )  RATIONAL_B_SPLINE_CURVE ( ( 0.9999999999999992228, 0.3333333333333299842, 0.3333333333333307058, 1.000000000000000000 ) ) 
 REPRESENTATION_ITEM ( '' )  );
#885 = VECTOR ( 'NONE', #726, 1000.000000000000000 ) ;
#886 = ORIENTED_EDGE ( 'NONE', *, *, #5199, .F. ) ;
#887 = DIRECTION ( 'NONE',  ( -1.000000000000000000, 0.0000000000000000000, 0.0000000000000000000 ) ) ;
#888 = EDGE_LOOP ( 'NONE', ( #5926, #1134, #1530, #2442, #4762, #5724 ) ) ;
#889 = PLANE ( 'NONE',  #3429 ) ;
#890 = B_SPLINE_CURVE_WITH_KNOTS ( 'NONE', 1,
 ( #700, #5030 ),
 .UNSPECIFIED., .F., .F.,
 ( 2, 2 ),
 ( -1.000000000000000000, 0.0000000000000000000 ),
 .UNSPECIFIED. ) ;
#891 = CARTESIAN_POINT ( 'NONE',  ( 0.8199999999999999512, 2.089999999999999858, 1.629999999999999893 ) ) ;
#892 = SURFACE_SIDE_STYLE ('',( #1495 ) ) ;
#893 = CARTESIAN_POINT ( 'NONE',  ( -0.8199999999999999512, 2.089999999999999858, 1.629999999999999893 ) ) ;
#894 = ADVANCED_FACE ( 'NONE', ( #652 ), #2164, .T. ) ;
#895 = EDGE_CURVE ( 'NONE', #3042, #5665, #3983, .T. ) ;
#896 = CARTESIAN_POINT ( 'NONE',  ( 0.3200000000000000067, 0.9461600000000000010, 8.460000000000000853 ) ) ;
#898 = ORIENTED_EDGE ( 'NONE', *, *, #5241, .F. ) ;
#897 = AXIS2_PLACEMENT_3D ( 'NONE', #6801, #378, #2951 ) ;
#899 = FACE_OUTER_BOUND ( 'NONE', #1003, .T. ) ;
#900 = VERTEX_POINT ( 'NONE', #5222 ) ;
#901 = CARTESIAN_POINT ( 'NONE',  ( -10.16000000000000014, -4.445000000000000284, 10.51999999999999957 ) ) ;
#902 = CARTESIAN_POINT ( 'NONE',  ( 0.1034804040882556647, 1.166519595911744256, -1.376503785551577819 ) ) ;
#903 = DIRECTION ( 'NONE',  ( 0.8912780307610868036, 0.0000000000000000000, -0.4534572437205510731 ) ) ;
#904 = EDGE_CURVE ( 'NONE', #5279, #6537, #1273, .T. ) ;
#905 = ORIENTED_EDGE ( 'NONE', *, *, #8140, .T. ) ;
#906 =( NAMED_UNIT ( * ) SI_UNIT ( $, .STERADIAN. ) SOLID_ANGLE_UNIT ( ) );
#907 = DIRECTION ( 'NONE',  ( 0.0000000000000000000, 0.0000000000000000000, -1.000000000000000000 ) ) ;
#908 = B_SPLINE_CURVE_WITH_KNOTS ( 'NONE', 1,
 ( #8329, #3254 ),
 .UNSPECIFIED., .F., .F.,
 ( 2, 2 ),
 ( 0.0000000000000000000, 0.0006400000000000000524 ),
 .UNSPECIFIED. ) ;
#909 = FILL_AREA_STYLE ('',( #5313 ) ) ;
#910 = VECTOR ( 'NONE', #5461, 1000.000000000000000 ) ;
#911 = ORIENTED_EDGE ( 'NONE', *, *, #2377, .T. ) ;
#912 = CARTESIAN_POINT ( 'NONE',  ( -2.860000000000000320, -0.9499999999999999556, 8.300000000000000711 ) ) ;
#913 = SURFACE_SIDE_STYLE ('',( #6123 ) ) ;
#914 = ORIENTED_EDGE ( 'NONE', *, *, #4332, .T. ) ;
#915 = CARTESIAN_POINT ( 'NONE',  ( 2.419999999999999929, -1.389999999999999902, 8.959999999999999076 ) ) ;
#916 = CARTESIAN_POINT ( 'NONE',  ( -3.028429738392478310, -4.445000000000000284, 8.567998273883681293 ) ) ;
#917 = ORIENTED_EDGE ( 'NONE', *, *, #6770, .F. ) ;
#918 = VERTEX_POINT ( 'NONE', #1996 ) ;
#919 = COLOUR_RGB ( '',0.1019607843137254888, 0.1019607843137254888, 0.1019607843137254888 ) ;
#920 =( NAMED_UNIT ( * ) SI_UNIT ( $, .STERADIAN. ) SOLID_ANGLE_UNIT ( ) );
#921 = CARTESIAN_POINT ( 'NONE',  ( -2.860000000000000320, 0.9499999999999999556, 2.129999999999999893 ) ) ;
#922 = SURFACE_STYLE_USAGE ( .BOTH. , #7474 ) ;
#923 = SURFACE_STYLE_FILL_AREA ( #246 ) ;
#924 = VERTEX_POINT ( 'NONE', #6516 ) ;
#925 = CARTESIAN_POINT ( 'NONE',  ( -9.109999999999999432, 3.314999999999999947, 3.720000000000000195 ) ) ;
#926 = VECTOR ( 'NONE', #5860, 1000.000000000000114 ) ;
#927 = B_SPLINE_CURVE_WITH_KNOTS ( 'NONE', 1,
 ( #1957, #3149 ),
 .UNSPECIFIED., .F., .F.,
 ( 2, 2 ),
 ( -1.000000000000000000, 0.0000000000000000000 ),
 .UNSPECIFIED. ) ;
#928 = SURFACE_STYLE_USAGE ( .BOTH. , #1020 ) ;
#929 = ORIENTED_EDGE ( 'NONE', *, *, #6509, .T. ) ;
#930 = DIRECTION ( 'NONE',  ( -0.0000000000000000000, 1.000000000000000000, -0.0000000000000000000 ) ) ;
#931 = ORIENTED_EDGE ( 'NONE', *, *, #7296, .F. ) ;
#932 = SURFACE_STYLE_FILL_AREA ( #6585 ) ;
#933 = EDGE_CURVE ( 'NONE', #4136, #2349, #1874, .T. ) ;
#934 = CARTESIAN_POINT ( 'NONE',  ( 0.3200000000000000067, 0.9499999999999999556, 2.129999999999999893 ) ) ;
#935 = CARTESIAN_POINT ( 'NONE',  ( 0.3200000000000000067, 1.590000000000000302, 3.720000000000000639 ) ) ;
#936 = PRESENTATION_STYLE_ASSIGNMENT (( #5426 ) ) ;
#937 = VECTOR ( 'NONE', #7655, 1000.000000000000000 ) ;
#938 = ORIENTED_EDGE ( 'NONE', *, *, #7012, .F. ) ;
#939 = CARTESIAN_POINT ( 'NONE',  ( -5.154999999999997584, -4.495000000000000107, 1.201000000000000512 ) ) ;
#940 = VERTEX_POINT ( 'NONE', #7147 ) ;
#941 = EDGE_CURVE ( 'NONE', #5711, #4527, #644, .T. ) ;
#942 = EDGE_CURVE ( 'NONE', #8210, #7586, #2549, .T. ) ;
#943 = DIRECTION ( 'NONE',  ( 1.000000000000000000, 0.0000000000000000000, 0.0000000000000000000 ) ) ;
#944 = SURFACE_STYLE_FILL_AREA ( #4158 ) ;
#945 = VECTOR ( 'NONE', #6415, 1000.000000000000000 ) ;
#946 = SURFACE_SIDE_STYLE ('',( #818 ) ) ;
#947 = CARTESIAN_POINT ( 'NONE',  ( -2.666933639016676238, -4.344999999999999751, 9.111325120834825597 ) ) ;
#948 = ORIENTED_EDGE ( 'NONE', *, *, #1648, .T. ) ;
#949 = CARTESIAN_POINT ( 'NONE',  ( 4.819999999999999396, 4.445000000000000284, 1.629999999999999893 ) ) ;
#950 = SURFACE_STYLE_USAGE ( .BOTH. , #2929 ) ;
#951 = CARTESIAN_POINT ( 'NONE',  ( -5.060000000000000497, -4.344999999999999751, 9.259999999999999787 ) ) ;
#952 = CARTESIAN_POINT ( 'NONE',  ( -4.417155420872342475, -4.445000000000001172, 7.946132876483413376 ) ) ;
#953 = ORIENTED_EDGE ( 'NONE', *, *, #8140, .F. ) ;
#954 = EDGE_CURVE ( 'NONE', #2190, #6878, #1168, .T. ) ;
#955 = CARTESIAN_POINT ( 'NONE',  ( -2.220000000000000195, -0.9499999999999999556, 2.129999999999999893 ) ) ;
#956 = FILL_AREA_STYLE_COLOUR ( '', #1343 ) ;
#957 = CARTESIAN_POINT ( 'NONE',  ( -5.154999999999998472, 4.495000000000000107, 1.630000000000000338 ) ) ;
#958 = CARTESIAN_POINT ( 'NONE',  ( 5.155000000000000249, -3.645000000000000018, 1.201000000000000068 ) ) ;
#959 = VERTEX_POINT ( 'NONE', #484 ) ;
#960 = DIRECTION ( 'NONE',  ( 0.7071067811865480168, -9.460211960641664774E-17, -0.7071067811865470176 ) ) ;
#961 = CARTESIAN_POINT ( 'NONE',  ( -2.998519472824753063, -4.344999999999997087, 8.527054377416307673 ) ) ;
#962 = EDGE_LOOP ( 'NONE', ( #259, #2770, #3808, #2956 ) ) ;
#963 = ORIENTED_EDGE ( 'NONE', *, *, #1595, .F. ) ;
#964 = B_SPLINE_CURVE_WITH_KNOTS ( 'NONE', 1,
 ( #8322, #5109 ),
 .UNSPECIFIED., .F., .F.,
 ( 2, 2 ),
 ( 0.3497942386831276451, 1.000000000000000000 ),
 .UNSPECIFIED. ) ;
#965 = EDGE_CURVE ( 'NONE', #2997, #3165, #6210, .T. ) ;
#966 = CARTESIAN_POINT ( 'NONE',  ( -3.196632843240733379, -4.345000000000000639, 8.383972466898629960 ) ) ;
#967 = FILL_AREA_STYLE ('',( #1012 ) ) ;
#968 = CARTESIAN_POINT ( 'NONE',  ( -0.4249999999999999889, -3.645000000000000018, 1.239999999999999991 ) ) ;
#969 = DIRECTION ( 'NONE',  ( 1.000000000000000000, 0.0000000000000000000, 0.0000000000000000000 ) ) ;
#970 = CARTESIAN_POINT ( 'NONE',  ( -0.4249999999999999889, -3.645000000000000018, 1.239999999999999991 ) ) ;
#971 = ORIENTED_EDGE ( 'NONE', *, *, #7361, .F. ) ;
#972 =( NAMED_UNIT ( * ) SI_UNIT ( $, .STERADIAN. ) SOLID_ANGLE_UNIT ( ) );
#973 = ORIENTED_EDGE ( 'NONE', *, *, #5559, .T. ) ;
#974 = CARTESIAN_POINT ( 'NONE',  ( -5.154999999999996696, -2.794999999999999485, 1.239999999999999547 ) ) ;
#975 = ORIENTED_EDGE ( 'NONE', *, *, #1006, .T. ) ;
#976 =( NAMED_UNIT ( * ) PLANE_ANGLE_UNIT ( ) SI_UNIT ( $, .RADIAN. ) );
#977 = PRESENTATION_LAYER_ASSIGNMENT (  '', '', ( #6255 ) ) ;
#978 = B_SPLINE_CURVE_WITH_KNOTS ( 'NONE', 1,
 ( #4250, #8186 ),
 .UNSPECIFIED., .F., .F.,
 ( 2, 2 ),
 ( 0.0006400000000000000524, 0.001280000000000000105 ),
 .UNSPECIFIED. ) ;
#979 = CARTESIAN_POINT ( 'NONE',  ( -3.028429738392478310, -4.344999999999999751, 8.567998273883681293 ) ) ;
#980 = SURFACE_SIDE_STYLE ('',( #6765 ) ) ;
#981 = DIRECTION ( 'NONE',  ( 0.0000000000000000000, 0.0000000000000000000, -1.000000000000000000 ) ) ;
#982 = SURFACE_SIDE_STYLE ('',( #8048 ) ) ;
#983 = ADVANCED_FACE ( 'NONE', ( #4837 ), #1724, .T. ) ;
#984 = VERTEX_POINT ( 'NONE', #6711 ) ;
#985 = ADVANCED_BREP_SHAPE_REPRESENTATION ( 'E2A9C91B-D1CB-4F0F-9E97-255E98071327', ( #4091, #2278 ), #121 ) ;
#986 = CARTESIAN_POINT ( 'NONE',  ( -4.738884549141931579, -4.444999999999999396, 8.006456378491130010 ) ) ;
#987 = UNCERTAINTY_MEASURE_WITH_UNIT (LENGTH_MEASURE( 1.000000000000000082E-05 ), #7881, 'distance_accuracy_value', 'NONE');
#988 = ORIENTED_EDGE ( 'NONE', *, *, #6061, .F. ) ;
#989 = DIRECTION ( 'NONE',  ( -0.0000000000000000000, 0.0000000000000000000, -1.000000000000000000 ) ) ;
#990 = CARTESIAN_POINT ( 'NONE',  ( 4.304999999999999716, 3.645000000000000018, 1.629999999999999893 ) ) ;
#991 = VECTOR ( 'NONE', #2911, 1000.000000000000227 ) ;
#992 =( LENGTH_UNIT ( ) NAMED_UNIT ( * ) SI_UNIT ( .MILLI., .METRE. ) );
#993 = CARTESIAN_POINT ( 'NONE',  ( -2.944352490173183234, -4.445000000000001172, 8.346873397581479281 ) ) ;
#994 = EDGE_LOOP ( 'NONE', ( #1352, #5323, #7422, #6248 ) ) ;
#995 = EDGE_CURVE ( 'NONE', #8191, #2473, #2651, .T. ) ;
#996 = DIRECTION ( 'NONE',  ( 0.0000000000000000000, -1.000000000000000000, 0.0000000000000000000 ) ) ;
#997 = PRESENTATION_LAYER_ASSIGNMENT (  '', '', ( #1945 ) ) ;
#998 = VERTEX_POINT ( 'NONE', #3439 ) ;
#999 = CARTESIAN_POINT ( 'NONE',  ( -2.860000000000000320, -0.9499999999999999556, 2.130000000000001226 ) ) ;
#1000 = CARTESIAN_POINT ( 'NONE',  ( -4.172405435094703741, -4.444999999999998508, 8.100082308186578928 ) ) ;
#1001 = CARTESIAN_POINT ( 'NONE',  ( -4.001936512512857647, -4.344999999999998863, 7.833337968355034597 ) ) ;
#1002 = PRESENTATION_STYLE_ASSIGNMENT (( #5535 ) ) ;
#1003 = EDGE_LOOP ( 'NONE', ( #4565, #4238, #2717, #3755, #5946 ) ) ;
#1004 = FILL_AREA_STYLE_COLOUR ( '', #243 ) ;
#1005 = EDGE_CURVE ( 'NONE', #6507, #1089, #2154, .T. ) ;
#1006 = EDGE_CURVE ( 'NONE', #3042, #4647, #807, .T. ) ;
#1007 = CARTESIAN_POINT ( 'NONE',  ( -4.393498873773876490, -4.344999999999998863, 7.574195483635793202 ) ) ;
#1008 = CARTESIAN_POINT ( 'NONE',  ( -3.275121961528034475, -4.444999999999999396, 8.683610805712113745 ) ) ;
#1009 = VERTEX_POINT ( 'NONE', #3400 ) ;
#1010 = ORIENTED_EDGE ( 'NONE', *, *, #7886, .T. ) ;
#1011 = CARTESIAN_POINT ( 'NONE',  ( -0.3200000000000000067, 0.9499999999999999556, 8.460000000000000853 ) ) ;
#1012 = FILL_AREA_STYLE_COLOUR ( '', #4732 ) ;
#1013 = DIRECTION ( 'NONE',  ( -0.0000000000000000000, 0.0000000000000000000, -1.000000000000000000 ) ) ;
#1014 = AXIS2_PLACEMENT_3D ( 'NONE', #4637, #4115, #1504 ) ;
#1015 = FACE_OUTER_BOUND ( 'NONE', #550, .T. ) ;
#1016 = DIRECTION ( 'NONE',  ( -1.000000000000000000, 0.0000000000000000000, 0.0000000000000000000 ) ) ;
#1017 = EDGE_LOOP ( 'NONE', ( #1833, #6786, #6035, #5597 ) ) ;
#1018 = CARTESIAN_POINT ( 'NONE',  ( -4.793386867832801101, -4.345000000000000639, 7.869355552894962358 ) ) ;
#1019 = ADVANCED_FACE ( 'NONE', ( #6060 ), #252, .T. ) ;
#1020 = SURFACE_SIDE_STYLE ('',( #4775 ) ) ;
#1021 = VERTEX_POINT ( 'NONE', #7960 ) ;
#1022 = STYLED_ITEM ( 'NONE', ( #841 ), #3471 ) ;
#1023 = CARTESIAN_POINT ( 'NONE',  ( -0.1200000000000000094, -1.389999999999999902, 8.959999999999999076 ) ) ;
#1024 = COLOUR_RGB ( '',0.1019607843137254888, 0.1019607843137254888, 0.1019607843137254888 ) ;
#1025 = ORIENTED_EDGE ( 'NONE', *, *, #7665, .T. ) ;
#1026 = FILL_AREA_STYLE_COLOUR ( '', #5603 ) ;
#1027 = B_SPLINE_CURVE_WITH_KNOTS ( 'NONE', 1,
 ( #2397, #286 ),
 .UNSPECIFIED., .F., .F.,
 ( 2, 2 ),
 ( 0.0008628193996200000894, 0.001437275664269999911 ),
 .UNSPECIFIED. ) ;
#1028 = CARTESIAN_POINT ( 'NONE',  ( 0.4249999999999999334, 2.794999999999999485, 1.201000000000000512 ) ) ;
#1029 = CARTESIAN_POINT ( 'NONE',  ( -2.947144760307581990, -4.344999999999999751, 8.375890312975075247 ) ) ;
#1030 = AXIS2_PLACEMENT_3D ( 'NONE', #2009, #3161, #7765 ) ;
#1031 = PRESENTATION_LAYER_ASSIGNMENT (  '', '', ( #2102 ) ) ;
#1032 = DIRECTION ( 'NONE',  ( -0.0000000000000000000, 1.000000000000000000, 0.0000000000000000000 ) ) ;
#1033 =( NAMED_UNIT ( * ) SI_UNIT ( $, .STERADIAN. ) SOLID_ANGLE_UNIT ( ) );
#1034 = FACE_BOUND ( 'NONE', #7371, .T. ) ;
#1035 = DIRECTION ( 'NONE',  ( -1.000000000000000000, 0.0000000000000000000, 0.0000000000000000000 ) ) ;
#1036 = ORIENTED_EDGE ( 'NONE', *, *, #5151, .F. ) ;
#1037 = VECTOR ( 'NONE', #7898, 1000.000000000000000 ) ;
#1038 = MECHANICAL_DESIGN_GEOMETRIC_PRESENTATION_REPRESENTATION (  '', ( #3036 ), #6827 ) ;
#1039 = CARTESIAN_POINT ( 'NONE',  ( -2.860000000000000320, -0.9499999999999999556, 2.130000000000001226 ) ) ;
#1040 =( NAMED_UNIT ( * ) SI_UNIT ( $, .STERADIAN. ) SOLID_ANGLE_UNIT ( ) );
#1041 = CARTESIAN_POINT ( 'NONE',  ( -2.951255572042641884, -4.445000000000001172, 8.403897553890740113 ) ) ;
#1042 = ORIENTED_EDGE ( 'NONE', *, *, #4042, .F. ) ;
#1043 = PLANE ( 'NONE',  #4378 ) ;
#1044 = B_SPLINE_CURVE_WITH_KNOTS ( 'NONE', 1,
 ( #5171, #4581 ),
 .UNSPECIFIED., .F., .F.,
 ( 2, 2 ),
 ( 0.0000000000000000000, 1.000000000000000000 ),
 .UNSPECIFIED. ) ;
#1045 = DIRECTION ( 'NONE',  ( 0.0000000000000000000, -1.000000000000000000, 0.0000000000000000000 ) ) ;
#1046 = EDGE_LOOP ( 'NONE', ( #7490, #8303, #664, #6348 ) ) ;
#1047 =( GEOMETRIC_REPRESENTATION_CONTEXT ( 3 ) GLOBAL_UNCERTAINTY_ASSIGNED_CONTEXT ( ( #2656 ) ) GLOBAL_UNIT_ASSIGNED_CONTEXT ( ( #6414, #5141, #1924 ) ) REPRESENTATION_CONTEXT ( 'NONE', 'WORKASPACE' ) );
#1048 = CARTESIAN_POINT ( 'NONE',  ( -7.169999999999999929, 3.915000000000000036, 10.51999999999999957 ) ) ;
#1049 = LINE ( 'NONE', #5054, #554 ) ;
#1050 = ADVANCED_FACE ( 'NONE', ( #2159 ), #889, .T. ) ;
#1051 = CARTESIAN_POINT ( 'NONE',  ( -4.353916738195831471, -4.344999999999997975, 8.166094309432594400 ) ) ;
#1052 = VERTEX_POINT ( 'NONE', #7354 ) ;
#1053 = CARTESIAN_POINT ( 'NONE',  ( 4.305000000000002380, -4.495000000000000107, 1.669000000000000483 ) ) ;
#1054 =( GEOMETRIC_REPRESENTATION_CONTEXT ( 3 ) GLOBAL_UNCERTAINTY_ASSIGNED_CONTEXT ( ( #1329 ) ) GLOBAL_UNIT_ASSIGNED_CONTEXT ( ( #3094, #5870, #4646 ) ) REPRESENTATION_CONTEXT ( 'NONE', 'WORKASPACE' ) );
#1055 = CARTESIAN_POINT ( 'NONE',  ( -4.244633132282688237, -4.444999999999998508, 7.687108813420996611 ) ) ;
#1056 = CARTESIAN_POINT ( 'NONE',  ( 4.304999999999999716, -3.645000000000000018, 1.629999999999999893 ) ) ;
#1057 = ORIENTED_EDGE ( 'NONE', *, *, #4006, .F. ) ;
#1058 = VERTEX_POINT ( 'NONE', #3519 ) ;
#1059 = CARTESIAN_POINT ( 'NONE',  ( -4.715140766824594820, -4.344999999999997975, 8.055939812620284357 ) ) ;
#1060 = EDGE_CURVE ( 'NONE', #6028, #2815, #6793, .T. ) ;
#1061 = CARTESIAN_POINT ( 'NONE',  ( -0.4249999999999999889, 3.645000000000000018, 0.8499999999999999778 ) ) ;
#1062 = EDGE_CURVE ( 'NONE', #7533, #5197, #1452, .T. ) ;
#1063 = MECHANICAL_DESIGN_GEOMETRIC_PRESENTATION_REPRESENTATION (  '', ( #3487 ), #8084 ) ;
#1064 = CARTESIAN_POINT ( 'NONE',  ( 2.220000000000000195, 1.590000000000000302, 1.169999999999999929 ) ) ;
#1065 = CARTESIAN_POINT ( 'NONE',  ( -2.860000000000000320, -0.9499999999999999556, 8.300000000000000711 ) ) ;
#1066 = ORIENTED_EDGE ( 'NONE', *, *, #2572, .T. ) ;
#1067 = CARTESIAN_POINT ( 'NONE',  ( 4.987909360668997927, 4.834533315349336391, 1.630000000000000115 ) ) ;
#1069 = VERTEX_POINT ( 'NONE', #1491 ) ;
#1068 = VECTOR ( 'NONE', #3, 1000.000000000000000 ) ;
#1070 = CARTESIAN_POINT ( 'NONE',  ( -3.411984467150999123, -4.445000000000000284, 8.455469570674935653 ) ) ;
#1071 = EDGE_LOOP ( 'NONE', ( #775, #2969, #4574, #3171 ) ) ;
#1072 = CARTESIAN_POINT ( 'NONE',  ( 6.570000000000000284, -1.649999999999999911, 8.030000000000001137 ) ) ;
#1073 = EDGE_CURVE ( 'NONE', #4855, #3123, #6906, .T. ) ;
#1074 = CARTESIAN_POINT ( 'NONE',  ( 0.4249999999999999334, 4.495000000000000107, 1.669000000000000483 ) ) ;
#1075 =( GEOMETRIC_REPRESENTATION_CONTEXT ( 3 ) GLOBAL_UNCERTAINTY_ASSIGNED_CONTEXT ( ( #5725 ) ) GLOBAL_UNIT_ASSIGNED_CONTEXT ( ( #7366, #4790, #2090 ) ) REPRESENTATION_CONTEXT ( 'NONE', 'WORKASPACE' ) );
#1076 = CARTESIAN_POINT ( 'NONE',  ( 2.860000000000000320, 1.590000000000000080, 8.460000000000000853 ) ) ;
#1077 = FACE_OUTER_BOUND ( 'NONE', #5025, .T. ) ;
#1078 = CARTESIAN_POINT ( 'NONE',  ( 0.3200000000000000067, -0.9499999999999999556, 1.969999999999999973 ) ) ;
#1079 = LINE ( 'NONE', #566, #3688 ) ;
#1080 = ORIENTED_EDGE ( 'NONE', *, *, #1474, .F. ) ;
#1081 = B_SPLINE_CURVE_WITH_KNOTS ( 'NONE', 1,
 ( #7405, #1803 ),
 .UNSPECIFIED., .F., .F.,
 ( 2, 2 ),
 ( 0.0005916368650299999804, 0.001166093129679999802 ),
 .UNSPECIFIED. ) ;
#1082 = CARTESIAN_POINT ( 'NONE',  ( -4.762256190859175398, -4.444999999999999396, 7.954264160229388203 ) ) ;
#1083 = ORIENTED_EDGE ( 'NONE', *, *, #6463, .F. ) ;
#1084 = AXIS2_PLACEMENT_3D ( 'NONE', #7143, #1992, #5894 ) ;
#1085 = FILL_AREA_STYLE_COLOUR ( '', #2095 ) ;
#1086 = CARTESIAN_POINT ( 'NONE',  ( 7.620000000000000107, -4.445000000000000284, 1.629999999999999893 ) ) ;
#1087 = FILL_AREA_STYLE ('',( #6153 ) ) ;
#1088 = CARTESIAN_POINT ( 'NONE',  ( -3.360000000000000320, -0.4500000000000000111, 1.629999999999999893 ) ) ;
#1089 = VERTEX_POINT ( 'NONE', #6626 ) ;
#1090 =( NAMED_UNIT ( * ) PLANE_ANGLE_UNIT ( ) SI_UNIT ( $, .RADIAN. ) );
#1091 = LINE ( 'NONE', #5529, #2647 ) ;
#1092 = ORIENTED_EDGE ( 'NONE', *, *, #2296, .F. ) ;
#1093 = MECHANICAL_DESIGN_GEOMETRIC_PRESENTATION_REPRESENTATION (  '', ( #3097 ), #1617 ) ;
#1094 = DIRECTION ( 'NONE',  ( 0.0000000000000000000, 0.0000000000000000000, -1.000000000000000000 ) ) ;
#1095 = CARTESIAN_POINT ( 'NONE',  ( 2.860000000000000320, 0.9499999999999999556, 2.129999999999999893 ) ) ;
#1096 = CARTESIAN_POINT ( 'NONE',  ( 4.304999999999999716, -3.645000000000000018, 1.629999999999999893 ) ) ;
#1097 = B_SPLINE_CURVE_WITH_KNOTS ( 'NONE', 1,
 ( #7603, #6963 ),
 .UNSPECIFIED., .F., .F.,
 ( 2, 2 ),
 ( 0.001920000000000000049, 0.002560000000000000209 ),
 .UNSPECIFIED. ) ;
#1098 = CARTESIAN_POINT ( 'NONE',  ( 5.154999999999997584, -4.495000000000000107, 1.669000000000000483 ) ) ;
#1099 = ORIENTED_EDGE ( 'NONE', *, *, #3492, .T. ) ;
#1100 = FACE_OUTER_BOUND ( 'NONE', #5184, .T. ) ;
#1101 = FILL_AREA_STYLE ('',( #5287 ) ) ;
#1102 = DIRECTION ( 'NONE',  ( 0.0000000000000000000, 0.0000000000000000000, -1.000000000000000000 ) ) ;
#1103 = ADVANCED_FACE ( 'NONE', ( #7225 ), #1442, .T. ) ;
#1104 = ORIENTED_EDGE ( 'NONE', *, *, #2844, .T. ) ;
#1105 = CARTESIAN_POINT ( 'NONE',  ( 2.660000000000000142, 1.149999999999999911, 8.959999999999999076 ) ) ;
#1106 = CARTESIAN_POINT ( 'NONE',  ( -0.4249999999999999334, 2.794999999999999485, 1.201000000000000512 ) ) ;
#1107 = DIRECTION ( 'NONE',  ( 0.0000000000000000000, -1.000000000000000000, 0.0000000000000000000 ) ) ;
#1108 = ORIENTED_EDGE ( 'NONE', *, *, #5727, .T. ) ;
#1109 = CARTESIAN_POINT ( 'NONE',  ( -4.525109678674971825, -4.345000000000001528, 7.894201633013905095 ) ) ;
#1110 = FILL_AREA_STYLE_COLOUR ( '', #1189 ) ;
#1111 = EDGE_CURVE ( 'NONE', #2910, #5475, #1115, .T. ) ;
#1112 = ORIENTED_EDGE ( 'NONE', *, *, #181, .T. ) ;
#1113 = SURFACE_STYLE_USAGE ( .BOTH. , #6893 ) ;
#1114 = ORIENTED_EDGE ( 'NONE', *, *, #7353, .T. ) ;
#1115 = LINE ( 'NONE', #2405, #3433 ) ;
#1116 = CARTESIAN_POINT ( 'NONE',  ( -2.860000000000000320, 1.590000000000000080, 2.130000000000000782 ) ) ;
#1117 = CARTESIAN_POINT ( 'NONE',  ( -3.103584980835403240, -4.344999999999998863, 8.631606660402841413 ) ) ;
#1118 = B_SPLINE_CURVE_WITH_KNOTS ( 'NONE', 1,
 ( #727, #3355 ),
 .UNSPECIFIED., .F., .F.,
 ( 2, 2 ),
 ( -0.0003516368650300000015, 0.0002228193996200000370 ),
 .UNSPECIFIED. ) ;
#1119 = DIRECTION ( 'NONE',  ( -0.4682379421518987339, -0.4682379421518987339, 0.7493373466328168142 ) ) ;
#1120 = PLANE ( 'NONE',  #8240 ) ;
#1121 = CARTESIAN_POINT ( 'NONE',  ( 0.8199999999999999512, 0.4500000000000000111, 1.629999999999999893 ) ) ;
#1122 = EDGE_CURVE ( 'NONE', #6846, #4962, #1561, .T. ) ;
#1123 = EDGE_CURVE ( 'NONE', #1089, #3436, #3792, .T. ) ;
#1124 = VERTEX_POINT ( 'NONE', #8128 ) ;
#1125 = CARTESIAN_POINT ( 'NONE',  ( 0.3200000000000000067, -0.9499999999999999556, 1.169999999999999929 ) ) ;
#1126 = VECTOR ( 'NONE', #6858, 1000.000000000000114 ) ;
#1127 = ORIENTED_EDGE ( 'NONE', *, *, #7886, .F. ) ;
#1128 =( BOUNDED_CURVE ( )  B_SPLINE_CURVE ( 3, ( #2972, #352, #2873, #306 ),
 .UNSPECIFIED., .F., .F. ) 
 B_SPLINE_CURVE_WITH_KNOTS ( ( 4, 4 ),
 ( 0.0000000000000000000, 3.141592653589790451 ),
 .UNSPECIFIED. ) 
 CURVE ( )  GEOMETRIC_REPRESENTATION_ITEM ( )  RATIONAL_B_SPLINE_CURVE ( ( 1.000000000000000000, 0.3333333333333298176, 0.3333333333333299842, 1.000000000000000222 ) ) 
 REPRESENTATION_ITEM ( '' )  );
#1129 = CARTESIAN_POINT ( 'NONE',  ( 0.0000000000000000000, 0.0000000000000000000, -1.330000000000000071 ) ) ;
#1130 = PRODUCT_CONTEXT ( 'NONE', #5286, 'mechanical' ) ;
#1131 = PRESENTATION_STYLE_ASSIGNMENT (( #8220 ) ) ;
#1132 = SURFACE_SIDE_STYLE ('',( #6909 ) ) ;
#1133 = CARTESIAN_POINT ( 'NONE',  ( -4.545105443553022262, -4.444999999999999396, 7.655415605672679646 ) ) ;
#1134 = ORIENTED_EDGE ( 'NONE', *, *, #6770, .T. ) ;
#1135 = EDGE_CURVE ( 'NONE', #6118, #6501, #4588, .T. ) ;
#1136 = FILL_AREA_STYLE ('',( #4973 ) ) ;
#1137 = CARTESIAN_POINT ( 'NONE',  ( -4.233522501452386955, -4.344999999999999751, 7.748358839040092150 ) ) ;
#1138 = ORIENTED_EDGE ( 'NONE', *, *, #3315, .T. ) ;
#1139 = CARTESIAN_POINT ( 'NONE',  ( -7.620000000000000107, 4.445000000000000284, 10.51999999999999957 ) ) ;
#1140 = CARTESIAN_POINT ( 'NONE',  ( -0.8199999999999999512, -2.089999999999999858, 1.629999999999999893 ) ) ;
#1141 = FACE_OUTER_BOUND ( 'NONE', #5492, .T. ) ;
#1142 = PLANE ( 'NONE',  #1490 ) ;
#1143 = ORIENTED_EDGE ( 'NONE', *, *, #5435, .T. ) ;
#1144 =( GEOMETRIC_REPRESENTATION_CONTEXT ( 3 ) GLOBAL_UNCERTAINTY_ASSIGNED_CONTEXT ( ( #4471 ) ) GLOBAL_UNIT_ASSIGNED_CONTEXT ( ( #1666, #1710, #518 ) ) REPRESENTATION_CONTEXT ( 'NONE', 'WORKASPACE' ) );
#1145 = CARTESIAN_POINT ( 'NONE',  ( -3.724163119661682231, -4.445000000000000284, 7.369999485204850487 ) ) ;
#1146 = CARTESIAN_POINT ( 'NONE',  ( -2.974286009347245407, -4.445000000000000284, 8.481181268066748657 ) ) ;
#1147 = EDGE_LOOP ( 'NONE', ( #7906, #3205, #6790, #792 ) ) ;
#1148 = ORIENTED_EDGE ( 'NONE', *, *, #6114, .T. ) ;
#1149 = FILL_AREA_STYLE_COLOUR ( '', #140 ) ;
#1150 = CARTESIAN_POINT ( 'NONE',  ( 0.4249999999999999889, 3.645000000000000018, 1.668999999999999817 ) ) ;
#1151 = PLANE ( 'NONE',  #4411 ) ;
#1152 = ORIENTED_EDGE ( 'NONE', *, *, #7342, .F. ) ;
#1153 = CARTESIAN_POINT ( 'NONE',  ( -4.780039163440672034, -4.345000000000000639, 7.910394100366930914 ) ) ;
#1154 = ORIENTED_EDGE ( 'NONE', *, *, #6791, .F. ) ;
#1155 = CARTESIAN_POINT ( 'NONE',  ( -0.8199999999999999512, -2.089999999999999858, 1.629999999999999893 ) ) ;
#1156 = ORIENTED_EDGE ( 'NONE', *, *, #1317, .T. ) ;
#1157 = UNCERTAINTY_MEASURE_WITH_UNIT (LENGTH_MEASURE( 1.000000000000000082E-05 ), #5666, 'distance_accuracy_value', 'NONE');
#1158 = LINE ( 'NONE', #6275, #2863 ) ;
#1159 = EDGE_CURVE ( 'NONE', #1607, #7972, #26, .T. ) ;
#1160 = CARTESIAN_POINT ( 'NONE',  ( -3.441840538438096786, -4.344999999999998863, 8.692838645189087998 ) ) ;
#1161 = CARTESIAN_POINT ( 'NONE',  ( 0.1749629944094632794, -1.095037005590536738, -1.822106370551018983 ) ) ;
#1162 = MECHANICAL_DESIGN_GEOMETRIC_PRESENTATION_REPRESENTATION (  '', ( #2612 ), #1962 ) ;
#1163 = FACE_OUTER_BOUND ( 'NONE', #3423, .T. ) ;
#1164 = EDGE_LOOP ( 'NONE', ( #6974, #6319, #376, #3495 ) ) ;
#1165 = CARTESIAN_POINT ( 'NONE',  ( -4.715140766824594820, -4.445000000000000284, 8.055939812620284357 ) ) ;
#1166 = UNCERTAINTY_MEASURE_WITH_UNIT (LENGTH_MEASURE( 1.000000000000000082E-05 ), #4777, 'distance_accuracy_value', 'NONE');
#1167 = VERTEX_POINT ( 'NONE', #4909 ) ;
#1168 = B_SPLINE_CURVE_WITH_KNOTS ( 'NONE', 1,
 ( #1088, #353 ),
 .UNSPECIFIED., .F., .F.,
 ( 2, 2 ),
 ( 0.01098000000000000018, 0.01261999999999999927 ),
 .UNSPECIFIED. ) ;
#1169 = PRESENTATION_LAYER_ASSIGNMENT (  '', '', ( #7220 ) ) ;
#1170 = SURFACE_SIDE_STYLE ('',( #2573 ) ) ;
#1171 = EDGE_CURVE ( 'NONE', #3852, #4300, #7613, .T. ) ;
#1172 = CARTESIAN_POINT ( 'NONE',  ( -2.220000000000000195, 1.590000000000000080, 8.300000000000000711 ) ) ;
#1173 = PLANE ( 'NONE',  #5937 ) ;
#1174 = ORIENTED_EDGE ( 'NONE', *, *, #6082, .F. ) ;
#1175 = DIRECTION ( 'NONE',  ( 0.0000000000000000000, -1.000000000000000000, 0.0000000000000000000 ) ) ;
#1176 = COLOUR_RGB ( '',0.1019607843137254888, 0.1019607843137254888, 0.1019607843137254888 ) ;
#1177 = CARTESIAN_POINT ( 'NONE',  ( -0.3200000000000000067, -1.590000000000000080, 8.460000000000000853 ) ) ;
#1178 = COLOUR_RGB ( '',0.1019607843137254888, 0.1019607843137254888, 0.1019607843137254888 ) ;
#1179 = B_SPLINE_SURFACE_WITH_KNOTS ( 'NONE', 3, 1, ( 
 ( #3552, #5369 ),
 ( #6617, #1525 ),
 ( #4093, #4768 ),
 ( #1564, #6658 ),
 ( #879, #4138 ),
 ( #6390, #459 ),
 ( #3128, #8244 ),
 ( #4362, #6356 ),
 ( #2945, #5542 ),
 ( #8160, #1238 ),
 ( #3727, #2437 ),
 ( #4269, #2352 ),
 ( #3642, #3034 ),
 ( #5713, #1059 ),
 ( #6310, #418 ) ),
 .UNSPECIFIED., .F., .F., .F.,
 ( 4, 1, 1, 1, 1, 1, 1, 1, 1, 1, 1, 1, 4 ),
 ( 2, 2 ),
 ( 0.0000000000000000000, 0.09253783465933010377, 0.1855907730267348510, 0.2795524791599534598, 0.3756022954876785946, 0.4276167156194841112, 0.4871168707665578523, 0.5541989278073831127, 0.6286239860240614430, 0.7096875605186867553, 0.7991807418287647513, 0.8953573266116932050, 1.000000000000000000 ),
 ( 0.0000000000000000000, 1.000000000000000000 ),
 .UNSPECIFIED. ) ;
#1180 = PRESENTATION_STYLE_ASSIGNMENT (( #612 ) ) ;
#1181 = CARTESIAN_POINT ( 'NONE',  ( 5.580000000000000071, 4.445000000000000284, 10.51999999999999957 ) ) ;
#1182 = EDGE_CURVE ( 'NONE', #3780, #4311, #1158, .T. ) ;
#1183 = CARTESIAN_POINT ( 'NONE',  ( 0.3200000000000000067, -1.590000000000000080, 3.720000000000000195 ) ) ;
#1184 = ORIENTED_EDGE ( 'NONE', *, *, #5764, .T. ) ;
#1185 = CARTESIAN_POINT ( 'NONE',  ( -3.996568713580090471, -4.445000000000001172, 7.706037500859941325 ) ) ;
#1186 =( LENGTH_UNIT ( ) NAMED_UNIT ( * ) SI_UNIT ( .MILLI., .METRE. ) );
#1187 = FILL_AREA_STYLE ('',( #5023 ) ) ;
#1188 = ORIENTED_EDGE ( 'NONE', *, *, #2685, .T. ) ;
#1189 = COLOUR_RGB ( '',0.1019607843137254888, 0.1019607843137254888, 0.1019607843137254888 ) ;
#1190 = ORIENTED_EDGE ( 'NONE', *, *, #8189, .T. ) ;
#1191 = CARTESIAN_POINT ( 'NONE',  ( 2.259999999999999787, -3.314999999999999947, 9.919999999999999929 ) ) ;
#1192 = FACE_OUTER_BOUND ( 'NONE', #3478, .T. ) ;
#1193 = B_SPLINE_CURVE_WITH_KNOTS ( 'NONE', 1,
 ( #3015, #3624 ),
 .UNSPECIFIED., .F., .F.,
 ( 2, 2 ),
 ( 0.3497942386831276451, 1.000000000000000000 ),
 .UNSPECIFIED. ) ;
#1194 = FACE_OUTER_BOUND ( 'NONE', #6149, .T. ) ;
#1195 = CARTESIAN_POINT ( 'NONE',  ( -0.3200000000000000067, -0.9499999999999999556, 2.130000000000000782 ) ) ;
#1196 = CARTESIAN_POINT ( 'NONE',  ( 2.860000000000000320, -1.590000000000000080, 8.460000000000000853 ) ) ;
#1197 = ORIENTED_EDGE ( 'NONE', *, *, #2898, .F. ) ;
#1198 = DIRECTION ( 'NONE',  ( 0.0000000000000000000, 0.0000000000000000000, -1.000000000000000000 ) ) ;
#1199 = PRESENTATION_STYLE_ASSIGNMENT (( #4408 ) ) ;
#1200 = ORIENTED_EDGE ( 'NONE', *, *, #54, .T. ) ;
#1201 = ORIENTED_EDGE ( 'NONE', *, *, #2130, .T. ) ;
#1202 = AXIS2_PLACEMENT_3D ( 'NONE', #2736, #887, #2655 ) ;
#1203 = DIRECTION ( 'NONE',  ( -0.0000000000000000000, -1.000000000000000000, -0.0000000000000000000 ) ) ;
#1204 = CARTESIAN_POINT ( 'NONE',  ( 5.155000000000000249, 3.645000000000000018, 1.239999999999999991 ) ) ;
#1205 =( NAMED_UNIT ( * ) SI_UNIT ( $, .STERADIAN. ) SOLID_ANGLE_UNIT ( ) );
#1206 = DIRECTION ( 'NONE',  ( 0.0000000000000000000, -1.000000000000000000, 0.0000000000000000000 ) ) ;
#1207 = AXIS2_PLACEMENT_3D ( 'NONE', #4913, #1837, #1206 ) ;
#1208 = CARTESIAN_POINT ( 'NONE',  ( 2.860000000000000320, 0.9499999999999999556, 8.460000000000000853 ) ) ;
#1209 = ORIENTED_EDGE ( 'NONE', *, *, #3001, .F. ) ;
#1210 = FACE_OUTER_BOUND ( 'NONE', #3428, .T. ) ;
#1211 = EDGE_CURVE ( 'NONE', #6169, #7166, #750, .T. ) ;
#1212 = ORIENTED_EDGE ( 'NONE', *, *, #7098, .T. ) ;
#1213 = MECHANICAL_DESIGN_GEOMETRIC_PRESENTATION_REPRESENTATION (  '', ( #5114 ), #7822 ) ;
#1214 = CARTESIAN_POINT ( 'NONE',  ( 1.710160000000000124, 2.089999999999999858, 1.629999999999999893 ) ) ;
#1215 = SURFACE_STYLE_FILL_AREA ( #7107 ) ;
#1216 = CARTESIAN_POINT ( 'NONE',  ( 3.360000000000000320, 0.4500000000000000111, 1.629999999999999893 ) ) ;
#1217 = EDGE_LOOP ( 'NONE', ( #824, #7770 ) ) ;
#1218 = DIRECTION ( 'NONE',  ( 0.0000000000000000000, 0.0000000000000000000, -1.000000000000000000 ) ) ;
#1219 = CARTESIAN_POINT ( 'NONE',  ( 0.4249999999999999889, -3.645000000000000018, 1.201000000000000068 ) ) ;
#1220 = CARTESIAN_POINT ( 'NONE',  ( 5.154999999999997584, 2.794999999999999485, 1.669000000000000483 ) ) ;
#1221 = EDGE_CURVE ( 'NONE', #2322, #6984, #2064, .T. ) ;
#1222 = EDGE_CURVE ( 'NONE', #7975, #2473, #3583, .T. ) ;
#1223 = VERTEX_POINT ( 'NONE', #3047 ) ;
#1224 = FILL_AREA_STYLE ('',( #5828 ) ) ;
#1225 = DIRECTION ( 'NONE',  ( -0.0000000000000000000, 1.000000000000000000, -0.0000000000000000000 ) ) ;
#1226 = CARTESIAN_POINT ( 'NONE',  ( -2.216159999999999908, -1.389999999999999902, 8.800000000000000711 ) ) ;
#1227 = MECHANICAL_DESIGN_GEOMETRIC_PRESENTATION_REPRESENTATION (  '', ( #6592 ), #6077 ) ;
#1228 = CARTESIAN_POINT ( 'NONE',  ( -3.486716538465101323, -4.445000000000000284, 8.184102049307414362 ) ) ;
#1229 = ORIENTED_EDGE ( 'NONE', *, *, #4686, .T. ) ;
#1230 = LINE ( 'NONE', #7006, #2627 ) ;
#1231 = CARTESIAN_POINT ( 'NONE',  ( -3.402179082115840192, -4.344999999999998863, 8.455322286830176282 ) ) ;
#1232 =( LENGTH_UNIT ( ) NAMED_UNIT ( * ) SI_UNIT ( .MILLI., .METRE. ) );
#1233 = ADVANCED_FACE ( 'NONE', ( #429 ), #2556, .T. ) ;
#1234 = ORIENTED_EDGE ( 'NONE', *, *, #2572, .F. ) ;
#1235 = EDGE_CURVE ( 'NONE', #2032, #7615, #5098, .T. ) ;
#1236 = VERTEX_POINT ( 'NONE', #4330 ) ;
#1237 =( NAMED_UNIT ( * ) SI_UNIT ( $, .STERADIAN. ) SOLID_ANGLE_UNIT ( ) );
#1238 = CARTESIAN_POINT ( 'NONE',  ( -4.762256190859175398, -4.344999999999997087, 7.954264160229388203 ) ) ;
#1239 = CARTESIAN_POINT ( 'NONE',  ( 0.3200000000000000067, -0.9499999999999999556, -1.029999999999994920 ) ) ;
#1240 = CARTESIAN_POINT ( 'NONE',  ( -2.220000000000000195, 0.9499999999999999556, 1.969999999999999973 ) ) ;
#1241 =( NAMED_UNIT ( * ) PLANE_ANGLE_UNIT ( ) SI_UNIT ( $, .RADIAN. ) );
#1242 = FACE_OUTER_BOUND ( 'NONE', #877, .T. ) ;
#1243 = ORIENTED_EDGE ( 'NONE', *, *, #7920, .F. ) ;
#1244 = ADVANCED_FACE ( 'NONE', ( #3221 ), #6539, .T. ) ;
#1245 = ORIENTED_EDGE ( 'NONE', *, *, #6780, .F. ) ;
#1246 = B_SPLINE_CURVE_WITH_KNOTS ( 'NONE', 1,
 ( #7189, #3449 ),
 .UNSPECIFIED., .F., .F.,
 ( 2, 2 ),
 ( -1.000000000000000000, 0.0000000000000000000 ),
 .UNSPECIFIED. ) ;
#1247 =( LENGTH_UNIT ( ) NAMED_UNIT ( * ) SI_UNIT ( .MILLI., .METRE. ) );
#1248 = CARTESIAN_POINT ( 'NONE',  ( -3.181639033411010065, -4.344999999999999751, 8.310308892209278042 ) ) ;
#1249 = CARTESIAN_POINT ( 'NONE',  ( -4.000000000000000000, 4.445000000000000284, 10.51999999999999957 ) ) ;
#1250 = VERTEX_POINT ( 'NONE', #6436 ) ;
#1251 = CARTESIAN_POINT ( 'NONE',  ( 7.620000000000000107, 4.445000000000000284, 10.51999999999999957 ) ) ;
#1252 = UNCERTAINTY_MEASURE_WITH_UNIT (LENGTH_MEASURE( 1.000000000000000082E-05 ), #5895, 'distance_accuracy_value', 'NONE');
#1253 =( LENGTH_UNIT ( ) NAMED_UNIT ( * ) SI_UNIT ( .MILLI., .METRE. ) );
#1254 = B_SPLINE_SURFACE_WITH_KNOTS ( 'NONE', 3, 1, ( 
 ( #3973, #4459 ),
 ( #3821, #1007 ),
 ( #5329, #6876 ),
 ( #3591, #8116 ),
 ( #4936, #3636 ),
 ( #7916, #6214 ),
 ( #4852, #7515 ),
 ( #1055, #4174 ),
 ( #4309, #413 ),
 ( #8068, #7266 ),
 ( #4012, #7222 ) ),
 .UNSPECIFIED., .F., .F., .F.,
 ( 4, 1, 1, 1, 1, 1, 1, 1, 4 ),
 ( 2, 2 ),
 ( 0.0000000000000000000, 0.1211522424913111379, 0.2376005895733856732, 0.3560524880869204711, 0.4805249744886022079, 0.6076386115432800272, 0.7334299283789929014, 0.8621816073824741800, 1.000000000000000000 ),
 ( 0.0000000000000000000, 1.000000000000000000 ),
 .UNSPECIFIED. ) ;
#1255 =( NAMED_UNIT ( * ) PLANE_ANGLE_UNIT ( ) SI_UNIT ( $, .RADIAN. ) );
#1256 = PRESENTATION_STYLE_ASSIGNMENT (( #611 ) ) ;
#1257 = CARTESIAN_POINT ( 'NONE',  ( 0.4249999999999999889, -3.645000000000000018, 1.668999999999999817 ) ) ;
#1258 = CARTESIAN_POINT ( 'NONE',  ( 0.3200000000000000067, -0.9499999999999999556, 0.1700000000000000122 ) ) ;
#1259 = UNCERTAINTY_MEASURE_WITH_UNIT (LENGTH_MEASURE( 1.000000000000000082E-05 ), #1349, 'distance_accuracy_value', 'NONE');
#1260 = PLANE ( 'NONE',  #2760 ) ;
#1261 = CARTESIAN_POINT ( 'NONE',  ( 2.220000000000000195, 1.590000000000000080, 3.720000000000000195 ) ) ;
#1262 = COLOUR_RGB ( '',0.1019607843137254888, 0.1019607843137254888, 0.1019607843137254888 ) ;
#1263 = CARTESIAN_POINT ( 'NONE',  ( -6.570000000000000284, -3.314999999999999947, 3.720000000000000195 ) ) ;
#1264 = DIRECTION ( 'NONE',  ( -0.7071067811865470176, 0.0000000000000000000, 0.7071067811865480168 ) ) ;
#1265 = EDGE_CURVE ( 'NONE', #3297, #6993, #5076, .T. ) ;
#1266 = EDGE_LOOP ( 'NONE', ( #4517, #1042, #6224, #5978 ) ) ;
#1267 = PRESENTATION_STYLE_ASSIGNMENT (( #7561 ) ) ;
#1268 = FILL_AREA_STYLE_COLOUR ( '', #6328 ) ;
#1269 =( GEOMETRIC_REPRESENTATION_CONTEXT ( 3 ) GLOBAL_UNCERTAINTY_ASSIGNED_CONTEXT ( ( #2337 ) ) GLOBAL_UNIT_ASSIGNED_CONTEXT ( ( #7156, #5353, #2093 ) ) REPRESENTATION_CONTEXT ( 'NONE', 'WORKASPACE' ) );
#1270 = ORIENTED_EDGE ( 'NONE', *, *, #7513, .F. ) ;
#1271 = CARTESIAN_POINT ( 'NONE',  ( -5.155000000000000249, -3.645000000000000018, 1.239999999999999991 ) ) ;
#1272 = CARTESIAN_POINT ( 'NONE',  ( -3.186490720958053746, -4.445000000000000284, 8.276702984795548446 ) ) ;
#1273 = B_SPLINE_CURVE_WITH_KNOTS ( 'NONE', 1,
 ( #2082, #7804 ),
 .UNSPECIFIED., .F., .F.,
 ( 2, 2 ),
 ( 0.0009881553119099998912, 0.001562611576560000038 ),
 .UNSPECIFIED. ) ;
#1274 = CARTESIAN_POINT ( 'NONE',  ( -5.412090639330994435, 4.834533315349336391, 1.630000000000000115 ) ) ;
#1275 = COLOUR_RGB ( '',0.1019607843137254888, 0.1019607843137254888, 0.1019607843137254888 ) ;
#1276 = ADVANCED_FACE ( 'NONE', ( #677 ), #5248, .F. ) ;
#1277 = SURFACE_STYLE_FILL_AREA ( #5031 ) ;
#1278 = EDGE_CURVE ( 'NONE', #3165, #4720, #832, .T. ) ;
#1279 = ORIENTED_EDGE ( 'NONE', *, *, #5820, .F. ) ;
#1280 = LINE ( 'NONE', #3851, #2238 ) ;
#1281 = EDGE_LOOP ( 'NONE', ( #4289, #3261, #6749, #8032 ) ) ;
#1282 = ORIENTED_EDGE ( 'NONE', *, *, #5786, .F. ) ;
#1283 = COLOUR_RGB ( '',0.1019607843137254888, 0.1019607843137254888, 0.1019607843137254888 ) ;
#1284 = CARTESIAN_POINT ( 'NONE',  ( -2.407460805572799956, 0.0000000000000000000, -1.330000000000000071 ) ) ;
#1285 = CARTESIAN_POINT ( 'NONE',  ( -4.414797254293685747, -4.344999999999998863, 7.336370998446009928 ) ) ;
#1286 = EDGE_CURVE ( 'NONE', #4915, #570, #7810, .T. ) ;
#1287 = CARTESIAN_POINT ( 'NONE',  ( -3.216348338351580960, -4.344999999999997975, 8.409514200253710214 ) ) ;
#1288 = FACE_OUTER_BOUND ( 'NONE', #5552, .T. ) ;
#1289 = ORIENTED_EDGE ( 'NONE', *, *, #5714, .T. ) ;
#1290 = CARTESIAN_POINT ( 'NONE',  ( -2.984846707353120188, -4.344999999999999751, 8.139289456410887524 ) ) ;
#1291 =( NAMED_UNIT ( * ) SI_UNIT ( $, .STERADIAN. ) SOLID_ANGLE_UNIT ( ) );
#1292 =( NAMED_UNIT ( * ) PLANE_ANGLE_UNIT ( ) SI_UNIT ( $, .RADIAN. ) );
#1293 = FILL_AREA_STYLE ('',( #6378 ) ) ;
#1294 = SURFACE_SIDE_STYLE ('',( #6448 ) ) ;
#1295 = VECTOR ( 'NONE', #634, 1000.000000000000000 ) ;
#1296 = AXIS2_PLACEMENT_3D ( 'NONE', #1214, #1848, #5697 ) ;
#1297 = CARTESIAN_POINT ( 'NONE',  ( -4.243837123647552723, -4.445000000000000284, 7.834482925058105174 ) ) ;
#1298 = SURFACE_STYLE_FILL_AREA ( #6523 ) ;
#1299 = STYLED_ITEM ( 'NONE', ( #5234 ), #3985 ) ;
#1300 =( GEOMETRIC_REPRESENTATION_CONTEXT ( 3 ) GLOBAL_UNCERTAINTY_ASSIGNED_CONTEXT ( ( #6148 ) ) GLOBAL_UNIT_ASSIGNED_CONTEXT ( ( #707, #6498, #3338 ) ) REPRESENTATION_CONTEXT ( 'NONE', 'WORKASPACE' ) );
#1301 = EDGE_LOOP ( 'NONE', ( #4953, #1730 ) ) ;
#1302 = FILL_AREA_STYLE_COLOUR ( '', #4266 ) ;
#1303 = CARTESIAN_POINT ( 'NONE',  ( 4.819999999999999396, 4.445000000000000284, 10.51999999999999957 ) ) ;
#1304 = CARTESIAN_POINT ( 'NONE',  ( -4.240324648803321494, -4.344999999999999751, 8.137910829697943882 ) ) ;
#1305 = ORIENTED_EDGE ( 'NONE', *, *, #5716, .F. ) ;
#1306 = EDGE_CURVE ( 'NONE', #2876, #4929, #7021, .T. ) ;
#1307 = COLOUR_RGB ( '',1.000000000000000000, 1.000000000000000000, 1.000000000000000000 ) ;
#1308 = FACE_OUTER_BOUND ( 'NONE', #5062, .T. ) ;
#1309 = CARTESIAN_POINT ( 'NONE',  ( -2.220000000000000195, -0.9499999999999999556, 0.009999999999999788572 ) ) ;
#1310 = B_SPLINE_CURVE_WITH_KNOTS ( 'NONE', 1,
 ( #1745, #2440 ),
 .UNSPECIFIED., .F., .F.,
 ( 2, 2 ),
 ( 0.0000000000000000000, 0.0006400000000000000524 ),
 .UNSPECIFIED. ) ;
#1311 = CARTESIAN_POINT ( 'NONE',  ( 0.3200000000000000067, 1.590000000000000080, 1.969999999999999973 ) ) ;
#1312 = VERTEX_POINT ( 'NONE', #2646 ) ;
#1313 = CARTESIAN_POINT ( 'NONE',  ( -2.220000000000000195, 1.590000000000000080, 2.129999999999999893 ) ) ;
#1314 = AXIS2_PLACEMENT_3D ( 'NONE', #1393, #3964, #6535 ) ;
#1315 = ORIENTED_EDGE ( 'NONE', *, *, #3834, .F. ) ;
#1316 = VERTEX_POINT ( 'NONE', #1946 ) ;
#1317 = EDGE_CURVE ( 'NONE', #6960, #2247, #6484, .T. ) ;
#1318 = EDGE_CURVE ( 'NONE', #2269, #4279, #5077, .T. ) ;
#1319 = CARTESIAN_POINT ( 'NONE',  ( -2.972492310876406307, -4.445000000000001172, 8.165652730701179252 ) ) ;
#1320 = COLOUR_RGB ( '',0.1019607843137254888, 0.1019607843137254888, 0.1019607843137254888 ) ;
#1321 = CARTESIAN_POINT ( 'NONE',  ( -1.719999999999999973, 0.4500000000000000111, 1.629999999999999893 ) ) ;
#1322 = CARTESIAN_POINT ( 'NONE',  ( -4.572186623935187377, -4.344999999999999751, 7.761415333896089841 ) ) ;
#1323 = PRESENTATION_STYLE_ASSIGNMENT (( #4011 ) ) ;
#1324 = CARTESIAN_POINT ( 'NONE',  ( -7.169999999999999929, -3.915000000000000036, 10.51999999999999957 ) ) ;
#1325 = B_SPLINE_CURVE_WITH_KNOTS ( 'NONE', 1,
 ( #1379, #6344 ),
 .UNSPECIFIED., .F., .F.,
 ( 2, 2 ),
 ( 0.001920000000000000049, 0.002560000000000000209 ),
 .UNSPECIFIED. ) ;
#1327 = ORIENTED_EDGE ( 'NONE', *, *, #1317, .F. ) ;
#1326 =( GEOMETRIC_REPRESENTATION_CONTEXT ( 3 ) GLOBAL_UNCERTAINTY_ASSIGNED_CONTEXT ( ( #6986 ) ) GLOBAL_UNIT_ASSIGNED_CONTEXT ( ( #3267, #5044, #2695 ) ) REPRESENTATION_CONTEXT ( 'NONE', 'WORKASPACE' ) );
#1328 = CARTESIAN_POINT ( 'NONE',  ( -3.057401106248541556, -4.345000000000000639, 8.049970664654559016 ) ) ;
#1329 = UNCERTAINTY_MEASURE_WITH_UNIT (LENGTH_MEASURE( 1.000000000000000082E-05 ), #3094, 'distance_accuracy_value', 'NONE');
#1330 = ADVANCED_FACE ( 'NONE', ( #5769 ), #3969, .F. ) ;
#1331 = CARTESIAN_POINT ( 'NONE',  ( -4.819999999999999396, 4.445000000000000284, 1.629999999999999893 ) ) ;
#1332 = COLOUR_RGB ( '',1.000000000000000000, 1.000000000000000000, 1.000000000000000000 ) ;
#1333 = PRESENTATION_STYLE_ASSIGNMENT (( #7841 ) ) ;
#1334 = CARTESIAN_POINT ( 'NONE',  ( -4.244574987258190824, -4.444999999999999396, 7.365302402842869967 ) ) ;
#1335 = FILL_AREA_STYLE_COLOUR ( '', #4275 ) ;
#1336 = CARTESIAN_POINT ( 'NONE',  ( -3.358436933803714997, -4.445000000000000284, 7.949404987859547411 ) ) ;
#1337 = CARTESIAN_POINT ( 'NONE',  ( 5.155000000000000249, 3.645000000000000018, 1.201000000000000068 ) ) ;
#1338 = VECTOR ( 'NONE', #1198, 1000.000000000000000 ) ;
#1339 = DIRECTION ( 'NONE',  ( -0.4682379421519016205, 0.4682379421519008988, -0.7493373466328135946 ) ) ;
#1340 = CARTESIAN_POINT ( 'NONE',  ( -2.660000000000000142, 1.149999999999999911, 8.800000000000000711 ) ) ;
#1341 = CARTESIAN_POINT ( 'NONE',  ( -5.412090639330994435, 4.834533315349336391, 10.52000000000000668 ) ) ;
#1342 = CARTESIAN_POINT ( 'NONE',  ( -4.024636339909592131, -4.344999999999997975, 7.588596952736543777 ) ) ;
#1343 = COLOUR_RGB ( '',0.1019607843137254888, 0.1019607843137254888, 0.1019607843137254888 ) ;
#1344 = B_SPLINE_CURVE_WITH_KNOTS ( 'NONE', 1,
 ( #2319, #2240 ),
 .UNSPECIFIED., .F., .F.,
 ( 2, 2 ),
 ( -1.000000000000000000, 0.0000000000000000000 ),
 .UNSPECIFIED. ) ;
#1345 = ORIENTED_EDGE ( 'NONE', *, *, #161, .T. ) ;
#1346 = CARTESIAN_POINT ( 'NONE',  ( 0.1034804040882556508, 1.373480404088255780, -1.376503785551577819 ) ) ;
#1347 = CARTESIAN_POINT ( 'NONE',  ( -4.240324648803321494, -4.445000000000000284, 8.137910829697943882 ) ) ;
#1348 =( GEOMETRIC_REPRESENTATION_CONTEXT ( 3 ) GLOBAL_UNCERTAINTY_ASSIGNED_CONTEXT ( ( #6998 ) ) GLOBAL_UNIT_ASSIGNED_CONTEXT ( ( #204, #5973, #6621 ) ) REPRESENTATION_CONTEXT ( 'NONE', 'WORKASPACE' ) );
#1349 =( LENGTH_UNIT ( ) NAMED_UNIT ( * ) SI_UNIT ( .MILLI., .METRE. ) );
#1350 = CARTESIAN_POINT ( 'NONE',  ( -4.305000000000002380, -2.794999999999999485, 0.8499999999999999778 ) ) ;
#1351 = CARTESIAN_POINT ( 'NONE',  ( -4.484232842554831677, -4.445000000000002061, 7.343385337612709840 ) ) ;
#1352 = ORIENTED_EDGE ( 'NONE', *, *, #4482, .T. ) ;
#1353 = FILL_AREA_STYLE_COLOUR ( '', #919 ) ;
#1354 = EDGE_CURVE ( 'NONE', #6212, #940, #4388, .T. ) ;
#1355 =( GEOMETRIC_REPRESENTATION_CONTEXT ( 3 ) GLOBAL_UNCERTAINTY_ASSIGNED_CONTEXT ( ( #4612 ) ) GLOBAL_UNIT_ASSIGNED_CONTEXT ( ( #6009, #5964, #2802 ) ) REPRESENTATION_CONTEXT ( 'NONE', 'WORKASPACE' ) );
#1356 = PRESENTATION_STYLE_ASSIGNMENT (( #120 ) ) ;
#1357 = VERTEX_POINT ( 'NONE', #798 ) ;
#1358 = EDGE_LOOP ( 'NONE', ( #2339, #1727, #80, #2316 ) ) ;
#1359 = B_SPLINE_CURVE_WITH_KNOTS ( 'NONE', 1,
 ( #1313, #6395 ),
 .UNSPECIFIED., .F., .F.,
 ( 2, 2 ),
 ( 0.004332154971470000317, 0.005198180375260000319 ),
 .UNSPECIFIED. ) ;
#1360 = CARTESIAN_POINT ( 'NONE',  ( -3.157436042913010610, -4.445000000000001172, 7.987227557716233939 ) ) ;
#1361 = FILL_AREA_STYLE_COLOUR ( '', #2489 ) ;
#1362 = CARTESIAN_POINT ( 'NONE',  ( -3.189760706439594973, -4.344999999999998863, 8.369143393676081288 ) ) ;
#1363 = ADVANCED_FACE ( 'NONE', ( #5929 ), #7196, .T. ) ;
#1364 = ORIENTED_EDGE ( 'NONE', *, *, #1744, .F. ) ;
#1365 = FACE_OUTER_BOUND ( 'NONE', #13, .T. ) ;
#1366 = LINE ( 'NONE', #4017, #7784 ) ;
#1367 = FACE_OUTER_BOUND ( 'NONE', #5167, .T. ) ;
#1368 = DIRECTION ( 'NONE',  ( -1.000000000000000000, 0.0000000000000000000, 0.0000000000000000000 ) ) ;
#1369 = CARTESIAN_POINT ( 'NONE',  ( -3.360000000000000320, 2.089999999999999858, 1.629999999999999893 ) ) ;
#1370 = CARTESIAN_POINT ( 'NONE',  ( 6.570000000000000284, 1.649999999999999911, 3.720000000000000195 ) ) ;
#1371 = EDGE_CURVE ( 'NONE', #4497, #3524, #7706, .T. ) ;
#1372 = EDGE_CURVE ( 'NONE', #7615, #6130, #2449, .T. ) ;
#1373 = SURFACE_SIDE_STYLE ('',( #2614 ) ) ;
#1374 = CARTESIAN_POINT ( 'NONE',  ( 2.860000000000000320, -1.590000000000001190, 1.169999999999999929 ) ) ;
#1375 = CARTESIAN_POINT ( 'NONE',  ( 2.259999999999999787, -4.445000000000000284, 10.51999999999999957 ) ) ;
#1376 = CARTESIAN_POINT ( 'NONE',  ( 5.154999999999997584, 2.794999999999999485, 0.8499999999999999778 ) ) ;
#1377 = ORIENTED_EDGE ( 'NONE', *, *, #479, .F. ) ;
#1378 = DIRECTION ( 'NONE',  ( 0.0000000000000000000, 0.0000000000000000000, -1.000000000000000000 ) ) ;
#1379 = CARTESIAN_POINT ( 'NONE',  ( 2.860000000000000320, -0.9500000000000000666, 3.720000000000000639 ) ) ;
#1380 = EDGE_CURVE ( 'NONE', #3568, #5592, #551, .T. ) ;
#1381 = ORIENTED_EDGE ( 'NONE', *, *, #4078, .F. ) ;
#1382 = CARTESIAN_POINT ( 'NONE',  ( -4.244633132282688237, -4.444999999999998508, 7.687108813420996611 ) ) ;
#1383 = CARTESIAN_POINT ( 'NONE',  ( -3.995902804277378983, -4.344999999999998863, 7.762490075515755095 ) ) ;
#1384 = ORIENTED_EDGE ( 'NONE', *, *, #2855, .T. ) ;
#1385 = VECTOR ( 'NONE', #7716, 1000.000000000000000 ) ;
#1386 = B_SPLINE_CURVE_WITH_KNOTS ( 'NONE', 1,
 ( #6688, #4165 ),
 .UNSPECIFIED., .F., .F.,
 ( 2, 2 ),
 ( -0.1316872427983538929, 0.0000000000000000000 ),
 .UNSPECIFIED. ) ;
#1387 = CARTESIAN_POINT ( 'NONE',  ( 0.3200000000000000622, 0.9499999999999999556, 1.169999999999999929 ) ) ;
#1388 = CARTESIAN_POINT ( 'NONE',  ( -4.305000000000002380, -4.495000000000000107, 1.201000000000000512 ) ) ;
#1389 = CARTESIAN_POINT ( 'NONE',  ( -2.220000000000000195, -1.590000000000000080, 1.169999999999999929 ) ) ;
#1390 = SURFACE_SIDE_STYLE ('',( #7206 ) ) ;
#1391 = ORIENTED_EDGE ( 'NONE', *, *, #6791, .T. ) ;
#1392 = AXIS2_PLACEMENT_3D ( 'NONE', #5189, #821, #7117 ) ;
#1393 = CARTESIAN_POINT ( 'NONE',  ( -0.1325391944272001910, 0.0000000000000000000, -1.330000000000000071 ) ) ;
#1394 = VERTEX_POINT ( 'NONE', #1785 ) ;
#1395 = EDGE_LOOP ( 'NONE', ( #6349, #4355, #291, #7517 ) ) ;
#1396 = UNCERTAINTY_MEASURE_WITH_UNIT (LENGTH_MEASURE( 1.000000000000000082E-05 ), #522, 'distance_accuracy_value', 'NONE');
#1397 = CARTESIAN_POINT ( 'NONE',  ( -3.017414765260312937, -4.445000000000001172, 8.091629277705937540 ) ) ;
#1398 = PRODUCT_DEFINITION ( 'UNKNOWN', '', #5533, #1687 ) ;
#1399 = CARTESIAN_POINT ( 'NONE',  ( -3.036382855553991345, -4.344999999999997975, 8.069837289245683110 ) ) ;
#1400 = CARTESIAN_POINT ( 'NONE',  ( -3.182041959450130353, -4.445000000000001172, 8.335618645472941068 ) ) ;
#1401 = CARTESIAN_POINT ( 'NONE',  ( 2.672539194427198339, 1.402539194427198543, -1.330000000000000071 ) ) ;
#1402 = ORIENTED_EDGE ( 'NONE', *, *, #7896, .F. ) ;
#1403 = UNCERTAINTY_MEASURE_WITH_UNIT (LENGTH_MEASURE( 1.000000000000000082E-05 ), #2561, 'distance_accuracy_value', 'NONE');
#1404 = EDGE_CURVE ( 'NONE', #4064, #6507, #4570, .T. ) ;
#1405 = CARTESIAN_POINT ( 'NONE',  ( 4.305000000000002380, 4.495000000000000107, 0.8499999999999999778 ) ) ;
#1406 = FILL_AREA_STYLE_COLOUR ( '', #4933 ) ;
#1407 = SURFACE_STYLE_FILL_AREA ( #1577 ) ;
#1408 = FACE_OUTER_BOUND ( 'NONE', #8107, .T. ) ;
#1409 = LINE ( 'NONE', #7843, #2547 ) ;
#1410 = PRESENTATION_STYLE_ASSIGNMENT (( #928 ) ) ;
#1411 = CARTESIAN_POINT ( 'NONE',  ( -3.486716538465101323, -4.344999999999998863, 7.946655468110833453 ) ) ;
#1412 = ORIENTED_EDGE ( 'NONE', *, *, #5716, .T. ) ;
#1413 = EDGE_CURVE ( 'NONE', #7470, #8004, #5797, .T. ) ;
#1414 = EDGE_CURVE ( 'NONE', #1875, #8158, #6091, .T. ) ;
#1415 = AXIS2_PLACEMENT_3D ( 'NONE', #2623, #7808, #614 ) ;
#1416 =( NAMED_UNIT ( * ) PLANE_ANGLE_UNIT ( ) SI_UNIT ( $, .RADIAN. ) );
#1417 = CARTESIAN_POINT ( 'NONE',  ( 0.1200000000000000094, -1.149999999999999911, 8.959999999999999076 ) ) ;
#1418 = PRESENTATION_STYLE_ASSIGNMENT (( #5304 ) ) ;
#1419 = CARTESIAN_POINT ( 'NONE',  ( -4.400461864319803240, -4.445000000000000284, 7.336078545033910991 ) ) ;
#1420 = CARTESIAN_POINT ( 'NONE',  ( -3.486716538465101323, -4.445000000000000284, 7.369999485204850487 ) ) ;
#1421 = ORIENTED_EDGE ( 'NONE', *, *, #6070, .F. ) ;
#1422 = CARTESIAN_POINT ( 'NONE',  ( -4.233522501452386955, -4.445000000000000284, 7.748358839040092150 ) ) ;
#1423 = CARTESIAN_POINT ( 'NONE',  ( 2.220000000000000639, 1.590000000000000080, 2.130000000000001226 ) ) ;
#1424 = CARTESIAN_POINT ( 'NONE',  ( -4.011230797358971145, -4.344999999999999751, 7.873603958459743701 ) ) ;
#1425 = EDGE_LOOP ( 'NONE', ( #2918, #2150, #6178, #2787 ) ) ;
#1426 = EDGE_CURVE ( 'NONE', #7975, #445, #3965, .T. ) ;
#1427 = CARTESIAN_POINT ( 'NONE',  ( -4.304999999999999716, -3.645000000000000018, 0.8499999999999999778 ) ) ;
#1428 = CARTESIAN_POINT ( 'NONE',  ( -3.459155774576212483, -4.344999999999999751, 8.692916151871516561 ) ) ;
#1429 = COLOUR_RGB ( '',1.000000000000000000, 1.000000000000000000, 1.000000000000000000 ) ;
#1430 = AXIS2_PLACEMENT_3D ( 'NONE', #4520, #5800, #3882 ) ;
#1431 = SURFACE_STYLE_USAGE ( .BOTH. , #1390 ) ;
#1432 = ORIENTED_EDGE ( 'NONE', *, *, #3599, .T. ) ;
#1433 =( BOUNDED_SURFACE ( )  B_SPLINE_SURFACE ( 3, 1, ( 
 ( #6165, #4305, #277 ),
 ( #8194, #4848, #8112 ),
 ( #6829, #6257, #6211 ),
 ( #8065, #4761, #7336 ),
 ( #1602, #3027, #4171 ),
 ( #410, #6874, #1098 ),
 ( #4805, #958, #2344 ) ),
 .UNSPECIFIED., .T., .F., .T. ) 
 B_SPLINE_SURFACE_WITH_KNOTS ( ( 4, 3, 4 ),
 ( 2, 1, 2 ),
 ( 0.0000000000000000000, 0.5000000000000000000, 1.000000000000000000 ),
 ( -0.7500000000000000000, 0.0000000000000000000, 1.000000000000000000 ),
 .UNSPECIFIED. ) 
 GEOMETRIC_REPRESENTATION_ITEM ( )  RATIONAL_B_SPLINE_SURFACE ( (
 ( 1.000000000000000000, 1.000000000000000000, 1.000000000000000000),
 ( 0.3333333333333299842, 0.3333333333333299842, 0.3333333333333299842),
 ( 0.3333333333333299842, 0.3333333333333299842, 0.3333333333333299842),
 ( 1.000000000000000000, 1.000000000000000000, 1.000000000000000000),
 ( 0.3333333333333299842, 0.3333333333333299842, 0.3333333333333299842),
 ( 0.3333333333333299842, 0.3333333333333299842, 0.3333333333333299842),
 ( 1.000000000000000000, 1.000000000000000000, 1.000000000000000000) ) ) 
 REPRESENTATION_ITEM ( '' )  SURFACE ( )  );
#1434 = MECHANICAL_DESIGN_GEOMETRIC_PRESENTATION_REPRESENTATION (  '', ( #7101 ), #3194 ) ;
#1435 = AXIS2_PLACEMENT_3D ( 'NONE', #185, #7969, #2088 ) ;
#1436 = ORIENTED_EDGE ( 'NONE', *, *, #2350, .F. ) ;
#1437 = CARTESIAN_POINT ( 'NONE',  ( -2.984846707353120188, -4.445000000000000284, 8.139289456410887524 ) ) ;
#1438 = CARTESIAN_POINT ( 'NONE',  ( -3.228988202880653802, -4.345000000000000639, 8.420480326844961283 ) ) ;
#1439 = CARTESIAN_POINT ( 'NONE',  ( 0.8199999999999999512, -0.4500000000000000111, 1.629999999999999893 ) ) ;
#1440 = ORIENTED_EDGE ( 'NONE', *, *, #5483, .F. ) ;
#1441 =( GEOMETRIC_REPRESENTATION_CONTEXT ( 3 ) GLOBAL_UNCERTAINTY_ASSIGNED_CONTEXT ( ( #5378 ) ) GLOBAL_UNIT_ASSIGNED_CONTEXT ( ( #2257, #8059, #4842 ) ) REPRESENTATION_CONTEXT ( 'NONE', 'WORKASPACE' ) );
#1442 = PLANE ( 'NONE',  #4506 ) ;
#1443 = CARTESIAN_POINT ( 'NONE',  ( 4.304999999999999716, 3.645000000000000018, 0.8499999999999999778 ) ) ;
#1444 = CARTESIAN_POINT ( 'NONE',  ( -3.243704803021725702, -4.445000000000000284, 8.429233843511473978 ) ) ;
#1445 = DIRECTION ( 'NONE',  ( -1.000000000000000000, 0.0000000000000000000, 0.0000000000000000000 ) ) ;
#1446 = CARTESIAN_POINT ( 'NONE',  ( -2.860000000000000320, -1.590000000000000080, 1.169999999999999929 ) ) ;
#1447 = MECHANICAL_DESIGN_GEOMETRIC_PRESENTATION_REPRESENTATION (  '', ( #4968 ), #1326 ) ;
#1448 = FACE_BOUND ( 'NONE', #7806, .T. ) ;
#1449 = EDGE_CURVE ( 'NONE', #856, #5156, #417, .T. ) ;
#1450 = DIRECTION ( 'NONE',  ( -1.000000000000000000, 0.0000000000000000000, 6.689380028831810437E-17 ) ) ;
#1451 = FILL_AREA_STYLE_COLOUR ( '', #1320 ) ;
#1452 = B_SPLINE_CURVE_WITH_KNOTS ( 'NONE', 1,
 ( #4190, #5332 ),
 .UNSPECIFIED., .F., .F.,
 ( 2, 2 ),
 ( 0.0000000000000000000, 0.003299999999999999548 ),
 .UNSPECIFIED. ) ;
#1453 = VERTEX_POINT ( 'NONE', #5027 ) ;
#1454 = COLOUR_RGB ( '',1.000000000000000000, 1.000000000000000000, 1.000000000000000000 ) ;
#1455 =( NAMED_UNIT ( * ) SI_UNIT ( $, .STERADIAN. ) SOLID_ANGLE_UNIT ( ) );
#1456 = SURFACE_STYLE_FILL_AREA ( #4789 ) ;
#1457 = SURFACE_STYLE_USAGE ( .BOTH. , #7240 ) ;
#1458 =( NAMED_UNIT ( * ) SI_UNIT ( $, .STERADIAN. ) SOLID_ANGLE_UNIT ( ) );
#1459 = SURFACE_SIDE_STYLE ('',( #187 ) ) ;
#1460 = VERTEX_POINT ( 'NONE', #6967 ) ;
#1461 = LINE ( 'NONE', #4642, #1853 ) ;
#1462 = ADVANCED_FACE ( 'NONE', ( #3551 ), #7472, .T. ) ;
#1463 = EDGE_CURVE ( 'NONE', #3619, #2673, #7169, .T. ) ;
#1464 = PRESENTATION_LAYER_ASSIGNMENT (  '', '', ( #5253 ) ) ;
#1465 = CARTESIAN_POINT ( 'NONE',  ( -3.486716538465101323, -4.445000000000000284, 7.946655468110833453 ) ) ;
#1466 = CARTESIAN_POINT ( 'NONE',  ( -4.525109678674971825, -4.345000000000000639, 7.894201633013905095 ) ) ;
#1467 = ORIENTED_EDGE ( 'NONE', *, *, #5435, .F. ) ;
#1468 = CARTESIAN_POINT ( 'NONE',  ( -4.764556248556315765, -4.444999999999999396, 7.560599213303063948 ) ) ;
#1469 = CARTESIAN_POINT ( 'NONE',  ( -2.714962994409467534, 1.095037005590532964, -1.822106370551019650 ) ) ;
#1470 = CARTESIAN_POINT ( 'NONE',  ( -4.561441750107658955, -4.445000000000001172, 7.366919319256493459 ) ) ;
#1471 = ORIENTED_EDGE ( 'NONE', *, *, #3602, .F. ) ;
#1472 = SURFACE_STYLE_USAGE ( .BOTH. , #7338 ) ;
#1473 = EDGE_CURVE ( 'NONE', #1885, #5561, #3869, .T. ) ;
#1474 = EDGE_CURVE ( 'NONE', #2937, #5246, #4315, .T. ) ;
#1475 = B_SPLINE_CURVE_WITH_KNOTS ( 'NONE', 3,
 ( #2571, #642, #7065, #4462, #3144, #4575, #5735, #1290, #14, #49, #2608, #1328, #3790, #8304, #3900, #7750, #2532, #5212, #684 ),
 .UNSPECIFIED., .F., .F.,
 ( 4, 1, 1, 1, 1, 1, 1, 1, 1, 1, 1, 1, 1, 1, 1, 1, 4 ),
 ( 0.0000000000000000000, 0.06887542542374749943, 0.1353486746991242051, 0.1992893152193421780, 0.2615500803944990627, 0.3229153841538559555, 0.3827719971265304277, 0.4428435721153026194, 0.5026520291025148302, 0.5627488431894923648, 0.6227395817076827322, 0.6826873315148553889, 0.7433292468859995505, 0.8050125141012755003, 0.8680671203592941199, 0.9331105710618369242, 1.000000000000000000 ),
 .UNSPECIFIED. ) ;
#1476 = CARTESIAN_POINT ( 'NONE',  ( -3.275121961528034475, -4.344999999999998863, 8.683610805712113745 ) ) ;
#1477 = AXIS2_PLACEMENT_3D ( 'NONE', #6725, #943, #6598 ) ;
#1479 = VERTEX_POINT ( 'NONE', #3682 ) ;
#1478 = MECHANICAL_DESIGN_GEOMETRIC_PRESENTATION_REPRESENTATION (  '', ( #8365 ), #5392 ) ;
#1480 = ORIENTED_EDGE ( 'NONE', *, *, #2885, .T. ) ;
#1481 = CARTESIAN_POINT ( 'NONE',  ( -3.182041959450130353, -4.345000000000000639, 8.335618645472941068 ) ) ;
#1482 = CARTESIAN_POINT ( 'NONE',  ( -7.620000000000000107, 4.445000000000000284, 10.51999999999999957 ) ) ;
#1483 = VECTOR ( 'NONE', #5557, 1000.000000000000000 ) ;
#1484 = CARTESIAN_POINT ( 'NONE',  ( -3.186599334490936464, -4.344999999999997975, 7.975801463916604384 ) ) ;
#1485 = EDGE_CURVE ( 'NONE', #1863, #4685, #6264, .T. ) ;
#1486 = ORIENTED_EDGE ( 'NONE', *, *, #8298, .T. ) ;
#1487 = CARTESIAN_POINT ( 'NONE',  ( 0.0000000000000000000, 1.402539194427200098, -1.330000000000000071 ) ) ;
#1488 = ORIENTED_EDGE ( 'NONE', *, *, #4664, .F. ) ;
#1489 = UNCERTAINTY_MEASURE_WITH_UNIT (LENGTH_MEASURE( 1.000000000000000082E-05 ), #3830, 'distance_accuracy_value', 'NONE');
#1490 = AXIS2_PLACEMENT_3D ( 'NONE', #3718, #6299, #2508 ) ;
#1491 = CARTESIAN_POINT ( 'NONE',  ( 6.570000000000000284, -1.649999999999999911, 1.629999999999999893 ) ) ;
#1492 = CARTESIAN_POINT ( 'NONE',  ( 4.304999999999999716, 3.645000000000000018, 1.668999999999999817 ) ) ;
#1493 = LINE ( 'NONE', #7961, #5624 ) ;
#1494 = FILL_AREA_STYLE ('',( #3356 ) ) ;
#1495 = SURFACE_STYLE_FILL_AREA ( #6673 ) ;
#1496 = CARTESIAN_POINT ( 'NONE',  ( 0.3200000000000000067, -0.9499999999999999556, 0.1700000000000000122 ) ) ;
#1497 = ORIENTED_EDGE ( 'NONE', *, *, #1404, .F. ) ;
#1498 = B_SPLINE_CURVE_WITH_KNOTS ( 'NONE', 1,
 ( #5576, #5532 ),
 .UNSPECIFIED., .F., .F.,
 ( 2, 2 ),
 ( 0.004259999999999999898, 0.005899999999999999863 ),
 .UNSPECIFIED. ) ;
#1499 = FACE_OUTER_BOUND ( 'NONE', #5383, .T. ) ;
#1500 = B_SPLINE_CURVE_WITH_KNOTS ( 'NONE', 1,
 ( #7744, #3892 ),
 .UNSPECIFIED., .F., .F.,
 ( 2, 2 ),
 ( 0.006799999999999999621, 0.008439999999999999586 ),
 .UNSPECIFIED. ) ;
#1501 = ORIENTED_EDGE ( 'NONE', *, *, #7460, .T. ) ;
#1502 = CARTESIAN_POINT ( 'NONE',  ( -4.370525575744214741, -4.444999999999999396, 7.945091259295204544 ) ) ;
#1503 = PRESENTATION_STYLE_ASSIGNMENT (( #1543 ) ) ;
#1504 = DIRECTION ( 'NONE',  ( 0.0000000000000000000, 1.000000000000000000, 0.0000000000000000000 ) ) ;
#1505 = FILL_AREA_STYLE_COLOUR ( '', #6723 ) ;
#1506 = SURFACE_STYLE_FILL_AREA ( #1545 ) ;
#1507 = ORIENTED_EDGE ( 'NONE', *, *, #825, .T. ) ;
#1508 = FILL_AREA_STYLE ('',( #269 ) ) ;
#1509 = FILL_AREA_STYLE_COLOUR ( '', #1275 ) ;
#1510 = CARTESIAN_POINT ( 'NONE',  ( 7.620000000000000107, 1.649999999999999911, 1.629999999999999893 ) ) ;
#1511 = ORIENTED_EDGE ( 'NONE', *, *, #7285, .F. ) ;
#1512 = CARTESIAN_POINT ( 'NONE',  ( -4.720196970463645059, -4.445000000000000284, 7.493105246182955703 ) ) ;
#1513 = LINE ( 'NONE', #4080, #2424 ) ;
#1514 = ADVANCED_FACE ( 'NONE', ( #5873 ), #5152, .T. ) ;
#1515 = CARTESIAN_POINT ( 'NONE',  ( -5.155000000000000249, 3.645000000000000018, 1.629999999999999893 ) ) ;
#1516 = B_SPLINE_CURVE_WITH_KNOTS ( 'NONE', 1,
 ( #3566, #6023 ),
 .UNSPECIFIED., .F., .F.,
 ( 2, 2 ),
 ( -0.6502057613168723549, 0.0000000000000000000 ),
 .UNSPECIFIED. ) ;
#1517 = B_SPLINE_CURVE_WITH_KNOTS ( 'NONE', 1,
 ( #4205, #8183 ),
 .UNSPECIFIED., .F., .F.,
 ( 2, 2 ),
 ( 0.003585031380620000169, 0.004433559518039999897 ),
 .UNSPECIFIED. ) ;
#1518 = CARTESIAN_POINT ( 'NONE',  ( -4.764556248556315765, -4.444999999999999396, 7.560599213303063948 ) ) ;
#1519 = VERTEX_POINT ( 'NONE', #72 ) ;
#1520 = CARTESIAN_POINT ( 'NONE',  ( -3.181428076926640092, -4.344999999999998863, 8.317400743885405845 ) ) ;
#1521 = CARTESIAN_POINT ( 'NONE',  ( -3.408435818428578123, -4.444999999999999396, 8.692689118552269889 ) ) ;
#1522 = MECHANICAL_DESIGN_GEOMETRIC_PRESENTATION_REPRESENTATION (  '', ( #3547 ), #3824 ) ;
#1523 = ORIENTED_EDGE ( 'NONE', *, *, #5092, .F. ) ;
#1524 = CARTESIAN_POINT ( 'NONE',  ( -5.155000000000000249, 3.645000000000000018, 1.201000000000000068 ) ) ;
#1525 = CARTESIAN_POINT ( 'NONE',  ( -4.809451318086568783, -4.344999999999997975, 7.760100386668233874 ) ) ;
#1526 = ADVANCED_FACE ( 'NONE', ( #1308 ), #7046, .T. ) ;
#1527 = EDGE_CURVE ( 'NONE', #7739, #4524, #1947, .T. ) ;
#1528 = CARTESIAN_POINT ( 'NONE',  ( -4.337376698687328336, -4.345000000000000639, 7.934533111434386221 ) ) ;
#1529 = DIRECTION ( 'NONE',  ( 0.0000000000000000000, 0.0000000000000000000, -1.000000000000000000 ) ) ;
#1530 = ORIENTED_EDGE ( 'NONE', *, *, #1111, .F. ) ;
#1531 = CARTESIAN_POINT ( 'NONE',  ( -0.4249999999999999889, 3.645000000000000018, 1.629999999999999893 ) ) ;
#1532 = PRESENTATION_LAYER_ASSIGNMENT (  '', '', ( #6407 ) ) ;
#1533 = CARTESIAN_POINT ( 'NONE',  ( 0.3200000000000000067, -1.590000000000000080, 2.129999999999999893 ) ) ;
#1534 = ADVANCED_FACE ( 'NONE', ( #5112 ), #3210, .T. ) ;
#1535 = CARTESIAN_POINT ( 'NONE',  ( 0.8199999999999999512, 0.4500000000000000111, 1.629999999999999893 ) ) ;
#1536 = CARTESIAN_POINT ( 'NONE',  ( -3.182041959450130353, -4.445000000000001172, 8.335618645472941068 ) ) ;
#1537 = VECTOR ( 'NONE', #3252, 1000.000000000000000 ) ;
#1538 = CARTESIAN_POINT ( 'NONE',  ( 2.660000000000000142, -1.149999999999999911, 8.959999999999999076 ) ) ;
#1539 = CARTESIAN_POINT ( 'NONE',  ( -3.411984467150999123, -4.445000000000561613, 8.455469570674935653 ) ) ;
#1540 = ORIENTED_EDGE ( 'NONE', *, *, #425, .T. ) ;
#1541 = CARTESIAN_POINT ( 'NONE',  ( -4.305000000000002380, -4.495000000000000107, 1.201000000000000512 ) ) ;
#1542 = ORIENTED_EDGE ( 'NONE', *, *, #2180, .F. ) ;
#1543 = SURFACE_STYLE_USAGE ( .BOTH. , #4715 ) ;
#1544 =( LENGTH_UNIT ( ) NAMED_UNIT ( * ) SI_UNIT ( .MILLI., .METRE. ) );
#1545 = FILL_AREA_STYLE ('',( #4718 ) ) ;
#1546 = ORIENTED_EDGE ( 'NONE', *, *, #1380, .T. ) ;
#1547 = CARTESIAN_POINT ( 'NONE',  ( 2.860000000000000320, 1.590000000000000080, 8.460000000000000853 ) ) ;
#1548 = LINE ( 'NONE', #151, #1983 ) ;
#1549 = CARTESIAN_POINT ( 'NONE',  ( -4.500055440147052721, -4.344999999999998863, 7.917599891102196530 ) ) ;
#1550 = EDGE_LOOP ( 'NONE', ( #5308, #2402, #5496, #5595 ) ) ;
#1551 = CARTESIAN_POINT ( 'NONE',  ( -4.523792249668317389, -4.444999999999998508, 7.353078759586504809 ) ) ;
#1552 = CARTESIAN_POINT ( 'NONE',  ( -4.304999999999999716, -3.645000000000000018, 1.239999999999999991 ) ) ;
#1553 =( NAMED_UNIT ( * ) SI_UNIT ( $, .STERADIAN. ) SOLID_ANGLE_UNIT ( ) );
#1554 = LINE ( 'NONE', #5623, #2021 ) ;
#1555 = VECTOR ( 'NONE', #2499, 1000.000000000000000 ) ;
#1556 = ORIENTED_EDGE ( 'NONE', *, *, #6664, .T. ) ;
#1557 = PLANE ( 'NONE',  #5801 ) ;
#1558 = EDGE_CURVE ( 'NONE', #3377, #7656, #8326, .T. ) ;
#1559 = ORIENTED_EDGE ( 'NONE', *, *, #2587, .F. ) ;
#1560 = ORIENTED_EDGE ( 'NONE', *, *, #895, .T. ) ;
#1561 = B_SPLINE_CURVE_WITH_KNOTS ( 'NONE', 1,
 ( #385, #1072 ),
 .UNSPECIFIED., .F., .F.,
 ( 2, 2 ),
 ( 0.0000000000000000000, 0.003299999999999999548 ),
 .UNSPECIFIED. ) ;
#1562 = CARTESIAN_POINT ( 'NONE',  ( -3.216348338351580960, -4.344999999999998863, 8.409514200253710214 ) ) ;
#1563 = AXIS2_PLACEMENT_3D ( 'NONE', #6597, #2001, #3410 ) ;
#1564 = CARTESIAN_POINT ( 'NONE',  ( -4.805420644797496088, -4.445000000000000284, 7.811918234682375228 ) ) ;
#1565 = PRESENTATION_STYLE_ASSIGNMENT (( #922 ) ) ;
#1566 = CARTESIAN_POINT ( 'NONE',  ( -2.953923300910690219, -4.444999999999998508, 8.222189719021848475 ) ) ;
#1567 = VERTEX_POINT ( 'NONE', #7771 ) ;
#1568 = VECTOR ( 'NONE', #779, 1000.000000000000000 ) ;
#1569 = PRESENTATION_LAYER_ASSIGNMENT (  '', '', ( #4268 ) ) ;
#1570 = EDGE_CURVE ( 'NONE', #4272, #310, #133, .T. ) ;
#1571 = EDGE_CURVE ( 'NONE', #7476, #7554, #6887, .T. ) ;
#1572 = ORIENTED_EDGE ( 'NONE', *, *, #1060, .F. ) ;
#1573 = ORIENTED_EDGE ( 'NONE', *, *, #1413, .F. ) ;
#1574 = DIRECTION ( 'NONE',  ( 0.0000000000000000000, 0.0000000000000000000, -1.000000000000000000 ) ) ;
#1575 =( GEOMETRIC_REPRESENTATION_CONTEXT ( 3 ) GLOBAL_UNCERTAINTY_ASSIGNED_CONTEXT ( ( #3933 ) ) GLOBAL_UNIT_ASSIGNED_CONTEXT ( ( #1769, #4208, #7455 ) ) REPRESENTATION_CONTEXT ( 'NONE', 'WORKASPACE' ) );
#1576 = CARTESIAN_POINT ( 'NONE',  ( 0.4249999999999999889, 3.645000000000000018, 1.201000000000000068 ) ) ;
#1577 = FILL_AREA_STYLE ('',( #3441 ) ) ;
#1578 = CARTESIAN_POINT ( 'NONE',  ( -0.8199999999999999512, -0.4500000000000000111, 1.629999999999999893 ) ) ;
#1579 = FACE_OUTER_BOUND ( 'NONE', #8085, .T. ) ;
#1580 = EDGE_CURVE ( 'NONE', #7125, #1899, #6994, .T. ) ;
#1582 = ORIENTED_EDGE ( 'NONE', *, *, #3586, .T. ) ;
#1581 = STYLED_ITEM ( 'NONE', ( #1356 ), #4319 ) ;
#1583 = FILL_AREA_STYLE_COLOUR ( '', #5789 ) ;
#1584 = ORIENTED_EDGE ( 'NONE', *, *, #1838, .T. ) ;
#1585 = B_SPLINE_CURVE_WITH_KNOTS ( 'NONE', 1,
 ( #97, #610 ),
 .UNSPECIFIED., .F., .F.,
 ( 2, 2 ),
 ( -0.0009881553119099998912, -0.0003481553119099999472 ),
 .UNSPECIFIED. ) ;
#1586 = DIRECTION ( 'NONE',  ( 4.730105980320828689E-17, -0.7071067811865480168, -0.7071067811865470176 ) ) ;
#1587 = CARTESIAN_POINT ( 'NONE',  ( -2.660000000000000142, -1.389999999999999902, 8.800000000000000711 ) ) ;
#1588 = FILL_AREA_STYLE_COLOUR ( '', #7488 ) ;
#1589 = STYLED_ITEM ( 'NONE', ( #3843 ), #4608 ) ;
#1590 = B_SPLINE_CURVE_WITH_KNOTS ( 'NONE', 1,
 ( #8316, #1587 ),
 .UNSPECIFIED., .F., .F.,
 ( 2, 2 ),
 ( 0.0009881553119099998912, 0.001562611576560000038 ),
 .UNSPECIFIED. ) ;
#1591 = B_SPLINE_CURVE_WITH_KNOTS ( 'NONE', 1,
 ( #5058, #4597 ),
 .UNSPECIFIED., .F., .F.,
 ( 2, 2 ),
 ( 0.0000000000000000000, 1.000000000000000000 ),
 .UNSPECIFIED. ) ;
#1592 = CARTESIAN_POINT ( 'NONE',  ( -3.724163119661682231, -4.445000000000000284, 7.369999485204850487 ) ) ;
#1593 = VERTEX_POINT ( 'NONE', #3773 ) ;
#1594 = DIRECTION ( 'NONE',  ( 0.0000000000000000000, -1.000000000000000000, 0.0000000000000000000 ) ) ;
#1595 = EDGE_CURVE ( 'NONE', #106, #3974, #552, .T. ) ;
#1596 = SURFACE_STYLE_USAGE ( .BOTH. , #2879 ) ;
#1597 = SURFACE_SIDE_STYLE ('',( #7290 ) ) ;
#1598 = PRESENTATION_LAYER_ASSIGNMENT (  '', '', ( #3077 ) ) ;
#1599 = ORIENTED_EDGE ( 'NONE', *, *, #2912, .F. ) ;
#1600 = FACE_OUTER_BOUND ( 'NONE', #6399, .T. ) ;
#1601 = CARTESIAN_POINT ( 'NONE',  ( -4.304999999999999716, 3.645000000000000018, 1.629999999999999893 ) ) ;
#1602 = CARTESIAN_POINT ( 'NONE',  ( 4.305000000000002380, -4.495000000000000107, 0.8499999999999999778 ) ) ;
#1603 = ORIENTED_EDGE ( 'NONE', *, *, #6618, .T. ) ;
#1604 = DIRECTION ( 'NONE',  ( 0.0000000000000000000, -1.000000000000000000, 1.337876005766362087E-16 ) ) ;
#1605 = DIRECTION ( 'NONE',  ( 0.8480480961564280662, -0.0000000000000000000, 0.5299192642332017922 ) ) ;
#1606 = CARTESIAN_POINT ( 'NONE',  ( -2.998519472824753063, -4.444999999999997620, 8.527054377416307673 ) ) ;
#1607 = VERTEX_POINT ( 'NONE', #1271 ) ;
#1608 = ORIENTED_EDGE ( 'NONE', *, *, #4809, .T. ) ;
#1609 = B_SPLINE_CURVE_WITH_KNOTS ( 'NONE', 1,
 ( #4052, #203 ),
 .UNSPECIFIED., .F., .F.,
 ( 2, 2 ),
 ( -1.000000000000000000, -0.3497942386831276451 ),
 .UNSPECIFIED. ) ;
#1610 = MECHANICAL_DESIGN_GEOMETRIC_PRESENTATION_REPRESENTATION (  '', ( #5253 ), #7398 ) ;
#1611 = CARTESIAN_POINT ( 'NONE',  ( -7.620000000000000107, 4.445000000000000284, 10.51999999999999957 ) ) ;
#1612 = ADVANCED_FACE ( 'NONE', ( #3845 ), #7478, .T. ) ;
#1613 = DIRECTION ( 'NONE',  ( -0.0000000000000000000, 1.000000000000000000, 0.0000000000000000000 ) ) ;
#1614 = DIRECTION ( 'NONE',  ( 1.000000000000000000, 0.0000000000000000000, 0.0000000000000000000 ) ) ;
#1615 = ORIENTED_EDGE ( 'NONE', *, *, #4566, .F. ) ;
#1616 = LINE ( 'NONE', #4184, #116 ) ;
#1617 =( GEOMETRIC_REPRESENTATION_CONTEXT ( 3 ) GLOBAL_UNCERTAINTY_ASSIGNED_CONTEXT ( ( #4123 ) ) GLOBAL_UNIT_ASSIGNED_CONTEXT ( ( #5325, #2188, #7952 ) ) REPRESENTATION_CONTEXT ( 'NONE', 'WORKASPACE' ) );
#1618 = AXIS2_PLACEMENT_3D ( 'NONE', #7809, #25, #5183 ) ;
#1619 = FILL_AREA_STYLE ('',( #4819 ) ) ;
#1620 = VERTEX_POINT ( 'NONE', #4758 ) ;
#1621 = CARTESIAN_POINT ( 'NONE',  ( -5.155000000000000249, 3.645000000000000018, 1.239999999999999991 ) ) ;
#1622 = ORIENTED_EDGE ( 'NONE', *, *, #5610, .T. ) ;
#1623 = CARTESIAN_POINT ( 'NONE',  ( 4.000000000000000000, 3.915000000000000036, 10.51999999999999957 ) ) ;
#1624 = EDGE_CURVE ( 'NONE', #2902, #4549, #7091, .T. ) ;
#1625 = DIRECTION ( 'NONE',  ( -0.4682379421519014540, -0.4682379421519012874, -0.7493373466328133725 ) ) ;
#1626 = LINE ( 'NONE', #1712, #2147 ) ;
#1627 = B_SPLINE_CURVE_WITH_KNOTS ( 'NONE', 1,
 ( #4336, #1801 ),
 .UNSPECIFIED., .F., .F.,
 ( 2, 2 ),
 ( -1.000000000000000000, 0.0000000000000000000 ),
 .UNSPECIFIED. ) ;
#1628 = FILL_AREA_STYLE_COLOUR ( '', #5521 ) ;
#1629 = CARTESIAN_POINT ( 'NONE',  ( -4.497124772953646321, -4.344999999999998863, 7.603565134194886888 ) ) ;
#1630 = LINE ( 'NONE', #6026, #8143 ) ;
#1631 = AXIS2_PLACEMENT_3D ( 'NONE', #1870, #4559, #6314 ) ;
#1632 = ORIENTED_EDGE ( 'NONE', *, *, #3806, .F. ) ;
#1633 = CARTESIAN_POINT ( 'NONE',  ( -4.809451318086568783, -4.445000000000000284, 7.760100386668233874 ) ) ;
#1634 = ORIENTED_EDGE ( 'NONE', *, *, #1111, .T. ) ;
#1635 = CARTESIAN_POINT ( 'NONE',  ( -4.394366695382836419, -4.445000000000000284, 8.167141579221944170 ) ) ;
#1636 = EDGE_CURVE ( 'NONE', #6466, #1863, #2237, .T. ) ;
#1637 = CARTESIAN_POINT ( 'NONE',  ( 4.000000000000000000, -4.445000000000000284, 1.629999999999999893 ) ) ;
#1638 = MECHANICAL_DESIGN_GEOMETRIC_PRESENTATION_REPRESENTATION (  '', ( #8247 ), #4601 ) ;
#1639 = EDGE_CURVE ( 'NONE', #676, #2520, #323, .T. ) ;
#1640 = DIRECTION ( 'NONE',  ( 0.0000000000000000000, -1.000000000000000000, 0.0000000000000000000 ) ) ;
#1641 = SURFACE_SIDE_STYLE ('',( #3014 ) ) ;
#1642 =( NAMED_UNIT ( * ) SI_UNIT ( $, .STERADIAN. ) SOLID_ANGLE_UNIT ( ) );
#1643 = CARTESIAN_POINT ( 'NONE',  ( -6.570000000000000284, 3.314999999999999947, 9.919999999999999929 ) ) ;
#1644 = CARTESIAN_POINT ( 'NONE',  ( 0.0000000000000000000, 1.137460805572801492, -1.330000000000000071 ) ) ;
#1645 = CARTESIAN_POINT ( 'NONE',  ( -0.3200000000000000067, -0.9499999999999999556, 8.460000000000000853 ) ) ;
#1646 = SURFACE_STYLE_USAGE ( .BOTH. , #6043 ) ;
#1647 = CARTESIAN_POINT ( 'NONE',  ( -4.111330971311492277, -4.344999999999999751, 8.047246622558592577 ) ) ;
#1648 = EDGE_CURVE ( 'NONE', #3468, #6718, #2838, .T. ) ;
#1649 = CARTESIAN_POINT ( 'NONE',  ( -6.570000000000000284, -3.314999999999999947, 9.919999999999999929 ) ) ;
#1650 = ORIENTED_EDGE ( 'NONE', *, *, #5026, .F. ) ;
#1651 = CARTESIAN_POINT ( 'NONE',  ( -4.002266895455593776, -4.344999999999997975, 7.665208616235018368 ) ) ;
#1652 = SURFACE_SIDE_STYLE ('',( #1738 ) ) ;
#1653 = SURFACE_STYLE_FILL_AREA ( #280 ) ;
#1654 = VERTEX_POINT ( 'NONE', #7160 ) ;
#1655 = CARTESIAN_POINT ( 'NONE',  ( -3.322812868476011428, -4.344999999999999751, 7.951398219389565369 ) ) ;
#1656 = CARTESIAN_POINT ( 'NONE',  ( -4.281483820152398145, -4.345000000000000639, 7.352444793968761161 ) ) ;
#1657 = CARTESIAN_POINT ( 'NONE',  ( 2.860000000000000320, -0.9499999999999999556, 8.460000000000000853 ) ) ;
#1658 = ORIENTED_EDGE ( 'NONE', *, *, #6841, .F. ) ;
#1659 = FACE_OUTER_BOUND ( 'NONE', #804, .T. ) ;
#1660 = CLOSED_SHELL ( 'NONE', ( #6228, #4840, #4890, #1363, #1612, #3177, #4261, #4979, #6236, #2234, #1050, #801, #4203, #169, #2286, #3985, #6174, #6126, #1941, #3132, #3584, #22, #2067, #6392, #6341, #6482, #3026, #3426, #8177, #2953, #7633, #849, #1886, #6249, #8017, #7136, #3654, #601, #6227, #8306, #4159, #6572, #5397, #1673, #1233, #2686, #4608, #4202, #7849, #4089, #2778, #6559, #5620, #2843, #3857, #4054, #4319, #3471, #1903, #2100, #4143, #7170, #2076, #5004, #3815, #5510, #4151, #698, #383, #5880, #469, #226, #5810, #8349, #4150, #282, #688, #6988, #3055, #4731, #746, #628, #7778, #1932, #4927, #8138, #8261, #2548, #6480, #224, #7838, #5249, #4723, #504, #5919, #2139, #1244, #639, #5187, #4491, #8094, #5728, #7205, #4248, #3655, #1829, #7605, #3926, #7403, #3574, #4103, #5520, #7043, #1893, #5980, #1966, #1526, #7388, #5133, #5851, #1462, #7788, #5871, #4760, #1735, #4870, #2640, #6726, #7034, #8341, #7887, #7983, #3549, #3719, #1805, #3332, #7514, #8082, #1514, #1019, #1784, #6340, #708, #6434, #5855, #1534, #8070, #2388, #5558, #6137, #6957, #7352, #2399, #2023, #1103, #6276, #5038, #214, #7973, #7984, #4780, #6521, #494, #5289, #6384, #3759, #319, #7930, #3949, #5039, #3772, #1276, #7449, #8340, #1747, #4357, #2277, #7728, #3640, #7333, #5658, #4829, #6560, #5208, #2535, #1330, #4102, #2439, #7740, #7106, #6237, #5446, #3760, #6423, #1931, #5497, #6663, #444, #2753, #4523, #6364, #66, #638, #894, #6676, #4415, #5298, #983, #592, #5631, #5775, #4213, #2235, #4640 ) ) ;
#1661 = ORIENTED_EDGE ( 'NONE', *, *, #2638, .F. ) ;
#1662 = B_SPLINE_CURVE_WITH_KNOTS ( 'NONE', 1,
 ( #7126, #5117 ),
 .UNSPECIFIED., .F., .F.,
 ( 2, 2 ),
 ( 0.0009881553119099998912, 0.001562611576560000038 ),
 .UNSPECIFIED. ) ;
#1663 = CARTESIAN_POINT ( 'NONE',  ( 2.860000000000000320, -1.590000000000000080, 3.720000000000000195 ) ) ;
#1664 = VERTEX_POINT ( 'NONE', #1387 ) ;
#1665 = UNCERTAINTY_MEASURE_WITH_UNIT (LENGTH_MEASURE( 1.000000000000000082E-05 ), #3572, 'distance_accuracy_value', 'NONE');
#1666 =( LENGTH_UNIT ( ) NAMED_UNIT ( * ) SI_UNIT ( .MILLI., .METRE. ) );
#1667 = CARTESIAN_POINT ( 'NONE',  ( -3.262987475153806383, -4.444999999999998508, 7.957742478033253519 ) ) ;
#1668 = CARTESIAN_POINT ( 'NONE',  ( -3.149269604465811501, -4.344999999999999751, 8.654330157141984614 ) ) ;
#1669 = DIRECTION ( 'NONE',  ( 0.0000000000000000000, -1.000000000000000000, 0.0000000000000000000 ) ) ;
#1670 =( NAMED_UNIT ( * ) PLANE_ANGLE_UNIT ( ) SI_UNIT ( $, .RADIAN. ) );
#1671 = VECTOR ( 'NONE', #2584, 1000.000000000000114 ) ;
#1672 = EDGE_LOOP ( 'NONE', ( #7404, #2212, #2943, #3663 ) ) ;
#1673 = ADVANCED_FACE ( 'NONE', ( #748 ), #2719, .T. ) ;
#1674 = VERTEX_POINT ( 'NONE', #1139 ) ;
#1675 = EDGE_LOOP ( 'NONE', ( #1234, #4657, #1305, #1156 ) ) ;
#1676 = CARTESIAN_POINT ( 'NONE',  ( -0.4249999999999989342, -2.794999999999999485, 1.239999999999999547 ) ) ;
#1677 = COLOUR_RGB ( '',0.1019607843137254888, 0.1019607843137254888, 0.1019607843137254888 ) ;
#1678 = LINE ( 'NONE', #3706, #735 ) ;
#1679 = CARTESIAN_POINT ( 'NONE',  ( -4.404966989186255510, -4.444999999999999396, 7.573525126230491900 ) ) ;
#1680 = VERTEX_POINT ( 'NONE', #4253 ) ;
#1681 = FILL_AREA_STYLE ('',( #2978 ) ) ;
#1682 = CARTESIAN_POINT ( 'NONE',  ( -4.371007907637013190, -4.344999999999998863, 7.575510170937068466 ) ) ;
#1683 = UNCERTAINTY_MEASURE_WITH_UNIT (LENGTH_MEASURE( 1.000000000000000082E-05 ), #4708, 'distance_accuracy_value', 'NONE');
#1684 =( GEOMETRIC_REPRESENTATION_CONTEXT ( 3 ) GLOBAL_UNCERTAINTY_ASSIGNED_CONTEXT ( ( #4393 ) ) GLOBAL_UNIT_ASSIGNED_CONTEXT ( ( #3855, #2485, #7664 ) ) REPRESENTATION_CONTEXT ( 'NONE', 'WORKASPACE' ) );
#1685 = EDGE_CURVE ( 'NONE', #7125, #4862, #2723, .T. ) ;
#1686 = EDGE_CURVE ( 'NONE', #1519, #219, #3667, .T. ) ;
#1687 = PRODUCT_DEFINITION_CONTEXT ( 'detailed design', #8367, 'design' ) ;
#1688 = ORIENTED_EDGE ( 'NONE', *, *, #3847, .T. ) ;
#1689 = FACE_OUTER_BOUND ( 'NONE', #2324, .T. ) ;
#1690 = CARTESIAN_POINT ( 'NONE',  ( -4.060623455617770716, -4.445000000000000284, 7.983421721490494782 ) ) ;
#1691 =( NAMED_UNIT ( * ) PLANE_ANGLE_UNIT ( ) SI_UNIT ( $, .RADIAN. ) );
#1692 = ORIENTED_EDGE ( 'NONE', *, *, #4390, .F. ) ;
#1693 = CARTESIAN_POINT ( 'NONE',  ( -3.995530641029204411, -4.344999999999998863, 7.747899959296731254 ) ) ;
#1694 = CARTESIAN_POINT ( 'NONE',  ( -0.1200000000000000094, -1.389999999999999902, 8.959999999999999076 ) ) ;
#1695 = CARTESIAN_POINT ( 'NONE',  ( -2.965120281766244759, -4.344999999999998863, 8.456461175439670797 ) ) ;
#1696 = ORIENTED_EDGE ( 'NONE', *, *, #5083, .F. ) ;
#1697 = EDGE_CURVE ( 'NONE', #1357, #7533, #7794, .T. ) ;
#1698 = VERTEX_POINT ( 'NONE', #3540 ) ;
#1699 = SURFACE_STYLE_USAGE ( .BOTH. , #5676 ) ;
#1700 = PLANE ( 'NONE',  #5074 ) ;
#1701 = PLANE ( 'NONE',  #75 ) ;
#1702 = CARTESIAN_POINT ( 'NONE',  ( -2.419999999999999929, -1.389999999999999902, 8.800000000000000711 ) ) ;
#1703 = ORIENTED_EDGE ( 'NONE', *, *, #6573, .T. ) ;
#1704 = CARTESIAN_POINT ( 'NONE',  ( 2.860000000000000320, -0.9499999999999999556, 2.129999999999999893 ) ) ;
#1705 =( NAMED_UNIT ( * ) PLANE_ANGLE_UNIT ( ) SI_UNIT ( $, .RADIAN. ) );
#1706 = EDGE_LOOP ( 'NONE', ( #7208, #1092, #1573, #7082 ) ) ;
#1707 = COLOUR_RGB ( '',0.1019607843137254888, 0.1019607843137254888, 0.1019607843137254888 ) ;
#1708 = CARTESIAN_POINT ( 'NONE',  ( -3.243704803021725702, -4.445000000000000284, 8.429233843511473978 ) ) ;
#1709 = ORIENTED_EDGE ( 'NONE', *, *, #2833, .T. ) ;
#1710 =( NAMED_UNIT ( * ) PLANE_ANGLE_UNIT ( ) SI_UNIT ( $, .RADIAN. ) );
#1711 = CARTESIAN_POINT ( 'NONE',  ( -3.238677216843533380, -4.445000000000002061, 7.961453472276928345 ) ) ;
#1712 = CARTESIAN_POINT ( 'NONE',  ( -2.220000000000000195, 0.9499999999999999556, -1.029999999999998472 ) ) ;
#1713 =( GEOMETRIC_REPRESENTATION_CONTEXT ( 3 ) GLOBAL_UNCERTAINTY_ASSIGNED_CONTEXT ( ( #6636 ) ) GLOBAL_UNIT_ASSIGNED_CONTEXT ( ( #2215, #6649, #1553 ) ) REPRESENTATION_CONTEXT ( 'NONE', 'WORKASPACE' ) );
#1714 = CARTESIAN_POINT ( 'NONE',  ( -3.215521536564529992, -4.445000000000000284, 8.227575040600877188 ) ) ;
#1715 = FILL_AREA_STYLE ('',( #2916 ) ) ;
#1716 = PLANE ( 'NONE',  #4499 ) ;
#1717 = ORIENTED_EDGE ( 'NONE', *, *, #5668, .F. ) ;
#1718 = CARTESIAN_POINT ( 'NONE',  ( -4.771741569662393267, -4.445000000000001172, 7.931269940384554573 ) ) ;
#1719 = EDGE_LOOP ( 'NONE', ( #583, #760, #2097, #7005 ) ) ;
#1720 = STYLED_ITEM ( 'NONE', ( #1256 ), #4143 ) ;
#1721 = FACE_OUTER_BOUND ( 'NONE', #5671, .T. ) ;
#1722 = LINE ( 'NONE', #5612, #2749 ) ;
#1723 = CARTESIAN_POINT ( 'NONE',  ( -0.3200000000000000067, -0.9499999999999999556, -1.029999999999994920 ) ) ;
#1724 = PLANE ( 'NONE',  #4645 ) ;
#1725 = EDGE_CURVE ( 'NONE', #6028, #3484, #5878, .T. ) ;
#1726 = VECTOR ( 'NONE', #5709, 1000.000000000000000 ) ;
#1727 = ORIENTED_EDGE ( 'NONE', *, *, #5411, .F. ) ;
#1728 = SURFACE_SIDE_STYLE ('',( #8224 ) ) ;
#1729 = SURFACE_STYLE_FILL_AREA ( #7503 ) ;
#1730 = ORIENTED_EDGE ( 'NONE', *, *, #6520, .T. ) ;
#1731 = DIRECTION ( 'NONE',  ( -3.428307264776295207E-16, 1.000000000000000000, 0.0000000000000000000 ) ) ;
#1732 = CARTESIAN_POINT ( 'NONE',  ( -4.205743358427662670, -4.445000000000000284, 8.120633999286063442 ) ) ;
#1733 = CARTESIAN_POINT ( 'NONE',  ( -3.995530641029204411, -4.344999999999999751, 7.747899959296731254 ) ) ;
#1734 = EDGE_CURVE ( 'NONE', #7668, #6333, #3673, .T. ) ;
#1735 = ADVANCED_FACE ( 'NONE', ( #4887 ), #4844, .T. ) ;
#1736 = ORIENTED_EDGE ( 'NONE', *, *, #3367, .T. ) ;
#1737 = DIRECTION ( 'NONE',  ( 1.000000000000000000, 0.0000000000000000000, 0.0000000000000000000 ) ) ;
#1738 = SURFACE_STYLE_FILL_AREA ( #1101 ) ;
#1739 = LINE ( 'NONE', #547, #4554 ) ;
#1740 = VERTEX_POINT ( 'NONE', #2883 ) ;
#1741 = ORIENTED_EDGE ( 'NONE', *, *, #2189, .F. ) ;
#1742 = CARTESIAN_POINT ( 'NONE',  ( -0.3200000000000000067, 0.9499999999999999556, 8.460000000000000853 ) ) ;
#1743 = VECTOR ( 'NONE', #3938, 1000.000000000000000 ) ;
#1744 = EDGE_CURVE ( 'NONE', #4246, #6457, #8229, .T. ) ;
#1745 = CARTESIAN_POINT ( 'NONE',  ( -2.220000000000000195, -1.590000000000000080, 3.720000000000000195 ) ) ;
#1746 = LINE ( 'NONE', #4320, #1767 ) ;
#1747 = ADVANCED_FACE ( 'NONE', ( #7418 ), #7555, .F. ) ;
#1748 = VERTEX_POINT ( 'NONE', #4214 ) ;
#1749 = CARTESIAN_POINT ( 'NONE',  ( 0.3200000000000000622, 0.9499999999999999556, 1.169999999999999929 ) ) ;
#1750 = DIRECTION ( 'NONE',  ( 1.000000000000000000, 0.0000000000000000000, 0.0000000000000000000 ) ) ;
#1752 = ORIENTED_EDGE ( 'NONE', *, *, #6895, .T. ) ;
#1751 = MECHANICAL_DESIGN_GEOMETRIC_PRESENTATION_REPRESENTATION (  '', ( #2271 ), #6459 ) ;
#1753 =( NAMED_UNIT ( * ) PLANE_ANGLE_UNIT ( ) SI_UNIT ( $, .RADIAN. ) );
#1754 = ORIENTED_EDGE ( 'NONE', *, *, #3665, .T. ) ;
#1755 = CARTESIAN_POINT ( 'NONE',  ( -4.987909360668997039, 4.834533315349337279, 11.40900000000000247 ) ) ;
#1756 = CARTESIAN_POINT ( 'NONE',  ( -0.4249999999999999334, 4.495000000000000107, 1.669000000000000483 ) ) ;
#1757 = PRESENTATION_LAYER_ASSIGNMENT (  '', '', ( #3641 ) ) ;
#1758 = EDGE_CURVE ( 'NONE', #416, #6010, #4252, .T. ) ;
#1759 = CARTESIAN_POINT ( 'NONE',  ( -3.203188259074832622, -4.445000000000001172, 8.241904572318876632 ) ) ;
#1760 = CARTESIAN_POINT ( 'NONE',  ( 0.8199999999999999512, 0.4500000000000000111, 1.629999999999999893 ) ) ;
#1761 = EDGE_LOOP ( 'NONE', ( #3064, #8049, #5881, #4265 ) ) ;
#1762 = CARTESIAN_POINT ( 'NONE',  ( 0.0000000000000000000, 1.402539194427200098, -1.330000000000000071 ) ) ;
#1763 = ORIENTED_EDGE ( 'NONE', *, *, #6820, .T. ) ;
#1764 = PRESENTATION_LAYER_ASSIGNMENT (  '', '', ( #8365 ) ) ;
#1765 = FILL_AREA_STYLE_COLOUR ( '', #5119 ) ;
#1766 = CARTESIAN_POINT ( 'NONE',  ( -3.149269604465811501, -4.445000000000000284, 8.654330157141984614 ) ) ;
#1767 = VECTOR ( 'NONE', #7049, 1000.000000000000000 ) ;
#1768 = ORIENTED_EDGE ( 'NONE', *, *, #8222, .F. ) ;
#1769 =( LENGTH_UNIT ( ) NAMED_UNIT ( * ) SI_UNIT ( .MILLI., .METRE. ) );
#1770 =( BOUNDED_CURVE ( )  B_SPLINE_CURVE ( 3, ( #2461, #3757, #6290, #7594 ),
 .UNSPECIFIED., .F., .T. ) 
 B_SPLINE_CURVE_WITH_KNOTS ( ( 4, 4 ),
 ( -11.42516796076939656, -8.283575307179591007 ),
 .UNSPECIFIED. ) 
 CURVE ( )  GEOMETRIC_REPRESENTATION_ITEM ( )  RATIONAL_B_SPLINE_CURVE ( ( 0.9999999999999992228, 0.3333333333333299842, 0.3333333333333307058, 1.000000000000000000 ) ) 
 REPRESENTATION_ITEM ( '' )  );
#1771 = CARTESIAN_POINT ( 'NONE',  ( 2.220000000000000195, -0.9500000000000000666, 3.720000000000000639 ) ) ;
#1772 = UNCERTAINTY_MEASURE_WITH_UNIT (LENGTH_MEASURE( 1.000000000000000082E-05 ), #2939, 'distance_accuracy_value', 'NONE');
#1773 = ORIENTED_EDGE ( 'NONE', *, *, #1265, .T. ) ;
#1774 = CARTESIAN_POINT ( 'NONE',  ( -7.620000000000000107, -1.649999999999999911, 1.629999999999999893 ) ) ;
#1775 = DIRECTION ( 'NONE',  ( 0.0000000000000000000, 1.000000000000000000, 0.0000000000000000000 ) ) ;
#1776 = CARTESIAN_POINT ( 'NONE',  ( -4.276706257159568203, -4.344999999999998863, 8.150775090787442778 ) ) ;
#1777 = CARTESIAN_POINT ( 'NONE',  ( 2.419999999999999929, 1.389999999999999902, 8.959999999999999076 ) ) ;
#1778 = ORIENTED_EDGE ( 'NONE', *, *, #2389, .F. ) ;
#1779 = FILL_AREA_STYLE_COLOUR ( '', #3371 ) ;
#1780 = CARTESIAN_POINT ( 'NONE',  ( -2.859999999999999876, -1.589999999999999858, 3.719999999999999751 ) ) ;
#1781 = PRESENTATION_STYLE_ASSIGNMENT (( #3031 ) ) ;
#1782 = EDGE_LOOP ( 'NONE', ( #7250, #1852, #2722, #4232 ) ) ;
#1783 = ORIENTED_EDGE ( 'NONE', *, *, #6463, .T. ) ;
#1784 = ADVANCED_FACE ( 'NONE', ( #4800 ), #5484, .T. ) ;
#1785 = CARTESIAN_POINT ( 'NONE',  ( 0.3200000000000000067, -0.9499999999999999556, 1.169999999999999929 ) ) ;
#1786 = DIRECTION ( 'NONE',  ( 0.0000000000000000000, -0.9284766908852596368, 0.3713906763541028888 ) ) ;
#1787 = FILL_AREA_STYLE_COLOUR ( '', #1178 ) ;
#1788 = PLANE ( 'NONE',  #5073 ) ;
#1789 = CARTESIAN_POINT ( 'NONE',  ( -0.1200000000000000094, 1.149999999999999911, 8.959999999999999076 ) ) ;
#1790 = CARTESIAN_POINT ( 'NONE',  ( -4.715140766824594820, -4.344999999999999751, 8.055939812620284357 ) ) ;
#1791 = CARTESIAN_POINT ( 'NONE',  ( -3.402179082115840192, -4.344999999999998863, 8.455322286830176282 ) ) ;
#1792 = ORIENTED_EDGE ( 'NONE', *, *, #2438, .F. ) ;
#1793 = CARTESIAN_POINT ( 'NONE',  ( -4.405762011221511898, -4.445000000000000284, 7.946655468110833453 ) ) ;
#1794 = VERTEX_POINT ( 'NONE', #1774 ) ;
#1795 = EDGE_CURVE ( 'NONE', #7120, #6457, #449, .T. ) ;
#1796 = EDGE_CURVE ( 'NONE', #1124, #7470, #5274, .T. ) ;
#1797 = CARTESIAN_POINT ( 'NONE',  ( 2.220000000000000195, 0.9499999999999999556, 2.129999999999999893 ) ) ;
#1798 = CARTESIAN_POINT ( 'NONE',  ( 2.860000000000000320, 1.590000000000000302, -1.029999999999994476 ) ) ;
#1799 = CARTESIAN_POINT ( 'NONE',  ( -2.660000000000000142, -1.389999999999999902, 8.800000000000000711 ) ) ;
#1800 = CARTESIAN_POINT ( 'NONE',  ( -3.186490720958053746, -4.445000000000000284, 8.276702984795548446 ) ) ;
#1801 = CARTESIAN_POINT ( 'NONE',  ( -0.3200000000000000067, -1.590000000000000080, 8.460000000000000853 ) ) ;
#1802 = ORIENTED_EDGE ( 'NONE', *, *, #2537, .T. ) ;
#1803 = CARTESIAN_POINT ( 'NONE',  ( -0.3200000000000000067, 1.590000000000000080, 8.460000000000000853 ) ) ;
#1804 = ORIENTED_EDGE ( 'NONE', *, *, #4741, .F. ) ;
#1805 = ADVANCED_FACE ( 'NONE', ( #1689 ), #407, .T. ) ;
#1806 = B_SPLINE_CURVE_WITH_KNOTS ( 'NONE', 1,
 ( #7289, #4797 ),
 .UNSPECIFIED., .F., .F.,
 ( 2, 2 ),
 ( 0.006898476918019999168, 0.007764502321800000224 ),
 .UNSPECIFIED. ) ;
#1807 = FILL_AREA_STYLE_COLOUR ( '', #82 ) ;
#1808 = FACE_OUTER_BOUND ( 'NONE', #2219, .T. ) ;
#1809 = ORIENTED_EDGE ( 'NONE', *, *, #7459, .T. ) ;
#1810 = PLANE ( 'NONE',  #3605 ) ;
#1811 = COLOUR_RGB ( '',1.000000000000000000, 1.000000000000000000, 1.000000000000000000 ) ;
#1812 = PRESENTATION_STYLE_ASSIGNMENT (( #7596 ) ) ;
#1813 = CARTESIAN_POINT ( 'NONE',  ( -4.380745640190160550, -4.445000000000000284, 8.166788923234291175 ) ) ;
#1814 = CARTESIAN_POINT ( 'NONE',  ( -3.290014857271203130, -4.344999999999999751, 8.190895056435310906 ) ) ;
#1815 = ORIENTED_EDGE ( 'NONE', *, *, #3268, .F. ) ;
#1816 = CARTESIAN_POINT ( 'NONE',  ( -3.995530641029204411, -4.445000000000000284, 7.747899959296731254 ) ) ;
#1817 = AXIS2_PLACEMENT_3D ( 'NONE', #2591, #5798, #6355 ) ;
#1818 = CARTESIAN_POINT ( 'NONE',  ( -0.3819238025859746366, -0.8880761974140249926, -0.9309012005521367650 ) ) ;
#1819 = ORIENTED_EDGE ( 'NONE', *, *, #5250, .T. ) ;
#1820 = EDGE_LOOP ( 'NONE', ( #5837, #5245, #6891, #3515 ) ) ;
#1821 = B_SPLINE_CURVE_WITH_KNOTS ( 'NONE', 1,
 ( #2163, #2700 ),
 .UNSPECIFIED., .F., .F.,
 ( 2, 2 ),
 ( 0.0000000000000000000, 0.6282578875171467292 ),
 .UNSPECIFIED. ) ;
#1822 = CARTESIAN_POINT ( 'NONE',  ( -3.238677216843533380, -4.345000000000001528, 7.961453472276928345 ) ) ;
#1823 = PLANE ( 'NONE',  #6222 ) ;
#1824 =( NAMED_UNIT ( * ) PLANE_ANGLE_UNIT ( ) SI_UNIT ( $, .RADIAN. ) );
#1825 = CARTESIAN_POINT ( 'NONE',  ( -0.3200000000000000067, 1.590000000000000080, 8.460000000000000853 ) ) ;
#1826 = PRESENTATION_STYLE_ASSIGNMENT (( #7609 ) ) ;
#1827 = ORIENTED_EDGE ( 'NONE', *, *, #3997, .F. ) ;
#1828 = CARTESIAN_POINT ( 'NONE',  ( -1.719999999999999973, -0.4500000000000000111, 1.629999999999999893 ) ) ;
#1829 = ADVANCED_FACE ( 'NONE', ( #1600 ), #4168, .T. ) ;
#1830 = PLANE ( 'NONE',  #7105 ) ;
#1831 = ORIENTED_EDGE ( 'NONE', *, *, #4369, .T. ) ;
#1832 = CARTESIAN_POINT ( 'NONE',  ( -4.353916738195831471, -4.444999999999998508, 8.166094309432594400 ) ) ;
#1833 = ORIENTED_EDGE ( 'NONE', *, *, #1371, .F. ) ;
#1834 = CARTESIAN_POINT ( 'NONE',  ( 4.000000000000000000, 3.314999999999999947, 3.720000000000000195 ) ) ;
#1835 = PLANE ( 'NONE',  #7213 ) ;
#1836 = CARTESIAN_POINT ( 'NONE',  ( -4.663350365497768379, -4.345000000000000639, 7.432100130745006084 ) ) ;
#1837 = DIRECTION ( 'NONE',  ( 0.9284766908852591927, 0.0000000000000000000, 0.3713906763541041101 ) ) ;
#1838 = EDGE_CURVE ( 'NONE', #6584, #4423, #3946, .T. ) ;
#1839 = EDGE_CURVE ( 'NONE', #2600, #1698, #8081, .T. ) ;
#1840 = STYLED_ITEM ( 'NONE', ( #2160 ), #3177 ) ;
#1841 = CARTESIAN_POINT ( 'NONE',  ( -1.719999999999999973, -2.089999999999999858, 1.629999999999999893 ) ) ;
#1842 = ORIENTED_EDGE ( 'NONE', *, *, #1685, .T. ) ;
#1843 = DIRECTION ( 'NONE',  ( -1.000000000000000000, 0.0000000000000000000, 0.0000000000000000000 ) ) ;
#1844 = UNCERTAINTY_MEASURE_WITH_UNIT (LENGTH_MEASURE( 1.000000000000000082E-05 ), #7209, 'distance_accuracy_value', 'NONE');
#1845 = ORIENTED_EDGE ( 'NONE', *, *, #3699, .F. ) ;
#1846 = B_SPLINE_CURVE_WITH_KNOTS ( 'NONE', 1,
 ( #1702, #8204 ),
 .UNSPECIFIED., .F., .F.,
 ( 2, 2 ),
 ( 0.0000000000000000000, 1.000000000000000000 ),
 .UNSPECIFIED. ) ;
#1847 = PRESENTATION_LAYER_ASSIGNMENT (  '', '', ( #5343 ) ) ;
#1848 = DIRECTION ( 'NONE',  ( 4.730105980320828689E-17, -0.7071067811865480168, -0.7071067811865470176 ) ) ;
#1849 = CARTESIAN_POINT ( 'NONE',  ( -3.459155774576212483, -4.445000000000000284, 8.692916151871516561 ) ) ;
#1850 =( NAMED_UNIT ( * ) PLANE_ANGLE_UNIT ( ) SI_UNIT ( $, .RADIAN. ) );
#1851 = EDGE_CURVE ( 'NONE', #5246, #3765, #2580, .T. ) ;
#1852 = ORIENTED_EDGE ( 'NONE', *, *, #2089, .F. ) ;
#1854 = CARTESIAN_POINT ( 'NONE',  ( 2.220000000000000195, -0.9499999999999999556, 2.130000000000000782 ) ) ;
#1853 = VECTOR ( 'NONE', #1594, 1000.000000000000000 ) ;
#1855 = CARTESIAN_POINT ( 'NONE',  ( -4.304999999999999716, -3.645000000000000018, 1.668999999999999817 ) ) ;
#1856 = MECHANICAL_DESIGN_GEOMETRIC_PRESENTATION_REPRESENTATION (  '', ( #4268 ), #2767 ) ;
#1857 = SURFACE_STYLE_FILL_AREA ( #8315 ) ;
#1858 = FACE_OUTER_BOUND ( 'NONE', #3533, .T. ) ;
#1859 = CARTESIAN_POINT ( 'NONE',  ( -4.337376698687328336, -4.445000000000001172, 7.934533111434386221 ) ) ;
#1860 = AXIS2_PLACEMENT_3D ( 'NONE', #5685, #1873, #1750 ) ;
#1861 = FACE_OUTER_BOUND ( 'NONE', #962, .T. ) ;
#1862 = EDGE_CURVE ( 'NONE', #5356, #598, #1895, .T. ) ;
#1863 = VERTEX_POINT ( 'NONE', #4473 ) ;
#1864 = CARTESIAN_POINT ( 'NONE',  ( -2.944106110889370687, -4.444999999999999396, 8.327124466659853397 ) ) ;
#1865 = ORIENTED_EDGE ( 'NONE', *, *, #5869, .F. ) ;
#1866 = ORIENTED_EDGE ( 'NONE', *, *, #1989, .F. ) ;
#1867 = LINE ( 'NONE', #3683, #7844 ) ;
#1868 = SURFACE_STYLE_USAGE ( .BOTH. , #8368 ) ;
#1869 = CARTESIAN_POINT ( 'NONE',  ( -2.860000000000000320, -0.9499999999999999556, 1.010000000000000009 ) ) ;
#1870 = CARTESIAN_POINT ( 'NONE',  ( 2.860000000000000320, -0.9499999999999999556, 0.1700000000000000122 ) ) ;
#1871 = COLOUR_RGB ( '',1.000000000000000000, 1.000000000000000000, 1.000000000000000000 ) ;
#1872 = LINE ( 'NONE', #5720, #1338 ) ;
#1873 = DIRECTION ( 'NONE',  ( -0.0000000000000000000, 0.9284766908852596368, 0.3713906763541028888 ) ) ;
#1874 = B_SPLINE_CURVE_WITH_KNOTS ( 'NONE', 1,
 ( #2702, #4671 ),
 .UNSPECIFIED., .F., .F.,
 ( 2, 2 ),
 ( -0.002795000000000000175, 0.0000000000000000000 ),
 .UNSPECIFIED. ) ;
#1875 = VERTEX_POINT ( 'NONE', #7037 ) ;
#1876 = MECHANICAL_DESIGN_GEOMETRIC_PRESENTATION_REPRESENTATION (  '', ( #373 ), #4299 ) ;
#1877 = B_SPLINE_CURVE_WITH_KNOTS ( 'NONE', 1,
 ( #1369, #5218 ),
 .UNSPECIFIED., .F., .F.,
 ( 2, 2 ),
 ( 0.01098000000000000018, 0.01261999999999999927 ),
 .UNSPECIFIED. ) ;
#1878 = EDGE_CURVE ( 'NONE', #2910, #193, #3257, .T. ) ;
#1879 = SURFACE_SIDE_STYLE ('',( #3098 ) ) ;
#1880 = CARTESIAN_POINT ( 'NONE',  ( -4.570454205903606848, -4.344999999999998863, 7.723772140767390049 ) ) ;
#1881 = CARTESIAN_POINT ( 'NONE',  ( -3.181428076926640092, -4.344999999999998863, 8.317400743885405845 ) ) ;
#1882 = COLOUR_RGB ( '',0.1019607843137254888, 0.1019607843137254888, 0.1019607843137254888 ) ;
#1883 = ORIENTED_EDGE ( 'NONE', *, *, #7412, .F. ) ;
#1884 = CARTESIAN_POINT ( 'NONE',  ( -4.405762011221511898, -4.445000000000000284, 7.946655468110833453 ) ) ;
#1885 = VERTEX_POINT ( 'NONE', #8275 ) ;
#1886 = ADVANCED_FACE ( 'NONE', ( #7639 ), #1260, .T. ) ;
#1887 = VECTOR ( 'NONE', #6360, 1000.000000000000000 ) ;
#1888 = PLANE ( 'NONE',  #8037 ) ;
#1889 = DIRECTION ( 'NONE',  ( 0.0000000000000000000, 1.000000000000000000, 0.0000000000000000000 ) ) ;
#1890 = EDGE_LOOP ( 'NONE', ( #3387, #2563, #5777, #1057 ) ) ;
#1891 = PRESENTATION_LAYER_ASSIGNMENT (  '', '', ( #7011 ) ) ;
#1892 = CARTESIAN_POINT ( 'NONE',  ( 4.305000000000002380, 2.794999999999999485, 0.8499999999999999778 ) ) ;
#1893 = ADVANCED_FACE ( 'NONE', ( #3761 ), #3833, .T. ) ;
#1894 = EDGE_CURVE ( 'NONE', #7928, #4611, #2433, .T. ) ;
#1895 = LINE ( 'NONE', #538, #4798 ) ;
#1896 = CARTESIAN_POINT ( 'NONE',  ( -4.307316029047522754, -4.445000000000000284, 7.917704879834534637 ) ) ;
#1897 = MECHANICAL_DESIGN_GEOMETRIC_PRESENTATION_REPRESENTATION (  '', ( #2541 ), #5125 ) ;
#1898 = CARTESIAN_POINT ( 'NONE',  ( -4.113806185577671748, -4.445000000000001172, 7.455422152393479607 ) ) ;
#1899 = VERTEX_POINT ( 'NONE', #5746 ) ;
#1900 =( NAMED_UNIT ( * ) SI_UNIT ( $, .STERADIAN. ) SOLID_ANGLE_UNIT ( ) );
#1901 = VECTOR ( 'NONE', #6234, 1000.000000000000000 ) ;
#1902 = ORIENTED_EDGE ( 'NONE', *, *, #5257, .T. ) ;
#1903 = ADVANCED_FACE ( 'NONE', ( #5180 ), #6937, .T. ) ;
#1904 = CARTESIAN_POINT ( 'NONE',  ( -2.220000000000000195, -1.590000000000000080, 1.969999999999999973 ) ) ;
#1905 = CARTESIAN_POINT ( 'NONE',  ( -3.215521536564529992, -4.445000000000000284, 8.227575040600877188 ) ) ;
#1906 = FILL_AREA_STYLE ('',( #3848 ) ) ;
#1907 = SURFACE_SIDE_STYLE ('',( #1277 ) ) ;
#1908 = EDGE_LOOP ( 'NONE', ( #5057, #5927, #1741, #4822 ) ) ;
#1909 = FACE_OUTER_BOUND ( 'NONE', #3791, .T. ) ;
#1910 = B_SPLINE_CURVE_WITH_KNOTS ( 'NONE', 1,
 ( #496, #1095 ),
 .UNSPECIFIED., .F., .F.,
 ( 2, 2 ),
 ( -1.000000000000000000, 0.0000000000000000000 ),
 .UNSPECIFIED. ) ;
#1911 = CARTESIAN_POINT ( 'NONE',  ( 5.155000000000000249, -3.645000000000000018, 1.239999999999999991 ) ) ;
#1912 = B_SPLINE_CURVE_WITH_KNOTS ( 'NONE', 1,
 ( #3951, #7570 ),
 .UNSPECIFIED., .F., .F.,
 ( 2, 2 ),
 ( 0.08333333333333335646, 0.9166666666666667407 ),
 .UNSPECIFIED. ) ;
#1913 = ORIENTED_EDGE ( 'NONE', *, *, #2030, .T. ) ;
#1914 = ORIENTED_EDGE ( 'NONE', *, *, #236, .F. ) ;
#1915 = DIRECTION ( 'NONE',  ( 0.0000000000000000000, -1.000000000000000000, 0.0000000000000000000 ) ) ;
#1916 = CARTESIAN_POINT ( 'NONE',  ( 4.000000000000000000, 4.445000000000000284, 10.51999999999999957 ) ) ;
#1917 = ORIENTED_EDGE ( 'NONE', *, *, #3805, .T. ) ;
#1918 = CARTESIAN_POINT ( 'NONE',  ( -4.500055440147052721, -4.445000000000000284, 7.917599891102196530 ) ) ;
#1919 = FILL_AREA_STYLE_COLOUR ( '', #799 ) ;
#1920 = CARTESIAN_POINT ( 'NONE',  ( -4.405762011221511898, -4.344999999999998863, 7.946655468110833453 ) ) ;
#1921 = SURFACE_STYLE_FILL_AREA ( #3273 ) ;
#1922 = EDGE_CURVE ( 'NONE', #5629, #4251, #1246, .T. ) ;
#1923 = CARTESIAN_POINT ( 'NONE',  ( -3.322812868476011428, -4.445000000000000284, 7.951398219389565369 ) ) ;
#1924 =( NAMED_UNIT ( * ) SI_UNIT ( $, .STERADIAN. ) SOLID_ANGLE_UNIT ( ) );
#1925 = CARTESIAN_POINT ( 'NONE',  ( -2.860000000000000320, 1.590000000000000080, 3.720000000000000195 ) ) ;
#1926 = SURFACE_STYLE_USAGE ( .BOTH. , #4474 ) ;
#1927 = PRESENTATION_LAYER_ASSIGNMENT (  '', '', ( #3547 ) ) ;
#1928 =( NAMED_UNIT ( * ) SI_UNIT ( $, .STERADIAN. ) SOLID_ANGLE_UNIT ( ) );
#1929 = ORIENTED_EDGE ( 'NONE', *, *, #3898, .T. ) ;
#1930 = DIRECTION ( 'NONE',  ( -0.8480480961564256237, 0.0000000000000000000, 0.5299192642332055669 ) ) ;
#1931 = ADVANCED_FACE ( 'NONE', ( #103 ), #7040, .T. ) ;
#1932 = ADVANCED_FACE ( 'NONE', ( #7807 ), #5389, .T. ) ;
#1933 =( LENGTH_UNIT ( ) NAMED_UNIT ( * ) SI_UNIT ( .MILLI., .METRE. ) );
#1934 = CARTESIAN_POINT ( 'NONE',  ( -5.155000000000000249, 3.645000000000000018, 0.8499999999999999778 ) ) ;
#1935 = ORIENTED_EDGE ( 'NONE', *, *, #4212, .F. ) ;
#1936 = B_SPLINE_CURVE_WITH_KNOTS ( 'NONE', 1,
 ( #730, #582 ),
 .UNSPECIFIED., .F., .F.,
 ( 2, 2 ),
 ( 0.006709999999999999819, 0.01123000000000000040 ),
 .UNSPECIFIED. ) ;
#1937 = CARTESIAN_POINT ( 'NONE',  ( -2.220000000000000195, 0.9499999999999999556, 8.300000000000000711 ) ) ;
#1938 = CARTESIAN_POINT ( 'NONE',  ( -3.369839999999999947, 2.089999999999999858, 1.629999999999999893 ) ) ;
#1939 = ORIENTED_EDGE ( 'NONE', *, *, #2696, .T. ) ;
#1940 = CARTESIAN_POINT ( 'NONE',  ( 6.570000000000000284, 3.314999999999999947, 3.720000000000000195 ) ) ;
#1941 = ADVANCED_FACE ( 'NONE', ( #4966 ), #8099, .T. ) ;
#1942 =( LENGTH_UNIT ( ) NAMED_UNIT ( * ) SI_UNIT ( .MILLI., .METRE. ) );
#1943 = ORIENTED_EDGE ( 'NONE', *, *, #2638, .T. ) ;
#1944 = ORIENTED_EDGE ( 'NONE', *, *, #5334, .T. ) ;
#1945 = STYLED_ITEM ( 'NONE', ( #5643 ), #1233 ) ;
#1946 = CARTESIAN_POINT ( 'NONE',  ( 2.220000000000000195, 1.590000000000000302, -1.029999999999994920 ) ) ;
#1947 = B_SPLINE_CURVE_WITH_KNOTS ( 'NONE', 1,
 ( #621, #8287 ),
 .UNSPECIFIED., .F., .F.,
 ( 2, 2 ),
 ( 0.004259999999999999898, 0.005899999999999999863 ),
 .UNSPECIFIED. ) ;
#1948 = CARTESIAN_POINT ( 'NONE',  ( -3.486716538465101323, -4.445000000000000284, 8.455469570674935653 ) ) ;
#1949 = CARTESIAN_POINT ( 'NONE',  ( -4.764556248556315765, -4.344999999999998863, 7.560599213303063948 ) ) ;
#1950 = FACE_BOUND ( 'NONE', #2008, .T. ) ;
#1951 = B_SPLINE_CURVE_WITH_KNOTS ( 'NONE', 1,
 ( #8207, #2443 ),
 .UNSPECIFIED., .F., .F.,
 ( 2, 2 ),
 ( 0.03261499999999999816, 0.03427999999999999797 ),
 .UNSPECIFIED. ) ;
#1952 =( NAMED_UNIT ( * ) SI_UNIT ( $, .STERADIAN. ) SOLID_ANGLE_UNIT ( ) );
#1953 = EDGE_LOOP ( 'NONE', ( #3681, #3151, #4370, #5045 ) ) ;
#1954 = CARTESIAN_POINT ( 'NONE',  ( -7.620000000000000107, -1.649999999999999911, 8.030000000000001137 ) ) ;
#1955 = LINE ( 'NONE', #481, #2229 ) ;
#1956 = DIRECTION ( 'NONE',  ( 0.0000000000000000000, 0.7071067811865470176, -0.7071067811865480168 ) ) ;
#1957 = CARTESIAN_POINT ( 'NONE',  ( 2.419999999999999929, -1.149999999999999911, 8.959999999999999076 ) ) ;
#1958 = MECHANICAL_DESIGN_GEOMETRIC_PRESENTATION_REPRESENTATION (  '', ( #3854 ), #473 ) ;
#1959 = CARTESIAN_POINT ( 'NONE',  ( -4.144006768467768609, -4.445000000000000284, 7.427634548490990696 ) ) ;
#1960 = CARTESIAN_POINT ( 'NONE',  ( -6.570000000000000284, 1.649999999999999911, 8.030000000000001137 ) ) ;
#1961 = CARTESIAN_POINT ( 'NONE',  ( 5.154999999999997584, 4.495000000000000107, 1.669000000000000483 ) ) ;
#1962 =( GEOMETRIC_REPRESENTATION_CONTEXT ( 3 ) GLOBAL_UNCERTAINTY_ASSIGNED_CONTEXT ( ( #2920 ) ) GLOBAL_UNIT_ASSIGNED_CONTEXT ( ( #1247, #6437, #8338 ) ) REPRESENTATION_CONTEXT ( 'NONE', 'WORKASPACE' ) );
#1963 = MECHANICAL_DESIGN_GEOMETRIC_PRESENTATION_REPRESENTATION (  '', ( #8045 ), #4412 ) ;
#1964 =( LENGTH_UNIT ( ) NAMED_UNIT ( * ) SI_UNIT ( .MILLI., .METRE. ) );
#1965 = CARTESIAN_POINT ( 'NONE',  ( -5.155000000000000249, -3.645000000000000018, 1.629999999999999893 ) ) ;
#1966 = ADVANCED_FACE ( 'NONE', ( #1721 ), #441, .T. ) ;
#1967 = FACE_OUTER_BOUND ( 'NONE', #2525, .T. ) ;
#1968 = CARTESIAN_POINT ( 'NONE',  ( -4.086179637532171505, -4.444999999999999396, 7.485907482637107258 ) ) ;
#1969 = AXIS2_PLACEMENT_3D ( 'NONE', #7523, #6703, #4859 ) ;
#1970 = VERTEX_POINT ( 'NONE', #304 ) ;
#1971 = DIRECTION ( 'NONE',  ( -1.000000000000000000, -0.0000000000000000000, -0.0000000000000000000 ) ) ;
#1972 = FILL_AREA_STYLE ('',( #7199 ) ) ;
#1973 =( LENGTH_UNIT ( ) NAMED_UNIT ( * ) SI_UNIT ( .MILLI., .METRE. ) );
#1974 = CARTESIAN_POINT ( 'NONE',  ( -4.001936512512857647, -4.444999999999999396, 7.833337968355034597 ) ) ;
#1975 = AXIS2_PLACEMENT_3D ( 'NONE', #6412, #5785, #5139 ) ;
#1976 = EDGE_CURVE ( 'NONE', #3691, #3844, #2328, .T. ) ;
#1977 = DIRECTION ( 'NONE',  ( 0.0000000000000000000, 0.0000000000000000000, -1.000000000000000000 ) ) ;
#1978 = ORIENTED_EDGE ( 'NONE', *, *, #4530, .F. ) ;
#1979 = SURFACE_STYLE_USAGE ( .BOTH. , #7780 ) ;
#1980 = ORIENTED_EDGE ( 'NONE', *, *, #1005, .F. ) ;
#1981 = EDGE_CURVE ( 'NONE', #8098, #2481, #4920, .T. ) ;
#1982 = EDGE_CURVE ( 'NONE', #7257, #6333, #8180, .T. ) ;
#1983 = VECTOR ( 'NONE', #5354, 1000.000000000000000 ) ;
#1984 = FACE_OUTER_BOUND ( 'NONE', #1890, .T. ) ;
#1985 = CARTESIAN_POINT ( 'NONE',  ( -4.415825784727532621, -4.445000000000001172, 7.574183753022499133 ) ) ;
#1986 =( LENGTH_UNIT ( ) NAMED_UNIT ( * ) SI_UNIT ( .MILLI., .METRE. ) );
#1987 = VERTEX_POINT ( 'NONE', #2922 ) ;
#1988 = CARTESIAN_POINT ( 'NONE',  ( -4.570727413365819558, -4.445000000000000284, 7.798944621580455205 ) ) ;
#1989 = EDGE_CURVE ( 'NONE', #2322, #4058, #7692, .T. ) ;
#1990 = DIRECTION ( 'NONE',  ( 0.0000000000000000000, 0.0000000000000000000, 1.000000000000000000 ) ) ;
#1991 = PRESENTATION_STYLE_ASSIGNMENT (( #136 ) ) ;
#1992 = DIRECTION ( 'NONE',  ( 0.0000000000000000000, -0.8480480961564261788, 0.5299192642332045677 ) ) ;
#1993 = DIRECTION ( 'NONE',  ( -0.0000000000000000000, 1.000000000000000000, 0.0000000000000000000 ) ) ;
#1994 = DIRECTION ( 'NONE',  ( 0.0000000000000000000, 1.000000000000000000, 0.0000000000000000000 ) ) ;
#1995 = DIRECTION ( 'NONE',  ( -0.7071067811865470176, 0.0000000000000000000, 0.7071067811865480168 ) ) ;
#1996 = CARTESIAN_POINT ( 'NONE',  ( -2.860000000000000320, -0.9499999999999999556, 3.720000000000000639 ) ) ;
#1997 = B_SPLINE_CURVE_WITH_KNOTS ( 'NONE', 3,
 ( #7203, #5240, #8328, #2516, #7821, #7161, #4519, #5113, #1905, #5153, #113, #1272, #3846, #622, #5799 ),
 .UNSPECIFIED., .F., .F.,
 ( 4, 1, 1, 1, 1, 1, 1, 1, 1, 1, 1, 1, 4 ),
 ( 0.0000000000000000000, 0.1551595916613864312, 0.2854959537028894934, 0.3905028055298593870, 0.4709750446262401802, 0.5384455267337445727, 0.6036553403941761209, 0.6665871693156267819, 0.7301989498864842609, 0.7949446749029764892, 0.8602284365898026364, 0.9281207061405482017, 1.000000000000000000 ),
 .UNSPECIFIED. ) ;
#1998 = CARTESIAN_POINT ( 'NONE',  ( -5.155000000000000249, -3.645000000000000018, 0.8499999999999999778 ) ) ;
#1999 = ORIENTED_EDGE ( 'NONE', *, *, #4472, .T. ) ;
#2000 = AXIS2_PLACEMENT_3D ( 'NONE', #3920, #4525, #7824 ) ;
#2001 = DIRECTION ( 'NONE',  ( 0.0000000000000000000, -1.000000000000000000, 0.0000000000000000000 ) ) ;
#2002 = CARTESIAN_POINT ( 'NONE',  ( 2.220000000000000195, -1.590000000000000080, -1.029999999999994476 ) ) ;
#2003 = CARTESIAN_POINT ( 'NONE',  ( -6.570000000000000284, -1.649999999999999911, 3.720000000000000195 ) ) ;
#2004 = PLANE ( 'NONE',  #5256 ) ;
#2005 = FACE_OUTER_BOUND ( 'NONE', #6668, .T. ) ;
#2006 = PRESENTATION_LAYER_ASSIGNMENT (  '', '', ( #5673 ) ) ;
#2007 = STYLED_ITEM ( 'NONE', ( #7630 ), #6423 ) ;
#2008 = EDGE_LOOP ( 'NONE', ( #6722, #6051, #2562, #239 ) ) ;
#2009 = CARTESIAN_POINT ( 'NONE',  ( 2.220000000000000195, -0.9499999999999999556, 1.169999999999999929 ) ) ;
#2010 = CARTESIAN_POINT ( 'NONE',  ( -4.111330971311492277, -4.344999999999999751, 8.047246622558592577 ) ) ;
#2011 = EDGE_LOOP ( 'NONE', ( #975, #4830, #1377, #7897 ) ) ;
#2012 = STYLED_ITEM ( 'NONE', ( #7991 ), #6676 ) ;
#2013 = CARTESIAN_POINT ( 'NONE',  ( -3.309338195090524515, -4.445000000000002061, 8.449152572117929694 ) ) ;
#2014 = CARTESIAN_POINT ( 'NONE',  ( -4.305000000000002380, -4.495000000000000107, 0.8499999999999999778 ) ) ;
#2015 = CARTESIAN_POINT ( 'NONE',  ( -4.232977222225785319, -4.445000000000000284, 7.761415333896089841 ) ) ;
#2016 = B_SPLINE_CURVE_WITH_KNOTS ( 'NONE', 1,
 ( #6265, #4989 ),
 .UNSPECIFIED., .F., .F.,
 ( 2, 2 ),
 ( 0.02830500000000000030, 0.02997000000000000011 ),
 .UNSPECIFIED. ) ;
#2017 = B_SPLINE_CURVE_WITH_KNOTS ( 'NONE', 1,
 ( #7773, #7048 ),
 .UNSPECIFIED., .F., .F.,
 ( 2, 2 ),
 ( -0.001186129567679999972, -0.0003201041638899999701 ),
 .UNSPECIFIED. ) ;
#2018 = CARTESIAN_POINT ( 'NONE',  ( -4.720196970463645059, -4.344999999999998863, 7.493105246182955703 ) ) ;
#2019 = ORIENTED_EDGE ( 'NONE', *, *, #1976, .T. ) ;
#2020 = PRESENTATION_STYLE_ASSIGNMENT (( #1979 ) ) ;
#2021 = VECTOR ( 'NONE', #6785, 1000.000000000000000 ) ;
#2022 = LINE ( 'NONE', #2597, #5230 ) ;
#2023 = ADVANCED_FACE ( 'NONE', ( #2206 ), #7450, .T. ) ;
#2024 = ORIENTED_EDGE ( 'NONE', *, *, #3698, .F. ) ;
#2025 = ORIENTED_EDGE ( 'NONE', *, *, #7044, .T. ) ;
#2026 = CARTESIAN_POINT ( 'NONE',  ( 0.3200000000000000067, 0.9499999999999999556, 1.169999999999999929 ) ) ;
#2027 = DIRECTION ( 'NONE',  ( 0.0000000000000000000, -1.000000000000000000, 0.0000000000000000000 ) ) ;
#2028 = CARTESIAN_POINT ( 'NONE',  ( -2.419999999999999929, -0.9461600000000000010, 8.800000000000000711 ) ) ;
#2029 = CARTESIAN_POINT ( 'NONE',  ( -4.000000000000000000, -3.915000000000000036, 10.51999999999999957 ) ) ;
#2030 = EDGE_CURVE ( 'NONE', #543, #3863, #5213, .T. ) ;
#2031 = EDGE_CURVE ( 'NONE', #416, #2190, #2034, .T. ) ;
#2032 = VERTEX_POINT ( 'NONE', #4343 ) ;
#2033 = SURFACE_SIDE_STYLE ('',( #7959 ) ) ;
#2034 = B_SPLINE_CURVE_WITH_KNOTS ( 'NONE', 1,
 ( #1039, #3620 ),
 .UNSPECIFIED., .F., .F.,
 ( 2, 2 ),
 ( -0.0008004889216299999888, 6.553648215000030825E-05 ),
 .UNSPECIFIED. ) ;
#2035 = B_SPLINE_CURVE_WITH_KNOTS ( 'NONE', 3,
 ( #3303, #1285, #8260, #5079, #2451, #602, #3264, #7621, #1836, #3893, #5813, #4416, #1949, #3180, #5771, #5165, #7745, #2528, #5126 ),
 .UNSPECIFIED., .F., .F.,
 ( 4, 1, 1, 1, 1, 1, 1, 1, 1, 1, 1, 1, 1, 1, 1, 1, 4 ),
 ( 0.0000000000000000000, 0.06648593787487708240, 0.1307356009388765117, 0.1932868395043459142, 0.2552914267067072918, 0.3165376028954668408, 0.3788667103911639855, 0.4418772064706723568, 0.5071174914664500211, 0.5722713919203370470, 0.6354271335389657382, 0.6968172524575662052, 0.7573566333814834017, 0.8172651168318797454, 0.8771342994595145992, 0.9380198203164548110, 1.000000000000000000 ),
 .UNSPECIFIED. ) ;
#2036 = CARTESIAN_POINT ( 'NONE',  ( 5.154999999999996696, -2.795000000000001705, 1.239999999999999547 ) ) ;
#2037 = CARTESIAN_POINT ( 'NONE',  ( -0.3200000000000000067, 1.590000000000000080, 1.169999999999999929 ) ) ;
#2038 = CARTESIAN_POINT ( 'NONE',  ( -6.570000000000000284, 3.314999999999999947, 3.720000000000000195 ) ) ;
#2039 = CARTESIAN_POINT ( 'NONE',  ( -2.860000000000000320, -1.590000000000000080, -1.029999999999998028 ) ) ;
#2040 = DIRECTION ( 'NONE',  ( 0.0000000000000000000, -0.8480480961564276221, 0.5299192642332023473 ) ) ;
#2041 = CARTESIAN_POINT ( 'NONE',  ( -4.299900000000000055, 3.214900000000000091, 1.239999999999999991 ) ) ;
#2042 = EDGE_CURVE ( 'NONE', #4549, #3769, #6196, .T. ) ;
#2043 = CARTESIAN_POINT ( 'NONE',  ( -3.217204068513177972, -4.344999999999998863, 7.966796026337330083 ) ) ;
#2044 = SURFACE_SIDE_STYLE ('',( #7847 ) ) ;
#2045 = EDGE_LOOP ( 'NONE', ( #2827, #8335, #713, #6139 ) ) ;
#2046 = FILL_AREA_STYLE_COLOUR ( '', #6666 ) ;
#2047 = CARTESIAN_POINT ( 'NONE',  ( -4.041364886809619250, -4.445000000000000284, 7.552709405457360248 ) ) ;
#2048 = CARTESIAN_POINT ( 'NONE',  ( 3.360000000000000320, -2.089999999999999858, 1.629999999999999893 ) ) ;
#2049 = ORIENTED_EDGE ( 'NONE', *, *, #2077, .T. ) ;
#2050 = CARTESIAN_POINT ( 'NONE',  ( 2.158076197414024566, -0.8880761974140238824, -0.9309012005521355437 ) ) ;
#2051 = CARTESIAN_POINT ( 'NONE',  ( -4.308924791567536161, -4.445000000000000284, 7.602846860489460568 ) ) ;
#2052 = CARTESIAN_POINT ( 'NONE',  ( 7.620000000000000107, -1.649999999999999911, 1.629999999999999893 ) ) ;
#2053 = ORIENTED_EDGE ( 'NONE', *, *, #4511, .T. ) ;
#2054 = AXIS2_PLACEMENT_3D ( 'NONE', #6506, #3227, #3183 ) ;
#2055 = PRESENTATION_STYLE_ASSIGNMENT (( #7859 ) ) ;
#2056 = CARTESIAN_POINT ( 'NONE',  ( -5.155000000000000249, -3.645000000000000018, 1.668999999999999817 ) ) ;
#2057 = DIRECTION ( 'NONE',  ( -0.0000000000000000000, 1.000000000000000000, -0.0000000000000000000 ) ) ;
#2058 = FACE_OUTER_BOUND ( 'NONE', #5641, .T. ) ;
#2059 = ORIENTED_EDGE ( 'NONE', *, *, #5960, .F. ) ;
#2060 = CARTESIAN_POINT ( 'NONE',  ( 2.220000000000000195, -0.9500000000000000666, 3.720000000000000639 ) ) ;
#2061 = STYLED_ITEM ( 'NONE', ( #8196 ), #601 ) ;
#2062 = ORIENTED_EDGE ( 'NONE', *, *, #4481, .T. ) ;
#2063 = ORIENTED_EDGE ( 'NONE', *, *, #2149, .T. ) ;
#2064 = B_SPLINE_CURVE_WITH_KNOTS ( 'NONE', 1,
 ( #468, #3738 ),
 .UNSPECIFIED., .F., .F.,
 ( 2, 2 ),
 ( 0.0000000000000000000, 1.000000000000000000 ),
 .UNSPECIFIED. ) ;
#2065 = CARTESIAN_POINT ( 'NONE',  ( -4.304999999999999716, 3.645000000000000018, 1.668999999999999817 ) ) ;
#2066 = B_SPLINE_CURVE_WITH_KNOTS ( 'NONE', 1,
 ( #6446, #4501 ),
 .UNSPECIFIED., .F., .F.,
 ( 2, 2 ),
 ( -0.001806093129679999963, -0.001166093129679999802 ),
 .UNSPECIFIED. ) ;
#2067 = ADVANCED_FACE ( 'NONE', ( #2828 ), #2970, .T. ) ;
#2068 = CARTESIAN_POINT ( 'NONE',  ( -2.860000000000000320, 1.590000000000000080, 2.130000000000000782 ) ) ;
#2069 = CARTESIAN_POINT ( 'NONE',  ( -3.000046533715014618, -4.445000000000000284, 8.114717427574341002 ) ) ;
#2070 = FILL_AREA_STYLE_COLOUR ( '', #7676 ) ;
#2071 = DIRECTION ( 'NONE',  ( -0.0000000000000000000, 1.000000000000000000, 0.0000000000000000000 ) ) ;
#2072 = ORIENTED_EDGE ( 'NONE', *, *, #3847, .F. ) ;
#2073 = DIRECTION ( 'NONE',  ( 0.0000000000000000000, 0.0000000000000000000, 1.000000000000000000 ) ) ;
#2074 = UNCERTAINTY_MEASURE_WITH_UNIT (LENGTH_MEASURE( 1.000000000000000082E-05 ), #1973, 'distance_accuracy_value', 'NONE');
#2075 = DIRECTION ( 'NONE',  ( -0.4682379421518997886, 0.4682379421518990670, -0.7493373466328159260 ) ) ;
#2076 = ADVANCED_FACE ( 'NONE', ( #3190 ), #6989, .T. ) ;
#2077 = EDGE_CURVE ( 'NONE', #4935, #514, #4756, .T. ) ;
#2078 = CARTESIAN_POINT ( 'NONE',  ( -2.220000000000000195, -0.9499999999999999556, 1.169999999999999929 ) ) ;
#2079 = DIRECTION ( 'NONE',  ( 0.0000000000000000000, 0.0000000000000000000, -1.000000000000000000 ) ) ;
#2080 = DIRECTION ( 'NONE',  ( 1.000000000000000000, 0.0000000000000000000, 0.0000000000000000000 ) ) ;
#2081 = CARTESIAN_POINT ( 'NONE',  ( 3.360000000000000320, 2.099839999999999929, 1.629999999999999893 ) ) ;
#2082 = CARTESIAN_POINT ( 'NONE',  ( 0.3200000000000000067, 1.590000000000000080, 8.460000000000000853 ) ) ;
#2083 = CARTESIAN_POINT ( 'NONE',  ( -6.570000000000000284, -3.314999999999999947, 3.720000000000000195 ) ) ;
#2084 = ORIENTED_EDGE ( 'NONE', *, *, #3865, .T. ) ;
#2085 = CARTESIAN_POINT ( 'NONE',  ( -4.232977222225785319, -4.445000000000000284, 7.761415333896089841 ) ) ;
#2086 = DIRECTION ( 'NONE',  ( 0.0000000000000000000, -0.8480480961564259568, 0.5299192642332050118 ) ) ;
#2087 = EDGE_CURVE ( 'NONE', #6315, #2349, #118, .T. ) ;
#2088 = DIRECTION ( 'NONE',  ( 0.0000000000000000000, 0.0000000000000000000, -1.000000000000000000 ) ) ;
#2089 = EDGE_CURVE ( 'NONE', #3165, #6536, #1955, .T. ) ;
#2090 =( NAMED_UNIT ( * ) SI_UNIT ( $, .STERADIAN. ) SOLID_ANGLE_UNIT ( ) );
#2091 = FILL_AREA_STYLE_COLOUR ( '', #3319 ) ;
#2092 = SURFACE_SIDE_STYLE ('',( #5270 ) ) ;
#2093 =( NAMED_UNIT ( * ) SI_UNIT ( $, .STERADIAN. ) SOLID_ANGLE_UNIT ( ) );
#2094 = DIRECTION ( 'NONE',  ( 1.000000000000000000, 0.0000000000000000000, 0.0000000000000000000 ) ) ;
#2095 = COLOUR_RGB ( '',0.1019607843137254888, 0.1019607843137254888, 0.1019607843137254888 ) ;
#2096 = CARTESIAN_POINT ( 'NONE',  ( -4.570727413365819558, -4.344999999999998863, 7.798944621580455205 ) ) ;
#2097 = ORIENTED_EDGE ( 'NONE', *, *, #2844, .F. ) ;
#2098 = CARTESIAN_POINT ( 'NONE',  ( -4.400461864319803240, -4.445000000000000284, 7.336078545033910991 ) ) ;
#2099 = FACE_OUTER_BOUND ( 'NONE', #7564, .T. ) ;
#2100 = ADVANCED_FACE ( 'NONE', ( #3826 ), #5163, .T. ) ;
#2101 = AXIS2_PLACEMENT_3D ( 'NONE', #5147, #1930, #5866 ) ;
#2102 = STYLED_ITEM ( 'NONE', ( #4802 ), #2439 ) ;
#2103 = CARTESIAN_POINT ( 'NONE',  ( -4.597415474915649725, -4.445000000000001172, 7.384542646637330954 ) ) ;
#2104 = EDGE_LOOP ( 'NONE', ( #3910, #5579, #7573, #7346 ) ) ;
#2105 = ORIENTED_EDGE ( 'NONE', *, *, #5241, .T. ) ;
#2106 = MECHANICAL_DESIGN_GEOMETRIC_PRESENTATION_REPRESENTATION (  '', ( #5773 ), #4663 ) ;
#2107 = ORIENTED_EDGE ( 'NONE', *, *, #2705, .F. ) ;
#2108 = SURFACE_STYLE_USAGE ( .BOTH. , #4049 ) ;
#2109 = CARTESIAN_POINT ( 'NONE',  ( -4.281399556602901946, -4.345000000000000639, 7.894317055074902889 ) ) ;
#2110 = CARTESIAN_POINT ( 'NONE',  ( -3.104255022388380247, -4.444999999999999396, 8.015417771666275115 ) ) ;
#2111 = PRESENTATION_LAYER_ASSIGNMENT (  '', '', ( #1581 ) ) ;
#2112 = DIRECTION ( 'NONE',  ( 1.000000000000000000, 0.0000000000000000000, 0.0000000000000000000 ) ) ;
#2113 = LINE ( 'NONE', #5975, #3281 ) ;
#2114 = ORIENTED_EDGE ( 'NONE', *, *, #2833, .F. ) ;
#2115 = CARTESIAN_POINT ( 'NONE',  ( -0.4250000000000008216, 4.495000000000000107, 1.630000000000000338 ) ) ;
#2116 = ORIENTED_EDGE ( 'NONE', *, *, #5457, .F. ) ;
#2117 = AXIS2_PLACEMENT_3D ( 'NONE', #1258, #3238, #3154 ) ;
#2118 = CARTESIAN_POINT ( 'NONE',  ( -2.863839999999999719, 1.389999999999999902, 8.800000000000000711 ) ) ;
#2119 = CARTESIAN_POINT ( 'NONE',  ( 5.155000000000000249, 3.645000000000000018, 1.201000000000000068 ) ) ;
#2120 = CARTESIAN_POINT ( 'NONE',  ( 2.220000000000000195, 0.9499999999999999556, 0.1700000000000000122 ) ) ;
#2121 = CARTESIAN_POINT ( 'NONE',  ( 6.570000000000000284, -3.314999999999999947, 3.720000000000000195 ) ) ;
#2122 = B_SPLINE_CURVE_WITH_KNOTS ( 'NONE', 1,
 ( #5229, #2506 ),
 .UNSPECIFIED., .F., .F.,
 ( 2, 2 ),
 ( 0.0000000000000000000, 1.000000000000000000 ),
 .UNSPECIFIED. ) ;
#2123 = CARTESIAN_POINT ( 'NONE',  ( -3.246372422656736312, -4.344999999999998863, 8.205117178658710486 ) ) ;
#2124 = CARTESIAN_POINT ( 'NONE',  ( 2.672539194427198339, 1.137460805572801492, -1.330000000000000071 ) ) ;
#2125 = VECTOR ( 'NONE', #6903, 1000.000000000000000 ) ;
#2126 = PLANE ( 'NONE',  #7052 ) ;
#2127 = ORIENTED_EDGE ( 'NONE', *, *, #3349, .T. ) ;
#2128 = B_SPLINE_CURVE_WITH_KNOTS ( 'NONE', 1,
 ( #2852, #1065 ),
 .UNSPECIFIED., .F., .F.,
 ( 2, 2 ),
 ( -0.6282578875171467292, 0.0000000000000000000 ),
 .UNSPECIFIED. ) ;
#2129 = CARTESIAN_POINT ( 'NONE',  ( -4.304999999999999716, -3.645000000000000018, 1.201000000000000068 ) ) ;
#2130 = EDGE_CURVE ( 'NONE', #5462, #3677, #5582, .T. ) ;
#2131 = EDGE_LOOP ( 'NONE', ( #423, #2948, #3528, #5536 ) ) ;
#2132 = STYLED_ITEM ( 'NONE', ( #3894 ), #5775 ) ;
#2133 = SURFACE_STYLE_FILL_AREA ( #5390 ) ;
#2134 = CARTESIAN_POINT ( 'NONE',  ( -0.1325391944272001910, -1.402539194427200098, -1.330000000000000071 ) ) ;
#2135 = PLANE ( 'NONE',  #6156 ) ;
#2136 = ORIENTED_EDGE ( 'NONE', *, *, #7713, .F. ) ;
#2137 = DIRECTION ( 'NONE',  ( -0.0000000000000000000, 1.000000000000000000, 0.0000000000000000000 ) ) ;
#2138 = EDGE_CURVE ( 'NONE', #3863, #543, #2870, .T. ) ;
#2139 = ADVANCED_FACE ( 'NONE', ( #327 ), #93, .T. ) ;
#2140 = ORIENTED_EDGE ( 'NONE', *, *, #6284, .F. ) ;
#2141 = CARTESIAN_POINT ( 'NONE',  ( -4.744226898455215391, -4.445000000000001172, 7.526216174327334585 ) ) ;
#2142 = CARTESIAN_POINT ( 'NONE',  ( 0.0000000000000000000, 1.137460805572801492, -1.330000000000000071 ) ) ;
#2143 = LINE ( 'NONE', #4650, #489 ) ;
#2144 =( GEOMETRIC_REPRESENTATION_CONTEXT ( 3 ) GLOBAL_UNCERTAINTY_ASSIGNED_CONTEXT ( ( #562 ) ) GLOBAL_UNIT_ASSIGNED_CONTEXT ( ( #2581, #3989, #5748 ) ) REPRESENTATION_CONTEXT ( 'NONE', 'WORKASPACE' ) );
#2145 = ORIENTED_EDGE ( 'NONE', *, *, #6930, .F. ) ;
#2146 = CARTESIAN_POINT ( 'NONE',  ( -3.125797326398365605, -4.445000000000000284, 8.643326422863202296 ) ) ;
#2148 = ORIENTED_EDGE ( 'NONE', *, *, #6172, .F. ) ;
#2147 = VECTOR ( 'NONE', #6852, 1000.000000000000000 ) ;
#2149 = EDGE_CURVE ( 'NONE', #3095, #2232, #5362, .T. ) ;
#2150 = ORIENTED_EDGE ( 'NONE', *, *, #7713, .T. ) ;
#2151 = CARTESIAN_POINT ( 'NONE',  ( -4.086179637532171505, -4.344999999999998863, 7.485907482637107258 ) ) ;
#2152 = DIRECTION ( 'NONE',  ( 0.0000000000000000000, 0.0000000000000000000, -1.000000000000000000 ) ) ;
#2153 = CARTESIAN_POINT ( 'NONE',  ( -0.3200000000000000067, -0.9500000000000000666, 3.720000000000000639 ) ) ;
#2154 = B_SPLINE_CURVE_WITH_KNOTS ( 'NONE', 1,
 ( #338, #174 ),
 .UNSPECIFIED., .F., .F.,
 ( 2, 2 ),
 ( 0.002826129567679999937, 0.003692154971469999939 ),
 .UNSPECIFIED. ) ;
#2155 = DIRECTION ( 'NONE',  ( 0.0000000000000000000, 1.000000000000000000, 0.0000000000000000000 ) ) ;
#2156 = ORIENTED_EDGE ( 'NONE', *, *, #7675, .F. ) ;
#2157 = B_SPLINE_CURVE_WITH_KNOTS ( 'NONE', 3,
 ( #7657, #4407, #5639, #4451, #3090, #1018, #3604, #1153, #512, #4323, #6179, #377, #8165, #1790, #2313 ),
 .UNSPECIFIED., .F., .F.,
 ( 4, 1, 1, 1, 1, 1, 1, 1, 1, 1, 1, 1, 4 ),
 ( 0.0000000000000000000, 0.09253783465933010377, 0.1855907730267348510, 0.2795524791599534598, 0.3756022954876785946, 0.4276167156194841112, 0.4871168707665578523, 0.5541989278073831127, 0.6286239860240614430, 0.7096875605186867553, 0.7991807418287647513, 0.8953573266116932050, 1.000000000000000000 ),
 .UNSPECIFIED. ) ;
#2158 = VECTOR ( 'NONE', #5028, 1000.000000000000000 ) ;
#2159 = FACE_OUTER_BOUND ( 'NONE', #2618, .T. ) ;
#2160 = PRESENTATION_STYLE_ASSIGNMENT (( #215 ) ) ;
#2161 =( NAMED_UNIT ( * ) PLANE_ANGLE_UNIT ( ) SI_UNIT ( $, .RADIAN. ) );
#2162 =( LENGTH_UNIT ( ) NAMED_UNIT ( * ) SI_UNIT ( .MILLI., .METRE. ) );
#2163 = CARTESIAN_POINT ( 'NONE',  ( -2.220000000000000195, -0.9499999999999999556, 8.300000000000000711 ) ) ;
#2164 = B_SPLINE_SURFACE_WITH_KNOTS ( 'NONE', 3, 1, ( 
 ( #3316, #2043 ),
 ( #3361, #99 ),
 ( #6593, #5140 ),
 ( #4632, #5177 ),
 ( #6553, #7718 ),
 ( #1923, #3275 ),
 ( #1336, #4505 ),
 ( #5944, #5826 ),
 ( #7185, #6485 ),
 ( #3871, #5853 ),
 ( #55, #1411 ) ),
 .UNSPECIFIED., .F., .F., .F.,
 ( 4, 1, 1, 1, 1, 1, 1, 1, 4 ),
 ( 2, 2 ),
 ( 0.0000000000000000000, 0.07737274949468417318, 0.1676142909211562060, 0.2721083165199026377, 0.3900159922754485864, 0.5213633102089996196, 0.6672722540317912454, 0.8268095210701719155, 1.000000000000000000 ),
 ( 0.0000000000000000000, 1.000000000000000000 ),
 .UNSPECIFIED. ) ;
#2165 = CARTESIAN_POINT ( 'NONE',  ( -0.3200000000000000067, 1.590000000000000080, 2.130000000000001226 ) ) ;
#2166 = CARTESIAN_POINT ( 'NONE',  ( -5.155000000000000249, -3.645000000000000018, 1.668999999999999817 ) ) ;
#2167 = ORIENTED_EDGE ( 'NONE', *, *, #5610, .F. ) ;
#2168 = CARTESIAN_POINT ( 'NONE',  ( -4.233598394871719961, -4.445000000000000284, 7.774185397179568469 ) ) ;
#2169 = SURFACE_SIDE_STYLE ('',( #2709 ) ) ;
#2170 = B_SPLINE_CURVE_WITH_KNOTS ( 'NONE', 1,
 ( #4700, #3437 ),
 .UNSPECIFIED., .F., .F.,
 ( 2, 2 ),
 ( 0.005579999999999999891, 0.006709999999999999819 ),
 .UNSPECIFIED. ) ;
#2171 = PRESENTATION_STYLE_ASSIGNMENT (( #7971 ) ) ;
#2172 = EDGE_CURVE ( 'NONE', #4709, #2704, #1366, .T. ) ;
#2173 = ORIENTED_EDGE ( 'NONE', *, *, #7448, .F. ) ;
#2174 = CARTESIAN_POINT ( 'NONE',  ( -3.486716538465101323, -4.344999999999999751, 8.184102049307414362 ) ) ;
#2175 = SURFACE_STYLE_USAGE ( .BOTH. , #1597 ) ;
#2176 = ORIENTED_EDGE ( 'NONE', *, *, #4031, .F. ) ;
#2177 = CARTESIAN_POINT ( 'NONE',  ( -0.4249999999999999889, -3.645000000000000018, 0.8499999999999999778 ) ) ;
#2178 = CARTESIAN_POINT ( 'NONE',  ( -2.672539194427200115, 0.0000000000000000000, -1.330000000000000071 ) ) ;
#2179 = CARTESIAN_POINT ( 'NONE',  ( 0.3200000000000000067, -1.590000000000000080, 3.720000000000000195 ) ) ;
#2180 = EDGE_CURVE ( 'NONE', #5687, #3691, #8075, .T. ) ;
#2181 = CARTESIAN_POINT ( 'NONE',  ( -4.561441750107658955, -4.344999999999999751, 7.366919319256493459 ) ) ;
#2182 = EDGE_CURVE ( 'NONE', #4329, #3464, #3771, .T. ) ;
#2183 = ORIENTED_EDGE ( 'NONE', *, *, #8153, .F. ) ;
#2184 = CARTESIAN_POINT ( 'NONE',  ( -5.580000000000000071, 4.445000000000000284, 1.629999999999999893 ) ) ;
#2185 = AXIS2_PLACEMENT_3D ( 'NONE', #6146, #257, #8001 ) ;
#2186 = ORIENTED_EDGE ( 'NONE', *, *, #3480, .T. ) ;
#2187 = CARTESIAN_POINT ( 'NONE',  ( -4.305000000000002380, 2.794999999999999485, 1.201000000000000512 ) ) ;
#2188 =( NAMED_UNIT ( * ) PLANE_ANGLE_UNIT ( ) SI_UNIT ( $, .RADIAN. ) );
#2189 = EDGE_CURVE ( 'NONE', #4855, #4087, #4869, .T. ) ;
#2190 = VERTEX_POINT ( 'NONE', #6477 ) ;
#2191 = CARTESIAN_POINT ( 'NONE',  ( 2.860000000000000320, 0.9500000000000002887, 1.169999999999999929 ) ) ;
#2192 = DIRECTION ( 'NONE',  ( -1.000000000000000000, 0.0000000000000000000, 0.0000000000000000000 ) ) ;
#2193 = VERTEX_POINT ( 'NONE', #3934 ) ;
#2194 = VERTEX_POINT ( 'NONE', #3309 ) ;
#2195 = CARTESIAN_POINT ( 'NONE',  ( 0.3200000000000000067, -0.9499999999999999556, 2.129999999999999893 ) ) ;
#2196 = CARTESIAN_POINT ( 'NONE',  ( -0.4249999999999999334, 4.495000000000000107, 1.201000000000000512 ) ) ;
#2197 = CARTESIAN_POINT ( 'NONE',  ( -3.181636863431398510, -4.445000000000000284, 8.323596802334623845 ) ) ;
#2198 = EDGE_CURVE ( 'NONE', #4962, #5808, #2533, .T. ) ;
#2199 = COLOUR_RGB ( '',0.1019607843137254888, 0.1019607843137254888, 0.1019607843137254888 ) ;
#2200 = CARTESIAN_POINT ( 'NONE',  ( -4.304999999999999716, 3.645000000000000018, 1.629999999999999893 ) ) ;
#2201 = DIRECTION ( 'NONE',  ( -1.000000000000000000, 0.0000000000000000000, 0.0000000000000000000 ) ) ;
#2202 = EDGE_LOOP ( 'NONE', ( #7866, #4792, #6433, #4701 ) ) ;
#2203 = PLANE ( 'NONE',  #2653 ) ;
#2204 = ORIENTED_EDGE ( 'NONE', *, *, #4006, .T. ) ;
#2205 = B_SPLINE_CURVE_WITH_KNOTS ( 'NONE', 1,
 ( #2865, #4149, #139 ),
 .UNSPECIFIED., .F., .F.,
 ( 2, 1, 2 ),
 ( -0.06013999999999999901, -0.05840000000000000052, -0.05478000000000000230 ),
 .UNSPECIFIED. ) ;
#2206 = FACE_OUTER_BOUND ( 'NONE', #83, .T. ) ;
#2207 = PRESENTATION_STYLE_ASSIGNMENT (( #5949 ) ) ;
#2208 = CARTESIAN_POINT ( 'NONE',  ( 0.3200000000000000067, 1.590000000000000302, 3.720000000000000639 ) ) ;
#2209 = CARTESIAN_POINT ( 'NONE',  ( -2.419999999999999929, -1.389999999999999902, 8.800000000000000711 ) ) ;
#2210 = CARTESIAN_POINT ( 'NONE',  ( -5.154999999999997584, 2.794999999999999485, 1.239999999999999547 ) ) ;
#2211 = CARTESIAN_POINT ( 'NONE',  ( -4.439450827987945658, -4.445000000000000284, 7.945110233267233646 ) ) ;
#2212 = ORIENTED_EDGE ( 'NONE', *, *, #8093, .F. ) ;
#2213 = EDGE_CURVE ( 'NONE', #7656, #5743, #7880, .T. ) ;
#2214 = CARTESIAN_POINT ( 'NONE',  ( -4.414797254293685747, -4.444999999999999396, 7.336370998446009928 ) ) ;
#2215 =( LENGTH_UNIT ( ) NAMED_UNIT ( * ) SI_UNIT ( .MILLI., .METRE. ) );
#2216 = MECHANICAL_DESIGN_GEOMETRIC_PRESENTATION_REPRESENTATION (  '', ( #3606 ), #5882 ) ;
#2217 = ORIENTED_EDGE ( 'NONE', *, *, #933, .F. ) ;
#2218 = CARTESIAN_POINT ( 'NONE',  ( 5.154999999999997584, -2.794999999999999485, 0.8499999999999999778 ) ) ;
#2219 = EDGE_LOOP ( 'NONE', ( #4153, #2776, #7858, #6932 ) ) ;
#2220 = ORIENTED_EDGE ( 'NONE', *, *, #686, .T. ) ;
#2221 = EDGE_CURVE ( 'NONE', #4279, #1009, #6659, .T. ) ;
#2222 = STYLED_ITEM ( 'NONE', ( #7384 ), #3654 ) ;
#2223 = STYLED_ITEM ( 'NONE', ( #1812 ), #1903 ) ;
#2224 = CARTESIAN_POINT ( 'NONE',  ( 0.0000000000000000000, -1.137460805572799716, -1.330000000000000071 ) ) ;
#2225 = LINE ( 'NONE', #4139, #7502 ) ;
#2226 = LINE ( 'NONE', #2993, #2415 ) ;
#2227 = CARTESIAN_POINT ( 'NONE',  ( -3.995530641029204411, -4.344999999999999751, 7.747899959296731254 ) ) ;
#2228 = MECHANICAL_DESIGN_GEOMETRIC_PRESENTATION_REPRESENTATION (  '', ( #3991 ), #2642 ) ;
#2229 = VECTOR ( 'NONE', #571, 1000.000000000000000 ) ;
#2230 = ORIENTED_EDGE ( 'NONE', *, *, #3233, .T. ) ;
#2231 = FILL_AREA_STYLE ('',( #5596 ) ) ;
#2232 = VERTEX_POINT ( 'NONE', #2739 ) ;
#2233 = UNCERTAINTY_MEASURE_WITH_UNIT (LENGTH_MEASURE( 1.000000000000000082E-05 ), #7970, 'distance_accuracy_value', 'NONE');
#2234 = ADVANCED_FACE ( 'NONE', ( #1194 ), #5436, .T. ) ;
#2235 = ADVANCED_FACE ( 'NONE', ( #4990 ), #1700, .T. ) ;
#2236 = DIRECTION ( 'NONE',  ( 1.000000000000000000, 0.0000000000000000000, 0.0000000000000000000 ) ) ;
#2237 = B_SPLINE_CURVE_WITH_KNOTS ( 'NONE', 3,
 ( #2098, #2214, #7251, #2764, #1551, #4079, #6083, #5358, #7942, #3460, #1512, #2141, #1468, #4001, #5441, #788, #7291, #869, #3499 ),
 .UNSPECIFIED., .F., .F.,
 ( 4, 1, 1, 1, 1, 1, 1, 1, 1, 1, 1, 1, 1, 1, 1, 1, 4 ),
 ( 0.0000000000000000000, 0.06648593787487708240, 0.1307356009388765117, 0.1932868395043459142, 0.2552914267067072918, 0.3165376028954668408, 0.3788667103911639855, 0.4418772064706723568, 0.5071174914664500211, 0.5722713919203370470, 0.6354271335389657382, 0.6968172524575662052, 0.7573566333814834017, 0.8172651168318797454, 0.8771342994595145992, 0.9380198203164548110, 1.000000000000000000 ),
 .UNSPECIFIED. ) ;
#2238 = VECTOR ( 'NONE', #5158, 1000.000000000000000 ) ;
#2239 = LINE ( 'NONE', #6763, #67 ) ;
#2240 = CARTESIAN_POINT ( 'NONE',  ( -7.620000000000000107, 1.649999999999999911, 1.629999999999999893 ) ) ;
#2241 = CARTESIAN_POINT ( 'NONE',  ( 1.719999999999999973, -2.089999999999999858, 1.629999999999999893 ) ) ;
#2242 = CARTESIAN_POINT ( 'NONE',  ( 0.4249999999999999889, -3.645000000000000018, 1.629999999999999893 ) ) ;
#2244 = ORIENTED_EDGE ( 'NONE', *, *, #2426, .T. ) ;
#2243 = COLOUR_RGB ( '',0.1019607843137254888, 0.1019607843137254888, 0.1019607843137254888 ) ;
#2245 = LINE ( 'NONE', #2967, #7667 ) ;
#2246 = UNCERTAINTY_MEASURE_WITH_UNIT (LENGTH_MEASURE( 1.000000000000000082E-05 ), #2372, 'distance_accuracy_value', 'NONE');
#2247 = VERTEX_POINT ( 'NONE', #6426 ) ;
#2248 = EDGE_CURVE ( 'NONE', #8175, #7928, #908, .T. ) ;
#2249 = CARTESIAN_POINT ( 'NONE',  ( -2.860000000000000320, 0.9499999999999999556, 1.969999999999999973 ) ) ;
#2250 = SURFACE_STYLE_FILL_AREA ( #4344 ) ;
#2251 = CARTESIAN_POINT ( 'NONE',  ( -7.620000000000000107, -4.445000000000000284, 1.629999999999999893 ) ) ;
#2252 = COLOUR_RGB ( '',0.1019607843137254888, 0.1019607843137254888, 0.1019607843137254888 ) ;
#2253 =( NAMED_UNIT ( * ) PLANE_ANGLE_UNIT ( ) SI_UNIT ( $, .RADIAN. ) );
#2254 = CARTESIAN_POINT ( 'NONE',  ( -2.974286009347245407, -4.445000000000000284, 8.481181268066748657 ) ) ;
#2255 = VERTEX_POINT ( 'NONE', #7015 ) ;
#2256 = FACE_OUTER_BOUND ( 'NONE', #3556, .T. ) ;
#2257 =( LENGTH_UNIT ( ) NAMED_UNIT ( * ) SI_UNIT ( .MILLI., .METRE. ) );
#2258 = AXIS2_PLACEMENT_3D ( 'NONE', #1487, #2775, #5376 ) ;
#2259 = UNCERTAINTY_MEASURE_WITH_UNIT (LENGTH_MEASURE( 1.000000000000000082E-05 ), #6638, 'distance_accuracy_value', 'NONE');
#2260 = ORIENTED_EDGE ( 'NONE', *, *, #2031, .F. ) ;
#2261 = CARTESIAN_POINT ( 'NONE',  ( -7.620000000000000107, 1.649999999999999911, 1.629999999999999893 ) ) ;
#2262 = CARTESIAN_POINT ( 'NONE',  ( 2.407460805572801732, 0.0000000000000000000, -1.330000000000000071 ) ) ;
#2263 = CARTESIAN_POINT ( 'NONE',  ( -3.995902804277378983, -4.344999999999998863, 7.762490075515755095 ) ) ;
#2264 = FACE_OUTER_BOUND ( 'NONE', #517, .T. ) ;
#2265 = PRESENTATION_LAYER_ASSIGNMENT (  '', '', ( #3487 ) ) ;
#2266 = ORIENTED_EDGE ( 'NONE', *, *, #6942, .F. ) ;
#2267 = SURFACE_STYLE_USAGE ( .BOTH. , #1652 ) ;
#2268 = CARTESIAN_POINT ( 'NONE',  ( 7.620000000000000107, 4.445000000000000284, 1.629999999999999893 ) ) ;
#2269 = VERTEX_POINT ( 'NONE', #5839 ) ;
#2270 = VERTEX_POINT ( 'NONE', #1239 ) ;
#2271 = STYLED_ITEM ( 'NONE', ( #4807 ), #6228 ) ;
#2272 = CARTESIAN_POINT ( 'NONE',  ( 5.155000000000000249, 3.645000000000000018, 1.668999999999999817 ) ) ;
#2273 = CARTESIAN_POINT ( 'NONE',  ( -2.419999999999999929, -1.149999999999999911, 8.800000000000000711 ) ) ;
#2274 = CARTESIAN_POINT ( 'NONE',  ( 2.860000000000000320, 1.590000000000000302, 1.969999999999999973 ) ) ;
#2275 = ORIENTED_EDGE ( 'NONE', *, *, #261, .F. ) ;
#2276 = FACE_OUTER_BOUND ( 'NONE', #278, .T. ) ;
#2277 = ADVANCED_FACE ( 'NONE', ( #7696 ), #5242, .F. ) ;
#2278 = AXIS2_PLACEMENT_3D ( 'NONE', #3060, #8137, #6908 ) ;
#2279 = ORIENTED_EDGE ( 'NONE', *, *, #90, .T. ) ;
#2280 = DIRECTION ( 'NONE',  ( 0.0000000000000000000, 0.0000000000000000000, -1.000000000000000000 ) ) ;
#2281 = B_SPLINE_CURVE_WITH_KNOTS ( 'NONE', 1,
 ( #7389, #6756 ),
 .UNSPECIFIED., .F., .F.,
 ( 2, 2 ),
 ( -0.6282578875171467292, 0.0000000000000000000 ),
 .UNSPECIFIED. ) ;
#2282 = CARTESIAN_POINT ( 'NONE',  ( -3.238179759001934332, -4.344999999999998863, 8.677980919955196271 ) ) ;
#2283 = DIRECTION ( 'NONE',  ( 1.000000000000000000, 0.0000000000000000000, 0.0000000000000000000 ) ) ;
#2284 = CARTESIAN_POINT ( 'NONE',  ( 5.580000000000000071, 4.445000000000000284, 10.51999999999999957 ) ) ;
#2285 = EDGE_CURVE ( 'NONE', #3377, #5447, #4460, .T. ) ;
#2286 = ADVANCED_FACE ( 'NONE', ( #5758 ), #5154, .T. ) ;
#2287 = FACE_BOUND ( 'NONE', #2045, .T. ) ;
#2288 = VERTEX_POINT ( 'NONE', #3958 ) ;
#2289 = CARTESIAN_POINT ( 'NONE',  ( 2.365037005590532537, 1.095037005590532297, -1.822106370551018983 ) ) ;
#2290 = ORIENTED_EDGE ( 'NONE', *, *, #3130, .F. ) ;
#2291 =( BOUNDED_CURVE ( )  B_SPLINE_CURVE ( 3, ( #8006, #3621, #4242, #990 ),
 .UNSPECIFIED., .F., .F. ) 
 B_SPLINE_CURVE_WITH_KNOTS ( ( 4, 4 ),
 ( -14.56676061435919856, -11.42516796076939656 ),
 .UNSPECIFIED. ) 
 CURVE ( )  GEOMETRIC_REPRESENTATION_ITEM ( )  RATIONAL_B_SPLINE_CURVE ( ( 1.000000000000000000, 0.3333333333333292625, 0.3333333333333299842, 1.000000000000000666 ) ) 
 REPRESENTATION_ITEM ( '' )  );
#2292 = DIRECTION ( 'NONE',  ( 0.0000000000000000000, 0.7071067811865470176, -0.7071067811865480168 ) ) ;
#2293 = SHAPE_DEFINITION_REPRESENTATION ( #491, #985 ) ;
#2294 = CARTESIAN_POINT ( 'NONE',  ( 7.169999999999999929, -3.961980000000000501, 10.51999999999999957 ) ) ;
#2295 = CARTESIAN_POINT ( 'NONE',  ( -2.985585763260774961, -4.445000000000002061, 8.504699930118137630 ) ) ;
#2296 = EDGE_CURVE ( 'NONE', #8004, #287, #8182, .T. ) ;
#2297 = ORIENTED_EDGE ( 'NONE', *, *, #8199, .F. ) ;
#2298 = FILL_AREA_STYLE_COLOUR ( '', #5350 ) ;
#2299 = PRESENTATION_STYLE_ASSIGNMENT (( #950 ) ) ;
#2300 = DIRECTION ( 'NONE',  ( -0.8480480961564275111, 0.0000000000000000000, 0.5299192642332026804 ) ) ;
#2301 = VERTEX_POINT ( 'NONE', #7162 ) ;
#2302 = DIRECTION ( 'NONE',  ( -0.4534572437205510731, 0.0000000000000000000, -0.8912780307610868036 ) ) ;
#2303 = CARTESIAN_POINT ( 'NONE',  ( 2.863839999999999719, -1.389999999999999902, 8.959999999999999076 ) ) ;
#2304 = CARTESIAN_POINT ( 'NONE',  ( -4.011230797358971145, -4.344999999999999751, 7.873603958459743701 ) ) ;
#2305 = DIRECTION ( 'NONE',  ( 0.0000000000000000000, 0.0000000000000000000, -1.000000000000000000 ) ) ;
#2306 = ORIENTED_EDGE ( 'NONE', *, *, #6654, .T. ) ;
#2307 = CARTESIAN_POINT ( 'NONE',  ( -2.944106110889370687, -4.344999999999998863, 8.327124466659853397 ) ) ;
#2308 = ORIENTED_EDGE ( 'NONE', *, *, #3538, .T. ) ;
#2309 = CARTESIAN_POINT ( 'NONE',  ( -3.262987475153806383, -4.344999999999997975, 7.957742478033253519 ) ) ;
#2310 = CARTESIAN_POINT ( 'NONE',  ( 0.3200000000000000067, 0.9499999999999999556, 8.460000000000000853 ) ) ;
#2311 = LINE ( 'NONE', #330, #5262 ) ;
#2312 = ORIENTED_EDGE ( 'NONE', *, *, #394, .T. ) ;
#2313 = CARTESIAN_POINT ( 'NONE',  ( -4.709990443379631131, -4.344999999999998863, 8.066438788089465461 ) ) ;
#2314 = FILL_AREA_STYLE_COLOUR ( '', #764 ) ;
#2315 = VERTEX_POINT ( 'NONE', #7086 ) ;
#2316 = ORIENTED_EDGE ( 'NONE', *, *, #7412, .T. ) ;
#2317 = CARTESIAN_POINT ( 'NONE',  ( -5.580000000000000071, 4.445000000000000284, 11.40900000000000070 ) ) ;
#2318 = CARTESIAN_POINT ( 'NONE',  ( 2.419999999999999929, 1.389999999999999902, 8.959999999999999076 ) ) ;
#2319 = CARTESIAN_POINT ( 'NONE',  ( -6.570000000000000284, 1.649999999999999911, 1.629999999999999893 ) ) ;
#2320 = CARTESIAN_POINT ( 'NONE',  ( -2.860000000000000320, -1.590000000000000080, 1.169999999999999929 ) ) ;
#2321 = CARTESIAN_POINT ( 'NONE',  ( -2.220000000000000195, -1.590000000000000080, 2.129999999999999893 ) ) ;
#2322 = VERTEX_POINT ( 'NONE', #35 ) ;
#2323 = CARTESIAN_POINT ( 'NONE',  ( -4.786734660849464085, -4.445000000000000284, 7.891583331761204079 ) ) ;
#2324 = EDGE_LOOP ( 'NONE', ( #8167, #5793, #1752, #1546 ) ) ;
#2325 = B_SPLINE_CURVE_WITH_KNOTS ( 'NONE', 1,
 ( #3413, #6600 ),
 .UNSPECIFIED., .F., .F.,
 ( 2, 2 ),
 ( 0.02830500000000000030, 0.03261499999999999816 ),
 .UNSPECIFIED. ) ;
#2326 = EDGE_CURVE ( 'NONE', #6934, #2550, #716, .T. ) ;
#2327 = EDGE_CURVE ( 'NONE', #2255, #188, #2017, .T. ) ;
#2328 = LINE ( 'NONE', #8052, #6301 ) ;
#2329 = AXIS2_PLACEMENT_3D ( 'NONE', #7287, #6603, #661 ) ;
#2330 = LINE ( 'NONE', #5565, #6420 ) ;
#2331 = DIRECTION ( 'NONE',  ( 0.0000000000000000000, 0.8480480961564281772, 0.5299192642332014591 ) ) ;
#2332 = CARTESIAN_POINT ( 'NONE',  ( -2.944106110889370687, -4.444999999999999396, 8.327124466659853397 ) ) ;
#2333 = ORIENTED_EDGE ( 'NONE', *, *, #369, .T. ) ;
#2334 =( BOUNDED_CURVE ( )  B_SPLINE_CURVE ( 3, ( #6376, #5823, #4538, #7108 ),
 .UNSPECIFIED., .F., .F. ) 
 B_SPLINE_CURVE_WITH_KNOTS ( ( 4, 4 ),
 ( -11.42516796076939478, -8.283575307179591007 ),
 .UNSPECIFIED. ) 
 CURVE ( )  GEOMETRIC_REPRESENTATION_ITEM ( )  RATIONAL_B_SPLINE_CURVE ( ( 0.9999999999999988898, 0.3333333333333299842, 0.3333333333333311499, 1.000000000000000000 ) ) 
 REPRESENTATION_ITEM ( '' )  );
#2335 = FACE_OUTER_BOUND ( 'NONE', #8206, .T. ) ;
#2336 = FACE_OUTER_BOUND ( 'NONE', #3214, .T. ) ;
#2337 = UNCERTAINTY_MEASURE_WITH_UNIT (LENGTH_MEASURE( 1.000000000000000082E-05 ), #7156, 'distance_accuracy_value', 'NONE');
#2338 = AXIS2_PLACEMENT_3D ( 'NONE', #3292, #5193, #7820 ) ;
#2339 = ORIENTED_EDGE ( 'NONE', *, *, #6034, .T. ) ;
#2340 = EDGE_CURVE ( 'NONE', #2968, #4178, #6760, .T. ) ;
#2341 = EDGE_CURVE ( 'NONE', #7237, #4855, #6601, .T. ) ;
#2342 = CARTESIAN_POINT ( 'NONE',  ( -4.240324648803321494, -4.445000000000000284, 8.137910829697943882 ) ) ;
#2343 = CARTESIAN_POINT ( 'NONE',  ( -3.996633862963332895, -4.345000000000001528, 7.791150162838416549 ) ) ;
#2344 = CARTESIAN_POINT ( 'NONE',  ( 5.155000000000000249, -3.645000000000000018, 1.668999999999999817 ) ) ;
#2345 = ORIENTED_EDGE ( 'NONE', *, *, #2480, .T. ) ;
#2346 = CARTESIAN_POINT ( 'NONE',  ( 4.305000000000002380, -4.495000000000000107, 1.201000000000000512 ) ) ;
#2347 = CARTESIAN_POINT ( 'NONE',  ( -2.419999999999999929, 1.149999999999999911, 8.800000000000000711 ) ) ;
#2348 = ORIENTED_EDGE ( 'NONE', *, *, #2898, .T. ) ;
#2349 = VERTEX_POINT ( 'NONE', #3918 ) ;
#2350 = EDGE_CURVE ( 'NONE', #6911, #5550, #5065, .T. ) ;
#2351 = CARTESIAN_POINT ( 'NONE',  ( 0.1200000000000000094, -1.149999999999999911, 8.959999999999999076 ) ) ;
#2352 = CARTESIAN_POINT ( 'NONE',  ( -4.738884549141931579, -4.344999999999997087, 8.006456378491130010 ) ) ;
#2353 = CARTESIAN_POINT ( 'NONE',  ( 0.4249999999999999334, 4.495000000000000107, 1.669000000000000483 ) ) ;
#2354 = DIRECTION ( 'NONE',  ( 0.8480480961564278442, -0.0000000000000000000, 0.5299192642332020142 ) ) ;
#2355 = DIRECTION ( 'NONE',  ( -0.4682379421518991225, -0.4682379421518988449, -0.7493373466328164811 ) ) ;
#2356 = VERTEX_POINT ( 'NONE', #4605 ) ;
#2357 = CARTESIAN_POINT ( 'NONE',  ( 5.580000000000000071, 4.445000000000000284, 1.629999999999999893 ) ) ;
#2358 =( NAMED_UNIT ( * ) SI_UNIT ( $, .STERADIAN. ) SOLID_ANGLE_UNIT ( ) );
#2359 = ORIENTED_EDGE ( 'NONE', *, *, #5188, .F. ) ;
#2360 = AXIS2_PLACEMENT_3D ( 'NONE', #881, #1613, #969 ) ;
#2361 = SURFACE_STYLE_FILL_AREA ( #6140 ) ;
#2362 = PRESENTATION_LAYER_ASSIGNMENT (  '', '', ( #7774 ) ) ;
#2363 = ORIENTED_EDGE ( 'NONE', *, *, #6999, .T. ) ;
#2364 = CARTESIAN_POINT ( 'NONE',  ( -5.154999999999997584, -4.495000000000000107, 1.239999999999999769 ) ) ;
#2365 = CARTESIAN_POINT ( 'NONE',  ( 2.860000000000000320, -0.9499999999999999556, 8.460000000000000853 ) ) ;
#2366 = SURFACE_SIDE_STYLE ('',( #8171 ) ) ;
#2367 = CARTESIAN_POINT ( 'NONE',  ( -3.229765617399134925, -4.344999999999999751, 8.215034658981670290 ) ) ;
#2368 = CARTESIAN_POINT ( 'NONE',  ( -7.620000000000000107, 1.649999999999999911, 8.030000000000001137 ) ) ;
#2369 = VERTEX_POINT ( 'NONE', #751 ) ;
#2370 = ORIENTED_EDGE ( 'NONE', *, *, #7721, .F. ) ;
#2371 = COLOUR_RGB ( '',0.1019607843137254888, 0.1019607843137254888, 0.1019607843137254888 ) ;
#2372 =( LENGTH_UNIT ( ) NAMED_UNIT ( * ) SI_UNIT ( .MILLI., .METRE. ) );
#2373 = FACE_OUTER_BOUND ( 'NONE', #7650, .T. ) ;
#2374 = CARTESIAN_POINT ( 'NONE',  ( -2.220000000000000195, -0.9499999999999999556, 2.129999999999999893 ) ) ;
#2375 = EDGE_LOOP ( 'NONE', ( #1865, #6951, #3634, #5427 ) ) ;
#2376 = CARTESIAN_POINT ( 'NONE',  ( -4.107278848620025791, -4.445000000000000284, 8.042039577664043648 ) ) ;
#2377 = EDGE_CURVE ( 'NONE', #834, #1316, #4447, .T. ) ;
#2378 = PLANE ( 'NONE',  #5172 ) ;
#2379 = CARTESIAN_POINT ( 'NONE',  ( -4.338563213932424389, -4.344999999999999751, 7.585745501863439877 ) ) ;
#2380 = B_SPLINE_CURVE_WITH_KNOTS ( 'NONE', 1,
 ( #7710, #5815 ),
 .UNSPECIFIED., .F., .F.,
 ( 2, 2 ),
 ( 0.005899999999999999863, 0.007539999999999999827 ),
 .UNSPECIFIED. ) ;
#2381 = ORIENTED_EDGE ( 'NONE', *, *, #7720, .T. ) ;
#2382 = VECTOR ( 'NONE', #3456, 1000.000000000000000 ) ;
#2383 = PLANE ( 'NONE',  #5272 ) ;
#2384 = B_SPLINE_CURVE_WITH_KNOTS ( 'NONE', 1,
 ( #7530, #4276 ),
 .UNSPECIFIED., .F., .F.,
 ( 2, 2 ),
 ( 0.01261999999999999927, 0.01426000000000000011 ),
 .UNSPECIFIED. ) ;
#2385 = FACE_OUTER_BOUND ( 'NONE', #7391, .T. ) ;
#2386 = CARTESIAN_POINT ( 'NONE',  ( 1.719999999999999973, 2.089999999999999858, 1.629999999999999893 ) ) ;
#2387 = ORIENTED_EDGE ( 'NONE', *, *, #1135, .T. ) ;
#2388 = ADVANCED_FACE ( 'NONE', ( #3169 ), #7335, .T. ) ;
#2389 = EDGE_CURVE ( 'NONE', #5043, #2193, #3653, .T. ) ;
#2390 = AXIS2_PLACEMENT_3D ( 'NONE', #4633, #2703, #6107 ) ;
#2391 = CARTESIAN_POINT ( 'NONE',  ( -2.944352490173183234, -4.345000000000000639, 8.346873397581479281 ) ) ;
#2392 = ORIENTED_EDGE ( 'NONE', *, *, #7776, .F. ) ;
#2393 = EDGE_LOOP ( 'NONE', ( #502, #1883, #3789, #4437 ) ) ;
#2394 = CARTESIAN_POINT ( 'NONE',  ( 0.8199999999999999512, 2.089999999999999858, 1.629999999999999893 ) ) ;
#2395 = CARTESIAN_POINT ( 'NONE',  ( 0.4249999999999999889, 3.645000000000000018, 1.201000000000000068 ) ) ;
#2396 = CARTESIAN_POINT ( 'NONE',  ( -2.259999999999999787, -3.314999999999999947, 9.919999999999999929 ) ) ;
#2397 = CARTESIAN_POINT ( 'NONE',  ( -2.220000000000000195, 0.9499999999999999556, 8.300000000000000711 ) ) ;
#2398 = EDGE_LOOP ( 'NONE', ( #7019, #8256, #492, #6945 ) ) ;
#2399 = ADVANCED_FACE ( 'NONE', ( #195 ), #2721, .T. ) ;
#2400 = CARTESIAN_POINT ( 'NONE',  ( -3.331633024636575069, -4.344999999999997975, 8.451993400185523697 ) ) ;
#2402 = ORIENTED_EDGE ( 'NONE', *, *, #7098, .F. ) ;
#2401 = MECHANICAL_DESIGN_GEOMETRIC_PRESENTATION_REPRESENTATION (  '', ( #4981 ), #6354 ) ;
#2403 = CARTESIAN_POINT ( 'NONE',  ( -4.304999999999999716, 3.645000000000000018, 1.239999999999999991 ) ) ;
#2404 = ORIENTED_EDGE ( 'NONE', *, *, #5386, .T. ) ;
#2405 = CARTESIAN_POINT ( 'NONE',  ( 2.220000000000000195, -0.9499999999999999556, 1.969999999999999973 ) ) ;
#2406 = COLOUR_RGB ( '',0.1019607843137254888, 0.1019607843137254888, 0.1019607843137254888 ) ;
#2407 = FACE_OUTER_BOUND ( 'NONE', #3427, .T. ) ;
#2408 = AXIS2_PLACEMENT_3D ( 'NONE', #7548, #6817, #4881 ) ;
#2409 = CARTESIAN_POINT ( 'NONE',  ( 2.407460805572801732, -1.402539194427198543, -1.330000000000000071 ) ) ;
#2410 = DIRECTION ( 'NONE',  ( -0.0000000000000000000, -1.000000000000000000, -0.0000000000000000000 ) ) ;
#2411 = ORIENTED_EDGE ( 'NONE', *, *, #4302, .F. ) ;
#2412 = CARTESIAN_POINT ( 'NONE',  ( -0.4249999999999989342, -4.495000000000000107, 1.630000000000000338 ) ) ;
#2414 = EDGE_LOOP ( 'NONE', ( #1939, #2813, #675, #1501 ) ) ;
#2413 =( GEOMETRIC_REPRESENTATION_CONTEXT ( 3 ) GLOBAL_UNCERTAINTY_ASSIGNED_CONTEXT ( ( #5573 ) ) GLOBAL_UNIT_ASSIGNED_CONTEXT ( ( #2923, #7496, #5523 ) ) REPRESENTATION_CONTEXT ( 'NONE', 'WORKASPACE' ) );
#2415 = VECTOR ( 'NONE', #3555, 1000.000000000000000 ) ;
#2416 = DIRECTION ( 'NONE',  ( 0.0000000000000000000, 0.0000000000000000000, -1.000000000000000000 ) ) ;
#2417 =( NAMED_UNIT ( * ) SI_UNIT ( $, .STERADIAN. ) SOLID_ANGLE_UNIT ( ) );
#2418 = AXIS2_PLACEMENT_3D ( 'NONE', #96, #8279, #1994 ) ;
#2419 = EDGE_LOOP ( 'NONE', ( #8267, #5482, #2105, #1866 ) ) ;
#2420 = FACE_OUTER_BOUND ( 'NONE', #3748, .T. ) ;
#2421 = CARTESIAN_POINT ( 'NONE',  ( -0.4249999999999999334, -4.495000000000000107, 1.201000000000000512 ) ) ;
#2422 =( NAMED_UNIT ( * ) SI_UNIT ( $, .STERADIAN. ) SOLID_ANGLE_UNIT ( ) );
#2423 = ORIENTED_EDGE ( 'NONE', *, *, #4928, .T. ) ;
#2424 = VECTOR ( 'NONE', #4039, 1000.000000000000000 ) ;
#2425 = CARTESIAN_POINT ( 'NONE',  ( -4.011230797358971145, -4.445000000000000284, 7.873603958459743701 ) ) ;
#2426 = EDGE_CURVE ( 'NONE', #7386, #4178, #3346, .T. ) ;
#2427 = CARTESIAN_POINT ( 'NONE',  ( 2.259999999999999787, -3.314999999999999947, 9.919999999999999929 ) ) ;
#2428 = LINE ( 'NONE', #5105, #7705 ) ;
#2429 = ORIENTED_EDGE ( 'NONE', *, *, #5046, .T. ) ;
#2430 = CARTESIAN_POINT ( 'NONE',  ( 5.155000000000000249, -3.645000000000000018, 1.668999999999999817 ) ) ;
#2431 = CARTESIAN_POINT ( 'NONE',  ( -3.383357880918613336, -4.345000000000000639, 8.455039579025708463 ) ) ;
#2432 = DIRECTION ( 'NONE',  ( 0.0000000000000000000, 0.0000000000000000000, -1.000000000000000000 ) ) ;
#2433 = B_SPLINE_CURVE_WITH_KNOTS ( 'NONE', 1,
 ( #1925, #4507 ),
 .UNSPECIFIED., .F., .F.,
 ( 2, 2 ),
 ( 0.3717421124828532153, 1.000000000000000000 ),
 .UNSPECIFIED. ) ;
#2434 = VERTEX_POINT ( 'NONE', #1428 ) ;
#2435 = EDGE_LOOP ( 'NONE', ( #3006, #3104, #526, #101 ) ) ;
#2436 = B_SPLINE_CURVE_WITH_KNOTS ( 'NONE', 1,
 ( #2374, #8141 ),
 .UNSPECIFIED., .F., .F.,
 ( 2, 2 ),
 ( 0.8463648834019203981, 0.9780521262002743743 ),
 .UNSPECIFIED. ) ;
#2437 = CARTESIAN_POINT ( 'NONE',  ( -4.751284746392126834, -4.344999999999998863, 7.979349097933697621 ) ) ;
#2438 = EDGE_CURVE ( 'NONE', #1479, #1794, #7157, .T. ) ;
#2439 = ADVANCED_FACE ( 'NONE', ( #2099 ), #6044, .T. ) ;
#2440 = CARTESIAN_POINT ( 'NONE',  ( -2.859999999999999876, -1.589999999999999858, 3.719999999999999751 ) ) ;
#2441 = CARTESIAN_POINT ( 'NONE',  ( 5.580000000000000071, 4.445000000000000284, 10.51999999999999957 ) ) ;
#2442 = ORIENTED_EDGE ( 'NONE', *, *, #1878, .T. ) ;
#2443 = CARTESIAN_POINT ( 'NONE',  ( -6.570000000000000284, 3.314999999999999947, 3.720000000000000195 ) ) ;
#2444 = CARTESIAN_POINT ( 'NONE',  ( -2.860000000000000320, 0.9499999999999999556, 8.300000000000000711 ) ) ;
#2445 = ORIENTED_EDGE ( 'NONE', *, *, #3069, .T. ) ;
#2446 = ORIENTED_EDGE ( 'NONE', *, *, #2965, .T. ) ;
#2447 = CARTESIAN_POINT ( 'NONE',  ( -5.412090639330994435, 4.834533315349337279, 0.7410000000000002141 ) ) ;
#2448 = EDGE_CURVE ( 'NONE', #8015, #4752, #3970, .T. ) ;
#2449 = B_SPLINE_CURVE_WITH_KNOTS ( 'NONE', 1,
 ( #4988, #5675 ),
 .UNSPECIFIED., .F., .F.,
 ( 2, 2 ),
 ( -1.000000000000000000, 0.0000000000000000000 ),
 .UNSPECIFIED. ) ;
#2450 = CARTESIAN_POINT ( 'NONE',  ( 7.620000000000000107, 4.445000000000000284, 1.629999999999999893 ) ) ;
#2451 = CARTESIAN_POINT ( 'NONE',  ( -4.523792249668317389, -4.344999999999997975, 7.353078759586504809 ) ) ;
#2452 = CARTESIAN_POINT ( 'NONE',  ( 0.0000000000000000000, -1.402539194427201874, -1.330000000000000071 ) ) ;
#2453 = B_SPLINE_CURVE_WITH_KNOTS ( 'NONE', 1,
 ( #2560, #596 ),
 .UNSPECIFIED., .F., .F.,
 ( 2, 2 ),
 ( -0.007524004357330000593, 0.0003059956426699995610 ),
 .UNSPECIFIED. ) ;
#2454 = SURFACE_STYLE_FILL_AREA ( #7583 ) ;
#2455 = ORIENTED_EDGE ( 'NONE', *, *, #2213, .T. ) ;
#2456 = ORIENTED_EDGE ( 'NONE', *, *, #3492, .F. ) ;
#2457 = EDGE_CURVE ( 'NONE', #4387, #959, #6074, .T. ) ;
#2458 = PLANE ( 'NONE',  #2408 ) ;
#2459 = EDGE_LOOP ( 'NONE', ( #2062, #1480, #7610, #531 ) ) ;
#2460 = DIRECTION ( 'NONE',  ( 1.000000000000000000, 0.0000000000000000000, -4.285384080970379855E-16 ) ) ;
#2461 = CARTESIAN_POINT ( 'NONE',  ( 4.304999999999999716, 3.645000000000000018, 1.629999999999999893 ) ) ;
#2462 = FACE_OUTER_BOUND ( 'NONE', #556, .T. ) ;
#2463 =( GEOMETRIC_REPRESENTATION_CONTEXT ( 3 ) GLOBAL_UNCERTAINTY_ASSIGNED_CONTEXT ( ( #3020 ) ) GLOBAL_UNIT_ASSIGNED_CONTEXT ( ( #6199, #2974, #4744 ) ) REPRESENTATION_CONTEXT ( 'NONE', 'WORKASPACE' ) );
#2464 = SURFACE_STYLE_FILL_AREA ( #1224 ) ;
#2465 = CARTESIAN_POINT ( 'NONE',  ( -2.860000000000000320, 0.9499999999999999556, 1.169999999999999929 ) ) ;
#2466 = CARTESIAN_POINT ( 'NONE',  ( -6.570000000000000284, -1.649999999999999911, 8.030000000000001137 ) ) ;
#2467 = CARTESIAN_POINT ( 'NONE',  ( -3.411984467150999123, -4.445000000000000284, 8.455469570674935653 ) ) ;
#2468 = ORIENTED_EDGE ( 'NONE', *, *, #134, .T. ) ;
#2469 = CARTESIAN_POINT ( 'NONE',  ( 2.860000000000000320, 0.9500000000000000666, 3.720000000000000639 ) ) ;
#2470 = STYLED_ITEM ( 'NONE', ( #7168 ), #1330 ) ;
#2471 = CARTESIAN_POINT ( 'NONE',  ( -2.951255572042641884, -4.345000000000000639, 8.403897553890740113 ) ) ;
#2472 = EDGE_CURVE ( 'NONE', #7010, #6169, #3037, .T. ) ;
#2473 = VERTEX_POINT ( 'NONE', #3502 ) ;
#2474 = DIRECTION ( 'NONE',  ( 0.4534971179101688343, 0.0000000000000000000, 0.8912577427698288313 ) ) ;
#2475 = PLANE ( 'NONE',  #6884 ) ;
#2476 = DIRECTION ( 'NONE',  ( -0.8480480961564283993, 0.0000000000000000000, 0.5299192642332012371 ) ) ;
#2477 = CARTESIAN_POINT ( 'NONE',  ( -0.4249999999999997669, 2.794999999999999485, 1.239999999999999547 ) ) ;
#2478 = CARTESIAN_POINT ( 'NONE',  ( -7.169999999999999929, 3.915000000000000036, 10.51999999999999957 ) ) ;
#2479 = FACE_OUTER_BOUND ( 'NONE', #6904, .T. ) ;
#2480 = EDGE_CURVE ( 'NONE', #4512, #2876, #6086, .T. ) ;
#2481 = VERTEX_POINT ( 'NONE', #5277 ) ;
#2482 = ORIENTED_EDGE ( 'NONE', *, *, #2705, .T. ) ;
#2483 = UNCERTAINTY_MEASURE_WITH_UNIT (LENGTH_MEASURE( 1.000000000000000082E-05 ), #4428, 'distance_accuracy_value', 'NONE');
#2484 = MECHANICAL_DESIGN_GEOMETRIC_PRESENTATION_REPRESENTATION (  '', ( #871 ), #7207 ) ;
#2485 =( NAMED_UNIT ( * ) PLANE_ANGLE_UNIT ( ) SI_UNIT ( $, .RADIAN. ) );
#2486 = DIRECTION ( 'NONE',  ( 1.000000000000000000, 0.0000000000000000000, 0.0000000000000000000 ) ) ;
#2487 = CARTESIAN_POINT ( 'NONE',  ( -4.560842609379704982, -4.445000000000002949, 7.688034096489055891 ) ) ;
#2488 = DIRECTION ( 'NONE',  ( 0.4682379421518996776, 0.4682379421518994000, 0.7493373466328157040 ) ) ;
#2489 = COLOUR_RGB ( '',0.1019607843137254888, 0.1019607843137254888, 0.1019607843137254888 ) ;
#2490 = COLOUR_RGB ( '',1.000000000000000000, 1.000000000000000000, 1.000000000000000000 ) ;
#2491 = EDGE_CURVE ( 'NONE', #598, #3300, #6611, .T. ) ;
#2492 = EDGE_CURVE ( 'NONE', #6993, #4709, #2143, .T. ) ;
#2493 = ORIENTED_EDGE ( 'NONE', *, *, #6943, .T. ) ;
#2494 = CARTESIAN_POINT ( 'NONE',  ( -4.471151562613879804, -4.444999999999999396, 7.934400615666398870 ) ) ;
#2495 = UNCERTAINTY_MEASURE_WITH_UNIT (LENGTH_MEASURE( 1.000000000000000082E-05 ), #1232, 'distance_accuracy_value', 'NONE');
#2496 = ORIENTED_EDGE ( 'NONE', *, *, #5346, .F. ) ;
#2497 = VECTOR ( 'NONE', #3369, 1000.000000000000000 ) ;
#2498 = SURFACE_SIDE_STYLE ('',( #4385 ) ) ;
#2499 = DIRECTION ( 'NONE',  ( 0.0000000000000000000, 1.000000000000000000, 0.0000000000000000000 ) ) ;
#2500 = VERTEX_POINT ( 'NONE', #4690 ) ;
#2501 = EDGE_CURVE ( 'NONE', #6010, #6014, #6381, .T. ) ;
#2502 = B_SPLINE_CURVE_WITH_KNOTS ( 'NONE', 3,
 ( #5647, #4226, #6701, #326, #6053, #371, #7912, #3470, #2151, #3597, #4737, #284, #4813, #7429, #1656, #2897, #2771, #7303, #5499 ),
 .UNSPECIFIED., .F., .F.,
 ( 4, 1, 1, 1, 1, 1, 1, 1, 1, 1, 1, 1, 1, 1, 1, 1, 4 ),
 ( 0.0000000000000000000, 0.06562092715322409564, 0.1297044336027838030, 0.1920084100512057523, 0.2531653825181657269, 0.3145900137962943655, 0.3765327730011647223, 0.4392867016490333842, 0.5037985290657703841, 0.5682839993040011972, 0.6306288907425701140, 0.6915128396476384331, 0.7519975911628814513, 0.8123768520713845476, 0.8735768952802432930, 0.9360266791627425143, 1.000000000000000000 ),
 .UNSPECIFIED. ) ;
#2503 = CARTESIAN_POINT ( 'NONE',  ( 5.155000000000000249, 3.645000000000000018, 1.201000000000000068 ) ) ;
#2504 = AXIS2_PLACEMENT_3D ( 'NONE', #2294, #3531, #5654 ) ;
#2505 =( NAMED_UNIT ( * ) PLANE_ANGLE_UNIT ( ) SI_UNIT ( $, .RADIAN. ) );
#2506 = CARTESIAN_POINT ( 'NONE',  ( 2.259999999999999787, -3.314999999999999947, 9.919999999999999929 ) ) ;
#2507 = CARTESIAN_POINT ( 'NONE',  ( -4.086179637532171505, -4.344999999999997975, 7.485907482637107258 ) ) ;
#2508 = DIRECTION ( 'NONE',  ( 0.0000000000000000000, 0.0000000000000000000, 1.000000000000000000 ) ) ;
#2509 = EDGE_LOOP ( 'NONE', ( #162, #6352, #6359, #1201, #3136, #2607 ) ) ;
#2510 = CARTESIAN_POINT ( 'NONE',  ( -4.373961129811255510, -4.445000000000000284, 8.726837092042458721 ) ) ;
#2511 = CARTESIAN_POINT ( 'NONE',  ( -3.256795864802467300, -4.344999999999999751, 8.435854368843434870 ) ) ;
#2512 = CARTESIAN_POINT ( 'NONE',  ( -2.259999999999999787, -4.445000000000000284, 10.51999999999999957 ) ) ;
#2513 = AXIS2_PLACEMENT_3D ( 'NONE', #1177, #996, #7457 ) ;
#2514 = ORIENTED_EDGE ( 'NONE', *, *, #4771, .T. ) ;
#2515 = DIRECTION ( 'NONE',  ( 1.000000000000000000, 0.0000000000000000000, 0.0000000000000000000 ) ) ;
#2516 = CARTESIAN_POINT ( 'NONE',  ( -3.320883460685343902, -4.444999999999998508, 8.186956356465344697 ) ) ;
#2517 = DIRECTION ( 'NONE',  ( -0.0000000000000000000, 1.000000000000000000, -0.0000000000000000000 ) ) ;
#2518 = CARTESIAN_POINT ( 'NONE',  ( -2.860000000000000320, -0.9499999999999999556, 8.300000000000000711 ) ) ;
#2519 = MECHANICAL_DESIGN_GEOMETRIC_PRESENTATION_REPRESENTATION (  '', ( #3077 ), #1054 ) ;
#2520 = VERTEX_POINT ( 'NONE', #3422 ) ;
#2521 = CARTESIAN_POINT ( 'NONE',  ( 0.3200000000000000067, -0.9499999999999999556, 8.460000000000000853 ) ) ;
#2522 = B_SPLINE_CURVE_WITH_KNOTS ( 'NONE', 1,
 ( #8078, #6176 ),
 .UNSPECIFIED., .F., .F.,
 ( 2, 2 ),
 ( 0.02210499999999999965, 0.02830500000000000030 ),
 .UNSPECIFIED. ) ;
#2523 = CARTESIAN_POINT ( 'NONE',  ( 2.860000000000000320, 1.590000000000000080, 2.129999999999999893 ) ) ;
#2524 = VERTEX_POINT ( 'NONE', #6007 ) ;
#2525 = EDGE_LOOP ( 'NONE', ( #2726, #426, #348, #3650 ) ) ;
#2526 = CARTESIAN_POINT ( 'NONE',  ( -2.947989559725314734, -4.445000000000001172, 8.252538457199447564 ) ) ;
#2527 = EDGE_CURVE ( 'NONE', #1740, #4654, #2613, .T. ) ;
#2528 = CARTESIAN_POINT ( 'NONE',  ( -4.809288970069941271, -4.344999999999999751, 7.736395502908439248 ) ) ;
#2529 = COLOUR_RGB ( '',0.1019607843137254888, 0.1019607843137254888, 0.1019607843137254888 ) ;
#2530 = CARTESIAN_POINT ( 'NONE',  ( 0.3200000000000000067, -0.9499999999999999556, -1.029999999999994920 ) ) ;
#2531 = ORIENTED_EDGE ( 'NONE', *, *, #6828, .F. ) ;
#2532 = CARTESIAN_POINT ( 'NONE',  ( -3.186599334490936464, -4.344999999999998863, 7.975801463916604384 ) ) ;
#2533 = B_SPLINE_CURVE_WITH_KNOTS ( 'NONE', 1,
 ( #5892, #5292 ),
 .UNSPECIFIED., .F., .F.,
 ( 2, 2 ),
 ( 0.0000000000000000000, 1.000000000000000000 ),
 .UNSPECIFIED. ) ;
#2534 = CARTESIAN_POINT ( 'NONE',  ( 7.620000000000000107, -4.445000000000000284, 1.629999999999999893 ) ) ;
#2535 = ADVANCED_FACE ( 'NONE', ( #2385 ), #5663, .F. ) ;
#2536 = SURFACE_STYLE_USAGE ( .BOTH. , #687 ) ;
#2537 = EDGE_CURVE ( 'NONE', #2369, #7917, #4571, .T. ) ;
#2538 =( LENGTH_UNIT ( ) NAMED_UNIT ( * ) SI_UNIT ( .MILLI., .METRE. ) );
#2539 = CARTESIAN_POINT ( 'NONE',  ( 5.155000000000000249, 3.645000000000000018, 1.239999999999999991 ) ) ;
#2540 = FACE_OUTER_BOUND ( 'NONE', #2419, .T. ) ;
#2541 = STYLED_ITEM ( 'NONE', ( #5939 ), #6559 ) ;
#2542 =( NAMED_UNIT ( * ) PLANE_ANGLE_UNIT ( ) SI_UNIT ( $, .RADIAN. ) );
#2543 = FILL_AREA_STYLE ('',( #5788 ) ) ;
#2544 = DIRECTION ( 'NONE',  ( -1.000000000000000000, 1.714153632388154999E-16, 0.0000000000000000000 ) ) ;
#2545 = CARTESIAN_POINT ( 'NONE',  ( -2.860000000000000320, 0.9499999999999999556, 3.720000000000000639 ) ) ;
#2546 = FILL_AREA_STYLE_COLOUR ( '', #328 ) ;
#2547 = VECTOR ( 'NONE', #6385, 1000.000000000000000 ) ;
#2548 = ADVANCED_FACE ( 'NONE', ( #1141 ), #3025, .T. ) ;
#2549 = B_SPLINE_CURVE_WITH_KNOTS ( 'NONE', 3,
 ( #7889, #6288, #8184, #399, #1133, #6247, #3063, #3708, #6864, #3668, #1679 ),
 .UNSPECIFIED., .F., .F.,
 ( 4, 1, 1, 1, 1, 1, 1, 1, 4 ),
 ( 0.0000000000000000000, 0.1372849921823509345, 0.2670284865720564116, 0.3949256401701797259, 0.5243347615083429059, 0.6508125264300999024, 0.7692674670455019736, 0.8834346835668847042, 1.000000000000000000 ),
 .UNSPECIFIED. ) ;
#2550 = VERTEX_POINT ( 'NONE', #4395 ) ;
#2551 =( NAMED_UNIT ( * ) SI_UNIT ( $, .STERADIAN. ) SOLID_ANGLE_UNIT ( ) );
#2552 = FILL_AREA_STYLE ('',( #6304 ) ) ;
#2553 = CARTESIAN_POINT ( 'NONE',  ( -2.259999999999999787, -3.915000000000000036, 10.51999999999999957 ) ) ;
#2554 = MECHANICAL_DESIGN_GEOMETRIC_PRESENTATION_REPRESENTATION (  '', ( #2818 ), #5008 ) ;
#2555 = VERTEX_POINT ( 'NONE', #1181 ) ;
#2556 =( BOUNDED_SURFACE ( )  B_SPLINE_SURFACE ( 3, 1, ( 
 ( #2957, #5553 ),
 ( #6321, #1755 ),
 ( #2447, #5688 ),
 ( #8257, #2317 ) ),
 .UNSPECIFIED., .F., .F., .F. ) 
 B_SPLINE_SURFACE_WITH_KNOTS ( ( 4, 4 ),
 ( 2, 2 ),
 ( 0.0000000000000000000, 1.000000000000000000 ),
 ( 0.0000000000000000000, 1.000000000000000000 ),
 .UNSPECIFIED. ) 
 GEOMETRIC_REPRESENTATION_ITEM ( )  RATIONAL_B_SPLINE_SURFACE ( (
 ( 1.000000000000000000, 1.000000000000000000),
 ( 0.5972289350732999935, 0.5972289350732999935),
 ( 0.5972289350732999935, 0.5972289350732999935),
 ( 1.000000000000000000, 1.000000000000000000) ) ) 
 REPRESENTATION_ITEM ( '' )  SURFACE ( )  );
#2557 = CARTESIAN_POINT ( 'NONE',  ( -3.331633024636575069, -4.444999999999998508, 8.451993400185523697 ) ) ;
#2558 = FACE_OUTER_BOUND ( 'NONE', #314, .T. ) ;
#2559 = EDGE_LOOP ( 'NONE', ( #2754, #4743, #4083, #7891 ) ) ;
#2560 = CARTESIAN_POINT ( 'NONE',  ( 7.169999999999999929, 3.915000000000000036, 10.51999999999999957 ) ) ;
#2561 =( LENGTH_UNIT ( ) NAMED_UNIT ( * ) SI_UNIT ( .MILLI., .METRE. ) );
#2562 = ORIENTED_EDGE ( 'NONE', *, *, #4733, .T. ) ;
#2563 = ORIENTED_EDGE ( 'NONE', *, *, #1122, .F. ) ;
#2564 = DIRECTION ( 'NONE',  ( 0.0000000000000000000, -1.000000000000000000, 0.0000000000000000000 ) ) ;
#2565 = B_SPLINE_CURVE_WITH_KNOTS ( 'NONE', 1,
 ( #3749, #1125 ),
 .UNSPECIFIED., .F., .F.,
 ( 2, 2 ),
 ( 0.8683127572016461349, 1.000000000000000000 ),
 .UNSPECIFIED. ) ;
#2566 = CARTESIAN_POINT ( 'NONE',  ( 4.305000000000002380, 2.794999999999999929, 1.239999999999999769 ) ) ;
#2567 = CARTESIAN_POINT ( 'NONE',  ( -4.523035071965377796, -4.344999999999999751, 7.627083213335355438 ) ) ;
#2568 =( NAMED_UNIT ( * ) SI_UNIT ( $, .STERADIAN. ) SOLID_ANGLE_UNIT ( ) );
#2569 = B_SPLINE_CURVE_WITH_KNOTS ( 'NONE', 1,
 ( #1694, #4262 ),
 .UNSPECIFIED., .F., .F.,
 ( 2, 2 ),
 ( 0.0000000000000000000, 1.000000000000000000 ),
 .UNSPECIFIED. ) ;
#2570 = ORIENTED_EDGE ( 'NONE', *, *, #837, .F. ) ;
#2571 = CARTESIAN_POINT ( 'NONE',  ( -2.943981495730058739, -4.345000000000000639, 8.317135736540322455 ) ) ;
#2572 = EDGE_CURVE ( 'NONE', #310, #2247, #5971, .T. ) ;
#2573 = SURFACE_STYLE_FILL_AREA ( #3109 ) ;
#2574 = PLANE ( 'NONE',  #4013 ) ;
#2575 =( NAMED_UNIT ( * ) SI_UNIT ( $, .STERADIAN. ) SOLID_ANGLE_UNIT ( ) );
#2576 = AXIS2_PLACEMENT_3D ( 'NONE', #17, #5897, #7183 ) ;
#2577 = CARTESIAN_POINT ( 'NONE',  ( -4.709990443379631131, -4.445000000000000284, 8.066438788089465461 ) ) ;
#2578 = CARTESIAN_POINT ( 'NONE',  ( -2.860000000000000320, 0.9499999999999999556, 8.300000000000000711 ) ) ;
#2579 = EDGE_CURVE ( 'NONE', #6333, #5909, #8290, .T. ) ;
#2580 = LINE ( 'NONE', #5790, #7911 ) ;
#2581 =( LENGTH_UNIT ( ) NAMED_UNIT ( * ) SI_UNIT ( .MILLI., .METRE. ) );
#2582 = B_SPLINE_CURVE_WITH_KNOTS ( 'NONE', 1,
 ( #1140, #3715 ),
 .UNSPECIFIED., .F., .F.,
 ( 2, 2 ),
 ( -0.002285981830489999984, -0.001419956426699999982 ),
 .UNSPECIFIED. ) ;
#2583 = ORIENTED_EDGE ( 'NONE', *, *, #369, .F. ) ;
#2584 = DIRECTION ( 'NONE',  ( 0.4682379421518987339, 0.4682379421518987339, 0.7493373466328168142 ) ) ;
#2585 = CARTESIAN_POINT ( 'NONE',  ( -0.4250000000000008216, -2.794999999999999485, 1.630000000000000338 ) ) ;
#2586 = VECTOR ( 'NONE', #2616, 1000.000000000000000 ) ;
#2587 = EDGE_CURVE ( 'NONE', #7340, #325, #7981, .T. ) ;
#2588 = CARTESIAN_POINT ( 'NONE',  ( -4.060623455617770716, -4.344999999999999751, 7.983421721490494782 ) ) ;
#2589 = EDGE_CURVE ( 'NONE', #3123, #1654, #5819, .T. ) ;
#2590 = ORIENTED_EDGE ( 'NONE', *, *, #8359, .F. ) ;
#2591 = CARTESIAN_POINT ( 'NONE',  ( 0.3238400000000000167, -0.9499999999999999556, 8.460000000000000853 ) ) ;
#2592 = CARTESIAN_POINT ( 'NONE',  ( -0.3200000000000000067, 0.9500000000000000666, 3.720000000000000639 ) ) ;
#2593 = AXIS2_PLACEMENT_3D ( 'NONE', #5575, #1094, #6915 ) ;
#2594 = CARTESIAN_POINT ( 'NONE',  ( -2.860000000000000320, -0.9499999999999999556, -1.029999999999998028 ) ) ;
#2595 = ORIENTED_EDGE ( 'NONE', *, *, #3013, .T. ) ;
#2596 = FILL_AREA_STYLE ('',( #3886 ) ) ;
#2597 = CARTESIAN_POINT ( 'NONE',  ( 0.0000000000000000000, 1.137460805572799716, -1.330000000000000071 ) ) ;
#2598 =( BOUNDED_SURFACE ( )  B_SPLINE_SURFACE ( 3, 1, ( 
 ( #3611, #7537, #2958 ),
 ( #5423, #5554, #1074 ),
 ( #4192, #2196, #1756 ),
 ( #6277, #6102, #2820 ),
 ( #6142, #8129, #5601 ),
 ( #3658, #1028, #4234 ),
 ( #4147, #1576, #7483 ) ),
 .UNSPECIFIED., .T., .F., .F. ) 
 B_SPLINE_SURFACE_WITH_KNOTS ( ( 4, 3, 4 ),
 ( 2, 1, 2 ),
 ( 0.0000000000000000000, 0.5000000000000000000, 1.000000000000000000 ),
 ( -0.7500000000000000000, 0.0000000000000000000, 1.000000000000000000 ),
 .UNSPECIFIED. ) 
 GEOMETRIC_REPRESENTATION_ITEM ( )  RATIONAL_B_SPLINE_SURFACE ( (
 ( 1.000000000000000000, 1.000000000000000000, 1.000000000000000000),
 ( 0.3333333333333299842, 0.3333333333333299842, 0.3333333333333299842),
 ( 0.3333333333333299842, 0.3333333333333299842, 0.3333333333333299842),
 ( 1.000000000000000000, 1.000000000000000000, 1.000000000000000000),
 ( 0.3333333333333299842, 0.3333333333333299842, 0.3333333333333299842),
 ( 0.3333333333333299842, 0.3333333333333299842, 0.3333333333333299842),
 ( 1.000000000000000000, 1.000000000000000000, 1.000000000000000000) ) ) 
 REPRESENTATION_ITEM ( '' )  SURFACE ( )  );
#2599 = ORIENTED_EDGE ( 'NONE', *, *, #1922, .T. ) ;
#2600 = VERTEX_POINT ( 'NONE', #3675 ) ;
#2601 = B_SPLINE_CURVE_WITH_KNOTS ( 'NONE', 1,
 ( #1535, #891 ),
 .UNSPECIFIED., .F., .F.,
 ( 2, 2 ),
 ( 0.01171999999999999952, 0.01336000000000000035 ),
 .UNSPECIFIED. ) ;
#2602 = CARTESIAN_POINT ( 'NONE',  ( -3.104255022388380247, -4.444999999999999396, 8.015417771666275115 ) ) ;
#2603 = CARTESIAN_POINT ( 'NONE',  ( -4.234801368229599738, -4.345000000000000639, 7.798916115779297442 ) ) ;
#2604 = CARTESIAN_POINT ( 'NONE',  ( -4.571598379890851049, -4.344999999999999751, 7.748633555038968446 ) ) ;
#2605 = FACE_BOUND ( 'NONE', #5010, .T. ) ;
#2606 = SURFACE_STYLE_FILL_AREA ( #46 ) ;
#2607 = ORIENTED_EDGE ( 'NONE', *, *, #5106, .T. ) ;
#2608 = CARTESIAN_POINT ( 'NONE',  ( -3.036382855553991345, -4.344999999999998863, 8.069837289245683110 ) ) ;
#2609 = CARTESIAN_POINT ( 'NONE',  ( 5.155000000000000249, 3.645000000000000018, 1.201000000000000068 ) ) ;
#2610 = FILL_AREA_STYLE_COLOUR ( '', #6293 ) ;
#2611 = CARTESIAN_POINT ( 'NONE',  ( -2.860000000000000320, 1.590000000000000080, -1.029999999999998472 ) ) ;
#2612 = STYLED_ITEM ( 'NONE', ( #8212 ), #3426 ) ;
#2613 = B_SPLINE_CURVE_WITH_KNOTS ( 'NONE', 1,
 ( #8193, #3632 ),
 .UNSPECIFIED., .F., .F.,
 ( 2, 2 ),
 ( -0.6502057613168723549, 0.0000000000000000000 ),
 .UNSPECIFIED. ) ;
#2614 = SURFACE_STYLE_FILL_AREA ( #5942 ) ;
#2615 = FACE_OUTER_BOUND ( 'NONE', #8024, .T. ) ;
#2616 = DIRECTION ( 'NONE',  ( 0.0000000000000000000, 1.000000000000000000, 0.0000000000000000000 ) ) ;
#2617 = CARTESIAN_POINT ( 'NONE',  ( 4.305000000000002380, 2.794999999999999485, 1.201000000000000512 ) ) ;
#2618 = EDGE_LOOP ( 'NONE', ( #2114, #7269 ) ) ;
#2619 = STYLED_ITEM ( 'NONE', ( #1991 ), #3132 ) ;
#2620 =( GEOMETRIC_REPRESENTATION_CONTEXT ( 3 ) GLOBAL_UNCERTAINTY_ASSIGNED_CONTEXT ( ( #2246 ) ) GLOBAL_UNIT_ASSIGNED_CONTEXT ( ( #2372, #6243, #4291 ) ) REPRESENTATION_CONTEXT ( 'NONE', 'WORKASPACE' ) );
#2621 = CARTESIAN_POINT ( 'NONE',  ( -4.243837123647552723, -4.344999999999998863, 7.834482925058105174 ) ) ;
#2622 = PLANE ( 'NONE',  #6371 ) ;
#2623 = CARTESIAN_POINT ( 'NONE',  ( -7.169999999999999929, 3.961980000000000501, 10.51999999999999957 ) ) ;
#2624 = CARTESIAN_POINT ( 'NONE',  ( -4.061822766555893693, -4.445000000000000284, 7.518394106434134194 ) ) ;
#2625 = DIRECTION ( 'NONE',  ( 0.0000000000000000000, 1.000000000000000000, 0.0000000000000000000 ) ) ;
#2626 = EDGE_CURVE ( 'NONE', #6911, #1058, #4960, .T. ) ;
#2627 = VECTOR ( 'NONE', #3206, 1000.000000000000000 ) ;
#2628 = STYLED_ITEM ( 'NONE', ( #3073 ), #2535 ) ;
#2629 = ORIENTED_EDGE ( 'NONE', *, *, #7941, .T. ) ;
#2630 = FACE_OUTER_BOUND ( 'NONE', #3284, .T. ) ;
#2631 = CARTESIAN_POINT ( 'NONE',  ( -4.338563213932424389, -4.445000000000000284, 7.585745501863439877 ) ) ;
#2632 = CARTESIAN_POINT ( 'NONE',  ( -5.154999999999997584, 4.495000000000000107, 1.201000000000000512 ) ) ;
#2633 = ORIENTED_EDGE ( 'NONE', *, *, #678, .T. ) ;
#2634 = STYLED_ITEM ( 'NONE', ( #3797 ), #4151 ) ;
#2635 = DIRECTION ( 'NONE',  ( 0.0000000000000000000, 0.0000000000000000000, -1.000000000000000000 ) ) ;
#2636 = CARTESIAN_POINT ( 'NONE',  ( -4.304999999999999716, -3.645000000000000018, 1.668999999999999817 ) ) ;
#2637 = CARTESIAN_POINT ( 'NONE',  ( 0.3200000000000000067, -1.590000000000000080, 8.460000000000000853 ) ) ;
#2638 = EDGE_CURVE ( 'NONE', #676, #4935, #4850, .T. ) ;
#2639 = CARTESIAN_POINT ( 'NONE',  ( -4.802785485970293422, -4.344999999999999751, 7.670889654166589189 ) ) ;
#2640 = ADVANCED_FACE ( 'NONE', ( #1967 ), #4546, .T. ) ;
#2641 = LINE ( 'NONE', #3172, #1068 ) ;
#2642 =( GEOMETRIC_REPRESENTATION_CONTEXT ( 3 ) GLOBAL_UNCERTAINTY_ASSIGNED_CONTEXT ( ( #131 ) ) GLOBAL_UNIT_ASSIGNED_CONTEXT ( ( #532, #6707, #773 ) ) REPRESENTATION_CONTEXT ( 'NONE', 'WORKASPACE' ) );
#2643 =( NAMED_UNIT ( * ) PLANE_ANGLE_UNIT ( ) SI_UNIT ( $, .RADIAN. ) );
#2644 = ORIENTED_EDGE ( 'NONE', *, *, #6838, .T. ) ;
#2645 = ORIENTED_EDGE ( 'NONE', *, *, #1527, .F. ) ;
#2646 = CARTESIAN_POINT ( 'NONE',  ( -2.666933639016676238, -4.344999999999999751, 6.968253446624994574 ) ) ;
#2647 = VECTOR ( 'NONE', #4392, 1000.000000000000000 ) ;
#2648 =( NAMED_UNIT ( * ) SI_UNIT ( $, .STERADIAN. ) SOLID_ANGLE_UNIT ( ) );
#2649 = SURFACE_SIDE_STYLE ('',( #923 ) ) ;
#2650 = EDGE_CURVE ( 'NONE', #8154, #8198, #4035, .T. ) ;
#2651 = B_SPLINE_CURVE_WITH_KNOTS ( 'NONE', 1,
 ( #2195, #1533 ),
 .UNSPECIFIED., .F., .F.,
 ( 2, 2 ),
 ( -1.000000000000000000, 0.0000000000000000000 ),
 .UNSPECIFIED. ) ;
#2652 = FILL_AREA_STYLE ('',( #2070 ) ) ;
#2654 = ORIENTED_EDGE ( 'NONE', *, *, #1473, .T. ) ;
#2653 = AXIS2_PLACEMENT_3D ( 'NONE', #4239, #5651, #7491 ) ;
#2655 = DIRECTION ( 'NONE',  ( 0.0000000000000000000, 0.0000000000000000000, 1.000000000000000000 ) ) ;
#2656 = UNCERTAINTY_MEASURE_WITH_UNIT (LENGTH_MEASURE( 1.000000000000000082E-05 ), #6414, 'distance_accuracy_value', 'NONE');
#2657 = PLANE ( 'NONE',  #3043 ) ;
#2658 = VECTOR ( 'NONE', #1915, 1000.000000000000000 ) ;
#2659 = CARTESIAN_POINT ( 'NONE',  ( -3.181428076926640092, -4.445000000000000284, 8.317400743885405845 ) ) ;
#2660 = CARTESIAN_POINT ( 'NONE',  ( 7.620000000000000107, 4.445000000000000284, 10.51999999999999957 ) ) ;
#2661 = CARTESIAN_POINT ( 'NONE',  ( 2.220000000000000195, -0.9499999999999999556, 8.460000000000000853 ) ) ;
#2662 = CARTESIAN_POINT ( 'NONE',  ( 7.620000000000000107, 1.649999999999999911, 8.030000000000001137 ) ) ;
#2663 = VERTEX_POINT ( 'NONE', #7038 ) ;
#2664 = CARTESIAN_POINT ( 'NONE',  ( 4.987909360668997039, 4.834533315349337279, 11.40900000000000247 ) ) ;
#2665 = LINE ( 'NONE', #4545, #926 ) ;
#2666 = CARTESIAN_POINT ( 'NONE',  ( -4.281483820152398145, -4.344999999999999751, 7.352444793968761161 ) ) ;
#2667 =( NAMED_UNIT ( * ) SI_UNIT ( $, .STERADIAN. ) SOLID_ANGLE_UNIT ( ) );
#2668 = AXIS2_PLACEMENT_3D ( 'NONE', #1105, #5587, #8202 ) ;
#2669 = AXIS2_PLACEMENT_3D ( 'NONE', #5995, #4836, #4681 ) ;
#2670 = FILL_AREA_STYLE ('',( #5309 ) ) ;
#2671 = FACE_OUTER_BOUND ( 'NONE', #6534, .T. ) ;
#2672 = CARTESIAN_POINT ( 'NONE',  ( 2.220000000000000195, -0.9499999999999999556, -1.029999999999994476 ) ) ;
#2673 = VERTEX_POINT ( 'NONE', #3120 ) ;
#2674 = B_SPLINE_CURVE_WITH_KNOTS ( 'NONE', 1,
 ( #7426, #2891 ),
 .UNSPECIFIED., .F., .F.,
 ( 2, 2 ),
 ( 0.08333333333333335646, 0.9166666666666667407 ),
 .UNSPECIFIED. ) ;
#2675 = EDGE_CURVE ( 'NONE', #1970, #310, #2122, .T. ) ;
#2676 = COLOUR_RGB ( '',0.1019607843137254888, 0.1019607843137254888, 0.1019607843137254888 ) ;
#2677 = FILL_AREA_STYLE ('',( #3336 ) ) ;
#2678 = DIRECTION ( 'NONE',  ( -0.4682379421519017315, -0.4682379421519017315, -0.7493373466328130394 ) ) ;
#2679 = CARTESIAN_POINT ( 'NONE',  ( -2.860000000000000320, 1.590000000000000080, 1.169999999999999929 ) ) ;
#2680 = ORIENTED_EDGE ( 'NONE', *, *, #5026, .T. ) ;
#2681 =( GEOMETRIC_REPRESENTATION_CONTEXT ( 3 ) GLOBAL_UNCERTAINTY_ASSIGNED_CONTEXT ( ( #3539 ) ) GLOBAL_UNIT_ASSIGNED_CONTEXT ( ( #5155, #1241, #6427 ) ) REPRESENTATION_CONTEXT ( 'NONE', 'WORKASPACE' ) );
#2682 = CARTESIAN_POINT ( 'NONE',  ( -5.048124388138708341, -4.445000000000000284, 9.111325120834825597 ) ) ;
#2683 = B_SPLINE_CURVE_WITH_KNOTS ( 'NONE', 1,
 ( #2662, #2825 ),
 .UNSPECIFIED., .F., .F.,
 ( 2, 2 ),
 ( -1.000000000000000000, 0.0000000000000000000 ),
 .UNSPECIFIED. ) ;
#2684 = ORIENTED_EDGE ( 'NONE', *, *, #7920, .T. ) ;
#2685 = EDGE_CURVE ( 'NONE', #5719, #6616, #7075, .T. ) ;
#2686 = ADVANCED_FACE ( 'NONE', ( #3158 ), #697, .T. ) ;
#2687 = FILL_AREA_STYLE_COLOUR ( '', #5858 ) ;
#2688 = VECTOR ( 'NONE', #1378, 1000.000000000000000 ) ;
#2689 = CARTESIAN_POINT ( 'NONE',  ( 2.220000000000000195, 0.9499999999999999556, 8.460000000000000853 ) ) ;
#2690 = B_SPLINE_CURVE_WITH_KNOTS ( 'NONE', 1,
 ( #7943, #2720 ),
 .UNSPECIFIED., .F., .F.,
 ( 2, 2 ),
 ( 0.0000000000000000000, 1.000000000000000000 ),
 .UNSPECIFIED. ) ;
#2691 = B_SPLINE_CURVE_WITH_KNOTS ( 'NONE', 1,
 ( #4095, #7344 ),
 .UNSPECIFIED., .F., .F.,
 ( 2, 2 ),
 ( 0.0000000000000000000, 1.000000000000000000 ),
 .UNSPECIFIED. ) ;
#2692 = CARTESIAN_POINT ( 'NONE',  ( -0.3200000000000000067, -0.9499999999999999556, 2.130000000000000782 ) ) ;
#2693 = PLANE ( 'NONE',  #5589 ) ;
#2694 = ORIENTED_EDGE ( 'NONE', *, *, #3381, .T. ) ;
#2695 =( NAMED_UNIT ( * ) SI_UNIT ( $, .STERADIAN. ) SOLID_ANGLE_UNIT ( ) );
#2696 = EDGE_CURVE ( 'NONE', #380, #7739, #7062, .T. ) ;
#2697 = EDGE_CURVE ( 'NONE', #6984, #8250, #3239, .T. ) ;
#2698 = CARTESIAN_POINT ( 'NONE',  ( 4.305000000000002380, -2.794999999999999485, 1.239999999999999547 ) ) ;
#2699 = CARTESIAN_POINT ( 'NONE',  ( -2.220000000000000195, 0.9499999999999999556, 1.010000000000000009 ) ) ;
#2700 = CARTESIAN_POINT ( 'NONE',  ( -2.220000000000000195, -0.9499999999999999556, 3.720000000000000639 ) ) ;
#2701 = PRESENTATION_STYLE_ASSIGNMENT (( #98 ) ) ;
#2702 = CARTESIAN_POINT ( 'NONE',  ( 7.620000000000000107, -1.649999999999999911, 1.629999999999999893 ) ) ;
#2703 = DIRECTION ( 'NONE',  ( -1.000000000000000000, 0.0000000000000000000, 0.0000000000000000000 ) ) ;
#2704 = VERTEX_POINT ( 'NONE', #4593 ) ;
#2705 = EDGE_CURVE ( 'NONE', #2550, #2524, #1325, .T. ) ;
#2706 = B_SPLINE_CURVE_WITH_KNOTS ( 'NONE', 1,
 ( #2208, #146 ),
 .UNSPECIFIED., .F., .F.,
 ( 2, 2 ),
 ( 0.001280000000000000105, 0.001920000000000000049 ),
 .UNSPECIFIED. ) ;
#2707 = CARTESIAN_POINT ( 'NONE',  ( -4.307316029047522754, -4.445000000000000284, 7.917704879834534637 ) ) ;
#2708 = FILL_AREA_STYLE_COLOUR ( '', #3501 ) ;
#2709 = SURFACE_STYLE_FILL_AREA ( #4029 ) ;
#2710 = SURFACE_STYLE_USAGE ( .BOTH. , #861 ) ;
#2711 = LINE ( 'NONE', #1420, #2497 ) ;
#2712 = ORIENTED_EDGE ( 'NONE', *, *, #4629, .T. ) ;
#2713 =( NAMED_UNIT ( * ) PLANE_ANGLE_UNIT ( ) SI_UNIT ( $, .RADIAN. ) );
#2714 = DIRECTION ( 'NONE',  ( 0.0000000000000000000, -1.000000000000000000, 0.0000000000000000000 ) ) ;
#2715 = DIRECTION ( 'NONE',  ( 0.0000000000000000000, -1.000000000000000000, 0.0000000000000000000 ) ) ;
#2716 = CARTESIAN_POINT ( 'NONE',  ( 0.8199999999999999512, -2.089999999999999858, 1.629999999999999893 ) ) ;
#2717 = ORIENTED_EDGE ( 'NONE', *, *, #2675, .F. ) ;
#2718 = MECHANICAL_DESIGN_GEOMETRIC_PRESENTATION_REPRESENTATION (  '', ( #5986 ), #5034 ) ;
#2719 = PLANE ( 'NONE',  #2593 ) ;
#2720 = CARTESIAN_POINT ( 'NONE',  ( 6.570000000000000284, -1.649999999999999911, 1.629999999999999893 ) ) ;
#2721 = PLANE ( 'NONE',  #7094 ) ;
#2722 = ORIENTED_EDGE ( 'NONE', *, *, #1278, .T. ) ;
#2723 = B_SPLINE_CURVE_WITH_KNOTS ( 'NONE', 1,
 ( #3023, #5661 ),
 .UNSPECIFIED., .F., .F.,
 ( 2, 2 ),
 ( -0.0009881553119099998912, -0.0003481553119099999472 ),
 .UNSPECIFIED. ) ;
#2724 = EDGE_CURVE ( 'NONE', #6501, #3484, #7775, .T. ) ;
#2725 = PRESENTATION_STYLE_ASSIGNMENT (( #4694 ) ) ;
#2726 = ORIENTED_EDGE ( 'NONE', *, *, #8299, .F. ) ;
#2727 = EDGE_LOOP ( 'NONE', ( #2404, #7088, #872, #1270 ) ) ;
#2728 = MECHANICAL_DESIGN_GEOMETRIC_PRESENTATION_REPRESENTATION (  '', ( #178 ), #2463 ) ;
#2729 = CARTESIAN_POINT ( 'NONE',  ( 5.580000000000000071, 4.445000000000000284, 1.629999999999999893 ) ) ;
#2730 = CARTESIAN_POINT ( 'NONE',  ( -2.961678390276271777, -4.445000000000001172, 8.193068105155697722 ) ) ;
#2731 = FACE_OUTER_BOUND ( 'NONE', #6918, .T. ) ;
#2732 = EDGE_CURVE ( 'NONE', #1069, #4136, #5857, .T. ) ;
#2733 = LINE ( 'NONE', #5669, #4227 ) ;
#2734 = PRESENTATION_LAYER_ASSIGNMENT (  '', '', ( #6796 ) ) ;
#2735 = EDGE_LOOP ( 'NONE', ( #3220, #5273, #4197, #3256, #8066, #3750, #3943, #503 ) ) ;
#2736 = CARTESIAN_POINT ( 'NONE',  ( -0.3200000000000000067, 0.9499999999999999556, 0.1700000000000000122 ) ) ;
#2737 = EDGE_LOOP ( 'NONE', ( #1736, #1802 ) ) ;
#2738 = UNCERTAINTY_MEASURE_WITH_UNIT (LENGTH_MEASURE( 1.000000000000000082E-05 ), #4219, 'distance_accuracy_value', 'NONE');
#2739 = CARTESIAN_POINT ( 'NONE',  ( -2.259999999999999787, -4.445000000000000284, 10.51999999999999957 ) ) ;
#2740 = FACE_OUTER_BOUND ( 'NONE', #2848, .T. ) ;
#2741 = CARTESIAN_POINT ( 'NONE',  ( -3.238746917300616701, -4.444999999999999396, 8.426284865155443171 ) ) ;
#2742 = PLANE ( 'NONE',  #8108 ) ;
#2743 = EDGE_CURVE ( 'NONE', #5129, #1740, #2706, .T. ) ;
#2744 = EDGE_CURVE ( 'NONE', #7730, #4589, #7192, .T. ) ;
#2745 = DIRECTION ( 'NONE',  ( 0.9284766908852591927, 0.0000000000000000000, 0.3713906763541041101 ) ) ;
#2746 = ORIENTED_EDGE ( 'NONE', *, *, #7471, .T. ) ;
#2747 =( LENGTH_UNIT ( ) NAMED_UNIT ( * ) SI_UNIT ( .MILLI., .METRE. ) );
#2748 = ORIENTED_EDGE ( 'NONE', *, *, #3216, .F. ) ;
#2749 = VECTOR ( 'NONE', #2416, 1000.000000000000000 ) ;
#2750 = FILL_AREA_STYLE ('',( #3365 ) ) ;
#2751 = CARTESIAN_POINT ( 'NONE',  ( -0.8199999999999999512, 2.089999999999999858, 1.629999999999999893 ) ) ;
#2752 = FACE_OUTER_BOUND ( 'NONE', #4610, .T. ) ;
#2753 = ADVANCED_FACE ( 'NONE', ( #777 ), #5432, .T. ) ;
#2754 = ORIENTED_EDGE ( 'NONE', *, *, #7993, .T. ) ;
#2755 = B_SPLINE_CURVE_WITH_KNOTS ( 'NONE', 1,
 ( #8058, #5570 ),
 .UNSPECIFIED., .F., .F.,
 ( 2, 2 ),
 ( -1.000000000000000000, 0.0000000000000000000 ),
 .UNSPECIFIED. ) ;
#2756 = CARTESIAN_POINT ( 'NONE',  ( 7.620000000000000107, 1.649999999999999911, 8.030000000000001137 ) ) ;
#2758 = PRESENTATION_STYLE_ASSIGNMENT (( #3995 ) ) ;
#2757 =( GEOMETRIC_REPRESENTATION_CONTEXT ( 3 ) GLOBAL_UNCERTAINTY_ASSIGNED_CONTEXT ( ( #4288 ) ) GLOBAL_UNIT_ASSIGNED_CONTEXT ( ( #6839, #374, #6134 ) ) REPRESENTATION_CONTEXT ( 'NONE', 'WORKASPACE' ) );
#2759 = DIRECTION ( 'NONE',  ( 0.0000000000000000000, 1.000000000000000000, 0.0000000000000000000 ) ) ;
#2760 = AXIS2_PLACEMENT_3D ( 'NONE', #6451, #579, #7722 ) ;
#2761 = CARTESIAN_POINT ( 'NONE',  ( -0.1325391944272001910, 1.137460805572799716, -1.330000000000000071 ) ) ;
#2762 = B_SPLINE_SURFACE_WITH_KNOTS ( 'NONE', 3, 1, ( 
 ( #4458, #7135 ),
 ( #7874, #7219 ),
 ( #1400, #681 ),
 ( #5933, #7173 ),
 ( #3929, #1362 ),
 ( #7060, #4495 ),
 ( #5814, #636 ),
 ( #6505, #1287 ),
 ( #721, #1438 ),
 ( #5207, #5847 ),
 ( #11, #3304 ) ),
 .UNSPECIFIED., .F., .F., .F.,
 ( 4, 1, 1, 1, 1, 1, 1, 1, 4 ),
 ( 2, 2 ),
 ( 0.0000000000000000000, 0.1377876848510216079, 0.2673412375379146111, 0.3904443306690724702, 0.5117778827581009882, 0.6295089809480921561, 0.7478290655177391999, 0.8718853097298786547, 1.000000000000000000 ),
 ( 0.0000000000000000000, 1.000000000000000000 ),
 .UNSPECIFIED. ) ;
#2763 = ORIENTED_EDGE ( 'NONE', *, *, #5281, .F. ) ;
#2764 = CARTESIAN_POINT ( 'NONE',  ( -4.484232842554831677, -4.445000000000002061, 7.343385337612709840 ) ) ;
#2765 = CARTESIAN_POINT ( 'NONE',  ( 0.3200000000000000067, -1.590000000000000080, 8.460000000000000853 ) ) ;
#2766 = MECHANICAL_DESIGN_GEOMETRIC_PRESENTATION_REPRESENTATION (  '', ( #7220 ), #6958 ) ;
#2767 =( GEOMETRIC_REPRESENTATION_CONTEXT ( 3 ) GLOBAL_UNCERTAINTY_ASSIGNED_CONTEXT ( ( #7492 ) ) GLOBAL_UNIT_ASSIGNED_CONTEXT ( ( #553, #8120, #6357 ) ) REPRESENTATION_CONTEXT ( 'NONE', 'WORKASPACE' ) );
#2768 = CARTESIAN_POINT ( 'NONE',  ( -4.663350365497768379, -4.445000000000001172, 7.432100130745006084 ) ) ;
#2769 = CARTESIAN_POINT ( 'NONE',  ( -3.149269604465811501, -4.445000000000000284, 8.654330157141984614 ) ) ;
#2770 = ORIENTED_EDGE ( 'NONE', *, *, #1685, .F. ) ;
#2771 = CARTESIAN_POINT ( 'NONE',  ( -4.359661511949204815, -4.344999999999998863, 7.337139166065171025 ) ) ;
#2772 = CARTESIAN_POINT ( 'NONE',  ( -2.944516114896728709, -4.344999999999998863, 8.284370256038839031 ) ) ;
#2773 =( LENGTH_UNIT ( ) NAMED_UNIT ( * ) SI_UNIT ( .MILLI., .METRE. ) );
#2774 = ORIENTED_EDGE ( 'NONE', *, *, #4521, .F. ) ;
#2775 = DIRECTION ( 'NONE',  ( 0.0000000000000000000, -0.8480480961564283993, 0.5299192642332012371 ) ) ;
#2776 = ORIENTED_EDGE ( 'NONE', *, *, #2650, .F. ) ;
#2777 = AXIS2_PLACEMENT_3D ( 'NONE', #5300, #5988, #3525 ) ;
#2778 = ADVANCED_FACE ( 'NONE', ( #4680 ), #4069, .T. ) ;
#2779 = DIRECTION ( 'NONE',  ( -1.000000000000000000, 0.0000000000000000000, 0.0000000000000000000 ) ) ;
#2780 =( NAMED_UNIT ( * ) SI_UNIT ( $, .STERADIAN. ) SOLID_ANGLE_UNIT ( ) );
#2781 = FACE_OUTER_BOUND ( 'NONE', #7958, .T. ) ;
#2782 = CARTESIAN_POINT ( 'NONE',  ( -5.580000000000000071, 4.445000000000000284, 1.629999999999999893 ) ) ;
#2783 = AXIS2_PLACEMENT_3D ( 'NONE', #7437, #6803, #2280 ) ;
#2784 = DIRECTION ( 'NONE',  ( 1.000000000000000000, 0.0000000000000000000, 0.0000000000000000000 ) ) ;
#2785 = VERTEX_POINT ( 'NONE', #3491 ) ;
#2786 = CARTESIAN_POINT ( 'NONE',  ( -5.155000000000000249, -3.645000000000000018, 1.201000000000000068 ) ) ;
#2787 = ORIENTED_EDGE ( 'NONE', *, *, #6853, .T. ) ;
#2788 = EDGE_CURVE ( 'NONE', #219, #4295, #4131, .T. ) ;
#2789 = EDGE_CURVE ( 'NONE', #382, #7493, #3451, .T. ) ;
#2790 = CARTESIAN_POINT ( 'NONE',  ( -4.337376698687328336, -4.344999999999999751, 7.934533111434386221 ) ) ;
#2791 = PLANE ( 'NONE',  #122 ) ;
#2792 = SURFACE_SIDE_STYLE ('',( #1506 ) ) ;
#2793 = VERTEX_POINT ( 'NONE', #2751 ) ;
#2794 = LINE ( 'NONE', #149, #1037 ) ;
#2795 = COLOUR_RGB ( '',0.1019607843137254888, 0.1019607843137254888, 0.1019607843137254888 ) ;
#2796 = CARTESIAN_POINT ( 'NONE',  ( -4.304999999999999716, 3.645000000000000018, 1.239999999999999991 ) ) ;
#2797 = CARTESIAN_POINT ( 'NONE',  ( 2.220000000000000195, 0.9499999999999999556, -1.029999999999994920 ) ) ;
#2798 = PRESENTATION_STYLE_ASSIGNMENT (( #5355 ) ) ;
#2799 = ORIENTED_EDGE ( 'NONE', *, *, #6405, .F. ) ;
#2800 = EDGE_CURVE ( 'NONE', #3459, #4413, #702, .T. ) ;
#2801 = CARTESIAN_POINT ( 'NONE',  ( 0.4249999999999999889, -3.645000000000000018, 1.201000000000000068 ) ) ;
#2802 =( NAMED_UNIT ( * ) SI_UNIT ( $, .STERADIAN. ) SOLID_ANGLE_UNIT ( ) );
#2803 = VERTEX_POINT ( 'NONE', #3323 ) ;
#2804 = SURFACE_STYLE_USAGE ( .BOTH. , #6746 ) ;
#2805 = CARTESIAN_POINT ( 'NONE',  ( -3.045550430621827065, -4.345000000000001528, 8.585956850771925275 ) ) ;
#2807 = VERTEX_POINT ( 'NONE', #5905 ) ;
#2806 = MECHANICAL_DESIGN_GEOMETRIC_PRESENTATION_REPRESENTATION (  '', ( #2012 ), #1348 ) ;
#2808 = ORIENTED_EDGE ( 'NONE', *, *, #4111, .T. ) ;
#2809 = PLANE ( 'NONE',  #4045 ) ;
#2810 = CARTESIAN_POINT ( 'NONE',  ( -2.220000000000000195, 1.590000000000000080, 8.300000000000000711 ) ) ;
#2811 = COLOUR_RGB ( '',1.000000000000000000, 1.000000000000000000, 1.000000000000000000 ) ;
#2812 = FACE_OUTER_BOUND ( 'NONE', #6641, .T. ) ;
#2813 = ORIENTED_EDGE ( 'NONE', *, *, #1527, .T. ) ;
#2814 = CARTESIAN_POINT ( 'NONE',  ( -5.155000000000000249, 3.645000000000000018, 1.629999999999999893 ) ) ;
#2815 = VERTEX_POINT ( 'NONE', #5472 ) ;
#2816 = CARTESIAN_POINT ( 'NONE',  ( -6.570000000000000284, 1.649999999999999911, 1.629999999999999893 ) ) ;
#2817 = VERTEX_POINT ( 'NONE', #7451 ) ;
#2818 = STYLED_ITEM ( 'NONE', ( #7073 ), #8177 ) ;
#2819 = CARTESIAN_POINT ( 'NONE',  ( 0.4300999999999999823, 3.214900000000000091, 1.239999999999999991 ) ) ;
#2820 = CARTESIAN_POINT ( 'NONE',  ( -0.4249999999999999889, 3.645000000000000018, 1.668999999999999817 ) ) ;
#2821 = FACE_OUTER_BOUND ( 'NONE', #2735, .T. ) ;
#2822 = FACE_OUTER_BOUND ( 'NONE', #5061, .T. ) ;
#2823 = EDGE_CURVE ( 'NONE', #2315, #6814, #1678, .T. ) ;
#2824 = ORIENTED_EDGE ( 'NONE', *, *, #1839, .F. ) ;
#2825 = CARTESIAN_POINT ( 'NONE',  ( 6.570000000000000284, 1.649999999999999911, 8.030000000000001137 ) ) ;
#2826 = UNCERTAINTY_MEASURE_WITH_UNIT (LENGTH_MEASURE( 1.000000000000000082E-05 ), #1544, 'distance_accuracy_value', 'NONE');
#2827 = ORIENTED_EDGE ( 'NONE', *, *, #3082, .T. ) ;
#2828 = FACE_OUTER_BOUND ( 'NONE', #6947, .T. ) ;
#2829 = DIRECTION ( 'NONE',  ( 0.0000000000000000000, 0.0000000000000000000, 1.000000000000000000 ) ) ;
#2830 = CARTESIAN_POINT ( 'NONE',  ( -8.477079999999999060, -3.915000000000000036, 10.51999999999999957 ) ) ;
#2831 = ORIENTED_EDGE ( 'NONE', *, *, #4379, .F. ) ;
#2832 = CARTESIAN_POINT ( 'NONE',  ( 0.1200000000000000094, 1.149999999999999911, 8.959999999999999076 ) ) ;
#2833 = EDGE_CURVE ( 'NONE', #3409, #262, #1128, .T. ) ;
#2834 = CARTESIAN_POINT ( 'NONE',  ( 6.570000000000000284, 3.314999999999999947, 9.919999999999999929 ) ) ;
#2835 = CARTESIAN_POINT ( 'NONE',  ( -4.304999999999999716, 3.645000000000000018, 0.8499999999999999778 ) ) ;
#2836 = CARTESIAN_POINT ( 'NONE',  ( -4.471151562613879804, -4.344999999999997975, 7.934400615666398870 ) ) ;
#2837 = ORIENTED_EDGE ( 'NONE', *, *, #21, .F. ) ;
#2838 = LINE ( 'NONE', #8016, #4236 ) ;
#2839 = FACE_OUTER_BOUND ( 'NONE', #5796, .T. ) ;
#2840 = DIRECTION ( 'NONE',  ( -0.0000000000000000000, 0.0000000000000000000, -1.000000000000000000 ) ) ;
#2841 = DIRECTION ( 'NONE',  ( -1.000000000000000000, 0.0000000000000000000, 6.689380028831810437E-17 ) ) ;
#2842 = ORIENTED_EDGE ( 'NONE', *, *, #6216, .T. ) ;
#2843 = ADVANCED_FACE ( 'NONE', ( #3571 ), #442, .T. ) ;
#2844 = EDGE_CURVE ( 'NONE', #4300, #4611, #8274, .T. ) ;
#2845 =( NAMED_UNIT ( * ) SI_UNIT ( $, .STERADIAN. ) SOLID_ANGLE_UNIT ( ) );
#2846 = COLOUR_RGB ( '',1.000000000000000000, 1.000000000000000000, 1.000000000000000000 ) ;
#2847 = ORIENTED_EDGE ( 'NONE', *, *, #2213, .F. ) ;
#2848 = EDGE_LOOP ( 'NONE', ( #1709, #7606, #349, #6870 ) ) ;
#2849 = PRESENTATION_STYLE_ASSIGNMENT (( #2108 ) ) ;
#2850 = AXIS2_PLACEMENT_3D ( 'NONE', #4218, #7425, #8156 ) ;
#2851 = PLANE ( 'NONE',  #3594 ) ;
#2852 = CARTESIAN_POINT ( 'NONE',  ( -2.860000000000000320, -0.9499999999999999556, 3.720000000000000639 ) ) ;
#2853 = ORIENTED_EDGE ( 'NONE', *, *, #4556, .T. ) ;
#2854 = PLANE ( 'NONE',  #7682 ) ;
#2855 = EDGE_CURVE ( 'NONE', #6503, #5156, #4292, .T. ) ;
#2856 =( LENGTH_UNIT ( ) NAMED_UNIT ( * ) SI_UNIT ( .MILLI., .METRE. ) );
#2857 = VERTEX_POINT ( 'NONE', #483 ) ;
#2858 = CARTESIAN_POINT ( 'NONE',  ( -4.305000000000001492, -2.795000000000001261, 1.239999999999999547 ) ) ;
#2859 = ORIENTED_EDGE ( 'NONE', *, *, #1235, .F. ) ;
#2860 = AXIS2_PLACEMENT_3D ( 'NONE', #4551, #3415, #3912 ) ;
#2861 = B_SPLINE_CURVE_WITH_KNOTS ( 'NONE', 1,
 ( #7456, #4163 ),
 .UNSPECIFIED., .F., .F.,
 ( 2, 2 ),
 ( 0.0000000000000000000, 1.000000000000000000 ),
 .UNSPECIFIED. ) ;
#2862 = CARTESIAN_POINT ( 'NONE',  ( -2.860000000000000320, 0.9499999999999999556, 3.720000000000000639 ) ) ;
#2863 = VECTOR ( 'NONE', #1203, 1000.000000000000000 ) ;
#2864 = CARTESIAN_POINT ( 'NONE',  ( 2.220000000000000195, 0.9499999999999999556, 1.169999999999999929 ) ) ;
#2865 = CARTESIAN_POINT ( 'NONE',  ( 2.259999999999999787, -4.445000000000000284, 10.51999999999999957 ) ) ;
#2866 = FILL_AREA_STYLE_COLOUR ( '', #439 ) ;
#2867 = ORIENTED_EDGE ( 'NONE', *, *, #2030, .F. ) ;
#2868 = DIRECTION ( 'NONE',  ( 1.000000000000000000, 0.0000000000000000000, 0.0000000000000000000 ) ) ;
#2869 = EDGE_LOOP ( 'NONE', ( #2445, #3046, #3306, #5233 ) ) ;
#2870 =( BOUNDED_CURVE ( )  B_SPLINE_CURVE ( 3, ( #968, #808, #3977, #7176 ),
 .UNSPECIFIED., .F., .T. ) 
 B_SPLINE_CURVE_WITH_KNOTS ( ( 4, 4 ),
 ( 3.141592653589786455, 6.283185307179590673 ),
 .UNSPECIFIED. ) 
 CURVE ( )  GEOMETRIC_REPRESENTATION_ITEM ( )  RATIONAL_B_SPLINE_CURVE ( ( 1.000000000000000666, 0.3333333333333299842, 0.3333333333333292625, 1.000000000000000000 ) ) 
 REPRESENTATION_ITEM ( '' )  );
#2871 = FILL_AREA_STYLE ('',( #1085 ) ) ;
#2872 =( NAMED_UNIT ( * ) SI_UNIT ( $, .STERADIAN. ) SOLID_ANGLE_UNIT ( ) );
#2873 = CARTESIAN_POINT ( 'NONE',  ( -0.4250000000000000999, 4.495000000000000107, 1.239999999999999547 ) ) ;
#2874 = FILL_AREA_STYLE_COLOUR ( '', #3099 ) ;
#2875 = CARTESIAN_POINT ( 'NONE',  ( -2.672539194427201892, -1.402539194427201874, -1.330000000000000071 ) ) ;
#2876 = VERTEX_POINT ( 'NONE', #6285 ) ;
#2877 = CARTESIAN_POINT ( 'NONE',  ( -0.8199999999999999512, -0.4500000000000000111, 1.629999999999999893 ) ) ;
#2878 = CARTESIAN_POINT ( 'NONE',  ( -2.863839999999999719, 0.9499999999999999556, 8.300000000000000711 ) ) ;
#2879 = SURFACE_SIDE_STYLE ('',( #4121 ) ) ;
#2880 = CARTESIAN_POINT ( 'NONE',  ( -4.571689809338427501, -4.345000000000000639, 7.774192857797750378 ) ) ;
#2881 =( GEOMETRIC_REPRESENTATION_CONTEXT ( 3 ) GLOBAL_UNCERTAINTY_ASSIGNED_CONTEXT ( ( #5385 ) ) GLOBAL_UNIT_ASSIGNED_CONTEXT ( ( #6297, #3582, #7420 ) ) REPRESENTATION_CONTEXT ( 'NONE', 'WORKASPACE' ) );
#2882 = EDGE_LOOP ( 'NONE', ( #6113, #4322, #3510, #3922 ) ) ;
#2883 = CARTESIAN_POINT ( 'NONE',  ( 0.3200000000000000067, 0.9500000000000000666, 3.720000000000000639 ) ) ;
#2884 = DIRECTION ( 'NONE',  ( 0.0000000000000000000, 1.000000000000000000, 0.0000000000000000000 ) ) ;
#2885 = EDGE_CURVE ( 'NONE', #7386, #570, #803, .T. ) ;
#2886 = CARTESIAN_POINT ( 'NONE',  ( -2.666933639016676238, -4.344999999999999751, 9.111325120834825597 ) ) ;
#2887 = CARTESIAN_POINT ( 'NONE',  ( -0.3200000000000000067, -0.9499999999999999556, 1.969999999999999973 ) ) ;
#2888 = PRESENTATION_LAYER_ASSIGNMENT (  '', '', ( #4256 ) ) ;
#2889 = ORIENTED_EDGE ( 'NONE', *, *, #1123, .T. ) ;
#2890 = PLANE ( 'NONE',  #6920 ) ;
#2891 = CARTESIAN_POINT ( 'NONE',  ( -0.4249999999999999889, 3.645000000000000018, 1.629999999999999893 ) ) ;
#2892 = ORIENTED_EDGE ( 'NONE', *, *, #6163, .F. ) ;
#2893 = ORIENTED_EDGE ( 'NONE', *, *, #3130, .T. ) ;
#2894 = MECHANICAL_DESIGN_GEOMETRIC_PRESENTATION_REPRESENTATION (  '', ( #7093 ), #4795 ) ;
#2895 = CARTESIAN_POINT ( 'NONE',  ( -3.360000000000000320, 0.4500000000000000111, 1.629999999999999893 ) ) ;
#2896 = VECTOR ( 'NONE', #263, 1000.000000000000000 ) ;
#2897 = CARTESIAN_POINT ( 'NONE',  ( -4.319749269075471076, -4.345000000000000639, 7.342739526645499559 ) ) ;
#2898 = EDGE_CURVE ( 'NONE', #7836, #3300, #2330, .T. ) ;
#2899 = CARTESIAN_POINT ( 'NONE',  ( 4.305000000000002380, 2.794999999999999485, 1.669000000000000483 ) ) ;
#2900 = EDGE_CURVE ( 'NONE', #2349, #1479, #5768, .T. ) ;
#2901 = CARTESIAN_POINT ( 'NONE',  ( 2.860000000000000320, -0.9499999999999999556, 2.129999999999999893 ) ) ;
#2902 = VERTEX_POINT ( 'NONE', #7497 ) ;
#2903 = PLANE ( 'NONE',  #3497 ) ;
#2904 = AXIS2_PLACEMENT_3D ( 'NONE', #2376, #4972, #3065 ) ;
#2905 = SURFACE_SIDE_STYLE ('',( #290 ) ) ;
#2906 = STYLED_ITEM ( 'NONE', ( #5918 ), #2286 ) ;
#2907 = B_SPLINE_CURVE_WITH_KNOTS ( 'NONE', 1,
 ( #6478, #4426 ),
 .UNSPECIFIED., .F., .F.,
 ( 2, 2 ),
 ( 0.007524004357330000593, 0.008563234841879999171 ),
 .UNSPECIFIED. ) ;
#2908 = ORIENTED_EDGE ( 'NONE', *, *, #5667, .F. ) ;
#2909 = SURFACE_STYLE_FILL_AREA ( #2231 ) ;
#2910 = VERTEX_POINT ( 'NONE', #3061 ) ;
#2911 = DIRECTION ( 'NONE',  ( -0.4682379421519014540, -0.4682379421519012874, 0.7493373466328133725 ) ) ;
#2912 = EDGE_CURVE ( 'NONE', #2807, #6252, #1722, .T. ) ;
#2913 = CARTESIAN_POINT ( 'NONE',  ( -3.217204068513177972, -4.445000000000000284, 7.966796026337330083 ) ) ;
#2914 = CARTESIAN_POINT ( 'NONE',  ( -3.063413897567816235, -4.344999999999999751, 8.602872526145215915 ) ) ;
#2915 = CARTESIAN_POINT ( 'NONE',  ( -3.265628087343627861, -4.344999999999997975, 8.196544063072220609 ) ) ;
#2916 = FILL_AREA_STYLE_COLOUR ( '', #6738 ) ;
#2917 = FACE_BOUND ( 'NONE', #7649, .T. ) ;
#2918 = ORIENTED_EDGE ( 'NONE', *, *, #3999, .T. ) ;
#2919 = DIRECTION ( 'NONE',  ( -0.0000000000000000000, 0.0000000000000000000, -1.000000000000000000 ) ) ;
#2920 = UNCERTAINTY_MEASURE_WITH_UNIT (LENGTH_MEASURE( 1.000000000000000082E-05 ), #1247, 'distance_accuracy_value', 'NONE');
#2921 = ORIENTED_EDGE ( 'NONE', *, *, #7137, .T. ) ;
#2922 = CARTESIAN_POINT ( 'NONE',  ( -2.220000000000000195, 0.9499999999999999556, 3.720000000000000639 ) ) ;
#2923 =( LENGTH_UNIT ( ) NAMED_UNIT ( * ) SI_UNIT ( .MILLI., .METRE. ) );
#2924 =( NAMED_UNIT ( * ) PLANE_ANGLE_UNIT ( ) SI_UNIT ( $, .RADIAN. ) );
#2925 = AXIS2_PLACEMENT_3D ( 'NONE', #1762, #3618, #2868 ) ;
#2926 = CARTESIAN_POINT ( 'NONE',  ( -3.441840538438096786, -4.444999999999999396, 8.692838645189087998 ) ) ;
#2927 = ORIENTED_EDGE ( 'NONE', *, *, #4332, .F. ) ;
#2928 = PRESENTATION_STYLE_ASSIGNMENT (( #3576 ) ) ;
#2929 = SURFACE_SIDE_STYLE ('',( #5528 ) ) ;
#2930 = CARTESIAN_POINT ( 'NONE',  ( -2.220000000000000195, 0.9499999999999999556, -1.029999999999998472 ) ) ;
#2931 = STYLED_ITEM ( 'NONE', ( #7442 ), #5631 ) ;
#2932 = ORIENTED_EDGE ( 'NONE', *, *, #5921, .T. ) ;
#2933 =( NAMED_UNIT ( * ) SI_UNIT ( $, .STERADIAN. ) SOLID_ANGLE_UNIT ( ) );
#2934 = DIRECTION ( 'NONE',  ( 0.0000000000000000000, -1.000000000000000000, 0.0000000000000000000 ) ) ;
#2935 = CARTESIAN_POINT ( 'NONE',  ( -4.314443452779111787, -4.345000000000001528, 8.160480324542048081 ) ) ;
#2936 = VECTOR ( 'NONE', #4229, 1000.000000000000000 ) ;
#2937 = VERTEX_POINT ( 'NONE', #4835 ) ;
#2938 = CARTESIAN_POINT ( 'NONE',  ( 4.305000000000002380, -4.495000000000000107, 0.8499999999999999778 ) ) ;
#2939 =( LENGTH_UNIT ( ) NAMED_UNIT ( * ) SI_UNIT ( .MILLI., .METRE. ) );
#2940 = CARTESIAN_POINT ( 'NONE',  ( -2.944352490173183234, -4.445000000000001172, 8.346873397581479281 ) ) ;
#2941 = EDGE_CURVE ( 'NONE', #2520, #4088, #1517, .T. ) ;
#2942 = ORIENTED_EDGE ( 'NONE', *, *, #5548, .T. ) ;
#2943 = ORIENTED_EDGE ( 'NONE', *, *, #2221, .T. ) ;
#2944 = CARTESIAN_POINT ( 'NONE',  ( -3.397840197981509824, -4.344999999999999751, 7.947848362680764112 ) ) ;
#2945 = CARTESIAN_POINT ( 'NONE',  ( -4.771741569662393267, -4.445000000000001172, 7.931269940384554573 ) ) ;
#2946 = CARTESIAN_POINT ( 'NONE',  ( -0.4249999999999999889, 3.645000000000000018, 1.201000000000000068 ) ) ;
#2947 = DIRECTION ( 'NONE',  ( -1.000000000000000000, 0.0000000000000000000, 0.0000000000000000000 ) ) ;
#2948 = ORIENTED_EDGE ( 'NONE', *, *, #3536, .T. ) ;
#2949 = CARTESIAN_POINT ( 'NONE',  ( 2.220000000000000195, -1.590000000000000080, 8.460000000000000853 ) ) ;
#2950 = STYLED_ITEM ( 'NONE', ( #3368 ), #6364 ) ;
#2951 = DIRECTION ( 'NONE',  ( 0.0000000000000000000, -1.000000000000000000, 0.0000000000000000000 ) ) ;
#2952 = EDGE_CURVE ( 'NONE', #3409, #1698, #4833, .T. ) ;
#2953 = ADVANCED_FACE ( 'NONE', ( #2373 ), #5012, .T. ) ;
#2954 = ORIENTED_EDGE ( 'NONE', *, *, #134, .F. ) ;
#2955 = CARTESIAN_POINT ( 'NONE',  ( 2.220000000000000195, -1.590000000000000302, 3.720000000000000639 ) ) ;
#2956 = ORIENTED_EDGE ( 'NONE', *, *, #6491, .F. ) ;
#2957 = CARTESIAN_POINT ( 'NONE',  ( -4.819999999999999396, 4.445000000000000284, 0.7409999999999999920 ) ) ;
#2958 = CARTESIAN_POINT ( 'NONE',  ( 0.4249999999999999889, 3.645000000000000018, 1.668999999999999817 ) ) ;
#2959 = CARTESIAN_POINT ( 'NONE',  ( -2.860000000000000320, 0.9499999999999999556, 2.129999999999999893 ) ) ;
#2960 = CARTESIAN_POINT ( 'NONE',  ( -3.320883460685343902, -4.444999999999998508, 8.186956356465344697 ) ) ;
#2961 = B_SPLINE_CURVE_WITH_KNOTS ( 'NONE', 1,
 ( #1155, #2716 ),
 .UNSPECIFIED., .F., .F.,
 ( 2, 2 ),
 ( 0.01008000000000000042, 0.01171999999999999952 ),
 .UNSPECIFIED. ) ;
#2962 = DIRECTION ( 'NONE',  ( 0.0000000000000000000, 0.0000000000000000000, -1.000000000000000000 ) ) ;
#2963 = EDGE_CURVE ( 'NONE', #2500, #5279, #3329, .T. ) ;
#2964 = COLOUR_RGB ( '',0.1019607843137254888, 0.1019607843137254888, 0.1019607843137254888 ) ;
#2965 = EDGE_CURVE ( 'NONE', #6934, #4341, #7869, .T. ) ;
#2966 = EDGE_LOOP ( 'NONE', ( #5734, #5351, #2633, #198 ) ) ;
#2967 = CARTESIAN_POINT ( 'NONE',  ( -4.373961129811255510, -4.445000000000000284, 8.726837092042458721 ) ) ;
#2968 = VERTEX_POINT ( 'NONE', #5135 ) ;
#2969 = ORIENTED_EDGE ( 'NONE', *, *, #1265, .F. ) ;
#2970 = PLANE ( 'NONE',  #1296 ) ;
#2971 = SURFACE_STYLE_USAGE ( .BOTH. , #396 ) ;
#2972 = CARTESIAN_POINT ( 'NONE',  ( 0.4249999999999999889, 3.645000000000000018, 1.239999999999999991 ) ) ;
#2973 = FILL_AREA_STYLE ('',( #1765 ) ) ;
#2974 =( NAMED_UNIT ( * ) PLANE_ANGLE_UNIT ( ) SI_UNIT ( $, .RADIAN. ) );
#2975 = CARTESIAN_POINT ( 'NONE',  ( 2.220000000000000195, 0.9500000000000000666, 3.720000000000000639 ) ) ;
#2976 =( LENGTH_UNIT ( ) NAMED_UNIT ( * ) SI_UNIT ( .MILLI., .METRE. ) );
#2977 = EDGE_CURVE ( 'NONE', #2356, #2247, #7447, .T. ) ;
#2978 = FILL_AREA_STYLE_COLOUR ( '', #4908 ) ;
#2979 = CARTESIAN_POINT ( 'NONE',  ( -4.244633132282688237, -4.344999999999997975, 7.687108813420996611 ) ) ;
#2980 = DIRECTION ( 'NONE',  ( 0.0000000000000000000, 0.0000000000000000000, 1.000000000000000000 ) ) ;
#2981 = DIRECTION ( 'NONE',  ( 0.0000000000000000000, 0.7071067811865470176, -0.7071067811865480168 ) ) ;
#2982 = CARTESIAN_POINT ( 'NONE',  ( -4.084195451737643090, -4.344999999999999751, 8.016480691622218657 ) ) ;
#2983 = CARTESIAN_POINT ( 'NONE',  ( -2.220000000000000195, -0.9499999999999999556, 3.720000000000000639 ) ) ;
#2984 = ORIENTED_EDGE ( 'NONE', *, *, #6350, .T. ) ;
#2985 = SURFACE_SIDE_STYLE ('',( #4892 ) ) ;
#2986 = PRESENTATION_STYLE_ASSIGNMENT (( #2267 ) ) ;
#2987 = CARTESIAN_POINT ( 'NONE',  ( -2.947144760307581990, -4.445000000000000284, 8.375890312975075247 ) ) ;
#2988 = ORIENTED_EDGE ( 'NONE', *, *, #6896, .F. ) ;
#2989 = ORIENTED_EDGE ( 'NONE', *, *, #6820, .F. ) ;
#2990 = CARTESIAN_POINT ( 'NONE',  ( -3.486716538465101323, -4.344999999999999751, 7.946655468110833453 ) ) ;
#2991 = SURFACE_STYLE_USAGE ( .BOTH. , #5677 ) ;
#2992 = DIRECTION ( 'NONE',  ( 0.0000000000000000000, -1.000000000000000000, 0.0000000000000000000 ) ) ;
#2993 = CARTESIAN_POINT ( 'NONE',  ( 2.220000000000000195, 0.9499999999999999556, 1.969999999999999973 ) ) ;
#2994 = ORIENTED_EDGE ( 'NONE', *, *, #2855, .F. ) ;
#2995 = DIRECTION ( 'NONE',  ( 0.0000000000000000000, -1.000000000000000000, 0.0000000000000000000 ) ) ;
#2996 = PRESENTATION_LAYER_ASSIGNMENT (  '', '', ( #5162 ) ) ;
#2997 = VERTEX_POINT ( 'NONE', #1849 ) ;
#2998 = ORIENTED_EDGE ( 'NONE', *, *, #5151, .T. ) ;
#2999 = SURFACE_SIDE_STYLE ('',( #3656 ) ) ;
#3000 = VECTOR ( 'NONE', #3940, 1000.000000000000000 ) ;
#3001 = EDGE_CURVE ( 'NONE', #2815, #984, #2907, .T. ) ;
#3002 = FILL_AREA_STYLE_COLOUR ( '', #6209 ) ;
#3003 = CARTESIAN_POINT ( 'NONE',  ( -2.407460805572798179, -1.402539194427201874, -1.330000000000000071 ) ) ;
#3004 = CARTESIAN_POINT ( 'NONE',  ( -6.570000000000000284, 1.649999999999999911, 8.030000000000001137 ) ) ;
#3005 = DIRECTION ( 'NONE',  ( -1.000000000000000000, 0.0000000000000000000, 0.0000000000000000000 ) ) ;
#3006 = ORIENTED_EDGE ( 'NONE', *, *, #1894, .F. ) ;
#3007 = CARTESIAN_POINT ( 'NONE',  ( 2.660000000000000142, -1.389999999999999902, 8.959999999999999076 ) ) ;
#3008 = UNCERTAINTY_MEASURE_WITH_UNIT (LENGTH_MEASURE( 1.000000000000000082E-05 ), #6175, 'distance_accuracy_value', 'NONE');
#3009 = ORIENTED_EDGE ( 'NONE', *, *, #6071, .F. ) ;
#3010 = DIRECTION ( 'NONE',  ( -0.9284766908852591927, 0.0000000000000000000, 0.3713906763541041101 ) ) ;
#3011 = AXIS2_PLACEMENT_3D ( 'NONE', #2878, #357, #8105 ) ;
#3012 = EDGE_CURVE ( 'NONE', #4611, #3710, #6159, .T. ) ;
#3013 = EDGE_CURVE ( 'NONE', #5954, #3388, #7754, .T. ) ;
#3014 = SURFACE_STYLE_FILL_AREA ( #7410 ) ;
#3015 = CARTESIAN_POINT ( 'NONE',  ( -0.3200000000000000067, 1.590000000000000080, 3.720000000000000195 ) ) ;
#3016 = DIRECTION ( 'NONE',  ( 0.0000000000000000000, -1.000000000000000000, 0.0000000000000000000 ) ) ;
#3017 = CARTESIAN_POINT ( 'NONE',  ( 0.4249999999999999334, -4.495000000000000107, 1.669000000000000483 ) ) ;
#3018 = DIRECTION ( 'NONE',  ( -0.8480480961564261788, 0.0000000000000000000, 0.5299192642332045677 ) ) ;
#3019 = B_SPLINE_CURVE_WITH_KNOTS ( 'NONE', 1,
 ( #6549, #7142 ),
 .UNSPECIFIED., .F., .F.,
 ( 2, 2 ),
 ( -0.9780521262002743743, -0.8463648834019202871 ),
 .UNSPECIFIED. ) ;
#3020 = UNCERTAINTY_MEASURE_WITH_UNIT (LENGTH_MEASURE( 1.000000000000000082E-05 ), #6199, 'distance_accuracy_value', 'NONE');
#3021 = AXIS2_PLACEMENT_3D ( 'NONE', #7096, #7131, #4569 ) ;
#3022 = ORIENTED_EDGE ( 'NONE', *, *, #3887, .T. ) ;
#3023 = CARTESIAN_POINT ( 'NONE',  ( 2.220000000000000195, -1.590000000000000080, 8.460000000000000853 ) ) ;
#3024 = DIRECTION ( 'NONE',  ( -1.000000000000000000, 0.0000000000000000000, 0.0000000000000000000 ) ) ;
#3025 = PLANE ( 'NONE',  #7766 ) ;
#3026 = ADVANCED_FACE ( 'NONE', ( #5090 ), #1888, .T. ) ;
#3027 = CARTESIAN_POINT ( 'NONE',  ( 4.305000000000002380, -4.495000000000000107, 1.201000000000000512 ) ) ;
#3028 = ORIENTED_EDGE ( 'NONE', *, *, #7053, .T. ) ;
#3029 = CARTESIAN_POINT ( 'NONE',  ( 5.154999999999997584, -4.495000000000000107, 1.669000000000000483 ) ) ;
#3030 = SURFACE_SIDE_STYLE ('',( #6962 ) ) ;
#3031 = SURFACE_STYLE_USAGE ( .BOTH. , #4441 ) ;
#3032 = EDGE_LOOP ( 'NONE', ( #1289, #1471, #5160, #6079 ) ) ;
#3033 = ORIENTED_EDGE ( 'NONE', *, *, #1571, .F. ) ;
#3034 = CARTESIAN_POINT ( 'NONE',  ( -4.725024728119445072, -4.344999999999997975, 8.035791278594837550 ) ) ;
#3035 = CARTESIAN_POINT ( 'NONE',  ( 0.4249999999999999889, 3.645000000000000018, 1.668999999999999817 ) ) ;
#3036 = STYLED_ITEM ( 'NONE', ( #5347 ), #2778 ) ;
#3037 = B_SPLINE_CURVE_WITH_KNOTS ( 'NONE', 1,
 ( #912, #3542 ),
 .UNSPECIFIED., .F., .F.,
 ( 2, 2 ),
 ( 0.0000000000000000000, 1.000000000000000000 ),
 .UNSPECIFIED. ) ;
#3038 = SURFACE_SIDE_STYLE ('',( #5067 ) ) ;
#3039 = CARTESIAN_POINT ( 'NONE',  ( -2.860000000000000320, 0.9499999999999999556, 3.720000000000000639 ) ) ;
#3040 = ORIENTED_EDGE ( 'NONE', *, *, #5334, .F. ) ;
#3041 = B_SPLINE_CURVE_WITH_KNOTS ( 'NONE', 1,
 ( #1, #1196 ),
 .UNSPECIFIED., .F., .F.,
 ( 2, 2 ),
 ( 0.0005916368650299999804, 0.001166093129679999802 ),
 .UNSPECIFIED. ) ;
#3042 = VERTEX_POINT ( 'NONE', #4537 ) ;
#3043 = AXIS2_PLACEMENT_3D ( 'NONE', #2120, #2779, #5293 ) ;
#3044 = CARTESIAN_POINT ( 'NONE',  ( -4.304999999999999716, -3.645000000000000018, 1.239999999999999991 ) ) ;
#3045 =( GEOMETRIC_REPRESENTATION_CONTEXT ( 3 ) GLOBAL_UNCERTAINTY_ASSIGNED_CONTEXT ( ( #3703 ) ) GLOBAL_UNIT_ASSIGNED_CONTEXT ( ( #1964, #7683, #695 ) ) REPRESENTATION_CONTEXT ( 'NONE', 'WORKASPACE' ) );
#3046 = ORIENTED_EDGE ( 'NONE', *, *, #4317, .F. ) ;
#3047 = CARTESIAN_POINT ( 'NONE',  ( 2.220000000000000195, 0.9499999999999999556, 8.460000000000000853 ) ) ;
#3048 =( NAMED_UNIT ( * ) PLANE_ANGLE_UNIT ( ) SI_UNIT ( $, .RADIAN. ) );
#3049 = AXIS2_PLACEMENT_3D ( 'NONE', #864, #5352, #4683 ) ;
#3050 = CARTESIAN_POINT ( 'NONE',  ( -3.193328175412729397, -4.344999999999997975, 8.258369922473411506 ) ) ;
#3051 = CARTESIAN_POINT ( 'NONE',  ( -0.1200000000000000094, 1.389999999999999902, 8.959999999999999076 ) ) ;
#3052 = DIRECTION ( 'NONE',  ( 1.000000000000000000, 0.0000000000000000000, 0.0000000000000000000 ) ) ;
#3053 = EDGE_LOOP ( 'NONE', ( #4216, #7095, #2746, #6269 ) ) ;
#3054 = CARTESIAN_POINT ( 'NONE',  ( -4.725024728119445072, -4.445000000000000284, 8.035791278594837550 ) ) ;
#3055 = ADVANCED_FACE ( 'NONE', ( #1808 ), #2657, .T. ) ;
#3056 = ORIENTED_EDGE ( 'NONE', *, *, #883, .F. ) ;
#3057 = MECHANICAL_DESIGN_GEOMETRIC_PRESENTATION_REPRESENTATION (  '', ( #6164 ), #1575 ) ;
#3058 = B_SPLINE_CURVE_WITH_KNOTS ( 'NONE', 1,
 ( #3516, #7308 ),
 .UNSPECIFIED., .F., .F.,
 ( 2, 2 ),
 ( 0.007609999999999999577, 0.009275000000000000258 ),
 .UNSPECIFIED. ) ;
#3059 = FILL_AREA_STYLE ('',( #1807 ) ) ;
#3060 = CARTESIAN_POINT ( 'NONE',  ( 0.0000000000000000000, 0.0000000000000000000, 0.0000000000000000000 ) ) ;
#3061 = CARTESIAN_POINT ( 'NONE',  ( 2.220000000000000195, -0.9499999999999999556, 1.169999999999999929 ) ) ;
#3062 = DIRECTION ( 'NONE',  ( 0.0000000000000000000, 0.7071067811865480168, -0.7071067811865470176 ) ) ;
#3063 = CARTESIAN_POINT ( 'NONE',  ( -4.497124772953646321, -4.444999999999999396, 7.603565134194886888 ) ) ;
#3064 = ORIENTED_EDGE ( 'NONE', *, *, #5567, .F. ) ;
#3065 = DIRECTION ( 'NONE',  ( 0.0000000000000000000, -3.777706580535078268E-13, -1.000000000000000000 ) ) ;
#3066 = CARTESIAN_POINT ( 'NONE',  ( 0.4249999999999999889, -3.645000000000000018, 1.668999999999999817 ) ) ;
#3067 = CARTESIAN_POINT ( 'NONE',  ( -4.260208152568973006, -4.345000000000000639, 7.654298726145857934 ) ) ;
#3068 = EDGE_CURVE ( 'NONE', #7545, #416, #3019, .T. ) ;
#3069 = EDGE_CURVE ( 'NONE', #4839, #5508, #851, .T. ) ;
#3070 = ORIENTED_EDGE ( 'NONE', *, *, #1725, .T. ) ;
#3071 = CARTESIAN_POINT ( 'NONE',  ( -0.3200000000000000067, 0.9499999999999999556, 8.460000000000000853 ) ) ;
#3072 = DIRECTION ( 'NONE',  ( 0.0000000000000000000, 0.0000000000000000000, 1.000000000000000000 ) ) ;
#3073 = PRESENTATION_STYLE_ASSIGNMENT (( #6784 ) ) ;
#3074 = DIRECTION ( 'NONE',  ( 0.4534971179101688343, 0.0000000000000000000, 0.8912577427698288313 ) ) ;
#3075 = ORIENTED_EDGE ( 'NONE', *, *, #7568, .F. ) ;
#3076 = CARTESIAN_POINT ( 'NONE',  ( -3.995879388795381182, -4.344999999999997975, 7.733835972291135619 ) ) ;
#3077 = STYLED_ITEM ( 'NONE', ( #3736 ), #5446 ) ;
#3078 = CARTESIAN_POINT ( 'NONE',  ( 0.3200000000000000067, -1.590000000000000746, 1.169999999999999929 ) ) ;
#3079 = B_SPLINE_CURVE_WITH_KNOTS ( 'NONE', 1,
 ( #2052, #5236 ),
 .UNSPECIFIED., .F., .F.,
 ( 2, 2 ),
 ( 0.002795000000000000175, 0.009195000000000000048 ),
 .UNSPECIFIED. ) ;
#3080 = CARTESIAN_POINT ( 'NONE',  ( -2.947144760307581990, -4.344999999999999751, 8.375890312975075247 ) ) ;
#3081 = ORIENTED_EDGE ( 'NONE', *, *, #7625, .F. ) ;
#3082 = EDGE_CURVE ( 'NONE', #241, #5107, #2601, .T. ) ;
#3083 = ORIENTED_EDGE ( 'NONE', *, *, #2492, .T. ) ;
#3084 = CARTESIAN_POINT ( 'NONE',  ( 4.304999999999999716, 3.645000000000000018, 1.629999999999999893 ) ) ;
#3085 = DIRECTION ( 'NONE',  ( -1.000000000000000000, 0.0000000000000000000, 0.0000000000000000000 ) ) ;
#3086 = VECTOR ( 'NONE', #4375, 1000.000000000000000 ) ;
#3087 = CARTESIAN_POINT ( 'NONE',  ( -2.259999999999999787, -3.314999999999999947, 3.720000000000000195 ) ) ;
#3088 = LINE ( 'NONE', #1311, #4726 ) ;
#3089 = ORIENTED_EDGE ( 'NONE', *, *, #1697, .T. ) ;
#3090 = CARTESIAN_POINT ( 'NONE',  ( -4.799847209308350848, -4.345000000000000639, 7.843069298687995961 ) ) ;
#3091 = CARTESIAN_POINT ( 'NONE',  ( -2.672539194427200115, 1.402539194427200098, -1.330000000000000071 ) ) ;
#3092 = ORIENTED_EDGE ( 'NONE', *, *, #6471, .F. ) ;
#3093 = EDGE_CURVE ( 'NONE', #5629, #6934, #1118, .T. ) ;
#3094 =( LENGTH_UNIT ( ) NAMED_UNIT ( * ) SI_UNIT ( .MILLI., .METRE. ) );
#3095 = VERTEX_POINT ( 'NONE', #5982 ) ;
#3096 = B_SPLINE_CURVE_WITH_KNOTS ( 'NONE', 1,
 ( #4999, #2955 ),
 .UNSPECIFIED., .F., .F.,
 ( 2, 2 ),
 ( 0.0000000000000000000, 0.0006400000000000000524 ),
 .UNSPECIFIED. ) ;
#3097 = STYLED_ITEM ( 'NONE', ( #7989 ), #7740 ) ;
#3098 = SURFACE_STYLE_FILL_AREA ( #7620 ) ;
#3099 = COLOUR_RGB ( '',0.1019607843137254888, 0.1019607843137254888, 0.1019607843137254888 ) ;
#3100 = CARTESIAN_POINT ( 'NONE',  ( -3.012776928893985851, -4.345000000000000639, 8.548284573084835358 ) ) ;
#3101 = CARTESIAN_POINT ( 'NONE',  ( 4.000000000000000000, -3.915000000000000036, 10.51999999999999957 ) ) ;
#3102 = B_SPLINE_CURVE_WITH_KNOTS ( 'NONE', 1,
 ( #4584, #691 ),
 .UNSPECIFIED., .F., .F.,
 ( 2, 2 ),
 ( -0.0009881553119099998912, -0.0003481553119099999472 ),
 .UNSPECIFIED. ) ;
#3103 = CARTESIAN_POINT ( 'NONE',  ( 2.672539194427198339, -1.137460805572801492, -1.330000000000000071 ) ) ;
#3104 = ORIENTED_EDGE ( 'NONE', *, *, #2248, .F. ) ;
#3105 = SURFACE_SIDE_STYLE ('',( #5130 ) ) ;
#3106 = UNCERTAINTY_MEASURE_WITH_UNIT (LENGTH_MEASURE( 1.000000000000000082E-05 ), #2162, 'distance_accuracy_value', 'NONE');
#3107 = ORIENTED_EDGE ( 'NONE', *, *, #6950, .F. ) ;
#3108 = VECTOR ( 'NONE', #4900, 1000.000000000000000 ) ;
#3109 = FILL_AREA_STYLE ('',( #608 ) ) ;
#3110 = CARTESIAN_POINT ( 'NONE',  ( 6.570000000000000284, -3.314999999999999947, 3.720000000000000195 ) ) ;
#3111 = MECHANICAL_DESIGN_GEOMETRIC_PRESENTATION_REPRESENTATION (  '', ( #4181 ), #4466 ) ;
#3112 = ORIENTED_EDGE ( 'NONE', *, *, #6628, .F. ) ;
#3113 = SURFACE_SIDE_STYLE ('',( #1921 ) ) ;
#3114 = CARTESIAN_POINT ( 'NONE',  ( 0.4249999999999999334, -2.794999999999999485, 1.669000000000000483 ) ) ;
#3115 = CARTESIAN_POINT ( 'NONE',  ( 2.672539194427198339, 0.0000000000000000000, -1.330000000000000071 ) ) ;
#3116 = UNCERTAINTY_MEASURE_WITH_UNIT (LENGTH_MEASURE( 1.000000000000000082E-05 ), #5007, 'distance_accuracy_value', 'NONE');
#3117 = MECHANICAL_DESIGN_GEOMETRIC_PRESENTATION_REPRESENTATION (  '', ( #4987 ), #6089 ) ;
#3118 = SURFACE_SIDE_STYLE ('',( #2464 ) ) ;
#3119 = CARTESIAN_POINT ( 'NONE',  ( -4.394366695382836419, -4.445000000000000284, 8.167141579221944170 ) ) ;
#3120 = CARTESIAN_POINT ( 'NONE',  ( -0.1200000000000000094, -1.149999999999999911, 8.959999999999999076 ) ) ;
#3121 = B_SPLINE_CURVE_WITH_KNOTS ( 'NONE', 1,
 ( #3461, #7292 ),
 .UNSPECIFIED., .F., .F.,
 ( 2, 2 ),
 ( 0.0005999999999999999474, 0.001129999999999999928 ),
 .UNSPECIFIED. ) ;
#3122 = FACE_OUTER_BOUND ( 'NONE', #7863, .T. ) ;
#3123 = VERTEX_POINT ( 'NONE', #3310 ) ;
#3124 = SURFACE_SIDE_STYLE ('',( #4398 ) ) ;
#3125 = DIRECTION ( 'NONE',  ( 0.0000000000000000000, 0.0000000000000000000, 1.000000000000000000 ) ) ;
#3126 = EDGE_LOOP ( 'NONE', ( #4228, #5563, #4982, #6879 ) ) ;
#3127 = DIRECTION ( 'NONE',  ( 0.0000000000000000000, 1.000000000000000000, 0.0000000000000000000 ) ) ;
#3128 = CARTESIAN_POINT ( 'NONE',  ( -4.786734660849464085, -4.445000000000000284, 7.891583331761204079 ) ) ;
#3129 = CARTESIAN_POINT ( 'NONE',  ( -0.4249999999999999334, 4.495000000000000107, 1.669000000000000483 ) ) ;
#3130 = EDGE_CURVE ( 'NONE', #2315, #1312, #3936, .T. ) ;
#3131 = CARTESIAN_POINT ( 'NONE',  ( -0.3200000000000000067, 0.9499999999999999556, 8.460000000000000853 ) ) ;
#3132 = ADVANCED_FACE ( 'NONE', ( #1367 ), #4667, .T. ) ;
#3133 = VERTEX_POINT ( 'NONE', #2037 ) ;
#3134 = CARTESIAN_POINT ( 'NONE',  ( 0.1200000000000000094, -0.9461600000000000010, 8.959999999999999076 ) ) ;
#3135 = CARTESIAN_POINT ( 'NONE',  ( -3.256795864802467300, -4.445000000000561613, 8.435854368843434870 ) ) ;
#3136 = ORIENTED_EDGE ( 'NONE', *, *, #5776, .T. ) ;
#3137 = CARTESIAN_POINT ( 'NONE',  ( -2.220000000000000195, -0.9499999999999999556, 8.300000000000000711 ) ) ;
#3138 = CARTESIAN_POINT ( 'NONE',  ( -2.860000000000000320, -1.590000000000000080, 8.300000000000000711 ) ) ;
#3139 = FILL_AREA_STYLE ('',( #7023 ) ) ;
#3140 = EDGE_CURVE ( 'NONE', #6507, #1009, #6057, .T. ) ;
#3141 = CARTESIAN_POINT ( 'NONE',  ( 2.407460805572801732, 1.402539194427198543, -1.330000000000000071 ) ) ;
#3142 = LINE ( 'NONE', #4420, #3418 ) ;
#3143 = ORIENTED_EDGE ( 'NONE', *, *, #5991, .F. ) ;
#3144 = CARTESIAN_POINT ( 'NONE',  ( -2.953923300910690219, -4.344999999999997975, 8.222189719021848475 ) ) ;
#3145 = VECTOR ( 'NONE', #5848, 1000.000000000000000 ) ;
#3146 = ORIENTED_EDGE ( 'NONE', *, *, #2248, .T. ) ;
#3147 = PRESENTATION_STYLE_ASSIGNMENT (( #5430 ) ) ;
#3148 = CARTESIAN_POINT ( 'NONE',  ( 0.8199999999999999512, -0.4401599999999999957, 1.629999999999999893 ) ) ;
#3149 = CARTESIAN_POINT ( 'NONE',  ( 2.419999999999999929, -1.389999999999999902, 8.959999999999999076 ) ) ;
#3150 = AXIS2_PLACEMENT_3D ( 'NONE', #5956, #2137, #5999 ) ;
#3151 = ORIENTED_EDGE ( 'NONE', *, *, #3865, .F. ) ;
#3152 = FILL_AREA_STYLE_COLOUR ( '', #4949 ) ;
#3153 = CARTESIAN_POINT ( 'NONE',  ( -0.4249999999999999334, -2.794999999999999485, 0.8499999999999999778 ) ) ;
#3154 = DIRECTION ( 'NONE',  ( 0.0000000000000000000, 1.000000000000000000, 0.0000000000000000000 ) ) ;
#3155 = AXIS2_PLACEMENT_3D ( 'NONE', #2118, #4779, #6020 ) ;
#3156 = CARTESIAN_POINT ( 'NONE',  ( 0.3238400000000000167, -1.389999999999999902, 8.959999999999999076 ) ) ;
#3157 = DIRECTION ( 'NONE',  ( 0.0000000000000000000, 0.0000000000000000000, -1.000000000000000000 ) ) ;
#3158 = FACE_OUTER_BOUND ( 'NONE', #5879, .T. ) ;
#3159 = CARTESIAN_POINT ( 'NONE',  ( -3.265628087343627861, -4.344999999999998863, 8.196544063072220609 ) ) ;
#3160 = ORIENTED_EDGE ( 'NONE', *, *, #1734, .T. ) ;
#3161 = DIRECTION ( 'NONE',  ( -0.0000000000000000000, 1.000000000000000000, 0.0000000000000000000 ) ) ;
#3162 = AXIS2_PLACEMENT_3D ( 'NONE', #5586, #6131, #5541 ) ;
#3163 = PLANE ( 'NONE',  #5303 ) ;
#3164 = CARTESIAN_POINT ( 'NONE',  ( -4.304999999999999716, 3.645000000000000018, 1.668999999999999817 ) ) ;
#3165 = VERTEX_POINT ( 'NONE', #176 ) ;
#3166 = EDGE_CURVE ( 'NONE', #7827, #7202, #1493, .T. ) ;
#3167 = PRESENTATION_STYLE_ASSIGNMENT (( #6496 ) ) ;
#3168 = DIRECTION ( 'NONE',  ( 0.0000000000000000000, 0.0000000000000000000, -1.000000000000000000 ) ) ;
#3169 = FACE_OUTER_BOUND ( 'NONE', #4901, .T. ) ;
#3170 = CARTESIAN_POINT ( 'NONE',  ( -3.486716538465101323, -4.344999999999999751, 8.455469570674935653 ) ) ;
#3171 = ORIENTED_EDGE ( 'NONE', *, *, #7258, .T. ) ;
#3172 = CARTESIAN_POINT ( 'NONE',  ( -3.724163119661682231, -4.344999999999999751, 7.369999485204850487 ) ) ;
#3173 = SURFACE_STYLE_FILL_AREA ( #597 ) ;
#3174 = ORIENTED_EDGE ( 'NONE', *, *, #2732, .T. ) ;
#3175 = ORIENTED_EDGE ( 'NONE', *, *, #1838, .F. ) ;
#3176 = EDGE_CURVE ( 'NONE', #1223, #8154, #3839, .T. ) ;
#3177 = ADVANCED_FACE ( 'NONE', ( #2740 ), #2598, .T. ) ;
#3178 = SURFACE_STYLE_USAGE ( .BOTH. , #7704 ) ;
#3179 = CARTESIAN_POINT ( 'NONE',  ( 7.620000000000000107, 1.649999999999999911, 1.629999999999999893 ) ) ;
#3180 = CARTESIAN_POINT ( 'NONE',  ( -4.781012383575069968, -4.345000000000001528, 7.596217601066260094 ) ) ;
#3181 = CARTESIAN_POINT ( 'NONE',  ( -3.186490720958053746, -4.344999999999998863, 8.276702984795548446 ) ) ;
#3183 = DIRECTION ( 'NONE',  ( 0.0000000000000000000, 0.0000000000000000000, -1.000000000000000000 ) ) ;
#3182 = VECTOR ( 'NONE', #5621, 1000.000000000000000 ) ;
#3184 = ORIENTED_EDGE ( 'NONE', *, *, #965, .F. ) ;
#3185 = B_SPLINE_CURVE_WITH_KNOTS ( 'NONE', 1,
 ( #7800, #5259 ),
 .UNSPECIFIED., .F., .F.,
 ( 2, 2 ),
 ( 0.001280000000000000105, 0.001920000000000000049 ),
 .UNSPECIFIED. ) ;
#3186 = PLANE ( 'NONE',  #6450 ) ;
#3187 = UNCERTAINTY_MEASURE_WITH_UNIT (LENGTH_MEASURE( 1.000000000000000082E-05 ), #3972, 'distance_accuracy_value', 'NONE');
#3188 = EDGE_CURVE ( 'NONE', #7010, #5592, #3744, .T. ) ;
#3189 = B_SPLINE_CURVE_WITH_KNOTS ( 'NONE', 1,
 ( #4209, #3577 ),
 .UNSPECIFIED., .F., .F.,
 ( 2, 2 ),
 ( 0.01547499999999999917, 0.02210499999999999965 ),
 .UNSPECIFIED. ) ;
#3190 = FACE_OUTER_BOUND ( 'NONE', #27, .T. ) ;
#3191 =( LENGTH_UNIT ( ) NAMED_UNIT ( * ) SI_UNIT ( .MILLI., .METRE. ) );
#3192 = CARTESIAN_POINT ( 'NONE',  ( 0.1200000000000000094, -1.149999999999999911, 8.959999999999999076 ) ) ;
#3193 = PLANE ( 'NONE',  #4135 ) ;
#3195 =( LENGTH_UNIT ( ) NAMED_UNIT ( * ) SI_UNIT ( .MILLI., .METRE. ) );
#3194 =( GEOMETRIC_REPRESENTATION_CONTEXT ( 3 ) GLOBAL_UNCERTAINTY_ASSIGNED_CONTEXT ( ( #643 ) ) GLOBAL_UNIT_ASSIGNED_CONTEXT ( ( #2976, #1090, #1642 ) ) REPRESENTATION_CONTEXT ( 'NONE', 'WORKASPACE' ) );
#3196 = SURFACE_SIDE_STYLE ('',( #3872 ) ) ;
#3197 = COLOUR_RGB ( '',0.1019607843137254888, 0.1019607843137254888, 0.1019607843137254888 ) ;
#3198 = DIRECTION ( 'NONE',  ( 0.0000000000000000000, 0.0000000000000000000, 1.000000000000000000 ) ) ;
#3199 = DIRECTION ( 'NONE',  ( 0.0000000000000000000, -1.000000000000000000, 1.337876005766362087E-16 ) ) ;
#3200 = SURFACE_SIDE_STYLE ('',( #3282 ) ) ;
#3201 =( GEOMETRIC_REPRESENTATION_CONTEXT ( 3 ) GLOBAL_UNCERTAINTY_ASSIGNED_CONTEXT ( ( #4535 ) ) GLOBAL_UNIT_ASSIGNED_CONTEXT ( ( #4997, #1705, #2358 ) ) REPRESENTATION_CONTEXT ( 'NONE', 'WORKASPACE' ) );
#3202 = SURFACE_STYLE_USAGE ( .BOTH. , #3836 ) ;
#3203 = B_SPLINE_CURVE_WITH_KNOTS ( 'NONE', 1,
 ( #3207, #4480 ),
 .UNSPECIFIED., .F., .F.,
 ( 2, 2 ),
 ( 0.3717421124828532153, 1.000000000000000000 ),
 .UNSPECIFIED. ) ;
#3204 = B_SPLINE_SURFACE_WITH_KNOTS ( 'NONE', 3, 1, ( 
 ( #3816, #6931 ),
 ( #8166, #4903 ),
 ( #3135, #5763 ),
 ( #6362, #5722 ),
 ( #6318, #3690 ),
 ( #5594, #559 ),
 ( #4950, #2400 ),
 ( #6973, #7575 ),
 ( #8295, #513 ),
 ( #6397, #1791 ),
 ( #6890, #4368 ) ),
 .UNSPECIFIED., .F., .F., .F.,
 ( 4, 1, 1, 1, 1, 1, 1, 1, 4 ),
 ( 2, 2 ),
 ( 0.0000000000000000000, 0.08210116044144435965, 0.1738249811011143842, 0.2789530937157202461, 0.3966390953455971591, 0.5273155915890607170, 0.6712981430820365025, 0.8287543799634334851, 1.000000000000000000 ),
 ( 0.0000000000000000000, 1.000000000000000000 ),
 .UNSPECIFIED. ) ;
#3205 = ORIENTED_EDGE ( 'NONE', *, *, #4274, .F. ) ;
#3206 = DIRECTION ( 'NONE',  ( -1.000000000000000000, 0.0000000000000000000, 0.0000000000000000000 ) ) ;
#3207 = CARTESIAN_POINT ( 'NONE',  ( -2.220000000000000195, -1.590000000000000080, 3.720000000000000195 ) ) ;
#3208 =( GEOMETRIC_REPRESENTATION_CONTEXT ( 3 ) GLOBAL_UNCERTAINTY_ASSIGNED_CONTEXT ( ( #4101 ) ) GLOBAL_UNIT_ASSIGNED_CONTEXT ( ( #7553, #8228, #2422 ) ) REPRESENTATION_CONTEXT ( 'NONE', 'WORKASPACE' ) );
#3209 = ORIENTED_EDGE ( 'NONE', *, *, #6070, .T. ) ;
#3210 = PLANE ( 'NONE',  #2338 ) ;
#3211 = CARTESIAN_POINT ( 'NONE',  ( -5.154999999999997584, -2.794999999999999485, 0.8499999999999999778 ) ) ;
#3212 = CARTESIAN_POINT ( 'NONE',  ( -2.220000000000000195, 1.590000000000000080, 8.300000000000000711 ) ) ;
#3213 = PRESENTATION_LAYER_ASSIGNMENT (  '', '', ( #3767 ) ) ;
#3214 = EDGE_LOOP ( 'NONE', ( #1184, #6263, #2455, #8201 ) ) ;
#3215 = CARTESIAN_POINT ( 'NONE',  ( -7.620000000000000107, 4.445000000000000284, 1.629999999999999893 ) ) ;
#3216 = EDGE_CURVE ( 'NONE', #3484, #676, #189, .T. ) ;
#3217 = SURFACE_SIDE_STYLE ('',( #7090 ) ) ;
#3218 =( BOUNDED_CURVE ( )  B_SPLINE_CURVE ( 3, ( #8292, #2477, #509, #36 ),
 .UNSPECIFIED., .F., .F. ) 
 B_SPLINE_CURVE_WITH_KNOTS ( ( 4, 4 ),
 ( 3.141592653589790451, 6.283185307179590673 ),
 .UNSPECIFIED. ) 
 CURVE ( )  GEOMETRIC_REPRESENTATION_ITEM ( )  RATIONAL_B_SPLINE_CURVE ( ( 0.9999999999999998890, 0.3333333333333299842, 0.3333333333333300952, 1.000000000000000000 ) ) 
 REPRESENTATION_ITEM ( '' )  );
#3219 = ORIENTED_EDGE ( 'NONE', *, *, #7074, .F. ) ;
#3220 = ORIENTED_EDGE ( 'NONE', *, *, #1122, .T. ) ;
#3221 = FACE_OUTER_BOUND ( 'NONE', #782, .T. ) ;
#3222 = DIRECTION ( 'NONE',  ( 0.0000000000000000000, -1.000000000000000000, 0.0000000000000000000 ) ) ;
#3223 = CARTESIAN_POINT ( 'NONE',  ( -4.497124772953646321, -4.344999999999998863, 7.603565134194886888 ) ) ;
#3224 = B_SPLINE_CURVE_WITH_KNOTS ( 'NONE', 1,
 ( #3695, #1116 ),
 .UNSPECIFIED., .F., .F.,
 ( 2, 2 ),
 ( 0.0000000000000000000, 1.000000000000000000 ),
 .UNSPECIFIED. ) ;
#3225 = EDGE_CURVE ( 'NONE', #2785, #188, #6854, .T. ) ;
#3226 = EDGE_CURVE ( 'NONE', #6130, #7340, #5142, .T. ) ;
#3227 = DIRECTION ( 'NONE',  ( 0.0000000000000000000, -1.000000000000000000, 0.0000000000000000000 ) ) ;
#3228 = ORIENTED_EDGE ( 'NONE', *, *, #3291, .T. ) ;
#3229 = COLOUR_RGB ( '',0.1019607843137254888, 0.1019607843137254888, 0.1019607843137254888 ) ;
#3230 =( NAMED_UNIT ( * ) SI_UNIT ( $, .STERADIAN. ) SOLID_ANGLE_UNIT ( ) );
#3231 = DIRECTION ( 'NONE',  ( 0.0000000000000000000, -0.7071067811865480168, -0.7071067811865470176 ) ) ;
#3232 = FACE_OUTER_BOUND ( 'NONE', #1395, .T. ) ;
#3233 = EDGE_CURVE ( 'NONE', #5561, #2817, #3224, .T. ) ;
#3234 = EDGE_CURVE ( 'NONE', #4862, #6934, #6743, .T. ) ;
#3235 =( NAMED_UNIT ( * ) PLANE_ANGLE_UNIT ( ) SI_UNIT ( $, .RADIAN. ) );
#3236 = FACE_OUTER_BOUND ( 'NONE', #4817, .T. ) ;
#3237 = PRESENTATION_LAYER_ASSIGNMENT (  '', '', ( #3509 ) ) ;
#3238 = DIRECTION ( 'NONE',  ( 1.000000000000000000, 0.0000000000000000000, 0.0000000000000000000 ) ) ;
#3239 = B_SPLINE_CURVE_WITH_KNOTS ( 'NONE', 1,
 ( #2003, #2466 ),
 .UNSPECIFIED., .F., .F.,
 ( 2, 2 ),
 ( 0.02069500000000000159, 0.02500499999999999945 ),
 .UNSPECIFIED. ) ;
#3240 = CARTESIAN_POINT ( 'NONE',  ( 0.4249999999999999889, 3.645000000000000018, 1.629999999999999893 ) ) ;
#3241 = LINE ( 'NONE', #23, #945 ) ;
#3242 =( LENGTH_UNIT ( ) NAMED_UNIT ( * ) SI_UNIT ( .MILLI., .METRE. ) );
#3243 = AXIS2_PLACEMENT_3D ( 'NONE', #3676, #6744, #2841 ) ;
#3244 = B_SPLINE_CURVE_WITH_KNOTS ( 'NONE', 3,
 ( #4980, #542, #7599, #771, #1814, #3159, #7145, #4628, #7182, #5896, #8235, #4396, #5260, #3939, #7003 ),
 .UNSPECIFIED., .F., .F.,
 ( 4, 1, 1, 1, 1, 1, 1, 1, 1, 1, 1, 1, 4 ),
 ( 0.0000000000000000000, 0.1551595916613864312, 0.2854959537028894934, 0.3905028055298593870, 0.4709750446262401802, 0.5384455267337445727, 0.6036553403941761209, 0.6665871693156267819, 0.7301989498864842609, 0.7949446749029764892, 0.8602284365898026364, 0.9281207061405482017, 1.000000000000000000 ),
 .UNSPECIFIED. ) ;
#3245 = EDGE_CURVE ( 'NONE', #4856, #8175, #6544, .T. ) ;
#3246 = ORIENTED_EDGE ( 'NONE', *, *, #2789, .F. ) ;
#3247 = CARTESIAN_POINT ( 'NONE',  ( -4.305000000000001492, -4.494999999999996554, 1.629999999999999893 ) ) ;
#3248 = CARTESIAN_POINT ( 'NONE',  ( -6.570000000000000284, -3.314999999999999947, 9.919999999999999929 ) ) ;
#3249 = CARTESIAN_POINT ( 'NONE',  ( -3.101996141464943069, -4.445000000000000284, 8.630081060965919093 ) ) ;
#3250 = CARTESIAN_POINT ( 'NONE',  ( -4.205743358427662670, -4.445000000000000284, 8.120633999286063442 ) ) ;
#3251 = PRESENTATION_LAYER_ASSIGNMENT (  '', '', ( #4987 ) ) ;
#3252 = DIRECTION ( 'NONE',  ( -0.0000000000000000000, 1.000000000000000000, -0.0000000000000000000 ) ) ;
#3253 = DIRECTION ( 'NONE',  ( 0.0000000000000000000, 1.000000000000000000, 0.0000000000000000000 ) ) ;
#3254 = CARTESIAN_POINT ( 'NONE',  ( -2.860000000000000320, 1.590000000000000080, 3.720000000000000195 ) ) ;
#3255 = CARTESIAN_POINT ( 'NONE',  ( -2.219999999999999751, 1.589999999999999858, 3.719999999999999751 ) ) ;
#3256 = ORIENTED_EDGE ( 'NONE', *, *, #2977, .T. ) ;
#3257 = B_SPLINE_CURVE_WITH_KNOTS ( 'NONE', 1,
 ( #5702, #4432 ),
 .UNSPECIFIED., .F., .F.,
 ( 2, 2 ),
 ( -1.000000000000000000, -0.8683127572016460238 ),
 .UNSPECIFIED. ) ;
#3258 = CARTESIAN_POINT ( 'NONE',  ( 0.3200000000000000067, 1.590000000000000080, 2.129999999999999893 ) ) ;
#3259 =( NAMED_UNIT ( * ) PLANE_ANGLE_UNIT ( ) SI_UNIT ( $, .RADIAN. ) );
#3260 = ORIENTED_EDGE ( 'NONE', *, *, #1414, .T. ) ;
#3261 = ORIENTED_EDGE ( 'NONE', *, *, #8042, .F. ) ;
#3262 = CARTESIAN_POINT ( 'NONE',  ( 6.570000000000000284, -3.314999999999999947, 9.919999999999999929 ) ) ;
#3263 = DIRECTION ( 'NONE',  ( -1.000000000000000000, 0.0000000000000000000, 0.0000000000000000000 ) ) ;
#3264 = CARTESIAN_POINT ( 'NONE',  ( -4.597415474915649725, -4.345000000000000639, 7.384542646637330954 ) ) ;
#3265 = LINE ( 'NONE', #2530, #3145 ) ;
#3266 = ORIENTED_EDGE ( 'NONE', *, *, #4676, .F. ) ;
#3267 =( LENGTH_UNIT ( ) NAMED_UNIT ( * ) SI_UNIT ( .MILLI., .METRE. ) );
#3268 = EDGE_CURVE ( 'NONE', #4720, #4729, #4735, .T. ) ;
#3269 = CARTESIAN_POINT ( 'NONE',  ( 3.360000000000000320, 2.089999999999999858, 1.629999999999999893 ) ) ;
#3270 = CARTESIAN_POINT ( 'NONE',  ( 6.570000000000000284, 1.649999999999999911, 8.030000000000001137 ) ) ;
#3271 = CARTESIAN_POINT ( 'NONE',  ( -4.359661511949204815, -4.444999999999999396, 7.337139166065171025 ) ) ;
#3272 = CARTESIAN_POINT ( 'NONE',  ( -2.220000000000000195, 0.9499999999999999556, 8.300000000000000711 ) ) ;
#3273 = FILL_AREA_STYLE ('',( #3152 ) ) ;
#3274 = AXIS2_PLACEMENT_3D ( 'NONE', #389, #2962, #3615 ) ;
#3275 = CARTESIAN_POINT ( 'NONE',  ( -3.322812868476011428, -4.344999999999998863, 7.951398219389565369 ) ) ;
#3276 = ORIENTED_EDGE ( 'NONE', *, *, #533, .F. ) ;
#3277 = EDGE_CURVE ( 'NONE', #4773, #5201, #386, .T. ) ;
#3278 = EDGE_CURVE ( 'NONE', #7332, #281, #2239, .T. ) ;
#3279 = CARTESIAN_POINT ( 'NONE',  ( -0.4249999999999989342, 2.794999999999999485, 1.630000000000000338 ) ) ;
#3280 = CARTESIAN_POINT ( 'NONE',  ( -0.3200000000000000067, -1.590000000000000080, 2.129999999999999893 ) ) ;
#3281 = VECTOR ( 'NONE', #802, 1000.000000000000114 ) ;
#3282 = SURFACE_STYLE_FILL_AREA ( #3801 ) ;
#3283 = CARTESIAN_POINT ( 'NONE',  ( -4.209575112822709464, -4.445000000000000284, 7.382532799965025205 ) ) ;
#3284 = EDGE_LOOP ( 'NONE', ( #3814, #7149, #2654, #8185 ) ) ;
#3285 = FACE_OUTER_BOUND ( 'NONE', #8223, .T. ) ;
#3286 = CARTESIAN_POINT ( 'NONE',  ( -4.404966989186255510, -4.444999999999999396, 7.573525126230491900 ) ) ;
#3287 = CARTESIAN_POINT ( 'NONE',  ( -5.154999999999997584, 4.495000000000000107, 1.669000000000000483 ) ) ;
#3288 = PRESENTATION_LAYER_ASSIGNMENT (  '', '', ( #305 ) ) ;
#3289 = CARTESIAN_POINT ( 'NONE',  ( 2.220000000000000195, -1.590000000000000080, 1.169999999999999929 ) ) ;
#3290 = EDGE_LOOP ( 'NONE', ( #3796, #5016, #3957, #5968 ) ) ;
#3291 = EDGE_CURVE ( 'NONE', #7202, #5743, #7579, .T. ) ;
#3292 = CARTESIAN_POINT ( 'NONE',  ( -2.220000000000000195, 1.590000000000000080, 8.300000000000000711 ) ) ;
#3293 = CARTESIAN_POINT ( 'NONE',  ( -4.305000000000002380, -2.794999999999999485, 1.201000000000000512 ) ) ;
#3294 = B_SPLINE_CURVE_WITH_KNOTS ( 'NONE', 1,
 ( #5985, #298 ),
 .UNSPECIFIED., .F., .F.,
 ( 2, 2 ),
 ( 0.003299999999999999982, 0.009700000000000000289 ),
 .UNSPECIFIED. ) ;
#3295 = STYLED_ITEM ( 'NONE', ( #3167 ), #1612 ) ;
#3296 = CARTESIAN_POINT ( 'NONE',  ( -4.802785485970293422, -4.445000000000001172, 7.670889654166589189 ) ) ;
#3297 = VERTEX_POINT ( 'NONE', #1948 ) ;
#3298 = SURFACE_SIDE_STYLE ('',( #6502 ) ) ;
#3299 = CARTESIAN_POINT ( 'NONE',  ( -2.660000000000000142, 1.389999999999999902, 8.800000000000000711 ) ) ;
#3300 = VERTEX_POINT ( 'NONE', #5689 ) ;
#3301 = ORIENTED_EDGE ( 'NONE', *, *, #6405, .T. ) ;
#3302 = CARTESIAN_POINT ( 'NONE',  ( 2.220000000000000195, 0.9499999999999999556, 2.129999999999999893 ) ) ;
#3303 = CARTESIAN_POINT ( 'NONE',  ( -4.400461864319803240, -4.344999999999998863, 7.336078545033910991 ) ) ;
#3304 = CARTESIAN_POINT ( 'NONE',  ( -3.243704803021725702, -4.344999999999998863, 8.429233843511473978 ) ) ;
#3305 = CARTESIAN_POINT ( 'NONE',  ( -2.860000000000000320, -0.9499999999999999556, 2.130000000000001226 ) ) ;
#3306 = ORIENTED_EDGE ( 'NONE', *, *, #2744, .F. ) ;
#3307 =( NAMED_UNIT ( * ) SI_UNIT ( $, .STERADIAN. ) SOLID_ANGLE_UNIT ( ) );
#3308 = B_SPLINE_CURVE_WITH_KNOTS ( 'NONE', 1,
 ( #2068, #5327 ),
 .UNSPECIFIED., .F., .F.,
 ( 2, 2 ),
 ( 0.0000000000000000000, 1.000000000000000000 ),
 .UNSPECIFIED. ) ;
#3309 = CARTESIAN_POINT ( 'NONE',  ( 6.570000000000000284, 1.649999999999999911, 3.720000000000000195 ) ) ;
#3310 = CARTESIAN_POINT ( 'NONE',  ( -4.819999999999999396, 4.445000000000000284, 10.51999999999999957 ) ) ;
#3311 = DIRECTION ( 'NONE',  ( -0.7071067811865480168, 0.0000000000000000000, -0.7071067811865470176 ) ) ;
#3312 = VECTOR ( 'NONE', #6511, 1000.000000000000000 ) ;
#3313 = DIRECTION ( 'NONE',  ( 0.0000000000000000000, 0.0000000000000000000, 1.000000000000000000 ) ) ;
#3314 = CARTESIAN_POINT ( 'NONE',  ( 2.860000000000000320, -0.9499999999999999556, -1.029999999999994920 ) ) ;
#3315 = EDGE_CURVE ( 'NONE', #1885, #2803, #5749, .T. ) ;
#3316 = CARTESIAN_POINT ( 'NONE',  ( -3.217204068513177972, -4.445000000000000284, 7.966796026337330083 ) ) ;
#3317 = PLANE ( 'NONE',  #2117 ) ;
#3318 = ORIENTED_EDGE ( 'NONE', *, *, #6830, .T. ) ;
#3319 = COLOUR_RGB ( '',0.1019607843137254888, 0.1019607843137254888, 0.1019607843137254888 ) ;
#3320 = MECHANICAL_DESIGN_GEOMETRIC_PRESENTATION_REPRESENTATION (  '', ( #7774 ), #3045 ) ;
#3321 = CARTESIAN_POINT ( 'NONE',  ( -4.232977222225785319, -4.344999999999998863, 7.761415333896089841 ) ) ;
#3322 =( LENGTH_UNIT ( ) NAMED_UNIT ( * ) SI_UNIT ( .MILLI., .METRE. ) );
#3323 = CARTESIAN_POINT ( 'NONE',  ( -1.719999999999999973, 0.4500000000000000111, 1.629999999999999893 ) ) ;
#3324 = DIRECTION ( 'NONE',  ( -0.7071067811865480168, 0.0000000000000000000, -0.7071067811865470176 ) ) ;
#3325 = DIRECTION ( 'NONE',  ( 0.0000000000000000000, 0.0000000000000000000, -1.000000000000000000 ) ) ;
#3326 = B_SPLINE_CURVE_WITH_KNOTS ( 'NONE', 1,
 ( #8319, #4354 ),
 .UNSPECIFIED., .F., .F.,
 ( 2, 2 ),
 ( 0.0000000000000000000, 1.000000000000000000 ),
 .UNSPECIFIED. ) ;
#3327 = MECHANICAL_DESIGN_GEOMETRIC_PRESENTATION_REPRESENTATION (  '', ( #2102 ), #1713 ) ;
#3328 = EDGE_LOOP ( 'NONE', ( #6238, #938, #1229, #4003 ) ) ;
#3329 = B_SPLINE_CURVE_WITH_KNOTS ( 'NONE', 1,
 ( #8346, #7067 ),
 .UNSPECIFIED., .F., .F.,
 ( 2, 2 ),
 ( -1.000000000000000000, 0.0000000000000000000 ),
 .UNSPECIFIED. ) ;
#3330 = PLANE ( 'NONE',  #2101 ) ;
#3331 = EDGE_CURVE ( 'NONE', #4413, #8072, #4110, .T. ) ;
#3332 = ADVANCED_FACE ( 'NONE', ( #5770 ), #1835, .T. ) ;
#3333 = PLANE ( 'NONE',  #1392 ) ;
#3334 = CARTESIAN_POINT ( 'NONE',  ( -3.996633862963332895, -4.345000000000001528, 7.791150162838416549 ) ) ;
#3335 =( GEOMETRIC_REPRESENTATION_CONTEXT ( 3 ) GLOBAL_UNCERTAINTY_ASSIGNED_CONTEXT ( ( #5737 ) ) GLOBAL_UNIT_ASSIGNED_CONTEXT ( ( #1942, #3259, #5200 ) ) REPRESENTATION_CONTEXT ( 'NONE', 'WORKASPACE' ) );
#3336 = FILL_AREA_STYLE_COLOUR ( '', #1283 ) ;
#3337 = CARTESIAN_POINT ( 'NONE',  ( -5.155000000000000249, -3.645000000000000018, 0.8499999999999999778 ) ) ;
#3338 =( NAMED_UNIT ( * ) SI_UNIT ( $, .STERADIAN. ) SOLID_ANGLE_UNIT ( ) );
#3339 = CARTESIAN_POINT ( 'NONE',  ( -4.631289898368602387, -4.344999999999997975, 7.406349741760999805 ) ) ;
#3340 = ORIENTED_EDGE ( 'NONE', *, *, #2800, .F. ) ;
#3341 = CARTESIAN_POINT ( 'NONE',  ( 0.3200000000000000067, 0.9499999999999999556, 2.129999999999999893 ) ) ;
#3342 = EDGE_CURVE ( 'NONE', #6194, #5909, #4493, .T. ) ;
#3343 = STYLED_ITEM ( 'NONE', ( #5957 ), #4640 ) ;
#3344 = ORIENTED_EDGE ( 'NONE', *, *, #5756, .F. ) ;
#3345 = ORIENTED_EDGE ( 'NONE', *, *, #90, .F. ) ;
#3346 = B_SPLINE_CURVE_WITH_KNOTS ( 'NONE', 1,
 ( #2179, #2765 ),
 .UNSPECIFIED., .F., .F.,
 ( 2, 2 ),
 ( 0.3497942386831276451, 1.000000000000000000 ),
 .UNSPECIFIED. ) ;
#3347 = CARTESIAN_POINT ( 'NONE',  ( -7.620000000000000107, -4.445000000000000284, 1.629999999999999893 ) ) ;
#3348 = B_SPLINE_CURVE_WITH_KNOTS ( 'NONE', 1,
 ( #497, #2386 ),
 .UNSPECIFIED., .F., .F.,
 ( 2, 2 ),
 ( 0.003965537550529999941, 0.004831562954310000130 ),
 .UNSPECIFIED. ) ;
#3349 = EDGE_CURVE ( 'NONE', #7827, #7032, #6979, .T. ) ;
#3351 = ORIENTED_EDGE ( 'NONE', *, *, #2138, .F. ) ;
#3350 = MECHANICAL_DESIGN_GEOMETRIC_PRESENTATION_REPRESENTATION (  '', ( #5511 ), #6702 ) ;
#3352 = DIRECTION ( 'NONE',  ( -0.0000000000000000000, 0.0000000000000000000, 1.000000000000000000 ) ) ;
#3353 = UNCERTAINTY_MEASURE_WITH_UNIT (LENGTH_MEASURE( 1.000000000000000082E-05 ), #4721, 'distance_accuracy_value', 'NONE');
#3354 = CARTESIAN_POINT ( 'NONE',  ( 5.155000000000000249, -3.645000000000000018, 1.239999999999999991 ) ) ;
#3355 = CARTESIAN_POINT ( 'NONE',  ( 2.860000000000000320, -0.9499999999999999556, 8.460000000000000853 ) ) ;
#3356 = FILL_AREA_STYLE_COLOUR ( '', #4032 ) ;
#3357 = CARTESIAN_POINT ( 'NONE',  ( -4.232977222225785319, -4.344999999999998863, 7.761415333896089841 ) ) ;
#3358 = CARTESIAN_POINT ( 'NONE',  ( 0.0000000000000000000, -1.137460805572797939, -1.330000000000000071 ) ) ;
#3359 = FACE_OUTER_BOUND ( 'NONE', #8297, .T. ) ;
#3360 = CARTESIAN_POINT ( 'NONE',  ( 0.3200000000000000067, -1.590000000000000080, 8.460000000000000853 ) ) ;
#3361 = CARTESIAN_POINT ( 'NONE',  ( -3.223985800819534120, -4.445000000000000284, 7.965108720362794159 ) ) ;
#3362 = CARTESIAN_POINT ( 'NONE',  ( 6.570000000000000284, 1.649999999999999911, 1.629999999999999893 ) ) ;
#3363 = UNCERTAINTY_MEASURE_WITH_UNIT (LENGTH_MEASURE( 1.000000000000000082E-05 ), #4465, 'distance_accuracy_value', 'NONE');
#3364 = ORIENTED_EDGE ( 'NONE', *, *, #6105, .F. ) ;
#3365 = FILL_AREA_STYLE_COLOUR ( '', #2490 ) ;
#3366 = FACE_OUTER_BOUND ( 'NONE', #7259, .T. ) ;
#3367 = EDGE_CURVE ( 'NONE', #7917, #2369, #3716, .T. ) ;
#3368 = PRESENTATION_STYLE_ASSIGNMENT (( #2710 ) ) ;
#3369 = DIRECTION ( 'NONE',  ( -0.0000000000000000000, 1.000000000000000000, -0.0000000000000000000 ) ) ;
#3370 = STYLED_ITEM ( 'NONE', ( #1503 ), #8349 ) ;
#3371 = COLOUR_RGB ( '',1.000000000000000000, 1.000000000000000000, 1.000000000000000000 ) ;
#3372 = ORIENTED_EDGE ( 'NONE', *, *, #5071, .F. ) ;
#3373 = DIRECTION ( 'NONE',  ( -0.4682379421519009544, 0.4682379421519014540, 0.7493373466328137056 ) ) ;
#3374 = CARTESIAN_POINT ( 'NONE',  ( 2.860000000000000320, 0.9461600000000000010, 8.460000000000000853 ) ) ;
#3375 = DIRECTION ( 'NONE',  ( 0.0000000000000000000, 1.000000000000000000, 0.0000000000000000000 ) ) ;
#3376 = CARTESIAN_POINT ( 'NONE',  ( -3.996633862963332895, -4.445000000000002061, 7.791150162838416549 ) ) ;
#3377 = VERTEX_POINT ( 'NONE', #5078 ) ;
#3378 = VECTOR ( 'NONE', #1107, 1000.000000000000000 ) ;
#3379 = DIRECTION ( 'NONE',  ( -1.000000000000000000, 0.0000000000000000000, 0.0000000000000000000 ) ) ;
#3380 = CARTESIAN_POINT ( 'NONE',  ( 5.155000000000000249, -3.645000000000000018, 1.629999999999999893 ) ) ;
#3381 = EDGE_CURVE ( 'NONE', #1875, #4886, #7812, .T. ) ;
#3382 = CARTESIAN_POINT ( 'NONE',  ( -2.220000000000000195, 0.9499999999999999556, 2.129999999999999893 ) ) ;
#3383 = CARTESIAN_POINT ( 'NONE',  ( -4.809633205131768285, -4.445000000000000284, 7.749755010712329195 ) ) ;
#3384 = B_SPLINE_CURVE_WITH_KNOTS ( 'NONE', 3,
 ( #5295, #3904, #5173, #7068, #729, #5824, #648, #53, #16, #6479, #1959, #4539, #7109, #1334, #4627, #7181, #3271, #7884, #7230 ),
 .UNSPECIFIED., .F., .F.,
 ( 4, 1, 1, 1, 1, 1, 1, 1, 1, 1, 1, 1, 1, 1, 1, 1, 4 ),
 ( 0.0000000000000000000, 0.06562092715322409564, 0.1297044336027838030, 0.1920084100512057523, 0.2531653825181657269, 0.3145900137962943655, 0.3765327730011647223, 0.4392867016490333842, 0.5037985290657703841, 0.5682839993040011972, 0.6306288907425701140, 0.6915128396476384331, 0.7519975911628814513, 0.8123768520713845476, 0.8735768952802432930, 0.9360266791627425143, 1.000000000000000000 ),
 .UNSPECIFIED. ) ;
#3385 = VERTEX_POINT ( 'NONE', #4529 ) ;
#3386 = PLANE ( 'NONE',  #218 ) ;
#3387 = ORIENTED_EDGE ( 'NONE', *, *, #2198, .F. ) ;
#3388 = VERTEX_POINT ( 'NONE', #1798 ) ;
#3389 = FILL_AREA_STYLE ('',( #2687 ) ) ;
#3390 = EDGE_CURVE ( 'NONE', #5107, #2793, #1500, .T. ) ;
#3391 = EDGE_CURVE ( 'NONE', #171, #8072, #7551, .T. ) ;
#3392 = CARTESIAN_POINT ( 'NONE',  ( -7.620000000000000107, 1.649999999999999911, 1.629999999999999893 ) ) ;
#3393 = SURFACE_STYLE_USAGE ( .BOTH. , #2649 ) ;
#3394 = DIRECTION ( 'NONE',  ( 0.0000000000000000000, -1.000000000000000000, 0.0000000000000000000 ) ) ;
#3395 = FACE_OUTER_BOUND ( 'NONE', #7368, .T. ) ;
#3396 = ORIENTED_EDGE ( 'NONE', *, *, #7568, .T. ) ;
#3397 = CARTESIAN_POINT ( 'NONE',  ( 0.0000000000000000000, -1.137460805572799716, -1.330000000000000071 ) ) ;
#3398 = ORIENTED_EDGE ( 'NONE', *, *, #1796, .T. ) ;
#3399 = B_SPLINE_CURVE_WITH_KNOTS ( 'NONE', 3,
 ( #1884, #525, #7139, #2494, #1918, #7627, #5168, #4498, #1988, #6985, #5778 ),
 .UNSPECIFIED., .F., .F.,
 ( 4, 1, 1, 1, 1, 1, 1, 1, 4 ),
 ( 0.0000000000000000000, 0.1227180515039698883, 0.2401431180450277481, 0.3573623765102164063, 0.4816738524649483710, 0.6078658287995967191, 0.7329554806750199214, 0.8621444613629475340, 1.000000000000000000 ),
 .UNSPECIFIED. ) ;
#3400 = CARTESIAN_POINT ( 'NONE',  ( 3.360000000000000320, 2.089999999999999858, 1.629999999999999893 ) ) ;
#3401 = EDGE_CURVE ( 'NONE', #1620, #6289, #88, .T. ) ;
#3402 = B_SPLINE_CURVE_WITH_KNOTS ( 'NONE', 1,
 ( #4532, #2029, #1324 ),
 .UNSPECIFIED., .F., .F.,
 ( 2, 1, 2 ),
 ( -0.009214199103920000383, -0.007474199103920000156, -0.004304199103920000082 ),
 .UNSPECIFIED. ) ;
#3403 = SURFACE_STYLE_FILL_AREA ( #1494 ) ;
#3404 = CARTESIAN_POINT ( 'NONE',  ( -4.415825784727532621, -4.344999999999999751, 7.574183753022499133 ) ) ;
#3405 = FACE_BOUND ( 'NONE', #787, .T. ) ;
#3406 = B_SPLINE_CURVE_WITH_KNOTS ( 'NONE', 1,
 ( #4513, #703 ),
 .UNSPECIFIED., .F., .F.,
 ( 2, 2 ),
 ( 0.08333333333333335646, 0.9166666666666667407 ),
 .UNSPECIFIED. ) ;
#3407 = CARTESIAN_POINT ( 'NONE',  ( -6.570000000000000284, -1.649999999999999911, 8.030000000000001137 ) ) ;
#3408 = CARTESIAN_POINT ( 'NONE',  ( -4.304999999999999716, -3.645000000000000018, 1.668999999999999817 ) ) ;
#3409 = VERTEX_POINT ( 'NONE', #5730 ) ;
#3410 = DIRECTION ( 'NONE',  ( 0.0000000000000000000, 0.0000000000000000000, -1.000000000000000000 ) ) ;
#3411 = FILL_AREA_STYLE_COLOUR ( '', #7271 ) ;
#3412 = FILL_AREA_STYLE_COLOUR ( '', #7923 ) ;
#3413 = CARTESIAN_POINT ( 'NONE',  ( -6.570000000000000284, 1.649999999999999911, 8.030000000000001137 ) ) ;
#3414 = ORIENTED_EDGE ( 'NONE', *, *, #7471, .F. ) ;
#3415 = DIRECTION ( 'NONE',  ( 1.000000000000000000, 0.0000000000000000000, 0.0000000000000000000 ) ) ;
#3416 = CARTESIAN_POINT ( 'NONE',  ( 2.860000000000000320, 0.9499999999999999556, 8.460000000000000853 ) ) ;
#3417 = CARTESIAN_POINT ( 'NONE',  ( -4.546065243890659247, -4.344999999999997087, 7.866239795783510402 ) ) ;
#3418 = VECTOR ( 'NONE', #5648, 1000.000000000000114 ) ;
#3419 = CARTESIAN_POINT ( 'NONE',  ( 0.4249999999999999889, -3.645000000000000018, 1.201000000000000068 ) ) ;
#3420 = FACE_OUTER_BOUND ( 'NONE', #1761, .T. ) ;
#3421 = B_SPLINE_CURVE_WITH_KNOTS ( 'NONE', 1,
 ( #3087, #2396 ),
 .UNSPECIFIED., .F., .F.,
 ( 2, 2 ),
 ( 0.0000000000000000000, 0.006199999999999999782 ),
 .UNSPECIFIED. ) ;
#3422 = CARTESIAN_POINT ( 'NONE',  ( -2.259999999999999787, -3.314999999999999947, 9.919999999999999929 ) ) ;
#3423 = EDGE_LOOP ( 'NONE', ( #5638, #5069, #876, #2266 ) ) ;
#3424 =( NAMED_UNIT ( * ) SI_UNIT ( $, .STERADIAN. ) SOLID_ANGLE_UNIT ( ) );
#3425 = MECHANICAL_DESIGN_GEOMETRIC_PRESENTATION_REPRESENTATION (  '', ( #7604 ), #8149 ) ;
#3426 = ADVANCED_FACE ( 'NONE', ( #2407 ), #6403, .T. ) ;
#3427 = EDGE_LOOP ( 'NONE', ( #7601, #7211, #3723, #4876 ) ) ;
#3428 = EDGE_LOOP ( 'NONE', ( #3414, #5526, #747, #8296 ) ) ;
#3429 = AXIS2_PLACEMENT_3D ( 'NONE', #2819, #7997, #4823 ) ;
#3430 = FILL_AREA_STYLE ('',( #1361 ) ) ;
#3431 = CARTESIAN_POINT ( 'NONE',  ( -3.017414765260312937, -4.445000000000001172, 8.091629277705937540 ) ) ;
#3432 = SURFACE_STYLE_USAGE ( .BOTH. , #5974 ) ;
#3433 = VECTOR ( 'NONE', #6806, 1000.000000000000000 ) ;
#3434 = EDGE_CURVE ( 'NONE', #2817, #4387, #3308, .T. ) ;
#3435 = EDGE_CURVE ( 'NONE', #1357, #6160, #3725, .T. ) ;
#3436 = VERTEX_POINT ( 'NONE', #3302 ) ;
#3437 = CARTESIAN_POINT ( 'NONE',  ( -2.259999999999999787, -4.445000000000000284, 3.720000000000000195 ) ) ;
#3438 = ORIENTED_EDGE ( 'NONE', *, *, #1758, .F. ) ;
#3439 = CARTESIAN_POINT ( 'NONE',  ( 2.220000000000000195, -0.9500000000000000666, 3.720000000000000639 ) ) ;
#3440 =( NAMED_UNIT ( * ) PLANE_ANGLE_UNIT ( ) SI_UNIT ( $, .RADIAN. ) );
#3441 = FILL_AREA_STYLE_COLOUR ( '', #2676 ) ;
#3442 = FILL_AREA_STYLE ('',( #1628 ) ) ;
#3443 = PLANE ( 'NONE',  #7140 ) ;
#3444 = CARTESIAN_POINT ( 'NONE',  ( 7.620000000000000107, 1.649999999999999911, 8.030000000000001137 ) ) ;
#3445 = EDGE_CURVE ( 'NONE', #5279, #5129, #1609, .T. ) ;
#3446 = CARTESIAN_POINT ( 'NONE',  ( -2.407460805572799956, 1.137460805572799716, -1.330000000000000071 ) ) ;
#3447 = ORIENTED_EDGE ( 'NONE', *, *, #7085, .F. ) ;
#3448 = AXIS2_PLACEMENT_3D ( 'NONE', #3148, #5741, #6949 ) ;
#3449 = CARTESIAN_POINT ( 'NONE',  ( 2.419999999999999929, -1.149999999999999911, 8.959999999999999076 ) ) ;
#3450 =( NAMED_UNIT ( * ) PLANE_ANGLE_UNIT ( ) SI_UNIT ( $, .RADIAN. ) );
#3451 = LINE ( 'NONE', #265, #8309 ) ;
#3452 = CARTESIAN_POINT ( 'NONE',  ( 2.672539194427198339, -1.402539194427198543, -1.330000000000000071 ) ) ;
#3453 = ORIENTED_EDGE ( 'NONE', *, *, #3381, .F. ) ;
#3455 = SURFACE_SIDE_STYLE ('',( #865 ) ) ;
#3454 =( GEOMETRIC_REPRESENTATION_CONTEXT ( 3 ) GLOBAL_UNCERTAINTY_ASSIGNED_CONTEXT ( ( #987 ) ) GLOBAL_UNIT_ASSIGNED_CONTEXT ( ( #7881, #3440, #6588 ) ) REPRESENTATION_CONTEXT ( 'NONE', 'WORKASPACE' ) );
#3456 = DIRECTION ( 'NONE',  ( 0.8919390152644690595, 0.0000000000000000000, -0.4521557177002732963 ) ) ;
#3457 = PRESENTATION_LAYER_ASSIGNMENT (  '', '', ( #5625 ) ) ;
#3458 = CARTESIAN_POINT ( 'NONE',  ( -4.572186623935188265, -4.344999999999999751, 7.761415333896090729 ) ) ;
#3459 = VERTEX_POINT ( 'NONE', #2729 ) ;
#3460 = CARTESIAN_POINT ( 'NONE',  ( -4.693255064900272444, -4.445000000000000284, 7.461214470474967442 ) ) ;
#3461 = CARTESIAN_POINT ( 'NONE',  ( 2.259999999999999787, -3.915000000000000036, 10.51999999999999957 ) ) ;
#3462 = VECTOR ( 'NONE', #6391, 1000.000000000000000 ) ;
#3463 = CARTESIAN_POINT ( 'NONE',  ( -4.693255064900272444, -4.344999999999998863, 7.461214470474967442 ) ) ;
#3464 = VERTEX_POINT ( 'NONE', #6620 ) ;
#3465 = CARTESIAN_POINT ( 'NONE',  ( -3.238179759001934332, -4.344999999999998863, 8.677980919955196271 ) ) ;
#3466 = ORIENTED_EDGE ( 'NONE', *, *, #545, .F. ) ;
#3467 = PRESENTATION_LAYER_ASSIGNMENT (  '', '', ( #6164 ) ) ;
#3468 = VERTEX_POINT ( 'NONE', #5972 ) ;
#3469 = CARTESIAN_POINT ( 'NONE',  ( -3.243704803021725702, -4.344999999999999751, 8.429233843511473978 ) ) ;
#3470 = CARTESIAN_POINT ( 'NONE',  ( -4.061822766555893693, -4.344999999999999751, 7.518394106434134194 ) ) ;
#3471 = ADVANCED_FACE ( 'NONE', ( #1984 ), #6015, .T. ) ;
#3472 = CARTESIAN_POINT ( 'NONE',  ( 2.220000000000000639, 1.590000000000000080, 2.130000000000001226 ) ) ;
#3473 = CARTESIAN_POINT ( 'NONE',  ( -2.972492310876406307, -4.344999999999999751, 8.165652730701179252 ) ) ;
#3474 = AXIS2_PLACEMENT_3D ( 'NONE', #8034, #2192, #3982 ) ;
#3475 = ORIENTED_EDGE ( 'NONE', *, *, #1474, .T. ) ;
#3476 = EDGE_LOOP ( 'NONE', ( #7458, #1436, #5021, #5615 ) ) ;
#3477 = CARTESIAN_POINT ( 'NONE',  ( -0.1200000000000000094, -1.389999999999999902, 8.959999999999999076 ) ) ;
#3478 = EDGE_LOOP ( 'NONE', ( #3398, #4397, #5367, #7936 ) ) ;
#3479 = MECHANICAL_DESIGN_GEOMETRIC_PRESENTATION_REPRESENTATION (  '', ( #7801 ), #5649 ) ;
#3480 = EDGE_CURVE ( 'NONE', #5550, #40, #7660, .T. ) ;
#3481 = CARTESIAN_POINT ( 'NONE',  ( -0.8199999999999999512, 0.4500000000000000111, 1.629999999999999893 ) ) ;
#3482 = B_SPLINE_CURVE_WITH_KNOTS ( 'NONE', 1,
 ( #3787, #5005 ),
 .UNSPECIFIED., .F., .F.,
 ( 2, 2 ),
 ( -0.001665000000000000030, 0.0000000000000000000 ),
 .UNSPECIFIED. ) ;
#3483 =( NAMED_UNIT ( * ) SI_UNIT ( $, .STERADIAN. ) SOLID_ANGLE_UNIT ( ) );
#3484 = VERTEX_POINT ( 'NONE', #762 ) ;
#3485 =( NAMED_UNIT ( * ) PLANE_ANGLE_UNIT ( ) SI_UNIT ( $, .RADIAN. ) );
#3486 = ORIENTED_EDGE ( 'NONE', *, *, #7875, .T. ) ;
#3487 = STYLED_ITEM ( 'NONE', ( #1323 ), #5810 ) ;
#3488 = CARTESIAN_POINT ( 'NONE',  ( 4.987909360668997039, 4.834533315349337279, 0.7410000000000002141 ) ) ;
#3489 = DIRECTION ( 'NONE',  ( 1.000000000000000000, 0.0000000000000000000, 0.0000000000000000000 ) ) ;
#3490 = EDGE_CURVE ( 'NONE', #1479, #6613, #6531, .T. ) ;
#3491 = CARTESIAN_POINT ( 'NONE',  ( 0.3200000000000000067, 0.9499999999999999556, 2.129999999999999893 ) ) ;
#3492 = EDGE_CURVE ( 'NONE', #2032, #1223, #8259, .T. ) ;
#3493 = CARTESIAN_POINT ( 'NONE',  ( -3.724163119661682231, -4.445000000000000284, 7.369999485204850487 ) ) ;
#3494 = CARTESIAN_POINT ( 'NONE',  ( 0.0000000000000000000, -1.402539194427198543, -1.330000000000000071 ) ) ;
#3495 = ORIENTED_EDGE ( 'NONE', *, *, #1182, .T. ) ;
#3496 = CARTESIAN_POINT ( 'NONE',  ( 7.620000000000000107, -1.649999999999999911, 8.030000000000001137 ) ) ;
#3497 = AXIS2_PLACEMENT_3D ( 'NONE', #4818, #7387, #4863 ) ;
#3498 = PRESENTATION_STYLE_ASSIGNMENT (( #2175 ) ) ;
#3499 = CARTESIAN_POINT ( 'NONE',  ( -4.809633205131768285, -4.445000000000000284, 7.749755010712329195 ) ) ;
#3500 = PLANE ( 'NONE',  #5693 ) ;
#3501 = COLOUR_RGB ( '',0.1019607843137254888, 0.1019607843137254888, 0.1019607843137254888 ) ;
#3502 = CARTESIAN_POINT ( 'NONE',  ( 0.3200000000000000067, -1.590000000000000080, 2.129999999999999893 ) ) ;
#3503 = AXIS2_PLACEMENT_3D ( 'NONE', #7452, #1368, #689 ) ;
#3504 = EDGE_CURVE ( 'NONE', #7120, #2817, #4342, .T. ) ;
#3505 = B_SPLINE_CURVE_WITH_KNOTS ( 'NONE', 1,
 ( #5382, #2242 ),
 .UNSPECIFIED., .F., .F.,
 ( 2, 2 ),
 ( 0.08333333333333335646, 0.9166666666666667407 ),
 .UNSPECIFIED. ) ;
#3506 = EDGE_LOOP ( 'NONE', ( #2260, #2954, #7949, #846 ) ) ;
#3507 = CARTESIAN_POINT ( 'NONE',  ( 1.719999999999999973, 2.089999999999999858, 1.629999999999999893 ) ) ;
#3508 = CARTESIAN_POINT ( 'NONE',  ( -3.028429738392478310, -4.344999999999999751, 8.567998273883681293 ) ) ;
#3509 = STYLED_ITEM ( 'NONE', ( #10 ), #6663 ) ;
#3510 = ORIENTED_EDGE ( 'NONE', *, *, #4191, .T. ) ;
#3511 = CARTESIAN_POINT ( 'NONE',  ( -3.217204068513177972, -4.344999999999998863, 7.966796026337330083 ) ) ;
#3512 = FACE_OUTER_BOUND ( 'NONE', #3570, .T. ) ;
#3513 = MECHANICAL_DESIGN_GEOMETRIC_PRESENTATION_REPRESENTATION (  '', ( #673 ), #4 ) ;
#3514 = LINE ( 'NONE', #4861, #4854 ) ;
#3515 = ORIENTED_EDGE ( 'NONE', *, *, #7501, .T. ) ;
#3516 = CARTESIAN_POINT ( 'NONE',  ( 6.570000000000000284, -1.649999999999999911, 3.720000000000000195 ) ) ;
#3517 = EDGE_LOOP ( 'NONE', ( #3083, #7785, #5375, #5387, #6848, #229 ) ) ;
#3518 = AXIS2_PLACEMENT_3D ( 'NONE', #2262, #5962, #6647 ) ;
#3519 = CARTESIAN_POINT ( 'NONE',  ( -4.405762011221511898, -4.445000000000000284, 7.946655468110833453 ) ) ;
#3520 = CARTESIAN_POINT ( 'NONE',  ( -2.860000000000000320, 0.9499999999999999556, 8.300000000000000711 ) ) ;
#3521 = CARTESIAN_POINT ( 'NONE',  ( -3.185017905113347592, -4.444999999999999396, 8.352969147003342698 ) ) ;
#3522 = PRESENTATION_STYLE_ASSIGNMENT (( #7963 ) ) ;
#3523 = CARTESIAN_POINT ( 'NONE',  ( -2.860000000000000320, -0.9499999999999999556, 1.169999999999999929 ) ) ;
#3524 = VERTEX_POINT ( 'NONE', #7872 ) ;
#3525 = DIRECTION ( 'NONE',  ( 1.000000000000000000, 0.0000000000000000000, 0.0000000000000000000 ) ) ;
#3526 = UNCERTAINTY_MEASURE_WITH_UNIT (LENGTH_MEASURE( 1.000000000000000082E-05 ), #5821, 'distance_accuracy_value', 'NONE');
#3527 = EDGE_CURVE ( 'NONE', #856, #3780, #4659, .T. ) ;
#3528 = ORIENTED_EDGE ( 'NONE', *, *, #7529, .T. ) ;
#3529 = SURFACE_STYLE_FILL_AREA ( #2871 ) ;
#3530 = PLANE ( 'NONE',  #795 ) ;
#3531 = DIRECTION ( 'NONE',  ( -0.7071067811865475727, -7.925796993845377550E-17, 0.7071067811865475727 ) ) ;
#3532 = CARTESIAN_POINT ( 'NONE',  ( 7.620000000000000107, -4.445000000000000284, 10.51999999999999957 ) ) ;
#3533 = EDGE_LOOP ( 'NONE', ( #911, #1831, #7944, #1615, #4874, #4635 ) ) ;
#3534 = CARTESIAN_POINT ( 'NONE',  ( -4.163810305158477831, -4.445000000000000284, 8.620304139318099246 ) ) ;
#3535 = SURFACE_STYLE_USAGE ( .BOTH. , #3455 ) ;
#3536 = EDGE_CURVE ( 'NONE', #1674, #1654, #4634, .T. ) ;
#3537 = CARTESIAN_POINT ( 'NONE',  ( -4.561464128455482658, -4.344999999999999751, 7.834345585478558860 ) ) ;
#3538 = EDGE_CURVE ( 'NONE', #4512, #6457, #679, .T. ) ;
#3539 = UNCERTAINTY_MEASURE_WITH_UNIT (LENGTH_MEASURE( 1.000000000000000082E-05 ), #5155, 'distance_accuracy_value', 'NONE');
#3540 = CARTESIAN_POINT ( 'NONE',  ( 0.4249999999999999889, 3.645000000000000018, 1.629999999999999893 ) ) ;
#3541 =( LENGTH_UNIT ( ) NAMED_UNIT ( * ) SI_UNIT ( .MILLI., .METRE. ) );
#3542 = CARTESIAN_POINT ( 'NONE',  ( -2.220000000000000195, -0.9499999999999999556, 8.300000000000000711 ) ) ;
#3543 = CARTESIAN_POINT ( 'NONE',  ( -7.169999999999999929, -3.915000000000000036, 10.51999999999999957 ) ) ;
#3544 = ORIENTED_EDGE ( 'NONE', *, *, #5727, .F. ) ;
#3545 = PLANE ( 'NONE',  #2850 ) ;
#3546 = CARTESIAN_POINT ( 'NONE',  ( -3.012776928893985851, -4.345000000000000639, 8.548284573084835358 ) ) ;
#3547 = STYLED_ITEM ( 'NONE', ( #936 ), #169 ) ;
#3548 = ORIENTED_EDGE ( 'NONE', *, *, #3834, .T. ) ;
#3549 = ADVANCED_FACE ( 'NONE', ( #3554 ), #7990, .T. ) ;
#3550 = ORIENTED_EDGE ( 'NONE', *, *, #6185, .T. ) ;
#3551 = FACE_OUTER_BOUND ( 'NONE', #3053, .T. ) ;
#3552 = CARTESIAN_POINT ( 'NONE',  ( -4.809633205131768285, -4.445000000000000284, 7.749755010712329195 ) ) ;
#3553 = CARTESIAN_POINT ( 'NONE',  ( 5.155000000000000249, 3.645000000000000018, 0.8499999999999999778 ) ) ;
#3554 = FACE_OUTER_BOUND ( 'NONE', #4564, .T. ) ;
#3555 = DIRECTION ( 'NONE',  ( 0.0000000000000000000, 0.0000000000000000000, -1.000000000000000000 ) ) ;
#3556 = EDGE_LOOP ( 'NONE', ( #7129, #6329, #7320, #5000 ) ) ;
#3557 = DIRECTION ( 'NONE',  ( -0.0000000000000000000, 1.000000000000000000, -0.0000000000000000000 ) ) ;
#3558 = B_SPLINE_CURVE_WITH_KNOTS ( 'NONE', 1,
 ( #4739, #7306 ),
 .UNSPECIFIED., .F., .F.,
 ( 2, 2 ),
 ( -0.1536351165980795463, -0.02194787379972565344 ),
 .UNSPECIFIED. ) ;
#3559 = VERTEX_POINT ( 'NONE', #4945 ) ;
#3560 = SURFACE_SIDE_STYLE ('',( #2909 ) ) ;
#3561 = ORIENTED_EDGE ( 'NONE', *, *, #331, .T. ) ;
#3562 = PRESENTATION_LAYER_ASSIGNMENT (  '', '', ( #178 ) ) ;
#3563 = CARTESIAN_POINT ( 'NONE',  ( -4.000000000000000000, 3.915000000000000036, 10.51999999999999957 ) ) ;
#3564 = MECHANICAL_DESIGN_GEOMETRIC_PRESENTATION_REPRESENTATION (  '', ( #6796 ), #312 ) ;
#3565 = CARTESIAN_POINT ( 'NONE',  ( -3.387422750387013348, -4.445000000000000284, 8.184198977326161639 ) ) ;
#3566 = CARTESIAN_POINT ( 'NONE',  ( -0.3200000000000000067, -0.9500000000000000666, 3.720000000000000639 ) ) ;
#3567 = CARTESIAN_POINT ( 'NONE',  ( 0.0000000000000000000, 0.0000000000000000000, -1.330000000000000071 ) ) ;
#3568 = VERTEX_POINT ( 'NONE', #2273 ) ;
#3569 = CARTESIAN_POINT ( 'NONE',  ( -4.709990443379631131, -4.445000000000000284, 8.066438788089465461 ) ) ;
#3570 = EDGE_LOOP ( 'NONE', ( #988, #3838, #8071, #5843 ) ) ;
#3571 = FACE_OUTER_BOUND ( 'NONE', #814, .T. ) ;
#3572 =( LENGTH_UNIT ( ) NAMED_UNIT ( * ) SI_UNIT ( .MILLI., .METRE. ) );
#3573 = CARTESIAN_POINT ( 'NONE',  ( -2.965120281766244759, -4.444999999999999396, 8.456461175439670797 ) ) ;
#3574 = ADVANCED_FACE ( 'NONE', ( #5501 ), #6221, .T. ) ;
#3575 = ORIENTED_EDGE ( 'NONE', *, *, #6905, .F. ) ;
#3576 = SURFACE_STYLE_USAGE ( .BOTH. , #5569 ) ;
#3577 = CARTESIAN_POINT ( 'NONE',  ( 6.570000000000000284, 3.314999999999999947, 9.919999999999999929 ) ) ;
#3578 = LINE ( 'NONE', #1644, #7378 ) ;
#3579 = EDGE_LOOP ( 'NONE', ( #1999, #797, #4486, #4384 ) ) ;
#3580 = DIRECTION ( 'NONE',  ( -0.9284766908852596368, -3.183103384537390247E-16, 0.3713906763541028888 ) ) ;
#3581 = CARTESIAN_POINT ( 'NONE',  ( -4.040080877152183447, -4.445000000000001172, 7.948874040951108277 ) ) ;
#3582 =( NAMED_UNIT ( * ) PLANE_ANGLE_UNIT ( ) SI_UNIT ( $, .RADIAN. ) );
#3583 = B_SPLINE_CURVE_WITH_KNOTS ( 'NONE', 1,
 ( #3783, #6366 ),
 .UNSPECIFIED., .F., .F.,
 ( 2, 2 ),
 ( 0.003925981830490000817, 0.004792007234270000138 ),
 .UNSPECIFIED. ) ;
#3584 = ADVANCED_FACE ( 'NONE', ( #7431 ), #6797, .T. ) ;
#3585 = LINE ( 'NONE', #2887, #6476 ) ;
#3586 = EDGE_CURVE ( 'NONE', #834, #2269, #6720, .T. ) ;
#3587 = AXIS2_PLACEMENT_3D ( 'NONE', #94, #7228, #4018 ) ;
#3588 =( GEOMETRIC_REPRESENTATION_CONTEXT ( 3 ) GLOBAL_UNCERTAINTY_ASSIGNED_CONTEXT ( ( #477 ) ) GLOBAL_UNIT_ASSIGNED_CONTEXT ( ( #5100, #4591, #7150 ) ) REPRESENTATION_CONTEXT ( 'NONE', 'WORKASPACE' ) );
#3589 = ORIENTED_EDGE ( 'NONE', *, *, #2172, .F. ) ;
#3590 = CARTESIAN_POINT ( 'NONE',  ( 4.304999999999999716, -3.645000000000000018, 1.201000000000000068 ) ) ;
#3591 = CARTESIAN_POINT ( 'NONE',  ( -4.338563213932424389, -4.445000000000000284, 7.585745501863439877 ) ) ;
#3592 = ORIENTED_EDGE ( 'NONE', *, *, #3698, .T. ) ;
#3593 = ORIENTED_EDGE ( 'NONE', *, *, #1413, .T. ) ;
#3594 = AXIS2_PLACEMENT_3D ( 'NONE', #4814, #2354, #5455 ) ;
#3595 = CARTESIAN_POINT ( 'NONE',  ( 0.8199999999999999512, -2.089999999999999858, 1.629999999999999893 ) ) ;
#3596 = AXIS2_PLACEMENT_3D ( 'NONE', #1938, #7733, #669 ) ;
#3597 = CARTESIAN_POINT ( 'NONE',  ( -4.113806185577671748, -4.345000000000000639, 7.455422152393479607 ) ) ;
#3598 = SURFACE_STYLE_FILL_AREA ( #6173 ) ;
#3599 = EDGE_CURVE ( 'NONE', #2193, #193, #2691, .T. ) ;
#3600 = FACE_OUTER_BOUND ( 'NONE', #629, .T. ) ;
#3601 = CARTESIAN_POINT ( 'NONE',  ( 0.3200000000000000067, -0.9499999999999999556, 2.129999999999999893 ) ) ;
#3602 = EDGE_CURVE ( 'NONE', #924, #3769, #2225, .T. ) ;
#3603 = ORIENTED_EDGE ( 'NONE', *, *, #4225, .T. ) ;
#3604 = CARTESIAN_POINT ( 'NONE',  ( -4.786734660849464085, -4.344999999999999751, 7.891583331761204079 ) ) ;
#3605 = AXIS2_PLACEMENT_3D ( 'NONE', #4389, #6952, #402 ) ;
#3606 = STYLED_ITEM ( 'NONE', ( #3793 ), #3026 ) ;
#3607 = ORIENTED_EDGE ( 'NONE', *, *, #6619, .F. ) ;
#3608 = LINE ( 'NONE', #4187, #910 ) ;
#3609 = EDGE_LOOP ( 'NONE', ( #5518, #2140, #7446, #2116, #6394 ) ) ;
#3610 =( GEOMETRIC_REPRESENTATION_CONTEXT ( 3 ) GLOBAL_UNCERTAINTY_ASSIGNED_CONTEXT ( ( #7312 ) ) GLOBAL_UNIT_ASSIGNED_CONTEXT ( ( #7846, #4185, #972 ) ) REPRESENTATION_CONTEXT ( 'NONE', 'WORKASPACE' ) );
#3611 = CARTESIAN_POINT ( 'NONE',  ( 0.4249999999999999889, 3.645000000000000018, 0.8499999999999999778 ) ) ;
#3612 = CARTESIAN_POINT ( 'NONE',  ( -3.175423501816688976, -4.344999999999999751, 8.663663574388893451 ) ) ;
#3613 = EDGE_CURVE ( 'NONE', #3710, #3852, #4224, .T. ) ;
#3614 = SURFACE_STYLE_USAGE ( .BOTH. , #3661 ) ;
#3615 = DIRECTION ( 'NONE',  ( 0.0000000000000000000, -1.000000000000000000, 0.0000000000000000000 ) ) ;
#3617 = ORIENTED_EDGE ( 'NONE', *, *, #6619, .T. ) ;
#3616 = MECHANICAL_DESIGN_GEOMETRIC_PRESENTATION_REPRESENTATION (  '', ( #6177 ), #1047 ) ;
#3618 = DIRECTION ( 'NONE',  ( 0.0000000000000000000, -0.8480480961564256237, 0.5299192642332055669 ) ) ;
#3619 = VERTEX_POINT ( 'NONE', #4899 ) ;
#3620 = CARTESIAN_POINT ( 'NONE',  ( -3.360000000000000320, -0.4500000000000000111, 1.629999999999999893 ) ) ;
#3621 = CARTESIAN_POINT ( 'NONE',  ( 5.154999999999997584, 4.495000000000002771, 1.630000000000000338 ) ) ;
#3622 = LINE ( 'NONE', #1723, #7957 ) ;
#3623 = FILL_AREA_STYLE_COLOUR ( '', #1811 ) ;
#3624 = CARTESIAN_POINT ( 'NONE',  ( -0.3200000000000000067, 1.590000000000000080, 8.460000000000000853 ) ) ;
#3625 = DIRECTION ( 'NONE',  ( 1.000000000000000000, 0.0000000000000000000, 0.0000000000000000000 ) ) ;
#3626 = FILL_AREA_STYLE_COLOUR ( '', #2252 ) ;
#3627 = UNCERTAINTY_MEASURE_WITH_UNIT (LENGTH_MEASURE( 1.000000000000000082E-05 ), #1986, 'distance_accuracy_value', 'NONE');
#3628 = AXIS2_PLACEMENT_3D ( 'NONE', #6809, #1032, #2283 ) ;
#3629 = ORIENTED_EDGE ( 'NONE', *, *, #1062, .F. ) ;
#3630 = CARTESIAN_POINT ( 'NONE',  ( 0.0000000000000000000, -1.402539194427200098, -1.330000000000000071 ) ) ;
#3631 = FACE_OUTER_BOUND ( 'NONE', #8242, .T. ) ;
#3632 = CARTESIAN_POINT ( 'NONE',  ( 0.3200000000000000067, 0.9499999999999999556, 8.460000000000000853 ) ) ;
#3633 = PRESENTATION_LAYER_ASSIGNMENT (  '', '', ( #5114 ) ) ;
#3634 = ORIENTED_EDGE ( 'NONE', *, *, #7513, .T. ) ;
#3635 = CARTESIAN_POINT ( 'NONE',  ( 5.154999999999997584, -4.495000000000000107, 1.201000000000000512 ) ) ;
#3636 = CARTESIAN_POINT ( 'NONE',  ( -4.308924791567536161, -4.344999999999998863, 7.602846860489460568 ) ) ;
#3637 = CARTESIAN_POINT ( 'NONE',  ( -1.719999999999999973, 2.089999999999999858, 1.629999999999999893 ) ) ;
#3638 = EDGE_LOOP ( 'NONE', ( #5872, #1391, #6019, #3888, #2230, #5037 ) ) ;
#3639 = ORIENTED_EDGE ( 'NONE', *, *, #1989, .T. ) ;
#3640 = ADVANCED_FACE ( 'NONE', ( #3600 ), #2851, .F. ) ;
#3641 = STYLED_ITEM ( 'NONE', ( #7591 ), #6392 ) ;
#3642 = CARTESIAN_POINT ( 'NONE',  ( -4.725024728119445072, -4.445000000000000284, 8.035791278594837550 ) ) ;
#3643 = FILL_AREA_STYLE_COLOUR ( '', #3743 ) ;
#3644 = SURFACE_STYLE_USAGE ( .BOTH. , #8030 ) ;
#3645 = PLANE ( 'NONE',  #7277 ) ;
#3646 = EDGE_LOOP ( 'NONE', ( #2145, #3345, #6408, #8123 ) ) ;
#3647 = DIRECTION ( 'NONE',  ( 0.9284766908852591927, 0.0000000000000000000, 0.3713906763541041101 ) ) ;
#3648 =( GEOMETRIC_REPRESENTATION_CONTEXT ( 3 ) GLOBAL_UNCERTAINTY_ASSIGNED_CONTEXT ( ( #6805 ) ) GLOBAL_UNIT_ASSIGNED_CONTEXT ( ( #769, #4020, #5424 ) ) REPRESENTATION_CONTEXT ( 'NONE', 'WORKASPACE' ) );
#3649 = SURFACE_SIDE_STYLE ('',( #5035 ) ) ;
#3650 = ORIENTED_EDGE ( 'NONE', *, *, #6728, .F. ) ;
#3651 =( NAMED_UNIT ( * ) SI_UNIT ( $, .STERADIAN. ) SOLID_ANGLE_UNIT ( ) );
#3652 = ORIENTED_EDGE ( 'NONE', *, *, #2697, .T. ) ;
#3653 = B_SPLINE_CURVE_WITH_KNOTS ( 'NONE', 1,
 ( #827, #5443 ),
 .UNSPECIFIED., .F., .F.,
 ( 2, 2 ),
 ( -1.000000000000000000, 0.0000000000000000000 ),
 .UNSPECIFIED. ) ;
#3654 = ADVANCED_FACE ( 'NONE', ( #1015 ), #1701, .T. ) ;
#3655 = ADVANCED_FACE ( 'NONE', ( #6358 ), #1151, .T. ) ;
#3656 = SURFACE_STYLE_FILL_AREA ( #7535 ) ;
#3657 = VECTOR ( 'NONE', #1977, 1000.000000000000000 ) ;
#3658 = CARTESIAN_POINT ( 'NONE',  ( 0.4249999999999999334, 2.794999999999999485, 0.8499999999999999778 ) ) ;
#3659 = CARTESIAN_POINT ( 'NONE',  ( -3.459155774576212483, -4.344999999999999751, 8.692916151871516561 ) ) ;
#3660 = LINE ( 'NONE', #6325, #3086 ) ;
#3661 = SURFACE_SIDE_STYLE ('',( #6941 ) ) ;
#3662 = CARTESIAN_POINT ( 'NONE',  ( 0.3200000000000000067, 0.9499999999999999556, 2.129999999999999893 ) ) ;
#3663 = ORIENTED_EDGE ( 'NONE', *, *, #3140, .F. ) ;
#3664 = VERTEX_POINT ( 'NONE', #4992 ) ;
#3665 = EDGE_CURVE ( 'NONE', #7972, #4132, #1912, .T. ) ;
#3666 = CARTESIAN_POINT ( 'NONE',  ( 0.4249999999999999889, 3.645000000000000018, 1.239999999999999991 ) ) ;
#3667 = B_SPLINE_CURVE_WITH_KNOTS ( 'NONE', 1,
 ( #361, #6825 ),
 .UNSPECIFIED., .F., .F.,
 ( 2, 2 ),
 ( -1.000000000000000000, -0.3497942386831276451 ),
 .UNSPECIFIED. ) ;
#3668 = CARTESIAN_POINT ( 'NONE',  ( -4.415825784727532621, -4.445000000000000284, 7.574183753022499133 ) ) ;
#3669 = ORIENTED_EDGE ( 'NONE', *, *, #5756, .T. ) ;
#3670 = CARTESIAN_POINT ( 'NONE',  ( -2.860000000000000320, 0.9499999999999999556, 8.300000000000000711 ) ) ;
#3671 = B_SPLINE_CURVE_WITH_KNOTS ( 'NONE', 3,
 ( #3659, #1160, #6143, #431, #5602, #7538, #2282, #6898, #3612, #1668, #6939, #1117, #3741, #2914, #6324, #979, #3100, #4825, #4193, #6764, #5515, #4872, #6808, #1029, #6187, #3786, #6404 ),
 .UNSPECIFIED., .F., .F.,
 ( 4, 1, 1, 1, 1, 1, 1, 1, 1, 1, 1, 1, 1, 1, 1, 1, 1, 1, 1, 1, 1, 1, 1, 1, 4 ),
 ( 0.0000000000000000000, 0.07078116100504397434, 0.1365516962322777528, 0.1970124824343232883, 0.2529226940754281672, 0.3036865320400952140, 0.3497191510228074840, 0.3912404712771967441, 0.4284785554869238733, 0.4630565648912358667, 0.4971503576227102594, 0.5310023337427006718, 0.5642263769534190399, 0.5977006695240394407, 0.6314214209809031475, 0.6655973468372226032, 0.7004514363038996105, 0.7358806839801288469, 0.7710921079261271460, 0.8069748450233112935, 0.8435344028448045206, 0.8809401955444320365, 0.9192943843072758359, 0.9591802403135374355, 1.000000000000000000 ),
 .UNSPECIFIED. ) ;
#3672 = PRESENTATION_STYLE_ASSIGNMENT (( #488 ) ) ;
#3673 = LINE ( 'NONE', #6120, #4514 ) ;
#3674 = CARTESIAN_POINT ( 'NONE',  ( -3.995530641029204411, -4.445000000000000284, 7.747899959296731254 ) ) ;
#3675 = CARTESIAN_POINT ( 'NONE',  ( -0.4249999999999999889, 3.645000000000000018, 1.629999999999999893 ) ) ;
#3676 = CARTESIAN_POINT ( 'NONE',  ( 3.369839999999999947, -2.089999999999999858, 1.629999999999999893 ) ) ;
#3677 = VERTEX_POINT ( 'NONE', #1195 ) ;
#3678 =( NAMED_UNIT ( * ) SI_UNIT ( $, .STERADIAN. ) SOLID_ANGLE_UNIT ( ) );
#3679 = LINE ( 'NONE', #5581, #1726 ) ;
#3680 = ORIENTED_EDGE ( 'NONE', *, *, #5619, .F. ) ;
#3681 = ORIENTED_EDGE ( 'NONE', *, *, #5684, .F. ) ;
#3682 = CARTESIAN_POINT ( 'NONE',  ( -7.620000000000000107, -4.445000000000000284, 1.629999999999999893 ) ) ;
#3683 = CARTESIAN_POINT ( 'NONE',  ( -1.879632798916299974, 0.6096327989162992900, -0.4852986155526949896 ) ) ;
#3684 = LINE ( 'NONE', #1240, #5214 ) ;
#3685 = LINE ( 'NONE', #462, #7832 ) ;
#3686 = ORIENTED_EDGE ( 'NONE', *, *, #1372, .T. ) ;
#3687 = CARTESIAN_POINT ( 'NONE',  ( -4.546065243890659247, -4.344999999999997975, 7.866239795783510402 ) ) ;
#3688 = VECTOR ( 'NONE', #8132, 1000.000000000000000 ) ;
#3689 = EDGE_CURVE ( 'NONE', #514, #2520, #3421, .T. ) ;
#3690 = CARTESIAN_POINT ( 'NONE',  ( -3.289413645302794453, -4.344999999999998863, 8.445492201072852367 ) ) ;
#3691 = VERTEX_POINT ( 'NONE', #508 ) ;
#3692 = CARTESIAN_POINT ( 'NONE',  ( -3.486716538465101323, -4.445000000000000284, 7.369999485204850487 ) ) ;
#3693 = EDGE_LOOP ( 'NONE', ( #1634, #914, #8056, #1717, #1432, #208 ) ) ;
#3694 = CARTESIAN_POINT ( 'NONE',  ( -2.419999999999999929, 1.389999999999999902, 8.800000000000000711 ) ) ;
#3695 = CARTESIAN_POINT ( 'NONE',  ( -2.860000000000000320, 0.9499999999999999556, 2.129999999999999893 ) ) ;
#3696 =( NAMED_UNIT ( * ) SI_UNIT ( $, .STERADIAN. ) SOLID_ANGLE_UNIT ( ) );
#3697 = DIRECTION ( 'NONE',  ( -0.0000000000000000000, 1.000000000000000000, -0.0000000000000000000 ) ) ;
#3698 = EDGE_CURVE ( 'NONE', #2663, #6289, #1310, .T. ) ;
#3699 = EDGE_CURVE ( 'NONE', #1250, #4246, #4405, .T. ) ;
#3700 = CARTESIAN_POINT ( 'NONE',  ( 2.714962994409467978, -1.095037005590532297, -1.822106370551018983 ) ) ;
#3701 = ORIENTED_EDGE ( 'NONE', *, *, #4379, .T. ) ;
#3702 = CARTESIAN_POINT ( 'NONE',  ( 2.660000000000000142, -1.149999999999999911, 8.959999999999999076 ) ) ;
#3703 = UNCERTAINTY_MEASURE_WITH_UNIT (LENGTH_MEASURE( 1.000000000000000082E-05 ), #1964, 'distance_accuracy_value', 'NONE');
#3704 = ORIENTED_EDGE ( 'NONE', *, *, #6024, .F. ) ;
#3705 = AXIS2_PLACEMENT_3D ( 'NONE', #3630, #5531, #6206 ) ;
#3706 = CARTESIAN_POINT ( 'NONE',  ( -5.048124388138708341, -4.344999999999999751, 6.968253446624994574 ) ) ;
#3707 = PLANE ( 'NONE',  #3503 ) ;
#3708 = CARTESIAN_POINT ( 'NONE',  ( -4.468393324555852253, -4.445000000000002061, 7.586172390093357087 ) ) ;
#3709 = EDGE_CURVE ( 'NONE', #6010, #5447, #890, .T. ) ;
#3710 = VERTEX_POINT ( 'NONE', #4364 ) ;
#3711 = CARTESIAN_POINT ( 'NONE',  ( 0.4249999999999999334, -2.794999999999999485, 1.201000000000000512 ) ) ;
#3712 = PLANE ( 'NONE',  #7241 ) ;
#3713 = ORIENTED_EDGE ( 'NONE', *, *, #2340, .F. ) ;
#3714 = CARTESIAN_POINT ( 'NONE',  ( -2.365037005590532981, 1.095037005590532964, -1.822106370551019427 ) ) ;
#3715 = CARTESIAN_POINT ( 'NONE',  ( -0.3200000000000000067, -1.590000000000000080, 2.129999999999999893 ) ) ;
#3716 =( BOUNDED_CURVE ( )  B_SPLINE_CURVE ( 3, ( #519, #3740, #3784, #5812 ),
 .UNSPECIFIED., .F., .F. ) 
 B_SPLINE_CURVE_WITH_KNOTS ( ( 4, 4 ),
 ( -14.56676061435919856, -11.42516796076939656 ),
 .UNSPECIFIED. ) 
 CURVE ( )  GEOMETRIC_REPRESENTATION_ITEM ( )  RATIONAL_B_SPLINE_CURVE ( ( 1.000000000000000000, 0.3333333333333292625, 0.3333333333333299842, 1.000000000000000666 ) ) 
 REPRESENTATION_ITEM ( '' )  );
#3717 = SURFACE_STYLE_FILL_AREA ( #4931 ) ;
#3718 = CARTESIAN_POINT ( 'NONE',  ( -2.860000000000000320, 0.9499999999999999556, 0.009999999999999788572 ) ) ;
#3719 = ADVANCED_FACE ( 'NONE', ( #7811 ), #1788, .T. ) ;
#3720 = ORIENTED_EDGE ( 'NONE', *, *, #8190, .T. ) ;
#3721 = PLANE ( 'NONE',  #3150 ) ;
#3722 = LINE ( 'NONE', #7562, #227 ) ;
#3723 = ORIENTED_EDGE ( 'NONE', *, *, #273, .T. ) ;
#3724 = ORIENTED_EDGE ( 'NONE', *, *, #6216, .F. ) ;
#3725 = B_SPLINE_CURVE_WITH_KNOTS ( 'NONE', 1,
 ( #3392, #5371 ),
 .UNSPECIFIED., .F., .F.,
 ( 2, 2 ),
 ( -0.04195999999999999730, -0.03916499999999999843 ),
 .UNSPECIFIED. ) ;
#3726 = CARTESIAN_POINT ( 'NONE',  ( -3.441040517944826238, -4.344999999999998863, 7.946716535422598149 ) ) ;
#3727 = CARTESIAN_POINT ( 'NONE',  ( -4.751284746392126834, -4.445000000000001172, 7.979349097933697621 ) ) ;
#3728 = CARTESIAN_POINT ( 'NONE',  ( 0.4249999999999999334, 4.495000000000000107, 1.201000000000000512 ) ) ;
#3729 = PRESENTATION_LAYER_ASSIGNMENT (  '', '', ( #1840 ) ) ;
#3730 = DIRECTION ( 'NONE',  ( 1.000000000000000000, 0.0000000000000000000, 0.0000000000000000000 ) ) ;
#3731 = DIRECTION ( 'NONE',  ( -0.9284766908852596368, 3.183103384537390247E-16, 0.3713906763541028888 ) ) ;
#3732 = EDGE_LOOP ( 'NONE', ( #6306, #2107, #4339, #2446 ) ) ;
#3733 = CARTESIAN_POINT ( 'NONE',  ( -4.500055440147052721, -4.344999999999999751, 7.917599891102196530 ) ) ;
#3734 = ORIENTED_EDGE ( 'NONE', *, *, #7296, .T. ) ;
#3735 = PRESENTATION_LAYER_ASSIGNMENT (  '', '', ( #7093 ) ) ;
#3736 = PRESENTATION_STYLE_ASSIGNMENT (( #1113 ) ) ;
#3737 = ORIENTED_EDGE ( 'NONE', *, *, #5084, .F. ) ;
#3738 = CARTESIAN_POINT ( 'NONE',  ( -6.570000000000000284, -1.649999999999999911, 3.720000000000000195 ) ) ;
#3739 = EDGE_CURVE ( 'NONE', #4561, #4778, #3684, .T. ) ;
#3740 = CARTESIAN_POINT ( 'NONE',  ( 5.154999999999997584, -2.794999999999996820, 1.630000000000000338 ) ) ;
#3741 = CARTESIAN_POINT ( 'NONE',  ( -3.083134569240993272, -4.344999999999999751, 8.617619537251767881 ) ) ;
#3742 = B_SPLINE_CURVE_WITH_KNOTS ( 'NONE', 1,
 ( #6171, #921 ),
 .UNSPECIFIED., .F., .F.,
 ( 2, 2 ),
 ( -1.000000000000000000, 0.0000000000000000000 ),
 .UNSPECIFIED. ) ;
#3743 = COLOUR_RGB ( '',1.000000000000000000, 1.000000000000000000, 1.000000000000000000 ) ;
#3744 = B_SPLINE_CURVE_WITH_KNOTS ( 'NONE', 1,
 ( #4333, #6897 ),
 .UNSPECIFIED., .F., .F.,
 ( 2, 2 ),
 ( 0.0008628193996200000894, 0.001437275664269999911 ),
 .UNSPECIFIED. ) ;
#3745 = LINE ( 'NONE', #7622, #5247 ) ;
#3746 = CARTESIAN_POINT ( 'NONE',  ( 0.3200000000000000067, 0.9499999999999999556, 8.460000000000000853 ) ) ;
#3747 = FACE_BOUND ( 'NONE', #1301, .T. ) ;
#3748 = EDGE_LOOP ( 'NONE', ( #963, #3737, #247, #3680, #7055, #6637, #1279 ) ) ;
#3749 = CARTESIAN_POINT ( 'NONE',  ( 0.3200000000000000067, -0.9499999999999999556, 2.129999999999999893 ) ) ;
#3750 = ORIENTED_EDGE ( 'NONE', *, *, #6905, .T. ) ;
#3751 = PRESENTATION_LAYER_ASSIGNMENT (  '', '', ( #2634 ) ) ;
#3752 = EDGE_CURVE ( 'NONE', #7470, #2500, #4910, .T. ) ;
#3753 =( NAMED_UNIT ( * ) PLANE_ANGLE_UNIT ( ) SI_UNIT ( $, .RADIAN. ) );
#3754 = MECHANICAL_DESIGN_GEOMETRIC_PRESENTATION_REPRESENTATION (  '', ( #5088 ), #8200 ) ;
#3755 = ORIENTED_EDGE ( 'NONE', *, *, #4771, .F. ) ;
#3756 = FACE_OUTER_BOUND ( 'NONE', #1675, .T. ) ;
#3757 = CARTESIAN_POINT ( 'NONE',  ( 4.305000000000002380, 2.794999999999999485, 1.630000000000000338 ) ) ;
#3758 = CARTESIAN_POINT ( 'NONE',  ( -4.393498873773876490, -4.344999999999999751, 7.574195483635793202 ) ) ;
#3759 = ADVANCED_FACE ( 'NONE', ( #2005 ), #105, .F. ) ;
#3760 = ADVANCED_FACE ( 'NONE', ( #5717 ), #3775, .T. ) ;
#3761 = FACE_OUTER_BOUND ( 'NONE', #8039, .T. ) ;
#3762 = CARTESIAN_POINT ( 'NONE',  ( -2.220000000000000195, 0.9499999999999999556, 1.010000000000000009 ) ) ;
#3763 = CARTESIAN_POINT ( 'NONE',  ( -4.172405435094703741, -4.344999999999997975, 8.100082308186578928 ) ) ;
#3764 = B_SPLINE_CURVE_WITH_KNOTS ( 'NONE', 1,
 ( #2983, #452 ),
 .UNSPECIFIED., .F., .F.,
 ( 2, 2 ),
 ( 0.001920000000000000049, 0.002560000000000000209 ),
 .UNSPECIFIED. ) ;
#3765 = VERTEX_POINT ( 'NONE', #3452 ) ;
#3766 = CARTESIAN_POINT ( 'NONE',  ( 4.304999999999999716, -3.645000000000000018, 0.8499999999999999778 ) ) ;
#3767 = STYLED_ITEM ( 'NONE', ( #4199 ), #5004 ) ;
#3768 = CARTESIAN_POINT ( 'NONE',  ( -2.951255572042641884, -4.445000000000001172, 8.403897553890740113 ) ) ;
#3769 = VERTEX_POINT ( 'NONE', #4116 ) ;
#3770 = ORIENTED_EDGE ( 'NONE', *, *, #733, .F. ) ;
#3771 =( BOUNDED_CURVE ( )  B_SPLINE_CURVE ( 3, ( #3354, #2036, #2698, #5938 ),
 .UNSPECIFIED., .F., .F. ) 
 B_SPLINE_CURVE_WITH_KNOTS ( ( 4, 4 ),
 ( 0.0000000000000000000, 3.141592653589786455 ),
 .UNSPECIFIED. ) 
 CURVE ( )  GEOMETRIC_REPRESENTATION_ITEM ( )  RATIONAL_B_SPLINE_CURVE ( ( 1.000000000000000000, 0.3333333333333307058, 0.3333333333333299842, 0.9999999999999992228 ) ) 
 REPRESENTATION_ITEM ( '' )  );
#3772 = ADVANCED_FACE ( 'NONE', ( #5349 ), #5307, .F. ) ;
#3773 = CARTESIAN_POINT ( 'NONE',  ( 2.860000000000000320, 1.590000000000000302, 1.169999999999999929 ) ) ;
#3774 = AXIS2_PLACEMENT_3D ( 'NONE', #5852, #1445, #3313 ) ;
#3775 = PLANE ( 'NONE',  #6308 ) ;
#3776 = CARTESIAN_POINT ( 'NONE',  ( 0.1034804040882555953, -1.373480404088255780, -1.376503785551577819 ) ) ;
#3777 = ORIENTED_EDGE ( 'NONE', *, *, #6034, .F. ) ;
#3778 = DIRECTION ( 'NONE',  ( -1.000000000000000000, 0.0000000000000000000, 0.0000000000000000000 ) ) ;
#3780 = VERTEX_POINT ( 'NONE', #5434 ) ;
#3779 = MECHANICAL_DESIGN_GEOMETRIC_PRESENTATION_REPRESENTATION (  '', ( #3895 ), #4162 ) ;
#3781 = B_SPLINE_CURVE_WITH_KNOTS ( 'NONE', 1,
 ( #6927, #2901 ),
 .UNSPECIFIED., .F., .F.,
 ( 2, 2 ),
 ( 0.0000000000000000000, 1.000000000000000000 ),
 .UNSPECIFIED. ) ;
#3782 = ORIENTED_EDGE ( 'NONE', *, *, #3225, .T. ) ;
#3783 = CARTESIAN_POINT ( 'NONE',  ( 0.8199999999999999512, -2.089999999999999858, 1.629999999999999893 ) ) ;
#3784 = CARTESIAN_POINT ( 'NONE',  ( 4.304999999999999716, -2.794999999999999485, 1.630000000000000338 ) ) ;
#3785 = MECHANICAL_DESIGN_GEOMETRIC_PRESENTATION_REPRESENTATION (  '', ( #7011 ), #4578 ) ;
#3786 = CARTESIAN_POINT ( 'NONE',  ( -2.944106110889370687, -4.344999999999998863, 8.327124466659853397 ) ) ;
#3787 = CARTESIAN_POINT ( 'NONE',  ( -6.570000000000000284, -1.649999999999999911, 3.720000000000000195 ) ) ;
#3788 = CARTESIAN_POINT ( 'NONE',  ( -2.860000000000000320, -1.590000000000000080, 2.129999999999999893 ) ) ;
#3789 = ORIENTED_EDGE ( 'NONE', *, *, #7053, .F. ) ;
#3790 = CARTESIAN_POINT ( 'NONE',  ( -3.080068900436839563, -4.345000000000000639, 8.031893973840835699 ) ) ;
#3791 = EDGE_LOOP ( 'NONE', ( #5856, #549, #5680, #7576 ) ) ;
#3792 = B_SPLINE_CURVE_WITH_KNOTS ( 'NONE', 1,
 ( #5040, #1797 ),
 .UNSPECIFIED., .F., .F.,
 ( 2, 2 ),
 ( -1.000000000000000000, 0.0000000000000000000 ),
 .UNSPECIFIED. ) ;
#3793 = PRESENTATION_STYLE_ASSIGNMENT (( #2536 ) ) ;
#3794 = CARTESIAN_POINT ( 'NONE',  ( -1.719999999999999973, -0.4401599999999999957, 1.629999999999999893 ) ) ;
#3795 = AXIS2_PLACEMENT_3D ( 'NONE', #5068, #3731, #7777 ) ;
#3796 = ORIENTED_EDGE ( 'NONE', *, *, #3699, .T. ) ;
#3797 = PRESENTATION_STYLE_ASSIGNMENT (( #18 ) ) ;
#3798 = EDGE_CURVE ( 'NONE', #1312, #856, #4791, .T. ) ;
#3799 = PRESENTATION_LAYER_ASSIGNMENT (  '', '', ( #3097 ) ) ;
#3800 = DIRECTION ( 'NONE',  ( 0.0000000000000000000, 0.0000000000000000000, 1.000000000000000000 ) ) ;
#3801 = FILL_AREA_STYLE ('',( #2546 ) ) ;
#3802 = DIRECTION ( 'NONE',  ( -0.0000000000000000000, 1.000000000000000000, -0.0000000000000000000 ) ) ;
#3803 = ORIENTED_EDGE ( 'NONE', *, *, #1354, .F. ) ;
#3804 = PLANE ( 'NONE',  #1030 ) ;
#3805 = EDGE_CURVE ( 'NONE', #5301, #2673, #5736, .T. ) ;
#3806 = EDGE_CURVE ( 'NONE', #598, #4077, #7895, .T. ) ;
#3807 =( NAMED_UNIT ( * ) SI_UNIT ( $, .STERADIAN. ) SOLID_ANGLE_UNIT ( ) );
#3808 = ORIENTED_EDGE ( 'NONE', *, *, #1580, .T. ) ;
#3809 = EDGE_LOOP ( 'NONE', ( #1632, #4658, #631, #1815, #3931, #3184, #1523 ) ) ;
#3810 = CARTESIAN_POINT ( 'NONE',  ( -3.271938860040063624, -4.445000000000001172, 8.441082064176917754 ) ) ;
#3811 = FILL_AREA_STYLE ('',( #1149 ) ) ;
#3812 = CARTESIAN_POINT ( 'NONE',  ( 2.220000000000000195, 1.590000000000000302, 1.969999999999999973 ) ) ;
#3813 = DIRECTION ( 'NONE',  ( 0.0000000000000000000, -1.000000000000000000, 0.0000000000000000000 ) ) ;
#3814 = ORIENTED_EDGE ( 'NONE', *, *, #3898, .F. ) ;
#3815 = ADVANCED_FACE ( 'NONE', ( #6076 ), #2135, .T. ) ;
#3816 = CARTESIAN_POINT ( 'NONE',  ( -3.243704803021725702, -4.445000000000561613, 8.429233843511473978 ) ) ;
#3817 = ORIENTED_EDGE ( 'NONE', *, *, #384, .F. ) ;
#3818 = CARTESIAN_POINT ( 'NONE',  ( -0.3200000000000000067, -1.590000000000000302, 3.720000000000000639 ) ) ;
#3819 = CARTESIAN_POINT ( 'NONE',  ( -4.404966989186255510, -4.344999999999999751, 7.573525126230491900 ) ) ;
#3820 = FILL_AREA_STYLE ('',( #7024 ) ) ;
#3821 = CARTESIAN_POINT ( 'NONE',  ( -4.393498873773876490, -4.445000000000000284, 7.574195483635793202 ) ) ;
#3822 = ORIENTED_EDGE ( 'NONE', *, *, #5457, .T. ) ;
#3823 = CARTESIAN_POINT ( 'NONE',  ( -2.666933639016676238, -4.445000000000000284, 9.111325120834825597 ) ) ;
#3824 =( GEOMETRIC_REPRESENTATION_CONTEXT ( 3 ) GLOBAL_UNCERTAINTY_ASSIGNED_CONTEXT ( ( #1683 ) ) GLOBAL_UNIT_ASSIGNED_CONTEXT ( ( #4708, #180, #3483 ) ) REPRESENTATION_CONTEXT ( 'NONE', 'WORKASPACE' ) );
#3825 = B_SPLINE_CURVE_WITH_KNOTS ( 'NONE', 1,
 ( #1937, #5916 ),
 .UNSPECIFIED., .F., .F.,
 ( 2, 2 ),
 ( 0.0000000000000000000, 1.000000000000000000 ),
 .UNSPECIFIED. ) ;
#3826 = FACE_OUTER_BOUND ( 'NONE', #6027, .T. ) ;
#3827 = CARTESIAN_POINT ( 'NONE',  ( 2.860000000000000320, -0.9499999999999999556, 8.460000000000000853 ) ) ;
#3828 = DIRECTION ( 'NONE',  ( -0.7071067811865470176, 0.0000000000000000000, 0.7071067811865480168 ) ) ;
#3829 = CARTESIAN_POINT ( 'NONE',  ( 0.3200000000000000067, -0.9499999999999999556, 8.460000000000000853 ) ) ;
#3830 =( LENGTH_UNIT ( ) NAMED_UNIT ( * ) SI_UNIT ( .MILLI., .METRE. ) );
#3831 = SURFACE_STYLE_USAGE ( .BOTH. , #7035 ) ;
#3832 = PRESENTATION_STYLE_ASSIGNMENT (( #7036 ) ) ;
#3833 = PLANE ( 'NONE',  #5336 ) ;
#3834 = EDGE_CURVE ( 'NONE', #2473, #2902, #7433, .T. ) ;
#3835 = CARTESIAN_POINT ( 'NONE',  ( 2.220000000000000195, 0.9500000000000000666, 3.720000000000000639 ) ) ;
#3836 = SURFACE_SIDE_STYLE ('',( #1298 ) ) ;
#3837 = B_SPLINE_CURVE_WITH_KNOTS ( 'NONE', 1,
 ( #3746, #7487 ),
 .UNSPECIFIED., .F., .F.,
 ( 2, 2 ),
 ( 0.0008628193996200000894, 0.001437275664269999911 ),
 .UNSPECIFIED. ) ;
#3838 = ORIENTED_EDGE ( 'NONE', *, *, #1485, .F. ) ;
#3839 = B_SPLINE_CURVE_WITH_KNOTS ( 'NONE', 1,
 ( #4625, #7798 ),
 .UNSPECIFIED., .F., .F.,
 ( 2, 2 ),
 ( 0.0000000000000000000, 0.6502057613168723549 ),
 .UNSPECIFIED. ) ;
#3840 = DIRECTION ( 'NONE',  ( -0.0000000000000000000, 1.000000000000000000, -0.0000000000000000000 ) ) ;
#3841 =( GEOMETRIC_REPRESENTATION_CONTEXT ( 3 ) GLOBAL_UNCERTAINTY_ASSIGNED_CONTEXT ( ( #5989 ) ) GLOBAL_UNIT_ASSIGNED_CONTEXT ( ( #6295, #7461, #2933 ) ) REPRESENTATION_CONTEXT ( 'NONE', 'WORKASPACE' ) );
#3842 = DIRECTION ( 'NONE',  ( 1.000000000000000000, 0.0000000000000000000, 0.0000000000000000000 ) ) ;
#3843 = PRESENTATION_STYLE_ASSIGNMENT (( #6493 ) ) ;
#3844 = VERTEX_POINT ( 'NONE', #2875 ) ;
#3845 = FACE_OUTER_BOUND ( 'NONE', #5607, .T. ) ;
#3846 = CARTESIAN_POINT ( 'NONE',  ( -3.182049244976103974, -4.445000000000000284, 8.296518562017888954 ) ) ;
#3847 = EDGE_CURVE ( 'NONE', #5508, #7584, #6111, .T. ) ;
#3848 = FILL_AREA_STYLE_COLOUR ( '', #4130 ) ;
#3849 = EDGE_CURVE ( 'NONE', #380, #5043, #6818, .T. ) ;
#3850 = ORIENTED_EDGE ( 'NONE', *, *, #3959, .F. ) ;
#3851 = CARTESIAN_POINT ( 'NONE',  ( 2.220000000000000195, 0.9499999999999999556, -1.029999999999994920 ) ) ;
#3852 = VERTEX_POINT ( 'NONE', #7195 ) ;
#3853 = VERTEX_POINT ( 'NONE', #6640 ) ;
#3854 = STYLED_ITEM ( 'NONE', ( #6990 ), #2953 ) ;
#3855 =( LENGTH_UNIT ( ) NAMED_UNIT ( * ) SI_UNIT ( .MILLI., .METRE. ) );
#3856 = EDGE_CURVE ( 'NONE', #5356, #7836, #2711, .T. ) ;
#3857 = ADVANCED_FACE ( 'NONE', ( #3990 ), #660, .T. ) ;
#3858 = CARTESIAN_POINT ( 'NONE',  ( -2.859999999999999876, -1.589999999999999858, 3.719999999999999751 ) ) ;
#3859 = FACE_BOUND ( 'NONE', #7698, .T. ) ;
#3860 = VECTOR ( 'NONE', #7099, 1000.000000000000114 ) ;
#3862 = PRESENTATION_STYLE_ASSIGNMENT (( #765 ) ) ;
#3861 = STYLED_ITEM ( 'NONE', ( #3147 ), #2067 ) ;
#3863 = VERTEX_POINT ( 'NONE', #584 ) ;
#3864 = CARTESIAN_POINT ( 'NONE',  ( 7.620000000000000107, 4.445000000000000284, 1.629999999999999893 ) ) ;
#3865 = EDGE_CURVE ( 'NONE', #7340, #6124, #1591, .T. ) ;
#3866 =( GEOMETRIC_REPRESENTATION_CONTEXT ( 3 ) GLOBAL_UNCERTAINTY_ASSIGNED_CONTEXT ( ( #4711 ) ) GLOBAL_UNIT_ASSIGNED_CONTEXT ( ( #5543, #1824, #7430 ) ) REPRESENTATION_CONTEXT ( 'NONE', 'WORKASPACE' ) );
#3867 = FACE_OUTER_BOUND ( 'NONE', #6894, .T. ) ;
#3868 = FILL_AREA_STYLE_COLOUR ( '', #6627 ) ;
#3869 = B_SPLINE_CURVE_WITH_KNOTS ( 'NONE', 1,
 ( #2895, #5498 ),
 .UNSPECIFIED., .F., .F.,
 ( 2, 2 ),
 ( -0.001186129567679999972, -0.0003201041638899989944 ),
 .UNSPECIFIED. ) ;
#3870 = CARTESIAN_POINT ( 'NONE',  ( -4.304999999999999716, -3.645000000000000018, 1.629999999999999893 ) ) ;
#3871 = CARTESIAN_POINT ( 'NONE',  ( -3.471080312134038781, -4.445000000000000284, 7.946676373222471668 ) ) ;
#3872 = SURFACE_STYLE_FILL_AREA ( #2543 ) ;
#3873 = PLANE ( 'NONE',  #7571 ) ;
#3874 = COLOUR_RGB ( '',1.000000000000000000, 1.000000000000000000, 1.000000000000000000 ) ;
#3875 = FILL_AREA_STYLE ('',( #1302 ) ) ;
#3876 = CARTESIAN_POINT ( 'NONE',  ( 2.220000000000000195, 0.9499999999999999556, 1.169999999999999929 ) ) ;
#3877 = CARTESIAN_POINT ( 'NONE',  ( -4.172405435094703741, -4.444999999999998508, 8.100082308186578928 ) ) ;
#3878 = AXIS2_PLACEMENT_3D ( 'NONE', #5701, #2300, #1045 ) ;
#3879 = ORIENTED_EDGE ( 'NONE', *, *, #3216, .T. ) ;
#3880 = SURFACE_STYLE_FILL_AREA ( #7651 ) ;
#3881 = CARTESIAN_POINT ( 'NONE',  ( -5.154999999999997584, -2.794999999999999485, 1.201000000000000512 ) ) ;
#3882 = DIRECTION ( 'NONE',  ( 0.0000000000000000000, -1.000000000000000000, 0.0000000000000000000 ) ) ;
#3883 = CARTESIAN_POINT ( 'NONE',  ( 2.216159999999999908, 0.9499999999999999556, 8.460000000000000853 ) ) ;
#3884 = AXIS2_PLACEMENT_3D ( 'NONE', #6474, #6373, #7027 ) ;
#3885 = ORIENTED_EDGE ( 'NONE', *, *, #780, .F. ) ;
#3886 = FILL_AREA_STYLE_COLOUR ( '', #2529 ) ;
#3887 = EDGE_CURVE ( 'NONE', #2288, #4132, #884, .T. ) ;
#3888 = ORIENTED_EDGE ( 'NONE', *, *, #6573, .F. ) ;
#3889 = ORIENTED_EDGE ( 'NONE', *, *, #8190, .F. ) ;
#3890 = MECHANICAL_DESIGN_GEOMETRIC_PRESENTATION_REPRESENTATION (  '', ( #6569 ), #4834 ) ;
#3891 = CARTESIAN_POINT ( 'NONE',  ( -3.217204068513177972, -4.445000000000000284, 7.966796026337330083 ) ) ;
#3892 = CARTESIAN_POINT ( 'NONE',  ( -0.8199999999999999512, 2.089999999999999858, 1.629999999999999893 ) ) ;
#3893 = CARTESIAN_POINT ( 'NONE',  ( -4.693255064900272444, -4.344999999999999751, 7.461214470474967442 ) ) ;
#3894 = PRESENTATION_STYLE_ASSIGNMENT (( #6233 ) ) ;
#3895 = STYLED_ITEM ( 'NONE', ( #2020 ), #6174 ) ;
#3896 = SURFACE_SIDE_STYLE ('',( #4573 ) ) ;
#3897 = EDGE_CURVE ( 'NONE', #4108, #7668, #3911, .T. ) ;
#3898 = EDGE_CURVE ( 'NONE', #2803, #959, #5936, .T. ) ;
#3899 = EDGE_LOOP ( 'NONE', ( #641, #3438, #4072, #5546 ) ) ;
#3900 = CARTESIAN_POINT ( 'NONE',  ( -3.130050274064801741, -4.344999999999999751, 8.000575294301544460 ) ) ;
#3901 = AXIS2_PLACEMENT_3D ( 'NONE', #6167, #1737, #4308 ) ;
#3902 = CARTESIAN_POINT ( 'NONE',  ( 2.860000000000000320, -1.590000000000000080, 8.460000000000000853 ) ) ;
#3903 = PLANE ( 'NONE',  #1084 ) ;
#3904 = CARTESIAN_POINT ( 'NONE',  ( -3.995879388795381182, -4.444999999999999396, 7.733835972291135619 ) ) ;
#3905 = CARTESIAN_POINT ( 'NONE',  ( 2.419999999999999929, 1.149999999999999911, 8.959999999999999076 ) ) ;
#3906 = EDGE_CURVE ( 'NONE', #6440, #6302, #1230, .T. ) ;
#3907 = DIRECTION ( 'NONE',  ( -4.730105980320832387E-17, 0.7071067811865480168, -0.7071067811865470176 ) ) ;
#3908 = CARTESIAN_POINT ( 'NONE',  ( -2.419999999999999929, 1.149999999999999911, 8.800000000000000711 ) ) ;
#3909 = CARTESIAN_POINT ( 'NONE',  ( -4.011475456712138232, -4.445000000000002949, 7.626035689127857786 ) ) ;
#3910 = ORIENTED_EDGE ( 'NONE', *, *, #79, .F. ) ;
#3911 = LINE ( 'NONE', #4438, #4674 ) ;
#3912 = DIRECTION ( 'NONE',  ( 0.0000000000000000000, 0.0000000000000000000, -1.000000000000000000 ) ) ;
#3913 = CARTESIAN_POINT ( 'NONE',  ( -4.305000000000002380, 4.495000000000000107, 1.201000000000000512 ) ) ;
#3914 = CARTESIAN_POINT ( 'NONE',  ( -4.141173347730139120, -4.345000000000001528, 8.075017310339422494 ) ) ;
#3915 = ORIENTED_EDGE ( 'NONE', *, *, #1636, .T. ) ;
#3916 =( NAMED_UNIT ( * ) PLANE_ANGLE_UNIT ( ) SI_UNIT ( $, .RADIAN. ) );
#3917 = CARTESIAN_POINT ( 'NONE',  ( -2.860000000000000320, -0.9499999999999999556, 1.969999999999999973 ) ) ;
#3918 = CARTESIAN_POINT ( 'NONE',  ( 7.620000000000000107, -4.445000000000000284, 1.629999999999999893 ) ) ;
#3919 = CARTESIAN_POINT ( 'NONE',  ( -4.693255064900272444, -4.445000000000000284, 7.461214470474967442 ) ) ;
#3920 = CARTESIAN_POINT ( 'NONE',  ( 0.8199999999999999512, 2.099839999999999929, 1.629999999999999893 ) ) ;
#3921 = FACE_OUTER_BOUND ( 'NONE', #7499, .T. ) ;
#3922 = ORIENTED_EDGE ( 'NONE', *, *, #7865, .T. ) ;
#3923 = ORIENTED_EDGE ( 'NONE', *, *, #2963, .T. ) ;
#3924 = UNCERTAINTY_MEASURE_WITH_UNIT (LENGTH_MEASURE( 1.000000000000000082E-05 ), #5653, 'distance_accuracy_value', 'NONE');
#3925 = CARTESIAN_POINT ( 'NONE',  ( -3.057401106248541556, -4.445000000000001172, 8.049970664654559016 ) ) ;
#3926 = ADVANCED_FACE ( 'NONE', ( #63 ), #3804, .T. ) ;
#3927 = CARTESIAN_POINT ( 'NONE',  ( -4.307316029047522754, -4.344999999999999751, 7.917704879834534637 ) ) ;
#3928 =( LENGTH_UNIT ( ) NAMED_UNIT ( * ) SI_UNIT ( .MILLI., .METRE. ) );
#3929 = CARTESIAN_POINT ( 'NONE',  ( -3.189760706439594973, -4.445000000000000284, 8.369143393676081288 ) ) ;
#3930 =( NAMED_UNIT ( * ) SI_UNIT ( $, .STERADIAN. ) SOLID_ANGLE_UNIT ( ) );
#3931 = ORIENTED_EDGE ( 'NONE', *, *, #1278, .F. ) ;
#3932 = FACE_OUTER_BOUND ( 'NONE', #7543, .T. ) ;
#3933 = UNCERTAINTY_MEASURE_WITH_UNIT (LENGTH_MEASURE( 1.000000000000000082E-05 ), #1769, 'distance_accuracy_value', 'NONE');
#3934 = CARTESIAN_POINT ( 'NONE',  ( 2.220000000000000195, -1.590000000000000080, 2.129999999999999893 ) ) ;
#3935 = EDGE_CURVE ( 'NONE', #5156, #4311, #5185, .T. ) ;
#3936 = LINE ( 'NONE', #5333, #3312 ) ;
#3937 = EDGE_CURVE ( 'NONE', #4886, #7818, #3406, .T. ) ;
#3938 = DIRECTION ( 'NONE',  ( 1.000000000000000000, 0.0000000000000000000, 0.0000000000000000000 ) ) ;
#3939 = CARTESIAN_POINT ( 'NONE',  ( -3.181639033411010065, -4.345000000000000639, 8.310308892209278042 ) ) ;
#3940 = DIRECTION ( 'NONE',  ( 1.000000000000000000, 0.0000000000000000000, 0.0000000000000000000 ) ) ;
#3941 = AXIS2_PLACEMENT_3D ( 'NONE', #3567, #7317, #2201 ) ;
#3942 = CARTESIAN_POINT ( 'NONE',  ( -3.402709210073007640, -4.445000000000000284, 8.184102049307414362 ) ) ;
#3943 = ORIENTED_EDGE ( 'NONE', *, *, #7830, .T. ) ;
#3944 = CARTESIAN_POINT ( 'NONE',  ( 5.580000000000000071, 4.445000000000000284, 0.7409999999999999920 ) ) ;
#3945 = FACE_OUTER_BOUND ( 'NONE', #3506, .T. ) ;
#3946 = B_SPLINE_CURVE_WITH_KNOTS ( 'NONE', 1,
 ( #7072, #5144 ),
 .UNSPECIFIED., .F., .F.,
 ( 2, 2 ),
 ( 0.0000000000000000000, 1.000000000000000000 ),
 .UNSPECIFIED. ) ;
#3947 = PRESENTATION_LAYER_ASSIGNMENT (  '', '', ( #2061 ) ) ;
#3948 = CARTESIAN_POINT ( 'NONE',  ( 5.580000000000000071, 4.445000000000000284, 1.629999999999999893 ) ) ;
#3949 = ADVANCED_FACE ( 'NONE', ( #3285 ), #3330, .F. ) ;
#3950 = CARTESIAN_POINT ( 'NONE',  ( -4.024636339909592131, -4.444999999999999396, 7.588596952736543777 ) ) ;
#3951 = CARTESIAN_POINT ( 'NONE',  ( -4.304999999999999716, -3.645000000000000018, 1.239999999999999991 ) ) ;
#3952 = ORIENTED_EDGE ( 'NONE', *, *, #2326, .T. ) ;
#3953 =( LENGTH_UNIT ( ) NAMED_UNIT ( * ) SI_UNIT ( .MILLI., .METRE. ) );
#3954 = CARTESIAN_POINT ( 'NONE',  ( -4.232977222225785319, -4.445000000000000284, 7.761415333896089841 ) ) ;
#3955 = CARTESIAN_POINT ( 'NONE',  ( -2.220000000000000195, 0.9499999999999999556, 1.169999999999999929 ) ) ;
#3956 = CARTESIAN_POINT ( 'NONE',  ( 0.8199999999999999512, 0.4500000000000000111, 1.629999999999999893 ) ) ;
#3957 = ORIENTED_EDGE ( 'NONE', *, *, #1306, .T. ) ;
#3958 = CARTESIAN_POINT ( 'NONE',  ( -5.155000000000000249, -3.645000000000000018, 1.629999999999999893 ) ) ;
#3959 = EDGE_CURVE ( 'NONE', #4295, #2032, #6615, .T. ) ;
#3960 = VECTOR ( 'NONE', #2564, 1000.000000000000000 ) ;
#3961 = PRESENTATION_STYLE_ASSIGNMENT (( #1431 ) ) ;
#3962 = ORIENTED_EDGE ( 'NONE', *, *, #7177, .T. ) ;
#3963 =( LENGTH_UNIT ( ) NAMED_UNIT ( * ) SI_UNIT ( .MILLI., .METRE. ) );
#3964 = DIRECTION ( 'NONE',  ( 0.8480480961564283993, -0.0000000000000000000, 0.5299192642332012371 ) ) ;
#3965 = B_SPLINE_CURVE_WITH_KNOTS ( 'NONE', 1,
 ( #3595, #370 ),
 .UNSPECIFIED., .F., .F.,
 ( 2, 2 ),
 ( 0.01171999999999999952, 0.01336000000000000035 ),
 .UNSPECIFIED. ) ;
#3966 = ORIENTED_EDGE ( 'NONE', *, *, #2480, .F. ) ;
#3967 = ORIENTED_EDGE ( 'NONE', *, *, #7674, .F. ) ;
#3968 = B_SPLINE_CURVE_WITH_KNOTS ( 'NONE', 1,
 ( #4055, #2814 ),
 .UNSPECIFIED., .F., .F.,
 ( 2, 2 ),
 ( 0.08333333333333335646, 0.9166666666666667407 ),
 .UNSPECIFIED. ) ;
#3969 = PLANE ( 'NONE',  #460 ) ;
#3970 =( BOUNDED_CURVE ( )  B_SPLINE_CURVE ( 3, ( #4040, #7861, #957, #1515 ),
 .UNSPECIFIED., .F., .F. ) 
 B_SPLINE_CURVE_WITH_KNOTS ( ( 4, 4 ),
 ( -14.56676061435919856, -11.42516796076939478 ),
 .UNSPECIFIED. ) 
 CURVE ( )  GEOMETRIC_REPRESENTATION_ITEM ( )  RATIONAL_B_SPLINE_CURVE ( ( 1.000000000000000000, 0.3333333333333288184, 0.3333333333333299842, 1.000000000000001110 ) ) 
 REPRESENTATION_ITEM ( '' )  );
#3971 = CARTESIAN_POINT ( 'NONE',  ( -3.057401106248541556, -4.445000000000001172, 8.049970664654559016 ) ) ;
#3972 =( LENGTH_UNIT ( ) NAMED_UNIT ( * ) SI_UNIT ( .MILLI., .METRE. ) );
#3973 = CARTESIAN_POINT ( 'NONE',  ( -4.404966989186255510, -4.445000000000000284, 7.573525126230491900 ) ) ;
#3974 = VERTEX_POINT ( 'NONE', #2510 ) ;
#3975 = AXIS2_PLACEMENT_3D ( 'NONE', #1226, #4509, #6452 ) ;
#3976 = FACE_OUTER_BOUND ( 'NONE', #1706, .T. ) ;
#3977 = CARTESIAN_POINT ( 'NONE',  ( 0.4249999999999998224, -4.495000000000002771, 1.239999999999999325 ) ) ;
#3978 = FILL_AREA_STYLE ('',( #5893 ) ) ;
#3979 = MECHANICAL_DESIGN_GEOMETRIC_PRESENTATION_REPRESENTATION (  '', ( #1840 ), #480 ) ;
#3980 = DIRECTION ( 'NONE',  ( -1.000000000000000000, 0.0000000000000000000, 0.0000000000000000000 ) ) ;
#3981 =( LENGTH_UNIT ( ) NAMED_UNIT ( * ) SI_UNIT ( .MILLI., .METRE. ) );
#3982 = DIRECTION ( 'NONE',  ( 0.0000000000000000000, 0.0000000000000000000, 1.000000000000000000 ) ) ;
#3983 = LINE ( 'NONE', #142, #2586 ) ;
#3984 = CARTESIAN_POINT ( 'NONE',  ( -4.305000000000002380, -4.495000000000000107, 0.8499999999999999778 ) ) ;
#3985 = ADVANCED_FACE ( 'NONE', ( #2630 ), #7078, .T. ) ;
#3986 = VECTOR ( 'NONE', #6683, 1000.000000000000000 ) ;
#3987 = PRESENTATION_LAYER_ASSIGNMENT (  '', '', ( #8045 ) ) ;
#3988 = CARTESIAN_POINT ( 'NONE',  ( -4.234801368229599738, -4.445000000000001172, 7.798916115779297442 ) ) ;
#3989 =( NAMED_UNIT ( * ) PLANE_ANGLE_UNIT ( ) SI_UNIT ( $, .RADIAN. ) );
#3990 = FACE_OUTER_BOUND ( 'NONE', #2559, .T. ) ;
#3991 = STYLED_ITEM ( 'NONE', ( #7070 ), #4159 ) ;
#3992 = STYLED_ITEM ( 'NONE', ( #8289 ), #2235 ) ;
#3993 = ORIENTED_EDGE ( 'NONE', *, *, #1426, .T. ) ;
#3994 = PRESENTATION_STYLE_ASSIGNMENT (( #7855 ) ) ;
#3995 = SURFACE_STYLE_USAGE ( .BOTH. , #109 ) ;
#3996 = CARTESIAN_POINT ( 'NONE',  ( 2.860000000000000320, -0.9499999999999999556, 2.129999999999999893 ) ) ;
#3997 = EDGE_CURVE ( 'NONE', #1021, #6315, #8152, .T. ) ;
#3998 = CARTESIAN_POINT ( 'NONE',  ( -3.995902804277378983, -4.444999999999999396, 7.762490075515755095 ) ) ;
#3999 = EDGE_CURVE ( 'NONE', #900, #6537, #4717, .T. ) ;
#4000 = MECHANICAL_DESIGN_GEOMETRIC_PRESENTATION_REPRESENTATION (  '', ( #4141 ), #3610 ) ;
#4001 = CARTESIAN_POINT ( 'NONE',  ( -4.781012383575069968, -4.445000000000002061, 7.596217601066260094 ) ) ;
#4002 = CARTESIAN_POINT ( 'NONE',  ( -5.154999999999997584, -2.794999999999999485, 1.669000000000000483 ) ) ;
#4003 = ORIENTED_EDGE ( 'NONE', *, *, #2696, .F. ) ;
#4004 = VECTOR ( 'NONE', #7635, 1000.000000000000000 ) ;
#4005 = ORIENTED_EDGE ( 'NONE', *, *, #686, .F. ) ;
#4006 = EDGE_CURVE ( 'NONE', #5808, #171, #6240, .T. ) ;
#4007 = ORIENTED_EDGE ( 'NONE', *, *, #2589, .T. ) ;
#4008 = CARTESIAN_POINT ( 'NONE',  ( -5.154999999999997584, 4.495000000000000107, 1.201000000000000512 ) ) ;
#4009 = CARTESIAN_POINT ( 'NONE',  ( -2.860000000000000320, 1.590000000000000080, 2.130000000000000782 ) ) ;
#4010 = FILL_AREA_STYLE_COLOUR ( '', #8102 ) ;
#4011 = SURFACE_STYLE_USAGE ( .BOTH. , #4531 ) ;
#4012 = CARTESIAN_POINT ( 'NONE',  ( -4.232977222225785319, -4.445000000000000284, 7.761415333896089841 ) ) ;
#4014 = VERTEX_POINT ( 'NONE', #6642 ) ;
#4013 = AXIS2_PLACEMENT_3D ( 'NONE', #2699, #95, #2079 ) ;
#4015 = CARTESIAN_POINT ( 'NONE',  ( -3.724163119661682231, -4.445000000000000284, 8.692916151871516561 ) ) ;
#4016 = CARTESIAN_POINT ( 'NONE',  ( 0.0000000000000000000, 0.0000000000000000000, -1.330000000000000071 ) ) ;
#4017 = CARTESIAN_POINT ( 'NONE',  ( -3.486716538465101323, -4.344999999999999751, 8.184102049307414362 ) ) ;
#4018 = DIRECTION ( 'NONE',  ( -1.000000000000000000, 0.0000000000000000000, 0.0000000000000000000 ) ) ;
#4019 = AXIS2_PLACEMENT_3D ( 'NONE', #925, #7264, #7956 ) ;
#4020 =( NAMED_UNIT ( * ) PLANE_ANGLE_UNIT ( ) SI_UNIT ( $, .RADIAN. ) );
#4021 = CARTESIAN_POINT ( 'NONE',  ( -2.660000000000000142, -1.149999999999999911, 8.800000000000000711 ) ) ;
#4022 = CARTESIAN_POINT ( 'NONE',  ( -5.580000000000000071, 4.445000000000000284, 10.51999999999999957 ) ) ;
#4023 = PLANE ( 'NONE',  #3941 ) ;
#4024 = PRESENTATION_STYLE_ASSIGNMENT (( #5987 ) ) ;
#4025 = VERTEX_POINT ( 'NONE', #5438 ) ;
#4026 = MECHANICAL_DESIGN_GEOMETRIC_PRESENTATION_REPRESENTATION (  '', ( #3641 ), #4314 ) ;
#4027 = SURFACE_STYLE_USAGE ( .BOTH. , #4636 ) ;
#4028 =( NAMED_UNIT ( * ) PLANE_ANGLE_UNIT ( ) SI_UNIT ( $, .RADIAN. ) );
#4029 = FILL_AREA_STYLE ('',( #3412 ) ) ;
#4030 = CARTESIAN_POINT ( 'NONE',  ( 2.860000000000000320, -1.590000000000000080, 2.129999999999999893 ) ) ;
#4031 = EDGE_CURVE ( 'NONE', #6616, #5475, #7244, .T. ) ;
#4032 = COLOUR_RGB ( '',0.1019607843137254888, 0.1019607843137254888, 0.1019607843137254888 ) ;
#4033 = FACE_OUTER_BOUND ( 'NONE', #3609, .T. ) ;
#4034 = FACE_OUTER_BOUND ( 'NONE', #154, .T. ) ;
#4035 = B_SPLINE_CURVE_WITH_KNOTS ( 'NONE', 1,
 ( #3835, #4475 ),
 .UNSPECIFIED., .F., .F.,
 ( 2, 2 ),
 ( 0.0000000000000000000, 0.0006400000000000000524 ),
 .UNSPECIFIED. ) ;
#4036 = ORIENTED_EDGE ( 'NONE', *, *, #1426, .F. ) ;
#4037 = PRESENTATION_LAYER_ASSIGNMENT (  '', '', ( #2541 ) ) ;
#4038 = CARTESIAN_POINT ( 'NONE',  ( 0.4249999999999999334, -4.495000000000000107, 1.669000000000000483 ) ) ;
#4039 = DIRECTION ( 'NONE',  ( 0.0000000000000000000, 0.0000000000000000000, -1.000000000000000000 ) ) ;
#4040 = CARTESIAN_POINT ( 'NONE',  ( -4.304999999999999716, 3.645000000000000018, 1.629999999999999893 ) ) ;
#4041 = FILL_AREA_STYLE_COLOUR ( '', #2964 ) ;
#4042 = EDGE_CURVE ( 'NONE', #281, #3765, #1461, .T. ) ;
#4043 = ORIENTED_EDGE ( 'NONE', *, *, #2087, .F. ) ;
#4044 = CARTESIAN_POINT ( 'NONE',  ( 1.719999999999999973, 0.4500000000000000111, 1.629999999999999893 ) ) ;
#4045 = AXIS2_PLACEMENT_3D ( 'NONE', #2224, #4857, #6795 ) ;
#4046 = CARTESIAN_POINT ( 'NONE',  ( -3.204949237806911544, -4.345000000000000639, 8.671526696739300988 ) ) ;
#4047 = ORIENTED_EDGE ( 'NONE', *, *, #5979, .F. ) ;
#4048 = VERTEX_POINT ( 'NONE', #4118 ) ;
#4049 = SURFACE_SIDE_STYLE ('',( #4179 ) ) ;
#4050 = SURFACE_STYLE_FILL_AREA ( #967 ) ;
#4051 = B_SPLINE_SURFACE_WITH_KNOTS ( 'NONE', 3, 1, ( 
 ( #6188, #296 ),
 ( #3565, #4105 ),
 ( #388, #5465 ),
 ( #2960, #4782 ),
 ( #8046, #6144 ),
 ( #345, #2915 ),
 ( #5556, #2123 ),
 ( #4706, #2367 ),
 ( #1714, #5082 ),
 ( #1759, #8262 ),
 ( #4957, #3050 ),
 ( #1800, #3181 ),
 ( #8131, #6279 ),
 ( #603, #1248 ),
 ( #7581, #1881 ) ),
 .UNSPECIFIED., .F., .F., .F.,
 ( 4, 1, 1, 1, 1, 1, 1, 1, 1, 1, 1, 1, 4 ),
 ( 2, 2 ),
 ( 0.0000000000000000000, 0.1551595916613864312, 0.2854959537028894934, 0.3905028055298593870, 0.4709750446262401802, 0.5384455267337445727, 0.6036553403941761209, 0.6665871693156267819, 0.7301989498864842609, 0.7949446749029764892, 0.8602284365898026364, 0.9281207061405482017, 1.000000000000000000 ),
 ( 0.0000000000000000000, 1.000000000000000000 ),
 .UNSPECIFIED. ) ;
#4052 = CARTESIAN_POINT ( 'NONE',  ( 0.3200000000000000067, 1.590000000000000080, 8.460000000000000853 ) ) ;
#4053 = CARTESIAN_POINT ( 'NONE',  ( -3.217204068513177972, -4.445000000000000284, 7.966796026337330083 ) ) ;
#4054 = ADVANCED_FACE ( 'NONE', ( #4033 ), #6036, .T. ) ;
#4055 = CARTESIAN_POINT ( 'NONE',  ( -5.155000000000000249, 3.645000000000000018, 1.239999999999999991 ) ) ;
#4056 = VERTEX_POINT ( 'NONE', #5955 ) ;
#4057 = CARTESIAN_POINT ( 'NONE',  ( 0.3200000000000000067, 1.590000000000000080, 8.460000000000000853 ) ) ;
#4058 = VERTEX_POINT ( 'NONE', #6080 ) ;
#4059 = CARTESIAN_POINT ( 'NONE',  ( -4.819999999999999396, 4.445000000000000284, 1.629999999999999893 ) ) ;
#4060 = CARTESIAN_POINT ( 'NONE',  ( 5.155000000000000249, 3.645000000000000018, 0.8499999999999999778 ) ) ;
#4061 = SURFACE_STYLE_FILL_AREA ( #4704 ) ;
#4062 = CARTESIAN_POINT ( 'NONE',  ( -2.943981495730058739, -4.345000000000000639, 8.317135736540322455 ) ) ;
#4063 = CARTESIAN_POINT ( 'NONE',  ( 2.672539194427198339, 0.0000000000000000000, -1.330000000000000071 ) ) ;
#4064 = VERTEX_POINT ( 'NONE', #4161 ) ;
#4065 = CARTESIAN_POINT ( 'NONE',  ( -4.305000000000002380, -4.495000000000000107, 1.669000000000000483 ) ) ;
#4066 = ORIENTED_EDGE ( 'NONE', *, *, #6435, .F. ) ;
#4067 =( BOUNDED_CURVE ( )  B_SPLINE_CURVE ( 3, ( #2284, #6145, #346, #4873 ),
 .UNSPECIFIED., .F., .F. ) 
 B_SPLINE_CURVE_WITH_KNOTS ( ( 4, 4 ),
 ( 0.4069860905151300168, 2.734606563074669872 ),
 .UNSPECIFIED. ) 
 CURVE ( )  GEOMETRIC_REPRESENTATION_ITEM ( )  RATIONAL_B_SPLINE_CURVE ( ( 1.000000000000000000, 0.5972289350732999935, 0.5972289350732999935, 1.000000000000000000 ) ) 
 REPRESENTATION_ITEM ( '' )  );
#4068 = DIRECTION ( 'NONE',  ( -0.0000000000000000000, 0.9284766908852596368, 0.3713906763541028888 ) ) ;
#4069 = PLANE ( 'NONE',  #1014 ) ;
#4070 = SURFACE_STYLE_FILL_AREA ( #7934 ) ;
#4071 = DIRECTION ( 'NONE',  ( 1.962615573354719883E-17, 0.7071067811865470176, 0.7071067811865480168 ) ) ;
#4072 = ORIENTED_EDGE ( 'NONE', *, *, #2031, .T. ) ;
#4073 =( NAMED_UNIT ( * ) SI_UNIT ( $, .STERADIAN. ) SOLID_ANGLE_UNIT ( ) );
#4074 = FACE_OUTER_BOUND ( 'NONE', #1908, .T. ) ;
#4075 = CARTESIAN_POINT ( 'NONE',  ( -4.809633205131768285, -4.344999999999999751, 7.749755010712329195 ) ) ;
#4076 =( NAMED_UNIT ( * ) SI_UNIT ( $, .STERADIAN. ) SOLID_ANGLE_UNIT ( ) );
#4077 = VERTEX_POINT ( 'NONE', #230 ) ;
#4078 = EDGE_CURVE ( 'NONE', #6374, #6212, #2794, .T. ) ;
#4079 = CARTESIAN_POINT ( 'NONE',  ( -4.561441750107658955, -4.445000000000001172, 7.366919319256493459 ) ) ;
#4080 = CARTESIAN_POINT ( 'NONE',  ( -3.486716538465101323, -4.445000000000000284, 7.946655468110833453 ) ) ;
#4081 = FILL_AREA_STYLE ('',( #7374 ) ) ;
#4082 = CARTESIAN_POINT ( 'NONE',  ( -4.400461864319803240, -4.344999999999998863, 7.336078545033910991 ) ) ;
#4083 = ORIENTED_EDGE ( 'NONE', *, *, #6610, .T. ) ;
#4084 = FACE_OUTER_BOUND ( 'NONE', #7278, .T. ) ;
#4085 = B_SPLINE_CURVE_WITH_KNOTS ( 'NONE', 1,
 ( #172, #2816 ),
 .UNSPECIFIED., .F., .F.,
 ( 2, 2 ),
 ( -1.000000000000000000, 0.0000000000000000000 ),
 .UNSPECIFIED. ) ;
#4086 = CARTESIAN_POINT ( 'NONE',  ( -3.063413897567816235, -4.344999999999999751, 8.602872526145215915 ) ) ;
#4087 = VERTEX_POINT ( 'NONE', #949 ) ;
#4088 = VERTEX_POINT ( 'NONE', #6734 ) ;
#4089 = ADVANCED_FACE ( 'NONE', ( #5910 ), #107, .T. ) ;
#4090 = B_SPLINE_CURVE_WITH_KNOTS ( 'NONE', 1,
 ( #7357, #4196 ),
 .UNSPECIFIED., .F., .F.,
 ( 2, 2 ),
 ( -1.000000000000000000, -0.8683127572016461349 ),
 .UNSPECIFIED. ) ;
#4091 = MANIFOLD_SOLID_BREP ( 'Yükseklik-Ekstrüzyon3', #1660 ) ;
#4092 = CARTESIAN_POINT ( 'NONE',  ( -5.154999999999997584, 2.794999999999999485, 1.669000000000000483 ) ) ;
#4093 = CARTESIAN_POINT ( 'NONE',  ( -4.809086531537950293, -4.445000000000000284, 7.780848725204325689 ) ) ;
#4094 = AXIS2_PLACEMENT_3D ( 'NONE', #3374, #150, #2714 ) ;
#4095 = CARTESIAN_POINT ( 'NONE',  ( 2.220000000000000195, -1.590000000000000080, 2.129999999999999893 ) ) ;
#4096 = CARTESIAN_POINT ( 'NONE',  ( -3.057401106248541556, -4.344999999999999751, 8.049970664654559016 ) ) ;
#4097 = CARTESIAN_POINT ( 'NONE',  ( -0.3200000000000000067, -0.9499999999999999556, 1.169999999999999929 ) ) ;
#4098 = ORIENTED_EDGE ( 'NONE', *, *, #114, .T. ) ;
#4099 = CARTESIAN_POINT ( 'NONE',  ( -2.219999999999999751, 1.589999999999999858, 3.719999999999999751 ) ) ;
#4100 = ORIENTED_EDGE ( 'NONE', *, *, #7285, .T. ) ;
#4101 = UNCERTAINTY_MEASURE_WITH_UNIT (LENGTH_MEASURE( 1.000000000000000082E-05 ), #7553, 'distance_accuracy_value', 'NONE');
#4102 = ADVANCED_FACE ( 'NONE', ( #2420, #7552 ), #5014, .T. ) ;
#4103 = ADVANCED_FACE ( 'NONE', ( #7593 ), #1810, .T. ) ;
#4104 = DIRECTION ( 'NONE',  ( 0.0000000000000000000, 0.0000000000000000000, 1.000000000000000000 ) ) ;
#4105 = CARTESIAN_POINT ( 'NONE',  ( -3.387422750387013348, -4.344999999999998863, 8.184198977326161639 ) ) ;
#4106 = CARTESIAN_POINT ( 'NONE',  ( -4.560842609379704982, -4.345000000000001528, 7.688034096489055891 ) ) ;
#4107 = FACE_OUTER_BOUND ( 'NONE', #7358, .T. ) ;
#4108 = VERTEX_POINT ( 'NONE', #3534 ) ;
#4109 = PRESENTATION_STYLE_ASSIGNMENT (( #774 ) ) ;
#4110 = B_SPLINE_CURVE_WITH_KNOTS ( 'NONE', 1,
 ( #2450, #3179 ),
 .UNSPECIFIED., .F., .F.,
 ( 2, 2 ),
 ( -0.02169000000000000095, -0.01889499999999999860 ),
 .UNSPECIFIED. ) ;
#4111 = EDGE_CURVE ( 'NONE', #1167, #5412, #4321, .T. ) ;
#4112 = PRESENTATION_LAYER_ASSIGNMENT (  '', '', ( #6533 ) ) ;
#4113 = CARTESIAN_POINT ( 'NONE',  ( -4.234801368229599738, -4.344999999999999751, 7.798916115779297442 ) ) ;
#4114 = FACE_OUTER_BOUND ( 'NONE', #683, .T. ) ;
#4115 = DIRECTION ( 'NONE',  ( 1.000000000000000000, 0.0000000000000000000, 0.0000000000000000000 ) ) ;
#4116 = CARTESIAN_POINT ( 'NONE',  ( -0.3200000000000000067, -1.590000000000000080, -1.029999999999994476 ) ) ;
#4117 = ORIENTED_EDGE ( 'NONE', *, *, #7097, .T. ) ;
#4118 = CARTESIAN_POINT ( 'NONE',  ( -3.411984467150999123, -4.344999999999999751, 8.455469570674935653 ) ) ;
#4120 = PLANE ( 'NONE',  #7063 ) ;
#4119 = PRESENTATION_LAYER_ASSIGNMENT (  '', '', ( #2619 ) ) ;
#4121 = SURFACE_STYLE_FILL_AREA ( #231 ) ;
#4122 = PRESENTATION_LAYER_ASSIGNMENT (  '', '', ( #3861 ) ) ;
#4123 = UNCERTAINTY_MEASURE_WITH_UNIT (LENGTH_MEASURE( 1.000000000000000082E-05 ), #5325, 'distance_accuracy_value', 'NONE');
#4124 = ORIENTED_EDGE ( 'NONE', *, *, #3806, .T. ) ;
#4125 = CARTESIAN_POINT ( 'NONE',  ( 0.4249999999999999889, -3.645000000000000018, 1.668999999999999817 ) ) ;
#4126 = CARTESIAN_POINT ( 'NONE',  ( 0.8199999999999999512, -2.089999999999999858, 1.629999999999999893 ) ) ;
#4127 = DIRECTION ( 'NONE',  ( -1.000000000000000000, 0.0000000000000000000, 0.0000000000000000000 ) ) ;
#4128 = AXIS2_PLACEMENT_3D ( 'NONE', #6313, #2476, #3813 ) ;
#4129 = B_SPLINE_CURVE_WITH_KNOTS ( 'NONE', 1,
 ( #8027, #1611 ),
 .UNSPECIFIED., .F., .F.,
 ( 2, 2 ),
 ( 0.02138500000000000123, 0.03027499999999999983 ),
 .UNSPECIFIED. ) ;
#4130 = COLOUR_RGB ( '',0.1019607843137254888, 0.1019607843137254888, 0.1019607843137254888 ) ;
#4131 = B_SPLINE_CURVE_WITH_KNOTS ( 'NONE', 1,
 ( #5994, #6639 ),
 .UNSPECIFIED., .F., .F.,
 ( 2, 2 ),
 ( 0.001280000000000000105, 0.001920000000000000049 ),
 .UNSPECIFIED. ) ;
#4132 = VERTEX_POINT ( 'NONE', #3870 ) ;
#4133 = CARTESIAN_POINT ( 'NONE',  ( -3.204949237806911544, -4.445000000000001172, 8.671526696739300988 ) ) ;
#4134 = ORIENTED_EDGE ( 'NONE', *, *, #2182, .F. ) ;
#4135 = AXIS2_PLACEMENT_3D ( 'NONE', #4585, #1218, #1175 ) ;
#4136 = VERTEX_POINT ( 'NONE', #692 ) ;
#4137 = CARTESIAN_POINT ( 'NONE',  ( -5.155000000000000249, 3.645000000000000018, 1.668999999999999817 ) ) ;
#4138 = CARTESIAN_POINT ( 'NONE',  ( -4.799847209308350848, -4.344999999999998863, 7.843069298687995961 ) ) ;
#4139 = CARTESIAN_POINT ( 'NONE',  ( -0.3200000000000000067, -0.9499999999999999556, -1.029999999999994476 ) ) ;
#4140 = CARTESIAN_POINT ( 'NONE',  ( -3.080068900436839563, -4.344999999999999751, 8.031893973840835699 ) ) ;
#4141 = STYLED_ITEM ( 'NONE', ( #1410 ), #4202 ) ;
#4142 = ORIENTED_EDGE ( 'NONE', *, *, #2527, .T. ) ;
#4143 = ADVANCED_FACE ( 'NONE', ( #2615 ), #3193, .T. ) ;
#4144 = EDGE_LOOP ( 'NONE', ( #7197, #5696, #3967, #6690, #4799, #3466 ) ) ;
#4145 = CARTESIAN_POINT ( 'NONE',  ( -0.8199999999999999512, -0.4500000000000000111, 1.629999999999999893 ) ) ;
#4146 = B_SPLINE_CURVE_WITH_KNOTS ( 'NONE', 1,
 ( #1789, #5502 ),
 .UNSPECIFIED., .F., .F.,
 ( 2, 2 ),
 ( -1.000000000000000000, 0.0000000000000000000 ),
 .UNSPECIFIED. ) ;
#4147 = CARTESIAN_POINT ( 'NONE',  ( 0.4249999999999999889, 3.645000000000000018, 0.8499999999999999778 ) ) ;
#4148 = DIRECTION ( 'NONE',  ( -1.000000000000000000, 0.0000000000000000000, 0.0000000000000000000 ) ) ;
#4149 = CARTESIAN_POINT ( 'NONE',  ( 4.000000000000000000, -4.445000000000000284, 10.51999999999999957 ) ) ;
#4150 = ADVANCED_FACE ( 'NONE', ( #3236 ), #7033, .T. ) ;
#4151 = ADVANCED_FACE ( 'NONE', ( #3756 ), #7803, .T. ) ;
#4152 = CARTESIAN_POINT ( 'NONE',  ( -2.860000000000000320, -1.590000000000000080, 2.129999999999999893 ) ) ;
#4153 = ORIENTED_EDGE ( 'NONE', *, *, #600, .F. ) ;
#4154 = LINE ( 'NONE', #6635, #7525 ) ;
#4155 = ORIENTED_EDGE ( 'NONE', *, *, #3093, .F. ) ;
#4156 = PRESENTATION_LAYER_ASSIGNMENT (  '', '', ( #373 ) ) ;
#4157 = DIRECTION ( 'NONE',  ( 0.0000000000000000000, 1.000000000000000000, 0.0000000000000000000 ) ) ;
#4158 = FILL_AREA_STYLE ('',( #1588 ) ) ;
#4159 = ADVANCED_FACE ( 'NONE', ( #2540 ), #7717, .T. ) ;
#4160 = ORIENTED_EDGE ( 'NONE', *, *, #3277, .T. ) ;
#4161 = CARTESIAN_POINT ( 'NONE',  ( 1.719999999999999973, 0.4500000000000000111, 1.629999999999999893 ) ) ;
#4162 =( GEOMETRIC_REPRESENTATION_CONTEXT ( 3 ) GLOBAL_UNCERTAINTY_ASSIGNED_CONTEXT ( ( #8266 ) ) GLOBAL_UNIT_ASSIGNED_CONTEXT ( ( #3963, #5280, #3424 ) ) REPRESENTATION_CONTEXT ( 'NONE', 'WORKASPACE' ) );
#4163 = CARTESIAN_POINT ( 'NONE',  ( -6.570000000000000284, 1.649999999999999911, 3.720000000000000195 ) ) ;
#4164 = B_SPLINE_CURVE_WITH_KNOTS ( 'NONE', 1,
 ( #2949, #5070 ),
 .UNSPECIFIED., .F., .F.,
 ( 2, 2 ),
 ( -1.000000000000000000, -0.3497942386831276451 ),
 .UNSPECIFIED. ) ;
#4165 = CARTESIAN_POINT ( 'NONE',  ( 0.3200000000000000067, 1.590000000000000080, 1.169999999999999929 ) ) ;
#4166 = CARTESIAN_POINT ( 'NONE',  ( -4.471151562613879804, -4.444999999999999396, 7.934400615666398870 ) ) ;
#4167 = ORIENTED_EDGE ( 'NONE', *, *, #3434, .T. ) ;
#4168 = PLANE ( 'NONE',  #5887 ) ;
#4169 = DIRECTION ( 'NONE',  ( 0.8480480961564252906, -0.0000000000000000000, 0.5299192642332061221 ) ) ;
#4170 = AXIS2_PLACEMENT_3D ( 'NONE', #2178, #4169, #2884 ) ;
#4171 = CARTESIAN_POINT ( 'NONE',  ( 4.305000000000002380, -4.495000000000000107, 1.669000000000000483 ) ) ;
#4172 = EDGE_LOOP ( 'NONE', ( #1608, #2156, #2290, #332 ) ) ;
#4173 =( NAMED_UNIT ( * ) SI_UNIT ( $, .STERADIAN. ) SOLID_ANGLE_UNIT ( ) );
#4174 = CARTESIAN_POINT ( 'NONE',  ( -4.244633132282688237, -4.344999999999997087, 7.687108813420996611 ) ) ;
#4175 = CARTESIAN_POINT ( 'NONE',  ( -2.220000000000000195, 1.590000000000000080, 2.129999999999999893 ) ) ;
#4177 = ORIENTED_EDGE ( 'NONE', *, *, #2341, .F. ) ;
#4176 = AXIS2_PLACEMENT_3D ( 'NONE', #2028, #8031, #6135 ) ;
#4178 = VERTEX_POINT ( 'NONE', #3360 ) ;
#4179 = SURFACE_STYLE_FILL_AREA ( #3389 ) ;
#4180 = CARTESIAN_POINT ( 'NONE',  ( 3.360000000000000320, -0.4500000000000000111, 1.629999999999999893 ) ) ;
#4181 = STYLED_ITEM ( 'NONE', ( #8214 ), #7633 ) ;
#4182 = CARTESIAN_POINT ( 'NONE',  ( 2.220000000000000195, -0.9499999999999999556, -1.029999999999994920 ) ) ;
#4183 = ORIENTED_EDGE ( 'NONE', *, *, #2438, .T. ) ;
#4184 = CARTESIAN_POINT ( 'NONE',  ( -4.572186623935188265, -4.445000000000001172, 7.761415333896090729 ) ) ;
#4185 =( NAMED_UNIT ( * ) PLANE_ANGLE_UNIT ( ) SI_UNIT ( $, .RADIAN. ) );
#4186 = VERTEX_POINT ( 'NONE', #7348 ) ;
#4187 = CARTESIAN_POINT ( 'NONE',  ( 2.860000000000000320, 0.9499999999999999556, -1.029999999999994920 ) ) ;
#4188 = ORIENTED_EDGE ( 'NONE', *, *, #5257, .F. ) ;
#4189 = VECTOR ( 'NONE', #4845, 1000.000000000000000 ) ;
#4190 = CARTESIAN_POINT ( 'NONE',  ( -7.620000000000000107, 1.649999999999999911, 8.030000000000001137 ) ) ;
#4191 = EDGE_CURVE ( 'NONE', #1987, #92, #2281, .T. ) ;
#4192 = CARTESIAN_POINT ( 'NONE',  ( -0.4249999999999999334, 4.495000000000000107, 0.8499999999999999778 ) ) ;
#4193 = CARTESIAN_POINT ( 'NONE',  ( -2.985585763260774961, -4.345000000000001528, 8.504699930118137630 ) ) ;
#4194 = PLANE ( 'NONE',  #3628 ) ;
#4195 = DIRECTION ( 'NONE',  ( 0.0000000000000000000, 1.000000000000000000, 0.0000000000000000000 ) ) ;
#4196 = CARTESIAN_POINT ( 'NONE',  ( 2.860000000000000320, 0.9499999999999999556, 2.129999999999999893 ) ) ;
#4197 = ORIENTED_EDGE ( 'NONE', *, *, #5908, .T. ) ;
#4198 = B_SPLINE_CURVE_WITH_KNOTS ( 'NONE', 1,
 ( #6667, #3477 ),
 .UNSPECIFIED., .F., .F.,
 ( 2, 2 ),
 ( -1.000000000000000000, 0.0000000000000000000 ),
 .UNSPECIFIED. ) ;
#4199 = PRESENTATION_STYLE_ASSIGNMENT (( #143 ) ) ;
#4200 = UNCERTAINTY_MEASURE_WITH_UNIT (LENGTH_MEASURE( 1.000000000000000082E-05 ), #738, 'distance_accuracy_value', 'NONE');
#4201 = ORIENTED_EDGE ( 'NONE', *, *, #2800, .T. ) ;
#4202 = ADVANCED_FACE ( 'NONE', ( #7184 ), #6138, .T. ) ;
#4203 = ADVANCED_FACE ( 'NONE', ( #334 ), #6180, .T. ) ;
#4204 = CARTESIAN_POINT ( 'NONE',  ( -0.3200000000000000067, -0.9461600000000000010, 8.460000000000000853 ) ) ;
#4205 = CARTESIAN_POINT ( 'NONE',  ( -2.259999999999999787, -3.314999999999999947, 9.919999999999999929 ) ) ;
#4206 = SURFACE_STYLE_USAGE ( .BOTH. , #1641 ) ;
#4207 = VERTEX_POINT ( 'NONE', #5549 ) ;
#4208 =( NAMED_UNIT ( * ) PLANE_ANGLE_UNIT ( ) SI_UNIT ( $, .RADIAN. ) );
#4209 = CARTESIAN_POINT ( 'NONE',  ( 6.570000000000000284, -3.314999999999999947, 9.919999999999999929 ) ) ;
#4210 = CARTESIAN_POINT ( 'NONE',  ( -4.404966989186255510, -4.344999999999999751, 7.573525126230491900 ) ) ;
#4211 = ORIENTED_EDGE ( 'NONE', *, *, #7829, .T. ) ;
#4212 = EDGE_CURVE ( 'NONE', #2937, #5043, #875, .T. ) ;
#4213 = ADVANCED_FACE ( 'NONE', ( #1242 ), #3204, .T. ) ;
#4214 = CARTESIAN_POINT ( 'NONE',  ( -5.155000000000000249, 3.645000000000000018, 1.239999999999999991 ) ) ;
#4215 = CARTESIAN_POINT ( 'NONE',  ( -4.394366695382836419, -4.344999999999999751, 8.167141579221944170 ) ) ;
#4216 = ORIENTED_EDGE ( 'NONE', *, *, #6105, .T. ) ;
#4217 = CARTESIAN_POINT ( 'NONE',  ( 4.305000000000002380, -2.794999999999999485, 1.669000000000000483 ) ) ;
#4218 = CARTESIAN_POINT ( 'NONE',  ( 9.811280000000000001, 3.915000000000000036, 10.51999999999999957 ) ) ;
#4219 =( LENGTH_UNIT ( ) NAMED_UNIT ( * ) SI_UNIT ( .MILLI., .METRE. ) );
#4220 = MECHANICAL_DESIGN_GEOMETRIC_PRESENTATION_REPRESENTATION (  '', ( #5583 ), #6504 ) ;
#4221 = EDGE_LOOP ( 'NONE', ( #3475, #2921, #5452, #3143, #6492, #1935 ) ) ;
#4222 = B_SPLINE_CURVE_WITH_KNOTS ( 'NONE', 1,
 ( #7508, #6162 ),
 .UNSPECIFIED., .F., .F.,
 ( 2, 2 ),
 ( -0.0003516368650300000015, 0.0002228193996200000370 ),
 .UNSPECIFIED. ) ;
#4223 = ORIENTED_EDGE ( 'NONE', *, *, #725, .F. ) ;
#4224 = B_SPLINE_CURVE_WITH_KNOTS ( 'NONE', 1,
 ( #2810, #285 ),
 .UNSPECIFIED., .F., .F.,
 ( 2, 2 ),
 ( 0.0009881553119099998912, 0.001562611576560000038 ),
 .UNSPECIFIED. ) ;
#4225 = EDGE_CURVE ( 'NONE', #6878, #5990, #2384, .T. ) ;
#4226 = CARTESIAN_POINT ( 'NONE',  ( -3.995879388795381182, -4.344999999999998863, 7.733835972291135619 ) ) ;
#4227 = VECTOR ( 'NONE', #3842, 1000.000000000000000 ) ;
#4228 = ORIENTED_EDGE ( 'NONE', *, *, #3935, .T. ) ;
#4229 = DIRECTION ( 'NONE',  ( 0.8919390152644690595, 0.0000000000000000000, -0.4521557177002732963 ) ) ;
#4230 = ORIENTED_EDGE ( 'NONE', *, *, #4629, .F. ) ;
#4231 = CARTESIAN_POINT ( 'NONE',  ( -5.155000000000000249, -3.645000000000000018, 1.239999999999999991 ) ) ;
#4232 = ORIENTED_EDGE ( 'NONE', *, *, #651, .T. ) ;
#4233 = CARTESIAN_POINT ( 'NONE',  ( -2.660000000000000142, 1.389999999999999902, 8.800000000000000711 ) ) ;
#4234 = CARTESIAN_POINT ( 'NONE',  ( 0.4249999999999999334, 2.794999999999999485, 1.669000000000000483 ) ) ;
#4235 = FILL_AREA_STYLE ('',( #3002 ) ) ;
#4236 = VECTOR ( 'NONE', #3379, 1000.000000000000000 ) ;
#4237 = CARTESIAN_POINT ( 'NONE',  ( -3.360000000000000320, -2.089999999999999858, 1.629999999999999893 ) ) ;
#4238 = ORIENTED_EDGE ( 'NONE', *, *, #1570, .T. ) ;
#4239 = CARTESIAN_POINT ( 'NONE',  ( -0.9899999999999999911, -3.314999999999999947, 3.720000000000000195 ) ) ;
#4240 = ORIENTED_EDGE ( 'NONE', *, *, #6830, .F. ) ;
#4241 = CARTESIAN_POINT ( 'NONE',  ( -0.4249999999999999889, -3.645000000000000018, 1.239999999999999991 ) ) ;
#4242 = CARTESIAN_POINT ( 'NONE',  ( 4.304999999999999716, 4.495000000000000107, 1.630000000000000338 ) ) ;
#4243 = FILL_AREA_STYLE ('',( #8100 ) ) ;
#4244 = CARTESIAN_POINT ( 'NONE',  ( 0.0000000000000000000, 1.137460805572799716, -1.330000000000000071 ) ) ;
#4245 = CARTESIAN_POINT ( 'NONE',  ( -2.957431376032717996, -4.445000000000001172, 8.430699563131835106 ) ) ;
#4246 = VERTEX_POINT ( 'NONE', #3091 ) ;
#4247 =( LENGTH_UNIT ( ) NAMED_UNIT ( * ) SI_UNIT ( .MILLI., .METRE. ) );
#4248 = ADVANCED_FACE ( 'NONE', ( #2479 ), #7659, .T. ) ;
#4249 =( NAMED_UNIT ( * ) PLANE_ANGLE_UNIT ( ) SI_UNIT ( $, .RADIAN. ) );
#4250 = CARTESIAN_POINT ( 'NONE',  ( 2.220000000000000195, 1.590000000000000080, 3.720000000000000195 ) ) ;
#4251 = VERTEX_POINT ( 'NONE', #8253 ) ;
#4252 = B_SPLINE_CURVE_WITH_KNOTS ( 'NONE', 1,
 ( #999, #955 ),
 .UNSPECIFIED., .F., .F.,
 ( 2, 2 ),
 ( 0.0000000000000000000, 1.000000000000000000 ),
 .UNSPECIFIED. ) ;
#4253 = CARTESIAN_POINT ( 'NONE',  ( 0.3200000000000000067, -0.9500000000000000666, 3.720000000000000639 ) ) ;
#4254 = FACE_OUTER_BOUND ( 'NONE', #5072, .T. ) ;
#4255 = B_SPLINE_CURVE_WITH_KNOTS ( 'NONE', 1,
 ( #8122, #3039 ),
 .UNSPECIFIED., .F., .F.,
 ( 2, 2 ),
 ( 0.001920000000000000049, 0.002560000000000000209 ),
 .UNSPECIFIED. ) ;
#4256 = STYLED_ITEM ( 'NONE', ( #1565 ), #3584 ) ;
#4257 = VECTOR ( 'NONE', #7364, 1000.000000000000000 ) ;
#4258 = ORIENTED_EDGE ( 'NONE', *, *, #2377, .F. ) ;
#4259 = CARTESIAN_POINT ( 'NONE',  ( 5.155000000000000249, -3.645000000000000018, 0.8499999999999999778 ) ) ;
#4260 = EDGE_CURVE ( 'NONE', #4856, #4611, #8041, .T. ) ;
#4261 = ADVANCED_FACE ( 'NONE', ( #7612, #465, #4452 ), #1830, .T. ) ;
#4262 = CARTESIAN_POINT ( 'NONE',  ( 0.1200000000000000094, -1.389999999999999902, 8.959999999999999076 ) ) ;
#4263 = CARTESIAN_POINT ( 'NONE',  ( -2.957431376032717996, -4.445000000000001172, 8.430699563131835106 ) ) ;
#4264 = EDGE_LOOP ( 'NONE', ( #6518, #4712, #3364, #5585 ) ) ;
#4265 = ORIENTED_EDGE ( 'NONE', *, *, #4820, .F. ) ;
#4266 = COLOUR_RGB ( '',0.1019607843137254888, 0.1019607843137254888, 0.1019607843137254888 ) ;
#4267 = CARTESIAN_POINT ( 'NONE',  ( -2.660000000000000142, -1.149999999999999911, 8.800000000000000711 ) ) ;
#4268 = STYLED_ITEM ( 'NONE', ( #4944 ), #2234 ) ;
#4269 = CARTESIAN_POINT ( 'NONE',  ( -4.738884549141931579, -4.444999999999999396, 8.006456378491130010 ) ) ;
#4270 = FILL_AREA_STYLE ('',( #8077 ) ) ;
#4271 = DIRECTION ( 'NONE',  ( -1.000000000000000000, 0.0000000000000000000, 0.0000000000000000000 ) ) ;
#4272 = VERTEX_POINT ( 'NONE', #5925 ) ;
#4273 = LINE ( 'NONE', #6972, #1887 ) ;
#4274 = EDGE_CURVE ( 'NONE', #3769, #6252, #6430, .T. ) ;
#4275 = COLOUR_RGB ( '',0.1019607843137254888, 0.1019607843137254888, 0.1019607843137254888 ) ;
#4276 = CARTESIAN_POINT ( 'NONE',  ( -1.719999999999999973, -2.089999999999999858, 1.629999999999999893 ) ) ;
#4277 = MECHANICAL_DESIGN_GEOMETRIC_PRESENTATION_REPRESENTATION (  '', ( #6533 ), #5331 ) ;
#4278 = ORIENTED_EDGE ( 'NONE', *, *, #8245, .F. ) ;
#4279 = VERTEX_POINT ( 'NONE', #2523 ) ;
#4280 = CARTESIAN_POINT ( 'NONE',  ( 2.860000000000000320, 0.9499999999999999556, 8.460000000000000853 ) ) ;
#4281 = MECHANICAL_DESIGN_GEOMETRIC_PRESENTATION_REPRESENTATION (  '', ( #8055 ), #626 ) ;
#4282 = LINE ( 'NONE', #6369, #8347 ) ;
#4283 = CARTESIAN_POINT ( 'NONE',  ( -0.8298400000000000221, -0.4500000000000000111, 1.629999999999999893 ) ) ;
#4284 = CARTESIAN_POINT ( 'NONE',  ( 2.259999999999999787, -3.314999999999999947, 9.919999999999999929 ) ) ;
#4286 = ORIENTED_EDGE ( 'NONE', *, *, #4556, .F. ) ;
#4285 = MECHANICAL_DESIGN_GEOMETRIC_PRESENTATION_REPRESENTATION (  '', ( #1589 ), #6842 ) ;
#4287 = FACE_OUTER_BOUND ( 'NONE', #7301, .T. ) ;
#4288 = UNCERTAINTY_MEASURE_WITH_UNIT (LENGTH_MEASURE( 1.000000000000000082E-05 ), #6839, 'distance_accuracy_value', 'NONE');
#4289 = ORIENTED_EDGE ( 'NONE', *, *, #6654, .F. ) ;
#4290 = B_SPLINE_CURVE_WITH_KNOTS ( 'NONE', 1,
 ( #6778, #4796 ),
 .UNSPECIFIED., .F., .F.,
 ( 2, 2 ),
 ( -0.0008195121467499999523, 4.651325703999994142E-05 ),
 .UNSPECIFIED. ) ;
#4291 =( NAMED_UNIT ( * ) SI_UNIT ( $, .STERADIAN. ) SOLID_ANGLE_UNIT ( ) );
#4292 = LINE ( 'NONE', #7407, #5618 ) ;
#4293 = STYLED_ITEM ( 'NONE', ( #6546 ), #5298 ) ;
#4294 = DIRECTION ( 'NONE',  ( -1.000000000000000000, 0.0000000000000000000, 0.0000000000000000000 ) ) ;
#4295 = VERTEX_POINT ( 'NONE', #7127 ) ;
#4296 = DIRECTION ( 'NONE',  ( 0.0000000000000000000, 0.0000000000000000000, -1.000000000000000000 ) ) ;
#4297 = DIRECTION ( 'NONE',  ( -1.000000000000000000, 0.0000000000000000000, 0.0000000000000000000 ) ) ;
#4298 = UNCERTAINTY_MEASURE_WITH_UNIT (LENGTH_MEASURE( 1.000000000000000082E-05 ), #6115, 'distance_accuracy_value', 'NONE');
#4299 =( GEOMETRIC_REPRESENTATION_CONTEXT ( 3 ) GLOBAL_UNCERTAINTY_ASSIGNED_CONTEXT ( ( #7669 ) ) GLOBAL_UNIT_ASSIGNED_CONTEXT ( ( #6117, #6039, #4076 ) ) REPRESENTATION_CONTEXT ( 'NONE', 'WORKASPACE' ) );
#4300 = VERTEX_POINT ( 'NONE', #3299 ) ;
#4301 = DIRECTION ( 'NONE',  ( 0.0000000000000000000, -0.7071067811865480168, -0.7071067811865470176 ) ) ;
#4302 = EDGE_CURVE ( 'NONE', #4729, #3524, #5967, .T. ) ;
#4303 =( BOUNDED_SURFACE ( )  B_SPLINE_SURFACE ( 3, 1, ( 
 ( #5052, #8313, #1855 ),
 ( #5854, #4431, #6995 ),
 ( #6449, #20, #56 ),
 ( #1998, #2786, #2166 ),
 ( #5265, #939, #7235 ),
 ( #3984, #1541, #4065 ),
 ( #6554, #2129, #3408 ) ),
 .UNSPECIFIED., .T., .F., .F. ) 
 B_SPLINE_SURFACE_WITH_KNOTS ( ( 4, 3, 4 ),
 ( 2, 1, 2 ),
 ( 0.0000000000000000000, 0.5000000000000000000, 1.000000000000000000 ),
 ( -0.7500000000000000000, 0.0000000000000000000, 1.000000000000000000 ),
 .UNSPECIFIED. ) 
 GEOMETRIC_REPRESENTATION_ITEM ( )  RATIONAL_B_SPLINE_SURFACE ( (
 ( 1.000000000000000000, 1.000000000000000000, 1.000000000000000000),
 ( 0.3333333333333299842, 0.3333333333333299842, 0.3333333333333299842),
 ( 0.3333333333333299842, 0.3333333333333299842, 0.3333333333333299842),
 ( 1.000000000000000000, 1.000000000000000000, 1.000000000000000000),
 ( 0.3333333333333299842, 0.3333333333333299842, 0.3333333333333299842),
 ( 0.3333333333333299842, 0.3333333333333299842, 0.3333333333333299842),
 ( 1.000000000000000000, 1.000000000000000000, 1.000000000000000000) ) ) 
 REPRESENTATION_ITEM ( '' )  SURFACE ( )  );
#4304 = CARTESIAN_POINT ( 'NONE',  ( 2.419999999999999929, 1.389999999999999902, 8.959999999999999076 ) ) ;
#4305 = CARTESIAN_POINT ( 'NONE',  ( 5.155000000000000249, -3.645000000000000018, 1.201000000000000068 ) ) ;
#4306 = PRESENTATION_LAYER_ASSIGNMENT (  '', '', ( #3895 ) ) ;
#4307 = ORIENTED_EDGE ( 'NONE', *, *, #7625, .T. ) ;
#4308 = DIRECTION ( 'NONE',  ( 0.0000000000000000000, 1.000000000000000000, 0.0000000000000000000 ) ) ;
#4309 = CARTESIAN_POINT ( 'NONE',  ( -4.234577187403429477, -4.445000000000002061, 7.723104802167509497 ) ) ;
#4310 = LINE ( 'NONE', #1818, #5357 ) ;
#4311 = VERTEX_POINT ( 'NONE', #2682 ) ;
#4312 = B_SPLINE_CURVE_WITH_KNOTS ( 'NONE', 1,
 ( #5935, #4099 ),
 .UNSPECIFIED., .F., .F.,
 ( 2, 2 ),
 ( 0.0006400000000000000524, 0.001280000000000000105 ),
 .UNSPECIFIED. ) ;
#4313 = ORIENTED_EDGE ( 'NONE', *, *, #848, .F. ) ;
#4314 =( GEOMETRIC_REPRESENTATION_CONTEXT ( 3 ) GLOBAL_UNCERTAINTY_ASSIGNED_CONTEXT ( ( #2483 ) ) GLOBAL_UNIT_ASSIGNED_CONTEXT ( ( #4428, #4386, #2417 ) ) REPRESENTATION_CONTEXT ( 'NONE', 'WORKASPACE' ) );
#4315 = LINE ( 'NONE', #6881, #5186 ) ;
#4316 = CARTESIAN_POINT ( 'NONE',  ( -0.1200000000000000094, -1.149999999999999911, 8.959999999999999076 ) ) ;
#4317 = EDGE_CURVE ( 'NONE', #4589, #5508, #2022, .T. ) ;
#4318 = CARTESIAN_POINT ( 'NONE',  ( -0.4249999999999999889, 3.645000000000000018, 1.668999999999999817 ) ) ;
#4319 = ADVANCED_FACE ( 'NONE', ( #3921 ), #3386, .T. ) ;
#4320 = CARTESIAN_POINT ( 'NONE',  ( -3.724163119661682231, -4.344999999999999751, 8.692916151871516561 ) ) ;
#4321 = B_SPLINE_CURVE_WITH_KNOTS ( 'NONE', 1,
 ( #2877, #5476 ),
 .UNSPECIFIED., .F., .F.,
 ( 2, 2 ),
 ( 0.008439999999999999586, 0.01008000000000000042 ),
 .UNSPECIFIED. ) ;
#4322 = ORIENTED_EDGE ( 'NONE', *, *, #6838, .F. ) ;
#4323 = CARTESIAN_POINT ( 'NONE',  ( -4.762256190859175398, -4.344999999999998863, 7.954264160229388203 ) ) ;
#4324 =( GEOMETRIC_REPRESENTATION_CONTEXT ( 3 ) GLOBAL_UNCERTAINTY_ASSIGNED_CONTEXT ( ( #2259 ) ) GLOBAL_UNIT_ASSIGNED_CONTEXT ( ( #6638, #3450, #2872 ) ) REPRESENTATION_CONTEXT ( 'NONE', 'WORKASPACE' ) );
#4325 =( GEOMETRIC_REPRESENTATION_CONTEXT ( 3 ) GLOBAL_UNCERTAINTY_ASSIGNED_CONTEXT ( ( #5122 ) ) GLOBAL_UNIT_ASSIGNED_CONTEXT ( ( #3928, #5041, #1205 ) ) REPRESENTATION_CONTEXT ( 'NONE', 'WORKASPACE' ) );
#4326 = CARTESIAN_POINT ( 'NONE',  ( -2.860000000000000320, 1.590000000000000080, 8.300000000000000711 ) ) ;
#4327 = ORIENTED_EDGE ( 'NONE', *, *, #2675, .T. ) ;
#4328 = FILL_AREA_STYLE_COLOUR ( '', #1871 ) ;
#4329 = VERTEX_POINT ( 'NONE', #1911 ) ;
#4330 = CARTESIAN_POINT ( 'NONE',  ( -0.1200000000000000094, 1.389999999999999902, 8.959999999999999076 ) ) ;
#4331 = STYLED_ITEM ( 'NONE', ( #3961 ), #7136 ) ;
#4332 = EDGE_CURVE ( 'NONE', #5475, #3559, #4488, .T. ) ;
#4333 = CARTESIAN_POINT ( 'NONE',  ( -2.860000000000000320, -0.9499999999999999556, 8.300000000000000711 ) ) ;
#4334 = DIRECTION ( 'NONE',  ( -0.0000000000000000000, 1.000000000000000000, 0.0000000000000000000 ) ) ;
#4335 = CARTESIAN_POINT ( 'NONE',  ( 7.169999999999999929, -3.915000000000000036, 10.51999999999999957 ) ) ;
#4336 = CARTESIAN_POINT ( 'NONE',  ( 0.3200000000000000067, -1.590000000000000080, 8.460000000000000853 ) ) ;
#4337 = CARTESIAN_POINT ( 'NONE',  ( -3.486716538465101323, -4.445000000000000284, 8.184102049307414362 ) ) ;
#4338 = AXIS2_PLACEMENT_3D ( 'NONE', #3762, #2934, #6343 ) ;
#4339 = ORIENTED_EDGE ( 'NONE', *, *, #2326, .F. ) ;
#4340 = CARTESIAN_POINT ( 'NONE',  ( -4.809086531537950293, -4.445000000000000284, 7.780848725204325689 ) ) ;
#4341 = VERTEX_POINT ( 'NONE', #7165 ) ;
#4342 = B_SPLINE_CURVE_WITH_KNOTS ( 'NONE', 1,
 ( #5285, #4009 ),
 .UNSPECIFIED., .F., .F.,
 ( 2, 2 ),
 ( 0.02194787379972564997, 0.1536351165980796574 ),
 .UNSPECIFIED. ) ;
#4343 = CARTESIAN_POINT ( 'NONE',  ( 2.860000000000000320, 0.9499999999999999556, 8.460000000000000853 ) ) ;
#4344 = FILL_AREA_STYLE ('',( #7589 ) ) ;
#4345 = FACE_OUTER_BOUND ( 'NONE', #2435, .T. ) ;
#4346 = CARTESIAN_POINT ( 'NONE',  ( -3.045550430621827065, -4.445000000000002061, 8.585956850771925275 ) ) ;
#4347 = ORIENTED_EDGE ( 'NONE', *, *, #6332, .T. ) ;
#4348 = FILL_AREA_STYLE ('',( #4924 ) ) ;
#4349 = CARTESIAN_POINT ( 'NONE',  ( -0.4249999999999999334, -4.495000000000000107, 1.669000000000000483 ) ) ;
#4350 = CARTESIAN_POINT ( 'NONE',  ( -4.232977222225785319, -4.344999999999998863, 7.761415333896089841 ) ) ;
#4351 = ORIENTED_EDGE ( 'NONE', *, *, #7675, .T. ) ;
#4352 = CARTESIAN_POINT ( 'NONE',  ( -0.1200000000000000094, 1.149999999999999911, 8.959999999999999076 ) ) ;
#4353 = DIRECTION ( 'NONE',  ( 0.0000000000000000000, 0.0000000000000000000, -1.000000000000000000 ) ) ;
#4354 = CARTESIAN_POINT ( 'NONE',  ( 0.3200000000000000067, -0.9499999999999999556, 8.460000000000000853 ) ) ;
#4355 = ORIENTED_EDGE ( 'NONE', *, *, #493, .F. ) ;
#4356 = CARTESIAN_POINT ( 'NONE',  ( -2.860000000000000320, -0.9499999999999999556, 3.720000000000000639 ) ) ;
#4357 = ADVANCED_FACE ( 'NONE', ( #7210 ), #7054, .F. ) ;
#4358 = ORIENTED_EDGE ( 'NONE', *, *, #1485, .T. ) ;
#4359 = B_SPLINE_CURVE_WITH_KNOTS ( 'NONE', 1,
 ( #8248, #2441 ),
 .UNSPECIFIED., .F., .F.,
 ( 2, 2 ),
 ( 0.0000000000000000000, 1.000000000000000000 ),
 .UNSPECIFIED. ) ;
#4360 = ORIENTED_EDGE ( 'NONE', *, *, #5346, .T. ) ;
#4361 = CARTESIAN_POINT ( 'NONE',  ( -2.666933639016676238, -4.344999999999999751, 9.111325120834825597 ) ) ;
#4362 = CARTESIAN_POINT ( 'NONE',  ( -4.780039163440672034, -4.445000000000001172, 7.910394100366930914 ) ) ;
#4363 = SURFACE_SIDE_STYLE ('',( #8203 ) ) ;
#4364 = CARTESIAN_POINT ( 'NONE',  ( -2.220000000000000195, 1.590000000000000080, 8.300000000000000711 ) ) ;
#4365 = CARTESIAN_POINT ( 'NONE',  ( 0.8199999999999999512, -0.4500000000000000111, 1.629999999999999893 ) ) ;
#4366 = ORIENTED_EDGE ( 'NONE', *, *, #6332, .F. ) ;
#4367 = CARTESIAN_POINT ( 'NONE',  ( -4.570727413365819558, -4.344999999999999751, 7.798944621580455205 ) ) ;
#4368 = CARTESIAN_POINT ( 'NONE',  ( -3.411984467150999123, -4.344999999999999751, 8.455469570674935653 ) ) ;
#4369 = EDGE_CURVE ( 'NONE', #1316, #4647, #1280, .T. ) ;
#4370 = ORIENTED_EDGE ( 'NONE', *, *, #2587, .T. ) ;
#4371 = FILL_AREA_STYLE_COLOUR ( '', #7814 ) ;
#4372 = ORIENTED_EDGE ( 'NONE', *, *, #5464, .F. ) ;
#4373 = CARTESIAN_POINT ( 'NONE',  ( -5.155000000000000249, -3.645000000000000018, 1.239999999999999991 ) ) ;
#4374 = CARTESIAN_POINT ( 'NONE',  ( -2.407460805572798179, 0.0000000000000000000, -1.330000000000000071 ) ) ;
#4375 = DIRECTION ( 'NONE',  ( 1.000000000000000000, 0.0000000000000000000, 0.0000000000000000000 ) ) ;
#4376 = DIRECTION ( 'NONE',  ( 0.0000000000000000000, 0.7071067811865470176, -0.7071067811865480168 ) ) ;
#4377 = PLANE ( 'NONE',  #3274 ) ;
#4378 = AXIS2_PLACEMENT_3D ( 'NONE', #1547, #5439, #3625 ) ;
#4379 = EDGE_CURVE ( 'NONE', #1740, #8004, #5018, .T. ) ;
#4380 = EDGE_CURVE ( 'NONE', #6160, #7237, #4614, .T. ) ;
#4381 = ORIENTED_EDGE ( 'NONE', *, *, #954, .T. ) ;
#4382 = CARTESIAN_POINT ( 'NONE',  ( -4.805420644797496088, -4.445000000000000284, 7.811918234682375228 ) ) ;
#4383 = UNCERTAINTY_MEASURE_WITH_UNIT (LENGTH_MEASURE( 1.000000000000000082E-05 ), #223, 'distance_accuracy_value', 'NONE');
#4384 = ORIENTED_EDGE ( 'NONE', *, *, #544, .F. ) ;
#4385 = SURFACE_STYLE_FILL_AREA ( #3059 ) ;
#4386 =( NAMED_UNIT ( * ) PLANE_ANGLE_UNIT ( ) SI_UNIT ( $, .RADIAN. ) );
#4387 = VERTEX_POINT ( 'NONE', #4175 ) ;
#4388 = B_SPLINE_CURVE_WITH_KNOTS ( 'NONE', 3,
 ( #7214, #6751, #1481, #7382, #5324, #966, #125, #1562, #6578, #5368, #3469 ),
 .UNSPECIFIED., .F., .F.,
 ( 4, 1, 1, 1, 1, 1, 1, 1, 4 ),
 ( 0.0000000000000000000, 0.1377876848510216079, 0.2673412375379146111, 0.3904443306690724702, 0.5117778827581009882, 0.6295089809480921561, 0.7478290655177391999, 0.8718853097298786547, 1.000000000000000000 ),
 .UNSPECIFIED. ) ;
#4389 = CARTESIAN_POINT ( 'NONE',  ( 2.220000000000000195, -1.590000000000000080, 8.460000000000000853 ) ) ;
#4390 = EDGE_CURVE ( 'NONE', #262, #2600, #2674, .T. ) ;
#4391 = CARTESIAN_POINT ( 'NONE',  ( -2.660000000000000142, 1.389999999999999902, 8.800000000000000711 ) ) ;
#4392 = DIRECTION ( 'NONE',  ( 1.000000000000000000, 0.0000000000000000000, 0.0000000000000000000 ) ) ;
#4393 = UNCERTAINTY_MEASURE_WITH_UNIT (LENGTH_MEASURE( 1.000000000000000082E-05 ), #3855, 'distance_accuracy_value', 'NONE');
#4394 = DIRECTION ( 'NONE',  ( -1.000000000000000000, 1.714153632388154999E-16, 0.0000000000000000000 ) ) ;
#4395 = CARTESIAN_POINT ( 'NONE',  ( 2.860000000000000320, -0.9500000000000000666, 3.720000000000000639 ) ) ;
#4396 = CARTESIAN_POINT ( 'NONE',  ( -3.186490720958053746, -4.344999999999999751, 8.276702984795548446 ) ) ;
#4397 = ORIENTED_EDGE ( 'NONE', *, *, #7829, .F. ) ;
#4398 = SURFACE_STYLE_FILL_AREA ( #6832 ) ;
#4399 = CARTESIAN_POINT ( 'NONE',  ( -3.309338195090524515, -4.345000000000001528, 8.449152572117929694 ) ) ;
#4400 = CARTESIAN_POINT ( 'NONE',  ( -2.957431376032717996, -4.345000000000000639, 8.430699563131835106 ) ) ;
#4401 = ORIENTED_EDGE ( 'NONE', *, *, #7875, .F. ) ;
#4402 = ORIENTED_EDGE ( 'NONE', *, *, #8028, .F. ) ;
#4403 = CARTESIAN_POINT ( 'NONE',  ( 1.719999999999999973, 0.4500000000000000111, 1.629999999999999893 ) ) ;
#4404 = VECTOR ( 'NONE', #7217, 1000.000000000000000 ) ;
#4405 = LINE ( 'NONE', #5678, #7643 ) ;
#4406 = LINE ( 'NONE', #2594, #937 ) ;
#4407 = CARTESIAN_POINT ( 'NONE',  ( -4.809451318086568783, -4.344999999999999751, 7.760100386668233874 ) ) ;
#4408 = SURFACE_STYLE_USAGE ( .BOTH. , #3649 ) ;
#4409 = B_SPLINE_CURVE_WITH_KNOTS ( 'NONE', 1,
 ( #785, #6527 ),
 .UNSPECIFIED., .F., .F.,
 ( 2, 2 ),
 ( 0.005432007234270000082, 0.006298032638050000270 ),
 .UNSPECIFIED. ) ;
#4410 = ORIENTED_EDGE ( 'NONE', *, *, #1123, .F. ) ;
#4411 = AXIS2_PLACEMENT_3D ( 'NONE', #5232, #8246, #2625 ) ;
#4412 =( GEOMETRIC_REPRESENTATION_CONTEXT ( 3 ) GLOBAL_UNCERTAINTY_ASSIGNED_CONTEXT ( ( #4383 ) ) GLOBAL_UNIT_ASSIGNED_CONTEXT ( ( #223, #1416, #1455 ) ) REPRESENTATION_CONTEXT ( 'NONE', 'WORKASPACE' ) );
#4413 = VERTEX_POINT ( 'NONE', #2268 ) ;
#4414 = CARTESIAN_POINT ( 'NONE',  ( -6.570000000000000284, 3.314999999999999947, 3.720000000000000195 ) ) ;
#4415 = ADVANCED_FACE ( 'NONE', ( #6012 ), #6444, .T. ) ;
#4416 = CARTESIAN_POINT ( 'NONE',  ( -4.744226898455215391, -4.345000000000000639, 7.526216174327334585 ) ) ;
#4417 = PRESENTATION_LAYER_ASSIGNMENT (  '', '', ( #7101 ) ) ;
#4418 = VECTOR ( 'NONE', #2678, 1000.000000000000114 ) ;
#4419 = PLANE ( 'NONE',  #6190 ) ;
#4420 = CARTESIAN_POINT ( 'NONE',  ( -4.163810305158477831, -4.445000000000000284, 8.620304139318099246 ) ) ;
#4421 = VERTEX_POINT ( 'NONE', #6834 ) ;
#4422 = DIRECTION ( 'NONE',  ( 0.0000000000000000000, 0.0000000000000000000, 1.000000000000000000 ) ) ;
#4423 = VERTEX_POINT ( 'NONE', #6305 ) ;
#4424 = PRESENTATION_LAYER_ASSIGNMENT (  '', '', ( #8055 ) ) ;
#4425 = B_SPLINE_CURVE_WITH_KNOTS ( 'NONE', 1,
 ( #6081, #1423 ),
 .UNSPECIFIED., .F., .F.,
 ( 2, 2 ),
 ( 0.0000000000000000000, 1.000000000000000000 ),
 .UNSPECIFIED. ) ;
#4426 = CARTESIAN_POINT ( 'NONE',  ( 6.570000000000000284, 3.314999999999999947, 9.919999999999999929 ) ) ;
#4427 = EDGE_CURVE ( 'NONE', #4025, #924, #4310, .T. ) ;
#4428 =( LENGTH_UNIT ( ) NAMED_UNIT ( * ) SI_UNIT ( .MILLI., .METRE. ) );
#4429 = CARTESIAN_POINT ( 'NONE',  ( -2.220000000000000195, 1.590000000000000080, 1.169999999999999929 ) ) ;
#4430 = SURFACE_STYLE_FILL_AREA ( #1136 ) ;
#4431 = CARTESIAN_POINT ( 'NONE',  ( -4.305000000000002380, -2.794999999999999485, 1.201000000000000512 ) ) ;
#4432 = CARTESIAN_POINT ( 'NONE',  ( 2.220000000000000195, -0.9499999999999999556, 2.130000000000000782 ) ) ;
#4433 = SURFACE_STYLE_FILL_AREA ( #7723 ) ;
#4434 = CARTESIAN_POINT ( 'NONE',  ( -5.580000000000000071, 4.445000000000000284, 10.51999999999999957 ) ) ;
#4435 = EDGE_CURVE ( 'NONE', #2803, #4773, #7216, .T. ) ;
#4436 = CARTESIAN_POINT ( 'NONE',  ( -5.580000000000000071, 4.445000000000000284, 1.629999999999999893 ) ) ;
#4437 = ORIENTED_EDGE ( 'NONE', *, *, #6185, .F. ) ;
#4438 = CARTESIAN_POINT ( 'NONE',  ( -4.163810305158477831, -4.445000000000000284, 8.620304139318099246 ) ) ;
#4439 = PRESENTATION_LAYER_ASSIGNMENT (  '', '', ( #5511 ) ) ;
#4440 = CARTESIAN_POINT ( 'NONE',  ( -3.247904418415179961, -4.344999999999999751, 8.431357709440954196 ) ) ;
#4441 = SURFACE_SIDE_STYLE ('',( #455 ) ) ;
#4442 = EDGE_LOOP ( 'NONE', ( #8010, #5584, #2994, #4490 ) ) ;
#4443 = EDGE_LOOP ( 'NONE', ( #5965, #6465, #6365, #8218 ) ) ;
#4444 = B_SPLINE_CURVE_WITH_KNOTS ( 'NONE', 1,
 ( #4707, #2200 ),
 .UNSPECIFIED., .F., .F.,
 ( 2, 2 ),
 ( 0.08333333333333335646, 0.9166666666666667407 ),
 .UNSPECIFIED. ) ;
#4445 = CARTESIAN_POINT ( 'NONE',  ( 2.259999999999999787, -3.915000000000000036, 10.51999999999999957 ) ) ;
#4446 = CARTESIAN_POINT ( 'NONE',  ( -6.570000000000000284, 1.649999999999999911, 8.030000000000001137 ) ) ;
#4447 = LINE ( 'NONE', #3812, #3462 ) ;
#4448 = FILL_AREA_STYLE_COLOUR ( '', #1429 ) ;
#4449 = LINE ( 'NONE', #3776, #5001 ) ;
#4450 = ORIENTED_EDGE ( 'NONE', *, *, #359, .F. ) ;
#4451 = CARTESIAN_POINT ( 'NONE',  ( -4.805420644797496088, -4.344999999999999751, 7.811918234682375228 ) ) ;
#4452 = FACE_OUTER_BOUND ( 'NONE', #6698, .T. ) ;
#4453 = AXIS2_PLACEMENT_3D ( 'NONE', #4097, #4774, #843 ) ;
#4454 = ORIENTED_EDGE ( 'NONE', *, *, #5288, .T. ) ;
#4455 = CARTESIAN_POINT ( 'NONE',  ( -2.944516114896728709, -4.445000000000000284, 8.284370256038839031 ) ) ;
#4456 = SURFACE_STYLE_USAGE ( .BOTH. , #1879 ) ;
#4457 = CARTESIAN_POINT ( 'NONE',  ( -4.437319977655081793, -4.344999999999998863, 7.575487456668161812 ) ) ;
#4458 = CARTESIAN_POINT ( 'NONE',  ( -3.181428076926640092, -4.445000000000000284, 8.317400743885405845 ) ) ;
#4459 = CARTESIAN_POINT ( 'NONE',  ( -4.404966989186255510, -4.344999999999998863, 7.573525126230491900 ) ) ;
#4460 = B_SPLINE_CURVE_WITH_KNOTS ( 'NONE', 1,
 ( #1389, #6532 ),
 .UNSPECIFIED., .F., .F.,
 ( 2, 2 ),
 ( 0.02194787379972564997, 0.1536351165980795186 ),
 .UNSPECIFIED. ) ;
#4461 = VERTEX_POINT ( 'NONE', #2347 ) ;
#4462 = CARTESIAN_POINT ( 'NONE',  ( -2.947989559725314734, -4.345000000000000639, 8.252538457199447564 ) ) ;
#4463 = EDGE_CURVE ( 'NONE', #3464, #2369, #6525, .T. ) ;
#4464 = EDGE_LOOP ( 'NONE', ( #4327, #1066, #210, #5341 ) ) ;
#4465 =( LENGTH_UNIT ( ) NAMED_UNIT ( * ) SI_UNIT ( .MILLI., .METRE. ) );
#4466 =( GEOMETRIC_REPRESENTATION_CONTEXT ( 3 ) GLOBAL_UNCERTAINTY_ASSIGNED_CONTEXT ( ( #1396 ) ) GLOBAL_UNIT_ASSIGNED_CONTEXT ( ( #522, #6326, #1033 ) ) REPRESENTATION_CONTEXT ( 'NONE', 'WORKASPACE' ) );
#4467 = ORIENTED_EDGE ( 'NONE', *, *, #1624, .F. ) ;
#4468 = DIRECTION ( 'NONE',  ( 1.591551692268700301E-16, 0.9284766908852591927, 0.3713906763541041101 ) ) ;
#4469 =( NAMED_UNIT ( * ) PLANE_ANGLE_UNIT ( ) SI_UNIT ( $, .RADIAN. ) );
#4470 = CARTESIAN_POINT ( 'NONE',  ( 5.155000000000000249, 3.645000000000000018, 0.8499999999999999778 ) ) ;
#4471 = UNCERTAINTY_MEASURE_WITH_UNIT (LENGTH_MEASURE( 1.000000000000000082E-05 ), #1666, 'distance_accuracy_value', 'NONE');
#4472 = EDGE_CURVE ( 'NONE', #7584, #6718, #3679, .T. ) ;
#4473 = CARTESIAN_POINT ( 'NONE',  ( -4.809633205131768285, -4.445000000000000284, 7.749755010712329195 ) ) ;
#4474 = SURFACE_SIDE_STYLE ('',( #4433 ) ) ;
#4475 = CARTESIAN_POINT ( 'NONE',  ( 2.220000000000000195, 1.590000000000000080, 3.720000000000000195 ) ) ;
#4476 = CARTESIAN_POINT ( 'NONE',  ( -4.175839827764077583, -4.444999999999999396, 7.402935308937907521 ) ) ;
#4477 = B_SPLINE_CURVE_WITH_KNOTS ( 'NONE', 1,
 ( #5742, #3270 ),
 .UNSPECIFIED., .F., .F.,
 ( 2, 2 ),
 ( 0.02997000000000000011, 0.03427999999999999797 ),
 .UNSPECIFIED. ) ;
#4478 = EDGE_LOOP ( 'NONE', ( #6685, #7092, #3734, #1773 ) ) ;
#4479 = CARTESIAN_POINT ( 'NONE',  ( -2.220000000000000195, 0.9499999999999999556, 2.129999999999999893 ) ) ;
#4480 = CARTESIAN_POINT ( 'NONE',  ( -2.220000000000000195, -1.590000000000000080, 8.300000000000000711 ) ) ;
#4481 = EDGE_CURVE ( 'NONE', #1680, #7386, #1097, .T. ) ;
#4482 = EDGE_CURVE ( 'NONE', #6302, #4025, #6215, .T. ) ;
#4483 = EDGE_LOOP ( 'NONE', ( #3561, #7026, #8241, #3092 ) ) ;
#4484 = CARTESIAN_POINT ( 'NONE',  ( -3.289413645302794453, -4.444999999999999396, 8.445492201072852367 ) ) ;
#4485 = CARTESIAN_POINT ( 'NONE',  ( -0.3200000000000000067, 1.590000000000000080, 3.720000000000000195 ) ) ;
#4486 = ORIENTED_EDGE ( 'NONE', *, *, #607, .F. ) ;
#4487 =( LENGTH_UNIT ( ) NAMED_UNIT ( * ) SI_UNIT ( .MILLI., .METRE. ) );
#4488 = LINE ( 'NONE', #5842, #5899 ) ;
#4489 = B_SPLINE_CURVE_WITH_KNOTS ( 'NONE', 1,
 ( #4391, #446 ),
 .UNSPECIFIED., .F., .F.,
 ( 2, 2 ),
 ( 0.0000000000000000000, 1.000000000000000000 ),
 .UNSPECIFIED. ) ;
#4490 = ORIENTED_EDGE ( 'NONE', *, *, #4809, .F. ) ;
#4491 = ADVANCED_FACE ( 'NONE', ( #8239 ), #7468, .T. ) ;
#4492 = EDGE_LOOP ( 'NONE', ( #4223, #1209, #1572, #3070 ) ) ;
#4493 = LINE ( 'NONE', #6367, #1295 ) ;
#4494 = CARTESIAN_POINT ( 'NONE',  ( -4.415825784727532621, -4.344999999999999751, 7.574183753022499133 ) ) ;
#4495 = CARTESIAN_POINT ( 'NONE',  ( -3.196632843240733379, -4.344999999999999751, 8.383972466898629960 ) ) ;
#4496 = FACE_OUTER_BOUND ( 'NONE', #2966, .T. ) ;
#4497 = VERTEX_POINT ( 'NONE', #4984 ) ;
#4498 = CARTESIAN_POINT ( 'NONE',  ( -4.561464128455482658, -4.445000000000001172, 7.834345585478558860 ) ) ;
#4499 = AXIS2_PLACEMENT_3D ( 'NONE', #8215, #6944, #6370 ) ;
#4500 = SURFACE_SIDE_STYLE ('',( #7799 ) ) ;
#4501 = CARTESIAN_POINT ( 'NONE',  ( 0.3200000000000000067, -1.590000000000000080, 8.460000000000000853 ) ) ;
#4502 = B_SPLINE_CURVE_WITH_KNOTS ( 'NONE', 1,
 ( #3864, #1251 ),
 .UNSPECIFIED., .F., .F.,
 ( 2, 2 ),
 ( 0.02169000000000000095, 0.03057999999999999954 ),
 .UNSPECIFIED. ) ;
#4503 = SURFACE_STYLE_FILL_AREA ( #7069 ) ;
#4504 = SURFACE_STYLE_FILL_AREA ( #7112 ) ;
#4505 = CARTESIAN_POINT ( 'NONE',  ( -3.358436933803714997, -4.344999999999998863, 7.949404987859547411 ) ) ;
#4506 = AXIS2_PLACEMENT_3D ( 'NONE', #4016, #850, #6976 ) ;
#4507 = CARTESIAN_POINT ( 'NONE',  ( -2.860000000000000320, 1.590000000000000080, 8.300000000000000711 ) ) ;
#4508 = CARTESIAN_POINT ( 'NONE',  ( 4.304999999999999716, 3.645000000000000018, 1.629999999999999893 ) ) ;
#4509 = DIRECTION ( 'NONE',  ( -1.591551692268701287E-16, -0.9284766908852591927, 0.3713906763541041101 ) ) ;
#4510 = CARTESIAN_POINT ( 'NONE',  ( -4.359661511949204815, -4.444999999999999396, 7.337139166065171025 ) ) ;
#4511 = EDGE_CURVE ( 'NONE', #3780, #2315, #3722, .T. ) ;
#4512 = VERTEX_POINT ( 'NONE', #6877 ) ;
#4513 = CARTESIAN_POINT ( 'NONE',  ( 5.155000000000000249, 3.645000000000000018, 1.239999999999999991 ) ) ;
#4514 = VECTOR ( 'NONE', #2302, 1000.000000000000114 ) ;
#4515 = CARTESIAN_POINT ( 'NONE',  ( 0.3200000000000000067, -1.590000000000000080, 2.129999999999999893 ) ) ;
#4516 = CARTESIAN_POINT ( 'NONE',  ( 0.4249999999999999889, -3.645000000000000018, 1.629999999999999893 ) ) ;
#4517 = ORIENTED_EDGE ( 'NONE', *, *, #1851, .T. ) ;
#4518 = FILL_AREA_STYLE_COLOUR ( '', #2199 ) ;
#4519 = CARTESIAN_POINT ( 'NONE',  ( -3.246372422656736312, -4.445000000000000284, 8.205117178658710486 ) ) ;
#4520 = CARTESIAN_POINT ( 'NONE',  ( 0.1325391944272001910, 0.0000000000000000000, -1.330000000000000071 ) ) ;
#4521 = EDGE_CURVE ( 'NONE', #1664, #7730, #1739, .T. ) ;
#4522 = PLANE ( 'NONE',  #1631 ) ;
#4523 = ADVANCED_FACE ( 'NONE', ( #6260, #8282 ), #7648, .T. ) ;
#4524 = VERTEX_POINT ( 'NONE', #7080 ) ;
#4525 = DIRECTION ( 'NONE',  ( -0.7071067811865480168, 0.0000000000000000000, -0.7071067811865470176 ) ) ;
#4526 = ORIENTED_EDGE ( 'NONE', *, *, #8153, .T. ) ;
#4527 = VERTEX_POINT ( 'NONE', #6421 ) ;
#4528 = CARTESIAN_POINT ( 'NONE',  ( -3.036382855553991345, -4.444999999999999396, 8.069837289245683110 ) ) ;
#4529 = CARTESIAN_POINT ( 'NONE',  ( -4.404966989186255510, -4.344999999999999751, 7.573525126230491900 ) ) ;
#4530 = EDGE_CURVE ( 'NONE', #701, #4421, #8023, .T. ) ;
#4531 = SURFACE_SIDE_STYLE ('',( #7834 ) ) ;
#4532 = CARTESIAN_POINT ( 'NONE',  ( -2.259999999999999787, -3.915000000000000036, 10.51999999999999957 ) ) ;
#4533 = ORIENTED_EDGE ( 'NONE', *, *, #3225, .F. ) ;
#4534 = CARTESIAN_POINT ( 'NONE',  ( -7.620000000000000107, -1.649999999999999911, 8.030000000000001137 ) ) ;
#4535 = UNCERTAINTY_MEASURE_WITH_UNIT (LENGTH_MEASURE( 1.000000000000000082E-05 ), #4997, 'distance_accuracy_value', 'NONE');
#4536 = AXIS2_PLACEMENT_3D ( 'NONE', #5500, #1990, #7839 ) ;
#4537 = CARTESIAN_POINT ( 'NONE',  ( 2.407460805572801732, 1.137460805572801492, -1.330000000000000071 ) ) ;
#4538 = CARTESIAN_POINT ( 'NONE',  ( -4.305000000000000604, 2.795000000000003038, 1.630000000000000338 ) ) ;
#4539 = CARTESIAN_POINT ( 'NONE',  ( -4.175839827764077583, -4.444999999999999396, 7.402935308937907521 ) ) ;
#4540 = SURFACE_STYLE_USAGE ( .BOTH. , #5175 ) ;
#4542 = DIRECTION ( 'NONE',  ( -0.0000000000000000000, 1.000000000000000000, -0.0000000000000000000 ) ) ;
#4541 = MECHANICAL_DESIGN_GEOMETRIC_PRESENTATION_REPRESENTATION (  '', ( #2634 ), #4803 ) ;
#4543 = CARTESIAN_POINT ( 'NONE',  ( 5.154999999999997584, 4.495000000000000107, 1.201000000000000512 ) ) ;
#4544 = B_SPLINE_SURFACE_WITH_KNOTS ( 'NONE', 3, 1, ( 
 ( #1816, #1693 ),
 ( #499, #3076 ),
 ( #1185, #5707 ),
 ( #4851, #1651 ),
 ( #3909, #5862 ),
 ( #3950, #1342 ),
 ( #2047, #7194 ),
 ( #2624, #615 ),
 ( #1968, #2507 ),
 ( #1898, #7852 ),
 ( #6453, #6490 ),
 ( #4476, #6417 ),
 ( #3283, #5145 ),
 ( #778, #8357 ),
 ( #7687, #2666 ),
 ( #7724, #60 ),
 ( #4510, #7076 ),
 ( #4638, #7763 ),
 ( #1419, #4548 ) ),
 .UNSPECIFIED., .F., .F., .F.,
 ( 4, 1, 1, 1, 1, 1, 1, 1, 1, 1, 1, 1, 1, 1, 1, 1, 4 ),
 ( 2, 2 ),
 ( 0.0000000000000000000, 0.06562092715322409564, 0.1297044336027838030, 0.1920084100512057523, 0.2531653825181657269, 0.3145900137962943655, 0.3765327730011647223, 0.4392867016490333842, 0.5037985290657703841, 0.5682839993040011972, 0.6306288907425701140, 0.6915128396476384331, 0.7519975911628814513, 0.8123768520713845476, 0.8735768952802432930, 0.9360266791627425143, 1.000000000000000000 ),
 ( 0.0000000000000000000, 1.000000000000000000 ),
 .UNSPECIFIED. ) ;
#4545 = CARTESIAN_POINT ( 'NONE',  ( -2.921923802585978613, 0.8880761974140219950, -0.9309012005521363209 ) ) ;
#4546 = PLANE ( 'NONE',  #3975 ) ;
#4547 = AXIS2_PLACEMENT_3D ( 'NONE', #2041, #5898, #6097 ) ;
#4548 = CARTESIAN_POINT ( 'NONE',  ( -4.400461864319803240, -4.344999999999998863, 7.336078545033910991 ) ) ;
#4549 = VERTEX_POINT ( 'NONE', #8324 ) ;
#4550 = SURFACE_SIDE_STYLE ('',( #7155 ) ) ;
#4551 = CARTESIAN_POINT ( 'NONE',  ( -3.486716538465101323, -4.445000000000000284, 7.946655468110833453 ) ) ;
#4552 = CARTESIAN_POINT ( 'NONE',  ( 0.1325391944272001910, 1.137460805572799716, -1.330000000000000071 ) ) ;
#4553 = CARTESIAN_POINT ( 'NONE',  ( -4.040080877152183447, -4.445000000000001172, 7.948874040951108277 ) ) ;
#4554 = VECTOR ( 'NONE', #1102, 1000.000000000000000 ) ;
#4555 = ORIENTED_EDGE ( 'NONE', *, *, #4191, .F. ) ;
#4556 = EDGE_CURVE ( 'NONE', #188, #4207, #6607, .T. ) ;
#4557 = CARTESIAN_POINT ( 'NONE',  ( -4.304999999999999716, -3.645000000000000018, 1.201000000000000068 ) ) ;
#4558 = CARTESIAN_POINT ( 'NONE',  ( 0.1200000000000000094, -1.389999999999999902, 8.959999999999999076 ) ) ;
#4559 = DIRECTION ( 'NONE',  ( 1.000000000000000000, 0.0000000000000000000, 0.0000000000000000000 ) ) ;
#4560 = VECTOR ( 'NONE', #5519, 1000.000000000000114 ) ;
#4561 = VERTEX_POINT ( 'NONE', #3955 ) ;
#4562 =( NAMED_UNIT ( * ) SI_UNIT ( $, .STERADIAN. ) SOLID_ANGLE_UNIT ( ) );
#4563 = DIRECTION ( 'NONE',  ( 1.000000000000000000, 0.0000000000000000000, 0.0000000000000000000 ) ) ;
#4564 = EDGE_LOOP ( 'NONE', ( #335, #2024, #5997, #8264 ) ) ;
#4565 = ORIENTED_EDGE ( 'NONE', *, *, #7929, .F. ) ;
#4566 = EDGE_CURVE ( 'NONE', #3436, #5626, #5322, .T. ) ;
#4567 = EDGE_CURVE ( 'NONE', #7166, #1620, #5223, .T. ) ;
#4568 =( GEOMETRIC_REPRESENTATION_CONTEXT ( 3 ) GLOBAL_UNCERTAINTY_ASSIGNED_CONTEXT ( ( #1252 ) ) GLOBAL_UNIT_ASSIGNED_CONTEXT ( ( #5895, #770, #690 ) ) REPRESENTATION_CONTEXT ( 'NONE', 'WORKASPACE' ) );
#4569 = DIRECTION ( 'NONE',  ( 0.0000000000000000000, 1.000000000000000000, 0.0000000000000000000 ) ) ;
#4570 = B_SPLINE_CURVE_WITH_KNOTS ( 'NONE', 1,
 ( #4403, #8243 ),
 .UNSPECIFIED., .F., .F.,
 ( 2, 2 ),
 ( 0.007539999999999999827, 0.009180000000000000659 ),
 .UNSPECIFIED. ) ;
#4571 =( BOUNDED_CURVE ( )  B_SPLINE_CURVE ( 3, ( #1096, #6826, #5534, #6955 ),
 .UNSPECIFIED., .F., .F. ) 
 B_SPLINE_CURVE_WITH_KNOTS ( ( 4, 4 ),
 ( -11.42516796076939656, -8.283575307179591007 ),
 .UNSPECIFIED. ) 
 CURVE ( )  GEOMETRIC_REPRESENTATION_ITEM ( )  RATIONAL_B_SPLINE_CURVE ( ( 0.9999999999999992228, 0.3333333333333299842, 0.3333333333333307058, 1.000000000000000000 ) ) 
 REPRESENTATION_ITEM ( '' )  );
#4572 = SURFACE_STYLE_USAGE ( .BOTH. , #5206 ) ;
#4573 = SURFACE_STYLE_FILL_AREA ( #682 ) ;
#4574 = ORIENTED_EDGE ( 'NONE', *, *, #7896, .T. ) ;
#4575 = CARTESIAN_POINT ( 'NONE',  ( -2.961678390276271777, -4.345000000000000639, 8.193068105155697722 ) ) ;
#4576 = EDGE_CURVE ( 'NONE', #2663, #7166, #3203, .T. ) ;
#4577 = VECTOR ( 'NONE', #3168, 1000.000000000000000 ) ;
#4578 =( GEOMETRIC_REPRESENTATION_CONTEXT ( 3 ) GLOBAL_UNCERTAINTY_ASSIGNED_CONTEXT ( ( #2233 ) ) GLOBAL_UNIT_ASSIGNED_CONTEXT ( ( #7970, #2253, #1458 ) ) REPRESENTATION_CONTEXT ( 'NONE', 'WORKASPACE' ) );
#4579 = CARTESIAN_POINT ( 'NONE',  ( 4.305000000000002380, 4.495000000000000107, 1.669000000000000483 ) ) ;
#4580 = DIRECTION ( 'NONE',  ( 1.000000000000000000, 0.0000000000000000000, 0.0000000000000000000 ) ) ;
#4581 = CARTESIAN_POINT ( 'NONE',  ( -0.3200000000000000067, 1.590000000000000080, 2.130000000000001226 ) ) ;
#4582 = CARTESIAN_POINT ( 'NONE',  ( -2.860000000000000320, 0.9499999999999999556, 2.129999999999999893 ) ) ;
#4583 = CARTESIAN_POINT ( 'NONE',  ( 5.580000000000000071, 4.445000000000000284, 10.51999999999999957 ) ) ;
#4584 = CARTESIAN_POINT ( 'NONE',  ( -0.3200000000000000067, -1.590000000000000080, 8.460000000000000853 ) ) ;
#4585 = CARTESIAN_POINT ( 'NONE',  ( 5.160099999999999909, 3.214900000000000091, 1.239999999999999991 ) ) ;
#4586 = MECHANICAL_DESIGN_GEOMETRIC_PRESENTATION_REPRESENTATION (  '', ( #3370 ), #4324 ) ;
#4587 = CARTESIAN_POINT ( 'NONE',  ( 4.305000000000002380, 4.495000000000000107, 1.201000000000000512 ) ) ;
#4588 = B_SPLINE_CURVE_WITH_KNOTS ( 'NONE', 1,
 ( #7619, #1834, #7439, #4414 ),
 .UNSPECIFIED., .F., .F.,
 ( 2, 1, 1, 2 ),
 ( 0.02457000000000000156, 0.02714000000000000093, 0.03513999999999999763, 0.03771000000000000046 ),
 .UNSPECIFIED. ) ;
#4589 = VERTEX_POINT ( 'NONE', #4552 ) ;
#4590 = EDGE_CURVE ( 'NONE', #2232, #4088, #781, .T. ) ;
#4591 =( NAMED_UNIT ( * ) PLANE_ANGLE_UNIT ( ) SI_UNIT ( $, .RADIAN. ) );
#4592 = DIRECTION ( 'NONE',  ( -1.000000000000000000, 0.0000000000000000000, 0.0000000000000000000 ) ) ;
#4593 = CARTESIAN_POINT ( 'NONE',  ( -3.402709210073007640, -4.345000000000000639, 8.184102049307414362 ) ) ;
#4594 = VECTOR ( 'NONE', #5020, 1000.000000000000000 ) ;
#4595 = CARTESIAN_POINT ( 'NONE',  ( 6.570000000000000284, -1.649999999999999911, 8.030000000000001137 ) ) ;
#4596 = SURFACE_STYLE_USAGE ( .BOTH. , #3038 ) ;
#4597 = CARTESIAN_POINT ( 'NONE',  ( 2.419999999999999929, 1.149999999999999911, 8.959999999999999076 ) ) ;
#4598 = CARTESIAN_POINT ( 'NONE',  ( -4.260208152568973006, -4.445000000000001172, 7.654298726145857934 ) ) ;
#4599 = CARTESIAN_POINT ( 'NONE',  ( -4.305000000000002380, 2.794999999999999485, 0.8499999999999999778 ) ) ;
#4600 = CARTESIAN_POINT ( 'NONE',  ( -0.3200000000000000622, -0.9499999999999999556, 1.169999999999999929 ) ) ;
#4601 =( GEOMETRIC_REPRESENTATION_CONTEXT ( 3 ) GLOBAL_UNCERTAINTY_ASSIGNED_CONTEXT ( ( #5400 ) ) GLOBAL_UNIT_ASSIGNED_CONTEXT ( ( #3541, #6121, #5442 ) ) REPRESENTATION_CONTEXT ( 'NONE', 'WORKASPACE' ) );
#4602 = ORIENTED_EDGE ( 'NONE', *, *, #3490, .T. ) ;
#4603 = CARTESIAN_POINT ( 'NONE',  ( -3.402179082115840192, -4.444999999999999396, 8.455322286830176282 ) ) ;
#4604 = CARTESIAN_POINT ( 'NONE',  ( -5.154999999999997584, -4.495000000000000107, 0.8499999999999999778 ) ) ;
#4605 = CARTESIAN_POINT ( 'NONE',  ( 6.570000000000000284, -3.314999999999999947, 3.720000000000000195 ) ) ;
#4606 = ORIENTED_EDGE ( 'NONE', *, *, #6025, .F. ) ;
#4607 = FACE_OUTER_BOUND ( 'NONE', #8280, .T. ) ;
#4608 = ADVANCED_FACE ( 'NONE', ( #5912 ), #6889, .T. ) ;
#4609 = DIRECTION ( 'NONE',  ( 0.0000000000000000000, -1.000000000000000000, 0.0000000000000000000 ) ) ;
#4610 = EDGE_LOOP ( 'NONE', ( #1174, #6271, #4124, #2333 ) ) ;
#4611 = VERTEX_POINT ( 'NONE', #6562 ) ;
#4612 = UNCERTAINTY_MEASURE_WITH_UNIT (LENGTH_MEASURE( 1.000000000000000082E-05 ), #6009, 'distance_accuracy_value', 'NONE');
#4613 = CARTESIAN_POINT ( 'NONE',  ( -3.000046533715014618, -4.445000000000000284, 8.114717427574341002 ) ) ;
#4614 = B_SPLINE_CURVE_WITH_KNOTS ( 'NONE', 1,
 ( #4853, #2184 ),
 .UNSPECIFIED., .F., .F.,
 ( 2, 2 ),
 ( 0.0000000000000000000, 1.000000000000000000 ),
 .UNSPECIFIED. ) ;
#4615 = DIRECTION ( 'NONE',  ( -1.000000000000000000, 0.0000000000000000000, 6.689380028831810437E-17 ) ) ;
#4616 = CARTESIAN_POINT ( 'NONE',  ( -3.206907773312782872, -4.344999999999997975, 7.969825709381055390 ) ) ;
#4617 = FACE_BOUND ( 'NONE', #130, .T. ) ;
#4618 = EDGE_CURVE ( 'NONE', #6307, #7668, #5478, .T. ) ;
#4619 = FILL_AREA_STYLE_COLOUR ( '', #1262 ) ;
#4620 = ORIENTED_EDGE ( 'NONE', *, *, #5684, .T. ) ;
#4621 = UNCERTAINTY_MEASURE_WITH_UNIT (LENGTH_MEASURE( 1.000000000000000082E-05 ), #3953, 'distance_accuracy_value', 'NONE');
#4622 =( BOUNDED_SURFACE ( )  B_SPLINE_SURFACE ( 3, 1, ( 
 ( #7634, #1219, #3066 ),
 ( #5787, #3711, #3114 ),
 ( #3153, #6912, #7679 ),
 ( #6953, #8227, #6337 ),
 ( #5051, #2421, #4349 ),
 ( #5015, #5744, #3017 ),
 ( #6250, #6379, #1257 ) ),
 .UNSPECIFIED., .T., .F., .F. ) 
 B_SPLINE_SURFACE_WITH_KNOTS ( ( 4, 3, 4 ),
 ( 2, 1, 2 ),
 ( 0.0000000000000000000, 0.5000000000000000000, 1.000000000000000000 ),
 ( -0.7500000000000000000, 0.0000000000000000000, 1.000000000000000000 ),
 .UNSPECIFIED. ) 
 GEOMETRIC_REPRESENTATION_ITEM ( )  RATIONAL_B_SPLINE_SURFACE ( (
 ( 1.000000000000000000, 1.000000000000000000, 1.000000000000000000),
 ( 0.3333333333333299842, 0.3333333333333299842, 0.3333333333333299842),
 ( 0.3333333333333299842, 0.3333333333333299842, 0.3333333333333299842),
 ( 1.000000000000000000, 1.000000000000000000, 1.000000000000000000),
 ( 0.3333333333333299842, 0.3333333333333299842, 0.3333333333333299842),
 ( 0.3333333333333299842, 0.3333333333333299842, 0.3333333333333299842),
 ( 1.000000000000000000, 1.000000000000000000, 1.000000000000000000) ) ) 
 REPRESENTATION_ITEM ( '' )  SURFACE ( )  );
#4623 = CARTESIAN_POINT ( 'NONE',  ( 4.819999999999999396, 4.445000000000000284, 1.629999999999999893 ) ) ;
#4624 = B_SPLINE_CURVE_WITH_KNOTS ( 'NONE', 1,
 ( #5571, #1771 ),
 .UNSPECIFIED., .F., .F.,
 ( 2, 2 ),
 ( 0.0006400000000000000524, 0.001280000000000000105 ),
 .UNSPECIFIED. ) ;
#4625 = CARTESIAN_POINT ( 'NONE',  ( 2.220000000000000195, 0.9499999999999999556, 8.460000000000000853 ) ) ;
#4626 =( LENGTH_UNIT ( ) NAMED_UNIT ( * ) SI_UNIT ( .MILLI., .METRE. ) );
#4627 = CARTESIAN_POINT ( 'NONE',  ( -4.281483820152398145, -4.445000000000001172, 7.352444793968761161 ) ) ;
#4628 = CARTESIAN_POINT ( 'NONE',  ( -3.229765617399134925, -4.345000000000000639, 8.215034658981670290 ) ) ;
#4629 = EDGE_CURVE ( 'NONE', #6570, #4589, #1548, .T. ) ;
#4630 = EDGE_CURVE ( 'NONE', #8072, #1052, #4919, .T. ) ;
#4631 = PRESENTATION_LAYER_ASSIGNMENT (  '', '', ( #5583 ) ) ;
#4632 = CARTESIAN_POINT ( 'NONE',  ( -3.262987475153806383, -4.444999999999998508, 7.957742478033253519 ) ) ;
#4633 = CARTESIAN_POINT ( 'NONE',  ( 2.259999999999999787, -4.445000000000000284, 3.720000000000000195 ) ) ;
#4634 = B_SPLINE_CURVE_WITH_KNOTS ( 'NONE', 1,
 ( #1482, #6468 ),
 .UNSPECIFIED., .F., .F.,
 ( 2, 2 ),
 ( 0.0000000000000000000, 1.000000000000000000 ),
 .UNSPECIFIED. ) ;
#4635 = ORIENTED_EDGE ( 'NONE', *, *, #3586, .F. ) ;
#4636 = SURFACE_SIDE_STYLE ('',( #7893 ) ) ;
#4637 = CARTESIAN_POINT ( 'NONE',  ( 7.620000000000000107, -4.445000000000000284, 10.51999999999999957 ) ) ;
#4638 = CARTESIAN_POINT ( 'NONE',  ( -4.386752919811830687, -4.445000000000000284, 7.336434914379193373 ) ) ;
#4639 = DIRECTION ( 'NONE',  ( 1.000000000000000000, -2.775557561562895049E-17, 0.0000000000000000000 ) ) ;
#4640 = ADVANCED_FACE ( 'NONE', ( #7939 ), #5311, .T. ) ;
#4641 = ORIENTED_EDGE ( 'NONE', *, *, #7686, .T. ) ;
#4642 = CARTESIAN_POINT ( 'NONE',  ( 2.672539194427198339, 0.0000000000000000000, -1.330000000000000071 ) ) ;
#4643 = FACE_OUTER_BOUND ( 'NONE', #4725, .T. ) ;
#4644 = DIRECTION ( 'NONE',  ( 0.0000000000000000000, -3.100786355831403267E-12, -1.000000000000000000 ) ) ;
#4645 = AXIS2_PLACEMENT_3D ( 'NONE', #6669, #2236, #1574 ) ;
#4646 =( NAMED_UNIT ( * ) SI_UNIT ( $, .STERADIAN. ) SOLID_ANGLE_UNIT ( ) );
#4647 = VERTEX_POINT ( 'NONE', #2797 ) ;
#4648 = CARTESIAN_POINT ( 'NONE',  ( -0.4249999999999999334, -2.794999999999999485, 0.8499999999999999778 ) ) ;
#4649 = LINE ( 'NONE', #3917, #4577 ) ;
#4650 = CARTESIAN_POINT ( 'NONE',  ( -3.486716538465101323, -4.344999999999999751, 8.455469570674935653 ) ) ;
#4651 = B_SPLINE_CURVE_WITH_KNOTS ( 'NONE', 1,
 ( #811, #1578 ),
 .UNSPECIFIED., .F., .F.,
 ( 2, 2 ),
 ( 0.006799999999999999621, 0.008439999999999999586 ),
 .UNSPECIFIED. ) ;
#4652 = PRESENTATION_LAYER_ASSIGNMENT (  '', '', ( #722 ) ) ;
#4653 = FILL_AREA_STYLE ('',( #4041 ) ) ;
#4654 = VERTEX_POINT ( 'NONE', #4754 ) ;
#4655 = CARTESIAN_POINT ( 'NONE',  ( 5.154999999999997584, -2.794999999999999485, 1.669000000000000483 ) ) ;
#4656 = CARTESIAN_POINT ( 'NONE',  ( -3.486716538465101323, -4.445000000000000284, 7.946655468110833453 ) ) ;
#4657 = ORIENTED_EDGE ( 'NONE', *, *, #1570, .F. ) ;
#4658 = ORIENTED_EDGE ( 'NONE', *, *, #1862, .F. ) ;
#4659 = LINE ( 'NONE', #6579, #4404 ) ;
#4660 = CARTESIAN_POINT ( 'NONE',  ( -2.972492310876406307, -4.445000000000001172, 8.165652730701179252 ) ) ;
#4661 = DIRECTION ( 'NONE',  ( 1.000000000000000000, 0.0000000000000000000, 0.0000000000000000000 ) ) ;
#4662 = ORIENTED_EDGE ( 'NONE', *, *, #2941, .F. ) ;
#4663 =( GEOMETRIC_REPRESENTATION_CONTEXT ( 3 ) GLOBAL_UNCERTAINTY_ASSIGNED_CONTEXT ( ( #2826 ) ) GLOBAL_UNIT_ASSIGNED_CONTEXT ( ( #1544, #860, #5391 ) ) REPRESENTATION_CONTEXT ( 'NONE', 'WORKASPACE' ) );
#4664 = EDGE_CURVE ( 'NONE', #4423, #8209, #1386, .T. ) ;
#4665 = B_SPLINE_CURVE_WITH_KNOTS ( 'NONE', 1,
 ( #2959, #6232 ),
 .UNSPECIFIED., .F., .F.,
 ( 2, 2 ),
 ( 0.8463648834019203981, 0.9780521262002743743 ),
 .UNSPECIFIED. ) ;
#4666 = CARTESIAN_POINT ( 'NONE',  ( -4.000000000000000000, 4.445000000000000284, 1.629999999999999893 ) ) ;
#4667 = PLANE ( 'NONE',  #3587 ) ;
#4668 = DIRECTION ( 'NONE',  ( 0.0000000000000000000, 0.0000000000000000000, 1.000000000000000000 ) ) ;
#4669 = AXIS2_PLACEMENT_3D ( 'NONE', #7707, #5251, #4615 ) ;
#4670 = CARTESIAN_POINT ( 'NONE',  ( -0.3200000000000000067, 0.9499999999999999556, 8.460000000000000853 ) ) ;
#4671 = CARTESIAN_POINT ( 'NONE',  ( 7.620000000000000107, -4.445000000000000284, 1.629999999999999893 ) ) ;
#4672 = CARTESIAN_POINT ( 'NONE',  ( 6.570000000000000284, -3.314999999999999947, 3.720000000000000195 ) ) ;
#4673 = ORIENTED_EDGE ( 'NONE', *, *, #4880, .T. ) ;
#4674 = VECTOR ( 'NONE', #3840, 1000.000000000000000 ) ;
#4675 = PRESENTATION_LAYER_ASSIGNMENT (  '', '', ( #3992 ) ) ;
#4676 = EDGE_CURVE ( 'NONE', #3436, #2269, #4425, .T. ) ;
#4677 = EDGE_CURVE ( 'NONE', #2817, #5201, #1806, .T. ) ;
#4678 = CARTESIAN_POINT ( 'NONE',  ( -4.259969854801398448, -4.344999999999997975, 7.866254203297503800 ) ) ;
#4679 =( LENGTH_UNIT ( ) NAMED_UNIT ( * ) SI_UNIT ( .MILLI., .METRE. ) );
#4680 = FACE_OUTER_BOUND ( 'NONE', #4905, .T. ) ;
#4681 = DIRECTION ( 'NONE',  ( 0.0000000000000000000, -1.000000000000000000, -8.570768161940759711E-16 ) ) ;
#4682 = VECTOR ( 'NONE', #7851, 1000.000000000000114 ) ;
#4683 = DIRECTION ( 'NONE',  ( -1.000000000000000000, 0.0000000000000000000, 0.0000000000000000000 ) ) ;
#4684 = CARTESIAN_POINT ( 'NONE',  ( -4.571689809338427501, -4.445000000000002061, 7.774192857797750378 ) ) ;
#4685 = VERTEX_POINT ( 'NONE', #4075 ) ;
#4686 = EDGE_CURVE ( 'NONE', #4695, #7739, #6712, .T. ) ;
#4687 = STYLED_ITEM ( 'NONE', ( #1199 ), #4213 ) ;
#4688 = CARTESIAN_POINT ( 'NONE',  ( 0.4249999999999999334, -4.495000000000000107, 1.201000000000000512 ) ) ;
#4689 = FILL_AREA_STYLE ('',( #956 ) ) ;
#4690 = CARTESIAN_POINT ( 'NONE',  ( -0.3200000000000000067, 1.590000000000000080, 8.460000000000000853 ) ) ;
#4691 = CARTESIAN_POINT ( 'NONE',  ( -4.523792249668317389, -4.344999999999997087, 7.353078759586504809 ) ) ;
#4692 = ORIENTED_EDGE ( 'NONE', *, *, #2149, .F. ) ;
#4693 = CARTESIAN_POINT ( 'NONE',  ( 2.660000000000000142, -1.389999999999999902, 8.959999999999999076 ) ) ;
#4694 = SURFACE_STYLE_USAGE ( .BOTH. , #322 ) ;
#4695 = VERTEX_POINT ( 'NONE', #3996 ) ;
#4696 = ORIENTED_EDGE ( 'NONE', *, *, #1221, .F. ) ;
#4697 = CARTESIAN_POINT ( 'NONE',  ( -4.405762011221511898, -4.344999999999998863, 7.946655468110833453 ) ) ;
#4698 = CARTESIAN_POINT ( 'NONE',  ( -3.130050274064801741, -4.344999999999998863, 8.000575294301544460 ) ) ;
#4699 = EDGE_LOOP ( 'NONE', ( #8310, #456, #6418, #8020, #6320, #3112 ) ) ;
#4700 = CARTESIAN_POINT ( 'NONE',  ( -2.259999999999999787, -3.314999999999999947, 3.720000000000000195 ) ) ;
#4701 = ORIENTED_EDGE ( 'NONE', *, *, #790, .T. ) ;
#4702 = SURFACE_SIDE_STYLE ('',( #932 ) ) ;
#4703 = CARTESIAN_POINT ( 'NONE',  ( 4.305000000000002380, 4.495000000000000107, 1.201000000000000512 ) ) ;
#4704 = FILL_AREA_STYLE ('',( #1406 ) ) ;
#4705 = FACE_OUTER_BOUND ( 'NONE', #1164, .T. ) ;
#4706 = CARTESIAN_POINT ( 'NONE',  ( -3.229765617399134925, -4.445000000000001172, 8.215034658981670290 ) ) ;
#4707 = CARTESIAN_POINT ( 'NONE',  ( -4.304999999999999716, 3.645000000000000018, 1.239999999999999991 ) ) ;
#4708 =( LENGTH_UNIT ( ) NAMED_UNIT ( * ) SI_UNIT ( .MILLI., .METRE. ) );
#4709 = VERTEX_POINT ( 'NONE', #2174 ) ;
#4710 = CARTESIAN_POINT ( 'NONE',  ( -2.660000000000000142, 1.149999999999999911, 8.800000000000000711 ) ) ;
#4711 = UNCERTAINTY_MEASURE_WITH_UNIT (LENGTH_MEASURE( 1.000000000000000082E-05 ), #5543, 'distance_accuracy_value', 'NONE');
#4712 = ORIENTED_EDGE ( 'NONE', *, *, #4481, .F. ) ;
#4713 = COLOUR_RGB ( '',1.000000000000000000, 1.000000000000000000, 1.000000000000000000 ) ;
#4714 = CARTESIAN_POINT ( 'NONE',  ( -4.281399556602901946, -4.344999999999999751, 7.894317055074902889 ) ) ;
#4715 = SURFACE_SIDE_STYLE ('',( #2133 ) ) ;
#4716 = FACE_OUTER_BOUND ( 'NONE', #7607, .T. ) ;
#4717 = B_SPLINE_CURVE_WITH_KNOTS ( 'NONE', 1,
 ( #2832, #783 ),
 .UNSPECIFIED., .F., .F.,
 ( 2, 2 ),
 ( -1.000000000000000000, 0.0000000000000000000 ),
 .UNSPECIFIED. ) ;
#4718 = FILL_AREA_STYLE_COLOUR ( '', #7362 ) ;
#4719 =( GEOMETRIC_REPRESENTATION_CONTEXT ( 3 ) GLOBAL_UNCERTAINTY_ASSIGNED_CONTEXT ( ( #5481 ) ) GLOBAL_UNIT_ASSIGNED_CONTEXT ( ( #4679, #4028, #7239 ) ) REPRESENTATION_CONTEXT ( 'NONE', 'WORKASPACE' ) );
#4720 = VERTEX_POINT ( 'NONE', #271 ) ;
#4721 =( LENGTH_UNIT ( ) NAMED_UNIT ( * ) SI_UNIT ( .MILLI., .METRE. ) );
#4722 = EDGE_CURVE ( 'NONE', #998, #2550, #7029, .T. ) ;
#4723 = ADVANCED_FACE ( 'NONE', ( #7370 ), #7899, .T. ) ;
#4724 = FACE_OUTER_BOUND ( 'NONE', #428, .T. ) ;
#4725 = EDGE_LOOP ( 'NONE', ( #6473, #2837, #148, #1099 ) ) ;
#4726 = VECTOR ( 'NONE', #670, 1000.000000000000000 ) ;
#4727 = CARTESIAN_POINT ( 'NONE',  ( -0.4249999999999999334, -2.794999999999999485, 1.201000000000000512 ) ) ;
#4728 = SURFACE_STYLE_FILL_AREA ( #4081 ) ;
#4729 = VERTEX_POINT ( 'NONE', #1465 ) ;
#4730 = CARTESIAN_POINT ( 'NONE',  ( 5.155000000000000249, -3.645000000000000018, 0.8499999999999999778 ) ) ;
#4731 = ADVANCED_FACE ( 'NONE', ( #4034 ), #822, .T. ) ;
#4732 = COLOUR_RGB ( '',1.000000000000000000, 1.000000000000000000, 1.000000000000000000 ) ;
#4733 = EDGE_CURVE ( 'NONE', #8198, #219, #978, .T. ) ;
#4734 = CARTESIAN_POINT ( 'NONE',  ( -3.125797326398365605, -4.344999999999999751, 8.643326422863202296 ) ) ;
#4735 = B_SPLINE_CURVE_WITH_KNOTS ( 'NONE', 3,
 ( #2913, #5514, #1711, #1667, #5463, #8043, #8088, #6186, #7397, #4911, #6231 ),
 .UNSPECIFIED., .F., .F.,
 ( 4, 1, 1, 1, 1, 1, 1, 1, 4 ),
 ( 0.0000000000000000000, 0.07737274949468417318, 0.1676142909211562060, 0.2721083165199026377, 0.3900159922754485864, 0.5213633102089996196, 0.6672722540317912454, 0.8268095210701719155, 1.000000000000000000 ),
 .UNSPECIFIED. ) ;
#4736 = CARTESIAN_POINT ( 'NONE',  ( -5.154999999999997584, 4.495000000000000107, 1.669000000000000483 ) ) ;
#4737 = CARTESIAN_POINT ( 'NONE',  ( -4.144006768467768609, -4.344999999999999751, 7.427634548490990696 ) ) ;
#4738 = CARTESIAN_POINT ( 'NONE',  ( -4.232977222225785319, -4.344999999999998863, 7.761415333896089841 ) ) ;
#4739 = CARTESIAN_POINT ( 'NONE',  ( -2.220000000000000195, 1.590000000000000080, 2.129999999999999893 ) ) ;
#4740 = CARTESIAN_POINT ( 'NONE',  ( -4.373961129811255510, -4.445000000000000284, 8.726837092042458721 ) ) ;
#4741 = EDGE_CURVE ( 'NONE', #4014, #998, #4624, .T. ) ;
#4742 = ORIENTED_EDGE ( 'NONE', *, *, #5739, .F. ) ;
#4743 = ORIENTED_EDGE ( 'NONE', *, *, #4928, .F. ) ;
#4744 =( NAMED_UNIT ( * ) SI_UNIT ( $, .STERADIAN. ) SOLID_ANGLE_UNIT ( ) );
#4745 =( NAMED_UNIT ( * ) SI_UNIT ( $, .STERADIAN. ) SOLID_ANGLE_UNIT ( ) );
#4746 = CARTESIAN_POINT ( 'NONE',  ( -0.1325391944272001910, 1.402539194427200098, -1.330000000000000071 ) ) ;
#4747 = FACE_OUTER_BOUND ( 'NONE', #466, .T. ) ;
#4748 = B_SPLINE_CURVE_WITH_KNOTS ( 'NONE', 1,
 ( #555, #5802 ),
 .UNSPECIFIED., .F., .F.,
 ( 2, 2 ),
 ( -1.000000000000000000, 0.0000000000000000000 ),
 .UNSPECIFIED. ) ;
#4749 = CARTESIAN_POINT ( 'NONE',  ( 6.570000000000000284, -1.649999999999999911, 1.629999999999999893 ) ) ;
#4750 = ORIENTED_EDGE ( 'NONE', *, *, #3856, .T. ) ;
#4751 = CARTESIAN_POINT ( 'NONE',  ( 4.819999999999999396, 4.445000000000000284, 0.7409999999999999920 ) ) ;
#4752 = VERTEX_POINT ( 'NONE', #6913 ) ;
#4753 = CARTESIAN_POINT ( 'NONE',  ( 0.3200000000000000067, -0.9500000000000000666, 3.720000000000000639 ) ) ;
#4754 = CARTESIAN_POINT ( 'NONE',  ( 0.3200000000000000067, 0.9499999999999999556, 8.460000000000000853 ) ) ;
#4755 = ORIENTED_EDGE ( 'NONE', *, *, #5359, .T. ) ;
#4756 = B_SPLINE_CURVE_WITH_KNOTS ( 'NONE', 1,
 ( #5740, #7588, #645 ),
 .UNSPECIFIED., .F., .F.,
 ( 2, 1, 2 ),
 ( 0.0000000000000000000, 0.002569999999999999802, 0.004309999999999999595 ),
 .UNSPECIFIED. ) ;
#4757 = COLOUR_RGB ( '',0.1019607843137254888, 0.1019607843137254888, 0.1019607843137254888 ) ;
#4758 = CARTESIAN_POINT ( 'NONE',  ( -2.860000000000000320, -1.590000000000000080, 8.300000000000000711 ) ) ;
#4759 = CARTESIAN_POINT ( 'NONE',  ( -0.3200000000000000067, 0.9499999999999999556, 1.969999999999999973 ) ) ;
#4760 = ADVANCED_FACE ( 'NONE', ( #404 ), #6954, .T. ) ;
#4761 = CARTESIAN_POINT ( 'NONE',  ( 4.304999999999999716, -3.645000000000000018, 1.201000000000000068 ) ) ;
#4762 = ORIENTED_EDGE ( 'NONE', *, *, #6841, .T. ) ;
#4763 =( GEOMETRIC_REPRESENTATION_CONTEXT ( 3 ) GLOBAL_UNCERTAINTY_ASSIGNED_CONTEXT ( ( #7505 ) ) GLOBAL_UNIT_ASSIGNED_CONTEXT ( ( #6157, #4249, #906 ) ) REPRESENTATION_CONTEXT ( 'NONE', 'WORKASPACE' ) );
#4764 = FILL_AREA_STYLE_COLOUR ( '', #7233 ) ;
#4765 = ORIENTED_EDGE ( 'NONE', *, *, #7819, .F. ) ;
#4766 = ORIENTED_EDGE ( 'NONE', *, *, #126, .T. ) ;
#4767 = CARTESIAN_POINT ( 'NONE',  ( -4.304999999999999716, 3.645000000000000018, 0.8499999999999999778 ) ) ;
#4768 = CARTESIAN_POINT ( 'NONE',  ( -4.809086531537950293, -4.344999999999997975, 7.780848725204325689 ) ) ;
#4769 = VECTOR ( 'NONE', #5161, 1000.000000000000000 ) ;
#4770 = EDGE_CURVE ( 'NONE', #3385, #5550, #7121, .T. ) ;
#4771 = EDGE_CURVE ( 'NONE', #4527, #1970, #7948, .T. ) ;
#4772 = CARTESIAN_POINT ( 'NONE',  ( -2.943981495730058739, -4.445000000000000284, 8.317135736540322455 ) ) ;
#4773 = VERTEX_POINT ( 'NONE', #8146 ) ;
#4774 = DIRECTION ( 'NONE',  ( -0.0000000000000000000, 1.000000000000000000, 0.0000000000000000000 ) ) ;
#4775 = SURFACE_STYLE_FILL_AREA ( #6515 ) ;
#4776 = ORIENTED_EDGE ( 'NONE', *, *, #5348, .F. ) ;
#4777 =( LENGTH_UNIT ( ) NAMED_UNIT ( * ) SI_UNIT ( .MILLI., .METRE. ) );
#4778 = VERTEX_POINT ( 'NONE', #2930 ) ;
#4779 = DIRECTION ( 'NONE',  ( 1.591551692268700301E-16, 0.9284766908852591927, 0.3713906763541041101 ) ) ;
#4780 = ADVANCED_FACE ( 'NONE', ( #6869 ), #3712, .F. ) ;
#4781 = CARTESIAN_POINT ( 'NONE',  ( 2.220000000000000195, -0.9499999999999999556, 8.460000000000000853 ) ) ;
#4782 = CARTESIAN_POINT ( 'NONE',  ( -3.320883460685343902, -4.344999999999997087, 8.186956356465344697 ) ) ;
#4783 = CARTESIAN_POINT ( 'NONE',  ( 2.419999999999999929, -1.149999999999999911, 8.959999999999999076 ) ) ;
#4784 = DIRECTION ( 'NONE',  ( 0.0000000000000000000, -1.000000000000000000, 0.0000000000000000000 ) ) ;
#4785 = ORIENTED_EDGE ( 'NONE', *, *, #4427, .T. ) ;
#4786 = UNCERTAINTY_MEASURE_WITH_UNIT (LENGTH_MEASURE( 1.000000000000000082E-05 ), #992, 'distance_accuracy_value', 'NONE');
#4787 = ORIENTED_EDGE ( 'NONE', *, *, #5820, .T. ) ;
#4788 = COLOUR_RGB ( '',0.1019607843137254888, 0.1019607843137254888, 0.1019607843137254888 ) ;
#4789 = FILL_AREA_STYLE ('',( #2708 ) ) ;
#4790 =( NAMED_UNIT ( * ) PLANE_ANGLE_UNIT ( ) SI_UNIT ( $, .RADIAN. ) );
#4791 = LINE ( 'NONE', #947, #3986 ) ;
#4792 = ORIENTED_EDGE ( 'NONE', *, *, #4733, .F. ) ;
#4793 = DIRECTION ( 'NONE',  ( -0.0000000000000000000, 1.000000000000000000, 0.0000000000000000000 ) ) ;
#4794 = B_SPLINE_CURVE_WITH_KNOTS ( 'NONE', 1,
 ( #7965, #2165 ),
 .UNSPECIFIED., .F., .F.,
 ( 2, 2 ),
 ( 0.0000000000000000000, 0.1316872427983540594 ),
 .UNSPECIFIED. ) ;
#4796 = CARTESIAN_POINT ( 'NONE',  ( 2.220000000000000195, -1.590000000000000080, 2.129999999999999893 ) ) ;
#4795 =( GEOMETRIC_REPRESENTATION_CONTEXT ( 3 ) GLOBAL_UNCERTAINTY_ASSIGNED_CONTEXT ( ( #50 ) ) GLOBAL_UNIT_ASSIGNED_CONTEXT ( ( #7243, #228, #6557 ) ) REPRESENTATION_CONTEXT ( 'NONE', 'WORKASPACE' ) );
#4797 = CARTESIAN_POINT ( 'NONE',  ( -3.360000000000000320, 2.089999999999999858, 1.629999999999999893 ) ) ;
#4798 = VECTOR ( 'NONE', #7761, 1000.000000000000000 ) ;
#4799 = ORIENTED_EDGE ( 'NONE', *, *, #995, .T. ) ;
#4800 = FACE_OUTER_BOUND ( 'NONE', #6281, .T. ) ;
#4801 = DIRECTION ( 'NONE',  ( 0.0000000000000000000, 0.8480480961564259568, 0.5299192642332050118 ) ) ;
#4802 = PRESENTATION_STYLE_ASSIGNMENT (( #6122 ) ) ;
#4803 =( GEOMETRIC_REPRESENTATION_CONTEXT ( 3 ) GLOBAL_UNCERTAINTY_ASSIGNED_CONTEXT ( ( #1489 ) ) GLOBAL_UNIT_ASSIGNED_CONTEXT ( ( #3830, #8311, #2575 ) ) REPRESENTATION_CONTEXT ( 'NONE', 'WORKASPACE' ) );
#4804 = VECTOR ( 'NONE', #2075, 1000.000000000000114 ) ;
#4805 = CARTESIAN_POINT ( 'NONE',  ( 5.155000000000000249, -3.645000000000000018, 0.8499999999999999778 ) ) ;
#4806 = EDGE_LOOP ( 'NONE', ( #4765, #3175, #2220, #5888 ) ) ;
#4807 = PRESENTATION_STYLE_ASSIGNMENT (( #1472 ) ) ;
#4808 = CARTESIAN_POINT ( 'NONE',  ( -0.3200000000000000067, 0.9500000000000000666, 3.720000000000000639 ) ) ;
#4809 = EDGE_CURVE ( 'NONE', #6814, #6503, #1091, .T. ) ;
#4810 = EDGE_LOOP ( 'NONE', ( #829, #1440, #905, #1315 ) ) ;
#4811 = ORIENTED_EDGE ( 'NONE', *, *, #7721, .T. ) ;
#4812 = DIRECTION ( 'NONE',  ( 0.0000000000000000000, 0.0000000000000000000, -1.000000000000000000 ) ) ;
#4813 = CARTESIAN_POINT ( 'NONE',  ( -4.209575112822709464, -4.344999999999999751, 7.382532799965025205 ) ) ;
#4814 = CARTESIAN_POINT ( 'NONE',  ( -2.672539194427201892, 0.0000000000000000000, -1.330000000000000071 ) ) ;
#4815 = CARTESIAN_POINT ( 'NONE',  ( -2.220000000000000195, 0.9499999999999999556, 8.300000000000000711 ) ) ;
#4816 = VECTOR ( 'NONE', #5118, 1000.000000000000000 ) ;
#4817 = EDGE_LOOP ( 'NONE', ( #3607, #463, #1559, #5723 ) ) ;
#4818 = CARTESIAN_POINT ( 'NONE',  ( 0.3200000000000000067, 0.9499999999999999556, 1.169999999999999929 ) ) ;
#4819 = FILL_AREA_STYLE_COLOUR ( '', #6041 ) ;
#4820 = EDGE_CURVE ( 'NONE', #7493, #3042, #3578, .T. ) ;
#4821 = ORIENTED_EDGE ( 'NONE', *, *, #2963, .F. ) ;
#4822 = ORIENTED_EDGE ( 'NONE', *, *, #1073, .T. ) ;
#4823 = DIRECTION ( 'NONE',  ( 0.0000000000000000000, -1.000000000000000000, 0.0000000000000000000 ) ) ;
#4824 =( NAMED_UNIT ( * ) SI_UNIT ( $, .STERADIAN. ) SOLID_ANGLE_UNIT ( ) );
#4825 = CARTESIAN_POINT ( 'NONE',  ( -2.998519472824753063, -4.344999999999997087, 8.527054377416307673 ) ) ;
#4826 = CARTESIAN_POINT ( 'NONE',  ( -4.523035071965377796, -4.344999999999999751, 7.627083213335355438 ) ) ;
#4827 =( GEOMETRIC_REPRESENTATION_CONTEXT ( 3 ) GLOBAL_UNCERTAINTY_ASSIGNED_CONTEXT ( ( #6059 ) ) GLOBAL_UNIT_ASSIGNED_CONTEXT ( ( #2747, #3485, #260 ) ) REPRESENTATION_CONTEXT ( 'NONE', 'WORKASPACE' ) );
#4828 = FACE_BOUND ( 'NONE', #8114, .T. ) ;
#4829 = ADVANCED_FACE ( 'NONE', ( #2336 ), #4926, .F. ) ;
#4830 = ORIENTED_EDGE ( 'NONE', *, *, #4369, .F. ) ;
#4831 = PLANE ( 'NONE',  #8076 ) ;
#4832 = ORIENTED_EDGE ( 'NONE', *, *, #2180, .T. ) ;
#4833 = B_SPLINE_CURVE_WITH_KNOTS ( 'NONE', 1,
 ( #3666, #6245 ),
 .UNSPECIFIED., .F., .F.,
 ( 2, 2 ),
 ( 0.08333333333333335646, 0.9166666666666667407 ),
 .UNSPECIFIED. ) ;
#4834 =( GEOMETRIC_REPRESENTATION_CONTEXT ( 3 ) GLOBAL_UNCERTAINTY_ASSIGNED_CONTEXT ( ( #3106 ) ) GLOBAL_UNIT_ASSIGNED_CONTEXT ( ( #2162, #8090, #4745 ) ) REPRESENTATION_CONTEXT ( 'NONE', 'WORKASPACE' ) );
#4835 = CARTESIAN_POINT ( 'NONE',  ( 2.860000000000000320, -1.590000000000001190, 1.169999999999999929 ) ) ;
#4836 = DIRECTION ( 'NONE',  ( 0.9284766908852596368, -3.183103384537389754E-16, 0.3713906763541028888 ) ) ;
#4837 = FACE_OUTER_BOUND ( 'NONE', #1071, .T. ) ;
#4838 =( BOUNDED_CURVE ( )  B_SPLINE_CURVE ( 3, ( #8038, #336, #4906, #1621 ),
 .UNSPECIFIED., .F., .F. ) 
 B_SPLINE_CURVE_WITH_KNOTS ( ( 4, 4 ),
 ( 0.0000000000000000000, 3.141592653589790451 ),
 .UNSPECIFIED. ) 
 CURVE ( )  GEOMETRIC_REPRESENTATION_ITEM ( )  RATIONAL_B_SPLINE_CURVE ( ( 1.000000000000000000, 0.3333333333333298176, 0.3333333333333299842, 1.000000000000000222 ) ) 
 REPRESENTATION_ITEM ( '' )  );
#4839 = VERTEX_POINT ( 'NONE', #8273 ) ;
#4840 = ADVANCED_FACE ( 'NONE', ( #2462 ), #8353, .T. ) ;
#4841 = CARTESIAN_POINT ( 'NONE',  ( -7.360000000000000320, 4.445000000000000284, 1.629999999999999893 ) ) ;
#4842 =( NAMED_UNIT ( * ) SI_UNIT ( $, .STERADIAN. ) SOLID_ANGLE_UNIT ( ) );
#4843 = ORIENTED_EDGE ( 'NONE', *, *, #7361, .T. ) ;
#4844 = PLANE ( 'NONE',  #858 ) ;
#4845 = DIRECTION ( 'NONE',  ( 0.0000000000000000000, 0.0000000000000000000, -1.000000000000000000 ) ) ;
#4846 = CARTESIAN_POINT ( 'NONE',  ( -4.380745640190160550, -4.344999999999999751, 8.166788923234291175 ) ) ;
#4847 = STYLED_ITEM ( 'NONE', ( #5537 ), #6237 ) ;
#4848 = CARTESIAN_POINT ( 'NONE',  ( 5.154999999999997584, -2.794999999999999485, 1.201000000000000512 ) ) ;
#4849 = ORIENTED_EDGE ( 'NONE', *, *, #2042, .F. ) ;
#4850 = B_SPLINE_CURVE_WITH_KNOTS ( 'NONE', 1,
 ( #5830, #1263 ),
 .UNSPECIFIED., .F., .F.,
 ( 2, 2 ),
 ( 0.01282999999999999939, 0.01902999999999999831 ),
 .UNSPECIFIED. ) ;
#4851 = CARTESIAN_POINT ( 'NONE',  ( -4.002266895455593776, -4.444999999999999396, 7.665208616235018368 ) ) ;
#4852 = CARTESIAN_POINT ( 'NONE',  ( -4.260208152568973006, -4.445000000000001172, 7.654298726145857934 ) ) ;
#4853 = CARTESIAN_POINT ( 'NONE',  ( -7.620000000000000107, 4.445000000000000284, 1.629999999999999893 ) ) ;
#4855 = VERTEX_POINT ( 'NONE', #732 ) ;
#4854 = VECTOR ( 'NONE', #6754, 1000.000000000000000 ) ;
#4856 = VERTEX_POINT ( 'NONE', #2578 ) ;
#4857 = DIRECTION ( 'NONE',  ( 0.0000000000000000000, -0.8480480961564281772, 0.5299192642332014591 ) ) ;
#4858 = CARTESIAN_POINT ( 'NONE',  ( -2.860000000000000320, -1.590000000000000080, 1.969999999999999973 ) ) ;
#4859 = DIRECTION ( 'NONE',  ( 0.0000000000000000000, -1.000000000000000000, 0.0000000000000000000 ) ) ;
#4860 = COLOUR_RGB ( '',0.1019607843137254888, 0.1019607843137254888, 0.1019607843137254888 ) ;
#4861 = CARTESIAN_POINT ( 'NONE',  ( 2.860000000000000320, -0.9499999999999999556, 1.969999999999999973 ) ) ;
#4862 = VERTEX_POINT ( 'NONE', #653 ) ;
#4863 = DIRECTION ( 'NONE',  ( 0.0000000000000000000, 0.0000000000000000000, -1.000000000000000000 ) ) ;
#4864 =( NAMED_UNIT ( * ) SI_UNIT ( $, .STERADIAN. ) SOLID_ANGLE_UNIT ( ) );
#4865 = EDGE_LOOP ( 'NONE', ( #7064, #4843, #4401, #390, #415, #3301 ) ) ;
#4866 = PRESENTATION_STYLE_ASSIGNMENT (( #5507 ) ) ;
#4867 = ORIENTED_EDGE ( 'NONE', *, *, #3069, .F. ) ;
#4868 = CARTESIAN_POINT ( 'NONE',  ( -2.220000000000000195, -1.590000000000000080, 8.300000000000000711 ) ) ;
#4869 = B_SPLINE_CURVE_WITH_KNOTS ( 'NONE', 1,
 ( #1331, #4666, #135, #4623 ),
 .UNSPECIFIED., .F., .F.,
 ( 2, 1, 1, 2 ),
 ( 0.0000000000000000000, 0.06732348111658459366, 0.7241379310344829845, 0.7914614121510670230 ),
 .UNSPECIFIED. ) ;
#4870 = ADVANCED_FACE ( 'NONE', ( #578 ), #3317, .T. ) ;
#4871 =( NAMED_UNIT ( * ) PLANE_ANGLE_UNIT ( ) SI_UNIT ( $, .RADIAN. ) );
#4872 = CARTESIAN_POINT ( 'NONE',  ( -2.957431376032717996, -4.345000000000000639, 8.430699563131835106 ) ) ;
#4873 = CARTESIAN_POINT ( 'NONE',  ( 4.819999999999999396, 4.445000000000000284, 10.51999999999999957 ) ) ;
#4874 = ORIENTED_EDGE ( 'NONE', *, *, #4676, .T. ) ;
#4875 = LINE ( 'NONE', #6239, #2125 ) ;
#4876 = ORIENTED_EDGE ( 'NONE', *, *, #394, .F. ) ;
#4877 = DIRECTION ( 'NONE',  ( -0.0000000000000000000, 1.000000000000000000, -0.0000000000000000000 ) ) ;
#4878 = EDGE_CURVE ( 'NONE', #1620, #7010, #8252, .T. ) ;
#4879 = CARTESIAN_POINT ( 'NONE',  ( -2.660000000000000142, 1.389999999999999902, 8.800000000000000711 ) ) ;
#4880 = EDGE_CURVE ( 'NONE', #6602, #2704, #7760, .T. ) ;
#4881 = DIRECTION ( 'NONE',  ( 0.8919390152644690595, 0.0000000000000000000, -0.4521557177002733519 ) ) ;
#4882 = CARTESIAN_POINT ( 'NONE',  ( -2.943981495730058739, -4.445000000000000284, 8.317135736540322455 ) ) ;
#4883 = ORIENTED_EDGE ( 'NONE', *, *, #4686, .F. ) ;
#4884 = CARTESIAN_POINT ( 'NONE',  ( -4.282718693127464782, -4.345000000000000639, 7.626289644546489832 ) ) ;
#4885 = UNCERTAINTY_MEASURE_WITH_UNIT (LENGTH_MEASURE( 1.000000000000000082E-05 ), #3981, 'distance_accuracy_value', 'NONE');
#4886 = VERTEX_POINT ( 'NONE', #5901 ) ;
#4887 = FACE_OUTER_BOUND ( 'NONE', #5877, .T. ) ;
#4888 = CARTESIAN_POINT ( 'NONE',  ( 5.155000000000000249, -3.645000000000000018, 1.239999999999999991 ) ) ;
#4889 = CARTESIAN_POINT ( 'NONE',  ( 2.220000000000000195, 1.590000000000000080, 8.460000000000000853 ) ) ;
#4890 = ADVANCED_FACE ( 'NONE', ( #100 ), #4303, .T. ) ;
#4891 = ORIENTED_EDGE ( 'NONE', *, *, #7587, .F. ) ;
#4892 = SURFACE_STYLE_FILL_AREA ( #412 ) ;
#4893 = CARTESIAN_POINT ( 'NONE',  ( -4.709990443379631131, -4.344999999999998863, 8.066438788089465461 ) ) ;
#4894 = DIRECTION ( 'NONE',  ( 0.0000000000000000000, 1.000000000000000000, 0.0000000000000000000 ) ) ;
#4895 = ORIENTED_EDGE ( 'NONE', *, *, #4590, .T. ) ;
#4896 = ORIENTED_EDGE ( 'NONE', *, *, #3277, .F. ) ;
#4897 = CARTESIAN_POINT ( 'NONE',  ( -0.3200000000000000067, 0.9500000000000000666, 3.720000000000000639 ) ) ;
#4898 = CARTESIAN_POINT ( 'NONE',  ( 0.4249999999999999889, 3.645000000000000018, 1.201000000000000068 ) ) ;
#4899 = CARTESIAN_POINT ( 'NONE',  ( 0.1200000000000000094, -1.149999999999999911, 8.959999999999999076 ) ) ;
#4900 = DIRECTION ( 'NONE',  ( 0.0000000000000000000, 0.0000000000000000000, -1.000000000000000000 ) ) ;
#4901 = EDGE_LOOP ( 'NONE', ( #5738, #6708, #7735, #7416 ) ) ;
#4902 = CARTESIAN_POINT ( 'NONE',  ( 2.860000000000000320, 0.9499999999999999556, -1.029999999999994920 ) ) ;
#4903 = CARTESIAN_POINT ( 'NONE',  ( -3.247904418415179961, -4.344999999999999751, 8.431357709440954196 ) ) ;
#4904 = B_SPLINE_CURVE_WITH_KNOTS ( 'NONE', 1,
 ( #3905, #6717 ),
 .UNSPECIFIED., .F., .F.,
 ( 2, 2 ),
 ( -1.000000000000000000, 0.0000000000000000000 ),
 .UNSPECIFIED. ) ;
#4905 = EDGE_LOOP ( 'NONE', ( #2217, #3822, #2204, #7578, #5650, #6282, #5342, #659 ) ) ;
#4906 = CARTESIAN_POINT ( 'NONE',  ( -5.154999999999997584, 4.495000000000000107, 1.239999999999999547 ) ) ;
#4907 = ORIENTED_EDGE ( 'NONE', *, *, #883, .T. ) ;
#4908 = COLOUR_RGB ( '',0.1019607843137254888, 0.1019607843137254888, 0.1019607843137254888 ) ;
#4909 = CARTESIAN_POINT ( 'NONE',  ( -0.8199999999999999512, -0.4500000000000000111, 1.629999999999999893 ) ) ;
#4910 = B_SPLINE_CURVE_WITH_KNOTS ( 'NONE', 1,
 ( #3131, #1825 ),
 .UNSPECIFIED., .F., .F.,
 ( 2, 2 ),
 ( -0.001806093129679999963, -0.001166093129679999802 ),
 .UNSPECIFIED. ) ;
#4911 = CARTESIAN_POINT ( 'NONE',  ( -3.471080312134038781, -4.445000000000000284, 7.946676373222471668 ) ) ;
#4912 = CARTESIAN_POINT ( 'NONE',  ( 6.570000000000000284, 1.649999999999999911, 3.720000000000000195 ) ) ;
#4913 = CARTESIAN_POINT ( 'NONE',  ( 2.660000000000000142, -0.9461600000000000010, 8.959999999999999076 ) ) ;
#4914 = CARTESIAN_POINT ( 'NONE',  ( -0.3200000000000000067, -1.590000000000000302, 3.720000000000000639 ) ) ;
#4915 = VERTEX_POINT ( 'NONE', #7890 ) ;
#4916 = CARTESIAN_POINT ( 'NONE',  ( -4.780039163440672034, -4.445000000000001172, 7.910394100366930914 ) ) ;
#4917 = EDGE_CURVE ( 'NONE', #5743, #3844, #7279, .T. ) ;
#4918 = ORIENTED_EDGE ( 'NONE', *, *, #4630, .T. ) ;
#4919 = B_SPLINE_CURVE_WITH_KNOTS ( 'NONE', 1,
 ( #1510, #8012 ),
 .UNSPECIFIED., .F., .F.,
 ( 2, 2 ),
 ( -1.000000000000000000, 0.0000000000000000000 ),
 .UNSPECIFIED. ) ;
#4920 = LINE ( 'NONE', #2249, #4257 ) ;
#4921 = APPLICATION_PROTOCOL_DEFINITION ( 'draft international standard', 'automotive_design', 1998, #8367 ) ;
#4922 = DIRECTION ( 'NONE',  ( -0.0000000000000000000, -0.0000000000000000000, 1.000000000000000000 ) ) ;
#4923 = FILL_AREA_STYLE_COLOUR ( '', #6633 ) ;
#4924 = FILL_AREA_STYLE_COLOUR ( '', #1307 ) ;
#4925 = CARTESIAN_POINT ( 'NONE',  ( -0.3200000000000000067, -0.9500000000000000666, 3.720000000000000639 ) ) ;
#4926 = PLANE ( 'NONE',  #3878 ) ;
#4927 = ADVANCED_FACE ( 'NONE', ( #1499 ), #7186, .T. ) ;
#4928 = EDGE_CURVE ( 'NONE', #1052, #1069, #6345, .T. ) ;
#4929 = VERTEX_POINT ( 'NONE', #3446 ) ;
#4930 = CARTESIAN_POINT ( 'NONE',  ( -7.620000000000000107, 1.649999999999999911, 8.030000000000001137 ) ) ;
#4931 = FILL_AREA_STYLE ('',( #7463 ) ) ;
#4932 = CARTESIAN_POINT ( 'NONE',  ( 2.220000000000000195, 1.590000000000000080, 8.460000000000000853 ) ) ;
#4933 = COLOUR_RGB ( '',0.1019607843137254888, 0.1019607843137254888, 0.1019607843137254888 ) ;
#4934 = PRESENTATION_LAYER_ASSIGNMENT (  '', '', ( #753 ) ) ;
#4935 = VERTEX_POINT ( 'NONE', #2083 ) ;
#4936 = CARTESIAN_POINT ( 'NONE',  ( -4.308924791567536161, -4.445000000000000284, 7.602846860489460568 ) ) ;
#4937 = CARTESIAN_POINT ( 'NONE',  ( -2.965120281766244759, -4.444999999999999396, 8.456461175439670797 ) ) ;
#4938 = ORIENTED_EDGE ( 'NONE', *, *, #678, .F. ) ;
#4939 = EDGE_CURVE ( 'NONE', #4048, #6993, #4154, .T. ) ;
#4940 = ORIENTED_EDGE ( 'NONE', *, *, #7624, .F. ) ;
#4941 = AXIS2_PLACEMENT_3D ( 'NONE', #6419, #5108, #6526 ) ;
#4942 = CARTESIAN_POINT ( 'NONE',  ( -0.1200000000000000094, -1.149999999999999911, 8.959999999999999076 ) ) ;
#4943 = PLANE ( 'NONE',  #2668 ) ;
#4944 = PRESENTATION_STYLE_ASSIGNMENT (( #5588 ) ) ;
#4945 = CARTESIAN_POINT ( 'NONE',  ( 2.220000000000000195, -1.590000000000000080, -1.029999999999994476 ) ) ;
#4946 = CARTESIAN_POINT ( 'NONE',  ( 7.169999999999999929, -3.915000000000000036, 10.51999999999999957 ) ) ;
#4947 = VERTEX_POINT ( 'NONE', #4710 ) ;
#4948 = FACE_OUTER_BOUND ( 'NONE', #2104, .T. ) ;
#4949 = COLOUR_RGB ( '',0.1019607843137254888, 0.1019607843137254888, 0.1019607843137254888 ) ;
#4950 = CARTESIAN_POINT ( 'NONE',  ( -3.331633024636575069, -4.445000000000559837, 8.451993400185523697 ) ) ;
#4951 = ORIENTED_EDGE ( 'NONE', *, *, #3435, .T. ) ;
#4952 = CARTESIAN_POINT ( 'NONE',  ( 4.304999999999999716, -4.495000000000000107, 1.239999999999999325 ) ) ;
#4953 = ORIENTED_EDGE ( 'NONE', *, *, #2448, .T. ) ;
#4954 = PRESENTATION_LAYER_ASSIGNMENT (  '', '', ( #4141 ) ) ;
#4955 = CARTESIAN_POINT ( 'NONE',  ( -3.360000000000000320, 2.089999999999999858, 1.629999999999999893 ) ) ;
#4956 = CARTESIAN_POINT ( 'NONE',  ( 2.660000000000000142, 1.389999999999999902, 8.959999999999999076 ) ) ;
#4957 = CARTESIAN_POINT ( 'NONE',  ( -3.193328175412729397, -4.444999999999999396, 8.258369922473411506 ) ) ;
#4958 = CARTESIAN_POINT ( 'NONE',  ( -2.666933639016676238, -4.344999999999999751, 6.968253446624994574 ) ) ;
#4959 = LINE ( 'NONE', #3700, #1126 ) ;
#4960 = B_SPLINE_CURVE_WITH_KNOTS ( 'NONE', 3,
 ( #8317, #657, #6489, #1297, #5792, #7685, #1896, #1859, #5055, #8356, #7641 ),
 .UNSPECIFIED., .F., .F.,
 ( 4, 1, 1, 1, 1, 1, 1, 1, 4 ),
 ( 0.0000000000000000000, 0.1354037467141837037, 0.2622251654516468133, 0.3858490677562568805, 0.5108573636088568071, 0.6349774647635280100, 0.7532990766584827247, 0.8739320409395671119, 1.000000000000000000 ),
 .UNSPECIFIED. ) ;
#4962 = VERTEX_POINT ( 'NONE', #6678 ) ;
#4961 = PRESENTATION_LAYER_ASSIGNMENT (  '', '', ( #7801 ) ) ;
#4963 =( NAMED_UNIT ( * ) PLANE_ANGLE_UNIT ( ) SI_UNIT ( $, .RADIAN. ) );
#4964 = UNCERTAINTY_MEASURE_WITH_UNIT (LENGTH_MEASURE( 1.000000000000000082E-05 ), #3242, 'distance_accuracy_value', 'NONE');
#4965 = ORIENTED_EDGE ( 'NONE', *, *, #3602, .T. ) ;
#4966 = FACE_OUTER_BOUND ( 'NONE', #4806, .T. ) ;
#4967 =( NAMED_UNIT ( * ) SI_UNIT ( $, .STERADIAN. ) SOLID_ANGLE_UNIT ( ) );
#4968 = STYLED_ITEM ( 'NONE', ( #8265 ), #5208 ) ;
#4969 = FACE_OUTER_BOUND ( 'NONE', #7115, .T. ) ;
#4970 = CARTESIAN_POINT ( 'NONE',  ( -2.998519472824753063, -4.444999999999997620, 8.527054377416307673 ) ) ;
#4971 = ORIENTED_EDGE ( 'NONE', *, *, #7614, .F. ) ;
#4972 = DIRECTION ( 'NONE',  ( 9.780672836123366243E-15, -1.000000000000000000, 3.777706580535078268E-13 ) ) ;
#4973 = FILL_AREA_STYLE_COLOUR ( '', #5179 ) ;
#4974 = VECTOR ( 'NONE', #2488, 1000.000000000000227 ) ;
#4975 = ORIENTED_EDGE ( 'NONE', *, *, #2626, .F. ) ;
#4976 = DIRECTION ( 'NONE',  ( -1.000000000000000000, 0.0000000000000000000, 0.0000000000000000000 ) ) ;
#4977 = CARTESIAN_POINT ( 'NONE',  ( 2.860000000000000320, 0.9499999999999999556, 8.460000000000000853 ) ) ;
#4978 = DIRECTION ( 'NONE',  ( 1.000000000000000000, 0.0000000000000000000, -4.285384080970379855E-16 ) ) ;
#4979 = ADVANCED_FACE ( 'NONE', ( #899 ), #7359, .T. ) ;
#4980 = CARTESIAN_POINT ( 'NONE',  ( -3.402709210073007640, -4.345000000000000639, 8.184102049307414362 ) ) ;
#4981 = STYLED_ITEM ( 'NONE', ( #7423 ), #6236 ) ;
#4982 = ORIENTED_EDGE ( 'NONE', *, *, #3527, .F. ) ;
#4983 = CARTESIAN_POINT ( 'NONE',  ( 5.155000000000000249, -3.645000000000000018, 1.201000000000000068 ) ) ;
#4984 = CARTESIAN_POINT ( 'NONE',  ( -3.217204068513177972, -4.344999999999998863, 7.966796026337330083 ) ) ;
#4985 = ORIENTED_EDGE ( 'NONE', *, *, #836, .T. ) ;
#4986 = ORIENTED_EDGE ( 'NONE', *, *, #5979, .T. ) ;
#4987 = STYLED_ITEM ( 'NONE', ( #6968 ), #7849 ) ;
#4988 = CARTESIAN_POINT ( 'NONE',  ( 2.660000000000000142, 1.149999999999999911, 8.959999999999999076 ) ) ;
#4989 = CARTESIAN_POINT ( 'NONE',  ( 6.570000000000000284, 1.649999999999999911, 3.720000000000000195 ) ) ;
#4990 = FACE_OUTER_BOUND ( 'NONE', #4478, .T. ) ;
#4991 = EDGE_CURVE ( 'NONE', #1970, #2356, #166, .T. ) ;
#4992 = CARTESIAN_POINT ( 'NONE',  ( -6.570000000000000284, 1.649999999999999911, 3.720000000000000195 ) ) ;
#4993 = CARTESIAN_POINT ( 'NONE',  ( -2.220000000000000195, -0.9499999999999999556, 3.720000000000000639 ) ) ;
#4994 = EDGE_CURVE ( 'NONE', #171, #6846, #2683, .T. ) ;
#4995 = ORIENTED_EDGE ( 'NONE', *, *, #1159, .F. ) ;
#4996 = CARTESIAN_POINT ( 'NONE',  ( 0.0000000000000000000, -1.402539194427198543, -1.330000000000000071 ) ) ;
#4997 =( LENGTH_UNIT ( ) NAMED_UNIT ( * ) SI_UNIT ( .MILLI., .METRE. ) );
#4998 = ORIENTED_EDGE ( 'NONE', *, *, #2341, .T. ) ;
#4999 = CARTESIAN_POINT ( 'NONE',  ( 2.860000000000000320, -1.590000000000000080, 3.720000000000000195 ) ) ;
#5000 = ORIENTED_EDGE ( 'NONE', *, *, #8249, .F. ) ;
#5001 = VECTOR ( 'NONE', #5718, 1000.000000000000000 ) ;
#5002 = CARTESIAN_POINT ( 'NONE',  ( 4.304999999999999716, 3.645000000000000018, 1.239999999999999991 ) ) ;
#5003 = CARTESIAN_POINT ( 'NONE',  ( -0.3200000000000000067, 1.590000000000000080, 2.130000000000001226 ) ) ;
#5004 = ADVANCED_FACE ( 'NONE', ( #6594 ), #2203, .T. ) ;
#5005 = CARTESIAN_POINT ( 'NONE',  ( -6.570000000000000284, -3.314999999999999947, 3.720000000000000195 ) ) ;
#5006 = DIRECTION ( 'NONE',  ( 0.0000000000000000000, 0.0000000000000000000, -1.000000000000000000 ) ) ;
#5007 =( LENGTH_UNIT ( ) NAMED_UNIT ( * ) SI_UNIT ( .MILLI., .METRE. ) );
#5008 =( GEOMETRIC_REPRESENTATION_CONTEXT ( 3 ) GLOBAL_UNCERTAINTY_ASSIGNED_CONTEXT ( ( #714 ) ) GLOBAL_UNIT_ASSIGNED_CONTEXT ( ( #3322, #2505, #737 ) ) REPRESENTATION_CONTEXT ( 'NONE', 'WORKASPACE' ) );
#5009 = EDGE_LOOP ( 'NONE', ( #1819, #5757 ) ) ;
#5010 = EDGE_LOOP ( 'NONE', ( #2482, #8320, #7469, #5345 ) ) ;
#5011 = DIRECTION ( 'NONE',  ( 0.0000000000000000000, 0.0000000000000000000, -1.000000000000000000 ) ) ;
#5012 = PLANE ( 'NONE',  #3448 ) ;
#5013 = EDGE_LOOP ( 'NONE', ( #5032, #6697, #6242, #4692, #4188 ) ) ;
#5014 = PLANE ( 'NONE',  #2904 ) ;
#5015 = CARTESIAN_POINT ( 'NONE',  ( 0.4249999999999999334, -4.495000000000000107, 0.8499999999999999778 ) ) ;
#5016 = ORIENTED_EDGE ( 'NONE', *, *, #5667, .T. ) ;
#5017 = SURFACE_SIDE_STYLE ('',( #1857 ) ) ;
#5018 = B_SPLINE_CURVE_WITH_KNOTS ( 'NONE', 1,
 ( #6696, #4808 ),
 .UNSPECIFIED., .F., .F.,
 ( 2, 2 ),
 ( 0.001920000000000000049, 0.002560000000000000209 ),
 .UNSPECIFIED. ) ;
#5019 = SURFACE_SIDE_STYLE ('',( #3717 ) ) ;
#5020 = DIRECTION ( 'NONE',  ( -1.000000000000000000, 0.0000000000000000000, 0.0000000000000000000 ) ) ;
#5021 = ORIENTED_EDGE ( 'NONE', *, *, #2626, .T. ) ;
#5022 = CARTESIAN_POINT ( 'NONE',  ( -0.3200000000000000067, -1.590000000000000302, 3.720000000000000639 ) ) ;
#5023 = FILL_AREA_STYLE_COLOUR ( '', #7933 ) ;
#5024 = ORIENTED_EDGE ( 'NONE', *, *, #3068, .F. ) ;
#5025 = EDGE_LOOP ( 'NONE', ( #4155, #7434, #3028, #249 ) ) ;
#5026 = EDGE_CURVE ( 'NONE', #4421, #701, #289, .T. ) ;
#5027 = CARTESIAN_POINT ( 'NONE',  ( 2.860000000000000320, -0.9499999999999999556, 1.169999999999999929 ) ) ;
#5028 = DIRECTION ( 'NONE',  ( 0.0000000000000000000, 1.000000000000000000, 0.0000000000000000000 ) ) ;
#5029 = CARTESIAN_POINT ( 'NONE',  ( -0.4249999999999999334, 2.794999999999999485, 1.669000000000000483 ) ) ;
#5030 = CARTESIAN_POINT ( 'NONE',  ( -2.220000000000000195, -1.590000000000000080, 2.129999999999999893 ) ) ;
#5031 = FILL_AREA_STYLE ('',( #7697 ) ) ;
#5032 = ORIENTED_EDGE ( 'NONE', *, *, #3689, .T. ) ;
#5033 = CARTESIAN_POINT ( 'NONE',  ( 5.412090639330994435, 4.834533315349336391, 1.630000000000000115 ) ) ;
#5034 =( GEOMETRIC_REPRESENTATION_CONTEXT ( 3 ) GLOBAL_UNCERTAINTY_ASSIGNED_CONTEXT ( ( #4885 ) ) GLOBAL_UNIT_ASSIGNED_CONTEXT ( ( #3981, #1292, #5138 ) ) REPRESENTATION_CONTEXT ( 'NONE', 'WORKASPACE' ) );
#5035 = SURFACE_STYLE_FILL_AREA ( #6226 ) ;
#5036 = ORIENTED_EDGE ( 'NONE', *, *, #6943, .F. ) ;
#5037 = ORIENTED_EDGE ( 'NONE', *, *, #3504, .F. ) ;
#5038 = ADVANCED_FACE ( 'NONE', ( #7445 ), #4831, .T. ) ;
#5039 = ADVANCED_FACE ( 'NONE', ( #4287 ), #438, .F. ) ;
#5040 = CARTESIAN_POINT ( 'NONE',  ( 2.860000000000000320, 0.9499999999999999556, 2.129999999999999893 ) ) ;
#5041 =( NAMED_UNIT ( * ) PLANE_ANGLE_UNIT ( ) SI_UNIT ( $, .RADIAN. ) );
#5042 = CARTESIAN_POINT ( 'NONE',  ( 2.220000000000000195, -1.590000000000000080, 1.169999999999999929 ) ) ;
#5043 = VERTEX_POINT ( 'NONE', #8050 ) ;
#5044 =( NAMED_UNIT ( * ) PLANE_ANGLE_UNIT ( ) SI_UNIT ( $, .RADIAN. ) );
#5045 = ORIENTED_EDGE ( 'NONE', *, *, #7193, .F. ) ;
#5046 = EDGE_CURVE ( 'NONE', #3974, #6307, #2245, .T. ) ;
#5047 = SURFACE_STYLE_USAGE ( .BOTH. , #7030 ) ;
#5048 = SURFACE_STYLE_FILL_AREA ( #1087 ) ;
#5049 = ORIENTED_EDGE ( 'NONE', *, *, #6491, .T. ) ;
#5050 = SURFACE_SIDE_STYLE ('',( #4504 ) ) ;
#5051 = CARTESIAN_POINT ( 'NONE',  ( -0.4249999999999999334, -4.495000000000000107, 0.8499999999999999778 ) ) ;
#5052 = CARTESIAN_POINT ( 'NONE',  ( -4.304999999999999716, -3.645000000000000018, 0.8499999999999999778 ) ) ;
#5053 = UNCERTAINTY_MEASURE_WITH_UNIT (LENGTH_MEASURE( 1.000000000000000082E-05 ), #637, 'distance_accuracy_value', 'NONE');
#5054 = CARTESIAN_POINT ( 'NONE',  ( -3.459155774576212483, -4.445000000000000284, 8.692916151871516561 ) ) ;
#5055 = CARTESIAN_POINT ( 'NONE',  ( -4.370525575744214741, -4.444999999999999396, 7.945091259295204544 ) ) ;
#5056 = CARTESIAN_POINT ( 'NONE',  ( -2.860000000000000320, -0.9499999999999999556, -1.029999999999998472 ) ) ;
#5057 = ORIENTED_EDGE ( 'NONE', *, *, #434, .T. ) ;
#5058 = CARTESIAN_POINT ( 'NONE',  ( 2.419999999999999929, 1.389999999999999902, 8.959999999999999076 ) ) ;
#5059 = PRESENTATION_LAYER_ASSIGNMENT (  '', '', ( #871 ) ) ;
#5060 = CARTESIAN_POINT ( 'NONE',  ( -2.943981495730058739, -4.445000000000000284, 8.317135736540322455 ) ) ;
#5061 = EDGE_LOOP ( 'NONE', ( #5049, #3550, #6835, #2599 ) ) ;
#5062 = EDGE_LOOP ( 'NONE', ( #6170, #1152, #1917, #7167 ) ) ;
#5063 = CARTESIAN_POINT ( 'NONE',  ( 2.419999999999999929, -1.389999999999999902, 8.959999999999999076 ) ) ;
#5064 = LINE ( 'NONE', #6837, #2158 ) ;
#5065 = LINE ( 'NONE', #2015, #7221 ) ;
#5066 = AXIS2_PLACEMENT_3D ( 'NONE', #7953, #2152, #2027 ) ;
#5067 = SURFACE_STYLE_FILL_AREA ( #8291 ) ;
#5068 = CARTESIAN_POINT ( 'NONE',  ( -2.860000000000000320, -0.9461600000000000010, 8.300000000000000711 ) ) ;
#5069 = ORIENTED_EDGE ( 'NONE', *, *, #6618, .F. ) ;
#5070 = CARTESIAN_POINT ( 'NONE',  ( 2.220000000000000195, -1.590000000000000302, 3.720000000000000639 ) ) ;
#5071 = EDGE_CURVE ( 'NONE', #3388, #382, #8096, .T. ) ;
#5072 = EDGE_LOOP ( 'NONE', ( #4986, #2595, #1245, #7992, #7104, #8103 ) ) ;
#5073 = AXIS2_PLACEMENT_3D ( 'NONE', #1869, #7608, #3730 ) ;
#5074 = AXIS2_PLACEMENT_3D ( 'NONE', #507, #1013, #372 ) ;
#5075 = ORIENTED_EDGE ( 'NONE', *, *, #3504, .T. ) ;
#5076 = LINE ( 'NONE', #5809, #4769 ) ;
#5077 = B_SPLINE_CURVE_WITH_KNOTS ( 'NONE', 1,
 ( #6401, #599 ),
 .UNSPECIFIED., .F., .F.,
 ( 2, 2 ),
 ( 0.0000000000000000000, 1.000000000000000000 ),
 .UNSPECIFIED. ) ;
#5078 = CARTESIAN_POINT ( 'NONE',  ( -2.220000000000000195, -1.590000000000000080, 1.169999999999999929 ) ) ;
#5079 = CARTESIAN_POINT ( 'NONE',  ( -4.484232842554831677, -4.345000000000001528, 7.343385337612709840 ) ) ;
#5080 = PRESENTATION_LAYER_ASSIGNMENT (  '', '', ( #5772 ) ) ;
#5081 =( GEOMETRIC_REPRESENTATION_CONTEXT ( 3 ) GLOBAL_UNCERTAINTY_ASSIGNED_CONTEXT ( ( #7927 ) ) GLOBAL_UNIT_ASSIGNED_CONTEXT ( ( #1253, #5134, #3230 ) ) REPRESENTATION_CONTEXT ( 'NONE', 'WORKASPACE' ) );
#5082 = CARTESIAN_POINT ( 'NONE',  ( -3.215521536564529992, -4.344999999999998863, 8.227575040600877188 ) ) ;
#5083 = EDGE_CURVE ( 'NONE', #1236, #2500, #1081, .T. ) ;
#5084 = EDGE_CURVE ( 'NONE', #1863, #106, #5416, .T. ) ;
#5085 = ORIENTED_EDGE ( 'NONE', *, *, #7501, .F. ) ;
#5086 = PLANE ( 'NONE',  #3884 ) ;
#5087 = ORIENTED_EDGE ( 'NONE', *, *, #7402, .T. ) ;
#5088 = STYLED_ITEM ( 'NONE', ( #2701 ), #4203 ) ;
#5089 = SURFACE_STYLE_USAGE ( .BOTH. , #1170 ) ;
#5090 = FACE_OUTER_BOUND ( 'NONE', #3899, .T. ) ;
#5091 = CARTESIAN_POINT ( 'NONE',  ( -5.155000000000000249, -3.645000000000000018, 1.629999999999999893 ) ) ;
#5092 = EDGE_CURVE ( 'NONE', #4077, #2997, #4875, .T. ) ;
#5093 = EDGE_CURVE ( 'NONE', #7138, #5629, #5729, .T. ) ;
#5094 = AXIS2_PLACEMENT_3D ( 'NONE', #951, #2715, #907 ) ;
#5095 = EDGE_LOOP ( 'NONE', ( #5976, #1402, #931, #3033, #6768, #1127 ) ) ;
#5096 =( NAMED_UNIT ( * ) SI_UNIT ( $, .STERADIAN. ) SOLID_ANGLE_UNIT ( ) );
#5097 = CARTESIAN_POINT ( 'NONE',  ( 4.304999999999999716, 3.645000000000000018, 0.8499999999999999778 ) ) ;
#5098 = B_SPLINE_CURVE_WITH_KNOTS ( 'NONE', 1,
 ( #4280, #6850 ),
 .UNSPECIFIED., .F., .F.,
 ( 2, 2 ),
 ( 0.0008628193996200000894, 0.001437275664269999911 ),
 .UNSPECIFIED. ) ;
#5099 =( GEOMETRIC_REPRESENTATION_CONTEXT ( 3 ) GLOBAL_UNCERTAINTY_ASSIGNED_CONTEXT ( ( #1166 ) ) GLOBAL_UNIT_ASSIGNED_CONTEXT ( ( #4777, #845, #3307 ) ) REPRESENTATION_CONTEXT ( 'NONE', 'WORKASPACE' ) );
#5100 =( LENGTH_UNIT ( ) NAMED_UNIT ( * ) SI_UNIT ( .MILLI., .METRE. ) );
#5101 = CARTESIAN_POINT ( 'NONE',  ( 0.3200000000000000067, -0.9499999999999999556, 2.129999999999999893 ) ) ;
#5102 = CARTESIAN_POINT ( 'NONE',  ( -4.987909360668997927, 4.834533315349336391, 10.52000000000000668 ) ) ;
#5103 = CARTESIAN_POINT ( 'NONE',  ( -7.169999999999999929, -3.915000000000000036, 10.51999999999999957 ) ) ;
#5104 = B_SPLINE_CURVE_WITH_KNOTS ( 'NONE', 3,
 ( #3286, #5867, #5834, #2631, #2051, #29, #4598, #1382, #5911, #1422, #3954 ),
 .UNSPECIFIED., .F., .F.,
 ( 4, 1, 1, 1, 1, 1, 1, 1, 4 ),
 ( 0.0000000000000000000, 0.1211522424913111379, 0.2376005895733856732, 0.3560524880869204711, 0.4805249744886022079, 0.6076386115432800272, 0.7334299283789929014, 0.8621816073824741800, 1.000000000000000000 ),
 .UNSPECIFIED. ) ;
#5105 = CARTESIAN_POINT ( 'NONE',  ( -4.709990443379631131, -4.344999999999999751, 8.066438788089465461 ) ) ;
#5106 = EDGE_CURVE ( 'NONE', #8191, #1394, #2565, .T. ) ;
#5107 = VERTEX_POINT ( 'NONE', #476 ) ;
#5108 = DIRECTION ( 'NONE',  ( 1.000000000000000000, 0.0000000000000000000, 0.0000000000000000000 ) ) ;
#5109 = CARTESIAN_POINT ( 'NONE',  ( 2.220000000000000195, 1.590000000000000080, 8.460000000000000853 ) ) ;
#5110 = DIRECTION ( 'NONE',  ( 6.397217990657470100E-14, -1.000000000000000000, 3.100786355831403267E-12 ) ) ;
#5111 = ORIENTED_EDGE ( 'NONE', *, *, #6163, .T. ) ;
#5112 = FACE_OUTER_BOUND ( 'NONE', #5429, .T. ) ;
#5113 = CARTESIAN_POINT ( 'NONE',  ( -3.229765617399134925, -4.445000000000001172, 8.215034658981670290 ) ) ;
#5114 = STYLED_ITEM ( 'NONE', ( #7051 ), #6126 ) ;
#5115 = CARTESIAN_POINT ( 'NONE',  ( -2.860000000000000320, -0.9499999999999999556, -1.029999999999998028 ) ) ;
#5116 = ORIENTED_EDGE ( 'NONE', *, *, #3013, .F. ) ;
#5117 = CARTESIAN_POINT ( 'NONE',  ( -0.1200000000000000094, -1.389999999999999902, 8.959999999999999076 ) ) ;
#5118 = DIRECTION ( 'NONE',  ( -0.0000000000000000000, 1.000000000000000000, -0.0000000000000000000 ) ) ;
#5120 = EDGE_LOOP ( 'NONE', ( #1188, #4307, #8325, #7782 ) ) ;
#5119 = COLOUR_RGB ( '',0.1019607843137254888, 0.1019607843137254888, 0.1019607843137254888 ) ;
#5121 = ORIENTED_EDGE ( 'NONE', *, *, #1686, .F. ) ;
#5122 = UNCERTAINTY_MEASURE_WITH_UNIT (LENGTH_MEASURE( 1.000000000000000082E-05 ), #3928, 'distance_accuracy_value', 'NONE');
#5123 = FILL_AREA_STYLE_COLOUR ( '', #6650 ) ;
#5124 = PRESENTATION_LAYER_ASSIGNMENT (  '', '', ( #5811 ) ) ;
#5125 =( GEOMETRIC_REPRESENTATION_CONTEXT ( 3 ) GLOBAL_UNCERTAINTY_ASSIGNED_CONTEXT ( ( #6400 ) ) GLOBAL_UNIT_ASSIGNED_CONTEXT ( ( #4626, #2161, #2780 ) ) REPRESENTATION_CONTEXT ( 'NONE', 'WORKASPACE' ) );
#5126 = CARTESIAN_POINT ( 'NONE',  ( -4.809633205131768285, -4.344999999999999751, 7.749755010712329195 ) ) ;
#5127 = FACE_BOUND ( 'NONE', #6812, .T. ) ;
#5128 = CARTESIAN_POINT ( 'NONE',  ( 3.360000000000000320, -2.089999999999999858, 1.629999999999999893 ) ) ;
#5129 = VERTEX_POINT ( 'NONE', #301 ) ;
#5130 = SURFACE_STYLE_FILL_AREA ( #8344 ) ;
#5131 = UNCERTAINTY_MEASURE_WITH_UNIT (LENGTH_MEASURE( 1.000000000000000082E-05 ), #4487, 'distance_accuracy_value', 'NONE');
#5132 = AXIS2_PLACEMENT_3D ( 'NONE', #1496, #2080, #4195 ) ;
#5133 = ADVANCED_FACE ( 'NONE', ( #1210 ), #606, .T. ) ;
#5134 =( NAMED_UNIT ( * ) PLANE_ANGLE_UNIT ( ) SI_UNIT ( $, .RADIAN. ) );
#5135 = CARTESIAN_POINT ( 'NONE',  ( 0.1200000000000000094, -1.389999999999999902, 8.959999999999999076 ) ) ;
#5136 = CARTESIAN_POINT ( 'NONE',  ( -4.400461864319803240, -4.445000000000000284, 7.336078545033910991 ) ) ;
#5137 = VECTOR ( 'NONE', #3980, 1000.000000000000000 ) ;
#5138 =( NAMED_UNIT ( * ) SI_UNIT ( $, .STERADIAN. ) SOLID_ANGLE_UNIT ( ) );
#5139 = DIRECTION ( 'NONE',  ( 1.000000000000000000, -2.775557561562899979E-17, 0.0000000000000000000 ) ) ;
#5140 = CARTESIAN_POINT ( 'NONE',  ( -3.238677216843533380, -4.345000000000000639, 7.961453472276928345 ) ) ;
#5141 =( NAMED_UNIT ( * ) PLANE_ANGLE_UNIT ( ) SI_UNIT ( $, .RADIAN. ) );
#5142 = B_SPLINE_CURVE_WITH_KNOTS ( 'NONE', 1,
 ( #340, #2318 ),
 .UNSPECIFIED., .F., .F.,
 ( 2, 2 ),
 ( 0.0000000000000000000, 1.000000000000000000 ),
 .UNSPECIFIED. ) ;
#5143 = EDGE_CURVE ( 'NONE', #6536, #4497, #1475, .T. ) ;
#5144 = CARTESIAN_POINT ( 'NONE',  ( 0.3200000000000000067, 1.590000000000000080, 2.129999999999999893 ) ) ;
#5145 = CARTESIAN_POINT ( 'NONE',  ( -4.209575112822709464, -4.344999999999998863, 7.382532799965025205 ) ) ;
#5146 = ORIENTED_EDGE ( 'NONE', *, *, #2130, .F. ) ;
#5147 = CARTESIAN_POINT ( 'NONE',  ( -2.407460805572799956, 0.0000000000000000000, -1.330000000000000071 ) ) ;
#5148 = SURFACE_SIDE_STYLE ('',( #7726 ) ) ;
#5149 = CARTESIAN_POINT ( 'NONE',  ( -4.305000000000002380, 4.495000000000000107, 0.8499999999999999778 ) ) ;
#5150 = ORIENTED_EDGE ( 'NONE', *, *, #1571, .T. ) ;
#5151 = EDGE_CURVE ( 'NONE', #2301, #1987, #7631, .T. ) ;
#5152 = PLANE ( 'NONE',  #6935 ) ;
#5153 = CARTESIAN_POINT ( 'NONE',  ( -3.203188259074832622, -4.445000000000001172, 8.241904572318876632 ) ) ;
#5154 = PLANE ( 'NONE',  #3596 ) ;
#5155 =( LENGTH_UNIT ( ) NAMED_UNIT ( * ) SI_UNIT ( .MILLI., .METRE. ) );
#5156 = VERTEX_POINT ( 'NONE', #3823 ) ;
#5157 = SURFACE_STYLE_USAGE ( .BOTH. , #3298 ) ;
#5158 = DIRECTION ( 'NONE',  ( 0.0000000000000000000, -1.000000000000000000, 0.0000000000000000000 ) ) ;
#5159 = ORIENTED_EDGE ( 'NONE', *, *, #5326, .T. ) ;
#5160 = ORIENTED_EDGE ( 'NONE', *, *, #4427, .F. ) ;
#5161 = DIRECTION ( 'NONE',  ( -0.0000000000000000000, 1.000000000000000000, -0.0000000000000000000 ) ) ;
#5162 = STYLED_ITEM ( 'NONE', ( #6551 ), #66 ) ;
#5163 =( BOUNDED_SURFACE ( )  B_SPLINE_SURFACE ( 3, 1, ( 
 ( #4060, #2119, #5258 ),
 ( #7922, #7141, #7273 ),
 ( #1405, #4703, #4579 ),
 ( #1443, #7797, #1492 ),
 ( #6752, #6133, #2899 ),
 ( #5981, #6548, #51 ),
 ( #3553, #2609, #2272 ) ),
 .UNSPECIFIED., .T., .F., .F. ) 
 B_SPLINE_SURFACE_WITH_KNOTS ( ( 4, 3, 4 ),
 ( 2, 1, 2 ),
 ( 0.0000000000000000000, 0.5000000000000000000, 1.000000000000000000 ),
 ( -0.7500000000000000000, 0.0000000000000000000, 1.000000000000000000 ),
 .UNSPECIFIED. ) 
 GEOMETRIC_REPRESENTATION_ITEM ( )  RATIONAL_B_SPLINE_SURFACE ( (
 ( 1.000000000000000000, 1.000000000000000000, 1.000000000000000000),
 ( 0.3333333333333299842, 0.3333333333333299842, 0.3333333333333299842),
 ( 0.3333333333333299842, 0.3333333333333299842, 0.3333333333333299842),
 ( 1.000000000000000000, 1.000000000000000000, 1.000000000000000000),
 ( 0.3333333333333299842, 0.3333333333333299842, 0.3333333333333299842),
 ( 0.3333333333333299842, 0.3333333333333299842, 0.3333333333333299842),
 ( 1.000000000000000000, 1.000000000000000000, 1.000000000000000000) ) ) 
 REPRESENTATION_ITEM ( '' )  SURFACE ( )  );
#5164 = DIRECTION ( 'NONE',  ( -0.0000000000000000000, 1.000000000000000000, 0.0000000000000000000 ) ) ;
#5165 = CARTESIAN_POINT ( 'NONE',  ( -4.802785485970293422, -4.345000000000000639, 7.670889654166589189 ) ) ;
#5166 = CARTESIAN_POINT ( 'NONE',  ( 0.3200000000000000067, -0.9499999999999999556, 2.129999999999999893 ) ) ;
#5167 = EDGE_LOOP ( 'NONE', ( #4450, #4372, #6677, #4533 ) ) ;
#5168 = CARTESIAN_POINT ( 'NONE',  ( -4.546065243890659247, -4.444999999999998508, 7.866239795783510402 ) ) ;
#5169 = B_SPLINE_CURVE_WITH_KNOTS ( 'NONE', 1,
 ( #5591, #5637 ),
 .UNSPECIFIED., .F., .F.,
 ( 2, 2 ),
 ( 0.0000000000000000000, 1.000000000000000000 ),
 .UNSPECIFIED. ) ;
#5170 = DIRECTION ( 'NONE',  ( 0.0000000000000000000, -1.000000000000000000, 0.0000000000000000000 ) ) ;
#5171 = CARTESIAN_POINT ( 'NONE',  ( -0.3200000000000000067, 0.9499999999999999556, 2.129999999999999893 ) ) ;
#5172 = AXIS2_PLACEMENT_3D ( 'NONE', #8271, #3907, #1450 ) ;
#5173 = CARTESIAN_POINT ( 'NONE',  ( -3.996568713580090471, -4.445000000000001172, 7.706037500859941325 ) ) ;
#5174 = PLANE ( 'NONE',  #2576 ) ;
#5175 = SURFACE_SIDE_STYLE ('',( #8352 ) ) ;
#5176 = EDGE_CURVE ( 'NONE', #1058, #8210, #3399, .T. ) ;
#5177 = CARTESIAN_POINT ( 'NONE',  ( -3.262987475153806383, -4.344999999999997087, 7.957742478033253519 ) ) ;
#5178 = CARTESIAN_POINT ( 'NONE',  ( -2.860000000000000320, -0.9499999999999999556, 8.300000000000000711 ) ) ;
#5179 = COLOUR_RGB ( '',0.1019607843137254888, 0.1019607843137254888, 0.1019607843137254888 ) ;
#5180 = FACE_OUTER_BOUND ( 'NONE', #1550, .T. ) ;
#5181 = CARTESIAN_POINT ( 'NONE',  ( 0.3200000000000000067, 1.590000000000000080, 1.169999999999999929 ) ) ;
#5182 =( NAMED_UNIT ( * ) PLANE_ANGLE_UNIT ( ) SI_UNIT ( $, .RADIAN. ) );
#5183 = DIRECTION ( 'NONE',  ( -1.000000000000000000, 0.0000000000000000000, 0.0000000000000000000 ) ) ;
#5184 = EDGE_LOOP ( 'NONE', ( #6098, #6046, #561, #411 ) ) ;
#5185 = LINE ( 'NONE', #8361, #5765 ) ;
#5186 = VECTOR ( 'NONE', #8073, 1000.000000000000000 ) ;
#5187 = ADVANCED_FACE ( 'NONE', ( #1365 ), #5086, .T. ) ;
#5188 = EDGE_CURVE ( 'NONE', #4413, #1021, #4502, .T. ) ;
#5189 = CARTESIAN_POINT ( 'NONE',  ( 2.860000000000000320, 0.9499999999999999556, 1.169999999999999929 ) ) ;
#5190 = CARTESIAN_POINT ( 'NONE',  ( 0.4250000000000000444, -2.794999999999996820, 1.630000000000000338 ) ) ;
#5191 = CARTESIAN_POINT ( 'NONE',  ( -4.040080877152183447, -4.345000000000000639, 7.948874040951108277 ) ) ;
#5192 = ORIENTED_EDGE ( 'NONE', *, *, #6094, .F. ) ;
#5193 = DIRECTION ( 'NONE',  ( -0.0000000000000000000, 1.000000000000000000, 0.0000000000000000000 ) ) ;
#5194 = LINE ( 'NONE', #7772, #5255 ) ;
#5195 = CARTESIAN_POINT ( 'NONE',  ( 2.860000000000000320, -0.9499999999999999556, 8.460000000000000853 ) ) ;
#5196 = CARTESIAN_POINT ( 'NONE',  ( 2.220000000000000195, -1.590000000000000080, 1.969999999999999973 ) ) ;
#5197 = VERTEX_POINT ( 'NONE', #1954 ) ;
#5198 = SURFACE_STYLE_FILL_AREA ( #2596 ) ;
#5199 = EDGE_CURVE ( 'NONE', #5197, #8250, #7526, .T. ) ;
#5200 =( NAMED_UNIT ( * ) SI_UNIT ( $, .STERADIAN. ) SOLID_ANGLE_UNIT ( ) );
#5201 = VERTEX_POINT ( 'NONE', #6441 ) ;
#5202 = ORIENTED_EDGE ( 'NONE', *, *, #3937, .T. ) ;
#5203 = UNCERTAINTY_MEASURE_WITH_UNIT (LENGTH_MEASURE( 1.000000000000000082E-05 ), #5490, 'distance_accuracy_value', 'NONE');
#5204 = VECTOR ( 'NONE', #6416, 1000.000000000000000 ) ;
#5205 = SURFACE_STYLE_FILL_AREA ( #8337 ) ;
#5206 = SURFACE_SIDE_STYLE ('',( #85 ) ) ;
#5207 = CARTESIAN_POINT ( 'NONE',  ( -3.238746917300616701, -4.444999999999999396, 8.426284865155443171 ) ) ;
#5208 = ADVANCED_FACE ( 'NONE', ( #6330 ), #3186, .F. ) ;
#5209 = PRESENTATION_LAYER_ASSIGNMENT (  '', '', ( #2612 ) ) ;
#5210 = SURFACE_SIDE_STYLE ('',( #2606 ) ) ;
#5211 = ORIENTED_EDGE ( 'NONE', *, *, #836, .F. ) ;
#5212 = CARTESIAN_POINT ( 'NONE',  ( -3.206907773312782872, -4.344999999999998863, 7.969825709381055390 ) ) ;
#5213 =( BOUNDED_CURVE ( )  B_SPLINE_CURVE ( 3, ( #5522, #5611, #1676, #4241 ),
 .UNSPECIFIED., .F., .F. ) 
 B_SPLINE_CURVE_WITH_KNOTS ( ( 4, 4 ),
 ( 0.0000000000000000000, 3.141592653589786455 ),
 .UNSPECIFIED. ) 
 CURVE ( )  GEOMETRIC_REPRESENTATION_ITEM ( )  RATIONAL_B_SPLINE_CURVE ( ( 1.000000000000000000, 0.3333333333333307058, 0.3333333333333299842, 0.9999999999999992228 ) ) 
 REPRESENTATION_ITEM ( '' )  );
#5214 = VECTOR ( 'NONE', #3325, 1000.000000000000000 ) ;
#5215 = CARTESIAN_POINT ( 'NONE',  ( -0.3200000000000000622, -0.9499999999999999556, 1.169999999999999929 ) ) ;
#5216 = AXIS2_PLACEMENT_3D ( 'NONE', #157, #276, #6567 ) ;
#5217 = FILL_AREA_STYLE ('',( #1919 ) ) ;
#5218 = CARTESIAN_POINT ( 'NONE',  ( -3.360000000000000320, 0.4500000000000000111, 1.629999999999999893 ) ) ;
#5219 = CARTESIAN_POINT ( 'NONE',  ( 2.419999999999999929, -1.149999999999999911, 8.959999999999999076 ) ) ;
#5220 =( NAMED_UNIT ( * ) PLANE_ANGLE_UNIT ( ) SI_UNIT ( $, .RADIAN. ) );
#5222 = CARTESIAN_POINT ( 'NONE',  ( 0.1200000000000000094, 1.149999999999999911, 8.959999999999999076 ) ) ;
#5221 = AXIS2_PLACEMENT_3D ( 'NONE', #356, #4296, #3016 ) ;
#5223 = B_SPLINE_CURVE_WITH_KNOTS ( 'NONE', 1,
 ( #5835, #6455 ),
 .UNSPECIFIED., .F., .F.,
 ( 2, 2 ),
 ( -1.000000000000000000, 0.0000000000000000000 ),
 .UNSPECIFIED. ) ;
#5224 = UNCERTAINTY_MEASURE_WITH_UNIT (LENGTH_MEASURE( 1.000000000000000082E-05 ), #6411, 'distance_accuracy_value', 'NONE');
#5225 = ORIENTED_EDGE ( 'NONE', *, *, #3166, .T. ) ;
#5226 = B_SPLINE_SURFACE_WITH_KNOTS ( 'NONE', 3, 1, ( 
 ( #5846, #1322 ),
 ( #7134, #2604 ),
 ( #7708, #1880 ),
 ( #2487, #44 ),
 ( #8339, #6469 ),
 ( #635, #2567 ),
 ( #680, #3223 ),
 ( #7787, #7059 ),
 ( #7100, #4457 ),
 ( #1985, #4494 ),
 ( #719, #3819 ) ),
 .UNSPECIFIED., .F., .F., .F.,
 ( 4, 1, 1, 1, 1, 1, 1, 1, 4 ),
 ( 2, 2 ),
 ( 0.0000000000000000000, 0.1372849921823509345, 0.2670284865720564116, 0.3949256401701797259, 0.5243347615083429059, 0.6508125264300999024, 0.7692674670455019736, 0.8834346835668847042, 1.000000000000000000 ),
 ( 0.0000000000000000000, 1.000000000000000000 ),
 .UNSPECIFIED. ) ;
#5227 = CARTESIAN_POINT ( 'NONE',  ( -4.393845282881517100, -4.344999999999998863, 7.946126463083215796 ) ) ;
#5228 = CARTESIAN_POINT ( 'NONE',  ( 2.220000000000000195, 0.9499999999999999556, 0.1700000000000000122 ) ) ;
#5229 = CARTESIAN_POINT ( 'NONE',  ( 2.259999999999999787, -3.314999999999999947, 3.720000000000000195 ) ) ;
#5230 = VECTOR ( 'NONE', #7701, 1000.000000000000000 ) ;
#5231 = FACE_OUTER_BOUND ( 'NONE', #3328, .T. ) ;
#5232 = CARTESIAN_POINT ( 'NONE',  ( 2.860000000000000320, -0.9499999999999999556, 0.1700000000000000122 ) ) ;
#5233 = ORIENTED_EDGE ( 'NONE', *, *, #54, .F. ) ;
#5234 = PRESENTATION_STYLE_ASSIGNMENT (( #6454 ) ) ;
#5235 = CARTESIAN_POINT ( 'NONE',  ( -5.154999999999997584, 2.794999999999999485, 1.201000000000000512 ) ) ;
#5236 = CARTESIAN_POINT ( 'NONE',  ( 7.620000000000000107, -1.649999999999999911, 8.030000000000001137 ) ) ;
#5237 = PRESENTATION_LAYER_ASSIGNMENT (  '', '', ( #1589 ) ) ;
#5238 = ORIENTED_EDGE ( 'NONE', *, *, #744, .F. ) ;
#5239 = CARTESIAN_POINT ( 'NONE',  ( -3.383357880918613336, -4.445000000000001172, 8.455039579025708463 ) ) ;
#5240 = CARTESIAN_POINT ( 'NONE',  ( -3.387422750387013348, -4.445000000000000284, 8.184198977326161639 ) ) ;
#5241 = EDGE_CURVE ( 'NONE', #3664, #4058, #4085, .T. ) ;
#5242 = PLANE ( 'NONE',  #1430 ) ;
#5243 = CARTESIAN_POINT ( 'NONE',  ( -4.808606579630965605, -4.344999999999998863, 7.709912435360364746 ) ) ;
#5244 = ORIENTED_EDGE ( 'NONE', *, *, #5776, .F. ) ;
#5245 = ORIENTED_EDGE ( 'NONE', *, *, #2743, .F. ) ;
#5246 = VERTEX_POINT ( 'NONE', #209 ) ;
#5247 = VECTOR ( 'NONE', #6981, 1000.000000000000000 ) ;
#5248 = PLANE ( 'NONE',  #3021 ) ;
#5249 = ADVANCED_FACE ( 'NONE', ( #3976 ), #7919, .T. ) ;
#5250 = EDGE_CURVE ( 'NONE', #1698, #2600, #6085, .T. ) ;
#5251 = DIRECTION ( 'NONE',  ( -4.730105980320832387E-17, 0.7071067811865480168, -0.7071067811865470176 ) ) ;
#5252 = CARTESIAN_POINT ( 'NONE',  ( -3.130050274064801741, -4.445000000000000284, 8.000575294301544460 ) ) ;
#5253 = STYLED_ITEM ( 'NONE', ( #6694 ), #6227 ) ;
#5254 = ORIENTED_EDGE ( 'NONE', *, *, #2042, .T. ) ;
#5255 = VECTOR ( 'NONE', #5404, 1000.000000000000000 ) ;
#5256 = AXIS2_PLACEMENT_3D ( 'NONE', #658, #3324, #1264 ) ;
#5257 = EDGE_CURVE ( 'NONE', #514, #3095, #2170, .T. ) ;
#5258 = CARTESIAN_POINT ( 'NONE',  ( 5.155000000000000249, 3.645000000000000018, 1.668999999999999817 ) ) ;
#5259 = CARTESIAN_POINT ( 'NONE',  ( -2.220000000000000195, -0.9499999999999999556, 3.720000000000000639 ) ) ;
#5260 = CARTESIAN_POINT ( 'NONE',  ( -3.182049244976103974, -4.344999999999999751, 8.296518562017888954 ) ) ;
#5261 = LINE ( 'NONE', #7845, #3000 ) ;
#5262 = VECTOR ( 'NONE', #2355, 1000.000000000000114 ) ;
#5263 = CARTESIAN_POINT ( 'NONE',  ( 1.719999999999999973, 2.089999999999999858, 1.629999999999999893 ) ) ;
#5264 = B_SPLINE_CURVE_WITH_KNOTS ( 'NONE', 1,
 ( #5578, #4932 ),
 .UNSPECIFIED., .F., .F.,
 ( 2, 2 ),
 ( -0.001806093129679999963, -0.001166093129679999802 ),
 .UNSPECIFIED. ) ;
#5265 = CARTESIAN_POINT ( 'NONE',  ( -5.154999999999997584, -4.495000000000000107, 0.8499999999999999778 ) ) ;
#5266 = ORIENTED_EDGE ( 'NONE', *, *, #236, .T. ) ;
#5267 = CARTESIAN_POINT ( 'NONE',  ( -4.243837123647552723, -4.445000000000000284, 7.834482925058105174 ) ) ;
#5268 = FILL_AREA_STYLE_COLOUR ( '', #2406 ) ;
#5269 = PRESENTATION_STYLE_ASSIGNMENT (( #3202 ) ) ;
#5270 = SURFACE_STYLE_FILL_AREA ( #2670 ) ;
#5271 = CARTESIAN_POINT ( 'NONE',  ( -0.3200000000000000067, 0.9499999999999999556, 1.169999999999999929 ) ) ;
#5272 = AXIS2_PLACEMENT_3D ( 'NONE', #4977, #7556, #1775 ) ;
#5273 = ORIENTED_EDGE ( 'NONE', *, *, #6284, .T. ) ;
#5274 = B_SPLINE_CURVE_WITH_KNOTS ( 'NONE', 1,
 ( #4352, #3071 ),
 .UNSPECIFIED., .F., .F.,
 ( 2, 2 ),
 ( -0.0003516368650300000015, 0.0002228193996200000370 ),
 .UNSPECIFIED. ) ;
#5275 = SURFACE_SIDE_STYLE ('',( #5961 ) ) ;
#5276 = CARTESIAN_POINT ( 'NONE',  ( -5.155000000000000249, -3.645000000000000018, 1.201000000000000068 ) ) ;
#5277 = CARTESIAN_POINT ( 'NONE',  ( -2.860000000000000320, 0.9499999999999999556, -1.029999999999998472 ) ) ;
#5278 = CARTESIAN_POINT ( 'NONE',  ( -4.744226898455215391, -4.344999999999999751, 7.526216174327334585 ) ) ;
#5279 = VERTEX_POINT ( 'NONE', #4057 ) ;
#5280 =( NAMED_UNIT ( * ) PLANE_ANGLE_UNIT ( ) SI_UNIT ( $, .RADIAN. ) );
#5281 = EDGE_CURVE ( 'NONE', #4025, #7868, #724, .T. ) ;
#5282 = ORIENTED_EDGE ( 'NONE', *, *, #1639, .F. ) ;
#5283 = ORIENTED_EDGE ( 'NONE', *, *, #1062, .T. ) ;
#5284 =( LENGTH_UNIT ( ) NAMED_UNIT ( * ) SI_UNIT ( .MILLI., .METRE. ) );
#5285 = CARTESIAN_POINT ( 'NONE',  ( -2.860000000000000320, 1.590000000000000080, 1.169999999999999929 ) ) ;
#5286 = APPLICATION_CONTEXT ( 'automotive_design' ) ;
#5287 = FILL_AREA_STYLE_COLOUR ( '', #6261 ) ;
#5288 = EDGE_CURVE ( 'NONE', #2673, #5419, #4198, .T. ) ;
#5289 = ADVANCED_FACE ( 'NONE', ( #7268 ), #5420, .F. ) ;
#5290 = ORIENTED_EDGE ( 'NONE', *, *, #435, .F. ) ;
#5291 = CARTESIAN_POINT ( 'NONE',  ( -5.048124388138708341, -4.344999999999999751, 9.111325120834825597 ) ) ;
#5292 = CARTESIAN_POINT ( 'NONE',  ( 7.620000000000000107, -1.649999999999999911, 8.030000000000001137 ) ) ;
#5293 = DIRECTION ( 'NONE',  ( 0.0000000000000000000, 0.0000000000000000000, 1.000000000000000000 ) ) ;
#5294 = CARTESIAN_POINT ( 'NONE',  ( -5.048124388138708341, -4.344999999999999751, 9.111325120834825597 ) ) ;
#5295 = CARTESIAN_POINT ( 'NONE',  ( -3.995530641029204411, -4.445000000000000284, 7.747899959296731254 ) ) ;
#5296 = CARTESIAN_POINT ( 'NONE',  ( -4.404966989186255510, -4.344999999999999751, 7.573525126230491900 ) ) ;
#5297 = MECHANICAL_DESIGN_GEOMETRIC_PRESENTATION_REPRESENTATION (  '', ( #581 ), #587 ) ;
#5298 = ADVANCED_FACE ( 'NONE', ( #3932 ), #7310, .T. ) ;
#5299 = CARTESIAN_POINT ( 'NONE',  ( 2.259999999999999787, -4.445000000000000284, 3.720000000000000195 ) ) ;
#5300 = CARTESIAN_POINT ( 'NONE',  ( 2.860000000000000320, 1.590000000000000080, 8.460000000000000853 ) ) ;
#5301 = VERTEX_POINT ( 'NONE', #5889 ) ;
#5302 = PLANE ( 'NONE',  #8231 ) ;
#5303 = AXIS2_PLACEMENT_3D ( 'NONE', #5794, #8281, #6259 ) ;
#5304 = SURFACE_STYLE_USAGE ( .BOTH. , #2169 ) ;
#5305 = PLANE ( 'NONE',  #2669 ) ;
#5306 = B_SPLINE_CURVE_WITH_KNOTS ( 'NONE', 1,
 ( #7481, #4145 ),
 .UNSPECIFIED., .F., .F.,
 ( 2, 2 ),
 ( -0.0008004889216299999888, 6.553648215000030825E-05 ),
 .UNSPECIFIED. ) ;
#5307 = PLANE ( 'NONE',  #616 ) ;
#5308 = ORIENTED_EDGE ( 'NONE', *, *, #7665, .F. ) ;
#5309 = FILL_AREA_STYLE_COLOUR ( '', #2371 ) ;
#5310 = LINE ( 'NONE', #68, #7748 ) ;
#5311 = PLANE ( 'NONE',  #5094 ) ;
#5312 = MECHANICAL_DESIGN_GEOMETRIC_PRESENTATION_REPRESENTATION (  '', ( #7883 ), #6001 ) ;
#5313 = FILL_AREA_STYLE_COLOUR ( '', #7390 ) ;
#5314 = ORIENTED_EDGE ( 'NONE', *, *, #3856, .F. ) ;
#5315 = CARTESIAN_POINT ( 'NONE',  ( -0.4249999999999999889, -3.645000000000000018, 1.201000000000000068 ) ) ;
#5316 = SURFACE_STYLE_FILL_AREA ( #4689 ) ;
#5317 = CARTESIAN_POINT ( 'NONE',  ( -7.620000000000000107, -1.649999999999999911, 1.629999999999999893 ) ) ;
#5318 = CARTESIAN_POINT ( 'NONE',  ( -4.808606579630965605, -4.445000000000000284, 7.709912435360364746 ) ) ;
#5319 = ORIENTED_EDGE ( 'NONE', *, *, #3709, .T. ) ;
#5320 =( LENGTH_UNIT ( ) NAMED_UNIT ( * ) SI_UNIT ( .MILLI., .METRE. ) );
#5321 = ORIENTED_EDGE ( 'NONE', *, *, #2744, .T. ) ;
#5322 = B_SPLINE_CURVE_WITH_KNOTS ( 'NONE', 1,
 ( #7691, #3876 ),
 .UNSPECIFIED., .F., .F.,
 ( 2, 2 ),
 ( 0.8683127572016461349, 1.000000000000000000 ),
 .UNSPECIFIED. ) ;
#5323 = ORIENTED_EDGE ( 'NONE', *, *, #5281, .T. ) ;
#5324 = CARTESIAN_POINT ( 'NONE',  ( -3.189760706439594973, -4.344999999999999751, 8.369143393676081288 ) ) ;
#5325 =( LENGTH_UNIT ( ) NAMED_UNIT ( * ) SI_UNIT ( .MILLI., .METRE. ) );
#5326 = EDGE_CURVE ( 'NONE', #7928, #2301, #4312, .T. ) ;
#5327 = CARTESIAN_POINT ( 'NONE',  ( -2.220000000000000195, 1.590000000000000080, 2.129999999999999893 ) ) ;
#5328 = CARTESIAN_POINT ( 'NONE',  ( -3.017414765260312937, -4.344999999999999751, 8.091629277705937540 ) ) ;
#5329 = CARTESIAN_POINT ( 'NONE',  ( -4.371007907637013190, -4.444999999999999396, 7.575510170937068466 ) ) ;
#5330 = ORIENTED_EDGE ( 'NONE', *, *, #7776, .T. ) ;
#5331 =( GEOMETRIC_REPRESENTATION_CONTEXT ( 3 ) GLOBAL_UNCERTAINTY_ASSIGNED_CONTEXT ( ( #4786 ) ) GLOBAL_UNIT_ASSIGNED_CONTEXT ( ( #992, #2924, #6110 ) ) REPRESENTATION_CONTEXT ( 'NONE', 'WORKASPACE' ) );
#5332 = CARTESIAN_POINT ( 'NONE',  ( -7.620000000000000107, -1.649999999999999911, 8.030000000000001137 ) ) ;
#5333 = CARTESIAN_POINT ( 'NONE',  ( -5.048124388138708341, -4.344999999999999751, 6.968253446624994574 ) ) ;
#5334 = EDGE_CURVE ( 'NONE', #3464, #4329, #5486, .T. ) ;
#5335 = CARTESIAN_POINT ( 'NONE',  ( -3.205516888884852644, -4.444999999999999396, 8.397431169708463372 ) ) ;
#5336 = AXIS2_PLACEMENT_3D ( 'NONE', #3156, #8354, #2544 ) ;
#5337 = FACE_OUTER_BOUND ( 'NONE', #3693, .T. ) ;
#5338 = CARTESIAN_POINT ( 'NONE',  ( -4.468393324555852253, -4.345000000000001528, 7.586172390093357087 ) ) ;
#5339 = B_SPLINE_SURFACE_WITH_KNOTS ( 'NONE', 3, 1, ( 
 ( #1793, #7974 ),
 ( #952, #313 ),
 ( #2211, #6645 ),
 ( #4166, #2836 ),
 ( #7331, #1549 ),
 ( #6605, #1466 ),
 ( #192, #3417 ),
 ( #6736, #3537 ),
 ( #6002, #2096 ),
 ( #4684, #2880 ),
 ( #867, #3458 ) ),
 .UNSPECIFIED., .F., .F., .F.,
 ( 4, 1, 1, 1, 1, 1, 1, 1, 4 ),
 ( 2, 2 ),
 ( 0.0000000000000000000, 0.1227180515039698883, 0.2401431180450277481, 0.3573623765102164063, 0.4816738524649483710, 0.6078658287995967191, 0.7329554806750199214, 0.8621444613629475340, 1.000000000000000000 ),
 ( 0.0000000000000000000, 1.000000000000000000 ),
 .UNSPECIFIED. ) ;
#5340 = FACE_BOUND ( 'NONE', #2414, .T. ) ;
#5341 = ORIENTED_EDGE ( 'NONE', *, *, #4991, .F. ) ;
#5342 = ORIENTED_EDGE ( 'NONE', *, *, #3997, .T. ) ;
#5343 = STYLED_ITEM ( 'NONE', ( #7153 ), #3760 ) ;
#5344 = PRESENTATION_LAYER_ASSIGNMENT (  '', '', ( #207 ) ) ;
#5345 = ORIENTED_EDGE ( 'NONE', *, *, #4722, .T. ) ;
#5346 = EDGE_CURVE ( 'NONE', #7476, #940, #6182, .T. ) ;
#5347 = PRESENTATION_STYLE_ASSIGNMENT (( #1457 ) ) ;
#5348 = EDGE_CURVE ( 'NONE', #7972, #1607, #7759, .T. ) ;
#5349 = FACE_OUTER_BOUND ( 'NONE', #7341, .T. ) ;
#5350 = COLOUR_RGB ( '',1.000000000000000000, 0.7490196078431372584, 0.0000000000000000000 ) ;
#5351 = ORIENTED_EDGE ( 'NONE', *, *, #5970, .F. ) ;
#5352 = DIRECTION ( 'NONE',  ( 0.0000000000000000000, 0.7071067811865480168, -0.7071067811865470176 ) ) ;
#5353 =( NAMED_UNIT ( * ) PLANE_ANGLE_UNIT ( ) SI_UNIT ( $, .RADIAN. ) );
#5354 = DIRECTION ( 'NONE',  ( 0.0000000000000000000, -1.000000000000000000, 0.0000000000000000000 ) ) ;
#5355 = SURFACE_STYLE_USAGE ( .BOTH. , #823 ) ;
#5356 = VERTEX_POINT ( 'NONE', #3692 ) ;
#5357 = VECTOR ( 'NONE', #7008, 1000.000000000000114 ) ;
#5358 = CARTESIAN_POINT ( 'NONE',  ( -4.631289898368602387, -4.444999999999999396, 7.406349741760999805 ) ) ;
#5359 = EDGE_CURVE ( 'NONE', #4647, #5954, #3608, .T. ) ;
#5360 = CARTESIAN_POINT ( 'NONE',  ( -4.744226898455215391, -4.445000000000001172, 7.526216174327334585 ) ) ;
#5361 = ORIENTED_EDGE ( 'NONE', *, *, #32, .T. ) ;
#5362 = B_SPLINE_CURVE_WITH_KNOTS ( 'NONE', 1,
 ( #767, #175 ),
 .UNSPECIFIED., .F., .F.,
 ( 2, 2 ),
 ( 0.004519999999999999712, 0.01132000000000000020 ),
 .UNSPECIFIED. ) ;
#5363 = FILL_AREA_STYLE ('',( #830 ) ) ;
#5364 = PRESENTATION_LAYER_ASSIGNMENT (  '', '', ( #6177 ) ) ;
#5365 = CARTESIAN_POINT ( 'NONE',  ( -3.408435818428578123, -4.344999999999998863, 8.692689118552269889 ) ) ;
#5366 = ORIENTED_EDGE ( 'NONE', *, *, #2138, .T. ) ;
#5367 = ORIENTED_EDGE ( 'NONE', *, *, #7624, .T. ) ;
#5368 = CARTESIAN_POINT ( 'NONE',  ( -3.238746917300616701, -4.344999999999998863, 8.426284865155443171 ) ) ;
#5369 = CARTESIAN_POINT ( 'NONE',  ( -4.809633205131768285, -4.344999999999997975, 7.749755010712329195 ) ) ;
#5370 = PRESENTATION_LAYER_ASSIGNMENT (  '', '', ( #4293 ) ) ;
#5371 = CARTESIAN_POINT ( 'NONE',  ( -7.620000000000000107, 4.445000000000000284, 1.629999999999999893 ) ) ;
#5372 = CARTESIAN_POINT ( 'NONE',  ( -3.000046533715014618, -4.344999999999998863, 8.114717427574341002 ) ) ;
#5373 =( NAMED_UNIT ( * ) SI_UNIT ( $, .STERADIAN. ) SOLID_ANGLE_UNIT ( ) );
#5375 = ORIENTED_EDGE ( 'NONE', *, *, #7249, .T. ) ;
#5374 = VECTOR ( 'NONE', #7144, 1000.000000000000114 ) ;
#5376 = DIRECTION ( 'NONE',  ( 1.000000000000000000, 0.0000000000000000000, 0.0000000000000000000 ) ) ;
#5377 = ORIENTED_EDGE ( 'NONE', *, *, #5288, .F. ) ;
#5378 = UNCERTAINTY_MEASURE_WITH_UNIT (LENGTH_MEASURE( 1.000000000000000082E-05 ), #2257, 'distance_accuracy_value', 'NONE');
#5379 = B_SPLINE_CURVE_WITH_KNOTS ( 'NONE', 1,
 ( #2521, #6462 ),
 .UNSPECIFIED., .F., .F.,
 ( 2, 2 ),
 ( 0.0000000000000000000, 0.6502057613168723549 ),
 .UNSPECIFIED. ) ;
#5380 = FILL_AREA_STYLE_COLOUR ( '', #1332 ) ;
#5381 = CARTESIAN_POINT ( 'NONE',  ( 2.860000000000000320, -1.590000000000000080, 8.460000000000000853 ) ) ;
#5382 = CARTESIAN_POINT ( 'NONE',  ( 0.4249999999999999889, -3.645000000000000018, 1.239999999999999991 ) ) ;
#5383 = EDGE_LOOP ( 'NONE', ( #6050, #1763, #4258, #1582, #7297, #5672 ) ) ;
#5384 = CARTESIAN_POINT ( 'NONE',  ( 4.000000000000000000, -3.314999999999999947, 3.720000000000000195 ) ) ;
#5385 = UNCERTAINTY_MEASURE_WITH_UNIT (LENGTH_MEASURE( 1.000000000000000082E-05 ), #6297, 'distance_accuracy_value', 'NONE');
#5386 = EDGE_CURVE ( 'NONE', #5401, #1748, #4838, .T. ) ;
#5387 = ORIENTED_EDGE ( 'NONE', *, *, #1354, .T. ) ;
#5388 =( GEOMETRIC_REPRESENTATION_CONTEXT ( 3 ) GLOBAL_UNCERTAINTY_ASSIGNED_CONTEXT ( ( #1157 ) ) GLOBAL_UNIT_ASSIGNED_CONTEXT ( ( #5666, #8115, #8237 ) ) REPRESENTATION_CONTEXT ( 'NONE', 'WORKASPACE' ) );
#5389 = PLANE ( 'NONE',  #1563 ) ;
#5390 = FILL_AREA_STYLE ('',( #3411 ) ) ;
#5391 =( NAMED_UNIT ( * ) SI_UNIT ( $, .STERADIAN. ) SOLID_ANGLE_UNIT ( ) );
#5392 =( GEOMETRIC_REPRESENTATION_CONTEXT ( 3 ) GLOBAL_UNCERTAINTY_ASSIGNED_CONTEXT ( ( #8336 ) ) GLOBAL_UNIT_ASSIGNED_CONTEXT ( ( #5690, #3048, #3696 ) ) REPRESENTATION_CONTEXT ( 'NONE', 'WORKASPACE' ) );
#5393 = EDGE_LOOP ( 'NONE', ( #4940, #5085, #5574, #6068 ) ) ;
#5394 = SURFACE_STYLE_FILL_AREA ( #1508 ) ;
#5395 = FILL_AREA_STYLE ('',( #1509 ) ) ;
#5396 = CARTESIAN_POINT ( 'NONE',  ( 3.360000000000000320, -0.4500000000000000111, 1.629999999999999893 ) ) ;
#5397 = ADVANCED_FACE ( 'NONE', ( #292 ), #6709, .T. ) ;
#5398 = SURFACE_STYLE_FILL_AREA ( #909 ) ;
#5399 = EDGE_CURVE ( 'NONE', #2524, #4341, #61, .T. ) ;
#5400 = UNCERTAINTY_MEASURE_WITH_UNIT (LENGTH_MEASURE( 1.000000000000000082E-05 ), #3541, 'distance_accuracy_value', 'NONE');
#5401 = VERTEX_POINT ( 'NONE', #2403 ) ;
#5402 = PRESENTATION_LAYER_ASSIGNMENT (  '', '', ( #673 ) ) ;
#5403 = CARTESIAN_POINT ( 'NONE',  ( -0.4249999999999999889, -3.645000000000000018, 1.668999999999999817 ) ) ;
#5404 = DIRECTION ( 'NONE',  ( 0.0000000000000000000, 0.0000000000000000000, -1.000000000000000000 ) ) ;
#5405 = CARTESIAN_POINT ( 'NONE',  ( -4.781012383575069968, -4.345000000000000639, 7.596217601066260094 ) ) ;
#5406 = ORIENTED_EDGE ( 'NONE', *, *, #1060, .T. ) ;
#5407 = DIRECTION ( 'NONE',  ( 0.0000000000000000000, 0.0000000000000000000, 1.000000000000000000 ) ) ;
#5408 = VECTOR ( 'NONE', #1225, 1000.000000000000000 ) ;
#5409 = CARTESIAN_POINT ( 'NONE',  ( -3.238179759001934332, -4.444999999999999396, 8.677980919955196271 ) ) ;
#5410 = EDGE_LOOP ( 'NONE', ( #6389, #48, #5506, #6859, #2387, #3704, #5238, #1108, #2049, #1902, #8178, #2514 ) ) ;
#5411 = EDGE_CURVE ( 'NONE', #2524, #4014, #3096, .T. ) ;
#5412 = VERTEX_POINT ( 'NONE', #7532 ) ;
#5413 = CARTESIAN_POINT ( 'NONE',  ( -4.305000000000002380, 2.794999999999999485, 0.8499999999999999778 ) ) ;
#5414 = SURFACE_STYLE_FILL_AREA ( #421 ) ;
#5415 = PLANE ( 'NONE',  #4176 ) ;
#5416 = B_SPLINE_CURVE_WITH_KNOTS ( 'NONE', 3,
 ( #8217, #1633, #4340, #4382, #6769, #8134, #2323, #4916, #1718, #1082, #6946, #986, #3054, #1165, #3569 ),
 .UNSPECIFIED., .F., .F.,
 ( 4, 1, 1, 1, 1, 1, 1, 1, 1, 1, 1, 1, 4 ),
 ( 0.0000000000000000000, 0.09253783465933010377, 0.1855907730267348510, 0.2795524791599534598, 0.3756022954876785946, 0.4276167156194841112, 0.4871168707665578523, 0.5541989278073831127, 0.6286239860240614430, 0.7096875605186867553, 0.7991807418287647513, 0.8953573266116932050, 1.000000000000000000 ),
 .UNSPECIFIED. ) ;
#5417 = ORIENTED_EDGE ( 'NONE', *, *, #1073, .F. ) ;
#5418 = PLANE ( 'NONE',  #4453 ) ;
#5419 = VERTEX_POINT ( 'NONE', #1023 ) ;
#5420 = PLANE ( 'NONE',  #2258 ) ;
#5421 = ORIENTED_EDGE ( 'NONE', *, *, #261, .T. ) ;
#5422 = FILL_AREA_STYLE_COLOUR ( '', #1677 ) ;
#5423 = CARTESIAN_POINT ( 'NONE',  ( 0.4249999999999999334, 4.495000000000000107, 0.8499999999999999778 ) ) ;
#5424 =( NAMED_UNIT ( * ) SI_UNIT ( $, .STERADIAN. ) SOLID_ANGLE_UNIT ( ) );
#5425 = CARTESIAN_POINT ( 'NONE',  ( -4.437319977655081793, -4.344999999999998863, 7.575487456668161812 ) ) ;
#5426 = SURFACE_STYLE_USAGE ( .BOTH. , #982 ) ;
#5427 = ORIENTED_EDGE ( 'NONE', *, *, #6520, .F. ) ;
#5428 = DIRECTION ( 'NONE',  ( -1.000000000000000000, 0.0000000000000000000, 0.0000000000000000000 ) ) ;
#5429 = EDGE_LOOP ( 'NONE', ( #595, #71, #6902, #392 ) ) ;
#5430 = SURFACE_STYLE_USAGE ( .BOTH. , #7494 ) ;
#5431 = PLANE ( 'NONE',  #1477 ) ;
#5432 = PLANE ( 'NONE',  #1435 ) ;
#5433 = DIRECTION ( 'NONE',  ( 0.7071067811865480168, 0.0000000000000000000, -0.7071067811865470176 ) ) ;
#5434 = CARTESIAN_POINT ( 'NONE',  ( -5.048124388138708341, -4.344999999999999751, 9.111325120834825597 ) ) ;
#5435 = EDGE_CURVE ( 'NONE', #3677, #1167, #5306, .T. ) ;
#5436 =( BOUNDED_SURFACE ( )  B_SPLINE_SURFACE ( 3, 1, ( 
 ( #419, #4898, #1150 ),
 ( #7522, #3728, #2353 ),
 ( #6220, #8162, #3129 ),
 ( #1061, #2946, #4318 ),
 ( #6883, #1106, #5029 ),
 ( #5715, #461, #5635 ),
 ( #6311, #2395, #3035 ) ),
 .UNSPECIFIED., .T., .F., .F. ) 
 B_SPLINE_SURFACE_WITH_KNOTS ( ( 4, 3, 4 ),
 ( 2, 1, 2 ),
 ( 0.0000000000000000000, 0.5000000000000000000, 1.000000000000000000 ),
 ( -0.7500000000000000000, 0.0000000000000000000, 1.000000000000000000 ),
 .UNSPECIFIED. ) 
 GEOMETRIC_REPRESENTATION_ITEM ( )  RATIONAL_B_SPLINE_SURFACE ( (
 ( 1.000000000000000000, 1.000000000000000000, 1.000000000000000000),
 ( 0.3333333333333299842, 0.3333333333333299842, 0.3333333333333299842),
 ( 0.3333333333333299842, 0.3333333333333299842, 0.3333333333333299842),
 ( 1.000000000000000000, 1.000000000000000000, 1.000000000000000000),
 ( 0.3333333333333299842, 0.3333333333333299842, 0.3333333333333299842),
 ( 0.3333333333333299842, 0.3333333333333299842, 0.3333333333333299842),
 ( 1.000000000000000000, 1.000000000000000000, 1.000000000000000000) ) ) 
 REPRESENTATION_ITEM ( '' )  SURFACE ( )  );
#5437 = ORIENTED_EDGE ( 'NONE', *, *, #7614, .T. ) ;
#5438 = CARTESIAN_POINT ( 'NONE',  ( -0.1325391944272001910, -1.137460805572799716, -1.330000000000000071 ) ) ;
#5439 = DIRECTION ( 'NONE',  ( -0.0000000000000000000, 1.000000000000000000, 0.0000000000000000000 ) ) ;
#5440 = CARTESIAN_POINT ( 'NONE',  ( 2.860000000000000320, -0.9500000000000000666, 3.720000000000000639 ) ) ;
#5441 = CARTESIAN_POINT ( 'NONE',  ( -4.793851841765981447, -4.444999999999998508, 7.632957838021057206 ) ) ;
#5442 =( NAMED_UNIT ( * ) SI_UNIT ( $, .STERADIAN. ) SOLID_ANGLE_UNIT ( ) );
#5443 = CARTESIAN_POINT ( 'NONE',  ( 2.220000000000000195, -1.590000000000000080, 2.129999999999999893 ) ) ;
#5444 = EDGE_CURVE ( 'NONE', #7554, #4048, #6847, .T. ) ;
#5445 = FILL_AREA_STYLE_COLOUR ( '', #4860 ) ;
#5446 = ADVANCED_FACE ( 'NONE', ( #427 ), #880, .T. ) ;
#5447 = VERTEX_POINT ( 'NONE', #706 ) ;
#5448 = SURFACE_STYLE_FILL_AREA ( #6653 ) ;
#5449 = COLOUR_RGB ( '',1.000000000000000000, 1.000000000000000000, 1.000000000000000000 ) ;
#5450 = CARTESIAN_POINT ( 'NONE',  ( -3.103584980835403240, -4.344999999999998863, 8.631606660402841413 ) ) ;
#5451 = VERTEX_POINT ( 'NONE', #3289 ) ;
#5452 = ORIENTED_EDGE ( 'NONE', *, *, #6880, .F. ) ;
#5453 = CARTESIAN_POINT ( 'NONE',  ( -3.223985800819534120, -4.344999999999999751, 7.965108720362794159 ) ) ;
#5454 = VECTOR ( 'NONE', #6923, 1000.000000000000000 ) ;
#5455 = DIRECTION ( 'NONE',  ( 0.0000000000000000000, 1.000000000000000000, 0.0000000000000000000 ) ) ;
#5456 = LINE ( 'NONE', #4182, #6732 ) ;
#5457 = EDGE_CURVE ( 'NONE', #4136, #5808, #3079, .T. ) ;
#5458 = B_SPLINE_CURVE_WITH_KNOTS ( 'NONE', 1,
 ( #1370, #6956 ),
 .UNSPECIFIED., .F., .F.,
 ( 2, 2 ),
 ( -1.000000000000000000, 0.0000000000000000000 ),
 .UNSPECIFIED. ) ;
#5459 = ORIENTED_EDGE ( 'NONE', *, *, #170, .F. ) ;
#5460 = ORIENTED_EDGE ( 'NONE', *, *, #3937, .F. ) ;
#5461 = DIRECTION ( 'NONE',  ( 1.000000000000000000, 0.0000000000000000000, 0.0000000000000000000 ) ) ;
#5462 = VERTEX_POINT ( 'NONE', #4600 ) ;
#5463 = CARTESIAN_POINT ( 'NONE',  ( -3.291002495407868267, -4.445000000000002061, 7.954330446999825277 ) ) ;
#5464 = EDGE_CURVE ( 'NONE', #2255, #241, #7918, .T. ) ;
#5465 = CARTESIAN_POINT ( 'NONE',  ( -3.359295437469627998, -4.344999999999999751, 8.184377326320614543 ) ) ;
#5466 = CARTESIAN_POINT ( 'NONE',  ( -2.860000000000000320, -1.590000000000000080, 2.129999999999999893 ) ) ;
#5467 = PLANE ( 'NONE',  #2185 ) ;
#5468 = ORIENTED_EDGE ( 'NONE', *, *, #64, .F. ) ;
#5469 = CARTESIAN_POINT ( 'NONE',  ( 0.4249999999999999889, -4.494999999999996554, 1.629999999999999893 ) ) ;
#5470 = PRESENTATION_LAYER_ASSIGNMENT (  '', '', ( #3606 ) ) ;
#5471 = SURFACE_STYLE_USAGE ( .BOTH. , #351 ) ;
#5472 = CARTESIAN_POINT ( 'NONE',  ( 7.169999999999999929, 3.915000000000000036, 10.51999999999999957 ) ) ;
#5473 = DIRECTION ( 'NONE',  ( 0.0000000000000000000, -1.000000000000000000, 0.0000000000000000000 ) ) ;
#5474 = CARTESIAN_POINT ( 'NONE',  ( -3.275121961528034475, -4.444999999999999396, 8.683610805712113745 ) ) ;
#5475 = VERTEX_POINT ( 'NONE', #2672 ) ;
#5476 = CARTESIAN_POINT ( 'NONE',  ( -0.8199999999999999512, -2.089999999999999858, 1.629999999999999893 ) ) ;
#5477 = CARTESIAN_POINT ( 'NONE',  ( -4.305000000000001492, 2.794999999999999929, 1.239999999999999547 ) ) ;
#5478 = LINE ( 'NONE', #866, #2382 ) ;
#5479 = MECHANICAL_DESIGN_GEOMETRIC_PRESENTATION_REPRESENTATION (  '', ( #753 ), #2620 ) ;
#5480 = CARTESIAN_POINT ( 'NONE',  ( 2.860000000000000320, 1.590000000000000302, 1.169999999999999929 ) ) ;
#5481 = UNCERTAINTY_MEASURE_WITH_UNIT (LENGTH_MEASURE( 1.000000000000000082E-05 ), #4679, 'distance_accuracy_value', 'NONE');
#5482 = ORIENTED_EDGE ( 'NONE', *, *, #744, .T. ) ;
#5483 = EDGE_CURVE ( 'NONE', #5412, #7975, #2961, .T. ) ;
#5484 = PLANE ( 'NONE',  #76 ) ;
#5485 = DIRECTION ( 'NONE',  ( -1.000000000000000000, 0.0000000000000000000, 0.0000000000000000000 ) ) ;
#5486 =( BOUNDED_CURVE ( )  B_SPLINE_CURVE ( 3, ( #6272, #4952, #7393, #6758 ),
 .UNSPECIFIED., .F., .F. ) 
 B_SPLINE_CURVE_WITH_KNOTS ( ( 4, 4 ),
 ( 3.141592653589786455, 6.283185307179590673 ),
 .UNSPECIFIED. ) 
 CURVE ( )  GEOMETRIC_REPRESENTATION_ITEM ( )  RATIONAL_B_SPLINE_CURVE ( ( 1.000000000000000666, 0.3333333333333299842, 0.3333333333333292625, 1.000000000000000000 ) ) 
 REPRESENTATION_ITEM ( '' )  );
#5487 = DIRECTION ( 'NONE',  ( 1.591551692268700301E-16, 0.9284766908852591927, 0.3713906763541041101 ) ) ;
#5488 =( GEOMETRIC_REPRESENTATION_CONTEXT ( 3 ) GLOBAL_UNCERTAINTY_ASSIGNED_CONTEXT ( ( #7751 ) ) GLOBAL_UNIT_ASSIGNED_CONTEXT ( ( #4247, #6201, #486 ) ) REPRESENTATION_CONTEXT ( 'NONE', 'WORKASPACE' ) );
#5489 = AXIS2_PLACEMENT_3D ( 'NONE', #7752, #5011, #5170 ) ;
#5490 =( LENGTH_UNIT ( ) NAMED_UNIT ( * ) SI_UNIT ( .MILLI., .METRE. ) );
#5491 = B_SPLINE_CURVE_WITH_KNOTS ( 'NONE', 1,
 ( #3507, #4044 ),
 .UNSPECIFIED., .F., .F.,
 ( 2, 2 ),
 ( 0.005899999999999999863, 0.007539999999999999827 ),
 .UNSPECIFIED. ) ;
#5492 = EDGE_LOOP ( 'NONE', ( #6821, #4821, #1696, #2136 ) ) ;
#5493 = CARTESIAN_POINT ( 'NONE',  ( 0.3200000000000000067, 1.590000000000000080, 8.460000000000000853 ) ) ;
#5494 = CARTESIAN_POINT ( 'NONE',  ( -3.459155774576212483, -4.445000000000000284, 8.692916151871516561 ) ) ;
#5495 = ORIENTED_EDGE ( 'NONE', *, *, #1159, .T. ) ;
#5496 = ORIENTED_EDGE ( 'NONE', *, *, #5969, .F. ) ;
#5497 = ADVANCED_FACE ( 'NONE', ( #7201 ), #5339, .T. ) ;
#5498 = CARTESIAN_POINT ( 'NONE',  ( -2.860000000000000320, 0.9499999999999999556, 2.129999999999999893 ) ) ;
#5499 = CARTESIAN_POINT ( 'NONE',  ( -4.400461864319803240, -4.344999999999998863, 7.336078545033910991 ) ) ;
#5500 = CARTESIAN_POINT ( 'NONE',  ( 0.1200000000000000094, 1.149999999999999911, 8.959999999999999076 ) ) ;
#5501 = FACE_OUTER_BOUND ( 'NONE', #888, .T. ) ;
#5502 = CARTESIAN_POINT ( 'NONE',  ( 0.1200000000000000094, 1.149999999999999911, 8.959999999999999076 ) ) ;
#5503 = MECHANICAL_DESIGN_GEOMETRIC_PRESENTATION_REPRESENTATION (  '', ( #3343 ), #1441 ) ;
#5504 = ORIENTED_EDGE ( 'NONE', *, *, #6114, .F. ) ;
#5505 = CARTESIAN_POINT ( 'NONE',  ( -7.620000000000000107, 4.445000000000000284, 1.629999999999999893 ) ) ;
#5506 = ORIENTED_EDGE ( 'NONE', *, *, #7294, .F. ) ;
#5507 = SURFACE_STYLE_USAGE ( .BOTH. , #3560 ) ;
#5508 = VERTEX_POINT ( 'NONE', #2761 ) ;
#5509 = EDGE_CURVE ( 'NONE', #4279, #1593, #7188, .T. ) ;
#5510 = ADVANCED_FACE ( 'NONE', ( #6689 ), #8060, .T. ) ;
#5511 = STYLED_ITEM ( 'NONE', ( #4866 ), #5397 ) ;
#5512 = CARTESIAN_POINT ( 'NONE',  ( 7.169999999999999929, 3.915000000000000036, 10.51999999999999957 ) ) ;
#5513 = B_SPLINE_CURVE_WITH_KNOTS ( 'NONE', 1,
 ( #1780, #4356 ),
 .UNSPECIFIED., .F., .F.,
 ( 2, 2 ),
 ( 0.0006400000000000000524, 0.001280000000000000105 ),
 .UNSPECIFIED. ) ;
#5514 = CARTESIAN_POINT ( 'NONE',  ( -3.223985800819534120, -4.445000000000000284, 7.965108720362794159 ) ) ;
#5515 = CARTESIAN_POINT ( 'NONE',  ( -2.965120281766244759, -4.344999999999998863, 8.456461175439670797 ) ) ;
#5516 = AXIS2_PLACEMENT_3D ( 'NONE', #167, #7435, #7914 ) ;
#5517 = FACE_OUTER_BOUND ( 'NONE', #5393, .T. ) ;
#5518 = ORIENTED_EDGE ( 'NONE', *, *, #7993, .F. ) ;
#5519 = DIRECTION ( 'NONE',  ( -0.4682379421519010654, -0.4682379421519010654, -0.7493373466328138166 ) ) ;
#5520 = ADVANCED_FACE ( 'NONE', ( #5337 ), #7756, .T. ) ;
#5521 = COLOUR_RGB ( '',0.1019607843137254888, 0.1019607843137254888, 0.1019607843137254888 ) ;
#5522 = CARTESIAN_POINT ( 'NONE',  ( 0.4249999999999999889, -3.645000000000000018, 1.239999999999999991 ) ) ;
#5523 =( NAMED_UNIT ( * ) SI_UNIT ( $, .STERADIAN. ) SOLID_ANGLE_UNIT ( ) );
#5524 = CARTESIAN_POINT ( 'NONE',  ( 0.3200000000000000067, -0.9499999999999999556, 8.460000000000000853 ) ) ;
#5525 = CARTESIAN_POINT ( 'NONE',  ( -3.204949237806911544, -4.445000000000001172, 8.671526696739300988 ) ) ;
#5526 = ORIENTED_EDGE ( 'NONE', *, *, #342, .F. ) ;
#5527 = VECTOR ( 'NONE', #3778, 1000.000000000000000 ) ;
#5528 = SURFACE_STYLE_FILL_AREA ( #1681 ) ;
#5529 = CARTESIAN_POINT ( 'NONE',  ( -5.048124388138708341, -4.445000000000000284, 6.968253446624994574 ) ) ;
#5530 = EDGE_LOOP ( 'NONE', ( #5254, #755, #1599, #7438, #3548, #7050 ) ) ;
#5531 = DIRECTION ( 'NONE',  ( 0.0000000000000000000, 0.8480480961564283993, 0.5299192642332012371 ) ) ;
#5532 = CARTESIAN_POINT ( 'NONE',  ( 1.719999999999999973, 2.089999999999999858, 1.629999999999999893 ) ) ;
#5533 = PRODUCT_DEFINITION_FORMATION_WITH_SPECIFIED_SOURCE ( 'ANY', '', #7506, .NOT_KNOWN. ) ;
#5534 = CARTESIAN_POINT ( 'NONE',  ( 5.154999999999997584, -4.494999999999996554, 1.629999999999999893 ) ) ;
#5535 = SURFACE_STYLE_USAGE ( .BOTH. , #913 ) ;
#5536 = ORIENTED_EDGE ( 'NONE', *, *, #4380, .F. ) ;
#5537 = PRESENTATION_STYLE_ASSIGNMENT (( #6961 ) ) ;
#5538 = CARTESIAN_POINT ( 'NONE',  ( -0.1200000000000000094, 1.389999999999999902, 8.959999999999999076 ) ) ;
#5539 = ORIENTED_EDGE ( 'NONE', *, *, #6082, .T. ) ;
#5540 = ORIENTED_EDGE ( 'NONE', *, *, #1286, .T. ) ;
#5541 = DIRECTION ( 'NONE',  ( 1.000000000000000000, 0.0000000000000000000, 0.0000000000000000000 ) ) ;
#5542 = CARTESIAN_POINT ( 'NONE',  ( -4.771741569662393267, -4.344999999999998863, 7.931269940384554573 ) ) ;
#5543 =( LENGTH_UNIT ( ) NAMED_UNIT ( * ) SI_UNIT ( .MILLI., .METRE. ) );
#5544 = AXIS2_PLACEMENT_3D ( 'NONE', #4283, #6856, #4376 ) ;
#5545 = FACE_OUTER_BOUND ( 'NONE', #4699, .T. ) ;
#5546 = ORIENTED_EDGE ( 'NONE', *, *, #6509, .F. ) ;
#5547 = CARTESIAN_POINT ( 'NONE',  ( -4.405762011221511898, -4.344999999999998863, 7.946655468110833453 ) ) ;
#5548 = EDGE_CURVE ( 'NONE', #5201, #1885, #1877, .T. ) ;
#5549 = CARTESIAN_POINT ( 'NONE',  ( -0.3200000000000000067, 0.9499999999999999556, 1.169999999999999929 ) ) ;
#5550 = VERTEX_POINT ( 'NONE', #3357 ) ;
#5551 = CARTESIAN_POINT ( 'NONE',  ( 2.860000000000000320, -1.590000000000000080, 8.460000000000000853 ) ) ;
#5552 = EDGE_LOOP ( 'NONE', ( #8343, #4043, #3075, #6656, #303, #2063, #3344, #475 ) ) ;
#5553 = CARTESIAN_POINT ( 'NONE',  ( -4.819999999999999396, 4.445000000000000284, 11.40900000000000070 ) ) ;
#5554 = CARTESIAN_POINT ( 'NONE',  ( 0.4249999999999999334, 4.495000000000000107, 1.201000000000000512 ) ) ;
#5555 = DIRECTION ( 'NONE',  ( 1.000000000000000000, 0.0000000000000000000, 0.0000000000000000000 ) ) ;
#5556 = CARTESIAN_POINT ( 'NONE',  ( -3.246372422656736312, -4.445000000000000284, 8.205117178658710486 ) ) ;
#5557 = DIRECTION ( 'NONE',  ( 1.000000000000000000, 0.0000000000000000000, 0.0000000000000000000 ) ) ;
#5558 = ADVANCED_FACE ( 'NONE', ( #1408 ), #2574, .T. ) ;
#5559 = EDGE_CURVE ( 'NONE', #918, #6777, #3185, .T. ) ;
#5560 = FACE_OUTER_BOUND ( 'NONE', #1953, .T. ) ;
#5561 = VERTEX_POINT ( 'NONE', #4582 ) ;
#5562 = DIRECTION ( 'NONE',  ( -0.0000000000000000000, 1.000000000000000000, -0.0000000000000000000 ) ) ;
#5563 = ORIENTED_EDGE ( 'NONE', *, *, #1182, .F. ) ;
#5564 = FILL_AREA_STYLE_COLOUR ( '', #7495 ) ;
#5565 = CARTESIAN_POINT ( 'NONE',  ( -3.486716538465101323, -4.344999999999999751, 7.369999485204850487 ) ) ;
#5566 = CARTESIAN_POINT ( 'NONE',  ( -3.012776928893985851, -4.445000000000001172, 8.548284573084835358 ) ) ;
#5567 = EDGE_CURVE ( 'NONE', #5954, #7493, #5940, .T. ) ;
#5568 = FACE_OUTER_BOUND ( 'NONE', #1672, .T. ) ;
#5569 = SURFACE_SIDE_STYLE ('',( #6866 ) ) ;
#5570 = CARTESIAN_POINT ( 'NONE',  ( 2.860000000000000320, 1.590000000000000080, 8.460000000000000853 ) ) ;
#5571 = CARTESIAN_POINT ( 'NONE',  ( 2.220000000000000195, -1.590000000000000302, 3.720000000000000639 ) ) ;
#5572 = UNCERTAINTY_MEASURE_WITH_UNIT (LENGTH_MEASURE( 1.000000000000000082E-05 ), #1186, 'distance_accuracy_value', 'NONE');
#5573 = UNCERTAINTY_MEASURE_WITH_UNIT (LENGTH_MEASURE( 1.000000000000000082E-05 ), #2923, 'distance_accuracy_value', 'NONE');
#5574 = ORIENTED_EDGE ( 'NONE', *, *, #904, .T. ) ;
#5575 = CARTESIAN_POINT ( 'NONE',  ( -6.570000000000000284, -1.649999999999999911, 8.030000000000001137 ) ) ;
#5576 = CARTESIAN_POINT ( 'NONE',  ( 3.360000000000000320, 2.089999999999999858, 1.629999999999999893 ) ) ;
#5577 = CARTESIAN_POINT ( 'NONE',  ( -4.060623455617770716, -4.344999999999999751, 7.983421721490494782 ) ) ;
#5578 = CARTESIAN_POINT ( 'NONE',  ( 2.220000000000000195, 0.9499999999999999556, 8.460000000000000853 ) ) ;
#5579 = ORIENTED_EDGE ( 'NONE', *, *, #8350, .F. ) ;
#5580 = SURFACE_STYLE_USAGE ( .BOTH. , #2985 ) ;
#5581 = CARTESIAN_POINT ( 'NONE',  ( 0.1749629944094635015, 1.095037005590536960, -1.822106370551018761 ) ) ;
#5582 = B_SPLINE_CURVE_WITH_KNOTS ( 'NONE', 1,
 ( #5215, #6510 ),
 .UNSPECIFIED., .F., .F.,
 ( 2, 2 ),
 ( -1.000000000000000000, -0.8683127572016460238 ),
 .UNSPECIFIED. ) ;
#5583 = STYLED_ITEM ( 'NONE', ( #3862 ), #383 ) ;
#5584 = ORIENTED_EDGE ( 'NONE', *, *, #3935, .F. ) ;
#5585 = ORIENTED_EDGE ( 'NONE', *, *, #5600, .T. ) ;
#5586 = CARTESIAN_POINT ( 'NONE',  ( -0.3200000000000000067, -0.9499999999999999556, 1.169999999999999929 ) ) ;
#5587 = DIRECTION ( 'NONE',  ( 0.0000000000000000000, 0.0000000000000000000, 1.000000000000000000 ) ) ;
#5588 = SURFACE_STYLE_USAGE ( .BOTH. , #4363 ) ;
#5589 = AXIS2_PLACEMENT_3D ( 'NONE', #168, #1605, #7876 ) ;
#5590 = FILL_AREA_STYLE_COLOUR ( '', #1707 ) ;
#5591 = CARTESIAN_POINT ( 'NONE',  ( -7.620000000000000107, -1.649999999999999911, 1.629999999999999893 ) ) ;
#5592 = VERTEX_POINT ( 'NONE', #4021 ) ;
#5593 = CARTESIAN_POINT ( 'NONE',  ( -2.220000000000000195, 0.9499999999999999556, -1.029999999999998028 ) ) ;
#5594 = CARTESIAN_POINT ( 'NONE',  ( -3.309338195090524515, -4.445000000000563389, 8.449152572117929694 ) ) ;
#5595 = ORIENTED_EDGE ( 'NONE', *, *, #7178, .F. ) ;
#5596 = FILL_AREA_STYLE_COLOUR ( '', #6564 ) ;
#5597 = ORIENTED_EDGE ( 'NONE', *, *, #4302, .T. ) ;
#5598 = STYLED_ITEM ( 'NONE', ( #2299 ), #698 ) ;
#5599 = SURFACE_STYLE_USAGE ( .BOTH. , #2999 ) ;
#5600 = EDGE_CURVE ( 'NONE', #6386, #4178, #2066, .T. ) ;
#5601 = CARTESIAN_POINT ( 'NONE',  ( -0.4249999999999999334, 2.794999999999999485, 1.669000000000000483 ) ) ;
#5602 = CARTESIAN_POINT ( 'NONE',  ( -3.315822108108984256, -4.345000000000000639, 8.687626527544063393 ) ) ;
#5603 = COLOUR_RGB ( '',0.1019607843137254888, 0.1019607843137254888, 0.1019607843137254888 ) ;
#5604 = CARTESIAN_POINT ( 'NONE',  ( 2.220000000000000195, -1.590000000000000080, 2.129999999999999893 ) ) ;
#5605 = LINE ( 'NONE', #6900, #1483 ) ;
#5606 = LINE ( 'NONE', #8174, #164 ) ;
#5607 = EDGE_LOOP ( 'NONE', ( #1913, #6372, #1978, #8127 ) ) ;
#5608 =( LENGTH_UNIT ( ) NAMED_UNIT ( * ) SI_UNIT ( .MILLI., .METRE. ) );
#5609 = ORIENTED_EDGE ( 'NONE', *, *, #1211, .F. ) ;
#5610 = EDGE_CURVE ( 'NONE', #3691, #7656, #138, .T. ) ;
#5611 = CARTESIAN_POINT ( 'NONE',  ( 0.4249999999999998224, -2.795000000000001705, 1.239999999999999547 ) ) ;
#5612 = CARTESIAN_POINT ( 'NONE',  ( 0.3200000000000000067, -1.590000000000000080, 1.969999999999999973 ) ) ;
#5613 = SURFACE_SIDE_STYLE ('',( #5048 ) ) ;
#5614 = CARTESIAN_POINT ( 'NONE',  ( -3.125797326398365605, -4.445000000000000284, 8.643326422863202296 ) ) ;
#5615 = ORIENTED_EDGE ( 'NONE', *, *, #8222, .T. ) ;
#5616 = SURFACE_STYLE_USAGE ( .BOTH. , #1728 ) ;
#5617 = DIRECTION ( 'NONE',  ( 0.0000000000000000000, -1.000000000000000000, 0.0000000000000000000 ) ) ;
#5618 = VECTOR ( 'NONE', #4922, 1000.000000000000000 ) ;
#5619 = EDGE_CURVE ( 'NONE', #6194, #6466, #3384, .T. ) ;
#5620 = ADVANCED_FACE ( 'NONE', ( #7400 ), #4194, .T. ) ;
#5621 = DIRECTION ( 'NONE',  ( 0.0000000000000000000, 0.0000000000000000000, -1.000000000000000000 ) ) ;
#5622 = PLANE ( 'NONE',  #7283 ) ;
#5623 = CARTESIAN_POINT ( 'NONE',  ( 2.860000000000000320, -0.9499999999999999556, -1.029999999999994920 ) ) ;
#5624 = VECTOR ( 'NONE', #4580, 1000.000000000000000 ) ;
#5625 = STYLED_ITEM ( 'NONE', ( #7714 ), #2076 ) ;
#5626 = VERTEX_POINT ( 'NONE', #2864 ) ;
#5627 = SURFACE_STYLE_USAGE ( .BOTH. , #3030 ) ;
#5628 = CARTESIAN_POINT ( 'NONE',  ( -2.974286009347245407, -4.344999999999999751, 8.481181268066748657 ) ) ;
#5629 = VERTEX_POINT ( 'NONE', #1538 ) ;
#5630 = ORIENTED_EDGE ( 'NONE', *, *, #4435, .F. ) ;
#5631 = ADVANCED_FACE ( 'NONE', ( #2781 ), #4051, .T. ) ;
#5632 =( GEOMETRIC_REPRESENTATION_CONTEXT ( 3 ) GLOBAL_UNCERTAINTY_ASSIGNED_CONTEXT ( ( #4621 ) ) GLOBAL_UNIT_ASSIGNED_CONTEXT ( ( #3953, #7646, #8011 ) ) REPRESENTATION_CONTEXT ( 'NONE', 'WORKASPACE' ) );
#5633 = PRESENTATION_LAYER_ASSIGNMENT (  '', '', ( #2906 ) ) ;
#5634 = FACE_OUTER_BOUND ( 'NONE', #8331, .T. ) ;
#5635 = CARTESIAN_POINT ( 'NONE',  ( 0.4249999999999999334, 2.794999999999999485, 1.669000000000000483 ) ) ;
#5636 = DIRECTION ( 'NONE',  ( 0.0000000000000000000, 1.000000000000000000, 0.0000000000000000000 ) ) ;
#5637 = CARTESIAN_POINT ( 'NONE',  ( -6.570000000000000284, -1.649999999999999911, 1.629999999999999893 ) ) ;
#5638 = ORIENTED_EDGE ( 'NONE', *, *, #7764, .F. ) ;
#5639 = CARTESIAN_POINT ( 'NONE',  ( -4.809086531537950293, -4.344999999999999751, 7.780848725204325689 ) ) ;
#5640 = PRESENTATION_LAYER_ASSIGNMENT (  '', '', ( #1720 ) ) ;
#5641 = EDGE_LOOP ( 'NONE', ( #355, #7045, #868, #1778 ) ) ;
#5642 = EDGE_LOOP ( 'NONE', ( #4785, #8095, #3318, #2763 ) ) ;
#5643 = PRESENTATION_STYLE_ASSIGNMENT (( #5599 ) ) ;
#5644 = B_SPLINE_CURVE_WITH_KNOTS ( 'NONE', 1,
 ( #6296, #1965 ),
 .UNSPECIFIED., .F., .F.,
 ( 2, 2 ),
 ( 0.08333333333333335646, 0.9166666666666667407 ),
 .UNSPECIFIED. ) ;
#5645 = CARTESIAN_POINT ( 'NONE',  ( -2.860000000000000320, -0.9499999999999999556, 1.010000000000000009 ) ) ;
#5646 = CARTESIAN_POINT ( 'NONE',  ( 2.220000000000000195, 0.9499999999999999556, 8.460000000000000853 ) ) ;
#5647 = CARTESIAN_POINT ( 'NONE',  ( -3.995530641029204411, -4.344999999999999751, 7.747899959296731254 ) ) ;
#5648 = DIRECTION ( 'NONE',  ( -0.4534572437205510731, 0.0000000000000000000, -0.8912780307610868036 ) ) ;
#5650 = ORIENTED_EDGE ( 'NONE', *, *, #3331, .F. ) ;
#5649 =( GEOMETRIC_REPRESENTATION_CONTEXT ( 3 ) GLOBAL_UNCERTAINTY_ASSIGNED_CONTEXT ( ( #2495 ) ) GLOBAL_UNIT_ASSIGNED_CONTEXT ( ( #1232, #367, #619 ) ) REPRESENTATION_CONTEXT ( 'NONE', 'WORKASPACE' ) );
#5651 = DIRECTION ( 'NONE',  ( -0.0000000000000000000, 1.000000000000000000, 0.0000000000000000000 ) ) ;
#5652 = ORIENTED_EDGE ( 'NONE', *, *, #126, .F. ) ;
#5653 =( LENGTH_UNIT ( ) NAMED_UNIT ( * ) SI_UNIT ( .MILLI., .METRE. ) );
#5654 = DIRECTION ( 'NONE',  ( -1.120876960131203876E-16, 1.000000000000000000, 0.0000000000000000000 ) ) ;
#5655 = VECTOR ( 'NONE', #930, 1000.000000000000000 ) ;
#5656 = CARTESIAN_POINT ( 'NONE',  ( -3.459155774576212483, -4.445000000000000284, 8.692916151871516561 ) ) ;
#5657 = ORIENTED_EDGE ( 'NONE', *, *, #6435, .T. ) ;
#5658 = ADVANCED_FACE ( 'NONE', ( #5691 ), #4419, .F. ) ;
#5659 = PRESENTATION_LAYER_ASSIGNMENT (  '', '', ( #784 ) ) ;
#5660 = ORIENTED_EDGE ( 'NONE', *, *, #2389, .T. ) ;
#5661 = CARTESIAN_POINT ( 'NONE',  ( 2.220000000000000195, -0.9499999999999999556, 8.460000000000000853 ) ) ;
#5662 = FACE_OUTER_BOUND ( 'NONE', #2393, .T. ) ;
#5663 = PLANE ( 'NONE',  #8327 ) ;
#5664 = LINE ( 'NONE', #5056, #4594 ) ;
#5665 = VERTEX_POINT ( 'NONE', #3141 ) ;
#5666 =( LENGTH_UNIT ( ) NAMED_UNIT ( * ) SI_UNIT ( .MILLI., .METRE. ) );
#5667 = EDGE_CURVE ( 'NONE', #4246, #2876, #3660, .T. ) ;
#5668 = EDGE_CURVE ( 'NONE', #2193, #5451, #8323, .T. ) ;
#5669 = CARTESIAN_POINT ( 'NONE',  ( 0.0000000000000000000, 1.402539194427200098, -1.330000000000000071 ) ) ;
#5670 = CARTESIAN_POINT ( 'NONE',  ( 4.304999999999999716, -3.645000000000000018, 1.239999999999999991 ) ) ;
#5671 = EDGE_LOOP ( 'NONE', ( #766, #5468, #8284, #5377 ) ) ;
#5672 = ORIENTED_EDGE ( 'NONE', *, *, #5509, .T. ) ;
#5673 = STYLED_ITEM ( 'NONE', ( #2207 ), #8306 ) ;
#5674 = AXIS2_PLACEMENT_3D ( 'NONE', #4244, #2331, #530 ) ;
#5675 = CARTESIAN_POINT ( 'NONE',  ( 2.660000000000000142, 1.389999999999999902, 8.959999999999999076 ) ) ;
#5676 = SURFACE_SIDE_STYLE ('',( #506 ) ) ;
#5677 = SURFACE_SIDE_STYLE ('',( #3598 ) ) ;
#5678 = CARTESIAN_POINT ( 'NONE',  ( -2.672539194427200115, 0.0000000000000000000, -1.330000000000000071 ) ) ;
#5679 = DIRECTION ( 'NONE',  ( 0.0000000000000000000, -0.9284766908852596368, 0.3713906763541028888 ) ) ;
#5680 = ORIENTED_EDGE ( 'NONE', *, *, #1473, .F. ) ;
#5681 = CARTESIAN_POINT ( 'NONE',  ( -4.417155420872342475, -4.345000000000000639, 7.946132876483413376 ) ) ;
#5682 = PRESENTATION_LAYER_ASSIGNMENT (  '', '', ( #3370 ) ) ;
#5683 = MECHANICAL_DESIGN_GEOMETRIC_PRESENTATION_REPRESENTATION (  '', ( #3509 ), #4325 ) ;
#5684 = EDGE_CURVE ( 'NONE', #6124, #1223, #7409, .T. ) ;
#5685 = CARTESIAN_POINT ( 'NONE',  ( 2.863839999999999719, -0.9499999999999999556, 8.460000000000000853 ) ) ;
#5686 = ORIENTED_EDGE ( 'NONE', *, *, #2457, .F. ) ;
#5687 = VERTEX_POINT ( 'NONE', #2320 ) ;
#5688 = CARTESIAN_POINT ( 'NONE',  ( -5.412090639330994435, 4.834533315349337279, 11.40900000000000247 ) ) ;
#5689 = CARTESIAN_POINT ( 'NONE',  ( -3.724163119661682231, -4.344999999999999751, 7.369999485204850487 ) ) ;
#5690 =( LENGTH_UNIT ( ) NAMED_UNIT ( * ) SI_UNIT ( .MILLI., .METRE. ) );
#5691 = FACE_OUTER_BOUND ( 'NONE', #7617, .T. ) ;
#5692 = PLANE ( 'NONE',  #7998 ) ;
#5693 = AXIS2_PLACEMENT_3D ( 'NONE', #6740, #5485, #8063 ) ;
#5694 = ORIENTED_EDGE ( 'NONE', *, *, #3897, .T. ) ;
#5695 = SURFACE_STYLE_USAGE ( .BOTH. , #3105 ) ;
#5696 = ORIENTED_EDGE ( 'NONE', *, *, #435, .T. ) ;
#5697 = DIRECTION ( 'NONE',  ( 0.0000000000000000000, 0.7071067811865470176, -0.7071067811865480168 ) ) ;
#5698 =( NAMED_UNIT ( * ) PLANE_ANGLE_UNIT ( ) SI_UNIT ( $, .RADIAN. ) );
#5699 = ORIENTED_EDGE ( 'NONE', *, *, #6024, .T. ) ;
#5700 = CARTESIAN_POINT ( 'NONE',  ( 2.220000000000000195, 1.590000000000000302, 1.169999999999999929 ) ) ;
#5701 = CARTESIAN_POINT ( 'NONE',  ( -2.407460805572798179, 0.0000000000000000000, -1.330000000000000071 ) ) ;
#5702 = CARTESIAN_POINT ( 'NONE',  ( 2.220000000000000195, -0.9499999999999999556, 1.169999999999999929 ) ) ;
#5703 = CARTESIAN_POINT ( 'NONE',  ( -4.141173347730139120, -4.445000000000002061, 8.075017310339422494 ) ) ;
#5704 = EDGE_CURVE ( 'NONE', #7656, #2857, #3745, .T. ) ;
#5705 = CARTESIAN_POINT ( 'NONE',  ( -6.570000000000000284, 3.314999999999999947, 9.919999999999999929 ) ) ;
#5706 = ORIENTED_EDGE ( 'NONE', *, *, #1976, .F. ) ;
#5707 = CARTESIAN_POINT ( 'NONE',  ( -3.996568713580090471, -4.344999999999999751, 7.706037500859941325 ) ) ;
#5708 =( NAMED_UNIT ( * ) PLANE_ANGLE_UNIT ( ) SI_UNIT ( $, .RADIAN. ) );
#5709 = DIRECTION ( 'NONE',  ( -0.4682379421518991780, 0.4682379421518986229, 0.7493373466328167032 ) ) ;
#5710 = ORIENTED_EDGE ( 'NONE', *, *, #1463, .T. ) ;
#5711 = VERTEX_POINT ( 'NONE', #8213 ) ;
#5712 = CARTESIAN_POINT ( 'NONE',  ( -3.256795864802467300, -4.445000000000000284, 8.435854368843434870 ) ) ;
#5713 = CARTESIAN_POINT ( 'NONE',  ( -4.715140766824594820, -4.445000000000000284, 8.055939812620284357 ) ) ;
#5714 = EDGE_CURVE ( 'NONE', #6302, #3769, #7539, .T. ) ;
#5715 = CARTESIAN_POINT ( 'NONE',  ( 0.4249999999999999334, 2.794999999999999485, 0.8499999999999999778 ) ) ;
#5716 = EDGE_CURVE ( 'NONE', #6960, #4272, #153, .T. ) ;
#5717 = FACE_OUTER_BOUND ( 'NONE', #4443, .T. ) ;
#5718 = DIRECTION ( 'NONE',  ( -0.4682379421518991780, 0.4682379421518986229, -0.7493373466328167032 ) ) ;
#5719 = VERTEX_POINT ( 'NONE', #2409 ) ;
#5720 = CARTESIAN_POINT ( 'NONE',  ( 2.860000000000000320, 0.9499999999999999556, 1.969999999999999973 ) ) ;
#5721 =( BOUNDED_SURFACE ( )  B_SPLINE_SURFACE ( 3, 1, ( 
 ( #4730, #8021, #7298 ),
 ( #2218, #8067, #4655 ),
 ( #6571, #793, #4217 ),
 ( #3766, #3590, #7466 ),
 ( #2938, #2346, #1053 ),
 ( #364, #3635, #3029 ),
 ( #4259, #4983, #2430 ) ),
 .UNSPECIFIED., .T., .F., .F. ) 
 B_SPLINE_SURFACE_WITH_KNOTS ( ( 4, 3, 4 ),
 ( 2, 1, 2 ),
 ( 0.0000000000000000000, 0.5000000000000000000, 1.000000000000000000 ),
 ( -0.7500000000000000000, 0.0000000000000000000, 1.000000000000000000 ),
 .UNSPECIFIED. ) 
 GEOMETRIC_REPRESENTATION_ITEM ( )  RATIONAL_B_SPLINE_SURFACE ( (
 ( 1.000000000000000000, 1.000000000000000000, 1.000000000000000000),
 ( 0.3333333333333299842, 0.3333333333333299842, 0.3333333333333299842),
 ( 0.3333333333333299842, 0.3333333333333299842, 0.3333333333333299842),
 ( 1.000000000000000000, 1.000000000000000000, 1.000000000000000000),
 ( 0.3333333333333299842, 0.3333333333333299842, 0.3333333333333299842),
 ( 0.3333333333333299842, 0.3333333333333299842, 0.3333333333333299842),
 ( 1.000000000000000000, 1.000000000000000000, 1.000000000000000000) ) ) 
 REPRESENTATION_ITEM ( '' )  SURFACE ( )  );
#5722 = CARTESIAN_POINT ( 'NONE',  ( -3.271938860040063624, -4.345000000000000639, 8.441082064176917754 ) ) ;
#5723 = ORIENTED_EDGE ( 'NONE', *, *, #3226, .F. ) ;
#5724 = ORIENTED_EDGE ( 'NONE', *, *, #5991, .T. ) ;
#5725 = UNCERTAINTY_MEASURE_WITH_UNIT (LENGTH_MEASURE( 1.000000000000000082E-05 ), #7366, 'distance_accuracy_value', 'NONE');
#5726 =( GEOMETRIC_REPRESENTATION_CONTEXT ( 3 ) GLOBAL_UNCERTAINTY_ASSIGNED_CONTEXT ( ( #1772 ) ) GLOBAL_UNIT_ASSIGNED_CONTEXT ( ( #2939, #6789, #366 ) ) REPRESENTATION_CONTEXT ( 'NONE', 'WORKASPACE' ) );
#5727 = EDGE_CURVE ( 'NONE', #6984, #4935, #3482, .T. ) ;
#5728 = ADVANCED_FACE ( 'NONE', ( #1077 ), #6940, .T. ) ;
#5729 = B_SPLINE_CURVE_WITH_KNOTS ( 'NONE', 1,
 ( #3007, #3702 ),
 .UNSPECIFIED., .F., .F.,
 ( 2, 2 ),
 ( 0.0000000000000000000, 1.000000000000000000 ),
 .UNSPECIFIED. ) ;
#5730 = CARTESIAN_POINT ( 'NONE',  ( 0.4249999999999999889, 3.645000000000000018, 1.239999999999999991 ) ) ;
#5731 = CARTESIAN_POINT ( 'NONE',  ( -4.000000000000000000, -4.445000000000000284, 10.51999999999999957 ) ) ;
#5732 = B_SPLINE_CURVE_WITH_KNOTS ( 'NONE', 1,
 ( #1841, #2321 ),
 .UNSPECIFIED., .F., .F.,
 ( 2, 2 ),
 ( 0.005392451514230000090, 0.006258476918019999224 ),
 .UNSPECIFIED. ) ;
#5733 =( GEOMETRIC_REPRESENTATION_CONTEXT ( 3 ) GLOBAL_UNCERTAINTY_ASSIGNED_CONTEXT ( ( #7681 ) ) GLOBAL_UNIT_ASSIGNED_CONTEXT ( ( #7071, #731, #5900 ) ) REPRESENTATION_CONTEXT ( 'NONE', 'WORKASPACE' ) );
#5734 = ORIENTED_EDGE ( 'NONE', *, *, #4770, .F. ) ;
#5735 = CARTESIAN_POINT ( 'NONE',  ( -2.972492310876406307, -4.345000000000000639, 8.165652730701179252 ) ) ;
#5736 = B_SPLINE_CURVE_WITH_KNOTS ( 'NONE', 1,
 ( #7935, #7325 ),
 .UNSPECIFIED., .F., .F.,
 ( 2, 2 ),
 ( 0.0008628193996200000894, 0.001437275664269999911 ),
 .UNSPECIFIED. ) ;
#5737 = UNCERTAINTY_MEASURE_WITH_UNIT (LENGTH_MEASURE( 1.000000000000000082E-05 ), #1942, 'distance_accuracy_value', 'NONE');
#5738 = ORIENTED_EDGE ( 'NONE', *, *, #8234, .T. ) ;
#5739 = EDGE_CURVE ( 'NONE', #6466, #6565, #4282, .T. ) ;
#5740 = CARTESIAN_POINT ( 'NONE',  ( -6.570000000000000284, -3.314999999999999947, 3.720000000000000195 ) ) ;
#5741 = DIRECTION ( 'NONE',  ( -0.7071067811865480168, 0.0000000000000000000, -0.7071067811865470176 ) ) ;
#5742 = CARTESIAN_POINT ( 'NONE',  ( 6.570000000000000284, 1.649999999999999911, 3.720000000000000195 ) ) ;
#5743 = VERTEX_POINT ( 'NONE', #3003 ) ;
#5744 = CARTESIAN_POINT ( 'NONE',  ( 0.4249999999999999334, -4.495000000000000107, 1.201000000000000512 ) ) ;
#5745 = CARTESIAN_POINT ( 'NONE',  ( 5.154999999999997584, 4.495000000000000107, 0.8499999999999999778 ) ) ;
#5746 = CARTESIAN_POINT ( 'NONE',  ( 2.419999999999999929, -1.389999999999999902, 8.959999999999999076 ) ) ;
#5747 = CARTESIAN_POINT ( 'NONE',  ( -2.220000000000000195, 1.590000000000000080, 1.969999999999999973 ) ) ;
#5748 =( NAMED_UNIT ( * ) SI_UNIT ( $, .STERADIAN. ) SOLID_ANGLE_UNIT ( ) );
#5749 = B_SPLINE_CURVE_WITH_KNOTS ( 'NONE', 1,
 ( #7058, #1321 ),
 .UNSPECIFIED., .F., .F.,
 ( 2, 2 ),
 ( 0.01261999999999999927, 0.01426000000000000011 ),
 .UNSPECIFIED. ) ;
#5750 = PLANE ( 'NONE',  #7022 ) ;
#5751 = ORIENTED_EDGE ( 'NONE', *, *, #4722, .F. ) ;
#5752 = CARTESIAN_POINT ( 'NONE',  ( -4.304999999999999716, -3.645000000000000018, 1.629999999999999893 ) ) ;
#5754 = CARTESIAN_POINT ( 'NONE',  ( -3.411984467150999123, -4.344999999999999751, 8.455469570674935653 ) ) ;
#5753 = PRESENTATION_LAYER_ASSIGNMENT (  '', '', ( #3036 ) ) ;
#5755 = CARTESIAN_POINT ( 'NONE',  ( -5.155000000000000249, 3.645000000000000018, 1.668999999999999817 ) ) ;
#5756 = EDGE_CURVE ( 'NONE', #6613, #2232, #7304, .T. ) ;
#5757 = ORIENTED_EDGE ( 'NONE', *, *, #1839, .T. ) ;
#5758 = FACE_OUTER_BOUND ( 'NONE', #6166, .T. ) ;
#5759 =( GEOMETRIC_REPRESENTATION_CONTEXT ( 3 ) GLOBAL_UNCERTAINTY_ASSIGNED_CONTEXT ( ( #8097 ) ) GLOBAL_UNIT_ASSIGNED_CONTEXT ( ( #5884, #7132, #2648 ) ) REPRESENTATION_CONTEXT ( 'NONE', 'WORKASPACE' ) );
#5760 = CARTESIAN_POINT ( 'NONE',  ( -6.570000000000000284, -1.649999999999999911, 3.720000000000000195 ) ) ;
#5761 = EDGE_LOOP ( 'NONE', ( #4776, #4995 ) ) ;
#5762 = FILL_AREA_STYLE ('',( #1353 ) ) ;
#5763 = CARTESIAN_POINT ( 'NONE',  ( -3.256795864802467300, -4.344999999999999751, 8.435854368843434870 ) ) ;
#5764 = EDGE_CURVE ( 'NONE', #7202, #2857, #6855, .T. ) ;
#5765 = VECTOR ( 'NONE', #1971, 1000.000000000000000 ) ;
#5766 = B_SPLINE_CURVE_WITH_KNOTS ( 'NONE', 1,
 ( #5381, #853 ),
 .UNSPECIFIED., .F., .F.,
 ( 2, 2 ),
 ( -1.000000000000000000, 0.0000000000000000000 ),
 .UNSPECIFIED. ) ;
#5767 = ORIENTED_EDGE ( 'NONE', *, *, #2285, .F. ) ;
#5768 = B_SPLINE_CURVE_WITH_KNOTS ( 'NONE', 1,
 ( #1086, #1637, #8139, #2251 ),
 .UNSPECIFIED., .F., .F.,
 ( 2, 1, 1, 2 ),
 ( -0.04461999999999999994, -0.04100000000000000172, -0.03300000000000000155, -0.02937999999999999987 ),
 .UNSPECIFIED. ) ;
#5769 = FACE_OUTER_BOUND ( 'NONE', #4172, .T. ) ;
#5770 = FACE_OUTER_BOUND ( 'NONE', #4865, .T. ) ;
#5771 = CARTESIAN_POINT ( 'NONE',  ( -4.793851841765981447, -4.344999999999997975, 7.632957838021057206 ) ) ;
#5772 = STYLED_ITEM ( 'NONE', ( #6686 ), #4054 ) ;
#5773 = STYLED_ITEM ( 'NONE', ( #1418 ), #2753 ) ;
#5774 =( NAMED_UNIT ( * ) SI_UNIT ( $, .STERADIAN. ) SOLID_ANGLE_UNIT ( ) );
#5775 = ADVANCED_FACE ( 'NONE', ( #7666 ), #2762, .T. ) ;
#5776 = EDGE_CURVE ( 'NONE', #3677, #8191, #6500, .T. ) ;
#5777 = ORIENTED_EDGE ( 'NONE', *, *, #4994, .F. ) ;
#5778 = CARTESIAN_POINT ( 'NONE',  ( -4.572186623935188265, -4.445000000000001172, 7.761415333896090729 ) ) ;
#5779 = MECHANICAL_DESIGN_GEOMETRIC_PRESENTATION_REPRESENTATION (  '', ( #4687 ), #3201 ) ;
#5780 =( LENGTH_UNIT ( ) NAMED_UNIT ( * ) SI_UNIT ( .MILLI., .METRE. ) );
#5781 =( NAMED_UNIT ( * ) PLANE_ANGLE_UNIT ( ) SI_UNIT ( $, .RADIAN. ) );
#5782 = CARTESIAN_POINT ( 'NONE',  ( -4.305000000000000604, -2.794999999999996820, 1.630000000000000338 ) ) ;
#5783 = VECTOR ( 'NONE', #5428, 1000.000000000000000 ) ;
#5784 = CARTESIAN_POINT ( 'NONE',  ( -4.709990443379631131, -4.445000000000000284, 8.066438788089465461 ) ) ;
#5785 = DIRECTION ( 'NONE',  ( 1.962615573354721115E-17, 0.7071067811865461294, 0.7071067811865490160 ) ) ;
#5786 = EDGE_CURVE ( 'NONE', #7868, #6440, #5886, .T. ) ;
#5787 = CARTESIAN_POINT ( 'NONE',  ( 0.4249999999999999334, -2.794999999999999485, 0.8499999999999999778 ) ) ;
#5788 = FILL_AREA_STYLE_COLOUR ( '', #360 ) ;
#5789 = COLOUR_RGB ( '',0.1019607843137254888, 0.1019607843137254888, 0.1019607843137254888 ) ;
#5790 = CARTESIAN_POINT ( 'NONE',  ( 2.086593607092809499, -0.8165936070928099255, -2.267708955550460814 ) ) ;
#5791 = DIRECTION ( 'NONE',  ( 1.000000000000000000, 0.0000000000000000000, 0.0000000000000000000 ) ) ;
#5792 = CARTESIAN_POINT ( 'NONE',  ( -4.259969854801398448, -4.444999999999999396, 7.866254203297503800 ) ) ;
#5793 = ORIENTED_EDGE ( 'NONE', *, *, #6728, .T. ) ;
#5794 = CARTESIAN_POINT ( 'NONE',  ( -3.486716538465101323, -4.445000000000000284, 8.184102049307414362 ) ) ;
#5795 = FILL_AREA_STYLE ('',( #1268 ) ) ;
#5796 = EDGE_LOOP ( 'NONE', ( #4883, #1658, #1507, #2645 ) ) ;
#5797 = B_SPLINE_CURVE_WITH_KNOTS ( 'NONE', 1,
 ( #1011, #4897 ),
 .UNSPECIFIED., .F., .F.,
 ( 2, 2 ),
 ( 0.0000000000000000000, 0.6502057613168723549 ),
 .UNSPECIFIED. ) ;
#5798 = DIRECTION ( 'NONE',  ( -0.0000000000000000000, 0.9284766908852596368, 0.3713906763541028888 ) ) ;
#5799 = CARTESIAN_POINT ( 'NONE',  ( -3.181428076926640092, -4.445000000000000284, 8.317400743885405845 ) ) ;
#5800 = DIRECTION ( 'NONE',  ( -0.8480480961564280662, 0.0000000000000000000, 0.5299192642332017922 ) ) ;
#5801 = AXIS2_PLACEMENT_3D ( 'NONE', #6125, #6047, #5407 ) ;
#5802 = CARTESIAN_POINT ( 'NONE',  ( 2.860000000000000320, -1.590000000000000080, 2.129999999999999893 ) ) ;
#5803 = EDGE_LOOP ( 'NONE', ( #2988, #5244, #1143, #7187 ) ) ;
#5804 = PLANE ( 'NONE',  #7950 ) ;
#5805 =( NAMED_UNIT ( * ) SI_UNIT ( $, .STERADIAN. ) SOLID_ANGLE_UNIT ( ) );
#5807 = ORIENTED_EDGE ( 'NONE', *, *, #8245, .T. ) ;
#5806 = PRESENTATION_LAYER_ASSIGNMENT (  '', '', ( #2007 ) ) ;
#5808 = VERTEX_POINT ( 'NONE', #7746 ) ;
#5809 = CARTESIAN_POINT ( 'NONE',  ( -3.486716538465101323, -4.445000000000000284, 8.455469570674935653 ) ) ;
#5810 = ADVANCED_FACE ( 'NONE', ( #45, #4617, #5127, #1950, #3859, #6439, #2605 ), #7790, .T. ) ;
#5811 = STYLED_ITEM ( 'NONE', ( #6151 ), #985 ) ;
#5812 = CARTESIAN_POINT ( 'NONE',  ( 4.304999999999999716, -3.645000000000000018, 1.629999999999999893 ) ) ;
#5813 = CARTESIAN_POINT ( 'NONE',  ( -4.720196970463645059, -4.344999999999999751, 7.493105246182955703 ) ) ;
#5814 = CARTESIAN_POINT ( 'NONE',  ( -3.205516888884852644, -4.444999999999999396, 8.397431169708463372 ) ) ;
#5815 = CARTESIAN_POINT ( 'NONE',  ( 1.719999999999999973, -2.089999999999999858, 1.629999999999999893 ) ) ;
#5816 = ORIENTED_EDGE ( 'NONE', *, *, #3538, .F. ) ;
#5817 = CARTESIAN_POINT ( 'NONE',  ( -0.3200000000000000067, -0.9499999999999999556, 8.460000000000000853 ) ) ;
#5818 = AXIS2_PLACEMENT_3D ( 'NONE', #3883, #5679, #594 ) ;
#5819 =( BOUNDED_CURVE ( )  B_SPLINE_CURVE ( 3, ( #6256, #5102, #1341, #4434 ),
 .UNSPECIFIED., .F., .F. ) 
 B_SPLINE_CURVE_WITH_KNOTS ( ( 4, 4 ),
 ( 3.548578744104919913, 5.876199216664460323 ),
 .UNSPECIFIED. ) 
 CURVE ( )  GEOMETRIC_REPRESENTATION_ITEM ( )  RATIONAL_B_SPLINE_CURVE ( ( 1.000000000000000000, 0.5972289350732999935, 0.5972289350732999935, 1.000000000000000000 ) ) 
 REPRESENTATION_ITEM ( '' )  );
#5820 = EDGE_CURVE ( 'NONE', #3974, #4108, #6017, .T. ) ;
#5821 =( LENGTH_UNIT ( ) NAMED_UNIT ( * ) SI_UNIT ( .MILLI., .METRE. ) );
#5822 = EDGE_CURVE ( 'NONE', #6160, #1674, #7288, .T. ) ;
#5823 = CARTESIAN_POINT ( 'NONE',  ( -5.154999999999995808, 2.794999999999999929, 1.630000000000000338 ) ) ;
#5824 = CARTESIAN_POINT ( 'NONE',  ( -4.024636339909592131, -4.444999999999999396, 7.588596952736543777 ) ) ;
#5825 = PRESENTATION_STYLE_ASSIGNMENT (( #7757 ) ) ;
#5826 = CARTESIAN_POINT ( 'NONE',  ( -3.397840197981509824, -4.344999999999998863, 7.947848362680764112 ) ) ;
#5827 = CARTESIAN_POINT ( 'NONE',  ( -2.860000000000000320, -1.590000000000000080, 8.300000000000000711 ) ) ;
#5828 = FILL_AREA_STYLE_COLOUR ( '', #6672 ) ;
#5829 = CARTESIAN_POINT ( 'NONE',  ( -3.360000000000000320, -2.099839999999999929, 1.629999999999999893 ) ) ;
#5830 = CARTESIAN_POINT ( 'NONE',  ( -6.570000000000000284, -3.314999999999999947, 9.919999999999999929 ) ) ;
#5831 = FACE_OUTER_BOUND ( 'NONE', #5120, .T. ) ;
#5832 = ORIENTED_EDGE ( 'NONE', *, *, #3887, .F. ) ;
#5833 = B_SPLINE_CURVE_WITH_KNOTS ( 'NONE', 1,
 ( #4914, #436 ),
 .UNSPECIFIED., .F., .F.,
 ( 2, 2 ),
 ( 0.0006400000000000000524, 0.001280000000000000105 ),
 .UNSPECIFIED. ) ;
#5834 = CARTESIAN_POINT ( 'NONE',  ( -4.371007907637013190, -4.444999999999999396, 7.575510170937068466 ) ) ;
#5835 = CARTESIAN_POINT ( 'NONE',  ( -2.220000000000000195, -1.590000000000000080, 8.300000000000000711 ) ) ;
#5836 = CARTESIAN_POINT ( 'NONE',  ( -4.111330971311492277, -4.445000000000000284, 8.047246622558592577 ) ) ;
#5837 = ORIENTED_EDGE ( 'NONE', *, *, #2527, .F. ) ;
#5838 = CARTESIAN_POINT ( 'NONE',  ( -4.305000000000002380, -2.794999999999999485, 1.669000000000000483 ) ) ;
#5839 = CARTESIAN_POINT ( 'NONE',  ( 2.220000000000000639, 1.590000000000000080, 2.130000000000001226 ) ) ;
#5840 = PLANE ( 'NONE',  #5818 ) ;
#5841 = ORIENTED_EDGE ( 'NONE', *, *, #4031, .T. ) ;
#5842 = CARTESIAN_POINT ( 'NONE',  ( 2.220000000000000195, -0.9499999999999999556, -1.029999999999994476 ) ) ;
#5843 = ORIENTED_EDGE ( 'NONE', *, *, #857, .T. ) ;
#5844 = ORIENTED_EDGE ( 'NONE', *, *, #7247, .F. ) ;
#5845 = CARTESIAN_POINT ( 'NONE',  ( -2.943981495730058739, -4.445000000000000284, 8.317135736540322455 ) ) ;
#5846 = CARTESIAN_POINT ( 'NONE',  ( -4.572186623935187377, -4.445000000000001172, 7.761415333896089841 ) ) ;
#5847 = CARTESIAN_POINT ( 'NONE',  ( -3.238746917300616701, -4.344999999999997975, 8.426284865155443171 ) ) ;
#5848 = DIRECTION ( 'NONE',  ( 0.0000000000000000000, 1.000000000000000000, 0.0000000000000000000 ) ) ;
#5849 = VERTEX_POINT ( 'NONE', #2191 ) ;
#5850 = PRESENTATION_LAYER_ASSIGNMENT (  '', '', ( #7604 ) ) ;
#5851 = ADVANCED_FACE ( 'NONE', ( #2731 ), #6800, .T. ) ;
#5852 = CARTESIAN_POINT ( 'NONE',  ( 2.220000000000000195, -0.9499999999999999556, 8.460000000000000853 ) ) ;
#5853 = CARTESIAN_POINT ( 'NONE',  ( -3.471080312134038781, -4.344999999999998863, 7.946676373222471668 ) ) ;
#5854 = CARTESIAN_POINT ( 'NONE',  ( -4.305000000000002380, -2.794999999999999485, 0.8499999999999999778 ) ) ;
#5855 = ADVANCED_FACE ( 'NONE', ( #1659 ), #2854, .T. ) ;
#5856 = ORIENTED_EDGE ( 'NONE', *, *, #4677, .F. ) ;
#5857 = B_SPLINE_CURVE_WITH_KNOTS ( 'NONE', 1,
 ( #8278, #7323 ),
 .UNSPECIFIED., .F., .F.,
 ( 2, 2 ),
 ( 0.0000000000000000000, 1.000000000000000000 ),
 .UNSPECIFIED. ) ;
#5858 = COLOUR_RGB ( '',0.1019607843137254888, 0.1019607843137254888, 0.1019607843137254888 ) ;
#5859 = FILL_AREA_STYLE_COLOUR ( '', #6959 ) ;
#5860 = DIRECTION ( 'NONE',  ( -0.4682379421519021201, -0.4682379421519018980, 0.7493373466328125954 ) ) ;
#5861 = CARTESIAN_POINT ( 'NONE',  ( 3.360000000000000320, -2.089999999999999858, 1.629999999999999893 ) ) ;
#5862 = CARTESIAN_POINT ( 'NONE',  ( -4.011475456712138232, -4.345000000000001528, 7.626035689127857786 ) ) ;
#5863 = B_SPLINE_CURVE_WITH_KNOTS ( 'NONE', 1,
 ( #2660, #4583 ),
 .UNSPECIFIED., .F., .F.,
 ( 2, 2 ),
 ( -1.000000000000000000, 0.0000000000000000000 ),
 .UNSPECIFIED. ) ;
#5864 =( LENGTH_UNIT ( ) NAMED_UNIT ( * ) SI_UNIT ( .MILLI., .METRE. ) );
#5865 = ORIENTED_EDGE ( 'NONE', *, *, #7819, .T. ) ;
#5866 = DIRECTION ( 'NONE',  ( 0.0000000000000000000, -1.000000000000000000, 0.0000000000000000000 ) ) ;
#5867 = CARTESIAN_POINT ( 'NONE',  ( -4.393498873773876490, -4.445000000000000284, 7.574195483635793202 ) ) ;
#5868 = CARTESIAN_POINT ( 'NONE',  ( -5.154999999999997584, 2.794999999999999485, 0.8499999999999999778 ) ) ;
#5869 = EDGE_CURVE ( 'NONE', #1748, #4752, #3968, .T. ) ;
#5870 =( NAMED_UNIT ( * ) PLANE_ANGLE_UNIT ( ) SI_UNIT ( $, .RADIAN. ) );
#5871 = ADVANCED_FACE ( 'NONE', ( #882 ), #5418, .T. ) ;
#5872 = ORIENTED_EDGE ( 'NONE', *, *, #1795, .T. ) ;
#5873 = FACE_OUTER_BOUND ( 'NONE', #117, .T. ) ;
#5874 = CARTESIAN_POINT ( 'NONE',  ( -5.154999999999997584, -4.495000000000000107, 1.669000000000000483 ) ) ;
#5875 = CARTESIAN_POINT ( 'NONE',  ( -4.987909360668997927, 4.834533315349336391, 1.630000000000000115 ) ) ;
#5876 = CARTESIAN_POINT ( 'NONE',  ( -4.484232842554831677, -4.345000000000000639, 7.343385337612709840 ) ) ;
#5877 = EDGE_LOOP ( 'NONE', ( #6092, #4965, #4849, #4467, #3720, #5146 ) ) ;
#5878 = B_SPLINE_CURVE_WITH_KNOTS ( 'NONE', 1,
 ( #1048, #7507 ),
 .UNSPECIFIED., .F., .F.,
 ( 2, 2 ),
 ( 0.02688548016506000018, 0.02792471064960999963 ),
 .UNSPECIFIED. ) ;
#5879 = EDGE_LOOP ( 'NONE', ( #6195, #7028, #574, #2748 ) ) ;
#5880 = ADVANCED_FACE ( 'NONE', ( #2276 ), #333, .T. ) ;
#5881 = ORIENTED_EDGE ( 'NONE', *, *, #1006, .F. ) ;
#5882 =( GEOMETRIC_REPRESENTATION_CONTEXT ( 3 ) GLOBAL_UNCERTAINTY_ASSIGNED_CONTEXT ( ( #302 ) ) GLOBAL_UNIT_ASSIGNED_CONTEXT ( ( #3191, #5781, #1291 ) ) REPRESENTATION_CONTEXT ( 'NONE', 'WORKASPACE' ) );
#5883 = CARTESIAN_POINT ( 'NONE',  ( -2.984846707353120188, -4.445000000000000284, 8.139289456410887524 ) ) ;
#5884 =( LENGTH_UNIT ( ) NAMED_UNIT ( * ) SI_UNIT ( .MILLI., .METRE. ) );
#5885 = CARTESIAN_POINT ( 'NONE',  ( -3.186599334490936464, -4.444999999999999396, 7.975801463916604384 ) ) ;
#5886 = LINE ( 'NONE', #89, #2658 ) ;
#5887 = AXIS2_PLACEMENT_3D ( 'NONE', #6739, #8062, #3198 ) ;
#5888 = ORIENTED_EDGE ( 'NONE', *, *, #3390, .F. ) ;
#5889 = CARTESIAN_POINT ( 'NONE',  ( -0.3200000000000000067, -0.9499999999999999556, 8.460000000000000853 ) ) ;
#5890 = UNCERTAINTY_MEASURE_WITH_UNIT (LENGTH_MEASURE( 1.000000000000000082E-05 ), #2856, 'distance_accuracy_value', 'NONE');
#5891 = PRESENTATION_LAYER_ASSIGNMENT (  '', '', ( #3991 ) ) ;
#5892 = CARTESIAN_POINT ( 'NONE',  ( 6.570000000000000284, -1.649999999999999911, 8.030000000000001137 ) ) ;
#5893 = FILL_AREA_STYLE_COLOUR ( '', #7350 ) ;
#5894 = DIRECTION ( 'NONE',  ( 1.000000000000000000, 0.0000000000000000000, 0.0000000000000000000 ) ) ;
#5895 =( LENGTH_UNIT ( ) NAMED_UNIT ( * ) SI_UNIT ( .MILLI., .METRE. ) );
#5896 = CARTESIAN_POINT ( 'NONE',  ( -3.203188259074832622, -4.345000000000000639, 8.241904572318876632 ) ) ;
#5897 = DIRECTION ( 'NONE',  ( -0.0000000000000000000, 0.0000000000000000000, -1.000000000000000000 ) ) ;
#5898 = DIRECTION ( 'NONE',  ( 0.0000000000000000000, 0.0000000000000000000, -1.000000000000000000 ) ) ;
#5900 =( NAMED_UNIT ( * ) SI_UNIT ( $, .STERADIAN. ) SOLID_ANGLE_UNIT ( ) );
#5899 = VECTOR ( 'NONE', #4609, 1000.000000000000000 ) ;
#5901 = CARTESIAN_POINT ( 'NONE',  ( 5.155000000000000249, 3.645000000000000018, 1.239999999999999991 ) ) ;
#5902 = EDGE_LOOP ( 'NONE', ( #324, #4755, #4047, #7813, #2889, #7749 ) ) ;
#5903 = CARTESIAN_POINT ( 'NONE',  ( -4.233598394871719961, -4.344999999999998863, 7.774185397179568469 ) ) ;
#5904 = CARTESIAN_POINT ( 'NONE',  ( -4.405762011221511898, -4.445000000000000284, 7.946655468110833453 ) ) ;
#5905 = CARTESIAN_POINT ( 'NONE',  ( 0.3200000000000000067, -1.590000000000000746, 1.169999999999999929 ) ) ;
#5906 = PRESENTATION_LAYER_ASSIGNMENT (  '', '', ( #7658 ) ) ;
#5907 = CARTESIAN_POINT ( 'NONE',  ( -2.859999999999999876, -1.589999999999999858, 3.719999999999999751 ) ) ;
#5908 = EDGE_CURVE ( 'NONE', #1460, #2356, #3058, .T. ) ;
#5909 = VERTEX_POINT ( 'NONE', #2227 ) ;
#5910 = FACE_OUTER_BOUND ( 'NONE', #5761, .T. ) ;
#5911 = CARTESIAN_POINT ( 'NONE',  ( -4.234577187403429477, -4.445000000000002061, 7.723104802167509497 ) ) ;
#5912 = FACE_OUTER_BOUND ( 'NONE', #2375, .T. ) ;
#5913 = AXIS2_PLACEMENT_3D ( 'NONE', #3416, #6000, #2759 ) ;
#5914 = ORIENTED_EDGE ( 'NONE', *, *, #3689, .F. ) ;
#5915 = CARTESIAN_POINT ( 'NONE',  ( -0.4249999999999999334, -4.495000000000000107, 1.201000000000000512 ) ) ;
#5916 = CARTESIAN_POINT ( 'NONE',  ( -2.860000000000000320, 0.9499999999999999556, 8.300000000000000711 ) ) ;
#5917 = B_SPLINE_CURVE_WITH_KNOTS ( 'NONE', 1,
 ( #3078, #4515 ),
 .UNSPECIFIED., .F., .F.,
 ( 2, 2 ),
 ( 0.0000000000000000000, 0.1316872427983538929 ),
 .UNSPECIFIED. ) ;
#5918 = PRESENTATION_STYLE_ASSIGNMENT (( #1868 ) ) ;
#5919 = ADVANCED_FACE ( 'NONE', ( #6096 ), #2903, .T. ) ;
#5920 = CARTESIAN_POINT ( 'NONE',  ( -4.663350365497768379, -4.344999999999999751, 7.432100130745006084 ) ) ;
#5921 = EDGE_CURVE ( 'NONE', #8210, #4056, #1616, .T. ) ;
#5922 = COLOUR_RGB ( '',1.000000000000000000, 1.000000000000000000, 1.000000000000000000 ) ;
#5923 = ORIENTED_EDGE ( 'NONE', *, *, #2285, .T. ) ;
#5924 = CARTESIAN_POINT ( 'NONE',  ( 2.419999999999999929, 1.149999999999999911, 8.959999999999999076 ) ) ;
#5925 = CARTESIAN_POINT ( 'NONE',  ( 2.259999999999999787, -3.915000000000000036, 10.51999999999999957 ) ) ;
#5926 = ORIENTED_EDGE ( 'NONE', *, *, #6880, .T. ) ;
#5927 = ORIENTED_EDGE ( 'NONE', *, *, #7178, .T. ) ;
#5928 = PRESENTATION_LAYER_ASSIGNMENT (  '', '', ( #2132 ) ) ;
#5929 = FACE_OUTER_BOUND ( 'NONE', #2727, .T. ) ;
#5930 = CARTESIAN_POINT ( 'NONE',  ( -4.243837123647552723, -4.344999999999999751, 7.834482925058105174 ) ) ;
#5931 = CARTESIAN_POINT ( 'NONE',  ( -3.157436042913010610, -4.445000000000001172, 7.987227557716233939 ) ) ;
#5932 = EDGE_CURVE ( 'NONE', #3765, #5719, #6844, .T. ) ;
#5933 = CARTESIAN_POINT ( 'NONE',  ( -3.185017905113347592, -4.444999999999999396, 8.352969147003342698 ) ) ;
#5934 = ORIENTED_EDGE ( 'NONE', *, *, #127, .F. ) ;
#5935 = CARTESIAN_POINT ( 'NONE',  ( -2.860000000000000320, 1.590000000000000080, 3.720000000000000195 ) ) ;
#5936 = B_SPLINE_CURVE_WITH_KNOTS ( 'NONE', 1,
 ( #8321, #4479 ),
 .UNSPECIFIED., .F., .F.,
 ( 2, 2 ),
 ( 0.002826129567679999937, 0.003692154971469999939 ),
 .UNSPECIFIED. ) ;
#5937 = AXIS2_PLACEMENT_3D ( 'NONE', #6863, #3062, #4294 ) ;
#5938 = CARTESIAN_POINT ( 'NONE',  ( 4.304999999999999716, -3.645000000000000018, 1.239999999999999991 ) ) ;
#5939 = PRESENTATION_STYLE_ASSIGNMENT (( #295 ) ) ;
#5940 = LINE ( 'NONE', #7842, #5374 ) ;
#5941 = DIRECTION ( 'NONE',  ( 1.000000000000000000, 0.0000000000000000000, 0.0000000000000000000 ) ) ;
#5942 = FILL_AREA_STYLE ('',( #3868 ) ) ;
#5943 = VECTOR ( 'NONE', #2947, 1000.000000000000000 ) ;
#5944 = CARTESIAN_POINT ( 'NONE',  ( -3.397840197981509824, -4.445000000000000284, 7.947848362680764112 ) ) ;
#5945 = FILL_AREA_STYLE ('',( #1583 ) ) ;
#5946 = ORIENTED_EDGE ( 'NONE', *, *, #941, .F. ) ;
#5947 = PRODUCT_RELATED_PRODUCT_CATEGORY ( 'part', '', ( #7506 ) ) ;
#5948 = CARTESIAN_POINT ( 'NONE',  ( -4.259969854801398448, -4.444999999999999396, 7.866254203297503800 ) ) ;
#5949 = SURFACE_STYLE_USAGE ( .BOTH. , #6556 ) ;
#5950 =( NAMED_UNIT ( * ) PLANE_ANGLE_UNIT ( ) SI_UNIT ( $, .RADIAN. ) );
#5951 = STYLED_ITEM ( 'NONE', ( #1826 ), #7106 ) ;
#5952 = PRESENTATION_STYLE_ASSIGNMENT (( #6032 ) ) ;
#5953 = B_SPLINE_CURVE_WITH_KNOTS ( 'NONE', 1,
 ( #3004, #2368 ),
 .UNSPECIFIED., .F., .F.,
 ( 2, 2 ),
 ( -1.000000000000000000, 0.0000000000000000000 ),
 .UNSPECIFIED. ) ;
#5954 = VERTEX_POINT ( 'NONE', #4902 ) ;
#5955 = CARTESIAN_POINT ( 'NONE',  ( -4.572186623935187377, -4.345000000000000639, 7.761415333896089841 ) ) ;
#5956 = CARTESIAN_POINT ( 'NONE',  ( -7.620000000000000107, 4.445000000000000284, 1.629999999999999893 ) ) ;
#5957 = PRESENTATION_STYLE_ASSIGNMENT (( #1596 ) ) ;
#5958 = CARTESIAN_POINT ( 'NONE',  ( -3.995530641029204411, -4.445000000000000284, 7.747899959296731254 ) ) ;
#5959 = ORIENTED_EDGE ( 'NONE', *, *, #5071, .T. ) ;
#5960 = EDGE_CURVE ( 'NONE', #1664, #2785, #647, .T. ) ;
#5961 = SURFACE_STYLE_FILL_AREA ( #2677 ) ;
#5962 = DIRECTION ( 'NONE',  ( 0.8480480961564258457, -0.0000000000000000000, 0.5299192642332053449 ) ) ;
#5963 = CARTESIAN_POINT ( 'NONE',  ( -3.724163119661682231, -4.445000000000000284, 7.369999485204850487 ) ) ;
#5964 =( NAMED_UNIT ( * ) PLANE_ANGLE_UNIT ( ) SI_UNIT ( $, .RADIAN. ) );
#5965 = ORIENTED_EDGE ( 'NONE', *, *, #1734, .F. ) ;
#5966 =( NAMED_UNIT ( * ) PLANE_ANGLE_UNIT ( ) SI_UNIT ( $, .RADIAN. ) );
#5967 = LINE ( 'NONE', #4656, #4816 ) ;
#5968 = ORIENTED_EDGE ( 'NONE', *, *, #6942, .T. ) ;
#5969 = EDGE_CURVE ( 'NONE', #4087, #3459, #7536, .T. ) ;
#5970 = EDGE_CURVE ( 'NONE', #7586, #3385, #4273, .T. ) ;
#5971 = B_SPLINE_CURVE_WITH_KNOTS ( 'NONE', 1,
 ( #2427, #8064, #7558 ),
 .UNSPECIFIED., .F., .F.,
 ( 2, 1, 2 ),
 ( -1.000000000000000000, -0.6881720430107529651, -0.2275985663082440436 ),
 .UNSPECIFIED. ) ;
#5972 = CARTESIAN_POINT ( 'NONE',  ( 0.3200000000000000067, 1.590000000000000080, -1.029999999999994476 ) ) ;
#5973 =( NAMED_UNIT ( * ) PLANE_ANGLE_UNIT ( ) SI_UNIT ( $, .RADIAN. ) );
#5974 = SURFACE_SIDE_STYLE ('',( #205 ) ) ;
#5975 = CARTESIAN_POINT ( 'NONE',  ( 2.714962994409468422, 1.095037005590532520, -1.822106370551018539 ) ) ;
#5976 = ORIENTED_EDGE ( 'NONE', *, *, #317, .F. ) ;
#5977 = CARTESIAN_POINT ( 'NONE',  ( 0.4250000000000000444, 4.495000000000002771, 1.630000000000000338 ) ) ;
#5978 = ORIENTED_EDGE ( 'NONE', *, *, #7137, .F. ) ;
#5979 = EDGE_CURVE ( 'NONE', #5849, #5954, #1872, .T. ) ;
#5980 = ADVANCED_FACE ( 'NONE', ( #4948 ), #7528, .T. ) ;
#5981 = CARTESIAN_POINT ( 'NONE',  ( 5.154999999999997584, 2.794999999999999485, 0.8499999999999999778 ) ) ;
#5982 = CARTESIAN_POINT ( 'NONE',  ( -2.259999999999999787, -4.445000000000000284, 3.720000000000000195 ) ) ;
#5983 = FACE_OUTER_BOUND ( 'NONE', #6545, .T. ) ;
#5984 = DIRECTION ( 'NONE',  ( 1.000000000000000000, 0.0000000000000000000, 0.0000000000000000000 ) ) ;
#5985 = CARTESIAN_POINT ( 'NONE',  ( -7.620000000000000107, -1.649999999999999911, 8.030000000000001137 ) ) ;
#5986 = STYLED_ITEM ( 'NONE', ( #5825 ), #22 ) ;
#5987 = SURFACE_STYLE_USAGE ( .BOTH. , #1294 ) ;
#5988 = DIRECTION ( 'NONE',  ( -0.0000000000000000000, 1.000000000000000000, 0.0000000000000000000 ) ) ;
#5989 = UNCERTAINTY_MEASURE_WITH_UNIT (LENGTH_MEASURE( 1.000000000000000082E-05 ), #6295, 'distance_accuracy_value', 'NONE');
#5990 = VERTEX_POINT ( 'NONE', #424 ) ;
#5991 = EDGE_CURVE ( 'NONE', #4695, #1453, #7600, .T. ) ;
#5992 = CARTESIAN_POINT ( 'NONE',  ( 5.412090639330994435, 4.834533315349337279, 0.7410000000000002141 ) ) ;
#5993 = FACE_OUTER_BOUND ( 'NONE', #6, .T. ) ;
#5994 = CARTESIAN_POINT ( 'NONE',  ( 2.860000000000000320, 1.590000000000000302, 3.720000000000000639 ) ) ;
#5995 = CARTESIAN_POINT ( 'NONE',  ( -2.220000000000000195, 0.9461600000000000010, 8.300000000000000711 ) ) ;
#5996 = CARTESIAN_POINT ( 'NONE',  ( 0.3200000000000000067, -1.590000000000000080, 2.129999999999999893 ) ) ;
#5997 = ORIENTED_EDGE ( 'NONE', *, *, #4576, .T. ) ;
#5998 = CARTESIAN_POINT ( 'NONE',  ( 7.620000000000000107, 4.445000000000000284, 10.51999999999999957 ) ) ;
#5999 = DIRECTION ( 'NONE',  ( 1.000000000000000000, 0.0000000000000000000, 0.0000000000000000000 ) ) ;
#6000 = DIRECTION ( 'NONE',  ( 1.000000000000000000, 0.0000000000000000000, 0.0000000000000000000 ) ) ;
#6001 =( GEOMETRIC_REPRESENTATION_CONTEXT ( 3 ) GLOBAL_UNCERTAINTY_ASSIGNED_CONTEXT ( ( #490 ) ) GLOBAL_UNIT_ASSIGNED_CONTEXT ( ( #212, #976, #7270 ) ) REPRESENTATION_CONTEXT ( 'NONE', 'WORKASPACE' ) );
#6002 = CARTESIAN_POINT ( 'NONE',  ( -4.570727413365819558, -4.445000000000000284, 7.798944621580455205 ) ) ;
#6003 = ORIENTED_EDGE ( 'NONE', *, *, #1372, .F. ) ;
#6004 = CARTESIAN_POINT ( 'NONE',  ( -0.3200000000000000067, -1.590000000000000080, 1.169999999999999929 ) ) ;
#6005 = FACE_OUTER_BOUND ( 'NONE', #712, .T. ) ;
#6006 = B_SPLINE_CURVE_WITH_KNOTS ( 'NONE', 1,
 ( #535, #3670 ),
 .UNSPECIFIED., .F., .F.,
 ( 2, 2 ),
 ( -0.0003516368650300000015, 0.0002228193996200000370 ),
 .UNSPECIFIED. ) ;
#6007 = CARTESIAN_POINT ( 'NONE',  ( 2.860000000000000320, -1.590000000000000080, 3.720000000000000195 ) ) ;
#6008 = MECHANICAL_DESIGN_GEOMETRIC_PRESENTATION_REPRESENTATION (  '', ( #722 ), #3841 ) ;
#6009 =( LENGTH_UNIT ( ) NAMED_UNIT ( * ) SI_UNIT ( .MILLI., .METRE. ) );
#6010 = VERTEX_POINT ( 'NONE', #7611 ) ;
#6011 = CARTESIAN_POINT ( 'NONE',  ( -3.995530641029204411, -4.445000000000000284, 7.747899959296731254 ) ) ;
#6012 = FACE_OUTER_BOUND ( 'NONE', #1281, .T. ) ;
#6013 = ORIENTED_EDGE ( 'NONE', *, *, #8042, .T. ) ;
#6014 = VERTEX_POINT ( 'NONE', #1828 ) ;
#6015 = PLANE ( 'NONE',  #5066 ) ;
#6016 = CARTESIAN_POINT ( 'NONE',  ( -3.217204068513177972, -4.344999999999998863, 7.966796026337330083 ) ) ;
#6017 = LINE ( 'NONE', #4740, #2936 ) ;
#6018 = EDGE_CURVE ( 'NONE', #4778, #4512, #8251, .T. ) ;
#6019 = ORIENTED_EDGE ( 'NONE', *, *, #1981, .F. ) ;
#6020 = DIRECTION ( 'NONE',  ( 1.000000000000000000, 0.0000000000000000000, -4.285384080970379855E-16 ) ) ;
#6021 = SURFACE_SIDE_STYLE ('',( #4061 ) ) ;
#6022 = CARTESIAN_POINT ( 'NONE',  ( -3.189760706439594973, -4.445000000000000284, 8.369143393676081288 ) ) ;
#6023 = CARTESIAN_POINT ( 'NONE',  ( -0.3200000000000000067, -0.9499999999999999556, 8.460000000000000853 ) ) ;
#6024 = EDGE_CURVE ( 'NONE', #3664, #6501, #1951, .T. ) ;
#6025 = EDGE_CURVE ( 'NONE', #5592, #6652, #7392, .T. ) ;
#6026 = CARTESIAN_POINT ( 'NONE',  ( 0.0000000000000000000, 1.402539194427198543, -1.330000000000000071 ) ) ;
#6027 = EDGE_LOOP ( 'NONE', ( #6106, #2694, #5202, #5211 ) ) ;
#6028 = VERTEX_POINT ( 'NONE', #2478 ) ;
#6029 = MECHANICAL_DESIGN_GEOMETRIC_PRESENTATION_REPRESENTATION (  '', ( #1299 ), #5632 ) ;
#6030 = AXIS2_PLACEMENT_3D ( 'NONE', #7293, #6741, #789 ) ;
#6031 = CARTESIAN_POINT ( 'NONE',  ( -4.405762011221511898, -4.445000000000000284, 7.946655468110833453 ) ) ;
#6032 = SURFACE_STYLE_USAGE ( .BOTH. , #1459 ) ;
#6033 =( BOUNDED_CURVE ( )  B_SPLINE_CURVE ( 3, ( #8145, #2210, #5477, #2796 ),
 .UNSPECIFIED., .F., .F. ) 
 B_SPLINE_CURVE_WITH_KNOTS ( ( 4, 4 ),
 ( 3.141592653589790451, 6.283185307179590673 ),
 .UNSPECIFIED. ) 
 CURVE ( )  GEOMETRIC_REPRESENTATION_ITEM ( )  RATIONAL_B_SPLINE_CURVE ( ( 0.9999999999999998890, 0.3333333333333299842, 0.3333333333333300952, 1.000000000000000000 ) ) 
 REPRESENTATION_ITEM ( '' )  );
#6034 = EDGE_CURVE ( 'NONE', #7125, #4014, #4164, .T. ) ;
#6035 = ORIENTED_EDGE ( 'NONE', *, *, #3268, .T. ) ;
#6036 = PLANE ( 'NONE',  #6966 ) ;
#6037 = PRESENTATION_STYLE_ASSIGNMENT (( #3535 ) ) ;
#6038 = CARTESIAN_POINT ( 'NONE',  ( -4.304999999999999716, 3.645000000000000018, 1.201000000000000068 ) ) ;
#6039 =( NAMED_UNIT ( * ) PLANE_ANGLE_UNIT ( ) SI_UNIT ( $, .RADIAN. ) );
#6040 = ORIENTED_EDGE ( 'NONE', *, *, #7764, .T. ) ;
#6041 = COLOUR_RGB ( '',0.1019607843137254888, 0.1019607843137254888, 0.1019607843137254888 ) ;
#6042 = CARTESIAN_POINT ( 'NONE',  ( -6.570000000000000284, -3.314999999999999947, 9.919999999999999929 ) ) ;
#6043 = SURFACE_SIDE_STYLE ('',( #5316 ) ) ;
#6044 = PLANE ( 'NONE',  #6030 ) ;
#6045 = CARTESIAN_POINT ( 'NONE',  ( -4.442985859024748407, -4.444999999999999396, 7.336946068510440178 ) ) ;
#6046 = ORIENTED_EDGE ( 'NONE', *, *, #3342, .F. ) ;
#6047 = DIRECTION ( 'NONE',  ( -1.000000000000000000, 0.0000000000000000000, 0.0000000000000000000 ) ) ;
#6048 = STYLED_ITEM ( 'NONE', ( #4109 ), #4979 ) ;
#6049 = CARTESIAN_POINT ( 'NONE',  ( -3.083134569240993272, -4.445000000000000284, 8.617619537251767881 ) ) ;
#6050 = ORIENTED_EDGE ( 'NONE', *, *, #6780, .T. ) ;
#6051 = ORIENTED_EDGE ( 'NONE', *, *, #2650, .T. ) ;
#6052 = DIRECTION ( 'NONE',  ( -1.000000000000000000, 0.0000000000000000000, -0.0000000000000000000 ) ) ;
#6053 = CARTESIAN_POINT ( 'NONE',  ( -4.011475456712138232, -4.345000000000002416, 7.626035689127857786 ) ) ;
#6054 = MECHANICAL_DESIGN_GEOMETRIC_PRESENTATION_REPRESENTATION (  '', ( #4293 ), #5099 ) ;
#6055 = CARTESIAN_POINT ( 'NONE',  ( -3.080068900436839563, -4.445000000000001172, 8.031893973840835699 ) ) ;
#6056 = EDGE_LOOP ( 'NONE', ( #2, #3246, #3372, #5116 ) ) ;
#6057 = B_SPLINE_CURVE_WITH_KNOTS ( 'NONE', 1,
 ( #254, #809 ),
 .UNSPECIFIED., .F., .F.,
 ( 2, 2 ),
 ( 0.009180000000000000659, 0.01081999999999999976 ),
 .UNSPECIFIED. ) ;
#6058 = ORIENTED_EDGE ( 'NONE', *, *, #8332, .T. ) ;
#6059 = UNCERTAINTY_MEASURE_WITH_UNIT (LENGTH_MEASURE( 1.000000000000000082E-05 ), #2747, 'distance_accuracy_value', 'NONE');
#6060 = FACE_OUTER_BOUND ( 'NONE', #1719, .T. ) ;
#6061 = EDGE_CURVE ( 'NONE', #4685, #498, #2157, .T. ) ;
#6062 = PRESENTATION_LAYER_ASSIGNMENT (  '', '', ( #4981 ) ) ;
#6063 =( LENGTH_UNIT ( ) NAMED_UNIT ( * ) SI_UNIT ( .MILLI., .METRE. ) );
#6064 = FACE_OUTER_BOUND ( 'NONE', #1358, .T. ) ;
#6065 = CARTESIAN_POINT ( 'NONE',  ( 4.304999999999999716, 4.495000000000000107, 1.239999999999999547 ) ) ;
#6066 = ORIENTED_EDGE ( 'NONE', *, *, #2537, .F. ) ;
#6067 = CARTESIAN_POINT ( 'NONE',  ( 0.0000000000000000000, -1.402539194427201874, -1.330000000000000071 ) ) ;
#6068 = ORIENTED_EDGE ( 'NONE', *, *, #3999, .F. ) ;
#6069 =( GEOMETRIC_REPRESENTATION_CONTEXT ( 3 ) GLOBAL_UNCERTAINTY_ASSIGNED_CONTEXT ( ( #1665 ) ) GLOBAL_UNIT_ASSIGNED_CONTEXT ( ( #3572, #1850, #1040 ) ) REPRESENTATION_CONTEXT ( 'NONE', 'WORKASPACE' ) );
#6070 = EDGE_CURVE ( 'NONE', #40, #4056, #6892, .T. ) ;
#6071 = EDGE_CURVE ( 'NONE', #4915, #5419, #1662, .T. ) ;
#6072 = DIRECTION ( 'NONE',  ( -1.000000000000000000, 0.0000000000000000000, 0.0000000000000000000 ) ) ;
#6073 = DIRECTION ( 'NONE',  ( 0.0000000000000000000, 0.0000000000000000000, 1.000000000000000000 ) ) ;
#6074 = B_SPLINE_CURVE_WITH_KNOTS ( 'NONE', 1,
 ( #6692, #3382 ),
 .UNSPECIFIED., .F., .F.,
 ( 2, 2 ),
 ( -1.000000000000000000, 0.0000000000000000000 ),
 .UNSPECIFIED. ) ;
#6075 = DIRECTION ( 'NONE',  ( -1.000000000000000000, 0.0000000000000000000, 0.0000000000000000000 ) ) ;
#6076 = FACE_OUTER_BOUND ( 'NONE', #57, .T. ) ;
#6077 =( GEOMETRIC_REPRESENTATION_CONTEXT ( 3 ) GLOBAL_UNCERTAINTY_ASSIGNED_CONTEXT ( ( #7663 ) ) GLOBAL_UNIT_ASSIGNED_CONTEXT ( ( #2538, #1255, #7755 ) ) REPRESENTATION_CONTEXT ( 'NONE', 'WORKASPACE' ) );
#6078 = B_SPLINE_CURVE_WITH_KNOTS ( 'NONE', 1,
 ( #7421, #7376 ),
 .UNSPECIFIED., .F., .F.,
 ( 2, 2 ),
 ( -1.000000000000000000, 0.0000000000000000000 ),
 .UNSPECIFIED. ) ;
#6079 = ORIENTED_EDGE ( 'NONE', *, *, #4482, .F. ) ;
#6080 = CARTESIAN_POINT ( 'NONE',  ( -6.570000000000000284, 1.649999999999999911, 1.629999999999999893 ) ) ;
#6081 = CARTESIAN_POINT ( 'NONE',  ( 2.220000000000000195, 0.9499999999999999556, 2.129999999999999893 ) ) ;
#6082 = EDGE_CURVE ( 'NONE', #3300, #8159, #2641, .T. ) ;
#6083 = CARTESIAN_POINT ( 'NONE',  ( -4.597415474915649725, -4.445000000000001172, 7.384542646637330954 ) ) ;
#6084 = FACE_OUTER_BOUND ( 'NONE', #2011, .T. ) ;
#6085 =( BOUNDED_CURVE ( )  B_SPLINE_CURVE ( 3, ( #7224, #5977, #2115, #1531 ),
 .UNSPECIFIED., .F., .F. ) 
 B_SPLINE_CURVE_WITH_KNOTS ( ( 4, 4 ),
 ( -14.56676061435919856, -11.42516796076939656 ),
 .UNSPECIFIED. ) 
 CURVE ( )  GEOMETRIC_REPRESENTATION_ITEM ( )  RATIONAL_B_SPLINE_CURVE ( ( 1.000000000000000000, 0.3333333333333292625, 0.3333333333333299842, 1.000000000000000666 ) ) 
 REPRESENTATION_ITEM ( '' )  );
#6086 = LINE ( 'NONE', #1469, #4418 ) ;
#6087 = ORIENTED_EDGE ( 'NONE', *, *, #3391, .F. ) ;
#6088 = FILL_AREA_STYLE_COLOUR ( '', #1882 ) ;
#6089 =( GEOMETRIC_REPRESENTATION_CONTEXT ( 3 ) GLOBAL_UNCERTAINTY_ASSIGNED_CONTEXT ( ( #8014 ) ) GLOBAL_UNIT_ASSIGNED_CONTEXT ( ( #34, #6497, #7047 ) ) REPRESENTATION_CONTEXT ( 'NONE', 'WORKASPACE' ) );
#6090 = CARTESIAN_POINT ( 'NONE',  ( -3.012776928893985851, -4.445000000000001172, 8.548284573084835358 ) ) ;
#6091 = B_SPLINE_CURVE_WITH_KNOTS ( 'NONE', 1,
 ( #458, #3084 ),
 .UNSPECIFIED., .F., .F.,
 ( 2, 2 ),
 ( 0.08333333333333335646, 0.9166666666666667407 ),
 .UNSPECIFIED. ) ;
#6092 = ORIENTED_EDGE ( 'NONE', *, *, #7146, .T. ) ;
#6093 = ORIENTED_EDGE ( 'NONE', *, *, #7177, .F. ) ;
#6094 = EDGE_CURVE ( 'NONE', #4423, #2785, #6312, .T. ) ;
#6095 = ORIENTED_EDGE ( 'NONE', *, *, #725, .T. ) ;
#6096 = FACE_OUTER_BOUND ( 'NONE', #6987, .T. ) ;
#6097 = DIRECTION ( 'NONE',  ( 0.0000000000000000000, -1.000000000000000000, 0.0000000000000000000 ) ) ;
#6098 = ORIENTED_EDGE ( 'NONE', *, *, #7720, .F. ) ;
#6099 = DIRECTION ( 'NONE',  ( -0.0000000000000000000, 1.000000000000000000, -0.0000000000000000000 ) ) ;
#6100 = ORIENTED_EDGE ( 'NONE', *, *, #1306, .F. ) ;
#6101 = CARTESIAN_POINT ( 'NONE',  ( 2.158076197414024122, 0.8880761974140239934, -0.9309012005521358768 ) ) ;
#6102 = CARTESIAN_POINT ( 'NONE',  ( -0.4249999999999999889, 3.645000000000000018, 1.201000000000000068 ) ) ;
#6103 =( NAMED_UNIT ( * ) SI_UNIT ( $, .STERADIAN. ) SOLID_ANGLE_UNIT ( ) );
#6104 = CARTESIAN_POINT ( 'NONE',  ( -4.545105443553022262, -4.344999999999998863, 7.655415605672679646 ) ) ;
#6105 = EDGE_CURVE ( 'NONE', #6386, #1680, #5379, .T. ) ;
#6106 = ORIENTED_EDGE ( 'NONE', *, *, #1414, .F. ) ;
#6107 = DIRECTION ( 'NONE',  ( 0.0000000000000000000, 0.0000000000000000000, 1.000000000000000000 ) ) ;
#6108 = ORIENTED_EDGE ( 'NONE', *, *, #202, .T. ) ;
#6109 = CARTESIAN_POINT ( 'NONE',  ( -2.216159999999999908, -0.9499999999999999556, 8.300000000000000711 ) ) ;
#6110 =( NAMED_UNIT ( * ) SI_UNIT ( $, .STERADIAN. ) SOLID_ANGLE_UNIT ( ) );
#6111 = LINE ( 'NONE', #862, #6680 ) ;
#6112 = COLOUR_RGB ( '',0.1019607843137254888, 0.1019607843137254888, 0.1019607843137254888 ) ;
#6113 = ORIENTED_EDGE ( 'NONE', *, *, #3245, .T. ) ;
#6114 = EDGE_CURVE ( 'NONE', #2815, #6960, #2453, .T. ) ;
#6115 =( LENGTH_UNIT ( ) NAMED_UNIT ( * ) SI_UNIT ( .MILLI., .METRE. ) );
#6116 = CARTESIAN_POINT ( 'NONE',  ( -4.304999999999999716, 3.645000000000000018, 1.668999999999999817 ) ) ;
#6117 =( LENGTH_UNIT ( ) NAMED_UNIT ( * ) SI_UNIT ( .MILLI., .METRE. ) );
#6118 = VERTEX_POINT ( 'NONE', #1940 ) ;
#6119 = COLOUR_RGB ( '',1.000000000000000000, 1.000000000000000000, 1.000000000000000000 ) ;
#6120 = CARTESIAN_POINT ( 'NONE',  ( -4.163810305158477831, -4.344999999999999751, 8.620304139318099246 ) ) ;
#6121 =( NAMED_UNIT ( * ) PLANE_ANGLE_UNIT ( ) SI_UNIT ( $, .RADIAN. ) );
#6122 = SURFACE_STYLE_USAGE ( .BOTH. , #8018 ) ;
#6123 = SURFACE_STYLE_FILL_AREA ( #7510 ) ;
#6124 = VERTEX_POINT ( 'NONE', #5924 ) ;
#6125 = CARTESIAN_POINT ( 'NONE',  ( -7.620000000000000107, -4.445000000000000284, 1.629999999999999893 ) ) ;
#6126 = ADVANCED_FACE ( 'NONE', ( #672 ), #710, .T. ) ;
#6127 = B_SPLINE_CURVE_WITH_KNOTS ( 'NONE', 1,
 ( #7190, #1417 ),
 .UNSPECIFIED., .F., .F.,
 ( 2, 2 ),
 ( 0.0000000000000000000, 1.000000000000000000 ),
 .UNSPECIFIED. ) ;
#6128 = CARTESIAN_POINT ( 'NONE',  ( -0.1200000000000000094, 1.149999999999999911, 8.959999999999999076 ) ) ;
#6129 = CARTESIAN_POINT ( 'NONE',  ( -2.985585763260774961, -4.445000000000002061, 8.504699930118137630 ) ) ;
#6130 = VERTEX_POINT ( 'NONE', #6429 ) ;
#6131 = DIRECTION ( 'NONE',  ( -0.0000000000000000000, 1.000000000000000000, 0.0000000000000000000 ) ) ;
#6132 = SURFACE_STYLE_USAGE ( .BOTH. , #8074 ) ;
#6133 = CARTESIAN_POINT ( 'NONE',  ( 4.305000000000002380, 2.794999999999999485, 1.201000000000000512 ) ) ;
#6134 =( NAMED_UNIT ( * ) SI_UNIT ( $, .STERADIAN. ) SOLID_ANGLE_UNIT ( ) );
#6135 = DIRECTION ( 'NONE',  ( 0.0000000000000000000, -1.000000000000000000, 8.570768161940759711E-16 ) ) ;
#6136 = EDGE_LOOP ( 'NONE', ( #4454, #7351, #111, #5710 ) ) ;
#6137 = ADVANCED_FACE ( 'NONE', ( #4607 ), #38, .T. ) ;
#6138 = PLANE ( 'NONE',  #4547 ) ;
#6139 = ORIENTED_EDGE ( 'NONE', *, *, #5464, .T. ) ;
#6140 = FILL_AREA_STYLE ('',( #4328 ) ) ;
#6141 = ORIENTED_EDGE ( 'NONE', *, *, #425, .F. ) ;
#6142 = CARTESIAN_POINT ( 'NONE',  ( -0.4249999999999999334, 2.794999999999999485, 0.8499999999999999778 ) ) ;
#6143 = CARTESIAN_POINT ( 'NONE',  ( -3.408435818428578123, -4.344999999999998863, 8.692689118552269889 ) ) ;
#6144 = CARTESIAN_POINT ( 'NONE',  ( -3.290014857271203130, -4.344999999999998863, 8.190895056435310906 ) ) ;
#6145 = CARTESIAN_POINT ( 'NONE',  ( 5.412090639330994435, 4.834533315349336391, 10.52000000000000668 ) ) ;
#6146 = CARTESIAN_POINT ( 'NONE',  ( -1.719999999999999973, 2.099839999999999929, 1.629999999999999893 ) ) ;
#6147 = ORIENTED_EDGE ( 'NONE', *, *, #4917, .T. ) ;
#6148 = UNCERTAINTY_MEASURE_WITH_UNIT (LENGTH_MEASURE( 1.000000000000000082E-05 ), #707, 'distance_accuracy_value', 'NONE');
#6149 = EDGE_LOOP ( 'NONE', ( #1692, #2025, #8364, #2824 ) ) ;
#6150 = VECTOR ( 'NONE', #3222, 1000.000000000000000 ) ;
#6151 = PRESENTATION_STYLE_ASSIGNMENT (( #2971 ) ) ;
#6152 = DIRECTION ( 'NONE',  ( -1.000000000000000000, 0.0000000000000000000, 0.0000000000000000000 ) ) ;
#6153 = FILL_AREA_STYLE_COLOUR ( '', #4713 ) ;
#6154 = CARTESIAN_POINT ( 'NONE',  ( -2.947144760307581990, -4.445000000000000284, 8.375890312975075247 ) ) ;
#6155 = ORIENTED_EDGE ( 'NONE', *, *, #6172, .T. ) ;
#6157 =( LENGTH_UNIT ( ) NAMED_UNIT ( * ) SI_UNIT ( .MILLI., .METRE. ) );
#6156 = AXIS2_PLACEMENT_3D ( 'NONE', #2830, #4071, #4639 ) ;
#6158 = B_SPLINE_CURVE_WITH_KNOTS ( 'NONE', 1,
 ( #4022, #2782 ),
 .UNSPECIFIED., .F., .F.,
 ( 2, 2 ),
 ( -1.000000000000000000, 0.0000000000000000000 ),
 .UNSPECIFIED. ) ;
#6159 = B_SPLINE_CURVE_WITH_KNOTS ( 'NONE', 1,
 ( #8307, #1172 ),
 .UNSPECIFIED., .F., .F.,
 ( 2, 2 ),
 ( -1.000000000000000000, 0.0000000000000000000 ),
 .UNSPECIFIED. ) ;
#6160 = VERTEX_POINT ( 'NONE', #3215 ) ;
#6161 = CARTESIAN_POINT ( 'NONE',  ( -2.660000000000000142, 0.9461600000000000010, 8.800000000000000711 ) ) ;
#6162 = CARTESIAN_POINT ( 'NONE',  ( -2.220000000000000195, -0.9499999999999999556, 8.300000000000000711 ) ) ;
#6163 = EDGE_CURVE ( 'NONE', #998, #4862, #6577, .T. ) ;
#6164 = STYLED_ITEM ( 'NONE', ( #2928 ), #4091 ) ;
#6165 = CARTESIAN_POINT ( 'NONE',  ( 5.155000000000000249, -3.645000000000000018, 0.8499999999999999778 ) ) ;
#6166 = EDGE_LOOP ( 'NONE', ( #2148, #7377, #6363, #4896 ) ) ;
#6167 = CARTESIAN_POINT ( 'NONE',  ( -2.259999999999999787, -4.445000000000000284, 10.51999999999999957 ) ) ;
#6168 = FACE_OUTER_BOUND ( 'NONE', #4492, .T. ) ;
#6169 = VERTEX_POINT ( 'NONE', #756 ) ;
#6170 = ORIENTED_EDGE ( 'NONE', *, *, #79, .T. ) ;
#6171 = CARTESIAN_POINT ( 'NONE',  ( -2.220000000000000195, 0.9499999999999999556, 2.129999999999999893 ) ) ;
#6172 = EDGE_CURVE ( 'NONE', #4387, #4773, #1359, .T. ) ;
#6173 = FILL_AREA_STYLE ('',( #3643 ) ) ;
#6174 = ADVANCED_FACE ( 'NONE', ( #1909 ), #5804, .T. ) ;
#6175 =( LENGTH_UNIT ( ) NAMED_UNIT ( * ) SI_UNIT ( .MILLI., .METRE. ) );
#6176 = CARTESIAN_POINT ( 'NONE',  ( 6.570000000000000284, 3.314999999999999947, 3.720000000000000195 ) ) ;
#6177 = STYLED_ITEM ( 'NONE', ( #3832 ), #4890 ) ;
#6178 = ORIENTED_EDGE ( 'NONE', *, *, #493, .T. ) ;
#6179 = CARTESIAN_POINT ( 'NONE',  ( -4.751284746392126834, -4.345000000000000639, 7.979349097933697621 ) ) ;
#6180 = PLANE ( 'NONE',  #897 ) ;
#6181 = EDGE_LOOP ( 'NONE', ( #3993, #8285, #2808, #7482 ) ) ;
#6182 = LINE ( 'NONE', #1708, #6991 ) ;
#6183 = ORIENTED_EDGE ( 'NONE', *, *, #4820, .T. ) ;
#6184 = PRESENTATION_LAYER_ASSIGNMENT (  '', '', ( #6048 ) ) ;
#6185 = EDGE_CURVE ( 'NONE', #1899, #7138, #7815, .T. ) ;
#6186 = CARTESIAN_POINT ( 'NONE',  ( -3.397840197981509824, -4.445000000000000284, 7.947848362680764112 ) ) ;
#6187 = CARTESIAN_POINT ( 'NONE',  ( -2.944352490173183234, -4.345000000000000639, 8.346873397581479281 ) ) ;
#6188 = CARTESIAN_POINT ( 'NONE',  ( -3.402709210073007640, -4.445000000000000284, 8.184102049307414362 ) ) ;
#6189 = CARTESIAN_POINT ( 'NONE',  ( 2.220000000000000195, -1.590000000000000080, 8.460000000000000853 ) ) ;
#6190 = AXIS2_PLACEMENT_3D ( 'NONE', #2452, #521, #471 ) ;
#6191 = CARTESIAN_POINT ( 'NONE',  ( 2.860000000000000320, 1.590000000000000080, 8.460000000000000853 ) ) ;
#6192 = ORIENTED_EDGE ( 'NONE', *, *, #1862, .T. ) ;
#6193 =( NAMED_UNIT ( * ) SI_UNIT ( $, .STERADIAN. ) SOLID_ANGLE_UNIT ( ) );
#6194 = VERTEX_POINT ( 'NONE', #6011 ) ;
#6195 = ORIENTED_EDGE ( 'NONE', *, *, #1725, .F. ) ;
#6196 = LINE ( 'NONE', #395, #2896 ) ;
#6197 = CARTESIAN_POINT ( 'NONE',  ( -2.860000000000000320, 1.590000000000000080, 8.300000000000000711 ) ) ;
#6198 = FACE_OUTER_BOUND ( 'NONE', #2869, .T. ) ;
#6199 =( LENGTH_UNIT ( ) NAMED_UNIT ( * ) SI_UNIT ( .MILLI., .METRE. ) );
#6200 = CARTESIAN_POINT ( 'NONE',  ( 2.860000000000000320, 0.9500000000000000666, 3.720000000000000639 ) ) ;
#6201 =( NAMED_UNIT ( * ) PLANE_ANGLE_UNIT ( ) SI_UNIT ( $, .RADIAN. ) );
#6202 = PRESENTATION_LAYER_ASSIGNMENT (  '', '', ( #534 ) ) ;
#6203 = CARTESIAN_POINT ( 'NONE',  ( -4.000000000000000000, 3.314999999999999947, 9.919999999999999929 ) ) ;
#6204 = CARTESIAN_POINT ( 'NONE',  ( 5.155000000000000249, 3.645000000000000018, 0.8499999999999999778 ) ) ;
#6205 = ORIENTED_EDGE ( 'NONE', *, *, #5143, .T. ) ;
#6206 = DIRECTION ( 'NONE',  ( -1.000000000000000000, 0.0000000000000000000, 0.0000000000000000000 ) ) ;
#6207 = CARTESIAN_POINT ( 'NONE',  ( -4.353916738195831471, -4.444999999999998508, 8.166094309432594400 ) ) ;
#6208 = CARTESIAN_POINT ( 'NONE',  ( -4.205743358427662670, -4.344999999999999751, 8.120633999286063442 ) ) ;
#6209 = COLOUR_RGB ( '',0.1019607843137254888, 0.1019607843137254888, 0.1019607843137254888 ) ;
#6210 = B_SPLINE_CURVE_WITH_KNOTS ( 'NONE', 3,
 ( #5656, #2926, #7498, #443, #8221, #5474, #7549, #5525, #8101, #1766, #5614, #8142, #8054, #6910, #4346, #6819, #5566, #4970, #2295, #2254, #3573, #4245, #1041, #6154, #993, #2332, #4882 ),
 .UNSPECIFIED., .F., .F.,
 ( 4, 1, 1, 1, 1, 1, 1, 1, 1, 1, 1, 1, 1, 1, 1, 1, 1, 1, 1, 1, 1, 1, 1, 1, 4 ),
 ( 0.0000000000000000000, 0.07078116100504397434, 0.1365516962322777528, 0.1970124824343232883, 0.2529226940754281672, 0.3036865320400952140, 0.3497191510228074840, 0.3912404712771967441, 0.4284785554869238733, 0.4630565648912358667, 0.4971503576227102594, 0.5310023337427006718, 0.5642263769534190399, 0.5977006695240394407, 0.6314214209809031475, 0.6655973468372226032, 0.7004514363038996105, 0.7358806839801288469, 0.7710921079261271460, 0.8069748450233112935, 0.8435344028448045206, 0.8809401955444320365, 0.9192943843072758359, 0.9591802403135374355, 1.000000000000000000 ),
 .UNSPECIFIED. ) ;
#6211 = CARTESIAN_POINT ( 'NONE',  ( 4.305000000000002380, -2.794999999999999485, 1.669000000000000483 ) ) ;
#6212 = VERTEX_POINT ( 'NONE', #1520 ) ;
#6213 = CARTESIAN_POINT ( 'NONE',  ( -7.169999999999999929, -3.915000000000000036, 10.51999999999999957 ) ) ;
#6214 = CARTESIAN_POINT ( 'NONE',  ( -4.282718693127464782, -4.344999999999999751, 7.626289644546489832 ) ) ;
#6215 = LINE ( 'NONE', #414, #8205 ) ;
#6216 = EDGE_CURVE ( 'NONE', #854, #4064, #5491, .T. ) ;
#6217 = ORIENTED_EDGE ( 'NONE', *, *, #4618, .F. ) ;
#6218 = ORIENTED_EDGE ( 'NONE', *, *, #1558, .T. ) ;
#6219 = DIRECTION ( 'NONE',  ( -0.4682379421519016205, 0.4682379421519020646, -0.7493373466328129284 ) ) ;
#6220 = CARTESIAN_POINT ( 'NONE',  ( -0.4249999999999999334, 4.495000000000000107, 0.8499999999999999778 ) ) ;
#6221 = PLANE ( 'NONE',  #2360 ) ;
#6222 = AXIS2_PLACEMENT_3D ( 'NONE', #4316, #7473, #7014 ) ;
#6223 = CARTESIAN_POINT ( 'NONE',  ( -2.860000000000000320, 0.9499999999999999556, -1.029999999999998472 ) ) ;
#6224 = ORIENTED_EDGE ( 'NONE', *, *, #3278, .F. ) ;
#6225 = CARTESIAN_POINT ( 'NONE',  ( 4.819999999999999396, 4.445000000000000284, 1.629999999999999893 ) ) ;
#6226 = FILL_AREA_STYLE ('',( #7018 ) ) ;
#6227 = ADVANCED_FACE ( 'NONE', ( #4084 ), #1557, .T. ) ;
#6228 = ADVANCED_FACE ( 'NONE', ( #7982 ), #5721, .T. ) ;
#6229 = ORIENTED_EDGE ( 'NONE', *, *, #3166, .F. ) ;
#6230 = VERTEX_POINT ( 'NONE', #6213 ) ;
#6231 = CARTESIAN_POINT ( 'NONE',  ( -3.486716538465101323, -4.445000000000000284, 7.946655468110833453 ) ) ;
#6232 = CARTESIAN_POINT ( 'NONE',  ( -2.860000000000000320, 0.9499999999999999556, 1.169999999999999929 ) ) ;
#6233 = SURFACE_STYLE_USAGE ( .BOTH. , #6406 ) ;
#6234 = DIRECTION ( 'NONE',  ( 0.0000000000000000000, 0.0000000000000000000, -1.000000000000000000 ) ) ;
#6235 = B_SPLINE_CURVE_WITH_KNOTS ( 'NONE', 1,
 ( #1760, #3662 ),
 .UNSPECIFIED., .F., .F.,
 ( 2, 2 ),
 ( 0.002826129567679999937, 0.003692154971469999939 ),
 .UNSPECIFIED. ) ;
#6236 = ADVANCED_FACE ( 'NONE', ( #6787 ), #7512, .T. ) ;
#6237 = ADVANCED_FACE ( 'NONE', ( #1100 ), #4544, .T. ) ;
#6238 = ORIENTED_EDGE ( 'NONE', *, *, #3849, .T. ) ;
#6239 = CARTESIAN_POINT ( 'NONE',  ( -3.724163119661682231, -4.445000000000000284, 8.692916151871516561 ) ) ;
#6240 = B_SPLINE_CURVE_WITH_KNOTS ( 'NONE', 1,
 ( #3496, #2756 ),
 .UNSPECIFIED., .F., .F.,
 ( 2, 2 ),
 ( 0.009195000000000000048, 0.01249499999999999916 ),
 .UNSPECIFIED. ) ;
#6241 = UNCERTAINTY_MEASURE_WITH_UNIT (LENGTH_MEASURE( 1.000000000000000082E-05 ), #5780, 'distance_accuracy_value', 'NONE');
#6242 = ORIENTED_EDGE ( 'NONE', *, *, #4590, .F. ) ;
#6243 =( NAMED_UNIT ( * ) PLANE_ANGLE_UNIT ( ) SI_UNIT ( $, .RADIAN. ) );
#6244 = APPLICATION_PROTOCOL_DEFINITION ( 'draft international standard', 'automotive_design', 1998, #5286 ) ;
#6245 = CARTESIAN_POINT ( 'NONE',  ( 0.4249999999999999889, 3.645000000000000018, 1.629999999999999893 ) ) ;
#6246 = SURFACE_STYLE_USAGE ( .BOTH. , #1132 ) ;
#6247 = CARTESIAN_POINT ( 'NONE',  ( -4.523035071965377796, -4.445000000000000284, 7.627083213335355438 ) ) ;
#6248 = ORIENTED_EDGE ( 'NONE', *, *, #3906, .T. ) ;
#6249 = ADVANCED_FACE ( 'NONE', ( #5231 ), #2004, .T. ) ;
#6250 = CARTESIAN_POINT ( 'NONE',  ( 0.4249999999999999889, -3.645000000000000018, 0.8499999999999999778 ) ) ;
#6251 = UNCERTAINTY_MEASURE_WITH_UNIT (LENGTH_MEASURE( 1.000000000000000082E-05 ), #3195, 'distance_accuracy_value', 'NONE');
#6252 = VERTEX_POINT ( 'NONE', #8318 ) ;
#6253 = DIRECTION ( 'NONE',  ( 0.0000000000000000000, 0.0000000000000000000, 1.000000000000000000 ) ) ;
#6254 = CARTESIAN_POINT ( 'NONE',  ( -4.111330971311492277, -4.445000000000000284, 8.047246622558592577 ) ) ;
#6255 = STYLED_ITEM ( 'NONE', ( #7489 ), #226 ) ;
#6256 = CARTESIAN_POINT ( 'NONE',  ( -4.819999999999999396, 4.445000000000000284, 10.51999999999999957 ) ) ;
#6257 = CARTESIAN_POINT ( 'NONE',  ( 4.305000000000002380, -2.794999999999999485, 1.201000000000000512 ) ) ;
#6258 = ORIENTED_EDGE ( 'NONE', *, *, #6298, .T. ) ;
#6259 = DIRECTION ( 'NONE',  ( 1.000000000000000000, 0.0000000000000000000, 0.0000000000000000000 ) ) ;
#6260 = FACE_OUTER_BOUND ( 'NONE', #3809, .T. ) ;
#6261 = COLOUR_RGB ( '',0.1019607843137254888, 0.1019607843137254888, 0.1019607843137254888 ) ;
#6262 = EDGE_LOOP ( 'NONE', ( #1114, #7626, #3160, #440, #2381, #1556, #7077 ) ) ;
#6263 = ORIENTED_EDGE ( 'NONE', *, *, #5704, .F. ) ;
#6264 = LINE ( 'NONE', #666, #1537 ) ;
#6265 = CARTESIAN_POINT ( 'NONE',  ( 6.570000000000000284, 3.314999999999999947, 3.720000000000000195 ) ) ;
#6266 = MECHANICAL_DESIGN_GEOMETRIC_PRESENTATION_REPRESENTATION (  '', ( #305 ), #5733 ) ;
#6267 = DIRECTION ( 'NONE',  ( 0.0000000000000000000, -1.000000000000000000, 0.0000000000000000000 ) ) ;
#6268 = CARTESIAN_POINT ( 'NONE',  ( -3.360000000000000320, -2.089999999999999858, 1.629999999999999893 ) ) ;
#6269 = ORIENTED_EDGE ( 'NONE', *, *, #7342, .T. ) ;
#6270 = CARTESIAN_POINT ( 'NONE',  ( -4.561464128455482658, -4.345000000000000639, 7.834345585478558860 ) ) ;
#6271 = ORIENTED_EDGE ( 'NONE', *, *, #2491, .F. ) ;
#6272 = CARTESIAN_POINT ( 'NONE',  ( 4.304999999999999716, -3.645000000000000018, 1.239999999999999991 ) ) ;
#6273 = ORIENTED_EDGE ( 'NONE', *, *, #5348, .T. ) ;
#6274 = MECHANICAL_DESIGN_GEOMETRIC_PRESENTATION_REPRESENTATION (  '', ( #3295 ), #6519 ) ;
#6275 = CARTESIAN_POINT ( 'NONE',  ( -5.048124388138708341, -4.344999999999999751, 9.111325120834825597 ) ) ;
#6276 = ADVANCED_FACE ( 'NONE', ( #5831 ), #699, .T. ) ;
#6277 = CARTESIAN_POINT ( 'NONE',  ( -0.4249999999999999889, 3.645000000000000018, 0.8499999999999999778 ) ) ;
#6278 = PRESENTATION_STYLE_ASSIGNMENT (( #7484 ) ) ;
#6279 = CARTESIAN_POINT ( 'NONE',  ( -3.182049244976103974, -4.344999999999998863, 8.296518562017888954 ) ) ;
#6280 = CARTESIAN_POINT ( 'NONE',  ( -0.3200000000000000067, 1.590000000000000080, 3.720000000000000195 ) ) ;
#6281 = EDGE_LOOP ( 'NONE', ( #4313, #2570, #1104, #457 ) ) ;
#6282 = ORIENTED_EDGE ( 'NONE', *, *, #5188, .T. ) ;
#6283 =( NAMED_UNIT ( * ) PLANE_ANGLE_UNIT ( ) SI_UNIT ( $, .RADIAN. ) );
#6284 = EDGE_CURVE ( 'NONE', #4962, #1460, #6997, .T. ) ;
#6285 = CARTESIAN_POINT ( 'NONE',  ( -2.407460805572799956, 1.402539194427200098, -1.330000000000000071 ) ) ;
#6286 = EDGE_CURVE ( 'NONE', #6230, #6028, #8113, .T. ) ;
#6287 = DIRECTION ( 'NONE',  ( -1.000000000000000000, 0.0000000000000000000, 0.0000000000000000000 ) ) ;
#6288 = CARTESIAN_POINT ( 'NONE',  ( -4.571598379890851049, -4.445000000000000284, 7.748633555038968446 ) ) ;
#6289 = VERTEX_POINT ( 'NONE', #5907 ) ;
#6290 = CARTESIAN_POINT ( 'NONE',  ( 5.154999999999997584, 2.795000000000002149, 1.629999999999999893 ) ) ;
#6291 = B_SPLINE_CURVE_WITH_KNOTS ( 'NONE', 1,
 ( #7580, #4912 ),
 .UNSPECIFIED., .F., .F.,
 ( 2, 2 ),
 ( -1.000000000000000000, 0.0000000000000000000 ),
 .UNSPECIFIED. ) ;
#6292 = SURFACE_SIDE_STYLE ('',( #1729 ) ) ;
#6293 = COLOUR_RGB ( '',0.1019607843137254888, 0.1019607843137254888, 0.1019607843137254888 ) ;
#6294 = ORIENTED_EDGE ( 'NONE', *, *, #5559, .F. ) ;
#6295 =( LENGTH_UNIT ( ) NAMED_UNIT ( * ) SI_UNIT ( .MILLI., .METRE. ) );
#6296 = CARTESIAN_POINT ( 'NONE',  ( -5.155000000000000249, -3.645000000000000018, 1.239999999999999991 ) ) ;
#6297 =( LENGTH_UNIT ( ) NAMED_UNIT ( * ) SI_UNIT ( .MILLI., .METRE. ) );
#6298 = EDGE_CURVE ( 'NONE', #6718, #4839, #307, .T. ) ;
#6299 = DIRECTION ( 'NONE',  ( -1.000000000000000000, 0.0000000000000000000, 0.0000000000000000000 ) ) ;
#6300 = MECHANICAL_DESIGN_GEOMETRIC_PRESENTATION_REPRESENTATION (  '', ( #1022 ), #5759 ) ;
#6301 = VECTOR ( 'NONE', #6815, 1000.000000000000000 ) ;
#6302 = VERTEX_POINT ( 'NONE', #2134 ) ;
#6303 =( NAMED_UNIT ( * ) PLANE_ANGLE_UNIT ( ) SI_UNIT ( $, .RADIAN. ) );
#6304 = FILL_AREA_STYLE_COLOUR ( '', #6508 ) ;
#6305 = CARTESIAN_POINT ( 'NONE',  ( 0.3200000000000000067, 1.590000000000000080, 2.129999999999999893 ) ) ;
#6306 = ORIENTED_EDGE ( 'NONE', *, *, #5399, .F. ) ;
#6307 = VERTEX_POINT ( 'NONE', #8008 ) ;
#6308 = AXIS2_PLACEMENT_3D ( 'NONE', #8009, #903, #267 ) ;
#6309 = COLOUR_RGB ( '',0.1019607843137254888, 0.1019607843137254888, 0.1019607843137254888 ) ;
#6310 = CARTESIAN_POINT ( 'NONE',  ( -4.709990443379631131, -4.445000000000000284, 8.066438788089465461 ) ) ;
#6311 = CARTESIAN_POINT ( 'NONE',  ( 0.4249999999999999889, 3.645000000000000018, 0.8499999999999999778 ) ) ;
#6312 = B_SPLINE_CURVE_WITH_KNOTS ( 'NONE', 1,
 ( #3258, #3341 ),
 .UNSPECIFIED., .F., .F.,
 ( 2, 2 ),
 ( -1.000000000000000000, 0.0000000000000000000 ),
 .UNSPECIFIED. ) ;
#6313 = CARTESIAN_POINT ( 'NONE',  ( 0.1325391944272001910, 0.0000000000000000000, -1.330000000000000071 ) ) ;
#6314 = DIRECTION ( 'NONE',  ( 0.0000000000000000000, 1.000000000000000000, 0.0000000000000000000 ) ) ;
#6315 = VERTEX_POINT ( 'NONE', #3532 ) ;
#6316 = CARTESIAN_POINT ( 'NONE',  ( -4.572186623935187377, -4.345000000000000639, 7.761415333896089841 ) ) ;
#6317 = AXIS2_PLACEMENT_3D ( 'NONE', #650, #4468, #2460 ) ;
#6318 = CARTESIAN_POINT ( 'NONE',  ( -3.289413645302794453, -4.445000000000560725, 8.445492201072852367 ) ) ;
#6319 = ORIENTED_EDGE ( 'NONE', *, *, #2823, .F. ) ;
#6320 = ORIENTED_EDGE ( 'NONE', *, *, #2457, .T. ) ;
#6321 = CARTESIAN_POINT ( 'NONE',  ( -4.987909360668997039, 4.834533315349337279, 0.7410000000000002141 ) ) ;
#6322 =( GEOMETRIC_REPRESENTATION_CONTEXT ( 3 ) GLOBAL_UNCERTAINTY_ASSIGNED_CONTEXT ( ( #1403 ) ) GLOBAL_UNIT_ASSIGNED_CONTEXT ( ( #2561, #2643, #5805 ) ) REPRESENTATION_CONTEXT ( 'NONE', 'WORKASPACE' ) );
#6323 = CARTESIAN_POINT ( 'NONE',  ( 5.154999999999998472, 2.795000000000003482, 1.239999999999999769 ) ) ;
#6324 = CARTESIAN_POINT ( 'NONE',  ( -3.045550430621827065, -4.345000000000001528, 8.585956850771925275 ) ) ;
#6325 = CARTESIAN_POINT ( 'NONE',  ( 0.0000000000000000000, 1.402539194427200098, -1.330000000000000071 ) ) ;
#6326 =( NAMED_UNIT ( * ) PLANE_ANGLE_UNIT ( ) SI_UNIT ( $, .RADIAN. ) );
#6327 = LINE ( 'NONE', #4337, #840 ) ;
#6329 = ORIENTED_EDGE ( 'NONE', *, *, #7865, .F. ) ;
#6328 = COLOUR_RGB ( '',0.1019607843137254888, 0.1019607843137254888, 0.1019607843137254888 ) ;
#6330 = FACE_OUTER_BOUND ( 'NONE', #3126, .T. ) ;
#6331 = UNCERTAINTY_MEASURE_WITH_UNIT (LENGTH_MEASURE( 1.000000000000000082E-05 ), #381, 'distance_accuracy_value', 'NONE');
#6332 = EDGE_CURVE ( 'NONE', #7848, #3664, #2325, .T. ) ;
#6333 = VERTEX_POINT ( 'NONE', #7242 ) ;
#6334 =( GEOMETRIC_REPRESENTATION_CONTEXT ( 3 ) GLOBAL_UNCERTAINTY_ASSIGNED_CONTEXT ( ( #7996 ) ) GLOBAL_UNIT_ASSIGNED_CONTEXT ( ( #5608, #4963, #6193 ) ) REPRESENTATION_CONTEXT ( 'NONE', 'WORKASPACE' ) );
#6335 = PLANE ( 'NONE',  #5674 ) ;
#6336 = ORIENTED_EDGE ( 'NONE', *, *, #2327, .F. ) ;
#6337 = CARTESIAN_POINT ( 'NONE',  ( -0.4249999999999999889, -3.645000000000000018, 1.668999999999999817 ) ) ;
#6338 = CARTESIAN_POINT ( 'NONE',  ( 2.259999999999999787, -4.445000000000000284, 3.720000000000000195 ) ) ;
#6339 = UNCERTAINTY_MEASURE_WITH_UNIT (LENGTH_MEASURE( 1.000000000000000082E-05 ), #5284, 'distance_accuracy_value', 'NONE');
#6340 = ADVANCED_FACE ( 'NONE', ( #266 ), #5305, .T. ) ;
#6341 = ADVANCED_FACE ( 'NONE', ( #4716 ), #2791, .T. ) ;
#6342 = MECHANICAL_DESIGN_GEOMETRIC_PRESENTATION_REPRESENTATION (  '', ( #2132 ), #7541 ) ;
#6343 = DIRECTION ( 'NONE',  ( 0.0000000000000000000, 0.0000000000000000000, -1.000000000000000000 ) ) ;
#6344 = CARTESIAN_POINT ( 'NONE',  ( 2.860000000000000320, -1.590000000000000080, 3.720000000000000195 ) ) ;
#6345 = B_SPLINE_CURVE_WITH_KNOTS ( 'NONE', 1,
 ( #3362, #4749 ),
 .UNSPECIFIED., .F., .F.,
 ( 2, 2 ),
 ( -1.000000000000000000, 0.0000000000000000000 ),
 .UNSPECIFIED. ) ;
#6346 = LINE ( 'NONE', #2467, #5137 ) ;
#6347 = STYLED_ITEM ( 'NONE', ( #7347 ), #5880 ) ;
#6348 = ORIENTED_EDGE ( 'NONE', *, *, #3342, .T. ) ;
#6349 = ORIENTED_EDGE ( 'NONE', *, *, #1796, .F. ) ;
#6350 = EDGE_CURVE ( 'NONE', #7994, #7166, #7904, .T. ) ;
#6351 = B_SPLINE_CURVE_WITH_KNOTS ( 'NONE', 1,
 ( #3280, #656 ),
 .UNSPECIFIED., .F., .F.,
 ( 2, 2 ),
 ( 0.0000000000000000000, 1.000000000000000000 ),
 .UNSPECIFIED. ) ;
#6352 = ORIENTED_EDGE ( 'NONE', *, *, #6393, .T. ) ;
#6353 = AXIS2_PLACEMENT_3D ( 'NONE', #539, #3024, #3072 ) ;
#6354 =( GEOMETRIC_REPRESENTATION_CONTEXT ( 3 ) GLOBAL_UNCERTAINTY_ASSIGNED_CONTEXT ( ( #7395 ) ) GLOBAL_UNIT_ASSIGNED_CONTEXT ( ( #8155, #6303, #3678 ) ) REPRESENTATION_CONTEXT ( 'NONE', 'WORKASPACE' ) );
#6355 = DIRECTION ( 'NONE',  ( 1.000000000000000000, 0.0000000000000000000, 0.0000000000000000000 ) ) ;
#6356 = CARTESIAN_POINT ( 'NONE',  ( -4.780039163440672034, -4.344999999999998863, 7.910394100366930914 ) ) ;
#6357 =( NAMED_UNIT ( * ) SI_UNIT ( $, .STERADIAN. ) SOLID_ANGLE_UNIT ( ) );
#6358 = FACE_OUTER_BOUND ( 'NONE', #3732, .T. ) ;
#6359 = ORIENTED_EDGE ( 'NONE', *, *, #7146, .F. ) ;
#6360 = DIRECTION ( 'NONE',  ( -0.0000000000000000000, 1.000000000000000000, -0.0000000000000000000 ) ) ;
#6361 = AXIS2_PLACEMENT_3D ( 'NONE', #8130, #4334, #5555 ) ;
#6362 = CARTESIAN_POINT ( 'NONE',  ( -3.271938860040063624, -4.445000000000562501, 8.441082064176917754 ) ) ;
#6363 = ORIENTED_EDGE ( 'NONE', *, *, #4677, .T. ) ;
#6364 = ADVANCED_FACE ( 'NONE', ( #2752 ), #6682, .T. ) ;
#6365 = ORIENTED_EDGE ( 'NONE', *, *, #272, .T. ) ;
#6366 = CARTESIAN_POINT ( 'NONE',  ( 0.3200000000000000067, -1.590000000000000080, 2.129999999999999893 ) ) ;
#6367 = CARTESIAN_POINT ( 'NONE',  ( -3.995530641029204411, -4.445000000000000284, 7.747899959296731254 ) ) ;
#6368 = SURFACE_STYLE_FILL_AREA ( #3139 ) ;
#6369 = CARTESIAN_POINT ( 'NONE',  ( -4.400461864319803240, -4.445000000000000284, 7.336078545033910991 ) ) ;
#6370 = DIRECTION ( 'NONE',  ( 0.0000000000000000000, 1.000000000000000000, 0.0000000000000000000 ) ) ;
#6371 = AXIS2_PLACEMENT_3D ( 'NONE', #5228, #4592, #3800 ) ;
#6372 = ORIENTED_EDGE ( 'NONE', *, *, #6950, .T. ) ;
#6373 = DIRECTION ( 'NONE',  ( 1.000000000000000000, 0.0000000000000000000, 0.0000000000000000000 ) ) ;
#6374 = VERTEX_POINT ( 'NONE', #6729 ) ;
#6375 = CARTESIAN_POINT ( 'NONE',  ( 7.620000000000000107, -4.445000000000000284, 10.51999999999999957 ) ) ;
#6376 = CARTESIAN_POINT ( 'NONE',  ( -5.155000000000000249, 3.645000000000000018, 1.629999999999999893 ) ) ;
#6377 = EDGE_LOOP ( 'NONE', ( #6431, #4975, #4938, #7381 ) ) ;
#6378 = FILL_AREA_STYLE_COLOUR ( '', #6684 ) ;
#6379 = CARTESIAN_POINT ( 'NONE',  ( 0.4249999999999999889, -3.645000000000000018, 1.201000000000000068 ) ) ;
#6380 = CARTESIAN_POINT ( 'NONE',  ( 4.304999999999999716, 3.645000000000000018, 1.668999999999999817 ) ) ;
#6381 = B_SPLINE_CURVE_WITH_KNOTS ( 'NONE', 1,
 ( #235, #7253 ),
 .UNSPECIFIED., .F., .F.,
 ( 2, 2 ),
 ( 0.006898476918019999168, 0.007764502321800000224 ),
 .UNSPECIFIED. ) ;
#6382 = LINE ( 'NONE', #580, #7128 ) ;
#6383 = PRESENTATION_STYLE_ASSIGNMENT (( #7002 ) ) ;
#6384 = ADVANCED_FACE ( 'NONE', ( #6198 ), #6335, .F. ) ;
#6385 = DIRECTION ( 'NONE',  ( 0.0000000000000000000, 0.0000000000000000000, -1.000000000000000000 ) ) ;
#6386 = VERTEX_POINT ( 'NONE', #5524 ) ;
#6387 = CARTESIAN_POINT ( 'NONE',  ( -5.155000000000000249, -3.645000000000000018, 1.629999999999999893 ) ) ;
#6388 = CARTESIAN_POINT ( 'NONE',  ( -4.304999999999999716, 3.645000000000000018, 0.8499999999999999778 ) ) ;
#6389 = ORIENTED_EDGE ( 'NONE', *, *, #4991, .T. ) ;
#6390 = CARTESIAN_POINT ( 'NONE',  ( -4.793386867832801101, -4.445000000000001172, 7.869355552894962358 ) ) ;
#6391 = DIRECTION ( 'NONE',  ( 0.0000000000000000000, 0.0000000000000000000, -1.000000000000000000 ) ) ;
#6392 = ADVANCED_FACE ( 'NONE', ( #4969 ), #1173, .T. ) ;
#6393 = EDGE_CURVE ( 'NONE', #2270, #924, #3622, .T. ) ;
#6394 = ORIENTED_EDGE ( 'NONE', *, *, #2732, .F. ) ;
#6395 = CARTESIAN_POINT ( 'NONE',  ( -1.719999999999999973, 2.089999999999999858, 1.629999999999999893 ) ) ;
#6396 = PRESENTATION_LAYER_ASSIGNMENT (  '', '', ( #581 ) ) ;
#6397 = CARTESIAN_POINT ( 'NONE',  ( -3.402179082115840192, -4.445000000000560725, 8.455322286830176282 ) ) ;
#6398 = ORIENTED_EDGE ( 'NONE', *, *, #3739, .F. ) ;
#6399 = EDGE_LOOP ( 'NONE', ( #2892, #1804, #3777, #1842 ) ) ;
#6400 = UNCERTAINTY_MEASURE_WITH_UNIT (LENGTH_MEASURE( 1.000000000000000082E-05 ), #4626, 'distance_accuracy_value', 'NONE');
#6401 = CARTESIAN_POINT ( 'NONE',  ( 2.220000000000000639, 1.590000000000000080, 2.130000000000001226 ) ) ;
#6402 = MECHANICAL_DESIGN_GEOMETRIC_PRESENTATION_REPRESENTATION (  '', ( #7175 ), #1269 ) ;
#6403 = PLANE ( 'NONE',  #4669 ) ;
#6404 = CARTESIAN_POINT ( 'NONE',  ( -2.943981495730058739, -4.345000000000000639, 8.317135736540322455 ) ) ;
#6405 = EDGE_CURVE ( 'NONE', #6010, #6555, #2436, .T. ) ;
#6406 = SURFACE_SIDE_STYLE ('',( #7486 ) ) ;
#6407 = STYLED_ITEM ( 'NONE', ( #6037 ), #801 ) ;
#6408 = ORIENTED_EDGE ( 'NONE', *, *, #3613, .T. ) ;
#6409 = FILL_AREA_STYLE_COLOUR ( '', #8211 ) ;
#6410 = CARTESIAN_POINT ( 'NONE',  ( -3.360000000000000320, -0.4500000000000000111, 1.629999999999999893 ) ) ;
#6411 =( LENGTH_UNIT ( ) NAMED_UNIT ( * ) SI_UNIT ( .MILLI., .METRE. ) );
#6412 = CARTESIAN_POINT ( 'NONE',  ( 0.9899999999999999911, -3.915000000000000036, 10.51999999999999957 ) ) ;
#6413 = PRESENTATION_STYLE_ASSIGNMENT (( #3831 ) ) ;
#6414 =( LENGTH_UNIT ( ) NAMED_UNIT ( * ) SI_UNIT ( .MILLI., .METRE. ) );
#6415 = DIRECTION ( 'NONE',  ( 0.0000000000000000000, 0.0000000000000000000, -1.000000000000000000 ) ) ;
#6416 = DIRECTION ( 'NONE',  ( 0.0000000000000000000, 1.000000000000000000, 0.0000000000000000000 ) ) ;
#6417 = CARTESIAN_POINT ( 'NONE',  ( -4.175839827764077583, -4.344999999999997975, 7.402935308937907521 ) ) ;
#6418 = ORIENTED_EDGE ( 'NONE', *, *, #8286, .F. ) ;
#6419 = CARTESIAN_POINT ( 'NONE',  ( 6.570000000000000284, -1.649999999999999911, 3.720000000000000195 ) ) ;
#6420 = VECTOR ( 'NONE', #6152, 1000.000000000000000 ) ;
#6421 = CARTESIAN_POINT ( 'NONE',  ( 2.259999999999999787, -4.445000000000000284, 3.720000000000000195 ) ) ;
#6422 = ORIENTED_EDGE ( 'NONE', *, *, #5176, .T. ) ;
#6423 = ADVANCED_FACE ( 'NONE', ( #8269 ), #2458, .T. ) ;
#6424 = CARTESIAN_POINT ( 'NONE',  ( -3.247904418415179961, -4.445000000000000284, 8.431357709440954196 ) ) ;
#6425 = B_SPLINE_CURVE_WITH_KNOTS ( 'NONE', 1,
 ( #4152, #7276 ),
 .UNSPECIFIED., .F., .F.,
 ( 2, 2 ),
 ( 0.0000000000000000000, 1.000000000000000000 ),
 .UNSPECIFIED. ) ;
#6426 = CARTESIAN_POINT ( 'NONE',  ( 6.570000000000000284, -3.314999999999999947, 9.919999999999999929 ) ) ;
#6427 =( NAMED_UNIT ( * ) SI_UNIT ( $, .STERADIAN. ) SOLID_ANGLE_UNIT ( ) );
#6428 = ORIENTED_EDGE ( 'NONE', *, *, #4770, .T. ) ;
#6429 = CARTESIAN_POINT ( 'NONE',  ( 2.660000000000000142, 1.389999999999999902, 8.959999999999999076 ) ) ;
#6430 = LINE ( 'NONE', #711, #7795 ) ;
#6431 = ORIENTED_EDGE ( 'NONE', *, *, #5176, .F. ) ;
#6432 = PRESENTATION_LAYER_ASSIGNMENT (  '', '', ( #2222 ) ) ;
#6433 = ORIENTED_EDGE ( 'NONE', *, *, #600, .T. ) ;
#6434 = ADVANCED_FACE ( 'NONE', ( #4345 ), #3707, .T. ) ;
#6435 = EDGE_CURVE ( 'NONE', #4132, #2288, #576, .T. ) ;
#6436 = CARTESIAN_POINT ( 'NONE',  ( -2.672539194427200115, 1.137460805572799716, -1.330000000000000071 ) ) ;
#6437 =( NAMED_UNIT ( * ) PLANE_ANGLE_UNIT ( ) SI_UNIT ( $, .RADIAN. ) );
#6438 = SURFACE_SIDE_STYLE ('',( #6368 ) ) ;
#6439 = FACE_BOUND ( 'NONE', #2459, .T. ) ;
#6440 = VERTEX_POINT ( 'NONE', #646 ) ;
#6441 = CARTESIAN_POINT ( 'NONE',  ( -3.360000000000000320, 2.089999999999999858, 1.629999999999999893 ) ) ;
#6442 = EDGE_CURVE ( 'NONE', #2194, #6846, #4477, .T. ) ;
#6443 = B_SPLINE_CURVE_WITH_KNOTS ( 'NONE', 3,
 ( #3119, #1813, #6207, #6916, #8230, #2342, #1732, #1000, #5703, #6254, #7640, #1690, #3581, #6871, #2425, #8110, #8276, #7597, #3674 ),
 .UNSPECIFIED., .F., .F.,
 ( 4, 1, 1, 1, 1, 1, 1, 1, 1, 1, 1, 1, 1, 1, 1, 1, 4 ),
 ( 0.0000000000000000000, 0.06332879336011464078, 0.1247364441626584164, 0.1849157484558912323, 0.2443004085890928545, 0.3038255705821002461, 0.3643529976730662256, 0.4260731436723977916, 0.4897209088385844900, 0.5537559315351887612, 0.6164580629276263934, 0.6783188623543010554, 0.7403009402150841911, 0.8026562643773392791, 0.8667321228001713118, 0.9321567378801842718, 1.000000000000000000 ),
 .UNSPECIFIED. ) ;
#6444 = B_SPLINE_SURFACE_WITH_KNOTS ( 'NONE', 3, 1, ( 
 ( #5494, #7985 ),
 ( #7339, #199 ),
 ( #1521, #5365 ),
 ( #874, #6748 ),
 ( #8069, #7256 ),
 ( #1008, #1476 ),
 ( #5409, #3465 ),
 ( #4133, #4046 ),
 ( #6614, #831 ),
 ( #2769, #7946 ),
 ( #2146, #4734 ),
 ( #7379, #5450 ),
 ( #6049, #8022 ),
 ( #7299, #4086 ),
 ( #240, #2805 ),
 ( #916, #3508 ),
 ( #6090, #3546 ),
 ( #1606, #961 ),
 ( #6129, #501 ),
 ( #1146, #5628 ),
 ( #4937, #1695 ),
 ( #4263, #4400 ),
 ( #3768, #2471 ),
 ( #2987, #3080 ),
 ( #2940, #2391 ),
 ( #1864, #2307 ),
 ( #5060, #8157 ) ),
 .UNSPECIFIED., .F., .F., .F.,
 ( 4, 1, 1, 1, 1, 1, 1, 1, 1, 1, 1, 1, 1, 1, 1, 1, 1, 1, 1, 1, 1, 1, 1, 1, 4 ),
 ( 2, 2 ),
 ( 0.0000000000000000000, 0.07078116100504397434, 0.1365516962322777528, 0.1970124824343232883, 0.2529226940754281672, 0.3036865320400952140, 0.3497191510228074840, 0.3912404712771967441, 0.4284785554869238733, 0.4630565648912358667, 0.4971503576227102594, 0.5310023337427006718, 0.5642263769534190399, 0.5977006695240394407, 0.6314214209809031475, 0.6655973468372226032, 0.7004514363038996105, 0.7358806839801288469, 0.7710921079261271460, 0.8069748450233112935, 0.8435344028448045206, 0.8809401955444320365, 0.9192943843072758359, 0.9591802403135374355, 1.000000000000000000 ),
 ( 0.0000000000000000000, 1.000000000000000000 ),
 .UNSPECIFIED. ) ;
#6445 = CARTESIAN_POINT ( 'NONE',  ( -4.304999999999999716, -3.645000000000000018, 1.629999999999999893 ) ) ;
#6446 = CARTESIAN_POINT ( 'NONE',  ( 0.3200000000000000067, -0.9499999999999999556, 8.460000000000000853 ) ) ;
#6447 = COLOUR_RGB ( '',0.1019607843137254888, 0.1019607843137254888, 0.1019607843137254888 ) ;
#6448 = SURFACE_STYLE_FILL_AREA ( #813 ) ;
#6449 = CARTESIAN_POINT ( 'NONE',  ( -5.154999999999997584, -2.794999999999999485, 0.8499999999999999778 ) ) ;
#6450 = AXIS2_PLACEMENT_3D ( 'NONE', #5291, #2073, #250 ) ;
#6451 = CARTESIAN_POINT ( 'NONE',  ( -0.8199999999999999512, -2.099839999999999929, 1.629999999999999893 ) ) ;
#6452 = DIRECTION ( 'NONE',  ( -1.000000000000000000, 1.714153632388154999E-16, 0.0000000000000000000 ) ) ;
#6453 = CARTESIAN_POINT ( 'NONE',  ( -4.144006768467768609, -4.445000000000000284, 7.427634548490990696 ) ) ;
#6454 = SURFACE_STYLE_USAGE ( .BOTH. , #4550 ) ;
#6455 = CARTESIAN_POINT ( 'NONE',  ( -2.860000000000000320, -1.590000000000000080, 8.300000000000000711 ) ) ;
#6456 = CARTESIAN_POINT ( 'NONE',  ( -4.141173347730139120, -4.445000000000002061, 8.075017310339422494 ) ) ;
#6457 = VERTEX_POINT ( 'NONE', #2611 ) ;
#6458 = FACE_OUTER_BOUND ( 'NONE', #268, .T. ) ;
#6459 =( GEOMETRIC_REPRESENTATION_CONTEXT ( 3 ) GLOBAL_UNCERTAINTY_ASSIGNED_CONTEXT ( ( #7066 ) ) GLOBAL_UNIT_ASSIGNED_CONTEXT ( ( #5320, #7907, #7945 ) ) REPRESENTATION_CONTEXT ( 'NONE', 'WORKASPACE' ) );
#6460 = FACE_OUTER_BOUND ( 'NONE', #7703, .T. ) ;
#6461 = ORIENTED_EDGE ( 'NONE', *, *, #1211, .T. ) ;
#6462 = CARTESIAN_POINT ( 'NONE',  ( 0.3200000000000000067, -0.9500000000000000666, 3.720000000000000639 ) ) ;
#6463 = EDGE_CURVE ( 'NONE', #188, #6584, #1044, .T. ) ;
#6465 = ORIENTED_EDGE ( 'NONE', *, *, #3897, .F. ) ;
#6464 = MECHANICAL_DESIGN_GEOMETRIC_PRESENTATION_REPRESENTATION (  '', ( #2007 ), #6069 ) ;
#6466 = VERTEX_POINT ( 'NONE', #5136 ) ;
#6467 = CARTESIAN_POINT ( 'NONE',  ( -3.206907773312782872, -4.444999999999999396, 7.969825709381055390 ) ) ;
#6468 = CARTESIAN_POINT ( 'NONE',  ( -5.580000000000000071, 4.445000000000000284, 10.51999999999999957 ) ) ;
#6469 = CARTESIAN_POINT ( 'NONE',  ( -4.545105443553022262, -4.344999999999998863, 7.655415605672679646 ) ) ;
#6470 =( NAMED_UNIT ( * ) PLANE_ANGLE_UNIT ( ) SI_UNIT ( $, .RADIAN. ) );
#6471 = EDGE_CURVE ( 'NONE', #5990, #6014, #7375, .T. ) ;
#6472 = CARTESIAN_POINT ( 'NONE',  ( 4.819999999999999396, 4.445000000000000284, 10.51999999999999957 ) ) ;
#6473 = ORIENTED_EDGE ( 'NONE', *, *, #3176, .T. ) ;
#6474 = CARTESIAN_POINT ( 'NONE',  ( 0.3200000000000000067, 0.9499999999999999556, 8.460000000000000853 ) ) ;
#6475 = UNCERTAINTY_MEASURE_WITH_UNIT (LENGTH_MEASURE( 1.000000000000000082E-05 ), #129, 'distance_accuracy_value', 'NONE');
#6476 = VECTOR ( 'NONE', #2305, 1000.000000000000000 ) ;
#6477 = CARTESIAN_POINT ( 'NONE',  ( -3.360000000000000320, -0.4500000000000000111, 1.629999999999999893 ) ) ;
#6478 = CARTESIAN_POINT ( 'NONE',  ( 7.169999999999999929, 3.915000000000000036, 10.51999999999999957 ) ) ;
#6479 = CARTESIAN_POINT ( 'NONE',  ( -4.113806185577671748, -4.445000000000001172, 7.455422152393479607 ) ) ;
#6480 = ADVANCED_FACE ( 'NONE', ( #3232 ), #7677, .T. ) ;
#6481 = AXIS2_PLACEMENT_3D ( 'NONE', #826, #4301, #2981 ) ;
#6482 = ADVANCED_FACE ( 'NONE', ( #573 ), #728, .T. ) ;
#6483 = CARTESIAN_POINT ( 'NONE',  ( 5.154999999999997584, 4.495000000000003659, 1.239999999999999547 ) ) ;
#6484 = B_SPLINE_CURVE_WITH_KNOTS ( 'NONE', 1,
 ( #7831, #3262 ),
 .UNSPECIFIED., .F., .F.,
 ( 2, 2 ),
 ( 0.01141259018077999884, 0.01245182066531999934 ),
 .UNSPECIFIED. ) ;
#6485 = CARTESIAN_POINT ( 'NONE',  ( -3.441040517944826238, -4.344999999999997975, 7.946716535422598149 ) ) ;
#6486 = CARTESIAN_POINT ( 'NONE',  ( 4.305000000000002380, 2.794999999999999485, 1.669000000000000483 ) ) ;
#6487 = ORIENTED_EDGE ( 'NONE', *, *, #3527, .T. ) ;
#6488 = CARTESIAN_POINT ( 'NONE',  ( 0.4249999999999999889, 2.795000000000002149, 1.629999999999999893 ) ) ;
#6489 = CARTESIAN_POINT ( 'NONE',  ( -4.234801368229599738, -4.445000000000001172, 7.798916115779297442 ) ) ;
#6490 = CARTESIAN_POINT ( 'NONE',  ( -4.144006768467768609, -4.344999999999998863, 7.427634548490990696 ) ) ;
#6491 = EDGE_CURVE ( 'NONE', #4251, #1899, #927, .T. ) ;
#6492 = ORIENTED_EDGE ( 'NONE', *, *, #7012, .T. ) ;
#6493 = SURFACE_STYLE_USAGE ( .BOTH. , #69 ) ;
#6494 = CARTESIAN_POINT ( 'NONE',  ( -4.314443452779111787, -4.445000000000002061, 8.160480324542048081 ) ) ;
#6495 = ORIENTED_EDGE ( 'NONE', *, *, #1380, .F. ) ;
#6496 = SURFACE_STYLE_USAGE ( .BOTH. , #7013 ) ;
#6497 =( NAMED_UNIT ( * ) PLANE_ANGLE_UNIT ( ) SI_UNIT ( $, .RADIAN. ) );
#6498 =( NAMED_UNIT ( * ) PLANE_ANGLE_UNIT ( ) SI_UNIT ( $, .RADIAN. ) );
#6499 = CARTESIAN_POINT ( 'NONE',  ( -4.720196970463645059, -4.445000000000000284, 7.493105246182955703 ) ) ;
#6500 = B_SPLINE_CURVE_WITH_KNOTS ( 'NONE', 1,
 ( #2692, #5166 ),
 .UNSPECIFIED., .F., .F.,
 ( 2, 2 ),
 ( 0.0000000000000000000, 1.000000000000000000 ),
 .UNSPECIFIED. ) ;
#6501 = VERTEX_POINT ( 'NONE', #2038 ) ;
#6502 = SURFACE_STYLE_FILL_AREA ( #5762 ) ;
#6503 = VERTEX_POINT ( 'NONE', #52 ) ;
#6504 =( GEOMETRIC_REPRESENTATION_CONTEXT ( 3 ) GLOBAL_UNCERTAINTY_ASSIGNED_CONTEXT ( ( #5053 ) ) GLOBAL_UNIT_ASSIGNED_CONTEXT ( ( #637, #12, #1952 ) ) REPRESENTATION_CONTEXT ( 'NONE', 'WORKASPACE' ) );
#6505 = CARTESIAN_POINT ( 'NONE',  ( -3.216348338351580960, -4.444999999999999396, 8.409514200253710214 ) ) ;
#6506 = CARTESIAN_POINT ( 'NONE',  ( -10.16000000000000014, -4.445000000000000284, 10.51999999999999957 ) ) ;
#6507 = VERTEX_POINT ( 'NONE', #1216 ) ;
#6508 = COLOUR_RGB ( '',1.000000000000000000, 1.000000000000000000, 1.000000000000000000 ) ;
#6509 = EDGE_CURVE ( 'NONE', #6014, #2190, #7485, .T. ) ;
#6510 = CARTESIAN_POINT ( 'NONE',  ( -0.3200000000000000067, -0.9499999999999999556, 2.130000000000000782 ) ) ;
#6511 = DIRECTION ( 'NONE',  ( 1.000000000000000000, 0.0000000000000000000, 0.0000000000000000000 ) ) ;
#6512 = MECHANICAL_DESIGN_GEOMETRIC_PRESENTATION_REPRESENTATION (  '', ( #5598 ), #4763 ) ;
#6513 = DIRECTION ( 'NONE',  ( 1.000000000000000000, 0.0000000000000000000, 0.0000000000000000000 ) ) ;
#6514 = CARTESIAN_POINT ( 'NONE',  ( -2.407460805572798179, -1.137460805572797939, -1.330000000000000071 ) ) ;
#6515 = FILL_AREA_STYLE ('',( #2314 ) ) ;
#6516 = CARTESIAN_POINT ( 'NONE',  ( -0.3200000000000000067, -0.9499999999999999556, -1.029999999999994476 ) ) ;
#6517 = CARTESIAN_POINT ( 'NONE',  ( 4.304999999999999716, 3.645000000000000018, 1.201000000000000068 ) ) ;
#6518 = ORIENTED_EDGE ( 'NONE', *, *, #2426, .F. ) ;
#6519 =( GEOMETRIC_REPRESENTATION_CONTEXT ( 3 ) GLOBAL_UNCERTAINTY_ASSIGNED_CONTEXT ( ( #1259 ) ) GLOBAL_UNIT_ASSIGNED_CONTEXT ( ( #1349, #3916, #1237 ) ) REPRESENTATION_CONTEXT ( 'NONE', 'WORKASPACE' ) );
#6520 = EDGE_CURVE ( 'NONE', #4752, #8015, #2334, .T. ) ;
#6521 = ADVANCED_FACE ( 'NONE', ( #3867 ), #3903, .F. ) ;
#6522 = CARTESIAN_POINT ( 'NONE',  ( 7.620000000000000107, 4.445000000000000284, 1.629999999999999893 ) ) ;
#6523 = FILL_AREA_STYLE ('',( #7039 ) ) ;
#6524 =( NAMED_UNIT ( * ) PLANE_ANGLE_UNIT ( ) SI_UNIT ( $, .RADIAN. ) );
#6525 = B_SPLINE_CURVE_WITH_KNOTS ( 'NONE', 1,
 ( #5670, #1056 ),
 .UNSPECIFIED., .F., .F.,
 ( 2, 2 ),
 ( 0.08333333333333335646, 0.9166666666666667407 ),
 .UNSPECIFIED. ) ;
#6526 = DIRECTION ( 'NONE',  ( 0.0000000000000000000, 1.000000000000000000, 0.0000000000000000000 ) ) ;
#6527 = CARTESIAN_POINT ( 'NONE',  ( -0.8199999999999999512, 2.089999999999999858, 1.629999999999999893 ) ) ;
#6528 = ORIENTED_EDGE ( 'NONE', *, *, #4463, .F. ) ;
#6529 = EDGE_CURVE ( 'NONE', #6374, #7476, #630, .T. ) ;
#6530 = CARTESIAN_POINT ( 'NONE',  ( 0.4249999999999999334, -4.495000000000000107, 0.8499999999999999778 ) ) ;
#6531 = B_SPLINE_CURVE_WITH_KNOTS ( 'NONE', 1,
 ( #3347, #7262 ),
 .UNSPECIFIED., .F., .F.,
 ( 2, 2 ),
 ( 0.01249499999999999916, 0.02138500000000000123 ),
 .UNSPECIFIED. ) ;
#6532 = CARTESIAN_POINT ( 'NONE',  ( -2.220000000000000195, -1.590000000000000080, 2.129999999999999893 ) ) ;
#6533 = STYLED_ITEM ( 'NONE', ( #1131 ), #2843 ) ;
#6534 = EDGE_LOOP ( 'NONE', ( #7020, #948, #1511, #6108, #1584, #6606 ) ) ;
#6535 = DIRECTION ( 'NONE',  ( 0.0000000000000000000, 1.000000000000000000, 0.0000000000000000000 ) ) ;
#6536 = VERTEX_POINT ( 'NONE', #4062 ) ;
#6537 = VERTEX_POINT ( 'NONE', #6589 ) ;
#6538 = VECTOR ( 'NONE', #3263, 1000.000000000000000 ) ;
#6539 = PLANE ( 'NONE',  #7618 ) ;
#6540 = CARTESIAN_POINT ( 'NONE',  ( -4.393845282881517100, -4.344999999999999751, 7.946126463083215796 ) ) ;
#6541 = B_SPLINE_CURVE_WITH_KNOTS ( 'NONE', 1,
 ( #2241, #7925 ),
 .UNSPECIFIED., .F., .F.,
 ( 2, 2 ),
 ( 0.007539999999999999827, 0.009180000000000000659 ),
 .UNSPECIFIED. ) ;
#6543 =( NAMED_UNIT ( * ) PLANE_ANGLE_UNIT ( ) SI_UNIT ( $, .RADIAN. ) );
#6542 = AXIS2_PLACEMENT_3D ( 'NONE', #1129, #989, #6072 ) ;
#6544 = B_SPLINE_CURVE_WITH_KNOTS ( 'NONE', 1,
 ( #3520, #2862 ),
 .UNSPECIFIED., .F., .F.,
 ( 2, 2 ),
 ( 0.0000000000000000000, 0.6282578875171467292 ),
 .UNSPECIFIED. ) ;
#6545 = EDGE_LOOP ( 'NONE', ( #7349, #6665, #368, #4696, #2531 ) ) ;
#6546 = PRESENTATION_STYLE_ASSIGNMENT (( #7878 ) ) ;
#6547 = UNCERTAINTY_MEASURE_WITH_UNIT (LENGTH_MEASURE( 1.000000000000000082E-05 ), #6063, 'distance_accuracy_value', 'NONE');
#6548 = CARTESIAN_POINT ( 'NONE',  ( 5.154999999999997584, 2.794999999999999485, 1.201000000000000512 ) ) ;
#6549 = CARTESIAN_POINT ( 'NONE',  ( -2.860000000000000320, -0.9499999999999999556, 1.169999999999999929 ) ) ;
#6550 = LINE ( 'NONE', #1228, #548 ) ;
#6551 = PRESENTATION_STYLE_ASSIGNMENT (( #141 ) ) ;
#6553 = CARTESIAN_POINT ( 'NONE',  ( -3.291002495407868267, -4.445000000000002061, 7.954330446999825277 ) ) ;
#6552 = MECHANICAL_DESIGN_GEOMETRIC_PRESENTATION_REPRESENTATION (  '', ( #1581 ), #6322 ) ;
#6554 = CARTESIAN_POINT ( 'NONE',  ( -4.304999999999999716, -3.645000000000000018, 0.8499999999999999778 ) ) ;
#6555 = VERTEX_POINT ( 'NONE', #2078 ) ;
#6556 = SURFACE_SIDE_STYLE ('',( #1456 ) ) ;
#6557 =( NAMED_UNIT ( * ) SI_UNIT ( $, .STERADIAN. ) SOLID_ANGLE_UNIT ( ) );
#6558 = ORIENTED_EDGE ( 'NONE', *, *, #359, .T. ) ;
#6559 = ADVANCED_FACE ( 'NONE', ( #2821 ), #7882, .T. ) ;
#6560 = ADVANCED_FACE ( 'NONE', ( #4705 ), #6670, .F. ) ;
#6561 = PLANE ( 'NONE',  #4094 ) ;
#6562 = CARTESIAN_POINT ( 'NONE',  ( -2.860000000000000320, 1.590000000000000080, 8.300000000000000711 ) ) ;
#6563 = CARTESIAN_POINT ( 'NONE',  ( -4.205743358427662670, -4.344999999999999751, 8.120633999286063442 ) ) ;
#6564 = COLOUR_RGB ( '',0.1019607843137254888, 0.1019607843137254888, 0.1019607843137254888 ) ;
#6565 = VERTEX_POINT ( 'NONE', #7229 ) ;
#6566 = CARTESIAN_POINT ( 'NONE',  ( 0.4249999999999999889, -3.645000000000000018, 1.668999999999999817 ) ) ;
#6567 = DIRECTION ( 'NONE',  ( 1.000000000000000000, 0.0000000000000000000, 0.0000000000000000000 ) ) ;
#6568 = CARTESIAN_POINT ( 'NONE',  ( -4.523792249668317389, -4.444999999999998508, 7.353078759586504809 ) ) ;
#6569 = STYLED_ITEM ( 'NONE', ( #3522 ), #5620 ) ;
#6570 = VERTEX_POINT ( 'NONE', #810 ) ;
#6571 = CARTESIAN_POINT ( 'NONE',  ( 4.305000000000002380, -2.794999999999999485, 0.8499999999999999778 ) ) ;
#6572 = ADVANCED_FACE ( 'NONE', ( #5983 ), #177, .T. ) ;
#6573 = EDGE_CURVE ( 'NONE', #5561, #8098, #4665, .T. ) ;
#6574 = DIRECTION ( 'NONE',  ( 0.0000000000000000000, 0.0000000000000000000, -1.000000000000000000 ) ) ;
#6575 = EDGE_LOOP ( 'NONE', ( #2859, #1914, #3617, #6003 ) ) ;
#6576 = ORIENTED_EDGE ( 'NONE', *, *, #8286, .T. ) ;
#6577 = B_SPLINE_CURVE_WITH_KNOTS ( 'NONE', 1,
 ( #2060, #7089 ),
 .UNSPECIFIED., .F., .F.,
 ( 2, 2 ),
 ( -0.6502057613168723549, 0.0000000000000000000 ),
 .UNSPECIFIED. ) ;
#6578 = CARTESIAN_POINT ( 'NONE',  ( -3.228988202880653802, -4.345000000000001528, 8.420480326844961283 ) ) ;
#6579 = CARTESIAN_POINT ( 'NONE',  ( -5.048124388138708341, -4.344999999999999751, 9.111325120834825597 ) ) ;
#6580 = AXIS2_PLACEMENT_3D ( 'NONE', #7699, #7864, #7736 ) ;
#6581 = EDGE_CURVE ( 'NONE', #4058, #1357, #1344, .T. ) ;
#6582 = ORIENTED_EDGE ( 'NONE', *, *, #590, .F. ) ;
#6583 = DIRECTION ( 'NONE',  ( 1.000000000000000000, 0.0000000000000000000, 0.0000000000000000000 ) ) ;
#6584 = VERTEX_POINT ( 'NONE', #5003 ) ;
#6585 = FILL_AREA_STYLE ('',( #5422 ) ) ;
#6586 = DIRECTION ( 'NONE',  ( 1.000000000000000000, 0.0000000000000000000, 0.0000000000000000000 ) ) ;
#6587 = B_SPLINE_CURVE_WITH_KNOTS ( 'NONE', 1,
 ( #1854, #8312 ),
 .UNSPECIFIED., .F., .F.,
 ( 2, 2 ),
 ( -0.0008004889216299999888, 6.553648215000030825E-05 ),
 .UNSPECIFIED. ) ;
#6588 =( NAMED_UNIT ( * ) SI_UNIT ( $, .STERADIAN. ) SOLID_ANGLE_UNIT ( ) );
#6589 = CARTESIAN_POINT ( 'NONE',  ( 0.1200000000000000094, 1.389999999999999902, 8.959999999999999076 ) ) ;
#6590 = CARTESIAN_POINT ( 'NONE',  ( -4.571598379890851049, -4.344999999999999751, 7.748633555038968446 ) ) ;
#6591 = FACE_BOUND ( 'NONE', #6181, .T. ) ;
#6592 = STYLED_ITEM ( 'NONE', ( #1333 ), #6482 ) ;
#6593 = CARTESIAN_POINT ( 'NONE',  ( -3.238677216843533380, -4.445000000000002061, 7.961453472276928345 ) ) ;
#6594 = FACE_OUTER_BOUND ( 'NONE', #6860, .T. ) ;
#6595 = ORIENTED_EDGE ( 'NONE', *, *, #1639, .T. ) ;
#6596 = B_SPLINE_CURVE_WITH_KNOTS ( 'NONE', 3,
 ( #7647, #4440, #2511, #585, #7007, #4399, #8238, #7079, #2431, #1231, #5754 ),
 .UNSPECIFIED., .F., .F.,
 ( 4, 1, 1, 1, 1, 1, 1, 1, 4 ),
 ( 0.0000000000000000000, 0.08210116044144435965, 0.1738249811011143842, 0.2789530937157202461, 0.3966390953455971591, 0.5273155915890607170, 0.6712981430820365025, 0.8287543799634334851, 1.000000000000000000 ),
 .UNSPECIFIED. ) ;
#6597 = CARTESIAN_POINT ( 'NONE',  ( 2.860000000000000320, 0.9499999999999999556, 1.169999999999999929 ) ) ;
#6598 = DIRECTION ( 'NONE',  ( 0.0000000000000000000, 1.000000000000000000, 0.0000000000000000000 ) ) ;
#6599 = VECTOR ( 'NONE', #2410, 1000.000000000000000 ) ;
#6600 = CARTESIAN_POINT ( 'NONE',  ( -6.570000000000000284, 1.649999999999999911, 3.720000000000000195 ) ) ;
#6601 =( BOUNDED_CURVE ( )  B_SPLINE_CURVE ( 3, ( #115, #1274, #5875, #74 ),
 .UNSPECIFIED., .F., .F. ) 
 B_SPLINE_CURVE_WITH_KNOTS ( ( 4, 4 ),
 ( 14.68699594511909901, 17.01461641767859945 ),
 .UNSPECIFIED. ) 
 CURVE ( )  GEOMETRIC_REPRESENTATION_ITEM ( )  RATIONAL_B_SPLINE_CURVE ( ( 1.000000000000000000, 0.5972289350732999935, 0.5972289350732999935, 1.000000000000000000 ) ) 
 REPRESENTATION_ITEM ( '' )  );
#6602 = VERTEX_POINT ( 'NONE', #341 ) ;
#6603 = DIRECTION ( 'NONE',  ( -0.0000000000000000000, 1.000000000000000000, 0.0000000000000000000 ) ) ;
#6604 = CARTESIAN_POINT ( 'NONE',  ( -4.305000000000002380, 2.794999999999999485, 1.669000000000000483 ) ) ;
#6605 = CARTESIAN_POINT ( 'NONE',  ( -4.525109678674971825, -4.445000000000002061, 7.894201633013905095 ) ) ;
#6606 = ORIENTED_EDGE ( 'NONE', *, *, #4664, .T. ) ;
#6607 = B_SPLINE_CURVE_WITH_KNOTS ( 'NONE', 1,
 ( #7200, #5271 ),
 .UNSPECIFIED., .F., .F.,
 ( 2, 2 ),
 ( 0.8683127572016461349, 1.000000000000000000 ),
 .UNSPECIFIED. ) ;
#6608 = CARTESIAN_POINT ( 'NONE',  ( 0.4249999999999999334, -2.794999999999999485, 1.201000000000000512 ) ) ;
#6609 = DIRECTION ( 'NONE',  ( -1.000000000000000000, 0.0000000000000000000, 0.0000000000000000000 ) ) ;
#6610 = EDGE_CURVE ( 'NONE', #1052, #2194, #6291, .T. ) ;
#6611 = LINE ( 'NONE', #5963, #8187 ) ;
#6612 = CARTESIAN_POINT ( 'NONE',  ( -4.793851841765981447, -4.344999999999997087, 7.632957838021057206 ) ) ;
#6613 = VERTEX_POINT ( 'NONE', #7399 ) ;
#6614 = CARTESIAN_POINT ( 'NONE',  ( -3.175423501816688976, -4.445000000000000284, 8.663663574388893451 ) ) ;
#6615 = B_SPLINE_CURVE_WITH_KNOTS ( 'NONE', 1,
 ( #2469, #28 ),
 .UNSPECIFIED., .F., .F.,
 ( 2, 2 ),
 ( -0.6502057613168723549, 0.0000000000000000000 ),
 .UNSPECIFIED. ) ;
#6616 = VERTEX_POINT ( 'NONE', #8089 ) ;
#6617 = CARTESIAN_POINT ( 'NONE',  ( -4.809451318086568783, -4.445000000000000284, 7.760100386668233874 ) ) ;
#6618 = EDGE_CURVE ( 'NONE', #2481, #4778, #1626, .T. ) ;
#6619 = EDGE_CURVE ( 'NONE', #1519, #6130, #7796, .T. ) ;
#6620 = CARTESIAN_POINT ( 'NONE',  ( 4.304999999999999716, -3.645000000000000018, 1.239999999999999991 ) ) ;
#6621 =( NAMED_UNIT ( * ) SI_UNIT ( $, .STERADIAN. ) SOLID_ANGLE_UNIT ( ) );
#6622 = CARTESIAN_POINT ( 'NONE',  ( -0.3200000000000000067, -1.590000000000000080, 8.460000000000000853 ) ) ;
#6623 = ORIENTED_EDGE ( 'NONE', *, *, #1851, .F. ) ;
#6624 = FILL_AREA_STYLE_COLOUR ( '', #5922 ) ;
#6625 = ORIENTED_EDGE ( 'NONE', *, *, #4917, .F. ) ;
#6626 = CARTESIAN_POINT ( 'NONE',  ( 2.860000000000000320, 0.9499999999999999556, 2.129999999999999893 ) ) ;
#6627 = COLOUR_RGB ( '',1.000000000000000000, 1.000000000000000000, 1.000000000000000000 ) ;
#6628 = EDGE_CURVE ( 'NONE', #4561, #959, #536, .T. ) ;
#6629 = CARTESIAN_POINT ( 'NONE',  ( -0.1034804040882555953, 1.166519595911744256, -1.376503785551577819 ) ) ;
#6630 = SURFACE_SIDE_STYLE ('',( #1407 ) ) ;
#6631 = CARTESIAN_POINT ( 'NONE',  ( -0.3200000000000000067, 1.590000000000000080, 3.720000000000000195 ) ) ;
#6632 = CARTESIAN_POINT ( 'NONE',  ( 2.220000000000000195, -0.9499999999999999556, 2.130000000000000782 ) ) ;
#6633 = COLOUR_RGB ( '',0.1019607843137254888, 0.1019607843137254888, 0.1019607843137254888 ) ;
#6634 = ORIENTED_EDGE ( 'NONE', *, *, #5092, .T. ) ;
#6635 = CARTESIAN_POINT ( 'NONE',  ( -3.411984467150999123, -4.344999999999999751, 8.455469570674935653 ) ) ;
#6636 = UNCERTAINTY_MEASURE_WITH_UNIT (LENGTH_MEASURE( 1.000000000000000082E-05 ), #2215, 'distance_accuracy_value', 'NONE');
#6637 = ORIENTED_EDGE ( 'NONE', *, *, #272, .F. ) ;
#6638 =( LENGTH_UNIT ( ) NAMED_UNIT ( * ) SI_UNIT ( .MILLI., .METRE. ) );
#6639 = CARTESIAN_POINT ( 'NONE',  ( 2.860000000000000320, 0.9500000000000000666, 3.720000000000000639 ) ) ;
#6640 = CARTESIAN_POINT ( 'NONE',  ( 1.719999999999999973, -2.089999999999999858, 1.629999999999999893 ) ) ;
#6641 = EDGE_LOOP ( 'NONE', ( #8002, #7480, #2984, #5609 ) ) ;
#6642 = CARTESIAN_POINT ( 'NONE',  ( 2.220000000000000195, -1.590000000000000302, 3.720000000000000639 ) ) ;
#6643 = FACE_OUTER_BOUND ( 'NONE', #2202, .T. ) ;
#6644 = CARTESIAN_POINT ( 'NONE',  ( 2.220000000000000195, -0.9500000000000000666, 3.720000000000000639 ) ) ;
#6645 = CARTESIAN_POINT ( 'NONE',  ( -4.439450827987945658, -4.344999999999998863, 7.945110233267233646 ) ) ;
#6646 = CARTESIAN_POINT ( 'NONE',  ( -0.4249999999999999334, -4.495000000000000107, 1.669000000000000483 ) ) ;
#6647 = DIRECTION ( 'NONE',  ( 0.0000000000000000000, 1.000000000000000000, 0.0000000000000000000 ) ) ;
#6648 =( BOUNDED_CURVE ( )  B_SPLINE_CURVE ( 3, ( #2539, #6483, #6065, #812 ),
 .UNSPECIFIED., .F., .F. ) 
 B_SPLINE_CURVE_WITH_KNOTS ( ( 4, 4 ),
 ( 0.0000000000000000000, 3.141592653589794448 ),
 .UNSPECIFIED. ) 
 CURVE ( )  GEOMETRIC_REPRESENTATION_ITEM ( )  RATIONAL_B_SPLINE_CURVE ( ( 1.000000000000000000, 0.3333333333333290960, 0.3333333333333299842, 1.000000000000000888 ) ) 
 REPRESENTATION_ITEM ( '' )  );
#6649 =( NAMED_UNIT ( * ) PLANE_ANGLE_UNIT ( ) SI_UNIT ( $, .RADIAN. ) );
#6650 = COLOUR_RGB ( '',0.1019607843137254888, 0.1019607843137254888, 0.1019607843137254888 ) ;
#6651 = CARTESIAN_POINT ( 'NONE',  ( 2.220000000000000195, -1.590000000000000080, 8.460000000000000853 ) ) ;
#6652 = VERTEX_POINT ( 'NONE', #1799 ) ;
#6653 = FILL_AREA_STYLE ('',( #6088 ) ) ;
#6654 = EDGE_CURVE ( 'NONE', #2434, #6536, #3671, .T. ) ;
#6655 = ORIENTED_EDGE ( 'NONE', *, *, #1697, .F. ) ;
#6656 = ORIENTED_EDGE ( 'NONE', *, *, #941, .T. ) ;
#6657 = CARTESIAN_POINT ( 'NONE',  ( -5.048124388138708341, -4.344999999999999751, 6.968253446624994574 ) ) ;
#6658 = CARTESIAN_POINT ( 'NONE',  ( -4.805420644797496088, -4.344999999999997975, 7.811918234682375228 ) ) ;
#6659 = B_SPLINE_CURVE_WITH_KNOTS ( 'NONE', 1,
 ( #7227, #3269 ),
 .UNSPECIFIED., .F., .F.,
 ( 2, 2 ),
 ( 0.004332154971470000317, 0.005198180375250000505 ),
 .UNSPECIFIED. ) ;
#6660 = SURFACE_STYLE_FILL_AREA ( #4270 ) ;
#6661 = CARTESIAN_POINT ( 'NONE',  ( -0.3200000000000000067, 1.590000000000000080, -1.029999999999994920 ) ) ;
#6662 = CARTESIAN_POINT ( 'NONE',  ( -2.220000000000000195, 0.9499999999999999556, 8.300000000000000711 ) ) ;
#6663 = ADVANCED_FACE ( 'NONE', ( #564 ), #5226, .T. ) ;
#6664 = EDGE_CURVE ( 'NONE', #6565, #4685, #2035, .T. ) ;
#6665 = ORIENTED_EDGE ( 'NONE', *, *, #5199, .T. ) ;
#6666 = COLOUR_RGB ( '',0.1019607843137254888, 0.1019607843137254888, 0.1019607843137254888 ) ;
#6667 = CARTESIAN_POINT ( 'NONE',  ( -0.1200000000000000094, -1.149999999999999911, 8.959999999999999076 ) ) ;
#6668 = EDGE_LOOP ( 'NONE', ( #7900, #7980, #5321, #4230 ) ) ;
#6669 = CARTESIAN_POINT ( 'NONE',  ( -3.486716538465101323, -4.445000000000000284, 8.455469570674935653 ) ) ;
#6670 = PLANE ( 'NONE',  #7133 ) ;
#6671 = PRESENTATION_LAYER_ASSIGNMENT (  '', '', ( #1022 ) ) ;
#6672 = COLOUR_RGB ( '',0.1019607843137254888, 0.1019607843137254888, 0.1019607843137254888 ) ;
#6673 = FILL_AREA_STYLE ('',( #5380 ) ) ;
#6674 = CARTESIAN_POINT ( 'NONE',  ( -4.404966989186255510, -4.444999999999999396, 7.573525126230491900 ) ) ;
#6675 = FILL_AREA_STYLE ('',( #2866 ) ) ;
#6676 = ADVANCED_FACE ( 'NONE', ( #7218 ), #420, .T. ) ;
#6677 = ORIENTED_EDGE ( 'NONE', *, *, #2327, .T. ) ;
#6678 = CARTESIAN_POINT ( 'NONE',  ( 6.570000000000000284, -1.649999999999999911, 8.030000000000001137 ) ) ;
#6679 = ORIENTED_EDGE ( 'NONE', *, *, #4435, .T. ) ;
#6680 = VECTOR ( 'NONE', #7854, 1000.000000000000000 ) ;
#6681 = CARTESIAN_POINT ( 'NONE',  ( -4.405762011221511898, -4.344999999999998863, 7.946655468110833453 ) ) ;
#6682 = PLANE ( 'NONE',  #7265 ) ;
#6683 = DIRECTION ( 'NONE',  ( -0.0000000000000000000, -0.0000000000000000000, 1.000000000000000000 ) ) ;
#6684 = COLOUR_RGB ( '',0.1019607843137254888, 0.1019607843137254888, 0.1019607843137254888 ) ;
#6685 = ORIENTED_EDGE ( 'NONE', *, *, #4939, .F. ) ;
#6686 = PRESENTATION_STYLE_ASSIGNMENT (( #7937 ) ) ;
#6687 = DIRECTION ( 'NONE',  ( -0.0000000000000000000, 1.000000000000000000, 0.0000000000000000000 ) ) ;
#6688 = CARTESIAN_POINT ( 'NONE',  ( 0.3200000000000000067, 1.590000000000000080, 2.129999999999999893 ) ) ;
#6689 = FACE_OUTER_BOUND ( 'NONE', #4464, .T. ) ;
#6690 = ORIENTED_EDGE ( 'NONE', *, *, #5106, .F. ) ;
#6691 = CARTESIAN_POINT ( 'NONE',  ( -0.4249999999999999334, -4.495000000000000107, 0.8499999999999999778 ) ) ;
#6692 = CARTESIAN_POINT ( 'NONE',  ( -2.220000000000000195, 1.590000000000000080, 2.129999999999999893 ) ) ;
#6693 = ORIENTED_EDGE ( 'NONE', *, *, #4878, .F. ) ;
#6694 = PRESENTATION_STYLE_ASSIGNMENT (( #2804 ) ) ;
#6695 = PRESENTATION_LAYER_ASSIGNMENT (  '', '', ( #3343 ) ) ;
#6696 = CARTESIAN_POINT ( 'NONE',  ( 0.3200000000000000067, 0.9500000000000000666, 3.720000000000000639 ) ) ;
#6697 = ORIENTED_EDGE ( 'NONE', *, *, #2941, .T. ) ;
#6698 = EDGE_LOOP ( 'NONE', ( #2053, #2893, #7877, #6487 ) ) ;
#6699 = B_SPLINE_CURVE_WITH_KNOTS ( 'NONE', 1,
 ( #3192, #3829 ),
 .UNSPECIFIED., .F., .F.,
 ( 2, 2 ),
 ( -0.0003516368650300000015, 0.0002228193996200000370 ),
 .UNSPECIFIED. ) ;
#6700 = CARTESIAN_POINT ( 'NONE',  ( -4.304999999999999716, 3.645000000000000018, 1.668999999999999817 ) ) ;
#6701 = CARTESIAN_POINT ( 'NONE',  ( -3.996568713580090471, -4.345000000000000639, 7.706037500859941325 ) ) ;
#6702 =( GEOMETRIC_REPRESENTATION_CONTEXT ( 3 ) GLOBAL_UNCERTAINTY_ASSIGNED_CONTEXT ( ( #6331 ) ) GLOBAL_UNIT_ASSIGNED_CONTEXT ( ( #381, #1753, #3651 ) ) REPRESENTATION_CONTEXT ( 'NONE', 'WORKASPACE' ) );
#6703 = DIRECTION ( 'NONE',  ( 0.7071067811865480168, 0.0000000000000000000, -0.7071067811865470176 ) ) ;
#6704 = CARTESIAN_POINT ( 'NONE',  ( -3.157436042913010610, -4.344999999999999751, 7.987227557716233939 ) ) ;
#6705 = VERTEX_POINT ( 'NONE', #2153 ) ;
#6706 = FILL_AREA_STYLE_COLOUR ( '', #2795 ) ;
#6707 =( NAMED_UNIT ( * ) PLANE_ANGLE_UNIT ( ) SI_UNIT ( $, .RADIAN. ) );
#6708 = ORIENTED_EDGE ( 'NONE', *, *, #1171, .T. ) ;
#6709 = PLANE ( 'NONE',  #2783 ) ;
#6710 = ORIENTED_EDGE ( 'NONE', *, *, #995, .F. ) ;
#6711 = CARTESIAN_POINT ( 'NONE',  ( 6.570000000000000284, 3.314999999999999947, 9.919999999999999929 ) ) ;
#6712 = B_SPLINE_CURVE_WITH_KNOTS ( 'NONE', 1,
 ( #7329, #5396 ),
 .UNSPECIFIED., .F., .F.,
 ( 2, 2 ),
 ( 0.003965537550529999941, 0.004831562954310000130 ),
 .UNSPECIFIED. ) ;
#6713 = EDGE_CURVE ( 'NONE', #4387, #7, #3558, .T. ) ;
#6714 = MECHANICAL_DESIGN_GEOMETRIC_PRESENTATION_REPRESENTATION (  '', ( #6347 ), #527 ) ;
#6715 = SURFACE_STYLE_USAGE ( .BOTH. , #892 ) ;
#6716 = CARTESIAN_POINT ( 'NONE',  ( -4.570454205903606848, -4.344999999999998863, 7.723772140767390049 ) ) ;
#6717 = CARTESIAN_POINT ( 'NONE',  ( 2.660000000000000142, 1.149999999999999911, 8.959999999999999076 ) ) ;
#6718 = VERTEX_POINT ( 'NONE', #6661 ) ;
#6719 = B_SPLINE_CURVE_WITH_KNOTS ( 'NONE', 1,
 ( #1340, #3908 ),
 .UNSPECIFIED., .F., .F.,
 ( 2, 2 ),
 ( -1.000000000000000000, 0.0000000000000000000 ),
 .UNSPECIFIED. ) ;
#6720 = B_SPLINE_CURVE_WITH_KNOTS ( 'NONE', 1,
 ( #1064, #3472 ),
 .UNSPECIFIED., .F., .F.,
 ( 2, 2 ),
 ( 0.0000000000000000000, 0.1316872427983540594 ),
 .UNSPECIFIED. ) ;
#6722 = ORIENTED_EDGE ( 'NONE', *, *, #21, .T. ) ;
#6721 = MECHANICAL_DESIGN_GEOMETRIC_PRESENTATION_REPRESENTATION (  '', ( #5673 ), #4719 ) ;
#6723 = COLOUR_RGB ( '',1.000000000000000000, 1.000000000000000000, 1.000000000000000000 ) ;
#6724 = PRESENTATION_STYLE_ASSIGNMENT (( #5471 ) ) ;
#6725 = CARTESIAN_POINT ( 'NONE',  ( -6.570000000000000284, -3.314999999999999947, 9.919999999999999929 ) ) ;
#6726 = ADVANCED_FACE ( 'NONE', ( #2812 ), #5415, .T. ) ;
#6727 = CARTESIAN_POINT ( 'NONE',  ( 0.3200000000000000067, -1.590000000000000080, 3.720000000000000195 ) ) ;
#6728 = EDGE_CURVE ( 'NONE', #6652, #7994, #222, .T. ) ;
#6729 = CARTESIAN_POINT ( 'NONE',  ( -3.181428076926640092, -4.445000000000000284, 8.317400743885405845 ) ) ;
#6730 = FILL_AREA_STYLE ('',( #2091 ) ) ;
#6731 = AXIS2_PLACEMENT_3D ( 'NONE', #901, #6073, #264 ) ;
#6732 = VECTOR ( 'NONE', #1016, 1000.000000000000000 ) ;
#6733 = ORIENTED_EDGE ( 'NONE', *, *, #857, .F. ) ;
#6734 = CARTESIAN_POINT ( 'NONE',  ( -2.259999999999999787, -3.915000000000000036, 10.51999999999999957 ) ) ;
#6735 = CARTESIAN_POINT ( 'NONE',  ( 0.3200000000000000067, 0.9499999999999999556, 8.460000000000000853 ) ) ;
#6736 = CARTESIAN_POINT ( 'NONE',  ( -4.561464128455482658, -4.445000000000001172, 7.834345585478558860 ) ) ;
#6737 = ORIENTED_EDGE ( 'NONE', *, *, #3093, .T. ) ;
#6738 = COLOUR_RGB ( '',0.1019607843137254888, 0.1019607843137254888, 0.1019607843137254888 ) ;
#6739 = CARTESIAN_POINT ( 'NONE',  ( 2.220000000000000195, -0.9499999999999999556, 8.460000000000000853 ) ) ;
#6740 = CARTESIAN_POINT ( 'NONE',  ( -2.860000000000000320, -0.9499999999999999556, 8.300000000000000711 ) ) ;
#6741 = DIRECTION ( 'NONE',  ( -0.8912577427698289423, 0.0000000000000000000, 0.4534971179101687788 ) ) ;
#6742 = B_SPLINE_CURVE_WITH_KNOTS ( 'NONE', 1,
 ( #8119, #2394 ),
 .UNSPECIFIED., .F., .F.,
 ( 2, 2 ),
 ( 0.004332154971470000317, 0.005198180375250000505 ),
 .UNSPECIFIED. ) ;
#6743 = B_SPLINE_CURVE_WITH_KNOTS ( 'NONE', 1,
 ( #4781, #2365 ),
 .UNSPECIFIED., .F., .F.,
 ( 2, 2 ),
 ( 0.0000000000000000000, 1.000000000000000000 ),
 .UNSPECIFIED. ) ;
#6744 = DIRECTION ( 'NONE',  ( -4.730105980320832387E-17, 0.7071067811865480168, -0.7071067811865470176 ) ) ;
#6745 = ORIENTED_EDGE ( 'NONE', *, *, #1922, .F. ) ;
#6746 = SURFACE_SIDE_STYLE ('',( #5448 ) ) ;
#6747 = PRESENTATION_LAYER_ASSIGNMENT (  '', '', ( #8247 ) ) ;
#6748 = CARTESIAN_POINT ( 'NONE',  ( -3.360263463849481269, -4.344999999999999751, 8.690875909182340209 ) ) ;
#6749 = ORIENTED_EDGE ( 'NONE', *, *, #965, .T. ) ;
#6750 = EDGE_LOOP ( 'NONE', ( #6273, #4526, #4066, #358 ) ) ;
#6751 = CARTESIAN_POINT ( 'NONE',  ( -3.181636863431398510, -4.344999999999999751, 8.323596802334623845 ) ) ;
#6752 = CARTESIAN_POINT ( 'NONE',  ( 4.305000000000002380, 2.794999999999999485, 0.8499999999999999778 ) ) ;
#6753 = DIRECTION ( 'NONE',  ( 0.0000000000000000000, -1.000000000000000000, 0.0000000000000000000 ) ) ;
#6754 = DIRECTION ( 'NONE',  ( 0.0000000000000000000, 0.0000000000000000000, -1.000000000000000000 ) ) ;
#6755 = ORIENTED_EDGE ( 'NONE', *, *, #8029, .T. ) ;
#6756 = CARTESIAN_POINT ( 'NONE',  ( -2.220000000000000195, 0.9499999999999999556, 8.300000000000000711 ) ) ;
#6757 = ORIENTED_EDGE ( 'NONE', *, *, #1981, .T. ) ;
#6758 = CARTESIAN_POINT ( 'NONE',  ( 5.155000000000000249, -3.645000000000000018, 1.239999999999999991 ) ) ;
#6759 = ORIENTED_EDGE ( 'NONE', *, *, #4878, .T. ) ;
#6760 = B_SPLINE_CURVE_WITH_KNOTS ( 'NONE', 1,
 ( #4558, #2637 ),
 .UNSPECIFIED., .F., .F.,
 ( 2, 2 ),
 ( 0.0005916368650299999804, 0.001166093129679999802 ),
 .UNSPECIFIED. ) ;
#6761 = SURFACE_STYLE_USAGE ( .BOTH. , #4702 ) ;
#6762 = B_SPLINE_CURVE_WITH_KNOTS ( 'NONE', 1,
 ( #3212, #3255 ),
 .UNSPECIFIED., .F., .F.,
 ( 2, 2 ),
 ( -1.000000000000000000, -0.3717421124828531598 ),
 .UNSPECIFIED. ) ;
#6763 = CARTESIAN_POINT ( 'NONE',  ( 2.921923802585976393, -0.8880761974140239934, -0.9309012005521358768 ) ) ;
#6764 = CARTESIAN_POINT ( 'NONE',  ( -2.974286009347245407, -4.344999999999999751, 8.481181268066748657 ) ) ;
#6765 = SURFACE_STYLE_FILL_AREA ( #3442 ) ;
#6766 = FACE_OUTER_BOUND ( 'NONE', #1266, .T. ) ;
#6767 = FACE_BOUND ( 'NONE', #2737, .T. ) ;
#6768 = ORIENTED_EDGE ( 'NONE', *, *, #6529, .F. ) ;
#6769 = CARTESIAN_POINT ( 'NONE',  ( -4.799847209308350848, -4.445000000000001172, 7.843069298687995961 ) ) ;
#6770 = EDGE_CURVE ( 'NONE', #7332, #5475, #5456, .T. ) ;
#6771 = ORIENTED_EDGE ( 'NONE', *, *, #5960, .T. ) ;
#6772 = CARTESIAN_POINT ( 'NONE',  ( -6.570000000000000284, -1.649999999999999911, 1.629999999999999893 ) ) ;
#6773 = SURFACE_STYLE_FILL_AREA ( #4243 ) ;
#6774 = CARTESIAN_POINT ( 'NONE',  ( -0.3200000000000000067, 0.9499999999999999556, -1.029999999999994920 ) ) ;
#6775 = PRESENTATION_STYLE_ASSIGNMENT (( #4206 ) ) ;
#6776 = MECHANICAL_DESIGN_GEOMETRIC_PRESENTATION_REPRESENTATION (  '', ( #6255 ), #7313 ) ;
#6777 = VERTEX_POINT ( 'NONE', #4993 ) ;
#6778 = CARTESIAN_POINT ( 'NONE',  ( 1.719999999999999973, -2.089999999999999858, 1.629999999999999893 ) ) ;
#6779 = EDGE_CURVE ( 'NONE', #5626, #4647, #2226, .T. ) ;
#6780 = EDGE_CURVE ( 'NONE', #1593, #3388, #375, .T. ) ;
#6781 = ORIENTED_EDGE ( 'NONE', *, *, #3188, .T. ) ;
#6782 =( GEOMETRIC_REPRESENTATION_CONTEXT ( 3 ) GLOBAL_UNCERTAINTY_ASSIGNED_CONTEXT ( ( #5572 ) ) GLOBAL_UNIT_ASSIGNED_CONTEXT ( ( #1186, #546, #1900 ) ) REPRESENTATION_CONTEXT ( 'NONE', 'WORKASPACE' ) );
#6783 = CARTESIAN_POINT ( 'NONE',  ( 7.620000000000000107, 1.649999999999999911, 1.629999999999999893 ) ) ;
#6784 = SURFACE_STYLE_USAGE ( .BOTH. , #5019 ) ;
#6785 = DIRECTION ( 'NONE',  ( 0.0000000000000000000, 1.000000000000000000, 0.0000000000000000000 ) ) ;
#6786 = ORIENTED_EDGE ( 'NONE', *, *, #651, .F. ) ;
#6787 = FACE_OUTER_BOUND ( 'NONE', #5013, .T. ) ;
#6788 = PRESENTATION_LAYER_ASSIGNMENT (  '', '', ( #5598 ) ) ;
#6789 =( NAMED_UNIT ( * ) PLANE_ANGLE_UNIT ( ) SI_UNIT ( $, .RADIAN. ) );
#6790 = ORIENTED_EDGE ( 'NONE', *, *, #5714, .F. ) ;
#6791 = EDGE_CURVE ( 'NONE', #6457, #2481, #8163, .T. ) ;
#6792 = ORIENTED_EDGE ( 'NONE', *, *, #7191, .F. ) ;
#6793 = B_SPLINE_CURVE_WITH_KNOTS ( 'NONE', 1,
 ( #7396, #3563, #1623, #5512 ),
 .UNSPECIFIED., .F., .F.,
 ( 2, 1, 1, 2 ),
 ( -0.02688548016506000018, -0.02371548016505999751, -0.01571548016506000081, -0.01254548016505999987 ),
 .UNSPECIFIED. ) ;
#6794 = CARTESIAN_POINT ( 'NONE',  ( -2.419999999999999929, -1.149999999999999911, 8.800000000000000711 ) ) ;
#6795 = DIRECTION ( 'NONE',  ( 1.000000000000000000, 0.0000000000000000000, 0.0000000000000000000 ) ) ;
#6796 = STYLED_ITEM ( 'NONE', ( #2849 ), #1363 ) ;
#6797 = PLANE ( 'NONE',  #1969 ) ;
#6798 = CARTESIAN_POINT ( 'NONE',  ( -2.419999999999999929, -1.389999999999999902, 8.800000000000000711 ) ) ;
#6799 = ORIENTED_EDGE ( 'NONE', *, *, #2472, .T. ) ;
#6800 = PLANE ( 'NONE',  #7004 ) ;
#6801 = CARTESIAN_POINT ( 'NONE',  ( 0.4300999999999999823, -4.075099999999999945, 1.239999999999999991 ) ) ;
#6802 = EDGE_LOOP ( 'NONE', ( #6679, #4160, #2942, #1138 ) ) ;
#6803 = DIRECTION ( 'NONE',  ( 0.0000000000000000000, -1.000000000000000000, 0.0000000000000000000 ) ) ;
#6804 = EDGE_LOOP ( 'NONE', ( #6558, #5192, #5865, #7828 ) ) ;
#6805 = UNCERTAINTY_MEASURE_WITH_UNIT (LENGTH_MEASURE( 1.000000000000000082E-05 ), #769, 'distance_accuracy_value', 'NONE');
#6806 = DIRECTION ( 'NONE',  ( 0.0000000000000000000, 0.0000000000000000000, -1.000000000000000000 ) ) ;
#6807 = CARTESIAN_POINT ( 'NONE',  ( -6.570000000000000284, 3.314999999999999947, 9.919999999999999929 ) ) ;
#6808 = CARTESIAN_POINT ( 'NONE',  ( -2.951255572042641884, -4.345000000000000639, 8.403897553890740113 ) ) ;
#6809 = CARTESIAN_POINT ( 'NONE',  ( 5.580000000000000071, 4.445000000000000284, 1.629999999999999893 ) ) ;
#6810 = CARTESIAN_POINT ( 'NONE',  ( 2.660000000000000142, 1.149999999999999911, 8.959999999999999076 ) ) ;
#6811 = CARTESIAN_POINT ( 'NONE',  ( 2.220000000000000195, 1.590000000000000080, 8.460000000000000853 ) ) ;
#6812 = EDGE_LOOP ( 'NONE', ( #3701, #401, #1809, #6831 ) ) ;
#6813 = UNCERTAINTY_MEASURE_WITH_UNIT (LENGTH_MEASURE( 1.000000000000000082E-05 ), #6851, 'distance_accuracy_value', 'NONE');
#6814 = VERTEX_POINT ( 'NONE', #7475 ) ;
#6815 = DIRECTION ( 'NONE',  ( 0.4682379421518992890, 0.4682379421518992890, -0.7493373466328161481 ) ) ;
#6816 = AXIS2_PLACEMENT_3D ( 'NONE', #6907, #1586, #2292 ) ;
#6817 = DIRECTION ( 'NONE',  ( 0.4521557177002733519, 0.0000000000000000000, 0.8919390152644690595 ) ) ;
#6818 = B_SPLINE_CURVE_WITH_KNOTS ( 'NONE', 1,
 ( #2048, #4030 ),
 .UNSPECIFIED., .F., .F.,
 ( 2, 2 ),
 ( 0.002459512146749999809, 0.003325537550529999997 ),
 .UNSPECIFIED. ) ;
#6819 = CARTESIAN_POINT ( 'NONE',  ( -3.028429738392478310, -4.445000000000000284, 8.567998273883681293 ) ) ;
#6820 = EDGE_CURVE ( 'NONE', #3388, #1316, #3685, .T. ) ;
#6821 = ORIENTED_EDGE ( 'NONE', *, *, #904, .F. ) ;
#6822 = PLANE ( 'NONE',  #3011 ) ;
#6823 = CARTESIAN_POINT ( 'NONE',  ( -4.308924791567536161, -4.344999999999999751, 7.602846860489460568 ) ) ;
#6824 = ORIENTED_EDGE ( 'NONE', *, *, #6018, .F. ) ;
#6825 = CARTESIAN_POINT ( 'NONE',  ( 2.860000000000000320, 1.590000000000000302, 3.720000000000000639 ) ) ;
#6826 = CARTESIAN_POINT ( 'NONE',  ( 4.305000000000002380, -4.495000000000000107, 1.630000000000000338 ) ) ;
#6827 =( GEOMETRIC_REPRESENTATION_CONTEXT ( 3 ) GLOBAL_UNCERTAINTY_ASSIGNED_CONTEXT ( ( #4200 ) ) GLOBAL_UNIT_ASSIGNED_CONTEXT ( ( #738, #5950, #225 ) ) REPRESENTATION_CONTEXT ( 'NONE', 'WORKASPACE' ) );
#6828 = EDGE_CURVE ( 'NONE', #1794, #2322, #5169, .T. ) ;
#6829 = CARTESIAN_POINT ( 'NONE',  ( 4.305000000000002380, -2.794999999999999485, 0.8499999999999999778 ) ) ;
#6830 = EDGE_CURVE ( 'NONE', #2270, #7868, #2311, .T. ) ;
#6831 = ORIENTED_EDGE ( 'NONE', *, *, #2743, .T. ) ;
#6832 = FILL_AREA_STYLE ('',( #1779 ) ) ;
#6833 = CARTESIAN_POINT ( 'NONE',  ( 0.4249999999999999889, -3.645000000000000018, 1.239999999999999991 ) ) ;
#6834 = CARTESIAN_POINT ( 'NONE',  ( -0.4249999999999999889, -3.645000000000000018, 1.629999999999999893 ) ) ;
#6835 = ORIENTED_EDGE ( 'NONE', *, *, #5093, .T. ) ;
#6836 = ORIENTED_EDGE ( 'NONE', *, *, #3226, .T. ) ;
#6837 = CARTESIAN_POINT ( 'NONE',  ( -2.672539194427201892, 0.0000000000000000000, -1.330000000000000071 ) ) ;
#6838 = EDGE_CURVE ( 'NONE', #1987, #8175, #4255, .T. ) ;
#6839 =( LENGTH_UNIT ( ) NAMED_UNIT ( * ) SI_UNIT ( .MILLI., .METRE. ) );
#6840 = LINE ( 'NONE', #7524, #5943 ) ;
#6841 = EDGE_CURVE ( 'NONE', #193, #4695, #3781, .T. ) ;
#6842 =( GEOMETRIC_REPRESENTATION_CONTEXT ( 3 ) GLOBAL_UNCERTAINTY_ASSIGNED_CONTEXT ( ( #2074 ) ) GLOBAL_UNIT_ASSIGNED_CONTEXT ( ( #1973, #7768, #7118 ) ) REPRESENTATION_CONTEXT ( 'NONE', 'WORKASPACE' ) );
#6843 = ORIENTED_EDGE ( 'NONE', *, *, #4576, .F. ) ;
#6844 = LINE ( 'NONE', #4996, #5527 ) ;
#6845 = PRESENTATION_STYLE_ASSIGNMENT (( #7479 ) ) ;
#6846 = VERTEX_POINT ( 'NONE', #7572 ) ;
#6847 = LINE ( 'NONE', #1070, #5655 ) ;
#6848 = ORIENTED_EDGE ( 'NONE', *, *, #558, .T. ) ;
#6849 = AXIS2_PLACEMENT_3D ( 'NONE', #5817, #1843, #4422 ) ;
#6850 = CARTESIAN_POINT ( 'NONE',  ( 2.660000000000000142, 1.149999999999999911, 8.959999999999999076 ) ) ;
#6851 =( LENGTH_UNIT ( ) NAMED_UNIT ( * ) SI_UNIT ( .MILLI., .METRE. ) );
#6852 = DIRECTION ( 'NONE',  ( 1.000000000000000000, 0.0000000000000000000, 0.0000000000000000000 ) ) ;
#6853 = EDGE_CURVE ( 'NONE', #1124, #900, #4146, .T. ) ;
#6854 = B_SPLINE_CURVE_WITH_KNOTS ( 'NONE', 1,
 ( #934, #387 ),
 .UNSPECIFIED., .F., .F.,
 ( 2, 2 ),
 ( -1.000000000000000000, 0.0000000000000000000 ),
 .UNSPECIFIED. ) ;
#6855 = LINE ( 'NONE', #432, #4974 ) ;
#6856 = DIRECTION ( 'NONE',  ( 0.0000000000000000000, -0.7071067811865480168, -0.7071067811865470176 ) ) ;
#6857 =( GEOMETRIC_REPRESENTATION_CONTEXT ( 3 ) GLOBAL_UNCERTAINTY_ASSIGNED_CONTEXT ( ( #6547 ) ) GLOBAL_UNIT_ASSIGNED_CONTEXT ( ( #6063, #255, #6103 ) ) REPRESENTATION_CONTEXT ( 'NONE', 'WORKASPACE' ) );
#6858 = DIRECTION ( 'NONE',  ( -0.4682379421519010654, -0.4682379421519010654, 0.7493373466328138166 ) ) ;
#6859 = ORIENTED_EDGE ( 'NONE', *, *, #7830, .F. ) ;
#6860 = EDGE_LOOP ( 'NONE', ( #6595, #5914, #7519, #1661 ) ) ;
#6861 =( NAMED_UNIT ( * ) PLANE_ANGLE_UNIT ( ) SI_UNIT ( $, .RADIAN. ) );
#6862 = SURFACE_SIDE_STYLE ('',( #6773 ) ) ;
#6863 = CARTESIAN_POINT ( 'NONE',  ( 3.369839999999999947, 0.4500000000000000111, 1.629999999999999893 ) ) ;
#6864 = CARTESIAN_POINT ( 'NONE',  ( -4.437319977655081793, -4.444999999999999396, 7.575487456668161812 ) ) ;
#6865 = ORIENTED_EDGE ( 'NONE', *, *, #7729, .T. ) ;
#6866 = SURFACE_STYLE_FILL_AREA ( #8057 ) ;
#6867 = PRESENTATION_LAYER_ASSIGNMENT (  '', '', ( #4847 ) ) ;
#6868 =( NAMED_UNIT ( * ) SI_UNIT ( $, .STERADIAN. ) SOLID_ANGLE_UNIT ( ) );
#6869 = FACE_OUTER_BOUND ( 'NONE', #6056, .T. ) ;
#6870 = ORIENTED_EDGE ( 'NONE', *, *, #2952, .F. ) ;
#6871 = CARTESIAN_POINT ( 'NONE',  ( -4.024111903373251309, -4.445000000000000284, 7.912064734567745283 ) ) ;
#6872 = COLOUR_RGB ( '',1.000000000000000000, 1.000000000000000000, 1.000000000000000000 ) ;
#6873 = B_SPLINE_CURVE_WITH_KNOTS ( 'NONE', 1,
 ( #970, #7432 ),
 .UNSPECIFIED., .F., .F.,
 ( 2, 2 ),
 ( 0.08333333333333335646, 0.9166666666666667407 ),
 .UNSPECIFIED. ) ;
#6874 = CARTESIAN_POINT ( 'NONE',  ( 5.154999999999997584, -4.495000000000000107, 1.201000000000000512 ) ) ;
#6875 = ORIENTED_EDGE ( 'NONE', *, *, #6628, .T. ) ;
#6876 = CARTESIAN_POINT ( 'NONE',  ( -4.371007907637013190, -4.344999999999997975, 7.575510170937068466 ) ) ;
#6877 = CARTESIAN_POINT ( 'NONE',  ( -2.220000000000000195, 1.590000000000000080, -1.029999999999998028 ) ) ;
#6878 = VERTEX_POINT ( 'NONE', #6268 ) ;
#6879 = ORIENTED_EDGE ( 'NONE', *, *, #1449, .T. ) ;
#6880 = EDGE_CURVE ( 'NONE', #1453, #7332, #3514, .T. ) ;
#6881 = CARTESIAN_POINT ( 'NONE',  ( 2.860000000000000320, -1.590000000000000080, 1.969999999999999973 ) ) ;
#6882 = CARTESIAN_POINT ( 'NONE',  ( 5.155000000000000249, 3.645000000000000018, 1.629999999999999893 ) ) ;
#6883 = CARTESIAN_POINT ( 'NONE',  ( -0.4249999999999999334, 2.794999999999999485, 0.8499999999999999778 ) ) ;
#6884 = AXIS2_PLACEMENT_3D ( 'NONE', #7653, #1786, #3085 ) ;
#6885 = CARTESIAN_POINT ( 'NONE',  ( -2.660000000000000142, -1.389999999999999902, 8.800000000000000711 ) ) ;
#6886 = ORIENTED_EDGE ( 'NONE', *, *, #2182, .T. ) ;
#6887 = B_SPLINE_CURVE_WITH_KNOTS ( 'NONE', 3,
 ( #7083, #6424, #5712, #3810, #4484, #2013, #2557, #7122, #5239, #4603, #8366 ),
 .UNSPECIFIED., .F., .F.,
 ( 4, 1, 1, 1, 1, 1, 1, 1, 4 ),
 ( 0.0000000000000000000, 0.08210116044144435965, 0.1738249811011143842, 0.2789530937157202461, 0.3966390953455971591, 0.5273155915890607170, 0.6712981430820365025, 0.8287543799634334851, 1.000000000000000000 ),
 .UNSPECIFIED. ) ;
#6888 = CARTESIAN_POINT ( 'NONE',  ( -2.660000000000000142, -1.389999999999999902, 8.800000000000000711 ) ) ;
#6889 =( BOUNDED_SURFACE ( )  B_SPLINE_SURFACE ( 3, 1, ( 
 ( #6388, #586, #3164 ),
 ( #5149, #3913, #7727 ),
 ( #705, #2632, #3287 ),
 ( #1934, #662, #5755 ),
 ( #5868, #5235, #7816 ),
 ( #4599, #7246, #6604 ),
 ( #2835, #6038, #6116 ) ),
 .UNSPECIFIED., .T., .F., .F. ) 
 B_SPLINE_SURFACE_WITH_KNOTS ( ( 4, 3, 4 ),
 ( 2, 1, 2 ),
 ( 0.0000000000000000000, 0.5000000000000000000, 1.000000000000000000 ),
 ( -0.7500000000000000000, 0.0000000000000000000, 1.000000000000000000 ),
 .UNSPECIFIED. ) 
 GEOMETRIC_REPRESENTATION_ITEM ( )  RATIONAL_B_SPLINE_SURFACE ( (
 ( 1.000000000000000000, 1.000000000000000000, 1.000000000000000000),
 ( 0.3333333333333299842, 0.3333333333333299842, 0.3333333333333299842),
 ( 0.3333333333333299842, 0.3333333333333299842, 0.3333333333333299842),
 ( 1.000000000000000000, 1.000000000000000000, 1.000000000000000000),
 ( 0.3333333333333299842, 0.3333333333333299842, 0.3333333333333299842),
 ( 0.3333333333333299842, 0.3333333333333299842, 0.3333333333333299842),
 ( 1.000000000000000000, 1.000000000000000000, 1.000000000000000000) ) ) 
 REPRESENTATION_ITEM ( '' )  SURFACE ( )  );
#6890 = CARTESIAN_POINT ( 'NONE',  ( -3.411984467150999123, -4.445000000000561613, 8.455469570674935653 ) ) ;
#6891 = ORIENTED_EDGE ( 'NONE', *, *, #3445, .F. ) ;
#6892 = B_SPLINE_CURVE_WITH_KNOTS ( 'NONE', 3,
 ( #5547, #5681, #8124, #7477, #3733, #1109, #3687, #6270, #4367, #6929, #6316 ),
 .UNSPECIFIED., .F., .F.,
 ( 4, 1, 1, 1, 1, 1, 1, 1, 4 ),
 ( 0.0000000000000000000, 0.1227180515039698883, 0.2401431180450277481, 0.3573623765102164063, 0.4816738524649483710, 0.6078658287995967191, 0.7329554806750199214, 0.8621444613629475340, 1.000000000000000000 ),
 .UNSPECIFIED. ) ;
#6893 = SURFACE_SIDE_STYLE ('',( #2361 ) ) ;
#6894 = EDGE_LOOP ( 'NONE', ( #7908, #2989, #5959, #5459 ) ) ;
#6895 = EDGE_CURVE ( 'NONE', #7994, #3568, #1846, .T. ) ;
#6896 = EDGE_CURVE ( 'NONE', #8191, #445, #720, .T. ) ;
#6897 = CARTESIAN_POINT ( 'NONE',  ( -2.660000000000000142, -1.149999999999999911, 8.800000000000000711 ) ) ;
#6898 = CARTESIAN_POINT ( 'NONE',  ( -3.204949237806911544, -4.345000000000000639, 8.671526696739300988 ) ) ;
#6899 = CARTESIAN_POINT ( 'NONE',  ( 2.259999999999999787, -3.915000000000000036, 10.51999999999999957 ) ) ;
#6900 = CARTESIAN_POINT ( 'NONE',  ( 0.0000000000000000000, -1.137460805572801492, -1.330000000000000071 ) ) ;
#6901 = SURFACE_STYLE_USAGE ( .BOTH. , #8302 ) ;
#6902 = ORIENTED_EDGE ( 'NONE', *, *, #1894, .T. ) ;
#6903 = DIRECTION ( 'NONE',  ( 1.000000000000000000, 0.0000000000000000000, 0.0000000000000000000 ) ) ;
#6904 = EDGE_LOOP ( 'NONE', ( #6737, #7693, #4098, #6745 ) ) ;
#6905 = EDGE_CURVE ( 'NONE', #984, #6118, #2522, .T. ) ;
#6906 = B_SPLINE_CURVE_WITH_KNOTS ( 'NONE', 1,
 ( #4059, #8040 ),
 .UNSPECIFIED., .F., .F.,
 ( 2, 2 ),
 ( 0.0000000000000000000, 1.000000000000000000 ),
 .UNSPECIFIED. ) ;
#6907 = CARTESIAN_POINT ( 'NONE',  ( -0.8298400000000000221, 2.089999999999999858, 1.629999999999999893 ) ) ;
#6908 = DIRECTION ( 'NONE',  ( 1.000000000000000000, 0.0000000000000000000, 0.0000000000000000000 ) ) ;
#6909 = SURFACE_STYLE_FILL_AREA ( #2973 ) ;
#6910 = CARTESIAN_POINT ( 'NONE',  ( -3.063413897567816235, -4.445000000000000284, 8.602872526145215915 ) ) ;
#6911 = VERTEX_POINT ( 'NONE', #7385 ) ;
#6912 = CARTESIAN_POINT ( 'NONE',  ( -0.4249999999999999334, -2.794999999999999485, 1.201000000000000512 ) ) ;
#6913 = CARTESIAN_POINT ( 'NONE',  ( -5.155000000000000249, 3.645000000000000018, 1.629999999999999893 ) ) ;
#6914 = ORIENTED_EDGE ( 'NONE', *, *, #3278, .T. ) ;
#6915 = DIRECTION ( 'NONE',  ( 0.0000000000000000000, -1.000000000000000000, 0.0000000000000000000 ) ) ;
#6916 = CARTESIAN_POINT ( 'NONE',  ( -4.314443452779111787, -4.445000000000002061, 8.160480324542048081 ) ) ;
#6917 = FACE_OUTER_BOUND ( 'NONE', #3638, .T. ) ;
#6918 = EDGE_LOOP ( 'NONE', ( #5540, #7711, #2244, #5437 ) ) ;
#6919 = CARTESIAN_POINT ( 'NONE',  ( -1.719999999999999973, 0.4500000000000000111, 1.629999999999999893 ) ) ;
#6920 = AXIS2_PLACEMENT_3D ( 'NONE', #5493, #2071, #4661 ) ;
#6921 = ORIENTED_EDGE ( 'NONE', *, *, #6977, .F. ) ;
#6922 = ORIENTED_EDGE ( 'NONE', *, *, #825, .F. ) ;
#6923 = DIRECTION ( 'NONE',  ( -0.0000000000000000000, -1.000000000000000000, -0.0000000000000000000 ) ) ;
#6924 = FACE_OUTER_BOUND ( 'NONE', #7337, .T. ) ;
#6925 = FILL_AREA_STYLE ('',( #1787 ) ) ;
#6926 = PRESENTATION_LAYER_ASSIGNMENT (  '', '', ( #717 ) ) ;
#6927 = CARTESIAN_POINT ( 'NONE',  ( 2.220000000000000195, -0.9499999999999999556, 2.130000000000000782 ) ) ;
#6928 = ORIENTED_EDGE ( 'NONE', *, *, #4994, .T. ) ;
#6929 = CARTESIAN_POINT ( 'NONE',  ( -4.571689809338427501, -4.345000000000001528, 7.774192857797750378 ) ) ;
#6930 = EDGE_CURVE ( 'NONE', #92, #4461, #1027, .T. ) ;
#6931 = CARTESIAN_POINT ( 'NONE',  ( -3.243704803021725702, -4.344999999999999751, 8.429233843511473978 ) ) ;
#6932 = ORIENTED_EDGE ( 'NONE', *, *, #7193, .T. ) ;
#6933 = FILL_AREA_STYLE ('',( #4371 ) ) ;
#6934 = VERTEX_POINT ( 'NONE', #1657 ) ;
#6935 = AXIS2_PLACEMENT_3D ( 'NONE', #33, #2515, #3127 ) ;
#6936 = CARTESIAN_POINT ( 'NONE',  ( -4.304999999999999716, -3.645000000000000018, 1.239999999999999991 ) ) ;
#6937 =( BOUNDED_SURFACE ( )  B_SPLINE_SURFACE ( 3, 1, ( 
 ( #3944, #736 ),
 ( #5992, #7850 ),
 ( #3488, #2664 ),
 ( #4751, #184 ) ),
 .UNSPECIFIED., .F., .F., .F. ) 
 B_SPLINE_SURFACE_WITH_KNOTS ( ( 4, 4 ),
 ( 2, 2 ),
 ( 0.0000000000000000000, 1.000000000000000000 ),
 ( 0.0000000000000000000, 1.000000000000000000 ),
 .UNSPECIFIED. ) 
 GEOMETRIC_REPRESENTATION_ITEM ( )  RATIONAL_B_SPLINE_SURFACE ( (
 ( 1.000000000000000000, 1.000000000000000000),
 ( 0.5972289350732999935, 0.5972289350732999935),
 ( 0.5972289350732999935, 0.5972289350732999935),
 ( 1.000000000000000000, 1.000000000000000000) ) ) 
 REPRESENTATION_ITEM ( '' )  SURFACE ( )  );
#6938 = FILL_AREA_STYLE_COLOUR ( '', #4788 ) ;
#6939 = CARTESIAN_POINT ( 'NONE',  ( -3.125797326398365605, -4.344999999999999751, 8.643326422863202296 ) ) ;
#6940 = PLANE ( 'NONE',  #1207 ) ;
#6941 = SURFACE_STYLE_FILL_AREA ( #1715 ) ;
#6942 = EDGE_CURVE ( 'NONE', #4929, #1250, #6840, .T. ) ;
#6943 = EDGE_CURVE ( 'NONE', #918, #7010, #2128, .T. ) ;
#6944 = DIRECTION ( 'NONE',  ( -0.9284766908852591927, 0.0000000000000000000, 0.3713906763541041101 ) ) ;
#6945 = ORIENTED_EDGE ( 'NONE', *, *, #5970, .T. ) ;
#6946 = CARTESIAN_POINT ( 'NONE',  ( -4.751284746392126834, -4.445000000000001172, 7.979349097933697621 ) ) ;
#6947 = EDGE_LOOP ( 'NONE', ( #7565, #7986, #7255, #4402 ) ) ;
#6948 = PRESENTATION_STYLE_ASSIGNMENT (( #7673 ) ) ;
#6949 = DIRECTION ( 'NONE',  ( -0.7071067811865470176, 0.0000000000000000000, 0.7071067811865480168 ) ) ;
#6950 = EDGE_CURVE ( 'NONE', #3863, #4421, #6873, .T. ) ;
#6951 = ORIENTED_EDGE ( 'NONE', *, *, #757, .T. ) ;
#6952 = DIRECTION ( 'NONE',  ( 0.0000000000000000000, -1.000000000000000000, 0.0000000000000000000 ) ) ;
#6953 = CARTESIAN_POINT ( 'NONE',  ( -0.4249999999999999889, -3.645000000000000018, 0.8499999999999999778 ) ) ;
#6954 = PLANE ( 'NONE',  #2513 ) ;
#6955 = CARTESIAN_POINT ( 'NONE',  ( 5.155000000000000249, -3.645000000000000018, 1.629999999999999893 ) ) ;
#6956 = CARTESIAN_POINT ( 'NONE',  ( 6.570000000000000284, -1.649999999999999911, 3.720000000000000195 ) ) ;
#6957 = ADVANCED_FACE ( 'NONE', ( #5545 ), #3645, .T. ) ;
#6958 =( GEOMETRIC_REPRESENTATION_CONTEXT ( 3 ) GLOBAL_UNCERTAINTY_ASSIGNED_CONTEXT ( ( #569 ) ) GLOBAL_UNIT_ASSIGNED_CONTEXT ( ( #7690, #618, #2551 ) ) REPRESENTATION_CONTEXT ( 'NONE', 'WORKASPACE' ) );
#6959 = COLOUR_RGB ( '',0.1019607843137254888, 0.1019607843137254888, 0.1019607843137254888 ) ;
#6960 = VERTEX_POINT ( 'NONE', #4946 ) ;
#6961 = SURFACE_STYLE_USAGE ( .BOTH. , #3124 ) ;
#6962 = SURFACE_STYLE_FILL_AREA ( #8362 ) ;
#6963 = CARTESIAN_POINT ( 'NONE',  ( 0.3200000000000000067, -1.590000000000000080, 3.720000000000000195 ) ) ;
#6964 = ORIENTED_EDGE ( 'NONE', *, *, #6094, .T. ) ;
#6965 = ORIENTED_EDGE ( 'NONE', *, *, #7569, .F. ) ;
#6966 = AXIS2_PLACEMENT_3D ( 'NONE', #7327, #4793, #7369 ) ;
#6967 = CARTESIAN_POINT ( 'NONE',  ( 6.570000000000000284, -1.649999999999999911, 3.720000000000000195 ) ) ;
#6968 = PRESENTATION_STYLE_ASSIGNMENT (( #1699 ) ) ;
#6969 = DIRECTION ( 'NONE',  ( 0.7071067811865480168, 0.0000000000000000000, -0.7071067811865470176 ) ) ;
#6970 = FACE_OUTER_BOUND ( 'NONE', #4221, .T. ) ;
#6971 = ORIENTED_EDGE ( 'NONE', *, *, #4463, .T. ) ;
#6972 = CARTESIAN_POINT ( 'NONE',  ( -4.404966989186255510, -4.445000000000000284, 7.573525126230491900 ) ) ;
#6973 = CARTESIAN_POINT ( 'NONE',  ( -3.356294156193900147, -4.445000000000562501, 8.454165922984763881 ) ) ;
#6974 = ORIENTED_EDGE ( 'NONE', *, *, #308, .T. ) ;
#6975 = ORIENTED_EDGE ( 'NONE', *, *, #5822, .F. ) ;
#6976 = DIRECTION ( 'NONE',  ( -1.000000000000000000, 0.0000000000000000000, 0.0000000000000000000 ) ) ;
#6977 = EDGE_CURVE ( 'NONE', #8159, #2434, #1746, .T. ) ;
#6978 = PRESENTATION_LAYER_ASSIGNMENT (  '', '', ( #6983 ) ) ;
#6979 = LINE ( 'NONE', #563, #3860 ) ;
#6980 = SURFACE_STYLE_USAGE ( .BOTH. , #6438 ) ;
#6981 = DIRECTION ( 'NONE',  ( 0.0000000000000000000, 1.000000000000000000, 0.0000000000000000000 ) ) ;
#6982 =( NAMED_UNIT ( * ) SI_UNIT ( $, .STERADIAN. ) SOLID_ANGLE_UNIT ( ) );
#6984 = VERTEX_POINT ( 'NONE', #5760 ) ;
#6983 = STYLED_ITEM ( 'NONE', ( #3672 ), #4840 ) ;
#6985 = CARTESIAN_POINT ( 'NONE',  ( -4.571689809338427501, -4.445000000000002061, 7.774192857797750378 ) ) ;
#6986 = UNCERTAINTY_MEASURE_WITH_UNIT (LENGTH_MEASURE( 1.000000000000000082E-05 ), #3267, 'distance_accuracy_value', 'NONE');
#6987 = EDGE_LOOP ( 'NONE', ( #3593, #2831, #4142, #4211 ) ) ;
#6988 = ADVANCED_FACE ( 'NONE', ( #6460 ), #5840, .T. ) ;
#6989 = PLANE ( 'NONE',  #5489 ) ;
#6990 = PRESENTATION_STYLE_ASSIGNMENT (( #5047 ) ) ;
#6991 = VECTOR ( 'NONE', #6099, 1000.000000000000000 ) ;
#6992 = CARTESIAN_POINT ( 'NONE',  ( -0.1200000000000000094, 0.9461600000000000010, 8.959999999999999076 ) ) ;
#6993 = VERTEX_POINT ( 'NONE', #3170 ) ;
#6994 = B_SPLINE_CURVE_WITH_KNOTS ( 'NONE', 1,
 ( #7695, #5063 ),
 .UNSPECIFIED., .F., .F.,
 ( 2, 2 ),
 ( 0.0009881553119099998912, 0.001562611576560000038 ),
 .UNSPECIFIED. ) ;
#6995 = CARTESIAN_POINT ( 'NONE',  ( -4.305000000000002380, -2.794999999999999485, 1.669000000000000483 ) ) ;
#6996 = PRESENTATION_LAYER_ASSIGNMENT (  '', '', ( #6569 ) ) ;
#6997 = B_SPLINE_CURVE_WITH_KNOTS ( 'NONE', 1,
 ( #4595, #7152 ),
 .UNSPECIFIED., .F., .F.,
 ( 2, 2 ),
 ( 0.003299999999999999982, 0.007609999999999999577 ),
 .UNSPECIFIED. ) ;
#6998 = UNCERTAINTY_MEASURE_WITH_UNIT (LENGTH_MEASURE( 1.000000000000000082E-05 ), #204, 'distance_accuracy_value', 'NONE');
#6999 = EDGE_CURVE ( 'NONE', #5451, #3559, #8330, .T. ) ;
#7000 = EDGE_CURVE ( 'NONE', #7032, #3691, #4406, .T. ) ;
#7001 = LINE ( 'NONE', #5904, #5408 ) ;
#7002 = SURFACE_STYLE_USAGE ( .BOTH. , #3200 ) ;
#7003 = CARTESIAN_POINT ( 'NONE',  ( -3.181428076926640092, -4.344999999999998863, 8.317400743885405845 ) ) ;
#7004 = AXIS2_PLACEMENT_3D ( 'NONE', #6622, #3394, #1529 ) ;
#7005 = ORIENTED_EDGE ( 'NONE', *, *, #1171, .F. ) ;
#7006 = CARTESIAN_POINT ( 'NONE',  ( 0.0000000000000000000, -1.402539194427200098, -1.330000000000000071 ) ) ;
#7007 = CARTESIAN_POINT ( 'NONE',  ( -3.289413645302794453, -4.344999999999998863, 8.445492201072852367 ) ) ;
#7008 = DIRECTION ( 'NONE',  ( -0.4682379421518986784, 0.4682379421518989560, 0.7493373466328167032 ) ) ;
#7009 = ORIENTED_EDGE ( 'NONE', *, *, #317, .T. ) ;
#7010 = VERTEX_POINT ( 'NONE', #2518 ) ;
#7011 = STYLED_ITEM ( 'NONE', ( #8053 ), #6341 ) ;
#7012 = EDGE_CURVE ( 'NONE', #4695, #5043, #4748, .T. ) ;
#7013 = SURFACE_SIDE_STYLE ('',( #3880 ) ) ;
#7014 = DIRECTION ( 'NONE',  ( 1.000000000000000000, 0.0000000000000000000, 0.0000000000000000000 ) ) ;
#7015 = CARTESIAN_POINT ( 'NONE',  ( -0.8199999999999999512, 0.4500000000000000111, 1.629999999999999893 ) ) ;
#7016 = ORIENTED_EDGE ( 'NONE', *, *, #1371, .T. ) ;
#7017 = PRESENTATION_LAYER_ASSIGNMENT (  '', '', ( #6592 ) ) ;
#7018 = FILL_AREA_STYLE_COLOUR ( '', #3874 ) ;
#7019 = ORIENTED_EDGE ( 'NONE', *, *, #7402, .F. ) ;
#7020 = ORIENTED_EDGE ( 'NONE', *, *, #7074, .T. ) ;
#7021 = LINE ( 'NONE', #1284, #3960 ) ;
#7022 = AXIS2_PLACEMENT_3D ( 'NONE', #3358, #2040, #5941 ) ;
#7023 = FILL_AREA_STYLE_COLOUR ( '', #6872 ) ;
#7024 = FILL_AREA_STYLE_COLOUR ( '', #1454 ) ;
#7025 = FACE_BOUND ( 'NONE', #4442, .T. ) ;
#7026 = ORIENTED_EDGE ( 'NONE', *, *, #3709, .F. ) ;
#7027 = DIRECTION ( 'NONE',  ( 0.0000000000000000000, 1.000000000000000000, 0.0000000000000000000 ) ) ;
#7028 = ORIENTED_EDGE ( 'NONE', *, *, #6286, .F. ) ;
#7029 = B_SPLINE_CURVE_WITH_KNOTS ( 'NONE', 1,
 ( #6644, #5440 ),
 .UNSPECIFIED., .F., .F.,
 ( 2, 2 ),
 ( 0.001280000000000000105, 0.001920000000000000049 ),
 .UNSPECIFIED. ) ;
#7030 = SURFACE_SIDE_STYLE ('',( #944 ) ) ;
#7031 = CARTESIAN_POINT ( 'NONE',  ( -1.719999999999999973, -0.4500000000000000111, 1.629999999999999893 ) ) ;
#7032 = VERTEX_POINT ( 'NONE', #5115 ) ;
#7033 = PLANE ( 'NONE',  #6317 ) ;
#7034 = ADVANCED_FACE ( 'NONE', ( #7087 ), #624, .T. ) ;
#7035 = SURFACE_SIDE_STYLE ('',( #4430 ) ) ;
#7036 = SURFACE_STYLE_USAGE ( .BOTH. , #3196 ) ;
#7037 = CARTESIAN_POINT ( 'NONE',  ( 4.304999999999999716, 3.645000000000000018, 1.239999999999999991 ) ) ;
#7038 = CARTESIAN_POINT ( 'NONE',  ( -2.220000000000000195, -1.590000000000000080, 3.720000000000000195 ) ) ;
#7039 = FILL_AREA_STYLE_COLOUR ( '', #3229 ) ;
#7040 = B_SPLINE_SURFACE_WITH_KNOTS ( 'NONE', 3, 1, ( 
 ( #2085, #3321 ),
 ( #2168, #5903 ),
 ( #3988, #4113 ),
 ( #5267, #2621 ),
 ( #5948, #4678 ),
 ( #144, #4714 ),
 ( #2707, #815 ),
 ( #7281, #2790 ),
 ( #1502, #859 ),
 ( #7238, #5227 ),
 ( #6031, #6681 ) ),
 .UNSPECIFIED., .F., .F., .F.,
 ( 4, 1, 1, 1, 1, 1, 1, 1, 4 ),
 ( 2, 2 ),
 ( 0.0000000000000000000, 0.1354037467141837037, 0.2622251654516468133, 0.3858490677562568805, 0.5108573636088568071, 0.6349774647635280100, 0.7532990766584827247, 0.8739320409395671119, 1.000000000000000000 ),
 ( 0.0000000000000000000, 1.000000000000000000 ),
 .UNSPECIFIED. ) ;
#7041 = ORIENTED_EDGE ( 'NONE', *, *, #8332, .F. ) ;
#7042 = CARTESIAN_POINT ( 'NONE',  ( -5.154999999999995808, -4.495000000000000107, 1.630000000000000338 ) ) ;
#7043 = ADVANCED_FACE ( 'NONE', ( #6970 ), #4522, .T. ) ;
#7044 = EDGE_CURVE ( 'NONE', #262, #3409, #3218, .T. ) ;
#7045 = ORIENTED_EDGE ( 'NONE', *, *, #7460, .F. ) ;
#7046 = PLANE ( 'NONE',  #1817 ) ;
#7047 =( NAMED_UNIT ( * ) SI_UNIT ( $, .STERADIAN. ) SOLID_ANGLE_UNIT ( ) );
#7048 = CARTESIAN_POINT ( 'NONE',  ( -0.3200000000000000067, 0.9499999999999999556, 2.129999999999999893 ) ) ;
#7049 = DIRECTION ( 'NONE',  ( 1.000000000000000000, 0.0000000000000000000, 0.0000000000000000000 ) ) ;
#7050 = ORIENTED_EDGE ( 'NONE', *, *, #1624, .T. ) ;
#7051 = PRESENTATION_STYLE_ASSIGNMENT (( #5157 ) ) ;
#7052 = AXIS2_PLACEMENT_3D ( 'NONE', #896, #2745, #4784 ) ;
#7053 = EDGE_CURVE ( 'NONE', #7138, #4341, #3041, .T. ) ;
#7054 = PLANE ( 'NONE',  #1314 ) ;
#7055 = ORIENTED_EDGE ( 'NONE', *, *, #8083, .F. ) ;
#7056 = EDGE_LOOP ( 'NONE', ( #5036, #6582, #221, #6759 ) ) ;
#7057 = CARTESIAN_POINT ( 'NONE',  ( -0.3200000000000000067, -1.590000000000000080, 8.460000000000000853 ) ) ;
#7058 = CARTESIAN_POINT ( 'NONE',  ( -3.360000000000000320, 0.4500000000000000111, 1.629999999999999893 ) ) ;
#7059 = CARTESIAN_POINT ( 'NONE',  ( -4.468393324555852253, -4.345000000000001528, 7.586172390093357087 ) ) ;
#7060 = CARTESIAN_POINT ( 'NONE',  ( -3.196632843240733379, -4.445000000000001172, 8.383972466898629960 ) ) ;
#7061 = FILL_AREA_STYLE_COLOUR ( '', #2846 ) ;
#7062 = B_SPLINE_CURVE_WITH_KNOTS ( 'NONE', 1,
 ( #5861, #59 ),
 .UNSPECIFIED., .F., .F.,
 ( 2, 2 ),
 ( 0.009180000000000000659, 0.01081999999999999976 ),
 .UNSPECIFIED. ) ;
#7063 = AXIS2_PLACEMENT_3D ( 'NONE', #4841, #6687, #7328 ) ;
#7064 = ORIENTED_EDGE ( 'NONE', *, *, #8199, .T. ) ;
#7065 = CARTESIAN_POINT ( 'NONE',  ( -2.944516114896728709, -4.344999999999999751, 8.284370256038839031 ) ) ;
#7066 = UNCERTAINTY_MEASURE_WITH_UNIT (LENGTH_MEASURE( 1.000000000000000082E-05 ), #5320, 'distance_accuracy_value', 'NONE');
#7067 = CARTESIAN_POINT ( 'NONE',  ( 0.3200000000000000067, 1.590000000000000080, 8.460000000000000853 ) ) ;
#7068 = CARTESIAN_POINT ( 'NONE',  ( -4.002266895455593776, -4.444999999999999396, 7.665208616235018368 ) ) ;
#7069 = FILL_AREA_STYLE ('',( #4923 ) ) ;
#7070 = PRESENTATION_STYLE_ASSIGNMENT (( #4540 ) ) ;
#7071 =( LENGTH_UNIT ( ) NAMED_UNIT ( * ) SI_UNIT ( .MILLI., .METRE. ) );
#7072 = CARTESIAN_POINT ( 'NONE',  ( -0.3200000000000000067, 1.590000000000000080, 2.130000000000001226 ) ) ;
#7073 = PRESENTATION_STYLE_ASSIGNMENT (( #1926 ) ) ;
#7074 = EDGE_CURVE ( 'NONE', #8209, #3468, #3088, .T. ) ;
#7075 = LINE ( 'NONE', #24, #5204 ) ;
#7076 = CARTESIAN_POINT ( 'NONE',  ( -4.359661511949204815, -4.344999999999997975, 7.337139166065171025 ) ) ;
#7077 = ORIENTED_EDGE ( 'NONE', *, *, #6061, .T. ) ;
#7078 = PLANE ( 'NONE',  #3049 ) ;
#7079 = CARTESIAN_POINT ( 'NONE',  ( -3.356294156193900147, -4.345000000000000639, 8.454165922984763881 ) ) ;
#7080 = CARTESIAN_POINT ( 'NONE',  ( 1.719999999999999973, -0.4500000000000000111, 1.629999999999999893 ) ) ;
#7081 = CARTESIAN_POINT ( 'NONE',  ( -4.276706257159568203, -4.444999999999999396, 8.150775090787442778 ) ) ;
#7082 = ORIENTED_EDGE ( 'NONE', *, *, #3752, .T. ) ;
#7083 = CARTESIAN_POINT ( 'NONE',  ( -3.243704803021725702, -4.445000000000000284, 8.429233843511473978 ) ) ;
#7084 = CARTESIAN_POINT ( 'NONE',  ( -5.154999999999997584, -4.495000000000000107, 1.201000000000000512 ) ) ;
#7085 = EDGE_CURVE ( 'NONE', #3710, #2301, #6762, .T. ) ;
#7086 = CARTESIAN_POINT ( 'NONE',  ( -5.048124388138708341, -4.344999999999999751, 6.968253446624994574 ) ) ;
#7087 = FACE_OUTER_BOUND ( 'NONE', #447, .T. ) ;
#7088 = ORIENTED_EDGE ( 'NONE', *, *, #5869, .T. ) ;
#7089 = CARTESIAN_POINT ( 'NONE',  ( 2.220000000000000195, -0.9499999999999999556, 8.460000000000000853 ) ) ;
#7090 = SURFACE_STYLE_FILL_AREA ( #7781 ) ;
#7091 = B_SPLINE_CURVE_WITH_KNOTS ( 'NONE', 1,
 ( #7976, #6004 ),
 .UNSPECIFIED., .F., .F.,
 ( 2, 2 ),
 ( -0.1316872427983538929, 0.0000000000000000000 ),
 .UNSPECIFIED. ) ;
#7092 = ORIENTED_EDGE ( 'NONE', *, *, #5444, .F. ) ;
#7093 = STYLED_ITEM ( 'NONE', ( #5952 ), #3815 ) ;
#7094 = AXIS2_PLACEMENT_3D ( 'NONE', #7903, #2840, #4127 ) ;
#7095 = ORIENTED_EDGE ( 'NONE', *, *, #791, .F. ) ;
#7096 = CARTESIAN_POINT ( 'NONE',  ( 2.407460805572801732, 0.0000000000000000000, -1.330000000000000071 ) ) ;
#7097 = EDGE_CURVE ( 'NONE', #6252, #6440, #4449, .T. ) ;
#7098 = EDGE_CURVE ( 'NONE', #3459, #2555, #4359, .T. ) ;
#7099 = DIRECTION ( 'NONE',  ( -0.4682379421518991780, 0.4682379421518995666, 0.7493373466328160371 ) ) ;
#7100 = CARTESIAN_POINT ( 'NONE',  ( -4.437319977655081793, -4.445000000000000284, 7.575487456668161812 ) ) ;
#7101 = STYLED_ITEM ( 'NONE', ( #3994 ), #4089 ) ;
#7102 = B_SPLINE_SURFACE_WITH_KNOTS ( 'NONE', 3, 1, ( 
 ( #7734, #4082 ),
 ( #77, #7979 ),
 ( #6045, #754 ),
 ( #1351, #5876 ),
 ( #6568, #4691 ),
 ( #1470, #2181 ),
 ( #2103, #709 ),
 ( #7295, #3339 ),
 ( #2768, #5920 ),
 ( #3919, #3463 ),
 ( #6499, #2018 ),
 ( #5360, #5278 ),
 ( #1518, #196 ),
 ( #828, #5405 ),
 ( #7254, #6612 ),
 ( #3296, #2639 ),
 ( #5318, #5243 ),
 ( #158, #237 ),
 ( #3383, #7862 ) ),
 .UNSPECIFIED., .F., .F., .F.,
 ( 4, 1, 1, 1, 1, 1, 1, 1, 1, 1, 1, 1, 1, 1, 1, 1, 4 ),
 ( 2, 2 ),
 ( 0.0000000000000000000, 0.06648593787487708240, 0.1307356009388765117, 0.1932868395043459142, 0.2552914267067072918, 0.3165376028954668408, 0.3788667103911639855, 0.4418772064706723568, 0.5071174914664500211, 0.5722713919203370470, 0.6354271335389657382, 0.6968172524575662052, 0.7573566333814834017, 0.8172651168318797454, 0.8771342994595145992, 0.9380198203164548110, 1.000000000000000000 ),
 ( 0.0000000000000000000, 1.000000000000000000 ),
 .UNSPECIFIED. ) ;
#7103 = CARTESIAN_POINT ( 'NONE',  ( -4.819999999999999396, 4.445000000000000284, 10.51999999999999957 ) ) ;
#7104 = ORIENTED_EDGE ( 'NONE', *, *, #8093, .T. ) ;
#7105 = AXIS2_PLACEMENT_3D ( 'NONE', #674, #7738, #794 ) ;
#7106 = ADVANCED_FACE ( 'NONE', ( #2558 ), #7102, .T. ) ;
#7107 = FILL_AREA_STYLE ('',( #2610 ) ) ;
#7108 = CARTESIAN_POINT ( 'NONE',  ( -4.304999999999999716, 3.645000000000000018, 1.629999999999999893 ) ) ;
#7109 = CARTESIAN_POINT ( 'NONE',  ( -4.209575112822709464, -4.445000000000000284, 7.382532799965025205 ) ) ;
#7110 = AXIS2_PLACEMENT_3D ( 'NONE', #8197, #7516, #3125 ) ;
#7111 =( NAMED_UNIT ( * ) SI_UNIT ( $, .STERADIAN. ) SOLID_ANGLE_UNIT ( ) );
#7112 = FILL_AREA_STYLE ('',( #1335 ) ) ;
#7113 = CARTESIAN_POINT ( 'NONE',  ( 4.305000000000002380, 4.495000000000000107, 0.8499999999999999778 ) ) ;
#7114 = LINE ( 'NONE', #2002, #9 ) ;
#7115 = EDGE_LOOP ( 'NONE', ( #1980, #1497, #6058, #4410 ) ) ;
#7116 = VECTOR ( 'NONE', #1119, 1000.000000000000114 ) ;
#7117 = DIRECTION ( 'NONE',  ( 0.0000000000000000000, 0.0000000000000000000, -1.000000000000000000 ) ) ;
#7118 =( NAMED_UNIT ( * ) SI_UNIT ( $, .STERADIAN. ) SOLID_ANGLE_UNIT ( ) );
#7119 = CARTESIAN_POINT ( 'NONE',  ( -4.380745640190160550, -4.445000000000000284, 8.166788923234291175 ) ) ;
#7120 = VERTEX_POINT ( 'NONE', #2679 ) ;
#7121 = B_SPLINE_CURVE_WITH_KNOTS ( 'NONE', 3,
 ( #4210, #3758, #1682, #2379, #6823, #4884, #3067, #2979, #8106, #1137, #4350 ),
 .UNSPECIFIED., .F., .F.,
 ( 4, 1, 1, 1, 1, 1, 1, 1, 4 ),
 ( 0.0000000000000000000, 0.1211522424913111379, 0.2376005895733856732, 0.3560524880869204711, 0.4805249744886022079, 0.6076386115432800272, 0.7334299283789929014, 0.8621816073824741800, 1.000000000000000000 ),
 .UNSPECIFIED. ) ;
#7122 = CARTESIAN_POINT ( 'NONE',  ( -3.356294156193900147, -4.445000000000001172, 8.454165922984763881 ) ) ;
#7123 = CARTESIAN_POINT ( 'NONE',  ( -4.305000000000002380, -4.495000000000000107, 1.669000000000000483 ) ) ;
#7124 = AXIS2_PLACEMENT_3D ( 'NONE', #3134, #3647, #2995 ) ;
#7125 = VERTEX_POINT ( 'NONE', #6651 ) ;
#7126 = CARTESIAN_POINT ( 'NONE',  ( -0.3200000000000000067, -1.590000000000000080, 8.460000000000000853 ) ) ;
#7127 = CARTESIAN_POINT ( 'NONE',  ( 2.860000000000000320, 0.9500000000000000666, 3.720000000000000639 ) ) ;
#7128 = VECTOR ( 'NONE', #3157, 1000.000000000000000 ) ;
#7129 = ORIENTED_EDGE ( 'NONE', *, *, #848, .T. ) ;
#7130 = ORIENTED_EDGE ( 'NONE', *, *, #127, .T. ) ;
#7131 = DIRECTION ( 'NONE',  ( 0.8480480961564261788, -0.0000000000000000000, 0.5299192642332045677 ) ) ;
#7132 =( NAMED_UNIT ( * ) PLANE_ANGLE_UNIT ( ) SI_UNIT ( $, .RADIAN. ) );
#7133 = AXIS2_PLACEMENT_3D ( 'NONE', #5294, #137, #4668 ) ;
#7134 = CARTESIAN_POINT ( 'NONE',  ( -4.571598379890851049, -4.445000000000001172, 7.748633555038968446 ) ) ;
#7135 = CARTESIAN_POINT ( 'NONE',  ( -3.181428076926640092, -4.344999999999998863, 8.317400743885405845 ) ) ;
#7136 = ADVANCED_FACE ( 'NONE', ( #2058 ), #7163, .T. ) ;
#7137 = EDGE_CURVE ( 'NONE', #5246, #7332, #1554, .T. ) ;
#7138 = VERTEX_POINT ( 'NONE', #318 ) ;
#7139 = CARTESIAN_POINT ( 'NONE',  ( -4.439450827987945658, -4.445000000000000284, 7.945110233267233646 ) ) ;
#7140 = AXIS2_PLACEMENT_3D ( 'NONE', #217, #7885, #981 ) ;
#7141 = CARTESIAN_POINT ( 'NONE',  ( 5.154999999999997584, 4.495000000000000107, 1.201000000000000512 ) ) ;
#7142 = CARTESIAN_POINT ( 'NONE',  ( -2.860000000000000320, -0.9499999999999999556, 2.130000000000001226 ) ) ;
#7143 = CARTESIAN_POINT ( 'NONE',  ( 0.0000000000000000000, 1.402539194427198543, -1.330000000000000071 ) ) ;
#7144 = DIRECTION ( 'NONE',  ( -0.4682379421519009544, 0.4682379421519014540, -0.7493373466328137056 ) ) ;
#7145 = CARTESIAN_POINT ( 'NONE',  ( -3.246372422656736312, -4.344999999999999751, 8.205117178658710486 ) ) ;
#7146 = EDGE_CURVE ( 'NONE', #5462, #924, #3585, .T. ) ;
#7147 = CARTESIAN_POINT ( 'NONE',  ( -3.243704803021725702, -4.344999999999999751, 8.429233843511473978 ) ) ;
#7148 = CARTESIAN_POINT ( 'NONE',  ( 4.305000000000002380, 4.495000000000000107, 1.669000000000000483 ) ) ;
#7149 = ORIENTED_EDGE ( 'NONE', *, *, #3315, .F. ) ;
#7150 =( NAMED_UNIT ( * ) SI_UNIT ( $, .STERADIAN. ) SOLID_ANGLE_UNIT ( ) );
#7151 = LINE ( 'NONE', #5747, #2688 ) ;
#7152 = CARTESIAN_POINT ( 'NONE',  ( 6.570000000000000284, -1.649999999999999911, 3.720000000000000195 ) ) ;
#7153 = PRESENTATION_STYLE_ASSIGNMENT (( #4596 ) ) ;
#7154 = ORIENTED_EDGE ( 'NONE', *, *, #4880, .F. ) ;
#7155 = SURFACE_STYLE_FILL_AREA ( #3875 ) ;
#7156 =( LENGTH_UNIT ( ) NAMED_UNIT ( * ) SI_UNIT ( .MILLI., .METRE. ) );
#7157 = B_SPLINE_CURVE_WITH_KNOTS ( 'NONE', 1,
 ( #7978, #5317 ),
 .UNSPECIFIED., .F., .F.,
 ( 2, 2 ),
 ( -0.01249499999999999916, -0.009700000000000000289 ),
 .UNSPECIFIED. ) ;
#7158 = CARTESIAN_POINT ( 'NONE',  ( -0.8199999999999999512, 0.4500000000000000111, 1.629999999999999893 ) ) ;
#7159 = ORIENTED_EDGE ( 'NONE', *, *, #5668, .T. ) ;
#7160 = CARTESIAN_POINT ( 'NONE',  ( -5.580000000000000071, 4.445000000000000284, 10.51999999999999957 ) ) ;
#7161 = CARTESIAN_POINT ( 'NONE',  ( -3.265628087343627861, -4.444999999999999396, 8.196544063072220609 ) ) ;
#7162 = CARTESIAN_POINT ( 'NONE',  ( -2.219999999999999751, 1.589999999999999858, 3.719999999999999751 ) ) ;
#7163 = PLANE ( 'NONE',  #3243 ) ;
#7164 = ORIENTED_EDGE ( 'NONE', *, *, #202, .F. ) ;
#7165 = CARTESIAN_POINT ( 'NONE',  ( 2.860000000000000320, -1.590000000000000080, 8.460000000000000853 ) ) ;
#7166 = VERTEX_POINT ( 'NONE', #7464 ) ;
#7167 = ORIENTED_EDGE ( 'NONE', *, *, #1463, .F. ) ;
#7168 = PRESENTATION_STYLE_ASSIGNMENT (( #3178 ) ) ;
#7169 = B_SPLINE_CURVE_WITH_KNOTS ( 'NONE', 1,
 ( #2351, #4942 ),
 .UNSPECIFIED., .F., .F.,
 ( 2, 2 ),
 ( -1.000000000000000000, 0.0000000000000000000 ),
 .UNSPECIFIED. ) ;
#7170 = ADVANCED_FACE ( 'NONE', ( #2264 ), #1433, .T. ) ;
#7171 = CARTESIAN_POINT ( 'NONE',  ( -4.259969854801398448, -4.344999999999998863, 7.866254203297503800 ) ) ;
#7172 = CARTESIAN_POINT ( 'NONE',  ( -2.953923300910690219, -4.344999999999997087, 8.222189719021848475 ) ) ;
#7173 = CARTESIAN_POINT ( 'NONE',  ( -3.185017905113347592, -4.344999999999997975, 8.352969147003342698 ) ) ;
#7174 = ORIENTED_EDGE ( 'NONE', *, *, #3435, .F. ) ;
#7175 = STYLED_ITEM ( 'NONE', ( #2758 ), #638 ) ;
#7176 = CARTESIAN_POINT ( 'NONE',  ( 0.4249999999999999889, -3.645000000000000018, 1.239999999999999991 ) ) ;
#7177 = EDGE_CURVE ( 'NONE', #6777, #2663, #3764, .T. ) ;
#7178 = EDGE_CURVE ( 'NONE', #588, #4087, #6078, .T. ) ;
#7179 = CARTESIAN_POINT ( 'NONE',  ( -3.228988202880653802, -4.445000000000002061, 8.420480326844961283 ) ) ;
#7180 = MECHANICAL_DESIGN_GEOMETRIC_PRESENTATION_REPRESENTATION (  '', ( #6407 ), #852 ) ;
#7181 = CARTESIAN_POINT ( 'NONE',  ( -4.319749269075471076, -4.445000000000001172, 7.342739526645499559 ) ) ;
#7182 = CARTESIAN_POINT ( 'NONE',  ( -3.215521536564529992, -4.344999999999999751, 8.227575040600877188 ) ) ;
#7183 = DIRECTION ( 'NONE',  ( -1.000000000000000000, 0.0000000000000000000, 0.0000000000000000000 ) ) ;
#7184 = FACE_OUTER_BOUND ( 'NONE', #1217, .T. ) ;
#7185 = CARTESIAN_POINT ( 'NONE',  ( -3.441040517944826238, -4.444999999999999396, 7.946716535422598149 ) ) ;
#7186 = PLANE ( 'NONE',  #2777 ) ;
#7187 = ORIENTED_EDGE ( 'NONE', *, *, #7557, .F. ) ;
#7188 = B_SPLINE_CURVE_WITH_KNOTS ( 'NONE', 1,
 ( #7248, #5480 ),
 .UNSPECIFIED., .F., .F.,
 ( 2, 2 ),
 ( -0.1316872427983538929, 0.0000000000000000000 ),
 .UNSPECIFIED. ) ;
#7189 = CARTESIAN_POINT ( 'NONE',  ( 2.660000000000000142, -1.149999999999999911, 8.959999999999999076 ) ) ;
#7190 = CARTESIAN_POINT ( 'NONE',  ( 0.1200000000000000094, -1.389999999999999902, 8.959999999999999076 ) ) ;
#7191 = EDGE_CURVE ( 'NONE', #6230, #676, #309, .T. ) ;
#7192 = LINE ( 'NONE', #902, #4682 ) ;
#7193 = EDGE_CURVE ( 'NONE', #1223, #325, #5264, .T. ) ;
#7194 = CARTESIAN_POINT ( 'NONE',  ( -4.041364886809619250, -4.344999999999998863, 7.552709405457360248 ) ) ;
#7195 = CARTESIAN_POINT ( 'NONE',  ( -2.419999999999999929, 1.389999999999999902, 8.800000000000000711 ) ) ;
#7196 =( BOUNDED_SURFACE ( )  B_SPLINE_SURFACE ( 3, 1, ( 
 ( #244, #7951, #2065 ),
 ( #838, #7870, #7302 ),
 ( #163, #4008, #4736 ),
 ( #7261, #1524, #4137 ),
 ( #8026, #7988, #4092 ),
 ( #5413, #2187, #878 ),
 ( #4767, #7343, #6700 ) ),
 .UNSPECIFIED., .T., .F., .F. ) 
 B_SPLINE_SURFACE_WITH_KNOTS ( ( 4, 3, 4 ),
 ( 2, 1, 2 ),
 ( 0.0000000000000000000, 0.5000000000000000000, 1.000000000000000000 ),
 ( -0.7500000000000000000, 0.0000000000000000000, 1.000000000000000000 ),
 .UNSPECIFIED. ) 
 GEOMETRIC_REPRESENTATION_ITEM ( )  RATIONAL_B_SPLINE_SURFACE ( (
 ( 1.000000000000000000, 1.000000000000000000, 1.000000000000000000),
 ( 0.3333333333333299842, 0.3333333333333299842, 0.3333333333333299842),
 ( 0.3333333333333299842, 0.3333333333333299842, 0.3333333333333299842),
 ( 1.000000000000000000, 1.000000000000000000, 1.000000000000000000),
 ( 0.3333333333333299842, 0.3333333333333299842, 0.3333333333333299842),
 ( 0.3333333333333299842, 0.3333333333333299842, 0.3333333333333299842),
 ( 1.000000000000000000, 1.000000000000000000, 1.000000000000000000) ) ) 
 REPRESENTATION_ITEM ( '' )  SURFACE ( )  );
#7197 = ORIENTED_EDGE ( 'NONE', *, *, #2912, .T. ) ;
#7198 = SURFACE_SIDE_STYLE ('',( #5394 ) ) ;
#7199 = FILL_AREA_STYLE_COLOUR ( '', #6119 ) ;
#7200 = CARTESIAN_POINT ( 'NONE',  ( -0.3200000000000000067, 0.9499999999999999556, 2.129999999999999893 ) ) ;
#7201 = FACE_OUTER_BOUND ( 'NONE', #242, .T. ) ;
#7202 = VERTEX_POINT ( 'NONE', #6514 ) ;
#7203 = CARTESIAN_POINT ( 'NONE',  ( -3.402709210073007640, -4.445000000000000284, 8.184102049307414362 ) ) ;
#7204 = DIRECTION ( 'NONE',  ( 0.0000000000000000000, 0.0000000000000000000, -1.000000000000000000 ) ) ;
#7205 = ADVANCED_FACE ( 'NONE', ( #1861 ), #7688, .T. ) ;
#7206 = SURFACE_STYLE_FILL_AREA ( #4653 ) ;
#7207 =( GEOMETRIC_REPRESENTATION_CONTEXT ( 3 ) GLOBAL_UNCERTAINTY_ASSIGNED_CONTEXT ( ( #4964 ) ) GLOBAL_UNIT_ASSIGNED_CONTEXT ( ( #3242, #5182, #1928 ) ) REPRESENTATION_CONTEXT ( 'NONE', 'WORKASPACE' ) );
#7208 = ORIENTED_EDGE ( 'NONE', *, *, #15, .F. ) ;
#7209 =( LENGTH_UNIT ( ) NAMED_UNIT ( * ) SI_UNIT ( .MILLI., .METRE. ) );
#7210 = FACE_OUTER_BOUND ( 'NONE', #3032, .T. ) ;
#7211 = ORIENTED_EDGE ( 'NONE', *, *, #4225, .F. ) ;
#7212 = EDGE_LOOP ( 'NONE', ( #1467, #3889, #953, #7531 ) ) ;
#7213 = AXIS2_PLACEMENT_3D ( 'NONE', #5645, #5164, #2486 ) ;
#7214 = CARTESIAN_POINT ( 'NONE',  ( -3.181428076926640092, -4.344999999999998863, 8.317400743885405845 ) ) ;
#7215 =( GEOMETRIC_REPRESENTATION_CONTEXT ( 3 ) GLOBAL_UNCERTAINTY_ASSIGNED_CONTEXT ( ( #3363 ) ) GLOBAL_UNIT_ASSIGNED_CONTEXT ( ( #4465, #6283, #528 ) ) REPRESENTATION_CONTEXT ( 'NONE', 'WORKASPACE' ) );
#7216 = B_SPLINE_CURVE_WITH_KNOTS ( 'NONE', 1,
 ( #6919, #3637 ),
 .UNSPECIFIED., .F., .F.,
 ( 2, 2 ),
 ( 0.01426000000000000011, 0.01590000000000000094 ),
 .UNSPECIFIED. ) ;
#7217 = DIRECTION ( 'NONE',  ( -1.000000000000000000, -0.0000000000000000000, -0.0000000000000000000 ) ) ;
#7218 = FACE_OUTER_BOUND ( 'NONE', #1782, .T. ) ;
#7219 = CARTESIAN_POINT ( 'NONE',  ( -3.181636863431398510, -4.344999999999998863, 8.323596802334623845 ) ) ;
#7220 = STYLED_ITEM ( 'NONE', ( #2171 ), #3857 ) ;
#7222 = CARTESIAN_POINT ( 'NONE',  ( -4.232977222225785319, -4.344999999999998863, 7.761415333896089841 ) ) ;
#7221 = VECTOR ( 'NONE', #2517, 1000.000000000000000 ) ;
#7223 = EDGE_LOOP ( 'NONE', ( #886, #3629, #835, #3056 ) ) ;
#7224 = CARTESIAN_POINT ( 'NONE',  ( 0.4249999999999999889, 3.645000000000000018, 1.629999999999999893 ) ) ;
#7225 = FACE_OUTER_BOUND ( 'NONE', #3290, .T. ) ;
#7226 = PRESENTATION_LAYER_ASSIGNMENT (  '', '', ( #87 ) ) ;
#7227 = CARTESIAN_POINT ( 'NONE',  ( 2.860000000000000320, 1.590000000000000080, 2.129999999999999893 ) ) ;
#7228 = DIRECTION ( 'NONE',  ( 0.0000000000000000000, 0.7071067811865480168, -0.7071067811865470176 ) ) ;
#7229 = CARTESIAN_POINT ( 'NONE',  ( -4.400461864319803240, -4.344999999999998863, 7.336078545033910991 ) ) ;
#7230 = CARTESIAN_POINT ( 'NONE',  ( -4.400461864319803240, -4.445000000000000284, 7.336078545033910991 ) ) ;
#7231 = PLANE ( 'NONE',  #7417 ) ;
#7232 = FACE_BOUND ( 'NONE', #6802, .T. ) ;
#7234 = FILL_AREA_STYLE_COLOUR ( '', #5449 ) ;
#7233 = COLOUR_RGB ( '',1.000000000000000000, 1.000000000000000000, 1.000000000000000000 ) ;
#7235 = CARTESIAN_POINT ( 'NONE',  ( -5.154999999999997584, -4.495000000000000107, 1.669000000000000483 ) ) ;
#7236 = EDGE_CURVE ( 'NONE', #2269, #854, #3348, .T. ) ;
#7237 = VERTEX_POINT ( 'NONE', #4436 ) ;
#7238 = CARTESIAN_POINT ( 'NONE',  ( -4.393845282881517100, -4.445000000000000284, 7.946126463083215796 ) ) ;
#7239 =( NAMED_UNIT ( * ) SI_UNIT ( $, .STERADIAN. ) SOLID_ANGLE_UNIT ( ) );
#7240 = SURFACE_SIDE_STYLE ('',( #7894 ) ) ;
#7241 = AXIS2_PLACEMENT_3D ( 'NONE', #3115, #3018, #5617 ) ;
#7242 = CARTESIAN_POINT ( 'NONE',  ( -4.394366695382836419, -4.344999999999999751, 8.167141579221944170 ) ) ;
#7243 =( LENGTH_UNIT ( ) NAMED_UNIT ( * ) SI_UNIT ( .MILLI., .METRE. ) );
#7244 = LINE ( 'NONE', #2050, #7921 ) ;
#7245 = PLANE ( 'NONE',  #2860 ) ;
#7246 = CARTESIAN_POINT ( 'NONE',  ( -4.305000000000002380, 2.794999999999999485, 1.201000000000000512 ) ) ;
#7247 = EDGE_CURVE ( 'NONE', #1021, #2555, #5863, .T. ) ;
#7248 = CARTESIAN_POINT ( 'NONE',  ( 2.860000000000000320, 1.590000000000000080, 2.129999999999999893 ) ) ;
#7249 = EDGE_CURVE ( 'NONE', #2704, #6212, #3244, .T. ) ;
#7250 = ORIENTED_EDGE ( 'NONE', *, *, #5143, .F. ) ;
#7251 = CARTESIAN_POINT ( 'NONE',  ( -4.442985859024748407, -4.444999999999999396, 7.336946068510440178 ) ) ;
#7252 = FACE_OUTER_BOUND ( 'NONE', #7056, .T. ) ;
#7253 = CARTESIAN_POINT ( 'NONE',  ( -1.719999999999999973, -0.4500000000000000111, 1.629999999999999893 ) ) ;
#7254 = CARTESIAN_POINT ( 'NONE',  ( -4.793851841765981447, -4.444999999999998508, 7.632957838021057206 ) ) ;
#7255 = ORIENTED_EDGE ( 'NONE', *, *, #7236, .T. ) ;
#7256 = CARTESIAN_POINT ( 'NONE',  ( -3.315822108108984256, -4.345000000000000639, 8.687626527544063393 ) ) ;
#7257 = VERTEX_POINT ( 'NONE', #7559 ) ;
#7258 = EDGE_CURVE ( 'NONE', #1567, #4709, #6550, .T. ) ;
#7259 = EDGE_LOOP ( 'NONE', ( #7592, #3879, #1943, #3544, #3652, #4907, #4347, #5699 ) ) ;
#7260 = PRESENTATION_LAYER_ASSIGNMENT (  '', '', ( #2271 ) ) ;
#7261 = CARTESIAN_POINT ( 'NONE',  ( -5.155000000000000249, 3.645000000000000018, 0.8499999999999999778 ) ) ;
#7262 = CARTESIAN_POINT ( 'NONE',  ( -7.620000000000000107, -4.445000000000000284, 10.51999999999999957 ) ) ;
#7263 = CARTESIAN_POINT ( 'NONE',  ( -2.943981495730058739, -4.344999999999998863, 8.317135736540322455 ) ) ;
#7264 = DIRECTION ( 'NONE',  ( 0.0000000000000000000, -1.000000000000000000, 0.0000000000000000000 ) ) ;
#7265 = AXIS2_PLACEMENT_3D ( 'NONE', #3493, #6075, #2829 ) ;
#7266 = CARTESIAN_POINT ( 'NONE',  ( -4.233522501452386955, -4.344999999999998863, 7.748358839040092150 ) ) ;
#7267 = ORIENTED_EDGE ( 'NONE', *, *, #5046, .F. ) ;
#7268 = FACE_OUTER_BOUND ( 'NONE', #3579, .T. ) ;
#7269 = ORIENTED_EDGE ( 'NONE', *, *, #7044, .F. ) ;
#7270 =( NAMED_UNIT ( * ) SI_UNIT ( $, .STERADIAN. ) SOLID_ANGLE_UNIT ( ) );
#7271 = COLOUR_RGB ( '',0.1019607843137254888, 0.1019607843137254888, 0.1019607843137254888 ) ;
#7272 = MECHANICAL_DESIGN_GEOMETRIC_PRESENTATION_REPRESENTATION (  '', ( #393 ), #3648 ) ;
#7273 = CARTESIAN_POINT ( 'NONE',  ( 5.154999999999997584, 4.495000000000000107, 1.669000000000000483 ) ) ;
#7274 = SURFACE_SIDE_STYLE ('',( #3403 ) ) ;
#7275 = FACE_OUTER_BOUND ( 'NONE', #863, .T. ) ;
#7276 = CARTESIAN_POINT ( 'NONE',  ( -2.860000000000000320, -0.9499999999999999556, 2.130000000000001226 ) ) ;
#7277 = AXIS2_PLACEMENT_3D ( 'NONE', #4815, #1614, #422 ) ;
#7278 = EDGE_LOOP ( 'NONE', ( #5283, #1345, #1792, #4602, #4811, #6975, #7174, #3089 ) ) ;
#7279 = LINE ( 'NONE', #6067, #5783 ) ;
#7280 = ORIENTED_EDGE ( 'NONE', *, *, #2491, .T. ) ;
#7281 = CARTESIAN_POINT ( 'NONE',  ( -4.337376698687328336, -4.445000000000001172, 7.934533111434386221 ) ) ;
#7282 = FACE_OUTER_BOUND ( 'NONE', #7406, .T. ) ;
#7283 = AXIS2_PLACEMENT_3D ( 'NONE', #2303, #8192, #4394 ) ;
#7284 = SURFACE_STYLE_USAGE ( .BOTH. , #946 ) ;
#7285 = EDGE_CURVE ( 'NONE', #3133, #6718, #1409, .T. ) ;
#7286 = ORIENTED_EDGE ( 'NONE', *, *, #933, .T. ) ;
#7287 = CARTESIAN_POINT ( 'NONE',  ( 0.3200000000000000067, 1.590000000000000080, 8.460000000000000853 ) ) ;
#7288 = B_SPLINE_CURVE_WITH_KNOTS ( 'NONE', 1,
 ( #5505, #8080 ),
 .UNSPECIFIED., .F., .F.,
 ( 2, 2 ),
 ( 0.0000000000000000000, 1.000000000000000000 ),
 .UNSPECIFIED. ) ;
#7289 = CARTESIAN_POINT ( 'NONE',  ( -2.860000000000000320, 1.590000000000000080, 2.130000000000000782 ) ) ;
#7290 = SURFACE_STYLE_FILL_AREA ( #6933 ) ;
#7291 = CARTESIAN_POINT ( 'NONE',  ( -4.808606579630965605, -4.445000000000000284, 7.709912435360364746 ) ) ;
#7292 = CARTESIAN_POINT ( 'NONE',  ( 2.259999999999999787, -4.445000000000000284, 10.51999999999999957 ) ) ;
#7293 = CARTESIAN_POINT ( 'NONE',  ( -4.709990443379631131, -4.445000000000000284, 8.066438788089465461 ) ) ;
#7294 = EDGE_CURVE ( 'NONE', #2194, #1460, #5458, .T. ) ;
#7295 = CARTESIAN_POINT ( 'NONE',  ( -4.631289898368602387, -4.444999999999999396, 7.406349741760999805 ) ) ;
#7296 = EDGE_CURVE ( 'NONE', #7554, #3297, #6346, .T. ) ;
#7297 = ORIENTED_EDGE ( 'NONE', *, *, #1318, .T. ) ;
#7298 = CARTESIAN_POINT ( 'NONE',  ( 5.155000000000000249, -3.645000000000000018, 1.668999999999999817 ) ) ;
#7299 = CARTESIAN_POINT ( 'NONE',  ( -3.063413897567816235, -4.445000000000000284, 8.602872526145215915 ) ) ;
#7300 = ORIENTED_EDGE ( 'NONE', *, *, #7249, .F. ) ;
#7301 = EDGE_LOOP ( 'NONE', ( #7967, #5816, #2345, #2908 ) ) ;
#7302 = CARTESIAN_POINT ( 'NONE',  ( -4.305000000000002380, 4.495000000000000107, 1.669000000000000483 ) ) ;
#7303 = CARTESIAN_POINT ( 'NONE',  ( -4.386752919811830687, -4.344999999999999751, 7.336434914379193373 ) ) ;
#7304 = B_SPLINE_CURVE_WITH_KNOTS ( 'NONE', 1,
 ( #565, #5731, #8301 ),
 .UNSPECIFIED., .F., .F.,
 ( 2, 1, 2 ),
 ( -0.01795000000000000068, -0.01433000000000000072, -0.01259000000000000050 ),
 .UNSPECIFIED. ) ;
#7305 = CARTESIAN_POINT ( 'NONE',  ( -4.233598394871719961, -4.344999999999999751, 7.774185397179568469 ) ) ;
#7306 = CARTESIAN_POINT ( 'NONE',  ( -2.220000000000000195, 1.590000000000000080, 1.169999999999999929 ) ) ;
#7307 = EDGE_CURVE ( 'NONE', #3095, #4527, #1936, .T. ) ;
#7308 = CARTESIAN_POINT ( 'NONE',  ( 6.570000000000000284, -3.314999999999999947, 3.720000000000000195 ) ) ;
#7309 = ORIENTED_EDGE ( 'NONE', *, *, #590, .T. ) ;
#7310 = PLANE ( 'NONE',  #772 ) ;
#7311 = ORIENTED_EDGE ( 'NONE', *, *, #2472, .F. ) ;
#7312 = UNCERTAINTY_MEASURE_WITH_UNIT (LENGTH_MEASURE( 1.000000000000000082E-05 ), #7846, 'distance_accuracy_value', 'NONE');
#7313 =( GEOMETRIC_REPRESENTATION_CONTEXT ( 3 ) GLOBAL_UNCERTAINTY_ASSIGNED_CONTEXT ( ( #3116 ) ) GLOBAL_UNIT_ASSIGNED_CONTEXT ( ( #5007, #1670, #6982 ) ) REPRESENTATION_CONTEXT ( 'NONE', 'WORKASPACE' ) );
#7314 = DIRECTION ( 'NONE',  ( 0.4682379421518991225, 0.4682379421518988449, -0.7493373466328164811 ) ) ;
#7315 = PRESENTATION_STYLE_ASSIGNMENT (( #7962 ) ) ;
#7316 = DIRECTION ( 'NONE',  ( 0.0000000000000000000, -1.000000000000000000, 0.0000000000000000000 ) ) ;
#7317 = DIRECTION ( 'NONE',  ( -0.0000000000000000000, 0.0000000000000000000, -1.000000000000000000 ) ) ;
#7318 = ORIENTED_EDGE ( 'NONE', *, *, #7247, .T. ) ;
#7319 = SURFACE_SIDE_STYLE ('',( #855 ) ) ;
#7320 = ORIENTED_EDGE ( 'NONE', *, *, #6930, .T. ) ;
#7321 = CARTESIAN_POINT ( 'NONE',  ( 2.220000000000000195, 0.9499999999999999556, 2.129999999999999893 ) ) ;
#7322 = MECHANICAL_DESIGN_GEOMETRIC_PRESENTATION_REPRESENTATION (  '', ( #717 ), #448 ) ;
#7323 = CARTESIAN_POINT ( 'NONE',  ( 7.620000000000000107, -1.649999999999999911, 1.629999999999999893 ) ) ;
#7324 = FILL_AREA_STYLE ('',( #2874 ) ) ;
#7325 = CARTESIAN_POINT ( 'NONE',  ( -0.1200000000000000094, -1.149999999999999911, 8.959999999999999076 ) ) ;
#7326 = ORIENTED_EDGE ( 'NONE', *, *, #4630, .F. ) ;
#7327 = CARTESIAN_POINT ( 'NONE',  ( 6.570000000000000284, -1.649999999999999911, 1.629999999999999893 ) ) ;
#7328 = DIRECTION ( 'NONE',  ( 1.000000000000000000, 0.0000000000000000000, 0.0000000000000000000 ) ) ;
#7329 = CARTESIAN_POINT ( 'NONE',  ( 2.860000000000000320, -0.9499999999999999556, 2.129999999999999893 ) ) ;
#7330 = VECTOR ( 'NONE', #495, 1000.000000000000227 ) ;
#7331 = CARTESIAN_POINT ( 'NONE',  ( -4.500055440147052721, -4.445000000000000284, 7.917599891102196530 ) ) ;
#7332 = VERTEX_POINT ( 'NONE', #3314 ) ;
#7333 = ADVANCED_FACE ( 'NONE', ( #3122 ), #5750, .F. ) ;
#7334 = CARTESIAN_POINT ( 'NONE',  ( 0.4249999999999999334, -2.794999999999999485, 0.8499999999999999778 ) ) ;
#7335 = PLANE ( 'NONE',  #5216 ) ;
#7336 = CARTESIAN_POINT ( 'NONE',  ( 4.304999999999999716, -3.645000000000000018, 1.668999999999999817 ) ) ;
#7337 = EDGE_LOOP ( 'NONE', ( #2183, #5495, #1754, #5832 ) ) ;
#7338 = SURFACE_SIDE_STYLE ('',( #279 ) ) ;
#7339 = CARTESIAN_POINT ( 'NONE',  ( -3.441840538438096786, -4.444999999999999396, 8.692838645189087998 ) ) ;
#7340 = VERTEX_POINT ( 'NONE', #1777 ) ;
#7341 = EDGE_LOOP ( 'NONE', ( #6623, #4278, #2275, #567 ) ) ;
#7342 = EDGE_CURVE ( 'NONE', #5301, #6386, #3326, .T. ) ;
#7343 = CARTESIAN_POINT ( 'NONE',  ( -4.304999999999999716, 3.645000000000000018, 1.201000000000000068 ) ) ;
#7344 = CARTESIAN_POINT ( 'NONE',  ( 2.220000000000000195, -0.9499999999999999556, 2.130000000000000782 ) ) ;
#7345 = CARTESIAN_POINT ( 'NONE',  ( -2.947989559725314734, -4.445000000000001172, 8.252538457199447564 ) ) ;
#7346 = ORIENTED_EDGE ( 'NONE', *, *, #5600, .F. ) ;
#7347 = PRESENTATION_STYLE_ASSIGNMENT (( #3432 ) ) ;
#7348 = CARTESIAN_POINT ( 'NONE',  ( -2.860000000000000320, -1.590000000000000080, 2.129999999999999893 ) ) ;
#7349 = ORIENTED_EDGE ( 'NONE', *, *, #161, .F. ) ;
#7350 = COLOUR_RGB ( '',0.1019607843137254888, 0.1019607843137254888, 0.1019607843137254888 ) ;
#7351 = ORIENTED_EDGE ( 'NONE', *, *, #533, .T. ) ;
#7352 = ADVANCED_FACE ( 'NONE', ( #6917 ), #1142, .T. ) ;
#7353 = EDGE_CURVE ( 'NONE', #498, #6307, #2428, .T. ) ;
#7354 = CARTESIAN_POINT ( 'NONE',  ( 6.570000000000000284, 1.649999999999999911, 1.629999999999999893 ) ) ;
#7355 = MECHANICAL_DESIGN_GEOMETRIC_PRESENTATION_REPRESENTATION (  '', ( #2619 ), #3454 ) ;
#7356 = PLANE ( 'NONE',  #5132 ) ;
#7357 = CARTESIAN_POINT ( 'NONE',  ( 2.860000000000000320, 0.9500000000000002887, 1.169999999999999929 ) ) ;
#7358 = EDGE_LOOP ( 'NONE', ( #1929, #5686, #6155, #5630 ) ) ;
#7359 = PLANE ( 'NONE',  #2390 ) ;
#7360 = EDGE_LOOP ( 'NONE', ( #5421, #2927, #2176, #7741 ) ) ;
#7361 = EDGE_CURVE ( 'NONE', #2857, #7032, #5664, .T. ) ;
#7362 = COLOUR_RGB ( '',0.1019607843137254888, 0.1019607843137254888, 0.1019607843137254888 ) ;
#7363 = PRESENTATION_LAYER_ASSIGNMENT (  '', '', ( #2628 ) ) ;
#7364 = DIRECTION ( 'NONE',  ( 0.0000000000000000000, 0.0000000000000000000, -1.000000000000000000 ) ) ;
#7365 = CARTESIAN_POINT ( 'NONE',  ( 0.0000000000000000000, -1.137460805572801492, -1.330000000000000071 ) ) ;
#7366 =( LENGTH_UNIT ( ) NAMED_UNIT ( * ) SI_UNIT ( .MILLI., .METRE. ) );
#7367 = CARTESIAN_POINT ( 'NONE',  ( -0.3200000000000000067, -1.590000000000000080, 2.129999999999999893 ) ) ;
#7368 = EDGE_LOOP ( 'NONE', ( #4867, #7678, #7792, #2072 ) ) ;
#7369 = DIRECTION ( 'NONE',  ( 1.000000000000000000, 0.0000000000000000000, 0.0000000000000000000 ) ) ;
#7370 = FACE_OUTER_BOUND ( 'NONE', #1820, .T. ) ;
#7371 = EDGE_LOOP ( 'NONE', ( #5657, #3022 ) ) ;
#7372 = CARTESIAN_POINT ( 'NONE',  ( -2.660000000000000142, -1.149999999999999911, 8.800000000000000711 ) ) ;
#7373 = CARTESIAN_POINT ( 'NONE',  ( -0.3200000000000000067, 0.9500000000000000666, 3.720000000000000639 ) ) ;
#7374 = FILL_AREA_STYLE_COLOUR ( '', #7915 ) ;
#7375 = B_SPLINE_CURVE_WITH_KNOTS ( 'NONE', 1,
 ( #609, #7715 ),
 .UNSPECIFIED., .F., .F.,
 ( 2, 2 ),
 ( 0.01426000000000000011, 0.01590000000000000094 ),
 .UNSPECIFIED. ) ;
#7376 = CARTESIAN_POINT ( 'NONE',  ( 4.819999999999999396, 4.445000000000000284, 1.629999999999999893 ) ) ;
#7377 = ORIENTED_EDGE ( 'NONE', *, *, #3434, .F. ) ;
#7378 = VECTOR ( 'NONE', #4297, 1000.000000000000000 ) ;
#7379 = CARTESIAN_POINT ( 'NONE',  ( -3.103584980835403240, -4.444999999999999396, 8.631606660402841413 ) ) ;
#7380 = ORIENTED_EDGE ( 'NONE', *, *, #3234, .T. ) ;
#7381 = ORIENTED_EDGE ( 'NONE', *, *, #942, .F. ) ;
#7382 = CARTESIAN_POINT ( 'NONE',  ( -3.185017905113347592, -4.344999999999998863, 8.352969147003342698 ) ) ;
#7383 = MECHANICAL_DESIGN_GEOMETRIC_PRESENTATION_REPRESENTATION (  '', ( #6048 ), #4827 ) ;
#7384 = PRESENTATION_STYLE_ASSIGNMENT (( #3644 ) ) ;
#7385 = CARTESIAN_POINT ( 'NONE',  ( -4.232977222225785319, -4.445000000000000284, 7.761415333896089841 ) ) ;
#7386 = VERTEX_POINT ( 'NONE', #1183 ) ;
#7387 = DIRECTION ( 'NONE',  ( 0.0000000000000000000, -1.000000000000000000, 0.0000000000000000000 ) ) ;
#7388 = ADVANCED_FACE ( 'NONE', ( #7642 ), #7356, .T. ) ;
#7389 = CARTESIAN_POINT ( 'NONE',  ( -2.220000000000000195, 0.9499999999999999556, 3.720000000000000639 ) ) ;
#7391 = EDGE_LOOP ( 'NONE', ( #1384, #485, #7527, #4351 ) ) ;
#7390 = COLOUR_RGB ( '',0.1019607843137254888, 0.1019607843137254888, 0.1019607843137254888 ) ;
#7392 = B_SPLINE_CURVE_WITH_KNOTS ( 'NONE', 1,
 ( #557, #6888 ),
 .UNSPECIFIED., .F., .F.,
 ( 2, 2 ),
 ( -1.000000000000000000, 0.0000000000000000000 ),
 .UNSPECIFIED. ) ;
#7393 = CARTESIAN_POINT ( 'NONE',  ( 5.154999999999996696, -4.495000000000002771, 1.239999999999999325 ) ) ;
#7394 = ORIENTED_EDGE ( 'NONE', *, *, #1595, .T. ) ;
#7395 = UNCERTAINTY_MEASURE_WITH_UNIT (LENGTH_MEASURE( 1.000000000000000082E-05 ), #8155, 'distance_accuracy_value', 'NONE');
#7396 = CARTESIAN_POINT ( 'NONE',  ( -7.169999999999999929, 3.915000000000000036, 10.51999999999999957 ) ) ;
#7397 = CARTESIAN_POINT ( 'NONE',  ( -3.441040517944826238, -4.444999999999999396, 7.946716535422598149 ) ) ;
#7398 =( GEOMETRIC_REPRESENTATION_CONTEXT ( 3 ) GLOBAL_UNCERTAINTY_ASSIGNED_CONTEXT ( ( #1844 ) ) GLOBAL_UNIT_ASSIGNED_CONTEXT ( ( #7209, #5966, #4173 ) ) REPRESENTATION_CONTEXT ( 'NONE', 'WORKASPACE' ) );
#7399 = CARTESIAN_POINT ( 'NONE',  ( -7.620000000000000107, -4.445000000000000284, 10.51999999999999957 ) ) ;
#7400 = FACE_OUTER_BOUND ( 'NONE', #467, .T. ) ;
#7401 = CARTESIAN_POINT ( 'NONE',  ( -3.243704803021725702, -4.445000000000000284, 8.429233843511473978 ) ) ;
#7402 = EDGE_CURVE ( 'NONE', #4056, #3385, #8272, .T. ) ;
#7403 = ADVANCED_FACE ( 'NONE', ( #2822 ), #7231, .T. ) ;
#7404 = ORIENTED_EDGE ( 'NONE', *, *, #1005, .T. ) ;
#7405 = CARTESIAN_POINT ( 'NONE',  ( -0.1200000000000000094, 1.389999999999999902, 8.959999999999999076 ) ) ;
#7406 = EDGE_LOOP ( 'NONE', ( #6755, #7311, #6781, #6495 ) ) ;
#7407 = CARTESIAN_POINT ( 'NONE',  ( -2.666933639016676238, -4.445000000000000284, 9.111325120834825597 ) ) ;
#7408 = CARTESIAN_POINT ( 'NONE',  ( 1.719999999999999973, 0.4401599999999999957, 1.629999999999999893 ) ) ;
#7409 = B_SPLINE_CURVE_WITH_KNOTS ( 'NONE', 1,
 ( #8172, #5646 ),
 .UNSPECIFIED., .F., .F.,
 ( 2, 2 ),
 ( -0.0003516368650300000015, 0.0002228193996200000370 ),
 .UNSPECIFIED. ) ;
#7410 = FILL_AREA_STYLE ('',( #3623 ) ) ;
#7411 = AXIS2_PLACEMENT_3D ( 'NONE', #6992, #8308, #1889 ) ;
#7412 = EDGE_CURVE ( 'NONE', #4341, #7125, #5766, .T. ) ;
#7413 = ORIENTED_EDGE ( 'NONE', *, *, #6581, .T. ) ;
#7414 = B_SPLINE_CURVE_WITH_KNOTS ( 'NONE', 1,
 ( #2834, #7415, #6203, #1643 ),
 .UNSPECIFIED., .F., .F.,
 ( 2, 1, 1, 2 ),
 ( -1.000000000000000000, -0.8360969387755099458, -0.3258928571428569843, -0.1619897959183670411 ),
 .UNSPECIFIED. ) ;
#7415 = CARTESIAN_POINT ( 'NONE',  ( 4.000000000000000000, 3.314999999999999947, 9.919999999999999929 ) ) ;
#7416 = ORIENTED_EDGE ( 'NONE', *, *, #8249, .T. ) ;
#7417 = AXIS2_PLACEMENT_3D ( 'NONE', #4783, #179, #5984 ) ;
#7418 = FACE_OUTER_BOUND ( 'NONE', #1147, .T. ) ;
#7419 = PLANE ( 'NONE',  #4170 ) ;
#7420 =( NAMED_UNIT ( * ) SI_UNIT ( $, .STERADIAN. ) SOLID_ANGLE_UNIT ( ) );
#7421 = CARTESIAN_POINT ( 'NONE',  ( 4.819999999999999396, 4.445000000000000284, 10.51999999999999957 ) ) ;
#7422 = ORIENTED_EDGE ( 'NONE', *, *, #5786, .T. ) ;
#7423 = PRESENTATION_STYLE_ASSIGNMENT (( #5580 ) ) ;
#7424 = PRESENTATION_LAYER_ASSIGNMENT (  '', '', ( #2818 ) ) ;
#7425 = DIRECTION ( 'NONE',  ( 0.0000000000000000000, -0.7071067811865470176, 0.7071067811865480168 ) ) ;
#7426 = CARTESIAN_POINT ( 'NONE',  ( -0.4249999999999999889, 3.645000000000000018, 1.239999999999999991 ) ) ;
#7427 = ORIENTED_EDGE ( 'NONE', *, *, #1558, .F. ) ;
#7428 = EDGE_LOOP ( 'NONE', ( #4100, #6258, #1243, #4286, #1783, #7164 ) ) ;
#7429 = CARTESIAN_POINT ( 'NONE',  ( -4.244574987258190824, -4.344999999999998863, 7.365302402842869967 ) ) ;
#7430 =( NAMED_UNIT ( * ) SI_UNIT ( $, .STERADIAN. ) SOLID_ANGLE_UNIT ( ) );
#7431 = FACE_OUTER_BOUND ( 'NONE', #7465, .T. ) ;
#7432 = CARTESIAN_POINT ( 'NONE',  ( -0.4249999999999999889, -3.645000000000000018, 1.629999999999999893 ) ) ;
#7433 = B_SPLINE_CURVE_WITH_KNOTS ( 'NONE', 1,
 ( #5996, #7367 ),
 .UNSPECIFIED., .F., .F.,
 ( 2, 2 ),
 ( -1.000000000000000000, 0.0000000000000000000 ),
 .UNSPECIFIED. ) ;
#7434 = ORIENTED_EDGE ( 'NONE', *, *, #5093, .F. ) ;
#7435 = DIRECTION ( 'NONE',  ( 0.0000000000000000000, 0.0000000000000000000, 1.000000000000000000 ) ) ;
#7436 = ORIENTED_EDGE ( 'NONE', *, *, #7236, .F. ) ;
#7437 = CARTESIAN_POINT ( 'NONE',  ( -7.620000000000000107, 1.649999999999999911, 8.030000000000001137 ) ) ;
#7438 = ORIENTED_EDGE ( 'NONE', *, *, #545, .T. ) ;
#7439 = CARTESIAN_POINT ( 'NONE',  ( -4.000000000000000000, 3.314999999999999947, 3.720000000000000195 ) ) ;
#7440 = CARTESIAN_POINT ( 'NONE',  ( -6.570000000000000284, -3.314999999999999947, 9.919999999999999929 ) ) ;
#7441 = CARTESIAN_POINT ( 'NONE',  ( -2.220000000000000195, 0.9499999999999999556, 1.169999999999999929 ) ) ;
#7442 = PRESENTATION_STYLE_ASSIGNMENT (( #6715 ) ) ;
#7443 = LINE ( 'NONE', #1078, #1901 ) ;
#7444 = EDGE_LOOP ( 'NONE', ( #8036, #605, #37, #3923 ) ) ;
#7445 = FACE_OUTER_BOUND ( 'NONE', #994, .T. ) ;
#7446 = ORIENTED_EDGE ( 'NONE', *, *, #2198, .T. ) ;
#7447 = B_SPLINE_CURVE_WITH_KNOTS ( 'NONE', 1,
 ( #3110, #529 ),
 .UNSPECIFIED., .F., .F.,
 ( 2, 2 ),
 ( 0.009275000000000000258, 0.01547499999999999917 ),
 .UNSPECIFIED. ) ;
#7448 = EDGE_CURVE ( 'NONE', #4186, #5687, #102, .T. ) ;
#7449 = ADVANCED_FACE ( 'NONE', ( #6766 ), #2742, .F. ) ;
#7450 = PLANE ( 'NONE',  #6542 ) ;
#7451 = CARTESIAN_POINT ( 'NONE',  ( -2.860000000000000320, 1.590000000000000080, 2.130000000000000782 ) ) ;
#7452 = CARTESIAN_POINT ( 'NONE',  ( -2.860000000000000320, 0.9499999999999999556, 0.009999999999999788572 ) ) ;
#7453 = MECHANICAL_DESIGN_GEOMETRIC_PRESENTATION_REPRESENTATION (  '', ( #5162 ), #294 ) ;
#7454 = ORIENTED_EDGE ( 'NONE', *, *, #5704, .T. ) ;
#7455 =( NAMED_UNIT ( * ) SI_UNIT ( $, .STERADIAN. ) SOLID_ANGLE_UNIT ( ) );
#7456 = CARTESIAN_POINT ( 'NONE',  ( -6.570000000000000284, -1.649999999999999911, 3.720000000000000195 ) ) ;
#7457 = DIRECTION ( 'NONE',  ( 0.0000000000000000000, 0.0000000000000000000, -1.000000000000000000 ) ) ;
#7458 = ORIENTED_EDGE ( 'NONE', *, *, #3480, .F. ) ;
#7459 = EDGE_CURVE ( 'NONE', #287, #5129, #7672, .T. ) ;
#7460 = EDGE_CURVE ( 'NONE', #3853, #380, #6541, .T. ) ;
#7461 =( NAMED_UNIT ( * ) PLANE_ANGLE_UNIT ( ) SI_UNIT ( $, .RADIAN. ) );
#7462 = FACE_OUTER_BOUND ( 'NONE', #2882, .T. ) ;
#7463 = FILL_AREA_STYLE_COLOUR ( '', #6309 ) ;
#7464 = CARTESIAN_POINT ( 'NONE',  ( -2.220000000000000195, -1.590000000000000080, 8.300000000000000711 ) ) ;
#7465 = EDGE_LOOP ( 'NONE', ( #4005, #1083, #6336, #4891 ) ) ;
#7466 = CARTESIAN_POINT ( 'NONE',  ( 4.304999999999999716, -3.645000000000000018, 1.668999999999999817 ) ) ;
#7467 = CARTESIAN_POINT ( 'NONE',  ( -2.259999999999999787, -3.314999999999999947, 3.720000000000000195 ) ) ;
#7468 = PLANE ( 'NONE',  #7110 ) ;
#7469 = ORIENTED_EDGE ( 'NONE', *, *, #4741, .T. ) ;
#7470 = VERTEX_POINT ( 'NONE', #4670 ) ;
#7471 = EDGE_CURVE ( 'NONE', #6705, #5301, #1516, .T. ) ;
#7472 = PLANE ( 'NONE',  #3162 ) ;
#7473 = DIRECTION ( 'NONE',  ( 0.0000000000000000000, 0.0000000000000000000, 1.000000000000000000 ) ) ;
#7474 = SURFACE_SIDE_STYLE ('',( #5414 ) ) ;
#7475 = CARTESIAN_POINT ( 'NONE',  ( -5.048124388138708341, -4.445000000000000284, 6.968253446624994574 ) ) ;
#7476 = VERTEX_POINT ( 'NONE', #7401 ) ;
#7477 = CARTESIAN_POINT ( 'NONE',  ( -4.471151562613879804, -4.344999999999998863, 7.934400615666398870 ) ) ;
#7478 =( BOUNDED_SURFACE ( )  B_SPLINE_SURFACE ( 3, 1, ( 
 ( #112, #2801, #6566 ),
 ( #7334, #6608, #7901 ),
 ( #4648, #4727, #155 ),
 ( #2177, #5315, #5403 ),
 ( #6691, #5915, #6646 ),
 ( #6530, #4688, #4038 ),
 ( #194, #3419, #4125 ) ),
 .UNSPECIFIED., .T., .F., .F. ) 
 B_SPLINE_SURFACE_WITH_KNOTS ( ( 4, 3, 4 ),
 ( 2, 1, 2 ),
 ( 0.0000000000000000000, 0.5000000000000000000, 1.000000000000000000 ),
 ( -0.7500000000000000000, 0.0000000000000000000, 1.000000000000000000 ),
 .UNSPECIFIED. ) 
 GEOMETRIC_REPRESENTATION_ITEM ( )  RATIONAL_B_SPLINE_SURFACE ( (
 ( 1.000000000000000000, 1.000000000000000000, 1.000000000000000000),
 ( 0.3333333333333299842, 0.3333333333333299842, 0.3333333333333299842),
 ( 0.3333333333333299842, 0.3333333333333299842, 0.3333333333333299842),
 ( 1.000000000000000000, 1.000000000000000000, 1.000000000000000000),
 ( 0.3333333333333299842, 0.3333333333333299842, 0.3333333333333299842),
 ( 0.3333333333333299842, 0.3333333333333299842, 0.3333333333333299842),
 ( 1.000000000000000000, 1.000000000000000000, 1.000000000000000000) ) ) 
 REPRESENTATION_ITEM ( '' )  SURFACE ( )  );
#7479 = SURFACE_STYLE_USAGE ( .BOTH. , #8334 ) ;
#7480 = ORIENTED_EDGE ( 'NONE', *, *, #6895, .F. ) ;
#7481 = CARTESIAN_POINT ( 'NONE',  ( -0.3200000000000000067, -0.9499999999999999556, 2.130000000000000782 ) ) ;
#7482 = ORIENTED_EDGE ( 'NONE', *, *, #5483, .T. ) ;
#7483 = CARTESIAN_POINT ( 'NONE',  ( 0.4249999999999999889, 3.645000000000000018, 1.668999999999999817 ) ) ;
#7484 = SURFACE_STYLE_USAGE ( .BOTH. , #2366 ) ;
#7485 = B_SPLINE_CURVE_WITH_KNOTS ( 'NONE', 1,
 ( #7031, #6410 ),
 .UNSPECIFIED., .F., .F.,
 ( 2, 2 ),
 ( 0.009339999999999999344, 0.01098000000000000018 ),
 .UNSPECIFIED. ) ;
#7486 = SURFACE_STYLE_FILL_AREA ( #3820 ) ;
#7487 = CARTESIAN_POINT ( 'NONE',  ( 0.1200000000000000094, 1.149999999999999911, 8.959999999999999076 ) ) ;
#7488 = COLOUR_RGB ( '',0.1019607843137254888, 0.1019607843137254888, 0.1019607843137254888 ) ;
#7489 = PRESENTATION_STYLE_ASSIGNMENT (( #6901 ) ) ;
#7490 = ORIENTED_EDGE ( 'NONE', *, *, #2579, .F. ) ;
#7491 = DIRECTION ( 'NONE',  ( 1.000000000000000000, 0.0000000000000000000, 0.0000000000000000000 ) ) ;
#7492 = UNCERTAINTY_MEASURE_WITH_UNIT (LENGTH_MEASURE( 1.000000000000000082E-05 ), #553, 'distance_accuracy_value', 'NONE');
#7493 = VERTEX_POINT ( 'NONE', #2124 ) ;
#7494 = SURFACE_SIDE_STYLE ('',( #8005 ) ) ;
#7495 = COLOUR_RGB ( '',0.1019607843137254888, 0.1019607843137254888, 0.1019607843137254888 ) ;
#7496 =( NAMED_UNIT ( * ) PLANE_ANGLE_UNIT ( ) SI_UNIT ( $, .RADIAN. ) );
#7497 = CARTESIAN_POINT ( 'NONE',  ( -0.3200000000000000067, -1.590000000000000080, 2.129999999999999893 ) ) ;
#7498 = CARTESIAN_POINT ( 'NONE',  ( -3.408435818428578123, -4.444999999999999396, 8.692689118552269889 ) ) ;
#7499 = EDGE_LOOP ( 'NONE', ( #7940, #7725, #7326, #6087, #6928 ) ) ;
#7500 = PRESENTATION_STYLE_ASSIGNMENT (( #5616 ) ) ;
#7501 = EDGE_CURVE ( 'NONE', #5279, #4654, #7867, .T. ) ;
#7502 = VECTOR ( 'NONE', #6753, 1000.000000000000000 ) ;
#7503 = FILL_AREA_STYLE ('',( #3626 ) ) ;
#7504 = MECHANICAL_DESIGN_GEOMETRIC_PRESENTATION_REPRESENTATION (  '', ( #3992 ), #3866 ) ;
#7505 = UNCERTAINTY_MEASURE_WITH_UNIT (LENGTH_MEASURE( 1.000000000000000082E-05 ), #6157, 'distance_accuracy_value', 'NONE');
#7506 = PRODUCT ( 'E2A9C91B-D1CB-4F0F-9E97-255E98071327', 'E2A9C91B-D1CB-4F0F-9E97-255E98071327', '', ( #1130 ) ) ;
#7507 = CARTESIAN_POINT ( 'NONE',  ( -6.570000000000000284, 3.314999999999999947, 9.919999999999999929 ) ) ;
#7508 = CARTESIAN_POINT ( 'NONE',  ( -2.419999999999999929, -1.149999999999999911, 8.800000000000000711 ) ) ;
#7509 = MECHANICAL_DESIGN_GEOMETRIC_PRESENTATION_REPRESENTATION (  '', ( #1720 ), #213 ) ;
#7510 = FILL_AREA_STYLE ('',( #5445 ) ) ;
#7511 = EDGE_LOOP ( 'NONE', ( #2363, #5807, #1080, #31, #5660, #7159 ) ) ;
#7512 = PLANE ( 'NONE',  #3901 ) ;
#7513 = EDGE_CURVE ( 'NONE', #5401, #8015, #4444, .T. ) ;
#7514 = ADVANCED_FACE ( 'NONE', ( #7275 ), #3443, .T. ) ;
#7515 = CARTESIAN_POINT ( 'NONE',  ( -4.260208152568973006, -4.344999999999999751, 7.654298726145857934 ) ) ;
#7516 = DIRECTION ( 'NONE',  ( -1.000000000000000000, 0.0000000000000000000, 0.0000000000000000000 ) ) ;
#7517 = ORIENTED_EDGE ( 'NONE', *, *, #3752, .F. ) ;
#7518 = MECHANICAL_DESIGN_GEOMETRIC_PRESENTATION_REPRESENTATION (  '', ( #7658 ), #3335 ) ;
#7519 = ORIENTED_EDGE ( 'NONE', *, *, #2077, .F. ) ;
#7520 = CARTESIAN_POINT ( 'NONE',  ( -3.291002495407868267, -4.345000000000001528, 7.954330446999825277 ) ) ;
#7521 = FACE_OUTER_BOUND ( 'NONE', #6136, .T. ) ;
#7522 = CARTESIAN_POINT ( 'NONE',  ( 0.4249999999999999334, 4.495000000000000107, 0.8499999999999999778 ) ) ;
#7523 = CARTESIAN_POINT ( 'NONE',  ( -0.8199999999999999512, 0.4401599999999999957, 1.629999999999999893 ) ) ;
#7524 = CARTESIAN_POINT ( 'NONE',  ( 0.0000000000000000000, 1.137460805572799716, -1.330000000000000071 ) ) ;
#7525 = VECTOR ( 'NONE', #7966, 1000.000000000000000 ) ;
#7526 = B_SPLINE_CURVE_WITH_KNOTS ( 'NONE', 1,
 ( #4534, #568 ),
 .UNSPECIFIED., .F., .F.,
 ( 2, 2 ),
 ( 0.0000000000000000000, 1.000000000000000000 ),
 .UNSPECIFIED. ) ;
#7527 = ORIENTED_EDGE ( 'NONE', *, *, #3798, .F. ) ;
#7528 = PLANE ( 'NONE',  #7124 ) ;
#7529 = EDGE_CURVE ( 'NONE', #1654, #7237, #6158, .T. ) ;
#7530 = CARTESIAN_POINT ( 'NONE',  ( -3.360000000000000320, -2.089999999999999858, 1.629999999999999893 ) ) ;
#7531 = ORIENTED_EDGE ( 'NONE', *, *, #4111, .F. ) ;
#7532 = CARTESIAN_POINT ( 'NONE',  ( -0.8199999999999999512, -2.089999999999999858, 1.629999999999999893 ) ) ;
#7533 = VERTEX_POINT ( 'NONE', #7964 ) ;
#7534 = PRESENTATION_LAYER_ASSIGNMENT (  '', '', ( #4968 ) ) ;
#7535 = FILL_AREA_STYLE ('',( #1026 ) ) ;
#7536 =( BOUNDED_CURVE ( )  B_SPLINE_CURVE ( 3, ( #6225, #1067, #5033, #2357 ),
 .UNSPECIFIED., .F., .T. ) 
 B_SPLINE_CURVE_WITH_KNOTS ( ( 4, 4 ),
 ( 4.330415472559540291, 6.658035945119080701 ),
 .UNSPECIFIED. ) 
 CURVE ( )  GEOMETRIC_REPRESENTATION_ITEM ( )  RATIONAL_B_SPLINE_CURVE ( ( 1.000000000000000000, 0.5972289350732999935, 0.5972289350732999935, 1.000000000000000000 ) ) 
 REPRESENTATION_ITEM ( '' )  );
#7537 = CARTESIAN_POINT ( 'NONE',  ( 0.4249999999999999889, 3.645000000000000018, 1.201000000000000068 ) ) ;
#7538 = CARTESIAN_POINT ( 'NONE',  ( -3.275121961528034475, -4.344999999999998863, 8.683610805712113745 ) ) ;
#7539 = LINE ( 'NONE', #1161, #7116 ) ;
#7540 = CARTESIAN_POINT ( 'NONE',  ( 0.1200000000000000094, 1.389999999999999902, 8.959999999999999076 ) ) ;
#7541 =( GEOMETRIC_REPRESENTATION_CONTEXT ( 3 ) GLOBAL_UNCERTAINTY_ASSIGNED_CONTEXT ( ( #6475 ) ) GLOBAL_UNIT_ASSIGNED_CONTEXT ( ( #129, #6470, #2568 ) ) REPRESENTATION_CONTEXT ( 'NONE', 'WORKASPACE' ) );
#7542 = CARTESIAN_POINT ( 'NONE',  ( -0.4249999999999999889, 3.645000000000000018, 1.239999999999999991 ) ) ;
#7543 = EDGE_LOOP ( 'NONE', ( #6921, #2583, #6634, #6013 ) ) ;
#7544 = CARTESIAN_POINT ( 'NONE',  ( -0.4249999999999999889, -3.645000000000000018, 1.629999999999999893 ) ) ;
#7545 = VERTEX_POINT ( 'NONE', #3523 ) ;
#7546 = CARTESIAN_POINT ( 'NONE',  ( -6.570000000000000284, 1.649999999999999911, 1.629999999999999893 ) ) ;
#7547 = DIRECTION ( 'NONE',  ( -0.0000000000000000000, -1.000000000000000000, -0.0000000000000000000 ) ) ;
#7548 = CARTESIAN_POINT ( 'NONE',  ( -4.373961129811255510, -4.445000000000000284, 8.726837092042458721 ) ) ;
#7549 = CARTESIAN_POINT ( 'NONE',  ( -3.238179759001934332, -4.444999999999999396, 8.677980919955196271 ) ) ;
#7550 = ORIENTED_EDGE ( 'NONE', *, *, #3001, .T. ) ;
#7551 = B_SPLINE_CURVE_WITH_KNOTS ( 'NONE', 1,
 ( #8300, #470 ),
 .UNSPECIFIED., .F., .F.,
 ( 2, 2 ),
 ( 0.01249499999999999916, 0.01889499999999999860 ),
 .UNSPECIFIED. ) ;
#7552 = FACE_BOUND ( 'NONE', #6377, .T. ) ;
#7553 =( LENGTH_UNIT ( ) NAMED_UNIT ( * ) SI_UNIT ( .MILLI., .METRE. ) );
#7554 = VERTEX_POINT ( 'NONE', #1539 ) ;
#7555 = PLANE ( 'NONE',  #3705 ) ;
#7556 = DIRECTION ( 'NONE',  ( 1.000000000000000000, 0.0000000000000000000, 0.0000000000000000000 ) ) ;
#7557 = EDGE_CURVE ( 'NONE', #445, #1167, #4651, .T. ) ;
#7558 = CARTESIAN_POINT ( 'NONE',  ( 6.570000000000000284, -3.314999999999999947, 9.919999999999999929 ) ) ;
#7559 = CARTESIAN_POINT ( 'NONE',  ( -4.394366695382836419, -4.445000000000000284, 8.167141579221944170 ) ) ;
#7560 = ORIENTED_EDGE ( 'NONE', *, *, #6713, .T. ) ;
#7561 = SURFACE_STYLE_USAGE ( .BOTH. , #5148 ) ;
#7562 = CARTESIAN_POINT ( 'NONE',  ( -5.048124388138708341, -4.344999999999999751, 9.111325120834825597 ) ) ;
#7564 = EDGE_LOOP ( 'NONE', ( #78, #6733, #7394, #2429 ) ) ;
#7563 = MECHANICAL_DESIGN_GEOMETRIC_PRESENTATION_REPRESENTATION (  '', ( #5951 ), #2681 ) ;
#7565 = ORIENTED_EDGE ( 'NONE', *, *, #2221, .F. ) ;
#7566 = CARTESIAN_POINT ( 'NONE',  ( -3.358436933803714997, -4.344999999999999751, 7.949404987859547411 ) ) ;
#7567 = CARTESIAN_POINT ( 'NONE',  ( -3.486716538465101323, -4.344999999999999751, 7.369999485204850487 ) ) ;
#7568 = EDGE_CURVE ( 'NONE', #5711, #6315, #2205, .T. ) ;
#7569 = EDGE_CURVE ( 'NONE', #6169, #6777, #1821, .T. ) ;
#7570 = CARTESIAN_POINT ( 'NONE',  ( -4.304999999999999716, -3.645000000000000018, 1.629999999999999893 ) ) ;
#7571 = AXIS2_PLACEMENT_3D ( 'NONE', #5829, #696, #3199 ) ;
#7572 = CARTESIAN_POINT ( 'NONE',  ( 6.570000000000000284, 1.649999999999999911, 8.030000000000001137 ) ) ;
#7573 = ORIENTED_EDGE ( 'NONE', *, *, #2340, .T. ) ;
#7574 = CARTESIAN_POINT ( 'NONE',  ( 0.3200000000000000067, 0.9499999999999999556, 2.129999999999999893 ) ) ;
#7575 = CARTESIAN_POINT ( 'NONE',  ( -3.356294156193900147, -4.345000000000000639, 8.454165922984763881 ) ) ;
#7576 = ORIENTED_EDGE ( 'NONE', *, *, #5548, .F. ) ;
#7577 = CARTESIAN_POINT ( 'NONE',  ( -4.172405435094703741, -4.344999999999997975, 8.100082308186578928 ) ) ;
#7578 = ORIENTED_EDGE ( 'NONE', *, *, #3391, .T. ) ;
#7579 = LINE ( 'NONE', #4374, #6150 ) ;
#7580 = CARTESIAN_POINT ( 'NONE',  ( 6.570000000000000284, 1.649999999999999911, 1.629999999999999893 ) ) ;
#7581 = CARTESIAN_POINT ( 'NONE',  ( -3.181428076926640092, -4.445000000000000284, 8.317400743885405845 ) ) ;
#7582 = FACE_OUTER_BOUND ( 'NONE', #5803, .T. ) ;
#7583 = FILL_AREA_STYLE ('',( #474 ) ) ;
#7584 = VERTEX_POINT ( 'NONE', #4746 ) ;
#7585 = CARTESIAN_POINT ( 'NONE',  ( 0.0000000000000000000, 0.0000000000000000000, -1.330000000000000071 ) ) ;
#7586 = VERTEX_POINT ( 'NONE', #6674 ) ;
#7587 = EDGE_CURVE ( 'NONE', #2793, #2255, #403, .T. ) ;
#7588 = CARTESIAN_POINT ( 'NONE',  ( -4.000000000000000000, -3.314999999999999947, 3.720000000000000195 ) ) ;
#7589 = FILL_AREA_STYLE_COLOUR ( '', #253 ) ;
#7590 = CARTESIAN_POINT ( 'NONE',  ( -3.369839999999999947, -0.4500000000000000111, 1.629999999999999893 ) ) ;
#7591 = PRESENTATION_STYLE_ASSIGNMENT (( #6246 ) ) ;
#7592 = ORIENTED_EDGE ( 'NONE', *, *, #2724, .T. ) ;
#7593 = FACE_OUTER_BOUND ( 'NONE', #7511, .T. ) ;
#7594 = CARTESIAN_POINT ( 'NONE',  ( 5.155000000000000249, 3.645000000000000018, 1.629999999999999893 ) ) ;
#7595 = EDGE_LOOP ( 'NONE', ( #6217, #7267, #4787, #5694 ) ) ;
#7596 = SURFACE_STYLE_USAGE ( .BOTH. , #5017 ) ;
#7597 = CARTESIAN_POINT ( 'NONE',  ( -3.995902804277378983, -4.444999999999999396, 7.762490075515755095 ) ) ;
#7598 = CARTESIAN_POINT ( 'NONE',  ( -4.240324648803321494, -4.344999999999999751, 8.137910829697943882 ) ) ;
#7599 = CARTESIAN_POINT ( 'NONE',  ( -3.359295437469627998, -4.345000000000000639, 8.184377326320614543 ) ) ;
#7600 = B_SPLINE_CURVE_WITH_KNOTS ( 'NONE', 1,
 ( #1704, #464 ),
 .UNSPECIFIED., .F., .F.,
 ( 2, 2 ),
 ( 0.8683127572016461349, 1.000000000000000000 ),
 .UNSPECIFIED. ) ;
#7601 = ORIENTED_EDGE ( 'NONE', *, *, #331, .F. ) ;
#7602 = FILL_AREA_STYLE_COLOUR ( '', #4757 ) ;
#7603 = CARTESIAN_POINT ( 'NONE',  ( 0.3200000000000000067, -0.9500000000000000666, 3.720000000000000639 ) ) ;
#7604 = STYLED_ITEM ( 'NONE', ( #1267 ), #592 ) ;
#7605 = ADVANCED_FACE ( 'NONE', ( #6064 ), #1120, .T. ) ;
#7606 = ORIENTED_EDGE ( 'NONE', *, *, #4390, .T. ) ;
#7607 = EDGE_LOOP ( 'NONE', ( #7436, #3266, #7041, #3724 ) ) ;
#7608 = DIRECTION ( 'NONE',  ( -0.0000000000000000000, 1.000000000000000000, 0.0000000000000000000 ) ) ;
#7609 = SURFACE_STYLE_USAGE ( .BOTH. , #1907 ) ;
#7610 = ORIENTED_EDGE ( 'NONE', *, *, #342, .T. ) ;
#7611 = CARTESIAN_POINT ( 'NONE',  ( -2.220000000000000195, -0.9499999999999999556, 2.129999999999999893 ) ) ;
#7612 = FACE_BOUND ( 'NONE', #123, .T. ) ;
#7613 = B_SPLINE_CURVE_WITH_KNOTS ( 'NONE', 1,
 ( #3694, #4233 ),
 .UNSPECIFIED., .F., .F.,
 ( 2, 2 ),
 ( 0.0000000000000000000, 1.000000000000000000 ),
 .UNSPECIFIED. ) ;
#7614 = EDGE_CURVE ( 'NONE', #4178, #4915, #1627, .T. ) ;
#7615 = VERTEX_POINT ( 'NONE', #6810 ) ;
#7616 = CARTESIAN_POINT ( 'NONE',  ( -4.394366695382836419, -4.344999999999999751, 8.167141579221944170 ) ) ;
#7617 = EDGE_LOOP ( 'NONE', ( #2019, #6625, #2847, #2167 ) ) ;
#7618 = AXIS2_PLACEMENT_3D ( 'NONE', #2026, #41, #7786 ) ;
#7619 = CARTESIAN_POINT ( 'NONE',  ( 6.570000000000000284, 3.314999999999999947, 3.720000000000000195 ) ) ;
#7620 = FILL_AREA_STYLE ('',( #6938 ) ) ;
#7621 = CARTESIAN_POINT ( 'NONE',  ( -4.631289898368602387, -4.344999999999998863, 7.406349741760999805 ) ) ;
#7622 = CARTESIAN_POINT ( 'NONE',  ( -2.220000000000000195, -0.9499999999999999556, -1.029999999999998472 ) ) ;
#7623 = DIRECTION ( 'NONE',  ( 0.0000000000000000000, 0.8480480961564254017, 0.5299192642332059000 ) ) ;
#7624 = EDGE_CURVE ( 'NONE', #4654, #900, #3837, .T. ) ;
#7625 = EDGE_CURVE ( 'NONE', #6616, #281, #5605, .T. ) ;
#7626 = ORIENTED_EDGE ( 'NONE', *, *, #4618, .T. ) ;
#7627 = CARTESIAN_POINT ( 'NONE',  ( -4.525109678674971825, -4.445000000000002061, 7.894201633013905095 ) ) ;
#7628 = ORIENTED_EDGE ( 'NONE', *, *, #8299, .T. ) ;
#7629 =( NAMED_UNIT ( * ) SI_UNIT ( $, .STERADIAN. ) SOLID_ANGLE_UNIT ( ) );
#7630 = PRESENTATION_STYLE_ASSIGNMENT (( #398 ) ) ;
#7631 = B_SPLINE_CURVE_WITH_KNOTS ( 'NONE', 1,
 ( #7712, #7793 ),
 .UNSPECIFIED., .F., .F.,
 ( 2, 2 ),
 ( 0.001280000000000000105, 0.001920000000000000049 ),
 .UNSPECIFIED. ) ;
#7632 = ORIENTED_EDGE ( 'NONE', *, *, #7258, .F. ) ;
#7633 = ADVANCED_FACE ( 'NONE', ( #7582 ), #472, .T. ) ;
#7634 = CARTESIAN_POINT ( 'NONE',  ( 0.4249999999999999889, -3.645000000000000018, 0.8499999999999999778 ) ) ;
#7635 = DIRECTION ( 'NONE',  ( -0.0000000000000000000, 1.000000000000000000, -0.0000000000000000000 ) ) ;
#7636 = B_SPLINE_CURVE_WITH_KNOTS ( 'NONE', 1,
 ( #7103, #1249, #1916, #6472 ),
 .UNSPECIFIED., .F., .F.,
 ( 2, 1, 1, 2 ),
 ( 0.0000000000000000000, 0.06732348111658459366, 0.7241379310344829845, 0.7914614121510670230 ),
 .UNSPECIFIED. ) ;
#7637 = MECHANICAL_DESIGN_GEOMETRIC_PRESENTATION_REPRESENTATION (  '', ( #4256 ), #2757 ) ;
#7638 = VECTOR ( 'NONE', #4877, 1000.000000000000000 ) ;
#7639 = FACE_OUTER_BOUND ( 'NONE', #7212, .T. ) ;
#7640 = CARTESIAN_POINT ( 'NONE',  ( -4.084195451737643090, -4.445000000000000284, 8.016480691622218657 ) ) ;
#7641 = CARTESIAN_POINT ( 'NONE',  ( -4.405762011221511898, -4.445000000000000284, 7.946655468110833453 ) ) ;
#7642 = FACE_OUTER_BOUND ( 'NONE', #4264, .T. ) ;
#7643 = VECTOR ( 'NONE', #5636, 1000.000000000000000 ) ;
#7644 = MECHANICAL_DESIGN_GEOMETRIC_PRESENTATION_REPRESENTATION (  '', ( #3861 ), #7215 ) ;
#7645 = ORIENTED_EDGE ( 'NONE', *, *, #4521, .T. ) ;
#7646 =( NAMED_UNIT ( * ) PLANE_ANGLE_UNIT ( ) SI_UNIT ( $, .RADIAN. ) );
#7647 = CARTESIAN_POINT ( 'NONE',  ( -3.243704803021725702, -4.344999999999999751, 8.429233843511473978 ) ) ;
#7648 = PLANE ( 'NONE',  #8061 ) ;
#7649 = EDGE_LOOP ( 'NONE', ( #7823, #2680 ) ) ;
#7650 = EDGE_LOOP ( 'NONE', ( #8135, #6710, #8051, #4036 ) ) ;
#7651 = FILL_AREA_STYLE ('',( #4518 ) ) ;
#7652 =( GEOMETRIC_REPRESENTATION_CONTEXT ( 3 ) GLOBAL_UNCERTAINTY_ASSIGNED_CONTEXT ( ( #6241 ) ) GLOBAL_UNIT_ASSIGNED_CONTEXT ( ( #5780, #3753, #7629 ) ) REPRESENTATION_CONTEXT ( 'NONE', 'WORKASPACE' ) );
#7653 = CARTESIAN_POINT ( 'NONE',  ( -0.3238400000000000167, 0.9499999999999999556, 8.460000000000000853 ) ) ;
#7654 = CARTESIAN_POINT ( 'NONE',  ( 1.719999999999999973, -2.099839999999999929, 1.629999999999999893 ) ) ;
#7655 = DIRECTION ( 'NONE',  ( 0.0000000000000000000, -1.000000000000000000, 0.0000000000000000000 ) ) ;
#7656 = VERTEX_POINT ( 'NONE', #8173 ) ;
#7657 = CARTESIAN_POINT ( 'NONE',  ( -4.809633205131768285, -4.344999999999999751, 7.749755010712329195 ) ) ;
#7658 = STYLED_ITEM ( 'NONE', ( #6845 ), #4261 ) ;
#7659 = PLANE ( 'NONE',  #1860 ) ;
#7660 = B_SPLINE_CURVE_WITH_KNOTS ( 'NONE', 3,
 ( #4738, #7305, #2603, #5930, #7171, #2109, #3927, #1528, #718, #6540, #4697 ),
 .UNSPECIFIED., .F., .F.,
 ( 4, 1, 1, 1, 1, 1, 1, 1, 4 ),
 ( 0.0000000000000000000, 0.1354037467141837037, 0.2622251654516468133, 0.3858490677562568805, 0.5108573636088568071, 0.6349774647635280100, 0.7532990766584827247, 0.8739320409395671119, 1.000000000000000000 ),
 .UNSPECIFIED. ) ;
#7661 = ORIENTED_EDGE ( 'NONE', *, *, #6581, .F. ) ;
#7662 = ORIENTED_EDGE ( 'NONE', *, *, #5764, .F. ) ;
#7663 = UNCERTAINTY_MEASURE_WITH_UNIT (LENGTH_MEASURE( 1.000000000000000082E-05 ), #2538, 'distance_accuracy_value', 'NONE');
#7664 =( NAMED_UNIT ( * ) SI_UNIT ( $, .STERADIAN. ) SOLID_ANGLE_UNIT ( ) );
#7665 = EDGE_CURVE ( 'NONE', #2555, #588, #4067, .T. ) ;
#7666 = FACE_OUTER_BOUND ( 'NONE', #8305, .T. ) ;
#7668 = VERTEX_POINT ( 'NONE', #8091 ) ;
#7667 = VECTOR ( 'NONE', #5562, 1000.000000000000000 ) ;
#7669 = UNCERTAINTY_MEASURE_WITH_UNIT (LENGTH_MEASURE( 1.000000000000000082E-05 ), #6117, 'distance_accuracy_value', 'NONE');
#7670 = ORIENTED_EDGE ( 'NONE', *, *, #8104, .F. ) ;
#7671 = ORIENTED_EDGE ( 'NONE', *, *, #544, .T. ) ;
#7672 = B_SPLINE_CURVE_WITH_KNOTS ( 'NONE', 1,
 ( #6631, #935 ),
 .UNSPECIFIED., .F., .F.,
 ( 2, 2 ),
 ( 0.0006400000000000000524, 0.001280000000000000105 ),
 .UNSPECIFIED. ) ;
#7673 = SURFACE_STYLE_USAGE ( .BOTH. , #2498 ) ;
#7674 = EDGE_CURVE ( 'NONE', #1394, #2270, #7443, .T. ) ;
#7675 = EDGE_CURVE ( 'NONE', #1312, #6503, #433, .T. ) ;
#7676 = COLOUR_RGB ( '',0.1019607843137254888, 0.1019607843137254888, 0.1019607843137254888 ) ;
#7677 = PLANE ( 'NONE',  #7411 ) ;
#7678 = ORIENTED_EDGE ( 'NONE', *, *, #6298, .F. ) ;
#7679 = CARTESIAN_POINT ( 'NONE',  ( -0.4249999999999999334, -2.794999999999999485, 1.669000000000000483 ) ) ;
#7680 = CARTESIAN_POINT ( 'NONE',  ( 5.155000000000000249, 3.645000000000000018, 1.668999999999999817 ) ) ;
#7681 = UNCERTAINTY_MEASURE_WITH_UNIT (LENGTH_MEASURE( 1.000000000000000082E-05 ), #7071, 'distance_accuracy_value', 'NONE');
#7682 = AXIS2_PLACEMENT_3D ( 'NONE', #6662, #2112, #2155 ) ;
#7683 =( NAMED_UNIT ( * ) PLANE_ANGLE_UNIT ( ) SI_UNIT ( $, .RADIAN. ) );
#7684 = CARTESIAN_POINT ( 'NONE',  ( 2.220000000000000195, 0.9500000000000000666, 3.720000000000000639 ) ) ;
#7685 = CARTESIAN_POINT ( 'NONE',  ( -4.281399556602901946, -4.445000000000001172, 7.894317055074902889 ) ) ;
#7686 = EDGE_CURVE ( 'NONE', #7848, #7533, #5953, .T. ) ;
#7687 = CARTESIAN_POINT ( 'NONE',  ( -4.281483820152398145, -4.445000000000001172, 7.352444793968761161 ) ) ;
#7688 = PLANE ( 'NONE',  #2418 ) ;
#7689 = ORIENTED_EDGE ( 'NONE', *, *, #8104, .T. ) ;
#7690 =( LENGTH_UNIT ( ) NAMED_UNIT ( * ) SI_UNIT ( .MILLI., .METRE. ) );
#7691 = CARTESIAN_POINT ( 'NONE',  ( 2.220000000000000195, 0.9499999999999999556, 2.129999999999999893 ) ) ;
#7692 = B_SPLINE_CURVE_WITH_KNOTS ( 'NONE', 1,
 ( #6772, #7546 ),
 .UNSPECIFIED., .F., .F.,
 ( 2, 2 ),
 ( 0.0000000000000000000, 1.000000000000000000 ),
 .UNSPECIFIED. ) ;
#7693 = ORIENTED_EDGE ( 'NONE', *, *, #3234, .F. ) ;
#7694 = MECHANICAL_DESIGN_GEOMETRIC_PRESENTATION_REPRESENTATION (  '', ( #2950 ), #1075 ) ;
#7695 = CARTESIAN_POINT ( 'NONE',  ( 2.220000000000000195, -1.590000000000000080, 8.460000000000000853 ) ) ;
#7696 = FACE_OUTER_BOUND ( 'NONE', #8195, .T. ) ;
#7697 = FILL_AREA_STYLE_COLOUR ( '', #2811 ) ;
#7698 = EDGE_LOOP ( 'NONE', ( #3962, #3592, #7309, #973 ) ) ;
#7699 = CARTESIAN_POINT ( 'NONE',  ( -2.220000000000000195, 1.590000000000000080, 8.300000000000000711 ) ) ;
#7700 = AXIS2_PLACEMENT_3D ( 'NONE', #2121, #4148, #4104 ) ;
#7701 = DIRECTION ( 'NONE',  ( -1.000000000000000000, 0.0000000000000000000, 0.0000000000000000000 ) ) ;
#7702 = EDGE_LOOP ( 'NONE', ( #1560, #8293, #437, #6183 ) ) ;
#7703 = EDGE_LOOP ( 'NONE', ( #4620, #2456, #182, #5934 ) ) ;
#7704 = SURFACE_SIDE_STYLE ('',( #5205 ) ) ;
#7705 = VECTOR ( 'NONE', #3074, 1000.000000000000114 ) ;
#7706 = B_SPLINE_CURVE_WITH_KNOTS ( 'NONE', 3,
 ( #3511, #5453, #1822, #2309, #7520, #1655, #7566, #2944, #3726, #505, #2990 ),
 .UNSPECIFIED., .F., .F.,
 ( 4, 1, 1, 1, 1, 1, 1, 1, 4 ),
 ( 0.0000000000000000000, 0.07737274949468417318, 0.1676142909211562060, 0.2721083165199026377, 0.3900159922754485864, 0.5213633102089996196, 0.6672722540317912454, 0.8268095210701719155, 1.000000000000000000 ),
 .UNSPECIFIED. ) ;
#7707 = CARTESIAN_POINT ( 'NONE',  ( -1.710160000000000124, -2.089999999999999858, 1.629999999999999893 ) ) ;
#7708 = CARTESIAN_POINT ( 'NONE',  ( -4.570454205903606848, -4.445000000000000284, 7.723772140767390049 ) ) ;
#7709 =( NAMED_UNIT ( * ) PLANE_ANGLE_UNIT ( ) SI_UNIT ( $, .RADIAN. ) );
#7710 = CARTESIAN_POINT ( 'NONE',  ( 1.719999999999999973, -0.4500000000000000111, 1.629999999999999893 ) ) ;
#7711 = ORIENTED_EDGE ( 'NONE', *, *, #2885, .F. ) ;
#7712 = CARTESIAN_POINT ( 'NONE',  ( -2.219999999999999751, 1.589999999999999858, 3.719999999999999751 ) ) ;
#7713 = EDGE_CURVE ( 'NONE', #6537, #1236, #7968, .T. ) ;
#7714 = PRESENTATION_STYLE_ASSIGNMENT (( #5089 ) ) ;
#7715 = CARTESIAN_POINT ( 'NONE',  ( -1.719999999999999973, -0.4500000000000000111, 1.629999999999999893 ) ) ;
#7716 = DIRECTION ( 'NONE',  ( 0.0000000000000000000, 1.000000000000000000, 0.0000000000000000000 ) ) ;
#7717 = PLANE ( 'NONE',  #3474 ) ;
#7718 = CARTESIAN_POINT ( 'NONE',  ( -3.291002495407868267, -4.345000000000000639, 7.954330446999825277 ) ) ;
#7719 = B_SPLINE_CURVE_WITH_KNOTS ( 'NONE', 1,
 ( #4925, #4753 ),
 .UNSPECIFIED., .F., .F.,
 ( 2, 2 ),
 ( 0.001280000000000000105, 0.001920000000000000049 ),
 .UNSPECIFIED. ) ;
#7720 = EDGE_CURVE ( 'NONE', #5909, #6565, #2502, .T. ) ;
#7721 = EDGE_CURVE ( 'NONE', #6613, #1674, #4129, .T. ) ;
#7722 = DIRECTION ( 'NONE',  ( 0.0000000000000000000, -1.000000000000000000, 0.0000000000000000000 ) ) ;
#7723 = FILL_AREA_STYLE ('',( #5268 ) ) ;
#7724 = CARTESIAN_POINT ( 'NONE',  ( -4.319749269075471076, -4.445000000000001172, 7.342739526645499559 ) ) ;
#7725 = ORIENTED_EDGE ( 'NONE', *, *, #6610, .F. ) ;
#7726 = SURFACE_STYLE_FILL_AREA ( #2552 ) ;
#7727 = CARTESIAN_POINT ( 'NONE',  ( -4.305000000000002380, 4.495000000000000107, 1.669000000000000483 ) ) ;
#7728 = ADVANCED_FACE ( 'NONE', ( #839 ), #2809, .F. ) ;
#7729 = EDGE_CURVE ( 'NONE', #959, #5561, #3742, .T. ) ;
#7730 = VERTEX_POINT ( 'NONE', #201 ) ;
#7731 = CARTESIAN_POINT ( 'NONE',  ( -4.709990443379631131, -4.445000000000000284, 8.066438788089465461 ) ) ;
#7732 = PLANE ( 'NONE',  #7826 ) ;
#7733 = DIRECTION ( 'NONE',  ( 4.730105980320828689E-17, -0.7071067811865480168, -0.7071067811865470176 ) ) ;
#7734 = CARTESIAN_POINT ( 'NONE',  ( -4.400461864319803240, -4.445000000000000284, 7.336078545033910991 ) ) ;
#7735 = ORIENTED_EDGE ( 'NONE', *, *, #837, .T. ) ;
#7736 = DIRECTION ( 'NONE',  ( 1.000000000000000000, 0.0000000000000000000, 0.0000000000000000000 ) ) ;
#7737 = STYLED_ITEM ( 'NONE', ( #2986 ), #469 ) ;
#7738 = DIRECTION ( 'NONE',  ( 0.0000000000000000000, -1.000000000000000000, 0.0000000000000000000 ) ) ;
#7739 = VERTEX_POINT ( 'NONE', #4180 ) ;
#7740 = ADVANCED_FACE ( 'NONE', ( #3512 ), #1179, .T. ) ;
#7741 = ORIENTED_EDGE ( 'NONE', *, *, #2685, .F. ) ;
#7742 = B_SPLINE_CURVE_WITH_KNOTS ( 'NONE', 1,
 ( #6200, #2975 ),
 .UNSPECIFIED., .F., .F.,
 ( 2, 2 ),
 ( 0.001920000000000000049, 0.002560000000000000209 ),
 .UNSPECIFIED. ) ;
#7743 = CARTESIAN_POINT ( 'NONE',  ( -2.944161798263020824, -4.445000000000000284, 8.306085442244029338 ) ) ;
#7744 = CARTESIAN_POINT ( 'NONE',  ( 0.8199999999999999512, 2.089999999999999858, 1.629999999999999893 ) ) ;
#7745 = CARTESIAN_POINT ( 'NONE',  ( -4.808606579630965605, -4.344999999999999751, 7.709912435360364746 ) ) ;
#7746 = CARTESIAN_POINT ( 'NONE',  ( 7.620000000000000107, -1.649999999999999911, 8.030000000000001137 ) ) ;
#7747 = CARTESIAN_POINT ( 'NONE',  ( -2.860000000000000320, -1.590000000000000080, 2.129999999999999893 ) ) ;
#7748 = VECTOR ( 'NONE', #704, 1000.000000000000000 ) ;
#7749 = ORIENTED_EDGE ( 'NONE', *, *, #4566, .T. ) ;
#7750 = CARTESIAN_POINT ( 'NONE',  ( -3.157436042913010610, -4.345000000000000639, 7.987227557716233939 ) ) ;
#7751 = UNCERTAINTY_MEASURE_WITH_UNIT (LENGTH_MEASURE( 1.000000000000000082E-05 ), #4247, 'distance_accuracy_value', 'NONE');
#7752 = CARTESIAN_POINT ( 'NONE',  ( 5.160099999999999909, -4.075099999999999945, 1.239999999999999991 ) ) ;
#7753 = MECHANICAL_DESIGN_GEOMETRIC_PRESENTATION_REPRESENTATION (  '', ( #2470 ), #1684 ) ;
#7754 = LINE ( 'NONE', #8268, #1555 ) ;
#7755 =( NAMED_UNIT ( * ) SI_UNIT ( $, .STERADIAN. ) SOLID_ANGLE_UNIT ( ) );
#7756 = PLANE ( 'NONE',  #3774 ) ;
#7757 = SURFACE_STYLE_USAGE ( .BOTH. , #7888 ) ;
#7758 =( LENGTH_UNIT ( ) NAMED_UNIT ( * ) SI_UNIT ( .MILLI., .METRE. ) );
#7759 =( BOUNDED_CURVE ( )  B_SPLINE_CURVE ( 3, ( #3044, #2858, #974, #4231 ),
 .UNSPECIFIED., .F., .F. ) 
 B_SPLINE_CURVE_WITH_KNOTS ( ( 4, 4 ),
 ( 0.0000000000000000000, 3.141592653589787343 ),
 .UNSPECIFIED. ) 
 CURVE ( )  GEOMETRIC_REPRESENTATION_ITEM ( )  RATIONAL_B_SPLINE_CURVE ( ( 1.000000000000000000, 0.3333333333333305948, 0.3333333333333299842, 0.9999999999999994449 ) ) 
 REPRESENTATION_ITEM ( '' )  );
#7760 = LINE ( 'NONE', #3942, #4004 ) ;
#7761 = DIRECTION ( 'NONE',  ( -1.000000000000000000, 0.0000000000000000000, 0.0000000000000000000 ) ) ;
#7762 = CARTESIAN_POINT ( 'NONE',  ( -4.572186623935188265, -4.445000000000001172, 7.761415333896090729 ) ) ;
#7763 = CARTESIAN_POINT ( 'NONE',  ( -4.386752919811830687, -4.344999999999998863, 7.336434914379193373 ) ) ;
#7764 = EDGE_CURVE ( 'NONE', #4778, #4929, #1867, .T. ) ;
#7765 = DIRECTION ( 'NONE',  ( 1.000000000000000000, 0.0000000000000000000, 0.0000000000000000000 ) ) ;
#7767 = LINE ( 'NONE', #1346, #1671 ) ;
#7766 = AXIS2_PLACEMENT_3D ( 'NONE', #8232, #5487, #4978 ) ;
#7768 =( NAMED_UNIT ( * ) PLANE_ANGLE_UNIT ( ) SI_UNIT ( $, .RADIAN. ) );
#7769 = CARTESIAN_POINT ( 'NONE',  ( -4.024111903373251309, -4.445000000000000284, 7.912064734567745283 ) ) ;
#7770 = ORIENTED_EDGE ( 'NONE', *, *, #757, .F. ) ;
#7771 = CARTESIAN_POINT ( 'NONE',  ( -3.486716538465101323, -4.445000000000000284, 8.184102049307414362 ) ) ;
#7772 = CARTESIAN_POINT ( 'NONE',  ( -3.486716538465101323, -4.445000000000000284, 8.455469570674935653 ) ) ;
#7773 = CARTESIAN_POINT ( 'NONE',  ( -0.8199999999999999512, 0.4500000000000000111, 1.629999999999999893 ) ) ;
#7774 = STYLED_ITEM ( 'NONE', ( #1180 ), #1886 ) ;
#7775 = B_SPLINE_CURVE_WITH_KNOTS ( 'NONE', 1,
 ( #541, #5705 ),
 .UNSPECIFIED., .F., .F.,
 ( 2, 2 ),
 ( 0.0000000000000000000, 0.006199999999999999782 ),
 .UNSPECIFIED. ) ;
#7776 = EDGE_CURVE ( 'NONE', #3844, #7827, #5064, .T. ) ;
#7777 = DIRECTION ( 'NONE',  ( 3.428307264776295207E-16, 1.000000000000000000, 0.0000000000000000000 ) ) ;
#7778 = ADVANCED_FACE ( 'NONE', ( #5634 ), #4943, .T. ) ;
#7779 = ORIENTED_EDGE ( 'NONE', *, *, #6471, .T. ) ;
#7780 = SURFACE_SIDE_STYLE ('',( #5198 ) ) ;
#7781 = FILL_AREA_STYLE ('',( #5 ) ) ;
#7782 = ORIENTED_EDGE ( 'NONE', *, *, #5932, .T. ) ;
#7783 = MECHANICAL_DESIGN_GEOMETRIC_PRESENTATION_REPRESENTATION (  '', ( #5343 ), #81 ) ;
#7784 = VECTOR ( 'NONE', #6586, 1000.000000000000000 ) ;
#7785 = ORIENTED_EDGE ( 'NONE', *, *, #2172, .T. ) ;
#7786 = DIRECTION ( 'NONE',  ( 0.0000000000000000000, 0.0000000000000000000, -1.000000000000000000 ) ) ;
#7787 = CARTESIAN_POINT ( 'NONE',  ( -4.468393324555852253, -4.445000000000002949, 7.586172390093357087 ) ) ;
#7788 = ADVANCED_FACE ( 'NONE', ( #7521 ), #1823, .T. ) ;
#7789 = MECHANICAL_DESIGN_GEOMETRIC_PRESENTATION_REPRESENTATION (  '', ( #5772 ), #620 ) ;
#7790 = PLANE ( 'NONE',  #5516 ) ;
#7791 = SURFACE_STYLE_USAGE ( .BOTH. , #5210 ) ;
#7792 = ORIENTED_EDGE ( 'NONE', *, *, #4472, .F. ) ;
#7793 = CARTESIAN_POINT ( 'NONE',  ( -2.220000000000000195, 0.9499999999999999556, 3.720000000000000639 ) ) ;
#7794 = B_SPLINE_CURVE_WITH_KNOTS ( 'NONE', 1,
 ( #2261, #4930 ),
 .UNSPECIFIED., .F., .F.,
 ( 2, 2 ),
 ( 0.04195999999999999730, 0.04836000000000000021 ),
 .UNSPECIFIED. ) ;
#7795 = VECTOR ( 'NONE', #4563, 1000.000000000000000 ) ;
#7796 = B_SPLINE_CURVE_WITH_KNOTS ( 'NONE', 1,
 ( #1076, #4956 ),
 .UNSPECIFIED., .F., .F.,
 ( 2, 2 ),
 ( 0.0009881553119099998912, 0.001562611576560000038 ),
 .UNSPECIFIED. ) ;
#7797 = CARTESIAN_POINT ( 'NONE',  ( 4.304999999999999716, 3.645000000000000018, 1.201000000000000068 ) ) ;
#7798 = CARTESIAN_POINT ( 'NONE',  ( 2.220000000000000195, 0.9500000000000000666, 3.720000000000000639 ) ) ;
#7799 = SURFACE_STYLE_FILL_AREA ( #5217 ) ;
#7800 = CARTESIAN_POINT ( 'NONE',  ( -2.860000000000000320, -0.9499999999999999556, 3.720000000000000639 ) ) ;
#7801 = STYLED_ITEM ( 'NONE', ( #1781 ), #4523 ) ;
#7802 = LINE ( 'NONE', #8351, #1385 ) ;
#7803 = PLANE ( 'NONE',  #1975 ) ;
#7804 = CARTESIAN_POINT ( 'NONE',  ( 0.1200000000000000094, 1.389999999999999902, 8.959999999999999076 ) ) ;
#7805 = CARTESIAN_POINT ( 'NONE',  ( 5.154999999999997584, 2.794999999999999485, 1.201000000000000512 ) ) ;
#7806 = EDGE_LOOP ( 'NONE', ( #7779, #929, #4381, #3603 ) ) ;
#7807 = FACE_OUTER_BOUND ( 'NONE', #5902, .T. ) ;
#7808 = DIRECTION ( 'NONE',  ( 0.7071067811865475727, 7.925796993845377550E-17, 0.7071067811865475727 ) ) ;
#7809 = CARTESIAN_POINT ( 'NONE',  ( 0.0000000000000000000, 0.0000000000000000000, -1.330000000000000071 ) ) ;
#7810 = B_SPLINE_CURVE_WITH_KNOTS ( 'NONE', 1,
 ( #7057, #3818 ),
 .UNSPECIFIED., .F., .F.,
 ( 2, 2 ),
 ( -1.000000000000000000, -0.3497942386831276451 ),
 .UNSPECIFIED. ) ;
#7811 = FACE_OUTER_BOUND ( 'NONE', #617, .T. ) ;
#7812 =( BOUNDED_CURVE ( )  B_SPLINE_CURVE ( 3, ( #5002, #2566, #6323, #1204 ),
 .UNSPECIFIED., .F., .F. ) 
 B_SPLINE_CURVE_WITH_KNOTS ( ( 4, 4 ),
 ( 3.141592653589794448, 6.283185307179590673 ),
 .UNSPECIFIED. ) 
 CURVE ( )  GEOMETRIC_REPRESENTATION_ITEM ( )  RATIONAL_B_SPLINE_CURVE ( ( 0.9999999999999990008, 0.3333333333333299286, 0.3333333333333308723, 1.000000000000000000 ) ) 
 REPRESENTATION_ITEM ( '' )  );
#7813 = ORIENTED_EDGE ( 'NONE', *, *, #216, .T. ) ;
#7814 = COLOUR_RGB ( '',1.000000000000000000, 1.000000000000000000, 1.000000000000000000 ) ;
#7815 = B_SPLINE_CURVE_WITH_KNOTS ( 'NONE', 1,
 ( #915, #4693 ),
 .UNSPECIFIED., .F., .F.,
 ( 2, 2 ),
 ( 0.0000000000000000000, 1.000000000000000000 ),
 .UNSPECIFIED. ) ;
#7816 = CARTESIAN_POINT ( 'NONE',  ( -5.154999999999997584, 2.794999999999999485, 1.669000000000000483 ) ) ;
#7817 = CARTESIAN_POINT ( 'NONE',  ( -3.995530641029204411, -4.344999999999999751, 7.747899959296731254 ) ) ;
#7818 = VERTEX_POINT ( 'NONE', #6882 ) ;
#7819 = EDGE_CURVE ( 'NONE', #4423, #5107, #6742, .T. ) ;
#7820 = DIRECTION ( 'NONE',  ( 1.000000000000000000, 0.0000000000000000000, 0.0000000000000000000 ) ) ;
#7821 = CARTESIAN_POINT ( 'NONE',  ( -3.290014857271203130, -4.445000000000000284, 8.190895056435310906 ) ) ;
#7822 =( GEOMETRIC_REPRESENTATION_CONTEXT ( 3 ) GLOBAL_UNCERTAINTY_ASSIGNED_CONTEXT ( ( #5131 ) ) GLOBAL_UNIT_ASSIGNED_CONTEXT ( ( #4487, #119, #4562 ) ) REPRESENTATION_CONTEXT ( 'NONE', 'WORKASPACE' ) );
#7823 = ORIENTED_EDGE ( 'NONE', *, *, #4530, .T. ) ;
#7824 = DIRECTION ( 'NONE',  ( -0.7071067811865470176, 0.0000000000000000000, 0.7071067811865480168 ) ) ;
#7825 = DIRECTION ( 'NONE',  ( 0.0000000000000000000, -1.000000000000000000, 0.0000000000000000000 ) ) ;
#7826 = AXIS2_PLACEMENT_3D ( 'NONE', #1309, #667, #3253 ) ;
#7827 = VERTEX_POINT ( 'NONE', #8288 ) ;
#7828 = ORIENTED_EDGE ( 'NONE', *, *, #3082, .F. ) ;
#7829 = EDGE_CURVE ( 'NONE', #4654, #7470, #515, .T. ) ;
#7830 = EDGE_CURVE ( 'NONE', #6118, #2194, #2016, .T. ) ;
#7831 = CARTESIAN_POINT ( 'NONE',  ( 7.169999999999999929, -3.915000000000000036, 10.51999999999999957 ) ) ;
#7832 = VECTOR ( 'NONE', #4271, 1000.000000000000000 ) ;
#7833 = CARTESIAN_POINT ( 'NONE',  ( -2.947989559725314734, -4.344999999999999751, 8.252538457199447564 ) ) ;
#7834 = SURFACE_STYLE_FILL_AREA ( #2652 ) ;
#7835 = DIRECTION ( 'NONE',  ( -0.0000000000000000000, 1.000000000000000000, -0.0000000000000000000 ) ) ;
#7836 = VERTEX_POINT ( 'NONE', #7567 ) ;
#7837 = DIRECTION ( 'NONE',  ( 1.000000000000000000, 0.0000000000000000000, 0.0000000000000000000 ) ) ;
#7838 = ADVANCED_FACE ( 'NONE', ( #1192 ), #2475, .T. ) ;
#7839 = DIRECTION ( 'NONE',  ( 1.000000000000000000, 0.0000000000000000000, 0.0000000000000000000 ) ) ;
#7840 = SURFACE_STYLE_FILL_AREA ( #3978 ) ;
#7841 = SURFACE_STYLE_USAGE ( .BOTH. , #4500 ) ;
#7842 = CARTESIAN_POINT ( 'NONE',  ( 2.086593607092810831, 1.723406392907189666, -2.267708955550459926 ) ) ;
#7843 = CARTESIAN_POINT ( 'NONE',  ( -0.3200000000000000067, 1.590000000000000080, 1.969999999999999973 ) ) ;
#7844 = VECTOR ( 'NONE', #6219, 1000.000000000000000 ) ;
#7845 = CARTESIAN_POINT ( 'NONE',  ( 0.3200000000000000067, 0.9499999999999999556, -1.029999999999994920 ) ) ;
#7846 =( LENGTH_UNIT ( ) NAMED_UNIT ( * ) SI_UNIT ( .MILLI., .METRE. ) );
#7847 = SURFACE_STYLE_FILL_AREA ( #5945 ) ;
#7848 = VERTEX_POINT ( 'NONE', #4446 ) ;
#7849 = ADVANCED_FACE ( 'NONE', ( #6924 ), #833, .T. ) ;
#7850 = CARTESIAN_POINT ( 'NONE',  ( 5.412090639330994435, 4.834533315349337279, 11.40900000000000247 ) ) ;
#7851 = DIRECTION ( 'NONE',  ( -0.4682379421518986784, 0.4682379421518989560, -0.7493373466328167032 ) ) ;
#7852 = CARTESIAN_POINT ( 'NONE',  ( -4.113806185577671748, -4.344999999999999751, 7.455422152393479607 ) ) ;
#7853 = B_SPLINE_CURVE_WITH_KNOTS ( 'NONE', 1,
 ( #145, #7321 ),
 .UNSPECIFIED., .F., .F.,
 ( 2, 2 ),
 ( -0.001186129567679999972, -0.0003201041638899999701 ),
 .UNSPECIFIED. ) ;
#7854 = DIRECTION ( 'NONE',  ( 0.0000000000000000000, 1.000000000000000000, 0.0000000000000000000 ) ) ;
#7855 = SURFACE_STYLE_USAGE ( .BOTH. , #2092 ) ;
#7856 = PLANE ( 'NONE',  #2329 ) ;
#7857 = CARTESIAN_POINT ( 'NONE',  ( -4.011230797358971145, -4.445000000000000284, 7.873603958459743701 ) ) ;
#7858 = ORIENTED_EDGE ( 'NONE', *, *, #3176, .F. ) ;
#7859 = SURFACE_STYLE_USAGE ( .BOTH. , #5275 ) ;
#7860 = CARTESIAN_POINT ( 'NONE',  ( -4.304999999999999716, -3.645000000000000018, 0.8499999999999999778 ) ) ;
#7861 = CARTESIAN_POINT ( 'NONE',  ( -4.305000000000001492, 4.495000000000004547, 1.630000000000000115 ) ) ;
#7862 = CARTESIAN_POINT ( 'NONE',  ( -4.809633205131768285, -4.344999999999998863, 7.749755010712329195 ) ) ;
#7863 = EDGE_LOOP ( 'NONE', ( #2127, #971, #7662, #6229 ) ) ;
#7864 = DIRECTION ( 'NONE',  ( -0.0000000000000000000, 1.000000000000000000, 0.0000000000000000000 ) ) ;
#7865 = EDGE_CURVE ( 'NONE', #92, #4856, #3825, .T. ) ;
#7866 = ORIENTED_EDGE ( 'NONE', *, *, #1686, .T. ) ;
#7867 = B_SPLINE_CURVE_WITH_KNOTS ( 'NONE', 1,
 ( #8000, #297 ),
 .UNSPECIFIED., .F., .F.,
 ( 2, 2 ),
 ( -0.0009881553119099998912, -0.0003481553119099999472 ),
 .UNSPECIFIED. ) ;
#7868 = VERTEX_POINT ( 'NONE', #589 ) ;
#7869 = B_SPLINE_CURVE_WITH_KNOTS ( 'NONE', 1,
 ( #3827, #3902 ),
 .UNSPECIFIED., .F., .F.,
 ( 2, 2 ),
 ( -0.001806093129679999963, -0.001166093129679999802 ),
 .UNSPECIFIED. ) ;
#7870 = CARTESIAN_POINT ( 'NONE',  ( -4.305000000000002380, 4.495000000000000107, 1.201000000000000512 ) ) ;
#7871 = AXIS2_PLACEMENT_3D ( 'NONE', #2081, #649, #1995 ) ;
#7872 = CARTESIAN_POINT ( 'NONE',  ( -3.486716538465101323, -4.344999999999999751, 7.946655468110833453 ) ) ;
#7873 = CARTESIAN_POINT ( 'NONE',  ( -2.944161798263020824, -4.445000000000000284, 8.306085442244029338 ) ) ;
#7874 = CARTESIAN_POINT ( 'NONE',  ( -3.181636863431398510, -4.445000000000000284, 8.323596802334623845 ) ) ;
#7875 = EDGE_CURVE ( 'NONE', #7545, #7032, #4649, .T. ) ;
#7876 = DIRECTION ( 'NONE',  ( 0.0000000000000000000, 1.000000000000000000, 0.0000000000000000000 ) ) ;
#7877 = ORIENTED_EDGE ( 'NONE', *, *, #3798, .T. ) ;
#7878 = SURFACE_STYLE_USAGE ( .BOTH. , #2033 ) ;
#7879 = PRESENTATION_LAYER_ASSIGNMENT (  '', '', ( #7175 ) ) ;
#7880 = LINE ( 'NONE', #685, #4804 ) ;
#7881 =( LENGTH_UNIT ( ) NAMED_UNIT ( * ) SI_UNIT ( .MILLI., .METRE. ) );
#7882 = PLANE ( 'NONE',  #7700 ) ;
#7883 = STYLED_ITEM ( 'NONE', ( #8087 ), #1050 ) ;
#7884 = CARTESIAN_POINT ( 'NONE',  ( -4.386752919811830687, -4.445000000000000284, 7.336434914379193373 ) ) ;
#7885 = DIRECTION ( 'NONE',  ( 0.0000000000000000000, -1.000000000000000000, 0.0000000000000000000 ) ) ;
#7886 = EDGE_CURVE ( 'NONE', #6602, #6374, #1997, .T. ) ;
#7887 = ADVANCED_FACE ( 'NONE', ( #6458 ), #7732, .T. ) ;
#7888 = SURFACE_SIDE_STYLE ('',( #4503 ) ) ;
#7889 = CARTESIAN_POINT ( 'NONE',  ( -4.572186623935188265, -4.445000000000001172, 7.761415333896090729 ) ) ;
#7890 = CARTESIAN_POINT ( 'NONE',  ( -0.3200000000000000067, -1.590000000000000080, 8.460000000000000853 ) ) ;
#7891 = ORIENTED_EDGE ( 'NONE', *, *, #7294, .T. ) ;
#7892 = VECTOR ( 'NONE', #2635, 1000.000000000000000 ) ;
#7893 = SURFACE_STYLE_FILL_AREA ( #2750 ) ;
#7894 = SURFACE_STYLE_FILL_AREA ( #817 ) ;
#7895 = LINE ( 'NONE', #1592, #1568 ) ;
#7896 = EDGE_CURVE ( 'NONE', #3297, #1567, #5194, .T. ) ;
#7897 = ORIENTED_EDGE ( 'NONE', *, *, #895, .F. ) ;
#7898 = DIRECTION ( 'NONE',  ( -0.0000000000000000000, 1.000000000000000000, -0.0000000000000000000 ) ) ;
#7899 = PLANE ( 'NONE',  #510 ) ;
#7900 = ORIENTED_EDGE ( 'NONE', *, *, #607, .T. ) ;
#7901 = CARTESIAN_POINT ( 'NONE',  ( 0.4249999999999999334, -2.794999999999999485, 1.669000000000000483 ) ) ;
#7902 = PLANE ( 'NONE',  #6481 ) ;
#7903 = CARTESIAN_POINT ( 'NONE',  ( 0.0000000000000000000, 0.0000000000000000000, -1.330000000000000071 ) ) ;
#7904 = B_SPLINE_CURVE_WITH_KNOTS ( 'NONE', 1,
 ( #2209, #186 ),
 .UNSPECIFIED., .F., .F.,
 ( 2, 2 ),
 ( 0.0005916368650299999804, 0.001166093129679999802 ),
 .UNSPECIFIED. ) ;
#7905 = PRESENTATION_LAYER_ASSIGNMENT (  '', '', ( #5773 ) ) ;
#7906 = ORIENTED_EDGE ( 'NONE', *, *, #7097, .F. ) ;
#7907 =( NAMED_UNIT ( * ) PLANE_ANGLE_UNIT ( ) SI_UNIT ( $, .RADIAN. ) );
#7908 = ORIENTED_EDGE ( 'NONE', *, *, #479, .T. ) ;
#7909 = ORIENTED_EDGE ( 'NONE', *, *, #8028, .T. ) ;
#7910 =( NAMED_UNIT ( * ) PLANE_ANGLE_UNIT ( ) SI_UNIT ( $, .RADIAN. ) );
#7911 = VECTOR ( 'NONE', #1339, 1000.000000000000114 ) ;
#7912 = CARTESIAN_POINT ( 'NONE',  ( -4.041364886809619250, -4.344999999999999751, 7.552709405457360248 ) ) ;
#7913 = CARTESIAN_POINT ( 'NONE',  ( -3.036382855553991345, -4.444999999999999396, 8.069837289245683110 ) ) ;
#7914 = DIRECTION ( 'NONE',  ( 1.000000000000000000, 0.0000000000000000000, 0.0000000000000000000 ) ) ;
#7916 = CARTESIAN_POINT ( 'NONE',  ( -4.282718693127464782, -4.445000000000001172, 7.626289644546489832 ) ) ;
#7915 = COLOUR_RGB ( '',1.000000000000000000, 1.000000000000000000, 1.000000000000000000 ) ;
#7917 = VERTEX_POINT ( 'NONE', #3380 ) ;
#7918 = B_SPLINE_CURVE_WITH_KNOTS ( 'NONE', 1,
 ( #7158, #3956 ),
 .UNSPECIFIED., .F., .F.,
 ( 2, 2 ),
 ( 0.01008000000000000042, 0.01171999999999999952 ),
 .UNSPECIFIED. ) ;
#7919 = PLANE ( 'NONE',  #1202 ) ;
#7920 = EDGE_CURVE ( 'NONE', #4207, #4839, #315, .T. ) ;
#7921 = VECTOR ( 'NONE', #3373, 1000.000000000000114 ) ;
#7922 = CARTESIAN_POINT ( 'NONE',  ( 5.154999999999997584, 4.495000000000000107, 0.8499999999999999778 ) ) ;
#7923 = COLOUR_RGB ( '',0.1019607843137254888, 0.1019607843137254888, 0.1019607843137254888 ) ;
#7924 = CARTESIAN_POINT ( 'NONE',  ( 7.839999999999999858, -3.314999999999999947, 3.720000000000000195 ) ) ;
#7925 = CARTESIAN_POINT ( 'NONE',  ( 3.360000000000000320, -2.089999999999999858, 1.629999999999999893 ) ) ;
#7926 = CARTESIAN_POINT ( 'NONE',  ( -0.3200000000000000067, 0.9499999999999999556, 2.129999999999999893 ) ) ;
#7927 = UNCERTAINTY_MEASURE_WITH_UNIT (LENGTH_MEASURE( 1.000000000000000082E-05 ), #1253, 'distance_accuracy_value', 'NONE');
#7928 = VERTEX_POINT ( 'NONE', #7977 ) ;
#7929 = EDGE_CURVE ( 'NONE', #4272, #5711, #3121, .T. ) ;
#7930 = ADVANCED_FACE ( 'NONE', ( #6005 ), #7419, .F. ) ;
#7931 = PRESENTATION_STYLE_ASSIGNMENT (( #4027 ) ) ;
#7932 = PLANE ( 'NONE',  #6731 ) ;
#7933 = COLOUR_RGB ( '',1.000000000000000000, 1.000000000000000000, 1.000000000000000000 ) ;
#7934 = FILL_AREA_STYLE ('',( #1505 ) ) ;
#7935 = CARTESIAN_POINT ( 'NONE',  ( -0.3200000000000000067, -0.9499999999999999556, 8.460000000000000853 ) ) ;
#7936 = ORIENTED_EDGE ( 'NONE', *, *, #6853, .F. ) ;
#7937 = SURFACE_STYLE_USAGE ( .BOTH. , #7198 ) ;
#7938 = B_SPLINE_CURVE_WITH_KNOTS ( 'NONE', 1,
 ( #5538, #6128 ),
 .UNSPECIFIED., .F., .F.,
 ( 2, 2 ),
 ( 0.0000000000000000000, 1.000000000000000000 ),
 .UNSPECIFIED. ) ;
#7939 = FACE_OUTER_BOUND ( 'NONE', #3517, .T. ) ;
#7940 = ORIENTED_EDGE ( 'NONE', *, *, #6442, .F. ) ;
#7941 = EDGE_CURVE ( 'NONE', #4729, #5356, #1513, .T. ) ;
#7942 = CARTESIAN_POINT ( 'NONE',  ( -4.663350365497768379, -4.445000000000001172, 7.432100130745006084 ) ) ;
#7943 = CARTESIAN_POINT ( 'NONE',  ( 6.570000000000000284, -1.649999999999999911, 3.720000000000000195 ) ) ;
#7944 = ORIENTED_EDGE ( 'NONE', *, *, #6779, .F. ) ;
#7945 =( NAMED_UNIT ( * ) SI_UNIT ( $, .STERADIAN. ) SOLID_ANGLE_UNIT ( ) );
#7946 = CARTESIAN_POINT ( 'NONE',  ( -3.149269604465811501, -4.344999999999999751, 8.654330157141984614 ) ) ;
#7947 = EDGE_LOOP ( 'NONE', ( #6655, #7661, #898, #4366, #4641 ) ) ;
#7948 = B_SPLINE_CURVE_WITH_KNOTS ( 'NONE', 1,
 ( #6338, #537 ),
 .UNSPECIFIED., .F., .F.,
 ( 2, 2 ),
 ( 0.01123000000000000040, 0.01235999999999999946 ),
 .UNSPECIFIED. ) ;
#7949 = ORIENTED_EDGE ( 'NONE', *, *, #273, .F. ) ;
#7950 = AXIS2_PLACEMENT_3D ( 'NONE', #873, #960, #1604 ) ;
#7951 = CARTESIAN_POINT ( 'NONE',  ( -4.304999999999999716, 3.645000000000000018, 1.201000000000000068 ) ) ;
#7952 =( NAMED_UNIT ( * ) SI_UNIT ( $, .STERADIAN. ) SOLID_ANGLE_UNIT ( ) );
#7953 = CARTESIAN_POINT ( 'NONE',  ( 7.620000000000000107, -1.649999999999999911, 8.030000000000001137 ) ) ;
#7954 = CARTESIAN_POINT ( 'NONE',  ( -3.104255022388380247, -4.344999999999997975, 8.015417771666275115 ) ) ;
#7955 = B_SPLINE_CURVE_WITH_KNOTS ( 'NONE', 1,
 ( #4888, #408 ),
 .UNSPECIFIED., .F., .F.,
 ( 2, 2 ),
 ( 0.08333333333333335646, 0.9166666666666667407 ),
 .UNSPECIFIED. ) ;
#7956 = DIRECTION ( 'NONE',  ( 0.0000000000000000000, 0.0000000000000000000, -1.000000000000000000 ) ) ;
#7957 = VECTOR ( 'NONE', #6287, 1000.000000000000000 ) ;
#7958 = EDGE_LOOP ( 'NONE', ( #7300, #7154, #1010, #560 ) ) ;
#7959 = SURFACE_STYLE_FILL_AREA ( #805 ) ;
#7960 = CARTESIAN_POINT ( 'NONE',  ( 7.620000000000000107, 4.445000000000000284, 10.51999999999999957 ) ) ;
#7961 = CARTESIAN_POINT ( 'NONE',  ( 0.0000000000000000000, -1.137460805572797939, -1.330000000000000071 ) ) ;
#7962 = SURFACE_STYLE_USAGE ( .BOTH. , #7274 ) ;
#7963 = SURFACE_STYLE_USAGE ( .BOTH. , #980 ) ;
#7964 = CARTESIAN_POINT ( 'NONE',  ( -7.620000000000000107, 1.649999999999999911, 8.030000000000001137 ) ) ;
#7965 = CARTESIAN_POINT ( 'NONE',  ( -0.3200000000000000067, 1.590000000000000080, 1.169999999999999929 ) ) ;
#7966 = DIRECTION ( 'NONE',  ( -1.000000000000000000, 0.0000000000000000000, 0.0000000000000000000 ) ) ;
#7967 = ORIENTED_EDGE ( 'NONE', *, *, #1744, .T. ) ;
#7968 = B_SPLINE_CURVE_WITH_KNOTS ( 'NONE', 1,
 ( #7540, #3051 ),
 .UNSPECIFIED., .F., .F.,
 ( 2, 2 ),
 ( 0.0000000000000000000, 1.000000000000000000 ),
 .UNSPECIFIED. ) ;
#7969 = DIRECTION ( 'NONE',  ( 0.0000000000000000000, -1.000000000000000000, 0.0000000000000000000 ) ) ;
#7970 =( LENGTH_UNIT ( ) NAMED_UNIT ( * ) SI_UNIT ( .MILLI., .METRE. ) );
#7971 = SURFACE_STYLE_USAGE ( .BOTH. , #2792 ) ;
#7972 = VERTEX_POINT ( 'NONE', #1552 ) ;
#7973 = ADVANCED_FACE ( 'NONE', ( #3420 ), #156, .F. ) ;
#7974 = CARTESIAN_POINT ( 'NONE',  ( -4.405762011221511898, -4.344999999999998863, 7.946655468110833453 ) ) ;
#7975 = VERTEX_POINT ( 'NONE', #4126 ) ;
#7976 = CARTESIAN_POINT ( 'NONE',  ( -0.3200000000000000067, -1.590000000000000080, 2.129999999999999893 ) ) ;
#7977 = CARTESIAN_POINT ( 'NONE',  ( -2.860000000000000320, 1.590000000000000080, 3.720000000000000195 ) ) ;
#7978 = CARTESIAN_POINT ( 'NONE',  ( -7.620000000000000107, -4.445000000000000284, 1.629999999999999893 ) ) ;
#7979 = CARTESIAN_POINT ( 'NONE',  ( -4.414797254293685747, -4.344999999999997975, 7.336370998446009928 ) ) ;
#7980 = ORIENTED_EDGE ( 'NONE', *, *, #32, .F. ) ;
#7981 = B_SPLINE_CURVE_WITH_KNOTS ( 'NONE', 1,
 ( #4304, #4889 ),
 .UNSPECIFIED., .F., .F.,
 ( 2, 2 ),
 ( 0.0005916368650299999804, 0.001166093129679999802 ),
 .UNSPECIFIED. ) ;
#7982 = FACE_OUTER_BOUND ( 'NONE', #8117, .T. ) ;
#7983 = ADVANCED_FACE ( 'NONE', ( #7252 ), #3500, .T. ) ;
#7984 = ADVANCED_FACE ( 'NONE', ( #6084 ), #275, .F. ) ;
#7985 = CARTESIAN_POINT ( 'NONE',  ( -3.459155774576212483, -4.344999999999999751, 8.692916151871516561 ) ) ;
#7986 = ORIENTED_EDGE ( 'NONE', *, *, #1318, .F. ) ;
#7987 = EDGE_LOOP ( 'NONE', ( #2867, #3351 ) ) ;
#7988 = CARTESIAN_POINT ( 'NONE',  ( -5.154999999999997584, 2.794999999999999485, 1.201000000000000512 ) ) ;
#7989 = PRESENTATION_STYLE_ASSIGNMENT (( #6132 ) ) ;
#7990 = PLANE ( 'NONE',  #741 ) ;
#7991 = PRESENTATION_STYLE_ASSIGNMENT (( #3393 ) ) ;
#7992 = ORIENTED_EDGE ( 'NONE', *, *, #5509, .F. ) ;
#7993 = EDGE_CURVE ( 'NONE', #1460, #1069, #2690, .T. ) ;
#7994 = VERTEX_POINT ( 'NONE', #870 ) ;
#7995 = ORIENTED_EDGE ( 'NONE', *, *, #3331, .T. ) ;
#7996 = UNCERTAINTY_MEASURE_WITH_UNIT (LENGTH_MEASURE( 1.000000000000000082E-05 ), #5608, 'distance_accuracy_value', 'NONE');
#7997 = DIRECTION ( 'NONE',  ( 0.0000000000000000000, 0.0000000000000000000, -1.000000000000000000 ) ) ;
#7998 = AXIS2_PLACEMENT_3D ( 'NONE', #8263, #7623, #3005 ) ;
#7999 = CARTESIAN_POINT ( 'NONE',  ( -3.196632843240733379, -4.445000000000001172, 8.383972466898629960 ) ) ;
#8000 = CARTESIAN_POINT ( 'NONE',  ( 0.3200000000000000067, 1.590000000000000080, 8.460000000000000853 ) ) ;
#8001 = DIRECTION ( 'NONE',  ( -0.7071067811865470176, 0.0000000000000000000, 0.7071067811865480168 ) ) ;
#8002 = ORIENTED_EDGE ( 'NONE', *, *, #8029, .F. ) ;
#8003 = FILL_AREA_STYLE ('',( #1451 ) ) ;
#8004 = VERTEX_POINT ( 'NONE', #7373 ) ;
#8005 = SURFACE_STYLE_FILL_AREA ( #8136 ) ;
#8006 = CARTESIAN_POINT ( 'NONE',  ( 5.155000000000000249, 3.645000000000000018, 1.629999999999999893 ) ) ;
#8007 = DIRECTION ( 'NONE',  ( 0.0000000000000000000, -1.000000000000000000, 0.0000000000000000000 ) ) ;
#8008 = CARTESIAN_POINT ( 'NONE',  ( -4.373961129811255510, -4.344999999999999751, 8.726837092042458721 ) ) ;
#8009 = CARTESIAN_POINT ( 'NONE',  ( -4.163810305158477831, -4.445000000000000284, 8.620304139318099246 ) ) ;
#8010 = ORIENTED_EDGE ( 'NONE', *, *, #308, .F. ) ;
#8011 =( NAMED_UNIT ( * ) SI_UNIT ( $, .STERADIAN. ) SOLID_ANGLE_UNIT ( ) );
#8012 = CARTESIAN_POINT ( 'NONE',  ( 6.570000000000000284, 1.649999999999999911, 1.629999999999999893 ) ) ;
#8013 = PRESENTATION_LAYER_ASSIGNMENT (  '', '', ( #3295 ) ) ;
#8014 = UNCERTAINTY_MEASURE_WITH_UNIT (LENGTH_MEASURE( 1.000000000000000082E-05 ), #34, 'distance_accuracy_value', 'NONE');
#8015 = VERTEX_POINT ( 'NONE', #1601 ) ;
#8016 = CARTESIAN_POINT ( 'NONE',  ( 0.3200000000000000067, 1.590000000000000080, -1.029999999999994476 ) ) ;
#8017 = ADVANCED_FACE ( 'NONE', ( #2839 ), #7902, .T. ) ;
#8018 = SURFACE_SIDE_STYLE ('',( #4728 ) ) ;
#8019 =( NAMED_UNIT ( * ) SI_UNIT ( $, .STERADIAN. ) SOLID_ANGLE_UNIT ( ) );
#8020 = ORIENTED_EDGE ( 'NONE', *, *, #6713, .F. ) ;
#8021 = CARTESIAN_POINT ( 'NONE',  ( 5.155000000000000249, -3.645000000000000018, 1.201000000000000068 ) ) ;
#8022 = CARTESIAN_POINT ( 'NONE',  ( -3.083134569240993272, -4.344999999999999751, 8.617619537251767881 ) ) ;
#8023 =( BOUNDED_CURVE ( )  B_SPLINE_CURVE ( 3, ( #4516, #5190, #2585, #743 ),
 .UNSPECIFIED., .F., .F. ) 
 B_SPLINE_CURVE_WITH_KNOTS ( ( 4, 4 ),
 ( -14.56676061435919856, -11.42516796076939656 ),
 .UNSPECIFIED. ) 
 CURVE ( )  GEOMETRIC_REPRESENTATION_ITEM ( )  RATIONAL_B_SPLINE_CURVE ( ( 1.000000000000000000, 0.3333333333333292625, 0.3333333333333299842, 1.000000000000000666 ) ) 
 REPRESENTATION_ITEM ( '' )  );
#8024 = EDGE_LOOP ( 'NONE', ( #5652, #3453 ) ) ;
#8025 = ORIENTED_EDGE ( 'NONE', *, *, #5444, .T. ) ;
#8026 = CARTESIAN_POINT ( 'NONE',  ( -5.154999999999997584, 2.794999999999999485, 0.8499999999999999778 ) ) ;
#8027 = CARTESIAN_POINT ( 'NONE',  ( -7.620000000000000107, -4.445000000000000284, 10.51999999999999957 ) ) ;
#8028 = EDGE_CURVE ( 'NONE', #1009, #854, #1498, .T. ) ;
#8029 = EDGE_CURVE ( 'NONE', #3568, #6169, #4222, .T. ) ;
#8030 = SURFACE_SIDE_STYLE ('',( #6660 ) ) ;
#8031 = DIRECTION ( 'NONE',  ( 0.9284766908852596368, 3.183103384537389754E-16, 0.3713906763541028888 ) ) ;
#8032 = ORIENTED_EDGE ( 'NONE', *, *, #2089, .T. ) ;
#8033 =( NAMED_UNIT ( * ) PLANE_ANGLE_UNIT ( ) SI_UNIT ( $, .RADIAN. ) );
#8034 = CARTESIAN_POINT ( 'NONE',  ( -6.570000000000000284, -1.649999999999999911, 1.629999999999999893 ) ) ;
#8035 = B_SPLINE_CURVE_WITH_KNOTS ( 'NONE', 1,
 ( #604, #7747 ),
 .UNSPECIFIED., .F., .F.,
 ( 2, 2 ),
 ( -1.000000000000000000, 0.0000000000000000000 ),
 .UNSPECIFIED. ) ;
#8036 = ORIENTED_EDGE ( 'NONE', *, *, #3445, .T. ) ;
#8037 = AXIS2_PLACEMENT_3D ( 'NONE', #7590, #3231, #1956 ) ;
#8038 = CARTESIAN_POINT ( 'NONE',  ( -4.304999999999999716, 3.645000000000000018, 1.239999999999999991 ) ) ;
#8039 = EDGE_LOOP ( 'NONE', ( #3009, #4971, #3713, #3276 ) ) ;
#8040 = CARTESIAN_POINT ( 'NONE',  ( -4.819999999999999396, 4.445000000000000284, 10.51999999999999957 ) ) ;
#8041 = B_SPLINE_CURVE_WITH_KNOTS ( 'NONE', 1,
 ( #2444, #4326 ),
 .UNSPECIFIED., .F., .F.,
 ( 2, 2 ),
 ( -0.001806093129679999963, -0.001166093129679999802 ),
 .UNSPECIFIED. ) ;
#8042 = EDGE_CURVE ( 'NONE', #2997, #2434, #1049, .T. ) ;
#8043 = CARTESIAN_POINT ( 'NONE',  ( -3.322812868476011428, -4.445000000000000284, 7.951398219389565369 ) ) ;
#8044 = CARTESIAN_POINT ( 'NONE',  ( -3.216348338351580960, -4.444999999999999396, 8.409514200253710214 ) ) ;
#8045 = STYLED_ITEM ( 'NONE', ( #7931 ), #1931 ) ;
#8046 = CARTESIAN_POINT ( 'NONE',  ( -3.290014857271203130, -4.445000000000000284, 8.190895056435310906 ) ) ;
#8047 = DIRECTION ( 'NONE',  ( -0.8480480961564258457, 0.0000000000000000000, 0.5299192642332053449 ) ) ;
#8048 = SURFACE_STYLE_FILL_AREA ( #6675 ) ;
#8049 = ORIENTED_EDGE ( 'NONE', *, *, #5359, .F. ) ;
#8050 = CARTESIAN_POINT ( 'NONE',  ( 2.860000000000000320, -1.590000000000000080, 2.129999999999999893 ) ) ;
#8051 = ORIENTED_EDGE ( 'NONE', *, *, #6896, .T. ) ;
#8052 = CARTESIAN_POINT ( 'NONE',  ( -2.086593607092817493, -0.8165936070928178081, -2.267708955550460814 ) ) ;
#8053 = PRESENTATION_STYLE_ASSIGNMENT (( #7284 ) ) ;
#8054 = CARTESIAN_POINT ( 'NONE',  ( -3.083134569240993272, -4.445000000000000284, 8.617619537251767881 ) ) ;
#8055 = STYLED_ITEM ( 'NONE', ( #2725 ), #4415 ) ;
#8056 = ORIENTED_EDGE ( 'NONE', *, *, #6999, .F. ) ;
#8057 = FILL_AREA_STYLE ('',( #2298 ) ) ;
#8058 = CARTESIAN_POINT ( 'NONE',  ( 2.220000000000000195, 1.590000000000000080, 8.460000000000000853 ) ) ;
#8059 =( NAMED_UNIT ( * ) PLANE_ANGLE_UNIT ( ) SI_UNIT ( $, .RADIAN. ) );
#8060 = PLANE ( 'NONE',  #108 ) ;
#8061 = AXIS2_PLACEMENT_3D ( 'NONE', #3249, #5110, #4644 ) ;
#8062 = DIRECTION ( 'NONE',  ( -1.000000000000000000, 0.0000000000000000000, 0.0000000000000000000 ) ) ;
#8063 = DIRECTION ( 'NONE',  ( 0.0000000000000000000, 0.0000000000000000000, 1.000000000000000000 ) ) ;
#8064 = CARTESIAN_POINT ( 'NONE',  ( 4.000000000000000000, -3.314999999999999947, 9.919999999999999929 ) ) ;
#8065 = CARTESIAN_POINT ( 'NONE',  ( 4.304999999999999716, -3.645000000000000018, 0.8499999999999999778 ) ) ;
#8066 = ORIENTED_EDGE ( 'NONE', *, *, #733, .T. ) ;
#8067 = CARTESIAN_POINT ( 'NONE',  ( 5.154999999999997584, -2.794999999999999485, 1.201000000000000512 ) ) ;
#8068 = CARTESIAN_POINT ( 'NONE',  ( -4.233522501452386955, -4.445000000000000284, 7.748358839040092150 ) ) ;
#8069 = CARTESIAN_POINT ( 'NONE',  ( -3.315822108108984256, -4.445000000000001172, 8.687626527544063393 ) ) ;
#8070 = ADVANCED_FACE ( 'NONE', ( #7462 ), #450, .T. ) ;
#8071 = ORIENTED_EDGE ( 'NONE', *, *, #5084, .T. ) ;
#8072 = VERTEX_POINT ( 'NONE', #6783 ) ;
#8073 = DIRECTION ( 'NONE',  ( 0.0000000000000000000, 0.0000000000000000000, -1.000000000000000000 ) ) ;
#8074 = SURFACE_SIDE_STYLE ('',( #4050 ) ) ;
#8075 = LINE ( 'NONE', #4858, #885 ) ;
#8076 = AXIS2_PLACEMENT_3D ( 'NONE', #7585, #2919, #1035 ) ;
#8077 = FILL_AREA_STYLE_COLOUR ( '', #752 ) ;
#8078 = CARTESIAN_POINT ( 'NONE',  ( 6.570000000000000284, 3.314999999999999947, 9.919999999999999929 ) ) ;
#8079 = ORIENTED_EDGE ( 'NONE', *, *, #1135, .F. ) ;
#8080 = CARTESIAN_POINT ( 'NONE',  ( -7.620000000000000107, 4.445000000000000284, 10.51999999999999957 ) ) ;
#8081 =( BOUNDED_CURVE ( )  B_SPLINE_CURVE ( 3, ( #655, #3279, #6488, #3240 ),
 .UNSPECIFIED., .F., .F. ) 
 B_SPLINE_CURVE_WITH_KNOTS ( ( 4, 4 ),
 ( -11.42516796076939656, -8.283575307179591007 ),
 .UNSPECIFIED. ) 
 CURVE ( )  GEOMETRIC_REPRESENTATION_ITEM ( )  RATIONAL_B_SPLINE_CURVE ( ( 0.9999999999999992228, 0.3333333333333299842, 0.3333333333333307058, 1.000000000000000000 ) ) 
 REPRESENTATION_ITEM ( '' )  );
#8082 = ADVANCED_FACE ( 'NONE', ( #3631 ), #8151, .T. ) ;
#8083 = EDGE_CURVE ( 'NONE', #7257, #6194, #6443, .T. ) ;
#8085 = EDGE_LOOP ( 'NONE', ( #8169, #232, #4201, #7995, #4918, #2423, #3174, #7286, #453, #4183, #251, #3639, #7413, #4951, #8236, #4998 ) ) ;
#8084 =( GEOMETRIC_REPRESENTATION_CONTEXT ( 3 ) GLOBAL_UNCERTAINTY_ASSIGNED_CONTEXT ( ( #3187 ) ) GLOBAL_UNIT_ASSIGNED_CONTEXT ( ( #3972, #7709, #5774 ) ) REPRESENTATION_CONTEXT ( 'NONE', 'WORKASPACE' ) );
#8086 = ORIENTED_EDGE ( 'NONE', *, *, #7448, .T. ) ;
#8087 = PRESENTATION_STYLE_ASSIGNMENT (( #6761 ) ) ;
#8088 = CARTESIAN_POINT ( 'NONE',  ( -3.358436933803714997, -4.445000000000000284, 7.949404987859547411 ) ) ;
#8089 = CARTESIAN_POINT ( 'NONE',  ( 2.407460805572801732, -1.137460805572801492, -1.330000000000000071 ) ) ;
#8090 =( NAMED_UNIT ( * ) PLANE_ANGLE_UNIT ( ) SI_UNIT ( $, .RADIAN. ) );
#8091 = CARTESIAN_POINT ( 'NONE',  ( -4.163810305158478720, -4.344999999999999751, 8.620304139318099246 ) ) ;
#8092 = CARTESIAN_POINT ( 'NONE',  ( 2.860000000000000320, 1.590000000000000302, 3.720000000000000639 ) ) ;
#8093 = EDGE_CURVE ( 'NONE', #4279, #1089, #1910, .T. ) ;
#8094 = ADVANCED_FACE ( 'NONE', ( #5662 ), #5622, .T. ) ;
#8095 = ORIENTED_EDGE ( 'NONE', *, *, #6393, .F. ) ;
#8096 = LINE ( 'NONE', #2289, #4560 ) ;
#8097 = UNCERTAINTY_MEASURE_WITH_UNIT (LENGTH_MEASURE( 1.000000000000000082E-05 ), #5884, 'distance_accuracy_value', 'NONE');
#8098 = VERTEX_POINT ( 'NONE', #2465 ) ;
#8099 = PLANE ( 'NONE',  #6816 ) ;
#8100 = FILL_AREA_STYLE_COLOUR ( '', #3197 ) ;
#8101 = CARTESIAN_POINT ( 'NONE',  ( -3.175423501816688976, -4.445000000000000284, 8.663663574388893451 ) ) ;
#8102 = COLOUR_RGB ( '',1.000000000000000000, 1.000000000000000000, 1.000000000000000000 ) ;
#8103 = ORIENTED_EDGE ( 'NONE', *, *, #216, .F. ) ;
#8104 = EDGE_CURVE ( 'NONE', #4329, #7917, #7955, .T. ) ;
#8105 = DIRECTION ( 'NONE',  ( -1.000000000000000000, 0.0000000000000000000, 0.0000000000000000000 ) ) ;
#8106 = CARTESIAN_POINT ( 'NONE',  ( -4.234577187403429477, -4.345000000000001528, 7.723104802167509497 ) ) ;
#8107 = EDGE_LOOP ( 'NONE', ( #6757, #1603, #6398, #6875, #6865, #1703 ) ) ;
#8108 = AXIS2_PLACEMENT_3D ( 'NONE', #4063, #8047, #7316 ) ;
#8109 = CARTESIAN_POINT ( 'NONE',  ( -2.860000000000000320, 1.590000000000000080, 1.969999999999999973 ) ) ;
#8110 = CARTESIAN_POINT ( 'NONE',  ( -4.001936512512857647, -4.444999999999999396, 7.833337968355034597 ) ) ;
#8111 = CARTESIAN_POINT ( 'NONE',  ( -4.024111903373251309, -4.344999999999999751, 7.912064734567745283 ) ) ;
#8112 = CARTESIAN_POINT ( 'NONE',  ( 5.154999999999997584, -2.794999999999999485, 1.669000000000000483 ) ) ;
#8113 = B_SPLINE_CURVE_WITH_KNOTS ( 'NONE', 1,
 ( #5103, #739 ),
 .UNSPECIFIED., .F., .F.,
 ( 2, 2 ),
 ( -0.01265664825042999916, -0.004826648250429999010 ),
 .UNSPECIFIED. ) ;
#8114 = EDGE_LOOP ( 'NONE', ( #8216, #4985 ) ) ;
#8115 =( NAMED_UNIT ( * ) PLANE_ANGLE_UNIT ( ) SI_UNIT ( $, .RADIAN. ) );
#8116 = CARTESIAN_POINT ( 'NONE',  ( -4.338563213932424389, -4.344999999999998863, 7.585745501863439877 ) ) ;
#8117 = EDGE_LOOP ( 'NONE', ( #6886, #6971, #283, #7670 ) ) ;
#8118 = ORIENTED_EDGE ( 'NONE', *, *, #3349, .F. ) ;
#8119 = CARTESIAN_POINT ( 'NONE',  ( 0.3200000000000000067, 1.590000000000000080, 2.129999999999999893 ) ) ;
#8120 =( NAMED_UNIT ( * ) PLANE_ANGLE_UNIT ( ) SI_UNIT ( $, .RADIAN. ) );
#8121 =( NAMED_UNIT ( * ) PLANE_ANGLE_UNIT ( ) SI_UNIT ( $, .RADIAN. ) );
#8122 = CARTESIAN_POINT ( 'NONE',  ( -2.220000000000000195, 0.9499999999999999556, 3.720000000000000639 ) ) ;
#8123 = ORIENTED_EDGE ( 'NONE', *, *, #8234, .F. ) ;
#8124 = CARTESIAN_POINT ( 'NONE',  ( -4.439450827987945658, -4.344999999999999751, 7.945110233267233646 ) ) ;
#8125 =( NAMED_UNIT ( * ) PLANE_ANGLE_UNIT ( ) SI_UNIT ( $, .RADIAN. ) );
#8126 = ORIENTED_EDGE ( 'NONE', *, *, #8298, .F. ) ;
#8127 = ORIENTED_EDGE ( 'NONE', *, *, #181, .F. ) ;
#8128 = CARTESIAN_POINT ( 'NONE',  ( -0.1200000000000000094, 1.149999999999999911, 8.959999999999999076 ) ) ;
#8129 = CARTESIAN_POINT ( 'NONE',  ( -0.4249999999999999334, 2.794999999999999485, 1.201000000000000512 ) ) ;
#8130 = CARTESIAN_POINT ( 'NONE',  ( -7.620000000000000107, -1.649999999999999911, 1.629999999999999893 ) ) ;
#8131 = CARTESIAN_POINT ( 'NONE',  ( -3.182049244976103974, -4.445000000000000284, 8.296518562017888954 ) ) ;
#8132 = DIRECTION ( 'NONE',  ( 0.0000000000000000000, 0.0000000000000000000, -1.000000000000000000 ) ) ;
#8133 = ORIENTED_EDGE ( 'NONE', *, *, #7529, .F. ) ;
#8134 = CARTESIAN_POINT ( 'NONE',  ( -4.793386867832801101, -4.445000000000001172, 7.869355552894962358 ) ) ;
#8135 = ORIENTED_EDGE ( 'NONE', *, *, #1222, .T. ) ;
#8136 = FILL_AREA_STYLE ('',( #5564 ) ) ;
#8137 = DIRECTION ( 'NONE',  ( 0.0000000000000000000, 0.0000000000000000000, 1.000000000000000000 ) ) ;
#8138 = ADVANCED_FACE ( 'NONE', ( #4254 ), #2383, .T. ) ;
#8139 = CARTESIAN_POINT ( 'NONE',  ( -4.000000000000000000, -4.445000000000000284, 1.629999999999999893 ) ) ;
#8140 = EDGE_CURVE ( 'NONE', #5412, #2902, #2582, .T. ) ;
#8141 = CARTESIAN_POINT ( 'NONE',  ( -2.220000000000000195, -0.9499999999999999556, 1.169999999999999929 ) ) ;
#8142 = CARTESIAN_POINT ( 'NONE',  ( -3.103584980835403240, -4.444999999999999396, 8.631606660402841413 ) ) ;
#8143 = VECTOR ( 'NONE', #2784, 1000.000000000000000 ) ;
#8144 = PLANE ( 'NONE',  #7871 ) ;
#8145 = CARTESIAN_POINT ( 'NONE',  ( -5.155000000000000249, 3.645000000000000018, 1.239999999999999991 ) ) ;
#8146 = CARTESIAN_POINT ( 'NONE',  ( -1.719999999999999973, 2.089999999999999858, 1.629999999999999893 ) ) ;
#8147 = B_SPLINE_CURVE_WITH_KNOTS ( 'NONE', 1,
 ( #6191, #1208 ),
 .UNSPECIFIED., .F., .F.,
 ( 2, 2 ),
 ( -0.0009881553119099998912, -0.0003481553119099999472 ),
 .UNSPECIFIED. ) ;
#8148 = EDGE_LOOP ( 'NONE', ( #2186, #3209, #5087, #6428 ) ) ;
#8149 =( GEOMETRIC_REPRESENTATION_CONTEXT ( 3 ) GLOBAL_UNCERTAINTY_ASSIGNED_CONTEXT ( ( #8188 ) ) GLOBAL_UNIT_ASSIGNED_CONTEXT ( ( #1933, #5708, #3807 ) ) REPRESENTATION_CONTEXT ( 'NONE', 'WORKASPACE' ) );
#8150 = DIRECTION ( 'NONE',  ( 1.000000000000000000, 0.0000000000000000000, 0.0000000000000000000 ) ) ;
#8151 = PLANE ( 'NONE',  #6353 ) ;
#8152 = B_SPLINE_CURVE_WITH_KNOTS ( 'NONE', 1,
 ( #5998, #190 ),
 .UNSPECIFIED., .F., .F.,
 ( 2, 2 ),
 ( 0.03057999999999999954, 0.03946999999999999814 ),
 .UNSPECIFIED. ) ;
#8153 = EDGE_CURVE ( 'NONE', #1607, #2288, #5644, .T. ) ;
#8154 = VERTEX_POINT ( 'NONE', #7684 ) ;
#8155 =( LENGTH_UNIT ( ) NAMED_UNIT ( * ) SI_UNIT ( .MILLI., .METRE. ) );
#8156 = DIRECTION ( 'NONE',  ( -1.000000000000000000, 0.0000000000000000000, 0.0000000000000000000 ) ) ;
#8157 = CARTESIAN_POINT ( 'NONE',  ( -2.943981495730058739, -4.344999999999999751, 8.317135736540322455 ) ) ;
#8158 = VERTEX_POINT ( 'NONE', #4508 ) ;
#8159 = VERTEX_POINT ( 'NONE', #8355 ) ;
#8160 = CARTESIAN_POINT ( 'NONE',  ( -4.762256190859175398, -4.444999999999999396, 7.954264160229388203 ) ) ;
#8161 = VECTOR ( 'NONE', #2474, 1000.000000000000114 ) ;
#8162 = CARTESIAN_POINT ( 'NONE',  ( -0.4249999999999999334, 4.495000000000000107, 1.201000000000000512 ) ) ;
#8163 = LINE ( 'NONE', #6223, #3378 ) ;
#8164 = ORIENTED_EDGE ( 'NONE', *, *, #3599, .F. ) ;
#8165 = CARTESIAN_POINT ( 'NONE',  ( -4.725024728119445072, -4.344999999999999751, 8.035791278594837550 ) ) ;
#8166 = CARTESIAN_POINT ( 'NONE',  ( -3.247904418415179961, -4.445000000000561613, 8.431357709440954196 ) ) ;
#8167 = ORIENTED_EDGE ( 'NONE', *, *, #6025, .T. ) ;
#8168 = CARTESIAN_POINT ( 'NONE',  ( -4.394366695382836419, -4.445000000000000284, 8.167141579221944170 ) ) ;
#8169 = ORIENTED_EDGE ( 'NONE', *, *, #2189, .T. ) ;
#8170 = CARTESIAN_POINT ( 'NONE',  ( -4.305000000000001492, -4.495000000000001883, 1.239999999999999547 ) ) ;
#8171 = SURFACE_STYLE_FILL_AREA ( #4235 ) ;
#8172 = CARTESIAN_POINT ( 'NONE',  ( 2.419999999999999929, 1.149999999999999911, 8.959999999999999076 ) ) ;
#8173 = CARTESIAN_POINT ( 'NONE',  ( -2.220000000000000195, -1.590000000000000080, -1.029999999999998028 ) ) ;
#8174 = CARTESIAN_POINT ( 'NONE',  ( -3.724163119661682231, -4.445000000000000284, 8.692916151871516561 ) ) ;
#8175 = VERTEX_POINT ( 'NONE', #2545 ) ;
#8176 = UNCERTAINTY_MEASURE_WITH_UNIT (LENGTH_MEASURE( 1.000000000000000082E-05 ), #5864, 'distance_accuracy_value', 'NONE');
#8177 = ADVANCED_FACE ( 'NONE', ( #3945 ), #3873, .T. ) ;
#8178 = ORIENTED_EDGE ( 'NONE', *, *, #7307, .T. ) ;
#8179 = VECTOR ( 'NONE', #7314, 1000.000000000000114 ) ;
#8180 = LINE ( 'NONE', #1635, #7638 ) ;
#8181 = MECHANICAL_DESIGN_GEOMETRIC_PRESENTATION_REPRESENTATION (  '', ( #5625 ), #7652 ) ;
#8182 = B_SPLINE_CURVE_WITH_KNOTS ( 'NONE', 1,
 ( #2592, #4485 ),
 .UNSPECIFIED., .F., .F.,
 ( 2, 2 ),
 ( 0.0000000000000000000, 0.0006400000000000000524 ),
 .UNSPECIFIED. ) ;
#8183 = CARTESIAN_POINT ( 'NONE',  ( -2.259999999999999787, -3.915000000000000036, 10.51999999999999957 ) ) ;
#8184 = CARTESIAN_POINT ( 'NONE',  ( -4.570454205903606848, -4.444999999999999396, 7.723772140767390049 ) ) ;
#8185 = ORIENTED_EDGE ( 'NONE', *, *, #7729, .F. ) ;
#8186 = CARTESIAN_POINT ( 'NONE',  ( 2.860000000000000320, 1.590000000000000302, 3.720000000000000639 ) ) ;
#8187 = VECTOR ( 'NONE', #2057, 1000.000000000000000 ) ;
#8188 = UNCERTAINTY_MEASURE_WITH_UNIT (LENGTH_MEASURE( 1.000000000000000082E-05 ), #1933, 'distance_accuracy_value', 'NONE');
#8189 = EDGE_CURVE ( 'NONE', #1250, #2481, #2665, .T. ) ;
#8190 = EDGE_CURVE ( 'NONE', #2902, #3677, #6351, .T. ) ;
#8191 = VERTEX_POINT ( 'NONE', #5101 ) ;
#8192 = DIRECTION ( 'NONE',  ( -1.591551692268701287E-16, -0.9284766908852591927, 0.3713906763541041101 ) ) ;
#8193 = CARTESIAN_POINT ( 'NONE',  ( 0.3200000000000000067, 0.9500000000000000666, 3.720000000000000639 ) ) ;
#8194 = CARTESIAN_POINT ( 'NONE',  ( 5.154999999999997584, -2.794999999999999485, 0.8499999999999999778 ) ) ;
#8195 = EDGE_LOOP ( 'NONE', ( #4117, #1282, #4240, #5290 ) ) ;
#8196 = PRESENTATION_STYLE_ASSIGNMENT (( #5627 ) ) ;
#8197 = CARTESIAN_POINT ( 'NONE',  ( -0.3200000000000000067, 0.9499999999999999556, 0.1700000000000000122 ) ) ;
#8198 = VERTEX_POINT ( 'NONE', #1261 ) ;
#8199 = EDGE_CURVE ( 'NONE', #6555, #2857, #3241, .T. ) ;
#8200 =( GEOMETRIC_REPRESENTATION_CONTEXT ( 3 ) GLOBAL_UNCERTAINTY_ASSIGNED_CONTEXT ( ( #5890 ) ) GLOBAL_UNIT_ASSIGNED_CONTEXT ( ( #2856, #8125, #4864 ) ) REPRESENTATION_CONTEXT ( 'NONE', 'WORKASPACE' ) );
#8201 = ORIENTED_EDGE ( 'NONE', *, *, #3291, .F. ) ;
#8202 = DIRECTION ( 'NONE',  ( 1.000000000000000000, 0.0000000000000000000, 0.0000000000000000000 ) ) ;
#8203 = SURFACE_STYLE_FILL_AREA ( #6925 ) ;
#8204 = CARTESIAN_POINT ( 'NONE',  ( -2.419999999999999929, -1.149999999999999911, 8.800000000000000711 ) ) ;
#8205 = VECTOR ( 'NONE', #4894, 1000.000000000000000 ) ;
#8206 = EDGE_LOOP ( 'NONE', ( #3107, #5366, #1112, #1650 ) ) ;
#8207 = CARTESIAN_POINT ( 'NONE',  ( -6.570000000000000284, 1.649999999999999911, 3.720000000000000195 ) ) ;
#8208 = CARTESIAN_POINT ( 'NONE',  ( 2.860000000000000320, -1.590000000000000080, 2.129999999999999893 ) ) ;
#8209 = VERTEX_POINT ( 'NONE', #5181 ) ;
#8210 = VERTEX_POINT ( 'NONE', #7762 ) ;
#8211 = COLOUR_RGB ( '',0.1019607843137254888, 0.1019607843137254888, 0.1019607843137254888 ) ;
#8212 = PRESENTATION_STYLE_ASSIGNMENT (( #4456 ) ) ;
#8213 = CARTESIAN_POINT ( 'NONE',  ( 2.259999999999999787, -4.445000000000000284, 10.51999999999999957 ) ) ;
#8214 = PRESENTATION_STYLE_ASSIGNMENT (( #3614 ) ) ;
#8215 = CARTESIAN_POINT ( 'NONE',  ( 2.419999999999999929, 0.9461600000000000010, 8.959999999999999076 ) ) ;
#8216 = ORIENTED_EDGE ( 'NONE', *, *, #8359, .T. ) ;
#8217 = CARTESIAN_POINT ( 'NONE',  ( -4.809633205131768285, -4.445000000000000284, 7.749755010712329195 ) ) ;
#8218 = ORIENTED_EDGE ( 'NONE', *, *, #1982, .T. ) ;
#8219 = PRESENTATION_LAYER_ASSIGNMENT (  '', '', ( #6347 ) ) ;
#8220 = SURFACE_STYLE_USAGE ( .BOTH. , #6862 ) ;
#8221 = CARTESIAN_POINT ( 'NONE',  ( -3.315822108108984256, -4.445000000000001172, 8.687626527544063393 ) ) ;
#8222 = EDGE_CURVE ( 'NONE', #1058, #40, #7001, .T. ) ;
#8223 = EDGE_LOOP ( 'NONE', ( #6040, #6100, #3966, #6824 ) ) ;
#8224 = SURFACE_STYLE_FILL_AREA ( #4348 ) ;
#8225 = AXIS2_PLACEMENT_3D ( 'NONE', #2142, #4801, #6609 ) ;
#8226 = PRESENTATION_LAYER_ASSIGNMENT (  '', '', ( #2950 ) ) ;
#8227 = CARTESIAN_POINT ( 'NONE',  ( -0.4249999999999999889, -3.645000000000000018, 1.201000000000000068 ) ) ;
#8228 =( NAMED_UNIT ( * ) PLANE_ANGLE_UNIT ( ) SI_UNIT ( $, .RADIAN. ) );
#8229 = LINE ( 'NONE', #3714, #7330 ) ;
#8230 = CARTESIAN_POINT ( 'NONE',  ( -4.276706257159568203, -4.444999999999999396, 8.150775090787442778 ) ) ;
#8231 = AXIS2_PLACEMENT_3D ( 'NONE', #7365, #2086, #816 ) ;
#8232 = CARTESIAN_POINT ( 'NONE',  ( -0.3238400000000000167, 1.389999999999999902, 8.959999999999999076 ) ) ;
#8233 = PRESENTATION_LAYER_ASSIGNMENT (  '', '', ( #393 ) ) ;
#8234 = EDGE_CURVE ( 'NONE', #4461, #3852, #8258, .T. ) ;
#8235 = CARTESIAN_POINT ( 'NONE',  ( -3.193328175412729397, -4.344999999999998863, 8.258369922473411506 ) ) ;
#8236 = ORIENTED_EDGE ( 'NONE', *, *, #4380, .T. ) ;
#8237 =( NAMED_UNIT ( * ) SI_UNIT ( $, .STERADIAN. ) SOLID_ANGLE_UNIT ( ) );
#8238 = CARTESIAN_POINT ( 'NONE',  ( -3.331633024636575069, -4.344999999999997975, 8.451993400185523697 ) ) ;
#8239 = FACE_OUTER_BOUND ( 'NONE', #7428, .T. ) ;
#8241 = ORIENTED_EDGE ( 'NONE', *, *, #2501, .T. ) ;
#8240 = AXIS2_PLACEMENT_3D ( 'NONE', #6189, #1669, #5006 ) ;
#8242 = EDGE_LOOP ( 'NONE', ( #3486, #300, #1542, #2173, #2468, #5024 ) ) ;
#8243 = CARTESIAN_POINT ( 'NONE',  ( 3.360000000000000320, 0.4500000000000000111, 1.629999999999999893 ) ) ;
#8244 = CARTESIAN_POINT ( 'NONE',  ( -4.786734660849464085, -4.344999999999997975, 7.891583331761204079 ) ) ;
#8245 = EDGE_CURVE ( 'NONE', #3559, #5246, #7114, .T. ) ;
#8246 = DIRECTION ( 'NONE',  ( 1.000000000000000000, 0.0000000000000000000, 0.0000000000000000000 ) ) ;
#8247 = STYLED_ITEM ( 'NONE', ( #234 ), #8017 ) ;
#8248 = CARTESIAN_POINT ( 'NONE',  ( 5.580000000000000071, 4.445000000000000284, 1.629999999999999893 ) ) ;
#8249 = EDGE_CURVE ( 'NONE', #4947, #4461, #6719, .T. ) ;
#8250 = VERTEX_POINT ( 'NONE', #58 ) ;
#8251 = LINE ( 'NONE', #5593, #379 ) ;
#8252 = B_SPLINE_CURVE_WITH_KNOTS ( 'NONE', 1,
 ( #5827, #5178 ),
 .UNSPECIFIED., .F., .F.,
 ( 2, 2 ),
 ( -0.0009881553119099998912, -0.0003481553119099999472 ),
 .UNSPECIFIED. ) ;
#8253 = CARTESIAN_POINT ( 'NONE',  ( 2.419999999999999929, -1.149999999999999911, 8.959999999999999076 ) ) ;
#8254 = ORIENTED_EDGE ( 'NONE', *, *, #434, .F. ) ;
#8255 = CARTESIAN_POINT ( 'NONE',  ( -4.276706257159568203, -4.344999999999998863, 8.150775090787442778 ) ) ;
#8256 = ORIENTED_EDGE ( 'NONE', *, *, #5921, .F. ) ;
#8257 = CARTESIAN_POINT ( 'NONE',  ( -5.580000000000000071, 4.445000000000000284, 0.7409999999999999920 ) ) ;
#8258 = B_SPLINE_CURVE_WITH_KNOTS ( 'NONE', 1,
 ( #104, #613 ),
 .UNSPECIFIED., .F., .F.,
 ( 2, 2 ),
 ( -1.000000000000000000, 0.0000000000000000000 ),
 .UNSPECIFIED. ) ;
#8259 = B_SPLINE_CURVE_WITH_KNOTS ( 'NONE', 1,
 ( #128, #2689 ),
 .UNSPECIFIED., .F., .F.,
 ( 2, 2 ),
 ( 0.0000000000000000000, 1.000000000000000000 ),
 .UNSPECIFIED. ) ;
#8260 = CARTESIAN_POINT ( 'NONE',  ( -4.442985859024748407, -4.344999999999998863, 7.336946068510440178 ) ) ;
#8261 = ADVANCED_FACE ( 'NONE', ( #1858 ), #2622, .T. ) ;
#8262 = CARTESIAN_POINT ( 'NONE',  ( -3.203188259074832622, -4.344999999999999751, 8.241904572318876632 ) ) ;
#8263 = CARTESIAN_POINT ( 'NONE',  ( 0.0000000000000000000, 1.137460805572799716, -1.330000000000000071 ) ) ;
#8264 = ORIENTED_EDGE ( 'NONE', *, *, #4567, .T. ) ;
#8265 = PRESENTATION_STYLE_ASSIGNMENT (( #5695 ) ) ;
#8266 = UNCERTAINTY_MEASURE_WITH_UNIT (LENGTH_MEASURE( 1.000000000000000082E-05 ), #3963, 'distance_accuracy_value', 'NONE');
#8267 = ORIENTED_EDGE ( 'NONE', *, *, #1221, .T. ) ;
#8268 = CARTESIAN_POINT ( 'NONE',  ( 2.860000000000000320, 0.9499999999999999556, -1.029999999999994476 ) ) ;
#8269 = FACE_OUTER_BOUND ( 'NONE', #7595, .T. ) ;
#8270 = ORIENTED_EDGE ( 'NONE', *, *, #3188, .F. ) ;
#8271 = CARTESIAN_POINT ( 'NONE',  ( 0.8298400000000000221, -2.089999999999999858, 1.629999999999999893 ) ) ;
#8272 = B_SPLINE_CURVE_WITH_KNOTS ( 'NONE', 3,
 ( #256, #6590, #6716, #4106, #6104, #4826, #1629, #5338, #5425, #3404, #5296 ),
 .UNSPECIFIED., .F., .F.,
 ( 4, 1, 1, 1, 1, 1, 1, 1, 4 ),
 ( 0.0000000000000000000, 0.1372849921823509345, 0.2670284865720564116, 0.3949256401701797259, 0.5243347615083429059, 0.6508125264300999024, 0.7692674670455019736, 0.8834346835668847042, 1.000000000000000000 ),
 .UNSPECIFIED. ) ;
#8273 = CARTESIAN_POINT ( 'NONE',  ( -0.3200000000000000067, 0.9499999999999999556, -1.029999999999994920 ) ) ;
#8274 = B_SPLINE_CURVE_WITH_KNOTS ( 'NONE', 1,
 ( #4879, #6197 ),
 .UNSPECIFIED., .F., .F.,
 ( 2, 2 ),
 ( 0.0005916368650299999804, 0.001166093129679999802 ),
 .UNSPECIFIED. ) ;
#8275 = CARTESIAN_POINT ( 'NONE',  ( -3.360000000000000320, 0.4500000000000000111, 1.629999999999999893 ) ) ;
#8276 = CARTESIAN_POINT ( 'NONE',  ( -3.996633862963332895, -4.445000000000002061, 7.791150162838416549 ) ) ;
#8277 = PRESENTATION_LAYER_ASSIGNMENT (  '', '', ( #5986 ) ) ;
#8278 = CARTESIAN_POINT ( 'NONE',  ( 6.570000000000000284, -1.649999999999999911, 1.629999999999999893 ) ) ;
#8279 = DIRECTION ( 'NONE',  ( -0.9284766908852591927, 0.0000000000000000000, 0.3713906763541041101 ) ) ;
#8280 = EDGE_LOOP ( 'NONE', ( #6576, #2308, #39, #5075, #4167, #7560 ) ) ;
#8281 = DIRECTION ( 'NONE',  ( -0.0000000000000000000, 0.0000000000000000000, 1.000000000000000000 ) ) ;
#8282 = FACE_BOUND ( 'NONE', #5095, .T. ) ;
#8283 = MECHANICAL_DESIGN_GEOMETRIC_PRESENTATION_REPRESENTATION (  '', ( #7737 ), #5726 ) ;
#8284 = ORIENTED_EDGE ( 'NONE', *, *, #6071, .T. ) ;
#8285 = ORIENTED_EDGE ( 'NONE', *, *, #7557, .T. ) ;
#8286 = EDGE_CURVE ( 'NONE', #7, #4512, #7151, .T. ) ;
#8287 = CARTESIAN_POINT ( 'NONE',  ( 1.719999999999999973, -0.4500000000000000111, 1.629999999999999893 ) ) ;
#8288 = CARTESIAN_POINT ( 'NONE',  ( -2.672539194427201892, -1.137460805572797939, -1.330000000000000071 ) ) ;
#8289 = PRESENTATION_STYLE_ASSIGNMENT (( #2991 ) ) ;
#8290 = B_SPLINE_CURVE_WITH_KNOTS ( 'NONE', 3,
 ( #4215, #4846, #1051, #2935, #1776, #7598, #6208, #3763, #409, #1647, #2982, #5577, #316, #8111, #2304, #1001, #2343, #2263, #1733 ),
 .UNSPECIFIED., .F., .F.,
 ( 4, 1, 1, 1, 1, 1, 1, 1, 1, 1, 1, 1, 1, 1, 1, 1, 4 ),
 ( 0.0000000000000000000, 0.06332879336011464078, 0.1247364441626584164, 0.1849157484558912323, 0.2443004085890928545, 0.3038255705821002461, 0.3643529976730662256, 0.4260731436723977916, 0.4897209088385844900, 0.5537559315351887612, 0.6164580629276263934, 0.6783188623543010554, 0.7403009402150841911, 0.8026562643773392791, 0.8667321228001713118, 0.9321567378801842718, 1.000000000000000000 ),
 .UNSPECIFIED. ) ;
#8291 = FILL_AREA_STYLE ('',( #4448 ) ) ;
#8292 = CARTESIAN_POINT ( 'NONE',  ( -0.4249999999999999889, 3.645000000000000018, 1.239999999999999991 ) ) ;
#8293 = ORIENTED_EDGE ( 'NONE', *, *, #170, .T. ) ;
#8294 = DIRECTION ( 'NONE',  ( 0.0000000000000000000, 1.000000000000000000, 0.0000000000000000000 ) ) ;
#8295 = CARTESIAN_POINT ( 'NONE',  ( -3.383357880918613336, -4.445000000000562501, 8.455039579025708463 ) ) ;
#8296 = ORIENTED_EDGE ( 'NONE', *, *, #64, .T. ) ;
#8297 = EDGE_LOOP ( 'NONE', ( #1197, #5314, #6192, #7280 ) ) ;
#8298 = EDGE_CURVE ( 'NONE', #3524, #7836, #6382, .T. ) ;
#8299 = EDGE_CURVE ( 'NONE', #1620, #6652, #1590, .T. ) ;
#8300 = CARTESIAN_POINT ( 'NONE',  ( 7.620000000000000107, 1.649999999999999911, 8.030000000000001137 ) ) ;
#8301 = CARTESIAN_POINT ( 'NONE',  ( -2.259999999999999787, -4.445000000000000284, 10.51999999999999957 ) ) ;
#8302 = SURFACE_SIDE_STYLE ('',( #2454 ) ) ;
#8303 = ORIENTED_EDGE ( 'NONE', *, *, #1982, .F. ) ;
#8304 = CARTESIAN_POINT ( 'NONE',  ( -3.104255022388380247, -4.344999999999998863, 8.015417771666275115 ) ) ;
#8305 = EDGE_LOOP ( 'NONE', ( #3803, #1381, #320, #4360 ) ) ;
#8306 = ADVANCED_FACE ( 'NONE', ( #3366 ), #5431, .T. ) ;
#8307 = CARTESIAN_POINT ( 'NONE',  ( -2.860000000000000320, 1.590000000000000080, 8.300000000000000711 ) ) ;
#8308 = DIRECTION ( 'NONE',  ( -0.9284766908852591927, 0.0000000000000000000, 0.3713906763541041101 ) ) ;
#8309 = VECTOR ( 'NONE', #8007, 1000.000000000000000 ) ;
#8310 = ORIENTED_EDGE ( 'NONE', *, *, #3739, .T. ) ;
#8311 =( NAMED_UNIT ( * ) PLANE_ANGLE_UNIT ( ) SI_UNIT ( $, .RADIAN. ) );
#8312 = CARTESIAN_POINT ( 'NONE',  ( 1.719999999999999973, -0.4500000000000000111, 1.629999999999999893 ) ) ;
#8313 = CARTESIAN_POINT ( 'NONE',  ( -4.304999999999999716, -3.645000000000000018, 1.201000000000000068 ) ) ;
#8314 = AXIS2_PLACEMENT_3D ( 'NONE', #4204, #3010, #4157 ) ;
#8315 = FILL_AREA_STYLE ('',( #5859 ) ) ;
#8316 = CARTESIAN_POINT ( 'NONE',  ( -2.860000000000000320, -1.590000000000000080, 8.300000000000000711 ) ) ;
#8317 = CARTESIAN_POINT ( 'NONE',  ( -4.232977222225785319, -4.445000000000000284, 7.761415333896089841 ) ) ;
#8318 = CARTESIAN_POINT ( 'NONE',  ( 0.3200000000000000067, -1.590000000000000080, -1.029999999999994476 ) ) ;
#8319 = CARTESIAN_POINT ( 'NONE',  ( -0.3200000000000000067, -0.9499999999999999556, 8.460000000000000853 ) ) ;
#8320 = ORIENTED_EDGE ( 'NONE', *, *, #5411, .T. ) ;
#8321 = CARTESIAN_POINT ( 'NONE',  ( -1.719999999999999973, 0.4500000000000000111, 1.629999999999999893 ) ) ;
#8322 = CARTESIAN_POINT ( 'NONE',  ( 2.220000000000000195, 1.590000000000000080, 3.720000000000000195 ) ) ;
#8323 = B_SPLINE_CURVE_WITH_KNOTS ( 'NONE', 1,
 ( #5604, #5042 ),
 .UNSPECIFIED., .F., .F.,
 ( 2, 2 ),
 ( -0.1316872427983538929, 0.0000000000000000000 ),
 .UNSPECIFIED. ) ;
#8324 = CARTESIAN_POINT ( 'NONE',  ( -0.3200000000000000067, -1.590000000000000080, 1.169999999999999929 ) ) ;
#8325 = ORIENTED_EDGE ( 'NONE', *, *, #4042, .T. ) ;
#8326 = LINE ( 'NONE', #1904, #7892 ) ;
#8327 = AXIS2_PLACEMENT_3D ( 'NONE', #2886, #451, #4353 ) ;
#8328 = CARTESIAN_POINT ( 'NONE',  ( -3.359295437469627998, -4.445000000000001172, 8.184377326320614543 ) ) ;
#8329 = CARTESIAN_POINT ( 'NONE',  ( -2.860000000000000320, 0.9499999999999999556, 3.720000000000000639 ) ) ;
#8330 = LINE ( 'NONE', #5196, #3657 ) ;
#8331 = EDGE_LOOP ( 'NONE', ( #3686, #6836, #2084, #7130 ) ) ;
#8332 = EDGE_CURVE ( 'NONE', #4064, #3436, #7853, .T. ) ;
#8333 = PRESENTATION_LAYER_ASSIGNMENT (  '', '', ( #5088 ) ) ;
#8334 = SURFACE_SIDE_STYLE ('',( #3173 ) ) ;
#8335 = ORIENTED_EDGE ( 'NONE', *, *, #3390, .T. ) ;
#8336 = UNCERTAINTY_MEASURE_WITH_UNIT (LENGTH_MEASURE( 1.000000000000000082E-05 ), #5690, 'distance_accuracy_value', 'NONE');
#8337 = FILL_AREA_STYLE ('',( #5123 ) ) ;
#8338 =( NAMED_UNIT ( * ) SI_UNIT ( $, .STERADIAN. ) SOLID_ANGLE_UNIT ( ) );
#8339 = CARTESIAN_POINT ( 'NONE',  ( -4.545105443553022262, -4.445000000000000284, 7.655415605672679646 ) ) ;
#8340 = ADVANCED_FACE ( 'NONE', ( #5993 ), #5302, .F. ) ;
#8341 = ADVANCED_FACE ( 'NONE', ( #7282 ), #3530, .T. ) ;
#8342 = PLANE ( 'NONE',  #2054 ) ;
#8343 = ORIENTED_EDGE ( 'NONE', *, *, #2900, .F. ) ;
#8344 = FILL_AREA_STYLE ('',( #6409 ) ) ;
#8345 = UNCERTAINTY_MEASURE_WITH_UNIT (LENGTH_MEASURE( 1.000000000000000082E-05 ), #2773, 'distance_accuracy_value', 'NONE');
#8346 = CARTESIAN_POINT ( 'NONE',  ( -0.3200000000000000067, 1.590000000000000080, 8.460000000000000853 ) ) ;
#8347 = VECTOR ( 'NONE', #3697, 1000.000000000000000 ) ;
#8348 = CARTESIAN_POINT ( 'NONE',  ( -5.154999999999998472, -2.794999999999999485, 1.630000000000000338 ) ) ;
#8349 = ADVANCED_FACE ( 'NONE', ( #4114 ), #7932, .T. ) ;
#8350 = EDGE_CURVE ( 'NONE', #2968, #3619, #6127, .T. ) ;
#8351 = CARTESIAN_POINT ( 'NONE',  ( 0.3200000000000000067, 0.9499999999999999556, -1.029999999999994476 ) ) ;
#8352 = SURFACE_STYLE_FILL_AREA ( #1293 ) ;
#8353 =( BOUNDED_SURFACE ( )  B_SPLINE_SURFACE ( 3, 1, ( 
 ( #6204, #2503, #694 ),
 ( #5745, #4543, #1961 ),
 ( #7113, #4587, #7148 ),
 ( #5097, #6517, #6380 ),
 ( #1892, #2617, #6486 ),
 ( #1376, #7805, #1220 ),
 ( #4470, #1337, #7680 ) ),
 .UNSPECIFIED., .T., .F., .F. ) 
 B_SPLINE_SURFACE_WITH_KNOTS ( ( 4, 3, 4 ),
 ( 2, 1, 2 ),
 ( 0.0000000000000000000, 0.5000000000000000000, 1.000000000000000000 ),
 ( -0.7500000000000000000, 0.0000000000000000000, 1.000000000000000000 ),
 .UNSPECIFIED. ) 
 GEOMETRIC_REPRESENTATION_ITEM ( )  RATIONAL_B_SPLINE_SURFACE ( (
 ( 1.000000000000000000, 1.000000000000000000, 1.000000000000000000),
 ( 0.3333333333333299842, 0.3333333333333299842, 0.3333333333333299842),
 ( 0.3333333333333299842, 0.3333333333333299842, 0.3333333333333299842),
 ( 1.000000000000000000, 1.000000000000000000, 1.000000000000000000),
 ( 0.3333333333333299842, 0.3333333333333299842, 0.3333333333333299842),
 ( 0.3333333333333299842, 0.3333333333333299842, 0.3333333333333299842),
 ( 1.000000000000000000, 1.000000000000000000, 1.000000000000000000) ) ) 
 REPRESENTATION_ITEM ( '' )  SURFACE ( )  );
#8354 = DIRECTION ( 'NONE',  ( -1.591551692268701287E-16, -0.9284766908852591927, 0.3713906763541041101 ) ) ;
#8355 = CARTESIAN_POINT ( 'NONE',  ( -3.724163119661682231, -4.344999999999999751, 8.692916151871516561 ) ) ;
#8356 = CARTESIAN_POINT ( 'NONE',  ( -4.393845282881517100, -4.445000000000000284, 7.946126463083215796 ) ) ;
#8357 = CARTESIAN_POINT ( 'NONE',  ( -4.244574987258190824, -4.344999999999997975, 7.365302402842869967 ) ) ;
#8358 = MECHANICAL_DESIGN_GEOMETRIC_PRESENTATION_REPRESENTATION (  '', ( #4847 ), #5388 ) ;
#8359 = EDGE_CURVE ( 'NONE', #7818, #8158, #2291, .T. ) ;
#8360 = ORIENTED_EDGE ( 'NONE', *, *, #6286, .T. ) ;
#8361 = CARTESIAN_POINT ( 'NONE',  ( -5.048124388138708341, -4.445000000000000284, 9.111325120834825597 ) ) ;
#8362 = FILL_AREA_STYLE ('',( #7602 ) ) ;
#8363 = SURFACE_STYLE_FILL_AREA ( #5795 ) ;
#8364 = ORIENTED_EDGE ( 'NONE', *, *, #2952, .T. ) ;
#8365 = STYLED_ITEM ( 'NONE', ( #6278 ), #6572 ) ;
#8366 = CARTESIAN_POINT ( 'NONE',  ( -3.411984467150999123, -4.445000000000561613, 8.455469570674935653 ) ) ;
#8367 = APPLICATION_CONTEXT ( 'automotive_design' ) ;
#8368 = SURFACE_SIDE_STYLE ('',( #623 ) ) ;
ENDSEC;
END-ISO-10303-21;
