ISO-10303-21;
HEADER;
FILE_DESCRIPTION (( 'STEP AP214' ),
    '1' );
FILE_NAME ('LED-SMD_4P-L2.0-W1.8_CY-0807.STEP',
    '2022-01-31T11:16:48',
    ( '' ),
    ( '' ),
    'SwSTEP 2.0',
    'SolidWorks 2020',
    '' );
FILE_SCHEMA (( 'AUTOMOTIVE_DESIGN' ));
ENDSEC;

DATA;
#1 = LINE ( 'NONE', #5622, #5203 ) ;
#2 =( NAMED_UNIT ( * ) PLANE_ANGLE_UNIT ( ) SI_UNIT ( $, .RADIAN. ) );
#3 = CARTESIAN_POINT ( 'NONE',  ( 0.09111555720496555821, 0.6292463349645197601, 0.000000000000000000 ) ) ;
#4 = ORIENTED_EDGE ( 'NONE', *, *, #3688, .F. ) ;
#5 = FILL_AREA_STYLE_COLOUR ( '', #2448 ) ;
#6 = ORIENTED_EDGE ( 'NONE', *, *, #7293, .T. ) ;
#7 = CARTESIAN_POINT ( 'NONE',  ( 1.000000000000000000, -0.9000000000000002442, 0.000000000000000000 ) ) ;
#8 =( NAMED_UNIT ( * ) SI_UNIT ( $, .STERADIAN. ) SOLID_ANGLE_UNIT ( ) );
#9 = SURFACE_STYLE_FILL_AREA ( #4566 ) ;
#10 = EDGE_CURVE ( 'NONE', #3965, #2246, #4882, .T. ) ;
#11 =( NAMED_UNIT ( * ) SI_UNIT ( $, .STERADIAN. ) SOLID_ANGLE_UNIT ( ) );
#12 = EDGE_CURVE ( 'NONE', #3252, #6106, #5438, .T. ) ;
#13 = CARTESIAN_POINT ( 'NONE',  ( 0.6110963936061697410, 0.8810963936061697588, 0.8000000000000001554 ) ) ;
#14 = EDGE_LOOP ( 'NONE', ( #36, #5884, #6747, #7210 ) ) ;
#15 = LINE ( 'NONE', #3471, #2508 ) ;
#16 = FILL_AREA_STYLE ('',( #4094 ) ) ;
#17 = CARTESIAN_POINT ( 'NONE',  ( 0.6299999999999998934, -0.8900015230484359385, 0.2800000000000000266 ) ) ;
#18 = ORIENTED_EDGE ( 'NONE', *, *, #4071, .F. ) ;
#19 = B_SPLINE_SURFACE_WITH_KNOTS ( 'NONE', 3, 1, ( 
 ( #4532, #4052 ),
 ( #5162, #4571 ),
 ( #6343, #4004 ),
 ( #1871, #3466 ),
 ( #5714, #1295 ),
 ( #682, #5815 ),
 ( #6306, #6373 ),
 ( #4120, #1259 ),
 ( #3506, #6896 ),
 ( #2944, #5752 ),
 ( #718, #3538 ),
 ( #5779, #744 ),
 ( #2980, #5222 ),
 ( #5675, #1324 ),
 ( #3570, #6797 ),
 ( #4267, #1472 ),
 ( #4231, #5970 ),
 ( #849, #964 ),
 ( #1948, #3195 ) ),
 .UNSPECIFIED., .F., .F., .F.,
 ( 4, 1, 1, 1, 1, 1, 1, 1, 1, 1, 1, 1, 1, 1, 1, 1, 4 ),
 ( 2, 2 ),
 ( 0.000000000000000000, 0.07231867454721085942, 0.1405177950206413229, 0.2057021883860480349, 0.2683442779098018649, 0.3284611636088278219, 0.3872581215078034766, 0.4453378303906303515, 0.5030972754540030678, 0.5606099254806112819, 0.6182023772868152633, 0.6766196794019635474, 0.7360262455864804432, 0.7975246684661581043, 0.8618309667202000979, 0.9291734274448366637, 1.000000000000000000 ),
 ( 0.000000000000000000, 1.000000000000000000 ),
 .UNSPECIFIED. ) ;
#20 = CARTESIAN_POINT ( 'NONE',  ( 0.000000000000000000, 0.6304500467786023910, 0.01000000000000000021 ) ) ;
#21 = ORIENTED_EDGE ( 'NONE', *, *, #2336, .F. ) ;
#22 = FACE_OUTER_BOUND ( 'NONE', #2462, .T. ) ;
#23 = CARTESIAN_POINT ( 'NONE',  ( 0.1025526683765242697, 0.6299818184344203598, 0.01000000000000000021 ) ) ;
#24 = PRESENTATION_STYLE_ASSIGNMENT (( #6634 ) ) ;
#25 = FILL_AREA_STYLE_COLOUR ( '', #2675 ) ;
#26 = STYLED_ITEM ( 'NONE', ( #1409 ), #4812 ) ;
#27 = EDGE_CURVE ( 'NONE', #5839, #5721, #7149, .T. ) ;
#28 = PRESENTATION_LAYER_ASSIGNMENT (  '', '', ( #1438 ) ) ;
#29 = CARTESIAN_POINT ( 'NONE',  ( -0.1580136153828947954, 0.7112427297054316755, 0.000000000000000000 ) ) ;
#30 = CARTESIAN_POINT ( 'NONE',  ( 0.08458884964414833951, 0.6295946802393810326, 0.000000000000000000 ) ) ;
#31 = VERTEX_POINT ( 'NONE', #4547 ) ;
#32 = VECTOR ( 'NONE', #2518, 1000.000000000000000 ) ;
#33 = FACE_OUTER_BOUND ( 'NONE', #7249, .T. ) ;
#34 = MECHANICAL_DESIGN_GEOMETRIC_PRESENTATION_REPRESENTATION (  '', ( #7101 ), #2746 ) ;
#35 = CARTESIAN_POINT ( 'NONE',  ( 0.1374197705838912931, 0.6951638955028445199, 0.01000000000000000021 ) ) ;
#36 = ORIENTED_EDGE ( 'NONE', *, *, #4564, .F. ) ;
#37 = DIRECTION ( 'NONE',  ( 0.000000000000000000, 0.000000000000000000, -1.000000000000000000 ) ) ;
#38 = EDGE_CURVE ( 'NONE', #6642, #7275, #1099, .T. ) ;
#39 = ORIENTED_EDGE ( 'NONE', *, *, #1379, .T. ) ;
#40 = SURFACE_STYLE_USAGE ( .BOTH. , #2169 ) ;
#41 = UNCERTAINTY_MEASURE_WITH_UNIT (LENGTH_MEASURE( 1.000000000000000082E-05 ), #5786, 'distance_accuracy_value', 'NONE');
#42 = CARTESIAN_POINT ( 'NONE',  ( 0.09996310513863357339, 0.7192074013846707636, 0.01000000000000000021 ) ) ;
#43 = PRESENTATION_STYLE_ASSIGNMENT (( #6928 ) ) ;
#44 = CARTESIAN_POINT ( 'NONE',  ( 0.07551895736521968550, 0.7307028805517076231, 0.000000000000000000 ) ) ;
#45 = ORIENTED_EDGE ( 'NONE', *, *, #625, .F. ) ;
#46 = VECTOR ( 'NONE', #7221, 1000.000000000000000 ) ;
#47 = B_SPLINE_CURVE_WITH_KNOTS ( 'NONE', 3,
 ( #3060, #2560, #5871, #5393, #268, #7027, #1966, #347, #4207, #2595, #6468, #5902, #4829, #2041, #1631, #1085, #3173, #3764, #6694 ),
 .UNSPECIFIED., .F., .F.,
 ( 4, 1, 1, 1, 1, 1, 1, 1, 1, 1, 1, 1, 1, 1, 1, 1, 4 ),
 ( 0.000000000000000000, 0.07430379644281459584, 0.1443936103644171132, 0.2104994961032790046, 0.2735426065034673448, 0.3338247445790724632, 0.3925296724085018396, 0.4500874545995853793, 0.5078206115557872824, 0.5654649127768467398, 0.6231487223336192871, 0.6812971927909353687, 0.7409134981565809186, 0.8018557521958580292, 0.8652412377209433014, 0.9309416570467442531, 1.000000000000000000 ),
 .UNSPECIFIED. ) ;
#48 = CARTESIAN_POINT ( 'NONE',  ( -0.06010106909054563351, 0.7193879634396748157, 0.01000000000000000021 ) ) ;
#49 = CARTESIAN_POINT ( 'NONE',  ( 0.07038429477730935580, 0.7171192478399425196, 0.000000000000000000 ) ) ;
#50 = UNCERTAINTY_MEASURE_WITH_UNIT (LENGTH_MEASURE( 1.000000000000000082E-05 ), #7176, 'distance_accuracy_value', 'NONE');
#51 = FACE_OUTER_BOUND ( 'NONE', #3065, .T. ) ;
#52 = CARTESIAN_POINT ( 'NONE',  ( 0.08940689134101739710, 0.6402219983943201465, 0.000000000000000000 ) ) ;
#53 = PRESENTATION_LAYER_ASSIGNMENT (  '', '', ( #5458 ) ) ;
#54 = CARTESIAN_POINT ( 'NONE',  ( 0.1990938541293003905, 0.6304500467786023910, 0.000000000000000000 ) ) ;
#55 = ORIENTED_EDGE ( 'NONE', *, *, #6205, .T. ) ;
#56 = FILL_AREA_STYLE ('',( #3880 ) ) ;
#57 = SURFACE_SIDE_STYLE ('',( #5615 ) ) ;
#58 = CARTESIAN_POINT ( 'NONE',  ( -1.000000000000000000, -0.6999999999999999556, -0.2400000000000000466 ) ) ;
#59 = AXIS2_PLACEMENT_3D ( 'NONE', #5228, #723, #5297 ) ;
#60 = VECTOR ( 'NONE', #3058, 1000.000000000000000 ) ;
#61 = VECTOR ( 'NONE', #1329, 1000.000000000000000 ) ;
#62 = LINE ( 'NONE', #1249, #286 ) ;
#63 = MECHANICAL_DESIGN_GEOMETRIC_PRESENTATION_REPRESENTATION (  '', ( #7020 ), #2542 ) ;
#64 = SURFACE_STYLE_USAGE ( .BOTH. , #2835 ) ;
#65 = VERTEX_POINT ( 'NONE', #6813 ) ;
#66 = ADVANCED_FACE ( 'NONE', ( #6709 ), #6140, .F. ) ;
#67 = LINE ( 'NONE', #630, #3269 ) ;
#68 =( NAMED_UNIT ( * ) SI_UNIT ( $, .STERADIAN. ) SOLID_ANGLE_UNIT ( ) );
#69 = VERTEX_POINT ( 'NONE', #1174 ) ;
#70 = CARTESIAN_POINT ( 'NONE',  ( -0.6210948705577339357, -0.8810963936061698698, 0.7901745240643729407 ) ) ;
#71 = COLOUR_RGB ( '',0.8313725490196077761, 0.8313725490196077761, 0.8196078431372548767 ) ;
#72 = ORIENTED_EDGE ( 'NONE', *, *, #4346, .T. ) ;
#73 = CARTESIAN_POINT ( 'NONE',  ( -0.02773541416338257473, 0.6304500467786023910, 0.000000000000000000 ) ) ;
#74 = PRESENTATION_STYLE_ASSIGNMENT (( #5850 ) ) ;
#75 = LINE ( 'NONE', #6241, #1850 ) ;
#76 = CARTESIAN_POINT ( 'NONE',  ( 0.1034715882704956846, 0.7179790296567813979, 0.01000000000000000021 ) ) ;
#77 = EDGE_CURVE ( 'NONE', #6119, #7206, #6335, .T. ) ;
#78 = CARTESIAN_POINT ( 'NONE',  ( -0.5200000000000000178, 0.8549999999999999822, -0.01000000000000000021 ) ) ;
#79 = ORIENTED_EDGE ( 'NONE', *, *, #6942, .T. ) ;
#80 = PRESENTATION_LAYER_ASSIGNMENT (  '', '', ( #304 ) ) ;
#81 = CARTESIAN_POINT ( 'NONE',  ( -0.08412709093234632673, 0.7099780106787353384, 0.01000000000000000021 ) ) ;
#82 = DIRECTION ( 'NONE',  ( -0.000000000000000000, -0.000000000000000000, -1.000000000000000000 ) ) ;
#83 = LINE ( 'NONE', #3876, #2655 ) ;
#84 = FACE_OUTER_BOUND ( 'NONE', #1139, .T. ) ;
#85 =( GEOMETRIC_REPRESENTATION_CONTEXT ( 3 ) GLOBAL_UNCERTAINTY_ASSIGNED_CONTEXT ( ( #4001 ) ) GLOBAL_UNIT_ASSIGNED_CONTEXT ( ( #4542, #6354, #2958 ) ) REPRESENTATION_CONTEXT ( 'NONE', 'WORKASPACE' ) );
#86 = CARTESIAN_POINT ( 'NONE',  ( -0.08686039295663226800, 0.6546720090557291982, 0.000000000000000000 ) ) ;
#87 = VERTEX_POINT ( 'NONE', #6109 ) ;
#88 = PRESENTATION_STYLE_ASSIGNMENT (( #1169 ) ) ;
#89 =( GEOMETRIC_REPRESENTATION_CONTEXT ( 3 ) GLOBAL_UNCERTAINTY_ASSIGNED_CONTEXT ( ( #1588 ) ) GLOBAL_UNIT_ASSIGNED_CONTEXT ( ( #6505, #3063, #387 ) ) REPRESENTATION_CONTEXT ( 'NONE', 'WORKASPACE' ) );
#90 = LINE ( 'NONE', #1848, #1266 ) ;
#91 = DIRECTION ( 'NONE',  ( 0.000000000000000000, -1.000000000000000000, -0.000000000000000000 ) ) ;
#92 = VECTOR ( 'NONE', #3511, 1000.000000000000000 ) ;
#93 = EDGE_CURVE ( 'NONE', #653, #6065, #2534, .T. ) ;
#94 = PRESENTATION_STYLE_ASSIGNMENT (( #548 ) ) ;
#95 = LINE ( 'NONE', #3987, #2568 ) ;
#96 = PRESENTATION_LAYER_ASSIGNMENT (  '', '', ( #700 ) ) ;
#97 =( GEOMETRIC_REPRESENTATION_CONTEXT ( 3 ) GLOBAL_UNCERTAINTY_ASSIGNED_CONTEXT ( ( #4526 ) ) GLOBAL_UNIT_ASSIGNED_CONTEXT ( ( #4272, #3308, #5516 ) ) REPRESENTATION_CONTEXT ( 'NONE', 'WORKASPACE' ) );
#98 = VERTEX_POINT ( 'NONE', #5533 ) ;
#99 = CARTESIAN_POINT ( 'NONE',  ( -0.5200000000000000178, -0.8549999999999999822, 0.000000000000000000 ) ) ;
#100 =( GEOMETRIC_REPRESENTATION_CONTEXT ( 3 ) GLOBAL_UNCERTAINTY_ASSIGNED_CONTEXT ( ( #4896 ) ) GLOBAL_UNIT_ASSIGNED_CONTEXT ( ( #707, #6986, #1378 ) ) REPRESENTATION_CONTEXT ( 'NONE', 'WORKASPACE' ) );
#102 = VECTOR ( 'NONE', #6831, 1000.000000000000000 ) ;
#101 = CARTESIAN_POINT ( 'NONE',  ( -0.1596142251389923439, 0.7182549248273829567, 0.01000000000000000021 ) ) ;
#103 = AXIS2_PLACEMENT_3D ( 'NONE', #172, #3594, #1823 ) ;
#104 = DIRECTION ( 'NONE',  ( -0.000000000000000000, 1.000000000000000000, 0.000000000000000000 ) ) ;
#105 = DIRECTION ( 'NONE',  ( 0.000000000000000000, -1.000000000000000000, -0.000000000000000000 ) ) ;
#106 = ORIENTED_EDGE ( 'NONE', *, *, #3989, .T. ) ;
#107 = ORIENTED_EDGE ( 'NONE', *, *, #4607, .T. ) ;
#108 = CARTESIAN_POINT ( 'NONE',  ( -0.003345170260943557301, 0.6755719979981146261, 0.000000000000000000 ) ) ;
#109 = EDGE_CURVE ( 'NONE', #4279, #1940, #5025, .T. ) ;
#110 = DIRECTION ( 'NONE',  ( 1.000000000000000000, 0.000000000000000000, -0.000000000000000000 ) ) ;
#111 = UNCERTAINTY_MEASURE_WITH_UNIT (LENGTH_MEASURE( 1.000000000000000082E-05 ), #1346, 'distance_accuracy_value', 'NONE');
#112 =( NAMED_UNIT ( * ) PLANE_ANGLE_UNIT ( ) SI_UNIT ( $, .RADIAN. ) );
#113 = CARTESIAN_POINT ( 'NONE',  ( 0.1098909637170478876, 0.7144452458910507398, 0.01000000000000000021 ) ) ;
#114 =( NAMED_UNIT ( * ) PLANE_ANGLE_UNIT ( ) SI_UNIT ( $, .RADIAN. ) );
#115 = CARTESIAN_POINT ( 'NONE',  ( 0.5200000000000000178, -0.8549999999999999822, -0.01000000000000000021 ) ) ;
#116 = ORIENTED_EDGE ( 'NONE', *, *, #5874, .T. ) ;
#117 = FACE_OUTER_BOUND ( 'NONE', #850, .T. ) ;
#118 = ADVANCED_FACE ( 'NONE', ( #7295 ), #1677, .F. ) ;
#119 = CARTESIAN_POINT ( 'NONE',  ( -0.1025023524632447114, 0.7060605847433557569, 0.01000000000000000021 ) ) ;
#120 = UNCERTAINTY_MEASURE_WITH_UNIT (LENGTH_MEASURE( 1.000000000000000082E-05 ), #1007, 'distance_accuracy_value', 'NONE');
#121 =( LENGTH_UNIT ( ) NAMED_UNIT ( * ) SI_UNIT ( .MILLI., .METRE. ) );
#122 = CARTESIAN_POINT ( 'NONE',  ( 0.08504773470894788634, 0.7316449535236955182, 0.000000000000000000 ) ) ;
#123 = CARTESIAN_POINT ( 'NONE',  ( 0.03202068339759305687, 0.7194744370225049090, 0.000000000000000000 ) ) ;
#124 = ORIENTED_EDGE ( 'NONE', *, *, #6985, .F. ) ;
#125 = ADVANCED_FACE ( 'NONE', ( #1209 ), #3487, .F. ) ;
#126 = CARTESIAN_POINT ( 'NONE',  ( 1.000000000000000000, 0.7000000000000001776, -0.01000000000000000021 ) ) ;
#127 = CARTESIAN_POINT ( 'NONE',  ( 0.06494751266588572047, 0.6466085833639682035, 0.000000000000000000 ) ) ;
#128 = SURFACE_STYLE_USAGE ( .BOTH. , #5100 ) ;
#129 = PLANE ( 'NONE',  #4648 ) ;
#130 = ORIENTED_EDGE ( 'NONE', *, *, #6658, .T. ) ;
#131 = EDGE_CURVE ( 'NONE', #1531, #5570, #1853, .T. ) ;
#132 = B_SPLINE_SURFACE_WITH_KNOTS ( 'NONE', 3, 1, ( 
 ( #5638, #6090 ),
 ( #5557, #529 ),
 ( #2773, #5006 ),
 ( #6724, #3900 ),
 ( #5596, #2815 ),
 ( #44, #4349 ),
 ( #5047, #3938 ),
 ( #6200, #1151 ),
 ( #2843, #6611 ),
 ( #6270, #2361 ),
 ( #783, #2391 ) ),
 .UNSPECIFIED., .F., .F., .F.,
 ( 4, 1, 1, 1, 1, 1, 1, 1, 4 ),
 ( 2, 2 ),
 ( 0.000000000000000000, 0.1451868664724697278, 0.2834426109197302757, 0.4165243659288293543, 0.5431811235350831879, 0.6651530826377136663, 0.7813602063127165209, 0.8927566556418095045, 1.000000000000000000 ),
 ( 0.000000000000000000, 1.000000000000000000 ),
 .UNSPECIFIED. ) ;
#133 = CARTESIAN_POINT ( 'NONE',  ( -1.000000000000000000, -0.9000000000000003553, 0.2800000000000000266 ) ) ;
#134 = ORIENTED_EDGE ( 'NONE', *, *, #1782, .T. ) ;
#135 = LINE ( 'NONE', #1140, #6581 ) ;
#136 = MECHANICAL_DESIGN_GEOMETRIC_PRESENTATION_REPRESENTATION (  '', ( #2255 ), #5781 ) ;
#137 = CARTESIAN_POINT ( 'NONE',  ( -0.6300000000000001155, -0.8549999999999999822, 0.2800000000000000266 ) ) ;
#138 = DIRECTION ( 'NONE',  ( 0.000000000000000000, 1.000000000000000000, -0.000000000000000000 ) ) ;
#139 = ORIENTED_EDGE ( 'NONE', *, *, #3668, .T. ) ;
#140 = DIRECTION ( 'NONE',  ( 1.000000000000000000, 0.000000000000000000, 0.000000000000000000 ) ) ;
#141 = DIRECTION ( 'NONE',  ( -1.000000000000000000, 0.000000000000000000, 0.000000000000000000 ) ) ;
#142 = VECTOR ( 'NONE', #4696, 1000.000000000000114 ) ;
#143 = CARTESIAN_POINT ( 'NONE',  ( 0.1155185274727131284, 0.7095565569281855334, 0.01000000000000000021 ) ) ;
#144 = CARTESIAN_POINT ( 'NONE',  ( -0.6210948705577339357, 0.8909233662373267082, 0.7901745240643729407 ) ) ;
#145 = DIRECTION ( 'NONE',  ( 0.000000000000000000, 0.000000000000000000, -1.000000000000000000 ) ) ;
#146 = ORIENTED_EDGE ( 'NONE', *, *, #5087, .F. ) ;
#147 = MECHANICAL_DESIGN_GEOMETRIC_PRESENTATION_REPRESENTATION (  '', ( #4850 ), #1100 ) ;
#148 = COLOUR_RGB ( '',0.2980392156862745057, 0.2980392156862745057, 0.2980392156862745057 ) ;
#149 = DIRECTION ( 'NONE',  ( 0.000000000000000000, -0.000000000000000000, 1.000000000000000000 ) ) ;
#150 =( NAMED_UNIT ( * ) SI_UNIT ( $, .STERADIAN. ) SOLID_ANGLE_UNIT ( ) );
#151 = CARTESIAN_POINT ( 'NONE',  ( -1.000000000000000000, 0.1450000000000000455, 0.000000000000000000 ) ) ;
#152 =( NAMED_UNIT ( * ) SI_UNIT ( $, .STERADIAN. ) SOLID_ANGLE_UNIT ( ) );
#153 = CARTESIAN_POINT ( 'NONE',  ( 0.09246275656832476930, 0.6292305345834805497, 0.01000000000000000021 ) ) ;
#154 = PRESENTATION_LAYER_ASSIGNMENT (  '', '', ( #3804 ) ) ;
#155 =( GEOMETRIC_REPRESENTATION_CONTEXT ( 3 ) GLOBAL_UNCERTAINTY_ASSIGNED_CONTEXT ( ( #7138 ) ) GLOBAL_UNIT_ASSIGNED_CONTEXT ( ( #2346, #4020, #2994 ) ) REPRESENTATION_CONTEXT ( 'NONE', 'WORKASPACE' ) );
#156 = EDGE_CURVE ( 'NONE', #5420, #1015, #1308, .T. ) ;
#157 = ORIENTED_EDGE ( 'NONE', *, *, #4904, .T. ) ;
#158 =( GEOMETRIC_REPRESENTATION_CONTEXT ( 3 ) GLOBAL_UNCERTAINTY_ASSIGNED_CONTEXT ( ( #2386 ) ) GLOBAL_UNIT_ASSIGNED_CONTEXT ( ( #6753, #1189, #11 ) ) REPRESENTATION_CONTEXT ( 'NONE', 'WORKASPACE' ) );
#159 = LINE ( 'NONE', #6842, #4375 ) ;
#160 = PLANE ( 'NONE',  #7112 ) ;
#161 = PLANE ( 'NONE',  #6913 ) ;
#162 = FILL_AREA_STYLE_COLOUR ( '', #4264 ) ;
#163 = CARTESIAN_POINT ( 'NONE',  ( -0.9899999999999999911, -0.9000000000000003553, 0.2800000000000000266 ) ) ;
#164 = VECTOR ( 'NONE', #5254, 1000.000000000000000 ) ;
#165 =( NAMED_UNIT ( * ) SI_UNIT ( $, .STERADIAN. ) SOLID_ANGLE_UNIT ( ) );
#166 = CIRCLE ( 'NONE', #4163, 0.01000000000000002623 ) ;
#167 = EDGE_CURVE ( 'NONE', #4074, #1390, #2347, .T. ) ;
#168 = PRESENTATION_STYLE_ASSIGNMENT (( #1678 ) ) ;
#169 = ORIENTED_EDGE ( 'NONE', *, *, #535, .F. ) ;
#170 = CARTESIAN_POINT ( 'NONE',  ( -0.1580136153828947954, 0.7112427297054316755, 0.01000000000000000021 ) ) ;
#171 = PRESENTATION_LAYER_ASSIGNMENT (  '', '', ( #3345 ) ) ;
#172 = CARTESIAN_POINT ( 'NONE',  ( -1.000000000000000000, -0.8549999999999999822, 0.2900000000000000355 ) ) ;
#173 = DIRECTION ( 'NONE',  ( 0.000000000000000000, -1.000000000000000000, 0.000000000000000000 ) ) ;
#174 = ORIENTED_EDGE ( 'NONE', *, *, #2998, .T. ) ;
#175 = AXIS2_PLACEMENT_3D ( 'NONE', #4067, #3062, #271 ) ;
#176 = CARTESIAN_POINT ( 'NONE',  ( 0.1385314564242369206, 0.6898844959573252611, 0.01000000000000000021 ) ) ;
#177 = VECTOR ( 'NONE', #4197, 1000.000000000000000 ) ;
#178 = PLANE ( 'NONE',  #6974 ) ;
#179 =( LENGTH_UNIT ( ) NAMED_UNIT ( * ) SI_UNIT ( .MILLI., .METRE. ) );
#180 = ORIENTED_EDGE ( 'NONE', *, *, #3411, .F. ) ;
#181 = MECHANICAL_DESIGN_GEOMETRIC_PRESENTATION_REPRESENTATION (  '', ( #663 ), #1707 ) ;
#182 = FILL_AREA_STYLE ('',( #777 ) ) ;
#183 = UNCERTAINTY_MEASURE_WITH_UNIT (LENGTH_MEASURE( 1.000000000000000082E-05 ), #1647, 'distance_accuracy_value', 'NONE');
#184 = LINE ( 'NONE', #2425, #1513 ) ;
#185 = DIRECTION ( 'NONE',  ( 0.000000000000000000, -1.000000000000000000, 0.000000000000000000 ) ) ;
#186 = EDGE_CURVE ( 'NONE', #1199, #2321, #95, .T. ) ;
#187 = DIRECTION ( 'NONE',  ( 1.000000000000000000, 0.000000000000000000, -0.000000000000000000 ) ) ;
#188 = CARTESIAN_POINT ( 'NONE',  ( -1.000000000000000000, -0.1450000000000000455, 0.2900000000000000355 ) ) ;
#189 = CARTESIAN_POINT ( 'NONE',  ( -0.09685553433846312565, 0.7138429425699513997, 0.01000000000000000021 ) ) ;
#190 = UNCERTAINTY_MEASURE_WITH_UNIT (LENGTH_MEASURE( 1.000000000000000082E-05 ), #5819, 'distance_accuracy_value', 'NONE');
#191 = FILL_AREA_STYLE_COLOUR ( '', #458 ) ;
#192 = CARTESIAN_POINT ( 'NONE',  ( 0.07397999884137999860, 0.6316738271091032475, 0.01000000000000000021 ) ) ;
#193 = DIRECTION ( 'NONE',  ( 0.01744974916068658261, -0.01744974916068639526, 0.9996954598818874604 ) ) ;
#194 = EDGE_LOOP ( 'NONE', ( #5914, #7094, #1960, #4367, #180 ) ) ;
#195 = CARTESIAN_POINT ( 'NONE',  ( 1.000000000000000000, -0.9000000000000002442, 0.2800000000000000266 ) ) ;
#196 = DIRECTION ( 'NONE',  ( 1.000000000000000000, -0.000000000000000000, -0.000000000000000000 ) ) ;
#197 = LINE ( 'NONE', #1883, #5614 ) ;
#198 = SURFACE_SIDE_STYLE ('',( #1305 ) ) ;
#199 = ADVANCED_FACE ( 'NONE', ( #1887 ), #699, .F. ) ;
#200 = VECTOR ( 'NONE', #1170, 1000.000000000000000 ) ;
#201 = CARTESIAN_POINT ( 'NONE',  ( 0.08972089397428796576, 0.7206648156090290636, 0.000000000000000000 ) ) ;
#202 =( GEOMETRIC_REPRESENTATION_CONTEXT ( 3 ) GLOBAL_UNCERTAINTY_ASSIGNED_CONTEXT ( ( #4821 ) ) GLOBAL_UNIT_ASSIGNED_CONTEXT ( ( #3255, #508, #3886 ) ) REPRESENTATION_CONTEXT ( 'NONE', 'WORKASPACE' ) );
#203 = STYLED_ITEM ( 'NONE', ( #1158 ), #2841 ) ;
#204 = ORIENTED_EDGE ( 'NONE', *, *, #6399, .T. ) ;
#205 = LINE ( 'NONE', #6849, #3468 ) ;
#206 = EDGE_CURVE ( 'NONE', #3950, #2892, #2598, .T. ) ;
#207 = CARTESIAN_POINT ( 'NONE',  ( -0.09480858489508987852, 0.6814218455590903556, 0.01000000000000000021 ) ) ;
#208 = ORIENTED_EDGE ( 'NONE', *, *, #2362, .T. ) ;
#209 = AXIS2_PLACEMENT_3D ( 'NONE', #6731, #3324, #539 ) ;
#210 = PRESENTATION_STYLE_ASSIGNMENT (( #5882 ) ) ;
#211 = MECHANICAL_DESIGN_GEOMETRIC_PRESENTATION_REPRESENTATION (  '', ( #3388 ), #100 ) ;
#212 = STYLED_ITEM ( 'NONE', ( #3936 ), #619 ) ;
#213 = VECTOR ( 'NONE', #4551, 1000.000000000000000 ) ;
#214 = CARTESIAN_POINT ( 'NONE',  ( 0.06777613910062856017, 0.6340716869813518564, 0.01000000000000000021 ) ) ;
#215 = FILL_AREA_STYLE ('',( #1294 ) ) ;
#216 = PRESENTATION_LAYER_ASSIGNMENT (  '', '', ( #3747 ) ) ;
#217 = FILL_AREA_STYLE_COLOUR ( '', #2893 ) ;
#218 = LINE ( 'NONE', #4155, #4257 ) ;
#219 = CARTESIAN_POINT ( 'NONE',  ( -0.09220500866642045157, 0.6980078949247759956, 0.000000000000000000 ) ) ;
#220 = EDGE_CURVE ( 'NONE', #6950, #4624, #4175, .T. ) ;
#221 = CARTESIAN_POINT ( 'NONE',  ( 0.03202068339759305687, 0.7194744370225049090, 0.000000000000000000 ) ) ;
#222 = EDGE_CURVE ( 'NONE', #4855, #1531, #948, .T. ) ;
#223 = DIRECTION ( 'NONE',  ( 1.000000000000000000, -1.527045313359865723E-16, 0.000000000000000000 ) ) ;
#224 = PRESENTATION_STYLE_ASSIGNMENT (( #1401 ) ) ;
#225 = ORIENTED_EDGE ( 'NONE', *, *, #4244, .F. ) ;
#226 = SURFACE_STYLE_USAGE ( .BOTH. , #4167 ) ;
#227 = ORIENTED_EDGE ( 'NONE', *, *, #5135, .T. ) ;
#228 = DIRECTION ( 'NONE',  ( 0.000000000000000000, -0.000000000000000000, -1.000000000000000000 ) ) ;
#229 = FILL_AREA_STYLE_COLOUR ( '', #5800 ) ;
#230 = DIRECTION ( 'NONE',  ( -0.000000000000000000, -1.000000000000000000, -0.000000000000000000 ) ) ;
#231 = PLANE ( 'NONE',  #7095 ) ;
#232 = CARTESIAN_POINT ( 'NONE',  ( -1.000000000000000000, 0.8549999999999999822, 0.2900000000000000355 ) ) ;
#233 = DIRECTION ( 'NONE',  ( -0.000000000000000000, 0.000000000000000000, -1.000000000000000000 ) ) ;
#234 = CARTESIAN_POINT ( 'NONE',  ( -1.000000000000000000, -0.9000000000000003553, 0.2800000000000000266 ) ) ;
#235 = ORIENTED_EDGE ( 'NONE', *, *, #690, .T. ) ;
#236 = SURFACE_STYLE_FILL_AREA ( #5838 ) ;
#237 = ORIENTED_EDGE ( 'NONE', *, *, #4427, .T. ) ;
#238 =( LENGTH_UNIT ( ) NAMED_UNIT ( * ) SI_UNIT ( .MILLI., .METRE. ) );
#239 = DIRECTION ( 'NONE',  ( 0.000000000000000000, 1.000000000000000000, 0.000000000000000000 ) ) ;
#240 = DIRECTION ( 'NONE',  ( -0.000000000000000000, -0.000000000000000000, 1.000000000000000000 ) ) ;
#241 = ORIENTED_EDGE ( 'NONE', *, *, #3536, .T. ) ;
#242 = CARTESIAN_POINT ( 'NONE',  ( 0.1418239742663621461, -0.2642610428101545561, -0.01000000000000000021 ) ) ;
#243 = ADVANCED_FACE ( 'NONE', ( #4800, #4910 ), #4763, .F. ) ;
#244 = FILL_AREA_STYLE ('',( #4775 ) ) ;
#245 = VERTEX_POINT ( 'NONE', #7069 ) ;
#246 =( LENGTH_UNIT ( ) NAMED_UNIT ( * ) SI_UNIT ( .MILLI., .METRE. ) );
#247 = CARTESIAN_POINT ( 'NONE',  ( 0.1362411085220801010, 0.6584909572253364596, 0.01000000000000000194 ) ) ;
#248 = UNCERTAINTY_MEASURE_WITH_UNIT (LENGTH_MEASURE( 1.000000000000000082E-05 ), #2770, 'distance_accuracy_value', 'NONE');
#249 = CARTESIAN_POINT ( 'NONE',  ( 0.1374197705838912931, 0.6951638955028445199, 0.000000000000000000 ) ) ;
#250 = DIRECTION ( 'NONE',  ( 1.084202172485504434E-16, -1.000000000000000000, 0.000000000000000000 ) ) ;
#251 =( NAMED_UNIT ( * ) SI_UNIT ( $, .STERADIAN. ) SOLID_ANGLE_UNIT ( ) );
#252 = ORIENTED_EDGE ( 'NONE', *, *, #3825, .T. ) ;
#253 = FACE_OUTER_BOUND ( 'NONE', #5911, .T. ) ;
#254 = EDGE_CURVE ( 'NONE', #4141, #4926, #351, .T. ) ;
#255 = FACE_OUTER_BOUND ( 'NONE', #3657, .T. ) ;
#256 = VECTOR ( 'NONE', #976, 1000.000000000000000 ) ;
#257 =( NAMED_UNIT ( * ) SI_UNIT ( $, .STERADIAN. ) SOLID_ANGLE_UNIT ( ) );
#258 = DIRECTION ( 'NONE',  ( 0.000000000000000000, -1.000000000000000000, 0.000000000000000000 ) ) ;
#259 = CARTESIAN_POINT ( 'NONE',  ( -0.05589852391948014337, 0.7194744370225049090, 0.000000000000000000 ) ) ;
#260 = CARTESIAN_POINT ( 'NONE',  ( 0.07734666008931617709, 0.6307883421529665302, 0.000000000000000000 ) ) ;
#261 = CARTESIAN_POINT ( 'NONE',  ( -0.08095755201493456954, 0.6358346838831138159, 0.01000000000000000021 ) ) ;
#262 = ORIENTED_EDGE ( 'NONE', *, *, #4118, .F. ) ;
#263 = CARTESIAN_POINT ( 'NONE',  ( 0.08702593349160815672, 0.6402532584534440518, 0.000000000000000000 ) ) ;
#264 = CARTESIAN_POINT ( 'NONE',  ( -1.000000000000000000, -0.8549999999999999822, 0.000000000000000000 ) ) ;
#265 =( GEOMETRIC_REPRESENTATION_CONTEXT ( 3 ) GLOBAL_UNCERTAINTY_ASSIGNED_CONTEXT ( ( #3208 ) ) GLOBAL_UNIT_ASSIGNED_CONTEXT ( ( #7252, #2147, #4430 ) ) REPRESENTATION_CONTEXT ( 'NONE', 'WORKASPACE' ) );
#266 = ORIENTED_EDGE ( 'NONE', *, *, #2362, .F. ) ;
#267 = SURFACE_STYLE_USAGE ( .BOTH. , #728 ) ;
#268 = CARTESIAN_POINT ( 'NONE',  ( -0.09338588973380140823, 0.6942780202438784132, 0.01000000000000000021 ) ) ;
#269 = DIRECTION ( 'NONE',  ( 1.000000000000000000, 0.000000000000000000, -0.000000000000000000 ) ) ;
#270 = MECHANICAL_DESIGN_GEOMETRIC_PRESENTATION_REPRESENTATION (  '', ( #7223 ), #7220 ) ;
#271 = DIRECTION ( 'NONE',  ( -1.000000000000000000, 0.000000000000000000, -0.000000000000000000 ) ) ;
#272 = FILL_AREA_STYLE_COLOUR ( '', #5493 ) ;
#273 = ORIENTED_EDGE ( 'NONE', *, *, #6381, .T. ) ;
#274 = CARTESIAN_POINT ( 'NONE',  ( 0.09028640475310101277, 0.7316275364723789920, 0.000000000000000000 ) ) ;
#275 = CIRCLE ( 'NONE', #4618, 0.1999999999999999833 ) ;
#276 = PLANE ( 'NONE',  #3793 ) ;
#277 = VERTEX_POINT ( 'NONE', #3138 ) ;
#278 = CARTESIAN_POINT ( 'NONE',  ( -0.09477407329305020944, 0.6798835914086909238, 0.01000000000000000021 ) ) ;
#279 = VECTOR ( 'NONE', #1875, 1000.000000000000000 ) ;
#280 = ORIENTED_EDGE ( 'NONE', *, *, #2658, .T. ) ;
#281 = MECHANICAL_DESIGN_GEOMETRIC_PRESENTATION_REPRESENTATION (  '', ( #4156 ), #5692 ) ;
#282 = CARTESIAN_POINT ( 'NONE',  ( 0.1258953404369706208, 0.6779208530382936360, 0.01000000000000000021 ) ) ;
#283 = CARTESIAN_POINT ( 'NONE',  ( -0.1045983748923533796, 0.7017304309580246757, 0.000000000000000000 ) ) ;
#284 = VECTOR ( 'NONE', #1831, 1000.000000000000000 ) ;
#285 = ORIENTED_EDGE ( 'NONE', *, *, #6182, .F. ) ;
#286 = VECTOR ( 'NONE', #2454, 1000.000000000000000 ) ;
#287 = EDGE_CURVE ( 'NONE', #2774, #6689, #4286, .T. ) ;
#288 = COLOUR_RGB ( '',0.8313725490196077761, 0.8313725490196077761, 0.8196078431372548767 ) ;
#289 = PLANE ( 'NONE',  #1335 ) ;
#290 = MECHANICAL_DESIGN_GEOMETRIC_PRESENTATION_REPRESENTATION (  '', ( #2886 ), #1931 ) ;
#291 = CARTESIAN_POINT ( 'NONE',  ( -0.1073800888982604229, 0.6707133693421333254, 0.01000000000000000021 ) ) ;
#292 = ORIENTED_EDGE ( 'NONE', *, *, #6615, .T. ) ;
#293 = CARTESIAN_POINT ( 'NONE',  ( -0.2363672607811218573, 0.000000000000000000, -0.01000000000000000021 ) ) ;
#294 = COLOUR_RGB ( '',0.8313725490196077761, 0.8313725490196077761, 0.8196078431372548767 ) ;
#295 = DIRECTION ( 'NONE',  ( 1.000000000000000000, 0.000000000000000000, 0.000000000000000000 ) ) ;
#296 = FILL_AREA_STYLE ('',( #4160 ) ) ;
#297 = DIRECTION ( 'NONE',  ( 1.000000000000000000, 0.000000000000000000, 0.000000000000000000 ) ) ;
#298 = EDGE_CURVE ( 'NONE', #6262, #5660, #2640, .T. ) ;
#299 = CARTESIAN_POINT ( 'NONE',  ( -0.08538806974092814916, 0.6382381164493280412, 0.01000000000000000021 ) ) ;
#300 = ORIENTED_EDGE ( 'NONE', *, *, #3974, .F. ) ;
#301 = FILL_AREA_STYLE ('',( #2590 ) ) ;
#302 = DIRECTION ( 'NONE',  ( -1.000000000000000000, -0.000000000000000000, -0.000000000000000000 ) ) ;
#303 = ORIENTED_EDGE ( 'NONE', *, *, #6631, .F. ) ;
#304 = STYLED_ITEM ( 'NONE', ( #2567 ), #1951 ) ;
#305 =( NAMED_UNIT ( * ) PLANE_ANGLE_UNIT ( ) SI_UNIT ( $, .RADIAN. ) );
#306 = CARTESIAN_POINT ( 'NONE',  ( 0.1259231224219833079, 0.6793829736078706993, 0.000000000000000000 ) ) ;
#307 = DIRECTION ( 'NONE',  ( 1.000000000000000000, 0.000000000000000000, -0.000000000000000000 ) ) ;
#308 = COLOUR_RGB ( '',0.8313725490196077761, 0.8313725490196077761, 0.8196078431372548767 ) ;
#309 = DIRECTION ( 'NONE',  ( -1.000000000000000000, 0.000000000000000000, 0.000000000000000000 ) ) ;
#310 = ORIENTED_EDGE ( 'NONE', *, *, #2939, .T. ) ;
#311 = CARTESIAN_POINT ( 'NONE',  ( 0.1173644428903026365, 0.7235243890302002212, 0.000000000000000000 ) ) ;
#312 = CARTESIAN_POINT ( 'NONE',  ( -0.07652769294502995145, 0.7272166953340543083, 0.000000000000000000 ) ) ;
#313 = VERTEX_POINT ( 'NONE', #1528 ) ;
#314 =( NAMED_UNIT ( * ) SI_UNIT ( $, .STERADIAN. ) SOLID_ANGLE_UNIT ( ) );
#315 = MECHANICAL_DESIGN_GEOMETRIC_PRESENTATION_REPRESENTATION (  '', ( #6564 ), #3132 ) ;
#316 = ADVANCED_FACE ( 'NONE', ( #3768 ), #6025, .F. ) ;
#317 = ORIENTED_EDGE ( 'NONE', *, *, #1247, .F. ) ;
#318 = MECHANICAL_DESIGN_GEOMETRIC_PRESENTATION_REPRESENTATION (  '', ( #3729 ), #1042 ) ;
#319 = FILL_AREA_STYLE_COLOUR ( '', #555 ) ;
#320 = CARTESIAN_POINT ( 'NONE',  ( 0.6300000000000001155, 0.8549999999999999822, 0.2900000000000000355 ) ) ;
#321 = DIRECTION ( 'NONE',  ( -0.000000000000000000, -0.000000000000000000, -1.000000000000000000 ) ) ;
#322 = VERTEX_POINT ( 'NONE', #5604 ) ;
#323 = SURFACE_SIDE_STYLE ('',( #6135 ) ) ;
#324 = CARTESIAN_POINT ( 'NONE',  ( 0.1266591083186107691, 0.6427062818060078619, 0.01000000000000000194 ) ) ;
#326 = AXIS2_PLACEMENT_3D ( 'NONE', #6876, #4689, #3589 ) ;
#325 = CARTESIAN_POINT ( 'NONE',  ( -0.1613568126754337251, 0.7116417131507427607, 0.000000000000000000 ) ) ;
#327 = PRESENTATION_LAYER_ASSIGNMENT (  '', '', ( #6577 ) ) ;
#328 = DIRECTION ( 'NONE',  ( -1.000000000000000000, 0.000000000000000000, 0.000000000000000000 ) ) ;
#329 = PLANE ( 'NONE',  #1630 ) ;
#330 =( LENGTH_UNIT ( ) NAMED_UNIT ( * ) SI_UNIT ( .MILLI., .METRE. ) );
#331 = ORIENTED_EDGE ( 'NONE', *, *, #684, .F. ) ;
#332 = DIRECTION ( 'NONE',  ( 0.000000000000000000, 1.000000000000000000, 0.000000000000000000 ) ) ;
#333 = COLOUR_RGB ( '',0.8313725490196077761, 0.8313725490196077761, 0.8196078431372548767 ) ;
#334 = PRESENTATION_LAYER_ASSIGNMENT (  '', '', ( #7044 ) ) ;
#335 = EDGE_CURVE ( 'NONE', #6403, #5406, #6062, .T. ) ;
#336 = CARTESIAN_POINT ( 'NONE',  ( 0.6210948705577337137, -0.8909233662373267082, 0.7901745240643729407 ) ) ;
#337 = DIRECTION ( 'NONE',  ( -0.000000000000000000, -0.000000000000000000, 1.000000000000000000 ) ) ;
#338 = UNCERTAINTY_MEASURE_WITH_UNIT (LENGTH_MEASURE( 1.000000000000000082E-05 ), #1444, 'distance_accuracy_value', 'NONE');
#339 = LINE ( 'NONE', #5863, #3748 ) ;
#340 = ORIENTED_EDGE ( 'NONE', *, *, #1965, .F. ) ;
#341 =( GEOMETRIC_REPRESENTATION_CONTEXT ( 3 ) GLOBAL_UNCERTAINTY_ASSIGNED_CONTEXT ( ( #2106 ) ) GLOBAL_UNIT_ASSIGNED_CONTEXT ( ( #1190, #114, #2943 ) ) REPRESENTATION_CONTEXT ( 'NONE', 'WORKASPACE' ) );
#342 = VECTOR ( 'NONE', #5176, 1000.000000000000000 ) ;
#343 = LINE ( 'NONE', #1483, #1819 ) ;
#344 = VERTEX_POINT ( 'NONE', #6698 ) ;
#345 = ADVANCED_FACE ( 'NONE', ( #1666 ), #2116, .F. ) ;
#346 =( LENGTH_UNIT ( ) NAMED_UNIT ( * ) SI_UNIT ( .MILLI., .METRE. ) );
#347 = CARTESIAN_POINT ( 'NONE',  ( -0.08884177248039309971, 0.7045945817624422736, 0.01000000000000000021 ) ) ;
#348 =( NAMED_UNIT ( * ) PLANE_ANGLE_UNIT ( ) SI_UNIT ( $, .RADIAN. ) );
#349 = CARTESIAN_POINT ( 'NONE',  ( 0.1185045587164371556, 0.6535075031077527408, 0.01000000000000000021 ) ) ;
#350 = CARTESIAN_POINT ( 'NONE',  ( 0.1179793864502984430, 0.7066602465505311681, 0.000000000000000000 ) ) ;
#351 = LINE ( 'NONE', #2006, #6570 ) ;
#352 = ORIENTED_EDGE ( 'NONE', *, *, #1601, .F. ) ;
#353 = DIRECTION ( 'NONE',  ( 0.000000000000000000, -0.000000000000000000, -1.000000000000000000 ) ) ;
#354 = EDGE_CURVE ( 'NONE', #1480, #1857, #5494, .T. ) ;
#355 = CARTESIAN_POINT ( 'NONE',  ( -0.06667749594099865729, 0.7297189121878965290, 0.000000000000000000 ) ) ;
#356 = ORIENTED_EDGE ( 'NONE', *, *, #5509, .T. ) ;
#357 = DIRECTION ( 'NONE',  ( 1.000000000000000000, 0.000000000000000000, 0.000000000000000000 ) ) ;
#358 = FILL_AREA_STYLE ('',( #6480 ) ) ;
#359 = CARTESIAN_POINT ( 'NONE',  ( -0.09337546852576134038, 0.6443833540901788837, 0.000000000000000000 ) ) ;
#360 = ORIENTED_EDGE ( 'NONE', *, *, #3947, .T. ) ;
#361 = CARTESIAN_POINT ( 'NONE',  ( 0.1235585656192192267, 0.6632468229642115576, 0.01000000000000000021 ) ) ;
#362 = ADVANCED_FACE ( 'NONE', ( #6763 ), #2713, .F. ) ;
#363 = EDGE_LOOP ( 'NONE', ( #710, #3773, #7135, #4215 ) ) ;
#364 = CARTESIAN_POINT ( 'NONE',  ( 0.000000000000000000, 0.000000000000000000, 0.2800000000000000266 ) ) ;
#365 = CARTESIAN_POINT ( 'NONE',  ( 0.1233206105194386143, 0.6395575327027276380, 0.000000000000000000 ) ) ;
#366 = CARTESIAN_POINT ( 'NONE',  ( 0.06494751266588572047, 0.6356329736078707437, 0.000000000000000000 ) ) ;
#367 = SURFACE_SIDE_STYLE ('',( #6411 ) ) ;
#368 = CARTESIAN_POINT ( 'NONE',  ( -0.06607801423805827190, 0.6312503919698714272, 0.01000000000000000021 ) ) ;
#369 = ORIENTED_EDGE ( 'NONE', *, *, #5430, .T. ) ;
#370 = PLANE ( 'NONE',  #386 ) ;
#371 = CARTESIAN_POINT ( 'NONE',  ( 0.000000000000000000, 0.7304500467786024798, 0.01000000000000000021 ) ) ;
#372 = CARTESIAN_POINT ( 'NONE',  ( -0.008223219041431360440, 0.6304500467786023910, 0.000000000000000000 ) ) ;
#373 = MECHANICAL_DESIGN_GEOMETRIC_PRESENTATION_REPRESENTATION (  '', ( #3428 ), #5662 ) ;
#374 = FILL_AREA_STYLE ('',( #3238 ) ) ;
#375 = DIRECTION ( 'NONE',  ( 1.000000000000000000, 0.000000000000000000, 0.000000000000000000 ) ) ;
#376 = SURFACE_STYLE_FILL_AREA ( #938 ) ;
#377 = ORIENTED_EDGE ( 'NONE', *, *, #4171, .T. ) ;
#378 = ORIENTED_EDGE ( 'NONE', *, *, #4572, .F. ) ;
#379 = MECHANICAL_DESIGN_GEOMETRIC_PRESENTATION_REPRESENTATION (  '', ( #26 ), #1315 ) ;
#380 =( GEOMETRIC_REPRESENTATION_CONTEXT ( 3 ) GLOBAL_UNCERTAINTY_ASSIGNED_CONTEXT ( ( #1232 ) ) GLOBAL_UNIT_ASSIGNED_CONTEXT ( ( #3154, #5247, #3745 ) ) REPRESENTATION_CONTEXT ( 'NONE', 'WORKASPACE' ) );
#381 = FACE_OUTER_BOUND ( 'NONE', #5020, .T. ) ;
#382 = DIRECTION ( 'NONE',  ( 0.000000000000000000, 0.000000000000000000, -1.000000000000000000 ) ) ;
#383 = CARTESIAN_POINT ( 'NONE',  ( 0.09061443339759304993, 0.6402061443395781204, 0.01000000000000000021 ) ) ;
#384 = AXIS2_PLACEMENT_3D ( 'NONE', #859, #5270, #6386 ) ;
#385 = EDGE_CURVE ( 'NONE', #1913, #4704, #4536, .T. ) ;
#386 = AXIS2_PLACEMENT_3D ( 'NONE', #293, #1906, #6568 ) ;
#387 =( NAMED_UNIT ( * ) SI_UNIT ( $, .STERADIAN. ) SOLID_ANGLE_UNIT ( ) );
#388 = FILL_AREA_STYLE ('',( #7031 ) ) ;
#389 = ORIENTED_EDGE ( 'NONE', *, *, #6955, .F. ) ;
#390 = FILL_AREA_STYLE_COLOUR ( '', #6744 ) ;
#391 = VERTEX_POINT ( 'NONE', #6901 ) ;
#392 = VECTOR ( 'NONE', #1532, 1000.000000000000000 ) ;
#393 = SURFACE_SIDE_STYLE ('',( #7074 ) ) ;
#394 = EDGE_CURVE ( 'NONE', #4330, #3068, #4604, .T. ) ;
#395 = FILL_AREA_STYLE_COLOUR ( '', #2162 ) ;
#396 = CARTESIAN_POINT ( 'NONE',  ( -0.008223219041431360440, 0.6414256565347000727, 0.000000000000000000 ) ) ;
#397 = VECTOR ( 'NONE', #4758, 1000.000000000000000 ) ;
#398 = CARTESIAN_POINT ( 'NONE',  ( 0.1049092480259035398, 0.6427864331685790855, 0.01000000000000000021 ) ) ;
#399 = FILL_AREA_STYLE ('',( #4923 ) ) ;
#400 = FACE_OUTER_BOUND ( 'NONE', #2805, .T. ) ;
#401 = ORIENTED_EDGE ( 'NONE', *, *, #4706, .F. ) ;
#402 = CARTESIAN_POINT ( 'NONE',  ( -0.09338588973380140823, 0.6942780202438784132, 0.000000000000000000 ) ) ;
#403 = COLOUR_RGB ( '',0.8313725490196077761, 0.8313725490196077761, 0.8196078431372548767 ) ;
#404 = FILL_AREA_STYLE ('',( #3709 ) ) ;
#405 = CARTESIAN_POINT ( 'NONE',  ( 1.000000000000000000, -0.8549999999999999822, 0.2800000000000000266 ) ) ;
#406 = EDGE_CURVE ( 'NONE', #6889, #2477, #1763, .T. ) ;
#407 = COLOUR_RGB ( '',0.8313725490196077761, 0.8313725490196077761, 0.8196078431372548767 ) ;
#408 = DIRECTION ( 'NONE',  ( 0.000000000000000000, 1.000000000000000000, 0.000000000000000000 ) ) ;
#409 =( LENGTH_UNIT ( ) NAMED_UNIT ( * ) SI_UNIT ( .MILLI., .METRE. ) );
#410 = ORIENTED_EDGE ( 'NONE', *, *, #2990, .F. ) ;
#411 = PRESENTATION_LAYER_ASSIGNMENT (  '', '', ( #7241 ) ) ;
#412 =( GEOMETRIC_REPRESENTATION_CONTEXT ( 3 ) GLOBAL_UNCERTAINTY_ASSIGNED_CONTEXT ( ( #111 ) ) GLOBAL_UNIT_ASSIGNED_CONTEXT ( ( #1346, #5175, #4620 ) ) REPRESENTATION_CONTEXT ( 'NONE', 'WORKASPACE' ) );
#413 = CARTESIAN_POINT ( 'NONE',  ( -0.08665144577497665979, 0.7074470534389594167, 0.000000000000000000 ) ) ;
#414 = DIRECTION ( 'NONE',  ( 0.000000000000000000, -1.000000000000000000, 0.000000000000000000 ) ) ;
#415 = UNCERTAINTY_MEASURE_WITH_UNIT (LENGTH_MEASURE( 1.000000000000000082E-05 ), #6738, 'distance_accuracy_value', 'NONE');
#416 = EDGE_CURVE ( 'NONE', #2165, #4129, #5132, .T. ) ;
#417 = SURFACE_STYLE_FILL_AREA ( #1590 ) ;
#418 = COLOUR_RGB ( '',0.8313725490196077761, 0.8313725490196077761, 0.8196078431372548767 ) ;
#419 =( NAMED_UNIT ( * ) SI_UNIT ( $, .STERADIAN. ) SOLID_ANGLE_UNIT ( ) );
#420 = ORIENTED_EDGE ( 'NONE', *, *, #4904, .F. ) ;
#421 = ORIENTED_EDGE ( 'NONE', *, *, #7197, .F. ) ;
#422 = PRESENTATION_LAYER_ASSIGNMENT (  '', '', ( #4637 ) ) ;
#423 = CARTESIAN_POINT ( 'NONE',  ( -0.5199999999999999067, 0.1450000000000000455, -0.01000000000000000021 ) ) ;
#424 = PLANE ( 'NONE',  #1154 ) ;
#425 = FACE_OUTER_BOUND ( 'NONE', #2532, .T. ) ;
#426 = VECTOR ( 'NONE', #7022, 1000.000000000000000 ) ;
#427 =( NAMED_UNIT ( * ) SI_UNIT ( $, .STERADIAN. ) SOLID_ANGLE_UNIT ( ) );
#428 = DIRECTION ( 'NONE',  ( 0.3393303772748790248, 0.9406672605435399959, 0.000000000000000000 ) ) ;
#429 = PRESENTATION_STYLE_ASSIGNMENT (( #4212 ) ) ;
#430 = ORIENTED_EDGE ( 'NONE', *, *, #7014, .F. ) ;
#431 = PRESENTATION_LAYER_ASSIGNMENT (  '', '', ( #3595 ) ) ;
#432 = PLANE ( 'NONE',  #6438 ) ;
#433 = CARTESIAN_POINT ( 'NONE',  ( -1.000000000000000000, -0.3000000000000000444, -0.2400000000000000466 ) ) ;
#434 = EDGE_CURVE ( 'NONE', #1112, #7134, #5823, .T. ) ;
#435 = CARTESIAN_POINT ( 'NONE',  ( 0.1344512063721191586, 0.6541264347566058124, 0.01000000000000000021 ) ) ;
#436 = CARTESIAN_POINT ( 'NONE',  ( -0.1073800888982604229, 0.6707133693421333254, 0.000000000000000000 ) ) ;
#437 = EDGE_LOOP ( 'NONE', ( #1604, #5843, #2314, #2234 ) ) ;
#438 = CARTESIAN_POINT ( 'NONE',  ( -1.000000000000000000, -0.9000000000000003553, 0.2800000000000000266 ) ) ;
#439 = LINE ( 'NONE', #3779, #4952 ) ;
#440 =( NAMED_UNIT ( * ) PLANE_ANGLE_UNIT ( ) SI_UNIT ( $, .RADIAN. ) );
#441 = AXIS2_PLACEMENT_3D ( 'NONE', #4374, #6571, #6682 ) ;
#442 = EDGE_CURVE ( 'NONE', #2008, #4138, #3976, .T. ) ;
#443 = ORIENTED_EDGE ( 'NONE', *, *, #2177, .F. ) ;
#444 = FILL_AREA_STYLE_COLOUR ( '', #2974 ) ;
#445 = SURFACE_SIDE_STYLE ('',( #6217 ) ) ;
#446 = SURFACE_STYLE_FILL_AREA ( #404 ) ;
#447 = CARTESIAN_POINT ( 'NONE',  ( 0.000000000000000000, 0.7304500467786024798, 0.01000000000000000021 ) ) ;
#448 = SURFACE_STYLE_FILL_AREA ( #7160 ) ;
#449 = ORIENTED_EDGE ( 'NONE', *, *, #5127, .F. ) ;
#450 = DIRECTION ( 'NONE',  ( -0.000000000000000000, -1.000000000000000000, -0.000000000000000000 ) ) ;
#451 = EDGE_CURVE ( 'NONE', #1276, #3330, #6867, .T. ) ;
#452 = VECTOR ( 'NONE', #4716, 1000.000000000000000 ) ;
#453 = DIRECTION ( 'NONE',  ( 1.000000000000000000, -0.000000000000000000, -0.000000000000000000 ) ) ;
#454 =( LENGTH_UNIT ( ) NAMED_UNIT ( * ) SI_UNIT ( .MILLI., .METRE. ) );
#455 =( NAMED_UNIT ( * ) SI_UNIT ( $, .STERADIAN. ) SOLID_ANGLE_UNIT ( ) );
#456 = CARTESIAN_POINT ( 'NONE',  ( 0.000000000000000000, 0.000000000000000000, 0.2800000000000000266 ) ) ;
#457 = CARTESIAN_POINT ( 'NONE',  ( 0.1205031604917511517, 0.6565193882711912732, 0.000000000000000000 ) ) ;
#458 = COLOUR_RGB ( '',0.8313725490196077761, 0.8313725490196077761, 0.8196078431372548767 ) ;
#459 = LINE ( 'NONE', #4459, #3353 ) ;
#460 = EDGE_LOOP ( 'NONE', ( #39, #2010, #6385, #7188 ) ) ;
#461 = ADVANCED_FACE ( 'NONE', ( #84 ), #1200, .F. ) ;
#462 = EDGE_CURVE ( 'NONE', #1287, #4855, #5940, .T. ) ;
#463 = CARTESIAN_POINT ( 'NONE',  ( -0.5200000000000000178, -0.8549999999999999822, -0.01000000000000000021 ) ) ;
#464 = VECTOR ( 'NONE', #5749, 1000.000000000000000 ) ;
#465 = CARTESIAN_POINT ( 'NONE',  ( -0.1155402922121630677, 0.6304500467786023910, 0.000000000000000000 ) ) ;
#466 =( LENGTH_UNIT ( ) NAMED_UNIT ( * ) SI_UNIT ( .MILLI., .METRE. ) );
#467 = CIRCLE ( 'NONE', #1167, 0.01000000000000002623 ) ;
#468 = DIRECTION ( 'NONE',  ( -1.000000000000000000, 0.000000000000000000, 0.000000000000000000 ) ) ;
#469 = SURFACE_STYLE_USAGE ( .BOTH. , #1741 ) ;
#470 = ORIENTED_EDGE ( 'NONE', *, *, #394, .T. ) ;
#471 = SURFACE_STYLE_FILL_AREA ( #1670 ) ;
#472 = ORIENTED_EDGE ( 'NONE', *, *, #354, .T. ) ;
#473 =( NAMED_UNIT ( * ) SI_UNIT ( $, .STERADIAN. ) SOLID_ANGLE_UNIT ( ) );
#474 = FACE_OUTER_BOUND ( 'NONE', #1627, .T. ) ;
#475 = SURFACE_SIDE_STYLE ('',( #2195 ) ) ;
#476 = DIRECTION ( 'NONE',  ( -0.000000000000000000, -0.000000000000000000, -1.000000000000000000 ) ) ;
#477 =( NAMED_UNIT ( * ) PLANE_ANGLE_UNIT ( ) SI_UNIT ( $, .RADIAN. ) );
#478 = CARTESIAN_POINT ( 'NONE',  ( 0.07038429477730935580, 0.7171192478399425196, 0.000000000000000000 ) ) ;
#479 = ORIENTED_EDGE ( 'NONE', *, *, #4134, .F. ) ;
#480 = DIRECTION ( 'NONE',  ( -0.000000000000000000, -1.000000000000000000, -0.000000000000000000 ) ) ;
#481 = PRESENTATION_STYLE_ASSIGNMENT (( #5411 ) ) ;
#482 = FILL_AREA_STYLE_COLOUR ( '', #2054 ) ;
#483 = ADVANCED_FACE ( 'NONE', ( #6422 ), #7060, .F. ) ;
#484 = SURFACE_STYLE_USAGE ( .BOTH. , #2098 ) ;
#485 =( NAMED_UNIT ( * ) SI_UNIT ( $, .STERADIAN. ) SOLID_ANGLE_UNIT ( ) );
#486 = ORIENTED_EDGE ( 'NONE', *, *, #5479, .T. ) ;
#487 =( LENGTH_UNIT ( ) NAMED_UNIT ( * ) SI_UNIT ( .MILLI., .METRE. ) );
#488 = UNCERTAINTY_MEASURE_WITH_UNIT (LENGTH_MEASURE( 1.000000000000000082E-05 ), #5854, 'distance_accuracy_value', 'NONE');
#489 = LINE ( 'NONE', #4968, #5388 ) ;
#490 = PRESENTATION_STYLE_ASSIGNMENT (( #3833 ) ) ;
#491 = EDGE_CURVE ( 'NONE', #7225, #835, #4753, .T. ) ;
#492 = SURFACE_STYLE_USAGE ( .BOTH. , #567 ) ;
#493 = ORIENTED_EDGE ( 'NONE', *, *, #886, .T. ) ;
#494 = VERTEX_POINT ( 'NONE', #6575 ) ;
#495 = CARTESIAN_POINT ( 'NONE',  ( -0.5200000000000000178, -0.8549999999999999822, -0.01000000000000000021 ) ) ;
#496 = UNCERTAINTY_MEASURE_WITH_UNIT (LENGTH_MEASURE( 1.000000000000000082E-05 ), #1930, 'distance_accuracy_value', 'NONE');
#497 = LINE ( 'NONE', #3765, #256 ) ;
#498 = SURFACE_STYLE_FILL_AREA ( #3726 ) ;
#499 = CARTESIAN_POINT ( 'NONE',  ( -0.1667598044072850227, 0.7304500467786024798, 0.000000000000000000 ) ) ;
#500 =( GEOMETRIC_REPRESENTATION_CONTEXT ( 3 ) GLOBAL_UNCERTAINTY_ASSIGNED_CONTEXT ( ( #1596 ) ) GLOBAL_UNIT_ASSIGNED_CONTEXT ( ( #2855, #348, #5946 ) ) REPRESENTATION_CONTEXT ( 'NONE', 'WORKASPACE' ) );
#501 = VERTEX_POINT ( 'NONE', #856 ) ;
#502 = CARTESIAN_POINT ( 'NONE',  ( -0.09685553433846312565, 0.7138429425699513997, 0.000000000000000000 ) ) ;
#503 = EDGE_LOOP ( 'NONE', ( #4115, #3244, #6868, #3354 ) ) ;
#504 =( NAMED_UNIT ( * ) SI_UNIT ( $, .STERADIAN. ) SOLID_ANGLE_UNIT ( ) );
#505 = MECHANICAL_DESIGN_GEOMETRIC_PRESENTATION_REPRESENTATION (  '', ( #2137 ), #5191 ) ;
#506 = CARTESIAN_POINT ( 'NONE',  ( 0.09996310513863357339, 0.7192074013846707636, 0.000000000000000000 ) ) ;
#507 = CARTESIAN_POINT ( 'NONE',  ( -1.000000000000000000, -0.9000000000000003553, 0.000000000000000000 ) ) ;
#508 =( NAMED_UNIT ( * ) PLANE_ANGLE_UNIT ( ) SI_UNIT ( $, .RADIAN. ) );
#509 = CARTESIAN_POINT ( 'NONE',  ( 0.09061443339759304993, 0.6402061443395781204, 0.000000000000000000 ) ) ;
#510 = MECHANICAL_DESIGN_GEOMETRIC_PRESENTATION_REPRESENTATION (  '', ( #4729 ), #1325 ) ;
#511 = SURFACE_STYLE_FILL_AREA ( #399 ) ;
#512 = VECTOR ( 'NONE', #5846, 1000.000000000000000 ) ;
#513 = CARTESIAN_POINT ( 'NONE',  ( 0.08836595778783694344, 0.7206939492176268613, 0.01000000000000000021 ) ) ;
#514 = ORIENTED_EDGE ( 'NONE', *, *, #7085, .F. ) ;
#515 = DIRECTION ( 'NONE',  ( -1.000000000000000000, -0.000000000000000000, -0.000000000000000000 ) ) ;
#516 = MECHANICAL_DESIGN_GEOMETRIC_PRESENTATION_REPRESENTATION (  '', ( #6866 ), #155 ) ;
#517 =( LENGTH_UNIT ( ) NAMED_UNIT ( * ) SI_UNIT ( .MILLI., .METRE. ) );
#518 = ORIENTED_EDGE ( 'NONE', *, *, #837, .T. ) ;
#519 = COLOUR_RGB ( '',0.8313725490196077761, 0.8313725490196077761, 0.8196078431372548767 ) ;
#520 = CARTESIAN_POINT ( 'NONE',  ( -1.000000000000000000, -0.8549999999999999822, -0.01000000000000000021 ) ) ;
#521 = ORIENTED_EDGE ( 'NONE', *, *, #4213, .T. ) ;
#522 = STYLED_ITEM ( 'NONE', ( #6607 ), #6000 ) ;
#523 =( NAMED_UNIT ( * ) PLANE_ANGLE_UNIT ( ) SI_UNIT ( $, .RADIAN. ) );
#524 = ADVANCED_FACE ( 'NONE', ( #5867 ), #5344, .F. ) ;
#525 = DIRECTION ( 'NONE',  ( -0.01744974916068271764, 0.01744974916068272111, 0.9996954598818874604 ) ) ;
#526 = PRESENTATION_STYLE_ASSIGNMENT (( #3832 ) ) ;
#527 = VECTOR ( 'NONE', #104, 1000.000000000000000 ) ;
#528 = PLANE ( 'NONE',  #1280 ) ;
#529 = CARTESIAN_POINT ( 'NONE',  ( 0.08731760099374751005, 0.7316612245301635786, 0.01000000000000000021 ) ) ;
#530 = ORIENTED_EDGE ( 'NONE', *, *, #3774, .T. ) ;
#531 = EDGE_LOOP ( 'NONE', ( #6264, #3799, #1181, #7035 ) ) ;
#532 = VECTOR ( 'NONE', #4843, 1000.000000000000000 ) ;
#533 =( GEOMETRIC_REPRESENTATION_CONTEXT ( 3 ) GLOBAL_UNCERTAINTY_ASSIGNED_CONTEXT ( ( #574 ) ) GLOBAL_UNIT_ASSIGNED_CONTEXT ( ( #121, #4641, #6863 ) ) REPRESENTATION_CONTEXT ( 'NONE', 'WORKASPACE' ) );
#534 = DIRECTION ( 'NONE',  ( 0.000000000000000000, -1.000000000000000000, 0.000000000000000000 ) ) ;
#535 = EDGE_CURVE ( 'NONE', #1808, #1185, #5005, .T. ) ;
#536 = FILL_AREA_STYLE_COLOUR ( '', #6099 ) ;
#537 = PLANE ( 'NONE',  #3434 ) ;
#538 = DIRECTION ( 'NONE',  ( 0.000000000000000000, -1.000000000000000000, -0.000000000000000000 ) ) ;
#539 = DIRECTION ( 'NONE',  ( -1.000000000000000000, 0.000000000000000000, 0.000000000000000000 ) ) ;
#540 = COLOUR_RGB ( '',0.2980392156862745057, 0.2980392156862745057, 0.2980392156862745057 ) ;
#541 = VERTEX_POINT ( 'NONE', #3352 ) ;
#542 = CARTESIAN_POINT ( 'NONE',  ( -0.1081052499225959723, 0.6870648688125189363, 0.009999999999999991535 ) ) ;
#543 = DIRECTION ( 'NONE',  ( 1.000000000000000000, 0.000000000000000000, -0.000000000000000000 ) ) ;
#544 = EDGE_LOOP ( 'NONE', ( #1634, #4288, #378, #3112, #5606, #3998 ) ) ;
#545 = FILL_AREA_STYLE ('',( #7117 ) ) ;
#546 = CARTESIAN_POINT ( 'NONE',  ( -0.005784194651187445427, 0.7304500467786024798, 0.000000000000000000 ) ) ;
#547 = CARTESIAN_POINT ( 'NONE',  ( 0.1034715882704956846, 0.7179790296567813979, 0.01000000000000000021 ) ) ;
#548 = SURFACE_STYLE_USAGE ( .BOTH. , #6737 ) ;
#549 = CARTESIAN_POINT ( 'NONE',  ( 0.08522120438812040566, 0.7206464028126311483, 0.01000000000000000021 ) ) ;
#550 = CARTESIAN_POINT ( 'NONE',  ( 0.09061443339759304993, 0.6402061443395781204, 0.01000000000000000021 ) ) ;
#551 = CARTESIAN_POINT ( 'NONE',  ( 0.08011372242932529586, 0.6410568778798331202, 0.01000000000000000021 ) ) ;
#552 = EDGE_CURVE ( 'NONE', #1613, #2246, #2133, .T. ) ;
#553 = EDGE_CURVE ( 'NONE', #3304, #3901, #4825, .T. ) ;
#554 = DIRECTION ( 'NONE',  ( 1.000000000000000000, 1.084202172485504434E-16, -0.000000000000000000 ) ) ;
#555 = COLOUR_RGB ( '',0.8313725490196077761, 0.8313725490196077761, 0.8196078431372548767 ) ;
#556 = SURFACE_STYLE_USAGE ( .BOTH. , #1646 ) ;
#557 = CARTESIAN_POINT ( 'NONE',  ( 1.000000000000000000, 0.8999999999999999112, 0.2800000000000000266 ) ) ;
#558 = DIRECTION ( 'NONE',  ( 1.000000000000000000, 0.000000000000000000, 0.000000000000000000 ) ) ;
#559 = VECTOR ( 'NONE', #453, 1000.000000000000000 ) ;
#560 = ORIENTED_EDGE ( 'NONE', *, *, #3536, .F. ) ;
#561 = ORIENTED_EDGE ( 'NONE', *, *, #665, .T. ) ;
#562 =( NAMED_UNIT ( * ) PLANE_ANGLE_UNIT ( ) SI_UNIT ( $, .RADIAN. ) );
#563 = UNCERTAINTY_MEASURE_WITH_UNIT (LENGTH_MEASURE( 1.000000000000000082E-05 ), #3175, 'distance_accuracy_value', 'NONE');
#564 = FILL_AREA_STYLE_COLOUR ( '', #695 ) ;
#565 =( GEOMETRIC_REPRESENTATION_CONTEXT ( 3 ) GLOBAL_UNCERTAINTY_ASSIGNED_CONTEXT ( ( #4966 ) ) GLOBAL_UNIT_ASSIGNED_CONTEXT ( ( #3533, #4081, #4629 ) ) REPRESENTATION_CONTEXT ( 'NONE', 'WORKASPACE' ) );
#566 = FILL_AREA_STYLE ('',( #2881 ) ) ;
#567 = SURFACE_SIDE_STYLE ('',( #7274 ) ) ;
#568 = ORIENTED_EDGE ( 'NONE', *, *, #5966, .F. ) ;
#569 = PRESENTATION_LAYER_ASSIGNMENT (  '', '', ( #6911 ) ) ;
#570 = STYLED_ITEM ( 'NONE', ( #6071 ), #66 ) ;
#571 = AXIS2_PLACEMENT_3D ( 'NONE', #5233, #2001, #860 ) ;
#572 = CARTESIAN_POINT ( 'NONE',  ( -0.07510197105029503550, 0.7158054284079794494, 0.000000000000000000 ) ) ;
#573 = DIRECTION ( 'NONE',  ( -0.000000000000000000, -1.000000000000000000, -0.000000000000000000 ) ) ;
#574 = UNCERTAINTY_MEASURE_WITH_UNIT (LENGTH_MEASURE( 1.000000000000000082E-05 ), #121, 'distance_accuracy_value', 'NONE');
#575 = LINE ( 'NONE', #6312, #2918 ) ;
#576 = LINE ( 'NONE', #2221, #4841 ) ;
#577 = PRESENTATION_STYLE_ASSIGNMENT (( #2889 ) ) ;
#578 = VECTOR ( 'NONE', #1772, 1000.000000000000000 ) ;
#579 = PRESENTATION_LAYER_ASSIGNMENT (  '', '', ( #4562 ) ) ;
#580 =( LENGTH_UNIT ( ) NAMED_UNIT ( * ) SI_UNIT ( .MILLI., .METRE. ) );
#581 = EDGE_CURVE ( 'NONE', #5150, #322, #4420, .T. ) ;
#582 = ORIENTED_EDGE ( 'NONE', *, *, #1417, .F. ) ;
#583 = AXIS2_PLACEMENT_3D ( 'NONE', #6745, #105, #5179 ) ;
#584 = CARTESIAN_POINT ( 'NONE',  ( 1.000000000000000000, -0.9000000000000002442, 0.2800000000000000266 ) ) ;
#585 = ORIENTED_EDGE ( 'NONE', *, *, #109, .F. ) ;
#586 = LINE ( 'NONE', #4848, #6442 ) ;
#587 = CARTESIAN_POINT ( 'NONE',  ( 0.06494751266588572047, 0.000000000000000000, 0.01000000000000000021 ) ) ;
#588 = PRESENTATION_STYLE_ASSIGNMENT (( #2304 ) ) ;
#589 = FILL_AREA_STYLE ('',( #620 ) ) ;
#590 = SURFACE_SIDE_STYLE ('',( #3445 ) ) ;
#591 = CARTESIAN_POINT ( 'NONE',  ( 0.08731074481689470035, 0.7206779951579930232, 0.01000000000000000021 ) ) ;
#592 = VECTOR ( 'NONE', #4853, 1000.000000000000000 ) ;
#593 = DIRECTION ( 'NONE',  ( 1.000000000000000000, 0.000000000000000000, -0.000000000000000000 ) ) ;
#594 = PLANE ( 'NONE',  #5546 ) ;
#595 = DIRECTION ( 'NONE',  ( 0.01744974916068271764, -0.01744974916068272111, 0.9996954598818874604 ) ) ;
#596 = DIRECTION ( 'NONE',  ( -1.000000000000000000, -1.084367326881634651E-14, 0.000000000000000000 ) ) ;
#597 = CARTESIAN_POINT ( 'NONE',  ( 0.08846837653726323525, 0.6292773819382395661, 0.000000000000000000 ) ) ;
#598 = ORIENTED_EDGE ( 'NONE', *, *, #2699, .F. ) ;
#599 = PRESENTATION_STYLE_ASSIGNMENT (( #1252 ) ) ;
#600 = CARTESIAN_POINT ( 'NONE',  ( 0.09382955596559058864, 0.7315450988345422179, 0.01000000000000000021 ) ) ;
#601 = EDGE_LOOP ( 'NONE', ( #4470, #5942, #6102, #6374 ) ) ;
#602 = LINE ( 'NONE', #4626, #6860 ) ;
#603 = SURFACE_STYLE_FILL_AREA ( #6125 ) ;
#604 = SURFACE_STYLE_FILL_AREA ( #2941 ) ;
#605 = CARTESIAN_POINT ( 'NONE',  ( 0.6200015230484359208, 0.8999999999999999112, 0.2800000000000000266 ) ) ;
#606 = CARTESIAN_POINT ( 'NONE',  ( -0.2363672607811218573, 0.000000000000000000, 0.000000000000000000 ) ) ;
#607 = ORIENTED_EDGE ( 'NONE', *, *, #4071, .T. ) ;
#608 = FILL_AREA_STYLE ('',( #4912 ) ) ;
#609 =( NAMED_UNIT ( * ) SI_UNIT ( $, .STERADIAN. ) SOLID_ANGLE_UNIT ( ) );
#610 = DIRECTION ( 'NONE',  ( 1.000000000000000000, 0.000000000000000000, 0.000000000000000000 ) ) ;
#611 = CARTESIAN_POINT ( 'NONE',  ( 1.000000000000000000, -0.1450000000000000455, 0.000000000000000000 ) ) ;
#612 =( NAMED_UNIT ( * ) SI_UNIT ( $, .STERADIAN. ) SOLID_ANGLE_UNIT ( ) );
#613 = LINE ( 'NONE', #4428, #2818 ) ;
#614 = EDGE_LOOP ( 'NONE', ( #3498, #880, #4327, #5482 ) ) ;
#615 = FACE_OUTER_BOUND ( 'NONE', #4449, .T. ) ;
#616 = LINE ( 'NONE', #5094, #1937 ) ;
#617 = DIRECTION ( 'NONE',  ( -0.8197130911198207137, 0.5727743432162342163, 0.000000000000000000 ) ) ;
#618 = DIRECTION ( 'NONE',  ( -1.000000000000000000, 0.000000000000000000, -0.000000000000000000 ) ) ;
#619 = ADVANCED_FACE ( 'NONE', ( #5556 ), #528, .F. ) ;
#620 = FILL_AREA_STYLE_COLOUR ( '', #3158 ) ;
#621 = LINE ( 'NONE', #4546, #4636 ) ;
#622 = CARTESIAN_POINT ( 'NONE',  ( 0.6258588646516010101, 0.8999999999999999112, 0.2800000000000000266 ) ) ;
#623 = DIRECTION ( 'NONE',  ( 0.000000000000000000, -0.000000000000000000, 1.000000000000000000 ) ) ;
#624 = LINE ( 'NONE', #5656, #2384 ) ;
#625 = EDGE_CURVE ( 'NONE', #1251, #277, #681, .T. ) ;
#626 = PRESENTATION_STYLE_ASSIGNMENT (( #1755 ) ) ;
#627 = CARTESIAN_POINT ( 'NONE',  ( -0.2057841946511874687, 0.6304500467786023910, 0.000000000000000000 ) ) ;
#628 = ORIENTED_EDGE ( 'NONE', *, *, #4572, .T. ) ;
#629 =( GEOMETRIC_REPRESENTATION_CONTEXT ( 3 ) GLOBAL_UNCERTAINTY_ASSIGNED_CONTEXT ( ( #2403 ) ) GLOBAL_UNIT_ASSIGNED_CONTEXT ( ( #2009, #4217, #6477 ) ) REPRESENTATION_CONTEXT ( 'NONE', 'WORKASPACE' ) );
#630 = CARTESIAN_POINT ( 'NONE',  ( 0.1478743419341784493, 0.6304500467786023910, 0.000000000000000000 ) ) ;
#631 = VECTOR ( 'NONE', #737, 1000.000000000000114 ) ;
#632 =( NAMED_UNIT ( * ) PLANE_ANGLE_UNIT ( ) SI_UNIT ( $, .RADIAN. ) );
#633 = VERTEX_POINT ( 'NONE', #4530 ) ;
#634 = SURFACE_STYLE_FILL_AREA ( #2276 ) ;
#635 = FILL_AREA_STYLE_COLOUR ( '', #6781 ) ;
#636 = ORIENTED_EDGE ( 'NONE', *, *, #4458, .T. ) ;
#637 = LINE ( 'NONE', #3968, #3248 ) ;
#638 = AXIS2_PLACEMENT_3D ( 'NONE', #3207, #2139, #1595 ) ;
#639 = CARTESIAN_POINT ( 'NONE',  ( 0.06494751266588572047, 0.7142915101932365562, 0.01000000000000000021 ) ) ;
#640 = UNCERTAINTY_MEASURE_WITH_UNIT (LENGTH_MEASURE( 1.000000000000000082E-05 ), #5038, 'distance_accuracy_value', 'NONE');
#641 = STYLED_ITEM ( 'NONE', ( #5912 ), #4671 ) ;
#642 = EDGE_CURVE ( 'NONE', #6030, #4959, #1150, .T. ) ;
#643 = FACE_OUTER_BOUND ( 'NONE', #2868, .T. ) ;
#644 = AXIS2_PLACEMENT_3D ( 'NONE', #6242, #3935, #6197 ) ;
#645 = LINE ( 'NONE', #144, #464 ) ;
#646 = VERTEX_POINT ( 'NONE', #2284 ) ;
#647 = CARTESIAN_POINT ( 'NONE',  ( -0.08133068844818382159, 0.7122030873577543941, 0.01000000000000000021 ) ) ;
#648 = EDGE_CURVE ( 'NONE', #4138, #5256, #4595, .T. ) ;
#649 = DIRECTION ( 'NONE',  ( -1.527045313359865723E-16, -1.000000000000000000, -0.000000000000000000 ) ) ;
#650 = UNCERTAINTY_MEASURE_WITH_UNIT (LENGTH_MEASURE( 1.000000000000000082E-05 ), #5306, 'distance_accuracy_value', 'NONE');
#651 = DIRECTION ( 'NONE',  ( -1.000000000000000000, 0.000000000000000000, 0.000000000000000000 ) ) ;
#652 =( GEOMETRIC_REPRESENTATION_CONTEXT ( 3 ) GLOBAL_UNCERTAINTY_ASSIGNED_CONTEXT ( ( #4462 ) ) GLOBAL_UNIT_ASSIGNED_CONTEXT ( ( #454, #4934, #3794 ) ) REPRESENTATION_CONTEXT ( 'NONE', 'WORKASPACE' ) );
#653 = VERTEX_POINT ( 'NONE', #605 ) ;
#654 =( GEOMETRIC_REPRESENTATION_CONTEXT ( 3 ) GLOBAL_UNCERTAINTY_ASSIGNED_CONTEXT ( ( #3430 ) ) GLOBAL_UNIT_ASSIGNED_CONTEXT ( ( #3229, #696, #5727 ) ) REPRESENTATION_CONTEXT ( 'NONE', 'WORKASPACE' ) );
#655 = DIRECTION ( 'NONE',  ( -0.000000000000000000, -0.000000000000000000, 1.000000000000000000 ) ) ;
#656 = CARTESIAN_POINT ( 'NONE',  ( 0.6300000000000001155, 0.1450000000000000455, 0.2800000000000000266 ) ) ;
#657 = SURFACE_STYLE_USAGE ( .BOTH. , #4503 ) ;
#658 = CARTESIAN_POINT ( 'NONE',  ( 0.000000000000000000, 0.000000000000000000, 0.2800000000000000266 ) ) ;
#659 = AXIS2_PLACEMENT_3D ( 'NONE', #5237, #2485, #4719 ) ;
#660 = FACE_OUTER_BOUND ( 'NONE', #1056, .T. ) ;
#661 = PRESENTATION_LAYER_ASSIGNMENT (  '', '', ( #5114 ) ) ;
#662 = CARTESIAN_POINT ( 'NONE',  ( 1.000000000000000000, -0.8549999999999999822, 0.000000000000000000 ) ) ;
#663 = STYLED_ITEM ( 'NONE', ( #1198 ), #1227 ) ;
#664 = DIRECTION ( 'NONE',  ( 1.000000000000000000, 0.000000000000000000, -0.000000000000000000 ) ) ;
#665 = EDGE_CURVE ( 'NONE', #3330, #6421, #4633, .T. ) ;
#666 = PRESENTATION_LAYER_ASSIGNMENT (  '', '', ( #3933 ) ) ;
#667 = CARTESIAN_POINT ( 'NONE',  ( -0.6300000000000001155, -0.8549999999999999822, 0.2900000000000000355 ) ) ;
#668 = CARTESIAN_POINT ( 'NONE',  ( -0.1594976168917467130, 0.7175428355985609130, 0.000000000000000000 ) ) ;
#669 =( NAMED_UNIT ( * ) SI_UNIT ( $, .STERADIAN. ) SOLID_ANGLE_UNIT ( ) );
#670 = ORIENTED_EDGE ( 'NONE', *, *, #4484, .T. ) ;
#671 = SURFACE_STYLE_USAGE ( .BOTH. , #5739 ) ;
#672 = ORIENTED_EDGE ( 'NONE', *, *, #4697, .F. ) ;
#673 = CARTESIAN_POINT ( 'NONE',  ( -0.1594976168917467130, 0.7175428355985609130, 0.01000000000000000021 ) ) ;
#674 = ADVANCED_FACE ( 'NONE', ( #1767 ), #5712, .T. ) ;
#675 = CARTESIAN_POINT ( 'NONE',  ( 0.000000000000000000, 0.000000000000000000, 0.01000000000000000021 ) ) ;
#676 = VECTOR ( 'NONE', #1537, 1000.000000000000000 ) ;
#677 = DIRECTION ( 'NONE',  ( 0.000000000000000000, 1.000000000000000000, 0.000000000000000000 ) ) ;
#678 = DIRECTION ( 'NONE',  ( 1.084202172485501594E-14, 0.000000000000000000, 1.000000000000000000 ) ) ;
#679 = CARTESIAN_POINT ( 'NONE',  ( 0.1258210518939581746, 0.6839354562559700756, 0.01000000000000000021 ) ) ;
#680 = STYLED_ITEM ( 'NONE', ( #1360 ), #2080 ) ;
#681 = LINE ( 'NONE', #5159, #5994 ) ;
#682 = CARTESIAN_POINT ( 'NONE',  ( -0.09228152958047589061, 0.6646048518751552781, 0.000000000000000000 ) ) ;
#683 = ORIENTED_EDGE ( 'NONE', *, *, #6105, .F. ) ;
#684 = EDGE_CURVE ( 'NONE', #4911, #3039, #6243, .T. ) ;
#685 = AXIS2_PLACEMENT_3D ( 'NONE', #73, #6124, #677 ) ;
#686 = CARTESIAN_POINT ( 'NONE',  ( -0.06416710317408054476, 0.7189425364619128622, 0.000000000000000000 ) ) ;
#687 = CARTESIAN_POINT ( 'NONE',  ( 0.09061443339759304993, 0.6402061443395781204, 0.01000000000000000021 ) ) ;
#688 = COLOUR_RGB ( '',0.8313725490196077761, 0.8313725490196077761, 0.8196078431372548767 ) ;
#689 = CARTESIAN_POINT ( 'NONE',  ( -0.05685268933322277368, 0.6414582274263789241, 0.000000000000000000 ) ) ;
#690 = EDGE_CURVE ( 'NONE', #7106, #2161, #645, .T. ) ;
#691 = ORIENTED_EDGE ( 'NONE', *, *, #4339, .F. ) ;
#692 = VECTOR ( 'NONE', #1029, 1000.000000000000000 ) ;
#693 =( LENGTH_UNIT ( ) NAMED_UNIT ( * ) SI_UNIT ( .MILLI., .METRE. ) );
#694 = CARTESIAN_POINT ( 'NONE',  ( 0.1393377565683247554, 0.6785636138517732174, 0.01000000000000000021 ) ) ;
#695 = COLOUR_RGB ( '',0.2980392156862745057, 0.2980392156862745057, 0.2980392156862745057 ) ;
#696 =( NAMED_UNIT ( * ) PLANE_ANGLE_UNIT ( ) SI_UNIT ( $, .RADIAN. ) );
#697 = CARTESIAN_POINT ( 'NONE',  ( -0.08095755201493456954, 0.6358346838831138159, 0.000000000000000000 ) ) ;
#698 = CARTESIAN_POINT ( 'NONE',  ( -0.005784194651187445427, 0.7194744370225049090, 0.000000000000000000 ) ) ;
#699 = PLANE ( 'NONE',  #921 ) ;
#700 = STYLED_ITEM ( 'NONE', ( #3129 ), #483 ) ;
#701 =( NAMED_UNIT ( * ) SI_UNIT ( $, .STERADIAN. ) SOLID_ANGLE_UNIT ( ) );
#702 = VERTEX_POINT ( 'NONE', #717 ) ;
#703 = LINE ( 'NONE', #5768, #6589 ) ;
#704 = MECHANICAL_DESIGN_GEOMETRIC_PRESENTATION_REPRESENTATION (  '', ( #2700 ), #3151 ) ;
#705 = FILL_AREA_STYLE_COLOUR ( '', #2870 ) ;
#706 = ORIENTED_EDGE ( 'NONE', *, *, #2230, .T. ) ;
#707 =( LENGTH_UNIT ( ) NAMED_UNIT ( * ) SI_UNIT ( .MILLI., .METRE. ) );
#708 = CARTESIAN_POINT ( 'NONE',  ( 0.1392089679928192048, 0.6843168001196114902, 0.01000000000000000021 ) ) ;
#709 = CARTESIAN_POINT ( 'NONE',  ( 0.06494751266588572047, 0.6356329736078707437, 0.01000000000000000021 ) ) ;
#710 = ORIENTED_EDGE ( 'NONE', *, *, #2829, .F. ) ;
#711 = DIRECTION ( 'NONE',  ( 0.000000000000000000, -0.000000000000000000, 1.000000000000000000 ) ) ;
#712 = CARTESIAN_POINT ( 'NONE',  ( 0.08846837653726323525, 0.6292773819382395661, 0.01000000000000000021 ) ) ;
#713 = UNCERTAINTY_MEASURE_WITH_UNIT (LENGTH_MEASURE( 1.000000000000000082E-05 ), #1748, 'distance_accuracy_value', 'NONE');
#714 = FACE_OUTER_BOUND ( 'NONE', #4315, .T. ) ;
#715 = ADVANCED_FACE ( 'NONE', ( #6339 ), #5185, .F. ) ;
#716 = SURFACE_STYLE_FILL_AREA ( #4049 ) ;
#717 = CARTESIAN_POINT ( 'NONE',  ( -0.1810319080658215896, 0.6584988272664072939, 0.01000000000000000021 ) ) ;
#718 = CARTESIAN_POINT ( 'NONE',  ( -0.08168407908208542845, 0.6494303599126473037, 0.000000000000000000 ) ) ;
#719 = EDGE_LOOP ( 'NONE', ( #1415, #5457, #317, #2787 ) ) ;
#720 = FACE_OUTER_BOUND ( 'NONE', #1448, .T. ) ;
#721 = UNCERTAINTY_MEASURE_WITH_UNIT (LENGTH_MEASURE( 1.000000000000000082E-05 ), #3404, 'distance_accuracy_value', 'NONE');
#722 = DIRECTION ( 'NONE',  ( 0.000000000000000000, 0.000000000000000000, -1.000000000000000000 ) ) ;
#723 = DIRECTION ( 'NONE',  ( 0.000000000000000000, 0.000000000000000000, 1.000000000000000000 ) ) ;
#724 = EDGE_CURVE ( 'NONE', #5500, #1717, #3161, .T. ) ;
#725 = DIRECTION ( 'NONE',  ( -0.000000000000000000, -1.000000000000000000, -0.000000000000000000 ) ) ;
#726 = CARTESIAN_POINT ( 'NONE',  ( -0.09423325919900273073, 0.6725385642075391024, 0.000000000000000000 ) ) ;
#727 = EDGE_LOOP ( 'NONE', ( #1473, #2354, #2622, #1594, #1880, #738, #3033, #1423 ) ) ;
#728 = SURFACE_SIDE_STYLE ('',( #6904 ) ) ;
#729 = FILL_AREA_STYLE ('',( #6252 ) ) ;
#730 = DIRECTION ( 'NONE',  ( 1.000000000000000000, 0.000000000000000000, -0.000000000000000000 ) ) ;
#731 = CARTESIAN_POINT ( 'NONE',  ( 0.1386114255464881428, 0.6680317404278383053, 0.000000000000000000 ) ) ;
#732 = CARTESIAN_POINT ( 'NONE',  ( -0.9899999999999999911, -0.8900000000000003464, 0.000000000000000000 ) ) ;
#733 = PRESENTATION_STYLE_ASSIGNMENT (( #128 ) ) ;
#734 = EDGE_LOOP ( 'NONE', ( #3608, #273, #5007, #1651 ) ) ;
#735 = ORIENTED_EDGE ( 'NONE', *, *, #3848, .T. ) ;
#736 = PRESENTATION_LAYER_ASSIGNMENT (  '', '', ( #3552 ) ) ;
#737 = DIRECTION ( 'NONE',  ( -0.8197130911198208247, 0.5727743432162342163, 0.000000000000000000 ) ) ;
#738 = ORIENTED_EDGE ( 'NONE', *, *, #5672, .F. ) ;
#739 = CARTESIAN_POINT ( 'NONE',  ( 0.6300000000000001155, 0.1450000000000000455, 0.2900000000000000355 ) ) ;
#740 = FILL_AREA_STYLE ('',( #4000 ) ) ;
#741 = MECHANICAL_DESIGN_GEOMETRIC_PRESENTATION_REPRESENTATION (  '', ( #1089 ), #4136 ) ;
#742 = VECTOR ( 'NONE', #4077, 1000.000000000000000 ) ;
#743 = DIRECTION ( 'NONE',  ( 0.000000000000000000, -1.000000000000000000, 0.000000000000000000 ) ) ;
#744 = CARTESIAN_POINT ( 'NONE',  ( -0.07867307589024620518, 0.6472817779913907499, 0.01000000000000000021 ) ) ;
#745 = ORIENTED_EDGE ( 'NONE', *, *, #4435, .T. ) ;
#746 = PRESENTATION_LAYER_ASSIGNMENT (  '', '', ( #1907 ) ) ;
#747 = ADVANCED_FACE ( 'NONE', ( #5377 ), #7046, .F. ) ;
#748 =( GEOMETRIC_REPRESENTATION_CONTEXT ( 3 ) GLOBAL_UNCERTAINTY_ASSIGNED_CONTEXT ( ( #1303 ) ) GLOBAL_UNIT_ASSIGNED_CONTEXT ( ( #238, #6479, #314 ) ) REPRESENTATION_CONTEXT ( 'NONE', 'WORKASPACE' ) );
#749 =( NAMED_UNIT ( * ) PLANE_ANGLE_UNIT ( ) SI_UNIT ( $, .RADIAN. ) );
#750 = CARTESIAN_POINT ( 'NONE',  ( -0.07652769294502995145, 0.7272166953340543083, 0.01000000000000000021 ) ) ;
#751 = CARTESIAN_POINT ( 'NONE',  ( 0.06494751266588572047, 0.7277061443395781426, 0.000000000000000000 ) ) ;
#752 = CARTESIAN_POINT ( 'NONE',  ( 1.000000000000000000, 0.2900000000000000910, -3.277111435447217310E-18 ) ) ;
#753 =( GEOMETRIC_REPRESENTATION_CONTEXT ( 3 ) GLOBAL_UNCERTAINTY_ASSIGNED_CONTEXT ( ( #50 ) ) GLOBAL_UNIT_ASSIGNED_CONTEXT ( ( #7176, #5944, #2141 ) ) REPRESENTATION_CONTEXT ( 'NONE', 'WORKASPACE' ) );
#754 = FACE_OUTER_BOUND ( 'NONE', #7063, .T. ) ;
#755 = ORIENTED_EDGE ( 'NONE', *, *, #6129, .F. ) ;
#756 = AXIS2_PLACEMENT_3D ( 'NONE', #6015, #5454, #3758 ) ;
#757 = EDGE_CURVE ( 'NONE', #6316, #6487, #3712, .T. ) ;
#758 = SURFACE_STYLE_FILL_AREA ( #5139 ) ;
#759 = DIRECTION ( 'NONE',  ( 0.5727743432162342163, 0.8197130911198207137, 0.000000000000000000 ) ) ;
#760 = CARTESIAN_POINT ( 'NONE',  ( 0.1362411085220801010, 0.6584909572253364596, 0.01000000000000000021 ) ) ;
#761 = CARTESIAN_POINT ( 'NONE',  ( 0.1322453515144117742, 0.6500399609938715129, 0.000000000000000000 ) ) ;
#762 = MECHANICAL_DESIGN_GEOMETRIC_PRESENTATION_REPRESENTATION (  '', ( #3922 ), #4511 ) ;
#763 =( LENGTH_UNIT ( ) NAMED_UNIT ( * ) SI_UNIT ( .MILLI., .METRE. ) );
#764 = AXIS2_PLACEMENT_3D ( 'NONE', #5155, #6891, #3460 ) ;
#765 = CARTESIAN_POINT ( 'NONE',  ( -1.000000000000000000, 0.8549999999999999822, -0.01000000000000000021 ) ) ;
#766 = EDGE_LOOP ( 'NONE', ( #1387, #5031, #401, #1529 ) ) ;
#767 =( GEOMETRIC_REPRESENTATION_CONTEXT ( 3 ) GLOBAL_UNCERTAINTY_ASSIGNED_CONTEXT ( ( #5130 ) ) GLOBAL_UNIT_ASSIGNED_CONTEXT ( ( #3803, #7182, #427 ) ) REPRESENTATION_CONTEXT ( 'NONE', 'WORKASPACE' ) );
#768 = CARTESIAN_POINT ( 'NONE',  ( -0.05685268933322277368, 0.6414582274263789241, 0.01000000000000000021 ) ) ;
#769 = ORIENTED_EDGE ( 'NONE', *, *, #5885, .T. ) ;
#770 = AXIS2_PLACEMENT_3D ( 'NONE', #7017, #4095, #6938 ) ;
#771 = CARTESIAN_POINT ( 'NONE',  ( -0.08111490634989726445, 0.7253721928795378027, 0.000000000000000000 ) ) ;
#772 = EDGE_CURVE ( 'NONE', #1717, #6011, #5330, .T. ) ;
#773 = EDGE_CURVE ( 'NONE', #1863, #7106, #6372, .T. ) ;
#774 =( NAMED_UNIT ( * ) SI_UNIT ( $, .STERADIAN. ) SOLID_ANGLE_UNIT ( ) );
#775 = ORIENTED_EDGE ( 'NONE', *, *, #5880, .T. ) ;
#776 = VECTOR ( 'NONE', #5083, 1000.000000000000000 ) ;
#777 = FILL_AREA_STYLE_COLOUR ( '', #799 ) ;
#778 = LINE ( 'NONE', #1289, #3099 ) ;
#779 = UNCERTAINTY_MEASURE_WITH_UNIT (LENGTH_MEASURE( 1.000000000000000082E-05 ), #5365, 'distance_accuracy_value', 'NONE');
#780 = CARTESIAN_POINT ( 'NONE',  ( 0.1284007115292866430, 0.7133548134972850230, 0.000000000000000000 ) ) ;
#781 =( LENGTH_UNIT ( ) NAMED_UNIT ( * ) SI_UNIT ( .MILLI., .METRE. ) );
#782 = PRESENTATION_LAYER_ASSIGNMENT (  '', '', ( #6426 ) ) ;
#783 = CARTESIAN_POINT ( 'NONE',  ( 0.06494751266588572047, 0.7277061443395781426, 0.000000000000000000 ) ) ;
#784 = ORIENTED_EDGE ( 'NONE', *, *, #3781, .T. ) ;
#785 = DIRECTION ( 'NONE',  ( 0.000000000000000000, -0.000000000000000000, 1.000000000000000000 ) ) ;
#786 = DIRECTION ( 'NONE',  ( 0.000000000000000000, -1.000000000000000000, 0.000000000000000000 ) ) ;
#787 = CARTESIAN_POINT ( 'NONE',  ( -0.08884177248039309971, 0.7045945817624422736, 0.01000000000000000021 ) ) ;
#788 =( NAMED_UNIT ( * ) SI_UNIT ( $, .STERADIAN. ) SOLID_ANGLE_UNIT ( ) );
#789 = UNCERTAINTY_MEASURE_WITH_UNIT (LENGTH_MEASURE( 1.000000000000000082E-05 ), #7011, 'distance_accuracy_value', 'NONE');
#790 = FILL_AREA_STYLE_COLOUR ( '', #1009 ) ;
#791 = ORIENTED_EDGE ( 'NONE', *, *, #1225, .T. ) ;
#792 = CARTESIAN_POINT ( 'NONE',  ( 0.07854308249927714758, 0.7311525427253003917, 0.000000000000000000 ) ) ;
#793 = CARTESIAN_POINT ( 'NONE',  ( -1.000000000000000000, 0.1450000000000000455, 0.2900000000000000355 ) ) ;
#794 = ORIENTED_EDGE ( 'NONE', *, *, #7217, .T. ) ;
#795 = VECTOR ( 'NONE', #5382, 1000.000000000000000 ) ;
#796 = CARTESIAN_POINT ( 'NONE',  ( -0.2057841946511874687, 0.6304500467786023910, 0.01000000000000000021 ) ) ;
#797 = DIRECTION ( 'NONE',  ( 1.527045313359865723E-16, -1.000000000000000000, 0.000000000000000000 ) ) ;
#798 = PLANE ( 'NONE',  #2769 ) ;
#799 = COLOUR_RGB ( '',0.8313725490196077761, 0.8313725490196077761, 0.8196078431372548767 ) ;
#800 = ADVANCED_FACE ( 'NONE', ( #3118 ), #329, .F. ) ;
#801 = LINE ( 'NONE', #3624, #2885 ) ;
#802 = SURFACE_STYLE_FILL_AREA ( #5833 ) ;
#803 = VERTEX_POINT ( 'NONE', #2662 ) ;
#804 = MECHANICAL_DESIGN_GEOMETRIC_PRESENTATION_REPRESENTATION (  '', ( #570 ), #202 ) ;
#805 = VECTOR ( 'NONE', #3801, 1000.000000000000000 ) ;
#806 = ORIENTED_EDGE ( 'NONE', *, *, #3212, .T. ) ;
#807 = CARTESIAN_POINT ( 'NONE',  ( -0.09228152958047589061, 0.6646048518751552781, 0.01000000000000000021 ) ) ;
#808 = EDGE_CURVE ( 'NONE', #3563, #889, #1649, .T. ) ;
#809 = PLANE ( 'NONE',  #6650 ) ;
#810 = ORIENTED_EDGE ( 'NONE', *, *, #5764, .F. ) ;
#811 =( GEOMETRIC_REPRESENTATION_CONTEXT ( 3 ) GLOBAL_UNCERTAINTY_ASSIGNED_CONTEXT ( ( #5044 ) ) GLOBAL_UNIT_ASSIGNED_CONTEXT ( ( #4353, #2223, #7183 ) ) REPRESENTATION_CONTEXT ( 'NONE', 'WORKASPACE' ) );
#812 = VECTOR ( 'NONE', #4312, 1000.000000000000000 ) ;
#813 = DIRECTION ( 'NONE',  ( 0.3393303772748790248, 0.9406672605435399959, 0.000000000000000000 ) ) ;
#814 = CARTESIAN_POINT ( 'NONE',  ( 0.000000000000000000, -0.8810963936061697588, 0.7900000000000001465 ) ) ;
#815 = ORIENTED_EDGE ( 'NONE', *, *, #2670, .F. ) ;
#816 = COLOUR_RGB ( '',0.8313725490196077761, 0.8313725490196077761, 0.8196078431372548767 ) ;
#817 = PRESENTATION_LAYER_ASSIGNMENT (  '', '', ( #1743 ) ) ;
#818 = PRESENTATION_STYLE_ASSIGNMENT (( #2973 ) ) ;
#819 = LINE ( 'NONE', #2323, #284 ) ;
#820 =( NAMED_UNIT ( * ) PLANE_ANGLE_UNIT ( ) SI_UNIT ( $, .RADIAN. ) );
#821 = CARTESIAN_POINT ( 'NONE',  ( 0.5200000000000000178, -0.8549999999999999822, -0.01000000000000000021 ) ) ;
#822 =( NAMED_UNIT ( * ) PLANE_ANGLE_UNIT ( ) SI_UNIT ( $, .RADIAN. ) );
#823 = SURFACE_SIDE_STYLE ('',( #4196 ) ) ;
#824 = CARTESIAN_POINT ( 'NONE',  ( -0.003345170260943557301, 0.6865476077542121969, 0.000000000000000000 ) ) ;
#825 = CARTESIAN_POINT ( 'NONE',  ( 0.04543531754393450445, 0.6304500467786023910, 0.000000000000000000 ) ) ;
#826 = DIRECTION ( 'NONE',  ( 0.000000000000000000, 0.000000000000000000, -1.000000000000000000 ) ) ;
#827 = VERTEX_POINT ( 'NONE', #5545 ) ;
#828 = SURFACE_STYLE_USAGE ( .BOTH. , #2630 ) ;
#829 = LINE ( 'NONE', #264, #2411 ) ;
#830 = ORIENTED_EDGE ( 'NONE', *, *, #1518, .T. ) ;
#831 = SURFACE_STYLE_USAGE ( .BOTH. , #2040 ) ;
#832 = PLANE ( 'NONE',  #6376 ) ;
#833 =( NAMED_UNIT ( * ) PLANE_ANGLE_UNIT ( ) SI_UNIT ( $, .RADIAN. ) );
#834 = PLANE ( 'NONE',  #175 ) ;
#835 = VERTEX_POINT ( 'NONE', #6717 ) ;
#836 = CARTESIAN_POINT ( 'NONE',  ( 0.1086822212896005335, 0.7281191895601730746, 0.01000000000000000021 ) ) ;
#837 = EDGE_CURVE ( 'NONE', #5406, #1863, #1075, .T. ) ;
#838 = ORIENTED_EDGE ( 'NONE', *, *, #2735, .F. ) ;
#839 = SURFACE_STYLE_USAGE ( .BOTH. , #393 ) ;
#840 = CARTESIAN_POINT ( 'NONE',  ( -0.08442091856735212119, 0.6518978659838590151, 0.01000000000000000021 ) ) ;
#841 = DIRECTION ( 'NONE',  ( -0.000000000000000000, 0.000000000000000000, -1.000000000000000000 ) ) ;
#842 = ORIENTED_EDGE ( 'NONE', *, *, #5919, .T. ) ;
#843 = DIRECTION ( 'NONE',  ( 0.000000000000000000, 0.000000000000000000, -1.000000000000000000 ) ) ;
#844 = EDGE_CURVE ( 'NONE', #6598, #2352, #3826, .T. ) ;
#845 = CARTESIAN_POINT ( 'NONE',  ( 0.1393065017191443822, 0.6767514672820876820, 0.01000000000000000194 ) ) ;
#846 = UNCERTAINTY_MEASURE_WITH_UNIT (LENGTH_MEASURE( 1.000000000000000082E-05 ), #4508, 'distance_accuracy_value', 'NONE');
#847 = LINE ( 'NONE', #2581, #995 ) ;
#848 = DIRECTION ( 'NONE',  ( 1.000000000000000000, 0.000000000000000000, 0.000000000000000000 ) ) ;
#849 = CARTESIAN_POINT ( 'NONE',  ( -0.05685268933322277368, 0.6414582274263789241, 0.000000000000000000 ) ) ;
#850 = EDGE_LOOP ( 'NONE', ( #4734, #4005, #6941, #3057 ) ) ;
#851 = PRESENTATION_LAYER_ASSIGNMENT (  '', '', ( #2137 ) ) ;
#852 = CARTESIAN_POINT ( 'NONE',  ( -0.09421648823841294318, 0.6902493227302960443, 0.000000000000000000 ) ) ;
#853 = DIRECTION ( 'NONE',  ( 0.000000000000000000, -1.000000000000000000, 0.000000000000000000 ) ) ;
#854 = AXIS2_PLACEMENT_3D ( 'NONE', #814, #917, #3635 ) ;
#855 = ORIENTED_EDGE ( 'NONE', *, *, #3147, .F. ) ;
#856 = CARTESIAN_POINT ( 'NONE',  ( -1.000000000000000000, 0.7099999999999999645, 0.2800000000000000266 ) ) ;
#857 = CARTESIAN_POINT ( 'NONE',  ( -0.1911500483097240688, 0.6304500467786023910, 0.01000000000000000021 ) ) ;
#858 = ORIENTED_EDGE ( 'NONE', *, *, #2592, .T. ) ;
#859 = CARTESIAN_POINT ( 'NONE',  ( 0.6110963936061697410, 0.000000000000000000, 0.7900000000000001465 ) ) ;
#860 = DIRECTION ( 'NONE',  ( 1.000000000000000000, 0.000000000000000000, 0.000000000000000000 ) ) ;
#861 = CARTESIAN_POINT ( 'NONE',  ( -0.05589852391948014337, 0.7194744370225049090, 0.000000000000000000 ) ) ;
#862 = CARTESIAN_POINT ( 'NONE',  ( 0.1025526683765242697, 0.6299818184344203598, 0.000000000000000000 ) ) ;
#863 = VECTOR ( 'NONE', #1297, 1000.000000000000000 ) ;
#864 =( NAMED_UNIT ( * ) PLANE_ANGLE_UNIT ( ) SI_UNIT ( $, .RADIAN. ) );
#865 = STYLED_ITEM ( 'NONE', ( #5926 ), #3660 ) ;
#866 = FILL_AREA_STYLE ('',( #3139 ) ) ;
#867 = EDGE_LOOP ( 'NONE', ( #1894, #3893, #6004, #1554 ) ) ;
#868 = CARTESIAN_POINT ( 'NONE',  ( 0.1213435586079618378, 0.7205423467494403988, 0.01000000000000000021 ) ) ;
#869 = PRESENTATION_LAYER_ASSIGNMENT (  '', '', ( #4971 ) ) ;
#870 = CARTESIAN_POINT ( 'NONE',  ( -0.07171708024198215903, 0.7286605452070153977, 0.000000000000000000 ) ) ;
#871 = VERTEX_POINT ( 'NONE', #6639 ) ;
#872 = CIRCLE ( 'NONE', #4507, 0.01000000000000002623 ) ;
#873 = CARTESIAN_POINT ( 'NONE',  ( -0.2363672607811218573, 0.000000000000000000, -0.01000000000000000021 ) ) ;
#874 = AXIS2_PLACEMENT_3D ( 'NONE', #4787, #7089, #853 ) ;
#875 = ORIENTED_EDGE ( 'NONE', *, *, #757, .T. ) ;
#876 = ADVANCED_FACE ( 'NONE', ( #4891 ), #1581, .F. ) ;
#877 =( NAMED_UNIT ( * ) PLANE_ANGLE_UNIT ( ) SI_UNIT ( $, .RADIAN. ) );
#878 = CARTESIAN_POINT ( 'NONE',  ( -0.1081833022520539561, 0.6835203653869204032, 0.000000000000000000 ) ) ;
#879 = AXIS2_PLACEMENT_3D ( 'NONE', #5218, #3500, #678 ) ;
#880 = ORIENTED_EDGE ( 'NONE', *, *, #959, .T. ) ;
#881 = LINE ( 'NONE', #4984, #4656 ) ;
#882 = CARTESIAN_POINT ( 'NONE',  ( 0.1197285116522810444, 0.6367600781646947095, 0.01000000000000000194 ) ) ;
#883 = CARTESIAN_POINT ( 'NONE',  ( 0.1039686971561253059, 0.7297029158466451504, 0.000000000000000000 ) ) ;
#884 = VECTOR ( 'NONE', #428, 1000.000000000000114 ) ;
#885 = AXIS2_PLACEMENT_3D ( 'NONE', #6208, #538, #1160 ) ;
#886 = EDGE_CURVE ( 'NONE', #6649, #1220, #3265, .T. ) ;
#887 = DIRECTION ( 'NONE',  ( 0.01744974916068272111, 0.01744974916068271764, 0.9996954598818874604 ) ) ;
#888 = CARTESIAN_POINT ( 'NONE',  ( -0.07626184116868336971, 0.6338709651218072949, 0.01000000000000000021 ) ) ;
#889 = VERTEX_POINT ( 'NONE', #6677 ) ;
#890 = VECTOR ( 'NONE', #5824, 1000.000000000000000 ) ;
#891 = B_SPLINE_SURFACE_WITH_KNOTS ( 'NONE', 3, 1, ( 
 ( #6878, #5361 ),
 ( #6949, #1381 ),
 ( #1414, #1458 ),
 ( #5953, #7072 ),
 ( #6507, #6359 ),
 ( #6476, #4690 ),
 ( #5313, #6910 ),
 ( #3141, #1310 ),
 ( #3658, #1343 ),
 ( #3000, #2488 ),
 ( #5400, #868 ),
 ( #311, #5240 ),
 ( #2412, #6988 ),
 ( #1888, #836 ),
 ( #5799, #4722 ),
 ( #5908, #2451 ),
 ( #3066, #4135 ),
 ( #274, #2529 ),
 ( #4766, #7033 ) ),
 .UNSPECIFIED., .F., .F., .F.,
 ( 4, 1, 1, 1, 1, 1, 1, 1, 1, 1, 1, 1, 1, 1, 1, 1, 4 ),
 ( 2, 2 ),
 ( 0.000000000000000000, 0.07064371857535318988, 0.1382567155089040600, 0.2033641242175798225, 0.2663240938030565497, 0.3279047615429893647, 0.3887377151730921909, 0.4494235281093022505, 0.5108610114593152840, 0.5720793960475144546, 0.6317344287314451412, 0.6911172105788379039, 0.7503600294901704437, 0.8100329005312623121, 0.8713624508287364234, 0.9344271412311534464, 1.000000000000000000 ),
 ( 0.000000000000000000, 1.000000000000000000 ),
 .UNSPECIFIED. ) ;
#892 = SURFACE_STYLE_FILL_AREA ( #296 ) ;
#893 = PLANE ( 'NONE',  #5124 ) ;
#894 = CARTESIAN_POINT ( 'NONE',  ( -0.08951555336894508053, 0.6411307976753188864, 0.000000000000000000 ) ) ;
#895 = ORIENTED_EDGE ( 'NONE', *, *, #1902, .F. ) ;
#896 = VECTOR ( 'NONE', #6932, 1000.000000000000000 ) ;
#897 = EDGE_CURVE ( 'NONE', #6688, #5660, #3303, .T. ) ;
#898 = LINE ( 'NONE', #5419, #2292 ) ;
#899 = VERTEX_POINT ( 'NONE', #1109 ) ;
#900 = FACE_OUTER_BOUND ( 'NONE', #3416, .T. ) ;
#901 = DIRECTION ( 'NONE',  ( -0.000000000000000000, 1.000000000000000000, -0.000000000000000000 ) ) ;
#902 = SURFACE_SIDE_STYLE ('',( #6469 ) ) ;
#903 = CARTESIAN_POINT ( 'NONE',  ( 0.1258884909740388136, 0.6809275827021525895, 0.000000000000000000 ) ) ;
#904 = DIRECTION ( 'NONE',  ( -0.000000000000000000, -0.000000000000000000, -1.000000000000000000 ) ) ;
#905 = EDGE_CURVE ( 'NONE', #3169, #6083, #2459, .T. ) ;
#906 = MECHANICAL_DESIGN_GEOMETRIC_PRESENTATION_REPRESENTATION (  '', ( #680 ), #3718 ) ;
#907 = ORIENTED_EDGE ( 'NONE', *, *, #3085, .T. ) ;
#908 =( NAMED_UNIT ( * ) SI_UNIT ( $, .STERADIAN. ) SOLID_ANGLE_UNIT ( ) );
#909 = CARTESIAN_POINT ( 'NONE',  ( -0.08543550513037855010, 0.7230615237070141532, 0.009999999999999991535 ) ) ;
#910 = ORIENTED_EDGE ( 'NONE', *, *, #77, .T. ) ;
#911 = PLANE ( 'NONE',  #2579 ) ;
#912 = DIRECTION ( 'NONE',  ( 0.000000000000000000, -0.000000000000000000, 1.000000000000000000 ) ) ;
#913 = EDGE_LOOP ( 'NONE', ( #965, #3973, #4809, #755 ) ) ;
#914 = VECTOR ( 'NONE', #4318, 1000.000000000000000 ) ;
#915 = FACE_OUTER_BOUND ( 'NONE', #1638, .T. ) ;
#916 = CARTESIAN_POINT ( 'NONE',  ( -0.07652769294502995145, 0.7272166953340543083, 0.000000000000000000 ) ) ;
#917 = DIRECTION ( 'NONE',  ( 1.000000000000000000, 0.000000000000000000, 0.000000000000000000 ) ) ;
#918 =( NAMED_UNIT ( * ) PLANE_ANGLE_UNIT ( ) SI_UNIT ( $, .RADIAN. ) );
#919 =( NAMED_UNIT ( * ) PLANE_ANGLE_UNIT ( ) SI_UNIT ( $, .RADIAN. ) );
#921 = AXIS2_PLACEMENT_3D ( 'NONE', #4870, #6473, #5396 ) ;
#920 = CARTESIAN_POINT ( 'NONE',  ( -0.1603326967934936842, 0.7160677354647395632, 0.01000000000000000021 ) ) ;
#922 = STYLED_ITEM ( 'NONE', ( #2985 ), #2913 ) ;
#923 = CARTESIAN_POINT ( 'NONE',  ( 1.000000000000000000, -0.5000000000000000000, 0.2900000000000000355 ) ) ;
#924 = PRESENTATION_STYLE_ASSIGNMENT (( #5969 ) ) ;
#925 = ORIENTED_EDGE ( 'NONE', *, *, #1417, .T. ) ;
#926 = DIRECTION ( 'NONE',  ( -1.000000000000000000, 0.000000000000000000, 0.000000000000000000 ) ) ;
#927 = AXIS2_PLACEMENT_3D ( 'NONE', #3342, #5588, #558 ) ;
#928 =( GEOMETRIC_REPRESENTATION_CONTEXT ( 3 ) GLOBAL_UNCERTAINTY_ASSIGNED_CONTEXT ( ( #1008 ) ) GLOBAL_UNIT_ASSIGNED_CONTEXT ( ( #1162, #2364, #2339 ) ) REPRESENTATION_CONTEXT ( 'NONE', 'WORKASPACE' ) );
#929 = DIRECTION ( 'NONE',  ( 0.000000000000000000, 0.000000000000000000, -1.000000000000000000 ) ) ;
#930 = EDGE_CURVE ( 'NONE', #4959, #4807, #2802, .T. ) ;
#931 = CARTESIAN_POINT ( 'NONE',  ( -0.1614816031877729097, 0.7112427297054316755, 0.000000000000000000 ) ) ;
#932 = UNCERTAINTY_MEASURE_WITH_UNIT (LENGTH_MEASURE( 1.000000000000000082E-05 ), #3064, 'distance_accuracy_value', 'NONE');
#933 = CARTESIAN_POINT ( 'NONE',  ( -0.8000000000000000444, -0.5000000000000000000, 0.2900000000000000355 ) ) ;
#934 = CARTESIAN_POINT ( 'NONE',  ( -0.1025044344928779105, 0.6562170200290839972, 0.000000000000000000 ) ) ;
#935 = ORIENTED_EDGE ( 'NONE', *, *, #5738, .T. ) ;
#936 = PRESENTATION_LAYER_ASSIGNMENT (  '', '', ( #7296 ) ) ;
#937 = SURFACE_STYLE_USAGE ( .BOTH. , #2076 ) ;
#938 = FILL_AREA_STYLE ('',( #2077 ) ) ;
#939 = ORIENTED_EDGE ( 'NONE', *, *, #5541, .T. ) ;
#940 = EDGE_LOOP ( 'NONE', ( #235, #6333, #2553, #4549, #3870, #4861, #6851, #5018 ) ) ;
#941 = LINE ( 'NONE', #6580, #2745 ) ;
#942 = EDGE_CURVE ( 'NONE', #4074, #4855, #67, .T. ) ;
#943 = UNCERTAINTY_MEASURE_WITH_UNIT (LENGTH_MEASURE( 1.000000000000000082E-05 ), #466, 'distance_accuracy_value', 'NONE');
#944 = CARTESIAN_POINT ( 'NONE',  ( -0.1610719559851573335, 0.7125524643094329758, 0.01000000000000000021 ) ) ;
#945 =( NAMED_UNIT ( * ) PLANE_ANGLE_UNIT ( ) SI_UNIT ( $, .RADIAN. ) );
#946 =( LENGTH_UNIT ( ) NAMED_UNIT ( * ) SI_UNIT ( .MILLI., .METRE. ) );
#947 = CARTESIAN_POINT ( 'NONE',  ( -0.1911500483097240688, 0.6304500467786023910, 0.000000000000000000 ) ) ;
#948 = LINE ( 'NONE', #4833, #1974 ) ;
#949 = LINE ( 'NONE', #2007, #3395 ) ;
#950 = EDGE_LOOP ( 'NONE', ( #1407, #1536, #4955, #4500 ) ) ;
#951 = SURFACE_STYLE_USAGE ( .BOTH. , #5997 ) ;
#952 = ORIENTED_EDGE ( 'NONE', *, *, #3813, .T. ) ;
#953 = PLANE ( 'NONE',  #3560 ) ;
#954 = LINE ( 'NONE', #873, #4336 ) ;
#955 = CARTESIAN_POINT ( 'NONE',  ( -0.06607801423805827190, 0.6312503919698714272, 0.000000000000000000 ) ) ;
#956 = ORIENTED_EDGE ( 'NONE', *, *, #5303, .T. ) ;
#957 = CARTESIAN_POINT ( 'NONE',  ( 0.1049092480259035398, 0.6427864331685790855, 0.000000000000000000 ) ) ;
#958 = DIRECTION ( 'NONE',  ( -1.000000000000000000, 0.000000000000000000, 0.000000000000000000 ) ) ;
#959 = EDGE_CURVE ( 'NONE', #2423, #4237, #2285, .T. ) ;
#960 = ORIENTED_EDGE ( 'NONE', *, *, #4476, .F. ) ;
#961 = CARTESIAN_POINT ( 'NONE',  ( 0.1393377565683247554, 0.6785636138517732174, 0.01000000000000000194 ) ) ;
#962 = CARTESIAN_POINT ( 'NONE',  ( 1.000000000000000000, -0.2999999999999998224, 0.2900000000000000355 ) ) ;
#963 =( NAMED_UNIT ( * ) SI_UNIT ( $, .STERADIAN. ) SOLID_ANGLE_UNIT ( ) );
#964 = CARTESIAN_POINT ( 'NONE',  ( -0.05685268933322277368, 0.6414582274263789241, 0.01000000000000000021 ) ) ;
#965 = ORIENTED_EDGE ( 'NONE', *, *, #4392, .F. ) ;
#966 = DIRECTION ( 'NONE',  ( -0.000000000000000000, -0.000000000000000000, 1.000000000000000000 ) ) ;
#967 = PRODUCT_DEFINITION_FORMATION_WITH_SPECIFIED_SOURCE ( 'хн╨н', '', #2955, .NOT_KNOWN. ) ;
#968 = LINE ( 'NONE', #2768, #812 ) ;
#969 = SURFACE_STYLE_FILL_AREA ( #6645 ) ;
#970 = ORIENTED_EDGE ( 'NONE', *, *, #2398, .F. ) ;
#971 = ADVANCED_FACE ( 'NONE', ( #4518 ), #1758, .F. ) ;
#972 = ORIENTED_EDGE ( 'NONE', *, *, #156, .T. ) ;
#973 = MECHANICAL_DESIGN_GEOMETRIC_PRESENTATION_REPRESENTATION (  '', ( #1438 ), #2852 ) ;
#974 = SURFACE_STYLE_USAGE ( .BOTH. , #6614 ) ;
#975 =( LENGTH_UNIT ( ) NAMED_UNIT ( * ) SI_UNIT ( .MILLI., .METRE. ) );
#976 = DIRECTION ( 'NONE',  ( 0.000000000000000000, -1.000000000000000000, 0.000000000000000000 ) ) ;
#977 = CARTESIAN_POINT ( 'NONE',  ( 0.1258410828756480193, 0.6750653660589197580, 0.01000000000000000021 ) ) ;
#978 = STYLED_ITEM ( 'NONE', ( #4178 ), #5037 ) ;
#979 =( LENGTH_UNIT ( ) NAMED_UNIT ( * ) SI_UNIT ( .MILLI., .METRE. ) );
#980 = FILL_AREA_STYLE_COLOUR ( '', #5857 ) ;
#981 = EDGE_CURVE ( 'NONE', #5105, #6030, #2341, .T. ) ;
#982 = ORIENTED_EDGE ( 'NONE', *, *, #1534, .T. ) ;
#983 = FILL_AREA_STYLE_COLOUR ( '', #6679 ) ;
#984 = CARTESIAN_POINT ( 'NONE',  ( -0.1082232190414313816, 0.6817076687298220250, 0.009999999999999991535 ) ) ;
#985 = ORIENTED_EDGE ( 'NONE', *, *, #12, .T. ) ;
#986 = FILL_AREA_STYLE_COLOUR ( '', #1101 ) ;
#987 = B_SPLINE_CURVE_WITH_KNOTS ( 'NONE', 3,
 ( #3766, #2596, #977, #1600, #6060, #2743, #6097, #6023, #349, #4977, #4830, #6545, #5989, #7246, #3210, #4943, #6655, #4243, #383 ),
 .UNSPECIFIED., .F., .F.,
 ( 4, 1, 1, 1, 1, 1, 1, 1, 1, 1, 1, 1, 1, 1, 1, 1, 4 ),
 ( 0.000000000000000000, 0.07377411937406361253, 0.1440791147260406524, 0.2113485183089112984, 0.2760768857398833709, 0.3385209158196765267, 0.3998851166931335910, 0.4602540674652136898, 0.5205889643912485765, 0.5802076845630448343, 0.6386329085525460636, 0.6963645494905241762, 0.7540017746600127246, 0.8128056813744980458, 0.8727544255255602623, 0.9351819969782670938, 1.000000000000000000 ),
 .UNSPECIFIED. ) ;
#988 = CARTESIAN_POINT ( 'NONE',  ( 0.6300000000000001155, 0.8549999999999999822, 0.2800000000000000266 ) ) ;
#989 =( GEOMETRIC_REPRESENTATION_CONTEXT ( 3 ) GLOBAL_UNCERTAINTY_ASSIGNED_CONTEXT ( ( #4594 ) ) GLOBAL_UNIT_ASSIGNED_CONTEXT ( ( #7234, #1519, #3797 ) ) REPRESENTATION_CONTEXT ( 'NONE', 'WORKASPACE' ) );
#990 = CARTESIAN_POINT ( 'NONE',  ( -0.1082232190414313816, 0.6817076687298220250, 0.000000000000000000 ) ) ;
#991 = EDGE_LOOP ( 'NONE', ( #6852, #3734, #2092, #3048 ) ) ;
#992 =( GEOMETRIC_REPRESENTATION_CONTEXT ( 3 ) GLOBAL_UNCERTAINTY_ASSIGNED_CONTEXT ( ( #2779 ) ) GLOBAL_UNIT_ASSIGNED_CONTEXT ( ( #5477, #2725, #2158 ) ) REPRESENTATION_CONTEXT ( 'NONE', 'WORKASPACE' ) );
#993 = CARTESIAN_POINT ( 'NONE',  ( 0.09442105848099423271, 0.6403042527038106391, 0.01000000000000000021 ) ) ;
#994 = CARTESIAN_POINT ( 'NONE',  ( 0.06586674567876936448, 0.6460908279461644588, 0.01000000000000000021 ) ) ;
#995 = VECTOR ( 'NONE', #6371, 1000.000000000000114 ) ;
#996 = ORIENTED_EDGE ( 'NONE', *, *, #5825, .F. ) ;
#997 = PRESENTATION_STYLE_ASSIGNMENT (( #6038 ) ) ;
#998 = CIRCLE ( 'NONE', #5101, 0.01000000000000002623 ) ;
#999 =( NAMED_UNIT ( * ) SI_UNIT ( $, .STERADIAN. ) SOLID_ANGLE_UNIT ( ) );
#1000 = CARTESIAN_POINT ( 'NONE',  ( -0.1533451702609435752, 0.7304500467786024798, 0.000000000000000000 ) ) ;
#1001 = VECTOR ( 'NONE', #1028, 1000.000000000000000 ) ;
#1002 = EDGE_CURVE ( 'NONE', #5527, #4519, #135, .T. ) ;
#1003 = DIRECTION ( 'NONE',  ( 0.000000000000000000, 1.000000000000000000, -0.000000000000000000 ) ) ;
#1004 = ADVANCED_FACE ( 'NONE', ( #33 ), #2238, .T. ) ;
#1005 =( NAMED_UNIT ( * ) SI_UNIT ( $, .STERADIAN. ) SOLID_ANGLE_UNIT ( ) );
#1006 = EDGE_LOOP ( 'NONE', ( #3507, #1192, #430, #116, #7200, #5951, #6786, #4184, #3289, #3144, #1619, #2400, #3234, #3205, #3101, #237, #3720, #7300, #4839, #2934, #4961, #6133, #3547, #5633 ) ) ;
#1007 =( LENGTH_UNIT ( ) NAMED_UNIT ( * ) SI_UNIT ( .MILLI., .METRE. ) );
#1008 = UNCERTAINTY_MEASURE_WITH_UNIT (LENGTH_MEASURE( 1.000000000000000082E-05 ), #1162, 'distance_accuracy_value', 'NONE');
#1009 = COLOUR_RGB ( '',0.8313725490196077761, 0.8313725490196077761, 0.8196078431372548767 ) ;
#1010 =( NAMED_UNIT ( * ) SI_UNIT ( $, .STERADIAN. ) SOLID_ANGLE_UNIT ( ) );
#1011 = CARTESIAN_POINT ( 'NONE',  ( -1.000000000000000000, -0.1450000000000000455, 0.2900000000000000355 ) ) ;
#1012 = VECTOR ( 'NONE', #3685, 1000.000000000000114 ) ;
#1013 = CARTESIAN_POINT ( 'NONE',  ( -0.1911500483097240688, 0.6304500467786023910, 0.000000000000000000 ) ) ;
#1014 = VERTEX_POINT ( 'NONE', #5311 ) ;
#1015 = VERTEX_POINT ( 'NONE', #3656 ) ;
#1016 = DIRECTION ( 'NONE',  ( 0.000000000000000000, -0.000000000000000000, 1.000000000000000000 ) ) ;
#1017 = PRESENTATION_STYLE_ASSIGNMENT (( #4976 ) ) ;
#1018 = DIRECTION ( 'NONE',  ( -0.000000000000000000, -0.000000000000000000, 1.000000000000000000 ) ) ;
#1019 = CARTESIAN_POINT ( 'NONE',  ( -0.003345170260943557301, -0.000000000000000000, 0.01000000000000000021 ) ) ;
#1020 = VERTEX_POINT ( 'NONE', #3769 ) ;
#1021 = STYLED_ITEM ( 'NONE', ( #210 ), #1822 ) ;
#1022 =( NAMED_UNIT ( * ) PLANE_ANGLE_UNIT ( ) SI_UNIT ( $, .RADIAN. ) );
#1023 = CARTESIAN_POINT ( 'NONE',  ( -0.09989774642937807037, 0.7100874752036500093, 0.000000000000000000 ) ) ;
#1024 = ORIENTED_EDGE ( 'NONE', *, *, #5874, .F. ) ;
#1025 = ADVANCED_FACE ( 'NONE', ( #5950 ), #1456, .T. ) ;
#1026 = FACE_OUTER_BOUND ( 'NONE', #5836, .T. ) ;
#1027 = COLOUR_RGB ( '',0.8313725490196077761, 0.8313725490196077761, 0.8196078431372548767 ) ;
#1028 = DIRECTION ( 'NONE',  ( -0.000000000000000000, 0.000000000000000000, -1.000000000000000000 ) ) ;
#1029 = DIRECTION ( 'NONE',  ( -0.000000000000000000, 1.000000000000000000, -0.000000000000000000 ) ) ;
#1030 =( NAMED_UNIT ( * ) PLANE_ANGLE_UNIT ( ) SI_UNIT ( $, .RADIAN. ) );
#1031 =( LENGTH_UNIT ( ) NAMED_UNIT ( * ) SI_UNIT ( .MILLI., .METRE. ) );
#1032 = SURFACE_STYLE_FILL_AREA ( #1643 ) ;
#1033 = VECTOR ( 'NONE', #2130, 1000.000000000000000 ) ;
#1034 = EDGE_CURVE ( 'NONE', #2279, #1185, #4247, .T. ) ;
#1035 = LINE ( 'NONE', #4210, #4993 ) ;
#1036 = PRESENTATION_STYLE_ASSIGNMENT (( #3860 ) ) ;
#1037 = STYLED_ITEM ( 'NONE', ( #1607 ), #2461 ) ;
#1038 = CARTESIAN_POINT ( 'NONE',  ( 0.04543531754393450445, 0.6304500467786023910, 0.000000000000000000 ) ) ;
#1039 = PLANE ( 'NONE',  #3113 ) ;
#1040 = VERTEX_POINT ( 'NONE', #4764 ) ;
#1041 = COLOUR_RGB ( '',0.8313725490196077761, 0.8313725490196077761, 0.8196078431372548767 ) ;
#1042 =( GEOMETRIC_REPRESENTATION_CONTEXT ( 3 ) GLOBAL_UNCERTAINTY_ASSIGNED_CONTEXT ( ( #6683 ) ) GLOBAL_UNIT_ASSIGNED_CONTEXT ( ( #693, #4686, #5829 ) ) REPRESENTATION_CONTEXT ( 'NONE', 'WORKASPACE' ) );
#1043 = DIRECTION ( 'NONE',  ( 1.000000000000000000, 0.000000000000000000, -0.000000000000000000 ) ) ;
#1044 = DIRECTION ( 'NONE',  ( -0.9315776194850603487, 0.3635424856527062487, 0.000000000000000000 ) ) ;
#1045 = MECHANICAL_DESIGN_GEOMETRIC_PRESENTATION_REPRESENTATION (  '', ( #2806 ), #3852 ) ;
#1046 = CARTESIAN_POINT ( 'NONE',  ( -0.008223219041431360440, 0.6304500467786023910, 0.000000000000000000 ) ) ;
#1047 = ORIENTED_EDGE ( 'NONE', *, *, #5644, .F. ) ;
#1048 = ORIENTED_EDGE ( 'NONE', *, *, #6256, .F. ) ;
#1049 = LINE ( 'NONE', #3317, #2633 ) ;
#1050 = CARTESIAN_POINT ( 'NONE',  ( 1.000000000000000000, -0.9000000000000002442, 0.000000000000000000 ) ) ;
#1051 = AXIS2_PLACEMENT_3D ( 'NONE', #7122, #2504, #848 ) ;
#1052 = SURFACE_STYLE_FILL_AREA ( #3319 ) ;
#1053 = DIRECTION ( 'NONE',  ( 1.000000000000000000, 0.000000000000000000, -0.000000000000000000 ) ) ;
#1054 = PRESENTATION_STYLE_ASSIGNMENT (( #1526 ) ) ;
#1055 = CARTESIAN_POINT ( 'NONE',  ( -0.05534593245606547751, 0.6414256565347000727, 0.01000000000000000021 ) ) ;
#1056 = EDGE_LOOP ( 'NONE', ( #5543, #3738, #1119, #4176 ) ) ;
#1057 = FILL_AREA_STYLE_COLOUR ( '', #5084 ) ;
#1058 = ORIENTED_EDGE ( 'NONE', *, *, #4361, .F. ) ;
#1059 = FILL_AREA_STYLE ('',( #1672 ) ) ;
#1061 =( GEOMETRIC_REPRESENTATION_CONTEXT ( 3 ) GLOBAL_UNCERTAINTY_ASSIGNED_CONTEXT ( ( #1655 ) ) GLOBAL_UNIT_ASSIGNED_CONTEXT ( ( #3788, #6602, #6566 ) ) REPRESENTATION_CONTEXT ( 'NONE', 'WORKASPACE' ) );
#1060 = CARTESIAN_POINT ( 'NONE',  ( 0.1245260872227625659, 0.6924789620644911103, 0.01000000000000000021 ) ) ;
#1062 = LINE ( 'NONE', #3811, #532 ) ;
#1063 = CARTESIAN_POINT ( 'NONE',  ( 1.000000000000000000, 0.7100000000000000755, 0.2800000000000000266 ) ) ;
#1064 = SURFACE_SIDE_STYLE ('',( #3853 ) ) ;
#1065 = EDGE_CURVE ( 'NONE', #827, #6642, #4354, .T. ) ;
#1066 = CARTESIAN_POINT ( 'NONE',  ( 0.07612636624789667628, 0.7191225617403195214, 0.01000000000000000021 ) ) ;
#1067 = EDGE_LOOP ( 'NONE', ( #3808, #6997, #6533, #2272 ) ) ;
#1068 = LINE ( 'NONE', #1136, #5559 ) ;
#1069 = DIRECTION ( 'NONE',  ( 0.000000000000000000, 1.000000000000000000, 0.000000000000000000 ) ) ;
#1070 = DIRECTION ( 'NONE',  ( 0.000000000000000000, -1.000000000000000000, 0.000000000000000000 ) ) ;
#1071 = ORIENTED_EDGE ( 'NONE', *, *, #186, .T. ) ;
#1072 = DIRECTION ( 'NONE',  ( 0.000000000000000000, 0.000000000000000000, -1.000000000000000000 ) ) ;
#1073 = ORIENTED_EDGE ( 'NONE', *, *, #7108, .T. ) ;
#1074 = EDGE_CURVE ( 'NONE', #4248, #4460, #5992, .T. ) ;
#1075 =( BOUNDED_CURVE ( )  B_SPLINE_CURVE ( 3, ( #4960, #2204, #4371, #1545 ),
 .UNSPECIFIED., .F., .F. ) 
 B_SPLINE_CURVE_WITH_KNOTS ( ( 4, 4 ),
 ( 5.497939437029726761, 7.068431177329456361 ),
 .UNSPECIFIED. ) 
 CURVE ( )  GEOMETRIC_REPRESENTATION_ITEM ( )  RATIONAL_B_SPLINE_CURVE ( ( 1.000000000000000000, 0.8048096403827866840, 0.8048096403827866840, 1.000000000000000000 ) ) 
 REPRESENTATION_ITEM ( '' )  );
#1076 = FILL_AREA_STYLE_COLOUR ( '', #5137 ) ;
#1077 = CARTESIAN_POINT ( 'NONE',  ( 1.000000000000000000, -0.1450000000000000455, 0.2900000000000000355 ) ) ;
#1078 = UNCERTAINTY_MEASURE_WITH_UNIT (LENGTH_MEASURE( 1.000000000000000082E-05 ), #1111, 'distance_accuracy_value', 'NONE');
#1079 = DIRECTION ( 'NONE',  ( 0.9998476951563911586, 0.000000000000000000, 0.01745240643728722049 ) ) ;
#1080 = PRESENTATION_STYLE_ASSIGNMENT (( #6127 ) ) ;
#1081 = CARTESIAN_POINT ( 'NONE',  ( 0.1080223900935353837, 0.6442900232567192464, 0.000000000000000000 ) ) ;
#1082 = CARTESIAN_POINT ( 'NONE',  ( -1.000000000000000000, -0.9000000000000003553, 0.2800000000000000266 ) ) ;
#1083 = ORIENTED_EDGE ( 'NONE', *, *, #3518, .F. ) ;
#1084 = VERTEX_POINT ( 'NONE', #5358 ) ;
#1085 = CARTESIAN_POINT ( 'NONE',  ( -0.06416710317408054476, 0.7189425364619128622, 0.01000000000000000021 ) ) ;
#1086 = LINE ( 'NONE', #3398, #4520 ) ;
#1087 = SURFACE_SIDE_STYLE ('',( #7247 ) ) ;
#1088 = LINE ( 'NONE', #6699, #6929 ) ;
#1089 = STYLED_ITEM ( 'NONE', ( #1928 ), #5026 ) ;
#1090 = EDGE_CURVE ( 'NONE', #313, #6771, #949, .T. ) ;
#1091 = VECTOR ( 'NONE', #5847, 1000.000000000000227 ) ;
#1092 = VERTEX_POINT ( 'NONE', #6586 ) ;
#1093 = VERTEX_POINT ( 'NONE', #2565 ) ;
#1094 = CARTESIAN_POINT ( 'NONE',  ( 0.09759342218997681118, 0.6293449632085266199, 0.01000000000000000021 ) ) ;
#1095 = VECTOR ( 'NONE', #5571, 1000.000000000000000 ) ;
#1096 = VECTOR ( 'NONE', #5856, 1000.000000000000000 ) ;
#1097 = CARTESIAN_POINT ( 'NONE',  ( 0.09626036582045624512, 0.7200466953078984433, 0.000000000000000000 ) ) ;
#1098 =( LENGTH_UNIT ( ) NAMED_UNIT ( * ) SI_UNIT ( .MILLI., .METRE. ) );
#1099 = LINE ( 'NONE', #1132, #1501 ) ;
#1100 =( GEOMETRIC_REPRESENTATION_CONTEXT ( 3 ) GLOBAL_UNCERTAINTY_ASSIGNED_CONTEXT ( ( #1363 ) ) GLOBAL_UNIT_ASSIGNED_CONTEXT ( ( #4865, #6057, #6652 ) ) REPRESENTATION_CONTEXT ( 'NONE', 'WORKASPACE' ) );
#1101 = COLOUR_RGB ( '',0.7921568627450980005, 0.8196078431372548767, 0.9333333333333333481 ) ;
#1102 = CARTESIAN_POINT ( 'NONE',  ( 0.08702593349160815672, 0.6402532584534440518, 0.01000000000000000021 ) ) ;
#1103 = LINE ( 'NONE', #3413, #2044 ) ;
#1104 = CARTESIAN_POINT ( 'NONE',  ( -0.1592773342191552421, 0.7161976398499438901, 0.000000000000000000 ) ) ;
#1105 = VECTOR ( 'NONE', #3924, 1000.000000000000000 ) ;
#1106 = ADVANCED_FACE ( 'NONE', ( #3176 ), #6026, .F. ) ;
#1107 = CARTESIAN_POINT ( 'NONE',  ( 1.000000000000000000, 0.8549999999999999822, -0.01000000000000000021 ) ) ;
#1108 = VERTEX_POINT ( 'NONE', #7284 ) ;
#1109 = CARTESIAN_POINT ( 'NONE',  ( 1.000000000000000000, 0.2999999999999998224, 0.2900000000000000355 ) ) ;
#1110 = MECHANICAL_DESIGN_GEOMETRIC_PRESENTATION_REPRESENTATION (  '', ( #1228 ), #989 ) ;
#1111 =( LENGTH_UNIT ( ) NAMED_UNIT ( * ) SI_UNIT ( .MILLI., .METRE. ) );
#1112 = VERTEX_POINT ( 'NONE', #1603 ) ;
#1113 = VECTOR ( 'NONE', #258, 1000.000000000000000 ) ;
#1114 = CARTESIAN_POINT ( 'NONE',  ( 0.1856792199829589152, 0.6414256565347000727, 0.000000000000000000 ) ) ;
#1115 = PRESENTATION_LAYER_ASSIGNMENT (  '', '', ( #6171 ) ) ;
#1116 = EDGE_CURVE ( 'NONE', #6382, #3458, #5495, .T. ) ;
#1117 = VECTOR ( 'NONE', #110, 1000.000000000000000 ) ;
#1118 = LINE ( 'NONE', #1046, #6544 ) ;
#1119 = ORIENTED_EDGE ( 'NONE', *, *, #1475, .F. ) ;
#1120 = VECTOR ( 'NONE', #3370, 1000.000000000000000 ) ;
#1121 = CARTESIAN_POINT ( 'NONE',  ( -0.07166892786194151155, 0.7171565210115542488, 0.01000000000000000021 ) ) ;
#1122 = DIRECTION ( 'NONE',  ( 1.000000000000000000, 0.000000000000000000, 0.000000000000000000 ) ) ;
#1123 = FILL_AREA_STYLE_COLOUR ( '', #1347 ) ;
#1124 = EDGE_CURVE ( 'NONE', #3529, #3252, #1088, .T. ) ;
#1125 = CARTESIAN_POINT ( 'NONE',  ( 0.000000000000000000, 0.6865476077542121969, 0.01000000000000000021 ) ) ;
#1126 = ORIENTED_EDGE ( 'NONE', *, *, #5844, .T. ) ;
#1127 = SURFACE_STYLE_USAGE ( .BOTH. , #4357 ) ;
#1128 = ORIENTED_EDGE ( 'NONE', *, *, #4646, .T. ) ;
#1129 = DIRECTION ( 'NONE',  ( 0.000000000000000000, 0.000000000000000000, 1.000000000000000000 ) ) ;
#1130 = CARTESIAN_POINT ( 'NONE',  ( 0.1179793864502984430, 0.7066602465505311681, 0.000000000000000000 ) ) ;
#1131 = DIRECTION ( 'NONE',  ( -0.000000000000000000, 1.000000000000000000, 2.753875155837997251E-18 ) ) ;
#1132 = CARTESIAN_POINT ( 'NONE',  ( -0.05595568855362649530, 0.7304500467786024798, 0.000000000000000000 ) ) ;
#1133 = VECTOR ( 'NONE', #2545, 1000.000000000000000 ) ;
#1134 = CARTESIAN_POINT ( 'NONE',  ( 0.08702593349160815672, 0.6402532584534440518, 0.000000000000000000 ) ) ;
#1135 = SURFACE_STYLE_FILL_AREA ( #6185 ) ;
#1136 = CARTESIAN_POINT ( 'NONE',  ( 1.000000000000000000, -0.9000000000000002442, 0.000000000000000000 ) ) ;
#1137 = CARTESIAN_POINT ( 'NONE',  ( -0.1592773342191552421, 0.7161976398499438901, 0.01000000000000000021 ) ) ;
#1138 = LINE ( 'NONE', #557, #6398 ) ;
#1139 = EDGE_LOOP ( 'NONE', ( #6823, #5316, #1058, #895 ) ) ;
#1140 = CARTESIAN_POINT ( 'NONE',  ( 0.09246275656832476930, 0.6292305345834805497, 0.000000000000000000 ) ) ;
#1141 = ORIENTED_EDGE ( 'NONE', *, *, #1492, .T. ) ;
#1142 = LINE ( 'NONE', #2421, #742 ) ;
#1143 = B_SPLINE_CURVE_WITH_KNOTS ( 'NONE', 3,
 ( #3516, #689, #1807, #4061, #4014, #3546, #5789, #3478, #6278, #6315, #86, #1333, #1237, #5756, #4712, #726, #4128, #5720, #4643 ),
 .UNSPECIFIED., .F., .F.,
 ( 4, 1, 1, 1, 1, 1, 1, 1, 1, 1, 1, 1, 1, 1, 1, 1, 4 ),
 ( 0.000000000000000000, 0.07082657255516333628, 0.1381690332797999021, 0.2024753315338419513, 0.2639737544135195568, 0.3233803205980364526, 0.3817976227131847922, 0.4393900745193887181, 0.4969027245459969322, 0.5546621696093696485, 0.6127418784921965234, 0.6715388363911721781, 0.7316557220901981351, 0.7942978116139519651, 0.8594822049793586771, 0.9276813254527891406, 1.000000000000000000 ),
 .UNSPECIFIED. ) ;
#1144 = FACE_OUTER_BOUND ( 'NONE', #5628, .T. ) ;
#1145 = DIRECTION ( 'NONE',  ( 0.000000000000000000, -1.000000000000000000, 0.000000000000000000 ) ) ;
#1146 = UNCERTAINTY_MEASURE_WITH_UNIT (LENGTH_MEASURE( 1.000000000000000082E-05 ), #4324, 'distance_accuracy_value', 'NONE');
#1147 =( NAMED_UNIT ( * ) SI_UNIT ( $, .STERADIAN. ) SOLID_ANGLE_UNIT ( ) );
#1148 =( GEOMETRIC_REPRESENTATION_CONTEXT ( 3 ) GLOBAL_UNCERTAINTY_ASSIGNED_CONTEXT ( ( #1437 ) ) GLOBAL_UNIT_ASSIGNED_CONTEXT ( ( #246, #1941, #3499 ) ) REPRESENTATION_CONTEXT ( 'NONE', 'WORKASPACE' ) );
#1149 = PLANE ( 'NONE',  #644 ) ;
#1150 = LINE ( 'NONE', #5125, #2102 ) ;
#1151 = CARTESIAN_POINT ( 'NONE',  ( 0.06993374572101845876, 0.7294698467599798342, 0.01000000000000000021 ) ) ;
#1152 = ORIENTED_EDGE ( 'NONE', *, *, #3147, .T. ) ;
#1153 = VECTOR ( 'NONE', #3553, 1000.000000000000000 ) ;
#1154 = AXIS2_PLACEMENT_3D ( 'NONE', #4941, #4866, #6653 ) ;
#1155 = EDGE_CURVE ( 'NONE', #835, #4248, #3325, .T. ) ;
#1156 = LINE ( 'NONE', #4598, #1788 ) ;
#1157 = UNCERTAINTY_MEASURE_WITH_UNIT (LENGTH_MEASURE( 1.000000000000000082E-05 ), #2873, 'distance_accuracy_value', 'NONE');
#1158 = PRESENTATION_STYLE_ASSIGNMENT (( #3431 ) ) ;
#1159 = CARTESIAN_POINT ( 'NONE',  ( -1.000000000000000000, 0.3000000000000000444, 0.2900000000000000355 ) ) ;
#1160 = DIRECTION ( 'NONE',  ( 0.000000000000000000, 0.000000000000000000, -1.000000000000000000 ) ) ;
#1161 = AXIS2_PLACEMENT_3D ( 'NONE', #1440, #4822, #4161 ) ;
#1162 =( LENGTH_UNIT ( ) NAMED_UNIT ( * ) SI_UNIT ( .MILLI., .METRE. ) );
#1163 = PLANE ( 'NONE',  #2999 ) ;
#1164 = ORIENTED_EDGE ( 'NONE', *, *, #406, .T. ) ;
#1165 = EDGE_CURVE ( 'NONE', #313, #6421, #613, .T. ) ;
#1166 = COLOUR_RGB ( '',0.8313725490196077761, 0.8313725490196077761, 0.8196078431372548767 ) ;
#1167 = AXIS2_PLACEMENT_3D ( 'NONE', #5624, #596, #2834 ) ;
#1168 = LINE ( 'NONE', #20, #2501 ) ;
#1169 = SURFACE_STYLE_USAGE ( .BOTH. , #5140 ) ;
#1170 = DIRECTION ( 'NONE',  ( -1.000000000000000000, 0.000000000000000000, 0.000000000000000000 ) ) ;
#1171 = LINE ( 'NONE', #2929, #2761 ) ;
#1172 = CARTESIAN_POINT ( 'NONE',  ( 0.08972089397428796576, 0.7206648156090290636, 0.000000000000000000 ) ) ;
#1173 = CARTESIAN_POINT ( 'NONE',  ( -0.1580136153828947954, 0.7112427297054316755, 0.000000000000000000 ) ) ;
#1174 = CARTESIAN_POINT ( 'NONE',  ( -0.1533451702609435752, 0.7304500467786024798, 0.01000000000000000021 ) ) ;
#1175 = COLOUR_RGB ( '',0.8313725490196077761, 0.8313725490196077761, 0.8196078431372548767 ) ;
#1176 =( NAMED_UNIT ( * ) PLANE_ANGLE_UNIT ( ) SI_UNIT ( $, .RADIAN. ) );
#1177 = ADVANCED_FACE ( 'NONE', ( #5569 ), #3949, .F. ) ;
#1178 = CARTESIAN_POINT ( 'NONE',  ( -0.04115004830972406047, 0.6414256565347000727, 0.01000000000000000021 ) ) ;
#1179 = CARTESIAN_POINT ( 'NONE',  ( -0.1589054853983746796, 0.7143127421042215763, 0.01000000000000000021 ) ) ;
#1180 = LINE ( 'NONE', #133, #527 ) ;
#1181 = ORIENTED_EDGE ( 'NONE', *, *, #4646, .F. ) ;
#1182 = CARTESIAN_POINT ( 'NONE',  ( 0.08731760099374751005, 0.7316612245301635786, 0.01000000000000000021 ) ) ;
#1183 = CARTESIAN_POINT ( 'NONE',  ( 0.1338028331281046757, 0.7048404987291639889, 0.01000000000000000021 ) ) ;
#1184 = VERTEX_POINT ( 'NONE', #1055 ) ;
#1185 = VERTEX_POINT ( 'NONE', #6804 ) ;
#1186 = DIRECTION ( 'NONE',  ( 0.000000000000000000, -0.000000000000000000, 1.000000000000000000 ) ) ;
#1187 = CYLINDRICAL_SURFACE ( 'NONE', #4864, 0.2000000000000000944 ) ;
#1188 = CARTESIAN_POINT ( 'NONE',  ( -0.1667598044072850227, 0.7304500467786024798, 0.000000000000000000 ) ) ;
#1189 =( NAMED_UNIT ( * ) PLANE_ANGLE_UNIT ( ) SI_UNIT ( $, .RADIAN. ) );
#1190 =( LENGTH_UNIT ( ) NAMED_UNIT ( * ) SI_UNIT ( .MILLI., .METRE. ) );
#1191 = SURFACE_STYLE_FILL_AREA ( #2430 ) ;
#1192 = ORIENTED_EDGE ( 'NONE', *, *, #4706, .T. ) ;
#1193 = CARTESIAN_POINT ( 'NONE',  ( -0.05732245154012412247, 0.7194451376055954750, 0.01000000000000000021 ) ) ;
#1194 = SURFACE_STYLE_FILL_AREA ( #1701 ) ;
#1195 = LINE ( 'NONE', #6168, #5703 ) ;
#1196 = EDGE_CURVE ( 'NONE', #3105, #3419, #3286, .T. ) ;
#1197 = CARTESIAN_POINT ( 'NONE',  ( -1.000000000000000000, 0.8549999999999999822, -0.01000000000000000021 ) ) ;
#1198 = PRESENTATION_STYLE_ASSIGNMENT (( #226 ) ) ;
#1199 = VERTEX_POINT ( 'NONE', #4499 ) ;
#1200 = B_SPLINE_SURFACE_WITH_KNOTS ( 'NONE', 3, 1, ( 
 ( #4642, #687 ),
 ( #52, #4165 ),
 ( #263, #5979 ),
 ( #3684, #7021 ),
 ( #1404, #3650 ),
 ( #4826, #3759 ),
 ( #6534, #2554 ),
 ( #2034, #1369 ),
 ( #3616, #1915 ),
 ( #6016, #1961 ),
 ( #5266, #1521 ) ),
 .UNSPECIFIED., .F., .F., .F.,
 ( 4, 1, 1, 1, 1, 1, 1, 1, 4 ),
 ( 2, 2 ),
 ( 0.000000000000000000, 0.1352946047634291382, 0.2667656579247484894, 0.3948160188358721956, 0.5200516544342458358, 0.6421757029708213826, 0.7626518205584238430, 0.8818340043805024120, 1.000000000000000000 ),
 ( 0.000000000000000000, 1.000000000000000000 ),
 .UNSPECIFIED. ) ;
#1201 = SURFACE_STYLE_USAGE ( .BOTH. , #4063 ) ;
#1202 = FACE_OUTER_BOUND ( 'NONE', #5922, .T. ) ;
#1203 = CARTESIAN_POINT ( 'NONE',  ( -0.04115004830972406047, 0.6414256565347000727, 0.000000000000000000 ) ) ;
#1204 = SURFACE_STYLE_FILL_AREA ( #5197 ) ;
#1205 = FILL_AREA_STYLE_COLOUR ( '', #2882 ) ;
#1206 = LINE ( 'NONE', #58, #5632 ) ;
#1207 = EDGE_CURVE ( 'NONE', #1390, #3128, #1705, .T. ) ;
#1208 = PRESENTATION_STYLE_ASSIGNMENT (( #6138 ) ) ;
#1209 = FACE_OUTER_BOUND ( 'NONE', #1785, .T. ) ;
#1210 = VECTOR ( 'NONE', #6207, 1000.000000000000000 ) ;
#1211 = MECHANICAL_DESIGN_GEOMETRIC_PRESENTATION_REPRESENTATION (  '', ( #5309 ), #3194 ) ;
#1212 = CARTESIAN_POINT ( 'NONE',  ( -0.1581647577758755752, 0.7116985175061079083, 0.000000000000000000 ) ) ;
#1213 = ADVANCED_FACE ( 'NONE', ( #2295 ), #1163, .F. ) ;
#1214 = FACE_OUTER_BOUND ( 'NONE', #3181, .T. ) ;
#1215 = ORIENTED_EDGE ( 'NONE', *, *, #1686, .T. ) ;
#1216 = FILL_AREA_STYLE ('',( #6432 ) ) ;
#1217 = LINE ( 'NONE', #3993, #1715 ) ;
#1218 = EDGE_LOOP ( 'NONE', ( #5293, #1929, #3108, #1999 ) ) ;
#1219 = LINE ( 'NONE', #1691, #631 ) ;
#1220 = VERTEX_POINT ( 'NONE', #4681 ) ;
#1221 = FACE_BOUND ( 'NONE', #3669, .T. ) ;
#1222 =( LENGTH_UNIT ( ) NAMED_UNIT ( * ) SI_UNIT ( .MILLI., .METRE. ) );
#1223 = UNCERTAINTY_MEASURE_WITH_UNIT (LENGTH_MEASURE( 1.000000000000000082E-05 ), #975, 'distance_accuracy_value', 'NONE');
#1224 = MECHANICAL_DESIGN_GEOMETRIC_PRESENTATION_REPRESENTATION (  '', ( #4497 ), #1908 ) ;
#1225 = EDGE_CURVE ( 'NONE', #1014, #6145, #1143, .T. ) ;
#1226 = CARTESIAN_POINT ( 'NONE',  ( 0.1233901372983254863, 0.6963926944514051698, 0.01000000000000000021 ) ) ;
#1227 = ADVANCED_FACE ( 'NONE', ( #754 ), #2399, .F. ) ;
#1228 = STYLED_ITEM ( 'NONE', ( #5517 ), #3573 ) ;
#1229 = CARTESIAN_POINT ( 'NONE',  ( -1.000000000000000000, -0.8549999999999999822, 0.2900000000000000355 ) ) ;
#1230 =( NAMED_UNIT ( * ) PLANE_ANGLE_UNIT ( ) SI_UNIT ( $, .RADIAN. ) );
#1231 = CARTESIAN_POINT ( 'NONE',  ( -0.1810319080658215896, 0.6584988272664072939, 0.000000000000000000 ) ) ;
#1232 = UNCERTAINTY_MEASURE_WITH_UNIT (LENGTH_MEASURE( 1.000000000000000082E-05 ), #3154, 'distance_accuracy_value', 'NONE');
#1233 = LINE ( 'NONE', #6899, #92 ) ;
#1234 = COLOUR_RGB ( '',0.8313725490196077761, 0.8313725490196077761, 0.8196078431372548767 ) ;
#1235 = CARTESIAN_POINT ( 'NONE',  ( 0.06736637608757958806, 0.7286880143314464764, 0.000000000000000000 ) ) ;
#1236 = VECTOR ( 'NONE', #4623, 1000.000000000000000 ) ;
#1237 = CARTESIAN_POINT ( 'NONE',  ( -0.09080078055895296485, 0.6610313229406546975, 0.000000000000000000 ) ) ;
#1238 = VERTEX_POINT ( 'NONE', #1845 ) ;
#1239 = CARTESIAN_POINT ( 'NONE',  ( -1.000000000000000000, -0.9000000000000003553, 0.000000000000000000 ) ) ;
#1240 = DIRECTION ( 'NONE',  ( 0.000000000000000000, -0.000000000000000000, 1.000000000000000000 ) ) ;
#1241 = STYLED_ITEM ( 'NONE', ( #6289 ), #4616 ) ;
#1242 = PLANE ( 'NONE',  #6769 ) ;
#1243 = CARTESIAN_POINT ( 'NONE',  ( -0.09337546852576134038, 0.6443833540901788837, 0.01000000000000000021 ) ) ;
#1244 = STYLED_ITEM ( 'NONE', ( #3096 ), #6390 ) ;
#1245 = COLOUR_RGB ( '',0.8313725490196077761, 0.8313725490196077761, 0.8196078431372548767 ) ;
#1246 = AXIS2_PLACEMENT_3D ( 'NONE', #5666, #138, #2937 ) ;
#1247 = EDGE_CURVE ( 'NONE', #7077, #2161, #7251, .T. ) ;
#1248 = ORIENTED_EDGE ( 'NONE', *, *, #5652, .F. ) ;
#1249 = CARTESIAN_POINT ( 'NONE',  ( -0.1155402922121630677, 0.6304500467786023910, 0.000000000000000000 ) ) ;
#1250 =( LENGTH_UNIT ( ) NAMED_UNIT ( * ) SI_UNIT ( .MILLI., .METRE. ) );
#1251 = VERTEX_POINT ( 'NONE', #2438 ) ;
#1252 = SURFACE_STYLE_USAGE ( .BOTH. , #4481 ) ;
#1253 = CARTESIAN_POINT ( 'NONE',  ( -0.1155402922121630677, 0.6304500467786023910, 0.01000000000000000021 ) ) ;
#1254 = MECHANICAL_DESIGN_GEOMETRIC_PRESENTATION_REPRESENTATION (  '', ( #5239 ), #4892 ) ;
#1255 = EDGE_CURVE ( 'NONE', #4713, #3169, #1879, .T. ) ;
#1256 = EDGE_LOOP ( 'NONE', ( #292, #5408, #7037, #842 ) ) ;
#1257 = DIRECTION ( 'NONE',  ( -1.000000000000000000, -0.000000000000000000, 0.000000000000000000 ) ) ;
#1258 = CARTESIAN_POINT ( 'NONE',  ( 0.000000000000000000, 0.000000000000000000, 0.2800000000000000266 ) ) ;
#1259 = CARTESIAN_POINT ( 'NONE',  ( -0.08901262954309487052, 0.6577093933915411084, 0.01000000000000000021 ) ) ;
#1260 = ORIENTED_EDGE ( 'NONE', *, *, #1518, .F. ) ;
#1261 = AXIS2_PLACEMENT_3D ( 'NONE', #2383, #711, #4778 ) ;
#1262 = CARTESIAN_POINT ( 'NONE',  ( -0.1081833022520539561, 0.6835203653869204032, 0.01000000000000000021 ) ) ;
#1263 = DIRECTION ( 'NONE',  ( -0.000000000000000000, 0.000000000000000000, -1.000000000000000000 ) ) ;
#1264 = CARTESIAN_POINT ( 'NONE',  ( -0.9899999999999999911, 0.8999999999999996891, 0.2800000000000000266 ) ) ;
#1265 = PRESENTATION_STYLE_ASSIGNMENT (( #6314 ) ) ;
#1266 = VECTOR ( 'NONE', #2345, 1000.000000000000000 ) ;
#1267 = ORIENTED_EDGE ( 'NONE', *, *, #2296, .T. ) ;
#1268 = CARTESIAN_POINT ( 'NONE',  ( 0.5200000000000000178, -0.8549999999999999822, 0.000000000000000000 ) ) ;
#1269 = STYLED_ITEM ( 'NONE', ( #2524 ), #243 ) ;
#1270 = DIRECTION ( 'NONE',  ( 0.000000000000000000, -0.000000000000000000, 1.000000000000000000 ) ) ;
#1271 = MECHANICAL_DESIGN_GEOMETRIC_PRESENTATION_REPRESENTATION (  '', ( #4562 ), #2694 ) ;
#1272 = CARTESIAN_POINT ( 'NONE',  ( 0.6300000000000001155, 0.8549999999999999822, 0.2900000000000000355 ) ) ;
#1273 = CARTESIAN_POINT ( 'NONE',  ( -0.6300000000000001155, 0.8549999999999999822, 0.2900000000000000355 ) ) ;
#1274 = AXIS2_PLACEMENT_3D ( 'NONE', #5015, #3285, #3247 ) ;
#1275 =( GEOMETRIC_REPRESENTATION_CONTEXT ( 3 ) GLOBAL_UNCERTAINTY_ASSIGNED_CONTEXT ( ( #3501 ) ) GLOBAL_UNIT_ASSIGNED_CONTEXT ( ( #5156, #112, #1147 ) ) REPRESENTATION_CONTEXT ( 'NONE', 'WORKASPACE' ) );
#1276 = VERTEX_POINT ( 'NONE', #793 ) ;
#1277 = LINE ( 'NONE', #99, #4875 ) ;
#1278 = MECHANICAL_DESIGN_GEOMETRIC_PRESENTATION_REPRESENTATION (  '', ( #5993 ), #1936 ) ;
#1280 = AXIS2_PLACEMENT_3D ( 'NONE', #4567, #2429, #3465 ) ;
#1279 = DIRECTION ( 'NONE',  ( 1.000000000000000000, 0.000000000000000000, -0.000000000000000000 ) ) ;
#1281 = MECHANICAL_DESIGN_GEOMETRIC_PRESENTATION_REPRESENTATION (  '', ( #4684 ), #7297 ) ;
#1282 = SURFACE_SIDE_STYLE ('',( #5319 ) ) ;
#1283 = VERTEX_POINT ( 'NONE', #5267 ) ;
#1284 = EDGE_CURVE ( 'NONE', #3699, #4148, #2476, .T. ) ;
#1285 = CARTESIAN_POINT ( 'NONE',  ( 0.6200045675221349528, -0.8900045675221348596, 0.2796510581542265839 ) ) ;
#1286 = CARTESIAN_POINT ( 'NONE',  ( -1.000000000000000000, -0.8900000000000003464, 0.000000000000000000 ) ) ;
#1287 = VERTEX_POINT ( 'NONE', #2591 ) ;
#1288 = SURFACE_STYLE_FILL_AREA ( #5289 ) ;
#1289 = CARTESIAN_POINT ( 'NONE',  ( 1.000000000000000000, -0.9000000000000002442, 0.2800000000000000266 ) ) ;
#1290 = UNCERTAINTY_MEASURE_WITH_UNIT (LENGTH_MEASURE( 1.000000000000000082E-05 ), #1357, 'distance_accuracy_value', 'NONE');
#1291 = DIRECTION ( 'NONE',  ( 0.000000000000000000, 0.000000000000000000, 1.000000000000000000 ) ) ;
#1292 = DIRECTION ( 'NONE',  ( -1.000000000000000000, 0.000000000000000000, 0.000000000000000000 ) ) ;
#1293 = EDGE_CURVE ( 'NONE', #98, #702, #7133, .T. ) ;
#1294 = FILL_AREA_STYLE_COLOUR ( '', #6229 ) ;
#1295 = CARTESIAN_POINT ( 'NONE',  ( -0.09341303146319696049, 0.6684457278853951356, 0.01000000000000000021 ) ) ;
#1296 = ORIENTED_EDGE ( 'NONE', *, *, #6942, .F. ) ;
#1297 = DIRECTION ( 'NONE',  ( 0.000000000000000000, 1.000000000000000000, 0.000000000000000000 ) ) ;
#1298 =( LENGTH_UNIT ( ) NAMED_UNIT ( * ) SI_UNIT ( .MILLI., .METRE. ) );
#1299 = DIRECTION ( 'NONE',  ( 0.000000000000000000, -0.000000000000000000, 1.000000000000000000 ) ) ;
#1300 = CARTESIAN_POINT ( 'NONE',  ( -0.1765349568463094321, 0.6694744370225048646, 0.000000000000000000 ) ) ;
#1301 = CARTESIAN_POINT ( 'NONE',  ( -0.003345170260943557301, 0.6755719979981146261, 0.000000000000000000 ) ) ;
#1302 = EDGE_LOOP ( 'NONE', ( #2577, #4413, #4280, #1575 ) ) ;
#1303 = UNCERTAINTY_MEASURE_WITH_UNIT (LENGTH_MEASURE( 1.000000000000000082E-05 ), #238, 'distance_accuracy_value', 'NONE');
#1304 = CARTESIAN_POINT ( 'NONE',  ( -0.1580136153828947954, 0.7112427297054316755, 0.000000000000000000 ) ) ;
#1305 = SURFACE_STYLE_FILL_AREA ( #2405 ) ;
#1306 = CARTESIAN_POINT ( 'NONE',  ( 0.1296379434821059440, 0.6462292925121156939, 0.000000000000000000 ) ) ;
#1307 = EDGE_CURVE ( 'NONE', #1569, #6257, #3651, .T. ) ;
#1308 = LINE ( 'NONE', #6948, #1153 ) ;
#1309 = EDGE_CURVE ( 'NONE', #4089, #1511, #1998, .T. ) ;
#1310 = CARTESIAN_POINT ( 'NONE',  ( 0.1313401416467832594, 0.7092506825185561636, 0.01000000000000000021 ) ) ;
#1311 = ORIENTED_EDGE ( 'NONE', *, *, #6518, .F. ) ;
#1312 = SURFACE_STYLE_USAGE ( .BOTH. , #1282 ) ;
#1313 = ORIENTED_EDGE ( 'NONE', *, *, #3711, .T. ) ;
#1314 = CARTESIAN_POINT ( 'NONE',  ( 0.1205031604917511517, 0.6565193882711912732, 0.01000000000000000021 ) ) ;
#1315 =( GEOMETRIC_REPRESENTATION_CONTEXT ( 3 ) GLOBAL_UNCERTAINTY_ASSIGNED_CONTEXT ( ( #2181 ) ) GLOBAL_UNIT_ASSIGNED_CONTEXT ( ( #6501, #5872, #2521 ) ) REPRESENTATION_CONTEXT ( 'NONE', 'WORKASPACE' ) );
#1316 = CARTESIAN_POINT ( 'NONE',  ( -0.05595568855362649530, 0.7304500467786024798, 0.000000000000000000 ) ) ;
#1317 = DIRECTION ( 'NONE',  ( -0.3536223923290756632, 0.9353882635801357148, 0.000000000000000000 ) ) ;
#1318 = EDGE_LOOP ( 'NONE', ( #5939, #3168, #45, #5801 ) ) ;
#1319 = FACE_OUTER_BOUND ( 'NONE', #991, .T. ) ;
#1320 = FILL_AREA_STYLE ('',( #4738 ) ) ;
#1321 = MECHANICAL_DESIGN_GEOMETRIC_PRESENTATION_REPRESENTATION (  '', ( #2143 ), #5085 ) ;
#1322 = CARTESIAN_POINT ( 'NONE',  ( 1.000000000000000000, -0.1450000000000000455, 0.2900000000000000355 ) ) ;
#1323 = SURFACE_SIDE_STYLE ('',( #1471 ) ) ;
#1324 = CARTESIAN_POINT ( 'NONE',  ( -0.07188767589933539592, 0.6439716560728485639, 0.01000000000000000021 ) ) ;
#1325 =( GEOMETRIC_REPRESENTATION_CONTEXT ( 3 ) GLOBAL_UNCERTAINTY_ASSIGNED_CONTEXT ( ( #6969 ) ) GLOBAL_UNIT_ASSIGNED_CONTEXT ( ( #2846, #1230, #150 ) ) REPRESENTATION_CONTEXT ( 'NONE', 'WORKASPACE' ) );
#1326 = PLANE ( 'NONE',  #6989 ) ;
#1327 = EDGE_CURVE ( 'NONE', #1432, #1342, #829, .T. ) ;
#1328 = SURFACE_STYLE_USAGE ( .BOTH. , #4124 ) ;
#1329 = DIRECTION ( 'NONE',  ( 0.000000000000000000, -0.000000000000000000, 1.000000000000000000 ) ) ;
#1330 = ORIENTED_EDGE ( 'NONE', *, *, #1284, .F. ) ;
#1331 = VECTOR ( 'NONE', #515, 1000.000000000000000 ) ;
#1332 =( NAMED_UNIT ( * ) SI_UNIT ( $, .STERADIAN. ) SOLID_ANGLE_UNIT ( ) );
#1333 = CARTESIAN_POINT ( 'NONE',  ( -0.08901262954309487052, 0.6577093933915411084, 0.000000000000000000 ) ) ;
#1334 = ORIENTED_EDGE ( 'NONE', *, *, #109, .T. ) ;
#1335 = AXIS2_PLACEMENT_3D ( 'NONE', #6454, #250, #5777 ) ;
#1336 = FILL_AREA_STYLE ('',( #4205 ) ) ;
#1337 = EDGE_CURVE ( 'NONE', #646, #6245, #898, .T. ) ;
#1338 = LINE ( 'NONE', #5945, #6453 ) ;
#1339 = CARTESIAN_POINT ( 'NONE',  ( 0.1098909637170478876, 0.7144452458910507398, 0.000000000000000000 ) ) ;
#1340 = DIRECTION ( 'NONE',  ( 1.000000000000000000, 0.000000000000000000, 0.000000000000000000 ) ) ;
#1341 = COLOUR_RGB ( '',0.2980392156862745057, 0.2980392156862745057, 0.2980392156862745057 ) ;
#1342 = VERTEX_POINT ( 'NONE', #7061 ) ;
#1343 = CARTESIAN_POINT ( 'NONE',  ( 0.1284007115292866430, 0.7133548134972850230, 0.01000000000000000021 ) ) ;
#1344 = PRESENTATION_LAYER_ASSIGNMENT (  '', '', ( #2406 ) ) ;
#1345 = ORIENTED_EDGE ( 'NONE', *, *, #4842, .T. ) ;
#1346 =( LENGTH_UNIT ( ) NAMED_UNIT ( * ) SI_UNIT ( .MILLI., .METRE. ) );
#1347 = COLOUR_RGB ( '',0.8313725490196077761, 0.8313725490196077761, 0.8196078431372548767 ) ;
#1348 = CARTESIAN_POINT ( 'NONE',  ( -0.07540011459748489908, 0.6454762181437609936, 0.01000000000000000021 ) ) ;
#1349 = LINE ( 'NONE', #2967, #1236 ) ;
#1350 = ORIENTED_EDGE ( 'NONE', *, *, #1255, .F. ) ;
#1351 =( NAMED_UNIT ( * ) SI_UNIT ( $, .STERADIAN. ) SOLID_ANGLE_UNIT ( ) );
#1352 = SURFACE_SIDE_STYLE ('',( #3004 ) ) ;
#1353 = ORIENTED_EDGE ( 'NONE', *, *, #648, .T. ) ;
#1354 = PRESENTATION_LAYER_ASSIGNMENT (  '', '', ( #6784 ) ) ;
#1355 = DIRECTION ( 'NONE',  ( -0.000000000000000000, -0.000000000000000000, -1.000000000000000000 ) ) ;
#1356 = CARTESIAN_POINT ( 'NONE',  ( 0.06494751266588572047, 0.6356329736078707437, 0.01000000000000000021 ) ) ;
#1357 =( LENGTH_UNIT ( ) NAMED_UNIT ( * ) SI_UNIT ( .MILLI., .METRE. ) );
#1358 = COLOUR_RGB ( '',0.8313725490196077761, 0.8313725490196077761, 0.8196078431372548767 ) ;
#1359 = SURFACE_STYLE_FILL_AREA ( #2069 ) ;
#1360 = PRESENTATION_STYLE_ASSIGNMENT (( #4157 ) ) ;
#1361 = FILL_AREA_STYLE ('',( #4092 ) ) ;
#1362 = SURFACE_STYLE_USAGE ( .BOTH. , #5860 ) ;
#1363 = UNCERTAINTY_MEASURE_WITH_UNIT (LENGTH_MEASURE( 1.000000000000000082E-05 ), #4865, 'distance_accuracy_value', 'NONE');
#1364 = CARTESIAN_POINT ( 'NONE',  ( -0.1667598044072850227, 0.7304500467786024798, 0.000000000000000000 ) ) ;
#1365 = STYLED_ITEM ( 'NONE', ( #168 ), #1932 ) ;
#1366 = CARTESIAN_POINT ( 'NONE',  ( 0.07079910554908817877, 0.6327842779701327025, 0.000000000000000000 ) ) ;
#1367 = CARTESIAN_POINT ( 'NONE',  ( -0.08951555336894508053, 0.6411307976753188864, 0.01000000000000000021 ) ) ;
#1368 = EDGE_LOOP ( 'NONE', ( #4016, #6670, #5998, #3277 ) ) ;
#1369 = CARTESIAN_POINT ( 'NONE',  ( 0.07064457264774995360, 0.6437745557477646541, 0.01000000000000000021 ) ) ;
#1370 = CARTESIAN_POINT ( 'NONE',  ( -0.1430936458706996428, 0.6694744370225048646, 0.000000000000000000 ) ) ;
#1371 = EDGE_CURVE ( 'NONE', #3149, #1020, #3130, .T. ) ;
#1372 = ORIENTED_EDGE ( 'NONE', *, *, #5135, .F. ) ;
#1373 = VECTOR ( 'NONE', #2358, 1000.000000000000000 ) ;
#1374 =( LENGTH_UNIT ( ) NAMED_UNIT ( * ) SI_UNIT ( .MILLI., .METRE. ) );
#1375 = CARTESIAN_POINT ( 'NONE',  ( -0.8000000000000000444, 0.5000000000000000000, -0.01000000000000000021 ) ) ;
#1376 = DIRECTION ( 'NONE',  ( -1.000000000000000000, -1.084202172485504434E-16, 0.000000000000000000 ) ) ;
#1377 = PRESENTATION_LAYER_ASSIGNMENT (  '', '', ( #2326 ) ) ;
#1378 =( NAMED_UNIT ( * ) SI_UNIT ( $, .STERADIAN. ) SOLID_ANGLE_UNIT ( ) );
#1379 = EDGE_CURVE ( 'NONE', #1185, #2784, #1405, .T. ) ;
#1380 = ORIENTED_EDGE ( 'NONE', *, *, #254, .F. ) ;
#1381 = CARTESIAN_POINT ( 'NONE',  ( 0.1392942042228084987, 0.6805091649627528216, 0.01000000000000000021 ) ) ;
#1382 = VECTOR ( 'NONE', #4057, 1000.000000000000000 ) ;
#1383 = ORIENTED_EDGE ( 'NONE', *, *, #1307, .T. ) ;
#1384 = PRESENTATION_STYLE_ASSIGNMENT (( #5956 ) ) ;
#1385 = CARTESIAN_POINT ( 'NONE',  ( -0.09341303146319696049, 0.6684457278853951356, 0.01000000000000000021 ) ) ;
#1386 = FILL_AREA_STYLE ('',( #3596 ) ) ;
#1387 = ORIENTED_EDGE ( 'NONE', *, *, #3856, .F. ) ;
#1388 = STYLED_ITEM ( 'NONE', ( #1602 ), #362 ) ;
#1389 = AXIS2_PLACEMENT_3D ( 'NONE', #6644, #1589, #1043 ) ;
#1390 = VERTEX_POINT ( 'NONE', #2631 ) ;
#1391 = STYLED_ITEM ( 'NONE', ( #2582 ), #715 ) ;
#1392 = FILL_AREA_STYLE_COLOUR ( '', #3956 ) ;
#1393 = CARTESIAN_POINT ( 'NONE',  ( 0.09419866272347490743, 0.6292692502919656761, 0.01000000000000000194 ) ) ;
#1394 = CARTESIAN_POINT ( 'NONE',  ( 0.1213435586079618378, 0.7205423467494403988, 0.000000000000000000 ) ) ;
#1395 =( NAMED_UNIT ( * ) PLANE_ANGLE_UNIT ( ) SI_UNIT ( $, .RADIAN. ) );
#1396 = EDGE_CURVE ( 'NONE', #541, #3649, #5868, .T. ) ;
#1397 =( NAMED_UNIT ( * ) PLANE_ANGLE_UNIT ( ) SI_UNIT ( $, .RADIAN. ) );
#1398 = EDGE_LOOP ( 'NONE', ( #4667, #6511, #858, #6128 ) ) ;
#1399 = CARTESIAN_POINT ( 'NONE',  ( -1.000000000000000000, 0.8549999999999999822, -0.01000000000000000021 ) ) ;
#1400 = DIRECTION ( 'NONE',  ( -1.000000000000000000, 0.000000000000000000, 0.000000000000000000 ) ) ;
#1401 = SURFACE_STYLE_USAGE ( .BOTH. , #6419 ) ;
#1402 = PRESENTATION_STYLE_ASSIGNMENT (( #3165 ) ) ;
#1403 = ORIENTED_EDGE ( 'NONE', *, *, #2156, .F. ) ;
#1404 = CARTESIAN_POINT ( 'NONE',  ( 0.08011372242932529586, 0.6410568778798331202, 0.000000000000000000 ) ) ;
#1405 = LINE ( 'NONE', #4860, #3230 ) ;
#1406 = ADVANCED_BREP_SHAPE_REPRESENTATION ( 'LED-SMD_4P-L2.0-W1.8_CY-0807', ( #4692, #2021 ), #7209 ) ;
#1407 = ORIENTED_EDGE ( 'NONE', *, *, #5674, .T. ) ;
#1408 = DIRECTION ( 'NONE',  ( -0.000000000000000000, -0.000000000000000000, 1.000000000000000000 ) ) ;
#1409 = PRESENTATION_STYLE_ASSIGNMENT (( #6979 ) ) ;
#1410 = EDGE_CURVE ( 'NONE', #3590, #1863, #7171, .T. ) ;
#1411 = CARTESIAN_POINT ( 'NONE',  ( 0.09626036582045624512, 0.7200466953078984433, 0.000000000000000000 ) ) ;
#1412 = DIRECTION ( 'NONE',  ( 0.000000000000000000, -1.000000000000000000, 0.000000000000000000 ) ) ;
#1413 = ORIENTED_EDGE ( 'NONE', *, *, #6223, .T. ) ;
#1414 = CARTESIAN_POINT ( 'NONE',  ( 0.1392089679928192048, 0.6843168001196114902, 0.000000000000000000 ) ) ;
#1415 = ORIENTED_EDGE ( 'NONE', *, *, #2140, .F. ) ;
#1416 = SURFACE_SIDE_STYLE ('',( #1461 ) ) ;
#1417 = EDGE_CURVE ( 'NONE', #1505, #1108, #6660, .T. ) ;
#1418 = DIRECTION ( 'NONE',  ( 0.000000000000000000, 0.000000000000000000, -1.000000000000000000 ) ) ;
#1419 = SURFACE_STYLE_USAGE ( .BOTH. , #5243 ) ;
#1420 = ORIENTED_EDGE ( 'NONE', *, *, #1782, .F. ) ;
#1421 = CARTESIAN_POINT ( 'NONE',  ( -0.09989774642937807037, 0.7100874752036500093, 0.000000000000000000 ) ) ;
#1422 = DIRECTION ( 'NONE',  ( -0.000000000000000000, -0.000000000000000000, 1.000000000000000000 ) ) ;
#1423 = ORIENTED_EDGE ( 'NONE', *, *, #5607, .F. ) ;
#1424 = PRESENTATION_STYLE_ASSIGNMENT (( #5612 ) ) ;
#1425 = EDGE_CURVE ( 'NONE', #6260, #7134, #4202, .T. ) ;
#1426 = CARTESIAN_POINT ( 'NONE',  ( 0.09246275656832476930, 0.6292305345834805497, 0.01000000000000000194 ) ) ;
#1427 = CARTESIAN_POINT ( 'NONE',  ( 0.1173644428903026365, 0.7235243890302002212, 0.000000000000000000 ) ) ;
#1428 =( NAMED_UNIT ( * ) SI_UNIT ( $, .STERADIAN. ) SOLID_ANGLE_UNIT ( ) );
#1429 = VECTOR ( 'NONE', #3944, 1000.000000000000000 ) ;
#1430 = FILL_AREA_STYLE ('',( #6489 ) ) ;
#1431 = CARTESIAN_POINT ( 'NONE',  ( -0.09686567348259841892, 0.6480175098169882464, 0.01000000000000000021 ) ) ;
#1432 = VERTEX_POINT ( 'NONE', #7093 ) ;
#1433 = LINE ( 'NONE', #3014, #5192 ) ;
#1434 = PLANE ( 'NONE',  #1608 ) ;
#1435 = MECHANICAL_DESIGN_GEOMETRIC_PRESENTATION_REPRESENTATION (  '', ( #6268 ), #265 ) ;
#1436 = CARTESIAN_POINT ( 'NONE',  ( 0.1418239742663621461, 0.2444962138608657853, -0.01000000000000000021 ) ) ;
#1437 = UNCERTAINTY_MEASURE_WITH_UNIT (LENGTH_MEASURE( 1.000000000000000082E-05 ), #246, 'distance_accuracy_value', 'NONE');
#1438 = STYLED_ITEM ( 'NONE', ( #7193 ), #6841 ) ;
#1439 = EDGE_CURVE ( 'NONE', #4129, #6495, #343, .T. ) ;
#1440 = CARTESIAN_POINT ( 'NONE',  ( -0.2057841946511874687, 0.6304500467786023910, 0.000000000000000000 ) ) ;
#1441 = SURFACE_STYLE_USAGE ( .BOTH. , #6493 ) ;
#1442 = CARTESIAN_POINT ( 'NONE',  ( -0.1073800888982604229, 0.6707133693421333254, 0.000000000000000000 ) ) ;
#1443 = ORIENTED_EDGE ( 'NONE', *, *, #298, .T. ) ;
#1444 =( LENGTH_UNIT ( ) NAMED_UNIT ( * ) SI_UNIT ( .MILLI., .METRE. ) );
#1445 = CARTESIAN_POINT ( 'NONE',  ( 0.9899999999999999911, -0.8900000000000001243, 0.2800000000000000266 ) ) ;
#1446 = PRESENTATION_LAYER_ASSIGNMENT (  '', '', ( #3673 ) ) ;
#1447 = STYLED_ITEM ( 'NONE', ( #6485 ), #7184 ) ;
#1448 = EDGE_LOOP ( 'NONE', ( #952, #1380, #2836, #745 ) ) ;
#1449 = PRESENTATION_STYLE_ASSIGNMENT (( #1920 ) ) ;
#1450 = CARTESIAN_POINT ( 'NONE',  ( -0.1606986751882325815, 0.7141243702668187421, 0.01000000000000000021 ) ) ;
#1451 = CARTESIAN_POINT ( 'NONE',  ( 1.000000000000000000, -0.9000000000000002442, 0.2800000000000000266 ) ) ;
#1452 = CARTESIAN_POINT ( 'NONE',  ( -0.003345170260943557301, 0.6865476077542121969, 0.000000000000000000 ) ) ;
#1453 = VECTOR ( 'NONE', #1645, 1000.000000000000000 ) ;
#1454 = CARTESIAN_POINT ( 'NONE',  ( 0.1245260872227625659, 0.6924789620644911103, 0.000000000000000000 ) ) ;
#1455 = FILL_AREA_STYLE ('',( #272 ) ) ;
#1456 = CYLINDRICAL_SURFACE ( 'NONE', #4801, 0.01000000000000002623 ) ;
#1457 = ORIENTED_EDGE ( 'NONE', *, *, #3280, .T. ) ;
#1458 = CARTESIAN_POINT ( 'NONE',  ( 0.1392089679928192048, 0.6843168001196114902, 0.01000000000000000021 ) ) ;
#1459 = CARTESIAN_POINT ( 'NONE',  ( -0.08111490634989726445, 0.7253721928795378027, 0.009999999999999991535 ) ) ;
#1460 = EDGE_LOOP ( 'NONE', ( #956, #970, #3896, #6173 ) ) ;
#1461 = SURFACE_STYLE_FILL_AREA ( #5403 ) ;
#1462 = VECTOR ( 'NONE', #5147, 1000.000000000000000 ) ;
#1463 = CARTESIAN_POINT ( 'NONE',  ( -0.05684079683689311630, 0.6304846773162179341, 0.000000000000000000 ) ) ;
#1464 = ORIENTED_EDGE ( 'NONE', *, *, #3011, .F. ) ;
#1465 = AXIS2_PLACEMENT_3D ( 'NONE', #5532, #7076, #6708 ) ;
#1466 = ADVANCED_FACE ( 'NONE', ( #6423 ), #5982, .F. ) ;
#1467 = MECHANICAL_DESIGN_GEOMETRIC_PRESENTATION_REPRESENTATION (  '', ( #1244 ), #7130 ) ;
#1468 = CARTESIAN_POINT ( 'NONE',  ( -1.000000000000000000, 0.5000000000000000000, 0.2900000000000000355 ) ) ;
#1469 = CARTESIAN_POINT ( 'NONE',  ( -0.1606986751882325815, 0.7141243702668187421, 0.000000000000000000 ) ) ;
#1470 = DIRECTION ( 'NONE',  ( -1.000000000000000000, -0.000000000000000000, -0.000000000000000000 ) ) ;
#1471 = SURFACE_STYLE_FILL_AREA ( #1430 ) ;
#1472 = CARTESIAN_POINT ( 'NONE',  ( -0.06407573812211241060, 0.6420263471386346010, 0.01000000000000000021 ) ) ;
#1473 = ORIENTED_EDGE ( 'NONE', *, *, #254, .T. ) ;
#1474 = SURFACE_STYLE_USAGE ( .BOTH. , #2585 ) ;
#1475 = EDGE_CURVE ( 'NONE', #6106, #4148, #1118, .T. ) ;
#1476 = PRESENTATION_LAYER_ASSIGNMENT (  '', '', ( #5947 ) ) ;
#1477 = CARTESIAN_POINT ( 'NONE',  ( -1.000000000000000000, -0.8900000000000003464, 0.2800000000000000266 ) ) ;
#1478 = SURFACE_STYLE_FILL_AREA ( #3087 ) ;
#1479 = FILL_AREA_STYLE_COLOUR ( '', #4794 ) ;
#1480 = VERTEX_POINT ( 'NONE', #5488 ) ;
#1481 = PRESENTATION_LAYER_ASSIGNMENT (  '', '', ( #3480 ) ) ;
#1482 = CARTESIAN_POINT ( 'NONE',  ( 0.1478743419341784493, 0.000000000000000000, 0.01000000000000000021 ) ) ;
#1483 = CARTESIAN_POINT ( 'NONE',  ( -0.1765349568463094321, 0.6694744370225048646, 0.000000000000000000 ) ) ;
#1484 = VERTEX_POINT ( 'NONE', #13 ) ;
#1485 = ORIENTED_EDGE ( 'NONE', *, *, #7215, .T. ) ;
#1486 = COLOUR_RGB ( '',0.8313725490196077761, 0.8313725490196077761, 0.8196078431372548767 ) ;
#1487 = LINE ( 'NONE', #5272, #452 ) ;
#1488 = DIRECTION ( 'NONE',  ( 0.000000000000000000, 1.000000000000000000, 0.000000000000000000 ) ) ;
#1489 = DIRECTION ( 'NONE',  ( 0.000000000000000000, -0.000000000000000000, 1.000000000000000000 ) ) ;
#1490 = VECTOR ( 'NONE', #4344, 1000.000000000000000 ) ;
#1491 = CARTESIAN_POINT ( 'NONE',  ( -1.000000000000000000, -0.9000000000000003553, 0.000000000000000000 ) ) ;
#1492 = EDGE_CURVE ( 'NONE', #277, #1014, #459, .T. ) ;
#1493 = VERTEX_POINT ( 'NONE', #1013 ) ;
#1494 = FILL_AREA_STYLE ('',( #3035 ) ) ;
#1495 = ORIENTED_EDGE ( 'NONE', *, *, #4739, .T. ) ;
#1496 = PLANE ( 'NONE',  #6154 ) ;
#1497 = PRESENTATION_LAYER_ASSIGNMENT (  '', '', ( #6322 ) ) ;
#1498 = CARTESIAN_POINT ( 'NONE',  ( -0.05492672513899232029, 0.6304500467786023910, 0.000000000000000000 ) ) ;
#1499 = DIRECTION ( 'NONE',  ( -1.000000000000000000, -0.000000000000000000, -0.000000000000000000 ) ) ;
#1500 = PRESENTATION_LAYER_ASSIGNMENT (  '', '', ( #4684 ) ) ;
#1501 = VECTOR ( 'NONE', #1714, 1000.000000000000000 ) ;
#1502 = CIRCLE ( 'NONE', #1975, 0.2000000000000000944 ) ;
#1503 =( NAMED_UNIT ( * ) SI_UNIT ( $, .STERADIAN. ) SOLID_ANGLE_UNIT ( ) );
#1504 = PRESENTATION_STYLE_ASSIGNMENT (( #4258 ) ) ;
#1505 = VERTEX_POINT ( 'NONE', #7204 ) ;
#1506 = CARTESIAN_POINT ( 'NONE',  ( 0.1116666756782612319, 0.6325389773552885231, 0.000000000000000000 ) ) ;
#1507 = COLOUR_RGB ( '',0.8313725490196077761, 0.8313725490196077761, 0.8196078431372548767 ) ;
#1508 = EDGE_CURVE ( 'NONE', #2682, #2118, #2134, .T. ) ;
#1509 = SURFACE_SIDE_STYLE ('',( #2065 ) ) ;
#1510 = CARTESIAN_POINT ( 'NONE',  ( 0.03202068339759305687, 0.6755719979981146261, 0.000000000000000000 ) ) ;
#1511 = VERTEX_POINT ( 'NONE', #606 ) ;
#1512 = AXIS2_PLACEMENT_3D ( 'NONE', #3963, #5111, #2353 ) ;
#1513 = VECTOR ( 'NONE', #6893, 1000.000000000000000 ) ;
#1514 = CARTESIAN_POINT ( 'NONE',  ( -0.6300000000000000044, 0.8958588646516009169, 0.2800000000000000266 ) ) ;
#1515 = CARTESIAN_POINT ( 'NONE',  ( -1.000000000000000000, -0.9000000000000003553, 0.2800000000000000266 ) ) ;
#1516 = UNCERTAINTY_MEASURE_WITH_UNIT (LENGTH_MEASURE( 1.000000000000000082E-05 ), #330, 'distance_accuracy_value', 'NONE');
#1517 = CARTESIAN_POINT ( 'NONE',  ( 0.6110963936061697410, 0.8810963936061697588, 0.7900000000000001465 ) ) ;
#1518 = EDGE_CURVE ( 'NONE', #6734, #2118, #4380, .T. ) ;
#1520 =( GEOMETRIC_REPRESENTATION_CONTEXT ( 3 ) GLOBAL_UNCERTAINTY_ASSIGNED_CONTEXT ( ( #6608 ) ) GLOBAL_UNIT_ASSIGNED_CONTEXT ( ( #4322, #1561, #2117 ) ) REPRESENTATION_CONTEXT ( 'NONE', 'WORKASPACE' ) );
#1519 =( NAMED_UNIT ( * ) PLANE_ANGLE_UNIT ( ) SI_UNIT ( $, .RADIAN. ) );
#1521 = CARTESIAN_POINT ( 'NONE',  ( 0.06494751266588572047, 0.6466085833639682035, 0.01000000000000000021 ) ) ;
#1522 =( LENGTH_UNIT ( ) NAMED_UNIT ( * ) SI_UNIT ( .MILLI., .METRE. ) );
#1523 = EDGE_LOOP ( 'NONE', ( #5109, #3558, #3760, #561 ) ) ;
#1524 = VERTEX_POINT ( 'NONE', #3242 ) ;
#1525 = SURFACE_STYLE_USAGE ( .BOTH. , #3281 ) ;
#1526 = SURFACE_STYLE_USAGE ( .BOTH. , #3692 ) ;
#1527 = CARTESIAN_POINT ( 'NONE',  ( -1.000000000000000000, -0.8549999999999999822, 0.2800000000000000266 ) ) ;
#1528 = CARTESIAN_POINT ( 'NONE',  ( -1.000000000000000000, 0.1450000000000000455, 0.2800000000000000266 ) ) ;
#1529 = ORIENTED_EDGE ( 'NONE', *, *, #7083, .F. ) ;
#1530 = FACE_OUTER_BOUND ( 'NONE', #2541, .T. ) ;
#1531 = VERTEX_POINT ( 'NONE', #5519 ) ;
#1532 = DIRECTION ( 'NONE',  ( -0.000000000000000000, -0.000000000000000000, 1.000000000000000000 ) ) ;
#1533 = EDGE_CURVE ( 'NONE', #4406, #1287, #2175, .T. ) ;
#1534 = EDGE_CURVE ( 'NONE', #4148, #2352, #3312, .T. ) ;
#1535 = SURFACE_STYLE_USAGE ( .BOTH. , #2687 ) ;
#1536 = ORIENTED_EDGE ( 'NONE', *, *, #5470, .F. ) ;
#1537 = DIRECTION ( 'NONE',  ( -0.000000000000000000, -1.000000000000000000, -0.000000000000000000 ) ) ;
#1538 =( LENGTH_UNIT ( ) NAMED_UNIT ( * ) SI_UNIT ( .MILLI., .METRE. ) );
#1539 = CARTESIAN_POINT ( 'NONE',  ( 0.07321861909240466593, 0.7182332616573513517, 0.000000000000000000 ) ) ;
#1540 = VERTEX_POINT ( 'NONE', #6646 ) ;
#1541 = SURFACE_SIDE_STYLE ('',( #6599 ) ) ;
#1542 = PRESENTATION_STYLE_ASSIGNMENT (( #5290 ) ) ;
#1543 = CARTESIAN_POINT ( 'NONE',  ( 0.1478743419341784493, 0.6414256565347000727, 0.000000000000000000 ) ) ;
#1544 = CARTESIAN_POINT ( 'NONE',  ( 1.000000000000000000, -0.5000000000000000000, -0.01000000000000000021 ) ) ;
#1545 = CARTESIAN_POINT ( 'NONE',  ( -0.6300000000000001155, -0.8900015230484359385, 0.2800000000000000266 ) ) ;
#1546 = DIRECTION ( 'NONE',  ( -1.000000000000000000, 0.000000000000000000, -0.000000000000000000 ) ) ;
#1547 = ORIENTED_EDGE ( 'NONE', *, *, #5213, .T. ) ;
#1548 = SURFACE_STYLE_FILL_AREA ( #4343 ) ;
#1549 = CARTESIAN_POINT ( 'NONE',  ( -0.06802024058400565898, 0.7182107763682039625, 0.000000000000000000 ) ) ;
#1550 = FACE_OUTER_BOUND ( 'NONE', #719, .T. ) ;
#1551 = PLANE ( 'NONE',  #2047 ) ;
#1552 = DIRECTION ( 'NONE',  ( -1.000000000000000000, 0.000000000000000000, 0.000000000000000000 ) ) ;
#1553 = ORIENTED_EDGE ( 'NONE', *, *, #7025, .T. ) ;
#1554 = ORIENTED_EDGE ( 'NONE', *, *, #4607, .F. ) ;
#1555 = ADVANCED_FACE ( 'NONE', ( #3836 ), #132, .F. ) ;
#1556 =( GEOMETRIC_REPRESENTATION_CONTEXT ( 3 ) GLOBAL_UNCERTAINTY_ASSIGNED_CONTEXT ( ( #5051 ) ) GLOBAL_UNIT_ASSIGNED_CONTEXT ( ( #179, #4078, #3997 ) ) REPRESENTATION_CONTEXT ( 'NONE', 'WORKASPACE' ) );
#1557 = FILL_AREA_STYLE_COLOUR ( '', #2969 ) ;
#1558 = FILL_AREA_STYLE_COLOUR ( '', #4871 ) ;
#1559 = MECHANICAL_DESIGN_GEOMETRIC_PRESENTATION_REPRESENTATION (  '', ( #5544 ), #3199 ) ;
#1560 = PRESENTATION_LAYER_ASSIGNMENT (  '', '', ( #1447 ) ) ;
#1561 =( NAMED_UNIT ( * ) PLANE_ANGLE_UNIT ( ) SI_UNIT ( $, .RADIAN. ) );
#1562 = ORIENTED_EDGE ( 'NONE', *, *, #6284, .T. ) ;
#1563 = EDGE_CURVE ( 'NONE', #4911, #2682, #6244, .T. ) ;
#1564 = ORIENTED_EDGE ( 'NONE', *, *, #3730, .F. ) ;
#1565 = AXIS2_PLACEMENT_3D ( 'NONE', #3220, #7255, #2191 ) ;
#1566 = CARTESIAN_POINT ( 'NONE',  ( 0.6300000000000001155, -0.1450000000000000455, 0.2800000000000000266 ) ) ;
#1567 =( NAMED_UNIT ( * ) PLANE_ANGLE_UNIT ( ) SI_UNIT ( $, .RADIAN. ) );
#1568 = CARTESIAN_POINT ( 'NONE',  ( -0.1081036667614631436, 0.6761165888500060284, 0.000000000000000000 ) ) ;
#1569 = VERTEX_POINT ( 'NONE', #115 ) ;
#1570 = VECTOR ( 'NONE', #3575, 1000.000000000000000 ) ;
#1571 = CARTESIAN_POINT ( 'NONE',  ( 0.09810329908955521538, 0.6408090096345872011, 0.01000000000000000021 ) ) ;
#1572 =( NAMED_UNIT ( * ) PLANE_ANGLE_UNIT ( ) SI_UNIT ( $, .RADIAN. ) );
#1573 = CARTESIAN_POINT ( 'NONE',  ( 0.07038429477730935580, 0.7171192478399425196, 0.01000000000000000021 ) ) ;
#1574 = MECHANICAL_DESIGN_GEOMETRIC_PRESENTATION_REPRESENTATION (  '', ( #6171 ), #1918 ) ;
#1575 = ORIENTED_EDGE ( 'NONE', *, *, #1492, .F. ) ;
#1576 = DIRECTION ( 'NONE',  ( -1.000000000000000000, 0.000000000000000000, 0.000000000000000000 ) ) ;
#1577 = VECTOR ( 'NONE', #7278, 1000.000000000000000 ) ;
#1578 =( NAMED_UNIT ( * ) PLANE_ANGLE_UNIT ( ) SI_UNIT ( $, .RADIAN. ) );
#1579 = CARTESIAN_POINT ( 'NONE',  ( 0.6110963936061697410, 0.8909233662373267082, 0.8000000000000001554 ) ) ;
#1580 = VECTOR ( 'NONE', #3631, 1000.000000000000000 ) ;
#1581 = PLANE ( 'NONE',  #5757 ) ;
#1582 = ORIENTED_EDGE ( 'NONE', *, *, #844, .F. ) ;
#1583 = CIRCLE ( 'NONE', #879, 0.01000000000000002623 ) ;
#1584 = SURFACE_STYLE_USAGE ( .BOTH. , #3753 ) ;
#1585 = STYLED_ITEM ( 'NONE', ( #6024 ), #4545 ) ;
#1586 = CARTESIAN_POINT ( 'NONE',  ( 0.08848028705612964728, 0.7316695589737244321, 0.000000000000000000 ) ) ;
#1587 = PRESENTATION_LAYER_ASSIGNMENT (  '', '', ( #1688 ) ) ;
#1588 = UNCERTAINTY_MEASURE_WITH_UNIT (LENGTH_MEASURE( 1.000000000000000082E-05 ), #6505, 'distance_accuracy_value', 'NONE');
#1589 = DIRECTION ( 'NONE',  ( 0.000000000000000000, -0.000000000000000000, 1.000000000000000000 ) ) ;
#1590 = FILL_AREA_STYLE ('',( #2704 ) ) ;
#1591 = VECTOR ( 'NONE', #5941, 1000.000000000000114 ) ;
#1592 = CARTESIAN_POINT ( 'NONE',  ( 0.000000000000000000, 0.6304500467786023910, 0.01000000000000000021 ) ) ;
#1593 = ORIENTED_EDGE ( 'NONE', *, *, #2012, .F. ) ;
#1594 = ORIENTED_EDGE ( 'NONE', *, *, #535, .T. ) ;
#1595 = DIRECTION ( 'NONE',  ( -1.000000000000000000, 0.000000000000000000, 0.000000000000000000 ) ) ;
#1596 = UNCERTAINTY_MEASURE_WITH_UNIT (LENGTH_MEASURE( 1.000000000000000082E-05 ), #2855, 'distance_accuracy_value', 'NONE');
#1597 = PLANE ( 'NONE',  #3379 ) ;
#1598 = FILL_AREA_STYLE ('',( #7245 ) ) ;
#1599 =( GEOMETRIC_REPRESENTATION_CONTEXT ( 3 ) GLOBAL_UNCERTAINTY_ASSIGNED_CONTEXT ( ( #1078 ) ) GLOBAL_UNIT_ASSIGNED_CONTEXT ( ( #1111, #2099, #485 ) ) REPRESENTATION_CONTEXT ( 'NONE', 'WORKASPACE' ) );
#1600 = CARTESIAN_POINT ( 'NONE',  ( 0.1253749242133177511, 0.6708975982666375293, 0.01000000000000000021 ) ) ;
#1601 = EDGE_CURVE ( 'NONE', #6083, #2643, #3972, .T. ) ;
#1602 = PRESENTATION_STYLE_ASSIGNMENT (( #6657 ) ) ;
#1603 = CARTESIAN_POINT ( 'NONE',  ( 0.06494751266588572047, 0.6466085833639682035, 0.01000000000000000021 ) ) ;
#1604 = ORIENTED_EDGE ( 'NONE', *, *, #5008, .T. ) ;
#1605 = AXIS2_PLACEMENT_3D ( 'NONE', #4582, #623, #664 ) ;
#1606 = SURFACE_SIDE_STYLE ('',( #471 ) ) ;
#1607 = PRESENTATION_STYLE_ASSIGNMENT (( #3882 ) ) ;
#1608 = AXIS2_PLACEMENT_3D ( 'NONE', #3049, #786, #6415 ) ;
#1609 = EDGE_CURVE ( 'NONE', #6957, #6260, #1768, .T. ) ;
#1610 = FILL_AREA_STYLE_COLOUR ( '', #3617 ) ;
#1611 = LINE ( 'NONE', #2721, #5594 ) ;
#1612 = PRESENTATION_LAYER_ASSIGNMENT (  '', '', ( #4075 ) ) ;
#1613 = VERTEX_POINT ( 'NONE', #188 ) ;
#1614 = CARTESIAN_POINT ( 'NONE',  ( -0.6209233662373269125, -0.8910948705577337314, 0.7901745240643729407 ) ) ;
#1615 = FILL_AREA_STYLE ('',( #6117 ) ) ;
#1616 = LINE ( 'NONE', #447, #2647 ) ;
#1617 = ORIENTED_EDGE ( 'NONE', *, *, #3755, .F. ) ;
#1618 = STYLED_ITEM ( 'NONE', ( #5524 ), #2804 ) ;
#1619 = ORIENTED_EDGE ( 'NONE', *, *, #5705, .F. ) ;
#1620 = LINE ( 'NONE', #7, #5317 ) ;
#1621 = VECTOR ( 'NONE', #6086, 1000.000000000000000 ) ;
#1622 = CARTESIAN_POINT ( 'NONE',  ( -0.05589852391948014337, 0.7194744370225049090, 0.000000000000000000 ) ) ;
#1623 = CARTESIAN_POINT ( 'NONE',  ( -0.6194564787797478544, 0.8894564787797475391, 0.3110510411758486415 ) ) ;
#1624 = ADVANCED_FACE ( 'NONE', ( #2915 ), #19, .F. ) ;
#1625 = CARTESIAN_POINT ( 'NONE',  ( 0.06494751266588572047, 0.6466085833639682035, 0.000000000000000000 ) ) ;
#1626 = FILL_AREA_STYLE_COLOUR ( '', #1166 ) ;
#1627 = EDGE_LOOP ( 'NONE', ( #3579, #5560, #6817, #4044 ) ) ;
#1628 = ORIENTED_EDGE ( 'NONE', *, *, #3223, .F. ) ;
#1629 = LINE ( 'NONE', #495, #6762 ) ;
#1630 = AXIS2_PLACEMENT_3D ( 'NONE', #3193, #408, #2127 ) ;
#1631 = CARTESIAN_POINT ( 'NONE',  ( -0.06802024058400565898, 0.7182107763682039625, 0.01000000000000000021 ) ) ;
#1632 = SURFACE_STYLE_FILL_AREA ( #4906 ) ;
#1633 = CARTESIAN_POINT ( 'NONE',  ( -1.000000000000000000, -0.9000000000000003553, 0.2800000000000000266 ) ) ;
#1634 = ORIENTED_EDGE ( 'NONE', *, *, #7250, .F. ) ;
#1635 = CARTESIAN_POINT ( 'NONE',  ( -0.008223219041431360440, 0.6414256565347000727, 0.000000000000000000 ) ) ;
#1636 = EDGE_CURVE ( 'NONE', #501, #1808, #6525, .T. ) ;
#1637 = FILL_AREA_STYLE_COLOUR ( '', #4294 ) ;
#1638 = EDGE_LOOP ( 'NONE', ( #4259, #2453, #4765, #5346 ) ) ;
#1639 = CARTESIAN_POINT ( 'NONE',  ( -0.1081828323211668497, 0.6798189102791869498, 0.01000000000000000021 ) ) ;
#1640 = FILL_AREA_STYLE_COLOUR ( '', #3341 ) ;
#1641 = CARTESIAN_POINT ( 'NONE',  ( 1.000000000000000000, 0.8549999999999999822, 0.2900000000000000355 ) ) ;
#1642 = SURFACE_STYLE_USAGE ( .BOTH. , #4333 ) ;
#1643 = FILL_AREA_STYLE ('',( #4924 ) ) ;
#1644 = EDGE_CURVE ( 'NONE', #889, #4704, #3082, .T. ) ;
#1645 = DIRECTION ( 'NONE',  ( 1.000000000000000000, -0.000000000000000000, -0.000000000000000000 ) ) ;
#1646 = SURFACE_SIDE_STYLE ('',( #3299 ) ) ;
#1647 =( LENGTH_UNIT ( ) NAMED_UNIT ( * ) SI_UNIT ( .MILLI., .METRE. ) );
#1648 = EDGE_LOOP ( 'NONE', ( #1976, #907, #6840, #3682, #486, #5585, #6054 ) ) ;
#1649 = LINE ( 'NONE', #5036, #5750 ) ;
#1650 = PRESENTATION_STYLE_ASSIGNMENT (( #5481 ) ) ;
#1651 = ORIENTED_EDGE ( 'NONE', *, *, #5894, .F. ) ;
#1652 = EDGE_CURVE ( 'NONE', #1569, #31, #7086, .T. ) ;
#1653 = CARTESIAN_POINT ( 'NONE',  ( -0.8000000000000000444, 0.5000000000000000000, -0.2400000000000000466 ) ) ;
#1654 = CARTESIAN_POINT ( 'NONE',  ( 1.000000000000000000, -0.5000000000000000000, -0.2400000000000000466 ) ) ;
#1655 = UNCERTAINTY_MEASURE_WITH_UNIT (LENGTH_MEASURE( 1.000000000000000082E-05 ), #3788, 'distance_accuracy_value', 'NONE');
#1656 = LINE ( 'NONE', #5045, #6336 ) ;
#1657 = ORIENTED_EDGE ( 'NONE', *, *, #6105, .T. ) ;
#1658 = VERTEX_POINT ( 'NONE', #2468 ) ;
#1659 = ADVANCED_FACE ( 'NONE', ( #6567 ), #4305, .F. ) ;
#1660 = EDGE_CURVE ( 'NONE', #6245, #1935, #6349, .T. ) ;
#1661 =( LENGTH_UNIT ( ) NAMED_UNIT ( * ) SI_UNIT ( .MILLI., .METRE. ) );
#1662 = UNCERTAINTY_MEASURE_WITH_UNIT (LENGTH_MEASURE( 1.000000000000000082E-05 ), #3749, 'distance_accuracy_value', 'NONE');
#1663 = CARTESIAN_POINT ( 'NONE',  ( -0.5200000000000000178, 0.8549999999999999822, 0.000000000000000000 ) ) ;
#1664 =( NAMED_UNIT ( * ) PLANE_ANGLE_UNIT ( ) SI_UNIT ( $, .RADIAN. ) );
#1665 = DIRECTION ( 'NONE',  ( 0.000000000000000000, 1.000000000000000000, 0.000000000000000000 ) ) ;
#1666 = FACE_OUTER_BOUND ( 'NONE', #4126, .T. ) ;
#1667 = CARTESIAN_POINT ( 'NONE',  ( 0.000000000000000000, 0.000000000000000000, 0.01000000000000000021 ) ) ;
#1668 = COLOUR_RGB ( '',0.2980392156862745057, 0.2980392156862745057, 0.2980392156862745057 ) ;
#1669 = ORIENTED_EDGE ( 'NONE', *, *, #2690, .T. ) ;
#1670 = FILL_AREA_STYLE ('',( #1057 ) ) ;
#1671 = ORIENTED_EDGE ( 'NONE', *, *, #3279, .T. ) ;
#1672 = FILL_AREA_STYLE_COLOUR ( '', #5445 ) ;
#1673 = AXIS2_PLACEMENT_3D ( 'NONE', #4101, #6770, #6212 ) ;
#1674 = VECTOR ( 'NONE', #3830, 1000.000000000000000 ) ;
#1675 = CARTESIAN_POINT ( 'NONE',  ( 0.1259231224219833079, 0.6793829736078706993, 0.000000000000000000 ) ) ;
#1676 = CARTESIAN_POINT ( 'NONE',  ( -1.000000000000000000, -0.8549999999999999822, -0.01000000000000000021 ) ) ;
#1677 = PLANE ( 'NONE',  #326 ) ;
#1678 = SURFACE_STYLE_USAGE ( .BOTH. , #4070 ) ;
#1679 = PRESENTATION_LAYER_ASSIGNMENT (  '', '', ( #2266 ) ) ;
#1680 = LINE ( 'NONE', #2198, #4372 ) ;
#1681 = EDGE_LOOP ( 'NONE', ( #4522, #1260, #7285, #3724 ) ) ;
#1682 = DIRECTION ( 'NONE',  ( 0.000000000000000000, 0.000000000000000000, -1.000000000000000000 ) ) ;
#1683 = PLANE ( 'NONE',  #103 ) ;
#1684 = AXIS2_PLACEMENT_3D ( 'NONE', #3025, #5196, #5759 ) ;
#1685 = ORIENTED_EDGE ( 'NONE', *, *, #3356, .T. ) ;
#1686 = EDGE_CURVE ( 'NONE', #2892, #3957, #2067, .T. ) ;
#1687 = CARTESIAN_POINT ( 'NONE',  ( 0.08504773470894788634, 0.7316449535236955182, 0.01000000000000000021 ) ) ;
#1688 = STYLED_ITEM ( 'NONE', ( #5673 ), #3600 ) ;
#1689 = FILL_AREA_STYLE_COLOUR ( '', #5590 ) ;
#1690 = EDGE_LOOP ( 'NONE', ( #3436, #3260, #5826, #5558 ) ) ;
#1691 = CARTESIAN_POINT ( 'NONE',  ( 0.1418239742663621461, -0.2642610428101545561, -0.01000000000000000021 ) ) ;
#1692 = LINE ( 'NONE', #1653, #5841 ) ;
#1693 =( NAMED_UNIT ( * ) PLANE_ANGLE_UNIT ( ) SI_UNIT ( $, .RADIAN. ) );
#1694 = VECTOR ( 'NONE', #6828, 1000.000000000000000 ) ;
#1695 = EDGE_CURVE ( 'NONE', #2161, #2601, #4703, .T. ) ;
#1696 = SURFACE_STYLE_USAGE ( .BOTH. , #4488 ) ;
#1697 = EDGE_LOOP ( 'NONE', ( #6768, #5472, #3467, #5821, #3707, #1464, #4390, #356 ) ) ;
#1698 = MECHANICAL_DESIGN_GEOMETRIC_PRESENTATION_REPRESENTATION (  '', ( #3345 ), #5813 ) ;
#1699 = CARTESIAN_POINT ( 'NONE',  ( 0.000000000000000000, 0.8810963936061697588, 0.7900000000000001465 ) ) ;
#1700 = DIRECTION ( 'NONE',  ( -0.000000000000000000, 0.000000000000000000, -1.000000000000000000 ) ) ;
#1701 = FILL_AREA_STYLE ('',( #2922 ) ) ;
#1702 = CARTESIAN_POINT ( 'NONE',  ( 0.000000000000000000, 0.7304500467786024798, 0.01000000000000000021 ) ) ;
#1703 = FILL_AREA_STYLE ('',( #7208 ) ) ;
#1704 = MECHANICAL_DESIGN_GEOMETRIC_PRESENTATION_REPRESENTATION (  '', ( #7136 ), #4762 ) ;
#1705 = LINE ( 'NONE', #54, #6413 ) ;
#1706 = ORIENTED_EDGE ( 'NONE', *, *, #2998, .F. ) ;
#1707 =( GEOMETRIC_REPRESENTATION_CONTEXT ( 3 ) GLOBAL_UNCERTAINTY_ASSIGNED_CONTEXT ( ( #5415 ) ) GLOBAL_UNIT_ASSIGNED_CONTEXT ( ( #5190, #5684, #5168 ) ) REPRESENTATION_CONTEXT ( 'NONE', 'WORKASPACE' ) );
#1708 =( LENGTH_UNIT ( ) NAMED_UNIT ( * ) SI_UNIT ( .MILLI., .METRE. ) );
#1709 = DIRECTION ( 'NONE',  ( 0.000000000000000000, 0.000000000000000000, 1.000000000000000000 ) ) ;
#1710 = VERTEX_POINT ( 'NONE', #4341 ) ;
#1711 = CARTESIAN_POINT ( 'NONE',  ( -0.05492672513899232029, 0.6304500467786023910, 0.000000000000000000 ) ) ;
#1712 = CARTESIAN_POINT ( 'NONE',  ( 0.1200916694838432830, 0.7034675754835064687, 0.01000000000000000021 ) ) ;
#1713 = ADVANCED_FACE ( 'NONE', ( #6082 ), #2696, .T. ) ;
#1714 = DIRECTION ( 'NONE',  ( 0.000000000000000000, -0.000000000000000000, 1.000000000000000000 ) ) ;
#1715 = VECTOR ( 'NONE', #3454, 1000.000000000000000 ) ;
#1716 = LINE ( 'NONE', #2373, #3488 ) ;
#1717 = VERTEX_POINT ( 'NONE', #4448 ) ;
#1718 = LINE ( 'NONE', #3855, #6394 ) ;
#1719 = PRESENTATION_LAYER_ASSIGNMENT (  '', '', ( #1021 ) ) ;
#1720 = FILL_AREA_STYLE_COLOUR ( '', #4570 ) ;
#1721 = FACE_OUTER_BOUND ( 'NONE', #1742, .T. ) ;
#1722 = ORIENTED_EDGE ( 'NONE', *, *, #7207, .T. ) ;
#1723 = CARTESIAN_POINT ( 'NONE',  ( 0.09028640475310101277, 0.7316275364723789920, 0.01000000000000000021 ) ) ;
#1724 = ORIENTED_EDGE ( 'NONE', *, *, #6854, .T. ) ;
#1725 = VERTEX_POINT ( 'NONE', #7227 ) ;
#1726 = DIRECTION ( 'NONE',  ( -0.000000000000000000, 0.000000000000000000, -1.000000000000000000 ) ) ;
#1727 = ADVANCED_FACE ( 'NONE', ( #3828 ), #1039, .F. ) ;
#1728 = UNCERTAINTY_MEASURE_WITH_UNIT (LENGTH_MEASURE( 1.000000000000000082E-05 ), #5534, 'distance_accuracy_value', 'NONE');
#1729 = PLANE ( 'NONE',  #3863 ) ;
#1730 = VECTOR ( 'NONE', #7254, 1000.000000000000114 ) ;
#1731 = CARTESIAN_POINT ( 'NONE',  ( 1.000000000000000000, -0.9000000000000002442, 0.2800000000000000266 ) ) ;
#1732 = ORIENTED_EDGE ( 'NONE', *, *, #6029, .T. ) ;
#1733 = MECHANICAL_DESIGN_GEOMETRIC_PRESENTATION_REPRESENTATION (  '', ( #2093 ), #5611 ) ;
#1734 = MECHANICAL_DESIGN_GEOMETRIC_PRESENTATION_REPRESENTATION (  '', ( #6325 ), #5023 ) ;
#1735 = CARTESIAN_POINT ( 'NONE',  ( -0.07833098900298782197, 0.7141612643729000620, 0.000000000000000000 ) ) ;
#1736 = ADVANCED_FACE ( 'NONE', ( #5449 ), #2664, .T. ) ;
#1737 = UNCERTAINTY_MEASURE_WITH_UNIT (LENGTH_MEASURE( 1.000000000000000082E-05 ), #5873, 'distance_accuracy_value', 'NONE');
#1738 =( NAMED_UNIT ( * ) PLANE_ANGLE_UNIT ( ) SI_UNIT ( $, .RADIAN. ) );
#1739 = VECTOR ( 'NONE', #1878, 1000.000000000000000 ) ;
#1740 = CARTESIAN_POINT ( 'NONE',  ( 0.08731760099374751005, 0.7316612245301635786, 0.000000000000000000 ) ) ;
#1741 = SURFACE_SIDE_STYLE ('',( #3977 ) ) ;
#1742 = EDGE_LOOP ( 'NONE', ( #7073, #2052, #784, #3845 ) ) ;
#1743 = STYLED_ITEM ( 'NONE', ( #626 ), #3349 ) ;
#1744 = LINE ( 'NONE', #4610, #5677 ) ;
#1745 = EDGE_CURVE ( 'NONE', #1710, #1251, #1217, .T. ) ;
#1746 = DIRECTION ( 'NONE',  ( 0.000000000000000000, 0.9998476951563912696, 0.01745240643728354982 ) ) ;
#1747 = CARTESIAN_POINT ( 'NONE',  ( 1.000000000000000000, -0.1450000000000000455, 0.000000000000000000 ) ) ;
#1748 =( LENGTH_UNIT ( ) NAMED_UNIT ( * ) SI_UNIT ( .MILLI., .METRE. ) );
#1749 =( NAMED_UNIT ( * ) PLANE_ANGLE_UNIT ( ) SI_UNIT ( $, .RADIAN. ) );
#1750 = CARTESIAN_POINT ( 'NONE',  ( 0.06494751266588572047, 0.7142915101932365562, 0.01000000000000000021 ) ) ;
#1751 = DIRECTION ( 'NONE',  ( 0.000000000000000000, 0.000000000000000000, 1.000000000000000000 ) ) ;
#1752 = ORIENTED_EDGE ( 'NONE', *, *, #2081, .T. ) ;
#1753 = ADVANCED_FACE ( 'NONE', ( #1789 ), #1826, .T. ) ;
#1754 = DIRECTION ( 'NONE',  ( 0.000000000000000000, -0.000000000000000000, 1.000000000000000000 ) ) ;
#1755 = SURFACE_STYLE_USAGE ( .BOTH. , #6228 ) ;
#1756 = CARTESIAN_POINT ( 'NONE',  ( 0.09246275656832476930, 0.6292305345834805497, 0.000000000000000000 ) ) ;
#1757 = ORIENTED_EDGE ( 'NONE', *, *, #6983, .F. ) ;
#1758 = PLANE ( 'NONE',  #583 ) ;
#1759 = ORIENTED_EDGE ( 'NONE', *, *, #1773, .T. ) ;
#1760 = CARTESIAN_POINT ( 'NONE',  ( -1.000000000000000000, -0.9000000000000003553, 0.2800000000000000266 ) ) ;
#1761 = PRESENTATION_STYLE_ASSIGNMENT (( #2874 ) ) ;
#1762 = ORIENTED_EDGE ( 'NONE', *, *, #6399, .F. ) ;
#1763 = B_SPLINE_CURVE_WITH_KNOTS ( 'NONE', 3,
 ( #5683, #1740, #122, #2952, #792, #5755, #4680, #6277, #1235, #2925, #2890 ),
 .UNSPECIFIED., .F., .F.,
 ( 4, 1, 1, 1, 1, 1, 1, 1, 4 ),
 ( 0.000000000000000000, 0.1451868664724697278, 0.2834426109197302757, 0.4165243659288293543, 0.5431811235350831879, 0.6651530826377136663, 0.7813602063127165209, 0.8927566556418095045, 1.000000000000000000 ),
 .UNSPECIFIED. ) ;
#1764 =( LENGTH_UNIT ( ) NAMED_UNIT ( * ) SI_UNIT ( .MILLI., .METRE. ) );
#1765 = CARTESIAN_POINT ( 'NONE',  ( 0.08087670872061350491, 0.6300767005780570917, 0.01000000000000000021 ) ) ;
#1766 = DIRECTION ( 'NONE',  ( 0.000000000000000000, -1.000000000000000000, 0.000000000000000000 ) ) ;
#1767 = FACE_OUTER_BOUND ( 'NONE', #503, .T. ) ;
#1768 = LINE ( 'NONE', #3013, #896 ) ;
#1769 = DIRECTION ( 'NONE',  ( -0.000000000000000000, -1.000000000000000000, -0.000000000000000000 ) ) ;
#1770 = CYLINDRICAL_SURFACE ( 'NONE', #3683, 0.2000000000000003164 ) ;
#1771 =( LENGTH_UNIT ( ) NAMED_UNIT ( * ) SI_UNIT ( .MILLI., .METRE. ) );
#1772 = DIRECTION ( 'NONE',  ( 1.000000000000000000, 0.000000000000000000, 0.000000000000000000 ) ) ;
#1773 = EDGE_CURVE ( 'NONE', #1283, #899, #3494, .T. ) ;
#1774 = ORIENTED_EDGE ( 'NONE', *, *, #1841, .T. ) ;
#1775 = SURFACE_SIDE_STYLE ('',( #2368 ) ) ;
#1776 = DIRECTION ( 'NONE',  ( -0.000000000000000000, 0.000000000000000000, -1.000000000000000000 ) ) ;
#1777 =( LENGTH_UNIT ( ) NAMED_UNIT ( * ) SI_UNIT ( .MILLI., .METRE. ) );
#1778 = CARTESIAN_POINT ( 'NONE',  ( -0.1592773342191552421, 0.7161976398499438901, 0.000000000000000000 ) ) ;
#1779 = CARTESIAN_POINT ( 'NONE',  ( -0.07130915001133739106, 0.6323118898154788114, 0.000000000000000000 ) ) ;
#1780 = COLOUR_RGB ( '',0.2980392156862745057, 0.2980392156862745057, 0.2980392156862745057 ) ;
#1781 = AXIS2_PLACEMENT_3D ( 'NONE', #675, #5215, #4658 ) ;
#1782 = EDGE_CURVE ( 'NONE', #3402, #2423, #4837, .T. ) ;
#1783 = CARTESIAN_POINT ( 'NONE',  ( 0.06586674567876936448, 0.6460908279461644588, 0.000000000000000000 ) ) ;
#1784 = MECHANICAL_DESIGN_GEOMETRIC_PRESENTATION_REPRESENTATION (  '', ( #3073 ), #5790 ) ;
#1785 = EDGE_LOOP ( 'NONE', ( #1917, #838, #6965, #241, #6924, #5489, #6483, #1372 ) ) ;
#1786 = SURFACE_SIDE_STYLE ('',( #6397 ) ) ;
#1787 = ORIENTED_EDGE ( 'NONE', *, *, #2776, .F. ) ;
#1788 = VECTOR ( 'NONE', #1769, 1000.000000000000000 ) ;
#1789 = FACE_OUTER_BOUND ( 'NONE', #913, .T. ) ;
#1790 = ORIENTED_EDGE ( 'NONE', *, *, #5853, .F. ) ;
#1791 = PRESENTATION_STYLE_ASSIGNMENT (( #4521 ) ) ;
#1792 = PRESENTATION_STYLE_ASSIGNMENT (( #5117 ) ) ;
#1793 = EDGE_LOOP ( 'NONE', ( #2645, #6091, #5907, #2492, #568, #1759, #6405, #1443 ) ) ;
#1794 = LINE ( 'NONE', #5154, #5485 ) ;
#1795 = AXIS2_PLACEMENT_3D ( 'NONE', #6714, #5067, #6671 ) ;
#1796 = DIRECTION ( 'NONE',  ( -0.000000000000000000, -0.000000000000000000, 1.000000000000000000 ) ) ;
#1797 = CARTESIAN_POINT ( 'NONE',  ( 0.000000000000000000, 0.6414256565347000727, 0.01000000000000000021 ) ) ;
#1798 = FILL_AREA_STYLE_COLOUR ( '', #4733 ) ;
#1799 = VECTOR ( 'NONE', #3052, 1000.000000000000000 ) ;
#1800 = VECTOR ( 'NONE', #1470, 1000.000000000000000 ) ;
#1801 = DIRECTION ( 'NONE',  ( -1.000000000000000000, 0.000000000000000000, 0.000000000000000000 ) ) ;
#1802 = LINE ( 'NONE', #151, #3217 ) ;
#1803 = UNCERTAINTY_MEASURE_WITH_UNIT (LENGTH_MEASURE( 1.000000000000000082E-05 ), #487, 'distance_accuracy_value', 'NONE');
#1804 = CARTESIAN_POINT ( 'NONE',  ( 0.9899999999999999911, -0.8900000000000001243, 0.2800000000000000266 ) ) ;
#1805 = VECTOR ( 'NONE', #573, 1000.000000000000000 ) ;
#1806 = SURFACE_STYLE_FILL_AREA ( #2988 ) ;
#1807 = CARTESIAN_POINT ( 'NONE',  ( -0.05979208246766209295, 0.6415217669773409792, 0.000000000000000000 ) ) ;
#1808 = VERTEX_POINT ( 'NONE', #4185 ) ;
#1809 = VECTOR ( 'NONE', #525, 1000.000000000000114 ) ;
#1810 = CARTESIAN_POINT ( 'NONE',  ( 0.9899999999999999911, 0.8999999999999999112, 0.000000000000000000 ) ) ;
#1811 = CARTESIAN_POINT ( 'NONE',  ( -0.05589852391948014337, 0.7194744370225049090, 0.000000000000000000 ) ) ;
#1812 = VECTOR ( 'NONE', #4245, 1000.000000000000000 ) ;
#1813 =( LENGTH_UNIT ( ) NAMED_UNIT ( * ) SI_UNIT ( .MILLI., .METRE. ) );
#1814 = ADVANCED_FACE ( 'NONE', ( #2014 ), #4144, .F. ) ;
#1815 = CARTESIAN_POINT ( 'NONE',  ( -0.09990172852651166280, 0.6519801623267542645, 0.01000000000000000021 ) ) ;
#1816 = AXIS2_PLACEMENT_3D ( 'NONE', #1452, #468, #5462 ) ;
#1817 = CARTESIAN_POINT ( 'NONE',  ( -0.005784194651187445427, 0.7304500467786024798, 0.01000000000000000021 ) ) ;
#1818 =( NAMED_UNIT ( * ) PLANE_ANGLE_UNIT ( ) SI_UNIT ( $, .RADIAN. ) );
#1819 = VECTOR ( 'NONE', #3722, 1000.000000000000000 ) ;
#1820 = ORIENTED_EDGE ( 'NONE', *, *, #416, .F. ) ;
#1821 = CARTESIAN_POINT ( 'NONE',  ( 0.6299999999999998934, -0.8999999999999999112, 0.2800000000000000266 ) ) ;
#1822 = ADVANCED_FACE ( 'NONE', ( #915 ), #6796, .F. ) ;
#1823 = DIRECTION ( 'NONE',  ( 0.000000000000000000, -0.000000000000000000, 1.000000000000000000 ) ) ;
#1824 = VECTOR ( 'NONE', #3752, 1000.000000000000000 ) ;
#1825 =( NAMED_UNIT ( * ) SI_UNIT ( $, .STERADIAN. ) SOLID_ANGLE_UNIT ( ) );
#1826 = CYLINDRICAL_SURFACE ( 'NONE', #4069, 0.01000000000000004705 ) ;
#1827 = FILL_AREA_STYLE ('',( #2936 ) ) ;
#1828 = SURFACE_STYLE_FILL_AREA ( #4592 ) ;
#1829 = COLOUR_RGB ( '',0.8313725490196077761, 0.8313725490196077761, 0.8196078431372548767 ) ;
#1830 = VERTEX_POINT ( 'NONE', #7192 ) ;
#1831 = DIRECTION ( 'NONE',  ( 0.000000000000000000, -1.000000000000000000, 0.000000000000000000 ) ) ;
#1832 = CARTESIAN_POINT ( 'NONE',  ( -0.6300000000000001155, 0.8549999999999999822, 0.2900000000000000355 ) ) ;
#1833 =( NAMED_UNIT ( * ) SI_UNIT ( $, .STERADIAN. ) SOLID_ANGLE_UNIT ( ) );
#1834 = MECHANICAL_DESIGN_GEOMETRIC_PRESENTATION_REPRESENTATION (  '', ( #2680 ), #2086 ) ;
#1835 = DIRECTION ( 'NONE',  ( 0.000000000000000000, -1.000000000000000000, 0.000000000000000000 ) ) ;
#1836 =( NAMED_UNIT ( * ) PLANE_ANGLE_UNIT ( ) SI_UNIT ( $, .RADIAN. ) );
#1837 = PLANE ( 'NONE',  #6798 ) ;
#1838 = SURFACE_STYLE_USAGE ( .BOTH. , #2288 ) ;
#1839 = ADVANCED_FACE ( 'NONE', ( #3257 ), #4922, .F. ) ;
#1840 = DIRECTION ( 'NONE',  ( -0.000000000000000000, -0.000000000000000000, 1.000000000000000000 ) ) ;
#1841 = EDGE_CURVE ( 'NONE', #3923, #4926, #5474, .T. ) ;
#1842 = FILL_AREA_STYLE ('',( #790 ) ) ;
#1843 = AXIS2_PLACEMENT_3D ( 'NONE', #6002, #1418, #2151 ) ;
#1844 = PRESENTATION_LAYER_ASSIGNMENT (  '', '', ( #4086 ) ) ;
#1845 = CARTESIAN_POINT ( 'NONE',  ( -0.1580136153828947954, 0.7112427297054316755, 0.000000000000000000 ) ) ;
#1846 = VERTEX_POINT ( 'NONE', #2123 ) ;
#1847 = CARTESIAN_POINT ( 'NONE',  ( 0.6300000000000001155, -0.8549999999999999822, 0.2900000000000000355 ) ) ;
#1848 = CARTESIAN_POINT ( 'NONE',  ( 0.000000000000000000, 0.6755719979981146261, 0.01000000000000000021 ) ) ;
#1849 = FACE_OUTER_BOUND ( 'NONE', #2916, .T. ) ;
#1850 = VECTOR ( 'NONE', #1766, 1000.000000000000000 ) ;
#1851 = CARTESIAN_POINT ( 'NONE',  ( 1.000000000000000000, 0.8549999999999999822, 0.2800000000000000266 ) ) ;
#1852 = SURFACE_STYLE_USAGE ( .BOTH. , #4647 ) ;
#1853 = LINE ( 'NONE', #4107, #5737 ) ;
#1854 = MECHANICAL_DESIGN_GEOMETRIC_PRESENTATION_REPRESENTATION (  '', ( #1388 ), #928 ) ;
#1855 = PRESENTATION_LAYER_ASSIGNMENT (  '', '', ( #2450 ) ) ;
#1856 = SURFACE_STYLE_FILL_AREA ( #4177 ) ;
#1857 = VERTEX_POINT ( 'NONE', #6073 ) ;
#1858 = DIRECTION ( 'NONE',  ( -1.527045313359865723E-16, -1.000000000000000000, -0.000000000000000000 ) ) ;
#1860 = MECHANICAL_DESIGN_GEOMETRIC_PRESENTATION_REPRESENTATION (  '', ( #7296 ), #1061 ) ;
#1859 = CARTESIAN_POINT ( 'NONE',  ( -0.08686039295663226800, 0.6546720090557291982, 0.01000000000000000021 ) ) ;
#1861 = MECHANICAL_DESIGN_GEOMETRIC_PRESENTATION_REPRESENTATION (  '', ( #4100 ), #2456 ) ;
#1862 = CARTESIAN_POINT ( 'NONE',  ( -1.000000000000000000, -0.8549999999999999822, -0.01000000000000000021 ) ) ;
#1863 = VERTEX_POINT ( 'NONE', #5507 ) ;
#1864 = CARTESIAN_POINT ( 'NONE',  ( 0.1393377565683247554, 0.6785636138517732174, 0.01000000000000000021 ) ) ;
#1865 = EDGE_CURVE ( 'NONE', #5721, #6382, #1611, .T. ) ;
#1866 = EDGE_LOOP ( 'NONE', ( #2392, #5697, #7172, #1762 ) ) ;
#1867 = CARTESIAN_POINT ( 'NONE',  ( 0.09111555720496555821, 0.6292463349645197601, 0.01000000000000000021 ) ) ;
#1868 = UNCERTAINTY_MEASURE_WITH_UNIT (LENGTH_MEASURE( 1.000000000000000082E-05 ), #3224, 'distance_accuracy_value', 'NONE');
#1869 = CARTESIAN_POINT ( 'NONE',  ( 0.1358288021499605425, 0.7001469847707887384, 0.000000000000000000 ) ) ;
#1870 =( NAMED_UNIT ( * ) SI_UNIT ( $, .STERADIAN. ) SOLID_ANGLE_UNIT ( ) );
#1871 = CARTESIAN_POINT ( 'NONE',  ( -0.09423325919900273073, 0.6725385642075391024, 0.000000000000000000 ) ) ;
#1872 = ORIENTED_EDGE ( 'NONE', *, *, #2156, .T. ) ;
#1873 = ADVANCED_FACE ( 'NONE', ( #3295 ), #4951, .F. ) ;
#1874 = B_SPLINE_CURVE_WITH_KNOTS ( 'NONE', 3,
 ( #4433, #3883, #1094, #23, #3331, #5501, #7291, #2229, #4949, #3917, #2261, #4504, #435, #760, #3550, #5142, #4543, #5095, #694 ),
 .UNSPECIFIED., .F., .F.,
 ( 4, 1, 1, 1, 1, 1, 1, 1, 1, 1, 1, 1, 1, 1, 1, 1, 4 ),
 ( 0.000000000000000000, 0.06783324845577358431, 0.1326555365079040150, 0.1950508840508278219, 0.2555829330687769407, 0.3147998341472895145, 0.3736004728263743746, 0.4325455953267435261, 0.4924306292835656240, 0.5526712559629697319, 0.6125130441881163623, 0.6726102503570059454, 0.7338383693139463038, 0.7965942385677734494, 0.8614497992905729706, 0.9291989423509054991, 1.000000000000000000 ),
 .UNSPECIFIED. ) ;
#1875 = DIRECTION ( 'NONE',  ( 1.000000000000000000, 0.000000000000000000, 0.000000000000000000 ) ) ;
#1876 = CARTESIAN_POINT ( 'NONE',  ( 1.000000000000000000, 0.1450000000000000455, 0.000000000000000000 ) ) ;
#1877 = ORIENTED_EDGE ( 'NONE', *, *, #1309, .T. ) ;
#1878 = DIRECTION ( 'NONE',  ( -0.000000000000000000, 0.000000000000000000, -1.000000000000000000 ) ) ;
#1879 = LINE ( 'NONE', #3581, #890 ) ;
#1880 = ORIENTED_EDGE ( 'NONE', *, *, #5354, .F. ) ;
#1881 = LINE ( 'NONE', #7137, #5090 ) ;
#1882 = CARTESIAN_POINT ( 'NONE',  ( 1.000000000000000000, -0.8549999999999999822, 0.2800000000000000266 ) ) ;
#1883 = CARTESIAN_POINT ( 'NONE',  ( -0.6300000000000001155, 0.8549999999999999822, 0.2800000000000000266 ) ) ;
#1884 = SURFACE_STYLE_USAGE ( .BOTH. , #5726 ) ;
#1885 = CARTESIAN_POINT ( 'NONE',  ( 0.1116666756782612319, 0.6325389773552885231, 0.000000000000000000 ) ) ;
#1886 = CARTESIAN_POINT ( 'NONE',  ( 0.1034715882704956846, 0.7179790296567813979, 0.000000000000000000 ) ) ;
#1887 = FACE_OUTER_BOUND ( 'NONE', #4306, .T. ) ;
#1888 = CARTESIAN_POINT ( 'NONE',  ( 0.1086822212896005335, 0.7281191895601730746, 0.000000000000000000 ) ) ;
#1889 = CARTESIAN_POINT ( 'NONE',  ( -0.07652769294502995145, 0.7272166953340543083, 0.009999999999999991535 ) ) ;
#1890 = ORIENTED_EDGE ( 'NONE', *, *, #5321, .F. ) ;
#1891 = CIRCLE ( 'NONE', #4840, 0.2000000000000000944 ) ;
#1892 = FILL_AREA_STYLE ('',( #4585 ) ) ;
#1893 = FILL_AREA_STYLE_COLOUR ( '', #6569 ) ;
#1894 = ORIENTED_EDGE ( 'NONE', *, *, #287, .T. ) ;
#1895 = COLOUR_RGB ( '',0.8313725490196077761, 0.8313725490196077761, 0.8196078431372548767 ) ;
#1896 = CARTESIAN_POINT ( 'NONE',  ( -0.08543550513037855010, 0.7230615237070141532, 0.000000000000000000 ) ) ;
#1897 = CYLINDRICAL_SURFACE ( 'NONE', #854, 0.01000000000000002623 ) ;
#1898 = VERTEX_POINT ( 'NONE', #5691 ) ;
#1899 = LINE ( 'NONE', #6406, #4903 ) ;
#1900 = CARTESIAN_POINT ( 'NONE',  ( 0.06494751266588572047, 0.6356329736078707437, 0.000000000000000000 ) ) ;
#1901 = CARTESIAN_POINT ( 'NONE',  ( 0.1385314564242369206, 0.6898844959573252611, 0.000000000000000000 ) ) ;
#1902 = EDGE_CURVE ( 'NONE', #3901, #6957, #2303, .T. ) ;
#1903 = AXIS2_PLACEMENT_3D ( 'NONE', #2698, #7228, #5040 ) ;
#1904 = CARTESIAN_POINT ( 'NONE',  ( -1.000000000000000000, 0.1450000000000000455, -0.01000000000000000021 ) ) ;
#1905 = SURFACE_SIDE_STYLE ('',( #2023 ) ) ;
#1906 = DIRECTION ( 'NONE',  ( 0.5429135218305211064, -0.8397886090044210938, 0.000000000000000000 ) ) ;
#1907 = STYLED_ITEM ( 'NONE', ( #3762 ), #5287 ) ;
#1908 =( GEOMETRIC_REPRESENTATION_CONTEXT ( 3 ) GLOBAL_UNCERTAINTY_ASSIGNED_CONTEXT ( ( #2710 ) ) GLOBAL_UNIT_ASSIGNED_CONTEXT ( ( #6624, #3954, #6773 ) ) REPRESENTATION_CONTEXT ( 'NONE', 'WORKASPACE' ) );
#1909 = SURFACE_STYLE_FILL_AREA ( #5934 ) ;
#1910 = FACE_OUTER_BOUND ( 'NONE', #1318, .T. ) ;
#1911 =( NAMED_UNIT ( * ) PLANE_ANGLE_UNIT ( ) SI_UNIT ( $, .RADIAN. ) );
#1912 = ADVANCED_FACE ( 'NONE', ( #5102 ), #129, .T. ) ;
#1913 = VERTEX_POINT ( 'NONE', #6779 ) ;
#1914 =( GEOMETRIC_REPRESENTATION_CONTEXT ( 3 ) GLOBAL_UNCERTAINTY_ASSIGNED_CONTEXT ( ( #3053 ) ) GLOBAL_UNIT_ASSIGNED_CONTEXT ( ( #1374, #5870, #5271 ) ) REPRESENTATION_CONTEXT ( 'NONE', 'WORKASPACE' ) );
#1915 = CARTESIAN_POINT ( 'NONE',  ( 0.06771311680226138607, 0.6450508645864222457, 0.01000000000000000021 ) ) ;
#1916 = FILL_AREA_STYLE_COLOUR ( '', #5351 ) ;
#1917 = ORIENTED_EDGE ( 'NONE', *, *, #1090, .F. ) ;
#1918 =( GEOMETRIC_REPRESENTATION_CONTEXT ( 3 ) GLOBAL_UNCERTAINTY_ASSIGNED_CONTEXT ( ( #2910 ) ) GLOBAL_UNIT_ASSIGNED_CONTEXT ( ( #517, #3751, #5967 ) ) REPRESENTATION_CONTEXT ( 'NONE', 'WORKASPACE' ) );
#1919 = VECTOR ( 'NONE', #966, 1000.000000000000000 ) ;
#1920 = SURFACE_STYLE_USAGE ( .BOTH. , #2000 ) ;
#1921 =( NAMED_UNIT ( * ) PLANE_ANGLE_UNIT ( ) SI_UNIT ( $, .RADIAN. ) );
#1922 = EDGE_CURVE ( 'NONE', #3901, #6044, #1716, .T. ) ;
#1923 = VECTOR ( 'NONE', #173, 1000.000000000000000 ) ;
#1924 = SURFACE_STYLE_USAGE ( .BOTH. , #3732 ) ;
#1925 = EDGE_LOOP ( 'NONE', ( #6441, #6848, #6972, #169, #4442, #2366 ) ) ;
#1926 = FACE_OUTER_BOUND ( 'NONE', #460, .T. ) ;
#1927 = PRESENTATION_LAYER_ASSIGNMENT (  '', '', ( #5110 ) ) ;
#1928 = PRESENTATION_STYLE_ASSIGNMENT (( #5954 ) ) ;
#1929 = ORIENTED_EDGE ( 'NONE', *, *, #6983, .T. ) ;
#1930 =( LENGTH_UNIT ( ) NAMED_UNIT ( * ) SI_UNIT ( .MILLI., .METRE. ) );
#1931 =( GEOMETRIC_REPRESENTATION_CONTEXT ( 3 ) GLOBAL_UNCERTAINTY_ASSIGNED_CONTEXT ( ( #6836 ) ) GLOBAL_UNIT_ASSIGNED_CONTEXT ( ( #7280, #6275, #612 ) ) REPRESENTATION_CONTEXT ( 'NONE', 'WORKASPACE' ) );
#1932 = ADVANCED_FACE ( 'NONE', ( #4617 ), #891, .F. ) ;
#1933 = CARTESIAN_POINT ( 'NONE',  ( -0.05979208246766209295, 0.6415217669773409792, 0.01000000000000000021 ) ) ;
#1934 = FILL_AREA_STYLE ('',( #6440 ) ) ;
#1935 = VERTEX_POINT ( 'NONE', #4649 ) ;
#1936 =( GEOMETRIC_REPRESENTATION_CONTEXT ( 3 ) GLOBAL_UNCERTAINTY_ASSIGNED_CONTEXT ( ( #7129 ) ) GLOBAL_UNIT_ASSIGNED_CONTEXT ( ( #580, #2851, #2254 ) ) REPRESENTATION_CONTEXT ( 'NONE', 'WORKASPACE' ) );
#1937 = VECTOR ( 'NONE', #3981, 1000.000000000000000 ) ;
#1938 = CARTESIAN_POINT ( 'NONE',  ( -0.09685553433846312565, 0.7138429425699513997, 0.000000000000000000 ) ) ;
#1939 = CARTESIAN_POINT ( 'NONE',  ( -0.2363672607811218573, 0.000000000000000000, 0.000000000000000000 ) ) ;
#1940 = VERTEX_POINT ( 'NONE', #3102 ) ;
#1941 =( NAMED_UNIT ( * ) PLANE_ANGLE_UNIT ( ) SI_UNIT ( $, .RADIAN. ) );
#1942 = CARTESIAN_POINT ( 'NONE',  ( 0.09759342218997681118, 0.6293449632085266199, 0.000000000000000000 ) ) ;
#1943 = UNCERTAINTY_MEASURE_WITH_UNIT (LENGTH_MEASURE( 1.000000000000000082E-05 ), #5965, 'distance_accuracy_value', 'NONE');
#1944 = CARTESIAN_POINT ( 'NONE',  ( 0.9899999999999999911, -0.8900000000000001243, 0.000000000000000000 ) ) ;
#1945 = CARTESIAN_POINT ( 'NONE',  ( -1.000000000000000000, -0.3000000000000000444, -0.01000000000000000021 ) ) ;
#1946 = FILL_AREA_STYLE ('',( #7084 ) ) ;
#1947 =( GEOMETRIC_REPRESENTATION_CONTEXT ( 3 ) GLOBAL_UNCERTAINTY_ASSIGNED_CONTEXT ( ( #3201 ) ) GLOBAL_UNIT_ASSIGNED_CONTEXT ( ( #2494, #4695, #2457 ) ) REPRESENTATION_CONTEXT ( 'NONE', 'WORKASPACE' ) );
#1948 = CARTESIAN_POINT ( 'NONE',  ( -0.05534593245606547751, 0.6414256565347000727, 0.000000000000000000 ) ) ;
#1949 = EDGE_LOOP ( 'NONE', ( #3960, #5169, #4301, #2692 ) ) ;
#1950 = CARTESIAN_POINT ( 'NONE',  ( 0.6299999999999998934, 0.8999999999999999112, 0.2800000000000000266 ) ) ;
#1951 = ADVANCED_FACE ( 'NONE', ( #1926 ), #3626, .F. ) ;
#1952 =( NAMED_UNIT ( * ) PLANE_ANGLE_UNIT ( ) SI_UNIT ( $, .RADIAN. ) );
#1953 = CARTESIAN_POINT ( 'NONE',  ( -0.09069775563041293509, 0.7014533289195328258, 0.01000000000000000021 ) ) ;
#1954 = CARTESIAN_POINT ( 'NONE',  ( -0.1603326967934936842, 0.7160677354647395632, 0.000000000000000000 ) ) ;
#1955 = UNCERTAINTY_MEASURE_WITH_UNIT (LENGTH_MEASURE( 1.000000000000000082E-05 ), #3393, 'distance_accuracy_value', 'NONE');
#1956 = SURFACE_SIDE_STYLE ('',( #5261 ) ) ;
#1957 = PRESENTATION_LAYER_ASSIGNMENT (  '', '', ( #5599 ) ) ;
#1958 = CARTESIAN_POINT ( 'NONE',  ( -0.1810319080658215896, 0.6584988272664072939, 0.000000000000000000 ) ) ;
#1959 = CARTESIAN_POINT ( 'NONE',  ( -0.1062250192899110990, 0.6655936660479062628, 0.01000000000000000021 ) ) ;
#1960 = ORIENTED_EDGE ( 'NONE', *, *, #3373, .F. ) ;
#1961 = CARTESIAN_POINT ( 'NONE',  ( 0.06586674567876936448, 0.6460908279461644588, 0.01000000000000000021 ) ) ;
#1962 = CARTESIAN_POINT ( 'NONE',  ( 0.1418239742663621461, -0.2642610428101545561, 0.000000000000000000 ) ) ;
#1963 = ORIENTED_EDGE ( 'NONE', *, *, #2965, .T. ) ;
#1964 = CIRCLE ( 'NONE', #2685, 0.01000000000000004705 ) ;
#1965 = EDGE_CURVE ( 'NONE', #2321, #6592, #7211, .T. ) ;
#1966 = CARTESIAN_POINT ( 'NONE',  ( -0.09069775563041293509, 0.7014533289195328258, 0.01000000000000000021 ) ) ;
#1967 = DIRECTION ( 'NONE',  ( 1.000000000000000000, 0.000000000000000000, -0.000000000000000000 ) ) ;
#1968 = DIRECTION ( 'NONE',  ( 1.000000000000000000, 0.000000000000000000, 0.000000000000000000 ) ) ;
#1969 = LINE ( 'NONE', #2371, #5817 ) ;
#1970 = SURFACE_SIDE_STYLE ('',( #2642 ) ) ;
#1971 = ORIENTED_EDGE ( 'NONE', *, *, #6923, .T. ) ;
#1972 = FILL_AREA_STYLE_COLOUR ( '', #71 ) ;
#1973 = ADVANCED_FACE ( 'NONE', ( #4947 ), #432, .F. ) ;
#1974 = VECTOR ( 'NONE', #5991, 1000.000000000000000 ) ;
#1975 = AXIS2_PLACEMENT_3D ( 'NONE', #4019, #3982, #3405 ) ;
#1976 = ORIENTED_EDGE ( 'NONE', *, *, #684, .T. ) ;
#1977 = ORIENTED_EDGE ( 'NONE', *, *, #6510, .F. ) ;
#1978 = VECTOR ( 'NONE', #3894, 1000.000000000000000 ) ;
#1979 = COLOUR_RGB ( '',0.8313725490196077761, 0.8313725490196077761, 0.8196078431372548767 ) ;
#1980 = AXIS2_PLACEMENT_3D ( 'NONE', #2809, #5709, #6752 ) ;
#1981 = FILL_AREA_STYLE ('',( #319 ) ) ;
#1982 = CARTESIAN_POINT ( 'NONE',  ( 0.08836595778783694344, 0.7206939492176268613, 0.01000000000000000021 ) ) ;
#1983 = PRODUCT_RELATED_PRODUCT_CATEGORY ( 'part', '', ( #2955 ) ) ;
#1984 = ADVANCED_FACE ( 'NONE', ( #3179 ), #4874, .F. ) ;
#1985 = VERTEX_POINT ( 'NONE', #3940 ) ;
#1986 = VECTOR ( 'NONE', #3100, 1000.000000000000000 ) ;
#1987 = COLOUR_RGB ( '',0.8313725490196077761, 0.8313725490196077761, 0.8196078431372548767 ) ;
#1988 = FILL_AREA_STYLE_COLOUR ( '', #5605 ) ;
#1989 = CARTESIAN_POINT ( 'NONE',  ( -1.000000000000000000, 0.2899999999999998690, -3.277111435447217310E-18 ) ) ;
#1990 = CARTESIAN_POINT ( 'NONE',  ( -0.1025044344928779105, 0.6562170200290839972, 0.01000000000000000021 ) ) ;
#1991 = ORIENTED_EDGE ( 'NONE', *, *, #6667, .T. ) ;
#1992 = FILL_AREA_STYLE ('',( #2470 ) ) ;
#1993 = DIRECTION ( 'NONE',  ( 1.527045313359865723E-16, 1.000000000000000000, 0.000000000000000000 ) ) ;
#1994 = FILL_AREA_STYLE ('',( #3680 ) ) ;
#1995 = CARTESIAN_POINT ( 'NONE',  ( -0.06059220818451963725, 0.6305525501090334384, 0.01000000000000000021 ) ) ;
#1996 = VERTEX_POINT ( 'NONE', #6202 ) ;
#1997 = FILL_AREA_STYLE ('',( #4792 ) ) ;
#1998 = LINE ( 'NONE', #1962, #1012 ) ;
#1999 = ORIENTED_EDGE ( 'NONE', *, *, #3356, .F. ) ;
#2000 = SURFACE_SIDE_STYLE ('',( #3095 ) ) ;
#2001 = DIRECTION ( 'NONE',  ( 0.000000000000000000, 1.000000000000000000, 0.000000000000000000 ) ) ;
#2002 = FACE_OUTER_BOUND ( 'NONE', #2803, .T. ) ;
#2003 = CARTESIAN_POINT ( 'NONE',  ( 0.1344512063721191586, 0.6541264347566058124, 0.000000000000000000 ) ) ;
#2004 = EDGE_CURVE ( 'NONE', #6382, #3169, #5640, .T. ) ;
#2005 = LINE ( 'NONE', #6503, #1812 ) ;
#2006 = CARTESIAN_POINT ( 'NONE',  ( -1.000000000000000000, 0.8549999999999999822, 0.2900000000000000355 ) ) ;
#2007 = CARTESIAN_POINT ( 'NONE',  ( -1.000000000000000000, -0.9000000000000003553, 0.2800000000000000266 ) ) ;
#2008 = VERTEX_POINT ( 'NONE', #1399 ) ;
#2009 =( LENGTH_UNIT ( ) NAMED_UNIT ( * ) SI_UNIT ( .MILLI., .METRE. ) );
#2010 = ORIENTED_EDGE ( 'NONE', *, *, #2097, .F. ) ;
#2011 = DIRECTION ( 'NONE',  ( -1.527045313359865723E-16, 1.000000000000000000, 0.000000000000000000 ) ) ;
#2012 = EDGE_CURVE ( 'NONE', #6975, #1898, #2433, .T. ) ;
#2013 = MECHANICAL_DESIGN_GEOMETRIC_PRESENTATION_REPRESENTATION (  '', ( #4637 ), #6139 ) ;
#2014 = FACE_OUTER_BOUND ( 'NONE', #4240, .T. ) ;
#2015 = SURFACE_STYLE_FILL_AREA ( #4732 ) ;
#2016 = ORIENTED_EDGE ( 'NONE', *, *, #4750, .F. ) ;
#2017 = CARTESIAN_POINT ( 'NONE',  ( 0.06494751266588572047, 0.7277061443395781426, 0.000000000000000000 ) ) ;
#2018 = CARTESIAN_POINT ( 'NONE',  ( 0.1233206105194386143, 0.6395575327027276380, 0.01000000000000000194 ) ) ;
#2019 = DIRECTION ( 'NONE',  ( 0.000000000000000000, -1.000000000000000000, 0.000000000000000000 ) ) ;
#2020 = LINE ( 'NONE', #1322, #164 ) ;
#2021 = AXIS2_PLACEMENT_3D ( 'NONE', #3335, #3296, #2759 ) ;
#2022 = PRESENTATION_LAYER_ASSIGNMENT (  '', '', ( #1089 ) ) ;
#2023 = SURFACE_STYLE_FILL_AREA ( #1946 ) ;
#2024 = COLOUR_RGB ( '',0.8313725490196077761, 0.8313725490196077761, 0.8196078431372548767 ) ;
#2025 = CARTESIAN_POINT ( 'NONE',  ( -0.07130915001133739106, 0.6323118898154788114, 0.01000000000000000021 ) ) ;
#2026 = ORIENTED_EDGE ( 'NONE', *, *, #6435, .T. ) ;
#2027 = LINE ( 'NONE', #371, #2428 ) ;
#2028 = LINE ( 'NONE', #1515, #2644 ) ;
#2029 = UNCERTAINTY_MEASURE_WITH_UNIT (LENGTH_MEASURE( 1.000000000000000082E-05 ), #3887, 'distance_accuracy_value', 'NONE');
#2030 = VECTOR ( 'NONE', #450, 1000.000000000000000 ) ;
#2031 = CARTESIAN_POINT ( 'NONE',  ( -1.000000000000000000, 0.1450000000000000455, 0.2900000000000000355 ) ) ;
#2032 = CARTESIAN_POINT ( 'NONE',  ( 0.04543531754393450445, 0.000000000000000000, 0.01000000000000000021 ) ) ;
#2033 = ORIENTED_EDGE ( 'NONE', *, *, #3947, .F. ) ;
#2034 = CARTESIAN_POINT ( 'NONE',  ( 0.07064457264774995360, 0.6437745557477646541, 0.000000000000000000 ) ) ;
#2035 = DIRECTION ( 'NONE',  ( -0.000000000000000000, -0.000000000000000000, 1.000000000000000000 ) ) ;
#2036 = VERTEX_POINT ( 'NONE', #6897 ) ;
#2037 = PRESENTATION_LAYER_ASSIGNMENT (  '', '', ( #4729 ) ) ;
#2038 = AXIS2_PLACEMENT_3D ( 'NONE', #5022, #6735, #2150 ) ;
#2039 = VERTEX_POINT ( 'NONE', #3015 ) ;
#2040 = SURFACE_SIDE_STYLE ('',( #4170 ) ) ;
#2041 = CARTESIAN_POINT ( 'NONE',  ( -0.07166892786194151155, 0.7171565210115542488, 0.01000000000000000021 ) ) ;
#2042 = FILL_AREA_STYLE_COLOUR ( '', #5080 ) ;
#2043 = FILL_AREA_STYLE ('',( #1558 ) ) ;
#2044 = VECTOR ( 'NONE', #1682, 1000.000000000000000 ) ;
#2045 = SURFACE_SIDE_STYLE ('',( #3137 ) ) ;
#2046 = SURFACE_STYLE_FILL_AREA ( #1455 ) ;
#2047 = AXIS2_PLACEMENT_3D ( 'NONE', #1625, #6685, #3240 ) ;
#2048 = ORIENTED_EDGE ( 'NONE', *, *, #2821, .F. ) ;
#2049 = FILL_AREA_STYLE ('',( #983 ) ) ;
#2050 = MECHANICAL_DESIGN_GEOMETRIC_PRESENTATION_REPRESENTATION (  '', ( #5208 ), #2875 ) ;
#2051 = ADVANCED_FACE ( 'NONE', ( #6345 ), #1434, .F. ) ;
#2052 = ORIENTED_EDGE ( 'NONE', *, *, #5242, .T. ) ;
#2053 = CARTESIAN_POINT ( 'NONE',  ( -0.1599381580658215951, 0.7182549248273829567, 0.01000000000000000021 ) ) ;
#2054 = COLOUR_RGB ( '',0.8313725490196077761, 0.8313725490196077761, 0.8196078431372548767 ) ;
#2055 = PRESENTATION_STYLE_ASSIGNMENT (( #7146 ) ) ;
#2056 =( GEOMETRIC_REPRESENTATION_CONTEXT ( 3 ) GLOBAL_UNCERTAINTY_ASSIGNED_CONTEXT ( ( #3577 ) ) GLOBAL_UNIT_ASSIGNED_CONTEXT ( ( #4416, #562, #3386 ) ) REPRESENTATION_CONTEXT ( 'NONE', 'WORKASPACE' ) );
#2057 = CARTESIAN_POINT ( 'NONE',  ( -0.05534593245606547751, 0.6414256565347000727, 0.000000000000000000 ) ) ;
#2058 = AXIS2_PLACEMENT_3D ( 'NONE', #5579, #2790, #6255 ) ;
#2059 = CARTESIAN_POINT ( 'NONE',  ( 0.1253749242133177511, 0.6708975982666375293, 0.000000000000000000 ) ) ;
#2060 = EDGE_CURVE ( 'NONE', #2945, #4248, #3540, .T. ) ;
#2061 = ORIENTED_EDGE ( 'NONE', *, *, #3897, .T. ) ;
#2062 = SURFACE_STYLE_FILL_AREA ( #545 ) ;
#2063 = PLANE ( 'NONE',  #4097 ) ;
#2064 = PRESENTATION_LAYER_ASSIGNMENT (  '', '', ( #1585 ) ) ;
#2065 = SURFACE_STYLE_FILL_AREA ( #4958 ) ;
#2066 = DIRECTION ( 'NONE',  ( 0.000000000000000000, -1.000000000000000000, 0.000000000000000000 ) ) ;
#2067 = LINE ( 'NONE', #1510, #1824 ) ;
#2068 = ORIENTED_EDGE ( 'NONE', *, *, #4905, .F. ) ;
#2069 = FILL_AREA_STYLE ('',( #3677 ) ) ;
#2070 = AXIS2_PLACEMENT_3D ( 'NONE', #1445, #4795, #4239 ) ;
#2071 = CARTESIAN_POINT ( 'NONE',  ( -0.09220500866642045157, 0.6980078949247759956, 0.000000000000000000 ) ) ;
#2072 = SURFACE_SIDE_STYLE ('',( #1478 ) ) ;
#2073 = CARTESIAN_POINT ( 'NONE',  ( -0.1397209324560655108, 0.6584988272664072939, 0.000000000000000000 ) ) ;
#2074 = PLANE ( 'NONE',  #4031 ) ;
#2075 =( GEOMETRIC_REPRESENTATION_CONTEXT ( 3 ) GLOBAL_UNCERTAINTY_ASSIGNED_CONTEXT ( ( #640 ) ) GLOBAL_UNIT_ASSIGNED_CONTEXT ( ( #5038, #632, #68 ) ) REPRESENTATION_CONTEXT ( 'NONE', 'WORKASPACE' ) );
#2076 = SURFACE_SIDE_STYLE ('',( #2514 ) ) ;
#2077 = FILL_AREA_STYLE_COLOUR ( '', #294 ) ;
#2078 = EDGE_LOOP ( 'NONE', ( #4878, #6538, #3632, #607 ) ) ;
#2079 = ORIENTED_EDGE ( 'NONE', *, *, #4012, .F. ) ;
#2080 = ADVANCED_FACE ( 'NONE', ( #255 ), #1837, .F. ) ;
#2081 = EDGE_CURVE ( 'NONE', #31, #541, #4309, .T. ) ;
#2082 = AXIS2_PLACEMENT_3D ( 'NONE', #4255, #5960, #813 ) ;
#2083 = FILL_AREA_STYLE ('',( #4352 ) ) ;
#2084 = FACE_OUTER_BOUND ( 'NONE', #2078, .T. ) ;
#2085 = CARTESIAN_POINT ( 'NONE',  ( 1.000000000000000000, 0.1450000000000000455, 0.2900000000000000355 ) ) ;
#2086 =( GEOMETRIC_REPRESENTATION_CONTEXT ( 3 ) GLOBAL_UNCERTAINTY_ASSIGNED_CONTEXT ( ( #1146 ) ) GLOBAL_UNIT_ASSIGNED_CONTEXT ( ( #4324, #5432, #2844 ) ) REPRESENTATION_CONTEXT ( 'NONE', 'WORKASPACE' ) );
#2087 = ORIENTED_EDGE ( 'NONE', *, *, #6795, .F. ) ;
#2088 = CARTESIAN_POINT ( 'NONE',  ( -0.1025023524632447114, 0.7060605847433557569, 0.000000000000000000 ) ) ;
#2089 = ORIENTED_EDGE ( 'NONE', *, *, #2177, .T. ) ;
#2090 = DIRECTION ( 'NONE',  ( 0.000000000000000000, 0.000000000000000000, -1.000000000000000000 ) ) ;
#2091 = SURFACE_SIDE_STYLE ('',( #6032 ) ) ;
#2092 = ORIENTED_EDGE ( 'NONE', *, *, #222, .T. ) ;
#2093 = STYLED_ITEM ( 'NONE', ( #5238 ), #125 ) ;
#2094 = CARTESIAN_POINT ( 'NONE',  ( 0.1296379434821059440, 0.6462292925121156939, 0.01000000000000000194 ) ) ;
#2095 = STYLED_ITEM ( 'NONE', ( #3908 ), #316 ) ;
#2096 = CARTESIAN_POINT ( 'NONE',  ( -0.9899999999999999911, 0.8899999999999996803, 0.2800000000000000266 ) ) ;
#2097 = EDGE_CURVE ( 'NONE', #4138, #2784, #4819, .T. ) ;
#2098 = SURFACE_SIDE_STYLE ('',( #448 ) ) ;
#2099 =( NAMED_UNIT ( * ) PLANE_ANGLE_UNIT ( ) SI_UNIT ( $, .RADIAN. ) );
#2100 = ORIENTED_EDGE ( 'NONE', *, *, #335, .T. ) ;
#2101 = CARTESIAN_POINT ( 'NONE',  ( 1.000000000000000000, 0.8999999999999999112, 0.000000000000000000 ) ) ;
#2102 = VECTOR ( 'NONE', #6304, 1000.000000000000114 ) ;
#2103 = PRESENTATION_LAYER_ASSIGNMENT (  '', '', ( #5265 ) ) ;
#2104 = CARTESIAN_POINT ( 'NONE',  ( -0.07166892786194151155, 0.7171565210115542488, 0.000000000000000000 ) ) ;
#2105 = DIRECTION ( 'NONE',  ( 0.000000000000000000, -1.000000000000000000, 0.000000000000000000 ) ) ;
#2106 = UNCERTAINTY_MEASURE_WITH_UNIT (LENGTH_MEASURE( 1.000000000000000082E-05 ), #1190, 'distance_accuracy_value', 'NONE');
#2107 =( NAMED_UNIT ( * ) PLANE_ANGLE_UNIT ( ) SI_UNIT ( $, .RADIAN. ) );
#2108 = PRESENTATION_LAYER_ASSIGNMENT (  '', '', ( #4452 ) ) ;
#2109 = EDGE_CURVE ( 'NONE', #1084, #7106, #4652, .T. ) ;
#2110 = CARTESIAN_POINT ( 'NONE',  ( 0.1253749242133177511, 0.6708975982666375293, 0.000000000000000000 ) ) ;
#2111 = EDGE_LOOP ( 'NONE', ( #4894, #6793, #2033, #6307, #5869, #5450 ) ) ;
#2112 = ORIENTED_EDGE ( 'NONE', *, *, #2600, .T. ) ;
#2113 = SURFACE_STYLE_FILL_AREA ( #7175 ) ;
#2114 = SURFACE_SIDE_STYLE ('',( #4319 ) ) ;
#2115 = FACE_OUTER_BOUND ( 'NONE', #7057, .T. ) ;
#2116 = PLANE ( 'NONE',  #209 ) ;
#2117 =( NAMED_UNIT ( * ) SI_UNIT ( $, .STERADIAN. ) SOLID_ANGLE_UNIT ( ) );
#2118 = VERTEX_POINT ( 'NONE', #1477 ) ;
#2119 = PRESENTATION_STYLE_ASSIGNMENT (( #2602 ) ) ;
#2120 = ORIENTED_EDGE ( 'NONE', *, *, #3911, .F. ) ;
#2121 = FILL_AREA_STYLE ('',( #395 ) ) ;
#2122 = EDGE_LOOP ( 'NONE', ( #3878, #4, #410, #5248 ) ) ;
#2123 = CARTESIAN_POINT ( 'NONE',  ( 0.6210948705577337137, 0.8810963936061697588, 0.7901745240643729407 ) ) ;
#2124 = ORIENTED_EDGE ( 'NONE', *, *, #3813, .F. ) ;
#2125 = CARTESIAN_POINT ( 'NONE',  ( -1.000000000000000000, 0.8549999999999999822, 0.2900000000000000355 ) ) ;
#2126 = CARTESIAN_POINT ( 'NONE',  ( 0.03202068339759305687, 0.7194744370225049090, 0.000000000000000000 ) ) ;
#2127 = DIRECTION ( 'NONE',  ( -1.000000000000000000, 0.000000000000000000, 0.000000000000000000 ) ) ;
#2128 = SURFACE_SIDE_STYLE ('',( #6718 ) ) ;
#2129 = VERTEX_POINT ( 'NONE', #3198 ) ;
#2130 = DIRECTION ( 'NONE',  ( -0.000000000000000000, -0.000000000000000000, 1.000000000000000000 ) ) ;
#2131 = EDGE_CURVE ( 'NONE', #1846, #6030, #3831, .T. ) ;
#2132 = FILL_AREA_STYLE_COLOUR ( '', #1234 ) ;
#2133 = LINE ( 'NONE', #1011, #5264 ) ;
#2134 = LINE ( 'NONE', #1082, #3937 ) ;
#2135 = ORIENTED_EDGE ( 'NONE', *, *, #5630, .F. ) ;
#2136 = ORIENTED_EDGE ( 'NONE', *, *, #335, .F. ) ;
#2137 = STYLED_ITEM ( 'NONE', ( #6352 ), #5134 ) ;
#2138 = STYLED_ITEM ( 'NONE', ( #2268 ), #6874 ) ;
#2139 = DIRECTION ( 'NONE',  ( 0.000000000000000000, 1.000000000000000000, 0.000000000000000000 ) ) ;
#2140 = EDGE_CURVE ( 'NONE', #2601, #3676, #6825, .T. ) ;
#2141 =( NAMED_UNIT ( * ) SI_UNIT ( $, .STERADIAN. ) SOLID_ANGLE_UNIT ( ) );
#2142 = COLOUR_RGB ( '',0.8313725490196077761, 0.8313725490196077761, 0.8196078431372548767 ) ;
#2143 = STYLED_ITEM ( 'NONE', ( #1791 ), #7118 ) ;
#2144 =( LENGTH_UNIT ( ) NAMED_UNIT ( * ) SI_UNIT ( .MILLI., .METRE. ) );
#2145 = ORIENTED_EDGE ( 'NONE', *, *, #3302, .F. ) ;
#2146 = MECHANICAL_DESIGN_GEOMETRIC_PRESENTATION_REPRESENTATION (  '', ( #1907 ), #6040 ) ;
#2147 =( NAMED_UNIT ( * ) PLANE_ANGLE_UNIT ( ) SI_UNIT ( $, .RADIAN. ) );
#2148 = ORIENTED_EDGE ( 'NONE', *, *, #2559, .F. ) ;
#2149 = AXIS2_PLACEMENT_3D ( 'NONE', #1811, #91, #3483 ) ;
#2150 = DIRECTION ( 'NONE',  ( 1.000000000000000000, 0.000000000000000000, 0.000000000000000000 ) ) ;
#2151 = DIRECTION ( 'NONE',  ( -1.000000000000000000, 0.000000000000000000, -0.000000000000000000 ) ) ;
#2152 = STYLED_ITEM ( 'NONE', ( #490 ), #3583 ) ;
#2153 = CARTESIAN_POINT ( 'NONE',  ( 0.07038429477730935580, 0.7171192478399425196, 0.01000000000000000021 ) ) ;
#2154 = CARTESIAN_POINT ( 'NONE',  ( 0.09442105848099423271, 0.6403042527038106391, 0.000000000000000000 ) ) ;
#2155 = VECTOR ( 'NONE', #4701, 1000.000000000000000 ) ;
#2156 = EDGE_CURVE ( 'NONE', #5570, #4757, #2027, .T. ) ;
#2157 = ORIENTED_EDGE ( 'NONE', *, *, #4012, .T. ) ;
#2158 =( NAMED_UNIT ( * ) SI_UNIT ( $, .STERADIAN. ) SOLID_ANGLE_UNIT ( ) );
#2159 = MECHANICAL_DESIGN_GEOMETRIC_PRESENTATION_REPRESENTATION (  '', ( #522 ), #652 ) ;
#2160 = CARTESIAN_POINT ( 'NONE',  ( -0.1600768276660609890, 0.7174861874302836950, 0.000000000000000000 ) ) ;
#2161 = VERTEX_POINT ( 'NONE', #2701 ) ;
#2162 = COLOUR_RGB ( '',0.8313725490196077761, 0.8313725490196077761, 0.8196078431372548767 ) ;
#2163 = FILL_AREA_STYLE_COLOUR ( '', #3157 ) ;
#2164 = FILL_AREA_STYLE_COLOUR ( '', #6666 ) ;
#2165 = VERTEX_POINT ( 'NONE', #4933 ) ;
#2166 = COLOUR_RGB ( '',0.3411764705882353033, 0.8392156862745098200, 0.4117647058823529216 ) ;
#2167 = AXIS2_PLACEMENT_3D ( 'NONE', #732, #233, #6391 ) ;
#2168 = CARTESIAN_POINT ( 'NONE',  ( -0.09471210965855168806, 0.6859312219435775848, 0.000000000000000000 ) ) ;
#2169 = SURFACE_SIDE_STYLE ('',( #6643 ) ) ;
#2170 = UNCERTAINTY_MEASURE_WITH_UNIT (LENGTH_MEASURE( 1.000000000000000082E-05 ), #6706, 'distance_accuracy_value', 'NONE');
#2171 = FACE_OUTER_BOUND ( 'NONE', #2227, .T. ) ;
#2172 = MECHANICAL_DESIGN_GEOMETRIC_PRESENTATION_REPRESENTATION (  '', ( #5114 ), #533 ) ;
#2173 =( LENGTH_UNIT ( ) NAMED_UNIT ( * ) SI_UNIT ( .MILLI., .METRE. ) );
#2174 = AXIS2_PLACEMENT_3D ( 'NONE', #1667, #6101, #3909 ) ;
#2175 = LINE ( 'NONE', #2245, #5473 ) ;
#2176 = ORIENTED_EDGE ( 'NONE', *, *, #1371, .T. ) ;
#2177 = EDGE_CURVE ( 'NONE', #4635, #2775, #3715, .T. ) ;
#2178 = EDGE_LOOP ( 'NONE', ( #4901, #5241, #6754, #1047 ) ) ;
#2179 = DIRECTION ( 'NONE',  ( -1.000000000000000000, 1.527045313359865723E-16, 0.000000000000000000 ) ) ;
#2180 = CARTESIAN_POINT ( 'NONE',  ( 0.08522120438812040566, 0.7206464028126311483, 0.000000000000000000 ) ) ;
#2181 = UNCERTAINTY_MEASURE_WITH_UNIT (LENGTH_MEASURE( 1.000000000000000082E-05 ), #6501, 'distance_accuracy_value', 'NONE');
#2182 = VECTOR ( 'NONE', #145, 1000.000000000000000 ) ;
#2183 = CARTESIAN_POINT ( 'NONE',  ( -0.1614816031877729097, 0.7112427297054316755, 0.000000000000000000 ) ) ;
#2184 = DIRECTION ( 'NONE',  ( -1.000000000000000000, 0.000000000000000000, 0.000000000000000000 ) ) ;
#2185 = EDGE_CURVE ( 'NONE', #6889, #2423, #3163, .T. ) ;
#2186 = ORIENTED_EDGE ( 'NONE', *, *, #3051, .F. ) ;
#2187 =( GEOMETRIC_REPRESENTATION_CONTEXT ( 3 ) GLOBAL_UNCERTAINTY_ASSIGNED_CONTEXT ( ( #2029 ) ) GLOBAL_UNIT_ASSIGNED_CONTEXT ( ( #3887, #5582, #701 ) ) REPRESENTATION_CONTEXT ( 'NONE', 'WORKASPACE' ) );
#2188 = PRESENTATION_STYLE_ASSIGNMENT (( #4982 ) ) ;
#2189 = ORIENTED_EDGE ( 'NONE', *, *, #1609, .T. ) ;
#2190 =( LENGTH_UNIT ( ) NAMED_UNIT ( * ) SI_UNIT ( .MILLI., .METRE. ) );
#2191 = DIRECTION ( 'NONE',  ( 1.000000000000000000, 0.000000000000000000, 0.000000000000000000 ) ) ;
#2192 = CARTESIAN_POINT ( 'NONE',  ( 0.1258210518939581746, 0.6839354562559700756, 0.01000000000000000021 ) ) ;
#2193 = VECTOR ( 'NONE', #6375, 1000.000000000000000 ) ;
#2194 =( NAMED_UNIT ( * ) PLANE_ANGLE_UNIT ( ) SI_UNIT ( $, .RADIAN. ) );
#2195 = SURFACE_STYLE_FILL_AREA ( #4989 ) ;
#2196 = EDGE_CURVE ( 'NONE', #6145, #2908, #4227, .T. ) ;
#2197 = DIRECTION ( 'NONE',  ( 0.000000000000000000, 0.000000000000000000, 1.000000000000000000 ) ) ;
#2198 = CARTESIAN_POINT ( 'NONE',  ( -0.1301744385536265092, 0.6304500467786023910, 0.000000000000000000 ) ) ;
#2199 = ORIENTED_EDGE ( 'NONE', *, *, #2821, .T. ) ;
#2200 = LINE ( 'NONE', #2760, #4736 ) ;
#2201 = LINE ( 'NONE', #3376, #213 ) ;
#2202 = CARTESIAN_POINT ( 'NONE',  ( -1.000000000000000000, 0.6999999999999999556, -0.2400000000000000466 ) ) ;
#2203 = ORIENTED_EDGE ( 'NONE', *, *, #2131, .T. ) ;
#2204 = CARTESIAN_POINT ( 'NONE',  ( -0.6258588646516014542, -0.9000000000000000222, 0.2800000000000000266 ) ) ;
#2205 = EDGE_CURVE ( 'NONE', #4948, #1658, #3864, .T. ) ;
#2206 = ORIENTED_EDGE ( 'NONE', *, *, #298, .F. ) ;
#2207 = PRESENTATION_STYLE_ASSIGNMENT (( #6084 ) ) ;
#2208 = VECTOR ( 'NONE', #6572, 1000.000000000000000 ) ;
#2209 = LINE ( 'NONE', #6721, #2316 ) ;
#2210 = FACE_OUTER_BOUND ( 'NONE', #6329, .T. ) ;
#2211 = SURFACE_STYLE_FILL_AREA ( #2771 ) ;
#2212 = VECTOR ( 'NONE', #725, 1000.000000000000000 ) ;
#2213 = DIRECTION ( 'NONE',  ( 1.000000000000000000, 0.000000000000000000, -0.000000000000000000 ) ) ;
#2214 = ORIENTED_EDGE ( 'NONE', *, *, #3989, .F. ) ;
#2215 = EDGE_LOOP ( 'NONE', ( #6632, #2206, #810, #5320 ) ) ;
#2216 = FILL_AREA_STYLE_COLOUR ( '', #4963 ) ;
#2217 = PRESENTATION_STYLE_ASSIGNMENT (( #2249 ) ) ;
#2218 = B_SPLINE_CURVE_WITH_KNOTS ( 'NONE', 3,
 ( #2333, #4975, #6727, #49, #5011, #3394, #6692, #6165, #2180, #4573, #6800 ),
 .UNSPECIFIED., .F., .F.,
 ( 4, 1, 1, 1, 1, 1, 1, 1, 4 ),
 ( 0.000000000000000000, 0.1252796967356274715, 0.2494199707420520495, 0.3733567994928199130, 0.4966812787822865172, 0.6202029157439832296, 0.7450863201614565945, 0.8712691950190979417, 0.9999999999999998890 ),
 .UNSPECIFIED. ) ;
#2219 = MECHANICAL_DESIGN_GEOMETRIC_PRESENTATION_REPRESENTATION (  '', ( #212 ), #341 ) ;
#2220 = SURFACE_STYLE_USAGE ( .BOTH. , #3282 ) ;
#2221 = CARTESIAN_POINT ( 'NONE',  ( 0.1856792199829589152, 0.7304500467786024798, 0.000000000000000000 ) ) ;
#2222 = PRESENTATION_LAYER_ASSIGNMENT (  '', '', ( #3727 ) ) ;
#2223 =( NAMED_UNIT ( * ) PLANE_ANGLE_UNIT ( ) SI_UNIT ( $, .RADIAN. ) );
#2224 = ORIENTED_EDGE ( 'NONE', *, *, #3449, .T. ) ;
#2225 = CARTESIAN_POINT ( 'NONE',  ( 0.6110963936061697410, -0.8910948705577337314, 0.7901745240643729407 ) ) ;
#2226 = LINE ( 'NONE', #1239, #7012 ) ;
#2227 = EDGE_LOOP ( 'NONE', ( #1330, #3024, #6475, #3582, #2275, #5899, #4224, #6457, #7174, #2309, #4080, #3059 ) ) ;
#2228 =( NAMED_UNIT ( * ) PLANE_ANGLE_UNIT ( ) SI_UNIT ( $, .RADIAN. ) );
#2229 = CARTESIAN_POINT ( 'NONE',  ( 0.1197285116522810444, 0.6367600781646947095, 0.01000000000000000021 ) ) ;
#2230 = EDGE_CURVE ( 'NONE', #3950, #4460, #5668, .T. ) ;
#2231 = CARTESIAN_POINT ( 'NONE',  ( 0.1155185274727131284, 0.7095565569281855334, 0.000000000000000000 ) ) ;
#2232 = CARTESIAN_POINT ( 'NONE',  ( 0.6299999999999998934, 0.8900015230484357165, 0.2800000000000000266 ) ) ;
#2233 = CARTESIAN_POINT ( 'NONE',  ( 0.06771311680226138607, 0.6450508645864222457, 0.01000000000000000021 ) ) ;
#2234 = ORIENTED_EDGE ( 'NONE', *, *, #2842, .T. ) ;
#2235 = LINE ( 'NONE', #2796, #4150 ) ;
#2236 = EDGE_CURVE ( 'NONE', #2708, #2129, #1692, .T. ) ;
#2237 = ORIENTED_EDGE ( 'NONE', *, *, #6510, .T. ) ;
#2238 = CYLINDRICAL_SURFACE ( 'NONE', #7177, 0.01000000000000002623 ) ;
#2239 = ORIENTED_EDGE ( 'NONE', *, *, #1337, .F. ) ;
#2240 = FACE_OUTER_BOUND ( 'NONE', #6238, .T. ) ;
#2241 = FILL_AREA_STYLE_COLOUR ( '', #6651 ) ;
#2242 = UNCERTAINTY_MEASURE_WITH_UNIT (LENGTH_MEASURE( 1.000000000000000082E-05 ), #5837, 'distance_accuracy_value', 'NONE');
#2243 =( LENGTH_UNIT ( ) NAMED_UNIT ( * ) SI_UNIT ( .MILLI., .METRE. ) );
#2244 = DIRECTION ( 'NONE',  ( -0.000000000000000000, 1.000000000000000000, -0.000000000000000000 ) ) ;
#2245 = CARTESIAN_POINT ( 'NONE',  ( 0.1478743419341784493, 0.6414256565347000727, 0.000000000000000000 ) ) ;
#2246 = VERTEX_POINT ( 'NONE', #5004 ) ;
#2247 = SURFACE_STYLE_USAGE ( .BOTH. , #5423 ) ;
#2248 = EDGE_CURVE ( 'NONE', #7048, #1658, #5634, .T. ) ;
#2249 = SURFACE_STYLE_USAGE ( .BOTH. , #6206 ) ;
#2250 = UNCERTAINTY_MEASURE_WITH_UNIT (LENGTH_MEASURE( 1.000000000000000082E-05 ), #3258, 'distance_accuracy_value', 'NONE');
#2251 = SURFACE_STYLE_FILL_AREA ( #16 ) ;
#2252 = DIRECTION ( 'NONE',  ( -0.000000000000000000, -0.000000000000000000, 1.000000000000000000 ) ) ;
#2253 = PRESENTATION_STYLE_ASSIGNMENT (( #6801 ) ) ;
#2254 =( NAMED_UNIT ( * ) SI_UNIT ( $, .STERADIAN. ) SOLID_ANGLE_UNIT ( ) );
#2255 = STYLED_ITEM ( 'NONE', ( #3209 ), #4929 ) ;
#2256 = EDGE_LOOP ( 'NONE', ( #582, #3927, #1628, #1248 ) ) ;
#2257 = CARTESIAN_POINT ( 'NONE',  ( -1.000000000000000000, 0.2900000000000000910, 0.2799999999999998046 ) ) ;
#2258 = SURFACE_SIDE_STYLE ('',( #2300 ) ) ;
#2259 = ORIENTED_EDGE ( 'NONE', *, *, #2004, .F. ) ;
#2260 = FILL_AREA_STYLE_COLOUR ( '', #3503 ) ;
#2261 = CARTESIAN_POINT ( 'NONE',  ( 0.1296379434821059440, 0.6462292925121156939, 0.01000000000000000021 ) ) ;
#2262 = AXIS2_PLACEMENT_3D ( 'NONE', #7024, #1408, #2992 ) ;
#2263 =( GEOMETRIC_REPRESENTATION_CONTEXT ( 3 ) GLOBAL_UNCERTAINTY_ASSIGNED_CONTEXT ( ( #3942 ) ) GLOBAL_UNIT_ASSIGNED_CONTEXT ( ( #3197, #4373, #4414 ) ) REPRESENTATION_CONTEXT ( 'NONE', 'WORKASPACE' ) );
#2264 = CARTESIAN_POINT ( 'NONE',  ( 0.08972089397428796576, 0.7206648156090290636, 0.01000000000000000021 ) ) ;
#2265 = CARTESIAN_POINT ( 'NONE',  ( 0.04543531754393450445, 0.6304500467786023910, 0.000000000000000000 ) ) ;
#2266 = STYLED_ITEM ( 'NONE', ( #2440 ), #5236 ) ;
#2267 = EDGE_CURVE ( 'NONE', #7205, #6588, #7270, .T. ) ;
#2268 = PRESENTATION_STYLE_ASSIGNMENT (( #5065 ) ) ;
#2269 = LINE ( 'NONE', #3819, #1105 ) ;
#2270 = AXIS2_PLACEMENT_3D ( 'NONE', #3172, #5088, #3429 ) ;
#2271 = PLANE ( 'NONE',  #6873 ) ;
#2272 = ORIENTED_EDGE ( 'NONE', *, *, #772, .T. ) ;
#2273 = CARTESIAN_POINT ( 'NONE',  ( 0.06736637608757958806, 0.7286880143314464764, 0.01000000000000000021 ) ) ;
#2274 = VECTOR ( 'NONE', #4928, 1000.000000000000000 ) ;
#2275 = ORIENTED_EDGE ( 'NONE', *, *, #1074, .F. ) ;
#2276 = FILL_AREA_STYLE ('',( #5180 ) ) ;
#2277 = EDGE_CURVE ( 'NONE', #1540, #4807, #1794, .T. ) ;
#2278 = MECHANICAL_DESIGN_GEOMETRIC_PRESENTATION_REPRESENTATION (  '', ( #3920 ), #2981 ) ;
#2279 = VERTEX_POINT ( 'NONE', #6239 ) ;
#2280 = CARTESIAN_POINT ( 'NONE',  ( -0.9899999999999999911, 0.8999999999999996891, 0.2800000000000000266 ) ) ;
#2281 = PLANE ( 'NONE',  #6869 ) ;
#2282 = SURFACE_SIDE_STYLE ('',( #2810 ) ) ;
#2283 =( GEOMETRIC_REPRESENTATION_CONTEXT ( 3 ) GLOBAL_UNCERTAINTY_ASSIGNED_CONTEXT ( ( #4673 ) ) GLOBAL_UNIT_ASSIGNED_CONTEXT ( ( #1222, #6301, #4700 ) ) REPRESENTATION_CONTEXT ( 'NONE', 'WORKASPACE' ) );
#2284 = CARTESIAN_POINT ( 'NONE',  ( -0.1082232190414313816, 0.6817076687298220250, 0.000000000000000000 ) ) ;
#2285 = B_SPLINE_CURVE_WITH_KNOTS ( 'NONE', 3,
 ( #3380, #1182, #1687, #2315, #3417, #2935, #6189, #6787, #2273, #3928, #2903 ),
 .UNSPECIFIED., .F., .F.,
 ( 4, 1, 1, 1, 1, 1, 1, 1, 4 ),
 ( 0.000000000000000000, 0.1451868664724697278, 0.2834426109197302757, 0.4165243659288293543, 0.5431811235350831879, 0.6651530826377136663, 0.7813602063127165209, 0.8927566556418095045, 1.000000000000000000 ),
 .UNSPECIFIED. ) ;
#2286 = CARTESIAN_POINT ( 'NONE',  ( 0.9899999999999999911, 0.8999999999999999112, 0.2800000000000000266 ) ) ;
#2287 = ORIENTED_EDGE ( 'NONE', *, *, #3703, .T. ) ;
#2288 = SURFACE_SIDE_STYLE ('',( #4534 ) ) ;
#2289 = FILL_AREA_STYLE ('',( #3941 ) ) ;
#2290 =( NAMED_UNIT ( * ) SI_UNIT ( $, .STERADIAN. ) SOLID_ANGLE_UNIT ( ) );
#2291 = PLANE ( 'NONE',  #59 ) ;
#2292 = VECTOR ( 'NONE', #3093, 1000.000000000000000 ) ;
#2293 = CARTESIAN_POINT ( 'NONE',  ( -0.005784194651187445427, -0.000000000000000000, 0.01000000000000000021 ) ) ;
#2294 = MECHANICAL_DESIGN_GEOMETRIC_PRESENTATION_REPRESENTATION (  '', ( #5710 ), #2996 ) ;
#2295 = FACE_OUTER_BOUND ( 'NONE', #5402, .T. ) ;
#2296 = EDGE_CURVE ( 'NONE', #1717, #1569, #2209, .T. ) ;
#2297 = EDGE_CURVE ( 'NONE', #4835, #3965, #637, .T. ) ;
#2298 = ORIENTED_EDGE ( 'NONE', *, *, #38, .F. ) ;
#2299 = CYLINDRICAL_SURFACE ( 'NONE', #384, 0.01000000000000002623 ) ;
#2300 = SURFACE_STYLE_FILL_AREA ( #56 ) ;
#2301 = LINE ( 'NONE', #5725, #6093 ) ;
#2303 = B_SPLINE_CURVE_WITH_KNOTS ( 'NONE', 3,
 ( #2898, #2348, #1134, #4548, #5064, #3489, #4510, #4026, #6847, #1783, #5765 ),
 .UNSPECIFIED., .F., .F.,
 ( 4, 1, 1, 1, 1, 1, 1, 1, 4 ),
 ( 0.000000000000000000, 0.1352946047634291382, 0.2667656579247484894, 0.3948160188358721956, 0.5200516544342458358, 0.6421757029708213826, 0.7626518205584238430, 0.8818340043805024120, 1.000000000000000000 ),
 .UNSPECIFIED. ) ;
#2302 = FILL_AREA_STYLE_COLOUR ( '', #148 ) ;
#2304 = SURFACE_STYLE_USAGE ( .BOTH. , #57 ) ;
#2305 = PRESENTATION_STYLE_ASSIGNMENT (( #2857 ) ) ;
#2306 = PLANE ( 'NONE',  #7007 ) ;
#2307 = PRESENTATION_LAYER_ASSIGNMENT (  '', '', ( #5003 ) ) ;
#2308 =( NAMED_UNIT ( * ) SI_UNIT ( $, .STERADIAN. ) SOLID_ANGLE_UNIT ( ) );
#2309 = ORIENTED_EDGE ( 'NONE', *, *, #4974, .F. ) ;
#2310 =( GEOMETRIC_REPRESENTATION_CONTEXT ( 3 ) GLOBAL_UNCERTAINTY_ASSIGNED_CONTEXT ( ( #2703 ) ) GLOBAL_UNIT_ASSIGNED_CONTEXT ( ( #2831, #1176, #908 ) ) REPRESENTATION_CONTEXT ( 'NONE', 'WORKASPACE' ) );
#2311 = B_SPLINE_SURFACE_WITH_KNOTS ( 'NONE', 3, 1, ( 
 ( #29, #4997 ),
 ( #1212, #6783 ),
 ( #3926, #4478 ),
 ( #5658, #1179 ),
 ( #1104, #1137 ),
 ( #668, #2797 ),
 ( #7262, #101 ) ),
 .UNSPECIFIED., .F., .F., .F.,
 ( 4, 1, 1, 1, 4 ),
 ( 2, 2 ),
 ( 0.000000000000000000, 0.1999663862630239874, 0.4322528535164028574, 0.6994588868414874927, 0.9999999999999998890 ),
 ( 0.000000000000000000, 1.000000000000000000 ),
 .UNSPECIFIED. ) ;
#2312 =( NAMED_UNIT ( * ) PLANE_ANGLE_UNIT ( ) SI_UNIT ( $, .RADIAN. ) );
#2313 = CARTESIAN_POINT ( 'NONE',  ( 0.07079910554908817877, 0.6327842779701327025, 0.000000000000000000 ) ) ;
#2314 = ORIENTED_EDGE ( 'NONE', *, *, #2081, .F. ) ;
#2315 = CARTESIAN_POINT ( 'NONE',  ( 0.08171781021208079920, 0.7314409135971166043, 0.01000000000000000021 ) ) ;
#2316 = VECTOR ( 'NONE', #3999, 1000.000000000000000 ) ;
#2317 = SURFACE_SIDE_STYLE ('',( #2905 ) ) ;
#2318 = ORIENTED_EDGE ( 'NONE', *, *, #6833, .F. ) ;
#2319 = CARTESIAN_POINT ( 'NONE',  ( 1.000000000000000000, 0.8549999999999999822, 0.2900000000000000355 ) ) ;
#2320 = CARTESIAN_POINT ( 'NONE',  ( -1.000000000000000000, -0.2899999999999999800, 0.2800000000000000266 ) ) ;
#2321 = VERTEX_POINT ( 'NONE', #1114 ) ;
#2322 = DIRECTION ( 'NONE',  ( -0.000000000000000000, -0.000000000000000000, -1.000000000000000000 ) ) ;
#2323 = CARTESIAN_POINT ( 'NONE',  ( 0.06494751266588572047, 0.7277061443395781426, 0.000000000000000000 ) ) ;
#2324 = UNCERTAINTY_MEASURE_WITH_UNIT (LENGTH_MEASURE( 1.000000000000000082E-05 ), #2396, 'distance_accuracy_value', 'NONE');
#2325 = PRESENTATION_STYLE_ASSIGNMENT (( #5183 ) ) ;
#2326 = STYLED_ITEM ( 'NONE', ( #818 ), #2408 ) ;
#2327 = ADVANCED_FACE ( 'NONE', ( #1144 ), #5120, .F. ) ;
#2328 = CARTESIAN_POINT ( 'NONE',  ( 0.1179793864502984430, 0.7066602465505311681, 0.01000000000000000021 ) ) ;
#2329 = FILL_AREA_STYLE ('',( #2390 ) ) ;
#2330 = B_SPLINE_CURVE_WITH_KNOTS ( 'NONE', 3,
 ( #366, #4445, #6144, #2313, #4587, #6785, #6187, #30, #597, #3, #1756 ),
 .UNSPECIFIED., .F., .F.,
 ( 4, 1, 1, 1, 1, 1, 1, 1, 4 ),
 ( 0.000000000000000000, 0.1124483899088023486, 0.2265276752126783866, 0.3444019493260284115, 0.4658649724874592279, 0.5916594493521175613, 0.7221684870248873400, 0.8586063875549265756, 1.000000000000000000 ),
 .UNSPECIFIED. ) ;
#2331 = MECHANICAL_DESIGN_GEOMETRIC_PRESENTATION_REPRESENTATION (  '', ( #1269 ), #6098 ) ;
#2332 = CARTESIAN_POINT ( 'NONE',  ( -0.08665144577497665979, 0.7074470534389594167, 0.000000000000000000 ) ) ;
#2333 = CARTESIAN_POINT ( 'NONE',  ( 0.06494751266588572047, 0.7142915101932365562, 0.000000000000000000 ) ) ;
#2334 = UNCERTAINTY_MEASURE_WITH_UNIT (LENGTH_MEASURE( 1.000000000000000082E-05 ), #2767, 'distance_accuracy_value', 'NONE');
#2335 = SURFACE_SIDE_STYLE ('',( #2251 ) ) ;
#2336 = EDGE_CURVE ( 'NONE', #6030, #2901, #5245, .T. ) ;
#2337 = PRESENTATION_LAYER_ASSIGNMENT (  '', '', ( #6576 ) ) ;
#2338 = COLOUR_RGB ( '',0.2980392156862745057, 0.2980392156862745057, 0.2980392156862745057 ) ;
#2339 =( NAMED_UNIT ( * ) SI_UNIT ( $, .STERADIAN. ) SOLID_ANGLE_UNIT ( ) );
#2340 = ORIENTED_EDGE ( 'NONE', *, *, #287, .F. ) ;
#2341 = CIRCLE ( 'NONE', #1512, 0.01000000000000004705 ) ;
#2342 = VECTOR ( 'NONE', #2244, 1000.000000000000000 ) ;
#2343 = MECHANICAL_DESIGN_GEOMETRIC_PRESENTATION_REPRESENTATION (  '', ( #5265 ), #3034 ) ;
#2344 = PLANE ( 'NONE',  #6146 ) ;
#2345 = DIRECTION ( 'NONE',  ( 1.000000000000000000, 0.000000000000000000, -0.000000000000000000 ) ) ;
#2346 =( LENGTH_UNIT ( ) NAMED_UNIT ( * ) SI_UNIT ( .MILLI., .METRE. ) );
#2347 = LINE ( 'NONE', #5798, #2800 ) ;
#2348 = CARTESIAN_POINT ( 'NONE',  ( 0.08940689134101739710, 0.6402219983943201465, 0.000000000000000000 ) ) ;
#2349 = ORIENTED_EDGE ( 'NONE', *, *, #5430, .F. ) ;
#2350 = SURFACE_STYLE_FILL_AREA ( #3958 ) ;
#2351 = FILL_AREA_STYLE_COLOUR ( '', #6524 ) ;
#2352 = VERTEX_POINT ( 'NONE', #6827 ) ;
#2353 = DIRECTION ( 'NONE',  ( 0.9998476951563911586, 0.000000000000000000, 0.01745240643728722049 ) ) ;
#2354 = ORIENTED_EDGE ( 'NONE', *, *, #3910, .T. ) ;
#2355 = CARTESIAN_POINT ( 'NONE',  ( -0.1584914713394606489, 0.7126837609818843511, 0.01000000000000000021 ) ) ;
#2356 = FACE_BOUND ( 'NONE', #544, .T. ) ;
#2357 = ORIENTED_EDGE ( 'NONE', *, *, #2862, .F. ) ;
#2358 = DIRECTION ( 'NONE',  ( -0.000000000000000000, -0.000000000000000000, 1.000000000000000000 ) ) ;
#2359 = CARTESIAN_POINT ( 'NONE',  ( -1.000000000000000000, -0.2899999999999999800, 0.2800000000000001377 ) ) ;
#2360 = CARTESIAN_POINT ( 'NONE',  ( 0.1067818313171757794, 0.7163936266222621363, 0.01000000000000000021 ) ) ;
#2361 = CARTESIAN_POINT ( 'NONE',  ( 0.06574352501695111817, 0.7280292633026653748, 0.01000000000000000021 ) ) ;
#2362 = EDGE_CURVE ( 'NONE', #1493, #98, #4524, .T. ) ;
#2363 = CARTESIAN_POINT ( 'NONE',  ( -0.05595568855362649530, 0.7304500467786024798, 0.01000000000000000021 ) ) ;
#2364 =( NAMED_UNIT ( * ) PLANE_ANGLE_UNIT ( ) SI_UNIT ( $, .RADIAN. ) );
#2365 =( NAMED_UNIT ( * ) PLANE_ANGLE_UNIT ( ) SI_UNIT ( $, .RADIAN. ) );
#2366 = ORIENTED_EDGE ( 'NONE', *, *, #3910, .F. ) ;
#2367 = ADVANCED_FACE ( 'NONE', ( #2909, #1221, #3459, #5708, #5773, #5217, #4735 ), #5744, .F. ) ;
#2368 = SURFACE_STYLE_FILL_AREA ( #3437 ) ;
#2369 = LINE ( 'NONE', #1304, #6810 ) ;
#2370 = CARTESIAN_POINT ( 'NONE',  ( 0.03202068339759305687, 0.6414256565347000727, 0.000000000000000000 ) ) ;
#2371 = CARTESIAN_POINT ( 'NONE',  ( -1.000000000000000000, -0.9000000000000003553, 0.000000000000000000 ) ) ;
#2372 = COLOUR_RGB ( '',0.8313725490196077761, 0.8313725490196077761, 0.8196078431372548767 ) ;
#2373 = CARTESIAN_POINT ( 'NONE',  ( 0.09061443339759304993, 0.6402061443395781204, 0.000000000000000000 ) ) ;
#2374 = COLOUR_RGB ( '',0.3411764705882353033, 0.8392156862745098200, 0.4117647058823529216 ) ;
#2375 = CARTESIAN_POINT ( 'NONE',  ( 1.000000000000000000, -0.8549999999999999822, 0.2900000000000000355 ) ) ;
#2376 =( LENGTH_UNIT ( ) NAMED_UNIT ( * ) SI_UNIT ( .MILLI., .METRE. ) );
#2377 = ORIENTED_EDGE ( 'NONE', *, *, #1652, .T. ) ;
#2378 = LINE ( 'NONE', #5629, #6504 ) ;
#2379 = EDGE_CURVE ( 'NONE', #4249, #3105, #7004, .T. ) ;
#2380 = B_SPLINE_CURVE_WITH_KNOTS ( 'NONE', 3,
 ( #3456, #673, #5151, #3383, #2355, #5741, #6888 ),
 .UNSPECIFIED., .F., .F.,
 ( 4, 1, 1, 1, 4 ),
 ( 0.000000000000000000, 0.3005411131585124518, 0.5677471464835970316, 0.8000336137369759015, 0.9999999999999998890 ),
 .UNSPECIFIED. ) ;
#2381 = FILL_AREA_STYLE ('',( #6922 ) ) ;
#2382 = ORIENTED_EDGE ( 'NONE', *, *, #1425, .T. ) ;
#2383 = CARTESIAN_POINT ( 'NONE',  ( 0.000000000000000000, 0.000000000000000000, 0.000000000000000000 ) ) ;
#2384 = VECTOR ( 'NONE', #2863, 1000.000000000000000 ) ;
#2385 = SURFACE_SIDE_STYLE ('',( #2975 ) ) ;
#2386 = UNCERTAINTY_MEASURE_WITH_UNIT (LENGTH_MEASURE( 1.000000000000000082E-05 ), #6753, 'distance_accuracy_value', 'NONE');
#2387 = CARTESIAN_POINT ( 'NONE',  ( 0.09902348577802703999, 0.7308403059954118319, 0.000000000000000000 ) ) ;
#2388 = PRESENTATION_STYLE_ASSIGNMENT (( #5184 ) ) ;
#2389 = AXIS2_PLACEMENT_3D ( 'NONE', #456, #2629, #6156 ) ;
#2390 = FILL_AREA_STYLE_COLOUR ( '', #6930 ) ;
#2391 = CARTESIAN_POINT ( 'NONE',  ( 0.06494751266588572047, 0.7277061443395781426, 0.01000000000000000021 ) ) ;
#2392 = ORIENTED_EDGE ( 'NONE', *, *, #1002, .T. ) ;
#2393 = SURFACE_SIDE_STYLE ('',( #5890 ) ) ;
#2394 = DIRECTION ( 'NONE',  ( -1.000000000000000000, -0.000000000000000000, -0.000000000000000000 ) ) ;
#2395 = UNCERTAINTY_MEASURE_WITH_UNIT (LENGTH_MEASURE( 1.000000000000000082E-05 ), #1813, 'distance_accuracy_value', 'NONE');
#2396 =( LENGTH_UNIT ( ) NAMED_UNIT ( * ) SI_UNIT ( .MILLI., .METRE. ) );
#2397 = CARTESIAN_POINT ( 'NONE',  ( -0.1580136153828947954, 0.7112427297054316755, 0.000000000000000000 ) ) ;
#2398 = EDGE_CURVE ( 'NONE', #2039, #6688, #6300, .T. ) ;
#2399 = PLANE ( 'NONE',  #6890 ) ;
#2400 = ORIENTED_EDGE ( 'NONE', *, *, #4261, .F. ) ;
#2401 = PRESENTATION_LAYER_ASSIGNMENT (  '', '', ( #5347 ) ) ;
#2402 = DIRECTION ( 'NONE',  ( 0.000000000000000000, -0.000000000000000000, 1.000000000000000000 ) ) ;
#2403 = UNCERTAINTY_MEASURE_WITH_UNIT (LENGTH_MEASURE( 1.000000000000000082E-05 ), #2009, 'distance_accuracy_value', 'NONE');
#2404 = CARTESIAN_POINT ( 'NONE',  ( 0.1418239742663621461, -0.2642610428101545561, -0.01000000000000000021 ) ) ;
#2405 = FILL_AREA_STYLE ('',( #162 ) ) ;
#2406 = STYLED_ITEM ( 'NONE', ( #1384 ), #4653 ) ;
#2407 = CARTESIAN_POINT ( 'NONE',  ( 0.09759342218997681118, 0.6293449632085266199, 0.000000000000000000 ) ) ;
#2408 = ADVANCED_FACE ( 'NONE', ( #6958 ), #6448, .F. ) ;
#2409 = CARTESIAN_POINT ( 'NONE',  ( 0.6299999999999998934, -0.8958588646516011389, 0.2800000000000000266 ) ) ;
#2410 = DIRECTION ( 'NONE',  ( 0.000000000000000000, 0.000000000000000000, -1.000000000000000000 ) ) ;
#2411 = VECTOR ( 'NONE', #302, 1000.000000000000000 ) ;
#2412 = CARTESIAN_POINT ( 'NONE',  ( 0.1131420048994868782, 0.7260444639191654392, 0.000000000000000000 ) ) ;
#2413 = ORIENTED_EDGE ( 'NONE', *, *, #5526, .F. ) ;
#2414 = DIRECTION ( 'NONE',  ( -1.000000000000000000, 0.000000000000000000, 0.000000000000000000 ) ) ;
#2415 = CARTESIAN_POINT ( 'NONE',  ( -0.07867307589024620518, 0.6472817779913907499, 0.01000000000000000021 ) ) ;
#2416 = MECHANICAL_DESIGN_GEOMETRIC_PRESENTATION_REPRESENTATION (  '', ( #2781 ), #2075 ) ;
#2417 = EDGE_CURVE ( 'NONE', #6121, #889, #1899, .T. ) ;
#2418 =( NAMED_UNIT ( * ) PLANE_ANGLE_UNIT ( ) SI_UNIT ( $, .RADIAN. ) );
#2419 = ORIENTED_EDGE ( 'NONE', *, *, #3721, .F. ) ;
#2420 = CARTESIAN_POINT ( 'NONE',  ( 0.1358288021499605425, 0.7001469847707887384, 0.01000000000000000021 ) ) ;
#2421 = CARTESIAN_POINT ( 'NONE',  ( 0.03202068339759305687, 0.7194744370225049090, 0.000000000000000000 ) ) ;
#2422 = MECHANICAL_DESIGN_GEOMETRIC_PRESENTATION_REPRESENTATION (  '', ( #1365 ), #2310 ) ;
#2423 = VERTEX_POINT ( 'NONE', #3044 ) ;
#2424 = CARTESIAN_POINT ( 'NONE',  ( 0.07734666008931617709, 0.6307883421529665302, 0.01000000000000000021 ) ) ;
#2425 = CARTESIAN_POINT ( 'NONE',  ( 1.000000000000000000, 0.2899999999999998690, 0.2799999999999998046 ) ) ;
#2426 = EDGE_CURVE ( 'NONE', #3344, #3020, #881, .T. ) ;
#2427 = CARTESIAN_POINT ( 'NONE',  ( 1.000000000000000000, -0.2999999999999998224, -0.01000000000000000021 ) ) ;
#2428 = VECTOR ( 'NONE', #6528, 1000.000000000000000 ) ;
#2429 = DIRECTION ( 'NONE',  ( 0.000000000000000000, -1.000000000000000000, -0.000000000000000000 ) ) ;
#2430 = FILL_AREA_STYLE ('',( #4597 ) ) ;
#2431 = ORIENTED_EDGE ( 'NONE', *, *, #5078, .F. ) ;
#2432 = PRESENTATION_LAYER_ASSIGNMENT (  '', '', ( #1037 ) ) ;
#2433 = LINE ( 'NONE', #4195, #2193 ) ;
#2434 = CARTESIAN_POINT ( 'NONE',  ( -0.09421648823841294318, 0.6902493227302960443, 0.01000000000000000021 ) ) ;
#2435 = FILL_AREA_STYLE_COLOUR ( '', #3572 ) ;
#2436 = LINE ( 'NONE', #3679, #4913 ) ;
#2437 = CARTESIAN_POINT ( 'NONE',  ( 0.08087670872061350491, 0.6300767005780570917, 0.01000000000000000021 ) ) ;
#2438 = CARTESIAN_POINT ( 'NONE',  ( -0.04115004830972406047, 0.7194744370225049090, 0.000000000000000000 ) ) ;
#2439 = ORIENTED_EDGE ( 'NONE', *, *, #2829, .T. ) ;
#2440 = PRESENTATION_STYLE_ASSIGNMENT (( #831 ) ) ;
#2441 = CARTESIAN_POINT ( 'NONE',  ( 0.03202068339759305687, 0.6865476077542121969, 0.000000000000000000 ) ) ;
#2442 = LINE ( 'NONE', #6944, #5253 ) ;
#2443 = SURFACE_STYLE_USAGE ( .BOTH. , #198 ) ;
#2444 =( GEOMETRIC_REPRESENTATION_CONTEXT ( 3 ) GLOBAL_UNCERTAINTY_ASSIGNED_CONTEXT ( ( #7053 ) ) GLOBAL_UNIT_ASSIGNED_CONTEXT ( ( #3612, #1911, #4675 ) ) REPRESENTATION_CONTEXT ( 'NONE', 'WORKASPACE' ) );
#2445 = SPHERICAL_SURFACE ( 'NONE', #3700, 0.01000000000000000021 ) ;
#2446 = LINE ( 'NONE', #1273, #4054 ) ;
#2447 =( NAMED_UNIT ( * ) SI_UNIT ( $, .STERADIAN. ) SOLID_ANGLE_UNIT ( ) );
#2448 = COLOUR_RGB ( '',0.8313725490196077761, 0.8313725490196077761, 0.8196078431372548767 ) ;
#2449 = VECTOR ( 'NONE', #5928, 1000.000000000000000 ) ;
#2450 = STYLED_ITEM ( 'NONE', ( #3262 ), #3271 ) ;
#2451 = CARTESIAN_POINT ( 'NONE',  ( 0.09902348577802703999, 0.7308403059954118319, 0.01000000000000000021 ) ) ;
#2452 = EDGE_CURVE ( 'NONE', #6065, #1846, #3290, .T. ) ;
#2453 = ORIENTED_EDGE ( 'NONE', *, *, #6425, .T. ) ;
#2454 = DIRECTION ( 'NONE',  ( -0.3536223923290756632, 0.9353882635801357148, 0.000000000000000000 ) ) ;
#2455 = CARTESIAN_POINT ( 'NONE',  ( -0.1667598044072850227, 0.7304500467786024798, 0.01000000000000000021 ) ) ;
#2456 =( GEOMETRIC_REPRESENTATION_CONTEXT ( 3 ) GLOBAL_UNCERTAINTY_ASSIGNED_CONTEXT ( ( #713 ) ) GLOBAL_UNIT_ASSIGNED_CONTEXT ( ( #1748, #3985, #3444 ) ) REPRESENTATION_CONTEXT ( 'NONE', 'WORKASPACE' ) );
#2457 =( NAMED_UNIT ( * ) SI_UNIT ( $, .STERADIAN. ) SOLID_ANGLE_UNIT ( ) );
#2458 = CARTESIAN_POINT ( 'NONE',  ( -0.6196209054024641727, -0.8896209054024637464, 0.3016310462693620464 ) ) ;
#2459 = CIRCLE ( 'NONE', #927, 0.01000000000000002623 ) ;
#2460 =( NAMED_UNIT ( * ) PLANE_ANGLE_UNIT ( ) SI_UNIT ( $, .RADIAN. ) );
#2461 = ADVANCED_FACE ( 'NONE', ( #6520 ), #5409, .T. ) ;
#2462 = EDGE_LOOP ( 'NONE', ( #5126, #4590, #2349 ) ) ;
#2463 = SURFACE_SIDE_STYLE ('',( #5249 ) ) ;
#2464 = UNCERTAINTY_MEASURE_WITH_UNIT (LENGTH_MEASURE( 1.000000000000000082E-05 ), #5896, 'distance_accuracy_value', 'NONE');
#2465 = CARTESIAN_POINT ( 'NONE',  ( 0.1392942042228084987, 0.6805091649627528216, 0.000000000000000000 ) ) ;
#2466 = CARTESIAN_POINT ( 'NONE',  ( 0.1259231224219833079, 0.6793829736078706993, 0.000000000000000000 ) ) ;
#2467 = SURFACE_STYLE_USAGE ( .BOTH. , #367 ) ;
#2468 = CARTESIAN_POINT ( 'NONE',  ( -0.1596142251389923439, 0.7182549248273829567, 0.000000000000000000 ) ) ;
#2469 = ORIENTED_EDGE ( 'NONE', *, *, #7250, .T. ) ;
#2470 = FILL_AREA_STYLE_COLOUR ( '', #308 ) ;
#2471 = PRESENTATION_STYLE_ASSIGNMENT (( #2509 ) ) ;
#2472 = CARTESIAN_POINT ( 'NONE',  ( -0.1045983748923533796, 0.7017304309580246757, 0.01000000000000000021 ) ) ;
#2473 = FILL_AREA_STYLE_COLOUR ( '', #4090 ) ;
#2474 = EDGE_LOOP ( 'NONE', ( #3364, #1757, #1790, #1403, #3620, #5772 ) ) ;
#2475 = CARTESIAN_POINT ( 'NONE',  ( 0.03202068339759305687, 0.000000000000000000, 0.01000000000000000021 ) ) ;
#2476 = LINE ( 'NONE', #5898, #3475 ) ;
#2477 = VERTEX_POINT ( 'NONE', #2017 ) ;
#2478 = EDGE_CURVE ( 'NONE', #7106, #5076, #1964, .T. ) ;
#2479 = B_SPLINE_CURVE_WITH_KNOTS ( 'NONE', 3,
 ( #4737, #5442, #1778, #3484, #6871, #4505, #6254 ),
 .UNSPECIFIED., .F., .F.,
 ( 4, 1, 1, 1, 4 ),
 ( 0.000000000000000000, 0.3005411131585124518, 0.5677471464835970316, 0.8000336137369759015, 0.9999999999999998890 ),
 .UNSPECIFIED. ) ;
#2480 = CARTESIAN_POINT ( 'NONE',  ( -1.000000000000000000, -0.1450000000000000455, 0.000000000000000000 ) ) ;
#2481 = FILL_AREA_STYLE ('',( #229 ) ) ;
#2482 = UNCERTAINTY_MEASURE_WITH_UNIT (LENGTH_MEASURE( 1.000000000000000082E-05 ), #5053, 'distance_accuracy_value', 'NONE');
#2483 = DIRECTION ( 'NONE',  ( 0.000000000000000000, -0.000000000000000000, 1.000000000000000000 ) ) ;
#2484 =( NAMED_UNIT ( * ) SI_UNIT ( $, .STERADIAN. ) SOLID_ANGLE_UNIT ( ) );
#2485 = DIRECTION ( 'NONE',  ( -0.000000000000000000, -0.000000000000000000, -1.000000000000000000 ) ) ;
#2486 = FILL_AREA_STYLE ('',( #4068 ) ) ;
#2487 = VERTEX_POINT ( 'NONE', #5530 ) ;
#2488 = CARTESIAN_POINT ( 'NONE',  ( 0.1250313540802210355, 0.7171249960993169026, 0.01000000000000000021 ) ) ;
#2489 = ORIENTED_EDGE ( 'NONE', *, *, #2417, .T. ) ;
#2490 = CARTESIAN_POINT ( 'NONE',  ( -0.08901262954309487052, 0.6577093933915411084, 0.01000000000000000021 ) ) ;
#2491 =( LENGTH_UNIT ( ) NAMED_UNIT ( * ) SI_UNIT ( .MILLI., .METRE. ) );
#2492 = ORIENTED_EDGE ( 'NONE', *, *, #5919, .F. ) ;
#2493 = EDGE_CURVE ( 'NONE', #653, #3676, #586, .T. ) ;
#2494 =( LENGTH_UNIT ( ) NAMED_UNIT ( * ) SI_UNIT ( .MILLI., .METRE. ) );
#2495 = MECHANICAL_DESIGN_GEOMETRIC_PRESENTATION_REPRESENTATION (  '', ( #5671 ), #3662 ) ;
#2496 = CARTESIAN_POINT ( 'NONE',  ( -0.9899999999999999911, 0.8999999999999996891, 0.000000000000000000 ) ) ;
#2497 = MECHANICAL_DESIGN_GEOMETRIC_PRESENTATION_REPRESENTATION (  '', ( #4601 ), #1556 ) ;
#2498 = ORIENTED_EDGE ( 'NONE', *, *, #2658, .F. ) ;
#2499 = CARTESIAN_POINT ( 'NONE',  ( -0.5199999999999999067, 0.1450000000000000455, 0.000000000000000000 ) ) ;
#2500 = CARTESIAN_POINT ( 'NONE',  ( 0.1313401416467832594, 0.7092506825185561636, 0.000000000000000000 ) ) ;
#2501 = VECTOR ( 'NONE', #5647, 1000.000000000000000 ) ;
#2502 = LINE ( 'NONE', #1904, #3568 ) ;
#2503 = ADVANCED_FACE ( 'NONE', ( #4432 ), #7290, .F. ) ;
#2504 = DIRECTION ( 'NONE',  ( -0.000000000000000000, -0.000000000000000000, 1.000000000000000000 ) ) ;
#2505 = DIRECTION ( 'NONE',  ( -1.000000000000000000, 0.000000000000000000, 0.000000000000000000 ) ) ;
#2506 = ORIENTED_EDGE ( 'NONE', *, *, #6195, .T. ) ;
#2507 =( NAMED_UNIT ( * ) SI_UNIT ( $, .STERADIAN. ) SOLID_ANGLE_UNIT ( ) );
#2508 = VECTOR ( 'NONE', #6204, 1000.000000000000000 ) ;
#2509 = SURFACE_STYLE_USAGE ( .BOTH. , #823 ) ;
#2510 = CARTESIAN_POINT ( 'NONE',  ( 0.08458884964414833951, 0.6295946802393810326, 0.01000000000000000021 ) ) ;
#2511 = CARTESIAN_POINT ( 'NONE',  ( -0.05684079683689311630, 0.6304846773162179341, 0.01000000000000000021 ) ) ;
#2512 = ORIENTED_EDGE ( 'NONE', *, *, #552, .F. ) ;
#2513 = EDGE_CURVE ( 'NONE', #633, #4728, #3522, .T. ) ;
#2514 = SURFACE_STYLE_FILL_AREA ( #1997 ) ;
#2515 = PRESENTATION_STYLE_ASSIGNMENT (( #4755 ) ) ;
#2516 = EDGE_LOOP ( 'NONE', ( #5268, #5510, #1083, #3571 ) ) ;
#2517 =( GEOMETRIC_REPRESENTATION_CONTEXT ( 3 ) GLOBAL_UNCERTAINTY_ASSIGNED_CONTEXT ( ( #2976 ) ) GLOBAL_UNIT_ASSIGNED_CONTEXT ( ( #781, #820, #5292 ) ) REPRESENTATION_CONTEXT ( 'NONE', 'WORKASPACE' ) );
#2518 = DIRECTION ( 'NONE',  ( 1.000000000000000000, 0.000000000000000000, 0.000000000000000000 ) ) ;
#2519 = DIRECTION ( 'NONE',  ( -1.527045313359865723E-16, 1.000000000000000000, 0.000000000000000000 ) ) ;
#2520 = CARTESIAN_POINT ( 'NONE',  ( 0.1418239742663621461, 0.2444962138608657853, 0.000000000000000000 ) ) ;
#2521 =( NAMED_UNIT ( * ) SI_UNIT ( $, .STERADIAN. ) SOLID_ANGLE_UNIT ( ) );
#2522 = ADVANCED_FACE ( 'NONE', ( #6215 ), #161, .F. ) ;
#2523 = DIRECTION ( 'NONE',  ( -0.000000000000000000, -1.000000000000000000, -0.000000000000000000 ) ) ;
#2524 = PRESENTATION_STYLE_ASSIGNMENT (( #1924 ) ) ;
#2525 = EDGE_CURVE ( 'NONE', #4460, #3957, #90, .T. ) ;
#2526 = STYLED_ITEM ( 'NONE', ( #1542 ), #6291 ) ;
#2527 = DIRECTION ( 'NONE',  ( -0.000000000000000000, -1.000000000000000000, -0.000000000000000000 ) ) ;
#2528 = ORIENTED_EDGE ( 'NONE', *, *, #6381, .F. ) ;
#2529 = CARTESIAN_POINT ( 'NONE',  ( 0.09028640475310101277, 0.7316275364723789920, 0.01000000000000000021 ) ) ;
#2530 = VECTOR ( 'NONE', #4110, 1000.000000000000000 ) ;
#2531 = STYLED_ITEM ( 'NONE', ( #2388 ), #3630 ) ;
#2532 = EDGE_LOOP ( 'NONE', ( #4393, #4109, #3326, #6068 ) ) ;
#2533 = SURFACE_STYLE_USAGE ( .BOTH. , #5281 ) ;
#2534 =( BOUNDED_CURVE ( )  B_SPLINE_CURVE ( 3, ( #2791, #622, #3294, #2232 ),
 .UNSPECIFIED., .F., .F. ) 
 B_SPLINE_CURVE_WITH_KNOTS ( ( 4, 4 ),
 ( 5.497939437029716103, 7.068431177329477677 ),
 .UNSPECIFIED. ) 
 CURVE ( )  GEOMETRIC_REPRESENTATION_ITEM ( )  RATIONAL_B_SPLINE_CURVE ( ( 1.000000000000000000, 0.8048096403827793566, 0.8048096403827793566, 1.000000000000000000 ) ) 
 REPRESENTATION_ITEM ( '' )  );
#2535 = DIRECTION ( 'NONE',  ( -0.000000000000000000, 1.000000000000000000, 0.000000000000000000 ) ) ;
#2536 = ORIENTED_EDGE ( 'NONE', *, *, #6914, .T. ) ;
#2537 = CARTESIAN_POINT ( 'NONE',  ( 0.1258410828756480193, 0.6750653660589197580, 0.000000000000000000 ) ) ;
#2538 = AXIS2_PLACEMENT_3D ( 'NONE', #5895, #5338, #297 ) ;
#2539 = CARTESIAN_POINT ( 'NONE',  ( -0.1062258737372868828, 0.6971203447159267652, 0.000000000000000000 ) ) ;
#2540 = DIRECTION ( 'NONE',  ( 0.01744974916068272111, 0.01744974916068272111, -0.9996954598818874604 ) ) ;
#2541 = EDGE_LOOP ( 'NONE', ( #7124, #2884, #855 ) ) ;
#2542 =( GEOMETRIC_REPRESENTATION_CONTEXT ( 3 ) GLOBAL_UNCERTAINTY_ASSIGNED_CONTEXT ( ( #5552 ) ) GLOBAL_UNIT_ASSIGNED_CONTEXT ( ( #3427, #1836, #4088 ) ) REPRESENTATION_CONTEXT ( 'NONE', 'WORKASPACE' ) );
#2543 = PLANE ( 'NONE',  #7286 ) ;
#2544 = DIRECTION ( 'NONE',  ( -1.000000000000000000, -0.000000000000000000, 0.000000000000000000 ) ) ;
#2545 = DIRECTION ( 'NONE',  ( -1.527045313359865723E-16, 1.000000000000000000, 0.000000000000000000 ) ) ;
#2546 = ORIENTED_EDGE ( 'NONE', *, *, #1090, .T. ) ;
#2547 = EDGE_CURVE ( 'NONE', #5406, #1524, #2301, .T. ) ;
#2548 = UNCERTAINTY_MEASURE_WITH_UNIT (LENGTH_MEASURE( 1.000000000000000082E-05 ), #7244, 'distance_accuracy_value', 'NONE');
#2549 = SURFACE_STYLE_USAGE ( .BOTH. , #1956 ) ;
#2550 = VECTOR ( 'NONE', #5996, 1000.000000000000000 ) ;
#2551 = CARTESIAN_POINT ( 'NONE',  ( -0.05595568855362649530, 0.7304500467786024798, 0.000000000000000000 ) ) ;
#2552 =( NAMED_UNIT ( * ) PLANE_ANGLE_UNIT ( ) SI_UNIT ( $, .RADIAN. ) );
#2553 = ORIENTED_EDGE ( 'NONE', *, *, #3051, .T. ) ;
#2554 = CARTESIAN_POINT ( 'NONE',  ( 0.07367528794619664090, 0.6426571496370269143, 0.01000000000000000021 ) ) ;
#2555 = CARTESIAN_POINT ( 'NONE',  ( 0.06494751266588572047, 0.6356329736078707437, 0.000000000000000000 ) ) ;
#2556 = ORIENTED_EDGE ( 'NONE', *, *, #1902, .T. ) ;
#2557 = AXIS2_PLACEMENT_3D ( 'NONE', #5809, #4699, #4045 ) ;
#2558 = CARTESIAN_POINT ( 'NONE',  ( 1.000000000000000000, -0.1450000000000000455, -0.01000000000000000021 ) ) ;
#2559 = EDGE_CURVE ( 'NONE', #1985, #6119, #2928, .T. ) ;
#2560 = CARTESIAN_POINT ( 'NONE',  ( -0.09477580683684878882, 0.6829539340728435493, 0.01000000000000000021 ) ) ;
#2561 = CARTESIAN_POINT ( 'NONE',  ( -0.5200000000000000178, 0.8549999999999999822, 0.000000000000000000 ) ) ;
#2562 = SURFACE_STYLE_FILL_AREA ( #3551 ) ;
#2563 = PRESENTATION_LAYER_ASSIGNMENT (  '', '', ( #1618 ) ) ;
#2564 = LINE ( 'NONE', #4869, #3585 ) ;
#2565 = CARTESIAN_POINT ( 'NONE',  ( 0.5199999999999999067, -0.1450000000000000455, 0.000000000000000000 ) ) ;
#2566 = ORIENTED_EDGE ( 'NONE', *, *, #2939, .F. ) ;
#2567 = PRESENTATION_STYLE_ASSIGNMENT (( #6393 ) ) ;
#2568 = VECTOR ( 'NONE', #6287, 1000.000000000000000 ) ;
#2569 =( GEOMETRIC_REPRESENTATION_CONTEXT ( 3 ) GLOBAL_UNCERTAINTY_ASSIGNED_CONTEXT ( ( #2324 ) ) GLOBAL_UNIT_ASSIGNED_CONTEXT ( ( #2396, #4010, #6759 ) ) REPRESENTATION_CONTEXT ( 'NONE', 'WORKASPACE' ) );
#2570 = CARTESIAN_POINT ( 'NONE',  ( -0.08111490634989726445, 0.7253721928795378027, 0.000000000000000000 ) ) ;
#2571 = ORIENTED_EDGE ( 'NONE', *, *, #930, .T. ) ;
#2572 =( NAMED_UNIT ( * ) SI_UNIT ( $, .STERADIAN. ) SOLID_ANGLE_UNIT ( ) );
#2573 = CARTESIAN_POINT ( 'NONE',  ( -0.1081828323211668497, 0.6798189102791869498, 0.000000000000000000 ) ) ;
#2574 = VECTOR ( 'NONE', #6973, 1000.000000000000000 ) ;
#2575 = CARTESIAN_POINT ( 'NONE',  ( -1.000000000000000000, -0.5000000000000000000, -0.01000000000000000021 ) ) ;
#2576 = FACE_OUTER_BOUND ( 'NONE', #3249, .T. ) ;
#2577 = ORIENTED_EDGE ( 'NONE', *, *, #2618, .F. ) ;
#2578 = VECTOR ( 'NONE', #5000, 1000.000000000000000 ) ;
#2579 = AXIS2_PLACEMENT_3D ( 'NONE', #7075, #4295, #2011 ) ;
#2580 = CARTESIAN_POINT ( 'NONE',  ( -0.1613568126754337251, 0.7116417131507427607, 0.01000000000000000021 ) ) ;
#2581 = CARTESIAN_POINT ( 'NONE',  ( 0.6200045675221349528, 0.9000030444736988322, 0.2798255822185993780 ) ) ;
#2582 = PRESENTATION_STYLE_ASSIGNMENT (( #2467 ) ) ;
#2583 = CARTESIAN_POINT ( 'NONE',  ( -0.09337546852576134038, 0.6443833540901788837, 0.01000000000000000021 ) ) ;
#2584 = ORIENTED_EDGE ( 'NONE', *, *, #5554, .F. ) ;
#2585 = SURFACE_SIDE_STYLE ('',( #1359 ) ) ;
#2586 = CARTESIAN_POINT ( 'NONE',  ( 0.9899999999999999911, 0.8999999999999999112, 0.2800000000000000266 ) ) ;
#2587 = PLANE ( 'NONE',  #5620 ) ;
#2588 = DIRECTION ( 'NONE',  ( 0.000000000000000000, 1.000000000000000000, 0.000000000000000000 ) ) ;
#2589 = VERTEX_POINT ( 'NONE', #1747 ) ;
#2590 = FILL_AREA_STYLE_COLOUR ( '', #333 ) ;
#2591 = CARTESIAN_POINT ( 'NONE',  ( 0.1478743419341784493, 0.6414256565347000727, 0.01000000000000000021 ) ) ;
#2592 = EDGE_CURVE ( 'NONE', #391, #1238, #2369, .T. ) ;
#2593 = ORIENTED_EDGE ( 'NONE', *, *, #77, .F. ) ;
#2594 = FILL_AREA_STYLE_COLOUR ( '', #6636 ) ;
#2595 = CARTESIAN_POINT ( 'NONE',  ( -0.08412709093234632673, 0.7099780106787353384, 0.01000000000000000021 ) ) ;
#2596 = CARTESIAN_POINT ( 'NONE',  ( 0.1258953404369706208, 0.6779208530382936360, 0.01000000000000000021 ) ) ;
#2597 = CARTESIAN_POINT ( 'NONE',  ( 0.1200916694838432830, 0.7034675754835064687, 0.000000000000000000 ) ) ;
#2598 = LINE ( 'NONE', #5310, #4438 ) ;
#2599 = DIRECTION ( 'NONE',  ( 0.000000000000000000, 0.000000000000000000, -1.000000000000000000 ) ) ;
#2600 = EDGE_CURVE ( 'NONE', #1015, #3344, #1502, .T. ) ;
#2601 = VERTEX_POINT ( 'NONE', #5172 ) ;
#2602 = SURFACE_STYLE_USAGE ( .BOTH. , #7186 ) ;
#2603 = DIRECTION ( 'NONE',  ( -0.01744974916068271764, -0.01744974916068272111, -0.9996954598818874604 ) ) ;
#2604 = ORIENTED_EDGE ( 'NONE', *, *, #4537, .T. ) ;
#2605 = B_SPLINE_CURVE_WITH_KNOTS ( 'NONE', 3,
 ( #5734, #768, #1933, #3629, #3527, #6917, #1348, #2415, #4181, #840, #1859, #2490, #4111, #807, #1385, #6362, #3001, #278, #207 ),
 .UNSPECIFIED., .F., .F.,
 ( 4, 1, 1, 1, 1, 1, 1, 1, 1, 1, 1, 1, 1, 1, 1, 1, 4 ),
 ( 0.000000000000000000, 0.07082657255516333628, 0.1381690332797999021, 0.2024753315338419513, 0.2639737544135195568, 0.3233803205980364526, 0.3817976227131847922, 0.4393900745193887181, 0.4969027245459969322, 0.5546621696093696485, 0.6127418784921965234, 0.6715388363911721781, 0.7316557220901981351, 0.7942978116139519651, 0.8594822049793586771, 0.9276813254527891406, 1.000000000000000000 ),
 .UNSPECIFIED. ) ;
#2606 = FACE_OUTER_BOUND ( 'NONE', #3812, .T. ) ;
#2607 = CARTESIAN_POINT ( 'NONE',  ( -0.08951555336894508053, 0.6411307976753188864, 0.000000000000000000 ) ) ;
#2608 = ORIENTED_EDGE ( 'NONE', *, *, #5672, .T. ) ;
#2609 = CARTESIAN_POINT ( 'NONE',  ( 0.1205031604917511517, 0.6565193882711912732, 0.000000000000000000 ) ) ;
#2610 =( NAMED_UNIT ( * ) SI_UNIT ( $, .STERADIAN. ) SOLID_ANGLE_UNIT ( ) );
#2611 = PRESENTATION_LAYER_ASSIGNMENT (  '', '', ( #3428 ) ) ;
#2612 = FILL_AREA_STYLE_COLOUR ( '', #1668 ) ;
#2613 = DIRECTION ( 'NONE',  ( 0.9998476951563911586, 0.000000000000000000, -0.01745240643728722049 ) ) ;
#2614 = CARTESIAN_POINT ( 'NONE',  ( 0.1266591083186107691, 0.6427062818060078619, 0.000000000000000000 ) ) ;
#2615 = FACE_OUTER_BOUND ( 'NONE', #1368, .T. ) ;
#2616 = CARTESIAN_POINT ( 'NONE',  ( -0.09480858489508987852, 0.6814218455590903556, 0.01000000000000000021 ) ) ;
#2617 = MECHANICAL_DESIGN_GEOMETRIC_PRESENTATION_REPRESENTATION (  '', ( #5307 ), #500 ) ;
#2618 = EDGE_CURVE ( 'NONE', #5639, #277, #3549, .T. ) ;
#2619 = PRESENTATION_LAYER_ASSIGNMENT (  '', '', ( #5309 ) ) ;
#2620 = ADVANCED_FACE ( 'NONE', ( #22 ), #3654, .T. ) ;
#2621 = CARTESIAN_POINT ( 'NONE',  ( -0.06059220818451963725, 0.6305525501090334384, 0.01000000000000000021 ) ) ;
#2622 = ORIENTED_EDGE ( 'NONE', *, *, #1636, .T. ) ;
#2623 = CARTESIAN_POINT ( 'NONE',  ( 0.08848028705612964728, 0.7316695589737244321, 0.000000000000000000 ) ) ;
#2624 = DIRECTION ( 'NONE',  ( 0.000000000000000000, -0.000000000000000000, 1.000000000000000000 ) ) ;
#2625 = CARTESIAN_POINT ( 'NONE',  ( 1.000000000000000000, 0.8549999999999999822, -0.01000000000000000021 ) ) ;
#2626 = UNCERTAINTY_MEASURE_WITH_UNIT (LENGTH_MEASURE( 1.000000000000000082E-05 ), #3569, 'distance_accuracy_value', 'NONE');
#2627 = AXIS2_PLACEMENT_3D ( 'NONE', #1760, #4591, #5665 ) ;
#2628 = FILL_AREA_STYLE ('',( #1479 ) ) ;
#2629 = DIRECTION ( 'NONE',  ( 0.000000000000000000, -0.000000000000000000, 1.000000000000000000 ) ) ;
#2630 = SURFACE_SIDE_STYLE ('',( #6496 ) ) ;
#2631 = CARTESIAN_POINT ( 'NONE',  ( 0.1990938541293003905, 0.6304500467786023910, 0.000000000000000000 ) ) ;
#2632 = ORIENTED_EDGE ( 'NONE', *, *, #2230, .F. ) ;
#2633 = VECTOR ( 'NONE', #534, 1000.000000000000000 ) ;
#2634 = EDGE_LOOP ( 'NONE', ( #280, #6190, #2584, #7289 ) ) ;
#2635 =( NAMED_UNIT ( * ) PLANE_ANGLE_UNIT ( ) SI_UNIT ( $, .RADIAN. ) );
#2636 =( NAMED_UNIT ( * ) PLANE_ANGLE_UNIT ( ) SI_UNIT ( $, .RADIAN. ) );
#2637 = FILL_AREA_STYLE_COLOUR ( '', #5220 ) ;
#2638 = AXIS2_PLACEMENT_3D ( 'NONE', #5225, #4337, #3050 ) ;
#2639 = CARTESIAN_POINT ( 'NONE',  ( 0.1253460036257126597, 0.6883291005978854349, 0.000000000000000000 ) ) ;
#2640 = LINE ( 'NONE', #2085, #6330 ) ;
#2641 = VECTOR ( 'NONE', #3339, 1000.000000000000000 ) ;
#2642 = SURFACE_STYLE_FILL_AREA ( #388 ) ;
#2643 = VERTEX_POINT ( 'NONE', #1810 ) ;
#2644 = VECTOR ( 'NONE', #6013, 1000.000000000000000 ) ;
#2645 = ORIENTED_EDGE ( 'NONE', *, *, #5513, .F. ) ;
#2646 = FACE_OUTER_BOUND ( 'NONE', #1925, .T. ) ;
#2647 = VECTOR ( 'NONE', #3160, 1000.000000000000000 ) ;
#2648 = EDGE_CURVE ( 'NONE', #4221, #4682, #4084, .T. ) ;
#2649 = PRESENTATION_STYLE_ASSIGNMENT (( #7189 ) ) ;
#2650 = SURFACE_STYLE_FILL_AREA ( #2121 ) ;
#2651 = DIRECTION ( 'NONE',  ( 0.000000000000000000, -1.000000000000000000, 0.000000000000000000 ) ) ;
#2652 = COLOUR_RGB ( '',0.8313725490196077761, 0.8313725490196077761, 0.8196078431372548767 ) ;
#2653 = CARTESIAN_POINT ( 'NONE',  ( 0.1136900139012612942, 0.6482756019720490315, 0.01000000000000000021 ) ) ;
#2654 = DIRECTION ( 'NONE',  ( -0.000000000000000000, -0.000000000000000000, 1.000000000000000000 ) ) ;
#2655 = VECTOR ( 'NONE', #3975, 1000.000000000000000 ) ;
#2656 = ORIENTED_EDGE ( 'NONE', *, *, #1686, .F. ) ;
#2657 = CARTESIAN_POINT ( 'NONE',  ( 1.000000000000000000, -0.9000000000000002442, 0.000000000000000000 ) ) ;
#2658 = EDGE_CURVE ( 'NONE', #4704, #4807, #1338, .T. ) ;
#2659 = FACE_OUTER_BOUND ( 'NONE', #1866, .T. ) ;
#2660 = SURFACE_STYLE_FILL_AREA ( #1615 ) ;
#2661 = COLOUR_RGB ( '',0.2980392156862745057, 0.2980392156862745057, 0.2980392156862745057 ) ;
#2662 = CARTESIAN_POINT ( 'NONE',  ( 1.000000000000000000, 0.2899999999999998690, 0.2800000000000000266 ) ) ;
#2663 = B_SPLINE_CURVE_WITH_KNOTS ( 'NONE', 3,
 ( #931, #3237, #3756, #2702, #1954, #3716, #7052 ),
 .UNSPECIFIED., .F., .F.,
 ( 4, 1, 1, 1, 4 ),
 ( 0.000000000000000000, 0.1744817153170560020, 0.3982857591281081522, 0.6738978473986653173, 1.000000000000000000 ),
 .UNSPECIFIED. ) ;
#2664 = CYLINDRICAL_SURFACE ( 'NONE', #6792, 0.01000000000000002623 ) ;
#2665 = VERTEX_POINT ( 'NONE', #7097 ) ;
#2666 = CARTESIAN_POINT ( 'NONE',  ( 0.000000000000000000, 0.6414256565347000727, 0.01000000000000000021 ) ) ;
#2667 = COLOUR_RGB ( '',0.8313725490196077761, 0.8313725490196077761, 0.8196078431372548767 ) ;
#2668 = CARTESIAN_POINT ( 'NONE',  ( -0.08412709093234632673, 0.7099780106787353384, 0.000000000000000000 ) ) ;
#2669 = DIRECTION ( 'NONE',  ( 1.000000000000000000, 0.000000000000000000, 0.000000000000000000 ) ) ;
#2670 = EDGE_CURVE ( 'NONE', #4624, #4089, #6542, .T. ) ;
#2671 = FACE_OUTER_BOUND ( 'NONE', #1697, .T. ) ;
#2672 = PRESENTATION_LAYER_ASSIGNMENT (  '', '', ( #2781 ) ) ;
#2673 = VERTEX_POINT ( 'NONE', #796 ) ;
#2674 = ORIENTED_EDGE ( 'NONE', *, *, #1065, .T. ) ;
#2675 = COLOUR_RGB ( '',0.8313725490196077761, 0.8313725490196077761, 0.8196078431372548767 ) ;
#2676 = FACE_OUTER_BOUND ( 'NONE', #727, .T. ) ;
#2677 = DIRECTION ( 'NONE',  ( 0.000000000000000000, -0.01745240643728354635, -0.9998476951563911586 ) ) ;
#2678 = CARTESIAN_POINT ( 'NONE',  ( 0.000000000000000000, 0.7194744370225049090, 0.01000000000000000021 ) ) ;
#2679 = DIRECTION ( 'NONE',  ( -0.000000000000000000, -0.000000000000000000, 1.000000000000000000 ) ) ;
#2680 = STYLED_ITEM ( 'NONE', ( #6550 ), #1973 ) ;
#2681 = DIRECTION ( 'NONE',  ( -0.000000000000000000, 1.000000000000000000, 0.000000000000000000 ) ) ;
#2682 = VERTEX_POINT ( 'NONE', #6429 ) ;
#2683 = DIRECTION ( 'NONE',  ( 0.000000000000000000, -0.000000000000000000, 1.000000000000000000 ) ) ;
#2684 = LINE ( 'NONE', #1635, #1095 ) ;
#2685 = AXIS2_PLACEMENT_3D ( 'NONE', #3708, #5963, #2613 ) ;
#2686 = DIRECTION ( 'NONE',  ( -0.000000000000000000, -0.000000000000000000, 1.000000000000000000 ) ) ;
#2687 = SURFACE_SIDE_STYLE ('',( #2650 ) ) ;
#2688 = MECHANICAL_DESIGN_GEOMETRIC_PRESENTATION_REPRESENTATION (  '', ( #4200 ), #5148 ) ;
#2689 = CARTESIAN_POINT ( 'NONE',  ( 0.09189910089871473897, 0.6402392541479663413, 0.01000000000000000021 ) ) ;
#2690 = EDGE_CURVE ( 'NONE', #5621, #3402, #1487, .T. ) ;
#2691 = CARTESIAN_POINT ( 'NONE',  ( 0.07321861909240466593, 0.7182332616573513517, 0.01000000000000000021 ) ) ;
#2692 = ORIENTED_EDGE ( 'NONE', *, *, #1609, .F. ) ;
#2693 = CARTESIAN_POINT ( 'NONE',  ( 0.1418239742663621461, 0.2444962138608657853, -0.01000000000000000021 ) ) ;
#2694 =( GEOMETRIC_REPRESENTATION_CONTEXT ( 3 ) GLOBAL_UNCERTAINTY_ASSIGNED_CONTEXT ( ( #6240 ) ) GLOBAL_UNIT_ASSIGNED_CONTEXT ( ( #5453, #2107, #455 ) ) REPRESENTATION_CONTEXT ( 'NONE', 'WORKASPACE' ) );
#2695 = PRESENTATION_STYLE_ASSIGNMENT (( #484 ) ) ;
#2696 = PLANE ( 'NONE',  #5713 ) ;
#2697 = ORIENTED_EDGE ( 'NONE', *, *, #4114, .T. ) ;
#2698 = CARTESIAN_POINT ( 'NONE',  ( 0.03202068339759305687, 0.6414256565347000727, 0.000000000000000000 ) ) ;
#2699 = EDGE_CURVE ( 'NONE', #871, #6467, #2442, .T. ) ;
#2700 = STYLED_ITEM ( 'NONE', ( #481 ), #3251 ) ;
#2701 = CARTESIAN_POINT ( 'NONE',  ( -0.6210948705577339357, 0.8810963936061697588, 0.7901745240643729407 ) ) ;
#2702 = CARTESIAN_POINT ( 'NONE',  ( -0.1606986751882325815, 0.7141243702668187421, 0.000000000000000000 ) ) ;
#2703 = UNCERTAINTY_MEASURE_WITH_UNIT (LENGTH_MEASURE( 1.000000000000000082E-05 ), #2831, 'distance_accuracy_value', 'NONE');
#2704 = FILL_AREA_STYLE_COLOUR ( '', #4621 ) ;
#2705 = CARTESIAN_POINT ( 'NONE',  ( 0.1049092480259035398, 0.6427864331685790855, 0.000000000000000000 ) ) ;
#2706 = DIRECTION ( 'NONE',  ( 0.000000000000000000, -0.000000000000000000, 1.000000000000000000 ) ) ;
#2707 = ORIENTED_EDGE ( 'NONE', *, *, #3623, .T. ) ;
#2708 = VERTEX_POINT ( 'NONE', #1375 ) ;
#2709 = FACE_OUTER_BOUND ( 'NONE', #1218, .T. ) ;
#2710 = UNCERTAINTY_MEASURE_WITH_UNIT (LENGTH_MEASURE( 1.000000000000000082E-05 ), #6624, 'distance_accuracy_value', 'NONE');
#2711 = CARTESIAN_POINT ( 'NONE',  ( 0.6110963936061697410, 0.8810963936061697588, 0.7900000000000001465 ) ) ;
#2712 = CARTESIAN_POINT ( 'NONE',  ( -0.6300000000000001155, 0.1450000000000000455, 0.2800000000000000266 ) ) ;
#2713 = PLANE ( 'NONE',  #4561 ) ;
#2714 = DIRECTION ( 'NONE',  ( 0.000000000000000000, -0.000000000000000000, 1.000000000000000000 ) ) ;
#2715 = EDGE_CURVE ( 'NONE', #6421, #344, #197, .T. ) ;
#2716 = ORIENTED_EDGE ( 'NONE', *, *, #1396, .F. ) ;
#2717 = DIRECTION ( 'NONE',  ( 0.000000000000000000, 1.000000000000000000, 0.000000000000000000 ) ) ;
#2718 = ORIENTED_EDGE ( 'NONE', *, *, #4583, .T. ) ;
#2719 =( LENGTH_UNIT ( ) NAMED_UNIT ( * ) SI_UNIT ( .MILLI., .METRE. ) );
#2720 = SURFACE_STYLE_USAGE ( .BOTH. , #3701 ) ;
#2721 = CARTESIAN_POINT ( 'NONE',  ( 1.000000000000000000, 0.8549999999999999822, 0.2900000000000000355 ) ) ;
#2722 = CARTESIAN_POINT ( 'NONE',  ( -0.05595568855362649530, 0.7304500467786024798, 0.01000000000000000021 ) ) ;
#2723 = CARTESIAN_POINT ( 'NONE',  ( 0.08212276428133753747, 0.7203223394537258129, 0.000000000000000000 ) ) ;
#2724 = ORIENTED_EDGE ( 'NONE', *, *, #434, .F. ) ;
#2725 =( NAMED_UNIT ( * ) PLANE_ANGLE_UNIT ( ) SI_UNIT ( $, .RADIAN. ) );
#2726 = EDGE_CURVE ( 'NONE', #3782, #2487, #47, .T. ) ;
#2727 = CARTESIAN_POINT ( 'NONE',  ( 0.09061443339759304993, 0.6402061443395781204, 0.000000000000000000 ) ) ;
#2728 = ORIENTED_EDGE ( 'NONE', *, *, #385, .F. ) ;
#2729 = DIRECTION ( 'NONE',  ( -0.01744974916068272111, 0.01744974916068271764, -0.9996954598818874604 ) ) ;
#2730 = ORIENTED_EDGE ( 'NONE', *, *, #5186, .T. ) ;
#2731 = FILL_AREA_STYLE ('',( #7201 ) ) ;
#2732 = VECTOR ( 'NONE', #5508, 1000.000000000000000 ) ;
#2733 = DIRECTION ( 'NONE',  ( -0.9998476951563911586, 0.000000000000000000, 0.01745240643728180122 ) ) ;
#2734 = AXIS2_PLACEMENT_3D ( 'NONE', #7180, #4387, #2677 ) ;
#2735 = EDGE_CURVE ( 'NONE', #1276, #313, #5491, .T. ) ;
#2736 = CARTESIAN_POINT ( 'NONE',  ( 0.1162230687366967302, 0.6507491671830630819, 0.000000000000000000 ) ) ;
#2737 = PRESENTATION_STYLE_ASSIGNMENT (( #492 ) ) ;
#2738 = ORIENTED_EDGE ( 'NONE', *, *, #3668, .F. ) ;
#2739 = VERTEX_POINT ( 'NONE', #6095 ) ;
#2740 = VECTOR ( 'NONE', #7287, 1000.000000000000000 ) ;
#2741 = DIRECTION ( 'NONE',  ( 1.000000000000000000, -0.000000000000000000, -0.000000000000000000 ) ) ;
#2742 = CARTESIAN_POINT ( 'NONE',  ( -1.000000000000000000, 0.8549999999999999822, 0.2800000000000000266 ) ) ;
#2743 = CARTESIAN_POINT ( 'NONE',  ( 0.1235585656192192267, 0.6632468229642115576, 0.01000000000000000021 ) ) ;
#2744 = EDGE_CURVE ( 'NONE', #69, #3419, #6616, .T. ) ;
#2745 = VECTOR ( 'NONE', #2777, 1000.000000000000000 ) ;
#2746 =( GEOMETRIC_REPRESENTATION_CONTEXT ( 3 ) GLOBAL_UNCERTAINTY_ASSIGNED_CONTEXT ( ( #120 ) ) GLOBAL_UNIT_ASSIGNED_CONTEXT ( ( #1007, #3346, #4450 ) ) REPRESENTATION_CONTEXT ( 'NONE', 'WORKASPACE' ) );
#2747 = FILL_AREA_STYLE ('',( #4466 ) ) ;
#2748 = DIRECTION ( 'NONE',  ( 0.000000000000000000, 1.000000000000000000, 0.000000000000000000 ) ) ;
#2749 = ORIENTED_EDGE ( 'NONE', *, *, #442, .T. ) ;
#2750 = VECTOR ( 'NONE', #480, 1000.000000000000000 ) ;
#2751 = CARTESIAN_POINT ( 'NONE',  ( -0.1073783551525155505, 0.6922336689212108540, 0.009999999999999991535 ) ) ;
#2752 = ORIENTED_EDGE ( 'NONE', *, *, #724, .T. ) ;
#2753 = CARTESIAN_POINT ( 'NONE',  ( -0.6209233662373269125, 0.8810963936061697588, 0.8000000000000001554 ) ) ;
#2754 = EDGE_CURVE ( 'NONE', #3128, #5570, #5461, .T. ) ;
#2755 = CARTESIAN_POINT ( 'NONE',  ( 0.09626036582045624512, 0.7200466953078984433, 0.01000000000000000021 ) ) ;
#2756 = CARTESIAN_POINT ( 'NONE',  ( 0.06760355161592933315, 0.7158348688973327212, 0.01000000000000000021 ) ) ;
#2757 = PRESENTATION_LAYER_ASSIGNMENT (  '', '', ( #5803 ) ) ;
#2758 = SURFACE_STYLE_USAGE ( .BOTH. , #1064 ) ;
#2759 = DIRECTION ( 'NONE',  ( 1.000000000000000000, 0.000000000000000000, 0.000000000000000000 ) ) ;
#2760 = CARTESIAN_POINT ( 'NONE',  ( 1.000000000000000000, -0.9000000000000002442, 0.2800000000000000266 ) ) ;
#2761 = VECTOR ( 'NONE', #5173, 1000.000000000000000 ) ;
#2762 = DIRECTION ( 'NONE',  ( 1.000000000000000000, 0.000000000000000000, 0.000000000000000000 ) ) ;
#2763 = VERTEX_POINT ( 'NONE', #3246 ) ;
#2764 = DIRECTION ( 'NONE',  ( 0.000000000000000000, -0.000000000000000000, 1.000000000000000000 ) ) ;
#2765 = EDGE_LOOP ( 'NONE', ( #1890, #3994, #1991, #266 ) ) ;
#2766 = LINE ( 'NONE', #2666, #5678 ) ;
#2767 =( LENGTH_UNIT ( ) NAMED_UNIT ( * ) SI_UNIT ( .MILLI., .METRE. ) );
#2768 = CARTESIAN_POINT ( 'NONE',  ( -1.000000000000000000, -0.3000000000000000444, 0.2900000000000000355 ) ) ;
#2769 = AXIS2_PLACEMENT_3D ( 'NONE', #1272, #7067, #7028 ) ;
#2770 =( LENGTH_UNIT ( ) NAMED_UNIT ( * ) SI_UNIT ( .MILLI., .METRE. ) );
#2771 = FILL_AREA_STYLE ('',( #1626 ) ) ;
#2772 = VECTOR ( 'NONE', #6497, 1000.000000000000000 ) ;
#2773 = CARTESIAN_POINT ( 'NONE',  ( 0.08504773470894788634, 0.7316449535236955182, 0.000000000000000000 ) ) ;
#2774 = VERTEX_POINT ( 'NONE', #465 ) ;
#2775 = VERTEX_POINT ( 'NONE', #3839 ) ;
#2776 = EDGE_CURVE ( 'NONE', #6201, #1484, #4909, .T. ) ;
#2777 = DIRECTION ( 'NONE',  ( 1.000000000000000000, 0.000000000000000000, 0.000000000000000000 ) ) ;
#2778 = LINE ( 'NONE', #2817, #3327 ) ;
#2779 = UNCERTAINTY_MEASURE_WITH_UNIT (LENGTH_MEASURE( 1.000000000000000082E-05 ), #5477, 'distance_accuracy_value', 'NONE');
#2780 = DIRECTION ( 'NONE',  ( 0.000000000000000000, -0.000000000000000000, 1.000000000000000000 ) ) ;
#2781 = STYLED_ITEM ( 'NONE', ( #1650 ), #1736 ) ;
#2782 = SURFACE_STYLE_FILL_AREA ( #4535 ) ;
#2783 = FILL_AREA_STYLE ('',( #5525 ) ) ;
#2784 = VERTEX_POINT ( 'NONE', #1663 ) ;
#2785 = ADVANCED_FACE ( 'NONE', ( #7179 ), #424, .F. ) ;
#2786 = CARTESIAN_POINT ( 'NONE',  ( 0.6110963936061697410, 0.8810963936061697588, 0.7900000000000001465 ) ) ;
#2787 = ORIENTED_EDGE ( 'NONE', *, *, #5566, .F. ) ;
#2788 = LINE ( 'NONE', #587, #4730 ) ;
#2789 = CARTESIAN_POINT ( 'NONE',  ( 0.1233901372983254863, 0.6963926944514051698, 0.01000000000000000021 ) ) ;
#2790 = DIRECTION ( 'NONE',  ( 0.000000000000000000, -0.000000000000000000, 1.000000000000000000 ) ) ;
#2791 = CARTESIAN_POINT ( 'NONE',  ( 0.6200015230484359208, 0.8999999999999999112, 0.2800000000000000266 ) ) ;
#2792 = CARTESIAN_POINT ( 'NONE',  ( 0.1016049461206680604, 0.6416239506492681377, 0.000000000000000000 ) ) ;
#2793 = CARTESIAN_POINT ( 'NONE',  ( 0.07683764734396358875, 0.6417675493520272889, 0.01000000000000000021 ) ) ;
#2794 = VECTOR ( 'NONE', #5849, 1000.000000000000000 ) ;
#2795 = ORIENTED_EDGE ( 'NONE', *, *, #5835, .T. ) ;
#2796 = CARTESIAN_POINT ( 'NONE',  ( 1.000000000000000000, -0.9000000000000002442, 0.2800000000000000266 ) ) ;
#2797 = CARTESIAN_POINT ( 'NONE',  ( -0.1594976168917467130, 0.7175428355985609130, 0.01000000000000000021 ) ) ;
#2798 = PRESENTATION_STYLE_ASSIGNMENT (( #64 ) ) ;
#2799 = ORIENTED_EDGE ( 'NONE', *, *, #1116, .F. ) ;
#2800 = VECTOR ( 'NONE', #4025, 1000.000000000000000 ) ;
#2801 = MECHANICAL_DESIGN_GEOMETRIC_PRESENTATION_REPRESENTATION (  '', ( #4086 ), #2569 ) ;
#2802 = LINE ( 'NONE', #6261, #4677 ) ;
#2803 = EDGE_LOOP ( 'NONE', ( #1547, #598, #5299, #472 ) ) ;
#2804 = ADVANCED_FACE ( 'NONE', ( #2676 ), #1597, .F. ) ;
#2805 = EDGE_LOOP ( 'NONE', ( #5263, #2061, #2298, #3663 ) ) ;
#2806 = STYLED_ITEM ( 'NONE', ( #4788 ), #2948 ) ;
#2807 = FILL_AREA_STYLE ('',( #1076 ) ) ;
#2808 =( NAMED_UNIT ( * ) SI_UNIT ( $, .STERADIAN. ) SOLID_ANGLE_UNIT ( ) );
#2809 = CARTESIAN_POINT ( 'NONE',  ( 0.6299999999999998934, -0.8999999999999999112, 0.2800000000000000266 ) ) ;
#2810 = SURFACE_STYLE_FILL_AREA ( #566 ) ;
#2811 = CARTESIAN_POINT ( 'NONE',  ( 0.1235585656192192267, 0.6632468229642115576, 0.000000000000000000 ) ) ;
#2812 = MECHANICAL_DESIGN_GEOMETRIC_PRESENTATION_REPRESENTATION (  '', ( #5623 ), #3741 ) ;
#2813 = MECHANICAL_DESIGN_GEOMETRIC_PRESENTATION_REPRESENTATION (  '', ( #4798 ), #811 ) ;
#2814 = COLOUR_RGB ( '',0.8313725490196077761, 0.8313725490196077761, 0.8196078431372548767 ) ;
#2815 = CARTESIAN_POINT ( 'NONE',  ( 0.07854308249927714758, 0.7311525427253003917, 0.01000000000000000021 ) ) ;
#2816 = CARTESIAN_POINT ( 'NONE',  ( -0.07833098900298782197, 0.7141612643729000620, 0.01000000000000000021 ) ) ;
#2817 = CARTESIAN_POINT ( 'NONE',  ( 1.000000000000000000, 0.1450000000000000455, 0.2900000000000000355 ) ) ;
#2818 = VECTOR ( 'NONE', #3842, 1000.000000000000000 ) ;
#2819 =( GEOMETRIC_REPRESENTATION_CONTEXT ( 3 ) GLOBAL_UNCERTAINTY_ASSIGNED_CONTEXT ( ( #2626 ) ) GLOBAL_UNIT_ASSIGNED_CONTEXT ( ( #3569, #5814, #4702 ) ) REPRESENTATION_CONTEXT ( 'NONE', 'WORKASPACE' ) );
#2820 = FACE_OUTER_BOUND ( 'NONE', #2256, .T. ) ;
#2821 = EDGE_CURVE ( 'NONE', #3529, #4768, #6274, .T. ) ;
#2822 = SURFACE_SIDE_STYLE ('',( #4498 ) ) ;
#2823 = ORIENTED_EDGE ( 'NONE', *, *, #2426, .F. ) ;
#2824 = DIRECTION ( 'NONE',  ( 0.000000000000000000, -1.000000000000000000, 0.000000000000000000 ) ) ;
#2825 = EDGE_LOOP ( 'NONE', ( #2199, #2604, #2431, #5118 ) ) ;
#2826 = PRESENTATION_STYLE_ASSIGNMENT (( #5468 ) ) ;
#2827 = FACE_OUTER_BOUND ( 'NONE', #3791, .T. ) ;
#2828 = CARTESIAN_POINT ( 'NONE',  ( 0.08836595778783694344, 0.7206939492176268613, 0.01000000000000000021 ) ) ;
#2829 = EDGE_CURVE ( 'NONE', #4221, #6495, #575, .T. ) ;
#2830 = DIRECTION ( 'NONE',  ( 0.3363908276654493101, -0.9417224702971431771, 0.000000000000000000 ) ) ;
#2831 =( LENGTH_UNIT ( ) NAMED_UNIT ( * ) SI_UNIT ( .MILLI., .METRE. ) );
#2832 = FILL_AREA_STYLE_COLOUR ( '', #2372 ) ;
#2833 = DIRECTION ( 'NONE',  ( 0.000000000000000000, 1.000000000000000000, -0.000000000000000000 ) ) ;
#2834 = DIRECTION ( 'NONE',  ( 1.084202172485501594E-14, -1.000000000000000000, 0.000000000000000000 ) ) ;
#2835 = SURFACE_SIDE_STYLE ('',( #5108 ) ) ;
#2836 = ORIENTED_EDGE ( 'NONE', *, *, #6414, .F. ) ;
#2837 = CARTESIAN_POINT ( 'NONE',  ( 0.1250313540802210355, 0.7171249960993169026, 0.01000000000000000021 ) ) ;
#2838 = ORIENTED_EDGE ( 'NONE', *, *, #5513, .T. ) ;
#2839 = ORIENTED_EDGE ( 'NONE', *, *, #7197, .T. ) ;
#2840 = UNCERTAINTY_MEASURE_WITH_UNIT (LENGTH_MEASURE( 1.000000000000000082E-05 ), #2946, 'distance_accuracy_value', 'NONE');
#2841 = ADVANCED_FACE ( 'NONE', ( #2820 ), #6246, .T. ) ;
#2842 = EDGE_CURVE ( 'NONE', #31, #1093, #1233, .T. ) ;
#2843 = CARTESIAN_POINT ( 'NONE',  ( 0.06736637608757958806, 0.7286880143314464764, 0.000000000000000000 ) ) ;
#2844 =( NAMED_UNIT ( * ) SI_UNIT ( $, .STERADIAN. ) SOLID_ANGLE_UNIT ( ) );
#2845 = COLOUR_RGB ( '',0.7921568627450980005, 0.8196078431372548767, 0.9333333333333333481 ) ;
#2846 =( LENGTH_UNIT ( ) NAMED_UNIT ( * ) SI_UNIT ( .MILLI., .METRE. ) );
#2847 = CARTESIAN_POINT ( 'NONE',  ( 0.5200000000000000178, 0.8549999999999999822, -0.01000000000000000021 ) ) ;
#2848 = LINE ( 'NONE', #3067, #4250 ) ;
#2849 = DIRECTION ( 'NONE',  ( -0.000000000000000000, -1.000000000000000000, -0.000000000000000000 ) ) ;
#2850 = DIRECTION ( 'NONE',  ( 1.000000000000000000, -0.000000000000000000, -0.000000000000000000 ) ) ;
#2851 =( NAMED_UNIT ( * ) PLANE_ANGLE_UNIT ( ) SI_UNIT ( $, .RADIAN. ) );
#2852 =( GEOMETRIC_REPRESENTATION_CONTEXT ( 3 ) GLOBAL_UNCERTAINTY_ASSIGNED_CONTEXT ( ( #2250 ) ) GLOBAL_UNIT_ASSIGNED_CONTEXT ( ( #3258, #440, #4441 ) ) REPRESENTATION_CONTEXT ( 'NONE', 'WORKASPACE' ) );
#2853 = ORIENTED_EDGE ( 'NONE', *, *, #930, .F. ) ;
#2854 = SURFACE_STYLE_USAGE ( .BOTH. , #2895 ) ;
#2855 =( LENGTH_UNIT ( ) NAMED_UNIT ( * ) SI_UNIT ( .MILLI., .METRE. ) );
#2856 = VECTOR ( 'NONE', #7163, 1000.000000000000000 ) ;
#2857 = SURFACE_STYLE_USAGE ( .BOTH. , #3408 ) ;
#2858 = LINE ( 'NONE', #1676, #1120 ) ;
#2859 = DIRECTION ( 'NONE',  ( 0.000000000000000000, 0.000000000000000000, 1.000000000000000000 ) ) ;
#2860 = SURFACE_STYLE_FILL_AREA ( #5654 ) ;
#2861 = MECHANICAL_DESIGN_GEOMETRIC_PRESENTATION_REPRESENTATION (  '', ( #641 ), #6751 ) ;
#2862 = EDGE_CURVE ( 'NONE', #3020, #87, #4201, .T. ) ;
#2863 = DIRECTION ( 'NONE',  ( -0.000000000000000000, 1.000000000000000000, -0.000000000000000000 ) ) ;
#2864 = STYLED_ITEM ( 'NONE', ( #1080 ), #3599 ) ;
#2865 = CARTESIAN_POINT ( 'NONE',  ( -0.6300000000000001155, 0.1450000000000000455, 0.2900000000000000355 ) ) ;
#2866 = VECTOR ( 'NONE', #4407, 1000.000000000000000 ) ;
#2867 = CARTESIAN_POINT ( 'NONE',  ( -1.000000000000000000, 0.8899999999999996803, 0.2800000000000000266 ) ) ;
#2868 = EDGE_LOOP ( 'NONE', ( #1963, #6732, #3818, #6622 ) ) ;
#2869 = DIRECTION ( 'NONE',  ( 0.000000000000000000, -0.000000000000000000, 1.000000000000000000 ) ) ;
#2870 = COLOUR_RGB ( '',0.2980392156862745057, 0.2980392156862745057, 0.2980392156862745057 ) ;
#2871 =( LENGTH_UNIT ( ) NAMED_UNIT ( * ) SI_UNIT ( .MILLI., .METRE. ) );
#2872 = ORIENTED_EDGE ( 'NONE', *, *, #553, .T. ) ;
#2873 =( LENGTH_UNIT ( ) NAMED_UNIT ( * ) SI_UNIT ( .MILLI., .METRE. ) );
#2874 = SURFACE_STYLE_USAGE ( .BOTH. , #3497 ) ;
#2875 =( GEOMETRIC_REPRESENTATION_CONTEXT ( 3 ) GLOBAL_UNCERTAINTY_ASSIGNED_CONTEXT ( ( #2334 ) ) GLOBAL_UNIT_ASSIGNED_CONTEXT ( ( #2767, #1693, #8 ) ) REPRESENTATION_CONTEXT ( 'NONE', 'WORKASPACE' ) );
#2876 = ADVANCED_FACE ( 'NONE', ( #4602 ), #5052, .F. ) ;
#2877 = SURFACE_STYLE_USAGE ( .BOTH. , #3348 ) ;
#2878 = CARTESIAN_POINT ( 'NONE',  ( -0.09480858489508987852, 0.6814218455590903556, 0.000000000000000000 ) ) ;
#2879 = CARTESIAN_POINT ( 'NONE',  ( -0.6300000000000001155, -0.8549999999999999822, 0.2900000000000000355 ) ) ;
#2880 =( GEOMETRIC_REPRESENTATION_CONTEXT ( 3 ) GLOBAL_UNCERTAINTY_ASSIGNED_CONTEXT ( ( #6960 ) ) GLOBAL_UNIT_ASSIGNED_CONTEXT ( ( #2491, #3528, #5804 ) ) REPRESENTATION_CONTEXT ( 'NONE', 'WORKASPACE' ) );
#2881 = FILL_AREA_STYLE_COLOUR ( '', #288 ) ;
#2882 = COLOUR_RGB ( '',0.8313725490196077761, 0.8313725490196077761, 0.8196078431372548767 ) ;
#2883 = PRESENTATION_STYLE_ASSIGNMENT (( #4666 ) ) ;
#2884 = ORIENTED_EDGE ( 'NONE', *, *, #1247, .T. ) ;
#2885 = VECTOR ( 'NONE', #5308, 1000.000000000000000 ) ;
#2886 = STYLED_ITEM ( 'NONE', ( #2253 ), #6481 ) ;
#2887 = LINE ( 'NONE', #3873, #5455 ) ;
#2888 = DIRECTION ( 'NONE',  ( 1.000000000000000000, 0.000000000000000000, 0.000000000000000000 ) ) ;
#2889 = SURFACE_STYLE_USAGE ( .BOTH. , #4426 ) ;
#2890 = CARTESIAN_POINT ( 'NONE',  ( 0.06494751266588572047, 0.7277061443395781426, 0.000000000000000000 ) ) ;
#2891 = AXIS2_PLACEMENT_3D ( 'NONE', #584, #6704, #1709 ) ;
#2892 = VERTEX_POINT ( 'NONE', #5337 ) ;
#2893 = COLOUR_RGB ( '',0.8313725490196077761, 0.8313725490196077761, 0.8196078431372548767 ) ;
#2894 = FILL_AREA_STYLE ('',( #1637 ) ) ;
#2895 = SURFACE_SIDE_STYLE ('',( #5141 ) ) ;
#2896 = FACE_OUTER_BOUND ( 'NONE', #3991, .T. ) ;
#2897 = CARTESIAN_POINT ( 'NONE',  ( 1.000000000000000000, 0.7099999999999999645, 0.000000000000000000 ) ) ;
#2898 = CARTESIAN_POINT ( 'NONE',  ( 0.09061443339759304993, 0.6402061443395781204, 0.000000000000000000 ) ) ;
#2899 = MECHANICAL_DESIGN_GEOMETRIC_PRESENTATION_REPRESENTATION (  '', ( #5599 ), #7266 ) ;
#2900 =( LENGTH_UNIT ( ) NAMED_UNIT ( * ) SI_UNIT ( .MILLI., .METRE. ) );
#2901 = VERTEX_POINT ( 'NONE', #6937 ) ;
#2902 = EDGE_CURVE ( 'NONE', #87, #4911, #2436, .T. ) ;
#2903 = CARTESIAN_POINT ( 'NONE',  ( 0.06494751266588572047, 0.7277061443395781426, 0.01000000000000000021 ) ) ;
#2904 = COLOUR_RGB ( '',0.3411764705882353033, 0.8392156862745098200, 0.4117647058823529216 ) ;
#2905 = SURFACE_STYLE_FILL_AREA ( #4557 ) ;
#2906 = ORIENTED_EDGE ( 'NONE', *, *, #2776, .T. ) ;
#2907 = SURFACE_SIDE_STYLE ('',( #634 ) ) ;
#2908 = VERTEX_POINT ( 'NONE', #259 ) ;
#2909 = FACE_OUTER_BOUND ( 'NONE', #1006, .T. ) ;
#2910 = UNCERTAINTY_MEASURE_WITH_UNIT (LENGTH_MEASURE( 1.000000000000000082E-05 ), #517, 'distance_accuracy_value', 'NONE');
#2911 = FACE_OUTER_BOUND ( 'NONE', #940, .T. ) ;
#2912 = CARTESIAN_POINT ( 'NONE',  ( 0.1258884909740388136, 0.6809275827021525895, 0.01000000000000000021 ) ) ;
#2913 = ADVANCED_FACE ( 'NONE', ( #3018 ), #7054, .F. ) ;
#2914 =( LENGTH_UNIT ( ) NAMED_UNIT ( * ) SI_UNIT ( .MILLI., .METRE. ) );
#2915 = FACE_OUTER_BOUND ( 'NONE', #6675, .T. ) ;
#2916 = EDGE_LOOP ( 'NONE', ( #3615, #4036, #2100, #518, #7145, #5959 ) ) ;
#2917 = AXIS2_PLACEMENT_3D ( 'NONE', #5427, #5356, #307 ) ;
#2918 = VECTOR ( 'NONE', #1263, 1000.000000000000000 ) ;
#2919 = CARTESIAN_POINT ( 'NONE',  ( -0.06416710317408054476, 0.7189425364619128622, 0.01000000000000000021 ) ) ;
#2920 = CARTESIAN_POINT ( 'NONE',  ( -0.05779287496026144777, 0.7304090975833441579, 0.01000000000000000021 ) ) ;
#2921 = UNCERTAINTY_MEASURE_WITH_UNIT (LENGTH_MEASURE( 1.000000000000000082E-05 ), #3706, 'distance_accuracy_value', 'NONE');
#2922 = FILL_AREA_STYLE_COLOUR ( '', #6690 ) ;
#2923 = VECTOR ( 'NONE', #1018, 1000.000000000000000 ) ;
#2924 = VECTOR ( 'NONE', #5227, 1000.000000000000114 ) ;
#2925 = CARTESIAN_POINT ( 'NONE',  ( 0.06574352501695111817, 0.7280292633026653748, 0.000000000000000000 ) ) ;
#2926 = EDGE_LOOP ( 'NONE', ( #3696, #6705, #4644, #5655 ) ) ;
#2927 = VECTOR ( 'NONE', #2527, 1000.000000000000000 ) ;
#2928 = LINE ( 'NONE', #4104, #7276 ) ;
#2929 = CARTESIAN_POINT ( 'NONE',  ( -0.09480858489508987852, 0.6814218455590903556, 0.000000000000000000 ) ) ;
#2930 = CARTESIAN_POINT ( 'NONE',  ( -0.07626184116868336971, 0.6338709651218072949, 0.000000000000000000 ) ) ;
#2931 = DIRECTION ( 'NONE',  ( 0.000000000000000000, -0.000000000000000000, 1.000000000000000000 ) ) ;
#2932 = PLANE ( 'NONE',  #6656 ) ;
#2933 = DIRECTION ( 'NONE',  ( -1.000000000000000000, 0.000000000000000000, 0.000000000000000000 ) ) ;
#2934 = ORIENTED_EDGE ( 'NONE', *, *, #5213, .F. ) ;
#2935 = CARTESIAN_POINT ( 'NONE',  ( 0.07551895736521968550, 0.7307028805517076231, 0.01000000000000000021 ) ) ;
#2936 = FILL_AREA_STYLE_COLOUR ( '', #4724 ) ;
#2937 = DIRECTION ( 'NONE',  ( 0.000000000000000000, 0.000000000000000000, 1.000000000000000000 ) ) ;
#2938 = ORIENTED_EDGE ( 'NONE', *, *, #6225, .F. ) ;
#2939 = EDGE_CURVE ( 'NONE', #3105, #2763, #6418, .T. ) ;
#2940 = CARTESIAN_POINT ( 'NONE',  ( 0.09246275656832476930, 0.6292305345834805497, 0.01000000000000000021 ) ) ;
#2941 = FILL_AREA_STYLE ('',( #4046 ) ) ;
#2942 = SURFACE_SIDE_STYLE ('',( #716 ) ) ;
#2943 =( NAMED_UNIT ( * ) SI_UNIT ( $, .STERADIAN. ) SOLID_ANGLE_UNIT ( ) );
#2944 = CARTESIAN_POINT ( 'NONE',  ( -0.08442091856735212119, 0.6518978659838590151, 0.000000000000000000 ) ) ;
#2945 = VERTEX_POINT ( 'NONE', #824 ) ;
#2946 =( LENGTH_UNIT ( ) NAMED_UNIT ( * ) SI_UNIT ( .MILLI., .METRE. ) );
#2947 = DIRECTION ( 'NONE',  ( 0.000000000000000000, 0.000000000000000000, 1.000000000000000000 ) ) ;
#2948 = ADVANCED_FACE ( 'NONE', ( #4748 ), #2587, .F. ) ;
#2949 = FILL_AREA_STYLE ('',( #2435 ) ) ;
#2950 = CARTESIAN_POINT ( 'NONE',  ( -1.000000000000000000, -0.9000000000000003553, 0.2800000000000000266 ) ) ;
#2951 = CARTESIAN_POINT ( 'NONE',  ( 0.06777613910062856017, 0.6340716869813518564, 0.000000000000000000 ) ) ;
#2952 = CARTESIAN_POINT ( 'NONE',  ( 0.08171781021208079920, 0.7314409135971166043, 0.000000000000000000 ) ) ;
#2953 = DIRECTION ( 'NONE',  ( 0.000000000000000000, -1.000000000000000000, 0.000000000000000000 ) ) ;
#2954 = ORIENTED_EDGE ( 'NONE', *, *, #2990, .T. ) ;
#2955 = PRODUCT ( 'LED-SMD_4P-L2.0-W1.8_CY-0807', 'LED-SMD_4P-L2.0-W1.8_CY-0807', '', ( #6006 ) ) ;
#2956 = EDGE_CURVE ( 'NONE', #2477, #4237, #3542, .T. ) ;
#2957 = LINE ( 'NONE', #1268, #5915 ) ;
#2958 =( NAMED_UNIT ( * ) SI_UNIT ( $, .STERADIAN. ) SOLID_ANGLE_UNIT ( ) );
#2959 = FACE_OUTER_BOUND ( 'NONE', #6659, .T. ) ;
#2960 = PRESENTATION_LAYER_ASSIGNMENT (  '', '', ( #26 ) ) ;
#2961 =( NAMED_UNIT ( * ) PLANE_ANGLE_UNIT ( ) SI_UNIT ( $, .RADIAN. ) );
#2962 = DIRECTION ( 'NONE',  ( 0.000000000000000000, -0.000000000000000000, 1.000000000000000000 ) ) ;
#2963 = ORIENTED_EDGE ( 'NONE', *, *, #3755, .T. ) ;
#2964 = VECTOR ( 'NONE', #926, 1000.000000000000000 ) ;
#2965 = EDGE_CURVE ( 'NONE', #6649, #6975, #7232, .T. ) ;
#2966 = FILL_AREA_STYLE ('',( #6883 ) ) ;
#2967 = CARTESIAN_POINT ( 'NONE',  ( 0.5199999999999999067, 0.1450000000000000455, -0.01000000000000000021 ) ) ;
#2968 = ORIENTED_EDGE ( 'NONE', *, *, #6795, .T. ) ;
#2969 = COLOUR_RGB ( '',0.8313725490196077761, 0.8313725490196077761, 0.8196078431372548767 ) ;
#2970 =( GEOMETRIC_REPRESENTATION_CONTEXT ( 3 ) GLOBAL_UNCERTAINTY_ASSIGNED_CONTEXT ( ( #5794 ) ) GLOBAL_UNIT_ASSIGNED_CONTEXT ( ( #1777, #3983, #6809 ) ) REPRESENTATION_CONTEXT ( 'NONE', 'WORKASPACE' ) );
#2971 =( NAMED_UNIT ( * ) SI_UNIT ( $, .STERADIAN. ) SOLID_ANGLE_UNIT ( ) );
#2972 = ORIENTED_EDGE ( 'NONE', *, *, #3170, .T. ) ;
#2973 = SURFACE_STYLE_USAGE ( .BOTH. , #2463 ) ;
#2974 = COLOUR_RGB ( '',0.8313725490196077761, 0.8313725490196077761, 0.8196078431372548767 ) ;
#2975 = SURFACE_STYLE_FILL_AREA ( #740 ) ;
#2976 = UNCERTAINTY_MEASURE_WITH_UNIT (LENGTH_MEASURE( 1.000000000000000082E-05 ), #781, 'distance_accuracy_value', 'NONE');
#2977 = COLOUR_RGB ( '',0.8313725490196077761, 0.8313725490196077761, 0.8196078431372548767 ) ;
#2978 =( NAMED_UNIT ( * ) PLANE_ANGLE_UNIT ( ) SI_UNIT ( $, .RADIAN. ) );
#2979 = DIRECTION ( 'NONE',  ( 1.527045313359865723E-16, -1.000000000000000000, 0.000000000000000000 ) ) ;
#2980 = CARTESIAN_POINT ( 'NONE',  ( -0.07540011459748489908, 0.6454762181437609936, 0.000000000000000000 ) ) ;
#2981 =( GEOMETRIC_REPRESENTATION_CONTEXT ( 3 ) GLOBAL_UNCERTAINTY_ASSIGNED_CONTEXT ( ( #6693 ) ) GLOBAL_UNIT_ASSIGNED_CONTEXT ( ( #1298, #6417, #788 ) ) REPRESENTATION_CONTEXT ( 'NONE', 'WORKASPACE' ) );
#2982 = CIRCLE ( 'NONE', #5211, 0.2000000000000002054 ) ;
#2983 = CARTESIAN_POINT ( 'NONE',  ( -0.09471210965855168806, 0.6859312219435775848, 0.01000000000000000021 ) ) ;
#2984 = CARTESIAN_POINT ( 'NONE',  ( -0.09336570678261672807, 0.7172767580187354719, 0.01000000000000000021 ) ) ;
#2985 = PRESENTATION_STYLE_ASSIGNMENT (( #2549 ) ) ;
#2986 = CARTESIAN_POINT ( 'NONE',  ( 0.08846837653726323525, 0.6292773819382395661, 0.01000000000000000021 ) ) ;
#2987 = MECHANICAL_DESIGN_GEOMETRIC_PRESENTATION_REPRESENTATION (  '', ( #2526 ), #5339 ) ;
#2988 = FILL_AREA_STYLE ('',( #5167 ) ) ;
#2989 = FILL_AREA_STYLE ('',( #1916 ) ) ;
#2990 = EDGE_CURVE ( 'NONE', #1846, #6201, #3622, .T. ) ;
#2991 = ORIENTED_EDGE ( 'NONE', *, *, #2744, .F. ) ;
#2992 = DIRECTION ( 'NONE',  ( -1.000000000000000000, 0.000000000000000000, 0.000000000000000000 ) ) ;
#2993 = UNCERTAINTY_MEASURE_WITH_UNIT (LENGTH_MEASURE( 1.000000000000000082E-05 ), #346, 'distance_accuracy_value', 'NONE');
#2994 =( NAMED_UNIT ( * ) SI_UNIT ( $, .STERADIAN. ) SOLID_ANGLE_UNIT ( ) );
#2995 =( GEOMETRIC_REPRESENTATION_CONTEXT ( 3 ) GLOBAL_UNCERTAINTY_ASSIGNED_CONTEXT ( ( #3566 ) ) GLOBAL_UNIT_ASSIGNED_CONTEXT ( ( #979, #864, #5694 ) ) REPRESENTATION_CONTEXT ( 'NONE', 'WORKASPACE' ) );
#2996 =( GEOMETRIC_REPRESENTATION_CONTEXT ( 3 ) GLOBAL_UNCERTAINTY_ASSIGNED_CONTEXT ( ( #4009 ) ) GLOBAL_UNIT_ASSIGNED_CONTEXT ( ( #3482, #5724, #4579 ) ) REPRESENTATION_CONTEXT ( 'NONE', 'WORKASPACE' ) );
#2997 = CARTESIAN_POINT ( 'NONE',  ( 0.6258588646516010101, -0.8999999999999999112, 0.2800000000000000266 ) ) ;
#2998 = EDGE_CURVE ( 'NONE', #3881, #6647, #6609, .T. ) ;
#2999 = AXIS2_PLACEMENT_3D ( 'NONE', #1301, #4605, #6839 ) ;
#3000 = CARTESIAN_POINT ( 'NONE',  ( 0.1250313540802210355, 0.7171249960993169026, 0.000000000000000000 ) ) ;
#3001 = CARTESIAN_POINT ( 'NONE',  ( -0.09470701600457520630, 0.6768947080704825758, 0.01000000000000000021 ) ) ;
#3002 = VECTOR ( 'NONE', #7009, 1000.000000000000000 ) ;
#3003 = CARTESIAN_POINT ( 'NONE',  ( -0.6300000000000001155, -0.8549999999999999822, 0.2900000000000000355 ) ) ;
#3004 = SURFACE_STYLE_FILL_AREA ( #1827 ) ;
#3005 = PRESENTATION_STYLE_ASSIGNMENT (( #3111 ) ) ;
#3006 = EDGE_LOOP ( 'NONE', ( #5955, #4939, #3777, #3043 ) ) ;
#3007 = SURFACE_STYLE_USAGE ( .BOTH. , #4660 ) ;
#3008 = PLANE ( 'NONE',  #764 ) ;
#3009 = LINE ( 'NONE', #3117, #5328 ) ;
#3010 = VECTOR ( 'NONE', #149, 1000.000000000000000 ) ;
#3011 = EDGE_CURVE ( 'NONE', #1613, #5547, #968, .T. ) ;
#3012 = DIRECTION ( 'NONE',  ( 1.000000000000000000, 0.000000000000000000, 0.000000000000000000 ) ) ;
#3013 = CARTESIAN_POINT ( 'NONE',  ( 0.06494751266588572047, 0.6466085833639682035, 0.000000000000000000 ) ) ;
#3014 = CARTESIAN_POINT ( 'NONE',  ( 1.000000000000000000, 0.8549999999999999822, -0.01000000000000000021 ) ) ;
#3015 = CARTESIAN_POINT ( 'NONE',  ( 0.6300000000000001155, 0.1450000000000000455, 0.2900000000000000355 ) ) ;
#3016 = CARTESIAN_POINT ( 'NONE',  ( -0.09477580683684878882, 0.6829539340728435493, 0.01000000000000000021 ) ) ;
#3017 = LINE ( 'NONE', #4056, #5690 ) ;
#3018 = FACE_OUTER_BOUND ( 'NONE', #2765, .T. ) ;
#3019 = CARTESIAN_POINT ( 'NONE',  ( -0.6300000000000001155, 0.8549999999999999822, 0.2900000000000000355 ) ) ;
#3020 = VERTEX_POINT ( 'NONE', #933 ) ;
#3021 = CLOSED_SHELL ( 'NONE', ( #747, #4203, #2367, #2503, #483, #1106, #199, #125, #1659, #5236, #4671, #4806, #674, #2461, #4229, #3556, #4616, #3573, #2804, #3599, #6676, #7070, #4811, #3239, #3660, #3116, #4886, #3074, #6648, #3934, #6767, #4769, #6147, #5793, #2948, #5447, #5892, #1912, #7118, #6390, #1839, #6540, #5214, #5748, #6707, #3807, #3349, #4545, #2051, #5134, #6445, #2876, #316, #1713, #1973, #3472, #6481, #4360, #4877, #5287, #1727, #3443, #1951, #2785, #3996, #6123, #6739, #1814, #715, #3600, #2408, #5026, #345, #524, #2913, #3271, #619, #3310, #4251, #1466, #4653, #6874, #5037, #3508, #2080, #2327, #243, #1984, #1624, #5357, #4797, #6000, #66, #5383, #876, #118, #1227, #362, #6444, #1213, #4050, #7062, #6350, #971, #3036, #6291, #1932, #1555, #6114, #6841, #3490, #1822, #461, #3583, #6574, #1177, #3401, #800, #3630, #5294, #3251, #6157, #4929, #1873, #4812, #6884, #6332, #2522, #4079, #3029, #5329, #6749, #5103, #5068, #7184, #1025, #5166, #1753, #6370, #2620, #6802, #1736, #1004, #2841, #5761 ) ) ;
#3022 = VECTOR ( 'NONE', #3134, 1000.000000000000000 ) ;
#3023 = DIRECTION ( 'NONE',  ( -1.000000000000000000, 0.000000000000000000, 0.000000000000000000 ) ) ;
#3024 = ORIENTED_EDGE ( 'NONE', *, *, #4537, .F. ) ;
#3025 = CARTESIAN_POINT ( 'NONE',  ( -1.000000000000000000, 0.5000000000000000000, 0.2900000000000000355 ) ) ;
#3026 =( GEOMETRIC_REPRESENTATION_CONTEXT ( 3 ) GLOBAL_UNCERTAINTY_ASSIGNED_CONTEXT ( ( #4454 ) ) GLOBAL_UNIT_ASSIGNED_CONTEXT ( ( #3399, #6100, #6618 ) ) REPRESENTATION_CONTEXT ( 'NONE', 'WORKASPACE' ) );
#3027 = FILL_AREA_STYLE_COLOUR ( '', #6161 ) ;
#3028 = CARTESIAN_POINT ( 'NONE',  ( 0.1376359718639641183, 0.6631246687845849808, 0.000000000000000000 ) ) ;
#3029 = ADVANCED_FACE ( 'NONE', ( #1550 ), #5416, .T. ) ;
#3030 = PRESENTATION_STYLE_ASSIGNMENT (( #1852 ) ) ;
#3031 = SURFACE_SIDE_STYLE ('',( #802 ) ) ;
#3032 = MECHANICAL_DESIGN_GEOMETRIC_PRESENTATION_REPRESENTATION (  '', ( #4331 ), #5397 ) ;
#3033 = ORIENTED_EDGE ( 'NONE', *, *, #3827, .T. ) ;
#3034 =( GEOMETRIC_REPRESENTATION_CONTEXT ( 3 ) GLOBAL_UNCERTAINTY_ASSIGNED_CONTEXT ( ( #6302 ) ) GLOBAL_UNIT_ASSIGNED_CONTEXT ( ( #3892, #2, #6143 ) ) REPRESENTATION_CONTEXT ( 'NONE', 'WORKASPACE' ) );
#3035 = FILL_AREA_STYLE_COLOUR ( '', #2977 ) ;
#3036 = ADVANCED_FACE ( 'NONE', ( #2171 ), #4378, .F. ) ;
#3037 = LINE ( 'NONE', #3492, #4663 ) ;
#3038 = PRESENTATION_STYLE_ASSIGNMENT (( #1312 ) ) ;
#3039 = VERTEX_POINT ( 'NONE', #3274 ) ;
#3040 = CARTESIAN_POINT ( 'NONE',  ( 0.1162230687366967302, 0.6507491671830630819, 0.01000000000000000021 ) ) ;
#3041 = CARTESIAN_POINT ( 'NONE',  ( -0.2363672607811218573, 0.000000000000000000, -0.01000000000000000021 ) ) ;
#3042 = LINE ( 'NONE', #5286, #6625 ) ;
#3043 = ORIENTED_EDGE ( 'NONE', *, *, #773, .F. ) ;
#3044 = CARTESIAN_POINT ( 'NONE',  ( 0.08848028705612964728, 0.7316695589737244321, 0.01000000000000000021 ) ) ;
#3045 = CARTESIAN_POINT ( 'NONE',  ( 0.1158352788041488307, 0.6344266851252430284, 0.000000000000000000 ) ) ;
#3046 = UNCERTAINTY_MEASURE_WITH_UNIT (LENGTH_MEASURE( 1.000000000000000082E-05 ), #4252, 'distance_accuracy_value', 'NONE');
#3047 = CARTESIAN_POINT ( 'NONE',  ( -1.000000000000000000, 0.7099999999999999645, 0.2800000000000000266 ) ) ;
#3048 = ORIENTED_EDGE ( 'NONE', *, *, #7293, .F. ) ;
#3049 = CARTESIAN_POINT ( 'NONE',  ( -1.000000000000000000, -0.1450000000000000455, 0.2900000000000000355 ) ) ;
#3050 = DIRECTION ( 'NONE',  ( 0.000000000000000000, 0.000000000000000000, -1.000000000000000000 ) ) ;
#3051 = EDGE_CURVE ( 'NONE', #2601, #344, #489, .T. ) ;
#3052 = DIRECTION ( 'NONE',  ( 0.000000000000000000, -1.000000000000000000, 0.000000000000000000 ) ) ;
#3053 = UNCERTAINTY_MEASURE_WITH_UNIT (LENGTH_MEASURE( 1.000000000000000082E-05 ), #1374, 'distance_accuracy_value', 'NONE');
#3054 = EDGE_CURVE ( 'NONE', #1996, #4279, #75, .T. ) ;
#3055 = CARTESIAN_POINT ( 'NONE',  ( 0.06588585174338464079, 0.6351150486408816409, 0.000000000000000000 ) ) ;
#3056 = LINE ( 'NONE', #2032, #3206 ) ;
#3057 = ORIENTED_EDGE ( 'NONE', *, *, #2196, .F. ) ;
#3058 = DIRECTION ( 'NONE',  ( -0.000000000000000000, -1.000000000000000000, -0.000000000000000000 ) ) ;
#3059 = ORIENTED_EDGE ( 'NONE', *, *, #1534, .F. ) ;
#3060 = CARTESIAN_POINT ( 'NONE',  ( -0.09480858489508987852, 0.6814218455590903556, 0.01000000000000000021 ) ) ;
#3061 = SURFACE_STYLE_FILL_AREA ( #4283 ) ;
#3062 = DIRECTION ( 'NONE',  ( 0.000000000000000000, 0.000000000000000000, -1.000000000000000000 ) ) ;
#3063 =( NAMED_UNIT ( * ) PLANE_ANGLE_UNIT ( ) SI_UNIT ( $, .RADIAN. ) );
#3064 =( LENGTH_UNIT ( ) NAMED_UNIT ( * ) SI_UNIT ( .MILLI., .METRE. ) );
#3065 = EDGE_LOOP ( 'NONE', ( #1128, #1457, #6037, #6075, #5071, #5009 ) ) ;
#3066 = CARTESIAN_POINT ( 'NONE',  ( 0.09382955596559058864, 0.7315450988345422179, 0.000000000000000000 ) ) ;
#3067 = CARTESIAN_POINT ( 'NONE',  ( -0.6196209054024641727, -0.8996193823540277190, 0.3018055703337348961 ) ) ;
#3068 = VERTEX_POINT ( 'NONE', #6267 ) ;
#3069 = PRESENTATION_STYLE_ASSIGNMENT (( #6437 ) ) ;
#3070 = SURFACE_STYLE_FILL_AREA ( #2966 ) ;
#3071 = CARTESIAN_POINT ( 'NONE',  ( -1.000000000000000000, 0.1450000000000000455, -0.01000000000000000021 ) ) ;
#3072 = ORIENTED_EDGE ( 'NONE', *, *, #3781, .F. ) ;
#3073 = STYLED_ITEM ( 'NONE', ( #4017 ), #5166 ) ;
#3074 = ADVANCED_FACE ( 'NONE', ( #714 ), #6722, .T. ) ;
#3075 = FACE_OUTER_BOUND ( 'NONE', #6271, .T. ) ;
#3076 = EDGE_LOOP ( 'NONE', ( #5520, #7154, #5193, #5848 ) ) ;
#3077 = CARTESIAN_POINT ( 'NONE',  ( 0.1393377565683247554, 0.6785636138517732174, 0.000000000000000000 ) ) ;
#3078 = SURFACE_SIDE_STYLE ('',( #6337 ) ) ;
#3079 = PRESENTATION_LAYER_ASSIGNMENT (  '', '', ( #6499 ) ) ;
#3080 = LINE ( 'NONE', #5327, #3336 ) ;
#3081 = B_SPLINE_CURVE_WITH_KNOTS ( 'NONE', 3,
 ( #6470, #6946, #2407, #862, #5796, #1885, #6321, #6980, #3523, #5352, #1306, #761, #2003, #4105, #3028, #731, #5198, #4131, #5274 ),
 .UNSPECIFIED., .F., .F.,
 ( 4, 1, 1, 1, 1, 1, 1, 1, 1, 1, 1, 1, 1, 1, 1, 1, 4 ),
 ( 0.000000000000000000, 0.06783324845577358431, 0.1326555365079040150, 0.1950508840508278219, 0.2555829330687769407, 0.3147998341472895145, 0.3736004728263743746, 0.4325455953267435261, 0.4924306292835656240, 0.5526712559629697319, 0.6125130441881163623, 0.6726102503570059454, 0.7338383693139463038, 0.7965942385677734494, 0.8614497992905729706, 0.9291989423509054991, 1.000000000000000000 ),
 .UNSPECIFIED. ) ;
#3082 = LINE ( 'NONE', #4194, #6305 ) ;
#3083 = ORIENTED_EDGE ( 'NONE', *, *, #1563, .F. ) ;
#3084 = DIRECTION ( 'NONE',  ( -0.000000000000000000, -0.000000000000000000, 1.000000000000000000 ) ) ;
#3085 = EDGE_CURVE ( 'NONE', #3039, #4835, #5123, .T. ) ;
#3086 = AXIS2_PLACEMENT_3D ( 'NONE', #1699, #1801, #2947 ) ;
#3087 = FILL_AREA_STYLE ('',( #4270 ) ) ;
#3088 = PRESENTATION_LAYER_ASSIGNMENT (  '', '', ( #1228 ) ) ;
#3089 = CARTESIAN_POINT ( 'NONE',  ( 0.07397999884137999860, 0.6316738271091032475, 0.000000000000000000 ) ) ;
#3090 = ORIENTED_EDGE ( 'NONE', *, *, #3897, .F. ) ;
#3091 = VECTOR ( 'NONE', #1576, 1000.000000000000000 ) ;
#3092 =( LENGTH_UNIT ( ) NAMED_UNIT ( * ) SI_UNIT ( .MILLI., .METRE. ) );
#3093 = DIRECTION ( 'NONE',  ( 0.000000000000000000, -0.000000000000000000, 1.000000000000000000 ) ) ;
#3094 = ORIENTED_EDGE ( 'NONE', *, *, #1074, .T. ) ;
#3095 = SURFACE_STYLE_FILL_AREA ( #1336 ) ;
#3096 = PRESENTATION_STYLE_ASSIGNMENT (( #5831 ) ) ;
#3097 = STYLED_ITEM ( 'NONE', ( #94 ), #4229 ) ;
#3098 = CARTESIAN_POINT ( 'NONE',  ( 0.1128180798227536169, 0.7121756606535966094, 0.000000000000000000 ) ) ;
#3099 = VECTOR ( 'NONE', #3604, 1000.000000000000000 ) ;
#3100 = DIRECTION ( 'NONE',  ( -0.000000000000000000, -1.000000000000000000, -0.000000000000000000 ) ) ;
#3101 = ORIENTED_EDGE ( 'NONE', *, *, #5541, .F. ) ;
#3102 = CARTESIAN_POINT ( 'NONE',  ( 1.000000000000000000, 0.7100000000000000755, 0.2800000000000000266 ) ) ;
#3103 =( GEOMETRIC_REPRESENTATION_CONTEXT ( 3 ) GLOBAL_UNCERTAINTY_ASSIGNED_CONTEXT ( ( #6369 ) ) GLOBAL_UNIT_ASSIGNED_CONTEXT ( ( #1098, #2194, #6845 ) ) REPRESENTATION_CONTEXT ( 'NONE', 'WORKASPACE' ) );
#3104 = CARTESIAN_POINT ( 'NONE',  ( -0.07171708024198215903, 0.7286605452070153977, 0.009999999999999991535 ) ) ;
#3105 = VERTEX_POINT ( 'NONE', #1188 ) ;
#3106 = CARTESIAN_POINT ( 'NONE',  ( 1.000000000000000000, 0.8549999999999999822, 0.2900000000000000355 ) ) ;
#3107 = PRESENTATION_STYLE_ASSIGNMENT (( #1419 ) ) ;
#3108 = ORIENTED_EDGE ( 'NONE', *, *, #1533, .F. ) ;
#3109 = CARTESIAN_POINT ( 'NONE',  ( 0.1162230687366967302, 0.6507491671830630819, 0.000000000000000000 ) ) ;
#3110 = CARTESIAN_POINT ( 'NONE',  ( -0.06139508152238551397, 0.7303288077121911082, 0.000000000000000000 ) ) ;
#3111 = SURFACE_STYLE_USAGE ( .BOTH. , #6446 ) ;
#3112 = ORIENTED_EDGE ( 'NONE', *, *, #7173, .F. ) ;
#3113 = AXIS2_PLACEMENT_3D ( 'NONE', #520, #7199, #2764 ) ;
#3114 = FILL_AREA_STYLE ('',( #1988 ) ) ;
#3115 = CARTESIAN_POINT ( 'NONE',  ( 0.1386114255464881428, 0.6680317404278383053, 0.000000000000000000 ) ) ;
#3116 = ADVANCED_FACE ( 'NONE', ( #2911 ), #1729, .T. ) ;
#3117 = CARTESIAN_POINT ( 'NONE',  ( 0.1990938541293003905, 0.7304500467786024798, 0.000000000000000000 ) ) ;
#3118 = FACE_OUTER_BOUND ( 'NONE', #3215, .T. ) ;
#3119 = PRESENTATION_LAYER_ASSIGNMENT (  '', '', ( #4304 ) ) ;
#3120 = SURFACE_STYLE_USAGE ( .BOTH. , #6412 ) ;
#3121 = ORIENTED_EDGE ( 'NONE', *, *, #4584, .T. ) ;
#3122 = CARTESIAN_POINT ( 'NONE',  ( 1.000000000000000000, -0.9000000000000002442, 0.000000000000000000 ) ) ;
#3123 = CARTESIAN_POINT ( 'NONE',  ( -0.1599381580658215951, 0.7182549248273829567, 0.000000000000000000 ) ) ;
#3124 = LINE ( 'NONE', #3164, #1919 ) ;
#3125 = UNCERTAINTY_MEASURE_WITH_UNIT (LENGTH_MEASURE( 1.000000000000000082E-05 ), #1522, 'distance_accuracy_value', 'NONE');
#3126 = EDGE_CURVE ( 'NONE', #5639, #1184, #3502, .T. ) ;
#3127 = CARTESIAN_POINT ( 'NONE',  ( -0.07626184116868336971, 0.6338709651218072949, 0.01000000000000000021 ) ) ;
#3128 = VERTEX_POINT ( 'NONE', #4527 ) ;
#3129 = PRESENTATION_STYLE_ASSIGNMENT (( #937 ) ) ;
#3130 = LINE ( 'NONE', #6536, #426 ) ;
#3131 = EDGE_LOOP ( 'NONE', ( #360, #3916, #1774, #2124, #2186, #4931 ) ) ;
#3132 =( GEOMETRIC_REPRESENTATION_CONTEXT ( 3 ) GLOBAL_UNCERTAINTY_ASSIGNED_CONTEXT ( ( #3866 ) ) GLOBAL_UNIT_ASSIGNED_CONTEXT ( ( #2190, #2228, #3365 ) ) REPRESENTATION_CONTEXT ( 'NONE', 'WORKASPACE' ) );
#3133 = PLANE ( 'NONE',  #5444 ) ;
#3134 = DIRECTION ( 'NONE',  ( 0.000000000000000000, -1.000000000000000000, 0.000000000000000000 ) ) ;
#3135 = FACE_OUTER_BOUND ( 'NONE', #1256, .T. ) ;
#3136 =( GEOMETRIC_REPRESENTATION_CONTEXT ( 3 ) GLOBAL_UNCERTAINTY_ASSIGNED_CONTEXT ( ( #2548 ) ) GLOBAL_UNIT_ASSIGNED_CONTEXT ( ( #7244, #4425, #2290 ) ) REPRESENTATION_CONTEXT ( 'NONE', 'WORKASPACE' ) );
#3137 = SURFACE_STYLE_FILL_AREA ( #4320 ) ;
#3138 = CARTESIAN_POINT ( 'NONE',  ( -0.04115004830972406047, 0.6414256565347000727, 0.000000000000000000 ) ) ;
#3139 = FILL_AREA_STYLE_COLOUR ( '', #6227 ) ;
#3140 = ORIENTED_EDGE ( 'NONE', *, *, #3730, .T. ) ;
#3141 = CARTESIAN_POINT ( 'NONE',  ( 0.1313401416467832594, 0.7092506825185561636, 0.000000000000000000 ) ) ;
#3142 = COLOUR_RGB ( '',0.8313725490196077761, 0.8313725490196077761, 0.8196078431372548767 ) ;
#3143 = PRESENTATION_LAYER_ASSIGNMENT (  '', '', ( #2806 ) ) ;
#3144 = ORIENTED_EDGE ( 'NONE', *, *, #5008, .F. ) ;
#3145 =( NAMED_UNIT ( * ) PLANE_ANGLE_UNIT ( ) SI_UNIT ( $, .RADIAN. ) );
#3146 = EDGE_CURVE ( 'NONE', #6519, #1935, #1656, .T. ) ;
#3147 = EDGE_CURVE ( 'NONE', #5379, #2161, #5866, .T. ) ;
#3148 = CARTESIAN_POINT ( 'NONE',  ( 0.1418239742663621461, -0.2642610428101545561, 0.000000000000000000 ) ) ;
#3149 = VERTEX_POINT ( 'NONE', #1989 ) ;
#3150 = MECHANICAL_DESIGN_GEOMETRIC_PRESENTATION_REPRESENTATION (  '', ( #4444 ), #6920 ) ;
#3151 =( GEOMETRIC_REPRESENTATION_CONTEXT ( 3 ) GLOBAL_UNCERTAINTY_ASSIGNED_CONTEXT ( ( #5251 ) ) GLOBAL_UNIT_ASSIGNED_CONTEXT ( ( #3750, #4369, #4890 ) ) REPRESENTATION_CONTEXT ( 'NONE', 'WORKASPACE' ) );
#3152 = CARTESIAN_POINT ( 'NONE',  ( 0.1258953404369706208, 0.6779208530382936360, 0.000000000000000000 ) ) ;
#3153 = CARTESIAN_POINT ( 'NONE',  ( -0.09336570678261672807, 0.7172767580187354719, 0.000000000000000000 ) ) ;
#3154 =( LENGTH_UNIT ( ) NAMED_UNIT ( * ) SI_UNIT ( .MILLI., .METRE. ) );
#3155 = ORIENTED_EDGE ( 'NONE', *, *, #2205, .F. ) ;
#3156 = COLOUR_RGB ( '',0.2980392156862745057, 0.2980392156862745057, 0.2980392156862745057 ) ;
#3157 = COLOUR_RGB ( '',0.8313725490196077761, 0.8313725490196077761, 0.8196078431372548767 ) ;
#3158 = COLOUR_RGB ( '',0.8313725490196077761, 0.8313725490196077761, 0.8196078431372548767 ) ;
#3159 = CARTESIAN_POINT ( 'NONE',  ( 0.09246275656832476930, 0.6292305345834805497, 0.000000000000000000 ) ) ;
#3160 = DIRECTION ( 'NONE',  ( -1.000000000000000000, -0.000000000000000000, 0.000000000000000000 ) ) ;
#3161 = LINE ( 'NONE', #4816, #592 ) ;
#3162 = CARTESIAN_POINT ( 'NONE',  ( -0.02773541416338257473, 0.7304500467786024798, 0.000000000000000000 ) ) ;
#3163 = LINE ( 'NONE', #1586, #4544 ) ;
#3164 = CARTESIAN_POINT ( 'NONE',  ( 0.1418239742663621461, -0.2642610428101545561, -0.01000000000000000021 ) ) ;
#3165 = SURFACE_STYLE_USAGE ( .BOTH. , #6461 ) ;
#3166 = ORIENTED_EDGE ( 'NONE', *, *, #1309, .F. ) ;
#3167 = DIRECTION ( 'NONE',  ( -0.000000000000000000, -1.000000000000000000, -0.000000000000000000 ) ) ;
#3168 = ORIENTED_EDGE ( 'NONE', *, *, #2618, .T. ) ;
#3169 = VERTEX_POINT ( 'NONE', #5291 ) ;
#3170 = EDGE_CURVE ( 'NONE', #1480, #871, #5810, .T. ) ;
#3171 = SURFACE_STYLE_FILL_AREA ( #3904 ) ;
#3172 = CARTESIAN_POINT ( 'NONE',  ( -0.9899999999999999911, -0.8900000000000003464, 0.2800000000000000266 ) ) ;
#3173 = CARTESIAN_POINT ( 'NONE',  ( -0.06010106909054563351, 0.7193879634396748157, 0.01000000000000000021 ) ) ;
#3174 = LINE ( 'NONE', #2678, #5223 ) ;
#3175 =( LENGTH_UNIT ( ) NAMED_UNIT ( * ) SI_UNIT ( .MILLI., .METRE. ) );
#3176 = FACE_OUTER_BOUND ( 'NONE', #3412, .T. ) ;
#3177 = B_SPLINE_CURVE_WITH_KNOTS ( 'NONE', 3,
 ( #2363, #2920, #6378, #7015, #6346, #750, #3473, #4008, #5259, #2984, #189, #5163, #119, #2472, #6861, #5226, #4709, #1262, #6968 ),
 .UNSPECIFIED., .F., .F.,
 ( 4, 1, 1, 1, 1, 1, 1, 1, 1, 1, 1, 1, 1, 1, 1, 1, 4 ),
 ( 0.000000000000000000, 0.06863117867660104010, 0.1345664660386768630, 0.1983281540108809970, 0.2607897666408446335, 0.3219991514841585856, 0.3827217465030195997, 0.4435374740357292400, 0.5051334294849251227, 0.5662138747646717762, 0.6261058646175462483, 0.6853493221605172492, 0.7449958703477983502, 0.8054158418145639375, 0.8676362663459531444, 0.9323077823023293575, 1.000000000000000000 ),
 .UNSPECIFIED. ) ;
#3178 = ORIENTED_EDGE ( 'NONE', *, *, #6324, .T. ) ;
#3179 = FACE_OUTER_BOUND ( 'NONE', #1302, .T. ) ;
#3180 = EDGE_CURVE ( 'NONE', #6552, #803, #184, .T. ) ;
#3181 = EDGE_LOOP ( 'NONE', ( #769, #3843, #1564, #3421 ) ) ;
#3182 = CARTESIAN_POINT ( 'NONE',  ( 0.1418239742663621461, 0.2444962138608657853, 0.000000000000000000 ) ) ;
#3183 = SURFACE_STYLE_FILL_AREA ( #358 ) ;
#3184 = CARTESIAN_POINT ( 'NONE',  ( -0.1765349568463095431, 0.6694744370225048646, 0.000000000000000000 ) ) ;
#3185 = VERTEX_POINT ( 'NONE', #5252 ) ;
#3186 = CARTESIAN_POINT ( 'NONE',  ( 0.1016049461206680604, 0.6416239506492681377, 0.01000000000000000021 ) ) ;
#3187 = SURFACE_STYLE_USAGE ( .BOTH. , #6740 ) ;
#3188 = EDGE_LOOP ( 'NONE', ( #1215, #4490, #2048, #2068 ) ) ;
#3189 = CARTESIAN_POINT ( 'NONE',  ( 0.04543531754393450445, 0.7304500467786024798, 0.000000000000000000 ) ) ;
#3190 = DIRECTION ( 'NONE',  ( 1.000000000000000000, 0.000000000000000000, 0.000000000000000000 ) ) ;
#3191 = CARTESIAN_POINT ( 'NONE',  ( -0.1301744385536265092, 0.6304500467786023910, 0.000000000000000000 ) ) ;
#3192 = PRESENTATION_LAYER_ASSIGNMENT (  '', '', ( #2255 ) ) ;
#3193 = CARTESIAN_POINT ( 'NONE',  ( 0.1990938541293003905, 0.7304500467786024798, 0.000000000000000000 ) ) ;
#3194 =( GEOMETRIC_REPRESENTATION_CONTEXT ( 3 ) GLOBAL_UNCERTAINTY_ASSIGNED_CONTEXT ( ( #2921 ) ) GLOBAL_UNIT_ASSIGNED_CONTEXT ( ( #3706, #2460, #6559 ) ) REPRESENTATION_CONTEXT ( 'NONE', 'WORKASPACE' ) );
#3195 = CARTESIAN_POINT ( 'NONE',  ( -0.05534593245606547751, 0.6414256565347000727, 0.01000000000000000021 ) ) ;
#3196 = ORIENTED_EDGE ( 'NONE', *, *, #5853, .T. ) ;
#3197 =( LENGTH_UNIT ( ) NAMED_UNIT ( * ) SI_UNIT ( .MILLI., .METRE. ) );
#3198 = CARTESIAN_POINT ( 'NONE',  ( -0.8000000000000000444, 0.5000000000000000000, 0.2900000000000000355 ) ) ;
#3199 =( GEOMETRIC_REPRESENTATION_CONTEXT ( 3 ) GLOBAL_UNCERTAINTY_ASSIGNED_CONTEXT ( ( #6905 ) ) GLOBAL_UNIT_ASSIGNED_CONTEXT ( ( #7187, #3548, #5093 ) ) REPRESENTATION_CONTEXT ( 'NONE', 'WORKASPACE' ) );
#3200 = CARTESIAN_POINT ( 'NONE',  ( 1.000000000000000000, 0.5000000000000000000, -0.01000000000000000021 ) ) ;
#3201 = UNCERTAINTY_MEASURE_WITH_UNIT (LENGTH_MEASURE( 1.000000000000000082E-05 ), #2494, 'distance_accuracy_value', 'NONE');
#3202 = ORIENTED_EDGE ( 'NONE', *, *, #5509, .F. ) ;
#3203 = AXIS2_PLACEMENT_3D ( 'NONE', #6541, #5943, #228 ) ;
#3204 = PRESENTATION_LAYER_ASSIGNMENT (  '', '', ( #6389 ) ) ;
#3205 = ORIENTED_EDGE ( 'NONE', *, *, #3223, .T. ) ;
#3206 = VECTOR ( 'NONE', #2588, 1000.000000000000000 ) ;
#3207 = CARTESIAN_POINT ( 'NONE',  ( 0.1856792199829589152, 0.6414256565347000727, 0.000000000000000000 ) ) ;
#3208 = UNCERTAINTY_MEASURE_WITH_UNIT (LENGTH_MEASURE( 1.000000000000000082E-05 ), #7252, 'distance_accuracy_value', 'NONE');
#3209 = PRESENTATION_STYLE_ASSIGNMENT (( #3320 ) ) ;
#3210 = CARTESIAN_POINT ( 'NONE',  ( 0.1016049461206680604, 0.6416239506492681377, 0.01000000000000000021 ) ) ;
#3211 = COLOUR_RGB ( '',0.8313725490196077761, 0.8313725490196077761, 0.8196078431372548767 ) ;
#3212 = EDGE_CURVE ( 'NONE', #3330, #6548, #3605, .T. ) ;
#3213 = FILL_AREA_STYLE ('',( #980 ) ) ;
#3214 = DIRECTION ( 'NONE',  ( 0.000000000000000000, 0.000000000000000000, -1.000000000000000000 ) ) ;
#3215 = EDGE_LOOP ( 'NONE', ( #6424, #1872, #420, #2738 ) ) ;
#3216 = SURFACE_SIDE_STYLE ('',( #6620 ) ) ;
#3217 = VECTOR ( 'NONE', #2394, 1000.000000000000000 ) ;
#3218 = PRESENTATION_STYLE_ASSIGNMENT (( #3772 ) ) ;
#3219 = ORIENTED_EDGE ( 'NONE', *, *, #38, .T. ) ;
#3220 = CARTESIAN_POINT ( 'NONE',  ( -1.000000000000000000, -0.5000000000000000000, -0.2400000000000000466 ) ) ;
#3221 = AXIS2_PLACEMENT_3D ( 'NONE', #3071, #2535, #5366 ) ;
#3222 = AXIS2_PLACEMENT_3D ( 'NONE', #3820, #4580, #4065 ) ;
#3223 = EDGE_CURVE ( 'NONE', #4828, #3602, #6821, .T. ) ;
#3224 =( LENGTH_UNIT ( ) NAMED_UNIT ( * ) SI_UNIT ( .MILLI., .METRE. ) );
#3225 = ORIENTED_EDGE ( 'NONE', *, *, #6182, .T. ) ;
#3226 = COLOUR_RGB ( '',0.8313725490196077761, 0.8313725490196077761, 0.8196078431372548767 ) ;
#3227 = AXIS2_PLACEMENT_3D ( 'NONE', #4011, #3946, #5564 ) ;
#3228 = ORIENTED_EDGE ( 'NONE', *, *, #1196, .T. ) ;
#3229 =( LENGTH_UNIT ( ) NAMED_UNIT ( * ) SI_UNIT ( .MILLI., .METRE. ) );
#3230 = VECTOR ( 'NONE', #4278, 1000.000000000000000 ) ;
#3231 = LINE ( 'NONE', #2202, #3805 ) ;
#3232 = EDGE_CURVE ( 'NONE', #5621, #6889, #6209, .T. ) ;
#3233 =( NAMED_UNIT ( * ) PLANE_ANGLE_UNIT ( ) SI_UNIT ( $, .RADIAN. ) );
#3234 = ORIENTED_EDGE ( 'NONE', *, *, #6962, .F. ) ;
#3235 = MECHANICAL_DESIGN_GEOMETRIC_PRESENTATION_REPRESENTATION (  '', ( #3595 ), #4182 ) ;
#3236 = CARTESIAN_POINT ( 'NONE',  ( -0.06010106909054563351, 0.7193879634396748157, 0.000000000000000000 ) ) ;
#3237 = CARTESIAN_POINT ( 'NONE',  ( -0.1613568126754337251, 0.7116417131507427607, 0.000000000000000000 ) ) ;
#3238 = FILL_AREA_STYLE_COLOUR ( '', #3263 ) ;
#3239 = ADVANCED_FACE ( 'NONE', ( #4630 ), #2543, .F. ) ;
#3240 = DIRECTION ( 'NONE',  ( 0.000000000000000000, -1.000000000000000000, 0.000000000000000000 ) ) ;
#3241 = PRESENTATION_LAYER_ASSIGNMENT (  '', '', ( #1365 ) ) ;
#3242 = CARTESIAN_POINT ( 'NONE',  ( 0.6200015230484358097, -0.8999999999999999112, 0.2800000000000000266 ) ) ;
#3243 = ORIENTED_EDGE ( 'NONE', *, *, #5087, .T. ) ;
#3244 = ORIENTED_EDGE ( 'NONE', *, *, #10, .F. ) ;
#3245 = MECHANICAL_DESIGN_GEOMETRIC_PRESENTATION_REPRESENTATION (  '', ( #5718 ), #6672 ) ;
#3246 = CARTESIAN_POINT ( 'NONE',  ( -0.2057841946511874687, 0.6304500467786023910, 0.000000000000000000 ) ) ;
#3247 = DIRECTION ( 'NONE',  ( 0.000000000000000000, 0.000000000000000000, -1.000000000000000000 ) ) ;
#3248 = VECTOR ( 'NONE', #3422, 1000.000000000000000 ) ;
#3249 = EDGE_LOOP ( 'NONE', ( #4515, #5766, #560, #6933 ) ) ;
#3250 = CARTESIAN_POINT ( 'NONE',  ( -0.1045983748923533796, 0.7017304309580246757, 0.009999999999999991535 ) ) ;
#3251 = ADVANCED_FACE ( 'NONE', ( #2615 ), #2063, .F. ) ;
#3252 = VERTEX_POINT ( 'NONE', #6635 ) ;
#3253 = PRESENTATION_LAYER_ASSIGNMENT (  '', '', ( #6564 ) ) ;
#3254 = CARTESIAN_POINT ( 'NONE',  ( -0.1025044344928779105, 0.6562170200290839972, 0.000000000000000000 ) ) ;
#3255 =( LENGTH_UNIT ( ) NAMED_UNIT ( * ) SI_UNIT ( .MILLI., .METRE. ) );
#3256 = PRESENTATION_LAYER_ASSIGNMENT (  '', '', ( #6325 ) ) ;
#3257 = FACE_OUTER_BOUND ( 'NONE', #2215, .T. ) ;
#3258 =( LENGTH_UNIT ( ) NAMED_UNIT ( * ) SI_UNIT ( .MILLI., .METRE. ) );
#3259 = EDGE_CURVE ( 'NONE', #6858, #6121, #3821, .T. ) ;
#3260 = ORIENTED_EDGE ( 'NONE', *, *, #665, .F. ) ;
#3261 = LINE ( 'NONE', #4443, #1453 ) ;
#3262 = PRESENTATION_STYLE_ASSIGNMENT (( #4263 ) ) ;
#3263 = COLOUR_RGB ( '',0.2980392156862745057, 0.2980392156862745057, 0.2980392156862745057 ) ;
#3264 = LINE ( 'NONE', #1000, #6286 ) ;
#3265 = LINE ( 'NONE', #6120, #1978 ) ;
#3266 = SURFACE_SIDE_STYLE ('',( #3895 ) ) ;
#3267 = ORIENTED_EDGE ( 'NONE', *, *, #3763, .T. ) ;
#3268 = DIRECTION ( 'NONE',  ( -1.000000000000000000, -0.000000000000000000, 0.000000000000000000 ) ) ;
#3269 = VECTOR ( 'NONE', #2869, 1000.000000000000000 ) ;
#3270 = COLOUR_RGB ( '',0.8313725490196077761, 0.8313725490196077761, 0.8196078431372548767 ) ;
#3271 = ADVANCED_FACE ( 'NONE', ( #5443 ), #4596, .F. ) ;
#3272 = CARTESIAN_POINT ( 'NONE',  ( -0.07510197105029503550, 0.7158054284079794494, 0.000000000000000000 ) ) ;
#3273 = UNCERTAINTY_MEASURE_WITH_UNIT (LENGTH_MEASURE( 1.000000000000000082E-05 ), #4707, 'distance_accuracy_value', 'NONE');
#3274 = CARTESIAN_POINT ( 'NONE',  ( -0.6300000000000001155, -0.8549999999999999822, 0.2900000000000000355 ) ) ;
#3275 = CARTESIAN_POINT ( 'NONE',  ( 0.1221747551003254939, 0.6597707223565582035, 0.000000000000000000 ) ) ;
#3276 = FILL_AREA_STYLE_COLOUR ( '', #2667 ) ;
#3277 = ORIENTED_EDGE ( 'NONE', *, *, #3711, .F. ) ;
#3278 = ORIENTED_EDGE ( 'NONE', *, *, #1865, .F. ) ;
#3279 = EDGE_CURVE ( 'NONE', #1020, #1857, #3338, .T. ) ;
#3280 = EDGE_CURVE ( 'NONE', #7238, #2039, #2201, .T. ) ;
#3281 = SURFACE_SIDE_STYLE ('',( #2113 ) ) ;
#3282 = SURFACE_SIDE_STYLE ('',( #1052 ) ) ;
#3283 = CARTESIAN_POINT ( 'NONE',  ( -1.000000000000000000, -0.1450000000000000455, -0.01000000000000000021 ) ) ;
#3284 = LINE ( 'NONE', #5492, #6181 ) ;
#3285 = DIRECTION ( 'NONE',  ( 0.000000000000000000, -1.000000000000000000, -0.000000000000000000 ) ) ;
#3286 = LINE ( 'NONE', #499, #6299 ) ;
#3287 = ORIENTED_EDGE ( 'NONE', *, *, #3518, .T. ) ;
#3288 = CARTESIAN_POINT ( 'NONE',  ( -0.1082232190414313816, 0.6817076687298220250, 0.000000000000000000 ) ) ;
#3289 = ORIENTED_EDGE ( 'NONE', *, *, #7025, .F. ) ;
#3290 = LINE ( 'NONE', #5373, #1730 ) ;
#3291 =( NAMED_UNIT ( * ) PLANE_ANGLE_UNIT ( ) SI_UNIT ( $, .RADIAN. ) );
#3292 = CARTESIAN_POINT ( 'NONE',  ( 0.1067818313171757794, 0.7163936266222621363, 0.000000000000000000 ) ) ;
#3293 = CARTESIAN_POINT ( 'NONE',  ( -0.09990172852651166280, 0.6519801623267542645, 0.000000000000000000 ) ) ;
#3294 = CARTESIAN_POINT ( 'NONE',  ( 0.6300000000000000044, 0.8958588646516009169, 0.2800000000000000266 ) ) ;
#3295 = FACE_OUTER_BOUND ( 'NONE', #4752, .T. ) ;
#3296 = DIRECTION ( 'NONE',  ( 0.000000000000000000, 0.000000000000000000, 1.000000000000000000 ) ) ;
#3297 = CARTESIAN_POINT ( 'NONE',  ( 0.07908923574731502315, 0.7198406783824443655, 0.01000000000000000021 ) ) ;
#3298 = CARTESIAN_POINT ( 'NONE',  ( 0.09246275656832476930, 0.6292305345834805497, 0.000000000000000000 ) ) ;
#3299 = SURFACE_STYLE_FILL_AREA ( #5070 ) ;
#3300 = DIRECTION ( 'NONE',  ( 0.000000000000000000, -0.000000000000000000, 1.000000000000000000 ) ) ;
#3301 = ORIENTED_EDGE ( 'NONE', *, *, #5598, .T. ) ;
#3302 = EDGE_CURVE ( 'NONE', #5379, #7077, #467, .T. ) ;
#3303 = LINE ( 'NONE', #4447, #6701 ) ;
#3304 = VERTEX_POINT ( 'NONE', #4032 ) ;
#3305 = FILL_AREA_STYLE_COLOUR ( '', #6384 ) ;
#3306 = CARTESIAN_POINT ( 'NONE',  ( -0.1596142251389923439, 0.7182549248273829567, 0.000000000000000000 ) ) ;
#3307 = CARTESIAN_POINT ( 'NONE',  ( 0.06494751266588572047, 0.7277061443395781426, 0.000000000000000000 ) ) ;
#3308 =( NAMED_UNIT ( * ) PLANE_ANGLE_UNIT ( ) SI_UNIT ( $, .RADIAN. ) );
#3309 = PRESENTATION_LAYER_ASSIGNMENT (  '', '', ( #5307 ) ) ;
#3310 = ADVANCED_FACE ( 'NONE', ( #5540 ), #2311, .F. ) ;
#3311 = CARTESIAN_POINT ( 'NONE',  ( 0.1109584381072770687, 0.6461032559397968944, 0.000000000000000000 ) ) ;
#3312 = LINE ( 'NONE', #1592, #5822 ) ;
#3313 = EDGE_LOOP ( 'NONE', ( #262, #3267, #4350, #960 ) ) ;
#3314 = ORIENTED_EDGE ( 'NONE', *, *, #7240, .T. ) ;
#3315 = AXIS2_PLACEMENT_3D ( 'NONE', #2786, #5608, #6661 ) ;
#3316 = VECTOR ( 'NONE', #843, 1000.000000000000000 ) ;
#3317 = CARTESIAN_POINT ( 'NONE',  ( 0.6300000000000001155, 0.8549999999999999822, 0.2800000000000000266 ) ) ;
#3318 = CARTESIAN_POINT ( 'NONE',  ( 0.9899999999999999911, 0.8899999999999997913, 0.000000000000000000 ) ) ;
#3319 = FILL_AREA_STYLE ('',( #536 ) ) ;
#3320 = SURFACE_STYLE_USAGE ( .BOTH. , #2114 ) ;
#3321 = SURFACE_STYLE_FILL_AREA ( #5603 ) ;
#3322 = AXIS2_PLACEMENT_3D ( 'NONE', #463, #2179, #6691 ) ;
#3323 =( GEOMETRIC_REPRESENTATION_CONTEXT ( 3 ) GLOBAL_UNCERTAINTY_ASSIGNED_CONTEXT ( ( #5642 ) ) GLOBAL_UNIT_ASSIGNED_CONTEXT ( ( #3598, #3634, #2610 ) ) REPRESENTATION_CONTEXT ( 'NONE', 'WORKASPACE' ) );
#3324 = DIRECTION ( 'NONE',  ( 0.000000000000000000, 1.000000000000000000, 0.000000000000000000 ) ) ;
#3325 = LINE ( 'NONE', #1125, #4451 ) ;
#3326 = ORIENTED_EDGE ( 'NONE', *, *, #5630, .T. ) ;
#3327 = VECTOR ( 'NONE', #2741, 1000.000000000000000 ) ;
#3328 = CARTESIAN_POINT ( 'NONE',  ( 1.000000000000000000, -0.9000000000000002442, 0.2800000000000000266 ) ) ;
#3329 = PLANE ( 'NONE',  #2891 ) ;
#3330 = VERTEX_POINT ( 'NONE', #2865 ) ;
#3331 = CARTESIAN_POINT ( 'NONE',  ( 0.1072442960545317153, 0.6310450699240951478, 0.01000000000000000021 ) ) ;
#3332 = CARTESIAN_POINT ( 'NONE',  ( 0.1179793864502984430, 0.7066602465505311681, 0.01000000000000000021 ) ) ;
#3333 = CARTESIAN_POINT ( 'NONE',  ( 0.07908923574731502315, 0.7198406783824443655, 0.01000000000000000021 ) ) ;
#3334 = VECTOR ( 'NONE', #414, 1000.000000000000000 ) ;
#3335 = CARTESIAN_POINT ( 'NONE',  ( 0.000000000000000000, 0.000000000000000000, 0.000000000000000000 ) ) ;
#3336 = VECTOR ( 'NONE', #2544, 1000.000000000000000 ) ;
#3337 = DIRECTION ( 'NONE',  ( -0.000000000000000000, -0.000000000000000000, -1.000000000000000000 ) ) ;
#3338 = LINE ( 'NONE', #5696, #6112 ) ;
#3339 = DIRECTION ( 'NONE',  ( 1.000000000000000000, -0.000000000000000000, -0.000000000000000000 ) ) ;
#3340 = ORIENTED_EDGE ( 'NONE', *, *, #1124, .T. ) ;
#3341 = COLOUR_RGB ( '',0.2980392156862745057, 0.2980392156862745057, 0.2980392156862745057 ) ;
#3342 = CARTESIAN_POINT ( 'NONE',  ( 0.9899999999999999911, 0.8899999999999997913, 0.2800000000000000266 ) ) ;
#3343 = SURFACE_STYLE_USAGE ( .BOTH. , #3266 ) ;
#3344 = VERTEX_POINT ( 'NONE', #3414 ) ;
#3345 = STYLED_ITEM ( 'NONE', ( #7140 ), #6445 ) ;
#3346 =( NAMED_UNIT ( * ) PLANE_ANGLE_UNIT ( ) SI_UNIT ( $, .RADIAN. ) );
#3347 =( GEOMETRIC_REPRESENTATION_CONTEXT ( 3 ) GLOBAL_UNCERTAINTY_ASSIGNED_CONTEXT ( ( #4152 ) ) GLOBAL_UNIT_ASSIGNED_CONTEXT ( ( #5875, #2961, #165 ) ) REPRESENTATION_CONTEXT ( 'NONE', 'WORKASPACE' ) );
#3348 = SURFACE_SIDE_STYLE ('',( #4593 ) ) ;
#3349 = ADVANCED_FACE ( 'NONE', ( #6742 ), #1683, .F. ) ;
#3350 = LINE ( 'NONE', #4525, #1809 ) ;
#3351 = UNCERTAINTY_MEASURE_WITH_UNIT (LENGTH_MEASURE( 1.000000000000000082E-05 ), #763, 'distance_accuracy_value', 'NONE');
#3352 = CARTESIAN_POINT ( 'NONE',  ( 1.000000000000000000, -0.1450000000000000455, -0.01000000000000000021 ) ) ;
#3353 = VECTOR ( 'NONE', #1552, 1000.000000000000000 ) ;
#3354 = ORIENTED_EDGE ( 'NONE', *, *, #1165, .F. ) ;
#3355 = CARTESIAN_POINT ( 'NONE',  ( -0.07510197105029503550, 0.7158054284079794494, 0.01000000000000000021 ) ) ;
#3356 = EDGE_CURVE ( 'NONE', #2321, #4406, #703, .T. ) ;
#3357 = UNCERTAINTY_MEASURE_WITH_UNIT (LENGTH_MEASURE( 1.000000000000000082E-05 ), #4574, 'distance_accuracy_value', 'NONE');
#3358 = CARTESIAN_POINT ( 'NONE',  ( -1.000000000000000000, 0.6999999999999999556, -0.01000000000000000021 ) ) ;
#3359 = FILL_AREA_STYLE_COLOUR ( '', #3470 ) ;
#3360 = DIRECTION ( 'NONE',  ( -1.000000000000000000, 0.000000000000000000, 0.000000000000000000 ) ) ;
#3361 = ORIENTED_EDGE ( 'NONE', *, *, #3232, .F. ) ;
#3362 =( GEOMETRIC_REPRESENTATION_CONTEXT ( 3 ) GLOBAL_UNCERTAINTY_ASSIGNED_CONTEXT ( ( #5935 ) ) GLOBAL_UNIT_ASSIGNED_CONTEXT ( ( #7113, #877, #1351 ) ) REPRESENTATION_CONTEXT ( 'NONE', 'WORKASPACE' ) );
#3363 = PRESENTATION_STYLE_ASSIGNMENT (( #1127 ) ) ;
#3364 = ORIENTED_EDGE ( 'NONE', *, *, #462, .F. ) ;
#3365 =( NAMED_UNIT ( * ) SI_UNIT ( $, .STERADIAN. ) SOLID_ANGLE_UNIT ( ) );
#3366 = SURFACE_STYLE_FILL_AREA ( #1059 ) ;
#3367 = FILL_AREA_STYLE_COLOUR ( '', #2166 ) ;
#3368 = FACE_OUTER_BOUND ( 'NONE', #601, .T. ) ;
#3369 = PRESENTATION_LAYER_ASSIGNMENT (  '', '', ( #2680 ) ) ;
#3370 = DIRECTION ( 'NONE',  ( -1.000000000000000000, -0.000000000000000000, -0.000000000000000000 ) ) ;
#3371 = DIRECTION ( 'NONE',  ( 0.000000000000000000, 1.000000000000000000, 0.000000000000000000 ) ) ;
#3372 = SURFACE_STYLE_USAGE ( .BOTH. , #6184 ) ;
#3373 = EDGE_CURVE ( 'NONE', #2487, #1710, #3037, .T. ) ;
#3374 = ORIENTED_EDGE ( 'NONE', *, *, #7164, .F. ) ;
#3375 = EDGE_CURVE ( 'NONE', #6612, #702, #4622, .T. ) ;
#3376 = CARTESIAN_POINT ( 'NONE',  ( 0.6300000000000001155, 0.8549999999999999822, 0.2900000000000000355 ) ) ;
#3377 = CARTESIAN_POINT ( 'NONE',  ( -0.003345170260943557301, 0.6755719979981146261, 0.000000000000000000 ) ) ;
#3378 = ORIENTED_EDGE ( 'NONE', *, *, #2248, .T. ) ;
#3379 = AXIS2_PLACEMENT_3D ( 'NONE', #2950, #2888, #4494 ) ;
#3380 = CARTESIAN_POINT ( 'NONE',  ( 0.08848028705612964728, 0.7316695589737244321, 0.01000000000000000021 ) ) ;
#3381 = DIRECTION ( 'NONE',  ( 0.01744974916068272111, -0.01744974916068272111, -0.9996954598818874604 ) ) ;
#3382 = ORIENTED_EDGE ( 'NONE', *, *, #2956, .T. ) ;
#3383 = CARTESIAN_POINT ( 'NONE',  ( -0.1589054853983746796, 0.7143127421042215763, 0.01000000000000000021 ) ) ;
#3384 = ORIENTED_EDGE ( 'NONE', *, *, #5116, .F. ) ;
#3385 = DIRECTION ( 'NONE',  ( -0.000000000000000000, -0.000000000000000000, 1.000000000000000000 ) ) ;
#3386 =( NAMED_UNIT ( * ) SI_UNIT ( $, .STERADIAN. ) SOLID_ANGLE_UNIT ( ) );
#3387 = CARTESIAN_POINT ( 'NONE',  ( 0.9899999999999999911, -0.9000000000000002442, 0.000000000000000000 ) ) ;
#3388 = STYLED_ITEM ( 'NONE', ( #4589 ), #1004 ) ;
#3389 = STYLED_ITEM ( 'NONE', ( #924 ), #800 ) ;
#3390 =( GEOMETRIC_REPRESENTATION_CONTEXT ( 3 ) GLOBAL_UNCERTAINTY_ASSIGNED_CONTEXT ( ( #1943 ) ) GLOBAL_UNIT_ASSIGNED_CONTEXT ( ( #5965, #7157, #6039 ) ) REPRESENTATION_CONTEXT ( 'NONE', 'WORKASPACE' ) );
#3391 = CARTESIAN_POINT ( 'NONE',  ( -1.000000000000000000, -0.8900000000000003464, 0.2800000000000000266 ) ) ;
#3392 = EDGE_LOOP ( 'NONE', ( #2724, #4983, #5359, #7268, #2593, #2016, #5312, #1420, #5216, #4480 ) ) ;
#3393 =( LENGTH_UNIT ( ) NAMED_UNIT ( * ) SI_UNIT ( .MILLI., .METRE. ) );
#3394 = CARTESIAN_POINT ( 'NONE',  ( 0.07612636624789667628, 0.7191225617403195214, 0.000000000000000000 ) ) ;
#3395 = VECTOR ( 'NONE', #2681, 1000.000000000000000 ) ;
#3396 = DIRECTION ( 'NONE',  ( 0.000000000000000000, -1.000000000000000000, 0.000000000000000000 ) ) ;
#3397 = MECHANICAL_DESIGN_GEOMETRIC_PRESENTATION_REPRESENTATION (  '', ( #3727 ), #6342 ) ;
#3398 = CARTESIAN_POINT ( 'NONE',  ( -0.005784194651187445427, 0.7194744370225049090, 0.000000000000000000 ) ) ;
#3399 =( LENGTH_UNIT ( ) NAMED_UNIT ( * ) SI_UNIT ( .MILLI., .METRE. ) );
#3400 = FILL_AREA_STYLE_COLOUR ( '', #1245 ) ;
#3401 = ADVANCED_FACE ( 'NONE', ( #6400 ), #6327, .F. ) ;
#3402 = VERTEX_POINT ( 'NONE', #4654 ) ;
#3403 = CARTESIAN_POINT ( 'NONE',  ( -1.000000000000000000, 0.1450000000000000455, -0.01000000000000000021 ) ) ;
#3404 =( LENGTH_UNIT ( ) NAMED_UNIT ( * ) SI_UNIT ( .MILLI., .METRE. ) );
#3405 = DIRECTION ( 'NONE',  ( -1.000000000000000000, 0.000000000000000000, 0.000000000000000000 ) ) ;
#3406 = PRESENTATION_STYLE_ASSIGNMENT (( #1884 ) ) ;
#3407 = PLANE ( 'NONE',  #3222 ) ;
#3408 = SURFACE_SIDE_STYLE ('',( #5062 ) ) ;
#3409 = DIRECTION ( 'NONE',  ( -1.000000000000000000, 0.000000000000000000, 0.000000000000000000 ) ) ;
#3410 = CARTESIAN_POINT ( 'NONE',  ( 0.07612636624789667628, 0.7191225617403195214, 0.01000000000000000021 ) ) ;
#3411 = EDGE_CURVE ( 'NONE', #1184, #3782, #2605, .T. ) ;
#3412 = EDGE_LOOP ( 'NONE', ( #225, #2938, #3202, #7023, #2546, #227, #2176, #1671 ) ) ;
#3413 = CARTESIAN_POINT ( 'NONE',  ( 1.000000000000000000, -0.8900000000000001243, 0.2800000000000000266 ) ) ;
#3414 = CARTESIAN_POINT ( 'NONE',  ( -0.8000000000000000444, -0.5000000000000000000, -0.01000000000000000021 ) ) ;
#3415 = LINE ( 'NONE', #627, #1462 ) ;
#3416 = EDGE_LOOP ( 'NONE', ( #4946, #4813, #2259, #4796, #585, #4218 ) ) ;
#3417 = CARTESIAN_POINT ( 'NONE',  ( 0.07854308249927714758, 0.7311525427253003917, 0.01000000000000000021 ) ) ;
#3418 = CARTESIAN_POINT ( 'NONE',  ( 0.1313401416467832594, 0.7092506825185561636, 0.01000000000000000021 ) ) ;
#3419 = VERTEX_POINT ( 'NONE', #2455 ) ;
#3420 =( LENGTH_UNIT ( ) NAMED_UNIT ( * ) SI_UNIT ( .MILLI., .METRE. ) );
#3421 = ORIENTED_EDGE ( 'NONE', *, *, #4674, .T. ) ;
#3422 = DIRECTION ( 'NONE',  ( -0.000000000000000000, -0.000000000000000000, -1.000000000000000000 ) ) ;
#3423 = UNCERTAINTY_MEASURE_WITH_UNIT (LENGTH_MEASURE( 1.000000000000000082E-05 ), #2243, 'distance_accuracy_value', 'NONE');
#3424 = CARTESIAN_POINT ( 'NONE',  ( -0.6300000000000001155, -0.8999999999999999112, 0.2800000000000000266 ) ) ;
#3425 = CARTESIAN_POINT ( 'NONE',  ( 0.09626036582045624512, 0.7200466953078984433, 0.01000000000000000021 ) ) ;
#3426 = DIRECTION ( 'NONE',  ( 1.000000000000000000, 0.000000000000000000, 0.000000000000000000 ) ) ;
#3427 =( LENGTH_UNIT ( ) NAMED_UNIT ( * ) SI_UNIT ( .MILLI., .METRE. ) );
#3428 = STYLED_ITEM ( 'NONE', ( #7151 ), #1406 ) ;
#3429 = DIRECTION ( 'NONE',  ( -1.000000000000000000, 0.000000000000000000, 0.000000000000000000 ) ) ;
#3430 = UNCERTAINTY_MEASURE_WITH_UNIT (LENGTH_MEASURE( 1.000000000000000082E-05 ), #3229, 'distance_accuracy_value', 'NONE');
#3431 = SURFACE_STYLE_USAGE ( .BOTH. , #5164 ) ;
#3432 = DIRECTION ( 'NONE',  ( 1.000000000000000000, 0.000000000000000000, 0.000000000000000000 ) ) ;
#3433 = SURFACE_STYLE_FILL_AREA ( #2989 ) ;
#3434 = AXIS2_PLACEMENT_3D ( 'NONE', #6096, #2780, #1053 ) ;
#3435 = PRESENTATION_LAYER_ASSIGNMENT (  '', '', ( #4601 ) ) ;
#3436 = ORIENTED_EDGE ( 'NONE', *, *, #1165, .T. ) ;
#3437 = FILL_AREA_STYLE ('',( #3521 ) ) ;
#3438 = CARTESIAN_POINT ( 'NONE',  ( 0.000000000000000000, 0.7182549248273829567, 0.01000000000000000021 ) ) ;
#3439 = FILL_AREA_STYLE ('',( #2260 ) ) ;
#3440 = SURFACE_SIDE_STYLE ('',( #1204 ) ) ;
#3441 = SURFACE_SIDE_STYLE ('',( #6775 ) ) ;
#3442 = VECTOR ( 'NONE', #4541, 1000.000000000000000 ) ;
#3443 = ADVANCED_FACE ( 'NONE', ( #4726 ), #6952, .T. ) ;
#3444 =( NAMED_UNIT ( * ) SI_UNIT ( $, .STERADIAN. ) SOLID_ANGLE_UNIT ( ) );
#3445 = SURFACE_STYLE_FILL_AREA ( #3885 ) ;
#3446 =( NAMED_UNIT ( * ) PLANE_ANGLE_UNIT ( ) SI_UNIT ( $, .RADIAN. ) );
#3447 = COLOUR_RGB ( '',0.8313725490196077761, 0.8313725490196077761, 0.8196078431372548767 ) ;
#3448 = STYLED_ITEM ( 'NONE', ( #1402 ), #3556 ) ;
#3449 = EDGE_CURVE ( 'NONE', #4744, #1511, #954, .T. ) ;
#3450 = DIRECTION ( 'NONE',  ( -0.000000000000000000, -1.000000000000000000, -0.000000000000000000 ) ) ;
#3451 =( NAMED_UNIT ( * ) PLANE_ANGLE_UNIT ( ) SI_UNIT ( $, .RADIAN. ) );
#3452 = ORIENTED_EDGE ( 'NONE', *, *, #2185, .F. ) ;
#3453 = DIRECTION ( 'NONE',  ( 0.000000000000000000, -0.000000000000000000, 1.000000000000000000 ) ) ;
#3454 = DIRECTION ( 'NONE',  ( -0.000000000000000000, 0.000000000000000000, -1.000000000000000000 ) ) ;
#3455 = ORIENTED_EDGE ( 'NONE', *, *, #4300, .T. ) ;
#3456 = CARTESIAN_POINT ( 'NONE',  ( -0.1596142251389923439, 0.7182549248273829567, 0.01000000000000000021 ) ) ;
#3457 = CIRCLE ( 'NONE', #6401, 0.01000000000000002623 ) ;
#3458 = VERTEX_POINT ( 'NONE', #988 ) ;
#3459 = FACE_BOUND ( 'NONE', #4275, .T. ) ;
#3460 = DIRECTION ( 'NONE',  ( 1.000000000000000000, 0.000000000000000000, 0.000000000000000000 ) ) ;
#3461 = DIRECTION ( 'NONE',  ( 0.000000000000000000, 1.000000000000000000, 0.000000000000000000 ) ) ;
#3462 = VECTOR ( 'NONE', #7110, 1000.000000000000000 ) ;
#3463 = CARTESIAN_POINT ( 'NONE',  ( 0.1245260872227625659, 0.6924789620644911103, 0.01000000000000000021 ) ) ;
#3464 = PRESENTATION_LAYER_ASSIGNMENT (  '', '', ( #7125 ) ) ;
#3465 = DIRECTION ( 'NONE',  ( 1.000000000000000000, 0.000000000000000000, 0.000000000000000000 ) ) ;
#3466 = CARTESIAN_POINT ( 'NONE',  ( -0.09423325919900273073, 0.6725385642075391024, 0.01000000000000000021 ) ) ;
#3467 = ORIENTED_EDGE ( 'NONE', *, *, #354, .F. ) ;
#3468 = VECTOR ( 'NONE', #6881, 1000.000000000000000 ) ;
#3469 = PRESENTATION_LAYER_ASSIGNMENT (  '', '', ( #2531 ) ) ;
#3470 = COLOUR_RGB ( '',0.8313725490196077761, 0.8313725490196077761, 0.8196078431372548767 ) ;
#3471 = CARTESIAN_POINT ( 'NONE',  ( -1.000000000000000000, 0.8549999999999999822, -0.01000000000000000021 ) ) ;
#3472 = ADVANCED_FACE ( 'NONE', ( #1026 ), #911, .F. ) ;
#3473 = CARTESIAN_POINT ( 'NONE',  ( -0.08111490634989726445, 0.7253721928795378027, 0.01000000000000000021 ) ) ;
#3474 =( NAMED_UNIT ( * ) SI_UNIT ( $, .STERADIAN. ) SOLID_ANGLE_UNIT ( ) );
#3475 = VECTOR ( 'NONE', #3167, 1000.000000000000000 ) ;
#3476 = DIRECTION ( 'NONE',  ( 1.000000000000000000, 0.000000000000000000, 0.000000000000000000 ) ) ;
#3477 =( GEOMETRIC_REPRESENTATION_CONTEXT ( 3 ) GLOBAL_UNCERTAINTY_ASSIGNED_CONTEXT ( ( #3510 ) ) GLOBAL_UNIT_ASSIGNED_CONTEXT ( ( #5572, #6176, #5609 ) ) REPRESENTATION_CONTEXT ( 'NONE', 'WORKASPACE' ) );
#3478 = CARTESIAN_POINT ( 'NONE',  ( -0.07867307589024620518, 0.6472817779913907499, 0.000000000000000000 ) ) ;
#3479 = ORIENTED_EDGE ( 'NONE', *, *, #6471, .T. ) ;
#3480 = STYLED_ITEM ( 'NONE', ( #4412 ), #1727 ) ;
#3481 =( LENGTH_UNIT ( ) NAMED_UNIT ( * ) SI_UNIT ( .MILLI., .METRE. ) );
#3482 =( LENGTH_UNIT ( ) NAMED_UNIT ( * ) SI_UNIT ( .MILLI., .METRE. ) );
#3483 = DIRECTION ( 'NONE',  ( 1.000000000000000000, 0.000000000000000000, 0.000000000000000000 ) ) ;
#3484 = CARTESIAN_POINT ( 'NONE',  ( -0.1589054853983746796, 0.7143127421042215763, 0.000000000000000000 ) ) ;
#3485 = CARTESIAN_POINT ( 'NONE',  ( -0.1073800888982604229, 0.6707133693421333254, 0.01000000000000000021 ) ) ;
#3486 =( NAMED_UNIT ( * ) SI_UNIT ( $, .STERADIAN. ) SOLID_ANGLE_UNIT ( ) );
#3487 = PLANE ( 'NONE',  #5980 ) ;
#3488 = VECTOR ( 'NONE', #2962, 1000.000000000000000 ) ;
#3489 = CARTESIAN_POINT ( 'NONE',  ( 0.07683764734396358875, 0.6417675493520272889, 0.000000000000000000 ) ) ;
#3490 = ADVANCED_FACE ( 'NONE', ( #2606 ), #3891, .F. ) ;
#3491 = PRESENTATION_LAYER_ASSIGNMENT (  '', '', ( #4313 ) ) ;
#3492 = CARTESIAN_POINT ( 'NONE',  ( 0.000000000000000000, 0.7194744370225049090, 0.01000000000000000021 ) ) ;
#3493 = SURFACE_SIDE_STYLE ('',( #4035 ) ) ;
#3494 = LINE ( 'NONE', #5740, #6555 ) ;
#3495 = DIRECTION ( 'NONE',  ( 0.000000000000000000, 1.000000000000000000, 0.000000000000000000 ) ) ;
#3496 = EDGE_CURVE ( 'NONE', #87, #1015, #1206, .T. ) ;
#3497 = SURFACE_SIDE_STYLE ('',( #4627 ) ) ;
#3498 = ORIENTED_EDGE ( 'NONE', *, *, #2185, .T. ) ;
#3499 =( NAMED_UNIT ( * ) SI_UNIT ( $, .STERADIAN. ) SOLID_ANGLE_UNIT ( ) );
#3500 = DIRECTION ( 'NONE',  ( 1.000000000000000000, -1.892481931605301705E-16, -1.084202172485501752E-14 ) ) ;
#3501 = UNCERTAINTY_MEASURE_WITH_UNIT (LENGTH_MEASURE( 1.000000000000000082E-05 ), #5156, 'distance_accuracy_value', 'NONE');
#3502 = LINE ( 'NONE', #1797, #6925 ) ;
#3503 = COLOUR_RGB ( '',0.2980392156862745057, 0.2980392156862745057, 0.2980392156862745057 ) ;
#3504 = CARTESIAN_POINT ( 'NONE',  ( 0.08972089397428796576, 0.7206648156090290636, 0.01000000000000000021 ) ) ;
#3505 = DIRECTION ( 'NONE',  ( 0.000000000000000000, -0.000000000000000000, 1.000000000000000000 ) ) ;
#3506 = CARTESIAN_POINT ( 'NONE',  ( -0.08686039295663226800, 0.6546720090557291982, 0.000000000000000000 ) ) ;
#3507 = ORIENTED_EDGE ( 'NONE', *, *, #1034, .F. ) ;
#3508 = ADVANCED_FACE ( 'NONE', ( #3368 ), #5657, .F. ) ;
#3509 = PLANE ( 'NONE',  #874 ) ;
#3510 = UNCERTAINTY_MEASURE_WITH_UNIT (LENGTH_MEASURE( 1.000000000000000082E-05 ), #5572, 'distance_accuracy_value', 'NONE');
#3511 = DIRECTION ( 'NONE',  ( -0.000000000000000000, -0.000000000000000000, 1.000000000000000000 ) ) ;
#3512 = LINE ( 'NONE', #2397, #4169 ) ;
#3513 = MECHANICAL_DESIGN_GEOMETRIC_PRESENTATION_REPRESENTATION (  '', ( #700 ), #5742 ) ;
#3514 = COLOUR_RGB ( '',0.8313725490196077761, 0.8313725490196077761, 0.8196078431372548767 ) ;
#3515 =( LENGTH_UNIT ( ) NAMED_UNIT ( * ) SI_UNIT ( .MILLI., .METRE. ) );
#3516 = CARTESIAN_POINT ( 'NONE',  ( -0.05534593245606547751, 0.6414256565347000727, 0.000000000000000000 ) ) ;
#3517 = PRODUCT_DEFINITION ( 'н╢ж╙', '', #967, #6311 ) ;
#3518 = EDGE_CURVE ( 'NONE', #6858, #3649, #6420, .T. ) ;
#3519 = VERTEX_POINT ( 'NONE', #126 ) ;
#3520 = AXIS2_PLACEMENT_3D ( 'NONE', #3557, #1279, #239 ) ;
#3521 = FILL_AREA_STYLE_COLOUR ( '', #5904 ) ;
#3522 = LINE ( 'NONE', #3953, #200 ) ;
#3523 = CARTESIAN_POINT ( 'NONE',  ( 0.1233206105194386143, 0.6395575327027276380, 0.000000000000000000 ) ) ;
#3524 = CARTESIAN_POINT ( 'NONE',  ( 0.6200015230484358097, -0.8999999999999999112, 0.2800000000000000266 ) ) ;
#3525 = SURFACE_SIDE_STYLE ('',( #6323 ) ) ;
#3526 = ORIENTED_EDGE ( 'NONE', *, *, #6309, .T. ) ;
#3527 = CARTESIAN_POINT ( 'NONE',  ( -0.06810742463629806953, 0.6428366065902808568, 0.01000000000000000021 ) ) ;
#3528 =( NAMED_UNIT ( * ) PLANE_ANGLE_UNIT ( ) SI_UNIT ( $, .RADIAN. ) );
#3529 = VERTEX_POINT ( 'NONE', #2370 ) ;
#3530 = CARTESIAN_POINT ( 'NONE',  ( 0.1284007115292866430, 0.7133548134972850230, 0.01000000000000000021 ) ) ;
#3531 = CYLINDRICAL_SURFACE ( 'NONE', #6379, 0.01000000000000004705 ) ;
#3532 = ORIENTED_EDGE ( 'NONE', *, *, #1196, .F. ) ;
#3533 =( LENGTH_UNIT ( ) NAMED_UNIT ( * ) SI_UNIT ( .MILLI., .METRE. ) );
#3534 = LINE ( 'NONE', #2359, #5695 ) ;
#3535 = CARTESIAN_POINT ( 'NONE',  ( 0.1250313540802210355, 0.7171249960993169026, 0.000000000000000000 ) ) ;
#3536 = EDGE_CURVE ( 'NONE', #6514, #322, #339, .T. ) ;
#3537 = CARTESIAN_POINT ( 'NONE',  ( 0.1478743419341784493, 0.6414256565347000727, 0.000000000000000000 ) ) ;
#3538 = CARTESIAN_POINT ( 'NONE',  ( -0.08168407908208542845, 0.6494303599126473037, 0.01000000000000000021 ) ) ;
#3539 = ORIENTED_EDGE ( 'NONE', *, *, #3979, .F. ) ;
#3540 = LINE ( 'NONE', #5295, #3010 ) ;
#3541 = CARTESIAN_POINT ( 'NONE',  ( -0.6200015230484363649, -0.8999999999999999112, 0.2800000000000000266 ) ) ;
#3542 = LINE ( 'NONE', #751, #1621 ) ;
#3543 = CARTESIAN_POINT ( 'NONE',  ( 0.06494751266588572047, 0.6356329736078707437, 0.000000000000000000 ) ) ;
#3544 = EDGE_CURVE ( 'NONE', #2352, #4539, #3056, .T. ) ;
#3545 = DIRECTION ( 'NONE',  ( -0.000000000000000000, -1.000000000000000000, -0.000000000000000000 ) ) ;
#3546 = CARTESIAN_POINT ( 'NONE',  ( -0.07188767589933539592, 0.6439716560728485639, 0.000000000000000000 ) ) ;
#3547 = ORIENTED_EDGE ( 'NONE', *, *, #4842, .F. ) ;
#3548 =( NAMED_UNIT ( * ) PLANE_ANGLE_UNIT ( ) SI_UNIT ( $, .RADIAN. ) );
#3549 = LINE ( 'NONE', #1203, #5149 ) ;
#3550 = CARTESIAN_POINT ( 'NONE',  ( 0.1376359718639641183, 0.6631246687845849808, 0.01000000000000000021 ) ) ;
#3551 = FILL_AREA_STYLE ('',( #4687 ) ) ;
#3552 = STYLED_ITEM ( 'NONE', ( #4717 ), #4877 ) ;
#3553 = DIRECTION ( 'NONE',  ( 0.000000000000000000, 1.000000000000000000, 0.000000000000000000 ) ) ;
#3554 = VECTOR ( 'NONE', #7064, 1000.000000000000000 ) ;
#3555 = ORIENTED_EDGE ( 'NONE', *, *, #5844, .F. ) ;
#3556 = ADVANCED_FACE ( 'NONE', ( #7056 ), #4823, .T. ) ;
#3557 = CARTESIAN_POINT ( 'NONE',  ( 0.1990938541293003905, 0.6304500467786023910, 0.000000000000000000 ) ) ;
#3558 = ORIENTED_EDGE ( 'NONE', *, *, #4435, .F. ) ;
#3559 = PRESENTATION_LAYER_ASSIGNMENT (  '', '', ( #3907 ) ) ;
#3560 = AXIS2_PLACEMENT_3D ( 'NONE', #7107, #357, #2090 ) ;
#3561 = CARTESIAN_POINT ( 'NONE',  ( 0.1185045587164371556, 0.6535075031077527408, 0.01000000000000000021 ) ) ;
#3562 = CARTESIAN_POINT ( 'NONE',  ( -0.07171708024198215903, 0.7286605452070153977, 0.000000000000000000 ) ) ;
#3563 = VERTEX_POINT ( 'NONE', #6573 ) ;
#3564 = CARTESIAN_POINT ( 'NONE',  ( -0.1533451702609435752, 0.7304500467786024798, 0.000000000000000000 ) ) ;
#3565 = DIRECTION ( 'NONE',  ( -0.000000000000000000, -1.000000000000000000, -0.000000000000000000 ) ) ;
#3566 = UNCERTAINTY_MEASURE_WITH_UNIT (LENGTH_MEASURE( 1.000000000000000082E-05 ), #979, 'distance_accuracy_value', 'NONE');
#3567 = CARTESIAN_POINT ( 'NONE',  ( -1.000000000000000000, -0.1450000000000000455, -0.01000000000000000021 ) ) ;
#3568 = VECTOR ( 'NONE', #6409, 1000.000000000000000 ) ;
#3569 =( LENGTH_UNIT ( ) NAMED_UNIT ( * ) SI_UNIT ( .MILLI., .METRE. ) );
#3570 = CARTESIAN_POINT ( 'NONE',  ( -0.06810742463629806953, 0.6428366065902808568, 0.000000000000000000 ) ) ;
#3571 = ORIENTED_EDGE ( 'NONE', *, *, #4300, .F. ) ;
#3572 = COLOUR_RGB ( '',0.8313725490196077761, 0.8313725490196077761, 0.8196078431372548767 ) ;
#3573 = ADVANCED_FACE ( 'NONE', ( #2671 ), #4347, .F. ) ;
#3574 = CARTESIAN_POINT ( 'NONE',  ( 1.000000000000000000, -0.9000000000000002442, 0.2800000000000000266 ) ) ;
#3575 = DIRECTION ( 'NONE',  ( 1.000000000000000000, 0.000000000000000000, 0.000000000000000000 ) ) ;
#3576 = SURFACE_STYLE_FILL_AREA ( #2949 ) ;
#3577 = UNCERTAINTY_MEASURE_WITH_UNIT (LENGTH_MEASURE( 1.000000000000000082E-05 ), #4416, 'distance_accuracy_value', 'NONE');
#3578 = FACE_OUTER_BOUND ( 'NONE', #4902, .T. ) ;
#3579 = ORIENTED_EDGE ( 'NONE', *, *, #6606, .F. ) ;
#3580 = PRESENTATION_LAYER_ASSIGNMENT (  '', '', ( #6774 ) ) ;
#3581 = CARTESIAN_POINT ( 'NONE',  ( 1.000000000000000000, 0.8899999999999996803, 0.2800000000000000266 ) ) ;
#3582 = ORIENTED_EDGE ( 'NONE', *, *, #2525, .F. ) ;
#3583 = ADVANCED_FACE ( 'NONE', ( #4899 ), #1551, .F. ) ;
#3584 =( NAMED_UNIT ( * ) PLANE_ANGLE_UNIT ( ) SI_UNIT ( $, .RADIAN. ) );
#3585 = VECTOR ( 'NONE', #4285, 1000.000000000000000 ) ;
#3586 =( NAMED_UNIT ( * ) SI_UNIT ( $, .STERADIAN. ) SOLID_ANGLE_UNIT ( ) );
#3587 = PRESENTATION_LAYER_ASSIGNMENT (  '', '', ( #5710 ) ) ;
#3588 = DIRECTION ( 'NONE',  ( -0.000000000000000000, -0.000000000000000000, 1.000000000000000000 ) ) ;
#3589 = DIRECTION ( 'NONE',  ( 1.000000000000000000, 0.000000000000000000, 0.000000000000000000 ) ) ;
#3590 = VERTEX_POINT ( 'NONE', #4457 ) ;
#3591 = STYLED_ITEM ( 'NONE', ( #2737 ), #1555 ) ;
#3592 = CARTESIAN_POINT ( 'NONE',  ( -0.09336570678261672807, 0.7172767580187354719, 0.009999999999999991535 ) ) ;
#3593 = ORIENTED_EDGE ( 'NONE', *, *, #4118, .T. ) ;
#3594 = DIRECTION ( 'NONE',  ( 0.000000000000000000, 1.000000000000000000, 0.000000000000000000 ) ) ;
#3595 = STYLED_ITEM ( 'NONE', ( #5701 ), #1753 ) ;
#3596 = FILL_AREA_STYLE_COLOUR ( '', #407 ) ;
#3597 = CARTESIAN_POINT ( 'NONE',  ( 0.1258410828756480193, 0.6750653660589197580, 0.01000000000000000021 ) ) ;
#3598 =( LENGTH_UNIT ( ) NAMED_UNIT ( * ) SI_UNIT ( .MILLI., .METRE. ) );
#3599 = ADVANCED_FACE ( 'NONE', ( #2210 ), #2074, .F. ) ;
#3600 = ADVANCED_FACE ( 'NONE', ( #643 ), #1149, .F. ) ;
#3601 = CYLINDRICAL_SURFACE ( 'NONE', #5538, 0.1999999999999999833 ) ;
#3602 = VERTEX_POINT ( 'NONE', #3387 ) ;
#3603 = PRESENTATION_STYLE_ASSIGNMENT (( #3007 ) ) ;
#3604 = DIRECTION ( 'NONE',  ( 1.000000000000000000, 1.084202172485504434E-16, -0.000000000000000000 ) ) ;
#3605 = LINE ( 'NONE', #1832, #7059 ) ;
#3606 = VECTOR ( 'NONE', #1726, 1000.000000000000000 ) ;
#3607 =( NAMED_UNIT ( * ) PLANE_ANGLE_UNIT ( ) SI_UNIT ( $, .RADIAN. ) );
#3608 = ORIENTED_EDGE ( 'NONE', *, *, #3375, .T. ) ;
#3609 = CARTESIAN_POINT ( 'NONE',  ( 0.1418239742663621461, 0.2444962138608657853, -0.01000000000000000021 ) ) ;
#3610 = AXIS2_PLACEMENT_3D ( 'NONE', #6178, #3670, #1129 ) ;
#3611 = CARTESIAN_POINT ( 'NONE',  ( -0.09338588973380140823, 0.6942780202438784132, 0.01000000000000000021 ) ) ;
#3612 =( LENGTH_UNIT ( ) NAMED_UNIT ( * ) SI_UNIT ( .MILLI., .METRE. ) );
#3613 = CARTESIAN_POINT ( 'NONE',  ( 0.07079910554908817877, 0.6327842779701327025, 0.01000000000000000021 ) ) ;
#3614 = DIRECTION ( 'NONE',  ( 0.000000000000000000, 0.000000000000000000, -1.000000000000000000 ) ) ;
#3615 = ORIENTED_EDGE ( 'NONE', *, *, #1508, .T. ) ;
#3616 = CARTESIAN_POINT ( 'NONE',  ( 0.06771311680226138607, 0.6450508645864222457, 0.000000000000000000 ) ) ;
#3617 = COLOUR_RGB ( '',0.8313725490196077761, 0.8313725490196077761, 0.8196078431372548767 ) ;
#3618 = VECTOR ( 'NONE', #1016, 1000.000000000000000 ) ;
#3619 = DIRECTION ( 'NONE',  ( 0.000000000000000000, 1.000000000000000000, 0.000000000000000000 ) ) ;
#3620 = ORIENTED_EDGE ( 'NONE', *, *, #131, .F. ) ;
#3621 = VECTOR ( 'NONE', #3545, 1000.000000000000000 ) ;
#3622 = CIRCLE ( 'NONE', #3736, 0.01000000000000004705 ) ;
#3623 = EDGE_CURVE ( 'NONE', #7206, #2739, #6563, .T. ) ;
#3624 = CARTESIAN_POINT ( 'NONE',  ( -0.02773541416338257473, 0.6304500467786023910, 0.000000000000000000 ) ) ;
#3625 = ORIENTED_EDGE ( 'NONE', *, *, #4271, .T. ) ;
#3626 = PLANE ( 'NONE',  #5722 ) ;
#3627 = CARTESIAN_POINT ( 'NONE',  ( -0.05595568855362649530, 0.7304500467786024798, 0.000000000000000000 ) ) ;
#3628 = ORIENTED_EDGE ( 'NONE', *, *, #2559, .T. ) ;
#3629 = CARTESIAN_POINT ( 'NONE',  ( -0.06407573812211241060, 0.6420263471386346010, 0.01000000000000000021 ) ) ;
#3630 = ADVANCED_FACE ( 'NONE', ( #5158 ), #6857, .F. ) ;
#3631 = DIRECTION ( 'NONE',  ( -0.000000000000000000, -0.000000000000000000, -1.000000000000000000 ) ) ;
#3632 = ORIENTED_EDGE ( 'NONE', *, *, #3085, .F. ) ;
#3633 = FILL_AREA_STYLE ('',( #7078 ) ) ;
#3634 =( NAMED_UNIT ( * ) PLANE_ANGLE_UNIT ( ) SI_UNIT ( $, .RADIAN. ) );
#3635 = DIRECTION ( 'NONE',  ( 0.000000000000000000, 0.000000000000000000, -1.000000000000000000 ) ) ;
#3636 = ORIENTED_EDGE ( 'NONE', *, *, #5470, .T. ) ;
#3637 = CARTESIAN_POINT ( 'NONE',  ( 0.1362411085220801010, 0.6584909572253364596, 0.000000000000000000 ) ) ;
#3638 = UNCERTAINTY_MEASURE_WITH_UNIT (LENGTH_MEASURE( 1.000000000000000082E-05 ), #1250, 'distance_accuracy_value', 'NONE');
#3639 = CARTESIAN_POINT ( 'NONE',  ( -0.02773541416338257473, -0.000000000000000000, 0.01000000000000000021 ) ) ;
#3640 = CARTESIAN_POINT ( 'NONE',  ( -0.1082232190414313816, 0.6817076687298220250, 0.01000000000000000021 ) ) ;
#3641 = EDGE_LOOP ( 'NONE', ( #7253, #18, #331, #6716 ) ) ;
#3642 =( NAMED_UNIT ( * ) PLANE_ANGLE_UNIT ( ) SI_UNIT ( $, .RADIAN. ) );
#3643 =( NAMED_UNIT ( * ) SI_UNIT ( $, .STERADIAN. ) SOLID_ANGLE_UNIT ( ) );
#3644 = DIRECTION ( 'NONE',  ( -1.000000000000000000, 0.000000000000000000, 0.000000000000000000 ) ) ;
#3645 = FACE_OUTER_BOUND ( 'NONE', #6115, .T. ) ;
#3646 = UNCERTAINTY_MEASURE_WITH_UNIT (LENGTH_MEASURE( 1.000000000000000082E-05 ), #4493, 'distance_accuracy_value', 'NONE');
#3647 =( NAMED_UNIT ( * ) SI_UNIT ( $, .STERADIAN. ) SOLID_ANGLE_UNIT ( ) );
#3648 = CARTESIAN_POINT ( 'NONE',  ( 0.07734666008931617709, 0.6307883421529665302, 0.01000000000000000021 ) ) ;
#3649 = VERTEX_POINT ( 'NONE', #2427 ) ;
#3650 = CARTESIAN_POINT ( 'NONE',  ( 0.08011372242932529586, 0.6410568778798331202, 0.01000000000000000021 ) ) ;
#3651 = LINE ( 'NONE', #5301, #4998 ) ;
#3652 = ORIENTED_EDGE ( 'NONE', *, *, #5644, .T. ) ;
#3653 = DIRECTION ( 'NONE',  ( 0.000000000000000000, 0.000000000000000000, -1.000000000000000000 ) ) ;
#3654 = SPHERICAL_SURFACE ( 'NONE', #571, 0.01000000000000000021 ) ;
#3655 = DIRECTION ( 'NONE',  ( -1.000000000000000000, 0.000000000000000000, 0.000000000000000000 ) ) ;
#3656 = CARTESIAN_POINT ( 'NONE',  ( -1.000000000000000000, -0.6999999999999999556, -0.01000000000000000021 ) ) ;
#3657 = EDGE_LOOP ( 'NONE', ( #4446, #2506, #691, #6954 ) ) ;
#3658 = CARTESIAN_POINT ( 'NONE',  ( 0.1284007115292866430, 0.7133548134972850230, 0.000000000000000000 ) ) ;
#3659 = CARTESIAN_POINT ( 'NONE',  ( -0.05779287496026144777, 0.7304090975833441579, 0.000000000000000000 ) ) ;
#3660 = ADVANCED_FACE ( 'NONE', ( #4781 ), #289, .F. ) ;
#3661 = ORIENTED_EDGE ( 'NONE', *, *, #1745, .T. ) ;
#3662 =( GEOMETRIC_REPRESENTATION_CONTEXT ( 3 ) GLOBAL_UNCERTAINTY_ASSIGNED_CONTEXT ( ( #943 ) ) GLOBAL_UNIT_ASSIGNED_CONTEXT ( ( #466, #1664, #6729 ) ) REPRESENTATION_CONTEXT ( 'NONE', 'WORKASPACE' ) );
#3663 = ORIENTED_EDGE ( 'NONE', *, *, #1065, .F. ) ;
#3664 = CARTESIAN_POINT ( 'NONE',  ( 0.1221747551003254939, 0.6597707223565582035, 0.01000000000000000021 ) ) ;
#3665 = CARTESIAN_POINT ( 'NONE',  ( -0.1081052499225959723, 0.6870648688125189363, 0.000000000000000000 ) ) ;
#3666 = MECHANICAL_DESIGN_GEOMETRIC_PRESENTATION_REPRESENTATION (  '', ( #5435 ), #380 ) ;
#3667 = SURFACE_SIDE_STYLE ('',( #2015 ) ) ;
#3668 = EDGE_CURVE ( 'NONE', #3128, #1199, #3009, .T. ) ;
#3669 = EDGE_LOOP ( 'NONE', ( #5805, #636, #5302, #493, #530, #107, #3770, #310 ) ) ;
#3670 = DIRECTION ( 'NONE',  ( -1.000000000000000000, 0.000000000000000000, 0.000000000000000000 ) ) ;
#3671 = CARTESIAN_POINT ( 'NONE',  ( 0.1296379434821059440, 0.6462292925121156939, 0.000000000000000000 ) ) ;
#3672 = DIRECTION ( 'NONE',  ( 1.000000000000000000, 0.000000000000000000, 0.000000000000000000 ) ) ;
#3673 = STYLED_ITEM ( 'NONE', ( #2471 ), #5383 ) ;
#3674 = SURFACE_STYLE_FILL_AREA ( #5852 ) ;
#3675 = CARTESIAN_POINT ( 'NONE',  ( -0.08951555336894508053, 0.6411307976753188864, 0.01000000000000000021 ) ) ;
#3676 = VERTEX_POINT ( 'NONE', #5376 ) ;
#3677 = FILL_AREA_STYLE_COLOUR ( '', #2374 ) ;
#3678 = PRESENTATION_LAYER_ASSIGNMENT (  '', '', ( #6866 ) ) ;
#3679 = CARTESIAN_POINT ( 'NONE',  ( -1.000000000000000000, -0.8549999999999999822, 0.2900000000000000355 ) ) ;
#3680 = FILL_AREA_STYLE_COLOUR ( '', #6664 ) ;
#3681 = CARTESIAN_POINT ( 'NONE',  ( -0.1046036431039021747, 0.6607603875640286617, 0.01000000000000000021 ) ) ;
#3682 = ORIENTED_EDGE ( 'NONE', *, *, #3011, .T. ) ;
#3683 = AXIS2_PLACEMENT_3D ( 'NONE', #4424, #5680, #1122 ) ;
#3684 = CARTESIAN_POINT ( 'NONE',  ( 0.08351474530750689629, 0.6405740559483298346, 0.000000000000000000 ) ) ;
#3685 = DIRECTION ( 'NONE',  ( -0.8197130911198208247, 0.5727743432162342163, 0.000000000000000000 ) ) ;
#3686 = EDGE_LOOP ( 'NONE', ( #1724, #6919, #2340, #4721 ) ) ;
#3687 = VECTOR ( 'NONE', #2762, 1000.000000000000000 ) ;
#3688 = EDGE_CURVE ( 'NONE', #6201, #653, #847, .T. ) ;
#3689 = PRESENTATION_LAYER_ASSIGNMENT (  '', '', ( #6877 ) ) ;
#3690 = LINE ( 'NONE', #2480, #32 ) ;
#3691 = CARTESIAN_POINT ( 'NONE',  ( 0.000000000000000000, 0.000000000000000000, 0.000000000000000000 ) ) ;
#3692 = SURFACE_SIDE_STYLE ('',( #498 ) ) ;
#3693 = VECTOR ( 'NONE', #3740, 1000.000000000000000 ) ;
#3694 = CARTESIAN_POINT ( 'NONE',  ( 0.04543531754393450445, 0.7304500467786024798, 0.01000000000000000021 ) ) ;
#3695 = CARTESIAN_POINT ( 'NONE',  ( 0.9899999999999999911, 0.8899999999999997913, 0.2800000000000000266 ) ) ;
#3696 = ORIENTED_EDGE ( 'NONE', *, *, #5157, .T. ) ;
#3697 = VECTOR ( 'NONE', #6031, 1000.000000000000000 ) ;
#3698 = CARTESIAN_POINT ( 'NONE',  ( -0.08543550513037855010, 0.7230615237070141532, 0.000000000000000000 ) ) ;
#3699 = VERTEX_POINT ( 'NONE', #4815 ) ;
#3700 = AXIS2_PLACEMENT_3D ( 'NONE', #4173, #6907, #1968 ) ;
#3701 = SURFACE_SIDE_STYLE ('',( #4139 ) ) ;
#3702 = ORIENTED_EDGE ( 'NONE', *, *, #6606, .T. ) ;
#3703 = EDGE_CURVE ( 'NONE', #6121, #1913, #2020, .T. ) ;
#3704 = CARTESIAN_POINT ( 'NONE',  ( 0.1259231224219833079, 0.6793829736078706993, 0.01000000000000000021 ) ) ;
#3705 = SURFACE_STYLE_USAGE ( .BOTH. , #1352 ) ;
#3706 =( LENGTH_UNIT ( ) NAMED_UNIT ( * ) SI_UNIT ( .MILLI., .METRE. ) );
#3707 = ORIENTED_EDGE ( 'NONE', *, *, #5061, .T. ) ;
#3708 = CARTESIAN_POINT ( 'NONE',  ( -0.6110963936061699631, -0.8810963936061698698, 0.7900000000000001465 ) ) ;
#3709 = FILL_AREA_STYLE_COLOUR ( '', #2814 ) ;
#3710 = CARTESIAN_POINT ( 'NONE',  ( -1.000000000000000000, -0.9000000000000003553, 0.2800000000000000266 ) ) ;
#3711 = EDGE_CURVE ( 'NONE', #4406, #4074, #6523, .T. ) ;
#3712 = LINE ( 'NONE', #4742, #2449 ) ;
#3713 = SURFACE_STYLE_FILL_AREA ( #5855 ) ;
#3714 = ORIENTED_EDGE ( 'NONE', *, *, #6195, .F. ) ;
#3715 = LINE ( 'NONE', #6605, #4188 ) ;
#3716 = CARTESIAN_POINT ( 'NONE',  ( -0.1600768276660609890, 0.7174861874302836950, 0.000000000000000000 ) ) ;
#3717 = DIRECTION ( 'NONE',  ( -0.01744974916068639179, -0.01744974916068639179, 0.9996954598818874604 ) ) ;
#3718 =( GEOMETRIC_REPRESENTATION_CONTEXT ( 3 ) GLOBAL_UNCERTAINTY_ASSIGNED_CONTEXT ( ( #2840 ) ) GLOBAL_UNIT_ASSIGNED_CONTEXT ( ( #2946, #749, #3643 ) ) REPRESENTATION_CONTEXT ( 'NONE', 'WORKASPACE' ) );
#3719 =( NAMED_UNIT ( * ) SI_UNIT ( $, .STERADIAN. ) SOLID_ANGLE_UNIT ( ) );
#3720 = ORIENTED_EDGE ( 'NONE', *, *, #4384, .F. ) ;
#3721 = EDGE_CURVE ( 'NONE', #3304, #2739, #5812, .T. ) ;
#3722 = DIRECTION ( 'NONE',  ( 0.3390537954853696245, 0.9407669869669986751, 0.000000000000000000 ) ) ;
#3723 = ORIENTED_EDGE ( 'NONE', *, *, #7240, .F. ) ;
#3724 = ORIENTED_EDGE ( 'NONE', *, *, #7203, .F. ) ;
#3725 = DIRECTION ( 'NONE',  ( -0.000000000000000000, -0.000000000000000000, 1.000000000000000000 ) ) ;
#3726 = FILL_AREA_STYLE ('',( #2637 ) ) ;
#3727 = STYLED_ITEM ( 'NONE', ( #2055 ), #3490 ) ;
#3728 = VECTOR ( 'NONE', #2651, 1000.000000000000000 ) ;
#3729 = STYLED_ITEM ( 'NONE', ( #6772 ), #2620 ) ;
#3730 = EDGE_CURVE ( 'NONE', #5256, #5150, #2502, .T. ) ;
#3731 = CARTESIAN_POINT ( 'NONE',  ( 0.1233901372983254863, 0.6963926944514051698, 0.000000000000000000 ) ) ;
#3732 = SURFACE_SIDE_STYLE ('',( #2046 ) ) ;
#3733 = DIRECTION ( 'NONE',  ( -1.000000000000000000, 0.000000000000000000, 0.000000000000000000 ) ) ;
#3734 = ORIENTED_EDGE ( 'NONE', *, *, #942, .T. ) ;
#3735 = AXIS2_PLACEMENT_3D ( 'NONE', #4900, #1044, #6051 ) ;
#3736 = AXIS2_PLACEMENT_3D ( 'NONE', #1517, #3717, #1079 ) ;
#3737 = DIRECTION ( 'NONE',  ( 0.9353882635801357148, 0.3536223923290756632, 0.000000000000000000 ) ) ;
#3738 = ORIENTED_EDGE ( 'NONE', *, *, #1284, .T. ) ;
#3739 = LINE ( 'NONE', #3106, #3697 ) ;
#3740 = DIRECTION ( 'NONE',  ( 0.000000000000000000, 1.000000000000000000, 0.000000000000000000 ) ) ;
#3741 =( GEOMETRIC_REPRESENTATION_CONTEXT ( 3 ) GLOBAL_UNCERTAINTY_ASSIGNED_CONTEXT ( ( #932 ) ) GLOBAL_UNIT_ASSIGNED_CONTEXT ( ( #3064, #6232, #4556 ) ) REPRESENTATION_CONTEXT ( 'NONE', 'WORKASPACE' ) );
#3742 = COLOUR_RGB ( '',0.8313725490196077761, 0.8313725490196077761, 0.8196078431372548767 ) ;
#3743 = MECHANICAL_DESIGN_GEOMETRIC_PRESENTATION_REPRESENTATION (  '', ( #2450 ), #3390 ) ;
#3744 = FILL_AREA_STYLE_COLOUR ( '', #1829 ) ;
#3745 =( NAMED_UNIT ( * ) SI_UNIT ( $, .STERADIAN. ) SOLID_ANGLE_UNIT ( ) );
#3746 = VERTEX_POINT ( 'NONE', #1945 ) ;
#3747 = STYLED_ITEM ( 'NONE', ( #429 ), #1106 ) ;
#3748 = VECTOR ( 'NONE', #826, 1000.000000000000000 ) ;
#3749 =( LENGTH_UNIT ( ) NAMED_UNIT ( * ) SI_UNIT ( .MILLI., .METRE. ) );
#3750 =( LENGTH_UNIT ( ) NAMED_UNIT ( * ) SI_UNIT ( .MILLI., .METRE. ) );
#3751 =( NAMED_UNIT ( * ) PLANE_ANGLE_UNIT ( ) SI_UNIT ( $, .RADIAN. ) );
#3752 = DIRECTION ( 'NONE',  ( 0.000000000000000000, -0.000000000000000000, 1.000000000000000000 ) ) ;
#3753 = SURFACE_SIDE_STYLE ('',( #6748 ) ) ;
#3754 = CARTESIAN_POINT ( 'NONE',  ( -0.09477580683684878882, 0.6829539340728435493, 0.000000000000000000 ) ) ;
#3755 = EDGE_CURVE ( 'NONE', #245, #1092, #4192, .T. ) ;
#3756 = CARTESIAN_POINT ( 'NONE',  ( -0.1610719559851573335, 0.7125524643094329758, 0.000000000000000000 ) ) ;
#3757 = PRESENTATION_STYLE_ASSIGNMENT (( #7168 ) ) ;
#3758 = DIRECTION ( 'NONE',  ( 0.000000000000000000, 0.000000000000000000, -1.000000000000000000 ) ) ;
#3759 = CARTESIAN_POINT ( 'NONE',  ( 0.07683764734396358875, 0.6417675493520272889, 0.01000000000000000021 ) ) ;
#3760 = ORIENTED_EDGE ( 'NONE', *, *, #3212, .F. ) ;
#3761 = ORIENTED_EDGE ( 'NONE', *, *, #4114, .F. ) ;
#3762 = PRESENTATION_STYLE_ASSIGNMENT (( #1525 ) ) ;
#3763 = EDGE_CURVE ( 'NONE', #1725, #2165, #3080, .T. ) ;
#3764 = CARTESIAN_POINT ( 'NONE',  ( -0.05732245154012412247, 0.7194451376055954750, 0.01000000000000000021 ) ) ;
#3765 = CARTESIAN_POINT ( 'NONE',  ( 0.03202068339759305687, 0.6755719979981146261, 0.000000000000000000 ) ) ;
#3766 = CARTESIAN_POINT ( 'NONE',  ( 0.1259231224219833079, 0.6793829736078706993, 0.01000000000000000021 ) ) ;
#3767 = DIRECTION ( 'NONE',  ( 1.000000000000000000, 0.000000000000000000, 0.000000000000000000 ) ) ;
#3768 = FACE_OUTER_BOUND ( 'NONE', #5780, .T. ) ;
#3769 = CARTESIAN_POINT ( 'NONE',  ( -1.000000000000000000, 0.1449999999999999345, 0.000000000000000000 ) ) ;
#3770 = ORIENTED_EDGE ( 'NONE', *, *, #2379, .T. ) ;
#3771 = DIRECTION ( 'NONE',  ( 0.000000000000000000, 1.000000000000000000, 0.000000000000000000 ) ) ;
#3772 = SURFACE_STYLE_USAGE ( .BOTH. , #1606 ) ;
#3773 = ORIENTED_EDGE ( 'NONE', *, *, #2648, .T. ) ;
#3774 = EDGE_CURVE ( 'NONE', #1220, #2774, #4852, .T. ) ;
#3775 =( NAMED_UNIT ( * ) SI_UNIT ( $, .STERADIAN. ) SOLID_ANGLE_UNIT ( ) );
#3776 = PRESENTATION_STYLE_ASSIGNMENT (( #1535 ) ) ;
#3777 = ORIENTED_EDGE ( 'NONE', *, *, #2478, .F. ) ;
#3778 = CARTESIAN_POINT ( 'NONE',  ( 0.1080223900935353837, 0.6442900232567192464, 0.000000000000000000 ) ) ;
#3779 = CARTESIAN_POINT ( 'NONE',  ( 0.1990938541293003905, 0.6304500467786023910, 0.000000000000000000 ) ) ;
#3780 = CARTESIAN_POINT ( 'NONE',  ( 0.08212276428133753747, 0.7203223394537258129, 0.01000000000000000021 ) ) ;
#3781 = EDGE_CURVE ( 'NONE', #2901, #1484, #7120, .T. ) ;
#3782 = VERTEX_POINT ( 'NONE', #2616 ) ;
#3783 = FACE_OUTER_BOUND ( 'NONE', #1523, .T. ) ;
#3784 = CARTESIAN_POINT ( 'NONE',  ( 0.1344512063721191586, 0.6541264347566058124, 0.000000000000000000 ) ) ;
#3785 = DIRECTION ( 'NONE',  ( -1.000000000000000000, 0.000000000000000000, 0.000000000000000000 ) ) ;
#3786 = DIRECTION ( 'NONE',  ( -0.000000000000000000, -0.000000000000000000, 1.000000000000000000 ) ) ;
#3787 = VECTOR ( 'NONE', #797, 1000.000000000000000 ) ;
#3788 =( LENGTH_UNIT ( ) NAMED_UNIT ( * ) SI_UNIT ( .MILLI., .METRE. ) );
#3789 = PRESENTATION_LAYER_ASSIGNMENT (  '', '', ( #5435 ) ) ;
#3790 = FILL_AREA_STYLE ('',( #1689 ) ) ;
#3791 = EDGE_LOOP ( 'NONE', ( #5433, #6433, #4915, #3854 ) ) ;
#3792 = CARTESIAN_POINT ( 'NONE',  ( -0.07833098900298782197, 0.7141612643729000620, 0.000000000000000000 ) ) ;
#3793 = AXIS2_PLACEMENT_3D ( 'NONE', #5362, #3737, #4767 ) ;
#3794 =( NAMED_UNIT ( * ) SI_UNIT ( $, .STERADIAN. ) SOLID_ANGLE_UNIT ( ) );
#3795 = UNCERTAINTY_MEASURE_WITH_UNIT (LENGTH_MEASURE( 1.000000000000000082E-05 ), #6846, 'distance_accuracy_value', 'NONE');
#3796 = VECTOR ( 'NONE', #3495, 1000.000000000000000 ) ;
#3797 =( NAMED_UNIT ( * ) SI_UNIT ( $, .STERADIAN. ) SOLID_ANGLE_UNIT ( ) );
#3798 =( NAMED_UNIT ( * ) SI_UNIT ( $, .STERADIAN. ) SOLID_ANGLE_UNIT ( ) );
#3799 = ORIENTED_EDGE ( 'NONE', *, *, #6766, .F. ) ;
#3800 = EDGE_CURVE ( 'NONE', #4249, #69, #3264, .T. ) ;
#3801 = DIRECTION ( 'NONE',  ( -0.000000000000000000, -0.000000000000000000, -1.000000000000000000 ) ) ;
#3802 =( NAMED_UNIT ( * ) PLANE_ANGLE_UNIT ( ) SI_UNIT ( $, .RADIAN. ) );
#3803 =( LENGTH_UNIT ( ) NAMED_UNIT ( * ) SI_UNIT ( .MILLI., .METRE. ) );
#3804 = STYLED_ITEM ( 'NONE', ( #997 ), #5447 ) ;
#3805 = VECTOR ( 'NONE', #4409, 1000.000000000000000 ) ;
#3806 = CARTESIAN_POINT ( 'NONE',  ( -0.6110963936061699631, 0.000000000000000000, 0.7900000000000001465 ) ) ;
#3807 = ADVANCED_FACE ( 'NONE', ( #5542 ), #4303, .T. ) ;
#3808 = ORIENTED_EDGE ( 'NONE', *, *, #4261, .T. ) ;
#3809 = AXIS2_PLACEMENT_3D ( 'NONE', #3307, #5515, #1145 ) ;
#3810 = CARTESIAN_POINT ( 'NONE',  ( -0.09685553433846312565, 0.7138429425699513997, 0.009999999999999991535 ) ) ;
#3811 = CARTESIAN_POINT ( 'NONE',  ( 0.6299999999999998934, -0.8999999999999999112, 0.2800000000000000266 ) ) ;
#3812 = EDGE_LOOP ( 'NONE', ( #2839, #2707, #2419, #4029 ) ) ;
#3813 = EDGE_CURVE ( 'NONE', #344, #4926, #6010, .T. ) ;
#3814 = VECTOR ( 'NONE', #3655, 1000.000000000000000 ) ;
#3815 = SURFACE_STYLE_USAGE ( .BOTH. , #5029 ) ;
#3816 = CARTESIAN_POINT ( 'NONE',  ( 0.08522120438812040566, 0.7206464028126311483, 0.01000000000000000021 ) ) ;
#3817 =( GEOMETRIC_REPRESENTATION_CONTEXT ( 3 ) GLOBAL_UNCERTAINTY_ASSIGNED_CONTEXT ( ( #3357 ) ) GLOBAL_UNIT_ASSIGNED_CONTEXT ( ( #4574, #6837, #3474 ) ) REPRESENTATION_CONTEXT ( 'NONE', 'WORKASPACE' ) );
#3818 = ORIENTED_EDGE ( 'NONE', *, *, #6854, .F. ) ;
#3819 = CARTESIAN_POINT ( 'NONE',  ( -1.000000000000000000, -0.9000000000000003553, 0.2800000000000000266 ) ) ;
#3820 = CARTESIAN_POINT ( 'NONE',  ( -0.008223219041431360440, 0.6414256565347000727, 0.000000000000000000 ) ) ;
#3821 = LINE ( 'NONE', #962, #4679 ) ;
#3822 =( GEOMETRIC_REPRESENTATION_CONTEXT ( 3 ) GLOBAL_UNCERTAINTY_ASSIGNED_CONTEXT ( ( #4311 ) ) GLOBAL_UNIT_ASSIGNED_CONTEXT ( ( #7237, #6687, #3798 ) ) REPRESENTATION_CONTEXT ( 'NONE', 'WORKASPACE' ) );
#3823 = LINE ( 'NONE', #5446, #2274 ) ;
#3824 = VECTOR ( 'NONE', #543, 1000.000000000000000 ) ;
#3825 = EDGE_CURVE ( 'NONE', #3871, #6552, #3823, .T. ) ;
#3826 = LINE ( 'NONE', #1038, #2578 ) ;
#3827 = EDGE_CURVE ( 'NONE', #4938, #7032, #3231, .T. ) ;
#3828 = FACE_OUTER_BOUND ( 'NONE', #6991, .T. ) ;
#3829 = VERTEX_POINT ( 'NONE', #405 ) ;
#3830 = DIRECTION ( 'NONE',  ( 0.000000000000000000, 1.000000000000000000, 0.000000000000000000 ) ) ;
#3831 = LINE ( 'NONE', #336, #1490 ) ;
#3832 = SURFACE_STYLE_USAGE ( .BOTH. , #6126 ) ;
#3833 = SURFACE_STYLE_USAGE ( .BOTH. , #7131 ) ;
#3834 = PRESENTATION_LAYER_ASSIGNMENT (  '', '', ( #6431 ) ) ;
#3835 = CARTESIAN_POINT ( 'NONE',  ( -1.000000000000000000, -0.9000000000000003553, 0.000000000000000000 ) ) ;
#3836 = FACE_OUTER_BOUND ( 'NONE', #614, .T. ) ;
#3837 = ORIENTED_EDGE ( 'NONE', *, *, #2379, .F. ) ;
#3838 = ORIENTED_EDGE ( 'NONE', *, *, #6205, .F. ) ;
#3839 = CARTESIAN_POINT ( 'NONE',  ( -1.000000000000000000, -0.7099999999999999645, 0.000000000000000000 ) ) ;
#3840 =( NAMED_UNIT ( * ) SI_UNIT ( $, .STERADIAN. ) SOLID_ANGLE_UNIT ( ) );
#3841 = PRESENTATION_STYLE_ASSIGNMENT (( #5567 ) ) ;
#3842 = DIRECTION ( 'NONE',  ( 1.000000000000000000, 0.000000000000000000, 0.000000000000000000 ) ) ;
#3843 = ORIENTED_EDGE ( 'NONE', *, *, #4964, .F. ) ;
#3844 = CARTESIAN_POINT ( 'NONE',  ( -0.1062258737372868828, 0.6971203447159267652, 0.000000000000000000 ) ) ;
#3845 = ORIENTED_EDGE ( 'NONE', *, *, #4697, .T. ) ;
#3846 = CARTESIAN_POINT ( 'NONE',  ( 0.03202068339759305687, 0.6414256565347000727, 0.01000000000000000021 ) ) ;
#3847 = AXIS2_PLACEMENT_3D ( 'NONE', #5754, #82, #610 ) ;
#3848 = EDGE_CURVE ( 'NONE', #4358, #494, #5480, .T. ) ;
#3849 = CARTESIAN_POINT ( 'NONE',  ( -0.1081828323211668497, 0.6798189102791869498, 0.000000000000000000 ) ) ;
#3850 = CARTESIAN_POINT ( 'NONE',  ( 0.08836595778783694344, 0.7206939492176268613, 0.01000000000000000021 ) ) ;
#3851 = PRESENTATION_LAYER_ASSIGNMENT (  '', '', ( #6452 ) ) ;
#3852 =( GEOMETRIC_REPRESENTATION_CONTEXT ( 3 ) GLOBAL_UNCERTAINTY_ASSIGNED_CONTEXT ( ( #41 ) ) GLOBAL_UNIT_ASSIGNED_CONTEXT ( ( #5786, #6460, #3647 ) ) REPRESENTATION_CONTEXT ( 'NONE', 'WORKASPACE' ) );
#3853 = SURFACE_STYLE_FILL_AREA ( #4439 ) ;
#3854 = ORIENTED_EDGE ( 'NONE', *, *, #220, .T. ) ;
#3855 = CARTESIAN_POINT ( 'NONE',  ( -0.6196209054024639507, 0.8996193823540277190, 0.3018055703337348961 ) ) ;
#3856 = EDGE_CURVE ( 'NONE', #6588, #3923, #872, .T. ) ;
#3858 = VECTOR ( 'NONE', #3476, 1000.000000000000000 ) ;
#3857 = CARTESIAN_POINT ( 'NONE',  ( -0.1610719559851573335, 0.7125524643094329758, 0.000000000000000000 ) ) ;
#3859 = VECTOR ( 'NONE', #3461, 1000.000000000000000 ) ;
#3860 = SURFACE_STYLE_USAGE ( .BOTH. , #1509 ) ;
#3861 = CARTESIAN_POINT ( 'NONE',  ( 1.000000000000000000, 0.5000000000000000000, -0.01000000000000000021 ) ) ;
#3862 = EDGE_LOOP ( 'NONE', ( #6364, #7116, #982, #1582 ) ) ;
#3863 = AXIS2_PLACEMENT_3D ( 'NONE', #3424, #6196, #6155 ) ;
#3864 = LINE ( 'NONE', #3123, #795 ) ;
#3865 = FACE_OUTER_BOUND ( 'NONE', #6367, .T. ) ;
#3866 = UNCERTAINTY_MEASURE_WITH_UNIT (LENGTH_MEASURE( 1.000000000000000082E-05 ), #2190, 'distance_accuracy_value', 'NONE');
#3867 = DIRECTION ( 'NONE',  ( -0.01744974916068272111, 0.01744974916068272111, -0.9996954598818874604 ) ) ;
#3868 = SURFACE_SIDE_STYLE ('',( #5555 ) ) ;
#3869 = CARTESIAN_POINT ( 'NONE',  ( 0.1246197997889905568, 0.6669569260821704981, 0.000000000000000000 ) ) ;
#3870 = ORIENTED_EDGE ( 'NONE', *, *, #6539, .T. ) ;
#3871 = VERTEX_POINT ( 'NONE', #6601 ) ;
#3872 = PRESENTATION_STYLE_ASSIGNMENT (( #974 ) ) ;
#3873 = CARTESIAN_POINT ( 'NONE',  ( -0.003345170260943557301, 0.6865476077542121969, 0.000000000000000000 ) ) ;
#3874 = PRESENTATION_STYLE_ASSIGNMENT (( #6021 ) ) ;
#3875 = DIRECTION ( 'NONE',  ( 0.000000000000000000, -0.000000000000000000, -1.000000000000000000 ) ) ;
#3876 = CARTESIAN_POINT ( 'NONE',  ( 0.5200000000000000178, 0.8549999999999999822, -0.01000000000000000021 ) ) ;
#3877 = DIRECTION ( 'NONE',  ( 1.000000000000000000, 0.000000000000000000, 0.000000000000000000 ) ) ;
#3878 = ORIENTED_EDGE ( 'NONE', *, *, #93, .F. ) ;
#3879 = CARTESIAN_POINT ( 'NONE',  ( -0.1073783551525155505, 0.6922336689212108540, 0.000000000000000000 ) ) ;
#3880 = FILL_AREA_STYLE_COLOUR ( '', #540 ) ;
#3881 = VERTEX_POINT ( 'NONE', #6118 ) ;
#3882 = SURFACE_STYLE_USAGE ( .BOTH. , #323 ) ;
#3883 = CARTESIAN_POINT ( 'NONE',  ( 0.09419866272347490743, 0.6292692502919656761, 0.01000000000000000021 ) ) ;
#3884 = CARTESIAN_POINT ( 'NONE',  ( 0.1067818313171757794, 0.7163936266222621363, 0.01000000000000000021 ) ) ;
#3885 = FILL_AREA_STYLE ('',( #5617 ) ) ;
#3886 =( NAMED_UNIT ( * ) SI_UNIT ( $, .STERADIAN. ) SOLID_ANGLE_UNIT ( ) );
#3887 =( LENGTH_UNIT ( ) NAMED_UNIT ( * ) SI_UNIT ( .MILLI., .METRE. ) );
#3888 = APPLICATION_PROTOCOL_DEFINITION ( 'draft international standard', 'automotive_design', 1998, #4925 ) ;
#3889 = EDGE_CURVE ( 'NONE', #3649, #5500, #2982, .T. ) ;
#3890 = CARTESIAN_POINT ( 'NONE',  ( -1.000000000000000000, -0.3000000000000000444, 0.2900000000000000355 ) ) ;
#3891 = B_SPLINE_SURFACE_WITH_KNOTS ( 'NONE', 3, 1, ( 
 ( #4917, #2828 ),
 ( #1172, #2264 ),
 ( #6665, #5097 ),
 ( #1097, #2755 ),
 ( #506, #5577 ),
 ( #6736, #547 ),
 ( #3292, #3884 ),
 ( #6108, #4506 ),
 ( #5616, #6776 ),
 ( #2231, #4986 ),
 ( #1130, #3332 ),
 ( #7256, #1712 ),
 ( #6137, #3955 ),
 ( #6218, #2789 ),
 ( #5024, #1060 ),
 ( #5531, #3918 ),
 ( #7292, #2192 ),
 ( #5651, #4472 ),
 ( #1675, #6180 ) ),
 .UNSPECIFIED., .F., .F., .F.,
 ( 4, 1, 1, 1, 1, 1, 1, 1, 1, 1, 1, 1, 1, 1, 1, 1, 4 ),
 ( 2, 2 ),
 ( 0.000000000000000000, 0.06460397028839230671, 0.1267024139629472634, 0.1867568140356182516, 0.2455056873654378469, 0.3036520244499755772, 0.3615030739706258101, 0.4202402229284676327, 0.4800333407766969596, 0.5406781347755161837, 0.6011918063807819568, 0.6623335024774421598, 0.7247395102972319370, 0.7894677361728867915, 0.8565048600438299742, 0.9263120958391908299, 1.000000000000000000 ),
 ( 0.000000000000000000, 1.000000000000000000 ),
 .UNSPECIFIED. ) ;
#3892 =( LENGTH_UNIT ( ) NAMED_UNIT ( * ) SI_UNIT ( .MILLI., .METRE. ) );
#3893 = ORIENTED_EDGE ( 'NONE', *, *, #6715, .T. ) ;
#3894 = DIRECTION ( 'NONE',  ( 0.3222024856061130316, -0.9466707760722533616, 0.000000000000000000 ) ) ;
#3895 = SURFACE_STYLE_FILL_AREA ( #3790 ) ;
#3896 = ORIENTED_EDGE ( 'NONE', *, *, #3280, .F. ) ;
#3897 = EDGE_CURVE ( 'NONE', #1092, #7275, #1616, .T. ) ;
#3898 = CARTESIAN_POINT ( 'NONE',  ( -0.6110963936061699631, 0.8810963936061697588, 0.7900000000000001465 ) ) ;
#3899 = DIRECTION ( 'NONE',  ( -0.000000000000000000, -0.000000000000000000, -1.000000000000000000 ) ) ;
#3900 = CARTESIAN_POINT ( 'NONE',  ( 0.08171781021208079920, 0.7314409135971166043, 0.01000000000000000021 ) ) ;
#3901 = VERTEX_POINT ( 'NONE', #2727 ) ;
#3902 = VERTEX_POINT ( 'NONE', #2126 ) ;
#3903 = STYLED_ITEM ( 'NONE', ( #6012 ), #7070 ) ;
#3904 = FILL_AREA_STYLE ('',( #2216 ) ) ;
#3905 = CARTESIAN_POINT ( 'NONE',  ( 1.000000000000000000, 0.2999999999999998224, 0.2900000000000000355 ) ) ;
#3906 = CARTESIAN_POINT ( 'NONE',  ( -1.000000000000000000, 0.3000000000000000444, 0.2900000000000000355 ) ) ;
#3907 = STYLED_ITEM ( 'NONE', ( #1449 ), #5214 ) ;
#3908 = PRESENTATION_STYLE_ASSIGNMENT (( #4944 ) ) ;
#3909 = DIRECTION ( 'NONE',  ( 1.000000000000000000, 0.000000000000000000, -0.000000000000000000 ) ) ;
#3910 = EDGE_CURVE ( 'NONE', #4926, #501, #7198, .T. ) ;
#3911 = EDGE_CURVE ( 'NONE', #6260, #5527, #2330, .T. ) ;
#3912 = EDGE_LOOP ( 'NONE', ( #7010, #3526, #935, #4168, #4164, #806, #6279 ) ) ;
#3913 = PRESENTATION_LAYER_ASSIGNMENT (  '', '', ( #6046 ) ) ;
#3914 = SURFACE_STYLE_FILL_AREA ( #4468 ) ;
#3915 = LINE ( 'NONE', #3438, #3824 ) ;
#3916 = ORIENTED_EDGE ( 'NONE', *, *, #3856, .T. ) ;
#3917 = CARTESIAN_POINT ( 'NONE',  ( 0.1266591083186107691, 0.6427062818060078619, 0.01000000000000000021 ) ) ;
#3918 = CARTESIAN_POINT ( 'NONE',  ( 0.1253460036257126597, 0.6883291005978854349, 0.01000000000000000021 ) ) ;
#3919 = AXIS2_PLACEMENT_3D ( 'NONE', #4740, #328, #185 ) ;
#3920 = STYLED_ITEM ( 'NONE', ( #6898 ), #5892 ) ;
#3921 = CARTESIAN_POINT ( 'NONE',  ( -1.000000000000000000, 0.5000000000000000000, 0.2900000000000000355 ) ) ;
#3922 = STYLED_ITEM ( 'NONE', ( #5177 ), #3996 ) ;
#3923 = VERTEX_POINT ( 'NONE', #2867 ) ;
#3924 = DIRECTION ( 'NONE',  ( 0.000000000000000000, -1.000000000000000000, 0.000000000000000000 ) ) ;
#3925 = MECHANICAL_DESIGN_GEOMETRIC_PRESENTATION_REPRESENTATION (  '', ( #7125 ), #2283 ) ;
#3926 = CARTESIAN_POINT ( 'NONE',  ( -0.1584914713394606489, 0.7126837609818843511, 0.000000000000000000 ) ) ;
#3927 = ORIENTED_EDGE ( 'NONE', *, *, #4346, .F. ) ;
#3928 = CARTESIAN_POINT ( 'NONE',  ( 0.06574352501695111817, 0.7280292633026653748, 0.01000000000000000021 ) ) ;
#3929 = ORIENTED_EDGE ( 'NONE', *, *, #1644, .T. ) ;
#3930 = FACE_OUTER_BOUND ( 'NONE', #3006, .T. ) ;
#3931 = PRESENTATION_LAYER_ASSIGNMENT (  '', '', ( #1241 ) ) ;
#3932 = UNCERTAINTY_MEASURE_WITH_UNIT (LENGTH_MEASURE( 1.000000000000000082E-05 ), #6041, 'distance_accuracy_value', 'NONE');
#3933 = STYLED_ITEM ( 'NONE', ( #2188 ), #6676 ) ;
#3934 = ADVANCED_FACE ( 'NONE', ( #1721 ), #2271, .T. ) ;
#3935 = DIRECTION ( 'NONE',  ( -0.9466707760722533616, -0.3222024856061130316, 0.000000000000000000 ) ) ;
#3936 = PRESENTATION_STYLE_ASSIGNMENT (( #1696 ) ) ;
#3937 = VECTOR ( 'NONE', #6052, 1000.000000000000000 ) ;
#3938 = CARTESIAN_POINT ( 'NONE',  ( 0.07264559041713586351, 0.7301676046125196162, 0.01000000000000000021 ) ) ;
#3939 = ORIENTED_EDGE ( 'NONE', *, *, #1225, .F. ) ;
#3940 = CARTESIAN_POINT ( 'NONE',  ( 0.06494751266588572047, 0.7142915101932365562, 0.000000000000000000 ) ) ;
#3941 = FILL_AREA_STYLE_COLOUR ( '', #3211 ) ;
#3942 = UNCERTAINTY_MEASURE_WITH_UNIT (LENGTH_MEASURE( 1.000000000000000082E-05 ), #3197, 'distance_accuracy_value', 'NONE');
#3943 = PRESENTATION_STYLE_ASSIGNMENT (( #6862 ) ) ;
#3944 = DIRECTION ( 'NONE',  ( -1.000000000000000000, -0.000000000000000000, 0.000000000000000000 ) ) ;
#3945 = AXIS2_PLACEMENT_3D ( 'NONE', #6964, #2505, #4743 ) ;
#3946 = DIRECTION ( 'NONE',  ( 0.000000000000000000, 1.000000000000000000, 0.000000000000000000 ) ) ;
#3947 = EDGE_CURVE ( 'NONE', #3676, #6588, #1138, .T. ) ;
#3948 = SURFACE_SIDE_STYLE ('',( #4389 ) ) ;
#3949 = PLANE ( 'NONE',  #2174 ) ;
#3950 = VERTEX_POINT ( 'NONE', #3377 ) ;
#3951 = CARTESIAN_POINT ( 'NONE',  ( -0.1155402922121630677, 0.6304500467786023910, 0.01000000000000000021 ) ) ;
#3952 = VERTEX_POINT ( 'NONE', #3959 ) ;
#3953 = CARTESIAN_POINT ( 'NONE',  ( 0.04543531754393450445, 0.7304500467786024798, 0.000000000000000000 ) ) ;
#3954 =( NAMED_UNIT ( * ) PLANE_ANGLE_UNIT ( ) SI_UNIT ( $, .RADIAN. ) );
#3955 = CARTESIAN_POINT ( 'NONE',  ( 0.1219233395059390462, 0.7000649574747280779, 0.01000000000000000021 ) ) ;
#3956 = COLOUR_RGB ( '',0.2980392156862745057, 0.2980392156862745057, 0.2980392156862745057 ) ;
#3957 = VERTEX_POINT ( 'NONE', #6230 ) ;
#3958 = FILL_AREA_STYLE ('',( #6186 ) ) ;
#3959 = CARTESIAN_POINT ( 'NONE',  ( 1.000000000000000000, 0.8549999999999999822, -0.01000000000000000021 ) ) ;
#3960 = ORIENTED_EDGE ( 'NONE', *, *, #4361, .T. ) ;
#3961 = VECTOR ( 'NONE', #2859, 1000.000000000000000 ) ;
#3962 = PRESENTATION_LAYER_ASSIGNMENT (  '', '', ( #203 ) ) ;
#3963 = CARTESIAN_POINT ( 'NONE',  ( 0.6110963936061697410, -0.8810963936061697588, 0.7900000000000001465 ) ) ;
#3964 = DIRECTION ( 'NONE',  ( -0.9998476951563911586, 0.000000000000000000, -0.01745240643728180122 ) ) ;
#3965 = VERTEX_POINT ( 'NONE', #5625 ) ;
#3966 = PLANE ( 'NONE',  #1781 ) ;
#3967 = ORIENTED_EDGE ( 'NONE', *, *, #1508, .F. ) ;
#3968 = CARTESIAN_POINT ( 'NONE',  ( -0.6300000000000001155, -0.1450000000000000455, 0.2900000000000000355 ) ) ;
#3969 = DIRECTION ( 'NONE',  ( 0.000000000000000000, -0.000000000000000000, 1.000000000000000000 ) ) ;
#3970 = PRESENTATION_LAYER_ASSIGNMENT (  '', '', ( #4214 ) ) ;
#3971 = VECTOR ( 'NONE', #3672, 1000.000000000000000 ) ;
#3972 = LINE ( 'NONE', #2286, #2182 ) ;
#3973 = ORIENTED_EDGE ( 'NONE', *, *, #642, .F. ) ;
#3974 = EDGE_CURVE ( 'NONE', #2682, #4635, #1180, .T. ) ;
#3975 = DIRECTION ( 'NONE',  ( -0.000000000000000000, -0.000000000000000000, 1.000000000000000000 ) ) ;
#3976 = LINE ( 'NONE', #1197, #3858 ) ;
#3977 = SURFACE_STYLE_FILL_AREA ( #5645 ) ;
#3978 = ORIENTED_EDGE ( 'NONE', *, *, #167, .T. ) ;
#3979 = EDGE_CURVE ( 'NONE', #2763, #2673, #3415, .T. ) ;
#3980 =( NAMED_UNIT ( * ) SI_UNIT ( $, .STERADIAN. ) SOLID_ANGLE_UNIT ( ) );
#3981 = DIRECTION ( 'NONE',  ( 1.000000000000000000, 0.000000000000000000, -0.000000000000000000 ) ) ;
#3982 = DIRECTION ( 'NONE',  ( -0.000000000000000000, -0.000000000000000000, 1.000000000000000000 ) ) ;
#3983 =( NAMED_UNIT ( * ) PLANE_ANGLE_UNIT ( ) SI_UNIT ( $, .RADIAN. ) );
#3984 = SURFACE_STYLE_USAGE ( .BOTH. , #445 ) ;
#3985 =( NAMED_UNIT ( * ) PLANE_ANGLE_UNIT ( ) SI_UNIT ( $, .RADIAN. ) );
#3986 = DIRECTION ( 'NONE',  ( 0.000000000000000000, 0.000000000000000000, -1.000000000000000000 ) ) ;
#3987 = CARTESIAN_POINT ( 'NONE',  ( 0.1856792199829589152, 0.7304500467786024798, 0.000000000000000000 ) ) ;
#3988 = FILL_AREA_STYLE ('',( #6816 ) ) ;
#3989 = EDGE_CURVE ( 'NONE', #1830, #3952, #5659, .T. ) ;
#3990 = DIRECTION ( 'NONE',  ( 1.000000000000000000, 0.000000000000000000, -0.000000000000000000 ) ) ;
#3991 = EDGE_LOOP ( 'NONE', ( #7092, #4502, #3838 ) ) ;
#3992 = DIRECTION ( 'NONE',  ( 0.000000000000000000, 1.000000000000000000, 0.000000000000000000 ) ) ;
#3993 = CARTESIAN_POINT ( 'NONE',  ( -0.04115004830972406047, 0.7194744370225049090, 0.000000000000000000 ) ) ;
#3994 = ORIENTED_EDGE ( 'NONE', *, *, #3979, .T. ) ;
#3995 = LINE ( 'NONE', #137, #3796 ) ;
#3996 = ADVANCED_FACE ( 'NONE', ( #1214 ), #6292, .F. ) ;
#3997 =( NAMED_UNIT ( * ) SI_UNIT ( $, .STERADIAN. ) SOLID_ANGLE_UNIT ( ) );
#3998 = ORIENTED_EDGE ( 'NONE', *, *, #2648, .F. ) ;
#3999 = DIRECTION ( 'NONE',  ( -1.000000000000000000, 0.000000000000000000, 0.000000000000000000 ) ) ;
#4000 = FILL_AREA_STYLE_COLOUR ( '', #5930 ) ;
#4001 = UNCERTAINTY_MEASURE_WITH_UNIT (LENGTH_MEASURE( 1.000000000000000082E-05 ), #4542, 'distance_accuracy_value', 'NONE');
#4002 = SURFACE_STYLE_FILL_AREA ( #2329 ) ;
#4003 = B_SPLINE_SURFACE_WITH_KNOTS ( 'NONE', 3, 1, ( 
 ( #3543, #6971 ),
 ( #3055, #4749 ),
 ( #2951, #4058 ),
 ( #1366, #3613 ),
 ( #3089, #192 ),
 ( #260, #3648 ),
 ( #6900, #2437 ),
 ( #4603, #2510 ),
 ( #6313, #2986 ),
 ( #6347, #4162 ),
 ( #4676, #153 ) ),
 .UNSPECIFIED., .F., .F., .F.,
 ( 4, 1, 1, 1, 1, 1, 1, 1, 4 ),
 ( 2, 2 ),
 ( 0.000000000000000000, 0.1124483899088023486, 0.2265276752126783866, 0.3444019493260284115, 0.4658649724874592279, 0.5916594493521175613, 0.7221684870248873400, 0.8586063875549265756, 1.000000000000000000 ),
 ( 0.000000000000000000, 1.000000000000000000 ),
 .UNSPECIFIED. ) ;
#4004 = CARTESIAN_POINT ( 'NONE',  ( -0.09470701600457520630, 0.6768947080704825758, 0.01000000000000000021 ) ) ;
#4005 = ORIENTED_EDGE ( 'NONE', *, *, #2726, .T. ) ;
#4006 = MECHANICAL_DESIGN_GEOMETRIC_PRESENTATION_REPRESENTATION (  '', ( #3552 ), #4954 ) ;
#4007 = PRESENTATION_STYLE_ASSIGNMENT (( #1838 ) ) ;
#4008 = CARTESIAN_POINT ( 'NONE',  ( -0.08543550513037855010, 0.7230615237070141532, 0.01000000000000000021 ) ) ;
#4009 = UNCERTAINTY_MEASURE_WITH_UNIT (LENGTH_MEASURE( 1.000000000000000082E-05 ), #3482, 'distance_accuracy_value', 'NONE');
#4010 =( NAMED_UNIT ( * ) PLANE_ANGLE_UNIT ( ) SI_UNIT ( $, .RADIAN. ) );
#4011 = CARTESIAN_POINT ( 'NONE',  ( 1.000000000000000000, 0.1450000000000000455, -0.01000000000000000021 ) ) ;
#4012 = EDGE_CURVE ( 'NONE', #5420, #1342, #6953, .T. ) ;
#4013 = DIRECTION ( 'NONE',  ( -1.000000000000000000, 0.000000000000000000, 0.000000000000000000 ) ) ;
#4014 = CARTESIAN_POINT ( 'NONE',  ( -0.06810742463629806953, 0.6428366065902808568, 0.000000000000000000 ) ) ;
#4015 = PRESENTATION_LAYER_ASSIGNMENT (  '', '', ( #3073 ) ) ;
#4016 = ORIENTED_EDGE ( 'NONE', *, *, #1533, .T. ) ;
#4017 = PRESENTATION_STYLE_ASSIGNMENT (( #5723 ) ) ;
#4018 = CARTESIAN_POINT ( 'NONE',  ( 0.6299999999999998934, 0.8999999999999999112, 0.2800000000000000266 ) ) ;
#4019 = CARTESIAN_POINT ( 'NONE',  ( -1.000000000000000000, -0.5000000000000000000, -0.01000000000000000021 ) ) ;
#4020 =( NAMED_UNIT ( * ) PLANE_ANGLE_UNIT ( ) SI_UNIT ( $, .RADIAN. ) );
#4021 = COLOUR_RGB ( '',0.8313725490196077761, 0.8313725490196077761, 0.8196078431372548767 ) ;
#4022 = MECHANICAL_DESIGN_GEOMETRIC_PRESENTATION_REPRESENTATION (  '', ( #3903 ), #2263 ) ;
#4023 = CARTESIAN_POINT ( 'NONE',  ( -0.06607801423805827190, 0.6312503919698714272, 0.01000000000000000021 ) ) ;
#4024 = EDGE_CURVE ( 'NONE', #6487, #6231, #1349, .T. ) ;
#4025 = DIRECTION ( 'NONE',  ( 1.000000000000000000, 0.000000000000000000, 0.000000000000000000 ) ) ;
#4026 = CARTESIAN_POINT ( 'NONE',  ( 0.07064457264774995360, 0.6437745557477646541, 0.000000000000000000 ) ) ;
#4027 = VECTOR ( 'NONE', #196, 1000.000000000000000 ) ;
#4028 = PRESENTATION_LAYER_ASSIGNMENT (  '', '', ( #4497 ) ) ;
#4029 = ORIENTED_EDGE ( 'NONE', *, *, #4456, .F. ) ;
#4030 = LINE ( 'NONE', #1821, #4754 ) ;
#4031 = AXIS2_PLACEMENT_3D ( 'NONE', #1731, #1292, #5593 ) ;
#4032 = CARTESIAN_POINT ( 'NONE',  ( 0.1259231224219833079, 0.6793829736078706993, 0.000000000000000000 ) ) ;
#4033 = MECHANICAL_DESIGN_GEOMETRIC_PRESENTATION_REPRESENTATION (  '', ( #7229 ), #1914 ) ;
#4034 = EDGE_CURVE ( 'NONE', #4682, #4948, #4140, .T. ) ;
#4035 = SURFACE_STYLE_FILL_AREA ( #6850 ) ;
#4036 = ORIENTED_EDGE ( 'NONE', *, *, #6019, .T. ) ;
#4037 = SURFACE_STYLE_FILL_AREA ( #5626 ) ;
#4038 = VECTOR ( 'NONE', #7158, 1000.000000000000000 ) ;
#4039 =( NAMED_UNIT ( * ) PLANE_ANGLE_UNIT ( ) SI_UNIT ( $, .RADIAN. ) );
#4040 = EDGE_LOOP ( 'NONE', ( #972, #2112, #3314, #5210, #2972, #2795, #521 ) ) ;
#4041 = FACE_OUTER_BOUND ( 'NONE', #531, .T. ) ;
#4042 = FACE_OUTER_BOUND ( 'NONE', #2122, .T. ) ;
#4043 =( GEOMETRIC_REPRESENTATION_CONTEXT ( 3 ) GLOBAL_UNCERTAINTY_ASSIGNED_CONTEXT ( ( #3646 ) ) GLOBAL_UNIT_ASSIGNED_CONTEXT ( ( #4493, #5562, #5523 ) ) REPRESENTATION_CONTEXT ( 'NONE', 'WORKASPACE' ) );
#4044 = ORIENTED_EDGE ( 'NONE', *, *, #3827, .F. ) ;
#4045 = DIRECTION ( 'NONE',  ( 1.000000000000000000, 0.000000000000000000, 0.000000000000000000 ) ) ;
#4046 = FILL_AREA_STYLE_COLOUR ( '', #2338 ) ;
#4047 = MECHANICAL_DESIGN_GEOMETRIC_PRESENTATION_REPRESENTATION (  '', ( #3097 ), #5219 ) ;
#4048 = EDGE_CURVE ( 'NONE', #6647, #3829, #6996, .T. ) ;
#4049 = FILL_AREA_STYLE ('',( #1798 ) ) ;
#4050 = ADVANCED_FACE ( 'NONE', ( #4112 ), #6363, .F. ) ;
#4051 =( NAMED_UNIT ( * ) PLANE_ANGLE_UNIT ( ) SI_UNIT ( $, .RADIAN. ) );
#4052 = CARTESIAN_POINT ( 'NONE',  ( -0.09480858489508986464, 0.6814218455590902446, 0.01000000000000000021 ) ) ;
#4053 = ORIENTED_EDGE ( 'NONE', *, *, #581, .T. ) ;
#4054 = VECTOR ( 'NONE', #5730, 1000.000000000000000 ) ;
#4055 = CARTESIAN_POINT ( 'NONE',  ( -0.05732245154012412247, 0.7194451376055954750, 0.000000000000000000 ) ) ;
#4056 = CARTESIAN_POINT ( 'NONE',  ( 1.000000000000000000, 0.1450000000000000455, -0.01000000000000000021 ) ) ;
#4057 = DIRECTION ( 'NONE',  ( 0.000000000000000000, -0.000000000000000000, 1.000000000000000000 ) ) ;
#4058 = CARTESIAN_POINT ( 'NONE',  ( 0.06777613910062856017, 0.6340716869813518564, 0.01000000000000000021 ) ) ;
#4059 = MECHANICAL_DESIGN_GEOMETRIC_PRESENTATION_REPRESENTATION (  '', ( #6784 ), #4761 ) ;
#4060 = SURFACE_SIDE_STYLE ('',( #1806 ) ) ;
#4061 = CARTESIAN_POINT ( 'NONE',  ( -0.06407573812211241060, 0.6420263471386346010, 0.000000000000000000 ) ) ;
#4062 = ORIENTED_EDGE ( 'NONE', *, *, #3544, .T. ) ;
#4063 = SURFACE_SIDE_STYLE ('',( #758 ) ) ;
#4064 = FILL_AREA_STYLE ('',( #2302 ) ) ;
#4065 = DIRECTION ( 'NONE',  ( 0.000000000000000000, -1.000000000000000000, 0.000000000000000000 ) ) ;
#4066 = CARTESIAN_POINT ( 'NONE',  ( -0.05492672513899232029, 0.6304500467786023910, 0.000000000000000000 ) ) ;
#4067 = CARTESIAN_POINT ( 'NONE',  ( 1.000000000000000000, -0.5000000000000000000, -0.01000000000000000021 ) ) ;
#4068 = FILL_AREA_STYLE_COLOUR ( '', #3142 ) ;
#4069 = AXIS2_PLACEMENT_3D ( 'NONE', #1285, #3381, #3964 ) ;
#4070 = SURFACE_SIDE_STYLE ('',( #5202 ) ) ;
#4071 = EDGE_CURVE ( 'NONE', #3039, #3590, #6402, .T. ) ;
#4072 = EDGE_LOOP ( 'NONE', ( #1267, #2377, #1752, #7142, #5048, #2752 ) ) ;
#4073 = PRESENTATION_LAYER_ASSIGNMENT (  '', '', ( #680 ) ) ;
#4074 = VERTEX_POINT ( 'NONE', #5769 ) ;
#4075 = STYLED_ITEM ( 'NONE', ( #5591 ), #2327 ) ;
#4076 = SURFACE_STYLE_USAGE ( .BOTH. , #2317 ) ;
#4077 = DIRECTION ( 'NONE',  ( 0.000000000000000000, -0.000000000000000000, 1.000000000000000000 ) ) ;
#4078 =( NAMED_UNIT ( * ) PLANE_ANGLE_UNIT ( ) SI_UNIT ( $, .RADIAN. ) );
#4079 = ADVANCED_FACE ( 'NONE', ( #5209 ), #809, .F. ) ;
#4080 = ORIENTED_EDGE ( 'NONE', *, *, #3544, .F. ) ;
#4081 =( NAMED_UNIT ( * ) PLANE_ANGLE_UNIT ( ) SI_UNIT ( $, .RADIAN. ) );
#4082 = CARTESIAN_POINT ( 'NONE',  ( 0.06588585174338464079, 0.6351150486408816409, 0.01000000000000000021 ) ) ;
#4083 = UNCERTAINTY_MEASURE_WITH_UNIT (LENGTH_MEASURE( 1.000000000000000082E-05 ), #4154, 'distance_accuracy_value', 'NONE');
#4084 = B_SPLINE_CURVE_WITH_KNOTS ( 'NONE', 3,
 ( #7065, #5986, #944, #1450, #4759, #4241, #6500 ),
 .UNSPECIFIED., .F., .F.,
 ( 4, 1, 1, 1, 4 ),
 ( 0.000000000000000000, 0.1744817153170560020, 0.3982857591281081522, 0.6738978473986653173, 1.000000000000000000 ),
 .UNSPECIFIED. ) ;
#4085 = DIRECTION ( 'NONE',  ( -0.000000000000000000, 1.000000000000000000, -0.000000000000000000 ) ) ;
#4086 = STYLED_ITEM ( 'NONE', ( #3943 ), #2876 ) ;
#4087 = CARTESIAN_POINT ( 'NONE',  ( 0.1128180798227536169, 0.7121756606535966094, 0.01000000000000000021 ) ) ;
#4088 =( NAMED_UNIT ( * ) SI_UNIT ( $, .STERADIAN. ) SOLID_ANGLE_UNIT ( ) );
#4089 = VERTEX_POINT ( 'NONE', #3148 ) ;
#4090 = COLOUR_RGB ( '',0.8313725490196077761, 0.8313725490196077761, 0.8196078431372548767 ) ;
#4091 = PRESENTATION_STYLE_ASSIGNMENT (( #4669 ) ) ;
#4092 = FILL_AREA_STYLE_COLOUR ( '', #4021 ) ;
#4093 = CARTESIAN_POINT ( 'NONE',  ( 1.000000000000000000, 0.2999999999999998224, -0.01000000000000000021 ) ) ;
#4094 = FILL_AREA_STYLE_COLOUR ( '', #688 ) ;
#4095 = DIRECTION ( 'NONE',  ( -0.000000000000000000, -0.000000000000000000, 1.000000000000000000 ) ) ;
#4096 = PRESENTATION_LAYER_ASSIGNMENT (  '', '', ( #4798 ) ) ;
#4097 = AXIS2_PLACEMENT_3D ( 'NONE', #1543, #3785, #2019 ) ;
#4098 = ORIENTED_EDGE ( 'NONE', *, *, #5966, .T. ) ;
#4099 = PRESENTATION_LAYER_ASSIGNMENT (  '', '', ( #4331 ) ) ;
#4100 = STYLED_ITEM ( 'NONE', ( #2305 ), #3508 ) ;
#4101 = CARTESIAN_POINT ( 'NONE',  ( -0.6110963936061699631, 0.8810963936061697588, 0.7900000000000001465 ) ) ;
#4102 = DIRECTION ( 'NONE',  ( 1.000000000000000000, 0.000000000000000000, 0.000000000000000000 ) ) ;
#4103 = UNCERTAINTY_MEASURE_WITH_UNIT (LENGTH_MEASURE( 1.000000000000000082E-05 ), #3481, 'distance_accuracy_value', 'NONE');
#4104 = CARTESIAN_POINT ( 'NONE',  ( 0.06494751266588572047, 0.7142915101932365562, 0.000000000000000000 ) ) ;
#4105 = CARTESIAN_POINT ( 'NONE',  ( 0.1362411085220801010, 0.6584909572253364596, 0.000000000000000000 ) ) ;
#4106 = CARTESIAN_POINT ( 'NONE',  ( 0.9899999999999999911, -0.9000000000000002442, 0.2800000000000000266 ) ) ;
#4107 = CARTESIAN_POINT ( 'NONE',  ( 0.1990938541293003905, 0.000000000000000000, 0.01000000000000000021 ) ) ;
#4108 = SURFACE_SIDE_STYLE ('',( #1856 ) ) ;
#4109 = ORIENTED_EDGE ( 'NONE', *, *, #6129, .T. ) ;
#4110 = DIRECTION ( 'NONE',  ( 1.000000000000000000, -0.000000000000000000, -0.000000000000000000 ) ) ;
#4111 = CARTESIAN_POINT ( 'NONE',  ( -0.09080078055895296485, 0.6610313229406546975, 0.01000000000000000021 ) ) ;
#4112 = FACE_OUTER_BOUND ( 'NONE', #3188, .T. ) ;
#4113 = EDGE_LOOP ( 'NONE', ( #157, #3196, #340, #6915 ) ) ;
#4114 = EDGE_CURVE ( 'NONE', #3458, #6065, #1062, .T. ) ;
#4115 = ORIENTED_EDGE ( 'NONE', *, *, #6001, .T. ) ;
#4116 = CARTESIAN_POINT ( 'NONE',  ( 0.6110963936061697410, 0.8810963936061697588, 0.7900000000000001465 ) ) ;
#4117 = DIRECTION ( 'NONE',  ( -1.000000000000000000, 0.000000000000000000, 0.000000000000000000 ) ) ;
#4118 = EDGE_CURVE ( 'NONE', #1725, #1040, #4329, .T. ) ;
#4119 = SURFACE_STYLE_USAGE ( .BOTH. , #1905 ) ;
#4120 = CARTESIAN_POINT ( 'NONE',  ( -0.08901262954309487052, 0.6577093933915411084, 0.000000000000000000 ) ) ;
#4121 = EDGE_LOOP ( 'NONE', ( #2469, #2439, #5792, #1820 ) ) ;
#4122 = DIRECTION ( 'NONE',  ( 0.000000000000000000, 1.000000000000000000, 0.000000000000000000 ) ) ;
#4123 = LINE ( 'NONE', #4093, #1799 ) ;
#4124 = SURFACE_SIDE_STYLE ('',( #4235 ) ) ;
#4125 = LINE ( 'NONE', #6380, #61 ) ;
#4126 = EDGE_LOOP ( 'NONE', ( #4204, #6662, #3532, #3837 ) ) ;
#4127 = CARTESIAN_POINT ( 'NONE',  ( 0.06494751266588572047, 0.000000000000000000, 0.01000000000000000021 ) ) ;
#4128 = CARTESIAN_POINT ( 'NONE',  ( -0.09470701600457520630, 0.6768947080704825758, 0.000000000000000000 ) ) ;
#4129 = VERTEX_POINT ( 'NONE', #3184 ) ;
#4130 = CYLINDRICAL_SURFACE ( 'NONE', #2270, 0.01000000000000002623 ) ;
#4131 = CARTESIAN_POINT ( 'NONE',  ( 0.1393065017191443822, 0.6767514672820876820, 0.000000000000000000 ) ) ;
#4132 = CARTESIAN_POINT ( 'NONE',  ( 0.1067818313171757794, 0.7163936266222621363, 0.000000000000000000 ) ) ;
#4133 = COLOUR_RGB ( '',0.8313725490196077761, 0.8313725490196077761, 0.8196078431372548767 ) ;
#4134 = EDGE_CURVE ( 'NONE', #1184, #1014, #5405, .T. ) ;
#4135 = CARTESIAN_POINT ( 'NONE',  ( 0.09382955596559058864, 0.7315450988345422179, 0.01000000000000000021 ) ) ;
#4136 =( GEOMETRIC_REPRESENTATION_CONTEXT ( 3 ) GLOBAL_UNCERTAINTY_ASSIGNED_CONTEXT ( ( #6094 ) ) GLOBAL_UNIT_ASSIGNED_CONTEXT ( ( #7105, #5315, #5277 ) ) REPRESENTATION_CONTEXT ( 'NONE', 'WORKASPACE' ) );
#4137 = CARTESIAN_POINT ( 'NONE',  ( -0.08953689553584276428, 0.7203649948471232412, 0.009999999999999991535 ) ) ;
#4138 = VERTEX_POINT ( 'NONE', #6513 ) ;
#4139 = SURFACE_STYLE_FILL_AREA ( #6994 ) ;
#4140 = LINE ( 'NONE', #6328, #5933 ) ;
#4141 = VERTEX_POINT ( 'NONE', #6626 ) ;
#4142 = MECHANICAL_DESIGN_GEOMETRIC_PRESENTATION_REPRESENTATION (  '', ( #2266 ), #4496 ) ;
#4143 =( GEOMETRIC_REPRESENTATION_CONTEXT ( 3 ) GLOBAL_UNCERTAINTY_ASSIGNED_CONTEXT ( ( #6978 ) ) GLOBAL_UNIT_ASSIGNED_CONTEXT ( ( #2719, #3291, #504 ) ) REPRESENTATION_CONTEXT ( 'NONE', 'WORKASPACE' ) );
#4144 = PLANE ( 'NONE',  #2082 ) ;
#4145 = CARTESIAN_POINT ( 'NONE',  ( -0.06667749594099865729, 0.7297189121878965290, 0.000000000000000000 ) ) ;
#4146 = CARTESIAN_POINT ( 'NONE',  ( -1.000000000000000000, 0.2900000000000000910, 0.2800000000000000266 ) ) ;
#4147 =( GEOMETRIC_REPRESENTATION_CONTEXT ( 3 ) GLOBAL_UNCERTAINTY_ASSIGNED_CONTEXT ( ( #2464 ) ) GLOBAL_UNIT_ASSIGNED_CONTEXT ( ( #5896, #2552, #3719 ) ) REPRESENTATION_CONTEXT ( 'NONE', 'WORKASPACE' ) );
#4148 = VERTEX_POINT ( 'NONE', #5471 ) ;
#4149 = DIRECTION ( 'NONE',  ( -0.000000000000000000, -0.000000000000000000, -1.000000000000000000 ) ) ;
#4150 = VECTOR ( 'NONE', #2833, 1000.000000000000000 ) ;
#4151 = LINE ( 'NONE', #6368, #1117 ) ;
#4152 = UNCERTAINTY_MEASURE_WITH_UNIT (LENGTH_MEASURE( 1.000000000000000082E-05 ), #5875, 'distance_accuracy_value', 'NONE');
#4153 = CARTESIAN_POINT ( 'NONE',  ( 0.1086822212896005335, 0.7281191895601730746, 0.000000000000000000 ) ) ;
#4154 =( LENGTH_UNIT ( ) NAMED_UNIT ( * ) SI_UNIT ( .MILLI., .METRE. ) );
#4155 = CARTESIAN_POINT ( 'NONE',  ( 1.000000000000000000, -0.2899999999999999800, 0.2800000000000001377 ) ) ;
#4156 = STYLED_ITEM ( 'NONE', ( #3038 ), #4079 ) ;
#4157 = SURFACE_STYLE_USAGE ( .BOTH. , #6492 ) ;
#4158 = LINE ( 'NONE', #2657, #863 ) ;
#4159 = EDGE_CURVE ( 'NONE', #3746, #1480, #6070, .T. ) ;
#4160 = FILL_AREA_STYLE_COLOUR ( '', #4276 ) ;
#4161 = DIRECTION ( 'NONE',  ( 1.000000000000000000, 0.000000000000000000, 0.000000000000000000 ) ) ;
#4162 = CARTESIAN_POINT ( 'NONE',  ( 0.09111555720496555821, 0.6292463349645197601, 0.01000000000000000021 ) ) ;
#4163 = AXIS2_PLACEMENT_3D ( 'NONE', #4116, #3565, #6266 ) ;
#4164 = ORIENTED_EDGE ( 'NONE', *, *, #451, .T. ) ;
#4165 = CARTESIAN_POINT ( 'NONE',  ( 0.08940689134101739710, 0.6402219983943201465, 0.01000000000000000021 ) ) ;
#4166 = MECHANICAL_DESIGN_GEOMETRIC_PRESENTATION_REPRESENTATION (  '', ( #5110 ), #3347 ) ;
#4167 = SURFACE_SIDE_STYLE ('',( #3433 ) ) ;
#4168 = ORIENTED_EDGE ( 'NONE', *, *, #4994, .T. ) ;
#4169 = VECTOR ( 'NONE', #5862, 1000.000000000000227 ) ;
#4170 = SURFACE_STYLE_FILL_AREA ( #4714 ) ;
#4171 = EDGE_CURVE ( 'NONE', #646, #6519, #6814, .T. ) ;
#4172 = UNCERTAINTY_MEASURE_WITH_UNIT (LENGTH_MEASURE( 1.000000000000000082E-05 ), #1708, 'distance_accuracy_value', 'NONE');
#4173 = CARTESIAN_POINT ( 'NONE',  ( -0.6110963936061699631, -0.8810963936061697588, 0.7900000000000001465 ) ) ;
#4174 = FACE_OUTER_BOUND ( 'NONE', #4072, .T. ) ;
#4175 = LINE ( 'NONE', #5905, #4554 ) ;
#4176 = ORIENTED_EDGE ( 'NONE', *, *, #12, .F. ) ;
#4177 = FILL_AREA_STYLE ('',( #1972 ) ) ;
#4178 = PRESENTATION_STYLE_ASSIGNMENT (( #951 ) ) ;
#4179 = ORIENTED_EDGE ( 'NONE', *, *, #4517, .T. ) ;
#4180 = SURFACE_SIDE_STYLE ('',( #6992 ) ) ;
#4181 = CARTESIAN_POINT ( 'NONE',  ( -0.08168407908208542845, 0.6494303599126473037, 0.01000000000000000021 ) ) ;
#4182 =( GEOMETRIC_REPRESENTATION_CONTEXT ( 3 ) GLOBAL_UNCERTAINTY_ASSIGNED_CONTEXT ( ( #5484 ) ) GLOBAL_UNIT_ASSIGNED_CONTEXT ( ( #2871, #4039, #6921 ) ) REPRESENTATION_CONTEXT ( 'NONE', 'WORKASPACE' ) );
#4183 = CARTESIAN_POINT ( 'NONE',  ( 0.03202068339759305687, 0.6755719979981146261, 0.000000000000000000 ) ) ;
#4184 = ORIENTED_EDGE ( 'NONE', *, *, #6615, .F. ) ;
#4185 = CARTESIAN_POINT ( 'NONE',  ( -1.000000000000000000, 0.7099999999999999645, 0.000000000000000000 ) ) ;
#4186 = CARTESIAN_POINT ( 'NONE',  ( -0.1025023524632447114, 0.7060605847433557569, 0.000000000000000000 ) ) ;
#4187 = LINE ( 'NONE', #5370, #7096 ) ;
#4188 = VECTOR ( 'NONE', #929, 1000.000000000000000 ) ;
#4189 = ORIENTED_EDGE ( 'NONE', *, *, #5194, .T. ) ;
#4190 = CARTESIAN_POINT ( 'NONE',  ( 0.09419866272347490743, 0.6292692502919656761, 0.000000000000000000 ) ) ;
#4191 = CARTESIAN_POINT ( 'NONE',  ( 0.1131420048994868782, 0.7260444639191654392, 0.000000000000000000 ) ) ;
#4192 = LINE ( 'NONE', #3639, #5098 ) ;
#4193 =( GEOMETRIC_REPRESENTATION_CONTEXT ( 3 ) GLOBAL_UNCERTAINTY_ASSIGNED_CONTEXT ( ( #5635 ) ) GLOBAL_UNIT_ASSIGNED_CONTEXT ( ( #4356, #1022, #5497 ) ) REPRESENTATION_CONTEXT ( 'NONE', 'WORKASPACE' ) );
#4194 = CARTESIAN_POINT ( 'NONE',  ( 1.000000000000000000, -0.1450000000000000455, 0.2800000000000000266 ) ) ;
#4195 = CARTESIAN_POINT ( 'NONE',  ( -0.1397209324560655108, 0.6584988272664072939, 0.01000000000000000021 ) ) ;
#4196 = SURFACE_STYLE_FILL_AREA ( #1361 ) ;
#4197 = DIRECTION ( 'NONE',  ( -1.000000000000000000, 0.000000000000000000, 0.000000000000000000 ) ) ;
#4198 = CARTESIAN_POINT ( 'NONE',  ( 1.000000000000000000, -0.2999999999999998224, -0.2400000000000000466 ) ) ;
#4199 = EDGE_LOOP ( 'NONE', ( #1345, #6832, #5983, #4980 ) ) ;
#4200 = STYLED_ITEM ( 'NONE', ( #733 ), #118 ) ;
#4201 = CIRCLE ( 'NONE', #3847, 0.1999999999999999833 ) ;
#4202 = LINE ( 'NONE', #2555, #2772 ) ;
#4203 = ADVANCED_FACE ( 'NONE', ( #474 ), #7190, .F. ) ;
#4204 = ORIENTED_EDGE ( 'NONE', *, *, #3800, .T. ) ;
#4205 = FILL_AREA_STYLE_COLOUR ( '', #6981 ) ;
#4206 = PRESENTATION_STYLE_ASSIGNMENT (( #7026 ) ) ;
#4207 = CARTESIAN_POINT ( 'NONE',  ( -0.08665144577497665979, 0.7074470534389594167, 0.01000000000000000021 ) ) ;
#4208 = CARTESIAN_POINT ( 'NONE',  ( 1.000000000000000000, -0.8900000000000001243, 0.000000000000000000 ) ) ;
#4209 = MECHANICAL_DESIGN_GEOMETRIC_PRESENTATION_REPRESENTATION (  '', ( #7051 ), #6221 ) ;
#4210 = CARTESIAN_POINT ( 'NONE',  ( 0.000000000000000000, 0.6584988272664072939, 0.01000000000000000021 ) ) ;
#4211 = LINE ( 'NONE', #4106, #4523 ) ;
#4212 = SURFACE_STYLE_USAGE ( .BOTH. , #1970 ) ;
#4213 = EDGE_CURVE ( 'NONE', #5386, #5420, #2858, .T. ) ;
#4214 = STYLED_ITEM ( 'NONE', ( #5429 ), #1025 ) ;
#4215 = ORIENTED_EDGE ( 'NONE', *, *, #6061, .F. ) ;
#4216 = PRESENTATION_LAYER_ASSIGNMENT (  '', '', ( #2700 ) ) ;
#4217 =( NAMED_UNIT ( * ) PLANE_ANGLE_UNIT ( ) SI_UNIT ( $, .RADIAN. ) );
#4218 = ORIENTED_EDGE ( 'NONE', *, *, #3054, .F. ) ;
#4219 = CARTESIAN_POINT ( 'NONE',  ( -0.1765349568463094321, 0.6694744370225048646, 0.000000000000000000 ) ) ;
#4220 = DIRECTION ( 'NONE',  ( 1.000000000000000000, 0.000000000000000000, -0.000000000000000000 ) ) ;
#4221 = VERTEX_POINT ( 'NONE', #6219 ) ;
#4222 = SURFACE_SIDE_STYLE ('',( #5806 ) ) ;
#4223 = CARTESIAN_POINT ( 'NONE',  ( -1.000000000000000000, 0.5000000000000000000, -0.2400000000000000466 ) ) ;
#4224 = ORIENTED_EDGE ( 'NONE', *, *, #491, .F. ) ;
#4225 = CARTESIAN_POINT ( 'NONE',  ( 0.1072442960545317153, 0.6310450699240951478, 0.01000000000000000194 ) ) ;
#4226 = DIRECTION ( 'NONE',  ( 1.000000000000000000, 0.000000000000000000, 0.000000000000000000 ) ) ;
#4227 = B_SPLINE_CURVE_WITH_KNOTS ( 'NONE', 3,
 ( #7230, #3754, #2168, #7127, #4415, #2071, #5451, #6085, #413, #2668, #7167, #3792, #3272, #2104, #1549, #6047, #3236, #5483, #1622 ),
 .UNSPECIFIED., .F., .F.,
 ( 4, 1, 1, 1, 1, 1, 1, 1, 1, 1, 1, 1, 1, 1, 1, 1, 4 ),
 ( 0.000000000000000000, 0.07430379644281459584, 0.1443936103644171132, 0.2104994961032790046, 0.2735426065034673448, 0.3338247445790724632, 0.3925296724085018396, 0.4500874545995853793, 0.5078206115557872824, 0.5654649127768467398, 0.6231487223336192871, 0.6812971927909353687, 0.7409134981565809186, 0.8018557521958580292, 0.8652412377209433014, 0.9309416570467442531, 1.000000000000000000 ),
 .UNSPECIFIED. ) ;
#4228 = FILL_AREA_STYLE_COLOUR ( '', #4385 ) ;
#4229 = ADVANCED_FACE ( 'NONE', ( #5145 ), #4581, .T. ) ;
#4230 = CARTESIAN_POINT ( 'NONE',  ( 1.000000000000000000, -0.8549999999999999822, -0.01000000000000000021 ) ) ;
#4231 = CARTESIAN_POINT ( 'NONE',  ( -0.05979208246766209295, 0.6415217669773409792, 0.000000000000000000 ) ) ;
#4232 = B_SPLINE_SURFACE_WITH_KNOTS ( 'NONE', 3, 1, ( 
 ( #5440, #6141 ),
 ( #4366, #6597 ),
 ( #4334, #6630 ),
 ( #478, #1573 ),
 ( #1539, #2691 ),
 ( #4885, #1066 ),
 ( #4404, #3297 ),
 ( #2723, #3780 ),
 ( #4953, #3816 ),
 ( #6669, #6036 ),
 ( #5535, #513 ) ),
 .UNSPECIFIED., .F., .F., .F.,
 ( 4, 1, 1, 1, 1, 1, 1, 1, 4 ),
 ( 2, 2 ),
 ( 0.000000000000000000, 0.1252796967356274715, 0.2494199707420520495, 0.3733567994928199130, 0.4966812787822865172, 0.6202029157439832296, 0.7450863201614565945, 0.8712691950190979417, 0.9999999999999998890 ),
 ( 0.000000000000000000, 1.000000000000000000 ),
 .UNSPECIFIED. ) ;
#4233 = LINE ( 'NONE', #1436, #3334 ) ;
#4234 = UNCERTAINTY_MEASURE_WITH_UNIT (LENGTH_MEASURE( 1.000000000000000082E-05 ), #1764, 'distance_accuracy_value', 'NONE');
#4235 = SURFACE_STYLE_FILL_AREA ( #7090 ) ;
#4236 = CARTESIAN_POINT ( 'NONE',  ( 1.000000000000000000, -0.7099999999999999645, 0.2800000000000000266 ) ) ;
#4237 = VERTEX_POINT ( 'NONE', #6812 ) ;
#4238 = DIRECTION ( 'NONE',  ( -0.000000000000000000, -1.000000000000000000, -0.000000000000000000 ) ) ;
#4239 = DIRECTION ( 'NONE',  ( 1.000000000000000000, 0.000000000000000000, 0.000000000000000000 ) ) ;
#4240 = EDGE_LOOP ( 'NONE', ( #208, #5035, #5279, #5152 ) ) ;
#4241 = CARTESIAN_POINT ( 'NONE',  ( -0.1600768276660609890, 0.7174861874302836950, 0.01000000000000000021 ) ) ;
#4242 = DIRECTION ( 'NONE',  ( -1.084202172485504434E-16, 1.000000000000000000, 0.000000000000000000 ) ) ;
#4243 = CARTESIAN_POINT ( 'NONE',  ( 0.09189910089871473897, 0.6402392541479663413, 0.01000000000000000021 ) ) ;
#4244 = EDGE_CURVE ( 'NONE', #65, #1857, #5653, .T. ) ;
#4245 = DIRECTION ( 'NONE',  ( -1.000000000000000000, -0.000000000000000000, 0.000000000000000000 ) ) ;
#4246 = DIRECTION ( 'NONE',  ( 1.000000000000000000, 0.000000000000000000, 0.000000000000000000 ) ) ;
#4247 = LINE ( 'NONE', #1491, #1986 ) ;
#4248 = VERTEX_POINT ( 'NONE', #4988 ) ;
#4249 = VERTEX_POINT ( 'NONE', #7257 ) ;
#4250 = VECTOR ( 'NONE', #2603, 1000.000000000000114 ) ;
#4251 = ADVANCED_FACE ( 'NONE', ( #4473 ), #2306, .F. ) ;
#4252 =( LENGTH_UNIT ( ) NAMED_UNIT ( * ) SI_UNIT ( .MILLI., .METRE. ) );
#4253 = CARTESIAN_POINT ( 'NONE',  ( -0.07626184116868336971, 0.6338709651218072949, 0.000000000000000000 ) ) ;
#4254 = ORIENTED_EDGE ( 'NONE', *, *, #5278, .F. ) ;
#4255 = CARTESIAN_POINT ( 'NONE',  ( -0.1911500483097240688, 0.6304500467786023910, 0.000000000000000000 ) ) ;
#4256 = CARTESIAN_POINT ( 'NONE',  ( 0.03202068339759305687, 0.7194744370225049090, 0.01000000000000000021 ) ) ;
#4257 = VECTOR ( 'NONE', #4705, 1000.000000000000000 ) ;
#4258 = SURFACE_STYLE_USAGE ( .BOTH. , #3667 ) ;
#4259 = ORIENTED_EDGE ( 'NONE', *, *, #3721, .T. ) ;
#4260 = DIRECTION ( 'NONE',  ( 1.000000000000000000, 0.000000000000000000, -0.000000000000000000 ) ) ;
#4261 = EDGE_CURVE ( 'NONE', #6011, #6257, #7294, .T. ) ;
#4262 = CARTESIAN_POINT ( 'NONE',  ( 0.1322453515144117742, 0.6500399609938715129, 0.000000000000000000 ) ) ;
#4263 = SURFACE_STYLE_USAGE ( .BOTH. , #6562 ) ;
#4264 = COLOUR_RGB ( '',0.2980392156862745057, 0.2980392156862745057, 0.2980392156862745057 ) ;
#4265 = SURFACE_STYLE_USAGE ( .BOTH. , #4665 ) ;
#4266 = PRESENTATION_STYLE_ASSIGNMENT (( #4119 ) ) ;
#4267 = CARTESIAN_POINT ( 'NONE',  ( -0.06407573812211241060, 0.6420263471386346010, 0.000000000000000000 ) ) ;
#4268 = AXIS2_PLACEMENT_3D ( 'NONE', #658, #1270, #730 ) ;
#4269 = CARTESIAN_POINT ( 'NONE',  ( -0.5200000000000000178, 0.8549999999999999822, -0.01000000000000000021 ) ) ;
#4270 = FILL_AREA_STYLE_COLOUR ( '', #403 ) ;
#4271 = EDGE_CURVE ( 'NONE', #5839, #3519, #621, .T. ) ;
#4272 =( LENGTH_UNIT ( ) NAMED_UNIT ( * ) SI_UNIT ( .MILLI., .METRE. ) );
#4273 = MECHANICAL_DESIGN_GEOMETRIC_PRESENTATION_REPRESENTATION (  '', ( #2531 ), #5448 ) ;
#4274 = FILL_AREA_STYLE ('',( #5298 ) ) ;
#4275 = EDGE_LOOP ( 'NONE', ( #2026, #2674, #794, #377, #1495 ) ) ;
#4276 = COLOUR_RGB ( '',0.8313725490196077761, 0.8313725490196077761, 0.8196078431372548767 ) ;
#4277 = CARTESIAN_POINT ( 'NONE',  ( -1.000000000000000000, -0.9000000000000003553, 0.2800000000000000266 ) ) ;
#4278 = DIRECTION ( 'NONE',  ( 1.000000000000000000, 0.000000000000000000, 0.000000000000000000 ) ) ;
#4279 = VERTEX_POINT ( 'NONE', #2897 ) ;
#4280 = ORIENTED_EDGE ( 'NONE', *, *, #4134, .T. ) ;
#4281 = PRESENTATION_LAYER_ASSIGNMENT (  '', '', ( #2526 ) ) ;
#4282 =( NAMED_UNIT ( * ) SI_UNIT ( $, .STERADIAN. ) SOLID_ANGLE_UNIT ( ) );
#4283 = FILL_AREA_STYLE ('',( #2042 ) ) ;
#4284 =( NAMED_UNIT ( * ) PLANE_ANGLE_UNIT ( ) SI_UNIT ( $, .RADIAN. ) );
#4285 = DIRECTION ( 'NONE',  ( -0.000000000000000000, -0.000000000000000000, 1.000000000000000000 ) ) ;
#4286 = LINE ( 'NONE', #6547, #7043 ) ;
#4287 = COLOUR_RGB ( '',0.8313725490196077761, 0.8313725490196077761, 0.8196078431372548767 ) ;
#4288 = ORIENTED_EDGE ( 'NONE', *, *, #3763, .F. ) ;
#4289 = SURFACE_STYLE_USAGE ( .BOTH. , #3216 ) ;
#4290 = CIRCLE ( 'NONE', #659, 0.2000000000000000944 ) ;
#4291 = FACE_OUTER_BOUND ( 'NONE', #4887, .T. ) ;
#4292 = ORIENTED_EDGE ( 'NONE', *, *, #4456, .T. ) ;
#4293 = DIRECTION ( 'NONE',  ( 0.3390537954853696245, 0.9407669869669986751, 0.000000000000000000 ) ) ;
#4294 = COLOUR_RGB ( '',0.8313725490196077761, 0.8313725490196077761, 0.8196078431372548767 ) ;
#4295 = DIRECTION ( 'NONE',  ( 1.000000000000000000, 1.527045313359865723E-16, 0.000000000000000000 ) ) ;
#4296 = CARTESIAN_POINT ( 'NONE',  ( -0.08538806974092814916, 0.6382381164493280412, 0.000000000000000000 ) ) ;
#4297 = ORIENTED_EDGE ( 'NONE', *, *, #6088, .T. ) ;
#4298 = MECHANICAL_DESIGN_GEOMETRIC_PRESENTATION_REPRESENTATION (  '', ( #5947 ), #4531 ) ;
#4299 = CARTESIAN_POINT ( 'NONE',  ( 0.1246197997889905568, 0.6669569260821704981, 0.01000000000000000021 ) ) ;
#4300 = EDGE_CURVE ( 'NONE', #494, #6858, #4290, .T. ) ;
#4301 = ORIENTED_EDGE ( 'NONE', *, *, #1425, .F. ) ;
#4302 =( NAMED_UNIT ( * ) SI_UNIT ( $, .STERADIAN. ) SOLID_ANGLE_UNIT ( ) );
#4303 = PLANE ( 'NONE',  #7233 ) ;
#4304 = STYLED_ITEM ( 'NONE', ( #6443 ), #1814 ) ;
#4305 = PLANE ( 'NONE',  #3945 ) ;
#4306 = EDGE_LOOP ( 'NONE', ( #5039, #1553, #252, #6211, #2838, #4254, #5367, #1296 ) ) ;
#4307 = DIRECTION ( 'NONE',  ( -1.000000000000000000, 0.000000000000000000, 0.000000000000000000 ) ) ;
#4308 = EDGE_CURVE ( 'NONE', #4410, #3068, #6909, .T. ) ;
#4309 = LINE ( 'NONE', #4895, #559 ) ;
#4310 = PRESENTATION_STYLE_ASSIGNMENT (( #4856 ) ) ;
#4311 = UNCERTAINTY_MEASURE_WITH_UNIT (LENGTH_MEASURE( 1.000000000000000082E-05 ), #7237, 'distance_accuracy_value', 'NONE');
#4312 = DIRECTION ( 'NONE',  ( -0.000000000000000000, -1.000000000000000000, -0.000000000000000000 ) ) ;
#4313 = STYLED_ITEM ( 'NONE', ( #2119 ), #1984 ) ;
#4314 = FILL_AREA_STYLE ('',( #4418 ) ) ;
#4315 = EDGE_LOOP ( 'NONE', ( #2697, #5467, #2203, #5758, #2571, #2498, #7239, #6826 ) ) ;
#4316 = EDGE_LOOP ( 'NONE', ( #3723, #7003, #6162, #4467 ) ) ;
#4317 = PRESENTATION_LAYER_ASSIGNMENT (  '', '', ( #7273 ) ) ;
#4318 = DIRECTION ( 'NONE',  ( -1.000000000000000000, -0.000000000000000000, 0.000000000000000000 ) ) ;
#4319 = SURFACE_STYLE_FILL_AREA ( #1598 ) ;
#4320 = FILL_AREA_STYLE ('',( #5949 ) ) ;
#4321 = DIRECTION ( 'NONE',  ( -0.000000000000000000, -0.000000000000000000, -1.000000000000000000 ) ) ;
#4322 =( LENGTH_UNIT ( ) NAMED_UNIT ( * ) SI_UNIT ( .MILLI., .METRE. ) );
#4323 = ORIENTED_EDGE ( 'NONE', *, *, #5242, .F. ) ;
#4324 =( LENGTH_UNIT ( ) NAMED_UNIT ( * ) SI_UNIT ( .MILLI., .METRE. ) );
#4325 = PRESENTATION_LAYER_ASSIGNMENT (  '', '', ( #922 ) ) ;
#4326 = CARTESIAN_POINT ( 'NONE',  ( -0.1081052499225959723, 0.6870648688125189363, 0.000000000000000000 ) ) ;
#4327 = ORIENTED_EDGE ( 'NONE', *, *, #2956, .F. ) ;
#4328 = CARTESIAN_POINT ( 'NONE',  ( -0.5199999999999999067, 0.1450000000000000455, -0.01000000000000000021 ) ) ;
#4329 = LINE ( 'NONE', #7218, #3462 ) ;
#4330 = VERTEX_POINT ( 'NONE', #1817 ) ;
#4331 = STYLED_ITEM ( 'NONE', ( #43 ), #674 ) ;
#4332 = CARTESIAN_POINT ( 'NONE',  ( 1.000000000000000000, 0.1450000000000000455, 0.2900000000000000355 ) ) ;
#4333 = SURFACE_SIDE_STYLE ('',( #511 ) ) ;
#4334 = CARTESIAN_POINT ( 'NONE',  ( 0.06760355161592933315, 0.7158348688973327212, 0.000000000000000000 ) ) ;
#4335 = AXIS2_PLACEMENT_3D ( 'NONE', #1633, #3877, #6132 ) ;
#4336 = VECTOR ( 'NONE', #2686, 1000.000000000000000 ) ;
#4337 = DIRECTION ( 'NONE',  ( -1.000000000000000000, -0.000000000000000000, 0.000000000000000000 ) ) ;
#4338 = CARTESIAN_POINT ( 'NONE',  ( 0.1322453515144117742, 0.6500399609938715129, 0.01000000000000000194 ) ) ;
#4339 = EDGE_CURVE ( 'NONE', #3185, #245, #801, .T. ) ;
#4340 = DIRECTION ( 'NONE',  ( 1.000000000000000000, 0.000000000000000000, 0.000000000000000000 ) ) ;
#4341 = CARTESIAN_POINT ( 'NONE',  ( -0.04115004830972406047, 0.7194744370225049090, 0.01000000000000000021 ) ) ;
#4342 = ORIENTED_EDGE ( 'NONE', *, *, #6962, .T. ) ;
#4343 = FILL_AREA_STYLE ('',( #3305 ) ) ;
#4344 = DIRECTION ( 'NONE',  ( -0.000000000000000000, -1.000000000000000000, -0.000000000000000000 ) ) ;
#4345 = SURFACE_SIDE_STYLE ('',( #4857 ) ) ;
#4346 = EDGE_CURVE ( 'NONE', #3602, #1505, #4211, .T. ) ;
#4347 = PLANE ( 'NONE',  #756 ) ;
#4348 = CARTESIAN_POINT ( 'NONE',  ( 0.1016049461206680604, 0.6416239506492681377, 0.000000000000000000 ) ) ;
#4349 = CARTESIAN_POINT ( 'NONE',  ( 0.07551895736521968550, 0.7307028805517076231, 0.01000000000000000021 ) ) ;
#4350 = ORIENTED_EDGE ( 'NONE', *, *, #416, .T. ) ;
#4351 = ORIENTED_EDGE ( 'NONE', *, *, #6955, .T. ) ;
#4352 = FILL_AREA_STYLE_COLOUR ( '', #5732 ) ;
#4353 =( LENGTH_UNIT ( ) NAMED_UNIT ( * ) SI_UNIT ( .MILLI., .METRE. ) );
#4354 = LINE ( 'NONE', #5464, #6110 ) ;
#4355 = ORIENTED_EDGE ( 'NONE', *, *, #2547, .F. ) ;
#4356 =( LENGTH_UNIT ( ) NAMED_UNIT ( * ) SI_UNIT ( .MILLI., .METRE. ) );
#4357 = SURFACE_SIDE_STYLE ('',( #3914 ) ) ;
#4358 = VERTEX_POINT ( 'NONE', #5762 ) ;
#4359 = SURFACE_SIDE_STYLE ('',( #3366 ) ) ;
#4360 = ADVANCED_FACE ( 'NONE', ( #4174 ), #834, .T. ) ;
#4361 = EDGE_CURVE ( 'NONE', #6957, #1112, #5797, .T. ) ;
#4362 =( NAMED_UNIT ( * ) PLANE_ANGLE_UNIT ( ) SI_UNIT ( $, .RADIAN. ) );
#4363 = EDGE_LOOP ( 'NONE', ( #6193, #5646, #3661, #2318 ) ) ;
#4364 = CARTESIAN_POINT ( 'NONE',  ( -0.1765349568463094321, 0.6694744370225048646, 0.01000000000000000021 ) ) ;
#4365 = VECTOR ( 'NONE', #6712, 1000.000000000000000 ) ;
#4366 = CARTESIAN_POINT ( 'NONE',  ( 0.06583555122866159570, 0.7148075274923845202, 0.000000000000000000 ) ) ;
#4367 = ORIENTED_EDGE ( 'NONE', *, *, #2726, .F. ) ;
#4368 = LINE ( 'NONE', #1882, #4027 ) ;
#4369 =( NAMED_UNIT ( * ) PLANE_ANGLE_UNIT ( ) SI_UNIT ( $, .RADIAN. ) );
#4370 = VECTOR ( 'NONE', #2252, 1000.000000000000000 ) ;
#4371 = CARTESIAN_POINT ( 'NONE',  ( -0.6300000000000002265, -0.8958588646516011389, 0.2800000000000000266 ) ) ;
#4372 = VECTOR ( 'NONE', #5475, 1000.000000000000000 ) ;
#4373 =( NAMED_UNIT ( * ) PLANE_ANGLE_UNIT ( ) SI_UNIT ( $, .RADIAN. ) );
#4374 = CARTESIAN_POINT ( 'NONE',  ( -0.6110963936061699631, -0.8810963936061697588, 0.7900000000000001465 ) ) ;
#4375 = VECTOR ( 'NONE', #2402, 1000.000000000000000 ) ;
#4376 = PRESENTATION_STYLE_ASSIGNMENT (( #5669 ) ) ;
#4377 =( GEOMETRIC_REPRESENTATION_CONTEXT ( 3 ) GLOBAL_UNCERTAINTY_ASSIGNED_CONTEXT ( ( #5260 ) ) GLOBAL_UNIT_ASSIGNED_CONTEXT ( ( #7087, #3642, #6527 ) ) REPRESENTATION_CONTEXT ( 'NONE', 'WORKASPACE' ) );
#4378 = PLANE ( 'NONE',  #1389 ) ;
#4379 = DIRECTION ( 'NONE',  ( -0.000000000000000000, 1.000000000000000000, 0.000000000000000000 ) ) ;
#4380 = LINE ( 'NONE', #3391, #776 ) ;
#4381 = ORIENTED_EDGE ( 'NONE', *, *, #4034, .F. ) ;
#4382 = COLOUR_RGB ( '',0.2980392156862745057, 0.2980392156862745057, 0.2980392156862745057 ) ;
#4383 = EDGE_LOOP ( 'NONE', ( #996, #4482, #4862, #670, #5878, #3636, #5002, #1706 ) ) ;
#4384 = EDGE_CURVE ( 'NONE', #1342, #6734, #1969, .T. ) ;
#4385 = COLOUR_RGB ( '',0.2980392156862745057, 0.2980392156862745057, 0.2980392156862745057 ) ;
#4386 =( NAMED_UNIT ( * ) SI_UNIT ( $, .STERADIAN. ) SOLID_ANGLE_UNIT ( ) );
#4387 = DIRECTION ( 'NONE',  ( 0.000000000000000000, -0.9998476951563912696, 0.01745240643728354982 ) ) ;
#4388 =( GEOMETRIC_REPRESENTATION_CONTEXT ( 3 ) GLOBAL_UNCERTAINTY_ASSIGNED_CONTEXT ( ( #190 ) ) GLOBAL_UNIT_ASSIGNED_CONTEXT ( ( #5819, #4708, #257 ) ) REPRESENTATION_CONTEXT ( 'NONE', 'WORKASPACE' ) );
#4389 = SURFACE_STYLE_FILL_AREA ( #1703 ) ;
#4390 = ORIENTED_EDGE ( 'NONE', *, *, #552, .T. ) ;
#4391 = CIRCLE ( 'NONE', #5923, 0.2000000000000002054 ) ;
#4392 = EDGE_CURVE ( 'NONE', #4959, #1524, #5342, .T. ) ;
#4393 = ORIENTED_EDGE ( 'NONE', *, *, #2547, .T. ) ;
#4394 = SURFACE_SIDE_STYLE ('',( #2062 ) ) ;
#4395 = DIRECTION ( 'NONE',  ( 1.000000000000000000, 0.000000000000000000, 0.000000000000000000 ) ) ;
#4396 = AXIS2_PLACEMENT_3D ( 'NONE', #4183, #5282, #4727 ) ;
#4397 = CARTESIAN_POINT ( 'NONE',  ( -0.1082232190414313816, 0.6817076687298220250, 0.01000000000000000021 ) ) ;
#4398 = PRESENTATION_LAYER_ASSIGNMENT (  '', '', ( #4987 ) ) ;
#4399 =( NAMED_UNIT ( * ) SI_UNIT ( $, .STERADIAN. ) SOLID_ANGLE_UNIT ( ) );
#4400 = CARTESIAN_POINT ( 'NONE',  ( 0.08212276428133753747, 0.7203223394537258129, 0.01000000000000000021 ) ) ;
#4401 = VECTOR ( 'NONE', #6875, 1000.000000000000000 ) ;
#4402 = CARTESIAN_POINT ( 'NONE',  ( 0.09189910089871473897, 0.6402392541479663413, 0.000000000000000000 ) ) ;
#4403 = MECHANICAL_DESIGN_GEOMETRIC_PRESENTATION_REPRESENTATION (  '', ( #3448 ), #4147 ) ;
#4404 = CARTESIAN_POINT ( 'NONE',  ( 0.07908923574731502315, 0.7198406783824443655, 0.000000000000000000 ) ) ;
#4405 = VECTOR ( 'NONE', #1665, 1000.000000000000000 ) ;
#4406 = VERTEX_POINT ( 'NONE', #7029 ) ;
#4407 = DIRECTION ( 'NONE',  ( 0.000000000000000000, -1.000000000000000000, 0.000000000000000000 ) ) ;
#4408 = CARTESIAN_POINT ( 'NONE',  ( -0.1600768276660609890, 0.7174861874302836950, 0.01000000000000000021 ) ) ;
#4409 = DIRECTION ( 'NONE',  ( -0.000000000000000000, -0.000000000000000000, 1.000000000000000000 ) ) ;
#4410 = VERTEX_POINT ( 'NONE', #698 ) ;
#4411 = PRESENTATION_LAYER_ASSIGNMENT (  '', '', ( #7136 ) ) ;
#4412 = PRESENTATION_STYLE_ASSIGNMENT (( #6149 ) ) ;
#4413 = ORIENTED_EDGE ( 'NONE', *, *, #3126, .T. ) ;
#4414 =( NAMED_UNIT ( * ) SI_UNIT ( $, .STERADIAN. ) SOLID_ANGLE_UNIT ( ) );
#4415 = CARTESIAN_POINT ( 'NONE',  ( -0.09338588973380140823, 0.6942780202438784132, 0.000000000000000000 ) ) ;
#4416 =( LENGTH_UNIT ( ) NAMED_UNIT ( * ) SI_UNIT ( .MILLI., .METRE. ) );
#4417 = DIRECTION ( 'NONE',  ( -0.000000000000000000, -1.000000000000000000, -0.000000000000000000 ) ) ;
#4418 = FILL_AREA_STYLE_COLOUR ( '', #5699 ) ;
#4419 = MECHANICAL_DESIGN_GEOMETRIC_PRESENTATION_REPRESENTATION (  '', ( #4304 ), #3362 ) ;
#4420 = LINE ( 'NONE', #6686, #2342 ) ;
#4421 = ORIENTED_EDGE ( 'NONE', *, *, #1439, .T. ) ;
#4422 = ORIENTED_EDGE ( 'NONE', *, *, #4384, .T. ) ;
#4423 = PLANE ( 'NONE',  #3322 ) ;
#4424 = CARTESIAN_POINT ( 'NONE',  ( 1.000000000000000000, 0.5000000000000000000, -0.2400000000000000466 ) ) ;
#4425 =( NAMED_UNIT ( * ) PLANE_ANGLE_UNIT ( ) SI_UNIT ( $, .RADIAN. ) );
#4426 = SURFACE_SIDE_STYLE ('',( #3321 ) ) ;
#4427 = EDGE_CURVE ( 'NONE', #7111, #6734, #6535, .T. ) ;
#4428 = CARTESIAN_POINT ( 'NONE',  ( -1.000000000000000000, 0.1450000000000000455, 0.2800000000000000266 ) ) ;
#4429 = EDGE_LOOP ( 'NONE', ( #1669, #134, #3452, #3361 ) ) ;
#4430 =( NAMED_UNIT ( * ) SI_UNIT ( $, .STERADIAN. ) SOLID_ANGLE_UNIT ( ) );
#4431 = ORIENTED_EDGE ( 'NONE', *, *, #3411, .T. ) ;
#4432 = FACE_OUTER_BOUND ( 'NONE', #4383, .T. ) ;
#4433 = CARTESIAN_POINT ( 'NONE',  ( 0.09246275656832476930, 0.6292305345834805497, 0.01000000000000000021 ) ) ;
#4434 = DIRECTION ( 'NONE',  ( 0.000000000000000000, 0.000000000000000000, -1.000000000000000000 ) ) ;
#4435 = EDGE_CURVE ( 'NONE', #6548, #344, #2446, .T. ) ;
#4436 = DIRECTION ( 'NONE',  ( -0.9417224702971433992, -0.3363908276654494212, 0.000000000000000000 ) ) ;
#4437 = DIRECTION ( 'NONE',  ( 1.000000000000000000, 0.000000000000000000, -0.000000000000000000 ) ) ;
#4438 = VECTOR ( 'NONE', #4246, 1000.000000000000000 ) ;
#4439 = FILL_AREA_STYLE ('',( #7219 ) ) ;
#4440 = CARTESIAN_POINT ( 'NONE',  ( -1.000000000000000000, -0.1450000000000000455, 0.2900000000000000355 ) ) ;
#4441 =( NAMED_UNIT ( * ) SI_UNIT ( $, .STERADIAN. ) SOLID_ANGLE_UNIT ( ) );
#4442 = ORIENTED_EDGE ( 'NONE', *, *, #1636, .F. ) ;
#4443 = CARTESIAN_POINT ( 'NONE',  ( 0.6209233662373266904, 0.8910948705577337314, 0.7901745240643729407 ) ) ;
#4444 = STYLED_ITEM ( 'NONE', ( #4711 ), #524 ) ;
#4445 = CARTESIAN_POINT ( 'NONE',  ( 0.06588585174338464079, 0.6351150486408816409, 0.000000000000000000 ) ) ;
#4446 = ORIENTED_EDGE ( 'NONE', *, *, #3146, .T. ) ;
#4447 = CARTESIAN_POINT ( 'NONE',  ( 1.000000000000000000, 0.1450000000000000455, 0.2800000000000000266 ) ) ;
#4448 = CARTESIAN_POINT ( 'NONE',  ( 1.000000000000000000, -0.8549999999999999822, -0.01000000000000000021 ) ) ;
#4449 = EDGE_LOOP ( 'NONE', ( #5414, #3072, #21, #7040 ) ) ;
#4450 =( NAMED_UNIT ( * ) SI_UNIT ( $, .STERADIAN. ) SOLID_ANGLE_UNIT ( ) );
#4451 = VECTOR ( 'NONE', #4538, 1000.000000000000000 ) ;
#4452 = STYLED_ITEM ( 'NONE', ( #5802 ), #3401 ) ;
#4453 = FACE_OUTER_BOUND ( 'NONE', #2516, .T. ) ;
#4454 = UNCERTAINTY_MEASURE_WITH_UNIT (LENGTH_MEASURE( 1.000000000000000082E-05 ), #3399, 'distance_accuracy_value', 'NONE');
#4455 =( NAMED_UNIT ( * ) SI_UNIT ( $, .STERADIAN. ) SOLID_ANGLE_UNIT ( ) );
#4456 = EDGE_CURVE ( 'NONE', #4723, #3304, #5661, .T. ) ;
#4457 = CARTESIAN_POINT ( 'NONE',  ( -0.6300000000000001155, -0.8549999999999999822, 0.2800000000000000266 ) ) ;
#4458 = EDGE_CURVE ( 'NONE', #1493, #6612, #5355, .T. ) ;
#4459 = CARTESIAN_POINT ( 'NONE',  ( -0.04115004830972406047, 0.6414256565347000727, 0.000000000000000000 ) ) ;
#4460 = VERTEX_POINT ( 'NONE', #5395 ) ;
#4461 = ORIENTED_EDGE ( 'NONE', *, *, #156, .F. ) ;
#4462 = UNCERTAINTY_MEASURE_WITH_UNIT (LENGTH_MEASURE( 1.000000000000000082E-05 ), #454, 'distance_accuracy_value', 'NONE');
#4463 = CARTESIAN_POINT ( 'NONE',  ( -1.000000000000000000, 0.1450000000000000455, 0.2900000000000000355 ) ) ;
#4464 =( NAMED_UNIT ( * ) SI_UNIT ( $, .STERADIAN. ) SOLID_ANGLE_UNIT ( ) );
#4465 = PLANE ( 'NONE',  #885 ) ;
#4466 = FILL_AREA_STYLE_COLOUR ( '', #1979 ) ;
#4467 = ORIENTED_EDGE ( 'NONE', *, *, #5061, .F. ) ;
#4468 = FILL_AREA_STYLE ('',( #4914 ) ) ;
#4469 = CARTESIAN_POINT ( 'NONE',  ( -0.1397209324560655108, 0.6584988272664072939, 0.000000000000000000 ) ) ;
#4470 = ORIENTED_EDGE ( 'NONE', *, *, #1337, .T. ) ;
#4471 = FACE_OUTER_BOUND ( 'NONE', #6700, .T. ) ;
#4472 = CARTESIAN_POINT ( 'NONE',  ( 0.1258884909740388136, 0.6809275827021525895, 0.01000000000000000021 ) ) ;
#4473 = FACE_OUTER_BOUND ( 'NONE', #4772, .T. ) ;
#4474 = PRESENTATION_STYLE_ASSIGNMENT (( #3372 ) ) ;
#4475 = CARTESIAN_POINT ( 'NONE',  ( 0.06494751266588572047, 0.6466085833639682035, 0.01000000000000000021 ) ) ;
#4476 = EDGE_CURVE ( 'NONE', #1040, #4129, #7141, .T. ) ;
#4477 = CARTESIAN_POINT ( 'NONE',  ( 0.03202068339759305687, 0.000000000000000000, 0.01000000000000000021 ) ) ;
#4478 = CARTESIAN_POINT ( 'NONE',  ( -0.1584914713394606489, 0.7126837609818843511, 0.01000000000000000021 ) ) ;
#4479 = DIRECTION ( 'NONE',  ( 0.000000000000000000, -0.000000000000000000, 1.000000000000000000 ) ) ;
#4480 = ORIENTED_EDGE ( 'NONE', *, *, #6249, .F. ) ;
#4481 = SURFACE_SIDE_STYLE ('',( #4037 ) ) ;
#4482 = ORIENTED_EDGE ( 'NONE', *, *, #772, .F. ) ;
#4483 = PLANE ( 'NONE',  #2627 ) ;
#4484 = EDGE_CURVE ( 'NONE', #5500, #494, #2564, .T. ) ;
#4485 =( NAMED_UNIT ( * ) SI_UNIT ( $, .STERADIAN. ) SOLID_ANGLE_UNIT ( ) );
#4486 = PRESENTATION_STYLE_ASSIGNMENT (( #40 ) ) ;
#4487 = DIRECTION ( 'NONE',  ( -0.000000000000000000, -1.000000000000000000, 0.000000000000000000 ) ) ;
#4488 = SURFACE_SIDE_STYLE ('',( #2211 ) ) ;
#4489 = DIRECTION ( 'NONE',  ( 0.000000000000000000, -0.000000000000000000, 1.000000000000000000 ) ) ;
#4490 = ORIENTED_EDGE ( 'NONE', *, *, #5576, .T. ) ;
#4491 = CIRCLE ( 'NONE', #2262, 0.2000000000000000944 ) ;
#4492 = PRESENTATION_LAYER_ASSIGNMENT (  '', '', ( #2143 ) ) ;
#4493 =( LENGTH_UNIT ( ) NAMED_UNIT ( * ) SI_UNIT ( .MILLI., .METRE. ) );
#4494 = DIRECTION ( 'NONE',  ( 0.000000000000000000, 0.000000000000000000, -1.000000000000000000 ) ) ;
#4495 = LINE ( 'NONE', #1702, #1429 ) ;
#4496 =( GEOMETRIC_REPRESENTATION_CONTEXT ( 3 ) GLOBAL_UNCERTAINTY_ASSIGNED_CONTEXT ( ( #5336 ) ) GLOBAL_UNIT_ASSIGNED_CONTEXT ( ( #6427, #305, #4282 ) ) REPRESENTATION_CONTEXT ( 'NONE', 'WORKASPACE' ) );
#4497 = STYLED_ITEM ( 'NONE', ( #3069 ), #4692 ) ;
#4498 = SURFACE_STYLE_FILL_AREA ( #3213 ) ;
#4499 = CARTESIAN_POINT ( 'NONE',  ( 0.1856792199829589152, 0.7304500467786024798, 0.000000000000000000 ) ) ;
#4500 = ORIENTED_EDGE ( 'NONE', *, *, #2277, .T. ) ;
#4501 = SPHERICAL_SURFACE ( 'NONE', #1673, 0.01000000000000000021 ) ;
#4502 = ORIENTED_EDGE ( 'NONE', *, *, #2478, .T. ) ;
#4503 = SURFACE_SIDE_STYLE ('',( #5687 ) ) ;
#4504 = CARTESIAN_POINT ( 'NONE',  ( 0.1322453515144117742, 0.6500399609938715129, 0.01000000000000000021 ) ) ;
#4505 = CARTESIAN_POINT ( 'NONE',  ( -0.1581647577758755752, 0.7116985175061079083, 0.000000000000000000 ) ) ;
#4506 = CARTESIAN_POINT ( 'NONE',  ( 0.1098909637170478876, 0.7144452458910507398, 0.01000000000000000021 ) ) ;
#4507 = AXIS2_PLACEMENT_3D ( 'NONE', #2096, #7263, #4340 ) ;
#4508 =( LENGTH_UNIT ( ) NAMED_UNIT ( * ) SI_UNIT ( .MILLI., .METRE. ) );
#4509 = MECHANICAL_DESIGN_GEOMETRIC_PRESENTATION_REPRESENTATION (  '', ( #5803 ), #7235 ) ;
#4510 = CARTESIAN_POINT ( 'NONE',  ( 0.07367528794619664090, 0.6426571496370269143, 0.000000000000000000 ) ) ;
#4511 =( GEOMETRIC_REPRESENTATION_CONTEXT ( 3 ) GLOBAL_UNCERTAINTY_ASSIGNED_CONTEXT ( ( #183 ) ) GLOBAL_UNIT_ASSIGNED_CONTEXT ( ( #1647, #5034, #6918 ) ) REPRESENTATION_CONTEXT ( 'NONE', 'WORKASPACE' ) );
#4512 = LINE ( 'NONE', #1614, #1331 ) ;
#4513 =( GEOMETRIC_REPRESENTATION_CONTEXT ( 3 ) GLOBAL_UNCERTAINTY_ASSIGNED_CONTEXT ( ( #2395 ) ) GLOBAL_UNIT_ASSIGNED_CONTEXT ( ( #1813, #1578, #999 ) ) REPRESENTATION_CONTEXT ( 'NONE', 'WORKASPACE' ) );
#4514 = CARTESIAN_POINT ( 'NONE',  ( 0.000000000000000000, 0.000000000000000000, 0.8000000000000001554 ) ) ;
#4515 = ORIENTED_EDGE ( 'NONE', *, *, #2236, .F. ) ;
#4516 = AXIS2_PLACEMENT_3D ( 'NONE', #6818, #1754, #3990 ) ;
#4517 = EDGE_CURVE ( 'NONE', #3068, #7225, #3174, .T. ) ;
#4518 = FACE_OUTER_BOUND ( 'NONE', #3862, .T. ) ;
#4519 = VERTEX_POINT ( 'NONE', #4799 ) ;
#4520 = VECTOR ( 'NONE', #3432, 1000.000000000000000 ) ;
#4521 = SURFACE_STYLE_USAGE ( .BOTH. , #2907 ) ;
#4522 = ORIENTED_EDGE ( 'NONE', *, *, #6019, .F. ) ;
#4523 = VECTOR ( 'NONE', #3588, 1000.000000000000000 ) ;
#4524 = LINE ( 'NONE', #6794, #5968 ) ;
#4525 = CARTESIAN_POINT ( 'NONE',  ( 0.6200045675221349528, -0.9000030444736988322, 0.2798255822185993780 ) ) ;
#4526 = UNCERTAINTY_MEASURE_WITH_UNIT (LENGTH_MEASURE( 1.000000000000000082E-05 ), #4272, 'distance_accuracy_value', 'NONE');
#4527 = CARTESIAN_POINT ( 'NONE',  ( 0.1990938541293003905, 0.7304500467786024798, 0.000000000000000000 ) ) ;
#4528 = CIRCLE ( 'NONE', #2538, 0.2000000000000000944 ) ;
#4529 = EDGE_CURVE ( 'NONE', #2682, #3590, #7068, .T. ) ;
#4530 = CARTESIAN_POINT ( 'NONE',  ( 0.04543531754393450445, 0.7304500467786024798, 0.000000000000000000 ) ) ;
#4531 =( GEOMETRIC_REPRESENTATION_CONTEXT ( 3 ) GLOBAL_UNCERTAINTY_ASSIGNED_CONTEXT ( ( #3125 ) ) GLOBAL_UNIT_ASSIGNED_CONTEXT ( ( #1522, #6017, #419 ) ) REPRESENTATION_CONTEXT ( 'NONE', 'WORKASPACE' ) );
#4532 = CARTESIAN_POINT ( 'NONE',  ( -0.09480858489508986464, 0.6814218455590902446, 0.000000000000000000 ) ) ;
#4533 = ORIENTED_EDGE ( 'NONE', *, *, #5674, .F. ) ;
#4534 = SURFACE_STYLE_FILL_AREA ( #4638 ) ;
#4535 = FILL_AREA_STYLE ('',( #3359 ) ) ;
#4536 = LINE ( 'NONE', #6838, #5153 ) ;
#4537 = EDGE_CURVE ( 'NONE', #4768, #3699, #2005, .T. ) ;
#4538 = DIRECTION ( 'NONE',  ( -1.000000000000000000, -0.000000000000000000, 0.000000000000000000 ) ) ;
#4539 = VERTEX_POINT ( 'NONE', #3694 ) ;
#4540 = AXIS2_PLACEMENT_3D ( 'NONE', #4332, #6596, #2197 ) ;
#4541 = DIRECTION ( 'NONE',  ( 0.000000000000000000, -1.936075308009828924E-16, -1.000000000000000000 ) ) ;
#4542 =( LENGTH_UNIT ( ) NAMED_UNIT ( * ) SI_UNIT ( .MILLI., .METRE. ) );
#4543 = CARTESIAN_POINT ( 'NONE',  ( 0.1392453392765075904, 0.6732052876163938659, 0.01000000000000000021 ) ) ;
#4544 = VECTOR ( 'NONE', #2624, 1000.000000000000000 ) ;
#4545 = ADVANCED_FACE ( 'NONE', ( #2084 ), #2932, .F. ) ;
#4546 = CARTESIAN_POINT ( 'NONE',  ( 1.000000000000000000, 0.7000000000000001776, -0.2400000000000000466 ) ) ;
#4547 = CARTESIAN_POINT ( 'NONE',  ( 0.5199999999999999067, -0.1450000000000000455, -0.01000000000000000021 ) ) ;
#4548 = CARTESIAN_POINT ( 'NONE',  ( 0.08351474530750689629, 0.6405740559483298346, 0.000000000000000000 ) ) ;
#4549 = ORIENTED_EDGE ( 'NONE', *, *, #2715, .F. ) ;
#4550 = DIRECTION ( 'NONE',  ( 0.000000000000000000, 1.000000000000000000, 0.000000000000000000 ) ) ;
#4551 = DIRECTION ( 'NONE',  ( 0.000000000000000000, -1.000000000000000000, 0.000000000000000000 ) ) ;
#4552 = DIRECTION ( 'NONE',  ( -1.000000000000000000, -1.084202172485504434E-16, 0.000000000000000000 ) ) ;
#4553 = EDGE_LOOP ( 'NONE', ( #2536, #470, #5341, #389 ) ) ;
#4554 = VECTOR ( 'NONE', #2679, 1000.000000000000000 ) ;
#4555 = PRESENTATION_LAYER_ASSIGNMENT (  '', '', ( #3729 ) ) ;
#4556 =( NAMED_UNIT ( * ) SI_UNIT ( $, .STERADIAN. ) SOLID_ANGLE_UNIT ( ) );
#4557 = FILL_AREA_STYLE ('',( #6365 ) ) ;
#4558 = ORIENTED_EDGE ( 'NONE', *, *, #7282, .F. ) ;
#4559 = DIRECTION ( 'NONE',  ( 0.000000000000000000, -0.000000000000000000, -1.000000000000000000 ) ) ;
#4560 = FACE_OUTER_BOUND ( 'NONE', #7194, .T. ) ;
#4561 = AXIS2_PLACEMENT_3D ( 'NONE', #5719, #6348, #4013 ) ;
#4562 = STYLED_ITEM ( 'NONE', ( #3757 ), #3036 ) ;
#4563 = DIRECTION ( 'NONE',  ( 0.000000000000000000, -1.000000000000000000, 0.000000000000000000 ) ) ;
#4564 = EDGE_CURVE ( 'NONE', #4704, #6688, #4030, .T. ) ;
#4565 = CARTESIAN_POINT ( 'NONE',  ( 0.5200000000000000178, 0.8549999999999999822, 0.000000000000000000 ) ) ;
#4566 = FILL_AREA_STYLE ('',( #564 ) ) ;
#4567 = CARTESIAN_POINT ( 'NONE',  ( -0.1599381580658215951, 0.7182549248273829567, 0.000000000000000000 ) ) ;
#4568 =( GEOMETRIC_REPRESENTATION_CONTEXT ( 3 ) GLOBAL_UNCERTAINTY_ASSIGNED_CONTEXT ( ( #5122 ) ) GLOBAL_UNIT_ASSIGNED_CONTEXT ( ( #4872, #6064, #7102 ) ) REPRESENTATION_CONTEXT ( 'NONE', 'WORKASPACE' ) );
#4569 =( GEOMETRIC_REPRESENTATION_CONTEXT ( 3 ) GLOBAL_UNCERTAINTY_ASSIGNED_CONTEXT ( ( #488 ) ) GLOBAL_UNIT_ASSIGNED_CONTEXT ( ( #5854, #1397, #5887 ) ) REPRESENTATION_CONTEXT ( 'NONE', 'WORKASPACE' ) );
#4570 = COLOUR_RGB ( '',0.8313725490196077761, 0.8313725490196077761, 0.8196078431372548767 ) ;
#4571 = CARTESIAN_POINT ( 'NONE',  ( -0.09477407329305020944, 0.6798835914086909238, 0.01000000000000000021 ) ) ;
#4572 = EDGE_CURVE ( 'NONE', #391, #1725, #6916, .T. ) ;
#4573 = CARTESIAN_POINT ( 'NONE',  ( 0.08731074481689470035, 0.7206779951579930232, 0.000000000000000000 ) ) ;
#4574 =( LENGTH_UNIT ( ) NAMED_UNIT ( * ) SI_UNIT ( .MILLI., .METRE. ) );
#4575 =( NAMED_UNIT ( * ) SI_UNIT ( $, .STERADIAN. ) SOLID_ANGLE_UNIT ( ) );
#4576 = ORIENTED_EDGE ( 'NONE', *, *, #1002, .F. ) ;
#4577 = CARTESIAN_POINT ( 'NONE',  ( -1.000000000000000000, -0.5000000000000000000, 0.2900000000000000355 ) ) ;
#4578 = EDGE_CURVE ( 'NONE', #1540, #4358, #5767, .T. ) ;
#4579 =( NAMED_UNIT ( * ) SI_UNIT ( $, .STERADIAN. ) SOLID_ANGLE_UNIT ( ) );
#4580 = DIRECTION ( 'NONE',  ( -1.000000000000000000, 0.000000000000000000, 0.000000000000000000 ) ) ;
#4581 = PLANE ( 'NONE',  #2058 ) ;
#4582 = CARTESIAN_POINT ( 'NONE',  ( 0.000000000000000000, 0.000000000000000000, 0.000000000000000000 ) ) ;
#4583 = EDGE_CURVE ( 'NONE', #2589, #2665, #205, .T. ) ;
#4584 = EDGE_CURVE ( 'NONE', #6467, #1432, #1277, .T. ) ;
#4585 = FILL_AREA_STYLE_COLOUR ( '', #2661 ) ;
#4586 =( NAMED_UNIT ( * ) SI_UNIT ( $, .STERADIAN. ) SOLID_ANGLE_UNIT ( ) );
#4587 = CARTESIAN_POINT ( 'NONE',  ( 0.07397999884137999860, 0.6316738271091032475, 0.000000000000000000 ) ) ;
#4588 = ORIENTED_EDGE ( 'NONE', *, *, #7164, .T. ) ;
#4589 = PRESENTATION_STYLE_ASSIGNMENT (( #671 ) ) ;
#4590 = ORIENTED_EDGE ( 'NONE', *, *, #2336, .T. ) ;
#4591 = DIRECTION ( 'NONE',  ( 1.000000000000000000, 0.000000000000000000, 0.000000000000000000 ) ) ;
#4592 = FILL_AREA_STYLE ('',( #635 ) ) ;
#4593 = SURFACE_STYLE_FILL_AREA ( #2807 ) ;
#4594 = UNCERTAINTY_MEASURE_WITH_UNIT (LENGTH_MEASURE( 1.000000000000000082E-05 ), #7234, 'distance_accuracy_value', 'NONE');
#4595 = LINE ( 'NONE', #78, #5042 ) ;
#4596 = B_SPLINE_SURFACE_WITH_KNOTS ( 'NONE', 3, 1, ( 
 ( #4957, #7222 ),
 ( #2160, #4408 ),
 ( #6673, #920 ),
 ( #1469, #7082 ),
 ( #3857, #5375 ),
 ( #325, #2580 ),
 ( #5587, #5032 ) ),
 .UNSPECIFIED., .F., .F., .F.,
 ( 4, 1, 1, 1, 4 ),
 ( 2, 2 ),
 ( 0.000000000000000000, 0.3261021526013346827, 0.6017142408718918478, 0.8255182846829439702, 1.000000000000000000 ),
 ( 0.000000000000000000, 1.000000000000000000 ),
 .UNSPECIFIED. ) ;
#4597 = FILL_AREA_STYLE_COLOUR ( '', #1358 ) ;
#4598 = CARTESIAN_POINT ( 'NONE',  ( -0.04115004830972406047, -0.000000000000000000, 0.01000000000000000021 ) ) ;
#4599 = LINE ( 'NONE', #221, #1113 ) ;
#4600 = UNCERTAINTY_MEASURE_WITH_UNIT (LENGTH_MEASURE( 1.000000000000000082E-05 ), #1031, 'distance_accuracy_value', 'NONE');
#4601 = STYLED_ITEM ( 'NONE', ( #1761 ), #6749 ) ;
#4602 = FACE_OUTER_BOUND ( 'NONE', #5390, .T. ) ;
#4603 = CARTESIAN_POINT ( 'NONE',  ( 0.08458884964414833951, 0.6295946802393810326, 0.000000000000000000 ) ) ;
#4604 = LINE ( 'NONE', #2293, #2212 ) ;
#4605 = DIRECTION ( 'NONE',  ( 0.000000000000000000, -1.000000000000000000, -0.000000000000000000 ) ) ;
#4606 = PRESENTATION_LAYER_ASSIGNMENT (  '', '', ( #978 ) ) ;
#4607 = EDGE_CURVE ( 'NONE', #2774, #4249, #62, .T. ) ;
#4608 =( GEOMETRIC_REPRESENTATION_CONTEXT ( 3 ) GLOBAL_UNCERTAINTY_ASSIGNED_CONTEXT ( ( #789 ) ) GLOBAL_UNIT_ASSIGNED_CONTEXT ( ( #7011, #822, #2507 ) ) REPRESENTATION_CONTEXT ( 'NONE', 'WORKASPACE' ) );
#4609 = ORIENTED_EDGE ( 'NONE', *, *, #7207, .F. ) ;
#4610 = CARTESIAN_POINT ( 'NONE',  ( -0.5200000000000000178, -0.8549999999999999822, -0.01000000000000000021 ) ) ;
#4611 = PLANE ( 'NONE',  #2149 ) ;
#4612 = PRESENTATION_LAYER_ASSIGNMENT (  '', '', ( #7223 ) ) ;
#4613 = AXIS2_PLACEMENT_3D ( 'NONE', #2458, #4810, #5961 ) ;
#4614 = CARTESIAN_POINT ( 'NONE',  ( -0.1046036431039021747, 0.6607603875640286617, 0.000000000000000000 ) ) ;
#4615 = CARTESIAN_POINT ( 'NONE',  ( -0.005784194651187445427, 0.7194744370225049090, 0.000000000000000000 ) ) ;
#4616 = ADVANCED_FACE ( 'NONE', ( #6951 ), #5840, .T. ) ;
#4617 = FACE_OUTER_BOUND ( 'NONE', #4429, .T. ) ;
#4618 = AXIS2_PLACEMENT_3D ( 'NONE', #6116, #5511, #6076 ) ;
#4619 = VECTOR ( 'NONE', #4395, 1000.000000000000000 ) ;
#4620 =( NAMED_UNIT ( * ) SI_UNIT ( $, .STERADIAN. ) SOLID_ANGLE_UNIT ( ) );
#4621 = COLOUR_RGB ( '',0.8313725490196077761, 0.8313725490196077761, 0.8196078431372548767 ) ;
#4622 = LINE ( 'NONE', #4693, #342 ) ;
#4623 = DIRECTION ( 'NONE',  ( -0.000000000000000000, -0.000000000000000000, 1.000000000000000000 ) ) ;
#4624 = VERTEX_POINT ( 'NONE', #3182 ) ;
#4625 = DIRECTION ( 'NONE',  ( -0.000000000000000000, -0.000000000000000000, 1.000000000000000000 ) ) ;
#4626 = CARTESIAN_POINT ( 'NONE',  ( 0.5200000000000000178, 0.8549999999999999822, -0.01000000000000000021 ) ) ;
#4627 = SURFACE_STYLE_FILL_AREA ( #2381 ) ;
#4628 = STYLED_ITEM ( 'NONE', ( #588 ), #6370 ) ;
#4629 =( NAMED_UNIT ( * ) SI_UNIT ( $, .STERADIAN. ) SOLID_ANGLE_UNIT ( ) );
#4630 = FACE_OUTER_BOUND ( 'NONE', #5667, .T. ) ;
#4631 = VECTOR ( 'NONE', #240, 1000.000000000000000 ) ;
#4632 = PRESENTATION_LAYER_ASSIGNMENT (  '', '', ( #1244 ) ) ;
#4633 = LINE ( 'NONE', #5082, #102 ) ;
#4634 = DIRECTION ( 'NONE',  ( -0.000000000000000000, -0.000000000000000000, -1.000000000000000000 ) ) ;
#4635 = VERTEX_POINT ( 'NONE', #6553 ) ;
#4636 = VECTOR ( 'NONE', #3986, 1000.000000000000000 ) ;
#4637 = STYLED_ITEM ( 'NONE', ( #1792 ), #6739 ) ;
#4638 = FILL_AREA_STYLE ('',( #5188 ) ) ;
#4639 = DIRECTION ( 'NONE',  ( 1.000000000000000000, -0.000000000000000000, -0.000000000000000000 ) ) ;
#4640 = CARTESIAN_POINT ( 'NONE',  ( 0.03202068339759305687, 0.6414256565347000727, 0.000000000000000000 ) ) ;
#4641 =( NAMED_UNIT ( * ) PLANE_ANGLE_UNIT ( ) SI_UNIT ( $, .RADIAN. ) );
#4642 = CARTESIAN_POINT ( 'NONE',  ( 0.09061443339759304993, 0.6402061443395781204, 0.000000000000000000 ) ) ;
#4643 = CARTESIAN_POINT ( 'NONE',  ( -0.09480858489508987852, 0.6814218455590903556, 0.000000000000000000 ) ) ;
#4644 = ORIENTED_EDGE ( 'NONE', *, *, #6914, .F. ) ;
#4645 = FILL_AREA_STYLE ('',( #6428 ) ) ;
#4646 = EDGE_CURVE ( 'NONE', #5721, #7238, #3739, .T. ) ;
#4647 = SURFACE_SIDE_STYLE ('',( #6357 ) ) ;
#4648 = AXIS2_PLACEMENT_3D ( 'NONE', #3921, #1751, #593 ) ;
#4649 = CARTESIAN_POINT ( 'NONE',  ( -0.05492672513899232029, 0.6304500467786023910, 0.01000000000000000021 ) ) ;
#4650 = EDGE_LOOP ( 'NONE', ( #6092, #4179, #5244, #1311 ) ) ;
#4651 = DIRECTION ( 'NONE',  ( 0.3363908276654493101, -0.9417224702971431771, 0.000000000000000000 ) ) ;
#4652 = CIRCLE ( 'NONE', #441, 0.01000000000000002623 ) ;
#4653 = ADVANCED_FACE ( 'NONE', ( #5364 ), #1496, .F. ) ;
#4654 = CARTESIAN_POINT ( 'NONE',  ( 0.1393377565683247554, 0.6785636138517732174, 0.01000000000000000021 ) ) ;
#4655 = ORIENTED_EDGE ( 'NONE', *, *, #6715, .F. ) ;
#4656 = VECTOR ( 'NONE', #5059, 1000.000000000000000 ) ;
#4657 = CARTESIAN_POINT ( 'NONE',  ( 0.1086822212896005335, 0.7281191895601730746, 0.01000000000000000021 ) ) ;
#4658 = DIRECTION ( 'NONE',  ( 1.000000000000000000, 0.000000000000000000, -0.000000000000000000 ) ) ;
#4659 = ORIENTED_EDGE ( 'NONE', *, *, #6344, .T. ) ;
#4660 = SURFACE_SIDE_STYLE ('',( #1288 ) ) ;
#4661 = CARTESIAN_POINT ( 'NONE',  ( 0.5199999999999999067, 0.1450000000000000455, 0.000000000000000000 ) ) ;
#4662 = UNCERTAINTY_MEASURE_WITH_UNIT (LENGTH_MEASURE( 1.000000000000000082E-05 ), #6482, 'distance_accuracy_value', 'NONE');
#4663 = VECTOR ( 'NONE', #4220, 1000.000000000000000 ) ;
#4664 = CARTESIAN_POINT ( 'NONE',  ( 0.09028640475310101277, 0.7316275364723789920, 0.000000000000000000 ) ) ;
#4665 = SURFACE_SIDE_STYLE ('',( #3674 ) ) ;
#4666 = SURFACE_STYLE_USAGE ( .BOTH. , #5255 ) ;
#4667 = ORIENTED_EDGE ( 'NONE', *, *, #2248, .F. ) ;
#4668 = VECTOR ( 'NONE', #4379, 1000.000000000000000 ) ;
#4669 = SURFACE_STYLE_USAGE ( .BOTH. , #2393 ) ;
#4670 = CARTESIAN_POINT ( 'NONE',  ( -0.09471210965855168806, 0.6859312219435775848, 0.000000000000000000 ) ) ;
#4671 = ADVANCED_FACE ( 'NONE', ( #2646 ), #953, .F. ) ;
#4672 = DIRECTION ( 'NONE',  ( 0.000000000000000000, -1.000000000000000000, 0.000000000000000000 ) ) ;
#4673 = UNCERTAINTY_MEASURE_WITH_UNIT (LENGTH_MEASURE( 1.000000000000000082E-05 ), #1222, 'distance_accuracy_value', 'NONE');
#4674 = EDGE_CURVE ( 'NONE', #5256, #6296, #5434, .T. ) ;
#4675 =( NAMED_UNIT ( * ) SI_UNIT ( $, .STERADIAN. ) SOLID_ANGLE_UNIT ( ) );
#4676 = CARTESIAN_POINT ( 'NONE',  ( 0.09246275656832476930, 0.6292305345834805497, 0.000000000000000000 ) ) ;
#4677 = VECTOR ( 'NONE', #3992, 1000.000000000000000 ) ;
#4678 = MECHANICAL_DESIGN_GEOMETRIC_PRESENTATION_REPRESENTATION (  '', ( #3389 ), #4802 ) ;
#4679 = VECTOR ( 'NONE', #1069, 1000.000000000000000 ) ;
#4680 = CARTESIAN_POINT ( 'NONE',  ( 0.07264559041713586351, 0.7301676046125196162, 0.000000000000000000 ) ) ;
#4681 = CARTESIAN_POINT ( 'NONE',  ( -0.1301744385536265092, 0.6304500467786023910, 0.000000000000000000 ) ) ;
#4682 = VERTEX_POINT ( 'NONE', #2053 ) ;
#4683 = MECHANICAL_DESIGN_GEOMETRIC_PRESENTATION_REPRESENTATION (  '', ( #4920 ), #4569 ) ;
#4684 = STYLED_ITEM ( 'NONE', ( #5913 ), #3443 ) ;
#4685 = DIRECTION ( 'NONE',  ( -1.000000000000000000, 0.000000000000000000, 0.000000000000000000 ) ) ;
#4686 =( NAMED_UNIT ( * ) PLANE_ANGLE_UNIT ( ) SI_UNIT ( $, .RADIAN. ) );
#4687 = FILL_AREA_STYLE_COLOUR ( '', #4287 ) ;
#4688 = CARTESIAN_POINT ( 'NONE',  ( 0.09237821804930602954, 0.7206076782764423427, 0.000000000000000000 ) ) ;
#4689 = DIRECTION ( 'NONE',  ( 0.000000000000000000, -1.000000000000000000, -0.000000000000000000 ) ) ;
#4690 = CARTESIAN_POINT ( 'NONE',  ( 0.1358288021499605425, 0.7001469847707887384, 0.01000000000000000021 ) ) ;
#4691 = EDGE_LOOP ( 'NONE', ( #1152, #6790, #6214, #124 ) ) ;
#4692 = MANIFOLD_SOLID_BREP ( 'т╡╫г1', #3021 ) ;
#4693 = CARTESIAN_POINT ( 'NONE',  ( -0.1810319080658215896, 0.6584988272664072939, 0.000000000000000000 ) ) ;
#4694 = ORIENTED_EDGE ( 'NONE', *, *, #2754, .F. ) ;
#4695 =( NAMED_UNIT ( * ) PLANE_ANGLE_UNIT ( ) SI_UNIT ( $, .RADIAN. ) );
#4696 = DIRECTION ( 'NONE',  ( -0.3635424856527061932, -0.9315776194850602376, 0.000000000000000000 ) ) ;
#4697 = EDGE_CURVE ( 'NONE', #1484, #5379, #4725, .T. ) ;
#4698 = ORIENTED_EDGE ( 'NONE', *, *, #6923, .F. ) ;
#4699 = DIRECTION ( 'NONE',  ( 0.000000000000000000, -1.000000000000000000, -0.000000000000000000 ) ) ;
#4700 =( NAMED_UNIT ( * ) SI_UNIT ( $, .STERADIAN. ) SOLID_ANGLE_UNIT ( ) );
#4701 = DIRECTION ( 'NONE',  ( 0.000000000000000000, -0.000000000000000000, 1.000000000000000000 ) ) ;
#4702 =( NAMED_UNIT ( * ) SI_UNIT ( $, .STERADIAN. ) SOLID_ANGLE_UNIT ( ) );
#4703 = LINE ( 'NONE', #4930, #5478 ) ;
#4704 = VERTEX_POINT ( 'NONE', #1566 ) ;
#4705 = DIRECTION ( 'NONE',  ( 0.000000000000000000, -1.936075308009828924E-16, 1.000000000000000000 ) ) ;
#4706 = EDGE_CURVE ( 'NONE', #2279, #7205, #6982, .T. ) ;
#4707 =( LENGTH_UNIT ( ) NAMED_UNIT ( * ) SI_UNIT ( .MILLI., .METRE. ) );
#4708 =( NAMED_UNIT ( * ) PLANE_ANGLE_UNIT ( ) SI_UNIT ( $, .RADIAN. ) );
#4709 = CARTESIAN_POINT ( 'NONE',  ( -0.1081052499225959723, 0.6870648688125189363, 0.01000000000000000021 ) ) ;
#4710 = ORIENTED_EDGE ( 'NONE', *, *, #6471, .F. ) ;
#4711 = PRESENTATION_STYLE_ASSIGNMENT (( #828 ) ) ;
#4712 = CARTESIAN_POINT ( 'NONE',  ( -0.09341303146319696049, 0.6684457278853951356, 0.000000000000000000 ) ) ;
#4713 = VERTEX_POINT ( 'NONE', #5574 ) ;
#4714 = FILL_AREA_STYLE ('',( #2594 ) ) ;
#4715 = LINE ( 'NONE', #2441, #397 ) ;
#4716 = DIRECTION ( 'NONE',  ( 0.000000000000000000, -0.000000000000000000, 1.000000000000000000 ) ) ;
#4717 = PRESENTATION_STYLE_ASSIGNMENT (( #5987 ) ) ;
#4718 = VECTOR ( 'NONE', #7098, 1000.000000000000000 ) ;
#4719 = DIRECTION ( 'NONE',  ( 1.000000000000000000, 0.000000000000000000, 0.000000000000000000 ) ) ;
#4720 = PRESENTATION_STYLE_ASSIGNMENT (( #5275 ) ) ;
#4721 = ORIENTED_EDGE ( 'NONE', *, *, #3774, .F. ) ;
#4722 = CARTESIAN_POINT ( 'NONE',  ( 0.1039686971561253059, 0.7297029158466451504, 0.01000000000000000021 ) ) ;
#4723 = VERTEX_POINT ( 'NONE', #5060 ) ;
#4724 = COLOUR_RGB ( '',0.2980392156862745057, 0.2980392156862745057, 0.2980392156862745057 ) ;
#4725 = LINE ( 'NONE', #2753, #6276 ) ;
#4726 = FACE_OUTER_BOUND ( 'NONE', #4040, .T. ) ;
#4727 = DIRECTION ( 'NONE',  ( 0.000000000000000000, -1.000000000000000000, 0.000000000000000000 ) ) ;
#4728 = VERTEX_POINT ( 'NONE', #546 ) ;
#4729 = STYLED_ITEM ( 'NONE', ( #6273 ), #5329 ) ;
#4730 = VECTOR ( 'NONE', #5613, 1000.000000000000000 ) ;
#4731 = CARTESIAN_POINT ( 'NONE',  ( -0.9899999999999999911, -0.9000000000000003553, 0.2800000000000000266 ) ) ;
#4732 = FILL_AREA_STYLE ('',( #2612 ) ) ;
#4733 = COLOUR_RGB ( '',0.8313725490196077761, 0.8313725490196077761, 0.8196078431372548767 ) ;
#4734 = ORIENTED_EDGE ( 'NONE', *, *, #6344, .F. ) ;
#4735 = FACE_BOUND ( 'NONE', #4818, .T. ) ;
#4736 = VECTOR ( 'NONE', #4996, 1000.000000000000000 ) ;
#4737 = CARTESIAN_POINT ( 'NONE',  ( -0.1596142251389923439, 0.7182549248273829567, 0.000000000000000000 ) ) ;
#4738 = FILL_AREA_STYLE_COLOUR ( '', #3514 ) ;
#4739 = EDGE_CURVE ( 'NONE', #6519, #3185, #4985, .T. ) ;
#4740 = CARTESIAN_POINT ( 'NONE',  ( 0.1856792199829589152, 0.7304500467786024798, 0.000000000000000000 ) ) ;
#4741 = VECTOR ( 'NONE', #743, 1000.000000000000000 ) ;
#4742 = CARTESIAN_POINT ( 'NONE',  ( 1.000000000000000000, 0.1450000000000000455, -0.01000000000000000021 ) ) ;
#4743 = DIRECTION ( 'NONE',  ( 0.000000000000000000, 0.000000000000000000, 1.000000000000000000 ) ) ;
#4744 = VERTEX_POINT ( 'NONE', #6216 ) ;
#4745 = PRESENTATION_STYLE_ASSIGNMENT (( #1474 ) ) ;
#4746 = CARTESIAN_POINT ( 'NONE',  ( -0.08884177248039309971, 0.7045945817624422736, 0.000000000000000000 ) ) ;
#4747 = DIRECTION ( 'NONE',  ( 0.000000000000000000, -0.000000000000000000, -1.000000000000000000 ) ) ;
#4748 = FACE_OUTER_BOUND ( 'NONE', #1690, .T. ) ;
#4749 = CARTESIAN_POINT ( 'NONE',  ( 0.06588585174338464079, 0.6351150486408816409, 0.01000000000000000021 ) ) ;
#4750 = EDGE_CURVE ( 'NONE', #4237, #6119, #2788, .T. ) ;
#4751 = CARTESIAN_POINT ( 'NONE',  ( -0.05684079683689311630, 0.6304846773162179341, 0.000000000000000000 ) ) ;
#4752 = EDGE_LOOP ( 'NONE', ( #4421, #5685, #6627, #3178, #6743, #6436 ) ) ;
#4753 = LINE ( 'NONE', #2475, #2574 ) ;
#4754 = VECTOR ( 'NONE', #4550, 1000.000000000000000 ) ;
#4755 = SURFACE_STYLE_USAGE ( .BOTH. , #6466 ) ;
#4756 = PRESENTATION_LAYER_ASSIGNMENT (  '', '', ( #865 ) ) ;
#4757 = VERTEX_POINT ( 'NONE', #4916 ) ;
#4758 = DIRECTION ( 'NONE',  ( 0.000000000000000000, -0.000000000000000000, 1.000000000000000000 ) ) ;
#4759 = CARTESIAN_POINT ( 'NONE',  ( -0.1603326967934936842, 0.7160677354647395632, 0.01000000000000000021 ) ) ;
#4760 = FACE_OUTER_BOUND ( 'NONE', #5431, .T. ) ;
#4761 =( GEOMETRIC_REPRESENTATION_CONTEXT ( 3 ) GLOBAL_UNCERTAINTY_ASSIGNED_CONTEXT ( ( #6750 ) ) GLOBAL_UNIT_ASSIGNED_CONTEXT ( ( #2144, #2365, #4575 ) ) REPRESENTATION_CONTEXT ( 'NONE', 'WORKASPACE' ) );
#4762 =( GEOMETRIC_REPRESENTATION_CONTEXT ( 3 ) GLOBAL_UNCERTAINTY_ASSIGNED_CONTEXT ( ( #721 ) ) GLOBAL_UNIT_ASSIGNED_CONTEXT ( ( #3404, #6281, #6791 ) ) REPRESENTATION_CONTEXT ( 'NONE', 'WORKASPACE' ) );
#4763 = PLANE ( 'NONE',  #2917 ) ;
#4764 = CARTESIAN_POINT ( 'NONE',  ( -0.1430936458706996428, 0.6694744370225048646, 0.000000000000000000 ) ) ;
#4765 = ORIENTED_EDGE ( 'NONE', *, *, #1922, .F. ) ;
#4766 = CARTESIAN_POINT ( 'NONE',  ( 0.08848028705612964728, 0.7316695589737244321, 0.000000000000000000 ) ) ;
#4767 = DIRECTION ( 'NONE',  ( -0.3536223923290756632, 0.9353882635801357148, 0.000000000000000000 ) ) ;
#4768 = VERTEX_POINT ( 'NONE', #3846 ) ;
#4769 = ADVANCED_FACE ( 'NONE', ( #4471 ), #6136, .F. ) ;
#4770 = MECHANICAL_DESIGN_GEOMETRIC_PRESENTATION_REPRESENTATION (  '', ( #6431 ), #2187 ) ;
#4771 = CARTESIAN_POINT ( 'NONE',  ( 1.000000000000000000, -0.9000000000000002442, 0.2800000000000000266 ) ) ;
#4772 = EDGE_LOOP ( 'NONE', ( #6987, #628, #3593, #5589 ) ) ;
#4773 = CARTESIAN_POINT ( 'NONE',  ( 0.1253749242133177511, 0.6708975982666375293, 0.01000000000000000021 ) ) ;
#4774 = CARTESIAN_POINT ( 'NONE',  ( -0.1073783551525155505, 0.6922336689212108540, 0.000000000000000000 ) ) ;
#4775 = FILL_AREA_STYLE_COLOUR ( '', #2024 ) ;
#4776 = MECHANICAL_DESIGN_GEOMETRIC_PRESENTATION_REPRESENTATION (  '', ( #304 ), #5371 ) ;
#4777 = ORIENTED_EDGE ( 'NONE', *, *, #5693, .F. ) ;
#4778 = DIRECTION ( 'NONE',  ( 1.000000000000000000, 0.000000000000000000, -0.000000000000000000 ) ) ;
#4779 = CARTESIAN_POINT ( 'NONE',  ( 0.1376359718639641183, 0.6631246687845849808, 0.01000000000000000194 ) ) ;
#4780 = DIRECTION ( 'NONE',  ( 0.000000000000000000, 0.000000000000000000, 1.000000000000000000 ) ) ;
#4781 = FACE_OUTER_BOUND ( 'NONE', #2111, .T. ) ;
#4782 = APPLICATION_CONTEXT ( 'automotive_design' ) ;
#4783 = CARTESIAN_POINT ( 'NONE',  ( -0.6300030444736991475, -0.8900045675221349706, 0.2798255822185993780 ) ) ;
#4784 = CARTESIAN_POINT ( 'NONE',  ( -0.1081036667614631436, 0.6761165888500060284, 0.01000000000000000021 ) ) ;
#4785 = ORIENTED_EDGE ( 'NONE', *, *, #6249, .T. ) ;
#4786 = EDGE_CURVE ( 'NONE', #4519, #3402, #1874, .T. ) ;
#4787 = CARTESIAN_POINT ( 'NONE',  ( -0.04115004830972406047, 0.7194744370225049090, 0.000000000000000000 ) ) ;
#4788 = PRESENTATION_STYLE_ASSIGNMENT (( #1328 ) ) ;
#4789 = FACE_OUTER_BOUND ( 'NONE', #3076, .T. ) ;
#4790 = CARTESIAN_POINT ( 'NONE',  ( -0.08538806974092814916, 0.6382381164493280412, 0.000000000000000000 ) ) ;
#4791 = EDGE_LOOP ( 'NONE', ( #7103, #2237, #6396, #4351, #4847, #6491, #3652, #1126, #5770, #7212, #3340, #985 ) ) ;
#4792 = FILL_AREA_STYLE_COLOUR ( '', #1507 ) ;
#4793 = PRESENTATION_LAYER_ASSIGNMENT (  '', '', ( #570 ) ) ;
#4794 = COLOUR_RGB ( '',0.8313725490196077761, 0.8313725490196077761, 0.8196078431372548767 ) ;
#4795 = DIRECTION ( 'NONE',  ( 0.000000000000000000, -0.000000000000000000, 1.000000000000000000 ) ) ;
#4796 = ORIENTED_EDGE ( 'NONE', *, *, #5598, .F. ) ;
#4797 = ADVANCED_FACE ( 'NONE', ( #5795 ), #4611, .F. ) ;
#4798 = STYLED_ITEM ( 'NONE', ( #3841 ), #345 ) ;
#4799 = CARTESIAN_POINT ( 'NONE',  ( 0.09246275656832476930, 0.6292305345834805497, 0.01000000000000000021 ) ) ;
#4800 = FACE_BOUND ( 'NONE', #194, .T. ) ;
#4801 = AXIS2_PLACEMENT_3D ( 'NONE', #3806, #1412, #3214 ) ;
#4802 =( GEOMETRIC_REPRESENTATION_CONTEXT ( 3 ) GLOBAL_UNCERTAINTY_ASSIGNED_CONTEXT ( ( #3932 ) ) GLOBAL_UNIT_ASSIGNED_CONTEXT ( ( #6041, #3233, #963 ) ) REPRESENTATION_CONTEXT ( 'NONE', 'WORKASPACE' ) );
#4803 = ORIENTED_EDGE ( 'NONE', *, *, #6069, .F. ) ;
#4804 = MECHANICAL_DESIGN_GEOMETRIC_PRESENTATION_REPRESENTATION (  '', ( #1743 ), #5743 ) ;
#4805 =( NAMED_UNIT ( * ) PLANE_ANGLE_UNIT ( ) SI_UNIT ( $, .RADIAN. ) );
#4806 = ADVANCED_FACE ( 'NONE', ( #1849 ), #6355, .T. ) ;
#4807 = VERTEX_POINT ( 'NONE', #5649 ) ;
#4808 = CARTESIAN_POINT ( 'NONE',  ( -0.1046036431039021747, 0.6607603875640286617, 0.000000000000000000 ) ) ;
#4809 = ORIENTED_EDGE ( 'NONE', *, *, #981, .F. ) ;
#4810 = DIRECTION ( 'NONE',  ( -0.01744974916068272111, -0.01744974916068272111, -0.9996954598818874604 ) ) ;
#4811 = ADVANCED_FACE ( 'NONE', ( #2959 ), #5234, .F. ) ;
#4812 = ADVANCED_FACE ( 'NONE', ( #4760 ), #231, .F. ) ;
#4813 = ORIENTED_EDGE ( 'NONE', *, *, #1255, .T. ) ;
#4814 = FILL_AREA_STYLE ('',( #7041 ) ) ;
#4815 = CARTESIAN_POINT ( 'NONE',  ( -0.008223219041431360440, 0.6414256565347000727, 0.01000000000000000021 ) ) ;
#4816 = CARTESIAN_POINT ( 'NONE',  ( 1.000000000000000000, -0.8549999999999999822, -0.01000000000000000021 ) ) ;
#4817 = CARTESIAN_POINT ( 'NONE',  ( -0.08095755201493456954, 0.6358346838831138159, 0.01000000000000000021 ) ) ;
#4818 = EDGE_LOOP ( 'NONE', ( #2087, #3166, #815 ) ) ;
#4819 = LINE ( 'NONE', #4269, #1033 ) ;
#4820 = LINE ( 'NONE', #2625, #6169 ) ;
#4821 = UNCERTAINTY_MEASURE_WITH_UNIT (LENGTH_MEASURE( 1.000000000000000082E-05 ), #3255, 'distance_accuracy_value', 'NONE');
#4822 = DIRECTION ( 'NONE',  ( 0.000000000000000000, -1.000000000000000000, -0.000000000000000000 ) ) ;
#4823 = PLANE ( 'NONE',  #2389 ) ;
#4824 = ORIENTED_EDGE ( 'NONE', *, *, #220, .F. ) ;
#4825 = B_SPLINE_CURVE_WITH_KNOTS ( 'NONE', 3,
 ( #5595, #7170, #5518, #2110, #3869, #2811, #3275, #457, #6089, #2736, #5487, #3311, #1081, #2705, #4348, #4969, #6610, #5046, #7236 ),
 .UNSPECIFIED., .F., .F.,
 ( 4, 1, 1, 1, 1, 1, 1, 1, 1, 1, 1, 1, 1, 1, 1, 1, 4 ),
 ( 0.000000000000000000, 0.07377411937406361253, 0.1440791147260406524, 0.2113485183089112984, 0.2760768857398833709, 0.3385209158196765267, 0.3998851166931335910, 0.4602540674652136898, 0.5205889643912485765, 0.5802076845630448343, 0.6386329085525460636, 0.6963645494905241762, 0.7540017746600127246, 0.8128056813744980458, 0.8727544255255602623, 0.9351819969782670938, 1.000000000000000000 ),
 .UNSPECIFIED. ) ;
#4826 = CARTESIAN_POINT ( 'NONE',  ( 0.07683764734396358875, 0.6417675493520272889, 0.000000000000000000 ) ) ;
#4827 = CARTESIAN_POINT ( 'NONE',  ( 1.000000000000000000, -0.2999999999999998224, -0.01000000000000000021 ) ) ;
#4828 = VERTEX_POINT ( 'NONE', #4208 ) ;
#4829 = CARTESIAN_POINT ( 'NONE',  ( -0.07510197105029503550, 0.7158054284079794494, 0.01000000000000000021 ) ) ;
#4830 = CARTESIAN_POINT ( 'NONE',  ( 0.1136900139012612942, 0.6482756019720490315, 0.01000000000000000021 ) ) ;
#4831 = EDGE_CURVE ( 'NONE', #2487, #2908, #5903, .T. ) ;
#4832 = CARTESIAN_POINT ( 'NONE',  ( 0.1219233395059390462, 0.7000649574747280779, 0.000000000000000000 ) ) ;
#4833 = CARTESIAN_POINT ( 'NONE',  ( 0.000000000000000000, 0.6304500467786023910, 0.01000000000000000021 ) ) ;
#4834 = SURFACE_STYLE_USAGE ( .BOTH. , #6474 ) ;
#4835 = VERTEX_POINT ( 'NONE', #5350 ) ;
#4836 = SURFACE_STYLE_FILL_AREA ( #608 ) ;
#4837 = B_SPLINE_CURVE_WITH_KNOTS ( 'NONE', 3,
 ( #1864, #5212, #708, #176, #35, #2420, #1183, #3418, #3530, #2837, #6887, #6789, #5771, #4657, #5627, #5112, #600, #1723, #6233 ),
 .UNSPECIFIED., .F., .F.,
 ( 4, 1, 1, 1, 1, 1, 1, 1, 1, 1, 1, 1, 1, 1, 1, 1, 4 ),
 ( 0.000000000000000000, 0.07064371857535318988, 0.1382567155089040600, 0.2033641242175798225, 0.2663240938030565497, 0.3279047615429893647, 0.3887377151730921909, 0.4494235281093022505, 0.5108610114593152840, 0.5720793960475144546, 0.6317344287314451412, 0.6911172105788379039, 0.7503600294901704437, 0.8100329005312623121, 0.8713624508287364234, 0.9344271412311534464, 1.000000000000000000 ),
 .UNSPECIFIED. ) ;
#4838 = SURFACE_STYLE_FILL_AREA ( #1494 ) ;
#4839 = ORIENTED_EDGE ( 'NONE', *, *, #4584, .F. ) ;
#4840 = AXIS2_PLACEMENT_3D ( 'NONE', #2575, #2654, #958 ) ;
#4841 = VECTOR ( 'NONE', #4942, 1000.000000000000000 ) ;
#4842 = EDGE_CURVE ( 'NONE', #2784, #6296, #5830, .T. ) ;
#4843 = DIRECTION ( 'NONE',  ( 0.000000000000000000, 1.000000000000000000, 0.000000000000000000 ) ) ;
#4844 = CARTESIAN_POINT ( 'NONE',  ( 0.1259231224219833079, 0.6793829736078706993, 0.000000000000000000 ) ) ;
#4845 = VECTOR ( 'NONE', #4981, 1000.000000000000000 ) ;
#4846 = COLOUR_RGB ( '',0.8313725490196077761, 0.8313725490196077761, 0.8196078431372548767 ) ;
#4847 = ORIENTED_EDGE ( 'NONE', *, *, #6518, .T. ) ;
#4848 = CARTESIAN_POINT ( 'NONE',  ( 0.6299999999999998934, 0.8999999999999999112, 0.2800000000000000266 ) ) ;
#4849 = CARTESIAN_POINT ( 'NONE',  ( 0.1392453392765075904, 0.6732052876163938659, 0.01000000000000000194 ) ) ;
#4850 = STYLED_ITEM ( 'NONE', ( #3872 ), #5294 ) ;
#4851 = PRESENTATION_LAYER_ASSIGNMENT (  '', '', ( #641 ) ) ;
#4852 = LINE ( 'NONE', #3191, #3687 ) ;
#4853 = DIRECTION ( 'NONE',  ( -0.000000000000000000, -1.000000000000000000, -0.000000000000000000 ) ) ;
#4854 = CARTESIAN_POINT ( 'NONE',  ( -0.05684079683689311630, 0.6304846773162179341, 0.01000000000000000021 ) ) ;
#4855 = VERTEX_POINT ( 'NONE', #7066 ) ;
#4856 = SURFACE_STYLE_USAGE ( .BOTH. , #2072 ) ;
#4857 = SURFACE_STYLE_FILL_AREA ( #2628 ) ;
#4858 = COLOUR_RGB ( '',0.2980392156862745057, 0.2980392156862745057, 0.2980392156862745057 ) ;
#4859 = SURFACE_SIDE_STYLE ('',( #969 ) ) ;
#4860 = CARTESIAN_POINT ( 'NONE',  ( -1.000000000000000000, 0.8549999999999999822, 0.000000000000000000 ) ) ;
#4861 = ORIENTED_EDGE ( 'NONE', *, *, #7152, .F. ) ;
#4862 = ORIENTED_EDGE ( 'NONE', *, *, #724, .F. ) ;
#4863 = MECHANICAL_DESIGN_GEOMETRIC_PRESENTATION_REPRESENTATION (  '', ( #865 ), #2517 ) ;
#4864 = AXIS2_PLACEMENT_3D ( 'NONE', #1654, #1796, #140 ) ;
#4865 =( LENGTH_UNIT ( ) NAMED_UNIT ( * ) SI_UNIT ( .MILLI., .METRE. ) );
#4866 = DIRECTION ( 'NONE',  ( -1.000000000000000000, -1.527045313359865723E-16, 0.000000000000000000 ) ) ;
#4867 = SURFACE_STYLE_FILL_AREA ( #2043 ) ;
#4868 = VECTOR ( 'NONE', #1131, 1000.000000000000000 ) ;
#4869 = CARTESIAN_POINT ( 'NONE',  ( 1.000000000000000000, -0.7000000000000001776, -0.2400000000000000466 ) ) ;
#4870 = CARTESIAN_POINT ( 'NONE',  ( 1.000000000000000000, -0.9000000000000002442, 0.2800000000000000266 ) ) ;
#4871 = COLOUR_RGB ( '',0.8313725490196077761, 0.8313725490196077761, 0.8196078431372548767 ) ;
#4872 =( LENGTH_UNIT ( ) NAMED_UNIT ( * ) SI_UNIT ( .MILLI., .METRE. ) );
#4873 = ORIENTED_EDGE ( 'NONE', *, *, #3703, .F. ) ;
#4874 = PLANE ( 'NONE',  #6081 ) ;
#4875 = VECTOR ( 'NONE', #1858, 1000.000000000000000 ) ;
#4876 = CARTESIAN_POINT ( 'NONE',  ( -0.06667749594099865729, 0.7297189121878965290, 0.009999999999999991535 ) ) ;
#4877 = ADVANCED_FACE ( 'NONE', ( #2002 ), #832, .F. ) ;
#4878 = ORIENTED_EDGE ( 'NONE', *, *, #7152, .T. ) ;
#4879 = FILL_AREA_STYLE ('',( #5318 ) ) ;
#4880 = MECHANICAL_DESIGN_GEOMETRIC_PRESENTATION_REPRESENTATION (  '', ( #3933 ), #3477 ) ;
#4881 = CARTESIAN_POINT ( 'NONE',  ( -1.000000000000000000, -0.3000000000000000444, -0.01000000000000000021 ) ) ;
#4882 = LINE ( 'NONE', #6557, #6696 ) ;
#4883 = AXIS2_PLACEMENT_3D ( 'NONE', #6940, #193, #5133 ) ;
#4884 = PRESENTATION_STYLE_ASSIGNMENT (( #3815 ) ) ;
#4885 = CARTESIAN_POINT ( 'NONE',  ( 0.07612636624789667628, 0.7191225617403195214, 0.000000000000000000 ) ) ;
#4886 = ADVANCED_FACE ( 'NONE', ( #425 ), #6695, .T. ) ;
#4887 = EDGE_LOOP ( 'NONE', ( #3219, #4972, #2239, #5465 ) ) ;
#4888 = FILL_AREA_STYLE ('',( #444 ) ) ;
#4889 = CARTESIAN_POINT ( 'NONE',  ( 0.1025526683765242697, 0.6299818184344203598, 0.000000000000000000 ) ) ;
#4890 =( NAMED_UNIT ( * ) SI_UNIT ( $, .STERADIAN. ) SOLID_ANGLE_UNIT ( ) );
#4891 = FACE_OUTER_BOUND ( 'NONE', #4553, .T. ) ;
#4892 =( GEOMETRIC_REPRESENTATION_CONTEXT ( 3 ) GLOBAL_UNCERTAINTY_ASSIGNED_CONTEXT ( ( #1728 ) ) GLOBAL_UNIT_ASSIGNED_CONTEXT ( ( #5534, #1030, #1503 ) ) REPRESENTATION_CONTEXT ( 'NONE', 'WORKASPACE' ) );
#4893 = SURFACE_STYLE_FILL_AREA ( #7267 ) ;
#4894 = ORIENTED_EDGE ( 'NONE', *, *, #7014, .T. ) ;
#4895 = CARTESIAN_POINT ( 'NONE',  ( 1.000000000000000000, -0.1450000000000000455, -0.01000000000000000021 ) ) ;
#4896 = UNCERTAINTY_MEASURE_WITH_UNIT (LENGTH_MEASURE( 1.000000000000000082E-05 ), #707, 'distance_accuracy_value', 'NONE');
#4897 = DIRECTION ( 'NONE',  ( 0.000000000000000000, 0.000000000000000000, 1.000000000000000000 ) ) ;
#4898 = VECTOR ( 'NONE', #1186, 1000.000000000000000 ) ;
#4899 = FACE_OUTER_BOUND ( 'NONE', #1949, .T. ) ;
#4900 = CARTESIAN_POINT ( 'NONE',  ( -0.1667598044072850227, 0.7304500467786024798, 0.000000000000000000 ) ) ;
#4901 = ORIENTED_EDGE ( 'NONE', *, *, #5693, .T. ) ;
#4902 = EDGE_LOOP ( 'NONE', ( #2120, #2382, #4785, #4576 ) ) ;
#4903 = VECTOR ( 'NONE', #1355, 1000.000000000000000 ) ;
#4904 = EDGE_CURVE ( 'NONE', #1199, #4757, #576, .T. ) ;
#4905 = EDGE_CURVE ( 'NONE', #2892, #3529, #497, .T. ) ;
#4906 = FILL_AREA_STYLE ('',( #5563 ) ) ;
#4907 = SURFACE_STYLE_USAGE ( .BOTH. , #7099 ) ;
#4908 = PRESENTATION_LAYER_ASSIGNMENT (  '', '', ( #4200 ) ) ;
#4909 = CIRCLE ( 'NONE', #5974, 0.01000000000000002623 ) ;
#4910 = FACE_OUTER_BOUND ( 'NONE', #6805, .T. ) ;
#4911 = VERTEX_POINT ( 'NONE', #6654 ) ;
#4912 = FILL_AREA_STYLE_COLOUR ( '', #1027 ) ;
#4913 = VECTOR ( 'NONE', #5296, 1000.000000000000000 ) ;
#4914 = FILL_AREA_STYLE_COLOUR ( '', #6272 ) ;
#4915 = ORIENTED_EDGE ( 'NONE', *, *, #6088, .F. ) ;
#4916 = CARTESIAN_POINT ( 'NONE',  ( 0.1856792199829589152, 0.7304500467786024798, 0.01000000000000000021 ) ) ;
#4917 = CARTESIAN_POINT ( 'NONE',  ( 0.08836595778783694344, 0.7206939492176268613, 0.000000000000000000 ) ) ;
#4918 = DIRECTION ( 'NONE',  ( 1.000000000000000000, 0.000000000000000000, -0.000000000000000000 ) ) ;
#4919 = MECHANICAL_DESIGN_GEOMETRIC_PRESENTATION_REPRESENTATION (  '', ( #4214 ), #4568 ) ;
#4920 = STYLED_ITEM ( 'NONE', ( #4266 ), #747 ) ;
#4921 = MECHANICAL_DESIGN_GEOMETRIC_PRESENTATION_REPRESENTATION (  '', ( #7044 ), #1275 ) ;
#4922 = PLANE ( 'NONE',  #4540 ) ;
#4923 = FILL_AREA_STYLE_COLOUR ( '', #2845 ) ;
#4924 = FILL_AREA_STYLE_COLOUR ( '', #4133 ) ;
#4925 = APPLICATION_CONTEXT ( 'automotive_design' ) ;
#4926 = VERTEX_POINT ( 'NONE', #2742 ) ;
#4927 = CARTESIAN_POINT ( 'NONE',  ( -0.09220500866642045157, 0.6980078949247759956, 0.01000000000000000021 ) ) ;
#4928 = DIRECTION ( 'NONE',  ( 0.000000000000000000, 1.000000000000000000, -2.753875155837997251E-18 ) ) ;
#4929 = ADVANCED_FACE ( 'NONE', ( #6583 ), #537, .F. ) ;
#4930 = CARTESIAN_POINT ( 'NONE',  ( -0.6294549557313118271, 0.8894564787797475391, 0.3112255652402214912 ) ) ;
#4931 = ORIENTED_EDGE ( 'NONE', *, *, #2140, .T. ) ;
#4932 = PLANE ( 'NONE',  #1903 ) ;
#4933 = CARTESIAN_POINT ( 'NONE',  ( -0.1765349568463094321, 0.6694744370225048646, 0.01000000000000000021 ) ) ;
#4934 =( NAMED_UNIT ( * ) PLANE_ANGLE_UNIT ( ) SI_UNIT ( $, .RADIAN. ) );
#4935 = SURFACE_STYLE_USAGE ( .BOTH. , #4859 ) ;
#4936 = EDGE_CURVE ( 'NONE', #6262, #899, #5013, .T. ) ;
#4937 = DIRECTION ( 'NONE',  ( -1.000000000000000000, 0.000000000000000000, 0.000000000000000000 ) ) ;
#4938 = VERTEX_POINT ( 'NONE', #3358 ) ;
#4939 = ORIENTED_EDGE ( 'NONE', *, *, #5017, .F. ) ;
#4940 = FILL_AREA_STYLE ('',( #6020 ) ) ;
#4941 = CARTESIAN_POINT ( 'NONE',  ( -0.5200000000000000178, 0.8549999999999999822, -0.01000000000000000021 ) ) ;
#4942 = DIRECTION ( 'NONE',  ( 0.000000000000000000, -0.000000000000000000, 1.000000000000000000 ) ) ;
#4943 = CARTESIAN_POINT ( 'NONE',  ( 0.09810329908955521538, 0.6408090096345872011, 0.01000000000000000021 ) ) ;
#4944 = SURFACE_STYLE_USAGE ( .BOTH. , #2822 ) ;
#4945 = SURFACE_STYLE_FILL_AREA ( #2783 ) ;
#4946 = ORIENTED_EDGE ( 'NONE', *, *, #5392, .T. ) ;
#4947 = FACE_OUTER_BOUND ( 'NONE', #1067, .T. ) ;
#4948 = VERTEX_POINT ( 'NONE', #5602 ) ;
#4949 = CARTESIAN_POINT ( 'NONE',  ( 0.1233206105194386143, 0.6395575327027276380, 0.01000000000000000021 ) ) ;
#4950 = SURFACE_STYLE_USAGE ( .BOTH. , #475 ) ;
#4951 = PLANE ( 'NONE',  #1605 ) ;
#4952 = VECTOR ( 'NONE', #5439, 1000.000000000000000 ) ;
#4953 = CARTESIAN_POINT ( 'NONE',  ( 0.08522120438812040566, 0.7206464028126311483, 0.000000000000000000 ) ) ;
#4954 =( GEOMETRIC_REPRESENTATION_CONTEXT ( 3 ) GLOBAL_UNCERTAINTY_ASSIGNED_CONTEXT ( ( #5349 ) ) GLOBAL_UNIT_ASSIGNED_CONTEXT ( ( #5305, #945, #5425 ) ) REPRESENTATION_CONTEXT ( 'NONE', 'WORKASPACE' ) );
#4955 = ORIENTED_EDGE ( 'NONE', *, *, #4578, .F. ) ;
#4956 = LINE ( 'NONE', #4477, #46 ) ;
#4957 = CARTESIAN_POINT ( 'NONE',  ( -0.1599381580658215951, 0.7182549248273829567, 0.000000000000000000 ) ) ;
#4958 = FILL_AREA_STYLE ('',( #482 ) ) ;
#4959 = VERTEX_POINT ( 'NONE', #17 ) ;
#4960 = CARTESIAN_POINT ( 'NONE',  ( -0.6200015230484363649, -0.8999999999999999112, 0.2800000000000000266 ) ) ;
#4961 = ORIENTED_EDGE ( 'NONE', *, *, #3279, .F. ) ;
#4962 = CARTESIAN_POINT ( 'NONE',  ( -0.6258588646516012322, 0.8999999999999996891, 0.2800000000000000266 ) ) ;
#4963 = COLOUR_RGB ( '',0.2980392156862745057, 0.2980392156862745057, 0.2980392156862745057 ) ;
#4964 = EDGE_CURVE ( 'NONE', #5150, #1020, #6022, .T. ) ;
#4965 = DIRECTION ( 'NONE',  ( 0.000000000000000000, 0.000000000000000000, -1.000000000000000000 ) ) ;
#4966 = UNCERTAINTY_MEASURE_WITH_UNIT (LENGTH_MEASURE( 1.000000000000000082E-05 ), #3533, 'distance_accuracy_value', 'NONE');
#4967 = MECHANICAL_DESIGN_GEOMETRIC_PRESENTATION_REPRESENTATION (  '', ( #6499 ), #4377 ) ;
#4968 = CARTESIAN_POINT ( 'NONE',  ( -0.6300000000000001155, -0.8999999999999999112, 0.2800000000000000266 ) ) ;
#4969 = CARTESIAN_POINT ( 'NONE',  ( 0.09810329908955521538, 0.6408090096345872011, 0.000000000000000000 ) ) ;
#4970 = ORIENTED_EDGE ( 'NONE', *, *, #4339, .T. ) ;
#4971 = STYLED_ITEM ( 'NONE', ( #4206 ), #5761 ) ;
#4972 = ORIENTED_EDGE ( 'NONE', *, *, #5976, .T. ) ;
#4973 = MECHANICAL_DESIGN_GEOMETRIC_PRESENTATION_REPRESENTATION (  '', ( #1688 ), #158 ) ;
#4974 = EDGE_CURVE ( 'NONE', #4539, #4330, #4495, .T. ) ;
#4975 = CARTESIAN_POINT ( 'NONE',  ( 0.06583555122866159570, 0.7148075274923845202, 0.000000000000000000 ) ) ;
#4976 = SURFACE_STYLE_USAGE ( .BOTH. , #6617 ) ;
#4977 = CARTESIAN_POINT ( 'NONE',  ( 0.1162230687366967302, 0.6507491671830630819, 0.01000000000000000021 ) ) ;
#4978 = VECTOR ( 'NONE', #4639, 1000.000000000000000 ) ;
#4979 = STYLED_ITEM ( 'NONE', ( #2798 ), #3934 ) ;
#4980 = ORIENTED_EDGE ( 'NONE', *, *, #2097, .T. ) ;
#4981 = DIRECTION ( 'NONE',  ( -0.000000000000000000, -0.000000000000000000, 1.000000000000000000 ) ) ;
#4982 = SURFACE_STYLE_USAGE ( .BOTH. , #2258 ) ;
#4983 = ORIENTED_EDGE ( 'NONE', *, *, #6865, .F. ) ;
#4984 = CARTESIAN_POINT ( 'NONE',  ( -0.8000000000000000444, -0.5000000000000000000, -0.2400000000000000466 ) ) ;
#4985 = LINE ( 'NONE', #1711, #4619 ) ;
#4986 = CARTESIAN_POINT ( 'NONE',  ( 0.1155185274727131284, 0.7095565569281855334, 0.01000000000000000021 ) ) ;
#4987 = STYLED_ITEM ( 'NONE', ( #4486 ), #6147 ) ;
#4988 = CARTESIAN_POINT ( 'NONE',  ( -0.003345170260943557301, 0.6865476077542121969, 0.01000000000000000021 ) ) ;
#4989 = FILL_AREA_STYLE ('',( #1610 ) ) ;
#4990 = MECHANICAL_DESIGN_GEOMETRIC_PRESENTATION_REPRESENTATION (  '', ( #1585 ), #2995 ) ;
#4991 = PRESENTATION_STYLE_ASSIGNMENT (( #2758 ) ) ;
#4992 = CARTESIAN_POINT ( 'NONE',  ( 1.000000000000000000, -0.2999999999999998224, 0.2900000000000000355 ) ) ;
#4993 = VECTOR ( 'NONE', #269, 1000.000000000000000 ) ;
#4994 = EDGE_CURVE ( 'NONE', #6514, #1276, #5643, .T. ) ;
#4995 = EDGE_LOOP ( 'NONE', ( #1877, #5897, #3374, #1732 ) ) ;
#4996 = DIRECTION ( 'NONE',  ( 0.000000000000000000, -1.000000000000000000, 0.000000000000000000 ) ) ;
#4997 = CARTESIAN_POINT ( 'NONE',  ( -0.1580136153828947954, 0.7112427297054316755, 0.01000000000000000021 ) ) ;
#4998 = VECTOR ( 'NONE', #2035, 1000.000000000000000 ) ;
#4999 = DIRECTION ( 'NONE',  ( 0.000000000000000000, 0.000000000000000000, 1.000000000000000000 ) ) ;
#5000 = DIRECTION ( 'NONE',  ( 0.000000000000000000, -0.000000000000000000, 1.000000000000000000 ) ) ;
#5001 = FILL_AREA_STYLE_COLOUR ( '', #5952 ) ;
#5002 = ORIENTED_EDGE ( 'NONE', *, *, #4048, .F. ) ;
#5003 = STYLED_ITEM ( 'NONE', ( #5378 ), #1659 ) ;
#5004 = CARTESIAN_POINT ( 'NONE',  ( -1.000000000000000000, -0.1450000000000000455, 0.2800000000000000266 ) ) ;
#5005 = LINE ( 'NONE', #3835, #4668 ) ;
#5006 = CARTESIAN_POINT ( 'NONE',  ( 0.08504773470894788634, 0.7316449535236955182, 0.01000000000000000021 ) ) ;
#5007 = ORIENTED_EDGE ( 'NONE', *, *, #2965, .F. ) ;
#5008 = EDGE_CURVE ( 'NONE', #1093, #2589, #5089, .T. ) ;
#5009 = ORIENTED_EDGE ( 'NONE', *, *, #27, .T. ) ;
#5010 = FACE_OUTER_BOUND ( 'NONE', #6560, .T. ) ;
#5011 = CARTESIAN_POINT ( 'NONE',  ( 0.07321861909240466593, 0.7182332616573513517, 0.000000000000000000 ) ) ;
#5012 =( NAMED_UNIT ( * ) SI_UNIT ( $, .STERADIAN. ) SOLID_ANGLE_UNIT ( ) );
#5013 = LINE ( 'NONE', #3905, #5536 ) ;
#5014 = SURFACE_SIDE_STYLE ('',( #2782 ) ) ;
#5015 = CARTESIAN_POINT ( 'NONE',  ( 1.000000000000000000, 0.8549999999999999822, -0.01000000000000000021 ) ) ;
#5016 =( GEOMETRIC_REPRESENTATION_CONTEXT ( 3 ) GLOBAL_UNCERTAINTY_ASSIGNED_CONTEXT ( ( #4234 ) ) GLOBAL_UNIT_ASSIGNED_CONTEXT ( ( #1764, #523, #4485 ) ) REPRESENTATION_CONTEXT ( 'NONE', 'WORKASPACE' ) );
#5017 = EDGE_CURVE ( 'NONE', #5076, #5406, #2848, .T. ) ;
#5018 = ORIENTED_EDGE ( 'NONE', *, *, #773, .T. ) ;
#5019 = CARTESIAN_POINT ( 'NONE',  ( -0.6110963936061700741, -0.8910948705577337314, 0.7901745240643729407 ) ) ;
#5020 = EDGE_LOOP ( 'NONE', ( #3121, #3384, #6447, #5529 ) ) ;
#5021 = DIRECTION ( 'NONE',  ( -1.000000000000000000, 0.000000000000000000, 0.000000000000000000 ) ) ;
#5022 = CARTESIAN_POINT ( 'NONE',  ( -0.9899999999999999911, 0.8899999999999996803, 0.000000000000000000 ) ) ;
#5023 =( GEOMETRIC_REPRESENTATION_CONTEXT ( 3 ) GLOBAL_UNCERTAINTY_ASSIGNED_CONTEXT ( ( #1223 ) ) GLOBAL_UNIT_ASSIGNED_CONTEXT ( ( #975, #2636, #5012 ) ) REPRESENTATION_CONTEXT ( 'NONE', 'WORKASPACE' ) );
#5024 = CARTESIAN_POINT ( 'NONE',  ( 0.1245260872227625659, 0.6924789620644911103, 0.000000000000000000 ) ) ;
#5025 = LINE ( 'NONE', #1063, #3961 ) ;
#5026 = ADVANCED_FACE ( 'NONE', ( #6551 ), #276, .F. ) ;
#5027 = COLOUR_RGB ( '',0.2980392156862745057, 0.2980392156862745057, 0.2980392156862745057 ) ;
#5028 = MECHANICAL_DESIGN_GEOMETRIC_PRESENTATION_REPRESENTATION (  '', ( #922 ), #2444 ) ;
#5029 = SURFACE_SIDE_STYLE ('',( #6113 ) ) ;
#5030 = CARTESIAN_POINT ( 'NONE',  ( 0.07367528794619664090, 0.6426571496370269143, 0.01000000000000000021 ) ) ;
#5031 = ORIENTED_EDGE ( 'NONE', *, *, #2267, .F. ) ;
#5032 = CARTESIAN_POINT ( 'NONE',  ( -0.1614816031877728264, 0.7112427297054316755, 0.01000000000000000021 ) ) ;
#5033 = PRESENTATION_LAYER_ASSIGNMENT (  '', '', ( #5506 ) ) ;
#5034 =( NAMED_UNIT ( * ) PLANE_ANGLE_UNIT ( ) SI_UNIT ( $, .RADIAN. ) );
#5035 = ORIENTED_EDGE ( 'NONE', *, *, #1293, .T. ) ;
#5036 = CARTESIAN_POINT ( 'NONE',  ( 1.000000000000000000, -0.9000000000000002442, 0.2800000000000000266 ) ) ;
#5037 = ADVANCED_FACE ( 'NONE', ( #4291 ), #5069, .F. ) ;
#5038 =( LENGTH_UNIT ( ) NAMED_UNIT ( * ) SI_UNIT ( .MILLI., .METRE. ) );
#5039 = ORIENTED_EDGE ( 'NONE', *, *, #4583, .F. ) ;
#5040 = DIRECTION ( 'NONE',  ( -1.000000000000000000, 0.000000000000000000, 0.000000000000000000 ) ) ;
#5041 = MECHANICAL_DESIGN_GEOMETRIC_PRESENTATION_REPRESENTATION (  '', ( #3747 ), #1520 ) ;
#5042 = VECTOR ( 'NONE', #2979, 1000.000000000000000 ) ;
#5043 = PRESENTATION_LAYER_ASSIGNMENT (  '', '', ( #4100 ) ) ;
#5044 = UNCERTAINTY_MEASURE_WITH_UNIT (LENGTH_MEASURE( 1.000000000000000082E-05 ), #4353, 'distance_accuracy_value', 'NONE');
#5045 = CARTESIAN_POINT ( 'NONE',  ( -0.05492672513899232029, 0.6304500467786023910, 0.000000000000000000 ) ) ;
#5046 = CARTESIAN_POINT ( 'NONE',  ( 0.09189910089871473897, 0.6402392541479663413, 0.000000000000000000 ) ) ;
#5047 = CARTESIAN_POINT ( 'NONE',  ( 0.07264559041713586351, 0.7301676046125196162, 0.000000000000000000 ) ) ;
#5048 = ORIENTED_EDGE ( 'NONE', *, *, #3889, .T. ) ;
#5049 = CARTESIAN_POINT ( 'NONE',  ( -0.08133068844818382159, 0.7122030873577543941, 0.000000000000000000 ) ) ;
#5050 = CARTESIAN_POINT ( 'NONE',  ( 1.000000000000000000, 0.7000000000000001776, 0.2900000000000000355 ) ) ;
#5051 = UNCERTAINTY_MEASURE_WITH_UNIT (LENGTH_MEASURE( 1.000000000000000082E-05 ), #179, 'distance_accuracy_value', 'NONE');
#5052 = PLANE ( 'NONE',  #6697 ) ;
#5053 =( LENGTH_UNIT ( ) NAMED_UNIT ( * ) SI_UNIT ( .MILLI., .METRE. ) );
#5054 = SURFACE_SIDE_STYLE ('',( #4945 ) ) ;
#5055 = EDGE_LOOP ( 'NONE', ( #6880, #204, #5476, #1164, #1413, #5995, #4292, #2872, #2556, #2189 ) ) ;
#5056 = LINE ( 'NONE', #2257, #3442 ) ;
#5057 = SURFACE_STYLE_FILL_AREA ( #2894 ) ;
#5058 = ORIENTED_EDGE ( 'NONE', *, *, #6069, .T. ) ;
#5059 = DIRECTION ( 'NONE',  ( -0.000000000000000000, -0.000000000000000000, 1.000000000000000000 ) ) ;
#5060 = CARTESIAN_POINT ( 'NONE',  ( 0.08836595778783694344, 0.7206939492176268613, 0.000000000000000000 ) ) ;
#5061 = EDGE_CURVE ( 'NONE', #3746, #5547, #6104, .T. ) ;
#5062 = SURFACE_STYLE_FILL_AREA ( #589 ) ;
#5063 = FILL_AREA_STYLE_COLOUR ( '', #1041 ) ;
#5064 = CARTESIAN_POINT ( 'NONE',  ( 0.08011372242932529586, 0.6410568778798331202, 0.000000000000000000 ) ) ;
#5065 = SURFACE_STYLE_USAGE ( .BOTH. , #6780 ) ;
#5066 = ORIENTED_EDGE ( 'NONE', *, *, #5554, .T. ) ;
#5067 = DIRECTION ( 'NONE',  ( -1.000000000000000000, 0.000000000000000000, 0.000000000000000000 ) ) ;
#5068 = ADVANCED_FACE ( 'NONE', ( #5499 ), #6591, .T. ) ;
#5069 = B_SPLINE_SURFACE_WITH_KNOTS ( 'NONE', 3, 1, ( 
 ( #3627, #7034 ),
 ( #3659, #6509 ),
 ( #5910, #5877 ),
 ( #355, #4876 ),
 ( #870, #3104 ),
 ( #312, #1889 ),
 ( #2570, #1459 ),
 ( #3698, #909 ),
 ( #5401, #4137 ),
 ( #6395, #3592 ),
 ( #502, #3810 ),
 ( #1023, #7144 ),
 ( #2088, #6175 ),
 ( #6621, #3250 ),
 ( #3844, #5528 ),
 ( #3879, #2751 ),
 ( #4326, #542 ),
 ( #6067, #5466 ),
 ( #3288, #984 ) ),
 .UNSPECIFIED., .F., .F., .F.,
 ( 4, 1, 1, 1, 1, 1, 1, 1, 1, 1, 1, 1, 1, 1, 1, 1, 4 ),
 ( 2, 2 ),
 ( 0.000000000000000000, 0.06863117867660104010, 0.1345664660386768630, 0.1983281540108809970, 0.2607897666408446335, 0.3219991514841585856, 0.3827217465030195997, 0.4435374740357292400, 0.5051334294849251227, 0.5662138747646717762, 0.6261058646175462483, 0.6853493221605172492, 0.7449958703477983502, 0.8054158418145639375, 0.8676362663459531444, 0.9323077823023293575, 1.000000000000000000 ),
 ( 0.000000000000000000, 1.000000000000000000 ),
 .UNSPECIFIED. ) ;
#5070 = FILL_AREA_STYLE ('',( #1720 ) ) ;
#5071 = ORIENTED_EDGE ( 'NONE', *, *, #6631, .T. ) ;
#5072 = DIRECTION ( 'NONE',  ( 0.000000000000000000, 0.000000000000000000, -1.000000000000000000 ) ) ;
#5073 = ORIENTED_EDGE ( 'NONE', *, *, #2297, .T. ) ;
#5074 = CARTESIAN_POINT ( 'NONE',  ( -0.9899999999999999911, -0.9000000000000003553, 0.000000000000000000 ) ) ;
#5075 =( NAMED_UNIT ( * ) PLANE_ANGLE_UNIT ( ) SI_UNIT ( $, .RADIAN. ) );
#5076 = VERTEX_POINT ( 'NONE', #5019 ) ;
#5077 =( NAMED_UNIT ( * ) PLANE_ANGLE_UNIT ( ) SI_UNIT ( $, .RADIAN. ) );
#5078 = EDGE_CURVE ( 'NONE', #3252, #3699, #2684, .T. ) ;
#5079 = SURFACE_SIDE_STYLE ('',( #9 ) ) ;
#5080 = COLOUR_RGB ( '',0.8313725490196077761, 0.8313725490196077761, 0.8196078431372548767 ) ;
#5081 = CARTESIAN_POINT ( 'NONE',  ( 0.09237821804930602954, 0.7206076782764423427, 0.01000000000000000021 ) ) ;
#5082 = CARTESIAN_POINT ( 'NONE',  ( -0.6300000000000001155, 0.1450000000000000455, 0.2900000000000000355 ) ) ;
#5083 = DIRECTION ( 'NONE',  ( -0.000000000000000000, -0.000000000000000000, 1.000000000000000000 ) ) ;
#5084 = COLOUR_RGB ( '',0.2980392156862745057, 0.2980392156862745057, 0.2980392156862745057 ) ;
#5085 =( GEOMETRIC_REPRESENTATION_CONTEXT ( 3 ) GLOBAL_UNCERTAINTY_ASSIGNED_CONTEXT ( ( #1157 ) ) GLOBAL_UNIT_ASSIGNED_CONTEXT ( ( #2873, #6298, #2971 ) ) REPRESENTATION_CONTEXT ( 'NONE', 'WORKASPACE' ) );
#5086 = CARTESIAN_POINT ( 'NONE',  ( -0.07166892786194151155, 0.7171565210115542488, 0.000000000000000000 ) ) ;
#5087 = EDGE_CURVE ( 'NONE', #1108, #3829, #6733, .T. ) ;
#5088 = DIRECTION ( 'NONE',  ( 0.000000000000000000, 0.000000000000000000, -1.000000000000000000 ) ) ;
#5089 = LINE ( 'NONE', #611, #1210 ) ;
#5090 = VECTOR ( 'NONE', #5490, 1000.000000000000000 ) ;
#5091 = ORIENTED_EDGE ( 'NONE', *, *, #6435, .F. ) ;
#5092 = CIRCLE ( 'NONE', #1684, 0.1999999999999999833 ) ;
#5093 =( NAMED_UNIT ( * ) SI_UNIT ( $, .STERADIAN. ) SOLID_ANGLE_UNIT ( ) );
#5094 = CARTESIAN_POINT ( 'NONE',  ( 0.000000000000000000, 0.6304500467786023910, 0.01000000000000000021 ) ) ;
#5095 = CARTESIAN_POINT ( 'NONE',  ( 0.1393065017191443822, 0.6767514672820876820, 0.01000000000000000021 ) ) ;
#5096 = FILL_AREA_STYLE_COLOUR ( '', #1341 ) ;
#5097 = CARTESIAN_POINT ( 'NONE',  ( 0.09237821804930602954, 0.7206076782764423427, 0.01000000000000000021 ) ) ;
#5098 = VECTOR ( 'NONE', #7045, 1000.000000000000000 ) ;
#5099 = FILL_AREA_STYLE ('',( #1640 ) ) ;
#5100 = SURFACE_SIDE_STYLE ('',( #5618 ) ) ;
#5101 = AXIS2_PLACEMENT_3D ( 'NONE', #6529, #6459, #2669 ) ;
#5102 = FACE_OUTER_BOUND ( 'NONE', #3912, .T. ) ;
#5103 = ADVANCED_FACE ( 'NONE', ( #1530 ), #4501, .T. ) ;
#5104 = PRESENTATION_LAYER_ASSIGNMENT (  '', '', ( #5811 ) ) ;
#5105 = VERTEX_POINT ( 'NONE', #2225 ) ;
#5106 = CARTESIAN_POINT ( 'NONE',  ( 1.000000000000000000, -0.7000000000000001776, -0.01000000000000000021 ) ) ;
#5107 = AXIS2_PLACEMENT_3D ( 'NONE', #1468, #5964, #3190 ) ;
#5108 = SURFACE_STYLE_FILL_AREA ( #6822 ) ;
#5109 = ORIENTED_EDGE ( 'NONE', *, *, #2715, .T. ) ;
#5110 = STYLED_ITEM ( 'NONE', ( #3030 ), #4360 ) ;
#5111 = DIRECTION ( 'NONE',  ( -0.01744974916068639179, 0.01744974916068639179, 0.9996954598818874604 ) ) ;
#5112 = CARTESIAN_POINT ( 'NONE',  ( 0.09902348577802703999, 0.7308403059954118319, 0.01000000000000000021 ) ) ;
#5113 = ORIENTED_EDGE ( 'NONE', *, *, #1660, .F. ) ;
#5114 = STYLED_ITEM ( 'NONE', ( #224 ), #6574 ) ;
#5115 = CARTESIAN_POINT ( 'NONE',  ( -0.6110963936061700741, 0.8910948705577337314, 0.7901745240643729407 ) ) ;
#5116 = EDGE_CURVE ( 'NONE', #5386, #1432, #1744, .T. ) ;
#5117 = SURFACE_STYLE_USAGE ( .BOTH. , #6855 ) ;
#5118 = ORIENTED_EDGE ( 'NONE', *, *, #1124, .F. ) ;
#5119 = PRESENTATION_LAYER_ASSIGNMENT (  '', '', ( #3591 ) ) ;
#5120 = PLANE ( 'NONE',  #685 ) ;
#5121 = LINE ( 'NONE', #4565, #1694 ) ;
#5122 = UNCERTAINTY_MEASURE_WITH_UNIT (LENGTH_MEASURE( 1.000000000000000082E-05 ), #4872, 'distance_accuracy_value', 'NONE');
#5123 = LINE ( 'NONE', #2879, #3859 ) ;
#5124 = AXIS2_PLACEMENT_3D ( 'NONE', #4018, #1746, #7288 ) ;
#5125 = CARTESIAN_POINT ( 'NONE',  ( 0.6300030444736989255, -0.8900045675221348596, 0.2798255822185993780 ) ) ;
#5126 = ORIENTED_EDGE ( 'NONE', *, *, #981, .T. ) ;
#5127 = EDGE_CURVE ( 'NONE', #1898, #6689, #1168, .T. ) ;
#5128 = CARTESIAN_POINT ( 'NONE',  ( -0.08412709093234632673, 0.7099780106787353384, 0.000000000000000000 ) ) ;
#5129 = LINE ( 'NONE', #1050, #1577 ) ;
#5130 = UNCERTAINTY_MEASURE_WITH_UNIT (LENGTH_MEASURE( 1.000000000000000082E-05 ), #3803, 'distance_accuracy_value', 'NONE');
#5131 = LINE ( 'NONE', #6730, #4405 ) ;
#5132 = LINE ( 'NONE', #1300, #1739 ) ;
#5133 = DIRECTION ( 'NONE',  ( 0.9998476951563911586, 0.000000000000000000, -0.01745240643728722049 ) ) ;
#5134 = ADVANCED_FACE ( 'NONE', ( #6319 ), #2344, .T. ) ;
#5135 = EDGE_CURVE ( 'NONE', #6771, #3149, #5056, .T. ) ;
#5136 = ORIENTED_EDGE ( 'NONE', *, *, #6833, .T. ) ;
#5137 = COLOUR_RGB ( '',0.8313725490196077761, 0.8313725490196077761, 0.8196078431372548767 ) ;
#5138 = B_SPLINE_SURFACE_WITH_KNOTS ( 'NONE', 3, 1, ( 
 ( #5679, #5600 ),
 ( #4055, #1193 ),
 ( #6799, #48 ),
 ( #686, #2919 ),
 ( #6308, #6164 ),
 ( #5086, #1121 ),
 ( #572, #3355 ),
 ( #1735, #2816 ),
 ( #5049, #647 ),
 ( #5128, #81 ),
 ( #2332, #6834 ),
 ( #4746, #787 ),
 ( #7013, #1953 ),
 ( #219, #4927 ),
 ( #402, #3611 ),
 ( #852, #2434 ),
 ( #4670, #2983 ),
 ( #7195, #3016 ),
 ( #5258, #6935 ) ),
 .UNSPECIFIED., .F., .F., .F.,
 ( 4, 1, 1, 1, 1, 1, 1, 1, 1, 1, 1, 1, 1, 1, 1, 1, 4 ),
 ( 2, 2 ),
 ( 0.000000000000000000, 0.06905834295325574690, 0.1347587622790566986, 0.1981442478041419708, 0.2590865018434190814, 0.3187028072090646313, 0.3768512776663807129, 0.4345350872231532602, 0.4921793884442127176, 0.5499125454004145652, 0.6074703275914981049, 0.6661752554209274813, 0.7264573934965325996, 0.7895005038967209954, 0.8556063896355828868, 0.9256962035571854042, 1.000000000000000000 ),
 ( 0.000000000000000000, 1.000000000000000000 ),
 .UNSPECIFIED. ) ;
#5139 = FILL_AREA_STYLE ('',( #6806 ) ) ;
#5140 = SURFACE_SIDE_STYLE ('',( #5057 ) ) ;
#5141 = SURFACE_STYLE_FILL_AREA ( #729 ) ;
#5142 = CARTESIAN_POINT ( 'NONE',  ( 0.1386114255464881428, 0.6680317404278383053, 0.01000000000000000021 ) ) ;
#5143 = CARTESIAN_POINT ( 'NONE',  ( -0.1082232190414313816, 0.6817076687298220250, 0.000000000000000000 ) ) ;
#5144 = AXIS2_PLACEMENT_3D ( 'NONE', #364, #6107, #4260 ) ;
#5145 = FACE_OUTER_BOUND ( 'NONE', #5881, .T. ) ;
#5146 =( GEOMETRIC_REPRESENTATION_CONTEXT ( 3 ) GLOBAL_UNCERTAINTY_ASSIGNED_CONTEXT ( ( #2170 ) ) GLOBAL_UNIT_ASSIGNED_CONTEXT ( ( #6706, #918, #6663 ) ) REPRESENTATION_CONTEXT ( 'NONE', 'WORKASPACE' ) );
#5147 = DIRECTION ( 'NONE',  ( 0.000000000000000000, -0.000000000000000000, 1.000000000000000000 ) ) ;
#5148 =( GEOMETRIC_REPRESENTATION_CONTEXT ( 3 ) GLOBAL_UNCERTAINTY_ASSIGNED_CONTEXT ( ( #3351 ) ) GLOBAL_UNIT_ASSIGNED_CONTEXT ( ( #763, #1818, #5689 ) ) REPRESENTATION_CONTEXT ( 'NONE', 'WORKASPACE' ) );
#5149 = VECTOR ( 'NONE', #6282, 1000.000000000000000 ) ;
#5150 = VERTEX_POINT ( 'NONE', #3403 ) ;
#5151 = CARTESIAN_POINT ( 'NONE',  ( -0.1592773342191552421, 0.7161976398499438901, 0.01000000000000000021 ) ) ;
#5152 = ORIENTED_EDGE ( 'NONE', *, *, #4458, .F. ) ;
#5153 = VECTOR ( 'NONE', #6803, 1000.000000000000000 ) ;
#5154 = CARTESIAN_POINT ( 'NONE',  ( 0.6300000000000001155, -0.8549999999999999822, 0.2900000000000000355 ) ) ;
#5155 = CARTESIAN_POINT ( 'NONE',  ( 0.1478743419341784493, 0.6304500467786023910, 0.000000000000000000 ) ) ;
#5156 =( LENGTH_UNIT ( ) NAMED_UNIT ( * ) SI_UNIT ( .MILLI., .METRE. ) );
#5157 = EDGE_CURVE ( 'NONE', #633, #4539, #159, .T. ) ;
#5158 = FACE_OUTER_BOUND ( 'NONE', #4113, .T. ) ;
#5159 = CARTESIAN_POINT ( 'NONE',  ( -0.04115004830972406047, 0.7194744370225049090, 0.000000000000000000 ) ) ;
#5160 = VECTOR ( 'NONE', #887, 1000.000000000000114 ) ;
#5161 = AXIS2_PLACEMENT_3D ( 'NONE', #3898, #4487, #4780 ) ;
#5162 = CARTESIAN_POINT ( 'NONE',  ( -0.09477407329305020944, 0.6798835914086909238, 0.000000000000000000 ) ) ;
#5163 = CARTESIAN_POINT ( 'NONE',  ( -0.09989774642937807037, 0.7100874752036500093, 0.01000000000000000021 ) ) ;
#5164 = SURFACE_SIDE_STYLE ('',( #1194 ) ) ;
#5165 = CARTESIAN_POINT ( 'NONE',  ( -0.5199999999999999067, -0.1450000000000000455, 0.000000000000000000 ) ) ;
#5166 = ADVANCED_FACE ( 'NONE', ( #615 ), #2299, .T. ) ;
#5167 = FILL_AREA_STYLE_COLOUR ( '', #3742 ) ;
#5168 =( NAMED_UNIT ( * ) SI_UNIT ( $, .STERADIAN. ) SOLID_ANGLE_UNIT ( ) );
#5169 = ORIENTED_EDGE ( 'NONE', *, *, #434, .T. ) ;
#5170 = DIRECTION ( 'NONE',  ( 0.000000000000000000, 0.000000000000000000, 1.000000000000000000 ) ) ;
#5171 = SURFACE_STYLE_FILL_AREA ( #2481 ) ;
#5172 = CARTESIAN_POINT ( 'NONE',  ( -0.6300000000000001155, 0.8900015230484359385, 0.2800000000000000266 ) ) ;
#5173 = DIRECTION ( 'NONE',  ( -0.000000000000000000, 0.000000000000000000, -1.000000000000000000 ) ) ;
#5174 = CARTESIAN_POINT ( 'NONE',  ( -0.06607801423805827190, 0.6312503919698714272, 0.000000000000000000 ) ) ;
#5175 =( NAMED_UNIT ( * ) PLANE_ANGLE_UNIT ( ) SI_UNIT ( $, .RADIAN. ) );
#5176 = DIRECTION ( 'NONE',  ( 0.000000000000000000, -0.000000000000000000, 1.000000000000000000 ) ) ;
#5177 = PRESENTATION_STYLE_ASSIGNMENT (( #5735 ) ) ;
#5178 = ORIENTED_EDGE ( 'NONE', *, *, #4750, .T. ) ;
#5179 = DIRECTION ( 'NONE',  ( 1.000000000000000000, 0.000000000000000000, 0.000000000000000000 ) ) ;
#5180 = FILL_AREA_STYLE_COLOUR ( '', #4846 ) ;
#5181 = CARTESIAN_POINT ( 'NONE',  ( 0.6110963936061697410, 0.8910948705577337314, 0.7901745240643729407 ) ) ;
#5182 = UNCERTAINTY_MEASURE_WITH_UNIT (LENGTH_MEASURE( 1.000000000000000082E-05 ), #2173, 'distance_accuracy_value', 'NONE');
#5183 = SURFACE_STYLE_USAGE ( .BOTH. , #5636 ) ;
#5184 = SURFACE_STYLE_USAGE ( .BOTH. , #2942 ) ;
#5185 = PLANE ( 'NONE',  #6111 ) ;
#5186 = EDGE_CURVE ( 'NONE', #541, #2589, #5304, .T. ) ;
#5187 = VECTOR ( 'NONE', #3396, 1000.000000000000000 ) ;
#5188 = FILL_AREA_STYLE_COLOUR ( '', #3447 ) ;
#5189 = CARTESIAN_POINT ( 'NONE',  ( 1.000000000000000000, 0.8549999999999999822, 0.000000000000000000 ) ) ;
#5190 =( LENGTH_UNIT ( ) NAMED_UNIT ( * ) SI_UNIT ( .MILLI., .METRE. ) );
#5191 =( GEOMETRIC_REPRESENTATION_CONTEXT ( 3 ) GLOBAL_UNCERTAINTY_ASSIGNED_CONTEXT ( ( #4172 ) ) GLOBAL_UNIT_ASSIGNED_CONTEXT ( ( #1708, #5195, #3980 ) ) REPRESENTATION_CONTEXT ( 'NONE', 'WORKASPACE' ) );
#5192 = VECTOR ( 'NONE', #3084, 1000.000000000000000 ) ;
#5193 = ORIENTED_EDGE ( 'NONE', *, *, #5526, .T. ) ;
#5194 = EDGE_CURVE ( 'NONE', #322, #2708, #4491, .T. ) ;
#5195 =( NAMED_UNIT ( * ) PLANE_ANGLE_UNIT ( ) SI_UNIT ( $, .RADIAN. ) );
#5196 = DIRECTION ( 'NONE',  ( -0.000000000000000000, -0.000000000000000000, -1.000000000000000000 ) ) ;
#5197 = FILL_AREA_STYLE ('',( #6253 ) ) ;
#5198 = CARTESIAN_POINT ( 'NONE',  ( 0.1392453392765075904, 0.6732052876163938659, 0.000000000000000000 ) ) ;
#5199 = COLOUR_RGB ( '',0.8313725490196077761, 0.8313725490196077761, 0.8196078431372548767 ) ;
#5200 = STYLED_ITEM ( 'NONE', ( #6283 ), #4797 ) ;
#5201 = FILL_AREA_STYLE_COLOUR ( '', #3226 ) ;
#5202 = SURFACE_STYLE_FILL_AREA ( #3988 ) ;
#5203 = VECTOR ( 'NONE', #3337, 1000.000000000000000 ) ;
#5204 = PRESENTATION_LAYER_ASSIGNMENT (  '', '', ( #5671 ) ) ;
#5205 = EDGE_LOOP ( 'NONE', ( #4381, #5323, #3378, #3155 ) ) ;
#5206 = MECHANICAL_DESIGN_GEOMETRIC_PRESENTATION_REPRESENTATION (  '', ( #2152 ), #6042 ) ;
#5207 =( NAMED_UNIT ( * ) PLANE_ANGLE_UNIT ( ) SI_UNIT ( $, .RADIAN. ) );
#5208 = STYLED_ITEM ( 'NONE', ( #4310 ), #6114 ) ;
#5209 = FACE_OUTER_BOUND ( 'NONE', #6188, .T. ) ;
#5210 = ORIENTED_EDGE ( 'NONE', *, *, #4159, .T. ) ;
#5211 = AXIS2_PLACEMENT_3D ( 'NONE', #1544, #3786, #6674 ) ;
#5212 = CARTESIAN_POINT ( 'NONE',  ( 0.1392942042228084987, 0.6805091649627528216, 0.01000000000000000021 ) ) ;
#5213 = EDGE_CURVE ( 'NONE', #1857, #6467, #3690, .T. ) ;
#5214 = ADVANCED_FACE ( 'NONE', ( #6976 ), #5232, .F. ) ;
#5215 = DIRECTION ( 'NONE',  ( 0.000000000000000000, -0.000000000000000000, 1.000000000000000000 ) ) ;
#5216 = ORIENTED_EDGE ( 'NONE', *, *, #4786, .F. ) ;
#5217 = FACE_BOUND ( 'NONE', #5372, .T. ) ;
#5218 = CARTESIAN_POINT ( 'NONE',  ( -0.6110963936061700741, -0.8810963936061697588, 0.7900000000000001465 ) ) ;
#5219 =( GEOMETRIC_REPRESENTATION_CONTEXT ( 3 ) GLOBAL_UNCERTAINTY_ASSIGNED_CONTEXT ( ( #846 ) ) GLOBAL_UNIT_ASSIGNED_CONTEXT ( ( #4508, #1749, #3486 ) ) REPRESENTATION_CONTEXT ( 'NONE', 'WORKASPACE' ) );
#5220 = COLOUR_RGB ( '',0.8313725490196077761, 0.8313725490196077761, 0.8196078431372548767 ) ;
#5221 = SURFACE_SIDE_STYLE ('',( #4002 ) ) ;
#5222 = CARTESIAN_POINT ( 'NONE',  ( -0.07540011459748489908, 0.6454762181437609936, 0.01000000000000000021 ) ) ;
#5223 = VECTOR ( 'NONE', #6584, 1000.000000000000000 ) ;
#5224 = CARTESIAN_POINT ( 'NONE',  ( -0.05492672513899232029, 0.6304500467786023910, 0.000000000000000000 ) ) ;
#5225 = CARTESIAN_POINT ( 'NONE',  ( 0.6110963936061697410, -0.8810963936061697588, 0.7900000000000001465 ) ) ;
#5226 = CARTESIAN_POINT ( 'NONE',  ( -0.1073783551525155505, 0.6922336689212108540, 0.01000000000000000021 ) ) ;
#5227 = DIRECTION ( 'NONE',  ( -0.3635424856527061932, -0.9315776194850602376, 0.000000000000000000 ) ) ;
#5228 = CARTESIAN_POINT ( 'NONE',  ( 1.000000000000000000, 0.5000000000000000000, 0.2900000000000000355 ) ) ;
#5229 = PRESENTATION_LAYER_ASSIGNMENT (  '', '', ( #663 ) ) ;
#5230 = EDGE_LOOP ( 'NONE', ( #1657, #5058, #4098, #875, #5610, #106 ) ) ;
#5231 = MECHANICAL_DESIGN_GEOMETRIC_PRESENTATION_REPRESENTATION (  '', ( #3480 ), #6895 ) ;
#5232 = PLANE ( 'NONE',  #3203 ) ;
#5233 = CARTESIAN_POINT ( 'NONE',  ( 0.6110963936061697410, -0.8810963936061697588, 0.7900000000000001465 ) ) ;
#5234 = PLANE ( 'NONE',  #5900 ) ;
#5235 = DIRECTION ( 'NONE',  ( -1.000000000000000000, -0.000000000000000000, -0.000000000000000000 ) ) ;
#5236 = ADVANCED_FACE ( 'NONE', ( #900 ), #3133, .F. ) ;
#5237 = CARTESIAN_POINT ( 'NONE',  ( 1.000000000000000000, -0.5000000000000000000, 0.2900000000000000355 ) ) ;
#5238 = PRESENTATION_STYLE_ASSIGNMENT (( #5763 ) ) ;
#5239 = STYLED_ITEM ( 'NONE', ( #4884 ), #1839 ) ;
#5240 = CARTESIAN_POINT ( 'NONE',  ( 0.1173644428903026365, 0.7235243890302002212, 0.01000000000000000021 ) ) ;
#5241 = ORIENTED_EDGE ( 'NONE', *, *, #1155, .T. ) ;
#5242 = EDGE_CURVE ( 'NONE', #1084, #2901, #1881, .T. ) ;
#5243 = SURFACE_SIDE_STYLE ('',( #5842 ) ) ;
#5244 = ORIENTED_EDGE ( 'NONE', *, *, #7108, .F. ) ;
#5245 = CIRCLE ( 'NONE', #7159, 0.01000000000000002623 ) ;
#5246 = SURFACE_STYLE_FILL_AREA ( #3633 ) ;
#5247 =( NAMED_UNIT ( * ) PLANE_ANGLE_UNIT ( ) SI_UNIT ( $, .RADIAN. ) );
#5248 = ORIENTED_EDGE ( 'NONE', *, *, #2452, .F. ) ;
#5249 = SURFACE_STYLE_FILL_AREA ( #182 ) ;
#5250 = CARTESIAN_POINT ( 'NONE',  ( -0.1082232190414313816, 0.6817076687298220250, 0.01000000000000000021 ) ) ;
#5251 = UNCERTAINTY_MEASURE_WITH_UNIT (LENGTH_MEASURE( 1.000000000000000082E-05 ), #3750, 'distance_accuracy_value', 'NONE');
#5252 = CARTESIAN_POINT ( 'NONE',  ( -0.02773541416338257473, 0.6304500467786023910, 0.000000000000000000 ) ) ;
#5253 = VECTOR ( 'NONE', #3725, 1000.000000000000000 ) ;
#5254 = DIRECTION ( 'NONE',  ( -1.000000000000000000, 0.000000000000000000, 0.000000000000000000 ) ) ;
#5255 = SURFACE_SIDE_STYLE ('',( #1191 ) ) ;
#5256 = VERTEX_POINT ( 'NONE', #423 ) ;
#5257 = MECHANICAL_DESIGN_GEOMETRIC_PRESENTATION_REPRESENTATION (  '', ( #6576 ), #7050 ) ;
#5258 = CARTESIAN_POINT ( 'NONE',  ( -0.09480858489508987852, 0.6814218455590903556, 0.000000000000000000 ) ) ;
#5259 = CARTESIAN_POINT ( 'NONE',  ( -0.08953689553584276428, 0.7203649948471232412, 0.01000000000000000021 ) ) ;
#5260 = UNCERTAINTY_MEASURE_WITH_UNIT (LENGTH_MEASURE( 1.000000000000000082E-05 ), #7087, 'distance_accuracy_value', 'NONE');
#5261 = SURFACE_STYLE_FILL_AREA ( #5861 ) ;
#5262 = SURFACE_STYLE_FILL_AREA ( #1842 ) ;
#5263 = ORIENTED_EDGE ( 'NONE', *, *, #6623, .T. ) ;
#5264 = VECTOR ( 'NONE', #3899, 1000.000000000000000 ) ;
#5265 = STYLED_ITEM ( 'NONE', ( #6819 ), #3310 ) ;
#5266 = CARTESIAN_POINT ( 'NONE',  ( 0.06494751266588572047, 0.6466085833639682035, 0.000000000000000000 ) ) ;
#5267 = CARTESIAN_POINT ( 'NONE',  ( 1.000000000000000000, 0.2999999999999998224, -0.01000000000000000021 ) ) ;
#5268 = ORIENTED_EDGE ( 'NONE', *, *, #4484, .F. ) ;
#5269 = COLOUR_RGB ( '',0.8313725490196077761, 0.8313725490196077761, 0.8196078431372548767 ) ;
#5270 = DIRECTION ( 'NONE',  ( -0.000000000000000000, 1.000000000000000000, 0.000000000000000000 ) ) ;
#5271 =( NAMED_UNIT ( * ) SI_UNIT ( $, .STERADIAN. ) SOLID_ANGLE_UNIT ( ) );
#5272 = CARTESIAN_POINT ( 'NONE',  ( 0.1393377565683247554, 0.6785636138517732174, 0.000000000000000000 ) ) ;
#5273 = FILL_AREA_STYLE ('',( #3027 ) ) ;
#5274 = CARTESIAN_POINT ( 'NONE',  ( 0.1393377565683247554, 0.6785636138517732174, 0.000000000000000000 ) ) ;
#5275 = SURFACE_STYLE_USAGE ( .BOTH. , #3031 ) ;
#5276 = ORIENTED_EDGE ( 'NONE', *, *, #5652, .T. ) ;
#5277 =( NAMED_UNIT ( * ) SI_UNIT ( $, .STERADIAN. ) SOLID_ANGLE_UNIT ( ) );
#5278 = EDGE_CURVE ( 'NONE', #889, #5660, #5460, .T. ) ;
#5279 = ORIENTED_EDGE ( 'NONE', *, *, #3375, .F. ) ;
#5280 = FILL_AREA_STYLE ('',( #986 ) ) ;
#5281 = SURFACE_SIDE_STYLE ('',( #3070 ) ) ;
#5282 = DIRECTION ( 'NONE',  ( -1.000000000000000000, 0.000000000000000000, 0.000000000000000000 ) ) ;
#5283 = ORIENTED_EDGE ( 'NONE', *, *, #1773, .F. ) ;
#5284 = CARTESIAN_POINT ( 'NONE',  ( 0.1136900139012612942, 0.6482756019720490315, 0.000000000000000000 ) ) ;
#5285 = DIRECTION ( 'NONE',  ( 0.8397886090044210938, 0.5429135218305208843, 0.000000000000000000 ) ) ;
#5286 = CARTESIAN_POINT ( 'NONE',  ( -0.05589852391948014337, 0.7194744370225049090, 0.000000000000000000 ) ) ;
#5287 = ADVANCED_FACE ( 'NONE', ( #381 ), #4423, .F. ) ;
#5288 = ORIENTED_EDGE ( 'NONE', *, *, #7215, .F. ) ;
#5289 = FILL_AREA_STYLE ('',( #1392 ) ) ;
#5290 = SURFACE_STYLE_USAGE ( .BOTH. , #6449 ) ;
#5291 = CARTESIAN_POINT ( 'NONE',  ( 1.000000000000000000, 0.8899999999999996803, 0.2800000000000000266 ) ) ;
#5292 =( NAMED_UNIT ( * ) SI_UNIT ( $, .STERADIAN. ) SOLID_ANGLE_UNIT ( ) );
#5293 = ORIENTED_EDGE ( 'NONE', *, *, #1965, .T. ) ;
#5294 = ADVANCED_FACE ( 'NONE', ( #2709 ), #6726, .F. ) ;
#5295 = CARTESIAN_POINT ( 'NONE',  ( -0.003345170260943557301, 0.6865476077542121969, 0.000000000000000000 ) ) ;
#5296 = DIRECTION ( 'NONE',  ( -0.000000000000000000, -1.000000000000000000, -0.000000000000000000 ) ) ;
#5297 = DIRECTION ( 'NONE',  ( 1.000000000000000000, 0.000000000000000000, -0.000000000000000000 ) ) ;
#5298 = FILL_AREA_STYLE_COLOUR ( '', #4858 ) ;
#5299 = ORIENTED_EDGE ( 'NONE', *, *, #3170, .F. ) ;
#5300 =( NAMED_UNIT ( * ) PLANE_ANGLE_UNIT ( ) SI_UNIT ( $, .RADIAN. ) );
#5301 = CARTESIAN_POINT ( 'NONE',  ( 0.5200000000000000178, -0.8549999999999999822, -0.01000000000000000021 ) ) ;
#5302 = ORIENTED_EDGE ( 'NONE', *, *, #5894, .T. ) ;
#5303 = EDGE_CURVE ( 'NONE', #3458, #6688, #1049, .T. ) ;
#5304 = LINE ( 'NONE', #2558, #3554 ) ;
#5305 =( LENGTH_UNIT ( ) NAMED_UNIT ( * ) SI_UNIT ( .MILLI., .METRE. ) );
#5306 =( LENGTH_UNIT ( ) NAMED_UNIT ( * ) SI_UNIT ( .MILLI., .METRE. ) );
#5307 = STYLED_ITEM ( 'NONE', ( #6945 ), #4811 ) ;
#5308 = DIRECTION ( 'NONE',  ( 0.000000000000000000, -0.000000000000000000, 1.000000000000000000 ) ) ;
#5309 = STYLED_ITEM ( 'NONE', ( #1504 ), #6802 ) ;
#5310 = CARTESIAN_POINT ( 'NONE',  ( -0.003345170260943557301, 0.6755719979981146261, 0.000000000000000000 ) ) ;
#5311 = CARTESIAN_POINT ( 'NONE',  ( -0.05534593245606547751, 0.6414256565347000727, 0.000000000000000000 ) ) ;
#5312 = ORIENTED_EDGE ( 'NONE', *, *, #959, .F. ) ;
#5313 = CARTESIAN_POINT ( 'NONE',  ( 0.1338028331281046757, 0.7048404987291639889, 0.000000000000000000 ) ) ;
#5314 = PRESENTATION_LAYER_ASSIGNMENT (  '', '', ( #6268 ) ) ;
#5315 =( NAMED_UNIT ( * ) PLANE_ANGLE_UNIT ( ) SI_UNIT ( $, .RADIAN. ) );
#5316 = ORIENTED_EDGE ( 'NONE', *, *, #6865, .T. ) ;
#5317 = VECTOR ( 'NONE', #6720, 1000.000000000000000 ) ;
#5318 = FILL_AREA_STYLE_COLOUR ( '', #4382 ) ;
#5319 = SURFACE_STYLE_FILL_AREA ( #1934 ) ;
#5320 = ORIENTED_EDGE ( 'NONE', *, *, #2398, .T. ) ;
#5321 = EDGE_CURVE ( 'NONE', #2763, #1493, #941, .T. ) ;
#5322 = LINE ( 'NONE', #3041, #5428 ) ;
#5323 = ORIENTED_EDGE ( 'NONE', *, *, #6678, .T. ) ;
#5324 = MECHANICAL_DESIGN_GEOMETRIC_PRESENTATION_REPRESENTATION (  '', ( #3804 ), #992 ) ;
#5325 = CARTESIAN_POINT ( 'NONE',  ( 0.1376359718639641183, 0.6631246687845849808, 0.000000000000000000 ) ) ;
#5326 =( NAMED_UNIT ( * ) SI_UNIT ( $, .STERADIAN. ) SOLID_ANGLE_UNIT ( ) );
#5327 = CARTESIAN_POINT ( 'NONE',  ( 0.000000000000000000, 0.6694744370225048646, 0.01000000000000000021 ) ) ;
#5328 = VECTOR ( 'NONE', #4117, 1000.000000000000000 ) ;
#5329 = ADVANCED_FACE ( 'NONE', ( #5010 ), #7277, .T. ) ;
#5330 = LINE ( 'NONE', #4230, #5505 ) ;
#5331 = ORIENTED_EDGE ( 'NONE', *, *, #5705, .T. ) ;
#5332 = AXIS2_PLACEMENT_3D ( 'NONE', #5753, #4672, #4747 ) ;
#5333 = CARTESIAN_POINT ( 'NONE',  ( -0.005784194651187445427, 0.7304500467786024798, 0.000000000000000000 ) ) ;
#5334 = DIRECTION ( 'NONE',  ( 0.000000000000000000, -1.000000000000000000, -0.000000000000000000 ) ) ;
#5335 = SURFACE_STYLE_USAGE ( .BOTH. , #5975 ) ;
#5336 = UNCERTAINTY_MEASURE_WITH_UNIT (LENGTH_MEASURE( 1.000000000000000082E-05 ), #6427, 'distance_accuracy_value', 'NONE');
#5337 = CARTESIAN_POINT ( 'NONE',  ( 0.03202068339759305687, 0.6755719979981146261, 0.000000000000000000 ) ) ;
#5338 = DIRECTION ( 'NONE',  ( -0.000000000000000000, -0.000000000000000000, -1.000000000000000000 ) ) ;
#5339 =( GEOMETRIC_REPRESENTATION_CONTEXT ( 3 ) GLOBAL_UNCERTAINTY_ASSIGNED_CONTEXT ( ( #1662 ) ) GLOBAL_UNIT_ASSIGNED_CONTEXT ( ( #3749, #919, #4302 ) ) REPRESENTATION_CONTEXT ( 'NONE', 'WORKASPACE' ) );
#5340 = CARTESIAN_POINT ( 'NONE',  ( -0.09686567348259841892, 0.6480175098169882464, 0.000000000000000000 ) ) ;
#5341 = ORIENTED_EDGE ( 'NONE', *, *, #4308, .F. ) ;
#5342 =( BOUNDED_CURVE ( )  B_SPLINE_CURVE ( 3, ( #5832, #2409, #2997, #3524 ),
 .UNSPECIFIED., .F., .F. ) 
 B_SPLINE_CURVE_WITH_KNOTS ( ( 4, 4 ),
 ( 5.497939437029716103, 7.068431177329467019 ),
 .UNSPECIFIED. ) 
 CURVE ( )  GEOMETRIC_REPRESENTATION_ITEM ( )  RATIONAL_B_SPLINE_CURVE ( ( 1.000000000000000000, 0.8048096403827816880, 0.8048096403827816880, 1.000000000000000000 ) ) 
 REPRESENTATION_ITEM ( '' )  );
#5343 = EDGE_CURVE ( 'NONE', #1710, #5639, #1156, .T. ) ;
#5344 = PLANE ( 'NONE',  #3735 ) ;
#5345 = CARTESIAN_POINT ( 'NONE',  ( -0.6300000000000001155, -0.8999999999999999112, 0.2800000000000000266 ) ) ;
#5346 = ORIENTED_EDGE ( 'NONE', *, *, #553, .F. ) ;
#5347 = STYLED_ITEM ( 'NONE', ( #1054 ), #6444 ) ;
#5348 =( NAMED_UNIT ( * ) SI_UNIT ( $, .STERADIAN. ) SOLID_ANGLE_UNIT ( ) );
#5349 = UNCERTAINTY_MEASURE_WITH_UNIT (LENGTH_MEASURE( 1.000000000000000082E-05 ), #5305, 'distance_accuracy_value', 'NONE');
#5350 = CARTESIAN_POINT ( 'NONE',  ( -0.6300000000000001155, -0.1450000000000000455, 0.2900000000000000355 ) ) ;
#5351 = COLOUR_RGB ( '',0.8313725490196077761, 0.8313725490196077761, 0.8196078431372548767 ) ;
#5352 = CARTESIAN_POINT ( 'NONE',  ( 0.1266591083186107691, 0.6427062818060078619, 0.000000000000000000 ) ) ;
#5353 = VECTOR ( 'NONE', #1317, 1000.000000000000000 ) ;
#5354 = EDGE_CURVE ( 'NONE', #2008, #1185, #15, .T. ) ;
#5355 = LINE ( 'NONE', #947, #884 ) ;
#5356 = DIRECTION ( 'NONE',  ( 0.000000000000000000, -0.000000000000000000, 1.000000000000000000 ) ) ;
#5357 = ADVANCED_FACE ( 'NONE', ( #117 ), #5138, .F. ) ;
#5358 = CARTESIAN_POINT ( 'NONE',  ( -0.6110963936061699631, -0.8810963936061697588, 0.8000000000000001554 ) ) ;
#5359 = ORIENTED_EDGE ( 'NONE', *, *, #6425, .F. ) ;
#5360 = MECHANICAL_DESIGN_GEOMETRIC_PRESENTATION_REPRESENTATION (  '', ( #6426 ), #1599 ) ;
#5361 = CARTESIAN_POINT ( 'NONE',  ( 0.1393377565683247554, 0.6785636138517732174, 0.01000000000000000021 ) ) ;
#5362 = CARTESIAN_POINT ( 'NONE',  ( -0.1155402922121630677, 0.6304500467786023910, 0.000000000000000000 ) ) ;
#5363 = ORIENTED_EDGE ( 'NONE', *, *, #1207, .T. ) ;
#5364 = FACE_OUTER_BOUND ( 'NONE', #4121, .T. ) ;
#5365 =( LENGTH_UNIT ( ) NAMED_UNIT ( * ) SI_UNIT ( .MILLI., .METRE. ) );
#5366 = DIRECTION ( 'NONE',  ( 0.000000000000000000, -0.000000000000000000, 1.000000000000000000 ) ) ;
#5367 = ORIENTED_EDGE ( 'NONE', *, *, #808, .F. ) ;
#5368 = SURFACE_STYLE_USAGE ( .BOTH. , #4222 ) ;
#5369 = CARTESIAN_POINT ( 'NONE',  ( -0.1082232190414313816, 0.6817076687298220250, 0.000000000000000000 ) ) ;
#5370 = CARTESIAN_POINT ( 'NONE',  ( 0.6300000000000001155, 0.8549999999999999822, 0.2900000000000000355 ) ) ;
#5371 =( GEOMETRIC_REPRESENTATION_CONTEXT ( 3 ) GLOBAL_UNCERTAINTY_ASSIGNED_CONTEXT ( ( #2242 ) ) GLOBAL_UNIT_ASSIGNED_CONTEXT ( ( #5837, #4805, #6434 ) ) REPRESENTATION_CONTEXT ( 'NONE', 'WORKASPACE' ) );
#5372 = EDGE_LOOP ( 'NONE', ( #3978, #5363, #139, #1071, #1685, #1313 ) ) ;
#5373 = CARTESIAN_POINT ( 'NONE',  ( 0.6294549557313116050, 0.8894564787797473171, 0.3112255652402214912 ) ) ;
#5374 = CARTESIAN_POINT ( 'NONE',  ( 0.1386114255464881428, 0.6680317404278383053, 0.01000000000000000194 ) ) ;
#5375 = CARTESIAN_POINT ( 'NONE',  ( -0.1610719559851573335, 0.7125524643094329758, 0.01000000000000000021 ) ) ;
#5376 = CARTESIAN_POINT ( 'NONE',  ( -0.6200015230484361428, 0.8999999999999999112, 0.2800000000000000266 ) ) ;
#5377 = FACE_OUTER_BOUND ( 'NONE', #4316, .T. ) ;
#5378 = PRESENTATION_STYLE_ASSIGNMENT (( #3120 ) ) ;
#5379 = VERTEX_POINT ( 'NONE', #5859 ) ;
#5380 = LINE ( 'NONE', #7126, #6746 ) ;
#5381 = AXIS2_PLACEMENT_3D ( 'NONE', #1804, #722, #651 ) ;
#5382 = DIRECTION ( 'NONE',  ( 1.000000000000000000, 0.000000000000000000, 0.000000000000000000 ) ) ;
#5383 = ADVANCED_FACE ( 'NONE', ( #5891 ), #1326, .F. ) ;
#5384 = CARTESIAN_POINT ( 'NONE',  ( 0.09061443339759304993, 0.6402061443395781204, 0.01000000000000000021 ) ) ;
#5385 = CARTESIAN_POINT ( 'NONE',  ( -0.05492672513899232029, 0.6304500467786023910, 0.01000000000000000021 ) ) ;
#5386 = VERTEX_POINT ( 'NONE', #5441 ) ;
#5387 = PRESENTATION_LAYER_ASSIGNMENT (  '', '', ( #1269 ) ) ;
#5388 = VECTOR ( 'NONE', #4417, 1000.000000000000000 ) ;
#5389 = DIRECTION ( 'NONE',  ( -0.000000000000000000, -1.000000000000000000, -0.000000000000000000 ) ) ;
#5390 = EDGE_LOOP ( 'NONE', ( #1562, #4710, #514, #6579 ) ) ;
#5391 =( NAMED_UNIT ( * ) SI_UNIT ( $, .STERADIAN. ) SOLID_ANGLE_UNIT ( ) );
#5392 = EDGE_CURVE ( 'NONE', #1996, #4713, #4158, .T. ) ;
#5393 = CARTESIAN_POINT ( 'NONE',  ( -0.09421648823841294318, 0.6902493227302960443, 0.01000000000000000021 ) ) ;
#5394 = MECHANICAL_DESIGN_GEOMETRIC_PRESENTATION_REPRESENTATION (  '', ( #5506 ), #5988 ) ;
#5395 = CARTESIAN_POINT ( 'NONE',  ( -0.003345170260943557301, 0.6755719979981146261, 0.01000000000000000021 ) ) ;
#5396 = DIRECTION ( 'NONE',  ( 0.000000000000000000, 0.000000000000000000, 1.000000000000000000 ) ) ;
#5397 =( GEOMETRIC_REPRESENTATION_CONTEXT ( 3 ) GLOBAL_UNCERTAINTY_ASSIGNED_CONTEXT ( ( #6530 ) ) GLOBAL_UNIT_ASSIGNED_CONTEXT ( ( #2914, #4051, #1870 ) ) REPRESENTATION_CONTEXT ( 'NONE', 'WORKASPACE' ) );
#5398 = EDGE_LOOP ( 'NONE', ( #7071, #443, #300, #3083, #6250, #5962, #4461, #2157 ) ) ;
#5399 = MECHANICAL_DESIGN_GEOMETRIC_PRESENTATION_REPRESENTATION (  '', ( #4452 ), #5973 ) ;
#5400 = CARTESIAN_POINT ( 'NONE',  ( 0.1213435586079618378, 0.7205423467494403988, 0.000000000000000000 ) ) ;
#5401 = CARTESIAN_POINT ( 'NONE',  ( -0.08953689553584276428, 0.7203649948471232412, 0.000000000000000000 ) ) ;
#5402 = EDGE_LOOP ( 'NONE', ( #706, #6725, #2656, #6506 ) ) ;
#5403 = FILL_AREA_STYLE ('',( #6593 ) ) ;
#5404 = SURFACE_SIDE_STYLE ('',( #3183 ) ) ;
#5405 = LINE ( 'NONE', #2057, #1001 ) ;
#5406 = VERTEX_POINT ( 'NONE', #3541 ) ;
#5407 = CARTESIAN_POINT ( 'NONE',  ( 0.1235585656192192267, 0.6632468229642115576, 0.000000000000000000 ) ) ;
#5408 = ORIENTED_EDGE ( 'NONE', *, *, #4024, .F. ) ;
#5409 = PLANE ( 'NONE',  #5144 ) ;
#5410 = CARTESIAN_POINT ( 'NONE',  ( 0.1158352788041488307, 0.6344266851252430284, 0.01000000000000000194 ) ) ;
#5411 = SURFACE_STYLE_USAGE ( .BOTH. , #6522 ) ;
#5412 = DIRECTION ( 'NONE',  ( 1.000000000000000000, 0.000000000000000000, -0.000000000000000000 ) ) ;
#5413 = CARTESIAN_POINT ( 'NONE',  ( -0.1062250192899110990, 0.6655936660479062628, 0.01000000000000000021 ) ) ;
#5414 = ORIENTED_EDGE ( 'NONE', *, *, #6256, .T. ) ;
#5415 = UNCERTAINTY_MEASURE_WITH_UNIT (LENGTH_MEASURE( 1.000000000000000082E-05 ), #5190, 'distance_accuracy_value', 'NONE');
#5416 = CYLINDRICAL_SURFACE ( 'NONE', #7281, 0.01000000000000004705 ) ;
#5417 = ORIENTED_EDGE ( 'NONE', *, *, #7203, .T. ) ;
#5418 =( NAMED_UNIT ( * ) SI_UNIT ( $, .STERADIAN. ) SOLID_ANGLE_UNIT ( ) );
#5419 = CARTESIAN_POINT ( 'NONE',  ( -0.1082232190414313816, 0.6817076687298220250, 0.000000000000000000 ) ) ;
#5420 = VERTEX_POINT ( 'NONE', #6377 ) ;
#5421 = EDGE_CURVE ( 'NONE', #6106, #6598, #7155, .T. ) ;
#5422 = ORIENTED_EDGE ( 'NONE', *, *, #2600, .F. ) ;
#5423 = SURFACE_SIDE_STYLE ('',( #3171 ) ) ;
#5424 = DIRECTION ( 'NONE',  ( 1.000000000000000000, 0.000000000000000000, 0.000000000000000000 ) ) ;
#5425 =( NAMED_UNIT ( * ) SI_UNIT ( $, .STERADIAN. ) SOLID_ANGLE_UNIT ( ) );
#5426 = CARTESIAN_POINT ( 'NONE',  ( 0.1155185274727131284, 0.7095565569281855334, 0.000000000000000000 ) ) ;
#5427 = CARTESIAN_POINT ( 'NONE',  ( 0.000000000000000000, 0.000000000000000000, 0.01000000000000000021 ) ) ;
#5428 = VECTOR ( 'NONE', #5285, 1000.000000000000227 ) ;
#5429 = PRESENTATION_STYLE_ASSIGNMENT (( #4834 ) ) ;
#5430 = EDGE_CURVE ( 'NONE', #5105, #2901, #6280, .T. ) ;
#5431 = EDGE_LOOP ( 'NONE', ( #1141, #791, #5496, #5136, #6224 ) ) ;
#5432 =( NAMED_UNIT ( * ) PLANE_ANGLE_UNIT ( ) SI_UNIT ( $, .RADIAN. ) );
#5433 = ORIENTED_EDGE ( 'NONE', *, *, #2670, .T. ) ;
#5434 = LINE ( 'NONE', #4328, #392 ) ;
#5435 = STYLED_ITEM ( 'NONE', ( #3005 ), #6767 ) ;
#5436 = FILL_AREA_STYLE ('',( #7109 ) ) ;
#5437 = CARTESIAN_POINT ( 'NONE',  ( 0.000000000000000000, 0.000000000000000000, -0.01000000000000000021 ) ) ;
#5438 = LINE ( 'NONE', #396, #3728 ) ;
#5439 = DIRECTION ( 'NONE',  ( 0.000000000000000000, -0.000000000000000000, 1.000000000000000000 ) ) ;
#5440 = CARTESIAN_POINT ( 'NONE',  ( 0.06494751266588572047, 0.7142915101932365562, 0.000000000000000000 ) ) ;
#5441 = CARTESIAN_POINT ( 'NONE',  ( -0.5200000000000000178, -0.8549999999999999822, -0.01000000000000000021 ) ) ;
#5442 = CARTESIAN_POINT ( 'NONE',  ( -0.1594976168917467130, 0.7175428355985609130, 0.000000000000000000 ) ) ;
#5443 = FACE_OUTER_BOUND ( 'NONE', #363, .T. ) ;
#5444 = AXIS2_PLACEMENT_3D ( 'NONE', #195, #4685, #6943 ) ;
#5445 = COLOUR_RGB ( '',0.8313725490196077761, 0.8313725490196077761, 0.8196078431372548767 ) ;
#5446 = CARTESIAN_POINT ( 'NONE',  ( 1.000000000000000000, -0.9000000000000002442, 0.000000000000000000 ) ) ;
#5447 = ADVANCED_FACE ( 'NONE', ( #3783 ), #5782, .F. ) ;
#5448 =( GEOMETRIC_REPRESENTATION_CONTEXT ( 3 ) GLOBAL_UNCERTAINTY_ASSIGNED_CONTEXT ( ( #4083 ) ) GLOBAL_UNIT_ASSIGNED_CONTEXT ( ( #4154, #1395, #1428 ) ) REPRESENTATION_CONTEXT ( 'NONE', 'WORKASPACE' ) );
#5449 = FACE_OUTER_BOUND ( 'NONE', #766, .T. ) ;
#5450 = ORIENTED_EDGE ( 'NONE', *, *, #1601, .T. ) ;
#5451 = CARTESIAN_POINT ( 'NONE',  ( -0.09069775563041293509, 0.7014533289195328258, 0.000000000000000000 ) ) ;
#5452 = CARTESIAN_POINT ( 'NONE',  ( 1.000000000000000000, -0.8549999999999999822, 0.000000000000000000 ) ) ;
#5453 =( LENGTH_UNIT ( ) NAMED_UNIT ( * ) SI_UNIT ( .MILLI., .METRE. ) );
#5454 = DIRECTION ( 'NONE',  ( 1.000000000000000000, 0.000000000000000000, 0.000000000000000000 ) ) ;
#5455 = VECTOR ( 'NONE', #6130, 1000.000000000000000 ) ;
#5456 = EDGE_LOOP ( 'NONE', ( #3929, #2728, #4873, #2489 ) ) ;
#5457 = ORIENTED_EDGE ( 'NONE', *, *, #1695, .F. ) ;
#5458 = STYLED_ITEM ( 'NONE', ( #3107 ), #4050 ) ;
#5459 = PRESENTATION_LAYER_ASSIGNMENT (  '', '', ( #4628 ) ) ;
#5460 = LINE ( 'NONE', #5561, #6508 ) ;
#5461 = LINE ( 'NONE', #6728, #3618 ) ;
#5462 = DIRECTION ( 'NONE',  ( 0.000000000000000000, -1.000000000000000000, 0.000000000000000000 ) ) ;
#5463 = MECHANICAL_DESIGN_GEOMETRIC_PRESENTATION_REPRESENTATION (  '', ( #2406 ), #748 ) ;
#5464 = CARTESIAN_POINT ( 'NONE',  ( -0.02773541416338257473, 0.7304500467786024798, 0.000000000000000000 ) ) ;
#5465 = ORIENTED_EDGE ( 'NONE', *, *, #7217, .F. ) ;
#5466 = CARTESIAN_POINT ( 'NONE',  ( -0.1081833022520539561, 0.6835203653869204032, 0.009999999999999991535 ) ) ;
#5467 = ORIENTED_EDGE ( 'NONE', *, *, #2452, .T. ) ;
#5468 = SURFACE_STYLE_USAGE ( .BOTH. , #4359 ) ;
#5469 = CIRCLE ( 'NONE', #770, 0.2000000000000000944 ) ;
#5470 = EDGE_CURVE ( 'NONE', #4358, #3829, #1, .T. ) ;
#5471 = CARTESIAN_POINT ( 'NONE',  ( -0.008223219041431360440, 0.6304500467786023910, 0.01000000000000000021 ) ) ;
#5472 = ORIENTED_EDGE ( 'NONE', *, *, #4244, .T. ) ;
#5473 = VECTOR ( 'NONE', #4489, 1000.000000000000000 ) ;
#5474 = LINE ( 'NONE', #438, #676 ) ;
#5475 = DIRECTION ( 'NONE',  ( 0.000000000000000000, -0.000000000000000000, 1.000000000000000000 ) ) ;
#5476 = ORIENTED_EDGE ( 'NONE', *, *, #3232, .T. ) ;
#5477 =( LENGTH_UNIT ( ) NAMED_UNIT ( * ) SI_UNIT ( .MILLI., .METRE. ) );
#5478 = VECTOR ( 'NONE', #2729, 1000.000000000000114 ) ;
#5479 = EDGE_CURVE ( 'NONE', #5547, #3020, #275, .T. ) ;
#5480 = LINE ( 'NONE', #6079, #4038 ) ;
#5481 = SURFACE_STYLE_USAGE ( .BOTH. , #7161 ) ;
#5482 = ORIENTED_EDGE ( 'NONE', *, *, #406, .F. ) ;
#5483 = CARTESIAN_POINT ( 'NONE',  ( -0.05732245154012412247, 0.7194451376055954750, 0.000000000000000000 ) ) ;
#5484 = UNCERTAINTY_MEASURE_WITH_UNIT (LENGTH_MEASURE( 1.000000000000000082E-05 ), #2871, 'distance_accuracy_value', 'NONE');
#5485 = VECTOR ( 'NONE', #2322, 1000.000000000000000 ) ;
#5486 = FILL_AREA_STYLE_COLOUR ( '', #519 ) ;
#5487 = CARTESIAN_POINT ( 'NONE',  ( 0.1136900139012612942, 0.6482756019720490315, 0.000000000000000000 ) ) ;
#5488 = CARTESIAN_POINT ( 'NONE',  ( -1.000000000000000000, -0.1450000000000000455, -0.01000000000000000021 ) ) ;
#5489 = ORIENTED_EDGE ( 'NONE', *, *, #4964, .T. ) ;
#5490 = DIRECTION ( 'NONE',  ( 1.000000000000000000, -0.000000000000000000, -0.000000000000000000 ) ) ;
#5491 = LINE ( 'NONE', #4463, #805 ) ;
#5492 = CARTESIAN_POINT ( 'NONE',  ( -0.02773541416338257473, 0.6304500467786023910, 0.000000000000000000 ) ) ;
#5493 = COLOUR_RGB ( '',0.8313725490196077761, 0.8313725490196077761, 0.8196078431372548767 ) ;
#5494 = LINE ( 'NONE', #6170, #2923 ) ;
#5495 = LINE ( 'NONE', #7248, #6340 ) ;
#5496 = ORIENTED_EDGE ( 'NONE', *, *, #2196, .T. ) ;
#5497 =( NAMED_UNIT ( * ) SI_UNIT ( $, .STERADIAN. ) SOLID_ANGLE_UNIT ( ) );
#5498 = VECTOR ( 'NONE', #2850, 1000.000000000000000 ) ;
#5499 = FACE_OUTER_BOUND ( 'NONE', #6680, .T. ) ;
#5500 = VERTEX_POINT ( 'NONE', #5106 ) ;
#5501 = CARTESIAN_POINT ( 'NONE',  ( 0.1116666756782612319, 0.6325389773552885231, 0.01000000000000000021 ) ) ;
#5502 = CARTESIAN_POINT ( 'NONE',  ( -0.06059220818451963725, 0.6305525501090334384, 0.000000000000000000 ) ) ;
#5503 = CARTESIAN_POINT ( 'NONE',  ( 0.06583555122866159570, 0.7148075274923845202, 0.01000000000000000021 ) ) ;
#5504 = COLOUR_RGB ( '',0.2980392156862745057, 0.2980392156862745057, 0.2980392156862745057 ) ;
#5505 = VECTOR ( 'NONE', #7008, 1000.000000000000000 ) ;
#5506 = STYLED_ITEM ( 'NONE', ( #5776 ), #3239 ) ;
#5507 = CARTESIAN_POINT ( 'NONE',  ( -0.6300000000000001155, -0.8900015230484359385, 0.2800000000000000266 ) ) ;
#5508 = DIRECTION ( 'NONE',  ( -1.000000000000000000, -0.000000000000000000, -0.000000000000000000 ) ) ;
#5509 = EDGE_CURVE ( 'NONE', #2246, #6719, #2269, .T. ) ;
#5510 = ORIENTED_EDGE ( 'NONE', *, *, #3889, .F. ) ;
#5511 = DIRECTION ( 'NONE',  ( -0.000000000000000000, -0.000000000000000000, -1.000000000000000000 ) ) ;
#5512 = CARTESIAN_POINT ( 'NONE',  ( -1.000000000000000000, 0.6999999999999999556, 0.2900000000000000355 ) ) ;
#5513 = EDGE_CURVE ( 'NONE', #803, #5660, #2200, .T. ) ;
#5514 = CARTESIAN_POINT ( 'NONE',  ( -0.6300000000000001155, 0.8900015230484359385, 0.2800000000000000266 ) ) ;
#5515 = DIRECTION ( 'NONE',  ( -1.000000000000000000, 0.000000000000000000, 0.000000000000000000 ) ) ;
#5516 =( NAMED_UNIT ( * ) SI_UNIT ( $, .STERADIAN. ) SOLID_ANGLE_UNIT ( ) );
#5517 = PRESENTATION_STYLE_ASSIGNMENT (( #4935 ) ) ;
#5518 = CARTESIAN_POINT ( 'NONE',  ( 0.1258410828756480193, 0.6750653660589197580, 0.000000000000000000 ) ) ;
#5519 = CARTESIAN_POINT ( 'NONE',  ( 0.1990938541293003905, 0.6304500467786023910, 0.01000000000000000021 ) ) ;
#5520 = ORIENTED_EDGE ( 'NONE', *, *, #2493, .T. ) ;
#5521 = ORIENTED_EDGE ( 'NONE', *, *, #5825, .T. ) ;
#5522 = SURFACE_STYLE_FILL_AREA ( #4940 ) ;
#5523 =( NAMED_UNIT ( * ) SI_UNIT ( $, .STERADIAN. ) SOLID_ANGLE_UNIT ( ) );
#5524 = PRESENTATION_STYLE_ASSIGNMENT (( #2220 ) ) ;
#5525 = FILL_AREA_STYLE_COLOUR ( '', #6587 ) ;
#5526 = EDGE_CURVE ( 'NONE', #7077, #6201, #3261, .T. ) ;
#5527 = VERTEX_POINT ( 'NONE', #3298 ) ;
#5528 = CARTESIAN_POINT ( 'NONE',  ( -0.1062258737372868828, 0.6971203447159267652, 0.009999999999999991535 ) ) ;
#5529 = ORIENTED_EDGE ( 'NONE', *, *, #2699, .T. ) ;
#5530 = CARTESIAN_POINT ( 'NONE',  ( -0.05589852391948014337, 0.7194744370225049090, 0.01000000000000000021 ) ) ;
#5531 = CARTESIAN_POINT ( 'NONE',  ( 0.1253460036257126597, 0.6883291005978854349, 0.000000000000000000 ) ) ;
#5532 = CARTESIAN_POINT ( 'NONE',  ( -1.000000000000000000, 0.5000000000000000000, -0.2400000000000000466 ) ) ;
#5533 = CARTESIAN_POINT ( 'NONE',  ( -0.1911500483097240688, 0.6304500467786023910, 0.01000000000000000021 ) ) ;
#5534 =( LENGTH_UNIT ( ) NAMED_UNIT ( * ) SI_UNIT ( .MILLI., .METRE. ) );
#5535 = CARTESIAN_POINT ( 'NONE',  ( 0.08836595778783694344, 0.7206939492176268613, 0.000000000000000000 ) ) ;
#5536 = VECTOR ( 'NONE', #6167, 1000.000000000000000 ) ;
#5537 = ORIENTED_EDGE ( 'NONE', *, *, #844, .T. ) ;
#5538 = AXIS2_PLACEMENT_3D ( 'NONE', #4223, #1422, #7001 ) ;
#5539 = CARTESIAN_POINT ( 'NONE',  ( 0.6300000000000001155, -0.8549999999999999822, 0.2900000000000000355 ) ) ;
#5540 = FACE_OUTER_BOUND ( 'NONE', #1398, .T. ) ;
#5541 = EDGE_CURVE ( 'NONE', #7111, #3602, #1068, .T. ) ;
#5542 = FACE_OUTER_BOUND ( 'NONE', #6018, .T. ) ;
#5543 = ORIENTED_EDGE ( 'NONE', *, *, #5078, .T. ) ;
#5544 = STYLED_ITEM ( 'NONE', ( #3363 ), #5103 ) ;
#5545 = CARTESIAN_POINT ( 'NONE',  ( -0.02773541416338257473, 0.7304500467786024798, 0.000000000000000000 ) ) ;
#5546 = AXIS2_PLACEMENT_3D ( 'NONE', #3162, #332, #4307 ) ;
#5547 = VERTEX_POINT ( 'NONE', #3890 ) ;
#5548 = LINE ( 'NONE', #6681, #2030 ) ;
#5549 = CARTESIAN_POINT ( 'NONE',  ( 0.6110963936061697410, -0.8810963936061697588, 0.7900000000000001465 ) ) ;
#5550 = MECHANICAL_DESIGN_GEOMETRIC_PRESENTATION_REPRESENTATION (  '', ( #3673 ), #4388 ) ;
#5551 = CARTESIAN_POINT ( 'NONE',  ( -1.000000000000000000, 0.5000000000000000000, -0.01000000000000000021 ) ) ;
#5552 = UNCERTAINTY_MEASURE_WITH_UNIT (LENGTH_MEASURE( 1.000000000000000082E-05 ), #3427, 'distance_accuracy_value', 'NONE');
#5553 = CARTESIAN_POINT ( 'NONE',  ( 1.000000000000000000, -0.7099999999999999645, 0.2800000000000000266 ) ) ;
#5554 = EDGE_CURVE ( 'NONE', #1913, #1540, #6226, .T. ) ;
#5555 = SURFACE_STYLE_FILL_AREA ( #4314 ) ;
#5556 = FACE_OUTER_BOUND ( 'NONE', #5205, .T. ) ;
#5557 = CARTESIAN_POINT ( 'NONE',  ( 0.08731760099374751005, 0.7316612245301635786, 0.000000000000000000 ) ) ;
#5558 = ORIENTED_EDGE ( 'NONE', *, *, #2735, .T. ) ;
#5559 = VECTOR ( 'NONE', #554, 1000.000000000000000 ) ;
#5560 = ORIENTED_EDGE ( 'NONE', *, *, #2236, .T. ) ;
#5561 = CARTESIAN_POINT ( 'NONE',  ( 1.000000000000000000, -0.9000000000000002442, 0.2800000000000000266 ) ) ;
#5562 =( NAMED_UNIT ( * ) PLANE_ANGLE_UNIT ( ) SI_UNIT ( $, .RADIAN. ) );
#5563 = FILL_AREA_STYLE_COLOUR ( '', #1780 ) ;
#5564 = DIRECTION ( 'NONE',  ( 0.000000000000000000, -0.000000000000000000, 1.000000000000000000 ) ) ;
#5565 = PRESENTATION_LAYER_ASSIGNMENT (  '', '', ( #3920 ) ) ;
#5566 = EDGE_CURVE ( 'NONE', #3676, #7077, #1718, .T. ) ;
#5567 = SURFACE_STYLE_USAGE ( .BOTH. , #1087 ) ;
#5568 = PRESENTATION_LAYER_ASSIGNMENT (  '', '', ( #4979 ) ) ;
#5569 = FACE_OUTER_BOUND ( 'NONE', #3392, .T. ) ;
#5570 = VERTEX_POINT ( 'NONE', #6633 ) ;
#5571 = DIRECTION ( 'NONE',  ( 0.000000000000000000, -0.000000000000000000, 1.000000000000000000 ) ) ;
#5572 =( LENGTH_UNIT ( ) NAMED_UNIT ( * ) SI_UNIT ( .MILLI., .METRE. ) );
#5573 = ORIENTED_EDGE ( 'NONE', *, *, #10, .T. ) ;
#5574 = CARTESIAN_POINT ( 'NONE',  ( 1.000000000000000000, 0.8899999999999996803, 0.000000000000000000 ) ) ;
#5575 = MECHANICAL_DESIGN_GEOMETRIC_PRESENTATION_REPRESENTATION (  '', ( #5458 ), #2880 ) ;
#5576 = EDGE_CURVE ( 'NONE', #3957, #4768, #4956, .T. ) ;
#5577 = CARTESIAN_POINT ( 'NONE',  ( 0.09996310513863357339, 0.7192074013846707636, 0.01000000000000000021 ) ) ;
#5578 = VECTOR ( 'NONE', #5235, 1000.000000000000000 ) ;
#5579 = CARTESIAN_POINT ( 'NONE',  ( 0.000000000000000000, 0.000000000000000000, 0.2800000000000000266 ) ) ;
#5580 = CARTESIAN_POINT ( 'NONE',  ( 0.07321861909240466593, 0.7182332616573513517, 0.01000000000000000021 ) ) ;
#5581 = COLOUR_RGB ( '',0.8313725490196077761, 0.8313725490196077761, 0.8196078431372548767 ) ;
#5582 =( NAMED_UNIT ( * ) PLANE_ANGLE_UNIT ( ) SI_UNIT ( $, .RADIAN. ) );
#5583 = SHAPE_DEFINITION_REPRESENTATION ( #6318, #1406 ) ;
#5584 = CARTESIAN_POINT ( 'NONE',  ( 0.08351474530750689629, 0.6405740559483298346, 0.01000000000000000021 ) ) ;
#5585 = ORIENTED_EDGE ( 'NONE', *, *, #2862, .T. ) ;
#5586 = CARTESIAN_POINT ( 'NONE',  ( 1.000000000000000000, 0.1450000000000000455, 0.2800000000000000266 ) ) ;
#5587 = CARTESIAN_POINT ( 'NONE',  ( -0.1614816031877728264, 0.7112427297054316755, 0.000000000000000000 ) ) ;
#5588 = DIRECTION ( 'NONE',  ( 0.000000000000000000, -0.000000000000000000, 1.000000000000000000 ) ) ;
#5589 = ORIENTED_EDGE ( 'NONE', *, *, #6565, .F. ) ;
#5590 = COLOUR_RGB ( '',0.8313725490196077761, 0.8313725490196077761, 0.8196078431372548767 ) ;
#5591 = PRESENTATION_STYLE_ASSIGNMENT (( #2877 ) ) ;
#5592 = SURFACE_STYLE_USAGE ( .BOTH. , #5079 ) ;
#5593 = DIRECTION ( 'NONE',  ( 0.000000000000000000, 0.000000000000000000, 1.000000000000000000 ) ) ;
#5594 = VECTOR ( 'NONE', #476, 1000.000000000000000 ) ;
#5595 = CARTESIAN_POINT ( 'NONE',  ( 0.1259231224219833079, 0.6793829736078706993, 0.000000000000000000 ) ) ;
#5596 = CARTESIAN_POINT ( 'NONE',  ( 0.07854308249927714758, 0.7311525427253003917, 0.000000000000000000 ) ) ;
#5597 = ORIENTED_EDGE ( 'NONE', *, *, #5116, .T. ) ;
#5598 = EDGE_CURVE ( 'NONE', #1940, #6382, #2235, .T. ) ;
#5599 = STYLED_ITEM ( 'NONE', ( #4091 ), #2051 ) ;
#5600 = CARTESIAN_POINT ( 'NONE',  ( -0.05589852391948014337, 0.7194744370225049090, 0.01000000000000000021 ) ) ;
#5601 = CARTESIAN_POINT ( 'NONE',  ( 0.1856792199829589152, 0.000000000000000000, 0.01000000000000000021 ) ) ;
#5602 = CARTESIAN_POINT ( 'NONE',  ( -0.1599381580658215951, 0.7182549248273829567, 0.000000000000000000 ) ) ;
#5603 = FILL_AREA_STYLE ('',( #1123 ) ) ;
#5604 = CARTESIAN_POINT ( 'NONE',  ( -1.000000000000000000, 0.3000000000000000444, -0.01000000000000000021 ) ) ;
#5605 = COLOUR_RGB ( '',0.2980392156862745057, 0.2980392156862745057, 0.2980392156862745057 ) ;
#5606 = ORIENTED_EDGE ( 'NONE', *, *, #6678, .F. ) ;
#5607 = EDGE_CURVE ( 'NONE', #4141, #7032, #6142, .T. ) ;
#5608 = DIRECTION ( 'NONE',  ( 0.000000000000000000, 1.000000000000000000, 0.000000000000000000 ) ) ;
#5609 =( NAMED_UNIT ( * ) SI_UNIT ( $, .STERADIAN. ) SOLID_ANGLE_UNIT ( ) );
#5610 = ORIENTED_EDGE ( 'NONE', *, *, #7085, .T. ) ;
#5611 =( GEOMETRIC_REPRESENTATION_CONTEXT ( 3 ) GLOBAL_UNCERTAINTY_ASSIGNED_CONTEXT ( ( #3795 ) ) GLOBAL_UNIT_ASSIGNED_CONTEXT ( ( #6846, #3446, #2447 ) ) REPRESENTATION_CONTEXT ( 'NONE', 'WORKASPACE' ) );
#5612 = SURFACE_STYLE_USAGE ( .BOTH. , #4394 ) ;
#5613 = DIRECTION ( 'NONE',  ( -0.000000000000000000, -1.000000000000000000, -0.000000000000000000 ) ) ;
#5614 = VECTOR ( 'NONE', #901, 1000.000000000000000 ) ;
#5615 = SURFACE_STYLE_FILL_AREA ( #6078 ) ;
#5616 = CARTESIAN_POINT ( 'NONE',  ( 0.1128180798227536169, 0.7121756606535966094, 0.000000000000000000 ) ) ;
#5617 = FILL_AREA_STYLE_COLOUR ( '', #2652 ) ;
#5618 = SURFACE_STYLE_FILL_AREA ( #6183 ) ;
#5619 = AXIS2_PLACEMENT_3D ( 'NONE', #4277, #375, #6465 ) ;
#5620 = AXIS2_PLACEMENT_3D ( 'NONE', #2031, #7016, #1299 ) ;
#5621 = VERTEX_POINT ( 'NONE', #6741 ) ;
#5622 = CARTESIAN_POINT ( 'NONE',  ( 1.000000000000000000, -0.8549999999999999822, 0.2900000000000000355 ) ) ;
#5623 = STYLED_ITEM ( 'NONE', ( #599 ), #971 ) ;
#5624 = CARTESIAN_POINT ( 'NONE',  ( -0.6110963936061699631, 0.8810963936061697588, 0.7900000000000001465 ) ) ;
#5625 = CARTESIAN_POINT ( 'NONE',  ( -0.6300000000000001155, -0.1450000000000000455, 0.2800000000000000266 ) ) ;
#5626 = FILL_AREA_STYLE ('',( #5 ) ) ;
#5627 = CARTESIAN_POINT ( 'NONE',  ( 0.1039686971561253059, 0.7297029158466451504, 0.01000000000000000021 ) ) ;
#5628 = EDGE_LOOP ( 'NONE', ( #5091, #4970, #2963, #6150 ) ) ;
#5629 = CARTESIAN_POINT ( 'NONE',  ( -1.000000000000000000, 0.8899999999999996803, 0.2800000000000000266 ) ) ;
#5630 = EDGE_CURVE ( 'NONE', #5105, #5076, #4512, .T. ) ;
#5631 = PRESENTATION_LAYER_ASSIGNMENT (  '', '', ( #5993 ) ) ;
#5632 = VECTOR ( 'NONE', #4434, 1000.000000000000000 ) ;
#5633 = ORIENTED_EDGE ( 'NONE', *, *, #1379, .F. ) ;
#5634 = LINE ( 'NONE', #3306, #3606 ) ;
#5635 = UNCERTAINTY_MEASURE_WITH_UNIT (LENGTH_MEASURE( 1.000000000000000082E-05 ), #4356, 'distance_accuracy_value', 'NONE');
#5636 = SURFACE_SIDE_STYLE ('',( #604 ) ) ;
#5637 = CARTESIAN_POINT ( 'NONE',  ( 0.08836595778783694344, 0.7206939492176268613, 0.01000000000000000021 ) ) ;
#5638 = CARTESIAN_POINT ( 'NONE',  ( 0.08848028705612964728, 0.7316695589737244321, 0.000000000000000000 ) ) ;
#5639 = VERTEX_POINT ( 'NONE', #1178 ) ;
#5640 = LINE ( 'NONE', #3574, #6203 ) ;
#5641 =( NAMED_UNIT ( * ) PLANE_ANGLE_UNIT ( ) SI_UNIT ( $, .RADIAN. ) );
#5642 = UNCERTAINTY_MEASURE_WITH_UNIT (LENGTH_MEASURE( 1.000000000000000082E-05 ), #3598, 'distance_accuracy_value', 'NONE');
#5643 = LINE ( 'NONE', #1159, #5187 ) ;
#5644 = EDGE_CURVE ( 'NONE', #6902, #2945, #6782, .T. ) ;
#5645 = FILL_AREA_STYLE ('',( #3400 ) ) ;
#5646 = ORIENTED_EDGE ( 'NONE', *, *, #3373, .T. ) ;
#5647 = DIRECTION ( 'NONE',  ( 1.000000000000000000, 0.000000000000000000, -0.000000000000000000 ) ) ;
#5648 = PRESENTATION_STYLE_ASSIGNMENT (( #2854 ) ) ;
#5649 = CARTESIAN_POINT ( 'NONE',  ( 0.6300000000000001155, -0.8549999999999999822, 0.2800000000000000266 ) ) ;
#5650 = PRESENTATION_STYLE_ASSIGNMENT (( #3984 ) ) ;
#5651 = CARTESIAN_POINT ( 'NONE',  ( 0.1258884909740388136, 0.6809275827021525895, 0.000000000000000000 ) ) ;
#5652 = EDGE_CURVE ( 'NONE', #1108, #4828, #1103, .T. ) ;
#5653 = LINE ( 'NONE', #507, #4868 ) ;
#5654 = FILL_AREA_STYLE ('',( #25 ) ) ;
#5655 = ORIENTED_EDGE ( 'NONE', *, *, #2513, .F. ) ;
#5656 = CARTESIAN_POINT ( 'NONE',  ( -1.000000000000000000, 0.8549999999999999822, -0.01000000000000000021 ) ) ;
#5657 = B_SPLINE_SURFACE_WITH_KNOTS ( 'NONE', 3, 1, ( 
 ( #5143, #4397 ),
 ( #3849, #1639 ),
 ( #6494, #6872 ),
 ( #1442, #3485 ),
 ( #7091, #1959 ),
 ( #4614, #3681 ),
 ( #934, #5728 ),
 ( #5938, #1815 ),
 ( #5340, #6844 ),
 ( #5977, #1243 ),
 ( #894, #1367 ),
 ( #4790, #299 ),
 ( #697, #261 ),
 ( #2930, #3127 ),
 ( #1779, #6532 ),
 ( #5174, #4023 ),
 ( #6285, #1995 ),
 ( #4751, #2511 ),
 ( #4066, #5385 ) ),
 .UNSPECIFIED., .F., .F., .F.,
 ( 4, 1, 1, 1, 1, 1, 1, 1, 1, 1, 1, 1, 1, 1, 1, 1, 4 ),
 ( 2, 2 ),
 ( 0.000000000000000000, 0.06806869584499457282, 0.1334274328189550829, 0.1961460338131570114, 0.2570485924493124963, 0.3168826631591622478, 0.3761872086663219372, 0.4359603353635462253, 0.4965352368627262147, 0.5574653434807335106, 0.6176868634101474465, 0.6779436406969060469, 0.7388052848060403521, 0.8009493367665840857, 0.8648146674702263947, 0.9310247810786568268, 1.000000000000000000 ),
 ( 0.000000000000000000, 1.000000000000000000 ),
 .UNSPECIFIED. ) ;
#5658 = CARTESIAN_POINT ( 'NONE',  ( -0.1589054853983746796, 0.7143127421042215763, 0.000000000000000000 ) ) ;
#5659 = LINE ( 'NONE', #1107, #2641 ) ;
#5660 = VERTEX_POINT ( 'NONE', #5586 ) ;
#5661 = B_SPLINE_CURVE_WITH_KNOTS ( 'NONE', 3,
 ( #6472, #201, #4688, #1411, #6947, #1886, #4132, #1339, #3098, #5426, #350, #2597, #4832, #3731, #1454, #2639, #5990, #903, #306 ),
 .UNSPECIFIED., .F., .F.,
 ( 4, 1, 1, 1, 1, 1, 1, 1, 1, 1, 1, 1, 1, 1, 1, 1, 4 ),
 ( 0.000000000000000000, 0.06460397028839230671, 0.1267024139629472634, 0.1867568140356182516, 0.2455056873654378469, 0.3036520244499755772, 0.3615030739706258101, 0.4202402229284676327, 0.4800333407766969596, 0.5406781347755161837, 0.6011918063807819568, 0.6623335024774421598, 0.7247395102972319370, 0.7894677361728867915, 0.8565048600438299742, 0.9263120958391908299, 1.000000000000000000 ),
 .UNSPECIFIED. ) ;
#5662 =( GEOMETRIC_REPRESENTATION_CONTEXT ( 3 ) GLOBAL_UNCERTAINTY_ASSIGNED_CONTEXT ( ( #5785 ) ) GLOBAL_UNIT_ASSIGNED_CONTEXT ( ( #1538, #1572, #6074 ) ) REPRESENTATION_CONTEXT ( 'NONE', 'WORKASPACE' ) );
#5663 = CARTESIAN_POINT ( 'NONE',  ( -0.9899999999999999911, 0.8899999999999996803, 0.2800000000000000266 ) ) ;
#5664 = EDGE_LOOP ( 'NONE', ( #55, #2135, #369, #4323 ) ) ;
#5665 = DIRECTION ( 'NONE',  ( 0.000000000000000000, 0.000000000000000000, -1.000000000000000000 ) ) ;
#5666 = CARTESIAN_POINT ( 'NONE',  ( 1.000000000000000000, -0.8549999999999999822, 0.2900000000000000355 ) ) ;
#5667 = EDGE_LOOP ( 'NONE', ( #1334, #3301, #3278, #5736, #3625, #683, #1971, #7080 ) ) ;
#5668 = LINE ( 'NONE', #108, #4898 ) ;
#5669 = SURFACE_STYLE_USAGE ( .BOTH. , #7271 ) ;
#5670 = PRESENTATION_STYLE_ASSIGNMENT (( #5592 ) ) ;
#5671 = STYLED_ITEM ( 'NONE', ( #1017 ), #4886 ) ;
#5672 = EDGE_CURVE ( 'NONE', #4938, #2008, #624, .T. ) ;
#5673 = PRESENTATION_STYLE_ASSIGNMENT (( #6303 ) ) ;
#5674 = EDGE_CURVE ( 'NONE', #4807, #3829, #4368, .T. ) ;
#5675 = CARTESIAN_POINT ( 'NONE',  ( -0.07188767589933539592, 0.6439716560728485639, 0.000000000000000000 ) ) ;
#5676 = ORIENTED_EDGE ( 'NONE', *, *, #5932, .F. ) ;
#5677 = VECTOR ( 'NONE', #655, 1000.000000000000000 ) ;
#5678 = VECTOR ( 'NONE', #3268, 1000.000000000000000 ) ;
#5679 = CARTESIAN_POINT ( 'NONE',  ( -0.05589852391948014337, 0.7194744370225049090, 0.000000000000000000 ) ) ;
#5680 = DIRECTION ( 'NONE',  ( -0.000000000000000000, -0.000000000000000000, 1.000000000000000000 ) ) ;
#5681 = CARTESIAN_POINT ( 'NONE',  ( -0.05492672513899232029, 0.6304500467786023910, 0.000000000000000000 ) ) ;
#5682 = COLOUR_RGB ( '',0.8313725490196077761, 0.8313725490196077761, 0.8196078431372548767 ) ;
#5683 = CARTESIAN_POINT ( 'NONE',  ( 0.08848028705612964728, 0.7316695589737244321, 0.000000000000000000 ) ) ;
#5684 =( NAMED_UNIT ( * ) PLANE_ANGLE_UNIT ( ) SI_UNIT ( $, .RADIAN. ) );
#5685 = ORIENTED_EDGE ( 'NONE', *, *, #6061, .T. ) ;
#5686 = COLOUR_RGB ( '',0.8313725490196077761, 0.8313725490196077761, 0.8196078431372548767 ) ;
#5687 = SURFACE_STYLE_FILL_AREA ( #3439 ) ;
#5688 = SURFACE_STYLE_FILL_AREA ( #5099 ) ;
#5689 =( NAMED_UNIT ( * ) SI_UNIT ( $, .STERADIAN. ) SOLID_ANGLE_UNIT ( ) );
#5690 = VECTOR ( 'NONE', #1840, 1000.000000000000000 ) ;
#5691 = CARTESIAN_POINT ( 'NONE',  ( -0.1301744385536265092, 0.6304500467786023910, 0.01000000000000000021 ) ) ;
#5692 =( GEOMETRIC_REPRESENTATION_CONTEXT ( 3 ) GLOBAL_UNCERTAINTY_ASSIGNED_CONTEXT ( ( #4662 ) ) GLOBAL_UNIT_ASSIGNED_CONTEXT ( ( #6482, #2418, #1825 ) ) REPRESENTATION_CONTEXT ( 'NONE', 'WORKASPACE' ) );
#5693 = EDGE_CURVE ( 'NONE', #6902, #835, #4715, .T. ) ;
#5694 =( NAMED_UNIT ( * ) SI_UNIT ( $, .STERADIAN. ) SOLID_ANGLE_UNIT ( ) );
#5695 = VECTOR ( 'NONE', #5745, 1000.000000000000000 ) ;
#5696 = CARTESIAN_POINT ( 'NONE',  ( -1.000000000000000000, -0.9000000000000003553, 0.000000000000000000 ) ) ;
#5697 = ORIENTED_EDGE ( 'NONE', *, *, #4786, .T. ) ;
#5698 = VECTOR ( 'NONE', #4651, 1000.000000000000227 ) ;
#5699 = COLOUR_RGB ( '',0.8313725490196077761, 0.8313725490196077761, 0.8196078431372548767 ) ;
#5700 = SURFACE_STYLE_FILL_AREA ( #1216 ) ;
#5701 = PRESENTATION_STYLE_ASSIGNMENT (( #4076 ) ) ;
#5702 = ORIENTED_EDGE ( 'NONE', *, *, #93, .T. ) ;
#5703 = VECTOR ( 'NONE', #2849, 1000.000000000000000 ) ;
#5704 = CARTESIAN_POINT ( 'NONE',  ( 0.6200045675221349528, 0.8900045675221348596, 0.2796510581542265839 ) ) ;
#5705 = EDGE_CURVE ( 'NONE', #6257, #1093, #2957, .T. ) ;
#5706 = EDGE_LOOP ( 'NONE', ( #5715, #6177, #6939, #5702, #3761, #2799 ) ) ;
#5707 = VECTOR ( 'NONE', #5389, 1000.000000000000000 ) ;
#5708 = FACE_BOUND ( 'NONE', #4791, .T. ) ;
#5709 = DIRECTION ( 'NONE',  ( 0.9998476951563912696, 0.000000000000000000, 0.01745240643728354982 ) ) ;
#5710 = STYLED_ITEM ( 'NONE', ( #5936 ), #6648 ) ;
#5711 = CARTESIAN_POINT ( 'NONE',  ( 0.1253460036257126597, 0.6883291005978854349, 0.01000000000000000021 ) ) ;
#5712 = PLANE ( 'NONE',  #6820 ) ;
#5713 = AXIS2_PLACEMENT_3D ( 'NONE', #3861, #1072, #1546 ) ;
#5714 = CARTESIAN_POINT ( 'NONE',  ( -0.09341303146319696049, 0.6684457278853951356, 0.000000000000000000 ) ) ;
#5715 = ORIENTED_EDGE ( 'NONE', *, *, #2004, .T. ) ;
#5716 = PLANE ( 'NONE',  #5332 ) ;
#5717 = UNCERTAINTY_MEASURE_WITH_UNIT (LENGTH_MEASURE( 1.000000000000000082E-05 ), #3420, 'distance_accuracy_value', 'NONE');
#5718 = STYLED_ITEM ( 'NONE', ( #4474 ), #1912 ) ;
#5719 = CARTESIAN_POINT ( 'NONE',  ( 0.03202068339759305687, 0.6865476077542121969, 0.000000000000000000 ) ) ;
#5720 = CARTESIAN_POINT ( 'NONE',  ( -0.09477407329305020944, 0.6798835914086909238, 0.000000000000000000 ) ) ;
#5721 = VERTEX_POINT ( 'NONE', #5828 ) ;
#5722 = AXIS2_PLACEMENT_3D ( 'NONE', #765, #7104, #353 ) ;
#5723 = SURFACE_STYLE_USAGE ( .BOTH. , #1775 ) ;
#5724 =( NAMED_UNIT ( * ) PLANE_ANGLE_UNIT ( ) SI_UNIT ( $, .RADIAN. ) );
#5725 = CARTESIAN_POINT ( 'NONE',  ( 0.6299999999999998934, -0.8999999999999999112, 0.2800000000000000266 ) ) ;
#5726 = SURFACE_SIDE_STYLE ('',( #6320 ) ) ;
#5727 =( NAMED_UNIT ( * ) SI_UNIT ( $, .STERADIAN. ) SOLID_ANGLE_UNIT ( ) );
#5728 = CARTESIAN_POINT ( 'NONE',  ( -0.1025044344928779105, 0.6562170200290839972, 0.01000000000000000021 ) ) ;
#5729 = VECTOR ( 'NONE', #4149, 1000.000000000000000 ) ;
#5730 = DIRECTION ( 'NONE',  ( -0.000000000000000000, -0.000000000000000000, -1.000000000000000000 ) ) ;
#5731 = B_SPLINE_CURVE_WITH_KNOTS ( 'NONE', 3,
 ( #7260, #6713, #1102, #5584, #551, #2793, #5030, #7299, #2233, #994, #4475 ),
 .UNSPECIFIED., .F., .F.,
 ( 4, 1, 1, 1, 1, 1, 1, 1, 4 ),
 ( 0.000000000000000000, 0.1352946047634291382, 0.2667656579247484894, 0.3948160188358721956, 0.5200516544342458358, 0.6421757029708213826, 0.7626518205584238430, 0.8818340043805024120, 1.000000000000000000 ),
 .UNSPECIFIED. ) ;
#5732 = COLOUR_RGB ( '',0.8313725490196077761, 0.8313725490196077761, 0.8196078431372548767 ) ;
#5733 = ORIENTED_EDGE ( 'NONE', *, *, #4048, .T. ) ;
#5734 = CARTESIAN_POINT ( 'NONE',  ( -0.05534593245606547751, 0.6414256565347000727, 0.01000000000000000021 ) ) ;
#5735 = SURFACE_STYLE_USAGE ( .BOTH. , #3493 ) ;
#5736 = ORIENTED_EDGE ( 'NONE', *, *, #27, .F. ) ;
#5737 = VECTOR ( 'NONE', #6358, 1000.000000000000000 ) ;
#5738 = EDGE_CURVE ( 'NONE', #2129, #6514, #5092, .T. ) ;
#5739 = SURFACE_SIDE_STYLE ('',( #5700 ) ) ;
#5740 = CARTESIAN_POINT ( 'NONE',  ( 1.000000000000000000, 0.2999999999999998224, -0.2400000000000000466 ) ) ;
#5741 = CARTESIAN_POINT ( 'NONE',  ( -0.1581647577758755752, 0.7116985175061079083, 0.01000000000000000021 ) ) ;
#5742 =( GEOMETRIC_REPRESENTATION_CONTEXT ( 3 ) GLOBAL_UNCERTAINTY_ASSIGNED_CONTEXT ( ( #7202 ) ) GLOBAL_UNIT_ASSIGNED_CONTEXT ( ( #3092, #5300, #5418 ) ) REPRESENTATION_CONTEXT ( 'NONE', 'WORKASPACE' ) );
#5743 =( GEOMETRIC_REPRESENTATION_CONTEXT ( 3 ) GLOBAL_UNCERTAINTY_ASSIGNED_CONTEXT ( ( #6450 ) ) GLOBAL_UNIT_ASSIGNED_CONTEXT ( ( #2900, #2312, #4586 ) ) REPRESENTATION_CONTEXT ( 'NONE', 'WORKASPACE' ) );
#5744 = PLANE ( 'NONE',  #1261 ) ;
#5745 = DIRECTION ( 'NONE',  ( 0.000000000000000000, 1.936075308009828924E-16, -1.000000000000000000 ) ) ;
#5746 =( NAMED_UNIT ( * ) PLANE_ANGLE_UNIT ( ) SI_UNIT ( $, .RADIAN. ) );
#5747 = CARTESIAN_POINT ( 'NONE',  ( 0.1259231224219833079, 0.6793829736078706993, 0.01000000000000000021 ) ) ;
#5748 = ADVANCED_FACE ( 'NONE', ( #6387 ), #160, .F. ) ;
#5749 = DIRECTION ( 'NONE',  ( -0.000000000000000000, 1.000000000000000000, -0.000000000000000000 ) ) ;
#5750 = VECTOR ( 'NONE', #1003, 1000.000000000000000 ) ;
#5751 = MECHANICAL_DESIGN_GEOMETRIC_PRESENTATION_REPRESENTATION (  '', ( #6911 ), #6711 ) ;
#5752 = CARTESIAN_POINT ( 'NONE',  ( -0.08442091856735212119, 0.6518978659838590151, 0.01000000000000000021 ) ) ;
#5753 = CARTESIAN_POINT ( 'NONE',  ( -1.000000000000000000, 0.8549999999999999822, 0.2900000000000000355 ) ) ;
#5754 = CARTESIAN_POINT ( 'NONE',  ( -1.000000000000000000, -0.5000000000000000000, 0.2900000000000000355 ) ) ;
#5755 = CARTESIAN_POINT ( 'NONE',  ( 0.07551895736521968550, 0.7307028805517076231, 0.000000000000000000 ) ) ;
#5756 = CARTESIAN_POINT ( 'NONE',  ( -0.09228152958047589061, 0.6646048518751552781, 0.000000000000000000 ) ) ;
#5757 = AXIS2_PLACEMENT_3D ( 'NONE', #6080, #7265, #2066 ) ;
#5758 = ORIENTED_EDGE ( 'NONE', *, *, #642, .T. ) ;
#5759 = DIRECTION ( 'NONE',  ( 1.000000000000000000, 0.000000000000000000, 0.000000000000000000 ) ) ;
#5760 = SURFACE_SIDE_STYLE ('',( #2562 ) ) ;
#5761 = ADVANCED_FACE ( 'NONE', ( #6353 ), #4130, .T. ) ;
#5762 = CARTESIAN_POINT ( 'NONE',  ( 1.000000000000000000, -0.8549999999999999822, 0.2900000000000000355 ) ) ;
#5763 = SURFACE_STYLE_USAGE ( .BOTH. , #3525 ) ;
#5764 = EDGE_CURVE ( 'NONE', #2039, #6262, #2778, .T. ) ;
#5765 = CARTESIAN_POINT ( 'NONE',  ( 0.06494751266588572047, 0.6466085833639682035, 0.000000000000000000 ) ) ;
#5766 = ORIENTED_EDGE ( 'NONE', *, *, #5194, .F. ) ;
#5767 = LINE ( 'NONE', #2375, #2530 ) ;
#5768 = CARTESIAN_POINT ( 'NONE',  ( 0.1856792199829589152, 0.6414256565347000727, 0.000000000000000000 ) ) ;
#5769 = CARTESIAN_POINT ( 'NONE',  ( 0.1478743419341784493, 0.6304500467786023910, 0.000000000000000000 ) ) ;
#5770 = ORIENTED_EDGE ( 'NONE', *, *, #206, .T. ) ;
#5771 = CARTESIAN_POINT ( 'NONE',  ( 0.1131420048994868782, 0.7260444639191654392, 0.01000000000000000021 ) ) ;
#5772 = ORIENTED_EDGE ( 'NONE', *, *, #222, .F. ) ;
#5773 = FACE_BOUND ( 'NONE', #5055, .T. ) ;
#5774 = CARTESIAN_POINT ( 'NONE',  ( 0.07397999884137999860, 0.6316738271091032475, 0.01000000000000000021 ) ) ;
#5775 = UNCERTAINTY_MEASURE_WITH_UNIT (LENGTH_MEASURE( 1.000000000000000082E-05 ), #5957, 'distance_accuracy_value', 'NONE');
#5776 = PRESENTATION_STYLE_ASSIGNMENT (( #6408 ) ) ;
#5777 = DIRECTION ( 'NONE',  ( 1.000000000000000000, 1.084202172485504434E-16, 0.000000000000000000 ) ) ;
#5778 = B_SPLINE_SURFACE_WITH_KNOTS ( 'NONE', 3, 1, ( 
 ( #3159, #1426 ),
 ( #4190, #1393 ),
 ( #1942, #5924 ),
 ( #4889, #7081 ),
 ( #6561, #4225 ),
 ( #1506, #6009 ),
 ( #3045, #5410 ),
 ( #7156, #882 ),
 ( #365, #2018 ),
 ( #2614, #324 ),
 ( #3671, #2094 ),
 ( #4262, #4338 ),
 ( #3784, #6600 ),
 ( #3637, #247 ),
 ( #5325, #4779 ),
 ( #3115, #5374 ),
 ( #5886, #4849 ),
 ( #6521, #845 ),
 ( #3077, #961 ) ),
 .UNSPECIFIED., .F., .F., .F.,
 ( 4, 1, 1, 1, 1, 1, 1, 1, 1, 1, 1, 1, 1, 1, 1, 1, 4 ),
 ( 2, 2 ),
 ( 0.000000000000000000, 0.06783324845577358431, 0.1326555365079040150, 0.1950508840508278219, 0.2555829330687769407, 0.3147998341472895145, 0.3736004728263743746, 0.4325455953267435261, 0.4924306292835656240, 0.5526712559629697319, 0.6125130441881163623, 0.6726102503570059454, 0.7338383693139463038, 0.7965942385677734494, 0.8614497992905729706, 0.9291989423509054991, 1.000000000000000000 ),
 ( 0.000000000000000000, 1.000000000000000000 ),
 .UNSPECIFIED. ) ;
#5779 = CARTESIAN_POINT ( 'NONE',  ( -0.07867307589024620518, 0.6472817779913907499, 0.000000000000000000 ) ) ;
#5780 = EDGE_LOOP ( 'NONE', ( #775, #4698, #2214, #3479 ) ) ;
#5781 =( GEOMETRIC_REPRESENTATION_CONTEXT ( 3 ) GLOBAL_UNCERTAINTY_ASSIGNED_CONTEXT ( ( #2482 ) ) GLOBAL_UNIT_ASSIGNED_CONTEXT ( ( #5053, #3802, #4464 ) ) REPRESENTATION_CONTEXT ( 'NONE', 'WORKASPACE' ) );
#5782 = PLANE ( 'NONE',  #1795 ) ;
#5783 = EDGE_CURVE ( 'NONE', #1985, #4723, #2218, .T. ) ;
#5784 = LINE ( 'NONE', #1231, #279 ) ;
#5785 = UNCERTAINTY_MEASURE_WITH_UNIT (LENGTH_MEASURE( 1.000000000000000082E-05 ), #1538, 'distance_accuracy_value', 'NONE');
#5786 =( LENGTH_UNIT ( ) NAMED_UNIT ( * ) SI_UNIT ( .MILLI., .METRE. ) );
#5787 = LINE ( 'NONE', #1876, #177 ) ;
#5788 = CARTESIAN_POINT ( 'NONE',  ( -1.000000000000000000, 0.1450000000000000455, 0.2900000000000000355 ) ) ;
#5789 = CARTESIAN_POINT ( 'NONE',  ( -0.07540011459748489908, 0.6454762181437609936, 0.000000000000000000 ) ) ;
#5790 =( GEOMETRIC_REPRESENTATION_CONTEXT ( 3 ) GLOBAL_UNCERTAINTY_ASSIGNED_CONTEXT ( ( #4103 ) ) GLOBAL_UNIT_ASSIGNED_CONTEXT ( ( #3481, #6903, #5391 ) ) REPRESENTATION_CONTEXT ( 'NONE', 'WORKASPACE' ) );
#5791 = PRESENTATION_LAYER_ASSIGNMENT (  '', '', ( #7101 ) ) ;
#5792 = ORIENTED_EDGE ( 'NONE', *, *, #1439, .F. ) ;
#5793 = ADVANCED_FACE ( 'NONE', ( #7243 ), #1770, .F. ) ;
#5794 = UNCERTAINTY_MEASURE_WITH_UNIT (LENGTH_MEASURE( 1.000000000000000082E-05 ), #1777, 'distance_accuracy_value', 'NONE');
#5795 = FACE_OUTER_BOUND ( 'NONE', #4363, .T. ) ;
#5796 = CARTESIAN_POINT ( 'NONE',  ( 0.1072442960545317153, 0.6310450699240951478, 0.000000000000000000 ) ) ;
#5797 = LINE ( 'NONE', #127, #6294 ) ;
#5798 = CARTESIAN_POINT ( 'NONE',  ( 0.1478743419341784493, 0.6304500467786023910, 0.000000000000000000 ) ) ;
#5799 = CARTESIAN_POINT ( 'NONE',  ( 0.1039686971561253059, 0.7297029158466451504, 0.000000000000000000 ) ) ;
#5800 = COLOUR_RGB ( '',0.2980392156862745057, 0.2980392156862745057, 0.2980392156862745057 ) ;
#5801 = ORIENTED_EDGE ( 'NONE', *, *, #1745, .F. ) ;
#5802 = PRESENTATION_STYLE_ASSIGNMENT (( #2533 ) ) ;
#5803 = STYLED_ITEM ( 'NONE', ( #4376 ), #6123 ) ;
#5804 =( NAMED_UNIT ( * ) SI_UNIT ( $, .STERADIAN. ) SOLID_ANGLE_UNIT ( ) );
#5805 = ORIENTED_EDGE ( 'NONE', *, *, #5321, .T. ) ;
#5806 = SURFACE_STYLE_FILL_AREA ( #1981 ) ;
#5807 = CARTESIAN_POINT ( 'NONE',  ( -0.1667598044072850227, 0.7304500467786024798, 0.01000000000000000021 ) ) ;
#5808 = EDGE_LOOP ( 'NONE', ( #5537, #4062, #6134, #1977 ) ) ;
#5809 = CARTESIAN_POINT ( 'NONE',  ( -0.1301744385536265092, 0.6304500467786023910, 0.000000000000000000 ) ) ;
#5810 = LINE ( 'NONE', #3567, #3971 ) ;
#5811 = STYLED_ITEM ( 'NONE', ( #3776 ), #4203 ) ;
#5812 = LINE ( 'NONE', #2466, #2155 ) ;
#5813 =( GEOMETRIC_REPRESENTATION_CONTEXT ( 3 ) GLOBAL_UNCERTAINTY_ASSIGNED_CONTEXT ( ( #6166 ) ) GLOBAL_UNIT_ASSIGNED_CONTEXT ( ( #946, #4284, #3840 ) ) REPRESENTATION_CONTEXT ( 'NONE', 'WORKASPACE' ) );
#5814 =( NAMED_UNIT ( * ) PLANE_ANGLE_UNIT ( ) SI_UNIT ( $, .RADIAN. ) );
#5815 = CARTESIAN_POINT ( 'NONE',  ( -0.09228152958047589061, 0.6646048518751552781, 0.01000000000000000021 ) ) ;
#5816 = ORIENTED_EDGE ( 'NONE', *, *, #3974, .T. ) ;
#5817 = VECTOR ( 'NONE', #2523, 1000.000000000000000 ) ;
#5818 =( NAMED_UNIT ( * ) SI_UNIT ( $, .STERADIAN. ) SOLID_ANGLE_UNIT ( ) );
#5819 =( LENGTH_UNIT ( ) NAMED_UNIT ( * ) SI_UNIT ( .MILLI., .METRE. ) );
#5820 = CARTESIAN_POINT ( 'NONE',  ( 0.1856792199829589152, 0.6414256565347000727, 0.01000000000000000021 ) ) ;
#5821 = ORIENTED_EDGE ( 'NONE', *, *, #4159, .F. ) ;
#5822 = VECTOR ( 'NONE', #2213, 1000.000000000000000 ) ;
#5823 = LINE ( 'NONE', #4127, #3621 ) ;
#5824 = DIRECTION ( 'NONE',  ( -0.000000000000000000, -0.000000000000000000, 1.000000000000000000 ) ) ;
#5825 = EDGE_CURVE ( 'NONE', #6011, #3881, #5129, .T. ) ;
#5826 = ORIENTED_EDGE ( 'NONE', *, *, #451, .F. ) ;
#5827 = COLOUR_RGB ( '',0.2980392156862745057, 0.2980392156862745057, 0.2980392156862745057 ) ;
#5828 = CARTESIAN_POINT ( 'NONE',  ( 1.000000000000000000, 0.8549999999999999822, 0.2900000000000000355 ) ) ;
#5829 =( NAMED_UNIT ( * ) SI_UNIT ( $, .STERADIAN. ) SOLID_ANGLE_UNIT ( ) );
#5830 = LINE ( 'NONE', #2561, #3787 ) ;
#5831 = SURFACE_STYLE_USAGE ( .BOTH. , #5760 ) ;
#5832 = CARTESIAN_POINT ( 'NONE',  ( 0.6299999999999998934, -0.8900015230484359385, 0.2800000000000000266 ) ) ;
#5833 = FILL_AREA_STYLE ('',( #6392 ) ) ;
#5834 = PRESENTATION_LAYER_ASSIGNMENT (  '', '', ( #5239 ) ) ;
#5835 = EDGE_CURVE ( 'NONE', #871, #5386, #1629, .T. ) ;
#5836 = EDGE_LOOP ( 'NONE', ( #5331, #5971, #5864, #1383 ) ) ;
#5837 =( LENGTH_UNIT ( ) NAMED_UNIT ( * ) SI_UNIT ( .MILLI., .METRE. ) );
#5838 = FILL_AREA_STYLE ('',( #390 ) ) ;
#5839 = VERTEX_POINT ( 'NONE', #5050 ) ;
#5840 = PLANE ( 'NONE',  #4516 ) ;
#5841 = VECTOR ( 'NONE', #3385, 1000.000000000000000 ) ;
#5842 = SURFACE_STYLE_FILL_AREA ( #1386 ) ;
#5843 = ORIENTED_EDGE ( 'NONE', *, *, #5186, .F. ) ;
#5844 = EDGE_CURVE ( 'NONE', #2945, #3950, #2887, .T. ) ;
#5845 = MECHANICAL_DESIGN_GEOMETRIC_PRESENTATION_REPRESENTATION (  '', ( #6322 ), #1148 ) ;
#5846 = DIRECTION ( 'NONE',  ( 0.000000000000000000, -0.000000000000000000, 1.000000000000000000 ) ) ;
#5847 = DIRECTION ( 'NONE',  ( 0.8397886090044210938, 0.5429135218305208843, 0.000000000000000000 ) ) ;
#5848 = ORIENTED_EDGE ( 'NONE', *, *, #3688, .T. ) ;
#5849 = DIRECTION ( 'NONE',  ( -1.000000000000000000, 0.000000000000000000, 0.000000000000000000 ) ) ;
#5850 = SURFACE_STYLE_USAGE ( .BOTH. , #2385 ) ;
#5851 = MECHANICAL_DESIGN_GEOMETRIC_PRESENTATION_REPRESENTATION (  '', ( #1618 ), #3136 ) ;
#5852 = FILL_AREA_STYLE ('',( #4228 ) ) ;
#5853 = EDGE_CURVE ( 'NONE', #4757, #6592, #6758, .T. ) ;
#5854 =( LENGTH_UNIT ( ) NAMED_UNIT ( * ) SI_UNIT ( .MILLI., .METRE. ) );
#5855 = FILL_AREA_STYLE ('',( #217 ) ) ;
#5856 = DIRECTION ( 'NONE',  ( 0.000000000000000000, -1.000000000000000000, 0.000000000000000000 ) ) ;
#5857 = COLOUR_RGB ( '',0.8313725490196077761, 0.8313725490196077761, 0.8196078431372548767 ) ;
#5858 = VECTOR ( 'NONE', #4897, 1000.000000000000000 ) ;
#5859 = CARTESIAN_POINT ( 'NONE',  ( -0.6110963936061699631, 0.8810963936061697588, 0.8000000000000001554 ) ) ;
#5860 = SURFACE_SIDE_STYLE ('',( #3576 ) ) ;
#5861 = FILL_AREA_STYLE ('',( #2473 ) ) ;
#5862 = DIRECTION ( 'NONE',  ( 0.3363908276654493101, -0.9417224702971431771, 0.000000000000000000 ) ) ;
#5863 = CARTESIAN_POINT ( 'NONE',  ( -1.000000000000000000, 0.3000000000000000444, -0.2400000000000000466 ) ) ;
#5864 = ORIENTED_EDGE ( 'NONE', *, *, #1652, .F. ) ;
#5865 = PRESENTATION_LAYER_ASSIGNMENT (  '', '', ( #4920 ) ) ;
#5866 = CIRCLE ( 'NONE', #5161, 0.01000000000000002623 ) ;
#5867 = FACE_OUTER_BOUND ( 'NONE', #7019, .T. ) ;
#5868 = LINE ( 'NONE', #4827, #60 ) ;
#5869 = ORIENTED_EDGE ( 'NONE', *, *, #6894, .F. ) ;
#5870 =( NAMED_UNIT ( * ) PLANE_ANGLE_UNIT ( ) SI_UNIT ( $, .RADIAN. ) );
#5871 = CARTESIAN_POINT ( 'NONE',  ( -0.09471210965855168806, 0.6859312219435775848, 0.01000000000000000021 ) ) ;
#5872 =( NAMED_UNIT ( * ) PLANE_ANGLE_UNIT ( ) SI_UNIT ( $, .RADIAN. ) );
#5873 =( LENGTH_UNIT ( ) NAMED_UNIT ( * ) SI_UNIT ( .MILLI., .METRE. ) );
#5874 = EDGE_CURVE ( 'NONE', #2643, #4713, #3457, .T. ) ;
#5875 =( LENGTH_UNIT ( ) NAMED_UNIT ( * ) SI_UNIT ( .MILLI., .METRE. ) );
#5876 = ORIENTED_EDGE ( 'NONE', *, *, #6223, .F. ) ;
#5877 = CARTESIAN_POINT ( 'NONE',  ( -0.06139508152238551397, 0.7303288077121911082, 0.009999999999999991535 ) ) ;
#5878 = ORIENTED_EDGE ( 'NONE', *, *, #3848, .F. ) ;
#5879 = DIRECTION ( 'NONE',  ( 0.9407669869669987861, -0.3390537954853696800, -0.000000000000000000 ) ) ;
#5880 = EDGE_CURVE ( 'NONE', #2036, #1996, #6936, .T. ) ;
#5881 = EDGE_LOOP ( 'NONE', ( #3225, #925, #3243, #4533, #2853, #6478 ) ) ;
#5882 = SURFACE_STYLE_USAGE ( .BOTH. , #6484 ) ;
#5883 = DIRECTION ( 'NONE',  ( 1.000000000000000000, 0.000000000000000000, 0.000000000000000000 ) ) ;
#5884 = ORIENTED_EDGE ( 'NONE', *, *, #1644, .F. ) ;
#5885 = EDGE_CURVE ( 'NONE', #6296, #1020, #1802, .T. ) ;
#5886 = CARTESIAN_POINT ( 'NONE',  ( 0.1392453392765075904, 0.6732052876163938659, 0.000000000000000000 ) ) ;
#5887 =( NAMED_UNIT ( * ) SI_UNIT ( $, .STERADIAN. ) SOLID_ANGLE_UNIT ( ) );
#5888 = CARTESIAN_POINT ( 'NONE',  ( -0.1081828323211668497, 0.6798189102791869498, 0.01000000000000000021 ) ) ;
#5889 = CARTESIAN_POINT ( 'NONE',  ( 0.03202068339759305687, 0.6865476077542121969, 0.000000000000000000 ) ) ;
#5890 = SURFACE_STYLE_FILL_AREA ( #1992 ) ;
#5891 = FACE_OUTER_BOUND ( 'NONE', #2926, .T. ) ;
#5892 = ADVANCED_FACE ( 'NONE', ( #720 ), #5716, .F. ) ;
#5893 = PLANE ( 'NONE',  #3809 ) ;
#5894 = EDGE_CURVE ( 'NONE', #6612, #6649, #5784, .T. ) ;
#5895 = CARTESIAN_POINT ( 'NONE',  ( 1.000000000000000000, 0.5000000000000000000, 0.2900000000000000355 ) ) ;
#5896 =( LENGTH_UNIT ( ) NAMED_UNIT ( * ) SI_UNIT ( .MILLI., .METRE. ) );
#5897 = ORIENTED_EDGE ( 'NONE', *, *, #3449, .F. ) ;
#5898 = CARTESIAN_POINT ( 'NONE',  ( -0.008223219041431360440, -0.000000000000000000, 0.01000000000000000021 ) ) ;
#5899 = ORIENTED_EDGE ( 'NONE', *, *, #1155, .F. ) ;
#5900 = AXIS2_PLACEMENT_3D ( 'NONE', #1451, #4242, #1376 ) ;
#5901 = COLOUR_RGB ( '',0.2980392156862745057, 0.2980392156862745057, 0.2980392156862745057 ) ;
#5902 = CARTESIAN_POINT ( 'NONE',  ( -0.07833098900298782197, 0.7141612643729000620, 0.01000000000000000021 ) ) ;
#5903 = LINE ( 'NONE', #861, #4718 ) ;
#5904 = COLOUR_RGB ( '',0.2980392156862745057, 0.2980392156862745057, 0.2980392156862745057 ) ;
#5905 = CARTESIAN_POINT ( 'NONE',  ( 0.1418239742663621461, 0.2444962138608657853, -0.01000000000000000021 ) ) ;
#5906 = SURFACE_STYLE_FILL_AREA ( #866 ) ;
#5907 = ORIENTED_EDGE ( 'NONE', *, *, #3825, .F. ) ;
#5908 = CARTESIAN_POINT ( 'NONE',  ( 0.09902348577802703999, 0.7308403059954118319, 0.000000000000000000 ) ) ;
#5909 = PRESENTATION_LAYER_ASSIGNMENT (  '', '', ( #4850 ) ) ;
#5910 = CARTESIAN_POINT ( 'NONE',  ( -0.06139508152238551397, 0.7303288077121911082, 0.000000000000000000 ) ) ;
#5911 = EDGE_LOOP ( 'NONE', ( #2968, #4824, #5288, #2224 ) ) ;
#5912 = PRESENTATION_STYLE_ASSIGNMENT (( #839 ) ) ;
#5913 = PRESENTATION_STYLE_ASSIGNMENT (( #2720 ) ) ;
#5914 = ORIENTED_EDGE ( 'NONE', *, *, #3126, .F. ) ;
#5915 = VECTOR ( 'NONE', #2519, 1000.000000000000000 ) ;
#5916 = MECHANICAL_DESIGN_GEOMETRIC_PRESENTATION_REPRESENTATION (  '', ( #5200 ), #2970 ) ;
#5917 = CARTESIAN_POINT ( 'NONE',  ( 0.1185045587164371556, 0.6535075031077527408, 0.000000000000000000 ) ) ;
#5918 = LINE ( 'NONE', #4731, #3316 ) ;
#5919 = EDGE_CURVE ( 'NONE', #6316, #3871, #3017, .T. ) ;
#5920 = SURFACE_STYLE_FILL_AREA ( #244 ) ;
#5921 = MECHANICAL_DESIGN_GEOMETRIC_PRESENTATION_REPRESENTATION (  '', ( #2864 ), #6640 ) ;
#5922 = EDGE_LOOP ( 'NONE', ( #146, #5276, #4342, #5521, #174, #5733 ) ) ;
#5923 = AXIS2_PLACEMENT_3D ( 'NONE', #3200, #337, #1400 ) ;
#5924 = CARTESIAN_POINT ( 'NONE',  ( 0.09759342218997681118, 0.6293449632085266199, 0.01000000000000000194 ) ) ;
#5925 = DIRECTION ( 'NONE',  ( -0.000000000000000000, 0.000000000000000000, -1.000000000000000000 ) ) ;
#5926 = PRESENTATION_STYLE_ASSIGNMENT (( #4265 ) ) ;
#5927 = MECHANICAL_DESIGN_GEOMETRIC_PRESENTATION_REPRESENTATION (  '', ( #4979 ), #7121 ) ;
#5928 = DIRECTION ( 'NONE',  ( -1.000000000000000000, 0.000000000000000000, 0.000000000000000000 ) ) ;
#5929 = CARTESIAN_POINT ( 'NONE',  ( -0.08538806974092814916, 0.6382381164493280412, 0.01000000000000000021 ) ) ;
#5930 = COLOUR_RGB ( '',0.8313725490196077761, 0.8313725490196077761, 0.8196078431372548767 ) ;
#5931 = LINE ( 'NONE', #3122, #1674 ) ;
#5932 = EDGE_CURVE ( 'NONE', #3902, #6902, #4599, .T. ) ;
#5933 = VECTOR ( 'NONE', #841, 1000.000000000000000 ) ;
#5934 = FILL_AREA_STYLE ('',( #6967 ) ) ;
#5935 = UNCERTAINTY_MEASURE_WITH_UNIT (LENGTH_MEASURE( 1.000000000000000082E-05 ), #7113, 'distance_accuracy_value', 'NONE');
#5936 = PRESENTATION_STYLE_ASSIGNMENT (( #1441 ) ) ;
#5937 = COLOUR_RGB ( '',0.8313725490196077761, 0.8313725490196077761, 0.8196078431372548767 ) ;
#5938 = CARTESIAN_POINT ( 'NONE',  ( -0.09990172852651166280, 0.6519801623267542645, 0.000000000000000000 ) ) ;
#5939 = ORIENTED_EDGE ( 'NONE', *, *, #5343, .T. ) ;
#5940 = LINE ( 'NONE', #1482, #6458 ) ;
#5941 = DIRECTION ( 'NONE',  ( 0.3393303772748790248, 0.9406672605435399959, 0.000000000000000000 ) ) ;
#5942 = ORIENTED_EDGE ( 'NONE', *, *, #1660, .T. ) ;
#5943 = DIRECTION ( 'NONE',  ( 0.000000000000000000, -1.000000000000000000, 0.000000000000000000 ) ) ;
#5944 =( NAMED_UNIT ( * ) PLANE_ANGLE_UNIT ( ) SI_UNIT ( $, .RADIAN. ) );
#5945 = CARTESIAN_POINT ( 'NONE',  ( 0.6300000000000001155, -0.8549999999999999822, 0.2800000000000000266 ) ) ;
#5946 =( NAMED_UNIT ( * ) SI_UNIT ( $, .STERADIAN. ) SOLID_ANGLE_UNIT ( ) );
#5947 = STYLED_ITEM ( 'NONE', ( #2515 ), #1466 ) ;
#5948 = PLANE ( 'NONE',  #3227 ) ;
#5949 = FILL_AREA_STYLE_COLOUR ( '', #418 ) ;
#5950 = FACE_OUTER_BOUND ( 'NONE', #4691, .T. ) ;
#5951 = ORIENTED_EDGE ( 'NONE', *, *, #5880, .F. ) ;
#5952 = COLOUR_RGB ( '',0.2980392156862745057, 0.2980392156862745057, 0.2980392156862745057 ) ;
#5953 = CARTESIAN_POINT ( 'NONE',  ( 0.1385314564242369206, 0.6898844959573252611, 0.000000000000000000 ) ) ;
#5954 = SURFACE_STYLE_USAGE ( .BOTH. , #6990 ) ;
#5955 = ORIENTED_EDGE ( 'NONE', *, *, #837, .F. ) ;
#5956 = SURFACE_STYLE_USAGE ( .BOTH. , #1416 ) ;
#5957 =( LENGTH_UNIT ( ) NAMED_UNIT ( * ) SI_UNIT ( .MILLI., .METRE. ) );
#5958 = COLOUR_RGB ( '',0.2980392156862745057, 0.2980392156862745057, 0.2980392156862745057 ) ;
#5959 = ORIENTED_EDGE ( 'NONE', *, *, #4529, .F. ) ;
#5960 = DIRECTION ( 'NONE',  ( 0.9406672605435401069, -0.3393303772748790803, -0.000000000000000000 ) ) ;
#5961 = DIRECTION ( 'NONE',  ( -0.9998476951563911586, 0.000000000000000000, 0.01745240643728180122 ) ) ;
#5962 = ORIENTED_EDGE ( 'NONE', *, *, #3496, .T. ) ;
#5963 = DIRECTION ( 'NONE',  ( 0.01744974916068639526, 0.01744974916068639179, 0.9996954598818874604 ) ) ;
#5964 = DIRECTION ( 'NONE',  ( -0.000000000000000000, -0.000000000000000000, -1.000000000000000000 ) ) ;
#5965 =( LENGTH_UNIT ( ) NAMED_UNIT ( * ) SI_UNIT ( .MILLI., .METRE. ) );
#5966 = EDGE_CURVE ( 'NONE', #1283, #6316, #4123, .T. ) ;
#5967 =( NAMED_UNIT ( * ) SI_UNIT ( $, .STERADIAN. ) SOLID_ANGLE_UNIT ( ) );
#5968 = VECTOR ( 'NONE', #6265, 1000.000000000000000 ) ;
#5969 = SURFACE_STYLE_USAGE ( .BOTH. , #1323 ) ;
#5970 = CARTESIAN_POINT ( 'NONE',  ( -0.05979208246766209295, 0.6415217669773409792, 0.01000000000000000021 ) ) ;
#5971 = ORIENTED_EDGE ( 'NONE', *, *, #2842, .F. ) ;
#5972 = LINE ( 'NONE', #1950, #2964 ) ;
#5973 =( GEOMETRIC_REPRESENTATION_CONTEXT ( 3 ) GLOBAL_UNCERTAINTY_ASSIGNED_CONTEXT ( ( #6892 ) ) GLOBAL_UNIT_ASSIGNED_CONTEXT ( ( #2376, #5207, #6439 ) ) REPRESENTATION_CONTEXT ( 'NONE', 'WORKASPACE' ) );
#5974 = AXIS2_PLACEMENT_3D ( 'NONE', #2711, #5424, #382 ) ;
#5975 = SURFACE_SIDE_STYLE ('',( #892 ) ) ;
#5976 = EDGE_CURVE ( 'NONE', #7275, #6245, #3177, .T. ) ;
#5977 = CARTESIAN_POINT ( 'NONE',  ( -0.09337546852576134038, 0.6443833540901788837, 0.000000000000000000 ) ) ;
#5978 = ORIENTED_EDGE ( 'NONE', *, *, #1327, .T. ) ;
#5979 = CARTESIAN_POINT ( 'NONE',  ( 0.08702593349160815672, 0.6402532584534440518, 0.01000000000000000021 ) ) ;
#5980 = AXIS2_PLACEMENT_3D ( 'NONE', #234, #1340, #2410 ) ;
#5981 = PRESENTATION_LAYER_ASSIGNMENT (  '', '', ( #7051 ) ) ;
#5982 = PLANE ( 'NONE',  #7139 ) ;
#5983 = ORIENTED_EDGE ( 'NONE', *, *, #648, .F. ) ;
#5984 = ORIENTED_EDGE ( 'NONE', *, *, #6667, .F. ) ;
#5985 = PRESENTATION_LAYER_ASSIGNMENT (  '', '', ( #5623 ) ) ;
#5986 = CARTESIAN_POINT ( 'NONE',  ( -0.1613568126754337251, 0.7116417131507427607, 0.01000000000000000021 ) ) ;
#5987 = SURFACE_STYLE_USAGE ( .BOTH. , #6543 ) ;
#5988 =( GEOMETRIC_REPRESENTATION_CONTEXT ( 3 ) GLOBAL_UNCERTAINTY_ASSIGNED_CONTEXT ( ( #1290 ) ) GLOBAL_UNIT_ASSIGNED_CONTEXT ( ( #1357, #2978, #5326 ) ) REPRESENTATION_CONTEXT ( 'NONE', 'WORKASPACE' ) );
#5989 = CARTESIAN_POINT ( 'NONE',  ( 0.1080223900935353837, 0.6442900232567192464, 0.01000000000000000021 ) ) ;
#5990 = CARTESIAN_POINT ( 'NONE',  ( 0.1258210518939581746, 0.6839354562559700756, 0.000000000000000000 ) ) ;
#5991 = DIRECTION ( 'NONE',  ( 1.000000000000000000, 0.000000000000000000, -0.000000000000000000 ) ) ;
#5992 = LINE ( 'NONE', #1019, #2927 ) ;
#5993 = STYLED_ITEM ( 'NONE', ( #6765 ), #1177 ) ;
#5994 = VECTOR ( 'NONE', #1835, 1000.000000000000000 ) ;
#5995 = ORIENTED_EDGE ( 'NONE', *, *, #5783, .T. ) ;
#5996 = DIRECTION ( 'NONE',  ( 0.000000000000000000, -0.000000000000000000, 1.000000000000000000 ) ) ;
#5997 = SURFACE_SIDE_STYLE ('',( #236 ) ) ;
#5998 = ORIENTED_EDGE ( 'NONE', *, *, #942, .F. ) ;
#5999 =( NAMED_UNIT ( * ) SI_UNIT ( $, .STERADIAN. ) SOLID_ANGLE_UNIT ( ) );
#6000 = ADVANCED_FACE ( 'NONE', ( #1910 ), #3509, .F. ) ;
#6001 = EDGE_CURVE ( 'NONE', #313, #2246, #2028, .T. ) ;
#6002 = CARTESIAN_POINT ( 'NONE',  ( -1.000000000000000000, -0.5000000000000000000, -0.01000000000000000021 ) ) ;
#6003 = CARTESIAN_POINT ( 'NONE',  ( -0.08095755201493456954, 0.6358346838831138159, 0.000000000000000000 ) ) ;
#6004 = ORIENTED_EDGE ( 'NONE', *, *, #3800, .F. ) ;
#6005 = CARTESIAN_POINT ( 'NONE',  ( 0.1080223900935353837, 0.6442900232567192464, 0.01000000000000000021 ) ) ;
#6006 = PRODUCT_CONTEXT ( 'NONE', #4782, 'mechanical' ) ;
#6007 = FACE_OUTER_BOUND ( 'NONE', #5664, .T. ) ;
#6008 = ORIENTED_EDGE ( 'NONE', *, *, #1207, .F. ) ;
#6009 = CARTESIAN_POINT ( 'NONE',  ( 0.1116666756782612319, 0.6325389773552885231, 0.01000000000000000194 ) ) ;
#6010 = LINE ( 'NONE', #6638, #1800 ) ;
#6011 = VERTEX_POINT ( 'NONE', #5452 ) ;
#6012 = PRESENTATION_STYLE_ASSIGNMENT (( #1584 ) ) ;
#6013 = DIRECTION ( 'NONE',  ( -0.000000000000000000, -1.000000000000000000, -0.000000000000000000 ) ) ;
#6014 = SURFACE_STYLE_FILL_AREA ( #374 ) ;
#6015 = CARTESIAN_POINT ( 'NONE',  ( -1.000000000000000000, -0.9000000000000003553, 0.2800000000000000266 ) ) ;
#6016 = CARTESIAN_POINT ( 'NONE',  ( 0.06586674567876936448, 0.6460908279461644588, 0.000000000000000000 ) ) ;
#6017 =( NAMED_UNIT ( * ) PLANE_ANGLE_UNIT ( ) SI_UNIT ( $, .RADIAN. ) );
#6018 = EDGE_LOOP ( 'NONE', ( #735, #3455, #6360, #2287, #5066, #6619 ) ) ;
#6019 = EDGE_CURVE ( 'NONE', #2118, #6403, #998, .T. ) ;
#6020 = FILL_AREA_STYLE_COLOUR ( '', #5199 ) ;
#6021 = SURFACE_STYLE_USAGE ( .BOTH. , #6058 ) ;
#6022 = LINE ( 'NONE', #6760, #4370 ) ;
#6023 = CARTESIAN_POINT ( 'NONE',  ( 0.1205031604917511517, 0.6565193882711912732, 0.01000000000000000021 ) ) ;
#6024 = PRESENTATION_STYLE_ASSIGNMENT (( #6546 ) ) ;
#6025 = PLANE ( 'NONE',  #1274 ) ;
#6026 = PLANE ( 'NONE',  #4335 ) ;
#6027 = ORIENTED_EDGE ( 'NONE', *, *, #5783, .F. ) ;
#6028 = CARTESIAN_POINT ( 'NONE',  ( 0.1856792199829589152, 0.6414256565347000727, 0.000000000000000000 ) ) ;
#6029 = EDGE_CURVE ( 'NONE', #7185, #4089, #3124, .T. ) ;
#6030 = VERTEX_POINT ( 'NONE', #6048 ) ;
#6031 = DIRECTION ( 'NONE',  ( -1.000000000000000000, 0.000000000000000000, 0.000000000000000000 ) ) ;
#6032 = SURFACE_STYLE_FILL_AREA ( #5436 ) ;
#6033 = FILL_AREA_STYLE ('',( #3744 ) ) ;
#6034 = PRESENTATION_LAYER_ASSIGNMENT (  '', '', ( #5544 ) ) ;
#6035 = PRESENTATION_LAYER_ASSIGNMENT (  '', '', ( #3903 ) ) ;
#6036 = CARTESIAN_POINT ( 'NONE',  ( 0.08731074481689470035, 0.7206779951579930232, 0.01000000000000000021 ) ) ;
#6037 = ORIENTED_EDGE ( 'NONE', *, *, #5764, .T. ) ;
#6038 = SURFACE_STYLE_USAGE ( .BOTH. , #1541 ) ;
#6039 =( NAMED_UNIT ( * ) SI_UNIT ( $, .STERADIAN. ) SOLID_ANGLE_UNIT ( ) );
#6040 =( GEOMETRIC_REPRESENTATION_CONTEXT ( 3 ) GLOBAL_UNCERTAINTY_ASSIGNED_CONTEXT ( ( #7279 ) ) GLOBAL_UNIT_ASSIGNED_CONTEXT ( ( #1661, #2635, #4386 ) ) REPRESENTATION_CONTEXT ( 'NONE', 'WORKASPACE' ) );
#6041 =( LENGTH_UNIT ( ) NAMED_UNIT ( * ) SI_UNIT ( .MILLI., .METRE. ) );
#6042 =( GEOMETRIC_REPRESENTATION_CONTEXT ( 3 ) GLOBAL_UNCERTAINTY_ASSIGNED_CONTEXT ( ( #5182 ) ) GLOBAL_UNIT_ASSIGNED_CONTEXT ( ( #2173, #7169, #1010 ) ) REPRESENTATION_CONTEXT ( 'NONE', 'WORKASPACE' ) );
#6043 =( NAMED_UNIT ( * ) PLANE_ANGLE_UNIT ( ) SI_UNIT ( $, .RADIAN. ) );
#6044 = VERTEX_POINT ( 'NONE', #5384 ) ;
#6045 = CARTESIAN_POINT ( 'NONE',  ( -0.1397209324560655108, 0.6584988272664072939, 0.01000000000000000021 ) ) ;
#6046 = STYLED_ITEM ( 'NONE', ( #2217 ), #5793 ) ;
#6047 = CARTESIAN_POINT ( 'NONE',  ( -0.06416710317408054476, 0.7189425364619128622, 0.000000000000000000 ) ) ;
#6048 = CARTESIAN_POINT ( 'NONE',  ( 0.6210948705577337137, -0.8810963936061697588, 0.7901745240643729407 ) ) ;
#6049 = VECTOR ( 'NONE', #1070, 1000.000000000000000 ) ;
#6050 = PRESENTATION_LAYER_ASSIGNMENT (  '', '', ( #5208 ) ) ;
#6051 = DIRECTION ( 'NONE',  ( -0.3635424856527061932, -0.9315776194850602376, 0.000000000000000000 ) ) ;
#6052 = DIRECTION ( 'NONE',  ( -0.000000000000000000, -1.000000000000000000, -0.000000000000000000 ) ) ;
#6053 = ORIENTED_EDGE ( 'NONE', *, *, #4213, .F. ) ;
#6054 = ORIENTED_EDGE ( 'NONE', *, *, #2902, .T. ) ;
#6055 = COLOUR_RGB ( '',0.3411764705882353033, 0.8392156862745098200, 0.4117647058823529216 ) ;
#6056 = CIRCLE ( 'NONE', #5107, 0.1999999999999999833 ) ;
#6057 =( NAMED_UNIT ( * ) PLANE_ANGLE_UNIT ( ) SI_UNIT ( $, .RADIAN. ) );
#6058 = SURFACE_SIDE_STYLE ('',( #6131 ) ) ;
#6059 = DIRECTION ( 'NONE',  ( 0.000000000000000000, -1.000000000000000000, 0.000000000000000000 ) ) ;
#6060 = CARTESIAN_POINT ( 'NONE',  ( 0.1246197997889905568, 0.6669569260821704981, 0.01000000000000000021 ) ) ;
#6061 = EDGE_CURVE ( 'NONE', #6495, #4948, #2663, .T. ) ;
#6062 = LINE ( 'NONE', #7283, #5498 ) ;
#6063 = MECHANICAL_DESIGN_GEOMETRIC_PRESENTATION_REPRESENTATION (  '', ( #6297 ), #3817 ) ;
#6064 =( NAMED_UNIT ( * ) PLANE_ANGLE_UNIT ( ) SI_UNIT ( $, .RADIAN. ) );
#6065 = VERTEX_POINT ( 'NONE', #7128 ) ;
#6066 = MECHANICAL_DESIGN_GEOMETRIC_PRESENTATION_REPRESENTATION (  '', ( #3591 ), #3822 ) ;
#6067 = CARTESIAN_POINT ( 'NONE',  ( -0.1081833022520539561, 0.6835203653869204032, 0.000000000000000000 ) ) ;
#6068 = ORIENTED_EDGE ( 'NONE', *, *, #5017, .T. ) ;
#6069 = EDGE_CURVE ( 'NONE', #3519, #1283, #4391, .T. ) ;
#6070 = LINE ( 'NONE', #4881, #3693 ) ;
#6071 = PRESENTATION_STYLE_ASSIGNMENT (( #4950 ) ) ;
#6072 = VECTOR ( 'NONE', #4634, 1000.000000000000000 ) ;
#6073 = CARTESIAN_POINT ( 'NONE',  ( -1.000000000000000000, -0.1450000000000000455, 0.000000000000000000 ) ) ;
#6074 =( NAMED_UNIT ( * ) SI_UNIT ( $, .STERADIAN. ) SOLID_ANGLE_UNIT ( ) );
#6075 = ORIENTED_EDGE ( 'NONE', *, *, #4936, .T. ) ;
#6076 = DIRECTION ( 'NONE',  ( 1.000000000000000000, 0.000000000000000000, 0.000000000000000000 ) ) ;
#6077 = MECHANICAL_DESIGN_GEOMETRIC_PRESENTATION_REPRESENTATION (  '', ( #1021 ), #1947 ) ;
#6078 = FILL_AREA_STYLE ('',( #5096 ) ) ;
#6079 = CARTESIAN_POINT ( 'NONE',  ( 1.000000000000000000, -0.8549999999999999822, 0.2900000000000000355 ) ) ;
#6080 = CARTESIAN_POINT ( 'NONE',  ( -0.005784194651187445427, 0.7304500467786024798, 0.000000000000000000 ) ) ;
#6081 = AXIS2_PLACEMENT_3D ( 'NONE', #7143, #2717, #6756 ) ;
#6082 = FACE_OUTER_BOUND ( 'NONE', #5230, .T. ) ;
#6083 = VERTEX_POINT ( 'NONE', #2586 ) ;
#6084 = SURFACE_STYLE_USAGE ( .BOTH. , #7269 ) ;
#6085 = CARTESIAN_POINT ( 'NONE',  ( -0.08884177248039309971, 0.7045945817624422736, 0.000000000000000000 ) ) ;
#6086 = DIRECTION ( 'NONE',  ( 0.000000000000000000, -0.000000000000000000, 1.000000000000000000 ) ) ;
#6087 = COLOUR_RGB ( '',0.8313725490196077761, 0.8313725490196077761, 0.8196078431372548767 ) ;
#6088 = EDGE_CURVE ( 'NONE', #6950, #7185, #4233, .T. ) ;
#6089 = CARTESIAN_POINT ( 'NONE',  ( 0.1185045587164371556, 0.6535075031077527408, 0.000000000000000000 ) ) ;
#6090 = CARTESIAN_POINT ( 'NONE',  ( 0.08848028705612964728, 0.7316695589737244321, 0.01000000000000000021 ) ) ;
#6091 = ORIENTED_EDGE ( 'NONE', *, *, #3180, .F. ) ;
#6092 = ORIENTED_EDGE ( 'NONE', *, *, #4308, .T. ) ;
#6093 = VECTOR ( 'NONE', #6808, 1000.000000000000000 ) ;
#6094 = UNCERTAINTY_MEASURE_WITH_UNIT (LENGTH_MEASURE( 1.000000000000000082E-05 ), #7105, 'distance_accuracy_value', 'NONE');
#6095 = CARTESIAN_POINT ( 'NONE',  ( 0.1259231224219833079, 0.6793829736078706993, 0.01000000000000000021 ) ) ;
#6096 = CARTESIAN_POINT ( 'NONE',  ( 0.000000000000000000, 0.000000000000000000, 0.01000000000000000021 ) ) ;
#6097 = CARTESIAN_POINT ( 'NONE',  ( 0.1221747551003254939, 0.6597707223565582035, 0.01000000000000000021 ) ) ;
#6098 =( GEOMETRIC_REPRESENTATION_CONTEXT ( 3 ) GLOBAL_UNCERTAINTY_ASSIGNED_CONTEXT ( ( #563 ) ) GLOBAL_UNIT_ASSIGNED_CONTEXT ( ( #3175, #6585, #7030 ) ) REPRESENTATION_CONTEXT ( 'NONE', 'WORKASPACE' ) );
#6099 = COLOUR_RGB ( '',0.8313725490196077761, 0.8313725490196077761, 0.8196078431372548767 ) ;
#6100 =( NAMED_UNIT ( * ) PLANE_ANGLE_UNIT ( ) SI_UNIT ( $, .RADIAN. ) );
#6101 = DIRECTION ( 'NONE',  ( 0.000000000000000000, -0.000000000000000000, 1.000000000000000000 ) ) ;
#6102 = ORIENTED_EDGE ( 'NONE', *, *, #3146, .F. ) ;
#6103 = MECHANICAL_DESIGN_GEOMETRIC_PRESENTATION_REPRESENTATION (  '', ( #2095 ), #3026 ) ;
#6104 = LINE ( 'NONE', #433, #4845 ) ;
#6105 = EDGE_CURVE ( 'NONE', #3952, #3519, #4820, .T. ) ;
#6106 = VERTEX_POINT ( 'NONE', #372 ) ;
#6107 = DIRECTION ( 'NONE',  ( 0.000000000000000000, -0.000000000000000000, 1.000000000000000000 ) ) ;
#6108 = CARTESIAN_POINT ( 'NONE',  ( 0.1098909637170478876, 0.7144452458910507398, 0.000000000000000000 ) ) ;
#6109 = CARTESIAN_POINT ( 'NONE',  ( -1.000000000000000000, -0.6999999999999999556, 0.2900000000000000355 ) ) ;
#6110 = VECTOR ( 'NONE', #3733, 1000.000000000000000 ) ;
#6111 = AXIS2_PLACEMENT_3D ( 'NONE', #6455, #6963, #3012 ) ;
#6112 = VECTOR ( 'NONE', #3450, 1000.000000000000000 ) ;
#6113 = SURFACE_STYLE_FILL_AREA ( #6033 ) ;
#6114 = ADVANCED_FACE ( 'NONE', ( #3645 ), #5893, .F. ) ;
#6115 = EDGE_LOOP ( 'NONE', ( #3382, #5178, #2148, #5876 ) ) ;
#6116 = CARTESIAN_POINT ( 'NONE',  ( -1.000000000000000000, -0.5000000000000000000, 0.2900000000000000355 ) ) ;
#6117 = FILL_AREA_STYLE_COLOUR ( '', #3270 ) ;
#6118 = CARTESIAN_POINT ( 'NONE',  ( 1.000000000000000000, -0.7099999999999999645, 0.000000000000000000 ) ) ;
#6119 = VERTEX_POINT ( 'NONE', #639 ) ;
#6120 = CARTESIAN_POINT ( 'NONE',  ( -0.1397209324560655108, 0.6584988272664072939, 0.000000000000000000 ) ) ;
#6121 = VERTEX_POINT ( 'NONE', #1077 ) ;
#6122 = CARTESIAN_POINT ( 'NONE',  ( -0.1596142251389923439, 0.7182549248273829567, 0.01000000000000000021 ) ) ;
#6123 = ADVANCED_FACE ( 'NONE', ( #3865 ), #2281, .T. ) ;
#6124 = DIRECTION ( 'NONE',  ( 1.000000000000000000, 0.000000000000000000, -0.000000000000000000 ) ) ;
#6125 = FILL_AREA_STYLE ('',( #2132 ) ) ;
#6126 = SURFACE_SIDE_STYLE ('',( #6014 ) ) ;
#6127 = SURFACE_STYLE_USAGE ( .BOTH. , #3868 ) ;
#6128 = ORIENTED_EDGE ( 'NONE', *, *, #6324, .F. ) ;
#6129 = EDGE_CURVE ( 'NONE', #1524, #5105, #3350, .T. ) ;
#6130 = DIRECTION ( 'NONE',  ( 0.000000000000000000, -1.000000000000000000, 0.000000000000000000 ) ) ;
#6131 = SURFACE_STYLE_FILL_AREA ( #2083 ) ;
#6132 = DIRECTION ( 'NONE',  ( 0.000000000000000000, 0.000000000000000000, -1.000000000000000000 ) ) ;
#6133 = ORIENTED_EDGE ( 'NONE', *, *, #5885, .F. ) ;
#6134 = ORIENTED_EDGE ( 'NONE', *, *, #5157, .F. ) ;
#6135 = SURFACE_STYLE_FILL_AREA ( #3114 ) ;
#6136 = CYLINDRICAL_SURFACE ( 'NONE', #1565, 0.1999999999999999833 ) ;
#6137 = CARTESIAN_POINT ( 'NONE',  ( 0.1219233395059390462, 0.7000649574747280779, 0.000000000000000000 ) ) ;
#6138 = SURFACE_STYLE_USAGE ( .BOTH. , #590 ) ;
#6139 =( GEOMETRIC_REPRESENTATION_CONTEXT ( 3 ) GLOBAL_UNCERTAINTY_ASSIGNED_CONTEXT ( ( #5717 ) ) GLOBAL_UNIT_ASSIGNED_CONTEXT ( ( #3420, #5075, #774 ) ) REPRESENTATION_CONTEXT ( 'NONE', 'WORKASPACE' ) );
#6140 = PLANE ( 'NONE',  #7165 ) ;
#6141 = CARTESIAN_POINT ( 'NONE',  ( 0.06494751266588572047, 0.7142915101932365562, 0.01000000000000000021 ) ) ;
#6142 = LINE ( 'NONE', #2125, #2866 ) ;
#6143 =( NAMED_UNIT ( * ) SI_UNIT ( $, .STERADIAN. ) SOLID_ANGLE_UNIT ( ) );
#6144 = CARTESIAN_POINT ( 'NONE',  ( 0.06777613910062856017, 0.6340716869813518564, 0.000000000000000000 ) ) ;
#6145 = VERTEX_POINT ( 'NONE', #2878 ) ;
#6146 = AXIS2_PLACEMENT_3D ( 'NONE', #4577, #5170, #6251 ) ;
#6147 = ADVANCED_FACE ( 'NONE', ( #4453 ), #1187, .F. ) ;
#6148 = DIRECTION ( 'NONE',  ( 1.000000000000000000, -0.000000000000000000, -0.000000000000000000 ) ) ;
#6149 = SURFACE_STYLE_USAGE ( .BOTH. , #2128 ) ;
#6150 = ORIENTED_EDGE ( 'NONE', *, *, #6623, .F. ) ;
#6151 = LINE ( 'NONE', #2101, #2856 ) ;
#6152 = FILL_AREA_STYLE ('',( #2241 ) ) ;
#6153 = UNCERTAINTY_MEASURE_WITH_UNIT (LENGTH_MEASURE( 1.000000000000000082E-05 ), #1771, 'distance_accuracy_value', 'NONE');
#6154 = AXIS2_PLACEMENT_3D ( 'NONE', #4219, #5879, #4293 ) ;
#6155 = DIRECTION ( 'NONE',  ( 0.01745240643728354635, 0.000000000000000000, 0.9998476951563911586 ) ) ;
#6156 = DIRECTION ( 'NONE',  ( 1.000000000000000000, 0.000000000000000000, -0.000000000000000000 ) ) ;
#6157 = ADVANCED_FACE ( 'NONE', ( #1319 ), #3008, .F. ) ;
#6158 =( NAMED_UNIT ( * ) SI_UNIT ( $, .STERADIAN. ) SOLID_ANGLE_UNIT ( ) );
#6159 = FILL_AREA_STYLE ('',( #3276 ) ) ;
#6160 = PRESENTATION_LAYER_ASSIGNMENT (  '', '', ( #7229 ) ) ;
#6161 = COLOUR_RGB ( '',0.2980392156862745057, 0.2980392156862745057, 0.2980392156862745057 ) ;
#6162 = ORIENTED_EDGE ( 'NONE', *, *, #5479, .F. ) ;
#6163 = PRESENTATION_LAYER_ASSIGNMENT (  '', '', ( #3448 ) ) ;
#6164 = CARTESIAN_POINT ( 'NONE',  ( -0.06802024058400565898, 0.7182107763682039625, 0.01000000000000000021 ) ) ;
#6165 = CARTESIAN_POINT ( 'NONE',  ( 0.08212276428133753747, 0.7203223394537258129, 0.000000000000000000 ) ) ;
#6166 = UNCERTAINTY_MEASURE_WITH_UNIT (LENGTH_MEASURE( 1.000000000000000082E-05 ), #946, 'distance_accuracy_value', 'NONE');
#6167 = DIRECTION ( 'NONE',  ( -0.000000000000000000, 1.000000000000000000, -0.000000000000000000 ) ) ;
#6168 = CARTESIAN_POINT ( 'NONE',  ( -0.6300000000000001155, -0.8999999999999999112, 0.2800000000000000266 ) ) ;
#6169 = VECTOR ( 'NONE', #2105, 1000.000000000000000 ) ;
#6170 = CARTESIAN_POINT ( 'NONE',  ( -1.000000000000000000, -0.1450000000000000455, -0.01000000000000000021 ) ) ;
#6171 = STYLED_ITEM ( 'NONE', ( #1036 ), #3807 ) ;
#6172 = SURFACE_STYLE_USAGE ( .BOTH. , #5054 ) ;
#6173 = ORIENTED_EDGE ( 'NONE', *, *, #6766, .T. ) ;
#6174 = MECHANICAL_DESIGN_GEOMETRIC_PRESENTATION_REPRESENTATION (  '', ( #4987 ), #2056 ) ;
#6175 = CARTESIAN_POINT ( 'NONE',  ( -0.1025023524632447114, 0.7060605847433557569, 0.009999999999999991535 ) ) ;
#6176 =( NAMED_UNIT ( * ) PLANE_ANGLE_UNIT ( ) SI_UNIT ( $, .RADIAN. ) );
#6177 = ORIENTED_EDGE ( 'NONE', *, *, #905, .T. ) ;
#6178 = CARTESIAN_POINT ( 'NONE',  ( 1.000000000000000000, -0.9000000000000002442, 0.2800000000000000266 ) ) ;
#6179 = PRESENTATION_LAYER_ASSIGNMENT (  '', '', ( #3097 ) ) ;
#6180 = CARTESIAN_POINT ( 'NONE',  ( 0.1259231224219833079, 0.6793829736078706993, 0.01000000000000000021 ) ) ;
#6181 = VECTOR ( 'NONE', #1488, 1000.000000000000000 ) ;
#6182 = EDGE_CURVE ( 'NONE', #1524, #1505, #778, .T. ) ;
#6183 = FILL_AREA_STYLE ('',( #5063 ) ) ;
#6184 = SURFACE_SIDE_STYLE ('',( #2860 ) ) ;
#6185 = FILL_AREA_STYLE ('',( #2832 ) ) ;
#6186 = FILL_AREA_STYLE_COLOUR ( '', #7181 ) ;
#6187 = CARTESIAN_POINT ( 'NONE',  ( 0.08087670872061350491, 0.6300767005780570917, 0.000000000000000000 ) ) ;
#6188 = EDGE_LOOP ( 'NONE', ( #1485, #4297, #4588 ) ) ;
#6189 = CARTESIAN_POINT ( 'NONE',  ( 0.07264559041713586351, 0.7301676046125196162, 0.01000000000000000021 ) ) ;
#6190 = ORIENTED_EDGE ( 'NONE', *, *, #2277, .F. ) ;
#6191 = CYLINDRICAL_SURFACE ( 'NONE', #4613, 0.01000000000000004705 ) ;
#6192 = PRESENTATION_LAYER_ASSIGNMENT (  '', '', ( #7020 ) ) ;
#6193 = ORIENTED_EDGE ( 'NONE', *, *, #4831, .F. ) ;
#6194 = DIRECTION ( 'NONE',  ( 0.000000000000000000, 0.000000000000000000, -1.000000000000000000 ) ) ;
#6195 = EDGE_CURVE ( 'NONE', #1935, #245, #4151, .T. ) ;
#6196 = DIRECTION ( 'NONE',  ( -0.9998476951563912696, 0.000000000000000000, 0.01745240643728354982 ) ) ;
#6197 = DIRECTION ( 'NONE',  ( 0.3222024856061130316, -0.9466707760722533616, 0.000000000000000000 ) ) ;
#6198 = COLOUR_RGB ( '',0.8313725490196077761, 0.8313725490196077761, 0.8196078431372548767 ) ;
#6199 = CARTESIAN_POINT ( 'NONE',  ( -1.000000000000000000, -0.8549999999999999822, 0.2900000000000000355 ) ) ;
#6200 = CARTESIAN_POINT ( 'NONE',  ( 0.06993374572101845876, 0.7294698467599798342, 0.000000000000000000 ) ) ;
#6201 = VERTEX_POINT ( 'NONE', #5181 ) ;
#6202 = CARTESIAN_POINT ( 'NONE',  ( 1.000000000000000000, 0.8549999999999998712, 0.000000000000000000 ) ) ;
#6203 = VECTOR ( 'NONE', #6934, 1000.000000000000000 ) ;
#6204 = DIRECTION ( 'NONE',  ( -0.000000000000000000, -0.000000000000000000, 1.000000000000000000 ) ) ;
#6205 = EDGE_CURVE ( 'NONE', #1084, #5076, #1583, .T. ) ;
#6206 = SURFACE_SIDE_STYLE ('',( #6835 ) ) ;
#6207 = DIRECTION ( 'NONE',  ( 1.000000000000000000, -0.000000000000000000, -0.000000000000000000 ) ) ;
#6208 = CARTESIAN_POINT ( 'NONE',  ( 1.000000000000000000, -0.1450000000000000455, -0.01000000000000000021 ) ) ;
#6209 = B_SPLINE_CURVE_WITH_KNOTS ( 'NONE', 3,
 ( #7006, #2465, #6961, #1901, #249, #1869, #6451, #2500, #780, #3535, #1394, #1427, #4191, #4153, #883, #2387, #6488, #4664, #6927 ),
 .UNSPECIFIED., .F., .F.,
 ( 4, 1, 1, 1, 1, 1, 1, 1, 1, 1, 1, 1, 1, 1, 1, 1, 4 ),
 ( 0.000000000000000000, 0.07064371857535318988, 0.1382567155089040600, 0.2033641242175798225, 0.2663240938030565497, 0.3279047615429893647, 0.3887377151730921909, 0.4494235281093022505, 0.5108610114593152840, 0.5720793960475144546, 0.6317344287314451412, 0.6911172105788379039, 0.7503600294901704437, 0.8100329005312623121, 0.8713624508287364234, 0.9344271412311534464, 1.000000000000000000 ),
 .UNSPECIFIED. ) ;
#6210 = MECHANICAL_DESIGN_GEOMETRIC_PRESENTATION_REPRESENTATION (  '', ( #7273 ), #85 ) ;
#6211 = ORIENTED_EDGE ( 'NONE', *, *, #3180, .T. ) ;
#6212 = DIRECTION ( 'NONE',  ( 1.000000000000000000, 0.000000000000000000, 0.000000000000000000 ) ) ;
#6213 = FACE_OUTER_BOUND ( 'NONE', #950, .T. ) ;
#6214 = ORIENTED_EDGE ( 'NONE', *, *, #2109, .F. ) ;
#6215 = FACE_OUTER_BOUND ( 'NONE', #4995, .T. ) ;
#6216 = CARTESIAN_POINT ( 'NONE',  ( -0.2363672607811218573, 0.000000000000000000, -0.01000000000000000021 ) ) ;
#6217 = SURFACE_STYLE_FILL_AREA ( #6843 ) ;
#6218 = CARTESIAN_POINT ( 'NONE',  ( 0.1233901372983254863, 0.6963926944514051698, 0.000000000000000000 ) ) ;
#6219 = CARTESIAN_POINT ( 'NONE',  ( -0.1614816031877729097, 0.7112427297054316755, 0.01000000000000000021 ) ) ;
#6220 = PRESENTATION_LAYER_ASSIGNMENT (  '', '', ( #2095 ) ) ;
#6221 =( GEOMETRIC_REPRESENTATION_CONTEXT ( 3 ) GLOBAL_UNCERTAINTY_ASSIGNED_CONTEXT ( ( #3423 ) ) GLOBAL_UNIT_ASSIGNED_CONTEXT ( ( #2243, #5746, #4455 ) ) REPRESENTATION_CONTEXT ( 'NONE', 'WORKASPACE' ) );
#6222 =( NAMED_UNIT ( * ) PLANE_ANGLE_UNIT ( ) SI_UNIT ( $, .RADIAN. ) );
#6223 = EDGE_CURVE ( 'NONE', #2477, #1985, #819, .T. ) ;
#6224 = ORIENTED_EDGE ( 'NONE', *, *, #625, .T. ) ;
#6225 = EDGE_CURVE ( 'NONE', #6719, #65, #3534, .T. ) ;
#6226 = LINE ( 'NONE', #5539, #2750 ) ;
#6227 = COLOUR_RGB ( '',0.2980392156862745057, 0.2980392156862745057, 0.2980392156862745057 ) ;
#6229 = COLOUR_RGB ( '',0.8313725490196077761, 0.8313725490196077761, 0.8196078431372548767 ) ;
#6228 = SURFACE_SIDE_STYLE ('',( #2350 ) ) ;
#6230 = CARTESIAN_POINT ( 'NONE',  ( 0.03202068339759305687, 0.6755719979981146261, 0.01000000000000000021 ) ) ;
#6231 = VERTEX_POINT ( 'NONE', #4661 ) ;
#6232 =( NAMED_UNIT ( * ) PLANE_ANGLE_UNIT ( ) SI_UNIT ( $, .RADIAN. ) );
#6233 = CARTESIAN_POINT ( 'NONE',  ( 0.08848028705612964728, 0.7316695589737244321, 0.01000000000000000021 ) ) ;
#6234 = ORIENTED_EDGE ( 'NONE', *, *, #4271, .F. ) ;
#6235 = DIRECTION ( 'NONE',  ( 1.527045313359865723E-16, 1.000000000000000000, -0.000000000000000000 ) ) ;
#6236 = LINE ( 'NONE', #1253, #5353 ) ;
#6237 = COLOUR_RGB ( '',0.8313725490196077761, 0.8313725490196077761, 0.8196078431372548767 ) ;
#6238 = EDGE_LOOP ( 'NONE', ( #4422, #830, #3967, #5816, #2089, #130 ) ) ;
#6239 = CARTESIAN_POINT ( 'NONE',  ( -1.000000000000000000, 0.8899999999999996803, 0.000000000000000000 ) ) ;
#6240 = UNCERTAINTY_MEASURE_WITH_UNIT (LENGTH_MEASURE( 1.000000000000000082E-05 ), #5453, 'distance_accuracy_value', 'NONE');
#6241 = CARTESIAN_POINT ( 'NONE',  ( 1.000000000000000000, -0.9000000000000002442, 0.000000000000000000 ) ) ;
#6242 = CARTESIAN_POINT ( 'NONE',  ( -0.1397209324560655108, 0.6584988272664072939, 0.000000000000000000 ) ) ;
#6243 = LINE ( 'NONE', #6199, #6710 ) ;
#6244 = LINE ( 'NONE', #1229, #6072 ) ;
#6245 = VERTEX_POINT ( 'NONE', #5250 ) ;
#6246 = CYLINDRICAL_SURFACE ( 'NONE', #5381, 0.01000000000000002623 ) ;
#6247 = CARTESIAN_POINT ( 'NONE',  ( 0.5199999999999999067, 0.1450000000000000455, -0.01000000000000000021 ) ) ;
#6248 = PRESENTATION_STYLE_ASSIGNMENT (( #469 ) ) ;
#6249 = EDGE_CURVE ( 'NONE', #7134, #4519, #6258, .T. ) ;
#6250 = ORIENTED_EDGE ( 'NONE', *, *, #2902, .F. ) ;
#6251 = DIRECTION ( 'NONE',  ( 1.000000000000000000, 0.000000000000000000, -0.000000000000000000 ) ) ;
#6252 = FILL_AREA_STYLE_COLOUR ( '', #2904 ) ;
#6253 = FILL_AREA_STYLE_COLOUR ( '', #5682 ) ;
#6254 = CARTESIAN_POINT ( 'NONE',  ( -0.1580136153828947954, 0.7112427297054316755, 0.000000000000000000 ) ) ;
#6255 = DIRECTION ( 'NONE',  ( 1.000000000000000000, 0.000000000000000000, -0.000000000000000000 ) ) ;
#6256 = EDGE_CURVE ( 'NONE', #1846, #1484, #166, .T. ) ;
#6257 = VERTEX_POINT ( 'NONE', #6959 ) ;
#6258 = B_SPLINE_CURVE_WITH_KNOTS ( 'NONE', 3,
 ( #1356, #4082, #214, #6856, #5774, #2424, #1765, #6926, #712, #1867, #2940 ),
 .UNSPECIFIED., .F., .F.,
 ( 4, 1, 1, 1, 1, 1, 1, 1, 4 ),
 ( 0.000000000000000000, 0.1124483899088023486, 0.2265276752126783866, 0.3444019493260284115, 0.4658649724874592279, 0.5916594493521175613, 0.7221684870248873400, 0.8586063875549265756, 1.000000000000000000 ),
 .UNSPECIFIED. ) ;
#6259 = DIRECTION ( 'NONE',  ( 1.000000000000000000, 0.000000000000000000, -0.000000000000000000 ) ) ;
#6260 = VERTEX_POINT ( 'NONE', #1900 ) ;
#6261 = CARTESIAN_POINT ( 'NONE',  ( 0.6299999999999998934, -0.8999999999999999112, 0.2800000000000000266 ) ) ;
#6262 = VERTEX_POINT ( 'NONE', #6407 ) ;
#6263 = PLANE ( 'NONE',  #1246 ) ;
#6264 = ORIENTED_EDGE ( 'NONE', *, *, #1116, .T. ) ;
#6265 = DIRECTION ( 'NONE',  ( 0.000000000000000000, -0.000000000000000000, 1.000000000000000000 ) ) ;
#6266 = DIRECTION ( 'NONE',  ( 0.000000000000000000, 0.000000000000000000, 1.000000000000000000 ) ) ;
#6267 = CARTESIAN_POINT ( 'NONE',  ( -0.005784194651187445427, 0.7194744370225049090, 0.01000000000000000021 ) ) ;
#6268 = STYLED_ITEM ( 'NONE', ( #3218 ), #5068 ) ;
#6269 = CARTESIAN_POINT ( 'NONE',  ( 0.1219233395059390462, 0.7000649574747280779, 0.01000000000000000021 ) ) ;
#6270 = CARTESIAN_POINT ( 'NONE',  ( 0.06574352501695111817, 0.7280292633026653748, 0.000000000000000000 ) ) ;
#6271 = EDGE_LOOP ( 'NONE', ( #3628, #910, #421, #6027 ) ) ;
#6272 = COLOUR_RGB ( '',0.2980392156862745057, 0.2980392156862745057, 0.2980392156862745057 ) ;
#6273 = PRESENTATION_STYLE_ASSIGNMENT (( #2247 ) ) ;
#6274 = LINE ( 'NONE', #4640, #1382 ) ;
#6275 =( NAMED_UNIT ( * ) PLANE_ANGLE_UNIT ( ) SI_UNIT ( $, .RADIAN. ) );
#6276 = VECTOR ( 'NONE', #7213, 1000.000000000000000 ) ;
#6277 = CARTESIAN_POINT ( 'NONE',  ( 0.06993374572101845876, 0.7294698467599798342, 0.000000000000000000 ) ) ;
#6278 = CARTESIAN_POINT ( 'NONE',  ( -0.08168407908208542845, 0.6494303599126473037, 0.000000000000000000 ) ) ;
#6279 = ORIENTED_EDGE ( 'NONE', *, *, #6414, .T. ) ;
#6280 = CIRCLE ( 'NONE', #2638, 0.01000000000000002623 ) ;
#6281 =( NAMED_UNIT ( * ) PLANE_ANGLE_UNIT ( ) SI_UNIT ( $, .RADIAN. ) );
#6282 = DIRECTION ( 'NONE',  ( -0.000000000000000000, 0.000000000000000000, -1.000000000000000000 ) ) ;
#6283 = PRESENTATION_STYLE_ASSIGNMENT (( #6906 ) ) ;
#6284 = EDGE_CURVE ( 'NONE', #6231, #2036, #5121, .T. ) ;
#6285 = CARTESIAN_POINT ( 'NONE',  ( -0.06059220818451963725, 0.6305525501090334384, 0.000000000000000000 ) ) ;
#6286 = VECTOR ( 'NONE', #3300, 1000.000000000000000 ) ;
#6287 = DIRECTION ( 'NONE',  ( 0.000000000000000000, -1.000000000000000000, 0.000000000000000000 ) ) ;
#6288 =( GEOMETRIC_REPRESENTATION_CONTEXT ( 3 ) GLOBAL_UNCERTAINTY_ASSIGNED_CONTEXT ( ( #1868 ) ) GLOBAL_UNIT_ASSIGNED_CONTEXT ( ( #3224, #4362, #4399 ) ) REPRESENTATION_CONTEXT ( 'NONE', 'WORKASPACE' ) );
#6289 = PRESENTATION_STYLE_ASSIGNMENT (( #6361 ) ) ;
#6290 = MECHANICAL_DESIGN_GEOMETRIC_PRESENTATION_REPRESENTATION (  '', ( #6877 ), #654 ) ;
#6291 = ADVANCED_FACE ( 'NONE', ( #2659 ), #5778, .F. ) ;
#6292 = PLANE ( 'NONE',  #3221 ) ;
#6293 = ORIENTED_EDGE ( 'NONE', *, *, #2417, .F. ) ;
#6294 = VECTOR ( 'NONE', #2931, 1000.000000000000000 ) ;
#6295 = DIRECTION ( 'NONE',  ( -1.000000000000000000, 0.000000000000000000, 0.000000000000000000 ) ) ;
#6296 = VERTEX_POINT ( 'NONE', #2499 ) ;
#6297 = STYLED_ITEM ( 'NONE', ( #577 ), #6540 ) ;
#6298 =( NAMED_UNIT ( * ) PLANE_ANGLE_UNIT ( ) SI_UNIT ( $, .RADIAN. ) );
#6299 = VECTOR ( 'NONE', #2714, 1000.000000000000000 ) ;
#6300 = LINE ( 'NONE', #739, #5729 ) ;
#6301 =( NAMED_UNIT ( * ) PLANE_ANGLE_UNIT ( ) SI_UNIT ( $, .RADIAN. ) );
#6302 = UNCERTAINTY_MEASURE_WITH_UNIT (LENGTH_MEASURE( 1.000000000000000082E-05 ), #3892, 'distance_accuracy_value', 'NONE');
#6303 = SURFACE_STYLE_USAGE ( .BOTH. , #2282 ) ;
#6304 = DIRECTION ( 'NONE',  ( 0.01744974916068272111, -0.01744974916068271764, -0.9996954598818874604 ) ) ;
#6305 = VECTOR ( 'NONE', #6456, 1000.000000000000000 ) ;
#6306 = CARTESIAN_POINT ( 'NONE',  ( -0.09080078055895296485, 0.6610313229406546975, 0.000000000000000000 ) ) ;
#6307 = ORIENTED_EDGE ( 'NONE', *, *, #2493, .F. ) ;
#6308 = CARTESIAN_POINT ( 'NONE',  ( -0.06802024058400565898, 0.7182107763682039625, 0.000000000000000000 ) ) ;
#6309 = EDGE_CURVE ( 'NONE', #7032, #2129, #6056, .T. ) ;
#6310 = DIRECTION ( 'NONE',  ( 1.000000000000000000, 3.252606517456504467E-14, 0.000000000000000000 ) ) ;
#6311 = PRODUCT_DEFINITION_CONTEXT ( 'detailed design', #4925, 'design' ) ;
#6312 = CARTESIAN_POINT ( 'NONE',  ( -0.1614816031877728264, 0.7112427297054316755, 0.000000000000000000 ) ) ;
#6313 = CARTESIAN_POINT ( 'NONE',  ( 0.08846837653726323525, 0.6292773819382395661, 0.000000000000000000 ) ) ;
#6314 = SURFACE_STYLE_USAGE ( .BOTH. , #4060 ) ;
#6315 = CARTESIAN_POINT ( 'NONE',  ( -0.08442091856735212119, 0.6518978659838590151, 0.000000000000000000 ) ) ;
#6316 = VERTEX_POINT ( 'NONE', #7119 ) ;
#6317 = MECHANICAL_DESIGN_GEOMETRIC_PRESENTATION_REPRESENTATION (  '', ( #4313 ), #4193 ) ;
#6318 = PRODUCT_DEFINITION_SHAPE ( 'NONE', 'NONE',  #3517 ) ;
#6319 = FACE_OUTER_BOUND ( 'NONE', #1648, .T. ) ;
#6320 = SURFACE_STYLE_FILL_AREA ( #4064 ) ;
#6321 = CARTESIAN_POINT ( 'NONE',  ( 0.1158352788041488307, 0.6344266851252430284, 0.000000000000000000 ) ) ;
#6322 = STYLED_ITEM ( 'NONE', ( #3603 ), #2367 ) ;
#6323 = SURFACE_STYLE_FILL_AREA ( #2486 ) ;
#6324 = EDGE_CURVE ( 'NONE', #1658, #1238, #2479, .T. ) ;
#6325 = STYLED_ITEM ( 'NONE', ( #3874 ), #2785 ) ;
#6326 = DIRECTION ( 'NONE',  ( 0.000000000000000000, 0.000000000000000000, 1.000000000000000000 ) ) ;
#6327 = PLANE ( 'NONE',  #3520 ) ;
#6328 = CARTESIAN_POINT ( 'NONE',  ( -0.1599381580658215951, 0.7182549248273829567, 0.000000000000000000 ) ) ;
#6329 = EDGE_LOOP ( 'NONE', ( #2730, #2718, #79, #6885, #6293, #6351, #3287, #2716 ) ) ;
#6330 = VECTOR ( 'NONE', #4321, 1000.000000000000000 ) ;
#6331 = MECHANICAL_DESIGN_GEOMETRIC_PRESENTATION_REPRESENTATION (  '', ( #6577 ), #97 ) ;
#6332 = ADVANCED_FACE ( 'NONE', ( #2827 ), #1242, .F. ) ;
#6333 = ORIENTED_EDGE ( 'NONE', *, *, #1695, .T. ) ;
#6334 = PRESENTATION_LAYER_ASSIGNMENT (  '', '', ( #4444 ) ) ;
#6335 = B_SPLINE_CURVE_WITH_KNOTS ( 'NONE', 3,
 ( #1750, #5503, #2756, #2153, #5580, #3410, #3333, #4400, #549, #591, #3850 ),
 .UNSPECIFIED., .F., .F.,
 ( 4, 1, 1, 1, 1, 1, 1, 1, 4 ),
 ( 0.000000000000000000, 0.1252796967356274715, 0.2494199707420520495, 0.3733567994928199130, 0.4966812787822865172, 0.6202029157439832296, 0.7450863201614565945, 0.8712691950190979417, 0.9999999999999998890 ),
 .UNSPECIFIED. ) ;
#6336 = VECTOR ( 'NONE', #3969, 1000.000000000000000 ) ;
#6337 = SURFACE_STYLE_FILL_AREA ( #1320 ) ;
#6338 =( NAMED_UNIT ( * ) PLANE_ANGLE_UNIT ( ) SI_UNIT ( $, .RADIAN. ) );
#6339 = FACE_OUTER_BOUND ( 'NONE', #734, .T. ) ;
#6340 = VECTOR ( 'NONE', #3360, 1000.000000000000000 ) ;
#6341 = PRESENTATION_LAYER_ASSIGNMENT (  '', '', ( #1391 ) ) ;
#6342 =( GEOMETRIC_REPRESENTATION_CONTEXT ( 3 ) GLOBAL_UNCERTAINTY_ASSIGNED_CONTEXT ( ( #3046 ) ) GLOBAL_UNIT_ASSIGNED_CONTEXT ( ( #4252, #6594, #3775 ) ) REPRESENTATION_CONTEXT ( 'NONE', 'WORKASPACE' ) );
#6343 = CARTESIAN_POINT ( 'NONE',  ( -0.09470701600457520630, 0.6768947080704825758, 0.000000000000000000 ) ) ;
#6344 = EDGE_CURVE ( 'NONE', #3782, #6145, #1171, .T. ) ;
#6345 = FACE_OUTER_BOUND ( 'NONE', #7264, .T. ) ;
#6346 = CARTESIAN_POINT ( 'NONE',  ( -0.07171708024198215903, 0.7286605452070153977, 0.01000000000000000021 ) ) ;
#6347 = CARTESIAN_POINT ( 'NONE',  ( 0.09111555720496555821, 0.6292463349645197601, 0.000000000000000000 ) ) ;
#6348 = DIRECTION ( 'NONE',  ( 0.000000000000000000, 1.000000000000000000, 0.000000000000000000 ) ) ;
#6349 = B_SPLINE_CURVE_WITH_KNOTS ( 'NONE', 3,
 ( #3640, #5888, #4784, #291, #5413, #7047, #1990, #6490, #1431, #2583, #3675, #5929, #4817, #888, #2025, #368, #2621, #4854, #7123 ),
 .UNSPECIFIED., .F., .F.,
 ( 4, 1, 1, 1, 1, 1, 1, 1, 1, 1, 1, 1, 1, 1, 1, 1, 4 ),
 ( 0.000000000000000000, 0.06806869584499457282, 0.1334274328189550829, 0.1961460338131570114, 0.2570485924493124963, 0.3168826631591622478, 0.3761872086663219372, 0.4359603353635462253, 0.4965352368627262147, 0.5574653434807335106, 0.6176868634101474465, 0.6779436406969060469, 0.7388052848060403521, 0.8009493367665840857, 0.8648146674702263947, 0.9310247810786568268, 1.000000000000000000 ),
 .UNSPECIFIED. ) ;
#6350 = ADVANCED_FACE ( 'NONE', ( #660 ), #3407, .F. ) ;
#6351 = ORIENTED_EDGE ( 'NONE', *, *, #3259, .F. ) ;
#6352 = PRESENTATION_STYLE_ASSIGNMENT (( #1201 ) ) ;
#6353 = FACE_OUTER_BOUND ( 'NONE', #1681, .T. ) ;
#6354 =( NAMED_UNIT ( * ) PLANE_ANGLE_UNIT ( ) SI_UNIT ( $, .RADIAN. ) );
#6355 = PLANE ( 'NONE',  #4268 ) ;
#6356 = LINE ( 'NONE', #232, #5578 ) ;
#6357 = SURFACE_STYLE_FILL_AREA ( #6984 ) ;
#6358 = DIRECTION ( 'NONE',  ( 0.000000000000000000, 1.000000000000000000, 0.000000000000000000 ) ) ;
#6359 = CARTESIAN_POINT ( 'NONE',  ( 0.1374197705838912931, 0.6951638955028445199, 0.01000000000000000021 ) ) ;
#6360 = ORIENTED_EDGE ( 'NONE', *, *, #3259, .T. ) ;
#6361 = SURFACE_STYLE_USAGE ( .BOTH. , #1786 ) ;
#6362 = CARTESIAN_POINT ( 'NONE',  ( -0.09423325919900273073, 0.6725385642075391024, 0.01000000000000000021 ) ) ;
#6363 = PLANE ( 'NONE',  #4396 ) ;
#6364 = ORIENTED_EDGE ( 'NONE', *, *, #5421, .F. ) ;
#6365 = FILL_AREA_STYLE_COLOUR ( '', #5827 ) ;
#6366 = CARTESIAN_POINT ( 'NONE',  ( 0.08836595778783694344, 0.7206939492176268613, 0.000000000000000000 ) ) ;
#6367 = EDGE_LOOP ( 'NONE', ( #2749, #1353, #3140, #4053, #4189, #3702, #2608 ) ) ;
#6368 = CARTESIAN_POINT ( 'NONE',  ( 0.000000000000000000, 0.6304500467786023910, 0.01000000000000000021 ) ) ;
#6369 = UNCERTAINTY_MEASURE_WITH_UNIT (LENGTH_MEASURE( 1.000000000000000082E-05 ), #1098, 'distance_accuracy_value', 'NONE');
#6370 = ADVANCED_FACE ( 'NONE', ( #2896 ), #2445, .T. ) ;
#6371 = DIRECTION ( 'NONE',  ( 0.01744974916068271764, 0.01744974916068272111, -0.9996954598818874604 ) ) ;
#6372 = LINE ( 'NONE', #4783, #5160 ) ;
#6373 = CARTESIAN_POINT ( 'NONE',  ( -0.09080078055895296485, 0.6610313229406546975, 0.01000000000000000021 ) ) ;
#6374 = ORIENTED_EDGE ( 'NONE', *, *, #4171, .F. ) ;
#6375 = DIRECTION ( 'NONE',  ( 0.3222024856061130316, -0.9466707760722533616, 0.000000000000000000 ) ) ;
#6376 = AXIS2_PLACEMENT_3D ( 'NONE', #3283, #6059, #3875 ) ;
#6377 = CARTESIAN_POINT ( 'NONE',  ( -1.000000000000000000, -0.8549999999999999822, -0.01000000000000000021 ) ) ;
#6378 = CARTESIAN_POINT ( 'NONE',  ( -0.06139508152238551397, 0.7303288077121911082, 0.01000000000000000021 ) ) ;
#6379 = AXIS2_PLACEMENT_3D ( 'NONE', #5704, #2540, #6486 ) ;
#6380 = CARTESIAN_POINT ( 'NONE',  ( -0.02773541416338257473, 0.7304500467786024798, 0.000000000000000000 ) ) ;
#6381 = EDGE_CURVE ( 'NONE', #702, #6975, #1035, .T. ) ;
#6382 = VERTEX_POINT ( 'NONE', #1851 ) ;
#6383 =( NAMED_UNIT ( * ) PLANE_ANGLE_UNIT ( ) SI_UNIT ( $, .RADIAN. ) );
#6384 = COLOUR_RGB ( '',0.8313725490196077761, 0.8313725490196077761, 0.8196078431372548767 ) ;
#6385 = ORIENTED_EDGE ( 'NONE', *, *, #442, .F. ) ;
#6386 = DIRECTION ( 'NONE',  ( 0.000000000000000000, 0.000000000000000000, 1.000000000000000000 ) ) ;
#6387 = FACE_OUTER_BOUND ( 'NONE', #2634, .T. ) ;
#6388 = MECHANICAL_DESIGN_GEOMETRIC_PRESENTATION_REPRESENTATION (  '', ( #3907 ), #6859 ) ;
#6389 = STYLED_ITEM ( 'NONE', ( #2826 ), #4769 ) ;
#6390 = ADVANCED_FACE ( 'NONE', ( #6430 ), #798, .F. ) ;
#6391 = DIRECTION ( 'NONE',  ( 1.000000000000000000, 0.000000000000000000, 0.000000000000000000 ) ) ;
#6392 = FILL_AREA_STYLE_COLOUR ( '', #5027 ) ;
#6393 = SURFACE_STYLE_USAGE ( .BOTH. , #4108 ) ;
#6394 = VECTOR ( 'NONE', #595, 1000.000000000000114 ) ;
#6395 = CARTESIAN_POINT ( 'NONE',  ( -0.09336570678261672807, 0.7172767580187354719, 0.000000000000000000 ) ) ;
#6396 = ORIENTED_EDGE ( 'NONE', *, *, #2513, .T. ) ;
#6397 = SURFACE_STYLE_FILL_AREA ( #1892 ) ;
#6398 = VECTOR ( 'NONE', #4552, 1000.000000000000000 ) ;
#6399 = EDGE_CURVE ( 'NONE', #5527, #5621, #3081, .T. ) ;
#6400 = FACE_OUTER_BOUND ( 'NONE', #6824, .T. ) ;
#6401 = AXIS2_PLACEMENT_3D ( 'NONE', #3318, #1700, #6310 ) ;
#6402 = LINE ( 'NONE', #3003, #1580 ) ;
#6403 = VERTEX_POINT ( 'NONE', #163 ) ;
#6404 = MECHANICAL_DESIGN_GEOMETRIC_PRESENTATION_REPRESENTATION (  '', ( #4628 ), #6410 ) ;
#6405 = ORIENTED_EDGE ( 'NONE', *, *, #4936, .F. ) ;
#6406 = CARTESIAN_POINT ( 'NONE',  ( 1.000000000000000000, -0.1450000000000000455, 0.2900000000000000355 ) ) ;
#6407 = CARTESIAN_POINT ( 'NONE',  ( 1.000000000000000000, 0.1450000000000000455, 0.2900000000000000355 ) ) ;
#6408 = SURFACE_STYLE_USAGE ( .BOTH. , #3078 ) ;
#6409 = DIRECTION ( 'NONE',  ( -1.000000000000000000, -0.000000000000000000, -0.000000000000000000 ) ) ;
#6410 =( GEOMETRIC_REPRESENTATION_CONTEXT ( 3 ) GLOBAL_UNCERTAINTY_ASSIGNED_CONTEXT ( ( #1737 ) ) GLOBAL_UNIT_ASSIGNED_CONTEXT ( ( #5873, #833, #3586 ) ) REPRESENTATION_CONTEXT ( 'NONE', 'WORKASPACE' ) );
#6411 = SURFACE_STYLE_FILL_AREA ( #215 ) ;
#6412 = SURFACE_SIDE_STYLE ('',( #3713 ) ) ;
#6413 = VECTOR ( 'NONE', #2748, 1000.000000000000000 ) ;
#6414 = EDGE_CURVE ( 'NONE', #6548, #4141, #6356, .T. ) ;
#6415 = DIRECTION ( 'NONE',  ( 0.000000000000000000, -0.000000000000000000, -1.000000000000000000 ) ) ;
#6416 = CARTESIAN_POINT ( 'NONE',  ( -0.008223219041431360440, 0.6304500467786023910, 0.000000000000000000 ) ) ;
#6417 =( NAMED_UNIT ( * ) PLANE_ANGLE_UNIT ( ) SI_UNIT ( $, .RADIAN. ) );
#6418 = LINE ( 'NONE', #1364, #2924 ) ;
#6419 = SURFACE_SIDE_STYLE ('',( #5262 ) ) ;
#6420 = LINE ( 'NONE', #4198, #6931 ) ;
#6421 = VERTEX_POINT ( 'NONE', #2712 ) ;
#6422 = FACE_OUTER_BOUND ( 'NONE', #5398, .T. ) ;
#6423 = FACE_OUTER_BOUND ( 'NONE', #3313, .T. ) ;
#6424 = ORIENTED_EDGE ( 'NONE', *, *, #2754, .T. ) ;
#6425 = EDGE_CURVE ( 'NONE', #2739, #6044, #987, .T. ) ;
#6426 = STYLED_ITEM ( 'NONE', ( #6603 ), #1713 ) ;
#6427 =( LENGTH_UNIT ( ) NAMED_UNIT ( * ) SI_UNIT ( .MILLI., .METRE. ) );
#6428 = FILL_AREA_STYLE_COLOUR ( '', #5686 ) ;
#6429 = CARTESIAN_POINT ( 'NONE',  ( -1.000000000000000000, -0.8549999999999999822, 0.2800000000000000266 ) ) ;
#6430 = FACE_OUTER_BOUND ( 'NONE', #1460, .T. ) ;
#6431 = STYLED_ITEM ( 'NONE', ( #4991 ), #1873 ) ;
#6432 = FILL_AREA_STYLE_COLOUR ( '', #5504 ) ;
#6433 = ORIENTED_EDGE ( 'NONE', *, *, #6029, .F. ) ;
#6434 =( NAMED_UNIT ( * ) SI_UNIT ( $, .STERADIAN. ) SOLID_ANGLE_UNIT ( ) );
#6435 = EDGE_CURVE ( 'NONE', #3185, #827, #3284, .T. ) ;
#6436 = ORIENTED_EDGE ( 'NONE', *, *, #4476, .T. ) ;
#6437 = SURFACE_STYLE_USAGE ( .BOTH. , #4180 ) ;
#6438 = AXIS2_PLACEMENT_3D ( 'NONE', #6590, #3771, #2683 ) ;
#6439 =( NAMED_UNIT ( * ) SI_UNIT ( $, .STERADIAN. ) SOLID_ANGLE_UNIT ( ) );
#6440 = FILL_AREA_STYLE_COLOUR ( '', #6055 ) ;
#6441 = ORIENTED_EDGE ( 'NONE', *, *, #1841, .F. ) ;
#6442 = VECTOR ( 'NONE', #5021, 1000.000000000000000 ) ;
#6443 = PRESENTATION_STYLE_ASSIGNMENT (( #5368 ) ) ;
#6444 = ADVANCED_FACE ( 'NONE', ( #2115 ), #6502, .F. ) ;
#6445 = ADVANCED_FACE ( 'NONE', ( #3135 ), #5948, .F. ) ;
#6446 = SURFACE_SIDE_STYLE ('',( #5920 ) ) ;
#6447 = ORIENTED_EDGE ( 'NONE', *, *, #5835, .F. ) ;
#6448 = PLANE ( 'NONE',  #2557 ) ;
#6449 = SURFACE_SIDE_STYLE ('',( #7005 ) ) ;
#6450 = UNCERTAINTY_MEASURE_WITH_UNIT (LENGTH_MEASURE( 1.000000000000000082E-05 ), #2900, 'distance_accuracy_value', 'NONE');
#6452 = STYLED_ITEM ( 'NONE', ( #4720 ), #199 ) ;
#6451 = CARTESIAN_POINT ( 'NONE',  ( 0.1338028331281046757, 0.7048404987291639889, 0.000000000000000000 ) ) ;
#6453 = VECTOR ( 'NONE', #230, 1000.000000000000000 ) ;
#6454 = CARTESIAN_POINT ( 'NONE',  ( 1.000000000000000000, 0.8999999999999999112, 0.2800000000000000266 ) ) ;
#6455 = CARTESIAN_POINT ( 'NONE',  ( -0.1810319080658215896, 0.6584988272664072939, 0.000000000000000000 ) ) ;
#6456 = DIRECTION ( 'NONE',  ( -1.000000000000000000, 0.000000000000000000, 0.000000000000000000 ) ) ;
#6457 = ORIENTED_EDGE ( 'NONE', *, *, #4517, .F. ) ;
#6458 = VECTOR ( 'NONE', #4238, 1000.000000000000000 ) ;
#6459 = DIRECTION ( 'NONE',  ( 0.000000000000000000, -0.000000000000000000, 1.000000000000000000 ) ) ;
#6460 =( NAMED_UNIT ( * ) PLANE_ANGLE_UNIT ( ) SI_UNIT ( $, .RADIAN. ) );
#6462 = PRESENTATION_LAYER_ASSIGNMENT (  '', '', ( #3388 ) ) ;
#6461 = SURFACE_SIDE_STYLE ('',( #7018 ) ) ;
#6463 = ORIENTED_EDGE ( 'NONE', *, *, #131, .T. ) ;
#6464 = PRESENTATION_LAYER_ASSIGNMENT (  '', '', ( #212 ) ) ;
#6465 = DIRECTION ( 'NONE',  ( 0.000000000000000000, 0.000000000000000000, -1.000000000000000000 ) ) ;
#6466 = SURFACE_SIDE_STYLE ('',( #376 ) ) ;
#6467 = VERTEX_POINT ( 'NONE', #5165 ) ;
#6468 = CARTESIAN_POINT ( 'NONE',  ( -0.08133068844818382159, 0.7122030873577543941, 0.01000000000000000021 ) ) ;
#6469 = SURFACE_STYLE_FILL_AREA ( #5273 ) ;
#6470 = CARTESIAN_POINT ( 'NONE',  ( 0.09246275656832476930, 0.6292305345834805497, 0.000000000000000000 ) ) ;
#6471 = EDGE_CURVE ( 'NONE', #1830, #2036, #83, .T. ) ;
#6472 = CARTESIAN_POINT ( 'NONE',  ( 0.08836595778783694344, 0.7206939492176268613, 0.000000000000000000 ) ) ;
#6473 = DIRECTION ( 'NONE',  ( -1.000000000000000000, 0.000000000000000000, 0.000000000000000000 ) ) ;
#6474 = SURFACE_SIDE_STYLE ('',( #5906 ) ) ;
#6475 = ORIENTED_EDGE ( 'NONE', *, *, #5576, .F. ) ;
#6476 = CARTESIAN_POINT ( 'NONE',  ( 0.1358288021499605425, 0.7001469847707887384, 0.000000000000000000 ) ) ;
#6477 =( NAMED_UNIT ( * ) SI_UNIT ( $, .STERADIAN. ) SOLID_ANGLE_UNIT ( ) );
#6478 = ORIENTED_EDGE ( 'NONE', *, *, #4392, .T. ) ;
#6479 =( NAMED_UNIT ( * ) PLANE_ANGLE_UNIT ( ) SI_UNIT ( $, .RADIAN. ) );
#6480 = FILL_AREA_STYLE_COLOUR ( '', #1175 ) ;
#6481 = ADVANCED_FACE ( 'NONE', ( #6761 ), #4465, .F. ) ;
#6482 =( LENGTH_UNIT ( ) NAMED_UNIT ( * ) SI_UNIT ( .MILLI., .METRE. ) );
#6483 = ORIENTED_EDGE ( 'NONE', *, *, #1371, .F. ) ;
#6484 = SURFACE_SIDE_STYLE ('',( #5246 ) ) ;
#6485 = PRESENTATION_STYLE_ASSIGNMENT (( #3705 ) ) ;
#6486 = DIRECTION ( 'NONE',  ( -0.9998476951563911586, 0.000000000000000000, -0.01745240643728180122 ) ) ;
#6487 = VERTEX_POINT ( 'NONE', #6247 ) ;
#6488 = CARTESIAN_POINT ( 'NONE',  ( 0.09382955596559058864, 0.7315450988345422179, 0.000000000000000000 ) ) ;
#6489 = FILL_AREA_STYLE_COLOUR ( '', #1987 ) ;
#6490 = CARTESIAN_POINT ( 'NONE',  ( -0.09990172852651166280, 0.6519801623267542645, 0.01000000000000000021 ) ) ;
#6491 = ORIENTED_EDGE ( 'NONE', *, *, #5932, .T. ) ;
#6492 = SURFACE_SIDE_STYLE ('',( #1909 ) ) ;
#6493 = SURFACE_SIDE_STYLE ('',( #7055 ) ) ;
#6494 = CARTESIAN_POINT ( 'NONE',  ( -0.1081036667614631436, 0.6761165888500060284, 0.000000000000000000 ) ) ;
#6495 = VERTEX_POINT ( 'NONE', #2183 ) ;
#6496 = SURFACE_STYLE_FILL_AREA ( #301 ) ;
#6497 = DIRECTION ( 'NONE',  ( 0.000000000000000000, -0.000000000000000000, 1.000000000000000000 ) ) ;
#6498 = ORIENTED_EDGE ( 'NONE', *, *, #3496, .F. ) ;
#6499 = STYLED_ITEM ( 'NONE', ( #4745 ), #6884 ) ;
#6500 = CARTESIAN_POINT ( 'NONE',  ( -0.1599381580658215951, 0.7182549248273829567, 0.01000000000000000021 ) ) ;
#6501 =( LENGTH_UNIT ( ) NAMED_UNIT ( * ) SI_UNIT ( .MILLI., .METRE. ) );
#6502 = PLANE ( 'NONE',  #1816 ) ;
#6503 = CARTESIAN_POINT ( 'NONE',  ( 0.000000000000000000, 0.6414256565347000727, 0.01000000000000000021 ) ) ;
#6504 = VECTOR ( 'NONE', #37, 1000.000000000000000 ) ;
#6505 =( LENGTH_UNIT ( ) NAMED_UNIT ( * ) SI_UNIT ( .MILLI., .METRE. ) );
#6506 = ORIENTED_EDGE ( 'NONE', *, *, #206, .F. ) ;
#6507 = CARTESIAN_POINT ( 'NONE',  ( 0.1374197705838912931, 0.6951638955028445199, 0.000000000000000000 ) ) ;
#6508 = VECTOR ( 'NONE', #7242, 1000.000000000000000 ) ;
#6509 = CARTESIAN_POINT ( 'NONE',  ( -0.05779287496026144777, 0.7304090975833441579, 0.009999999999999991535 ) ) ;
#6510 = EDGE_CURVE ( 'NONE', #6598, #633, #5131, .T. ) ;
#6511 = ORIENTED_EDGE ( 'NONE', *, *, #7173, .T. ) ;
#6512 = COLOUR_RGB ( '',0.2980392156862745057, 0.2980392156862745057, 0.2980392156862745057 ) ;
#6513 = CARTESIAN_POINT ( 'NONE',  ( -0.5200000000000000178, 0.8549999999999999822, -0.01000000000000000021 ) ) ;
#6514 = VERTEX_POINT ( 'NONE', #3906 ) ;
#6515 = MECHANICAL_DESIGN_GEOMETRIC_PRESENTATION_REPRESENTATION (  '', ( #6389 ), #4143 ) ;
#6516 = LINE ( 'NONE', #6366, #512 ) ;
#6517 = PRESENTATION_LAYER_ASSIGNMENT (  '', '', ( #2864 ) ) ;
#6518 = EDGE_CURVE ( 'NONE', #4410, #3902, #1086, .T. ) ;
#6519 = VERTEX_POINT ( 'NONE', #5681 ) ;
#6520 = FACE_OUTER_BOUND ( 'NONE', #14, .T. ) ;
#6521 = CARTESIAN_POINT ( 'NONE',  ( 0.1393065017191443822, 0.6767514672820876820, 0.000000000000000000 ) ) ;
#6522 = SURFACE_SIDE_STYLE ('',( #2660 ) ) ;
#6523 = LINE ( 'NONE', #3537, #4741 ) ;
#6524 = COLOUR_RGB ( '',0.8313725490196077761, 0.8313725490196077761, 0.8196078431372548767 ) ;
#6525 = LINE ( 'NONE', #3047, #3002 ) ;
#6526 = EDGE_LOOP ( 'NONE', ( #5283, #4803, #6234, #303 ) ) ;
#6527 =( NAMED_UNIT ( * ) SI_UNIT ( $, .STERADIAN. ) SOLID_ANGLE_UNIT ( ) );
#6528 = DIRECTION ( 'NONE',  ( -1.000000000000000000, -0.000000000000000000, 0.000000000000000000 ) ) ;
#6529 = CARTESIAN_POINT ( 'NONE',  ( -0.9899999999999999911, -0.8900000000000003464, 0.2800000000000000266 ) ) ;
#6530 = UNCERTAINTY_MEASURE_WITH_UNIT (LENGTH_MEASURE( 1.000000000000000082E-05 ), #2914, 'distance_accuracy_value', 'NONE');
#6531 = MECHANICAL_DESIGN_GEOMETRIC_PRESENTATION_REPRESENTATION (  '', ( #5347 ), #767 ) ;
#6532 = CARTESIAN_POINT ( 'NONE',  ( -0.07130915001133739106, 0.6323118898154788114, 0.01000000000000000021 ) ) ;
#6533 = ORIENTED_EDGE ( 'NONE', *, *, #2296, .F. ) ;
#6534 = CARTESIAN_POINT ( 'NONE',  ( 0.07367528794619664090, 0.6426571496370269143, 0.000000000000000000 ) ) ;
#6535 = CIRCLE ( 'NONE', #2167, 0.01000000000000002623 ) ;
#6536 = CARTESIAN_POINT ( 'NONE',  ( -1.000000000000000000, -0.9000000000000003553, 0.000000000000000000 ) ) ;
#6537 = ORIENTED_EDGE ( 'NONE', *, *, #1293, .F. ) ;
#6538 = ORIENTED_EDGE ( 'NONE', *, *, #2297, .F. ) ;
#6539 = EDGE_CURVE ( 'NONE', #6421, #3965, #1195, .T. ) ;
#6540 = ADVANCED_FACE ( 'NONE', ( #51 ), #2291, .T. ) ;
#6541 = CARTESIAN_POINT ( 'NONE',  ( 1.000000000000000000, -0.1450000000000000455, 0.2900000000000000355 ) ) ;
#6542 = LINE ( 'NONE', #2520, #3022 ) ;
#6543 = SURFACE_SIDE_STYLE ('',( #3061 ) ) ;
#6544 = VECTOR ( 'NONE', #2706, 1000.000000000000000 ) ;
#6545 = CARTESIAN_POINT ( 'NONE',  ( 0.1109584381072770687, 0.6461032559397968944, 0.01000000000000000021 ) ) ;
#6546 = SURFACE_STYLE_USAGE ( .BOTH. , #2045 ) ;
#6547 = CARTESIAN_POINT ( 'NONE',  ( -0.1155402922121630677, 0.6304500467786023910, 0.000000000000000000 ) ) ;
#6548 = VERTEX_POINT ( 'NONE', #3019 ) ;
#6549 =( GEOMETRIC_REPRESENTATION_CONTEXT ( 3 ) GLOBAL_UNCERTAINTY_ASSIGNED_CONTEXT ( ( #1516 ) ) GLOBAL_UNIT_ASSIGNED_CONTEXT ( ( #330, #3607, #251 ) ) REPRESENTATION_CONTEXT ( 'NONE', 'WORKASPACE' ) );
#6550 = PRESENTATION_STYLE_ASSIGNMENT (( #4289 ) ) ;
#6551 = FACE_OUTER_BOUND ( 'NONE', #867, .T. ) ;
#6552 = VERTEX_POINT ( 'NONE', #752 ) ;
#6553 = CARTESIAN_POINT ( 'NONE',  ( -1.000000000000000000, -0.7099999999999999645, 0.2800000000000000266 ) ) ;
#6554 =( NAMED_UNIT ( * ) PLANE_ANGLE_UNIT ( ) SI_UNIT ( $, .RADIAN. ) );
#6555 = VECTOR ( 'NONE', #4625, 1000.000000000000000 ) ;
#6556 = CARTESIAN_POINT ( 'NONE',  ( -0.09686567348259841892, 0.6480175098169882464, 0.000000000000000000 ) ) ;
#6557 = CARTESIAN_POINT ( 'NONE',  ( -1.000000000000000000, -0.1450000000000000455, 0.2800000000000000266 ) ) ;
#6558 = LINE ( 'NONE', #4440, #2732 ) ;
#6559 =( NAMED_UNIT ( * ) SI_UNIT ( $, .STERADIAN. ) SOLID_ANGLE_UNIT ( ) );
#6560 = EDGE_LOOP ( 'NONE', ( #1787, #2413, #2145, #672 ) ) ;
#6561 = CARTESIAN_POINT ( 'NONE',  ( 0.1072442960545317153, 0.6310450699240951478, 0.000000000000000000 ) ) ;
#6562 = SURFACE_SIDE_STYLE ('',( #446 ) ) ;
#6563 = B_SPLINE_CURVE_WITH_KNOTS ( 'NONE', 3,
 ( #5637, #3504, #5081, #3425, #42, #76, #2360, #113, #4087, #143, #2328, #6830, #6269, #1226, #3463, #5711, #679, #2912, #5747 ),
 .UNSPECIFIED., .F., .F.,
 ( 4, 1, 1, 1, 1, 1, 1, 1, 1, 1, 1, 1, 1, 1, 1, 1, 4 ),
 ( 0.000000000000000000, 0.06460397028839230671, 0.1267024139629472634, 0.1867568140356182516, 0.2455056873654378469, 0.3036520244499755772, 0.3615030739706258101, 0.4202402229284676327, 0.4800333407766969596, 0.5406781347755161837, 0.6011918063807819568, 0.6623335024774421598, 0.7247395102972319370, 0.7894677361728867915, 0.8565048600438299742, 0.9263120958391908299, 1.000000000000000000 ),
 .UNSPECIFIED. ) ;
#6564 = STYLED_ITEM ( 'NONE', ( #1424 ), #2503 ) ;
#6565 = EDGE_CURVE ( 'NONE', #1238, #1040, #3512, .T. ) ;
#6566 =( NAMED_UNIT ( * ) SI_UNIT ( $, .STERADIAN. ) SOLID_ANGLE_UNIT ( ) );
#6567 = FACE_OUTER_BOUND ( 'NONE', #1793, .T. ) ;
#6568 = DIRECTION ( 'NONE',  ( 0.8397886090044209828, 0.5429135218305209953, 0.000000000000000000 ) ) ;
#6569 = COLOUR_RGB ( '',0.8313725490196077761, 0.8313725490196077761, 0.8196078431372548767 ) ;
#6570 = VECTOR ( 'NONE', #904, 1000.000000000000000 ) ;
#6571 = DIRECTION ( 'NONE',  ( 1.084367326881634651E-14, -1.000000000000000000, 0.000000000000000000 ) ) ;
#6572 = DIRECTION ( 'NONE',  ( 0.000000000000000000, -0.000000000000000000, 1.000000000000000000 ) ) ;
#6573 = CARTESIAN_POINT ( 'NONE',  ( 1.000000000000000000, -0.2899999999999999800, 0.2800000000000000266 ) ) ;
#6574 = ADVANCED_FACE ( 'NONE', ( #3578 ), #4003, .F. ) ;
#6575 = CARTESIAN_POINT ( 'NONE',  ( 1.000000000000000000, -0.7000000000000001776, 0.2900000000000000355 ) ) ;
#6576 = STYLED_ITEM ( 'NONE', ( #1265 ), #461 ) ;
#6577 = STYLED_ITEM ( 'NONE', ( #526 ), #3029 ) ;
#6578 = ORIENTED_EDGE ( 'NONE', *, *, #905, .F. ) ;
#6579 = ORIENTED_EDGE ( 'NONE', *, *, #4024, .T. ) ;
#6580 = CARTESIAN_POINT ( 'NONE',  ( -0.2057841946511874687, 0.6304500467786023910, 0.000000000000000000 ) ) ;
#6581 = VECTOR ( 'NONE', #3453, 1000.000000000000000 ) ;
#6582 = CARTESIAN_POINT ( 'NONE',  ( 0.000000000000000000, 0.7304500467786024798, 0.01000000000000000021 ) ) ;
#6583 = FACE_OUTER_BOUND ( 'NONE', #2474, .T. ) ;
#6584 = DIRECTION ( 'NONE',  ( 1.000000000000000000, 0.000000000000000000, -0.000000000000000000 ) ) ;
#6585 =( NAMED_UNIT ( * ) PLANE_ANGLE_UNIT ( ) SI_UNIT ( $, .RADIAN. ) );
#6586 = CARTESIAN_POINT ( 'NONE',  ( -0.02773541416338257473, 0.7304500467786024798, 0.01000000000000000021 ) ) ;
#6587 = COLOUR_RGB ( '',0.8313725490196077761, 0.8313725490196077761, 0.8196078431372548767 ) ;
#6588 = VERTEX_POINT ( 'NONE', #1264 ) ;
#6589 = VECTOR ( 'NONE', #2933, 1000.000000000000000 ) ;
#6590 = CARTESIAN_POINT ( 'NONE',  ( 1.000000000000000000, -0.8549999999999999822, -0.01000000000000000021 ) ) ;
#6591 = SPHERICAL_SURFACE ( 'NONE', #3315, 0.01000000000000000021 ) ;
#6592 = VERTEX_POINT ( 'NONE', #5820 ) ;
#6593 = FILL_AREA_STYLE_COLOUR ( '', #5581 ) ;
#6594 =( NAMED_UNIT ( * ) PLANE_ANGLE_UNIT ( ) SI_UNIT ( $, .RADIAN. ) );
#6595 = CARTESIAN_POINT ( 'NONE',  ( -0.07130915001133739106, 0.6323118898154788114, 0.000000000000000000 ) ) ;
#6596 = DIRECTION ( 'NONE',  ( 0.000000000000000000, 1.000000000000000000, -0.000000000000000000 ) ) ;
#6597 = CARTESIAN_POINT ( 'NONE',  ( 0.06583555122866159570, 0.7148075274923845202, 0.01000000000000000021 ) ) ;
#6598 = VERTEX_POINT ( 'NONE', #825 ) ;
#6599 = SURFACE_STYLE_FILL_AREA ( #4888 ) ;
#6600 = CARTESIAN_POINT ( 'NONE',  ( 0.1344512063721191586, 0.6541264347566058124, 0.01000000000000000194 ) ) ;
#6601 = CARTESIAN_POINT ( 'NONE',  ( 1.000000000000000000, 0.1450000000000001565, 0.000000000000000000 ) ) ;
#6602 =( NAMED_UNIT ( * ) PLANE_ANGLE_UNIT ( ) SI_UNIT ( $, .RADIAN. ) );
#6603 = PRESENTATION_STYLE_ASSIGNMENT (( #3343 ) ) ;
#6604 = FACE_OUTER_BOUND ( 'NONE', #2825, .T. ) ;
#6605 = CARTESIAN_POINT ( 'NONE',  ( -1.000000000000000000, -0.7099999999999999645, 0.2800000000000000266 ) ) ;
#6606 = EDGE_CURVE ( 'NONE', #2708, #4938, #5469, .T. ) ;
#6607 = PRESENTATION_STYLE_ASSIGNMENT (( #5335 ) ) ;
#6608 = UNCERTAINTY_MEASURE_WITH_UNIT (LENGTH_MEASURE( 1.000000000000000082E-05 ), #4322, 'distance_accuracy_value', 'NONE');
#6609 = LINE ( 'NONE', #5553, #5858 ) ;
#6610 = CARTESIAN_POINT ( 'NONE',  ( 0.09442105848099423271, 0.6403042527038106391, 0.000000000000000000 ) ) ;
#6611 = CARTESIAN_POINT ( 'NONE',  ( 0.06736637608757958806, 0.7286880143314464764, 0.01000000000000000021 ) ) ;
#6612 = VERTEX_POINT ( 'NONE', #1958 ) ;
#6613 = ORIENTED_EDGE ( 'NONE', *, *, #2060, .T. ) ;
#6614 = SURFACE_SIDE_STYLE ('',( #5522 ) ) ;
#6615 = EDGE_CURVE ( 'NONE', #3871, #6231, #5787, .T. ) ;
#6616 = LINE ( 'NONE', #6582, #914 ) ;
#6617 = SURFACE_SIDE_STYLE ('',( #1632 ) ) ;
#6618 =( NAMED_UNIT ( * ) SI_UNIT ( $, .STERADIAN. ) SOLID_ANGLE_UNIT ( ) );
#6619 = ORIENTED_EDGE ( 'NONE', *, *, #4578, .T. ) ;
#6620 = SURFACE_STYLE_FILL_AREA ( #2049 ) ;
#6621 = CARTESIAN_POINT ( 'NONE',  ( -0.1045983748923533796, 0.7017304309580246757, 0.000000000000000000 ) ) ;
#6622 = ORIENTED_EDGE ( 'NONE', *, *, #886, .F. ) ;
#6623 = EDGE_CURVE ( 'NONE', #827, #1092, #4125, .T. ) ;
#6624 =( LENGTH_UNIT ( ) NAMED_UNIT ( * ) SI_UNIT ( .MILLI., .METRE. ) );
#6625 = VECTOR ( 'NONE', #5883, 1000.000000000000000 ) ;
#6626 = CARTESIAN_POINT ( 'NONE',  ( -1.000000000000000000, 0.8549999999999999822, 0.2900000000000000355 ) ) ;
#6627 = ORIENTED_EDGE ( 'NONE', *, *, #2205, .T. ) ;
#6628 = CARTESIAN_POINT ( 'NONE',  ( 0.09810329908955521538, 0.6408090096345872011, 0.000000000000000000 ) ) ;
#6629 = MECHANICAL_DESIGN_GEOMETRIC_PRESENTATION_REPRESENTATION (  '', ( #1447 ), #3323 ) ;
#6630 = CARTESIAN_POINT ( 'NONE',  ( 0.06760355161592933315, 0.7158348688973327212, 0.01000000000000000021 ) ) ;
#6631 = EDGE_CURVE ( 'NONE', #899, #5839, #4528, .T. ) ;
#6632 = ORIENTED_EDGE ( 'NONE', *, *, #897, .T. ) ;
#6633 = CARTESIAN_POINT ( 'NONE',  ( 0.1990938541293003905, 0.7304500467786024798, 0.01000000000000000021 ) ) ;
#6634 = SURFACE_STYLE_USAGE ( .BOTH. , #3441 ) ;
#6635 = CARTESIAN_POINT ( 'NONE',  ( -0.008223219041431360440, 0.6414256565347000727, 0.000000000000000000 ) ) ;
#6636 = COLOUR_RGB ( '',0.2980392156862745057, 0.2980392156862745057, 0.2980392156862745057 ) ;
#6637 = PRESENTATION_LAYER_ASSIGNMENT (  '', '', ( #5200 ) ) ;
#6638 = CARTESIAN_POINT ( 'NONE',  ( -1.000000000000000000, 0.8549999999999999822, 0.2800000000000000266 ) ) ;
#6639 = CARTESIAN_POINT ( 'NONE',  ( -0.5199999999999999067, -0.1450000000000000455, -0.01000000000000000021 ) ) ;
#6640 =( GEOMETRIC_REPRESENTATION_CONTEXT ( 3 ) GLOBAL_UNCERTAINTY_ASSIGNED_CONTEXT ( ( #248 ) ) GLOBAL_UNIT_ASSIGNED_CONTEXT ( ( #2770, #6338, #1833 ) ) REPRESENTATION_CONTEXT ( 'NONE', 'WORKASPACE' ) );
#6641 = FILL_AREA_STYLE ('',( #2164 ) ) ;
#6642 = VERTEX_POINT ( 'NONE', #2551 ) ;
#6643 = SURFACE_STYLE_FILL_AREA ( #6152 ) ;
#6644 = CARTESIAN_POINT ( 'NONE',  ( 0.000000000000000000, 0.000000000000000000, 0.01000000000000000021 ) ) ;
#6645 = FILL_AREA_STYLE ('',( #5486 ) ) ;
#6646 = CARTESIAN_POINT ( 'NONE',  ( 0.6300000000000001155, -0.8549999999999999822, 0.2900000000000000355 ) ) ;
#6647 = VERTEX_POINT ( 'NONE', #4236 ) ;
#6648 = ADVANCED_FACE ( 'NONE', ( #4789 ), #893, .T. ) ;
#6649 = VERTEX_POINT ( 'NONE', #4469 ) ;
#6650 = AXIS2_PLACEMENT_3D ( 'NONE', #5437, #912, #4918 ) ;
#6651 = COLOUR_RGB ( '',0.8313725490196077761, 0.8313725490196077761, 0.8196078431372548767 ) ;
#6652 =( NAMED_UNIT ( * ) SI_UNIT ( $, .STERADIAN. ) SOLID_ANGLE_UNIT ( ) );
#6653 = DIRECTION ( 'NONE',  ( 1.527045313359865723E-16, -1.000000000000000000, 0.000000000000000000 ) ) ;
#6654 = CARTESIAN_POINT ( 'NONE',  ( -1.000000000000000000, -0.8549999999999999822, 0.2900000000000000355 ) ) ;
#6655 = CARTESIAN_POINT ( 'NONE',  ( 0.09442105848099423271, 0.6403042527038106391, 0.01000000000000000021 ) ) ;
#6656 = AXIS2_PLACEMENT_3D ( 'NONE', #667, #2414, #6326 ) ;
#6657 = SURFACE_STYLE_USAGE ( .BOTH. , #3948 ) ;
#6658 = EDGE_CURVE ( 'NONE', #2775, #1342, #2226, .T. ) ;
#6659 = EDGE_LOOP ( 'NONE', ( #939, #72, #285, #4355, #2136, #5417 ) ) ;
#6660 = CIRCLE ( 'NONE', #2070, 0.01000000000000002623 ) ;
#6661 = DIRECTION ( 'NONE',  ( 1.000000000000000000, 0.000000000000000000, 0.000000000000000000 ) ) ;
#6662 = ORIENTED_EDGE ( 'NONE', *, *, #2744, .T. ) ;
#6663 =( NAMED_UNIT ( * ) SI_UNIT ( $, .STERADIAN. ) SOLID_ANGLE_UNIT ( ) );
#6664 = COLOUR_RGB ( '',0.2980392156862745057, 0.2980392156862745057, 0.2980392156862745057 ) ;
#6665 = CARTESIAN_POINT ( 'NONE',  ( 0.09237821804930602954, 0.7206076782764423427, 0.000000000000000000 ) ) ;
#6666 = COLOUR_RGB ( '',0.8313725490196077761, 0.8313725490196077761, 0.8196078431372548767 ) ;
#6667 = EDGE_CURVE ( 'NONE', #2673, #98, #616, .T. ) ;
#6668 = LINE ( 'NONE', #4364, #4365 ) ;
#6669 = CARTESIAN_POINT ( 'NONE',  ( 0.08731074481689470035, 0.7206779951579930232, 0.000000000000000000 ) ) ;
#6670 = ORIENTED_EDGE ( 'NONE', *, *, #462, .T. ) ;
#6671 = DIRECTION ( 'NONE',  ( 0.000000000000000000, 0.000000000000000000, 1.000000000000000000 ) ) ;
#6672 =( GEOMETRIC_REPRESENTATION_CONTEXT ( 3 ) GLOBAL_UNCERTAINTY_ASSIGNED_CONTEXT ( ( #415 ) ) GLOBAL_UNIT_ASSIGNED_CONTEXT ( ( #6738, #6222, #2308 ) ) REPRESENTATION_CONTEXT ( 'NONE', 'WORKASPACE' ) );
#6673 = CARTESIAN_POINT ( 'NONE',  ( -0.1603326967934936842, 0.7160677354647395632, 0.000000000000000000 ) ) ;
#6674 = DIRECTION ( 'NONE',  ( -1.000000000000000000, 0.000000000000000000, 0.000000000000000000 ) ) ;
#6675 = EDGE_LOOP ( 'NONE', ( #479, #4431, #4659, #3939 ) ) ;
#6676 = ADVANCED_FACE ( 'NONE', ( #1202 ), #3329, .F. ) ;
#6677 = CARTESIAN_POINT ( 'NONE',  ( 1.000000000000000000, -0.1450000000000000455, 0.2800000000000000266 ) ) ;
#6678 = EDGE_CURVE ( 'NONE', #4682, #7048, #3915, .T. ) ;
#6679 = COLOUR_RGB ( '',0.8313725490196077761, 0.8313725490196077761, 0.8196078431372548767 ) ;
#6680 = EDGE_LOOP ( 'NONE', ( #2954, #2906, #1048 ) ) ;
#6681 = CARTESIAN_POINT ( 'NONE',  ( -0.6110963936061699631, -0.8909233662373267082, 0.8000000000000001554 ) ) ;
#6682 = DIRECTION ( 'NONE',  ( 1.000000000000000000, 1.084202172485501594E-14, 0.000000000000000000 ) ) ;
#6683 = UNCERTAINTY_MEASURE_WITH_UNIT (LENGTH_MEASURE( 1.000000000000000082E-05 ), #693, 'distance_accuracy_value', 'NONE');
#6684 = MECHANICAL_DESIGN_GEOMETRIC_PRESENTATION_REPRESENTATION (  '', ( #1037 ), #5146 ) ;
#6685 = DIRECTION ( 'NONE',  ( -1.000000000000000000, 0.000000000000000000, 0.000000000000000000 ) ) ;
#6686 = CARTESIAN_POINT ( 'NONE',  ( -1.000000000000000000, 0.3000000000000000444, -0.01000000000000000021 ) ) ;
#6687 =( NAMED_UNIT ( * ) PLANE_ANGLE_UNIT ( ) SI_UNIT ( $, .RADIAN. ) );
#6688 = VERTEX_POINT ( 'NONE', #656 ) ;
#6689 = VERTEX_POINT ( 'NONE', #3951 ) ;
#6690 = COLOUR_RGB ( '',0.2980392156862745057, 0.2980392156862745057, 0.2980392156862745057 ) ;
#6691 = DIRECTION ( 'NONE',  ( -1.527045313359865723E-16, -1.000000000000000000, 0.000000000000000000 ) ) ;
#6692 = CARTESIAN_POINT ( 'NONE',  ( 0.07908923574731502315, 0.7198406783824443655, 0.000000000000000000 ) ) ;
#6693 = UNCERTAINTY_MEASURE_WITH_UNIT (LENGTH_MEASURE( 1.000000000000000082E-05 ), #1298, 'distance_accuracy_value', 'NONE');
#6694 = CARTESIAN_POINT ( 'NONE',  ( -0.05589852391948014337, 0.7194744370225049090, 0.01000000000000000021 ) ) ;
#6695 = PLANE ( 'NONE',  #2734 ) ;
#6696 = VECTOR ( 'NONE', #1499, 1000.000000000000000 ) ;
#6697 = AXIS2_PLACEMENT_3D ( 'NONE', #2847, #223, #1993 ) ;
#6698 = CARTESIAN_POINT ( 'NONE',  ( -0.6300000000000001155, 0.8549999999999999822, 0.2800000000000000266 ) ) ;
#6699 = CARTESIAN_POINT ( 'NONE',  ( 0.03202068339759305687, 0.6414256565347000727, 0.000000000000000000 ) ) ;
#6700 = EDGE_LOOP ( 'NONE', ( #2823, #5422, #6498, #2357 ) ) ;
#6701 = VECTOR ( 'NONE', #6148, 1000.000000000000000 ) ;
#6702 = COLOUR_RGB ( '',0.8313725490196077761, 0.8313725490196077761, 0.8196078431372548767 ) ;
#6703 = AXIS2_PLACEMENT_3D ( 'NONE', #1944, #5925, #4226 ) ;
#6704 = DIRECTION ( 'NONE',  ( -1.000000000000000000, 0.000000000000000000, 0.000000000000000000 ) ) ;
#6705 = ORIENTED_EDGE ( 'NONE', *, *, #4974, .T. ) ;
#6706 =( LENGTH_UNIT ( ) NAMED_UNIT ( * ) SI_UNIT ( .MILLI., .METRE. ) );
#6707 = ADVANCED_FACE ( 'NONE', ( #6213 ), #6263, .F. ) ;
#6708 = DIRECTION ( 'NONE',  ( 1.000000000000000000, 0.000000000000000000, 0.000000000000000000 ) ) ;
#6709 = FACE_OUTER_BOUND ( 'NONE', #5808, .T. ) ;
#6710 = VECTOR ( 'NONE', #3426, 1000.000000000000000 ) ;
#6711 =( GEOMETRIC_REPRESENTATION_CONTEXT ( 3 ) GLOBAL_UNCERTAINTY_ASSIGNED_CONTEXT ( ( #5775 ) ) GLOBAL_UNIT_ASSIGNED_CONTEXT ( ( #5957, #1567, #2572 ) ) REPRESENTATION_CONTEXT ( 'NONE', 'WORKASPACE' ) );
#6712 = DIRECTION ( 'NONE',  ( 0.3390537954853696245, 0.9407669869669986751, 0.000000000000000000 ) ) ;
#6713 = CARTESIAN_POINT ( 'NONE',  ( 0.08940689134101739710, 0.6402219983943201465, 0.01000000000000000021 ) ) ;
#6714 = CARTESIAN_POINT ( 'NONE',  ( -0.6300000000000001155, 0.8549999999999999822, 0.2900000000000000355 ) ) ;
#6715 = EDGE_CURVE ( 'NONE', #6689, #69, #6236, .T. ) ;
#6716 = ORIENTED_EDGE ( 'NONE', *, *, #1563, .T. ) ;
#6717 = CARTESIAN_POINT ( 'NONE',  ( 0.03202068339759305687, 0.6865476077542121969, 0.01000000000000000021 ) ) ;
#6718 = SURFACE_STYLE_FILL_AREA ( #6641 ) ;
#6719 = VERTEX_POINT ( 'NONE', #2320 ) ;
#6720 = DIRECTION ( 'NONE',  ( 0.000000000000000000, 1.000000000000000000, 0.000000000000000000 ) ) ;
#6721 = CARTESIAN_POINT ( 'NONE',  ( 1.000000000000000000, -0.8549999999999999822, -0.01000000000000000021 ) ) ;
#6722 = PLANE ( 'NONE',  #1980 ) ;
#6723 =( NAMED_UNIT ( * ) PLANE_ANGLE_UNIT ( ) SI_UNIT ( $, .RADIAN. ) );
#6724 = CARTESIAN_POINT ( 'NONE',  ( 0.08171781021208079920, 0.7314409135971166043, 0.000000000000000000 ) ) ;
#6725 = ORIENTED_EDGE ( 'NONE', *, *, #2525, .T. ) ;
#6726 = PLANE ( 'NONE',  #638 ) ;
#6727 = CARTESIAN_POINT ( 'NONE',  ( 0.06760355161592933315, 0.7158348688973327212, 0.000000000000000000 ) ) ;
#6728 = CARTESIAN_POINT ( 'NONE',  ( 0.1990938541293003905, 0.7304500467786024798, 0.000000000000000000 ) ) ;
#6729 =( NAMED_UNIT ( * ) SI_UNIT ( $, .STERADIAN. ) SOLID_ANGLE_UNIT ( ) );
#6730 = CARTESIAN_POINT ( 'NONE',  ( 0.04543531754393450445, 0.6304500467786023910, 0.000000000000000000 ) ) ;
#6731 = CARTESIAN_POINT ( 'NONE',  ( -0.1533451702609435752, 0.7304500467786024798, 0.000000000000000000 ) ) ;
#6732 = ORIENTED_EDGE ( 'NONE', *, *, #2012, .T. ) ;
#6733 = LINE ( 'NONE', #3328, #2740 ) ;
#6734 = VERTEX_POINT ( 'NONE', #1286 ) ;
#6735 = DIRECTION ( 'NONE',  ( -0.000000000000000000, 0.000000000000000000, -1.000000000000000000 ) ) ;
#6736 = CARTESIAN_POINT ( 'NONE',  ( 0.1034715882704956846, 0.7179790296567813979, 0.000000000000000000 ) ) ;
#6737 = SURFACE_SIDE_STYLE ('',( #5688 ) ) ;
#6738 =( LENGTH_UNIT ( ) NAMED_UNIT ( * ) SI_UNIT ( .MILLI., .METRE. ) );
#6739 = ADVANCED_FACE ( 'NONE', ( #4560, #2356 ), #3966, .F. ) ;
#6740 = SURFACE_SIDE_STYLE ('',( #1032 ) ) ;
#6741 = CARTESIAN_POINT ( 'NONE',  ( 0.1393377565683247554, 0.6785636138517732174, 0.000000000000000000 ) ) ;
#6742 = FACE_OUTER_BOUND ( 'NONE', #3641, .T. ) ;
#6743 = ORIENTED_EDGE ( 'NONE', *, *, #6565, .T. ) ;
#6744 = COLOUR_RGB ( '',0.8313725490196077761, 0.8313725490196077761, 0.8196078431372548767 ) ;
#6745 = CARTESIAN_POINT ( 'NONE',  ( -0.008223219041431360440, 0.6304500467786023910, 0.000000000000000000 ) ) ;
#6746 = VECTOR ( 'NONE', #785, 1000.000000000000000 ) ;
#6747 = ORIENTED_EDGE ( 'NONE', *, *, #5278, .T. ) ;
#6748 = SURFACE_STYLE_FILL_AREA ( #2731 ) ;
#6749 = ADVANCED_FACE ( 'NONE', ( #4042 ), #3531, .T. ) ;
#6750 = UNCERTAINTY_MEASURE_WITH_UNIT (LENGTH_MEASURE( 1.000000000000000082E-05 ), #2144, 'distance_accuracy_value', 'NONE');
#6751 =( GEOMETRIC_REPRESENTATION_CONTEXT ( 3 ) GLOBAL_UNCERTAINTY_ASSIGNED_CONTEXT ( ( #496 ) ) GLOBAL_UNIT_ASSIGNED_CONTEXT ( ( #1930, #3145, #5999 ) ) REPRESENTATION_CONTEXT ( 'NONE', 'WORKASPACE' ) );
#6752 = DIRECTION ( 'NONE',  ( 0.01745240643728354635, 0.000000000000000000, -0.9998476951563911586 ) ) ;
#6753 =( LENGTH_UNIT ( ) NAMED_UNIT ( * ) SI_UNIT ( .MILLI., .METRE. ) );
#6754 = ORIENTED_EDGE ( 'NONE', *, *, #2060, .F. ) ;
#6755 = MECHANICAL_DESIGN_GEOMETRIC_PRESENTATION_REPRESENTATION (  '', ( #6046 ), #4043 ) ;
#6756 = DIRECTION ( 'NONE',  ( -1.000000000000000000, 0.000000000000000000, 0.000000000000000000 ) ) ;
#6757 = PRESENTATION_LAYER_ASSIGNMENT (  '', '', ( #3922 ) ) ;
#6758 = LINE ( 'NONE', #5601, #1805 ) ;
#6759 =( NAMED_UNIT ( * ) SI_UNIT ( $, .STERADIAN. ) SOLID_ANGLE_UNIT ( ) );
#6760 = CARTESIAN_POINT ( 'NONE',  ( -1.000000000000000000, 0.1450000000000000455, -0.01000000000000000021 ) ) ;
#6761 = FACE_OUTER_BOUND ( 'NONE', #437, .T. ) ;
#6762 = VECTOR ( 'NONE', #649, 1000.000000000000000 ) ;
#6763 = FACE_OUTER_BOUND ( 'NONE', #2178, .T. ) ;
#6764 = MECHANICAL_DESIGN_GEOMETRIC_PRESENTATION_REPRESENTATION (  '', ( #6774 ), #3103 ) ;
#6765 = PRESENTATION_STYLE_ASSIGNMENT (( #6172 ) ) ;
#6766 = EDGE_CURVE ( 'NONE', #7238, #3458, #4187, .T. ) ;
#6767 = ADVANCED_FACE ( 'NONE', ( #2576 ), #3601, .F. ) ;
#6768 = ORIENTED_EDGE ( 'NONE', *, *, #6225, .T. ) ;
#6769 = AXIS2_PLACEMENT_3D ( 'NONE', #2693, #618, #7196 ) ;
#6770 = DIRECTION ( 'NONE',  ( 0.000000000000000000, 1.000000000000000000, 0.000000000000000000 ) ) ;
#6771 = VERTEX_POINT ( 'NONE', #4146 ) ;
#6772 = PRESENTATION_STYLE_ASSIGNMENT (( #657 ) ) ;
#6773 =( NAMED_UNIT ( * ) SI_UNIT ( $, .STERADIAN. ) SOLID_ANGLE_UNIT ( ) );
#6774 = STYLED_ITEM ( 'NONE', ( #1208 ), #4251 ) ;
#6775 = SURFACE_STYLE_FILL_AREA ( #6811 ) ;
#6776 = CARTESIAN_POINT ( 'NONE',  ( 0.1128180798227536169, 0.7121756606535966094, 0.01000000000000000021 ) ) ;
#6777 = PRESENTATION_LAYER_ASSIGNMENT (  '', '', ( #2886 ) ) ;
#6778 = VECTOR ( 'NONE', #3767, 1000.000000000000000 ) ;
#6779 = CARTESIAN_POINT ( 'NONE',  ( 0.6300000000000001155, -0.1450000000000000455, 0.2900000000000000355 ) ) ;
#6780 = SURFACE_SIDE_STYLE ('',( #1135 ) ) ;
#6781 = COLOUR_RGB ( '',0.8313725490196077761, 0.8313725490196077761, 0.8196078431372548767 ) ;
#6782 = LINE ( 'NONE', #7261, #3091 ) ;
#6783 = CARTESIAN_POINT ( 'NONE',  ( -0.1581647577758755752, 0.7116985175061079083, 0.01000000000000000021 ) ) ;
#6784 = STYLED_ITEM ( 'NONE', ( #6248 ), #1213 ) ;
#6785 = CARTESIAN_POINT ( 'NONE',  ( 0.07734666008931617709, 0.6307883421529665302, 0.000000000000000000 ) ) ;
#6786 = ORIENTED_EDGE ( 'NONE', *, *, #6284, .F. ) ;
#6787 = CARTESIAN_POINT ( 'NONE',  ( 0.06993374572101845876, 0.7294698467599798342, 0.01000000000000000021 ) ) ;
#6788 = B_SPLINE_CURVE_WITH_KNOTS ( 'NONE', 3,
 ( #1316, #6956, #3110, #4145, #3562, #916, #771, #1896, #7000, #3153, #1938, #1421, #4186, #283, #2539, #4774, #3665, #878, #5369 ),
 .UNSPECIFIED., .F., .F.,
 ( 4, 1, 1, 1, 1, 1, 1, 1, 1, 1, 1, 1, 1, 1, 1, 1, 4 ),
 ( 0.000000000000000000, 0.06863117867660104010, 0.1345664660386768630, 0.1983281540108809970, 0.2607897666408446335, 0.3219991514841585856, 0.3827217465030195997, 0.4435374740357292400, 0.5051334294849251227, 0.5662138747646717762, 0.6261058646175462483, 0.6853493221605172492, 0.7449958703477983502, 0.8054158418145639375, 0.8676362663459531444, 0.9323077823023293575, 1.000000000000000000 ),
 .UNSPECIFIED. ) ;
#6789 = CARTESIAN_POINT ( 'NONE',  ( 0.1173644428903026365, 0.7235243890302002212, 0.01000000000000000021 ) ) ;
#6790 = ORIENTED_EDGE ( 'NONE', *, *, #690, .F. ) ;
#6791 =( NAMED_UNIT ( * ) SI_UNIT ( $, .STERADIAN. ) SOLID_ANGLE_UNIT ( ) );
#6792 = AXIS2_PLACEMENT_3D ( 'NONE', #5663, #5072, #6295 ) ;
#6793 = ORIENTED_EDGE ( 'NONE', *, *, #2267, .T. ) ;
#6794 = CARTESIAN_POINT ( 'NONE',  ( -0.1911500483097240688, 0.6304500467786023910, 0.000000000000000000 ) ) ;
#6795 = EDGE_CURVE ( 'NONE', #1511, #4624, #7115, .T. ) ;
#6796 = B_SPLINE_SURFACE_WITH_KNOTS ( 'NONE', 3, 1, ( 
 ( #4844, #3704 ),
 ( #3152, #282 ),
 ( #2537, #3597 ),
 ( #2059, #4773 ),
 ( #6999, #4299 ),
 ( #5407, #361 ),
 ( #7039, #3664 ),
 ( #2609, #1314 ),
 ( #5917, #3561 ),
 ( #3109, #3040 ),
 ( #5284, #2653 ),
 ( #7298, #7150 ),
 ( #3778, #6005 ),
 ( #957, #398 ),
 ( #2792, #3186 ),
 ( #6628, #1571 ),
 ( #2154, #993 ),
 ( #4402, #2689 ),
 ( #509, #550 ) ),
 .UNSPECIFIED., .F., .F., .F.,
 ( 4, 1, 1, 1, 1, 1, 1, 1, 1, 1, 1, 1, 1, 1, 1, 1, 4 ),
 ( 2, 2 ),
 ( 0.000000000000000000, 0.07377411937406361253, 0.1440791147260406524, 0.2113485183089112984, 0.2760768857398833709, 0.3385209158196765267, 0.3998851166931335910, 0.4602540674652136898, 0.5205889643912485765, 0.5802076845630448343, 0.6386329085525460636, 0.6963645494905241762, 0.7540017746600127246, 0.8128056813744980458, 0.8727544255255602623, 0.9351819969782670938, 1.000000000000000000 ),
 ( 0.000000000000000000, 1.000000000000000000 ),
 .UNSPECIFIED. ) ;
#6797 = CARTESIAN_POINT ( 'NONE',  ( -0.06810742463629806953, 0.6428366065902808568, 0.01000000000000000021 ) ) ;
#6798 = AXIS2_PLACEMENT_3D ( 'NONE', #5224, #5334, #295 ) ;
#6799 = CARTESIAN_POINT ( 'NONE',  ( -0.06010106909054563351, 0.7193879634396748157, 0.000000000000000000 ) ) ;
#6800 = CARTESIAN_POINT ( 'NONE',  ( 0.08836595778783694344, 0.7206939492176268613, 0.000000000000000000 ) ) ;
#6801 = SURFACE_STYLE_USAGE ( .BOTH. , #5014 ) ;
#6802 = ADVANCED_FACE ( 'NONE', ( #6007 ), #1897, .T. ) ;
#6803 = DIRECTION ( 'NONE',  ( -0.000000000000000000, -0.000000000000000000, -1.000000000000000000 ) ) ;
#6804 = CARTESIAN_POINT ( 'NONE',  ( -1.000000000000000000, 0.8550000000000000933, 0.000000000000000000 ) ) ;
#6805 = EDGE_LOOP ( 'NONE', ( #3714, #5113, #7191, #3090, #1617 ) ) ;
#6806 = FILL_AREA_STYLE_COLOUR ( '', #2142 ) ;
#6807 = MECHANICAL_DESIGN_GEOMETRIC_PRESENTATION_REPRESENTATION (  '', ( #6452 ), #89 ) ;
#6808 = DIRECTION ( 'NONE',  ( 1.000000000000000000, -0.000000000000000000, -0.000000000000000000 ) ) ;
#6809 =( NAMED_UNIT ( * ) SI_UNIT ( $, .STERADIAN. ) SOLID_ANGLE_UNIT ( ) );
#6810 = VECTOR ( 'NONE', #1776, 1000.000000000000000 ) ;
#6811 = FILL_AREA_STYLE ('',( #1205 ) ) ;
#6812 = CARTESIAN_POINT ( 'NONE',  ( 0.06494751266588572047, 0.7277061443395781426, 0.01000000000000000021 ) ) ;
#6813 = CARTESIAN_POINT ( 'NONE',  ( -1.000000000000000000, -0.2899999999999999245, 0.000000000000000000 ) ) ;
#6814 = B_SPLINE_CURVE_WITH_KNOTS ( 'NONE', 3,
 ( #990, #2573, #1568, #436, #7148, #4808, #3254, #3293, #6556, #359, #2607, #4296, #6003, #4253, #6595, #955, #5502, #1463, #1498 ),
 .UNSPECIFIED., .F., .F.,
 ( 4, 1, 1, 1, 1, 1, 1, 1, 1, 1, 1, 1, 1, 1, 1, 1, 4 ),
 ( 0.000000000000000000, 0.06806869584499457282, 0.1334274328189550829, 0.1961460338131570114, 0.2570485924493124963, 0.3168826631591622478, 0.3761872086663219372, 0.4359603353635462253, 0.4965352368627262147, 0.5574653434807335106, 0.6176868634101474465, 0.6779436406969060469, 0.7388052848060403521, 0.8009493367665840857, 0.8648146674702263947, 0.9310247810786568268, 1.000000000000000000 ),
 .UNSPECIFIED. ) ;
#6815 = PRESENTATION_LAYER_ASSIGNMENT (  '', '', ( #1388 ) ) ;
#6816 = FILL_AREA_STYLE_COLOUR ( '', #1486 ) ;
#6817 = ORIENTED_EDGE ( 'NONE', *, *, #6309, .F. ) ;
#6818 = CARTESIAN_POINT ( 'NONE',  ( 0.000000000000000000, 0.000000000000000000, 0.2800000000000000266 ) ) ;
#6820 = AXIS2_PLACEMENT_3D ( 'NONE', #1258, #3505, #187 ) ;
#6819 = PRESENTATION_STYLE_ASSIGNMENT (( #556 ) ) ;
#6821 = CIRCLE ( 'NONE', #6703, 0.01000000000000002623 ) ;
#6822 = FILL_AREA_STYLE ('',( #705 ) ) ;
#6823 = ORIENTED_EDGE ( 'NONE', *, *, #1922, .T. ) ;
#6824 = EDGE_LOOP ( 'NONE', ( #6, #6463, #4694, #6008 ) ) ;
#6825 =( BOUNDED_CURVE ( )  B_SPLINE_CURVE ( 3, ( #5514, #1514, #4962, #7088 ),
 .UNSPECIFIED., .F., .F. ) 
 B_SPLINE_CURVE_WITH_KNOTS ( ( 4, 4 ),
 ( 5.497939437029716103, 7.068431177329456361 ),
 .UNSPECIFIED. ) 
 CURVE ( )  GEOMETRIC_REPRESENTATION_ITEM ( )  RATIONAL_B_SPLINE_CURVE ( ( 1.000000000000000000, 0.8048096403827843526, 0.8048096403827843526, 1.000000000000000000 ) ) 
 REPRESENTATION_ITEM ( '' )  );
#6826 = ORIENTED_EDGE ( 'NONE', *, *, #5303, .F. ) ;
#6827 = CARTESIAN_POINT ( 'NONE',  ( 0.04543531754393450445, 0.6304500467786023910, 0.01000000000000000021 ) ) ;
#6828 = DIRECTION ( 'NONE',  ( 1.527045313359865723E-16, 1.000000000000000000, -0.000000000000000000 ) ) ;
#6829 = UNCERTAINTY_MEASURE_WITH_UNIT (LENGTH_MEASURE( 1.000000000000000082E-05 ), #3515, 'distance_accuracy_value', 'NONE');
#6830 = CARTESIAN_POINT ( 'NONE',  ( 0.1200916694838432830, 0.7034675754835064687, 0.01000000000000000021 ) ) ;
#6831 = DIRECTION ( 'NONE',  ( -0.000000000000000000, -0.000000000000000000, -1.000000000000000000 ) ) ;
#6832 = ORIENTED_EDGE ( 'NONE', *, *, #4674, .F. ) ;
#6833 = EDGE_CURVE ( 'NONE', #2908, #1251, #3042, .T. ) ;
#6834 = CARTESIAN_POINT ( 'NONE',  ( -0.08665144577497665979, 0.7074470534389594167, 0.01000000000000000021 ) ) ;
#6835 = SURFACE_STYLE_FILL_AREA ( #2289 ) ;
#6836 = UNCERTAINTY_MEASURE_WITH_UNIT (LENGTH_MEASURE( 1.000000000000000082E-05 ), #7280, 'distance_accuracy_value', 'NONE');
#6837 =( NAMED_UNIT ( * ) PLANE_ANGLE_UNIT ( ) SI_UNIT ( $, .RADIAN. ) );
#6838 = CARTESIAN_POINT ( 'NONE',  ( 0.6300000000000001155, -0.1450000000000000455, 0.2900000000000000355 ) ) ;
#6839 = DIRECTION ( 'NONE',  ( 1.000000000000000000, 0.000000000000000000, 0.000000000000000000 ) ) ;
#6840 = ORIENTED_EDGE ( 'NONE', *, *, #7282, .T. ) ;
#6841 = ADVANCED_FACE ( 'NONE', ( #3075 ), #4232, .F. ) ;
#6842 = CARTESIAN_POINT ( 'NONE',  ( 0.04543531754393450445, 0.7304500467786024798, 0.000000000000000000 ) ) ;
#6843 = FILL_AREA_STYLE ('',( #3367 ) ) ;
#6844 = CARTESIAN_POINT ( 'NONE',  ( -0.09686567348259841892, 0.6480175098169882464, 0.01000000000000000021 ) ) ;
#6845 =( NAMED_UNIT ( * ) SI_UNIT ( $, .STERADIAN. ) SOLID_ANGLE_UNIT ( ) );
#6846 =( LENGTH_UNIT ( ) NAMED_UNIT ( * ) SI_UNIT ( .MILLI., .METRE. ) );
#6847 = CARTESIAN_POINT ( 'NONE',  ( 0.06771311680226138607, 0.6450508645864222457, 0.000000000000000000 ) ) ;
#6848 = ORIENTED_EDGE ( 'NONE', *, *, #7083, .T. ) ;
#6849 = CARTESIAN_POINT ( 'NONE',  ( 1.000000000000000000, -0.9000000000000002442, 0.000000000000000000 ) ) ;
#6850 = FILL_AREA_STYLE ('',( #2351 ) ) ;
#6851 = ORIENTED_EDGE ( 'NONE', *, *, #1410, .T. ) ;
#6852 = ORIENTED_EDGE ( 'NONE', *, *, #167, .F. ) ;
#6853 = DIRECTION ( 'NONE',  ( 0.000000000000000000, -1.000000000000000000, 0.000000000000000000 ) ) ;
#6854 = EDGE_CURVE ( 'NONE', #1220, #1898, #1680, .T. ) ;
#6855 = SURFACE_SIDE_STYLE ('',( #1828 ) ) ;
#6856 = CARTESIAN_POINT ( 'NONE',  ( 0.07079910554908817877, 0.6327842779701327025, 0.01000000000000000021 ) ) ;
#6857 = PLANE ( 'NONE',  #3919 ) ;
#6858 = VERTEX_POINT ( 'NONE', #4992 ) ;
#6859 =( GEOMETRIC_REPRESENTATION_CONTEXT ( 3 ) GLOBAL_UNCERTAINTY_ASSIGNED_CONTEXT ( ( #2993 ) ) GLOBAL_UNIT_ASSIGNED_CONTEXT ( ( #346, #3584, #5348 ) ) REPRESENTATION_CONTEXT ( 'NONE', 'WORKASPACE' ) );
#6860 = VECTOR ( 'NONE', #6235, 1000.000000000000000 ) ;
#6861 = CARTESIAN_POINT ( 'NONE',  ( -0.1062258737372868828, 0.6971203447159267652, 0.01000000000000000021 ) ) ;
#6862 = SURFACE_STYLE_USAGE ( .BOTH. , #2335 ) ;
#6863 =( NAMED_UNIT ( * ) SI_UNIT ( $, .STERADIAN. ) SOLID_ANGLE_UNIT ( ) );
#6864 = MECHANICAL_DESIGN_GEOMETRIC_PRESENTATION_REPRESENTATION (  '', ( #4971 ), #753 ) ;
#6865 = EDGE_CURVE ( 'NONE', #6044, #1112, #5731, .T. ) ;
#6866 = STYLED_ITEM ( 'NONE', ( #3406 ), #4806 ) ;
#6867 = LINE ( 'NONE', #5788, #578 ) ;
#6868 = ORIENTED_EDGE ( 'NONE', *, *, #6539, .F. ) ;
#6869 = AXIS2_PLACEMENT_3D ( 'NONE', #5551, #4965, #7231 ) ;
#6870 = PRESENTATION_STYLE_ASSIGNMENT (( #267 ) ) ;
#6871 = CARTESIAN_POINT ( 'NONE',  ( -0.1584914713394606489, 0.7126837609818843511, 0.000000000000000000 ) ) ;
#6872 = CARTESIAN_POINT ( 'NONE',  ( -0.1081036667614631436, 0.6761165888500060284, 0.01000000000000000021 ) ) ;
#6873 = AXIS2_PLACEMENT_3D ( 'NONE', #4514, #4479, #6259 ) ;
#6874 = ADVANCED_FACE ( 'NONE', ( #400 ), #594, .F. ) ;
#6875 = DIRECTION ( 'NONE',  ( 0.000000000000000000, -0.000000000000000000, 1.000000000000000000 ) ) ;
#6876 = CARTESIAN_POINT ( 'NONE',  ( -0.005784194651187445427, 0.7194744370225049090, 0.000000000000000000 ) ) ;
#6877 = STYLED_ITEM ( 'NONE', ( #5650 ), #6332 ) ;
#6878 = CARTESIAN_POINT ( 'NONE',  ( 0.1393377565683247554, 0.6785636138517732174, 0.000000000000000000 ) ) ;
#6879 = PRESENTATION_LAYER_ASSIGNMENT (  '', '', ( #4156 ) ) ;
#6880 = ORIENTED_EDGE ( 'NONE', *, *, #3911, .T. ) ;
#6881 = DIRECTION ( 'NONE',  ( 0.000000000000000000, -1.000000000000000000, -2.753875155837997251E-18 ) ) ;
#6882 = PRESENTATION_LAYER_ASSIGNMENT (  '', '', ( #6297 ) ) ;
#6883 = FILL_AREA_STYLE_COLOUR ( '', #5269 ) ;
#6884 = ADVANCED_FACE ( 'NONE', ( #253 ), #370, .F. ) ;
#6885 = ORIENTED_EDGE ( 'NONE', *, *, #808, .T. ) ;
#6886 = MECHANICAL_DESIGN_GEOMETRIC_PRESENTATION_REPRESENTATION (  '', ( #1241 ), #412 ) ;
#6887 = CARTESIAN_POINT ( 'NONE',  ( 0.1213435586079618378, 0.7205423467494403988, 0.01000000000000000021 ) ) ;
#6888 = CARTESIAN_POINT ( 'NONE',  ( -0.1580136153828947954, 0.7112427297054316755, 0.01000000000000000021 ) ) ;
#6889 = VERTEX_POINT ( 'NONE', #2623 ) ;
#6890 = AXIS2_PLACEMENT_3D ( 'NONE', #123, #3023, #2953 ) ;
#6891 = DIRECTION ( 'NONE',  ( 0.000000000000000000, -1.000000000000000000, -0.000000000000000000 ) ) ;
#6892 = UNCERTAINTY_MEASURE_WITH_UNIT (LENGTH_MEASURE( 1.000000000000000082E-05 ), #2376, 'distance_accuracy_value', 'NONE');
#6893 = DIRECTION ( 'NONE',  ( 0.000000000000000000, 1.936075308009828924E-16, 1.000000000000000000 ) ) ;
#6894 = EDGE_CURVE ( 'NONE', #6083, #653, #5972, .T. ) ;
#6895 =( GEOMETRIC_REPRESENTATION_CONTEXT ( 3 ) GLOBAL_UNCERTAINTY_ASSIGNED_CONTEXT ( ( #7272 ) ) GLOBAL_UNIT_ASSIGNED_CONTEXT ( ( #409, #6043, #1005 ) ) REPRESENTATION_CONTEXT ( 'NONE', 'WORKASPACE' ) );
#6896 = CARTESIAN_POINT ( 'NONE',  ( -0.08686039295663226800, 0.6546720090557291982, 0.01000000000000000021 ) ) ;
#6897 = CARTESIAN_POINT ( 'NONE',  ( 0.5200000000000000178, 0.8549999999999999822, 0.000000000000000000 ) ) ;
#6898 = PRESENTATION_STYLE_ASSIGNMENT (( #1362 ) ) ;
#6899 = CARTESIAN_POINT ( 'NONE',  ( 0.5199999999999999067, -0.1450000000000000455, -0.01000000000000000021 ) ) ;
#6900 = CARTESIAN_POINT ( 'NONE',  ( 0.08087670872061350491, 0.6300767005780570917, 0.000000000000000000 ) ) ;
#6901 = CARTESIAN_POINT ( 'NONE',  ( -0.1580136153828947954, 0.7112427297054316755, 0.01000000000000000021 ) ) ;
#6902 = VERTEX_POINT ( 'NONE', #5889 ) ;
#6903 =( NAMED_UNIT ( * ) PLANE_ANGLE_UNIT ( ) SI_UNIT ( $, .RADIAN. ) );
#6904 = SURFACE_STYLE_FILL_AREA ( #4645 ) ;
#6905 = UNCERTAINTY_MEASURE_WITH_UNIT (LENGTH_MEASURE( 1.000000000000000082E-05 ), #7187, 'distance_accuracy_value', 'NONE');
#6906 = SURFACE_STYLE_USAGE ( .BOTH. , #3440 ) ;
#6907 = DIRECTION ( 'NONE',  ( 0.000000000000000000, 1.000000000000000000, 0.000000000000000000 ) ) ;
#6908 = MECHANICAL_DESIGN_GEOMETRIC_PRESENTATION_REPRESENTATION (  '', ( #2326 ), #565 ) ;
#6909 = LINE ( 'NONE', #4615, #4401 ) ;
#6910 = CARTESIAN_POINT ( 'NONE',  ( 0.1338028331281046757, 0.7048404987291639889, 0.01000000000000000021 ) ) ;
#6911 = STYLED_ITEM ( 'NONE', ( #2649 ), #3472 ) ;
#6912 = PRESENTATION_LAYER_ASSIGNMENT (  '', '', ( #2093 ) ) ;
#6913 = AXIS2_PLACEMENT_3D ( 'NONE', #2404, #759, #617 ) ;
#6914 = EDGE_CURVE ( 'NONE', #4728, #4330, #5380, .T. ) ;
#6915 = ORIENTED_EDGE ( 'NONE', *, *, #186, .F. ) ;
#6916 = LINE ( 'NONE', #170, #5698 ) ;
#6917 = CARTESIAN_POINT ( 'NONE',  ( -0.07188767589933539592, 0.6439716560728485639, 0.01000000000000000021 ) ) ;
#6918 =( NAMED_UNIT ( * ) SI_UNIT ( $, .STERADIAN. ) SOLID_ANGLE_UNIT ( ) );
#6919 = ORIENTED_EDGE ( 'NONE', *, *, #5127, .T. ) ;
#6920 =( GEOMETRIC_REPRESENTATION_CONTEXT ( 3 ) GLOBAL_UNCERTAINTY_ASSIGNED_CONTEXT ( ( #338 ) ) GLOBAL_UNIT_ASSIGNED_CONTEXT ( ( #1444, #6723, #6158 ) ) REPRESENTATION_CONTEXT ( 'NONE', 'WORKASPACE' ) );
#6921 =( NAMED_UNIT ( * ) SI_UNIT ( $, .STERADIAN. ) SOLID_ANGLE_UNIT ( ) );
#6922 = FILL_AREA_STYLE_COLOUR ( '', #5901 ) ;
#6923 = EDGE_CURVE ( 'NONE', #3952, #1996, #1433, .T. ) ;
#6924 = ORIENTED_EDGE ( 'NONE', *, *, #581, .F. ) ;
#6925 = VECTOR ( 'NONE', #1257, 1000.000000000000000 ) ;
#6926 = CARTESIAN_POINT ( 'NONE',  ( 0.08458884964414833951, 0.6295946802393810326, 0.01000000000000000021 ) ) ;
#6927 = CARTESIAN_POINT ( 'NONE',  ( 0.08848028705612964728, 0.7316695589737244321, 0.000000000000000000 ) ) ;
#6928 = SURFACE_STYLE_USAGE ( .BOTH. , #5221 ) ;
#6929 = VECTOR ( 'NONE', #2184, 1000.000000000000000 ) ;
#6930 = COLOUR_RGB ( '',0.2980392156862745057, 0.2980392156862745057, 0.2980392156862745057 ) ;
#6931 = VECTOR ( 'NONE', #3614, 1000.000000000000000 ) ;
#6932 = DIRECTION ( 'NONE',  ( 0.000000000000000000, -1.000000000000000000, 0.000000000000000000 ) ) ;
#6933 = ORIENTED_EDGE ( 'NONE', *, *, #5738, .F. ) ;
#6934 = DIRECTION ( 'NONE',  ( 0.000000000000000000, 1.000000000000000000, 0.000000000000000000 ) ) ;
#6935 = CARTESIAN_POINT ( 'NONE',  ( -0.09480858489508987852, 0.6814218455590903556, 0.01000000000000000021 ) ) ;
#6936 = LINE ( 'NONE', #5189, #4978 ) ;
#6937 = CARTESIAN_POINT ( 'NONE',  ( 0.6110963936061697410, -0.8810963936061697588, 0.8000000000000001554 ) ) ;
#6938 = DIRECTION ( 'NONE',  ( -1.000000000000000000, 0.000000000000000000, 0.000000000000000000 ) ) ;
#6939 = ORIENTED_EDGE ( 'NONE', *, *, #6894, .T. ) ;
#6940 = CARTESIAN_POINT ( 'NONE',  ( -0.6110963936061700741, 0.8810963936061697588, 0.7900000000000001465 ) ) ;
#6941 = ORIENTED_EDGE ( 'NONE', *, *, #4831, .T. ) ;
#6942 = EDGE_CURVE ( 'NONE', #2665, #3563, #218, .T. ) ;
#6943 = DIRECTION ( 'NONE',  ( 0.000000000000000000, 0.000000000000000000, 1.000000000000000000 ) ) ;
#6944 = CARTESIAN_POINT ( 'NONE',  ( -0.5199999999999999067, -0.1450000000000000455, -0.01000000000000000021 ) ) ;
#6945 = PRESENTATION_STYLE_ASSIGNMENT (( #2443 ) ) ;
#6946 = CARTESIAN_POINT ( 'NONE',  ( 0.09419866272347490743, 0.6292692502919656761, 0.000000000000000000 ) ) ;
#6947 = CARTESIAN_POINT ( 'NONE',  ( 0.09996310513863357339, 0.7192074013846707636, 0.000000000000000000 ) ) ;
#6948 = CARTESIAN_POINT ( 'NONE',  ( -1.000000000000000000, -0.8549999999999999822, -0.01000000000000000021 ) ) ;
#6949 = CARTESIAN_POINT ( 'NONE',  ( 0.1392942042228084987, 0.6805091649627528216, 0.000000000000000000 ) ) ;
#6950 = VERTEX_POINT ( 'NONE', #3609 ) ;
#6951 = FACE_OUTER_BOUND ( 'NONE', #3131, .T. ) ;
#6952 = PLANE ( 'NONE',  #1843 ) ;
#6953 = LINE ( 'NONE', #1862, #4631 ) ;
#6954 = ORIENTED_EDGE ( 'NONE', *, *, #4739, .F. ) ;
#6955 = EDGE_CURVE ( 'NONE', #4728, #4410, #6966, .T. ) ;
#6956 = CARTESIAN_POINT ( 'NONE',  ( -0.05779287496026144777, 0.7304090975833441579, 0.000000000000000000 ) ) ;
#6957 = VERTEX_POINT ( 'NONE', #7049 ) ;
#6958 = FACE_OUTER_BOUND ( 'NONE', #3686, .T. ) ;
#6959 = CARTESIAN_POINT ( 'NONE',  ( 0.5200000000000000178, -0.8549999999999999822, 0.000000000000000000 ) ) ;
#6960 = UNCERTAINTY_MEASURE_WITH_UNIT (LENGTH_MEASURE( 1.000000000000000082E-05 ), #2491, 'distance_accuracy_value', 'NONE');
#6961 = CARTESIAN_POINT ( 'NONE',  ( 0.1392089679928192048, 0.6843168001196114902, 0.000000000000000000 ) ) ;
#6962 = EDGE_CURVE ( 'NONE', #4828, #6011, #5931, .T. ) ;
#6963 = DIRECTION ( 'NONE',  ( 0.000000000000000000, -1.000000000000000000, -0.000000000000000000 ) ) ;
#6964 = CARTESIAN_POINT ( 'NONE',  ( 1.000000000000000000, -0.9000000000000002442, 0.2800000000000000266 ) ) ;
#6965 = ORIENTED_EDGE ( 'NONE', *, *, #4994, .F. ) ;
#6966 = LINE ( 'NONE', #5333, #1096 ) ;
#6967 = FILL_AREA_STYLE_COLOUR ( '', #7153 ) ;
#6968 = CARTESIAN_POINT ( 'NONE',  ( -0.1082232190414313816, 0.6817076687298220250, 0.01000000000000000021 ) ) ;
#6969 = UNCERTAINTY_MEASURE_WITH_UNIT (LENGTH_MEASURE( 1.000000000000000082E-05 ), #2846, 'distance_accuracy_value', 'NONE');
#6970 = PRESENTATION_LAYER_ASSIGNMENT (  '', '', ( #2138 ) ) ;
#6971 = CARTESIAN_POINT ( 'NONE',  ( 0.06494751266588572047, 0.6356329736078707437, 0.01000000000000000021 ) ) ;
#6972 = ORIENTED_EDGE ( 'NONE', *, *, #1034, .T. ) ;
#6973 = DIRECTION ( 'NONE',  ( -0.000000000000000000, -1.000000000000000000, -0.000000000000000000 ) ) ;
#6974 = AXIS2_PLACEMENT_3D ( 'NONE', #2319, #6853, #4559 ) ;
#6975 = VERTEX_POINT ( 'NONE', #6045 ) ;
#6976 = FACE_OUTER_BOUND ( 'NONE', #5456, .T. ) ;
#6977 = SURFACE_SIDE_STYLE ('',( #5171 ) ) ;
#6978 = UNCERTAINTY_MEASURE_WITH_UNIT (LENGTH_MEASURE( 1.000000000000000082E-05 ), #2719, 'distance_accuracy_value', 'NONE');
#6979 = SURFACE_STYLE_USAGE ( .BOTH. , #902 ) ;
#6980 = CARTESIAN_POINT ( 'NONE',  ( 0.1197285116522810444, 0.6367600781646947095, 0.000000000000000000 ) ) ;
#6981 = COLOUR_RGB ( '',0.8313725490196077761, 0.8313725490196077761, 0.8196078431372548767 ) ;
#6982 = CIRCLE ( 'NONE', #2038, 0.01000000000000002623 ) ;
#6983 = EDGE_CURVE ( 'NONE', #6592, #1287, #2766, .T. ) ;
#6984 = FILL_AREA_STYLE ('',( #5201 ) ) ;
#6985 = EDGE_CURVE ( 'NONE', #5379, #1084, #5548, .T. ) ;
#6986 =( NAMED_UNIT ( * ) PLANE_ANGLE_UNIT ( ) SI_UNIT ( $, .RADIAN. ) );
#6987 = ORIENTED_EDGE ( 'NONE', *, *, #2592, .F. ) ;
#6988 = CARTESIAN_POINT ( 'NONE',  ( 0.1131420048994868782, 0.7260444639191654392, 0.01000000000000000021 ) ) ;
#6989 = AXIS2_PLACEMENT_3D ( 'NONE', #3189, #4122, #3644 ) ;
#6990 = SURFACE_SIDE_STYLE ('',( #4838 ) ) ;
#6991 = EDGE_LOOP ( 'NONE', ( #5978, #2079, #6053, #5597 ) ) ;
#6992 = SURFACE_STYLE_FILL_AREA ( #5280 ) ;
#6993 = VECTOR ( 'NONE', #7224, 1000.000000000000000 ) ;
#6994 = FILL_AREA_STYLE ('',( #1893 ) ) ;
#6995 = PRESENTATION_LAYER_ASSIGNMENT (  '', '', ( #522 ) ) ;
#6996 = LINE ( 'NONE', #4771, #1923 ) ;
#6997 = ORIENTED_EDGE ( 'NONE', *, *, #1307, .F. ) ;
#6998 = MECHANICAL_DESIGN_GEOMETRIC_PRESENTATION_REPRESENTATION (  '', ( #5811 ), #6288 ) ;
#6999 = CARTESIAN_POINT ( 'NONE',  ( 0.1246197997889905568, 0.6669569260821704981, 0.000000000000000000 ) ) ;
#7000 = CARTESIAN_POINT ( 'NONE',  ( -0.08953689553584276428, 0.7203649948471232412, 0.000000000000000000 ) ) ;
#7001 = DIRECTION ( 'NONE',  ( 1.000000000000000000, 0.000000000000000000, 0.000000000000000000 ) ) ;
#7002 = MECHANICAL_DESIGN_GEOMETRIC_PRESENTATION_REPRESENTATION (  '', ( #7241 ), #4513 ) ;
#7003 = ORIENTED_EDGE ( 'NONE', *, *, #2426, .T. ) ;
#7004 = LINE ( 'NONE', #3564, #2794 ) ;
#7005 = SURFACE_STYLE_FILL_AREA ( #4814 ) ;
#7006 = CARTESIAN_POINT ( 'NONE',  ( 0.1393377565683247554, 0.6785636138517732174, 0.000000000000000000 ) ) ;
#7007 = AXIS2_PLACEMENT_3D ( 'NONE', #1173, #4436, #2830 ) ;
#7008 = DIRECTION ( 'NONE',  ( -0.000000000000000000, -0.000000000000000000, 1.000000000000000000 ) ) ;
#7009 = DIRECTION ( 'NONE',  ( 0.000000000000000000, 0.000000000000000000, -1.000000000000000000 ) ) ;
#7010 = ORIENTED_EDGE ( 'NONE', *, *, #5607, .T. ) ;
#7011 =( LENGTH_UNIT ( ) NAMED_UNIT ( * ) SI_UNIT ( .MILLI., .METRE. ) );
#7012 = VECTOR ( 'NONE', #2824, 1000.000000000000000 ) ;
#7013 = CARTESIAN_POINT ( 'NONE',  ( -0.09069775563041293509, 0.7014533289195328258, 0.000000000000000000 ) ) ;
#7014 = EDGE_CURVE ( 'NONE', #2643, #7205, #6151, .T. ) ;
#7015 = CARTESIAN_POINT ( 'NONE',  ( -0.06667749594099865729, 0.7297189121878965290, 0.01000000000000000021 ) ) ;
#7016 = DIRECTION ( 'NONE',  ( 0.000000000000000000, 1.000000000000000000, 0.000000000000000000 ) ) ;
#7017 = CARTESIAN_POINT ( 'NONE',  ( -1.000000000000000000, 0.5000000000000000000, -0.01000000000000000021 ) ) ;
#7018 = SURFACE_STYLE_FILL_AREA ( #4274 ) ;
#7019 = EDGE_LOOP ( 'NONE', ( #3228, #1722, #3539, #2566 ) ) ;
#7020 = STYLED_ITEM ( 'NONE', ( #2883 ), #1624 ) ;
#7021 = CARTESIAN_POINT ( 'NONE',  ( 0.08351474530750689629, 0.6405740559483298346, 0.01000000000000000021 ) ) ;
#7022 = DIRECTION ( 'NONE',  ( 0.000000000000000000, -1.000000000000000000, 2.753875155837997251E-18 ) ) ;
#7023 = ORIENTED_EDGE ( 'NONE', *, *, #6001, .F. ) ;
#7024 = CARTESIAN_POINT ( 'NONE',  ( -1.000000000000000000, 0.5000000000000000000, -0.01000000000000000021 ) ) ;
#7025 = EDGE_CURVE ( 'NONE', #2589, #3871, #1620, .T. ) ;
#7026 = SURFACE_STYLE_USAGE ( .BOTH. , #6977 ) ;
#7027 = CARTESIAN_POINT ( 'NONE',  ( -0.09220500866642045157, 0.6980078949247759956, 0.01000000000000000021 ) ) ;
#7028 = DIRECTION ( 'NONE',  ( -0.000000000000000000, 0.000000000000000000, -1.000000000000000000 ) ) ;
#7029 = CARTESIAN_POINT ( 'NONE',  ( 0.1478743419341784493, 0.6414256565347000727, 0.000000000000000000 ) ) ;
#7030 =( NAMED_UNIT ( * ) SI_UNIT ( $, .STERADIAN. ) SOLID_ANGLE_UNIT ( ) );
#7031 = FILL_AREA_STYLE_COLOUR ( '', #3156 ) ;
#7032 = VERTEX_POINT ( 'NONE', #5512 ) ;
#7033 = CARTESIAN_POINT ( 'NONE',  ( 0.08848028705612964728, 0.7316695589737244321, 0.01000000000000000021 ) ) ;
#7034 = CARTESIAN_POINT ( 'NONE',  ( -0.05595568855362649530, 0.7304500467786024798, 0.009999999999999991535 ) ) ;
#7035 = ORIENTED_EDGE ( 'NONE', *, *, #1865, .T. ) ;
#7036 = MECHANICAL_DESIGN_GEOMETRIC_PRESENTATION_REPRESENTATION (  '', ( #4075 ), #5016 ) ;
#7037 = ORIENTED_EDGE ( 'NONE', *, *, #757, .F. ) ;
#7038 =( GEOMETRIC_REPRESENTATION_CONTEXT ( 3 ) GLOBAL_UNCERTAINTY_ASSIGNED_CONTEXT ( ( #6153 ) ) GLOBAL_UNIT_ASSIGNED_CONTEXT ( ( #1771, #1738, #152 ) ) REPRESENTATION_CONTEXT ( 'NONE', 'WORKASPACE' ) );
#7039 = CARTESIAN_POINT ( 'NONE',  ( 0.1221747551003254939, 0.6597707223565582035, 0.000000000000000000 ) ) ;
#7040 = ORIENTED_EDGE ( 'NONE', *, *, #2131, .F. ) ;
#7041 = FILL_AREA_STYLE_COLOUR ( '', #5937 ) ;
#7043 = VECTOR ( 'NONE', #1489, 1000.000000000000000 ) ;
#7042 = CARTESIAN_POINT ( 'NONE',  ( 1.000000000000000000, -0.9000000000000002442, 0.2800000000000000266 ) ) ;
#7044 = STYLED_ITEM ( 'NONE', ( #5670 ), #3116 ) ;
#7045 = DIRECTION ( 'NONE',  ( 0.000000000000000000, 1.000000000000000000, 0.000000000000000000 ) ) ;
#7046 = CYLINDRICAL_SURFACE ( 'NONE', #1051, 0.1999999999999999833 ) ;
#7047 = CARTESIAN_POINT ( 'NONE',  ( -0.1046036431039021747, 0.6607603875640286617, 0.01000000000000000021 ) ) ;
#7048 = VERTEX_POINT ( 'NONE', #6122 ) ;
#7049 = CARTESIAN_POINT ( 'NONE',  ( 0.06494751266588572047, 0.6466085833639682035, 0.000000000000000000 ) ) ;
#7050 =( GEOMETRIC_REPRESENTATION_CONTEXT ( 3 ) GLOBAL_UNCERTAINTY_ASSIGNED_CONTEXT ( ( #6829 ) ) GLOBAL_UNIT_ASSIGNED_CONTEXT ( ( #3515, #6383, #1332 ) ) REPRESENTATION_CONTEXT ( 'NONE', 'WORKASPACE' ) );
#7051 = STYLED_ITEM ( 'NONE', ( #2325 ), #3074 ) ;
#7052 = CARTESIAN_POINT ( 'NONE',  ( -0.1599381580658215951, 0.7182549248273829567, 0.000000000000000000 ) ) ;
#7053 = UNCERTAINTY_MEASURE_WITH_UNIT (LENGTH_MEASURE( 1.000000000000000082E-05 ), #3612, 'distance_accuracy_value', 'NONE');
#7054 = PLANE ( 'NONE',  #1161 ) ;
#7055 = SURFACE_STYLE_FILL_AREA ( #1994 ) ;
#7056 = FACE_OUTER_BOUND ( 'NONE', #5706, .T. ) ;
#7057 = EDGE_LOOP ( 'NONE', ( #6613, #3094, #2632, #3555 ) ) ;
#7058 = PRESENTATION_LAYER_ASSIGNMENT (  '', '', ( #3389 ) ) ;
#7059 = VECTOR ( 'NONE', #4085, 1000.000000000000000 ) ;
#7060 = PLANE ( 'NONE',  #5619 ) ;
#7061 = CARTESIAN_POINT ( 'NONE',  ( -1.000000000000000000, -0.8549999999999999822, 0.000000000000000000 ) ) ;
#7062 = ADVANCED_FACE ( 'NONE', ( #6604 ), #4932, .F. ) ;
#7063 = EDGE_LOOP ( 'NONE', ( #1073, #7162, #4777, #5676 ) ) ;
#7064 = DIRECTION ( 'NONE',  ( -0.000000000000000000, -0.000000000000000000, 1.000000000000000000 ) ) ;
#7065 = CARTESIAN_POINT ( 'NONE',  ( -0.1614816031877729097, 0.7112427297054316755, 0.01000000000000000021 ) ) ;
#7066 = CARTESIAN_POINT ( 'NONE',  ( 0.1478743419341784493, 0.6304500467786023910, 0.01000000000000000021 ) ) ;
#7067 = DIRECTION ( 'NONE',  ( 1.000000000000000000, 0.000000000000000000, -0.000000000000000000 ) ) ;
#7068 = LINE ( 'NONE', #1527, #6778 ) ;
#7069 = CARTESIAN_POINT ( 'NONE',  ( -0.02773541416338257473, 0.6304500467786023910, 0.01000000000000000021 ) ) ;
#7070 = ADVANCED_FACE ( 'NONE', ( #2240 ), #4483, .F. ) ;
#7071 = ORIENTED_EDGE ( 'NONE', *, *, #6658, .F. ) ;
#7072 = CARTESIAN_POINT ( 'NONE',  ( 0.1385314564242369206, 0.6898844959573252611, 0.01000000000000000021 ) ) ;
#7073 = ORIENTED_EDGE ( 'NONE', *, *, #6985, .T. ) ;
#7074 = SURFACE_STYLE_FILL_AREA ( #4879 ) ;
#7075 = CARTESIAN_POINT ( 'NONE',  ( 0.5200000000000000178, -0.8549999999999999822, -0.01000000000000000021 ) ) ;
#7076 = DIRECTION ( 'NONE',  ( -0.000000000000000000, -0.000000000000000000, 1.000000000000000000 ) ) ;
#7077 = VERTEX_POINT ( 'NONE', #5115 ) ;
#7078 = FILL_AREA_STYLE_COLOUR ( '', #6198 ) ;
#7079 = LINE ( 'NONE', #5807, #142 ) ;
#7080 = ORIENTED_EDGE ( 'NONE', *, *, #3054, .T. ) ;
#7081 = CARTESIAN_POINT ( 'NONE',  ( 0.1025526683765242697, 0.6299818184344203598, 0.01000000000000000194 ) ) ;
#7082 = CARTESIAN_POINT ( 'NONE',  ( -0.1606986751882325815, 0.7141243702668187421, 0.01000000000000000021 ) ) ;
#7083 = EDGE_CURVE ( 'NONE', #3923, #2279, #2378, .T. ) ;
#7084 = FILL_AREA_STYLE_COLOUR ( '', #816 ) ;
#7085 = EDGE_CURVE ( 'NONE', #6487, #1830, #602, .T. ) ;
#7086 = LINE ( 'NONE', #821, #1133 ) ;
#7087 =( LENGTH_UNIT ( ) NAMED_UNIT ( * ) SI_UNIT ( .MILLI., .METRE. ) );
#7088 = CARTESIAN_POINT ( 'NONE',  ( -0.6200015230484361428, 0.8999999999999999112, 0.2800000000000000266 ) ) ;
#7089 = DIRECTION ( 'NONE',  ( -1.000000000000000000, 0.000000000000000000, 0.000000000000000000 ) ) ;
#7090 = FILL_AREA_STYLE ('',( #191 ) ) ;
#7091 = CARTESIAN_POINT ( 'NONE',  ( -0.1062250192899110990, 0.6655936660479062628, 0.000000000000000000 ) ) ;
#7092 = ORIENTED_EDGE ( 'NONE', *, *, #2109, .T. ) ;
#7093 = CARTESIAN_POINT ( 'NONE',  ( -0.5200000000000000178, -0.8549999999999999822, 0.000000000000000000 ) ) ;
#7094 = ORIENTED_EDGE ( 'NONE', *, *, #5343, .F. ) ;
#7095 = AXIS2_PLACEMENT_3D ( 'NONE', #3691, #2483, #1967 ) ;
#7096 = VECTOR ( 'NONE', #321, 1000.000000000000000 ) ;
#7097 = CARTESIAN_POINT ( 'NONE',  ( 1.000000000000000000, -0.2899999999999999245, 0.000000000000000000 ) ) ;
#7098 = DIRECTION ( 'NONE',  ( -0.000000000000000000, 0.000000000000000000, -1.000000000000000000 ) ) ;
#7099 = SURFACE_SIDE_STYLE ('',( #4867 ) ) ;
#7100 = CARTESIAN_POINT ( 'NONE',  ( -0.1430936458706996428, 0.6694744370225048646, 0.000000000000000000 ) ) ;
#7101 = STYLED_ITEM ( 'NONE', ( #2207 ), #7062 ) ;
#7102 =( NAMED_UNIT ( * ) SI_UNIT ( $, .STERADIAN. ) SOLID_ANGLE_UNIT ( ) );
#7103 = ORIENTED_EDGE ( 'NONE', *, *, #5421, .T. ) ;
#7104 = DIRECTION ( 'NONE',  ( 0.000000000000000000, -1.000000000000000000, 0.000000000000000000 ) ) ;
#7105 =( LENGTH_UNIT ( ) NAMED_UNIT ( * ) SI_UNIT ( .MILLI., .METRE. ) );
#7106 = VERTEX_POINT ( 'NONE', #70 ) ;
#7107 = CARTESIAN_POINT ( 'NONE',  ( -1.000000000000000000, -0.9000000000000003553, 0.2800000000000000266 ) ) ;
#7108 = EDGE_CURVE ( 'NONE', #3902, #7225, #1142, .T. ) ;
#7109 = FILL_AREA_STYLE_COLOUR ( '', #6237 ) ;
#7110 = DIRECTION ( 'NONE',  ( -0.000000000000000000, 0.000000000000000000, -1.000000000000000000 ) ) ;
#7111 = VERTEX_POINT ( 'NONE', #5074 ) ;
#7112 = AXIS2_PLACEMENT_3D ( 'NONE', #1847, #4102, #3653 ) ;
#7113 =( LENGTH_UNIT ( ) NAMED_UNIT ( * ) SI_UNIT ( .MILLI., .METRE. ) );
#7114 =( NAMED_UNIT ( * ) SI_UNIT ( $, .STERADIAN. ) SOLID_ANGLE_UNIT ( ) );
#7115 = LINE ( 'NONE', #1939, #1091 ) ;
#7116 = ORIENTED_EDGE ( 'NONE', *, *, #1475, .T. ) ;
#7117 = FILL_AREA_STYLE_COLOUR ( '', #6087 ) ;
#7118 = ADVANCED_FACE ( 'NONE', ( #4041 ), #178, .F. ) ;
#7119 = CARTESIAN_POINT ( 'NONE',  ( 1.000000000000000000, 0.1450000000000000455, -0.01000000000000000021 ) ) ;
#7120 = LINE ( 'NONE', #1579, #6993 ) ;
#7121 =( GEOMETRIC_REPRESENTATION_CONTEXT ( 3 ) GLOBAL_UNCERTAINTY_ASSIGNED_CONTEXT ( ( #3638 ) ) GLOBAL_UNIT_ASSIGNED_CONTEXT ( ( #1250, #3451, #669 ) ) REPRESENTATION_CONTEXT ( 'NONE', 'WORKASPACE' ) );
#7122 = CARTESIAN_POINT ( 'NONE',  ( -1.000000000000000000, -0.5000000000000000000, -0.2400000000000000466 ) ) ;
#7123 = CARTESIAN_POINT ( 'NONE',  ( -0.05492672513899232029, 0.6304500467786023910, 0.01000000000000000021 ) ) ;
#7124 = ORIENTED_EDGE ( 'NONE', *, *, #3302, .T. ) ;
#7125 = STYLED_ITEM ( 'NONE', ( #74 ), #6157 ) ;
#7126 = CARTESIAN_POINT ( 'NONE',  ( -0.005784194651187445427, 0.7304500467786024798, 0.000000000000000000 ) ) ;
#7127 = CARTESIAN_POINT ( 'NONE',  ( -0.09421648823841294318, 0.6902493227302960443, 0.000000000000000000 ) ) ;
#7128 = CARTESIAN_POINT ( 'NONE',  ( 0.6299999999999998934, 0.8900015230484357165, 0.2800000000000000266 ) ) ;
#7129 = UNCERTAINTY_MEASURE_WITH_UNIT (LENGTH_MEASURE( 1.000000000000000082E-05 ), #580, 'distance_accuracy_value', 'NONE');
#7130 =( GEOMETRIC_REPRESENTATION_CONTEXT ( 3 ) GLOBAL_UNCERTAINTY_ASSIGNED_CONTEXT ( ( #650 ) ) GLOBAL_UNIT_ASSIGNED_CONTEXT ( ( #5306, #1921, #2484 ) ) REPRESENTATION_CONTEXT ( 'NONE', 'WORKASPACE' ) );
#7131 = SURFACE_SIDE_STYLE ('',( #417 ) ) ;
#7132 = VECTOR ( 'NONE', #3409, 1000.000000000000000 ) ;
#7133 = LINE ( 'NONE', #857, #1591 ) ;
#7134 = VERTEX_POINT ( 'NONE', #709 ) ;
#7135 = ORIENTED_EDGE ( 'NONE', *, *, #4034, .T. ) ;
#7136 = STYLED_ITEM ( 'NONE', ( #88 ), #6707 ) ;
#7137 = CARTESIAN_POINT ( 'NONE',  ( 0.6209233662373266904, -0.8810963936061697588, 0.8000000000000001554 ) ) ;
#7138 = UNCERTAINTY_MEASURE_WITH_UNIT (LENGTH_MEASURE( 1.000000000000000082E-05 ), #2346, 'distance_accuracy_value', 'NONE');
#7139 = AXIS2_PLACEMENT_3D ( 'NONE', #1370, #3619, #4937 ) ;
#7140 = PRESENTATION_STYLE_ASSIGNMENT (( #4907 ) ) ;
#7141 = LINE ( 'NONE', #7100, #3814 ) ;
#7142 = ORIENTED_EDGE ( 'NONE', *, *, #1396, .T. ) ;
#7143 = CARTESIAN_POINT ( 'NONE',  ( -0.04115004830972406047, 0.6414256565347000727, 0.000000000000000000 ) ) ;
#7144 = CARTESIAN_POINT ( 'NONE',  ( -0.09989774642937807037, 0.7100874752036500093, 0.009999999999999991535 ) ) ;
#7145 = ORIENTED_EDGE ( 'NONE', *, *, #1410, .F. ) ;
#7146 = SURFACE_STYLE_USAGE ( .BOTH. , #2091 ) ;
#7147 = PRESENTATION_LAYER_ASSIGNMENT (  '', '', ( #5718 ) ) ;
#7148 = CARTESIAN_POINT ( 'NONE',  ( -0.1062250192899110990, 0.6655936660479062628, 0.000000000000000000 ) ) ;
#7149 = LINE ( 'NONE', #1641, #692 ) ;
#7150 = CARTESIAN_POINT ( 'NONE',  ( 0.1109584381072770687, 0.6461032559397968944, 0.01000000000000000021 ) ) ;
#7151 = PRESENTATION_STYLE_ASSIGNMENT (( #1642 ) ) ;
#7152 = EDGE_CURVE ( 'NONE', #3590, #3965, #3995, .T. ) ;
#7153 = COLOUR_RGB ( '',0.8313725490196077761, 0.8313725490196077761, 0.8196078431372548767 ) ;
#7154 = ORIENTED_EDGE ( 'NONE', *, *, #5566, .T. ) ;
#7155 = LINE ( 'NONE', #6416, #1570 ) ;
#7156 = CARTESIAN_POINT ( 'NONE',  ( 0.1197285116522810444, 0.6367600781646947095, 0.000000000000000000 ) ) ;
#7157 =( NAMED_UNIT ( * ) PLANE_ANGLE_UNIT ( ) SI_UNIT ( $, .RADIAN. ) );
#7158 = DIRECTION ( 'NONE',  ( 0.000000000000000000, 1.000000000000000000, 0.000000000000000000 ) ) ;
#7159 = AXIS2_PLACEMENT_3D ( 'NONE', #5549, #4563, #6194 ) ;
#7160 = FILL_AREA_STYLE ('',( #2163 ) ) ;
#7161 = SURFACE_SIDE_STYLE ('',( #4893 ) ) ;
#7162 = ORIENTED_EDGE ( 'NONE', *, *, #491, .T. ) ;
#7163 = DIRECTION ( 'NONE',  ( -1.000000000000000000, -1.084202172485504434E-16, 0.000000000000000000 ) ) ;
#7164 = EDGE_CURVE ( 'NONE', #7185, #4744, #1219, .T. ) ;
#7165 = AXIS2_PLACEMENT_3D ( 'NONE', #2265, #4437, #3371 ) ;
#7166 = MECHANICAL_DESIGN_GEOMETRIC_PRESENTATION_REPRESENTATION (  '', ( #203 ), #7038 ) ;
#7167 = CARTESIAN_POINT ( 'NONE',  ( -0.08133068844818382159, 0.7122030873577543941, 0.000000000000000000 ) ) ;
#7168 = SURFACE_STYLE_USAGE ( .BOTH. , #4345 ) ;
#7169 =( NAMED_UNIT ( * ) PLANE_ANGLE_UNIT ( ) SI_UNIT ( $, .RADIAN. ) );
#7170 = CARTESIAN_POINT ( 'NONE',  ( 0.1258953404369706208, 0.6779208530382936360, 0.000000000000000000 ) ) ;
#7171 = LINE ( 'NONE', #5345, #5707 ) ;
#7172 = ORIENTED_EDGE ( 'NONE', *, *, #2690, .F. ) ;
#7173 = EDGE_CURVE ( 'NONE', #7048, #391, #2380, .T. ) ;
#7174 = ORIENTED_EDGE ( 'NONE', *, *, #394, .F. ) ;
#7175 = FILL_AREA_STYLE ('',( #1557 ) ) ;
#7176 =( LENGTH_UNIT ( ) NAMED_UNIT ( * ) SI_UNIT ( .MILLI., .METRE. ) );
#7177 = AXIS2_PLACEMENT_3D ( 'NONE', #3695, #2599, #309 ) ;
#7178 = MECHANICAL_DESIGN_GEOMETRIC_PRESENTATION_REPRESENTATION (  '', ( #1391 ), #2819 ) ;
#7179 = FACE_OUTER_BOUND ( 'NONE', #4199, .T. ) ;
#7180 = CARTESIAN_POINT ( 'NONE',  ( 0.6299999999999998934, -0.8999999999999999112, 0.2800000000000000266 ) ) ;
#7181 = COLOUR_RGB ( '',0.8313725490196077761, 0.8313725490196077761, 0.8196078431372548767 ) ;
#7182 =( NAMED_UNIT ( * ) PLANE_ANGLE_UNIT ( ) SI_UNIT ( $, .RADIAN. ) );
#7183 =( NAMED_UNIT ( * ) SI_UNIT ( $, .STERADIAN. ) SOLID_ANGLE_UNIT ( ) );
#7184 = ADVANCED_FACE ( 'NONE', ( #3930 ), #6191, .T. ) ;
#7185 = VERTEX_POINT ( 'NONE', #242 ) ;
#7186 = SURFACE_SIDE_STYLE ('',( #4836 ) ) ;
#7187 =( LENGTH_UNIT ( ) NAMED_UNIT ( * ) SI_UNIT ( .MILLI., .METRE. ) );
#7188 = ORIENTED_EDGE ( 'NONE', *, *, #5354, .T. ) ;
#7189 = SURFACE_STYLE_USAGE ( .BOTH. , #5404 ) ;
#7190 = CYLINDRICAL_SURFACE ( 'NONE', #1465, 0.1999999999999999833 ) ;
#7191 = ORIENTED_EDGE ( 'NONE', *, *, #5976, .F. ) ;
#7192 = CARTESIAN_POINT ( 'NONE',  ( 0.5200000000000000178, 0.8549999999999999822, -0.01000000000000000021 ) ) ;
#7193 = PRESENTATION_STYLE_ASSIGNMENT (( #3187 ) ) ;
#7194 = EDGE_LOOP ( 'NONE', ( #4609, #2991, #4655, #449, #1593, #2528, #6537, #5984 ) ) ;
#7195 = CARTESIAN_POINT ( 'NONE',  ( -0.09477580683684878882, 0.6829539340728435493, 0.000000000000000000 ) ) ;
#7196 = DIRECTION ( 'NONE',  ( -0.000000000000000000, 0.000000000000000000, 1.000000000000000000 ) ) ;
#7197 = EDGE_CURVE ( 'NONE', #4723, #7206, #6516, .T. ) ;
#7198 = LINE ( 'NONE', #3710, #6049 ) ;
#7199 = DIRECTION ( 'NONE',  ( -0.000000000000000000, 1.000000000000000000, 0.000000000000000000 ) ) ;
#7200 = ORIENTED_EDGE ( 'NONE', *, *, #5392, .F. ) ;
#7201 = FILL_AREA_STYLE_COLOUR ( '', #6512 ) ;
#7202 = UNCERTAINTY_MEASURE_WITH_UNIT (LENGTH_MEASURE( 1.000000000000000082E-05 ), #3092, 'distance_accuracy_value', 'NONE');
#7203 = EDGE_CURVE ( 'NONE', #6403, #7111, #5918, .T. ) ;
#7204 = CARTESIAN_POINT ( 'NONE',  ( 0.9899999999999999911, -0.9000000000000002442, 0.2800000000000000266 ) ) ;
#7205 = VERTEX_POINT ( 'NONE', #2496 ) ;
#7206 = VERTEX_POINT ( 'NONE', #1982 ) ;
#7207 = EDGE_CURVE ( 'NONE', #3419, #2673, #7079, .T. ) ;
#7208 = FILL_AREA_STYLE_COLOUR ( '', #6702 ) ;
#7209 =( GEOMETRIC_REPRESENTATION_CONTEXT ( 3 ) GLOBAL_UNCERTAINTY_ASSIGNED_CONTEXT ( ( #4600 ) ) GLOBAL_UNIT_ASSIGNED_CONTEXT ( ( #1031, #477, #7114 ) ) REPRESENTATION_CONTEXT ( 'NONE', 'WORKASPACE' ) );
#7210 = ORIENTED_EDGE ( 'NONE', *, *, #897, .F. ) ;
#7211 = LINE ( 'NONE', #6028, #2550 ) ;
#7212 = ORIENTED_EDGE ( 'NONE', *, *, #4905, .T. ) ;
#7213 = DIRECTION ( 'NONE',  ( -1.000000000000000000, -0.000000000000000000, 0.000000000000000000 ) ) ;
#7214 = MECHANICAL_DESIGN_GEOMETRIC_PRESENTATION_REPRESENTATION (  '', ( #978 ), #629 ) ;
#7215 = EDGE_CURVE ( 'NONE', #4744, #6950, #5322, .T. ) ;
#7216 = MECHANICAL_DESIGN_GEOMETRIC_PRESENTATION_REPRESENTATION (  '', ( #2138 ), #4608 ) ;
#7217 = EDGE_CURVE ( 'NONE', #6642, #646, #6788, .T. ) ;
#7218 = CARTESIAN_POINT ( 'NONE',  ( -0.1430936458706996428, 0.6694744370225048646, 0.000000000000000000 ) ) ;
#7219 = FILL_AREA_STYLE_COLOUR ( '', #5958 ) ;
#7220 =( GEOMETRIC_REPRESENTATION_CONTEXT ( 3 ) GLOBAL_UNCERTAINTY_ASSIGNED_CONTEXT ( ( #1955 ) ) GLOBAL_UNIT_ASSIGNED_CONTEXT ( ( #3393, #5641, #609 ) ) REPRESENTATION_CONTEXT ( 'NONE', 'WORKASPACE' ) );
#7221 = DIRECTION ( 'NONE',  ( -0.000000000000000000, -1.000000000000000000, -0.000000000000000000 ) ) ;
#7222 = CARTESIAN_POINT ( 'NONE',  ( -0.1599381580658215951, 0.7182549248273829567, 0.01000000000000000021 ) ) ;
#7223 = STYLED_ITEM ( 'NONE', ( #4007 ), #5357 ) ;
#7224 = DIRECTION ( 'NONE',  ( -0.000000000000000000, 1.000000000000000000, 0.000000000000000000 ) ) ;
#7225 = VERTEX_POINT ( 'NONE', #4256 ) ;
#7226 = PRESENTATION_LAYER_ASSIGNMENT (  '', '', ( #2152 ) ) ;
#7227 = CARTESIAN_POINT ( 'NONE',  ( -0.1430936458706996428, 0.6694744370225048646, 0.01000000000000000021 ) ) ;
#7228 = DIRECTION ( 'NONE',  ( 0.000000000000000000, 1.000000000000000000, 0.000000000000000000 ) ) ;
#7229 = STYLED_ITEM ( 'NONE', ( #6870 ), #5748 ) ;
#7230 = CARTESIAN_POINT ( 'NONE',  ( -0.09480858489508987852, 0.6814218455590903556, 0.000000000000000000 ) ) ;
#7231 = DIRECTION ( 'NONE',  ( -1.000000000000000000, 0.000000000000000000, -0.000000000000000000 ) ) ;
#7232 = LINE ( 'NONE', #2073, #2208 ) ;
#7233 = AXIS2_PLACEMENT_3D ( 'NONE', #923, #4999, #5412 ) ;
#7234 =( LENGTH_UNIT ( ) NAMED_UNIT ( * ) SI_UNIT ( .MILLI., .METRE. ) );
#7235 =( GEOMETRIC_REPRESENTATION_CONTEXT ( 3 ) GLOBAL_UNCERTAINTY_ASSIGNED_CONTEXT ( ( #1803 ) ) GLOBAL_UNIT_ASSIGNED_CONTEXT ( ( #487, #5077, #2808 ) ) REPRESENTATION_CONTEXT ( 'NONE', 'WORKASPACE' ) );
#7236 = CARTESIAN_POINT ( 'NONE',  ( 0.09061443339759304993, 0.6402061443395781204, 0.000000000000000000 ) ) ;
#7237 =( LENGTH_UNIT ( ) NAMED_UNIT ( * ) SI_UNIT ( .MILLI., .METRE. ) );
#7238 = VERTEX_POINT ( 'NONE', #320 ) ;
#7239 = ORIENTED_EDGE ( 'NONE', *, *, #4564, .T. ) ;
#7240 = EDGE_CURVE ( 'NONE', #3344, #3746, #1891, .T. ) ;
#7241 = STYLED_ITEM ( 'NONE', ( #24 ), #6350 ) ;
#7242 = DIRECTION ( 'NONE',  ( 0.000000000000000000, 1.000000000000000000, 0.000000000000000000 ) ) ;
#7243 = FACE_OUTER_BOUND ( 'NONE', #6526, .T. ) ;
#7244 =( LENGTH_UNIT ( ) NAMED_UNIT ( * ) SI_UNIT ( .MILLI., .METRE. ) );
#7245 = FILL_AREA_STYLE_COLOUR ( '', #1895 ) ;
#7246 = CARTESIAN_POINT ( 'NONE',  ( 0.1049092480259035398, 0.6427864331685790855, 0.01000000000000000021 ) ) ;
#7247 = SURFACE_STYLE_FILL_AREA ( #2747 ) ;
#7248 = CARTESIAN_POINT ( 'NONE',  ( 1.000000000000000000, 0.8549999999999999822, 0.2800000000000000266 ) ) ;
#7249 = EDGE_LOOP ( 'NONE', ( #6578, #1350, #1024, #352 ) ) ;
#7250 = EDGE_CURVE ( 'NONE', #2165, #4221, #6668, .T. ) ;
#7251 = CIRCLE ( 'NONE', #4883, 0.01000000000000004705 ) ;
#7252 =( LENGTH_UNIT ( ) NAMED_UNIT ( * ) SI_UNIT ( .MILLI., .METRE. ) );
#7253 = ORIENTED_EDGE ( 'NONE', *, *, #4529, .T. ) ;
#7254 = DIRECTION ( 'NONE',  ( -0.01744974916068272111, -0.01744974916068271764, 0.9996954598818874604 ) ) ;
#7255 = DIRECTION ( 'NONE',  ( -0.000000000000000000, -0.000000000000000000, 1.000000000000000000 ) ) ;
#7256 = CARTESIAN_POINT ( 'NONE',  ( 0.1200916694838432830, 0.7034675754835064687, 0.000000000000000000 ) ) ;
#7257 = CARTESIAN_POINT ( 'NONE',  ( -0.1533451702609435752, 0.7304500467786024798, 0.000000000000000000 ) ) ;
#7258 = MECHANICAL_DESIGN_GEOMETRIC_PRESENTATION_REPRESENTATION (  '', ( #5003 ), #6549 ) ;
#7259 = APPLICATION_PROTOCOL_DEFINITION ( 'draft international standard', 'automotive_design', 1998, #4782 ) ;
#7260 = CARTESIAN_POINT ( 'NONE',  ( 0.09061443339759304993, 0.6402061443395781204, 0.01000000000000000021 ) ) ;
#7261 = CARTESIAN_POINT ( 'NONE',  ( 0.03202068339759305687, 0.6865476077542121969, 0.000000000000000000 ) ) ;
#7262 = CARTESIAN_POINT ( 'NONE',  ( -0.1596142251389923439, 0.7182549248273829567, 0.000000000000000000 ) ) ;
#7263 = DIRECTION ( 'NONE',  ( 0.000000000000000000, -0.000000000000000000, 1.000000000000000000 ) ) ;
#7264 = EDGE_LOOP ( 'NONE', ( #5573, #2512, #4558, #5073 ) ) ;
#7265 = DIRECTION ( 'NONE',  ( -1.000000000000000000, 0.000000000000000000, 0.000000000000000000 ) ) ;
#7266 =( GEOMETRIC_REPRESENTATION_CONTEXT ( 3 ) GLOBAL_UNCERTAINTY_ASSIGNED_CONTEXT ( ( #3273 ) ) GLOBAL_UNIT_ASSIGNED_CONTEXT ( ( #4707, #1952, #5818 ) ) REPRESENTATION_CONTEXT ( 'NONE', 'WORKASPACE' ) );
#7267 = FILL_AREA_STYLE ('',( #5001 ) ) ;
#7268 = ORIENTED_EDGE ( 'NONE', *, *, #3623, .F. ) ;
#7269 = SURFACE_SIDE_STYLE ('',( #1548 ) ) ;
#7270 = LINE ( 'NONE', #2280, #1373 ) ;
#7271 = SURFACE_SIDE_STYLE ('',( #603 ) ) ;
#7272 = UNCERTAINTY_MEASURE_WITH_UNIT (LENGTH_MEASURE( 1.000000000000000082E-05 ), #409, 'distance_accuracy_value', 'NONE');
#7273 = STYLED_ITEM ( 'NONE', ( #5648 ), #2522 ) ;
#7274 = SURFACE_STYLE_FILL_AREA ( #6159 ) ;
#7275 = VERTEX_POINT ( 'NONE', #2722 ) ;
#7276 = VECTOR ( 'NONE', #1240, 1000.000000000000000 ) ;
#7277 = CYLINDRICAL_SURFACE ( 'NONE', #3086, 0.01000000000000002623 ) ;
#7278 = DIRECTION ( 'NONE',  ( 0.000000000000000000, 1.000000000000000000, -0.000000000000000000 ) ) ;
#7279 = UNCERTAINTY_MEASURE_WITH_UNIT (LENGTH_MEASURE( 1.000000000000000082E-05 ), #1661, 'distance_accuracy_value', 'NONE');
#7280 =( LENGTH_UNIT ( ) NAMED_UNIT ( * ) SI_UNIT ( .MILLI., .METRE. ) );
#7281 = AXIS2_PLACEMENT_3D ( 'NONE', #1623, #3867, #2733 ) ;
#7282 = EDGE_CURVE ( 'NONE', #4835, #1613, #6558, .T. ) ;
#7283 = CARTESIAN_POINT ( 'NONE',  ( 0.6299999999999998934, -0.8999999999999999112, 0.2800000000000000266 ) ) ;
#7284 = CARTESIAN_POINT ( 'NONE',  ( 1.000000000000000000, -0.8900000000000001243, 0.2800000000000000266 ) ) ;
#7285 = ORIENTED_EDGE ( 'NONE', *, *, #4427, .F. ) ;
#7286 = AXIS2_PLACEMENT_3D ( 'NONE', #7042, #141, #1291 ) ;
#7287 = DIRECTION ( 'NONE',  ( 0.000000000000000000, 1.000000000000000000, 0.000000000000000000 ) ) ;
#7288 = DIRECTION ( 'NONE',  ( 0.000000000000000000, -0.01745240643728354635, 0.9998476951563911586 ) ) ;
#7289 = ORIENTED_EDGE ( 'NONE', *, *, #385, .T. ) ;
#7290 = PLANE ( 'NONE',  #3610 ) ;
#7291 = CARTESIAN_POINT ( 'NONE',  ( 0.1158352788041488307, 0.6344266851252430284, 0.01000000000000000021 ) ) ;
#7292 = CARTESIAN_POINT ( 'NONE',  ( 0.1258210518939581746, 0.6839354562559700756, 0.000000000000000000 ) ) ;
#7293 = EDGE_CURVE ( 'NONE', #1390, #1531, #439, .T. ) ;
#7294 = LINE ( 'NONE', #662, #7132 ) ;
#7295 = FACE_OUTER_BOUND ( 'NONE', #4650, .T. ) ;
#7296 = STYLED_ITEM ( 'NONE', ( #2695 ), #876 ) ;
#7297 =( GEOMETRIC_REPRESENTATION_CONTEXT ( 3 ) GLOBAL_UNCERTAINTY_ASSIGNED_CONTEXT ( ( #779 ) ) GLOBAL_UNIT_ASSIGNED_CONTEXT ( ( #5365, #6554, #473 ) ) REPRESENTATION_CONTEXT ( 'NONE', 'WORKASPACE' ) );
#7298 = CARTESIAN_POINT ( 'NONE',  ( 0.1109584381072770687, 0.6461032559397968944, 0.000000000000000000 ) ) ;
#7299 = CARTESIAN_POINT ( 'NONE',  ( 0.07064457264774995360, 0.6437745557477646541, 0.01000000000000000021 ) ) ;
#7300 = ORIENTED_EDGE ( 'NONE', *, *, #1327, .F. ) ;
ENDSEC;
END-ISO-10303-21;
