#VRML V2.0 utf8
# 3D model generated by easyeda2kicad.py (https://github.com/uPesy/easyeda2kicad.py)

Shape{
    appearance Appearance {
        material  Material 	{
            diffuseColor 1.0 1.0 1.0
            specularColor 0.9019607843137255 0.9019607843137255 0.9019607843137255
            ambientIntensity 0.2
            transparency 0
            shininess 0.5
        }
    }
    geometry IndexedFaceSet {
        ccw TRUE
        solid FALSE
        coord DEF co Coordinate {
            point [
                0.2454 -0.3261 0.2737, 0.2539 -0.3347 0.1102, 0.2454 0.3261 0.2737, 0.2539 0.3347 0.1102, 0.2257 0.3458 0.2737, 0.2343 0.3543 0.1102, -0.2257 0.3458 0.2737, -0.2343 0.3543 0.1102, -0.2454 0.3261 0.2737, -0.2539 0.3347 0.1102, -0.2454 -0.3261 0.2737, -0.2539 -0.3347 0.1102, -0.2257 -0.3458 0.2737, -0.2343 -0.3543 0.1102, 0.2257 -0.3458 0.2737, 0.2343 -0.3543 0.1102, 0.2061 -0.3064 0.311, 0.2061 0.3064 0.311, -0.2061 -0.3064 0.311, -0.2061 0.3064 0.311, -0.2533 -0.3398 0.1102, -0.2533 0.3398 0.1102, -0.2524 0.3422 0.1102, -0.2513 -0.3445 0.1102, -0.2524 -0.3422 0.1102, -0.2418 -0.3528 0.1102, 0.2441 -0.3517 0.1102, 0.2418 -0.3528 0.1102, 0.2524 -0.3422 0.1102, 0.2513 0.3445 0.1102, 0.2524 0.3422 0.1102, 0.2418 0.3528 0.1102, 0.2533 -0.3398 0.1102, 0.2394 -0.3537 0.1102, -0.2394 -0.3537 0.1102, 0.2394 0.3537 0.1102, 0.2533 0.3398 0.1102, -0.2482 0.3486 0.1102, -0.2462 0.3503 0.1102, -0.2499 0.3466 0.1102, -0.2441 0.3517 0.1102, -0.2513 0.3445 0.1102, -0.2418 0.3528 0.1102, -0.2394 0.3537 0.1102, 0.2513 -0.3445 0.1102, 0.2499 -0.3466 0.1102, 0.2462 -0.3503 0.1102, 0.2482 -0.3486 0.1102, -0.2441 -0.3517 0.1102, -0.2462 -0.3503 0.1102, -0.2499 -0.3466 0.1102, -0.2482 -0.3486 0.1102, 0.2441 0.3517 0.1102, 0.2462 0.3503 0.1102, 0.2499 0.3466 0.1102, 0.2482 0.3486 0.1102, 0.2308 0.3451 0.2739, 0.2355 0.3431 0.2741, 0.2396 0.34 0.2741, 0.2427 0.3359 0.2741, 0.2447 0.3312 0.2739, -0.2447 0.3312 0.2739, -0.2427 0.3359 0.2741, -0.2396 0.34 0.2741, -0.2355 0.3431 0.2741, -0.2308 0.3451 0.2739, 0.2447 -0.3312 0.2739, 0.2427 -0.3359 0.2741, 0.2396 -0.34 0.2741, 0.2355 -0.3431 0.2741, 0.2308 -0.3451 0.2739, -0.2308 -0.3451 0.2739, -0.2355 -0.3431 0.2741, -0.2396 -0.34 0.2741, -0.2427 -0.3359 0.2741, -0.2447 -0.3312 0.2739, -0.2446 0.3257 0.2798, -0.2386 0.339 0.2814, -0.2347 0.3421 0.2812, -0.2253 0.345 0.2798, -0.2302 0.3441 0.2807, -0.2437 0.3306 0.2807, -0.2434 0.3251 0.2834, -0.2409 0.3287 0.2888, -0.2283 0.3413 0.2888, -0.2241 0.3425 0.2874, -0.2247 0.3438 0.2834, -0.2421 0.3245 0.2874, -0.2392 0.323 0.2924, -0.236 0.3255 0.2967, -0.2375 0.3222 0.2953, -0.2329 0.3199 0.3, -0.2283 0.3206 0.3039, -0.2251 0.3364 0.2967, -0.2202 0.3287 0.3039, -0.218 0.3303 0.303, -0.2195 0.3333 0.3, -0.2218 0.3379 0.2953, -0.2226 0.3396 0.2924, -0.2186 0.3127 0.309, -0.2177 0.3138 0.3092, -0.2249 0.3159 0.3056, -0.2299 0.3184 0.303, -0.2166 0.3149 0.3094, -0.2265 0.3228 0.3045, -0.2339 0.3288 0.2975, -0.2388 0.3328 0.2896, -0.2417 0.3351 0.2812, -0.2156 0.316 0.3095, -0.2246 0.3249 0.3047, -0.2313 0.3317 0.2978, -0.2359 0.3363 0.2899, -0.2159 0.3113 0.3094, -0.211 0.3162 0.3094, -0.2134 0.318 0.3092, -0.2124 0.319 0.309, -0.2155 0.3253 0.3056, -0.2324 0.3392 0.2896, -0.2284 0.3343 0.2975, -0.2224 0.3269 0.3045, -0.2145 0.317 0.3094, -0.2329 -0.3199 0.3, -0.2299 -0.3184 0.303, -0.2249 -0.3159 0.3056, -0.2186 -0.3127 0.309, -0.2159 -0.3113 0.3094, -0.2375 -0.3222 0.2953, -0.2392 -0.323 0.2924, -0.2421 -0.3245 0.2874, -0.2434 -0.3251 0.2834, -0.2446 -0.3257 0.2798, 0.2253 0.345 0.2798, 0.2247 0.3438 0.2834, 0.2241 0.3425 0.2874, 0.2226 0.3396 0.2924, 0.2218 0.3379 0.2953, 0.2195 0.3333 0.3, 0.218 0.3303 0.303, 0.2155 0.3253 0.3056, 0.2124 0.319 0.309, 0.211 0.3162 0.3094, -0.2253 -0.345 0.2798, -0.2386 -0.339 0.2814, -0.2417 -0.3351 0.2812, -0.2437 -0.3306 0.2807, -0.2302 -0.3441 0.2807, -0.2247 -0.3438 0.2834, -0.2283 -0.3413 0.2888, -0.2409 -0.3287 0.2888, -0.2241 -0.3425 0.2874, -0.2226 -0.3396 0.2924, -0.2251 -0.3364 0.2967, -0.2218 -0.3379 0.2953, -0.2195 -0.3333 0.3, -0.2202 -0.3287 0.3039, -0.236 -0.3255 0.2967, -0.2283 -0.3206 0.3039, -0.2124 -0.319 0.309, -0.2134 -0.318 0.3092, -0.2155 -0.3253 0.3056, -0.218 -0.3303 0.303, -0.2145 -0.317 0.3094, -0.2224 -0.3269 0.3045, -0.2284 -0.3343 0.2975, -0.2324 -0.3392 0.2896, -0.2347 -0.3421 0.2812, -0.2156 -0.316 0.3095, -0.2246 -0.3249 0.3047, -0.2313 -0.3317 0.2978, -0.2359 -0.3363 0.2899, -0.211 -0.3162 0.3094, -0.2177 -0.3138 0.3092, -0.2388 -0.3328 0.2896, -0.2339 -0.3288 0.2975, -0.2265 -0.3228 0.3045, -0.2166 -0.3149 0.3094, 0.2386 0.339 0.2814, 0.2417 0.3351 0.2812, 0.2446 0.3257 0.2798, 0.2437 0.3306 0.2807, 0.2302 0.3441 0.2807, 0.2283 0.3413 0.2888, 0.2409 0.3287 0.2888, 0.2421 0.3245 0.2874, 0.2434 0.3251 0.2834, 0.2251 0.3364 0.2967, 0.2202 0.3287 0.3039, 0.236 0.3255 0.2967, 0.2283 0.3206 0.3039, 0.2299 0.3184 0.303, 0.2329 0.3199 0.3, 0.2375 0.3222 0.2953, 0.2392 0.323 0.2924, 0.2134 0.318 0.3092, 0.2145 0.317 0.3094, 0.2224 0.3269 0.3045, 0.2284 0.3343 0.2975, 0.2324 0.3392 0.2896, 0.2347 0.3421 0.2812, 0.2156 0.316 0.3095, 0.2246 0.3249 0.3047, 0.2313 0.3317 0.2978, 0.2359 0.3363 0.2899, 0.2159 0.3113 0.3094, 0.2177 0.3138 0.3092, 0.2186 0.3127 0.309, 0.2249 0.3159 0.3056, 0.2388 0.3328 0.2896, 0.2339 0.3288 0.2975, 0.2265 0.3228 0.3045, 0.2166 0.3149 0.3094, 0.2155 -0.3253 0.3056, 0.2124 -0.319 0.309, 0.211 -0.3162 0.3094, 0.218 -0.3303 0.303, 0.2195 -0.3333 0.3, 0.2218 -0.3379 0.2953, 0.2226 -0.3396 0.2924, 0.2241 -0.3425 0.2874, 0.2247 -0.3438 0.2834, 0.2253 -0.345 0.2798, 0.2446 -0.3257 0.2798, 0.2434 -0.3251 0.2834, 0.2421 -0.3245 0.2874, 0.2392 -0.323 0.2924, 0.2375 -0.3222 0.2953, 0.2329 -0.3199 0.3, 0.2299 -0.3184 0.303, 0.2249 -0.3159 0.3056, 0.2186 -0.3127 0.309, 0.2159 -0.3113 0.3094, 0.2386 -0.339 0.2814, 0.2347 -0.3421 0.2812, 0.2302 -0.3441 0.2807, 0.2437 -0.3306 0.2807, 0.2409 -0.3287 0.2888, 0.2283 -0.3413 0.2888, 0.236 -0.3255 0.2967, 0.2283 -0.3206 0.3039, 0.2251 -0.3364 0.2967, 0.2202 -0.3287 0.3039, 0.2177 -0.3138 0.3092, 0.2166 -0.3149 0.3094, 0.2265 -0.3228 0.3045, 0.2339 -0.3288 0.2975, 0.2388 -0.3328 0.2896, 0.2417 -0.3351 0.2812, 0.2156 -0.316 0.3095, 0.2246 -0.3249 0.3047, 0.2313 -0.3317 0.2978, 0.2359 -0.3363 0.2899, 0.2134 -0.318 0.3092, 0.2324 -0.3392 0.2896, 0.2284 -0.3343 0.2975, 0.2224 -0.3269 0.3045, 0.2145 -0.317 0.3094, 0.2145 -0.317 0.3094
            ]
        }
        coordIndex [
            0,1,2,-1,2,1,3,-1,4,5,6,-1,6,5,7,-1,8,9,10,-1,10,9,11,-1,12,13,14,-1,14,13,15,-1,16,17,18,-1,18,17,19,-1,15,13,1,-1,20,11,13,-1,21,22,7,-1,13,7,1,-1,1,7,5,-1,1,5,3,-1,23,24,25,-1,13,11,7,-1,7,11,9,-1,7,9,21,-1,26,27,28,-1,29,30,31,-1,1,32,15,-1,15,32,28,-1,15,28,33,-1,33,28,27,-1,20,13,24,-1,24,13,34,-1,24,34,25,-1,5,35,3,-1,3,35,31,-1,3,31,36,-1,36,31,30,-1,37,38,39,-1,39,38,40,-1,39,40,41,-1,41,40,42,-1,41,42,22,-1,22,42,43,-1,22,43,7,-1,28,44,26,-1,26,44,45,-1,26,45,46,-1,46,45,47,-1,25,48,23,-1,23,48,49,-1,23,49,50,-1,50,49,51,-1,31,52,29,-1,29,52,53,-1,29,53,54,-1,54,53,55,-1,4,56,5,-1,5,56,35,-1,35,56,31,-1,31,56,57,-1,31,57,52,-1,52,57,53,-1,53,57,58,-1,53,58,55,-1,55,58,54,-1,54,58,59,-1,54,59,29,-1,29,59,30,-1,30,59,60,-1,30,60,36,-1,36,60,2,-1,36,2,3,-1,8,61,9,-1,9,61,21,-1,21,61,22,-1,22,61,62,-1,22,62,41,-1,41,62,39,-1,39,62,63,-1,39,63,37,-1,37,63,38,-1,38,63,64,-1,38,64,40,-1,40,64,42,-1,42,64,65,-1,42,65,43,-1,43,65,6,-1,43,6,7,-1,0,66,1,-1,1,66,32,-1,32,66,28,-1,28,66,67,-1,28,67,44,-1,44,67,45,-1,45,67,68,-1,45,68,47,-1,47,68,46,-1,46,68,69,-1,46,69,26,-1,26,69,27,-1,27,69,70,-1,27,70,33,-1,33,70,14,-1,33,14,15,-1,12,71,13,-1,13,71,34,-1,34,71,25,-1,25,71,72,-1,25,72,48,-1,48,72,49,-1,49,72,73,-1,49,73,51,-1,51,73,50,-1,50,73,74,-1,50,74,23,-1,23,74,24,-1,24,74,75,-1,24,75,20,-1,20,75,10,-1,20,10,11,-1,61,8,76,-1,64,63,77,-1,65,64,78,-1,79,6,80,-1,80,6,65,-1,61,76,81,-1,81,76,82,-1,81,82,83,-1,84,85,80,-1,80,85,86,-1,80,86,79,-1,82,87,83,-1,83,87,88,-1,83,88,89,-1,88,90,89,-1,89,90,91,-1,89,91,92,-1,93,94,95,-1,95,96,93,-1,93,96,97,-1,93,97,84,-1,84,97,98,-1,84,98,85,-1,99,100,101,-1,101,100,92,-1,101,92,102,-1,102,92,91,-1,19,103,100,-1,100,103,104,-1,100,104,92,-1,92,104,105,-1,92,105,89,-1,89,105,106,-1,89,106,83,-1,83,106,107,-1,83,107,81,-1,81,107,62,-1,81,62,61,-1,19,108,103,-1,103,108,109,-1,103,109,104,-1,104,109,110,-1,104,110,105,-1,105,110,111,-1,105,111,106,-1,106,111,77,-1,106,77,107,-1,107,77,63,-1,107,63,62,-1,99,112,100,-1,100,112,19,-1,19,113,114,-1,114,113,115,-1,114,115,94,-1,94,115,116,-1,94,116,95,-1,65,78,80,-1,80,78,117,-1,80,117,84,-1,84,117,118,-1,84,118,93,-1,93,118,119,-1,93,119,94,-1,94,119,120,-1,94,120,114,-1,114,120,19,-1,64,77,78,-1,78,77,111,-1,78,111,117,-1,117,111,110,-1,117,110,118,-1,118,110,109,-1,118,109,119,-1,119,109,108,-1,119,108,120,-1,120,108,19,-1,91,121,122,-1,91,122,102,-1,102,122,123,-1,102,123,101,-1,101,123,124,-1,101,124,99,-1,99,124,125,-1,99,125,112,-1,112,125,18,-1,112,18,19,-1,121,91,126,-1,126,91,90,-1,126,90,127,-1,127,90,88,-1,127,88,128,-1,128,88,87,-1,128,87,129,-1,87,82,129,-1,129,82,76,-1,129,76,130,-1,130,76,8,-1,130,8,10,-1,4,6,79,-1,4,79,131,-1,131,79,86,-1,131,86,132,-1,132,86,85,-1,132,85,133,-1,133,85,98,-1,133,98,134,-1,134,98,97,-1,134,97,135,-1,135,97,96,-1,135,96,136,-1,136,96,95,-1,136,95,137,-1,137,95,116,-1,137,116,138,-1,138,116,115,-1,138,115,139,-1,139,115,113,-1,139,113,140,-1,140,113,19,-1,140,19,17,-1,71,12,141,-1,74,73,142,-1,75,74,143,-1,130,10,144,-1,144,10,75,-1,71,141,145,-1,145,141,146,-1,145,146,147,-1,148,128,144,-1,144,128,129,-1,144,129,130,-1,146,149,147,-1,147,149,150,-1,147,150,151,-1,150,152,151,-1,151,152,153,-1,151,153,154,-1,155,156,122,-1,122,121,155,-1,155,121,126,-1,155,126,148,-1,148,126,127,-1,148,127,128,-1,157,158,159,-1,159,158,154,-1,159,154,160,-1,160,154,153,-1,18,161,158,-1,158,161,162,-1,158,162,154,-1,154,162,163,-1,154,163,151,-1,151,163,164,-1,151,164,147,-1,147,164,165,-1,147,165,145,-1,145,165,72,-1,145,72,71,-1,18,166,161,-1,161,166,167,-1,161,167,162,-1,162,167,168,-1,162,168,163,-1,163,168,169,-1,163,169,164,-1,164,169,142,-1,164,142,165,-1,165,142,73,-1,165,73,72,-1,157,170,158,-1,158,170,18,-1,18,125,171,-1,171,125,124,-1,171,124,156,-1,156,124,123,-1,156,123,122,-1,75,143,144,-1,144,143,172,-1,144,172,148,-1,148,172,173,-1,148,173,155,-1,155,173,174,-1,155,174,156,-1,156,174,175,-1,156,175,171,-1,171,175,18,-1,74,142,143,-1,143,142,169,-1,143,169,172,-1,172,169,168,-1,172,168,173,-1,173,168,167,-1,173,167,174,-1,174,167,166,-1,174,166,175,-1,175,166,18,-1,56,4,131,-1,59,58,176,-1,60,59,177,-1,178,2,179,-1,179,2,60,-1,56,131,180,-1,180,131,132,-1,180,132,181,-1,182,183,179,-1,179,183,184,-1,179,184,178,-1,132,133,181,-1,181,133,134,-1,181,134,185,-1,134,135,185,-1,185,135,136,-1,185,136,186,-1,187,188,189,-1,189,190,187,-1,187,190,191,-1,187,191,182,-1,182,191,192,-1,182,192,183,-1,139,193,138,-1,138,193,186,-1,138,186,137,-1,137,186,136,-1,17,194,193,-1,193,194,195,-1,193,195,186,-1,186,195,196,-1,186,196,185,-1,185,196,197,-1,185,197,181,-1,181,197,198,-1,181,198,180,-1,180,198,57,-1,180,57,56,-1,17,199,194,-1,194,199,200,-1,194,200,195,-1,195,200,201,-1,195,201,196,-1,196,201,202,-1,196,202,197,-1,197,202,176,-1,197,176,198,-1,198,176,58,-1,198,58,57,-1,139,140,193,-1,193,140,17,-1,17,203,204,-1,204,203,205,-1,204,205,188,-1,188,205,206,-1,188,206,189,-1,60,177,179,-1,179,177,207,-1,179,207,182,-1,182,207,208,-1,182,208,187,-1,187,208,209,-1,187,209,188,-1,188,209,210,-1,188,210,204,-1,204,210,17,-1,59,176,177,-1,177,176,202,-1,177,202,207,-1,207,202,201,-1,207,201,208,-1,208,201,200,-1,208,200,209,-1,209,200,199,-1,209,199,210,-1,210,199,17,-1,159,211,212,-1,159,212,157,-1,157,212,213,-1,157,213,170,-1,170,213,16,-1,170,16,18,-1,211,159,214,-1,214,159,160,-1,214,160,215,-1,215,160,153,-1,215,153,216,-1,216,153,152,-1,216,152,217,-1,217,152,150,-1,217,150,218,-1,218,150,149,-1,218,149,219,-1,149,146,219,-1,219,146,141,-1,219,141,220,-1,220,141,12,-1,220,12,14,-1,0,2,178,-1,0,178,221,-1,221,178,184,-1,221,184,222,-1,222,184,183,-1,222,183,223,-1,223,183,192,-1,223,192,224,-1,224,192,191,-1,224,191,225,-1,225,191,190,-1,225,190,226,-1,226,190,189,-1,226,189,227,-1,227,189,206,-1,227,206,228,-1,228,206,205,-1,228,205,229,-1,229,205,203,-1,229,203,230,-1,230,203,17,-1,230,17,16,-1,66,0,221,-1,69,68,231,-1,70,69,232,-1,220,14,233,-1,233,14,70,-1,66,221,234,-1,234,221,222,-1,234,222,235,-1,236,218,233,-1,233,218,219,-1,233,219,220,-1,222,223,235,-1,235,223,224,-1,235,224,237,-1,224,225,237,-1,237,225,226,-1,237,226,238,-1,239,240,214,-1,214,215,239,-1,239,215,216,-1,239,216,236,-1,236,216,217,-1,236,217,218,-1,229,241,228,-1,228,241,238,-1,228,238,227,-1,227,238,226,-1,16,242,241,-1,241,242,243,-1,241,243,238,-1,238,243,244,-1,238,244,237,-1,237,244,245,-1,237,245,235,-1,235,245,246,-1,235,246,234,-1,234,246,67,-1,234,67,66,-1,16,247,242,-1,242,247,248,-1,242,248,243,-1,243,248,249,-1,243,249,244,-1,244,249,250,-1,244,250,245,-1,245,250,231,-1,245,231,246,-1,246,231,68,-1,246,68,67,-1,229,230,241,-1,241,230,16,-1,16,213,251,-1,251,213,212,-1,251,212,240,-1,240,212,211,-1,240,211,214,-1,70,232,233,-1,233,232,252,-1,233,252,236,-1,236,252,253,-1,236,253,239,-1,239,253,254,-1,239,254,240,-1,240,254,255,-1,240,255,251,-1,251,255,16,-1,69,231,232,-1,232,231,250,-1,232,250,252,-1,252,250,249,-1,252,249,253,-1,253,249,248,-1,253,248,254,-1,254,248,247,-1,254,247,255,-1,255,247,16,-1,
        ]
    }
}
Shape{
    appearance Appearance {
        material  Material 	{
            diffuseColor 0.0 0.0 0.0
            specularColor 0.0 0.0 0.0
            ambientIntensity 0.2
            transparency 0
            shininess 0.5
        }
    }
    geometry IndexedFaceSet {
        ccw TRUE
        solid FALSE
        coord DEF co Coordinate {
            point [
                -0.0019 -0.3583 0.0655, -0.0019 -0.3583 0.0625, -0.0019 -0.3543 0.0655, -0.0019 -0.3543 0.0625, -0.0125 -0.3583 0.0655, -0.0125 -0.3543 0.0655, -0.0125 -0.3583 0.0892, -0.0125 -0.3543 0.0892, -0.016 -0.3583 0.0892, -0.016 -0.3543 0.0892, -0.016 -0.3583 0.0625, -0.016 -0.3543 0.0625, 0.0118 -0.3583 0.062, 0.0118 -0.3543 0.062, 0.0134 -0.3543 0.0621, 0.0134 -0.3583 0.0621, 0.015 -0.3543 0.0623, 0.015 -0.3583 0.0623, 0.0163 -0.3543 0.0625, 0.0163 -0.3583 0.0625, 0.0176 -0.3543 0.0629, 0.0176 -0.3583 0.0629, 0.0187 -0.3543 0.0633, 0.0187 -0.3583 0.0633, 0.0192 -0.3543 0.0636, 0.0192 -0.3583 0.0636, 0.0192 -0.3583 0.0669, 0.0192 -0.3543 0.0669, 0.0182 -0.3543 0.0663, 0.0182 -0.3583 0.0663, 0.0171 -0.3543 0.0659, 0.0171 -0.3583 0.0659, 0.016 -0.3543 0.0656, 0.016 -0.3583 0.0656, 0.0148 -0.3543 0.0653, 0.0148 -0.3583 0.0653, 0.0135 -0.3543 0.0652, 0.0135 -0.3583 0.0652, 0.0123 -0.3543 0.0651, 0.0123 -0.3583 0.0651, 0.0111 -0.3543 0.0652, 0.0111 -0.3583 0.0652, 0.01 -0.3543 0.0653, 0.01 -0.3583 0.0653, 0.009 -0.3543 0.0656, 0.009 -0.3583 0.0656, 0.0081 -0.3543 0.066, 0.0081 -0.3583 0.066, 0.0072 -0.3543 0.0664, 0.0072 -0.3583 0.0664, 0.0064 -0.3543 0.067, 0.0064 -0.3583 0.067, 0.0057 -0.3543 0.0677, 0.0057 -0.3583 0.0677, 0.0054 -0.3543 0.0679, 0.0054 -0.3583 0.0679, 0.0048 -0.3543 0.0687, 0.0048 -0.3583 0.0687, 0.0042 -0.3543 0.0696, 0.0042 -0.3583 0.0696, 0.0038 -0.3543 0.0705, 0.0038 -0.3583 0.0705, 0.0034 -0.3543 0.0715, 0.0034 -0.3583 0.0715, 0.0031 -0.3543 0.0725, 0.0031 -0.3583 0.0725, 0.0029 -0.3543 0.0737, 0.0029 -0.3583 0.0737, 0.0028 -0.3543 0.075, 0.0028 -0.3583 0.075, 0.0028 -0.3543 0.0755, 0.0028 -0.3583 0.0755, 0.0029 -0.3543 0.0769, 0.0029 -0.3583 0.0769, 0.0031 -0.3543 0.0782, 0.0031 -0.3583 0.0782, 0.0033 -0.3543 0.0794, 0.0033 -0.3583 0.0794, 0.0037 -0.3543 0.0805, 0.0037 -0.3583 0.0805, 0.0041 -0.3543 0.0815, 0.0041 -0.3583 0.0815, 0.0047 -0.3543 0.0824, 0.0047 -0.3583 0.0824, 0.0053 -0.3543 0.0832, 0.0053 -0.3583 0.0832, 0.0056 -0.3543 0.0836, 0.0056 -0.3583 0.0836, 0.0064 -0.3543 0.0843, 0.0064 -0.3583 0.0843, 0.0072 -0.3543 0.0849, 0.0072 -0.3583 0.0849, 0.0081 -0.3543 0.0854, 0.0081 -0.3583 0.0854, 0.009 -0.3543 0.0858, 0.009 -0.3583 0.0858, 0.01 -0.3543 0.0862, 0.01 -0.3583 0.0862, 0.0111 -0.3543 0.0864, 0.0111 -0.3583 0.0864, 0.0122 -0.3543 0.0865, 0.0122 -0.3583 0.0865, 0.0129 -0.3543 0.0865, 0.0129 -0.3583 0.0865, 0.0142 -0.3543 0.0865, 0.0142 -0.3583 0.0865, 0.0154 -0.3543 0.0863, 0.0154 -0.3583 0.0863, 0.0166 -0.3543 0.086, 0.0166 -0.3583 0.086, 0.0177 -0.3543 0.0856, 0.0177 -0.3583 0.0856, 0.0188 -0.3543 0.0851, 0.0188 -0.3583 0.0851, 0.0192 -0.3543 0.0849, 0.0192 -0.3583 0.0849, 0.0192 -0.3583 0.0885, 0.0192 -0.3543 0.0885, 0.0182 -0.3543 0.0889, 0.0182 -0.3583 0.0889, 0.017 -0.3543 0.0892, 0.017 -0.3583 0.0892, 0.0157 -0.3543 0.0894, 0.0157 -0.3583 0.0894, 0.0143 -0.3543 0.0896, 0.0143 -0.3583 0.0896, 0.0129 -0.3543 0.0896, 0.0129 -0.3583 0.0896, 0.0115 -0.3543 0.0896, 0.0115 -0.3583 0.0896, 0.0101 -0.3543 0.0894, 0.0101 -0.3583 0.0894, 0.0089 -0.3543 0.0891, 0.0089 -0.3583 0.0891, 0.0077 -0.3543 0.0887, 0.0077 -0.3583 0.0887, 0.0066 -0.3543 0.0883, 0.0066 -0.3583 0.0883, 0.0056 -0.3543 0.0877, 0.0056 -0.3583 0.0877, 0.0046 -0.3543 0.087, 0.0046 -0.3583 0.087, 0.0036 -0.3543 0.0862, 0.0036 -0.3583 0.0862, 0.0031 -0.3543 0.0857, 0.0031 -0.3583 0.0857, 0.0022 -0.3543 0.0848, 0.0022 -0.3583 0.0848, 0.0015 -0.3543 0.0838, 0.0015 -0.3583 0.0838, 0.0009 -0.3543 0.0828, 0.0009 -0.3583 0.0828, 0.0004 -0.3543 0.0817, 0.0004 -0.3583 0.0817, -0.0 -0.3543 0.0805, -0.0 -0.3583 0.0805, -0.0004 -0.3543 0.0793, -0.0004 -0.3583 0.0793, -0.0006 -0.3543 0.078, -0.0006 -0.3583 0.078, -0.0008 -0.3543 0.0765, -0.0008 -0.3583 0.0765, -0.0008 -0.3543 0.0753, -0.0008 -0.3583 0.0753, -0.0007 -0.3543 0.0738, -0.0007 -0.3583 0.0738, -0.0006 -0.3543 0.0724, -0.0006 -0.3583 0.0724, -0.0003 -0.3543 0.0711, -0.0003 -0.3583 0.0711, 0.0001 -0.3543 0.0699, 0.0001 -0.3583 0.0699, 0.0005 -0.3543 0.0688, 0.0005 -0.3583 0.0688, 0.0011 -0.3543 0.0677, 0.0011 -0.3583 0.0677, 0.0017 -0.3543 0.0667, 0.0017 -0.3583 0.0667, 0.0024 -0.3543 0.0659, 0.0024 -0.3583 0.0659, 0.0026 -0.3543 0.0657, 0.0026 -0.3583 0.0657, 0.0035 -0.3543 0.0649, 0.0035 -0.3583 0.0649, 0.0044 -0.3543 0.0642, 0.0044 -0.3583 0.0642, 0.0053 -0.3543 0.0636, 0.0053 -0.3583 0.0636, 0.0063 -0.3543 0.0631, 0.0063 -0.3583 0.0631, 0.0074 -0.3543 0.0627, 0.0074 -0.3583 0.0627, 0.0085 -0.3543 0.0624, 0.0085 -0.3583 0.0624, 0.0097 -0.3543 0.0622, 0.0097 -0.3583 0.0622, 0.0111 -0.3543 0.0621, 0.0111 -0.3583 0.0621, 0.0389 -0.3583 0.0655, 0.0389 -0.3583 0.0625, 0.0389 -0.3543 0.0655, 0.0389 -0.3543 0.0625, 0.028 -0.3583 0.0655, 0.028 -0.3543 0.0655, 0.028 -0.3583 0.0745, 0.028 -0.3543 0.0745, 0.0375 -0.3583 0.0745, 0.0375 -0.3543 0.0745, 0.0375 -0.3583 0.0776, 0.0375 -0.3543 0.0776, 0.028 -0.3583 0.0776, 0.028 -0.3543 0.0776, 0.028 -0.3583 0.0861, 0.028 -0.3543 0.0861, 0.0383 -0.3583 0.0861, 0.0383 -0.3543 0.0861, 0.0383 -0.3583 0.0892, 0.0383 -0.3543 0.0892, 0.0245 -0.3583 0.0892, 0.0245 -0.3543 0.0892, 0.0245 -0.3583 0.0625, 0.0245 -0.3543 0.0625, 0.0562 -0.3583 0.0664, 0.0581 -0.3583 0.0638, 0.0572 -0.3583 0.0668, 0.0592 -0.3583 0.0644, 0.0581 -0.3583 0.0674, 0.0602 -0.3583 0.0651, 0.0589 -0.3583 0.068, 0.0612 -0.3583 0.0658, 0.0592 -0.3583 0.0683, 0.0616 -0.3583 0.0662, 0.0599 -0.3583 0.069, 0.0625 -0.3583 0.0671, 0.0604 -0.3583 0.0699, 0.0632 -0.3583 0.068, 0.0609 -0.3583 0.0707, 0.0639 -0.3583 0.069, 0.0613 -0.3583 0.0717, 0.0618 -0.3583 0.0787, 0.0652 -0.3583 0.0801, 0.0615 -0.3583 0.0798, 0.0648 -0.3583 0.0812, 0.0612 -0.3583 0.0808, 0.0643 -0.3583 0.0822, 0.0607 -0.3583 0.0817, 0.0637 -0.3583 0.0832, 0.0602 -0.3583 0.0824, 0.0631 -0.3583 0.0842, 0.0623 -0.3583 0.085, 0.0596 -0.3583 0.0832, 0.0616 -0.3583 0.0856, 0.0591 -0.3583 0.0836, 0.0606 -0.3583 0.0864, 0.0583 -0.3583 0.0842, 0.0596 -0.3583 0.0871, 0.0574 -0.3583 0.0848, 0.0585 -0.3583 0.0877, 0.0564 -0.3583 0.0852, 0.0573 -0.3583 0.0882, 0.0554 -0.3583 0.0856, 0.0561 -0.3583 0.0886, 0.0542 -0.3583 0.0859, 0.0548 -0.3583 0.0889, 0.053 -0.3583 0.086, 0.0535 -0.3583 0.0891, 0.0517 -0.3583 0.0861, 0.052 -0.3583 0.0892, 0.0514 -0.3583 0.0861, 0.0515 -0.3583 0.0892, 0.0474 -0.3583 0.0861, 0.0439 -0.3583 0.0892, 0.0474 -0.3583 0.0655, 0.0439 -0.3583 0.0625, 0.0513 -0.3583 0.0655, 0.0513 -0.3583 0.0625, 0.0527 -0.3583 0.0656, 0.0528 -0.3583 0.0625, 0.054 -0.3583 0.0658, 0.0543 -0.3583 0.0627, 0.0552 -0.3583 0.066, 0.0556 -0.3583 0.063, 0.0569 -0.3583 0.0634, 0.0644 -0.3583 0.0701, 0.0649 -0.3583 0.0712, 0.0617 -0.3583 0.0727, 0.0652 -0.3583 0.0723, 0.0619 -0.3583 0.0739, 0.0655 -0.3583 0.0736, 0.062 -0.3583 0.0751, 0.0656 -0.3583 0.0749, 0.062 -0.3583 0.0761, 0.0657 -0.3583 0.0762, 0.062 -0.3583 0.0774, 0.0656 -0.3583 0.0776, 0.0654 -0.3583 0.0789, 0.0583 -0.3543 0.0842, 0.0606 -0.3543 0.0864, 0.0591 -0.3543 0.0836, 0.0616 -0.3543 0.0856, 0.0596 -0.3543 0.0832, 0.0623 -0.3543 0.085, 0.0602 -0.3543 0.0824, 0.0631 -0.3543 0.0842, 0.0607 -0.3543 0.0817, 0.0637 -0.3543 0.0832, 0.0612 -0.3543 0.0808, 0.0643 -0.3543 0.0822, 0.0615 -0.3543 0.0798, 0.0572 -0.3543 0.0668, 0.0581 -0.3543 0.0638, 0.0562 -0.3543 0.0664, 0.0569 -0.3543 0.0634, 0.0552 -0.3543 0.066, 0.0556 -0.3543 0.063, 0.054 -0.3543 0.0658, 0.0543 -0.3543 0.0627, 0.0527 -0.3543 0.0656, 0.0528 -0.3543 0.0625, 0.0513 -0.3543 0.0655, 0.0513 -0.3543 0.0625, 0.0474 -0.3543 0.0655, 0.0439 -0.3543 0.0625, 0.0474 -0.3543 0.0861, 0.0439 -0.3543 0.0892, 0.0514 -0.3543 0.0861, 0.0515 -0.3543 0.0892, 0.0517 -0.3543 0.0861, 0.052 -0.3543 0.0892, 0.053 -0.3543 0.086, 0.0535 -0.3543 0.0891, 0.0542 -0.3543 0.0859, 0.0548 -0.3543 0.0889, 0.0554 -0.3543 0.0856, 0.0561 -0.3543 0.0886, 0.0564 -0.3543 0.0852, 0.0573 -0.3543 0.0882, 0.0574 -0.3543 0.0848, 0.0585 -0.3543 0.0877, 0.0596 -0.3543 0.0871, 0.0617 -0.3543 0.0727, 0.0649 -0.3543 0.0712, 0.0613 -0.3543 0.0717, 0.0644 -0.3543 0.0701, 0.0609 -0.3543 0.0707, 0.0639 -0.3543 0.069, 0.0604 -0.3543 0.0699, 0.0632 -0.3543 0.068, 0.0599 -0.3543 0.069, 0.0625 -0.3543 0.0671, 0.0592 -0.3543 0.0683, 0.0616 -0.3543 0.0662, 0.0589 -0.3543 0.068, 0.0612 -0.3543 0.0658, 0.0581 -0.3543 0.0674, 0.0602 -0.3543 0.0651, 0.0592 -0.3543 0.0644, 0.0648 -0.3543 0.0812, 0.0652 -0.3543 0.0801, 0.0618 -0.3543 0.0787, 0.0654 -0.3543 0.0789, 0.062 -0.3543 0.0774, 0.0656 -0.3543 0.0776, 0.062 -0.3543 0.0761, 0.0657 -0.3543 0.0762, 0.062 -0.3543 0.0751, 0.0656 -0.3543 0.0749, 0.0619 -0.3543 0.0739, 0.0655 -0.3543 0.0736, 0.0652 -0.3543 0.0723, 0.0746 -0.3583 0.0728, 0.0735 -0.3583 0.0698, 0.0836 -0.3583 0.0728, 0.0846 -0.3583 0.0698, 0.0786 -0.3583 0.0839, 0.0773 -0.3583 0.0892, 0.0671 -0.3583 0.0625, 0.0709 -0.3583 0.0625, 0.0788 -0.3583 0.0847, 0.079 -0.3583 0.0858, 0.081 -0.3583 0.0892, 0.0791 -0.3583 0.0858, 0.0793 -0.3583 0.0846, 0.0795 -0.3583 0.0839, 0.0912 -0.3583 0.0625, 0.0874 -0.3583 0.0625, 0.0836 -0.3543 0.0728, 0.0795 -0.3543 0.0839, 0.081 -0.3543 0.0892, 0.0793 -0.3543 0.0846, 0.0791 -0.3543 0.0858, 0.0773 -0.3543 0.0892, 0.079 -0.3543 0.0858, 0.0788 -0.3543 0.0847, 0.0786 -0.3543 0.0839, 0.0746 -0.3543 0.0728, 0.0671 -0.3543 0.0625, 0.0912 -0.3543 0.0625, 0.0874 -0.3543 0.0625, 0.0846 -0.3543 0.0698, 0.0709 -0.3543 0.0625, 0.0735 -0.3543 0.0698, -0.0016 -0.3583 0.0232, -0.0016 -0.3583 0.0201, -0.0016 -0.3543 0.0232, -0.0016 -0.3543 0.0201, -0.0125 -0.3583 0.0232, -0.0125 -0.3543 0.0232, -0.0125 -0.3583 0.0322, -0.0125 -0.3543 0.0322, -0.003 -0.3583 0.0322, -0.003 -0.3543 0.0322, -0.003 -0.3583 0.0352, -0.003 -0.3543 0.0352, -0.0125 -0.3583 0.0352, -0.0125 -0.3543 0.0352, -0.0125 -0.3583 0.0438, -0.0125 -0.3543 0.0438, -0.0022 -0.3583 0.0438, -0.0022 -0.3543 0.0438, -0.0022 -0.3583 0.0468, -0.0022 -0.3543 0.0468, -0.016 -0.3583 0.0468, -0.016 -0.3543 0.0468, -0.016 -0.3583 0.0201, -0.016 -0.3543 0.0201, 0.0136 -0.3583 0.0201, 0.0169 -0.3583 0.0201, 0.0136 -0.3583 0.0231, 0.0169 -0.3583 0.0324, 0.011 -0.3583 0.0368, 0.0116 -0.3583 0.0366, 0.0129 -0.3583 0.0392, 0.0051 -0.3583 0.0307, 0.0043 -0.3583 0.0303, 0.0062 -0.3583 0.0282, 0.0059 -0.3583 0.0279, 0.0136 -0.3583 0.039, 0.012 -0.3583 0.0363, 0.0142 -0.3583 0.0387, 0.0124 -0.3583 0.036, 0.0147 -0.3583 0.0383, 0.0037 -0.3583 0.0299, 0.0032 -0.3583 0.0295, 0.0056 -0.3583 0.0276, 0.0152 -0.3583 0.0378, 0.0127 -0.3583 0.0356, 0.0156 -0.3583 0.0374, 0.0031 -0.3583 0.0294, 0.0027 -0.3583 0.029, 0.0053 -0.3583 0.0272, 0.0024 -0.3583 0.0284, 0.0051 -0.3583 0.0267, 0.0059 -0.3583 0.031, 0.0067 -0.3583 0.0285, 0.0069 -0.3583 0.0313, 0.0073 -0.3583 0.0287, 0.0079 -0.3583 0.0315, 0.0056 -0.3583 0.0236, 0.0054 -0.3583 0.024, 0.0026 -0.3583 0.0219, 0.005 -0.3583 0.025, 0.0018 -0.3583 0.0237, 0.0052 -0.3583 0.0245, 0.002 -0.3583 0.0231, 0.0022 -0.3583 0.0225, 0.0129 -0.3583 0.0251, 0.0135 -0.3583 0.0231, 0.0126 -0.3583 0.0245, 0.0133 -0.3583 0.0229, 0.0092 -0.3583 0.0225, 0.01 -0.3583 0.0201, 0.0099 -0.3583 0.0226, 0.0106 -0.3583 0.0203, 0.0105 -0.3583 0.0228, 0.0113 -0.3583 0.0207, 0.011 -0.3583 0.0231, 0.0136 -0.3583 0.0277, 0.0135 -0.3583 0.027, 0.0134 -0.3583 0.0263, 0.0132 -0.3583 0.0257, 0.016 -0.3583 0.0368, 0.013 -0.3583 0.0352, 0.0163 -0.3583 0.0361, 0.0132 -0.3583 0.0346, 0.0166 -0.3583 0.0353, 0.0134 -0.3583 0.034, 0.0168 -0.3583 0.0345, 0.0136 -0.3583 0.0297, 0.0136 -0.3583 0.0323, 0.0091 -0.3583 0.0291, 0.0081 -0.3583 0.0289, 0.0118 -0.3583 0.0211, 0.0124 -0.3583 0.0216, 0.0115 -0.3583 0.0234, 0.0129 -0.3583 0.0222, 0.012 -0.3583 0.0239, 0.0121 -0.3583 0.024, 0.0169 -0.3583 0.0335, 0.0135 -0.3583 0.0333, 0.0136 -0.3583 0.0324, 0.006 -0.3583 0.0233, 0.0043 -0.3583 0.0204, 0.0064 -0.3583 0.023, 0.005 -0.3583 0.0201, 0.0068 -0.3583 0.0227, 0.0056 -0.3583 0.0199, 0.0073 -0.3583 0.0226, 0.003 -0.3583 0.0214, 0.0032 -0.3583 0.0212, 0.0038 -0.3583 0.0208, 0.0021 -0.3583 0.0278, 0.0018 -0.3583 0.0272, 0.005 -0.3583 0.0262, 0.0017 -0.3583 0.0265, 0.005 -0.3583 0.0255, 0.0136 -0.3583 0.0279, 0.0122 -0.3583 0.0394, 0.0113 -0.3583 0.0396, 0.0104 -0.3583 0.0369, 0.0104 -0.3583 0.0396, 0.0097 -0.3583 0.0369, 0.01 -0.3583 0.0396, 0.0094 -0.3583 0.0369, 0.0089 -0.3583 0.0396, 0.0085 -0.3583 0.0369, 0.0078 -0.3583 0.0395, 0.0076 -0.3583 0.0367, 0.0068 -0.3583 0.0393, 0.0068 -0.3583 0.0365, 0.0058 -0.3583 0.039, 0.0059 -0.3583 0.0361, 0.0049 -0.3583 0.0386, 0.0051 -0.3583 0.0357, 0.004 -0.3583 0.0382, 0.0043 -0.3583 0.0352, 0.0035 -0.3583 0.0379, 0.0035 -0.3583 0.0346, 0.0064 -0.3583 0.0198, 0.0072 -0.3583 0.0197, 0.0079 -0.3583 0.0225, 0.0076 -0.3583 0.0197, 0.0085 -0.3583 0.0224, 0.0085 -0.3583 0.0197, 0.0093 -0.3583 0.0199, 0.0016 -0.3583 0.0257, 0.0016 -0.3583 0.0252, 0.0016 -0.3583 0.0245, 0.0043 -0.3543 0.0352, 0.0035 -0.3543 0.0346, 0.0035 -0.3543 0.0379, 0.0142 -0.3543 0.0387, 0.0124 -0.3543 0.036, 0.012 -0.3543 0.0363, 0.0134 -0.3543 0.0263, 0.0135 -0.3543 0.027, 0.0169 -0.3543 0.0324, 0.0147 -0.3543 0.0383, 0.0152 -0.3543 0.0378, 0.0127 -0.3543 0.0356, 0.0156 -0.3543 0.0374, 0.013 -0.3543 0.0352, 0.016 -0.3543 0.0368, 0.0132 -0.3543 0.0346, 0.0104 -0.3543 0.0369, 0.0113 -0.3543 0.0396, 0.011 -0.3543 0.0368, 0.0122 -0.3543 0.0394, 0.0116 -0.3543 0.0366, 0.0129 -0.3543 0.0392, 0.0136 -0.3543 0.039, 0.0132 -0.3543 0.0257, 0.0136 -0.3543 0.0231, 0.0136 -0.3543 0.0201, 0.0169 -0.3543 0.0201, 0.0059 -0.3543 0.0279, 0.0056 -0.3543 0.0276, 0.0032 -0.3543 0.0295, 0.0056 -0.3543 0.0236, 0.0026 -0.3543 0.0219, 0.0054 -0.3543 0.024, 0.0022 -0.3543 0.0225, 0.0052 -0.3543 0.0245, 0.0037 -0.3543 0.0299, 0.0043 -0.3543 0.0303, 0.0062 -0.3543 0.0282, 0.0051 -0.3543 0.0307, 0.0067 -0.3543 0.0285, 0.0059 -0.3543 0.031, 0.0073 -0.3543 0.0287, 0.0069 -0.3543 0.0313, 0.0081 -0.3543 0.0289, 0.0079 -0.3543 0.0315, 0.0053 -0.3543 0.0272, 0.0027 -0.3543 0.029, 0.0031 -0.3543 0.0294, 0.0136 -0.3543 0.0297, 0.0169 -0.3543 0.0335, 0.0136 -0.3543 0.0279, 0.0136 -0.3543 0.0277, 0.002 -0.3543 0.0231, 0.0018 -0.3543 0.0237, 0.005 -0.3543 0.025, 0.006 -0.3543 0.0233, 0.0032 -0.3543 0.0212, 0.003 -0.3543 0.0214, 0.0064 -0.3543 0.023, 0.0043 -0.3543 0.0204, 0.0038 -0.3543 0.0208, 0.0163 -0.3543 0.0361, 0.0166 -0.3543 0.0353, 0.0134 -0.3543 0.034, 0.0168 -0.3543 0.0345, 0.0135 -0.3543 0.0333, 0.0136 -0.3543 0.0324, 0.0136 -0.3543 0.0323, 0.0091 -0.3543 0.0291, 0.005 -0.3543 0.0262, 0.0018 -0.3543 0.0272, 0.0051 -0.3543 0.0267, 0.0021 -0.3543 0.0278, 0.0024 -0.3543 0.0284, 0.0016 -0.3543 0.0245, 0.0016 -0.3543 0.0252, 0.005 -0.3543 0.0255, 0.0016 -0.3543 0.0257, 0.0017 -0.3543 0.0265, 0.0051 -0.3543 0.0357, 0.004 -0.3543 0.0382, 0.0059 -0.3543 0.0361, 0.0049 -0.3543 0.0386, 0.0068 -0.3543 0.0365, 0.0058 -0.3543 0.039, 0.0076 -0.3543 0.0367, 0.0068 -0.3543 0.0393, 0.0085 -0.3543 0.0369, 0.0078 -0.3543 0.0395, 0.0094 -0.3543 0.0369, 0.0089 -0.3543 0.0396, 0.0097 -0.3543 0.0369, 0.01 -0.3543 0.0396, 0.0104 -0.3543 0.0396, 0.0133 -0.3543 0.0229, 0.0129 -0.3543 0.0222, 0.0115 -0.3543 0.0234, 0.0124 -0.3543 0.0216, 0.011 -0.3543 0.0231, 0.0118 -0.3543 0.0211, 0.0105 -0.3543 0.0228, 0.0113 -0.3543 0.0207, 0.0099 -0.3543 0.0226, 0.0079 -0.3543 0.0225, 0.0072 -0.3543 0.0197, 0.0073 -0.3543 0.0226, 0.0064 -0.3543 0.0198, 0.0068 -0.3543 0.0227, 0.0056 -0.3543 0.0199, 0.005 -0.3543 0.0201, 0.0106 -0.3543 0.0203, 0.01 -0.3543 0.0201, 0.0092 -0.3543 0.0225, 0.0093 -0.3543 0.0199, 0.0085 -0.3543 0.0224, 0.0085 -0.3543 0.0197, 0.0076 -0.3543 0.0197, 0.012 -0.3543 0.0239, 0.0121 -0.3543 0.024, 0.0135 -0.3543 0.0231, 0.0126 -0.3543 0.0245, 0.0129 -0.3543 0.0251, 0.0269 -0.3583 0.0224, 0.0269 -0.3543 0.0224, 0.0261 -0.3543 0.0225, 0.0261 -0.3583 0.0225, 0.0252 -0.3543 0.0226, 0.0252 -0.3583 0.0226, 0.0244 -0.3543 0.0228, 0.0244 -0.3583 0.0228, 0.0236 -0.3543 0.0231, 0.0236 -0.3583 0.0231, 0.0228 -0.3543 0.0234, 0.0228 -0.3583 0.0234, 0.0221 -0.3543 0.0239, 0.0221 -0.3583 0.0239, 0.0214 -0.3543 0.0243, 0.0214 -0.3583 0.0243, 0.0214 -0.3583 0.0208, 0.0214 -0.3543 0.0208, 0.0223 -0.3543 0.0205, 0.0223 -0.3583 0.0205, 0.0231 -0.3543 0.0202, 0.0231 -0.3583 0.0202, 0.024 -0.3543 0.0199, 0.024 -0.3583 0.0199, 0.025 -0.3543 0.0198, 0.025 -0.3583 0.0198, 0.026 -0.3543 0.0197, 0.026 -0.3583 0.0197, 0.0266 -0.3543 0.0197, 0.0266 -0.3583 0.0197, 0.0277 -0.3543 0.0197, 0.0277 -0.3583 0.0197, 0.0287 -0.3543 0.0199, 0.0287 -0.3583 0.0199, 0.0296 -0.3543 0.02, 0.0296 -0.3583 0.02, 0.0304 -0.3543 0.0203, 0.0304 -0.3583 0.0203, 0.0312 -0.3543 0.0206, 0.0312 -0.3583 0.0206, 0.0318 -0.3543 0.021, 0.0318 -0.3583 0.021, 0.0322 -0.3543 0.0212, 0.0322 -0.3583 0.0212, 0.0327 -0.3543 0.0216, 0.0327 -0.3583 0.0216, 0.0332 -0.3543 0.0221, 0.0332 -0.3583 0.0221, 0.0335 -0.3543 0.0226, 0.0335 -0.3583 0.0226, 0.0338 -0.3543 0.0231, 0.0338 -0.3583 0.0231, 0.0341 -0.3543 0.0237, 0.0341 -0.3583 0.0237, 0.0342 -0.3543 0.0243, 0.0342 -0.3583 0.0243, 0.0343 -0.3543 0.0249, 0.0343 -0.3583 0.0249, 0.0343 -0.3543 0.0253, 0.0343 -0.3583 0.0253, 0.0343 -0.3543 0.026, 0.0343 -0.3583 0.026, 0.0342 -0.3543 0.0267, 0.0342 -0.3583 0.0267, 0.034 -0.3543 0.0272, 0.034 -0.3583 0.0272, 0.0337 -0.3543 0.0278, 0.0337 -0.3583 0.0278, 0.0334 -0.3543 0.0283, 0.0334 -0.3583 0.0283, 0.0332 -0.3543 0.0285, 0.0332 -0.3583 0.0285, 0.0328 -0.3543 0.0289, 0.0328 -0.3583 0.0289, 0.0322 -0.3543 0.0293, 0.0322 -0.3583 0.0293, 0.0315 -0.3543 0.0297, 0.0315 -0.3583 0.0297, 0.0307 -0.3543 0.0302, 0.0307 -0.3583 0.0302, 0.0296 -0.3543 0.0307, 0.0296 -0.3583 0.0307, 0.0289 -0.3543 0.031, 0.0289 -0.3583 0.031, 0.0274 -0.3543 0.0316, 0.0274 -0.3583 0.0316, 0.0265 -0.3543 0.032, 0.0265 -0.3583 0.032, 0.0259 -0.3543 0.0324, 0.0259 -0.3583 0.0324, 0.0256 -0.3543 0.0326, 0.0256 -0.3583 0.0326, 0.0254 -0.3543 0.0329, 0.0254 -0.3583 0.0329, 0.0251 -0.3543 0.0332, 0.0251 -0.3583 0.0332, 0.025 -0.3543 0.0336, 0.025 -0.3583 0.0336, 0.0249 -0.3543 0.0341, 0.0249 -0.3583 0.0341, 0.0249 -0.3543 0.0344, 0.0249 -0.3583 0.0344, 0.025 -0.3543 0.0348, 0.025 -0.3583 0.0348, 0.0251 -0.3543 0.0352, 0.0251 -0.3583 0.0352, 0.0253 -0.3543 0.0356, 0.0253 -0.3583 0.0356, 0.0255 -0.3543 0.0359, 0.0255 -0.3583 0.0359, 0.0259 -0.3543 0.0362, 0.0259 -0.3583 0.0362, 0.0259 -0.3543 0.0362, 0.0259 -0.3583 0.0362, 0.0264 -0.3543 0.0365, 0.0264 -0.3583 0.0365, 0.0269 -0.3543 0.0367, 0.0269 -0.3583 0.0367, 0.0274 -0.3543 0.0368, 0.0274 -0.3583 0.0368, 0.0281 -0.3543 0.0369, 0.0281 -0.3583 0.0369, 0.0286 -0.3543 0.0369, 0.0286 -0.3583 0.0369, 0.0295 -0.3543 0.0369, 0.0295 -0.3583 0.0369, 0.0303 -0.3543 0.0368, 0.0303 -0.3583 0.0368, 0.0311 -0.3543 0.0366, 0.0311 -0.3583 0.0366, 0.0319 -0.3543 0.0363, 0.0319 -0.3583 0.0363, 0.0327 -0.3543 0.036, 0.0327 -0.3583 0.036, 0.0334 -0.3543 0.0356, 0.0334 -0.3583 0.0356, 0.0334 -0.3583 0.0388, 0.0334 -0.3543 0.0388, 0.0325 -0.3543 0.0391, 0.0325 -0.3583 0.0391, 0.0316 -0.3543 0.0394, 0.0316 -0.3583 0.0394, 0.0307 -0.3543 0.0395, 0.0307 -0.3583 0.0395, 0.0297 -0.3543 0.0396, 0.0297 -0.3583 0.0396, 0.0289 -0.3543 0.0396, 0.0289 -0.3583 0.0396, 0.0279 -0.3543 0.0396, 0.0279 -0.3583 0.0396, 0.027 -0.3543 0.0395, 0.027 -0.3583 0.0395, 0.0261 -0.3543 0.0393, 0.0261 -0.3583 0.0393, 0.0253 -0.3543 0.039, 0.0253 -0.3583 0.039, 0.0246 -0.3543 0.0387, 0.0246 -0.3583 0.0387, 0.0239 -0.3543 0.0383, 0.0239 -0.3583 0.0383, 0.0236 -0.3543 0.0381, 0.0236 -0.3583 0.0381, 0.0231 -0.3543 0.0377, 0.0231 -0.3583 0.0377, 0.0226 -0.3543 0.0372, 0.0226 -0.3583 0.0372, 0.0222 -0.3543 0.0367, 0.0222 -0.3583 0.0367, 0.0219 -0.3543 0.0362, 0.0219 -0.3583 0.0362, 0.0217 -0.3543 0.0356, 0.0217 -0.3583 0.0356, 0.0215 -0.3543 0.035, 0.0215 -0.3583 0.035, 0.0215 -0.3543 0.0344, 0.0215 -0.3583 0.0344, 0.0215 -0.3543 0.0341, 0.0215 -0.3583 0.0341, 0.0215 -0.3543 0.0334, 0.0215 -0.3583 0.0334, 0.0216 -0.3543 0.0327, 0.0216 -0.3583 0.0327, 0.0218 -0.3543 0.0321, 0.0218 -0.3583 0.0321, 0.0221 -0.3543 0.0316, 0.0221 -0.3583 0.0316, 0.0224 -0.3543 0.031, 0.0224 -0.3583 0.031, 0.0228 -0.3543 0.0307, 0.0228 -0.3583 0.0307, 0.0232 -0.3543 0.0303, 0.0232 -0.3583 0.0303, 0.0238 -0.3543 0.0298, 0.0238 -0.3583 0.0298, 0.0246 -0.3543 0.0294, 0.0246 -0.3583 0.0294, 0.0256 -0.3543 0.0289, 0.0256 -0.3583 0.0289, 0.0265 -0.3543 0.0285, 0.0265 -0.3583 0.0285, 0.028 -0.3543 0.0279, 0.028 -0.3583 0.0279, 0.029 -0.3543 0.0275, 0.029 -0.3583 0.0275, 0.0296 -0.3543 0.0271, 0.0296 -0.3583 0.0271, 0.03 -0.3543 0.0268, 0.03 -0.3583 0.0268, 0.0304 -0.3543 0.0265, 0.0304 -0.3583 0.0265, 0.0306 -0.3543 0.0261, 0.0306 -0.3583 0.0261, 0.0308 -0.3543 0.0257, 0.0308 -0.3583 0.0257, 0.0309 -0.3543 0.0253, 0.0309 -0.3583 0.0253, 0.0309 -0.3543 0.025, 0.0309 -0.3583 0.025, 0.0308 -0.3543 0.0245, 0.0308 -0.3583 0.0245, 0.0307 -0.3543 0.0241, 0.0307 -0.3583 0.0241, 0.0305 -0.3543 0.0237, 0.0305 -0.3583 0.0237, 0.0303 -0.3543 0.0234, 0.0303 -0.3583 0.0234, 0.03 -0.3543 0.0231, 0.03 -0.3583 0.0231, 0.0296 -0.3543 0.0229, 0.0296 -0.3583 0.0229, 0.0291 -0.3543 0.0227, 0.0291 -0.3583 0.0227, 0.0286 -0.3543 0.0226, 0.0286 -0.3583 0.0226, 0.0279 -0.3543 0.0225, 0.0279 -0.3583 0.0225, 0.0509 -0.3583 0.0392, 0.0544 -0.3583 0.0392, 0.0509 -0.3543 0.0392, 0.0544 -0.3543 0.0392, 0.0457 -0.3583 0.0249, 0.0457 -0.3543 0.0249, 0.0454 -0.3543 0.024, 0.0454 -0.3583 0.024, 0.0453 -0.3543 0.0233, 0.0453 -0.3583 0.0233, 0.0452 -0.3583 0.0233, 0.0452 -0.3543 0.0233, 0.0448 -0.3583 0.0249, 0.0448 -0.3543 0.0249, 0.0398 -0.3583 0.0392, 0.0398 -0.3543 0.0392, 0.0361 -0.3583 0.0392, 0.0361 -0.3543 0.0392, 0.0435 -0.3583 0.0202, 0.0435 -0.3543 0.0202, 0.0421 -0.3583 0.0167, 0.0421 -0.3543 0.0167, 0.0417 -0.3543 0.0159, 0.0417 -0.3583 0.0159, 0.0413 -0.3543 0.0153, 0.0413 -0.3583 0.0153, 0.0408 -0.3543 0.0148, 0.0408 -0.3583 0.0148, 0.0403 -0.3543 0.0145, 0.0403 -0.3583 0.0145, 0.0398 -0.3543 0.0142, 0.0398 -0.3583 0.0142, 0.0392 -0.3543 0.0141, 0.0392 -0.3583 0.0141, 0.0386 -0.3543 0.014, 0.0386 -0.3583 0.014, 0.0379 -0.3543 0.0141, 0.0379 -0.3583 0.0141, 0.0372 -0.3543 0.0143, 0.0372 -0.3583 0.0143, 0.0367 -0.3543 0.0144, 0.0367 -0.3583 0.0144, 0.0367 -0.3583 0.0114, 0.0367 -0.3543 0.0114, 0.0375 -0.3543 0.0113, 0.0375 -0.3583 0.0113, 0.0385 -0.3543 0.0112, 0.0385 -0.3583 0.0112, 0.0389 -0.3543 0.0112, 0.0389 -0.3583 0.0112, 0.0397 -0.3543 0.0112, 0.0397 -0.3583 0.0112, 0.0405 -0.3543 0.0114, 0.0405 -0.3583 0.0114, 0.0412 -0.3543 0.0117, 0.0412 -0.3583 0.0117, 0.0419 -0.3543 0.012, 0.0419 -0.3583 0.012, 0.0426 -0.3543 0.0125, 0.0426 -0.3583 0.0125, 0.0433 -0.3543 0.0132, 0.0433 -0.3583 0.0132, 0.0439 -0.3543 0.0139, 0.0439 -0.3583 0.0139, 0.0445 -0.3543 0.0148, 0.0445 -0.3583 0.0148, 0.0451 -0.3543 0.0159, 0.0451 -0.3583 0.0159, 0.0456 -0.3543 0.0171, 0.0456 -0.3583 0.0171, 0.0457 -0.3543 0.0173, 0.0457 -0.3583 0.0173, 0.0723 -0.3583 0.0232, 0.0723 -0.3583 0.0201, 0.0723 -0.3543 0.0232, 0.0723 -0.3543 0.0201, 0.0614 -0.3583 0.0232, 0.0614 -0.3543 0.0232, 0.0614 -0.3583 0.0322, 0.0614 -0.3543 0.0322, 0.0709 -0.3583 0.0322, 0.0709 -0.3543 0.0322, 0.0709 -0.3583 0.0352, 0.0709 -0.3543 0.0352, 0.0614 -0.3583 0.0352, 0.0614 -0.3543 0.0352, 0.0614 -0.3583 0.0438, 0.0614 -0.3543 0.0438, 0.0717 -0.3583 0.0438, 0.0717 -0.3543 0.0438, 0.0717 -0.3583 0.0468, 0.0717 -0.3543 0.0468, 0.058 -0.3583 0.0468, 0.058 -0.3543 0.0468, 0.058 -0.3583 0.0201, 0.058 -0.3543 0.0201, 0.0896 -0.3583 0.0241, 0.0915 -0.3583 0.0215, 0.0906 -0.3583 0.0245, 0.0926 -0.3583 0.0221, 0.0915 -0.3583 0.025, 0.0937 -0.3583 0.0227, 0.0923 -0.3583 0.0257, 0.0946 -0.3583 0.0235, 0.0926 -0.3583 0.026, 0.0951 -0.3583 0.0239, 0.0933 -0.3583 0.0267, 0.0959 -0.3583 0.0248, 0.0939 -0.3583 0.0275, 0.0967 -0.3583 0.0257, 0.0944 -0.3583 0.0284, 0.0973 -0.3583 0.0267, 0.0948 -0.3583 0.0293, 0.0952 -0.3583 0.0363, 0.0986 -0.3583 0.0377, 0.095 -0.3583 0.0374, 0.0982 -0.3583 0.0389, 0.0946 -0.3583 0.0384, 0.0977 -0.3583 0.0399, 0.0942 -0.3583 0.0393, 0.0972 -0.3583 0.0409, 0.0936 -0.3583 0.0401, 0.0965 -0.3583 0.0418, 0.0957 -0.3583 0.0427, 0.093 -0.3583 0.0408, 0.0951 -0.3583 0.0433, 0.0925 -0.3583 0.0413, 0.0941 -0.3583 0.0441, 0.0917 -0.3583 0.0419, 0.093 -0.3583 0.0448, 0.0908 -0.3583 0.0424, 0.0919 -0.3583 0.0454, 0.0898 -0.3583 0.0429, 0.0908 -0.3583 0.0459, 0.0888 -0.3583 0.0432, 0.0895 -0.3583 0.0463, 0.0877 -0.3583 0.0435, 0.0882 -0.3583 0.0466, 0.0864 -0.3583 0.0437, 0.0869 -0.3583 0.0467, 0.0851 -0.3583 0.0438, 0.0854 -0.3583 0.0468, 0.0848 -0.3583 0.0438, 0.085 -0.3583 0.0468, 0.0808 -0.3583 0.0438, 0.0774 -0.3583 0.0468, 0.0808 -0.3583 0.0232, 0.0774 -0.3583 0.0201, 0.0847 -0.3583 0.0232, 0.0847 -0.3583 0.0201, 0.0861 -0.3583 0.0232, 0.0862 -0.3583 0.0202, 0.0874 -0.3583 0.0234, 0.0877 -0.3583 0.0204, 0.0886 -0.3583 0.0237, 0.089 -0.3583 0.0207, 0.0903 -0.3583 0.021, 0.0979 -0.3583 0.0277, 0.0983 -0.3583 0.0288, 0.0951 -0.3583 0.0304, 0.0986 -0.3583 0.03, 0.0953 -0.3583 0.0315, 0.0989 -0.3583 0.0313, 0.0954 -0.3583 0.0328, 0.099 -0.3583 0.0326, 0.0955 -0.3583 0.0337, 0.0991 -0.3583 0.0338, 0.0954 -0.3583 0.0351, 0.099 -0.3583 0.0352, 0.0989 -0.3583 0.0365, 0.0917 -0.3543 0.0419, 0.0941 -0.3543 0.0441, 0.0925 -0.3543 0.0413, 0.0951 -0.3543 0.0433, 0.093 -0.3543 0.0408, 0.0957 -0.3543 0.0427, 0.0936 -0.3543 0.0401, 0.0965 -0.3543 0.0418, 0.0942 -0.3543 0.0393, 0.0972 -0.3543 0.0409, 0.0946 -0.3543 0.0384, 0.0977 -0.3543 0.0399, 0.095 -0.3543 0.0374, 0.0906 -0.3543 0.0245, 0.0915 -0.3543 0.0215, 0.0896 -0.3543 0.0241, 0.0903 -0.3543 0.021, 0.0886 -0.3543 0.0237, 0.089 -0.3543 0.0207, 0.0874 -0.3543 0.0234, 0.0877 -0.3543 0.0204, 0.0861 -0.3543 0.0232, 0.0862 -0.3543 0.0202, 0.0847 -0.3543 0.0232, 0.0847 -0.3543 0.0201, 0.0808 -0.3543 0.0232, 0.0774 -0.3543 0.0201, 0.0808 -0.3543 0.0438, 0.0774 -0.3543 0.0468, 0.0848 -0.3543 0.0438, 0.085 -0.3543 0.0468, 0.0851 -0.3543 0.0438, 0.0854 -0.3543 0.0468, 0.0864 -0.3543 0.0437, 0.0869 -0.3543 0.0467, 0.0877 -0.3543 0.0435, 0.0882 -0.3543 0.0466, 0.0888 -0.3543 0.0432, 0.0895 -0.3543 0.0463, 0.0898 -0.3543 0.0429, 0.0908 -0.3543 0.0459, 0.0908 -0.3543 0.0424, 0.0919 -0.3543 0.0454, 0.093 -0.3543 0.0448, 0.0951 -0.3543 0.0304, 0.0983 -0.3543 0.0288, 0.0948 -0.3543 0.0293, 0.0979 -0.3543 0.0277, 0.0944 -0.3543 0.0284, 0.0973 -0.3543 0.0267, 0.0939 -0.3543 0.0275, 0.0967 -0.3543 0.0257, 0.0933 -0.3543 0.0267, 0.0959 -0.3543 0.0248, 0.0926 -0.3543 0.026, 0.0951 -0.3543 0.0239, 0.0923 -0.3543 0.0257, 0.0946 -0.3543 0.0235, 0.0915 -0.3543 0.025, 0.0937 -0.3543 0.0227, 0.0926 -0.3543 0.0221, 0.0982 -0.3543 0.0389, 0.0986 -0.3543 0.0377, 0.0952 -0.3543 0.0363, 0.0989 -0.3543 0.0365, 0.0954 -0.3543 0.0351, 0.099 -0.3543 0.0352, 0.0955 -0.3543 0.0337, 0.0991 -0.3543 0.0338, 0.0954 -0.3543 0.0328, 0.099 -0.3543 0.0326, 0.0953 -0.3543 0.0315, 0.0989 -0.3543 0.0313, 0.0986 -0.3543 0.03, 0.108 -0.3583 0.0305, 0.1069 -0.3583 0.0274, 0.117 -0.3583 0.0305, 0.1181 -0.3583 0.0274, 0.112 -0.3583 0.0416, 0.1107 -0.3583 0.0468, 0.1006 -0.3583 0.0201, 0.1044 -0.3583 0.0201, 0.1123 -0.3583 0.0424, 0.1125 -0.3583 0.0434, 0.1144 -0.3583 0.0468, 0.1125 -0.3583 0.0434, 0.1128 -0.3583 0.0423, 0.113 -0.3583 0.0416, 0.1246 -0.3583 0.0201, 0.1208 -0.3583 0.0201, 0.117 -0.3543 0.0305, 0.113 -0.3543 0.0416, 0.1144 -0.3543 0.0468, 0.1128 -0.3543 0.0423, 0.1125 -0.3543 0.0434, 0.1107 -0.3543 0.0468, 0.1125 -0.3543 0.0434, 0.1123 -0.3543 0.0424, 0.112 -0.3543 0.0416, 0.108 -0.3543 0.0305, 0.1006 -0.3543 0.0201, 0.1246 -0.3543 0.0201, 0.1208 -0.3543 0.0201, 0.1181 -0.3543 0.0274, 0.1044 -0.3543 0.0201, 0.1069 -0.3543 0.0274, -0.131 -0.3583 0.0129, -0.1289 -0.3583 0.0111, -0.1355 -0.3583 0.0331, -0.1193 -0.3583 0.0675, -0.1179 -0.3583 0.0667, -0.1238 -0.3583 0.0806, -0.1068 -0.3583 0.0809, -0.1036 -0.3583 0.0826, -0.1095 -0.3583 0.0925, -0.0691 -0.3583 0.0711, -0.0675 -0.3583 0.0678, -0.0566 -0.3583 0.0715, -0.0664 -0.3583 0.0642, -0.0659 -0.3583 0.0612, -0.1166 -0.3583 0.0336, -0.1148 -0.3583 0.033, -0.1109 -0.3583 0.0444, -0.0587 -0.3583 0.0327, -0.0613 -0.3583 0.0319, -0.0585 -0.3583 0.0206, -0.1357 -0.3583 0.0204, -0.1346 -0.3583 0.0177, -0.133 -0.3583 0.0151, -0.0722 -0.3583 0.0424, -0.078 -0.3583 0.0525, -0.0987 -0.3583 0.0284, -0.1035 -0.3583 0.0392, -0.0987 -0.3583 0.0265, -0.109 -0.3583 0.0097, -0.0989 -0.3583 0.0241, -0.1064 -0.3583 0.0113, -0.1043 -0.3583 0.0131, -0.1196 -0.3583 0.0191, -0.1203 -0.3583 0.0077, -0.1179 -0.3583 0.0189, -0.1177 -0.3583 0.0075, -0.1161 -0.3583 0.0191, -0.1229 -0.3583 0.0208, -0.1213 -0.3583 0.0198, -0.1263 -0.3583 0.0095, -0.1234 -0.3583 0.0084, -0.1111 -0.3583 0.0292, -0.1106 -0.3583 0.0275, -0.1105 -0.3583 0.0257, -0.1109 -0.3583 0.0238, -0.1118 -0.3583 0.0222, -0.1334 -0.3583 0.0688, -0.1359 -0.3583 0.08, -0.1396 -0.3583 0.0788, -0.0621 -0.3583 0.0201, -0.0632 -0.3583 0.0316, -0.0733 -0.3583 0.0201, -0.0718 -0.3583 0.0316, -0.0742 -0.3583 0.0202, -0.1055 -0.3583 0.0941, -0.1001 -0.3583 0.0839, -0.1013 -0.3583 0.0954, -0.1383 -0.3583 0.0347, -0.1415 -0.3583 0.0225, -0.1379 -0.3583 0.0211, -0.1363 -0.3583 0.0676, -0.1431 -0.3583 0.0771, -0.139 -0.3583 0.066, -0.1464 -0.3583 0.0749, -0.1414 -0.3583 0.064, -0.1023 -0.3583 0.0155, -0.1007 -0.3583 0.0181, -0.0995 -0.3583 0.021, -0.1253 -0.3583 0.0255, -0.1249 -0.3583 0.0238, -0.1241 -0.3583 0.0222, -0.1081 -0.3583 0.0431, -0.1132 -0.3583 0.0321, -0.1056 -0.3583 0.0413, -0.0502 -0.3583 0.0507, -0.0402 -0.3583 0.0569, -0.0512 -0.3583 0.0532, -0.0419 -0.3583 0.0601, -0.0527 -0.3583 0.0555, -0.044 -0.3583 0.0631, -0.0546 -0.3583 0.0575, -0.0466 -0.3583 0.0657, -0.0568 -0.3583 0.0591, -0.1429 -0.3583 0.0389, -0.1509 -0.3583 0.0295, -0.1407 -0.3583 0.0366, -0.148 -0.3583 0.0268, -0.1449 -0.3583 0.0244, -0.1321 -0.3583 0.0807, -0.1304 -0.3583 0.0694, -0.1281 -0.3583 0.081, -0.128 -0.3583 0.0696, -0.126 -0.3583 0.0808, -0.125 -0.3583 0.0693, -0.1221 -0.3583 0.0686, -0.1252 -0.3583 0.0274, -0.1247 -0.3583 0.0292, -0.1347 -0.3583 0.0351, -0.1238 -0.3583 0.0308, -0.1179 -0.3583 0.0337, -0.1207 -0.3583 0.0454, -0.1197 -0.3583 0.0335, -0.1236 -0.3583 0.0447, -0.1213 -0.3583 0.0329, -0.1138 -0.3583 0.0453, -0.1167 -0.3583 0.0456, -0.1177 -0.3583 0.0457, -0.113 -0.3583 0.0208, -0.1144 -0.3583 0.0198, -0.1118 -0.3583 0.0085, -0.1147 -0.3583 0.0078, -0.0551 -0.3583 0.0216, -0.0518 -0.3583 0.0231, -0.0563 -0.3583 0.034, -0.0487 -0.3583 0.0251, -0.0541 -0.3583 0.0357, -0.0459 -0.3583 0.0275, -0.0533 -0.3583 0.0366, -0.0448 -0.3583 0.0286, -0.0517 -0.3583 0.0387, -0.1134 -0.3583 0.0903, -0.1154 -0.3583 0.0889, -0.1098 -0.3583 0.0787, -0.1184 -0.3583 0.0865, -0.1124 -0.3583 0.0761, -0.1212 -0.3583 0.0837, -0.1146 -0.3583 0.0733, -0.1165 -0.3583 0.0701, -0.0583 -0.3583 0.0753, -0.0604 -0.3583 0.0789, -0.0711 -0.3583 0.0742, -0.0629 -0.3583 0.0824, -0.0735 -0.3583 0.077, -0.1466 -0.3583 0.0472, -0.1579 -0.3583 0.0425, -0.1458 -0.3583 0.0442, -0.1567 -0.3583 0.0388, -0.1445 -0.3583 0.0413, -0.155 -0.3583 0.0352, -0.1528 -0.3583 0.0319, -0.112 -0.3583 0.0308, -0.0498 -0.3583 0.0437, -0.0379 -0.3583 0.045, -0.0496 -0.3583 0.0464, -0.0378 -0.3583 0.0466, -0.0497 -0.3583 0.048, -0.0381 -0.3583 0.0502, -0.0389 -0.3583 0.0536, -0.0426 -0.3583 0.0314, -0.0407 -0.3583 0.0345, -0.0505 -0.3583 0.0411, -0.0393 -0.3583 0.0378, -0.0383 -0.3583 0.0413, -0.1264 -0.3583 0.0435, -0.1287 -0.3583 0.0421, -0.1228 -0.3583 0.0318, -0.131 -0.3583 0.0401, -0.1331 -0.3583 0.0378, -0.0727 -0.3583 0.0318, -0.0773 -0.3583 0.0221, -0.0768 -0.3583 0.0215, -0.0927 -0.3583 0.0963, -0.0925 -0.3583 0.085, -0.0913 -0.3583 0.0963, -0.0888 -0.3583 0.0847, -0.1448 -0.3583 0.0593, -0.1564 -0.3583 0.0623, -0.146 -0.3583 0.0565, -0.1577 -0.3583 0.0586, -0.1467 -0.3583 0.0537, -0.1586 -0.3583 0.0547, -0.1469 -0.3583 0.0506, -0.1589 -0.3583 0.051, -0.1469 -0.3583 0.0501, -0.1589 -0.3583 0.0502, -0.1586 -0.3583 0.0463, -0.0644 -0.3583 0.0612, -0.0617 -0.3583 0.061, -0.0559 -0.3583 0.0712, -0.0592 -0.3583 0.0603, -0.0527 -0.3583 0.0699, -0.0495 -0.3583 0.068, -0.0788 -0.3583 0.0259, -0.0786 -0.3583 0.0246, -0.0781 -0.3583 0.0233, -0.0721 -0.3583 0.0317, -0.0755 -0.3583 0.0207, -0.097 -0.3583 0.0961, -0.0965 -0.3583 0.0847, -0.093 -0.3583 0.0849, -0.0743 -0.3583 0.0316, -0.0756 -0.3583 0.0311, -0.0788 -0.3583 0.0265, -0.0768 -0.3583 0.0303, -0.0777 -0.3583 0.0293, -0.0784 -0.3583 0.028, -0.1493 -0.3583 0.0725, -0.15 -0.3583 0.0719, -0.1432 -0.3583 0.0619, -0.1525 -0.3583 0.0689, -0.1547 -0.3583 0.0657, -0.0729 -0.3583 0.0318, -0.066 -0.3583 0.0856, -0.0668 -0.3583 0.0865, -0.0758 -0.3583 0.0791, -0.0705 -0.3583 0.0893, -0.0788 -0.3583 0.0812, -0.0743 -0.3583 0.0916, -0.082 -0.3583 0.0828, -0.0784 -0.3583 0.0936, -0.0854 -0.3583 0.084, -0.0826 -0.3583 0.095, -0.087 -0.3583 0.0959, -0.078 -0.3543 0.0525, -0.0722 -0.3543 0.0424, -0.1035 -0.3543 0.0392, -0.0987 -0.3543 0.0284, -0.109 -0.3543 0.0097, -0.0987 -0.3543 0.0265, -0.0989 -0.3543 0.0241, -0.1064 -0.3543 0.0113, -0.1043 -0.3543 0.0131, -0.1197 -0.3543 0.0335, -0.1213 -0.3543 0.0329, -0.1355 -0.3543 0.0331, -0.1228 -0.3543 0.0318, -0.1036 -0.3543 0.0826, -0.1068 -0.3543 0.0809, -0.1134 -0.3543 0.0903, -0.131 -0.3543 0.0129, -0.133 -0.3543 0.0151, -0.1247 -0.3543 0.0292, -0.1346 -0.3543 0.0177, -0.1357 -0.3543 0.0204, -0.1118 -0.3543 0.0222, -0.1109 -0.3543 0.0238, -0.1105 -0.3543 0.0257, -0.1106 -0.3543 0.0275, -0.1458 -0.3543 0.0442, -0.1445 -0.3543 0.0413, -0.155 -0.3543 0.0352, -0.0995 -0.3543 0.021, -0.1007 -0.3543 0.0181, -0.1023 -0.3543 0.0155, -0.1179 -0.3543 0.0189, -0.1161 -0.3543 0.0191, -0.1147 -0.3543 0.0078, -0.1363 -0.3543 0.0676, -0.1396 -0.3543 0.0788, -0.1334 -0.3543 0.0688, -0.1359 -0.3543 0.08, -0.1304 -0.3543 0.0694, -0.1321 -0.3543 0.0807, -0.128 -0.3543 0.0696, -0.1528 -0.3543 0.0319, -0.1429 -0.3543 0.0389, -0.1509 -0.3543 0.0295, -0.1407 -0.3543 0.0366, -0.148 -0.3543 0.0268, -0.1449 -0.3543 0.0244, -0.1383 -0.3543 0.0347, -0.1415 -0.3543 0.0225, -0.1379 -0.3543 0.0211, -0.1238 -0.3543 0.0308, -0.0711 -0.3543 0.0742, -0.0604 -0.3543 0.0789, -0.0691 -0.3543 0.0711, -0.0583 -0.3543 0.0753, -0.0675 -0.3543 0.0678, -0.0566 -0.3543 0.0715, -0.0664 -0.3543 0.0642, -0.1154 -0.3543 0.0889, -0.1098 -0.3543 0.0787, -0.1184 -0.3543 0.0865, -0.0592 -0.3543 0.0603, -0.0617 -0.3543 0.061, -0.1252 -0.3543 0.0274, -0.1253 -0.3543 0.0255, -0.1249 -0.3543 0.0238, -0.1212 -0.3543 0.0837, -0.1124 -0.3543 0.0761, -0.1238 -0.3543 0.0806, -0.1146 -0.3543 0.0733, -0.1165 -0.3543 0.0701, -0.0505 -0.3543 0.0411, -0.0407 -0.3543 0.0345, -0.0517 -0.3543 0.0387, -0.0426 -0.3543 0.0314, -0.0533 -0.3543 0.0366, -0.0448 -0.3543 0.0286, -0.0541 -0.3543 0.0357, -0.0459 -0.3543 0.0275, -0.0563 -0.3543 0.034, -0.0512 -0.3543 0.0532, -0.0402 -0.3543 0.0569, -0.0502 -0.3543 0.0507, -0.0389 -0.3543 0.0536, -0.0497 -0.3543 0.048, -0.0381 -0.3543 0.0502, -0.0496 -0.3543 0.0464, -0.0644 -0.3543 0.0612, -0.0659 -0.3543 0.0612, -0.1213 -0.3543 0.0198, -0.1289 -0.3543 0.0111, -0.1229 -0.3543 0.0208, -0.1241 -0.3543 0.0222, -0.1179 -0.3543 0.0337, -0.1167 -0.3543 0.0456, -0.1166 -0.3543 0.0336, -0.1138 -0.3543 0.0453, -0.1148 -0.3543 0.033, -0.1281 -0.3543 0.081, -0.126 -0.3543 0.0808, -0.125 -0.3543 0.0693, -0.1221 -0.3543 0.0686, -0.1118 -0.3543 0.0085, -0.1144 -0.3543 0.0198, -0.113 -0.3543 0.0208, -0.1109 -0.3543 0.0444, -0.1081 -0.3543 0.0431, -0.1132 -0.3543 0.0321, -0.1056 -0.3543 0.0413, -0.112 -0.3543 0.0308, -0.1111 -0.3543 0.0292, -0.1264 -0.3543 0.0435, -0.1236 -0.3543 0.0447, -0.1193 -0.3543 0.0675, -0.1179 -0.3543 0.0667, -0.0768 -0.3543 0.0215, -0.0773 -0.3543 0.0221, -0.0727 -0.3543 0.0318, -0.0781 -0.3543 0.0233, -0.0378 -0.3543 0.0466, -0.0379 -0.3543 0.045, -0.0498 -0.3543 0.0437, -0.0383 -0.3543 0.0413, -0.0393 -0.3543 0.0378, -0.0559 -0.3543 0.0712, -0.0527 -0.3543 0.0699, -0.0568 -0.3543 0.0591, -0.0495 -0.3543 0.068, -0.0546 -0.3543 0.0575, -0.0466 -0.3543 0.0657, -0.0527 -0.3543 0.0555, -0.044 -0.3543 0.0631, -0.0419 -0.3543 0.0601, -0.1177 -0.3543 0.0075, -0.1203 -0.3543 0.0077, -0.1196 -0.3543 0.0191, -0.1234 -0.3543 0.0084, -0.1263 -0.3543 0.0095, -0.1331 -0.3543 0.0378, -0.131 -0.3543 0.0401, -0.1287 -0.3543 0.0421, -0.1207 -0.3543 0.0454, -0.1177 -0.3543 0.0457, -0.146 -0.3543 0.0565, -0.1564 -0.3543 0.0623, -0.1448 -0.3543 0.0593, -0.1547 -0.3543 0.0657, -0.1432 -0.3543 0.0619, -0.1567 -0.3543 0.0388, -0.1579 -0.3543 0.0425, -0.1466 -0.3543 0.0472, -0.1586 -0.3543 0.0463, -0.1469 -0.3543 0.0501, -0.1589 -0.3543 0.0502, -0.1469 -0.3543 0.0506, -0.1589 -0.3543 0.051, -0.1467 -0.3543 0.0537, -0.1586 -0.3543 0.0547, -0.1577 -0.3543 0.0586, -0.0487 -0.3543 0.0251, -0.0518 -0.3543 0.0231, -0.0587 -0.3543 0.0327, -0.0551 -0.3543 0.0216, -0.0613 -0.3543 0.0319, -0.0585 -0.3543 0.0206, -0.0632 -0.3543 0.0316, -0.0621 -0.3543 0.0201, -0.0718 -0.3543 0.0316, -0.0733 -0.3543 0.0201, -0.0721 -0.3543 0.0317, -0.0742 -0.3543 0.0202, -0.0755 -0.3543 0.0207, -0.0786 -0.3543 0.0246, -0.0788 -0.3543 0.0259, -0.0788 -0.3543 0.0265, -0.1347 -0.3543 0.0351, -0.1525 -0.3543 0.0689, -0.15 -0.3543 0.0719, -0.1414 -0.3543 0.064, -0.1493 -0.3543 0.0725, -0.139 -0.3543 0.066, -0.1464 -0.3543 0.0749, -0.1431 -0.3543 0.0771, -0.0784 -0.3543 0.028, -0.0777 -0.3543 0.0293, -0.0768 -0.3543 0.0303, -0.0756 -0.3543 0.0311, -0.0758 -0.3543 0.0791, -0.0668 -0.3543 0.0865, -0.0735 -0.3543 0.077, -0.066 -0.3543 0.0856, -0.0629 -0.3543 0.0824, -0.1095 -0.3543 0.0925, -0.1055 -0.3543 0.0941, -0.1001 -0.3543 0.0839, -0.1013 -0.3543 0.0954, -0.0965 -0.3543 0.0847, -0.097 -0.3543 0.0961, -0.093 -0.3543 0.0849, -0.0927 -0.3543 0.0963, -0.0925 -0.3543 0.085, -0.0913 -0.3543 0.0963, -0.0888 -0.3543 0.0847, -0.087 -0.3543 0.0959, -0.0854 -0.3543 0.084, -0.0826 -0.3543 0.095, -0.082 -0.3543 0.0828, -0.0784 -0.3543 0.0936, -0.0788 -0.3543 0.0812, -0.0743 -0.3543 0.0916, -0.0705 -0.3543 0.0893, -0.0743 -0.3543 0.0316, -0.0729 -0.3543 0.0318, -0.0729 -0.3543 0.0318
            ]
        }
        coordIndex [
            0,1,2,-1,2,1,3,-1,4,0,5,-1,5,0,2,-1,6,4,7,-1,7,4,5,-1,8,6,9,-1,9,6,7,-1,10,8,11,-1,11,8,9,-1,1,10,3,-1,3,10,11,-1,6,8,4,-1,4,8,10,-1,4,10,0,-1,0,10,1,-1,2,3,5,-1,5,3,11,-1,5,11,7,-1,7,11,9,-1,12,13,14,-1,12,14,15,-1,15,14,16,-1,15,16,17,-1,17,16,18,-1,17,18,19,-1,19,18,20,-1,19,20,21,-1,21,20,22,-1,21,22,23,-1,23,22,24,-1,23,24,25,-1,26,25,27,-1,27,25,24,-1,26,27,28,-1,26,28,29,-1,29,28,30,-1,29,30,31,-1,31,30,32,-1,31,32,33,-1,33,32,34,-1,33,34,35,-1,35,34,36,-1,35,36,37,-1,37,36,38,-1,37,38,39,-1,39,38,40,-1,39,40,41,-1,41,40,42,-1,41,42,43,-1,43,42,44,-1,43,44,45,-1,45,44,46,-1,45,46,47,-1,47,46,48,-1,47,48,49,-1,49,48,50,-1,49,50,51,-1,51,50,52,-1,51,52,53,-1,53,52,54,-1,53,54,55,-1,55,54,56,-1,55,56,57,-1,57,56,58,-1,57,58,59,-1,59,58,60,-1,59,60,61,-1,61,60,62,-1,61,62,63,-1,63,62,64,-1,63,64,65,-1,65,64,66,-1,65,66,67,-1,67,66,68,-1,67,68,69,-1,69,68,70,-1,69,70,71,-1,71,70,72,-1,71,72,73,-1,73,72,74,-1,73,74,75,-1,75,74,76,-1,75,76,77,-1,77,76,78,-1,77,78,79,-1,79,78,80,-1,79,80,81,-1,81,80,82,-1,81,82,83,-1,83,82,84,-1,83,84,85,-1,85,84,86,-1,85,86,87,-1,87,86,88,-1,87,88,89,-1,89,88,90,-1,89,90,91,-1,91,90,92,-1,91,92,93,-1,93,92,94,-1,93,94,95,-1,95,94,96,-1,95,96,97,-1,97,96,98,-1,97,98,99,-1,99,98,100,-1,99,100,101,-1,101,100,102,-1,101,102,103,-1,103,102,104,-1,103,104,105,-1,105,104,106,-1,105,106,107,-1,107,106,108,-1,107,108,109,-1,109,108,110,-1,109,110,111,-1,111,110,112,-1,111,112,113,-1,113,112,114,-1,113,114,115,-1,116,115,117,-1,117,115,114,-1,116,117,118,-1,116,118,119,-1,119,118,120,-1,119,120,121,-1,121,120,122,-1,121,122,123,-1,123,122,124,-1,123,124,125,-1,125,124,126,-1,125,126,127,-1,127,126,128,-1,127,128,129,-1,129,128,130,-1,129,130,131,-1,131,130,132,-1,131,132,133,-1,133,132,134,-1,133,134,135,-1,135,134,136,-1,135,136,137,-1,137,136,138,-1,137,138,139,-1,139,138,140,-1,139,140,141,-1,141,140,142,-1,141,142,143,-1,143,142,144,-1,143,144,145,-1,145,144,146,-1,145,146,147,-1,147,146,148,-1,147,148,149,-1,149,148,150,-1,149,150,151,-1,151,150,152,-1,151,152,153,-1,153,152,154,-1,153,154,155,-1,155,154,156,-1,155,156,157,-1,157,156,158,-1,157,158,159,-1,159,158,160,-1,159,160,161,-1,161,160,162,-1,161,162,163,-1,163,162,164,-1,163,164,165,-1,165,164,166,-1,165,166,167,-1,167,166,168,-1,167,168,169,-1,169,168,170,-1,169,170,171,-1,171,170,172,-1,171,172,173,-1,173,172,174,-1,173,174,175,-1,175,174,176,-1,175,176,177,-1,177,176,178,-1,177,178,179,-1,179,178,180,-1,179,180,181,-1,181,180,182,-1,181,182,183,-1,183,182,184,-1,183,184,185,-1,185,184,186,-1,185,186,187,-1,187,186,188,-1,187,188,189,-1,189,188,190,-1,189,190,191,-1,191,190,192,-1,191,192,193,-1,193,192,194,-1,193,194,195,-1,195,194,196,-1,195,196,197,-1,197,196,13,-1,197,13,12,-1,113,115,116,-1,57,177,179,-1,33,21,31,-1,31,21,23,-1,31,23,29,-1,29,23,25,-1,29,25,26,-1,57,179,55,-1,55,179,181,-1,55,181,53,-1,53,181,183,-1,53,183,51,-1,51,183,185,-1,51,185,49,-1,49,185,187,-1,49,187,47,-1,187,189,47,-1,47,189,191,-1,47,191,45,-1,45,191,193,-1,45,193,43,-1,43,193,195,-1,43,195,41,-1,41,195,197,-1,41,197,39,-1,39,197,12,-1,39,12,37,-1,37,12,15,-1,37,15,35,-1,35,15,17,-1,35,17,33,-1,33,17,19,-1,33,19,21,-1,89,143,87,-1,87,143,145,-1,87,145,85,-1,85,145,147,-1,85,147,83,-1,83,147,149,-1,83,149,81,-1,81,149,151,-1,81,151,79,-1,79,151,153,-1,79,153,77,-1,77,153,155,-1,77,155,75,-1,113,116,111,-1,111,116,119,-1,111,119,109,-1,109,119,121,-1,109,121,107,-1,107,121,123,-1,107,123,105,-1,105,123,125,-1,105,125,103,-1,103,125,127,-1,103,127,101,-1,101,127,129,-1,101,129,99,-1,99,129,131,-1,99,131,97,-1,97,131,133,-1,97,133,95,-1,95,133,135,-1,95,135,93,-1,93,135,137,-1,93,137,91,-1,91,137,139,-1,91,139,89,-1,89,139,141,-1,89,141,143,-1,177,57,175,-1,175,57,59,-1,175,59,173,-1,173,59,61,-1,173,61,171,-1,171,61,63,-1,171,63,169,-1,169,63,65,-1,169,65,167,-1,167,65,165,-1,165,65,67,-1,165,67,163,-1,155,157,75,-1,75,157,159,-1,75,159,73,-1,73,159,161,-1,73,161,71,-1,71,161,163,-1,71,163,69,-1,69,163,67,-1,28,27,24,-1,28,24,30,-1,44,190,46,-1,46,190,188,-1,46,188,48,-1,48,188,186,-1,48,186,50,-1,50,186,184,-1,50,184,52,-1,52,184,182,-1,52,182,54,-1,114,112,117,-1,117,112,110,-1,117,110,118,-1,118,110,108,-1,182,180,54,-1,54,180,178,-1,54,178,56,-1,56,178,176,-1,56,176,58,-1,58,176,174,-1,58,174,60,-1,60,174,172,-1,60,172,62,-1,24,22,30,-1,30,22,20,-1,30,20,32,-1,32,20,18,-1,32,18,34,-1,34,18,16,-1,34,16,36,-1,36,16,14,-1,36,14,38,-1,38,14,13,-1,38,13,40,-1,40,13,196,-1,40,196,42,-1,42,196,194,-1,42,194,44,-1,44,194,192,-1,44,192,190,-1,82,146,84,-1,84,146,144,-1,84,144,86,-1,86,144,142,-1,86,142,88,-1,88,142,140,-1,88,140,90,-1,90,140,138,-1,90,138,92,-1,92,138,136,-1,92,136,94,-1,94,136,134,-1,94,134,96,-1,96,134,132,-1,96,132,98,-1,98,132,130,-1,98,130,100,-1,100,130,128,-1,100,128,102,-1,102,128,126,-1,102,126,104,-1,104,126,124,-1,104,124,106,-1,106,124,122,-1,106,122,108,-1,108,122,120,-1,108,120,118,-1,162,160,72,-1,72,160,158,-1,72,158,74,-1,74,158,156,-1,74,156,76,-1,76,156,154,-1,76,154,78,-1,78,154,152,-1,78,152,80,-1,80,152,150,-1,80,150,82,-1,82,150,148,-1,82,148,146,-1,172,170,62,-1,62,170,168,-1,62,168,64,-1,64,168,166,-1,64,166,66,-1,66,166,164,-1,66,164,68,-1,68,164,162,-1,68,162,70,-1,70,162,72,-1,198,199,200,-1,200,199,201,-1,202,198,203,-1,203,198,200,-1,204,202,205,-1,205,202,203,-1,206,204,207,-1,207,204,205,-1,208,206,209,-1,209,206,207,-1,210,208,211,-1,211,208,209,-1,212,210,213,-1,213,210,211,-1,214,212,215,-1,215,212,213,-1,216,214,217,-1,217,214,215,-1,218,216,219,-1,219,216,217,-1,220,218,221,-1,221,218,219,-1,199,220,201,-1,201,220,221,-1,220,199,198,-1,198,202,220,-1,220,202,204,-1,220,204,218,-1,214,216,212,-1,212,216,218,-1,212,218,210,-1,210,218,204,-1,210,204,208,-1,208,204,206,-1,219,217,215,-1,215,213,219,-1,219,213,211,-1,219,211,221,-1,200,201,203,-1,203,201,221,-1,203,221,205,-1,205,221,211,-1,205,211,207,-1,207,211,209,-1,222,223,224,-1,224,223,225,-1,224,225,226,-1,226,225,227,-1,226,227,228,-1,228,227,229,-1,228,229,230,-1,230,229,231,-1,230,231,232,-1,232,231,233,-1,232,233,234,-1,234,233,235,-1,234,235,236,-1,236,235,237,-1,236,237,238,-1,239,240,241,-1,241,240,242,-1,241,242,243,-1,243,242,244,-1,243,244,245,-1,245,244,246,-1,245,246,247,-1,246,248,247,-1,247,248,249,-1,247,249,250,-1,250,249,251,-1,250,251,252,-1,252,251,253,-1,252,253,254,-1,254,253,255,-1,254,255,256,-1,256,255,257,-1,256,257,258,-1,258,257,259,-1,258,259,260,-1,260,259,261,-1,260,261,262,-1,262,261,263,-1,262,263,264,-1,264,263,265,-1,264,265,266,-1,266,265,267,-1,266,267,268,-1,268,267,269,-1,268,269,270,-1,270,269,271,-1,270,271,272,-1,272,271,273,-1,272,273,274,-1,274,273,275,-1,274,275,276,-1,276,275,277,-1,276,277,278,-1,278,277,279,-1,278,279,280,-1,280,279,281,-1,280,281,222,-1,222,281,282,-1,222,282,223,-1,237,283,238,-1,238,283,284,-1,238,284,285,-1,285,284,286,-1,285,286,287,-1,287,286,288,-1,287,288,289,-1,289,288,290,-1,289,290,291,-1,291,290,292,-1,291,292,293,-1,293,292,294,-1,293,294,239,-1,239,294,295,-1,239,295,240,-1,296,297,298,-1,298,297,299,-1,298,299,300,-1,300,299,301,-1,300,301,302,-1,302,301,303,-1,302,303,304,-1,304,303,305,-1,304,305,306,-1,306,305,307,-1,306,307,308,-1,309,310,311,-1,311,310,312,-1,311,312,313,-1,313,312,314,-1,313,314,315,-1,315,314,316,-1,315,316,317,-1,317,316,318,-1,317,318,319,-1,319,318,320,-1,319,320,321,-1,321,320,322,-1,321,322,323,-1,323,322,324,-1,323,324,325,-1,325,324,326,-1,325,326,327,-1,327,326,328,-1,327,328,329,-1,329,328,330,-1,329,330,331,-1,331,330,332,-1,331,332,333,-1,333,332,334,-1,333,334,335,-1,335,334,336,-1,335,336,337,-1,337,336,338,-1,337,338,296,-1,296,338,339,-1,296,339,297,-1,340,341,342,-1,342,341,343,-1,342,343,344,-1,344,343,345,-1,344,345,346,-1,346,345,347,-1,346,347,348,-1,348,347,349,-1,348,349,350,-1,350,349,351,-1,350,351,352,-1,352,351,353,-1,352,353,354,-1,354,353,355,-1,354,355,309,-1,309,355,356,-1,309,356,310,-1,307,357,308,-1,308,357,358,-1,308,358,359,-1,359,358,360,-1,359,360,361,-1,361,360,362,-1,361,362,363,-1,363,362,364,-1,363,364,365,-1,365,364,366,-1,365,366,367,-1,367,366,368,-1,367,368,340,-1,340,368,369,-1,340,369,341,-1,275,273,320,-1,320,273,322,-1,275,320,318,-1,275,318,277,-1,277,318,316,-1,277,316,279,-1,279,316,314,-1,279,314,281,-1,281,314,312,-1,281,312,282,-1,282,312,310,-1,282,310,223,-1,223,310,356,-1,223,356,225,-1,225,356,355,-1,225,355,227,-1,227,355,353,-1,227,353,229,-1,229,353,351,-1,229,351,231,-1,231,351,349,-1,231,349,233,-1,233,349,347,-1,233,347,235,-1,235,347,345,-1,235,345,237,-1,237,345,343,-1,237,343,283,-1,283,343,341,-1,283,341,284,-1,284,341,369,-1,284,369,286,-1,286,369,368,-1,286,368,288,-1,288,368,366,-1,288,366,290,-1,290,366,364,-1,290,364,292,-1,292,364,362,-1,292,362,294,-1,294,362,360,-1,294,360,295,-1,295,360,358,-1,295,358,240,-1,240,358,357,-1,240,357,242,-1,242,357,307,-1,242,307,244,-1,244,307,305,-1,244,305,246,-1,246,305,303,-1,246,303,248,-1,248,303,301,-1,248,301,249,-1,249,301,299,-1,249,299,251,-1,251,299,297,-1,251,297,253,-1,253,297,339,-1,253,339,255,-1,255,339,338,-1,255,338,257,-1,257,338,336,-1,257,336,259,-1,259,336,334,-1,259,334,261,-1,261,334,332,-1,261,332,263,-1,263,332,330,-1,263,330,265,-1,265,330,328,-1,265,328,267,-1,267,328,326,-1,267,326,269,-1,271,269,324,-1,324,269,326,-1,273,271,322,-1,322,271,324,-1,268,270,325,-1,325,270,323,-1,270,272,323,-1,323,272,321,-1,272,274,321,-1,321,274,319,-1,230,350,352,-1,230,352,228,-1,228,352,354,-1,228,354,226,-1,226,354,309,-1,226,309,224,-1,224,309,311,-1,224,311,222,-1,222,311,313,-1,222,313,280,-1,280,313,315,-1,280,315,278,-1,278,315,317,-1,278,317,276,-1,276,317,319,-1,276,319,274,-1,291,363,365,-1,291,365,289,-1,289,365,367,-1,289,367,287,-1,287,367,340,-1,287,340,285,-1,285,340,342,-1,285,342,238,-1,238,342,344,-1,238,344,236,-1,236,344,346,-1,236,346,234,-1,234,346,348,-1,234,348,232,-1,232,348,350,-1,232,350,230,-1,252,298,300,-1,252,300,250,-1,250,300,302,-1,250,302,247,-1,247,302,304,-1,247,304,245,-1,245,304,306,-1,245,306,243,-1,243,306,308,-1,243,308,241,-1,241,308,359,-1,241,359,239,-1,239,359,361,-1,239,361,293,-1,293,361,363,-1,293,363,291,-1,268,325,327,-1,268,327,266,-1,266,327,329,-1,266,329,264,-1,264,329,331,-1,264,331,262,-1,262,331,333,-1,262,333,260,-1,260,333,335,-1,260,335,258,-1,258,335,337,-1,258,337,256,-1,256,337,296,-1,256,296,254,-1,254,296,298,-1,254,298,252,-1,370,371,372,-1,372,371,373,-1,374,375,370,-1,370,375,376,-1,370,376,371,-1,371,376,377,-1,374,378,375,-1,375,378,379,-1,375,379,380,-1,380,379,381,-1,380,381,382,-1,382,383,380,-1,380,383,372,-1,380,372,384,-1,384,372,373,-1,384,373,385,-1,386,387,388,-1,387,389,388,-1,388,389,390,-1,388,390,391,-1,391,390,392,-1,391,392,393,-1,393,394,391,-1,391,394,395,-1,391,395,396,-1,397,398,399,-1,400,396,401,-1,401,396,395,-1,401,395,399,-1,399,395,386,-1,399,386,397,-1,397,386,388,-1,380,384,388,-1,388,384,397,-1,375,380,391,-1,391,380,388,-1,376,375,396,-1,396,375,391,-1,377,376,400,-1,400,376,396,-1,371,377,401,-1,401,377,400,-1,373,371,399,-1,399,371,401,-1,385,373,398,-1,398,373,399,-1,384,385,397,-1,397,385,398,-1,370,372,395,-1,395,372,386,-1,372,383,386,-1,386,383,387,-1,381,390,389,-1,381,389,382,-1,382,389,387,-1,382,387,383,-1,381,379,390,-1,390,379,392,-1,374,394,393,-1,374,393,378,-1,378,393,392,-1,378,392,379,-1,374,370,394,-1,394,370,395,-1,402,403,404,-1,404,403,405,-1,406,402,407,-1,407,402,404,-1,408,406,409,-1,409,406,407,-1,410,408,411,-1,411,408,409,-1,412,410,413,-1,413,410,411,-1,414,412,415,-1,415,412,413,-1,416,414,417,-1,417,414,415,-1,418,416,419,-1,419,416,417,-1,420,418,421,-1,421,418,419,-1,422,420,423,-1,423,420,421,-1,424,422,425,-1,425,422,423,-1,403,424,405,-1,405,424,425,-1,424,403,402,-1,402,406,424,-1,424,406,408,-1,424,408,422,-1,418,420,416,-1,416,420,422,-1,416,422,414,-1,414,422,408,-1,414,408,412,-1,412,408,410,-1,423,421,419,-1,419,417,423,-1,423,417,415,-1,423,415,425,-1,404,405,407,-1,407,405,425,-1,407,425,409,-1,409,425,415,-1,409,415,411,-1,411,415,413,-1,426,427,428,-1,428,427,429,-1,430,431,432,-1,433,434,435,-1,435,434,436,-1,432,431,437,-1,437,431,438,-1,437,438,439,-1,439,438,440,-1,439,440,441,-1,434,442,436,-1,436,442,443,-1,436,443,444,-1,441,440,445,-1,445,440,446,-1,445,446,447,-1,443,448,444,-1,444,448,449,-1,444,449,450,-1,450,449,451,-1,450,451,452,-1,433,435,453,-1,453,435,454,-1,453,454,455,-1,455,454,456,-1,455,456,457,-1,458,459,460,-1,461,462,463,-1,463,462,464,-1,463,464,459,-1,459,464,465,-1,459,465,460,-1,428,466,467,-1,467,466,468,-1,467,468,469,-1,470,471,472,-1,472,471,473,-1,472,473,474,-1,474,473,475,-1,474,475,476,-1,477,478,429,-1,429,478,479,-1,429,479,428,-1,428,479,480,-1,428,480,466,-1,447,446,481,-1,481,446,482,-1,481,482,483,-1,483,482,484,-1,483,484,485,-1,485,484,486,-1,485,486,487,-1,488,489,490,-1,490,489,457,-1,490,457,491,-1,491,457,456,-1,475,492,476,-1,476,492,493,-1,476,493,494,-1,494,493,495,-1,494,495,496,-1,496,495,469,-1,496,469,497,-1,497,469,468,-1,487,486,498,-1,498,486,499,-1,498,499,500,-1,501,502,503,-1,503,502,504,-1,503,504,505,-1,505,504,506,-1,505,506,507,-1,460,508,458,-1,458,508,509,-1,458,509,501,-1,501,509,510,-1,501,510,502,-1,451,511,452,-1,452,511,512,-1,452,512,513,-1,513,512,514,-1,513,514,515,-1,500,489,498,-1,498,489,488,-1,498,488,429,-1,429,488,516,-1,429,516,477,-1,432,517,430,-1,430,517,518,-1,430,518,519,-1,519,518,520,-1,519,520,521,-1,521,520,522,-1,521,522,523,-1,523,522,524,-1,523,524,525,-1,525,524,526,-1,525,526,527,-1,527,526,528,-1,527,528,529,-1,529,528,530,-1,529,530,531,-1,531,530,532,-1,531,532,533,-1,533,532,534,-1,533,534,535,-1,535,534,536,-1,535,536,537,-1,506,538,507,-1,507,538,539,-1,507,539,540,-1,540,539,541,-1,540,541,542,-1,542,541,543,-1,542,543,470,-1,470,543,544,-1,470,544,471,-1,514,545,515,-1,515,545,546,-1,515,546,461,-1,461,546,547,-1,461,547,462,-1,548,549,550,-1,551,552,553,-1,554,555,556,-1,551,557,552,-1,552,557,558,-1,552,558,559,-1,559,558,560,-1,559,560,561,-1,561,560,562,-1,561,562,563,-1,564,565,566,-1,566,565,567,-1,566,567,568,-1,568,567,569,-1,568,569,553,-1,553,569,570,-1,553,570,551,-1,571,554,572,-1,572,554,556,-1,572,556,573,-1,573,556,574,-1,575,576,577,-1,578,579,580,-1,580,579,581,-1,580,581,582,-1,577,583,575,-1,575,583,584,-1,575,584,585,-1,585,584,586,-1,585,586,587,-1,587,586,588,-1,587,588,589,-1,589,588,590,-1,589,590,591,-1,591,590,592,-1,593,594,576,-1,576,594,595,-1,576,595,577,-1,596,597,598,-1,598,597,556,-1,598,556,599,-1,599,556,555,-1,581,600,582,-1,582,600,601,-1,582,601,602,-1,603,604,578,-1,578,604,605,-1,578,605,579,-1,606,607,603,-1,603,607,608,-1,603,608,604,-1,562,609,563,-1,563,609,610,-1,563,610,611,-1,611,610,612,-1,611,612,613,-1,613,612,597,-1,613,597,614,-1,614,597,615,-1,615,597,596,-1,615,596,592,-1,592,596,616,-1,592,616,591,-1,617,618,619,-1,619,618,620,-1,619,620,593,-1,593,620,621,-1,593,621,594,-1,601,622,602,-1,602,622,623,-1,602,623,624,-1,624,623,625,-1,624,625,617,-1,617,625,626,-1,617,626,618,-1,548,550,627,-1,627,550,628,-1,627,628,629,-1,629,628,630,-1,629,630,631,-1,631,630,632,-1,631,632,633,-1,633,632,634,-1,633,634,635,-1,635,634,636,-1,635,636,637,-1,637,636,638,-1,637,638,639,-1,639,638,640,-1,639,640,564,-1,564,640,641,-1,564,641,565,-1,642,643,644,-1,644,643,645,-1,644,645,646,-1,646,645,647,-1,646,647,648,-1,648,647,649,-1,648,649,650,-1,651,652,653,-1,653,652,654,-1,653,654,655,-1,655,654,656,-1,655,656,606,-1,606,656,657,-1,606,657,607,-1,649,658,650,-1,650,658,659,-1,650,659,660,-1,660,659,661,-1,660,661,662,-1,662,661,663,-1,662,663,651,-1,651,663,664,-1,651,664,652,-1,644,665,642,-1,642,665,666,-1,642,666,667,-1,667,666,668,-1,667,668,572,-1,572,668,669,-1,572,669,571,-1,522,640,638,-1,522,638,524,-1,524,638,636,-1,524,636,526,-1,526,636,634,-1,526,634,528,-1,528,634,632,-1,528,632,530,-1,530,632,630,-1,530,630,532,-1,532,630,628,-1,532,628,534,-1,534,628,550,-1,534,550,536,-1,537,536,549,-1,549,536,550,-1,537,549,548,-1,537,548,535,-1,535,548,627,-1,535,627,533,-1,533,627,629,-1,533,629,531,-1,531,629,631,-1,531,631,529,-1,529,631,633,-1,529,633,527,-1,527,633,635,-1,527,635,525,-1,525,635,637,-1,525,637,523,-1,523,637,639,-1,523,639,521,-1,521,639,564,-1,521,564,519,-1,519,564,566,-1,519,566,430,-1,430,566,568,-1,430,568,431,-1,431,568,553,-1,431,553,438,-1,438,553,552,-1,438,552,440,-1,440,552,559,-1,440,559,446,-1,446,559,561,-1,446,561,482,-1,482,561,563,-1,482,563,484,-1,484,563,611,-1,484,611,486,-1,486,611,613,-1,486,613,499,-1,499,613,614,-1,499,614,500,-1,500,614,615,-1,500,615,489,-1,457,489,592,-1,592,489,615,-1,457,592,590,-1,457,590,455,-1,455,590,588,-1,455,588,453,-1,453,588,586,-1,453,586,433,-1,433,586,584,-1,433,584,434,-1,434,584,583,-1,434,583,442,-1,442,583,577,-1,442,577,443,-1,443,577,595,-1,443,595,448,-1,448,595,594,-1,448,594,449,-1,449,594,621,-1,449,621,451,-1,451,621,620,-1,451,620,511,-1,511,620,618,-1,511,618,512,-1,512,618,626,-1,512,626,514,-1,514,626,625,-1,514,625,545,-1,545,625,623,-1,545,623,546,-1,546,623,622,-1,546,622,547,-1,547,622,601,-1,547,601,462,-1,462,601,600,-1,462,600,464,-1,464,600,581,-1,464,581,465,-1,465,581,579,-1,465,579,460,-1,460,579,605,-1,460,605,508,-1,508,605,604,-1,508,604,509,-1,509,604,608,-1,509,608,510,-1,510,608,607,-1,510,607,502,-1,502,607,657,-1,502,657,504,-1,504,657,656,-1,504,656,506,-1,506,656,654,-1,506,654,538,-1,538,654,652,-1,538,652,539,-1,539,652,664,-1,539,664,541,-1,541,664,663,-1,541,663,543,-1,543,663,661,-1,543,661,544,-1,544,661,659,-1,544,659,471,-1,471,659,658,-1,471,658,473,-1,473,658,649,-1,473,649,475,-1,475,649,647,-1,475,647,492,-1,492,647,645,-1,492,645,493,-1,493,645,643,-1,493,643,495,-1,495,643,642,-1,495,642,469,-1,469,642,667,-1,469,667,467,-1,428,467,572,-1,572,467,667,-1,426,428,573,-1,573,428,572,-1,427,426,574,-1,574,426,573,-1,429,427,556,-1,556,427,574,-1,429,556,597,-1,429,597,498,-1,498,597,612,-1,498,612,487,-1,487,612,610,-1,487,610,485,-1,485,610,609,-1,485,609,483,-1,483,609,562,-1,483,562,481,-1,481,562,560,-1,481,560,447,-1,447,560,558,-1,447,558,445,-1,445,558,557,-1,445,557,441,-1,441,557,551,-1,441,551,439,-1,439,551,570,-1,439,570,437,-1,437,570,569,-1,437,569,432,-1,432,569,567,-1,432,567,517,-1,517,567,565,-1,517,565,518,-1,518,565,641,-1,518,641,520,-1,520,641,640,-1,520,640,522,-1,436,575,585,-1,436,585,435,-1,435,585,587,-1,435,587,454,-1,454,587,589,-1,454,589,456,-1,456,589,591,-1,456,591,491,-1,491,591,616,-1,491,616,490,-1,515,624,617,-1,515,617,513,-1,513,617,619,-1,513,619,452,-1,452,619,593,-1,452,593,450,-1,450,593,576,-1,450,576,444,-1,444,576,575,-1,444,575,436,-1,501,603,578,-1,501,578,458,-1,458,578,580,-1,458,580,459,-1,459,580,582,-1,459,582,463,-1,463,582,602,-1,463,602,461,-1,461,602,624,-1,461,624,515,-1,542,662,651,-1,542,651,540,-1,540,651,653,-1,540,653,507,-1,507,653,655,-1,507,655,505,-1,505,655,606,-1,505,606,503,-1,503,606,603,-1,503,603,501,-1,497,666,665,-1,497,665,496,-1,496,665,644,-1,496,644,494,-1,494,644,646,-1,494,646,476,-1,476,646,648,-1,476,648,474,-1,474,648,650,-1,474,650,472,-1,472,650,660,-1,472,660,470,-1,470,660,662,-1,470,662,542,-1,516,598,599,-1,516,599,477,-1,477,599,555,-1,477,555,478,-1,478,555,554,-1,478,554,479,-1,479,554,571,-1,479,571,480,-1,480,571,669,-1,480,669,466,-1,466,669,668,-1,466,668,468,-1,468,668,666,-1,468,666,497,-1,516,488,598,-1,598,488,596,-1,488,490,596,-1,596,490,616,-1,670,671,672,-1,670,672,673,-1,673,672,674,-1,673,674,675,-1,675,674,676,-1,675,676,677,-1,677,676,678,-1,677,678,679,-1,679,678,680,-1,679,680,681,-1,681,680,682,-1,681,682,683,-1,683,682,684,-1,683,684,685,-1,686,685,687,-1,687,685,684,-1,686,687,688,-1,686,688,689,-1,689,688,690,-1,689,690,691,-1,691,690,692,-1,691,692,693,-1,693,692,694,-1,693,694,695,-1,695,694,696,-1,695,696,697,-1,697,696,698,-1,697,698,699,-1,699,698,700,-1,699,700,701,-1,701,700,702,-1,701,702,703,-1,703,702,704,-1,703,704,705,-1,705,704,706,-1,705,706,707,-1,707,706,708,-1,707,708,709,-1,709,708,710,-1,709,710,711,-1,711,710,712,-1,711,712,713,-1,713,712,714,-1,713,714,715,-1,715,714,716,-1,715,716,717,-1,717,716,718,-1,717,718,719,-1,719,718,720,-1,719,720,721,-1,721,720,722,-1,721,722,723,-1,723,722,724,-1,723,724,725,-1,725,724,726,-1,725,726,727,-1,727,726,728,-1,727,728,729,-1,729,728,730,-1,729,730,731,-1,731,730,732,-1,731,732,733,-1,733,732,734,-1,733,734,735,-1,735,734,736,-1,735,736,737,-1,737,736,738,-1,737,738,739,-1,739,738,740,-1,739,740,741,-1,741,740,742,-1,741,742,743,-1,743,742,744,-1,743,744,745,-1,745,744,746,-1,745,746,747,-1,747,746,748,-1,747,748,749,-1,749,748,750,-1,749,750,751,-1,751,750,752,-1,751,752,753,-1,753,752,754,-1,753,754,755,-1,755,754,756,-1,755,756,757,-1,757,756,758,-1,757,758,759,-1,759,758,760,-1,759,760,761,-1,761,760,762,-1,761,762,763,-1,763,762,764,-1,763,764,765,-1,765,764,766,-1,765,766,767,-1,767,766,768,-1,767,768,769,-1,769,768,770,-1,769,770,771,-1,771,770,772,-1,771,772,773,-1,773,772,774,-1,773,774,775,-1,775,774,776,-1,775,776,777,-1,777,776,778,-1,777,778,779,-1,779,778,780,-1,779,780,781,-1,781,780,782,-1,781,782,783,-1,783,782,784,-1,783,784,785,-1,785,784,786,-1,785,786,787,-1,787,786,788,-1,787,788,789,-1,789,788,790,-1,789,790,791,-1,791,790,792,-1,791,792,793,-1,793,792,794,-1,793,794,795,-1,795,794,796,-1,795,796,797,-1,797,796,798,-1,797,798,799,-1,799,798,800,-1,799,800,801,-1,801,800,802,-1,801,802,803,-1,803,802,804,-1,803,804,805,-1,806,805,807,-1,807,805,804,-1,806,807,808,-1,806,808,809,-1,809,808,810,-1,809,810,811,-1,811,810,812,-1,811,812,813,-1,813,812,814,-1,813,814,815,-1,815,814,816,-1,815,816,817,-1,817,816,818,-1,817,818,819,-1,819,818,820,-1,819,820,821,-1,821,820,822,-1,821,822,823,-1,823,822,824,-1,823,824,825,-1,825,824,826,-1,825,826,827,-1,827,826,828,-1,827,828,829,-1,829,828,830,-1,829,830,831,-1,831,830,832,-1,831,832,833,-1,833,832,834,-1,833,834,835,-1,835,834,836,-1,835,836,837,-1,837,836,838,-1,837,838,839,-1,839,838,840,-1,839,840,841,-1,841,840,842,-1,841,842,843,-1,843,842,844,-1,843,844,845,-1,845,844,846,-1,845,846,847,-1,847,846,848,-1,847,848,849,-1,849,848,850,-1,849,850,851,-1,851,850,852,-1,851,852,853,-1,853,852,854,-1,853,854,855,-1,855,854,856,-1,855,856,857,-1,857,856,858,-1,857,858,859,-1,859,858,860,-1,859,860,861,-1,861,860,862,-1,861,862,863,-1,863,862,864,-1,863,864,865,-1,865,864,866,-1,865,866,867,-1,867,866,868,-1,867,868,869,-1,869,868,870,-1,869,870,871,-1,871,870,872,-1,871,872,873,-1,873,872,874,-1,873,874,875,-1,875,874,876,-1,875,876,877,-1,877,876,878,-1,877,878,879,-1,879,878,880,-1,879,880,881,-1,881,880,882,-1,881,882,883,-1,883,882,884,-1,883,884,885,-1,885,884,886,-1,885,886,887,-1,887,886,888,-1,887,888,889,-1,889,888,890,-1,889,890,891,-1,891,890,892,-1,891,892,893,-1,893,892,894,-1,893,894,895,-1,895,894,896,-1,895,896,897,-1,897,896,898,-1,897,898,899,-1,899,898,900,-1,899,900,901,-1,901,900,902,-1,901,902,903,-1,903,902,904,-1,903,904,905,-1,905,904,671,-1,905,671,670,-1,683,685,686,-1,803,805,806,-1,713,715,895,-1,895,715,893,-1,715,717,893,-1,893,717,719,-1,893,719,891,-1,891,719,721,-1,891,721,889,-1,777,837,775,-1,775,837,839,-1,775,839,773,-1,779,833,777,-1,777,833,835,-1,777,835,837,-1,737,881,735,-1,735,881,883,-1,853,765,767,-1,713,895,711,-1,711,895,897,-1,711,897,709,-1,709,897,899,-1,709,899,707,-1,707,899,901,-1,707,901,705,-1,705,901,903,-1,705,903,703,-1,839,841,773,-1,773,841,843,-1,773,843,771,-1,853,855,765,-1,765,855,857,-1,765,857,763,-1,763,857,859,-1,763,859,761,-1,761,859,861,-1,761,861,759,-1,759,861,863,-1,759,863,757,-1,887,729,885,-1,885,729,731,-1,885,731,883,-1,883,731,733,-1,883,733,735,-1,721,723,889,-1,889,723,725,-1,889,725,887,-1,887,725,727,-1,887,727,729,-1,843,845,771,-1,771,845,847,-1,771,847,769,-1,769,847,849,-1,769,849,767,-1,767,849,851,-1,767,851,853,-1,737,739,881,-1,881,739,741,-1,881,741,879,-1,879,741,743,-1,879,743,877,-1,877,743,745,-1,877,745,875,-1,875,745,747,-1,875,747,873,-1,873,747,749,-1,873,749,871,-1,703,903,701,-1,701,903,905,-1,701,905,699,-1,699,905,670,-1,699,670,697,-1,697,670,673,-1,697,673,695,-1,695,673,675,-1,695,675,693,-1,693,675,677,-1,693,677,691,-1,691,677,679,-1,691,679,689,-1,689,679,686,-1,686,679,681,-1,686,681,683,-1,863,865,757,-1,757,865,867,-1,757,867,755,-1,755,867,869,-1,755,869,753,-1,753,869,871,-1,753,871,751,-1,751,871,749,-1,803,806,801,-1,801,806,809,-1,801,809,799,-1,799,809,811,-1,799,811,797,-1,797,811,813,-1,797,813,795,-1,795,813,815,-1,795,815,793,-1,793,815,817,-1,793,817,791,-1,791,817,819,-1,791,819,789,-1,789,819,821,-1,789,821,787,-1,787,821,823,-1,787,823,785,-1,785,823,825,-1,785,825,783,-1,783,825,827,-1,783,827,781,-1,781,827,829,-1,781,829,779,-1,779,829,831,-1,779,831,833,-1,892,714,894,-1,894,714,712,-1,894,712,896,-1,896,712,710,-1,896,710,898,-1,898,710,708,-1,898,708,900,-1,856,764,762,-1,890,718,892,-1,892,718,716,-1,892,716,714,-1,884,882,732,-1,776,774,836,-1,732,882,734,-1,734,882,880,-1,734,880,736,-1,878,740,880,-1,880,740,738,-1,880,738,736,-1,856,854,764,-1,764,854,852,-1,764,852,766,-1,766,852,850,-1,766,850,768,-1,770,842,772,-1,772,842,840,-1,772,840,774,-1,774,840,838,-1,774,838,836,-1,850,848,768,-1,768,848,846,-1,768,846,770,-1,770,846,844,-1,770,844,842,-1,886,724,888,-1,888,724,722,-1,888,722,890,-1,890,722,720,-1,890,720,718,-1,732,730,884,-1,884,730,728,-1,884,728,886,-1,886,728,726,-1,886,726,724,-1,708,706,900,-1,900,706,704,-1,900,704,902,-1,902,704,702,-1,902,702,904,-1,904,702,700,-1,904,700,671,-1,671,700,698,-1,671,698,672,-1,672,698,696,-1,672,696,674,-1,674,696,694,-1,674,694,676,-1,804,802,807,-1,807,802,800,-1,807,800,808,-1,808,800,798,-1,694,692,676,-1,676,692,690,-1,676,690,678,-1,678,690,688,-1,678,688,680,-1,680,688,687,-1,680,687,682,-1,682,687,684,-1,870,868,754,-1,754,868,866,-1,754,866,756,-1,756,866,864,-1,756,864,758,-1,758,864,862,-1,758,862,760,-1,760,862,860,-1,760,860,762,-1,762,860,858,-1,762,858,856,-1,836,834,776,-1,776,834,832,-1,776,832,778,-1,778,832,830,-1,778,830,780,-1,780,830,828,-1,780,828,782,-1,782,828,826,-1,782,826,784,-1,784,826,824,-1,784,824,786,-1,786,824,822,-1,786,822,788,-1,788,822,820,-1,788,820,790,-1,790,820,818,-1,790,818,792,-1,792,818,816,-1,792,816,794,-1,794,816,814,-1,794,814,796,-1,796,814,812,-1,796,812,798,-1,798,812,810,-1,798,810,808,-1,754,752,870,-1,870,752,750,-1,870,750,872,-1,872,750,748,-1,872,748,874,-1,874,748,746,-1,874,746,876,-1,876,746,744,-1,876,744,878,-1,878,744,742,-1,878,742,740,-1,906,907,908,-1,908,907,909,-1,910,906,911,-1,911,906,908,-1,910,911,912,-1,910,912,913,-1,913,912,914,-1,913,914,915,-1,916,915,917,-1,917,915,914,-1,918,916,919,-1,919,916,917,-1,920,918,921,-1,921,918,919,-1,922,920,923,-1,923,920,921,-1,924,922,925,-1,925,922,923,-1,926,924,927,-1,927,924,925,-1,926,927,928,-1,926,928,929,-1,929,928,930,-1,929,930,931,-1,931,930,932,-1,931,932,933,-1,933,932,934,-1,933,934,935,-1,935,934,936,-1,935,936,937,-1,937,936,938,-1,937,938,939,-1,939,938,940,-1,939,940,941,-1,941,940,942,-1,941,942,943,-1,943,942,944,-1,943,944,945,-1,945,944,946,-1,945,946,947,-1,948,947,949,-1,949,947,946,-1,948,949,950,-1,948,950,951,-1,951,950,952,-1,951,952,953,-1,953,952,954,-1,953,954,955,-1,955,954,956,-1,955,956,957,-1,957,956,958,-1,957,958,959,-1,959,958,960,-1,959,960,961,-1,961,960,962,-1,961,962,963,-1,963,962,964,-1,963,964,965,-1,965,964,966,-1,965,966,967,-1,967,966,968,-1,967,968,969,-1,969,968,970,-1,969,970,971,-1,971,970,972,-1,971,972,973,-1,973,972,974,-1,973,974,975,-1,975,974,976,-1,975,976,977,-1,907,977,909,-1,909,977,976,-1,913,915,977,-1,907,906,977,-1,977,906,910,-1,977,910,913,-1,920,922,918,-1,918,922,924,-1,918,924,916,-1,931,933,965,-1,965,933,963,-1,963,933,935,-1,963,935,961,-1,961,935,937,-1,961,937,959,-1,959,937,957,-1,957,937,939,-1,957,939,955,-1,955,939,941,-1,955,941,953,-1,965,967,931,-1,931,967,969,-1,931,969,929,-1,929,969,971,-1,929,971,926,-1,953,941,951,-1,951,941,943,-1,951,943,948,-1,948,943,945,-1,948,945,947,-1,971,973,926,-1,926,973,975,-1,926,975,924,-1,924,975,977,-1,924,977,916,-1,916,977,915,-1,938,936,958,-1,925,923,921,-1,908,909,911,-1,911,909,976,-1,958,936,960,-1,960,936,934,-1,960,934,962,-1,958,956,938,-1,938,956,954,-1,938,954,940,-1,940,954,952,-1,940,952,942,-1,942,952,950,-1,942,950,944,-1,944,950,949,-1,944,949,946,-1,962,934,964,-1,964,934,932,-1,964,932,966,-1,966,932,930,-1,966,930,968,-1,968,930,928,-1,968,928,970,-1,970,928,972,-1,972,928,927,-1,972,927,974,-1,917,914,976,-1,976,914,912,-1,976,912,911,-1,921,919,925,-1,925,919,917,-1,925,917,927,-1,927,917,976,-1,927,976,974,-1,978,979,980,-1,980,979,981,-1,982,978,983,-1,983,978,980,-1,984,982,985,-1,985,982,983,-1,986,984,987,-1,987,984,985,-1,988,986,989,-1,989,986,987,-1,990,988,991,-1,991,988,989,-1,992,990,993,-1,993,990,991,-1,994,992,995,-1,995,992,993,-1,996,994,997,-1,997,994,995,-1,998,996,999,-1,999,996,997,-1,1000,998,1001,-1,1001,998,999,-1,979,1000,981,-1,981,1000,1001,-1,1000,979,978,-1,978,982,1000,-1,1000,982,984,-1,1000,984,998,-1,994,996,992,-1,992,996,998,-1,992,998,990,-1,990,998,984,-1,990,984,988,-1,988,984,986,-1,999,997,995,-1,995,993,999,-1,999,993,991,-1,999,991,1001,-1,980,981,983,-1,983,981,1001,-1,983,1001,985,-1,985,1001,991,-1,985,991,987,-1,987,991,989,-1,1002,1003,1004,-1,1004,1003,1005,-1,1004,1005,1006,-1,1006,1005,1007,-1,1006,1007,1008,-1,1008,1007,1009,-1,1008,1009,1010,-1,1010,1009,1011,-1,1010,1011,1012,-1,1012,1011,1013,-1,1012,1013,1014,-1,1014,1013,1015,-1,1014,1015,1016,-1,1016,1015,1017,-1,1016,1017,1018,-1,1019,1020,1021,-1,1021,1020,1022,-1,1021,1022,1023,-1,1023,1022,1024,-1,1023,1024,1025,-1,1025,1024,1026,-1,1025,1026,1027,-1,1026,1028,1027,-1,1027,1028,1029,-1,1027,1029,1030,-1,1030,1029,1031,-1,1030,1031,1032,-1,1032,1031,1033,-1,1032,1033,1034,-1,1034,1033,1035,-1,1034,1035,1036,-1,1036,1035,1037,-1,1036,1037,1038,-1,1038,1037,1039,-1,1038,1039,1040,-1,1040,1039,1041,-1,1040,1041,1042,-1,1042,1041,1043,-1,1042,1043,1044,-1,1044,1043,1045,-1,1044,1045,1046,-1,1046,1045,1047,-1,1046,1047,1048,-1,1048,1047,1049,-1,1048,1049,1050,-1,1050,1049,1051,-1,1050,1051,1052,-1,1052,1051,1053,-1,1052,1053,1054,-1,1054,1053,1055,-1,1054,1055,1056,-1,1056,1055,1057,-1,1056,1057,1058,-1,1058,1057,1059,-1,1058,1059,1060,-1,1060,1059,1061,-1,1060,1061,1002,-1,1002,1061,1062,-1,1002,1062,1003,-1,1017,1063,1018,-1,1018,1063,1064,-1,1018,1064,1065,-1,1065,1064,1066,-1,1065,1066,1067,-1,1067,1066,1068,-1,1067,1068,1069,-1,1069,1068,1070,-1,1069,1070,1071,-1,1071,1070,1072,-1,1071,1072,1073,-1,1073,1072,1074,-1,1073,1074,1019,-1,1019,1074,1075,-1,1019,1075,1020,-1,1076,1077,1078,-1,1078,1077,1079,-1,1078,1079,1080,-1,1080,1079,1081,-1,1080,1081,1082,-1,1082,1081,1083,-1,1082,1083,1084,-1,1084,1083,1085,-1,1084,1085,1086,-1,1086,1085,1087,-1,1086,1087,1088,-1,1089,1090,1091,-1,1091,1090,1092,-1,1091,1092,1093,-1,1093,1092,1094,-1,1093,1094,1095,-1,1095,1094,1096,-1,1095,1096,1097,-1,1097,1096,1098,-1,1097,1098,1099,-1,1099,1098,1100,-1,1099,1100,1101,-1,1101,1100,1102,-1,1101,1102,1103,-1,1103,1102,1104,-1,1103,1104,1105,-1,1105,1104,1106,-1,1105,1106,1107,-1,1107,1106,1108,-1,1107,1108,1109,-1,1109,1108,1110,-1,1109,1110,1111,-1,1111,1110,1112,-1,1111,1112,1113,-1,1113,1112,1114,-1,1113,1114,1115,-1,1115,1114,1116,-1,1115,1116,1117,-1,1117,1116,1118,-1,1117,1118,1076,-1,1076,1118,1119,-1,1076,1119,1077,-1,1120,1121,1122,-1,1122,1121,1123,-1,1122,1123,1124,-1,1124,1123,1125,-1,1124,1125,1126,-1,1126,1125,1127,-1,1126,1127,1128,-1,1128,1127,1129,-1,1128,1129,1130,-1,1130,1129,1131,-1,1130,1131,1132,-1,1132,1131,1133,-1,1132,1133,1134,-1,1134,1133,1135,-1,1134,1135,1089,-1,1089,1135,1136,-1,1089,1136,1090,-1,1087,1137,1088,-1,1088,1137,1138,-1,1088,1138,1139,-1,1139,1138,1140,-1,1139,1140,1141,-1,1141,1140,1142,-1,1141,1142,1143,-1,1143,1142,1144,-1,1143,1144,1145,-1,1145,1144,1146,-1,1145,1146,1147,-1,1147,1146,1148,-1,1147,1148,1120,-1,1120,1148,1149,-1,1120,1149,1121,-1,1055,1053,1100,-1,1100,1053,1102,-1,1055,1100,1098,-1,1055,1098,1057,-1,1057,1098,1096,-1,1057,1096,1059,-1,1059,1096,1094,-1,1059,1094,1061,-1,1061,1094,1092,-1,1061,1092,1062,-1,1062,1092,1090,-1,1062,1090,1003,-1,1003,1090,1136,-1,1003,1136,1005,-1,1005,1136,1135,-1,1005,1135,1007,-1,1007,1135,1133,-1,1007,1133,1009,-1,1009,1133,1131,-1,1009,1131,1011,-1,1011,1131,1129,-1,1011,1129,1013,-1,1013,1129,1127,-1,1013,1127,1015,-1,1015,1127,1125,-1,1015,1125,1017,-1,1017,1125,1123,-1,1017,1123,1063,-1,1063,1123,1121,-1,1063,1121,1064,-1,1064,1121,1149,-1,1064,1149,1066,-1,1066,1149,1148,-1,1066,1148,1068,-1,1068,1148,1146,-1,1068,1146,1070,-1,1070,1146,1144,-1,1070,1144,1072,-1,1072,1144,1142,-1,1072,1142,1074,-1,1074,1142,1140,-1,1074,1140,1075,-1,1075,1140,1138,-1,1075,1138,1020,-1,1020,1138,1137,-1,1020,1137,1022,-1,1022,1137,1087,-1,1022,1087,1024,-1,1024,1087,1085,-1,1024,1085,1026,-1,1026,1085,1083,-1,1026,1083,1028,-1,1028,1083,1081,-1,1028,1081,1029,-1,1029,1081,1079,-1,1029,1079,1031,-1,1031,1079,1077,-1,1031,1077,1033,-1,1033,1077,1119,-1,1033,1119,1035,-1,1035,1119,1118,-1,1035,1118,1037,-1,1037,1118,1116,-1,1037,1116,1039,-1,1039,1116,1114,-1,1039,1114,1041,-1,1041,1114,1112,-1,1041,1112,1043,-1,1043,1112,1110,-1,1043,1110,1045,-1,1045,1110,1108,-1,1045,1108,1047,-1,1047,1108,1106,-1,1047,1106,1049,-1,1051,1049,1104,-1,1104,1049,1106,-1,1053,1051,1102,-1,1102,1051,1104,-1,1048,1050,1105,-1,1105,1050,1103,-1,1050,1052,1103,-1,1103,1052,1101,-1,1052,1054,1101,-1,1101,1054,1099,-1,1010,1130,1132,-1,1010,1132,1008,-1,1008,1132,1134,-1,1008,1134,1006,-1,1006,1134,1089,-1,1006,1089,1004,-1,1004,1089,1091,-1,1004,1091,1002,-1,1002,1091,1093,-1,1002,1093,1060,-1,1060,1093,1095,-1,1060,1095,1058,-1,1058,1095,1097,-1,1058,1097,1056,-1,1056,1097,1099,-1,1056,1099,1054,-1,1071,1143,1145,-1,1071,1145,1069,-1,1069,1145,1147,-1,1069,1147,1067,-1,1067,1147,1120,-1,1067,1120,1065,-1,1065,1120,1122,-1,1065,1122,1018,-1,1018,1122,1124,-1,1018,1124,1016,-1,1016,1124,1126,-1,1016,1126,1014,-1,1014,1126,1128,-1,1014,1128,1012,-1,1012,1128,1130,-1,1012,1130,1010,-1,1032,1078,1080,-1,1032,1080,1030,-1,1030,1080,1082,-1,1030,1082,1027,-1,1027,1082,1084,-1,1027,1084,1025,-1,1025,1084,1086,-1,1025,1086,1023,-1,1023,1086,1088,-1,1023,1088,1021,-1,1021,1088,1139,-1,1021,1139,1019,-1,1019,1139,1141,-1,1019,1141,1073,-1,1073,1141,1143,-1,1073,1143,1071,-1,1048,1105,1107,-1,1048,1107,1046,-1,1046,1107,1109,-1,1046,1109,1044,-1,1044,1109,1111,-1,1044,1111,1042,-1,1042,1111,1113,-1,1042,1113,1040,-1,1040,1113,1115,-1,1040,1115,1038,-1,1038,1115,1117,-1,1038,1117,1036,-1,1036,1117,1076,-1,1036,1076,1034,-1,1034,1076,1078,-1,1034,1078,1032,-1,1150,1151,1152,-1,1152,1151,1153,-1,1154,1155,1150,-1,1150,1155,1156,-1,1150,1156,1151,-1,1151,1156,1157,-1,1154,1158,1155,-1,1155,1158,1159,-1,1155,1159,1160,-1,1160,1159,1161,-1,1160,1161,1162,-1,1162,1163,1160,-1,1160,1163,1152,-1,1160,1152,1164,-1,1164,1152,1153,-1,1164,1153,1165,-1,1166,1167,1168,-1,1167,1169,1168,-1,1168,1169,1170,-1,1168,1170,1171,-1,1171,1170,1172,-1,1171,1172,1173,-1,1173,1174,1171,-1,1171,1174,1175,-1,1171,1175,1176,-1,1177,1178,1179,-1,1180,1176,1181,-1,1181,1176,1175,-1,1181,1175,1179,-1,1179,1175,1166,-1,1179,1166,1177,-1,1177,1166,1168,-1,1160,1164,1168,-1,1168,1164,1177,-1,1155,1160,1171,-1,1171,1160,1168,-1,1156,1155,1176,-1,1176,1155,1171,-1,1157,1156,1180,-1,1180,1156,1176,-1,1151,1157,1181,-1,1181,1157,1180,-1,1153,1151,1179,-1,1179,1151,1181,-1,1165,1153,1178,-1,1178,1153,1179,-1,1164,1165,1177,-1,1177,1165,1178,-1,1150,1152,1175,-1,1175,1152,1166,-1,1152,1163,1166,-1,1166,1163,1167,-1,1161,1170,1169,-1,1161,1169,1162,-1,1162,1169,1167,-1,1162,1167,1163,-1,1161,1159,1170,-1,1170,1159,1172,-1,1154,1174,1173,-1,1154,1173,1158,-1,1158,1173,1172,-1,1158,1172,1159,-1,1154,1150,1174,-1,1174,1150,1175,-1,1182,1183,1184,-1,1185,1186,1187,-1,1188,1189,1190,-1,1191,1192,1193,-1,1193,1192,1194,-1,1193,1194,1195,-1,1196,1197,1198,-1,1199,1200,1201,-1,1202,1203,1184,-1,1184,1203,1204,-1,1184,1204,1182,-1,1205,1206,1207,-1,1207,1206,1208,-1,1207,1208,1209,-1,1209,1208,1210,-1,1209,1210,1211,-1,1211,1210,1212,-1,1211,1212,1213,-1,1214,1215,1216,-1,1216,1215,1217,-1,1216,1217,1218,-1,1219,1183,1220,-1,1220,1183,1221,-1,1220,1221,1214,-1,1214,1221,1222,-1,1214,1222,1215,-1,1223,1224,1208,-1,1208,1224,1225,-1,1208,1225,1210,-1,1210,1225,1226,-1,1210,1226,1227,-1,1228,1229,1230,-1,1201,1200,1231,-1,1231,1200,1232,-1,1231,1232,1233,-1,1233,1232,1234,-1,1233,1234,1235,-1,1190,1189,1236,-1,1236,1189,1237,-1,1236,1237,1238,-1,1239,1240,1184,-1,1184,1240,1241,-1,1184,1241,1202,-1,1228,1230,1242,-1,1242,1230,1243,-1,1242,1243,1244,-1,1244,1243,1245,-1,1244,1245,1246,-1,1213,1247,1211,-1,1211,1247,1248,-1,1211,1248,1249,-1,1250,1184,1251,-1,1251,1184,1183,-1,1251,1183,1252,-1,1252,1183,1219,-1,1198,1197,1253,-1,1253,1197,1254,-1,1253,1254,1255,-1,1256,1257,1258,-1,1258,1257,1259,-1,1258,1259,1260,-1,1260,1259,1261,-1,1260,1261,1262,-1,1262,1261,1263,-1,1262,1263,1264,-1,1265,1266,1267,-1,1267,1266,1268,-1,1267,1268,1239,-1,1239,1268,1269,-1,1239,1269,1240,-1,1229,1228,1270,-1,1270,1228,1271,-1,1270,1271,1272,-1,1272,1271,1273,-1,1272,1273,1274,-1,1274,1273,1275,-1,1274,1275,1187,-1,1187,1275,1276,-1,1187,1276,1185,-1,1250,1277,1184,-1,1184,1277,1278,-1,1184,1278,1279,-1,1279,1278,1280,-1,1281,1282,1283,-1,1283,1282,1284,-1,1283,1284,1285,-1,1198,1286,1196,-1,1196,1286,1287,-1,1196,1287,1281,-1,1281,1287,1288,-1,1281,1288,1282,-1,1227,1289,1210,-1,1210,1289,1290,-1,1210,1290,1291,-1,1291,1290,1218,-1,1291,1218,1292,-1,1292,1218,1217,-1,1201,1293,1199,-1,1199,1293,1294,-1,1199,1294,1295,-1,1295,1294,1296,-1,1295,1296,1297,-1,1297,1296,1298,-1,1297,1298,1299,-1,1299,1298,1300,-1,1299,1300,1301,-1,1190,1302,1188,-1,1188,1302,1303,-1,1188,1303,1304,-1,1304,1303,1305,-1,1304,1305,1306,-1,1306,1305,1307,-1,1306,1307,1308,-1,1308,1307,1187,-1,1308,1187,1309,-1,1309,1187,1186,-1,1193,1310,1191,-1,1191,1310,1311,-1,1191,1311,1312,-1,1312,1311,1313,-1,1312,1313,1314,-1,1315,1316,1317,-1,1317,1316,1318,-1,1317,1318,1319,-1,1319,1318,1320,-1,1319,1320,1265,-1,1265,1320,1321,-1,1265,1321,1266,-1,1255,1254,1208,-1,1208,1254,1322,-1,1208,1322,1223,-1,1323,1324,1325,-1,1325,1324,1326,-1,1325,1326,1327,-1,1327,1326,1328,-1,1327,1328,1256,-1,1256,1328,1329,-1,1256,1329,1257,-1,1300,1330,1301,-1,1301,1330,1331,-1,1301,1331,1332,-1,1332,1331,1333,-1,1332,1333,1323,-1,1323,1333,1334,-1,1323,1334,1324,-1,1284,1335,1285,-1,1285,1335,1336,-1,1285,1336,1337,-1,1337,1336,1338,-1,1337,1338,1280,-1,1280,1338,1339,-1,1280,1339,1279,-1,1340,1341,1342,-1,1343,1344,1345,-1,1345,1344,1346,-1,1347,1348,1349,-1,1349,1348,1350,-1,1349,1350,1351,-1,1351,1350,1352,-1,1351,1352,1353,-1,1353,1352,1354,-1,1353,1354,1355,-1,1355,1354,1356,-1,1355,1356,1315,-1,1315,1356,1357,-1,1315,1357,1316,-1,1195,1358,1193,-1,1193,1358,1359,-1,1193,1359,1360,-1,1360,1359,1361,-1,1360,1361,1362,-1,1362,1361,1264,-1,1362,1264,1363,-1,1363,1264,1263,-1,1364,1365,1340,-1,1340,1365,1366,-1,1340,1366,1341,-1,1234,1367,1235,-1,1235,1367,1340,-1,1235,1340,1368,-1,1368,1340,1342,-1,1238,1237,1369,-1,1369,1237,1370,-1,1369,1370,1343,-1,1343,1370,1371,-1,1343,1371,1344,-1,1372,1373,1374,-1,1373,1375,1374,-1,1374,1375,1376,-1,1374,1376,1377,-1,1245,1378,1246,-1,1246,1378,1379,-1,1246,1379,1380,-1,1380,1379,1381,-1,1380,1381,1347,-1,1347,1381,1382,-1,1347,1382,1348,-1,1364,1340,1374,-1,1374,1340,1383,-1,1374,1383,1372,-1,1313,1384,1314,-1,1314,1384,1385,-1,1314,1385,1386,-1,1386,1385,1387,-1,1386,1387,1388,-1,1388,1387,1389,-1,1388,1389,1390,-1,1390,1389,1391,-1,1390,1391,1392,-1,1392,1391,1393,-1,1392,1393,1346,-1,1346,1393,1394,-1,1346,1394,1345,-1,1395,1396,1397,-1,1397,1396,1398,-1,1397,1398,1399,-1,1398,1400,1399,-1,1399,1400,1401,-1,1399,1401,1402,-1,1402,1401,1403,-1,1404,1405,1406,-1,1406,1405,1407,-1,1408,1409,1410,-1,1411,1412,1413,-1,1413,1412,1414,-1,1413,1414,1415,-1,1416,1417,1399,-1,1399,1417,1418,-1,1399,1418,1397,-1,1397,1418,1419,-1,1420,1421,1422,-1,1423,1424,1401,-1,1401,1424,1425,-1,1401,1425,1403,-1,1426,1427,1428,-1,1429,1430,1431,-1,1431,1430,1432,-1,1431,1432,1433,-1,1433,1432,1434,-1,1433,1434,1435,-1,1422,1421,1436,-1,1436,1421,1437,-1,1436,1437,1438,-1,1438,1437,1439,-1,1438,1439,1440,-1,1440,1439,1441,-1,1441,1439,1442,-1,1441,1442,1443,-1,1443,1442,1406,-1,1443,1406,1444,-1,1444,1406,1407,-1,1444,1407,1415,-1,1415,1407,1445,-1,1415,1445,1413,-1,1446,1447,1448,-1,1448,1447,1449,-1,1448,1449,1450,-1,1450,1449,1451,-1,1450,1451,1452,-1,1410,1409,1453,-1,1453,1409,1454,-1,1453,1454,1455,-1,1456,1457,1451,-1,1413,1458,1411,-1,1411,1458,1459,-1,1411,1459,1460,-1,1455,1454,1461,-1,1461,1454,1462,-1,1461,1462,1463,-1,1463,1462,1464,-1,1463,1464,1465,-1,1466,1467,1468,-1,1468,1467,1469,-1,1468,1469,1470,-1,1470,1469,1471,-1,1470,1471,1472,-1,1472,1471,1473,-1,1472,1473,1474,-1,1475,1476,1477,-1,1477,1476,1478,-1,1477,1478,1479,-1,1479,1478,1480,-1,1479,1480,1481,-1,1457,1482,1451,-1,1451,1482,1483,-1,1451,1483,1452,-1,1484,1485,1486,-1,1486,1485,1411,-1,1486,1411,1487,-1,1487,1411,1460,-1,1488,1489,1490,-1,1490,1489,1491,-1,1490,1491,1492,-1,1434,1493,1435,-1,1435,1493,1494,-1,1435,1494,1495,-1,1495,1494,1463,-1,1495,1463,1496,-1,1428,1427,1497,-1,1497,1427,1498,-1,1497,1498,1399,-1,1399,1498,1499,-1,1399,1499,1416,-1,1491,1500,1492,-1,1492,1500,1501,-1,1492,1501,1502,-1,1502,1501,1503,-1,1502,1503,1504,-1,1504,1503,1397,-1,1504,1397,1505,-1,1505,1397,1419,-1,1488,1506,1507,-1,1496,1463,1508,-1,1508,1463,1465,-1,1508,1465,1509,-1,1510,1511,1512,-1,1512,1511,1513,-1,1480,1514,1481,-1,1481,1514,1515,-1,1481,1515,1516,-1,1516,1515,1517,-1,1516,1517,1466,-1,1466,1517,1518,-1,1466,1518,1467,-1,1451,1519,1456,-1,1456,1519,1520,-1,1456,1520,1521,-1,1521,1520,1522,-1,1521,1522,1523,-1,1523,1522,1524,-1,1523,1524,1525,-1,1525,1524,1526,-1,1525,1526,1475,-1,1475,1526,1527,-1,1475,1527,1476,-1,1428,1528,1426,-1,1426,1528,1529,-1,1426,1529,1530,-1,1530,1529,1531,-1,1530,1531,1484,-1,1484,1531,1532,-1,1484,1532,1485,-1,1533,1534,1488,-1,1488,1534,1535,-1,1488,1535,1506,-1,1507,1536,1488,-1,1488,1536,1537,-1,1488,1537,1489,-1,1538,1539,1540,-1,1540,1539,1541,-1,1540,1541,1542,-1,1422,1543,1420,-1,1420,1543,1544,-1,1420,1544,1545,-1,1545,1544,1546,-1,1545,1546,1547,-1,1547,1546,1548,-1,1547,1548,1549,-1,1549,1548,1550,-1,1549,1550,1551,-1,1551,1550,1552,-1,1551,1552,1538,-1,1538,1552,1553,-1,1538,1553,1539,-1,1473,1554,1474,-1,1474,1554,1555,-1,1474,1555,1556,-1,1556,1555,1557,-1,1556,1557,1558,-1,1558,1557,1559,-1,1558,1559,1560,-1,1560,1559,1561,-1,1560,1561,1562,-1,1562,1561,1563,-1,1562,1563,1564,-1,1564,1563,1565,-1,1564,1565,1512,-1,1512,1565,1566,-1,1512,1566,1510,-1,1513,1567,1512,-1,1512,1567,1568,-1,1512,1568,1569,-1,1404,1406,1488,-1,1488,1406,1570,-1,1488,1570,1533,-1,1541,1571,1542,-1,1542,1571,1572,-1,1542,1572,1573,-1,1573,1572,1574,-1,1573,1574,1575,-1,1575,1574,1576,-1,1575,1576,1429,-1,1429,1576,1577,-1,1429,1577,1430,-1,1578,1579,1569,-1,1569,1579,1580,-1,1569,1580,1581,-1,1582,1583,1584,-1,1584,1583,1585,-1,1584,1585,1446,-1,1446,1585,1586,-1,1446,1586,1447,-1,1410,1587,1408,-1,1408,1587,1588,-1,1408,1588,1589,-1,1589,1588,1590,-1,1589,1590,1591,-1,1591,1590,1592,-1,1591,1592,1593,-1,1593,1592,1594,-1,1593,1594,1595,-1,1595,1594,1596,-1,1595,1596,1597,-1,1597,1596,1598,-1,1597,1598,1599,-1,1599,1598,1600,-1,1599,1600,1601,-1,1601,1600,1602,-1,1601,1602,1603,-1,1603,1602,1604,-1,1603,1604,1582,-1,1582,1604,1605,-1,1582,1605,1583,-1,1581,1606,1569,-1,1569,1606,1607,-1,1569,1607,1512,-1,1326,1514,1480,-1,1326,1480,1328,-1,1328,1480,1478,-1,1328,1478,1329,-1,1329,1478,1476,-1,1329,1476,1257,-1,1257,1476,1527,-1,1257,1527,1259,-1,1259,1527,1526,-1,1259,1526,1261,-1,1261,1526,1524,-1,1261,1524,1263,-1,1263,1524,1522,-1,1263,1522,1363,-1,1363,1522,1520,-1,1363,1520,1362,-1,1362,1520,1519,-1,1362,1519,1360,-1,1360,1519,1451,-1,1360,1451,1193,-1,1193,1451,1449,-1,1193,1449,1310,-1,1310,1449,1447,-1,1310,1447,1311,-1,1311,1447,1586,-1,1311,1586,1313,-1,1313,1586,1585,-1,1313,1585,1384,-1,1384,1585,1583,-1,1384,1583,1385,-1,1385,1583,1605,-1,1385,1605,1387,-1,1387,1605,1604,-1,1387,1604,1389,-1,1389,1604,1602,-1,1389,1602,1391,-1,1391,1602,1600,-1,1391,1600,1393,-1,1393,1600,1598,-1,1393,1598,1394,-1,1394,1598,1596,-1,1394,1596,1345,-1,1345,1596,1594,-1,1345,1594,1343,-1,1343,1594,1592,-1,1343,1592,1369,-1,1369,1592,1590,-1,1369,1590,1238,-1,1238,1590,1588,-1,1238,1588,1236,-1,1236,1588,1587,-1,1236,1587,1190,-1,1190,1587,1410,-1,1190,1410,1302,-1,1302,1410,1453,-1,1302,1453,1303,-1,1303,1453,1455,-1,1303,1455,1305,-1,1305,1455,1461,-1,1305,1461,1307,-1,1307,1461,1463,-1,1307,1463,1187,-1,1187,1463,1494,-1,1187,1494,1274,-1,1274,1494,1493,-1,1274,1493,1272,-1,1272,1493,1434,-1,1272,1434,1270,-1,1270,1434,1432,-1,1270,1432,1229,-1,1229,1432,1430,-1,1229,1430,1230,-1,1230,1430,1577,-1,1230,1577,1243,-1,1243,1577,1576,-1,1243,1576,1245,-1,1245,1576,1574,-1,1245,1574,1378,-1,1378,1574,1572,-1,1378,1572,1379,-1,1379,1572,1571,-1,1379,1571,1381,-1,1381,1571,1541,-1,1381,1541,1382,-1,1382,1541,1539,-1,1382,1539,1348,-1,1348,1539,1553,-1,1348,1553,1350,-1,1350,1553,1552,-1,1350,1552,1352,-1,1352,1552,1550,-1,1352,1550,1354,-1,1354,1550,1548,-1,1354,1548,1356,-1,1356,1548,1546,-1,1356,1546,1357,-1,1357,1546,1544,-1,1357,1544,1316,-1,1316,1544,1543,-1,1316,1543,1318,-1,1318,1543,1422,-1,1318,1422,1320,-1,1320,1422,1436,-1,1320,1436,1321,-1,1321,1436,1438,-1,1321,1438,1266,-1,1266,1438,1440,-1,1266,1440,1268,-1,1268,1440,1441,-1,1268,1441,1269,-1,1269,1441,1443,-1,1269,1443,1240,-1,1240,1443,1444,-1,1240,1444,1241,-1,1241,1444,1415,-1,1241,1415,1202,-1,1202,1415,1414,-1,1202,1414,1203,-1,1203,1414,1412,-1,1203,1412,1204,-1,1204,1412,1411,-1,1204,1411,1182,-1,1182,1411,1485,-1,1182,1485,1183,-1,1183,1485,1532,-1,1183,1532,1221,-1,1221,1532,1531,-1,1221,1531,1222,-1,1222,1531,1529,-1,1222,1529,1215,-1,1215,1529,1528,-1,1215,1528,1217,-1,1217,1528,1428,-1,1217,1428,1292,-1,1292,1428,1497,-1,1292,1497,1291,-1,1291,1497,1399,-1,1291,1399,1210,-1,1210,1399,1402,-1,1210,1402,1212,-1,1212,1402,1403,-1,1212,1403,1213,-1,1213,1403,1425,-1,1213,1425,1247,-1,1247,1425,1424,-1,1247,1424,1248,-1,1248,1424,1423,-1,1248,1423,1249,-1,1249,1423,1401,-1,1249,1401,1211,-1,1211,1401,1400,-1,1211,1400,1209,-1,1207,1209,1398,-1,1398,1209,1400,-1,1205,1207,1396,-1,1396,1207,1398,-1,1206,1205,1395,-1,1395,1205,1396,-1,1208,1206,1397,-1,1397,1206,1395,-1,1208,1397,1503,-1,1208,1503,1255,-1,1255,1503,1501,-1,1255,1501,1253,-1,1253,1501,1500,-1,1253,1500,1198,-1,1198,1500,1491,-1,1198,1491,1286,-1,1286,1491,1489,-1,1286,1489,1287,-1,1287,1489,1537,-1,1287,1537,1288,-1,1288,1537,1536,-1,1288,1536,1282,-1,1282,1536,1507,-1,1282,1507,1284,-1,1284,1507,1506,-1,1284,1506,1335,-1,1335,1506,1535,-1,1335,1535,1336,-1,1336,1535,1534,-1,1336,1534,1338,-1,1338,1534,1533,-1,1338,1533,1339,-1,1339,1533,1570,-1,1339,1570,1279,-1,1279,1570,1406,-1,1279,1406,1184,-1,1184,1406,1442,-1,1184,1442,1239,-1,1239,1442,1439,-1,1239,1439,1267,-1,1267,1439,1437,-1,1267,1437,1265,-1,1265,1437,1421,-1,1265,1421,1319,-1,1319,1421,1420,-1,1319,1420,1317,-1,1317,1420,1545,-1,1317,1545,1315,-1,1315,1545,1547,-1,1315,1547,1355,-1,1355,1547,1549,-1,1355,1549,1353,-1,1353,1549,1551,-1,1353,1551,1351,-1,1351,1551,1538,-1,1351,1538,1349,-1,1349,1538,1540,-1,1349,1540,1347,-1,1347,1540,1542,-1,1347,1542,1380,-1,1380,1542,1573,-1,1380,1573,1246,-1,1246,1573,1575,-1,1246,1575,1244,-1,1244,1575,1429,-1,1244,1429,1242,-1,1242,1429,1431,-1,1242,1431,1228,-1,1228,1431,1433,-1,1228,1433,1271,-1,1271,1433,1435,-1,1271,1435,1273,-1,1273,1435,1495,-1,1273,1495,1275,-1,1275,1495,1496,-1,1275,1496,1276,-1,1276,1496,1508,-1,1276,1508,1185,-1,1185,1508,1509,-1,1185,1509,1186,-1,1186,1509,1465,-1,1186,1465,1309,-1,1309,1465,1464,-1,1309,1464,1308,-1,1308,1464,1462,-1,1308,1462,1306,-1,1306,1462,1454,-1,1306,1454,1304,-1,1304,1454,1409,-1,1304,1409,1188,-1,1188,1409,1408,-1,1188,1408,1189,-1,1189,1408,1589,-1,1189,1589,1237,-1,1237,1589,1591,-1,1237,1591,1370,-1,1370,1591,1593,-1,1370,1593,1371,-1,1371,1593,1595,-1,1371,1595,1344,-1,1344,1595,1597,-1,1344,1597,1346,-1,1346,1597,1599,-1,1346,1599,1392,-1,1392,1599,1601,-1,1392,1601,1390,-1,1390,1601,1603,-1,1390,1603,1388,-1,1388,1603,1582,-1,1388,1582,1386,-1,1386,1582,1584,-1,1386,1584,1314,-1,1314,1584,1446,-1,1314,1446,1312,-1,1312,1446,1448,-1,1312,1448,1191,-1,1191,1448,1450,-1,1191,1450,1192,-1,1192,1450,1452,-1,1192,1452,1194,-1,1194,1452,1483,-1,1194,1483,1195,-1,1358,1195,1482,-1,1482,1195,1483,-1,1358,1482,1457,-1,1358,1457,1359,-1,1359,1457,1456,-1,1359,1456,1361,-1,1361,1456,1521,-1,1361,1521,1264,-1,1264,1521,1523,-1,1264,1523,1262,-1,1262,1523,1525,-1,1262,1525,1260,-1,1260,1525,1475,-1,1260,1475,1258,-1,1258,1475,1477,-1,1258,1477,1256,-1,1256,1477,1479,-1,1256,1479,1327,-1,1327,1479,1481,-1,1327,1481,1325,-1,1325,1481,1516,-1,1325,1516,1323,-1,1323,1516,1466,-1,1323,1466,1332,-1,1332,1466,1468,-1,1332,1468,1301,-1,1301,1468,1470,-1,1301,1470,1299,-1,1299,1470,1472,-1,1299,1472,1297,-1,1297,1472,1474,-1,1297,1474,1295,-1,1295,1474,1556,-1,1295,1556,1199,-1,1199,1556,1558,-1,1199,1558,1200,-1,1200,1558,1560,-1,1200,1560,1232,-1,1234,1232,1562,-1,1562,1232,1560,-1,1234,1562,1564,-1,1234,1564,1367,-1,1367,1564,1512,-1,1367,1512,1340,-1,1340,1512,1607,-1,1340,1607,1383,-1,1383,1607,1606,-1,1383,1606,1372,-1,1372,1606,1581,-1,1372,1581,1373,-1,1373,1581,1580,-1,1373,1580,1375,-1,1375,1580,1579,-1,1375,1579,1376,-1,1376,1579,1578,-1,1376,1578,1377,-1,1377,1578,1569,-1,1377,1569,1374,-1,1374,1569,1568,-1,1374,1568,1364,-1,1364,1568,1567,-1,1364,1567,1365,-1,1365,1567,1513,-1,1365,1513,1366,-1,1366,1513,1511,-1,1366,1511,1341,-1,1341,1511,1510,-1,1341,1510,1342,-1,1342,1510,1566,-1,1342,1566,1368,-1,1368,1566,1565,-1,1368,1565,1235,-1,1235,1565,1563,-1,1235,1563,1233,-1,1231,1233,1561,-1,1561,1233,1563,-1,1231,1561,1559,-1,1231,1559,1201,-1,1201,1559,1557,-1,1201,1557,1293,-1,1293,1557,1555,-1,1293,1555,1294,-1,1294,1555,1554,-1,1294,1554,1296,-1,1296,1554,1473,-1,1296,1473,1298,-1,1298,1473,1471,-1,1298,1471,1300,-1,1300,1471,1469,-1,1300,1469,1330,-1,1330,1469,1467,-1,1330,1467,1331,-1,1331,1467,1518,-1,1331,1518,1333,-1,1333,1518,1517,-1,1333,1517,1334,-1,1334,1517,1515,-1,1334,1515,1324,-1,1324,1515,1514,-1,1324,1514,1326,-1,1281,1488,1490,-1,1281,1490,1196,-1,1196,1490,1492,-1,1196,1492,1197,-1,1197,1492,1502,-1,1197,1502,1254,-1,1254,1502,1504,-1,1254,1504,1322,-1,1322,1504,1505,-1,1322,1505,1223,-1,1223,1505,1419,-1,1223,1419,1224,-1,1224,1419,1418,-1,1224,1418,1225,-1,1225,1418,1417,-1,1225,1417,1226,-1,1226,1417,1416,-1,1226,1416,1227,-1,1227,1416,1499,-1,1227,1499,1289,-1,1289,1499,1498,-1,1289,1498,1290,-1,1290,1498,1427,-1,1290,1427,1218,-1,1218,1427,1426,-1,1218,1426,1216,-1,1216,1426,1530,-1,1216,1530,1214,-1,1214,1530,1484,-1,1214,1484,1220,-1,1220,1484,1486,-1,1220,1486,1219,-1,1219,1486,1487,-1,1219,1487,1252,-1,1252,1487,1460,-1,1252,1460,1251,-1,1251,1460,1459,-1,1251,1459,1250,-1,1250,1459,1458,-1,1250,1458,1277,-1,1277,1458,1413,-1,1277,1413,1278,-1,1278,1413,1445,-1,1278,1445,1280,-1,1280,1445,1407,-1,1280,1407,1337,-1,1337,1407,1405,-1,1337,1405,1285,-1,1285,1405,1404,-1,1285,1404,1283,-1,1283,1404,1488,-1,1283,1488,1281,-1,
        ]
    }
}
Shape{
    appearance Appearance {
        material  Material 	{
            diffuseColor 1.0 1.0 1.0
            specularColor 0.5019607843137255 0.5019607843137255 0.5019607843137255
            ambientIntensity 0.2
            transparency 0
            shininess 0.5
        }
    }
    geometry IndexedFaceSet {
        ccw TRUE
        solid FALSE
        coord DEF co Coordinate {
            point [
                0.2539 0.0394 0.1102, 0.2539 0.3189 0.1102, 0.0534 -0.0445 0.1102, -0.3937 -0.3189 0.1102, -0.3937 -0.3543 0.1102, -0.2539 -0.3189 0.1102, 0.3937 -0.3543 0.1102, 0.2539 -0.3189 0.1102, 0.3937 -0.3189 0.1102, 0.2539 -0.0394 0.1102, 0.3937 -0.0394 0.1102, 0.3937 0.0394 0.1102, -0.2539 -0.0394 0.1102, -0.2673 -0.0353 0.1102, -0.3937 -0.0394 0.1102, -0.3189 -0.016 0.1102, -0.3937 0.0394 0.1102, -0.3189 0.016 0.1102, -0.2673 0.0353 0.1102, -0.2539 0.0394 0.1102, -0.0534 -0.1137 0.1102, -0.2539 0.3189 0.1102, -0.0534 -0.0445 0.1102, -0.0534 0.0445 0.1102, 0.0534 0.0445 0.1102, 0.0534 -0.1137 0.1102, 0.3937 0.3189 0.1102, 0.3937 0.3543 0.1102, -0.3937 0.3543 0.1102, -0.3937 0.3189 0.1102, 0.0534 0.1137 0.1102, -0.0534 0.1137 0.1102, -0.2087 -0.0394 0.0, -0.3937 -0.0394 0.0, -0.3937 0.0394 0.0, -0.3937 0.3189 0.0, -0.3937 0.3543 0.0, -0.2087 0.3189 0.0, 0.3937 0.3543 0.0, -0.3937 -0.3543 0.0, -0.3937 -0.3189 0.0, -0.2087 -0.3189 0.0, 0.2087 -0.3189 0.0, 0.3937 -0.3189 0.0, 0.3937 -0.3543 0.0, 0.0724 0.1669 0.0, 0.2087 0.3189 0.0, 0.0724 -0.1669 0.0, 0.2087 0.0394 0.0, -0.1257 -0.0 0.0, 0.3937 0.0394 0.0, 0.3937 -0.0394 0.0, 0.2087 -0.0394 0.0, -0.2087 0.0394 0.0, 0.3937 0.3189 0.0, 0.3937 0.3189 0.0
            ]
        }
        coordIndex [
            0,1,2,-1,3,4,5,-1,5,4,6,-1,5,6,7,-1,7,6,8,-1,9,10,11,-1,12,13,14,-1,14,13,15,-1,14,15,16,-1,15,17,16,-1,16,17,18,-1,16,18,19,-1,19,18,20,-1,19,20,21,-1,21,20,22,-1,21,22,23,-1,23,22,24,-1,11,0,9,-1,9,0,2,-1,9,2,7,-1,7,2,25,-1,7,25,5,-1,5,25,20,-1,5,20,12,-1,12,20,18,-1,12,18,13,-1,26,27,1,-1,1,27,28,-1,1,28,21,-1,21,28,29,-1,22,2,24,-1,24,2,1,-1,24,1,30,-1,30,1,21,-1,30,21,31,-1,31,21,23,-1,32,33,34,-1,35,36,37,-1,37,36,38,-1,39,40,41,-1,42,43,44,-1,45,46,47,-1,47,46,48,-1,49,47,32,-1,32,47,41,-1,50,51,48,-1,48,51,52,-1,48,52,47,-1,47,52,42,-1,47,42,41,-1,41,42,44,-1,41,44,39,-1,32,34,49,-1,49,34,53,-1,49,53,45,-1,45,53,37,-1,45,37,46,-1,46,37,38,-1,46,38,54,-1,10,51,11,-1,11,51,50,-1,38,27,54,-1,54,27,26,-1,16,34,14,-1,14,34,33,-1,39,4,40,-1,40,4,3,-1,
        ]
    }
}
Shape{
    appearance Appearance {
        material  Material 	{
            diffuseColor 1.0 1.0 0.0
            specularColor 0.5019607843137255 0.5019607843137255 0.0
            ambientIntensity 0.2
            transparency 0
            shininess 0.5
        }
    }
    geometry IndexedFaceSet {
        ccw TRUE
        solid FALSE
        coord DEF co Coordinate {
            point [
                -0.3976 0.1242 -0.0039, -0.3976 0.1242 0.1142, -0.3838 0.1249 -0.0039, -0.3838 0.1249 0.1142, -0.3705 0.1291 -0.0039, -0.3705 0.1291 0.1142, -0.3588 0.1365 -0.0039, -0.3588 0.1365 0.1142, -0.3492 0.1466 -0.0039, -0.3492 0.1466 0.1142, -0.3425 0.1587 -0.0039, -0.3425 0.1587 0.1142, -0.339 0.1722 -0.0039, -0.339 0.1722 0.1142, -0.339 0.1861 -0.0039, -0.339 0.1861 0.1142, -0.3425 0.1995 -0.0039, -0.3425 0.1995 0.1142, -0.3492 0.2117 -0.0039, -0.3492 0.2117 0.1142, -0.3588 0.2218 -0.0039, -0.3588 0.2218 0.1142, -0.3705 0.2291 -0.0039, -0.3705 0.2291 0.1142, -0.3838 0.2334 -0.0039, -0.3838 0.2334 0.1142, -0.3976 0.2341 -0.0039, -0.3976 0.2341 0.1142, -0.3976 0.3189 0.1142, -0.3976 0.3189 -0.0039, -0.2087 0.3189 0.0, -0.2087 0.3189 -0.0039, -0.3937 0.3189 0.0, -0.3937 0.3189 0.1102, -0.2539 0.3189 0.1102, -0.2539 0.3189 0.1142, -0.2539 0.0394 0.1102, -0.2539 0.0394 0.1142, -0.3937 0.0394 0.1102, -0.3976 0.0394 0.1142, -0.3937 0.0394 0.0, -0.3976 0.0394 -0.0039, -0.2087 0.0394 0.0, -0.2087 0.0394 -0.0039, -0.2087 0.0394 -0.0039
            ]
        }
        coordIndex [
            0,1,2,-1,2,1,3,-1,2,3,4,-1,4,3,5,-1,4,5,6,-1,6,5,7,-1,6,7,8,-1,8,7,9,-1,8,9,10,-1,10,9,11,-1,10,11,12,-1,12,11,13,-1,12,13,14,-1,14,13,15,-1,14,15,16,-1,16,15,17,-1,16,17,18,-1,18,17,19,-1,18,19,20,-1,20,19,21,-1,20,21,22,-1,22,21,23,-1,22,23,24,-1,24,23,25,-1,24,25,26,-1,26,25,27,-1,28,29,27,-1,27,29,26,-1,30,31,32,-1,32,31,29,-1,32,29,33,-1,33,29,28,-1,33,28,34,-1,34,28,35,-1,34,35,36,-1,36,35,37,-1,36,37,38,-1,38,37,39,-1,38,39,40,-1,40,39,41,-1,40,41,42,-1,42,41,43,-1,1,0,39,-1,39,0,41,-1,41,0,2,-1,6,8,43,-1,31,22,29,-1,29,22,24,-1,29,24,26,-1,41,2,43,-1,43,2,4,-1,43,4,6,-1,16,18,31,-1,31,18,20,-1,31,20,22,-1,8,10,43,-1,43,10,12,-1,43,12,31,-1,31,12,14,-1,31,14,16,-1,28,27,25,-1,28,25,35,-1,37,11,9,-1,9,7,37,-1,37,7,5,-1,37,5,39,-1,39,5,3,-1,39,3,1,-1,25,23,35,-1,35,23,21,-1,35,21,19,-1,19,17,35,-1,35,17,15,-1,35,15,37,-1,37,15,13,-1,37,13,11,-1,
        ]
    }
}
Shape{
    appearance Appearance {
        material  Material 	{
            diffuseColor 1.0 1.0 1.0
            specularColor 0.5019607843137255 0.5019607843137255 0.5019607843137255
            ambientIntensity 0.2
            transparency 0
            shininess 0.5
        }
    }
    geometry IndexedFaceSet {
        ccw TRUE
        solid FALSE
        coord DEF co Coordinate {
            point [
                0.3937 -0.3189 0.1102, 0.3937 -0.3543 0.1102, 0.3937 -0.3189 0.0, 0.3937 -0.3543 0.0, -0.3937 0.3189 0.1102, -0.3937 0.3543 0.1102, -0.3937 0.3189 0.0, -0.3937 0.3543 0.0, 0.3937 0.3543 0.1102, 0.3937 0.3543 0.0, -0.3937 -0.3543 0.1102, -0.3937 -0.3543 0.0, -0.3937 -0.3543 0.0
            ]
        }
        coordIndex [
            0,1,2,-1,2,1,3,-1,4,5,6,-1,6,5,7,-1,5,8,7,-1,7,8,9,-1,1,10,3,-1,3,10,11,-1,
        ]
    }
}
Shape{
    appearance Appearance {
        material  Material 	{
            diffuseColor 1.0 1.0 0.0
            specularColor 0.5019607843137255 0.5019607843137255 0.0
            ambientIntensity 0.2
            transparency 0
            shininess 0.5
        }
    }
    geometry IndexedFaceSet {
        ccw TRUE
        solid FALSE
        coord DEF co Coordinate {
            point [
                -0.3976 -0.2341 -0.0039, -0.3976 -0.2341 0.1142, -0.3838 -0.2334 -0.0039, -0.3838 -0.2334 0.1142, -0.3705 -0.2291 -0.0039, -0.3705 -0.2291 0.1142, -0.3588 -0.2218 -0.0039, -0.3588 -0.2218 0.1142, -0.3492 -0.2117 -0.0039, -0.3492 -0.2117 0.1142, -0.3425 -0.1995 -0.0039, -0.3425 -0.1995 0.1142, -0.339 -0.1861 -0.0039, -0.339 -0.1861 0.1142, -0.339 -0.1722 -0.0039, -0.339 -0.1722 0.1142, -0.3425 -0.1587 -0.0039, -0.3425 -0.1587 0.1142, -0.3492 -0.1466 -0.0039, -0.3492 -0.1466 0.1142, -0.3588 -0.1365 -0.0039, -0.3588 -0.1365 0.1142, -0.3705 -0.1291 -0.0039, -0.3705 -0.1291 0.1142, -0.3838 -0.1249 -0.0039, -0.3838 -0.1249 0.1142, -0.3976 -0.1242 -0.0039, -0.3976 -0.1242 0.1142, -0.3976 -0.0394 0.1142, -0.3976 -0.0394 -0.0039, -0.2087 -0.0394 0.0, -0.2087 -0.0394 -0.0039, -0.3937 -0.0394 0.0, -0.3937 -0.0394 0.1102, -0.2539 -0.0394 0.1102, -0.2539 -0.0394 0.1142, -0.2539 -0.3189 0.1142, -0.2539 -0.3189 0.1102, -0.3937 -0.3189 0.1102, -0.3976 -0.3189 0.1142, -0.3937 -0.3189 0.0, -0.3976 -0.3189 -0.0039, -0.2087 -0.3189 0.0, -0.2087 -0.3189 -0.0039, 0.3976 -0.1242 -0.0039, 0.3976 -0.1242 0.1142, 0.3838 -0.1249 -0.0039, 0.3838 -0.1249 0.1142, 0.3705 -0.1291 -0.0039, 0.3705 -0.1291 0.1142, 0.3588 -0.1365 -0.0039, 0.3588 -0.1365 0.1142, 0.3492 -0.1466 -0.0039, 0.3492 -0.1466 0.1142, 0.3425 -0.1587 -0.0039, 0.3425 -0.1587 0.1142, 0.339 -0.1722 -0.0039, 0.339 -0.1722 0.1142, 0.339 -0.1861 -0.0039, 0.339 -0.1861 0.1142, 0.3425 -0.1995 -0.0039, 0.3425 -0.1995 0.1142, 0.3492 -0.2117 -0.0039, 0.3492 -0.2117 0.1142, 0.3588 -0.2218 -0.0039, 0.3588 -0.2218 0.1142, 0.3705 -0.2291 -0.0039, 0.3705 -0.2291 0.1142, 0.3838 -0.2334 -0.0039, 0.3838 -0.2334 0.1142, 0.3976 -0.2341 -0.0039, 0.3976 -0.2341 0.1142, 0.3976 -0.3189 0.1142, 0.3976 -0.3189 -0.0039, 0.2087 -0.3189 0.0, 0.2087 -0.3189 -0.0039, 0.3937 -0.3189 0.0, 0.3937 -0.3189 0.1102, 0.2539 -0.3189 0.1102, 0.2539 -0.3189 0.1142, 0.2539 -0.0394 0.1102, 0.2539 -0.0394 0.1142, 0.3937 -0.0394 0.1102, 0.3976 -0.0394 0.1142, 0.3937 -0.0394 0.0, 0.3976 -0.0394 -0.0039, 0.2087 -0.0394 0.0, 0.2087 -0.0394 -0.0039, 0.3976 0.2341 -0.0039, 0.3976 0.2341 0.1142, 0.3838 0.2334 -0.0039, 0.3838 0.2334 0.1142, 0.3705 0.2291 -0.0039, 0.3705 0.2291 0.1142, 0.3588 0.2218 -0.0039, 0.3588 0.2218 0.1142, 0.3492 0.2117 -0.0039, 0.3492 0.2117 0.1142, 0.3425 0.1995 -0.0039, 0.3425 0.1995 0.1142, 0.339 0.1861 -0.0039, 0.339 0.1861 0.1142, 0.339 0.1722 -0.0039, 0.339 0.1722 0.1142, 0.3425 0.1587 -0.0039, 0.3425 0.1587 0.1142, 0.3492 0.1466 -0.0039, 0.3492 0.1466 0.1142, 0.3588 0.1365 -0.0039, 0.3588 0.1365 0.1142, 0.3705 0.1291 -0.0039, 0.3705 0.1291 0.1142, 0.3838 0.1249 -0.0039, 0.3838 0.1249 0.1142, 0.3976 0.1242 -0.0039, 0.3976 0.1242 0.1142, 0.3976 0.0394 0.1142, 0.3976 0.0394 -0.0039, 0.2087 0.0394 0.0, 0.2087 0.0394 -0.0039, 0.3937 0.0394 0.0, 0.3937 0.0394 0.1102, 0.2539 0.0394 0.1102, 0.2539 0.0394 0.1142, 0.2539 0.3189 0.1142, 0.2539 0.3189 0.1102, 0.3937 0.3189 0.1102, 0.3976 0.3189 0.1142, 0.3937 0.3189 0.0, 0.3976 0.3189 -0.0039, 0.2087 0.3189 0.0, 0.2087 0.3189 -0.0039, -0.2087 0.0394 -0.0039, -0.2087 0.3189 -0.0039, -0.2087 0.0394 0.0, -0.2087 0.3189 0.0, -0.2087 0.3189 0.0
            ]
        }
        coordIndex [
            0,1,2,-1,2,1,3,-1,2,3,4,-1,4,3,5,-1,4,5,6,-1,6,5,7,-1,6,7,8,-1,8,7,9,-1,8,9,10,-1,10,9,11,-1,10,11,12,-1,12,11,13,-1,12,13,14,-1,14,13,15,-1,14,15,16,-1,16,15,17,-1,16,17,18,-1,18,17,19,-1,18,19,20,-1,20,19,21,-1,20,21,22,-1,22,21,23,-1,22,23,24,-1,24,23,25,-1,24,25,26,-1,26,25,27,-1,28,29,27,-1,27,29,26,-1,30,31,32,-1,32,31,29,-1,32,29,33,-1,33,29,28,-1,33,28,34,-1,34,28,35,-1,35,36,34,-1,34,36,37,-1,37,36,38,-1,38,36,39,-1,38,39,40,-1,40,39,41,-1,40,41,42,-1,42,41,43,-1,1,0,39,-1,39,0,41,-1,16,18,31,-1,41,0,2,-1,41,2,43,-1,2,4,43,-1,43,4,6,-1,43,6,8,-1,8,10,43,-1,43,10,12,-1,43,12,31,-1,31,12,14,-1,31,14,16,-1,18,20,31,-1,31,20,22,-1,31,22,29,-1,29,22,24,-1,29,24,26,-1,21,19,35,-1,28,27,25,-1,36,11,9,-1,28,25,35,-1,35,25,23,-1,35,23,21,-1,19,17,35,-1,35,17,15,-1,35,15,36,-1,36,15,13,-1,36,13,11,-1,9,7,36,-1,36,7,5,-1,36,5,39,-1,39,5,3,-1,39,3,1,-1,44,45,46,-1,46,45,47,-1,46,47,48,-1,48,47,49,-1,48,49,50,-1,50,49,51,-1,50,51,52,-1,52,51,53,-1,52,53,54,-1,54,53,55,-1,54,55,56,-1,56,55,57,-1,56,57,58,-1,58,57,59,-1,58,59,60,-1,60,59,61,-1,60,61,62,-1,62,61,63,-1,62,63,64,-1,64,63,65,-1,64,65,66,-1,66,65,67,-1,66,67,68,-1,68,67,69,-1,68,69,70,-1,70,69,71,-1,72,73,71,-1,71,73,70,-1,74,75,76,-1,76,75,73,-1,76,73,77,-1,77,73,72,-1,77,72,78,-1,78,72,79,-1,78,79,80,-1,80,79,81,-1,80,81,82,-1,82,81,83,-1,82,83,84,-1,84,83,85,-1,84,85,86,-1,86,85,87,-1,45,44,83,-1,83,44,85,-1,50,52,87,-1,50,87,48,-1,75,60,62,-1,62,64,75,-1,75,64,66,-1,75,66,73,-1,73,66,68,-1,73,68,70,-1,48,87,46,-1,46,87,85,-1,46,85,44,-1,52,54,87,-1,87,54,56,-1,87,56,75,-1,75,56,58,-1,75,58,60,-1,67,65,79,-1,79,65,63,-1,55,53,81,-1,67,79,69,-1,69,79,72,-1,69,72,71,-1,63,61,79,-1,79,61,59,-1,79,59,81,-1,81,59,57,-1,81,57,55,-1,53,51,81,-1,81,51,49,-1,81,49,83,-1,83,49,47,-1,83,47,45,-1,88,89,90,-1,90,89,91,-1,90,91,92,-1,92,91,93,-1,92,93,94,-1,94,93,95,-1,94,95,96,-1,96,95,97,-1,96,97,98,-1,98,97,99,-1,98,99,100,-1,100,99,101,-1,100,101,102,-1,102,101,103,-1,102,103,104,-1,104,103,105,-1,104,105,106,-1,106,105,107,-1,106,107,108,-1,108,107,109,-1,108,109,110,-1,110,109,111,-1,110,111,112,-1,112,111,113,-1,112,113,114,-1,114,113,115,-1,116,117,115,-1,115,117,114,-1,118,119,120,-1,120,119,117,-1,120,117,121,-1,121,117,116,-1,121,116,122,-1,122,116,123,-1,123,124,122,-1,122,124,125,-1,125,124,126,-1,126,124,127,-1,126,127,128,-1,128,127,129,-1,128,129,130,-1,130,129,131,-1,89,88,127,-1,127,88,129,-1,94,96,131,-1,94,131,92,-1,119,104,106,-1,92,131,90,-1,90,131,129,-1,90,129,88,-1,106,108,119,-1,119,108,110,-1,119,110,117,-1,117,110,112,-1,117,112,114,-1,96,98,131,-1,131,98,100,-1,131,100,119,-1,119,100,102,-1,119,102,104,-1,116,115,113,-1,99,97,124,-1,116,113,123,-1,113,111,123,-1,123,111,109,-1,123,109,107,-1,107,105,123,-1,123,105,103,-1,123,103,124,-1,124,103,101,-1,124,101,99,-1,97,95,124,-1,124,95,93,-1,124,93,127,-1,127,93,91,-1,127,91,89,-1,43,31,42,-1,42,31,30,-1,87,75,86,-1,86,75,74,-1,132,133,134,-1,134,133,135,-1,131,119,130,-1,130,119,118,-1,
        ]
    }
}
Shape{
    appearance Appearance {
        material  Material 	{
            diffuseColor 0.5019607843137255 1.0 0.5019607843137255
            specularColor 0.25098039215686274 0.5019607843137255 0.25098039215686274
            ambientIntensity 0.2
            transparency 0
            shininess 0.5
        }
    }
    geometry IndexedFaceSet {
        ccw TRUE
        solid FALSE
        coord DEF co Coordinate {
            point [
                -0.3189 0.016 0.1106, -0.2673 0.0353 0.1106, -0.3189 0.016 0.1102, -0.2673 0.0353 0.1102, -0.3189 -0.016 0.1106, -0.3189 -0.016 0.1102, -0.2673 -0.0353 0.1106, -0.2673 -0.0353 0.1102, -0.2673 -0.0353 0.1102
            ]
        }
        coordIndex [
            0,1,2,-1,2,1,3,-1,4,0,5,-1,5,0,2,-1,6,4,7,-1,7,4,5,-1,1,6,3,-1,3,6,7,-1,4,6,0,-1,0,6,1,-1,
        ]
    }
}
Shape{
    appearance Appearance {
        material  Material 	{
            diffuseColor 0.7529411764705882 1.0 0.7529411764705882
            specularColor 0.3764705882352941 0.5019607843137255 0.3764705882352941
            ambientIntensity 0.2
            transparency 0
            shininess 0.5
        }
    }
    geometry IndexedFaceSet {
        ccw TRUE
        solid FALSE
        coord DEF co Coordinate {
            point [
                0.0724 0.1669 0.0004, -0.1257 -0.0 0.0004, 0.0724 0.1669 0.0, -0.1257 -0.0 0.0, 0.0724 -0.1669 0.0004, 0.0724 -0.1669 0.0, 0.0724 -0.1669 0.0
            ]
        }
        coordIndex [
            0,1,2,-1,2,1,3,-1,1,4,3,-1,3,4,5,-1,4,0,5,-1,5,0,2,-1,0,4,1,-1,
        ]
    }
}
Shape{
    appearance Appearance {
        material  Material 	{
            diffuseColor 0.0 0.0 0.0
            specularColor 0.0 0.0 0.0
            ambientIntensity 0.2
            transparency 0
            shininess 0.5
        }
    }
    geometry IndexedFaceSet {
        ccw TRUE
        solid FALSE
        coord DEF co Coordinate {
            point [
                0.0534 0.1137 0.1496, 0.0534 0.0445 0.1496, 0.0534 0.1137 0.1102, 0.0534 0.0445 0.1102, -0.0534 0.1137 0.1496, -0.0534 0.1137 0.1102, -0.0534 0.0445 0.1496, -0.0534 0.0445 0.1102, -0.0534 -0.1137 0.1496, -0.0534 -0.0445 0.1496, -0.0534 -0.1137 0.1102, -0.0534 -0.0445 0.1102, 0.0534 -0.1137 0.1496, 0.0534 -0.1137 0.1102, 0.0534 -0.0445 0.1496, 0.0534 -0.0445 0.1102, 0.0534 -0.0445 0.1102
            ]
        }
        coordIndex [
            0,1,2,-1,2,1,3,-1,4,0,5,-1,5,0,2,-1,6,4,7,-1,7,4,5,-1,1,6,3,-1,3,6,7,-1,4,6,0,-1,0,6,1,-1,8,9,10,-1,10,9,11,-1,12,8,13,-1,13,8,10,-1,14,12,15,-1,15,12,13,-1,9,14,11,-1,11,14,15,-1,12,14,8,-1,8,14,9,-1,
        ]
    }
}