ISO-10303-21;
HEADER;
FILE_DESCRIPTION (( 'STEP AP214' ),
    '1' );
FILE_NAME ('User Library-P100-E2.STEP',
    '2026-01-14T10:33:07',
    ( '' ),
    ( '' ),
    'SwSTEP 2.0',
    'SolidWorks 2022',
    '' );
FILE_SCHEMA (( 'AUTOMOTIVE_DESIGN' ));
ENDSEC;

DATA;
#1 =( BOUNDED_SURFACE ( )  B_SPLINE_SURFACE ( 3, 3, ( 
 ( #107, #1000, #1135, #1430 ),
 ( #1602, #1873, #72, #694 ),
 ( #1282, #702, #1894, #231 ),
 ( #511, #1902, #1591, #1745 ) ),
 .UNSPECIFIED., .F., .F., .T. ) 
 B_SPLINE_SURFACE_WITH_KNOTS ( ( 4, 4 ),
 ( 4, 4 ),
 ( 0.0000000000000000000, 1.000000000000000000 ),
 ( 0.0000000000000000000, 1.000000000000000000 ),
 .UNSPECIFIED. ) 
 GEOMETRIC_REPRESENTATION_ITEM ( )  RATIONAL_B_SPLINE_SURFACE ( (
 ( 1.000000000000000000, 0.9370024678865815915, 0.9370024678865815915, 1.000000000000000000),
 ( 0.9373763830105226180, 0.8783239842194572322, 0.8783239842194572322, 0.9373763830105226180),
 ( 0.9373763830105226180, 0.8783239842194572322, 0.8783239842194572322, 0.9373763830105226180),
 ( 1.000000000000000000, 0.9370024678865815915, 0.9370024678865815915, 1.000000000000000000) ) ) 
 REPRESENTATION_ITEM ( '' )  SURFACE ( )  );
#2 = FACE_OUTER_BOUND ( 'NONE', #1227, .T. ) ;
#3 = COLOUR_RGB ( '',0.7960784313725489669, 0.6039215686274509443, 0.2313725490196078538 ) ;
#4 = FACE_OUTER_BOUND ( 'NONE', #250, .T. ) ;
#5 = FILL_AREA_STYLE ('',( #1213 ) ) ;
#6 = ORIENTED_EDGE ( 'NONE', *, *, #916, .T. ) ;
#7 =( GEOMETRIC_REPRESENTATION_CONTEXT ( 3 ) GLOBAL_UNCERTAINTY_ASSIGNED_CONTEXT ( ( #224 ) ) GLOBAL_UNIT_ASSIGNED_CONTEXT ( ( #312, #1353, #1732 ) ) REPRESENTATION_CONTEXT ( 'NONE', 'WORKASPACE' ) );
#8 = ADVANCED_FACE ( 'NONE', ( #322 ), #1553, .T. ) ;
#9 = MECHANICAL_DESIGN_GEOMETRIC_PRESENTATION_REPRESENTATION (  '', ( #112 ), #1878 ) ;
#10 =( LENGTH_UNIT ( ) NAMED_UNIT ( * ) SI_UNIT ( .MILLI., .METRE. ) );
#11 = STYLED_ITEM ( 'NONE', ( #1604 ), #444 ) ;
#12 = ORIENTED_EDGE ( 'NONE', *, *, #831, .T. ) ;
#13 =( NAMED_UNIT ( * ) PLANE_ANGLE_UNIT ( ) SI_UNIT ( $, .RADIAN. ) );
#14 = AXIS2_PLACEMENT_3D ( 'NONE', #1864, #989, #999 ) ;
#15 =( GEOMETRIC_REPRESENTATION_CONTEXT ( 3 ) GLOBAL_UNCERTAINTY_ASSIGNED_CONTEXT ( ( #655 ) ) GLOBAL_UNIT_ASSIGNED_CONTEXT ( ( #499, #54, #674 ) ) REPRESENTATION_CONTEXT ( 'NONE', 'WORKASPACE' ) );
#16 = DIRECTION ( 'NONE',  ( -0.0000000000000000000, -0.0000000000000000000, -1.000000000000000000 ) ) ;
#17 = DIRECTION ( 'NONE',  ( -1.000000000000000000, 0.0000000000000000000, 0.0000000000000000000 ) ) ;
#18 = SURFACE_STYLE_USAGE ( .BOTH. , #1506 ) ;
#19 = PLANE ( 'NONE',  #1298 ) ;
#20 = SURFACE_STYLE_USAGE ( .BOTH. , #501 ) ;
#21 = DIRECTION ( 'NONE',  ( 1.000000000000000000, 1.224646799147353207E-16, 0.0000000000000000000 ) ) ;
#22 = CARTESIAN_POINT ( 'NONE',  ( 0.0000000000000000000, 0.0000000000000000000, 16.63543191426697376 ) ) ;
#23 = ORIENTED_EDGE ( 'NONE', *, *, #1926, .F. ) ;
#24 = SURFACE_STYLE_USAGE ( .BOTH. , #745 ) ;
#25 = SURFACE_STYLE_USAGE ( .BOTH. , #34 ) ;
#26 = PRESENTATION_STYLE_ASSIGNMENT (( #1384 ) ) ;
#27 = ORIENTED_EDGE ( 'NONE', *, *, #1031, .F. ) ;
#28 = ORIENTED_EDGE ( 'NONE', *, *, #128, .F. ) ;
#29 = CARTESIAN_POINT ( 'NONE',  ( 0.0000000000000000000, 0.0000000000000000000, 16.69790141904440617 ) ) ;
#30 = DIRECTION ( 'NONE',  ( 0.0000000000000000000, 1.000000000000000000, 0.0000000000000000000 ) ) ;
#31 =( NAMED_UNIT ( * ) SI_UNIT ( $, .STERADIAN. ) SOLID_ANGLE_UNIT ( ) );
#32 = EDGE_CURVE ( 'NONE', #108, #774, #1716, .T. ) ;
#33 = FILL_AREA_STYLE_COLOUR ( '', #83 ) ;
#34 = SURFACE_SIDE_STYLE ('',( #163 ) ) ;
#35 = ORIENTED_EDGE ( 'NONE', *, *, #1146, .F. ) ;
#36 = DIRECTION ( 'NONE',  ( -1.000000000000000000, 0.0000000000000000000, 0.0000000000000000000 ) ) ;
#37 = DIRECTION ( 'NONE',  ( 0.0000000000000000000, 1.000000000000000000, 0.0000000000000000000 ) ) ;
#38 = VERTEX_POINT ( 'NONE', #1351 ) ;
#39 = PRESENTATION_LAYER_ASSIGNMENT (  '', '', ( #235 ) ) ;
#40 = CIRCLE ( 'NONE', #829, 0.5097315657045666804 ) ;
#41 =( LENGTH_UNIT ( ) NAMED_UNIT ( * ) SI_UNIT ( .MILLI., .METRE. ) );
#42 = MECHANICAL_DESIGN_GEOMETRIC_PRESENTATION_REPRESENTATION (  '', ( #832 ), #681 ) ;
#43 = COLOUR_RGB ( '',0.7960784313725489669, 0.6039215686274509443, 0.2313725490196078538 ) ;
#44 = PRESENTATION_LAYER_ASSIGNMENT (  '', '', ( #901 ) ) ;
#45 = SURFACE_STYLE_USAGE ( .BOTH. , #67 ) ;
#46 = CARTESIAN_POINT ( 'NONE',  ( -0.5899999999999970823, 0.0000000000000000000, 16.51755731840500019 ) ) ;
#47 = ADVANCED_FACE ( 'NONE', ( #2 ), #55, .T. ) ;
#48 = PRESENTATION_LAYER_ASSIGNMENT (  '', '', ( #1273 ) ) ;
#49 = DIRECTION ( 'NONE',  ( 0.6246950474561289157, 0.0000000000000000000, 0.7808688095216665959 ) ) ;
#50 = ORIENTED_EDGE ( 'NONE', *, *, #843, .F. ) ;
#51 = CARTESIAN_POINT ( 'NONE',  ( 0.5790434404802922153, 7.091236959514607659E-17, 16.78454126258455403 ) ) ;
#52 = CARTESIAN_POINT ( 'NONE',  ( -0.6799999999999990496, 1.359999999999997877, 16.78420571963459906 ) ) ;
#53 = CARTESIAN_POINT ( 'NONE',  ( -0.5862052006789501002, -1.172410401357900867, 16.53983987052587779 ) ) ;
#54 =( NAMED_UNIT ( * ) PLANE_ANGLE_UNIT ( ) SI_UNIT ( $, .RADIAN. ) );
#55 =( BOUNDED_SURFACE ( )  B_SPLINE_SURFACE ( 3, 3, ( 
 ( #205, #317, #626, #773 ),
 ( #635, #176, #802, #1533 ),
 ( #1835, #971, #1408, #1379 ),
 ( #1232, #52, #476, #1077 ) ),
 .UNSPECIFIED., .F., .F., .T. ) 
 B_SPLINE_SURFACE_WITH_KNOTS ( ( 4, 4 ),
 ( 4, 4 ),
 ( 0.0000000000000000000, 1.000000000000000000 ),
 ( 0.0000000000000000000, 1.000000000000000000 ),
 .UNSPECIFIED. ) 
 GEOMETRIC_REPRESENTATION_ITEM ( )  RATIONAL_B_SPLINE_SURFACE ( (
 ( 1.000000000000000000, 0.3333333333333334259, 0.3333333333333334259, 1.000000000000000000),
 ( 0.9624188795510917327, 0.3208062931836973553, 0.3208062931836973553, 0.9624188795510917327),
 ( 0.9624188795510917327, 0.3208062931836973553, 0.3208062931836973553, 0.9624188795510917327),
 ( 1.000000000000000000, 0.3333333333333334259, 0.3333333333333334259, 1.000000000000000000) ) ) 
 REPRESENTATION_ITEM ( '' )  SURFACE ( )  );
#56 = CARTESIAN_POINT ( 'NONE',  ( -0.5790434404693236559, 1.158086880938646868, 16.54879207078625214 ) ) ;
#57 = UNCERTAINTY_MEASURE_WITH_UNIT (LENGTH_MEASURE( 1.000000000000000082E-05 ), #383, 'distance_accuracy_value', 'NONE');
#58 = FACE_OUTER_BOUND ( 'NONE', #273, .T. ) ;
#59 =( NAMED_UNIT ( * ) PLANE_ANGLE_UNIT ( ) SI_UNIT ( $, .RADIAN. ) );
#60 = CARTESIAN_POINT ( 'NONE',  ( 0.6875379127894137854, 0.6127281570767414420, 0.3160000743232637688 ) ) ;
#61 = DIRECTION ( 'NONE',  ( -1.000000000000000000, 0.0000000000000000000, 0.0000000000000000000 ) ) ;
#62 = ADVANCED_BREP_SHAPE_REPRESENTATION ( '', ( #1164, #245 ), #941 ) ;
#63 =( LENGTH_UNIT ( ) NAMED_UNIT ( * ) SI_UNIT ( .MILLI., .METRE. ) );
#64 = ORIENTED_EDGE ( 'NONE', *, *, #196, .F. ) ;
#65 = CARTESIAN_POINT ( 'NONE',  ( 0.0000000000000000000, 0.0000000000000000000, 4.174999999999999822 ) ) ;
#66 = APPLICATION_PROTOCOL_DEFINITION ( 'draft international standard', 'automotive_design', 1998, #1354 ) ;
#67 = SURFACE_SIDE_STYLE ('',( #1399 ) ) ;
#68 = CARTESIAN_POINT ( 'NONE',  ( -0.5899999999999970823, 1.179999999999993943, 16.52902172849893958 ) ) ;
#69 = CARTESIAN_POINT ( 'NONE',  ( -0.6690434404751880448, 1.338086880950375868, 16.58036236607272329 ) ) ;
#70 = SURFACE_SIDE_STYLE ('',( #1726 ) ) ;
#71 =( NAMED_UNIT ( * ) SI_UNIT ( $, .STERADIAN. ) SOLID_ANGLE_UNIT ( ) );
#72 = CARTESIAN_POINT ( 'NONE',  ( 0.2121618818531890438, 0.2199578255464013921, -0.006081779782148126479 ) ) ;
#73 = ORIENTED_EDGE ( 'NONE', *, *, #254, .F. ) ;
#74 =( NAMED_UNIT ( * ) SI_UNIT ( $, .STERADIAN. ) SOLID_ANGLE_UNIT ( ) );
#75 = EDGE_CURVE ( 'NONE', #677, #436, #1234, .T. ) ;
#76 = FACE_OUTER_BOUND ( 'NONE', #1746, .T. ) ;
#77 = VECTOR ( 'NONE', #1607, 1000.000000000000000 ) ;
#78 = STYLED_ITEM ( 'NONE', ( #1596 ), #156 ) ;
#79 = CONTEXT_DEPENDENT_SHAPE_REPRESENTATION ( #1188, #804 ) ;
#80 = DIRECTION ( 'NONE',  ( -0.6246950474561289157, 7.650307903103522123E-17, 0.7808688095216665959 ) ) ;
#81 = STYLED_ITEM ( 'NONE', ( #1118 ), #365 ) ;
#82 = FILL_AREA_STYLE_COLOUR ( '', #392 ) ;
#83 = COLOUR_RGB ( '',0.7960784313725489669, 0.6039215686274509443, 0.2313725490196078538 ) ;
#84 = VECTOR ( 'NONE', #1806, 1000.000000000000000 ) ;
#85 = UNCERTAINTY_MEASURE_WITH_UNIT (LENGTH_MEASURE( 1.000000000000000082E-05 ), #1027, 'distance_accuracy_value', 'NONE');
#86 = DIRECTION ( 'NONE',  ( -1.000000000000000000, 0.0000000000000000000, 0.0000000000000000000 ) ) ;
#87 = PRESENTATION_STYLE_ASSIGNMENT (( #377 ) ) ;
#88 = CIRCLE ( 'NONE', #1654, 0.5097315656712453347 ) ;
#89 = CARTESIAN_POINT ( 'NONE',  ( -0.4999999999999990563, 0.0000000000000000000, 0.0000000000000000000 ) ) ;
#90 =( GEOMETRIC_REPRESENTATION_CONTEXT ( 3 ) GLOBAL_UNCERTAINTY_ASSIGNED_CONTEXT ( ( #986 ) ) GLOBAL_UNIT_ASSIGNED_CONTEXT ( ( #325, #1681, #183 ) ) REPRESENTATION_CONTEXT ( 'NONE', 'WORKASPACE' ) );
#91 = FACE_OUTER_BOUND ( 'NONE', #1784, .T. ) ;
#92 = ORIENTED_EDGE ( 'NONE', *, *, #1161, .F. ) ;
#93 = DIRECTION ( 'NONE',  ( -1.000000000000000000, 0.0000000000000000000, 0.0000000000000000000 ) ) ;
#94 = EDGE_CURVE ( 'NONE', #456, #1217, #1844, .T. ) ;
#95 = CARTESIAN_POINT ( 'NONE',  ( -0.6097542393554286067, 0.0000000000000000000, 16.65447386744662595 ) ) ;
#96 = CARTESIAN_POINT ( 'NONE',  ( 0.6690434404751880448, 8.193419078684718204E-17, 16.58036236607272684 ) ) ;
#97 = CARTESIAN_POINT ( 'NONE',  ( -0.2475353115722145059, -0.7170225692689673469, 0.1144676739302003254 ) ) ;
#98 = DIRECTION ( 'NONE',  ( 0.0000000000000000000, 0.0000000000000000000, -1.000000000000000000 ) ) ;
#99 = FILL_AREA_STYLE ('',( #1885 ) ) ;
#100 = VERTEX_POINT ( 'NONE', #331 ) ;
#101 = SURFACE_STYLE_FILL_AREA ( #1284 ) ;
#102 = DIRECTION ( 'NONE',  ( 0.0000000000000000000, 0.0000000000000000000, -1.000000000000000000 ) ) ;
#103 = PRESENTATION_STYLE_ASSIGNMENT (( #1748 ) ) ;
#104 = CONTEXT_DEPENDENT_SHAPE_REPRESENTATION ( #179, #1694 ) ;
#105 = EDGE_CURVE ( 'NONE', #1603, #703, #162, .T. ) ;
#106 = UNCERTAINTY_MEASURE_WITH_UNIT (LENGTH_MEASURE( 1.000000000000000082E-05 ), #1017, 'distance_accuracy_value', 'NONE');
#107 = CARTESIAN_POINT ( 'NONE',  ( 0.5966266122727448273, -0.5421139207209640931, 0.3431727948874597756 ) ) ;
#108 = VERTEX_POINT ( 'NONE', #1068 ) ;
#109 = SURFACE_STYLE_USAGE ( .BOTH. , #1450 ) ;
#110 = STYLED_ITEM ( 'NONE', ( #152 ), #210 ) ;
#111 = DIRECTION ( 'NONE',  ( 0.0000000000000000000, 0.0000000000000000000, -1.000000000000000000 ) ) ;
#112 = STYLED_ITEM ( 'NONE', ( #369 ), #1225 ) ;
#113 = CIRCLE ( 'NONE', #1621, 0.7500000000000000000 ) ;
#114 = CARTESIAN_POINT ( 'NONE',  ( -0.7500000000095496944, 0.0000000000000000000, 1.250000000000000000 ) ) ;
#115 = CARTESIAN_POINT ( 'NONE',  ( 0.0000000000000000000, 0.0000000000000000000, 0.0000000000000000000 ) ) ;
#116 = ADVANCED_FACE ( 'NONE', ( #186 ), #778, .T. ) ;
#117 = SURFACE_STYLE_USAGE ( .BOTH. , #1775 ) ;
#118 =( GEOMETRIC_REPRESENTATION_CONTEXT ( 3 ) GLOBAL_UNCERTAINTY_ASSIGNED_CONTEXT ( ( #747 ) ) GLOBAL_UNIT_ASSIGNED_CONTEXT ( ( #1210, #1852, #928 ) ) REPRESENTATION_CONTEXT ( 'NONE', 'WORKASPACE' ) );
#119 = COLOUR_RGB ( '',0.7960784313725489669, 0.6039215686274509443, 0.2313725490196078538 ) ;
#120 = PRESENTATION_STYLE_ASSIGNMENT (( #287 ) ) ;
#121 = ORIENTED_EDGE ( 'NONE', *, *, #196, .T. ) ;
#122 =( LENGTH_UNIT ( ) NAMED_UNIT ( * ) SI_UNIT ( .MILLI., .METRE. ) );
#123 = CARTESIAN_POINT ( 'NONE',  ( 0.5790434404802921042, 1.158086880960584208, 16.78454126258455403 ) ) ;
#124 = CARTESIAN_POINT ( 'NONE',  ( 0.0000000000000000000, 0.0000000000000000000, 16.75297096727490498 ) ) ;
#125 = SHAPE_DEFINITION_REPRESENTATION ( #253, #1138 ) ;
#126 = CARTESIAN_POINT ( 'NONE',  ( -0.6800000000000000488, -1.665519646840400618E-16, 16.54912761369880059 ) ) ;
#127 = EDGE_LOOP ( 'NONE', ( #1214, #1564, #1136, #1541 ) ) ;
#128 = EDGE_CURVE ( 'NONE', #1510, #1777, #895, .T. ) ;
#129 = DIRECTION ( 'NONE',  ( 0.0000000000000000000, 0.0000000000000000000, -1.000000000000000000 ) ) ;
#130 = DIRECTION ( 'NONE',  ( -1.000000000000000000, 0.0000000000000000000, 0.0000000000000000000 ) ) ;
#131 = FILL_AREA_STYLE_COLOUR ( '', #43 ) ;
#132 = CARTESIAN_POINT ( 'NONE',  ( -3.901131567836450209, -3.960690899946829990, 10.50000000000000000 ) ) ;
#133 = CARTESIAN_POINT ( 'NONE',  ( -0.6690434404751880448, -1.638683815736943641E-16, 16.58036236607272684 ) ) ;
#134 = ORIENTED_EDGE ( 'NONE', *, *, #1677, .F. ) ;
#135 = ADVANCED_FACE ( 'NONE', ( #1451 ), #571, .T. ) ;
#136 = DIRECTION ( 'NONE',  ( -1.000000000000000000, 0.0000000000000000000, 0.0000000000000000000 ) ) ;
#137 = CARTESIAN_POINT ( 'NONE',  ( -0.4999999999999990563, 0.0000000000000000000, 8.349999999999999645 ) ) ;
#138 =( NAMED_UNIT ( * ) PLANE_ANGLE_UNIT ( ) SI_UNIT ( $, .RADIAN. ) );
#139 = PRESENTATION_LAYER_ASSIGNMENT (  '', '', ( #1935 ) ) ;
#140 =( NAMED_UNIT ( * ) PLANE_ANGLE_UNIT ( ) SI_UNIT ( $, .RADIAN. ) );
#141 =( GEOMETRIC_REPRESENTATION_CONTEXT ( 3 ) GLOBAL_UNCERTAINTY_ASSIGNED_CONTEXT ( ( #1296 ) ) GLOBAL_UNIT_ASSIGNED_CONTEXT ( ( #1325, #572, #1184 ) ) REPRESENTATION_CONTEXT ( 'NONE', 'WORKASPACE' ) );
#142 =( GEOMETRIC_REPRESENTATION_CONTEXT ( 3 ) GLOBAL_UNCERTAINTY_ASSIGNED_CONTEXT ( ( #510 ) ) GLOBAL_UNIT_ASSIGNED_CONTEXT ( ( #1889, #530, #536 ) ) REPRESENTATION_CONTEXT ( 'NONE', 'WORKASPACE' ) );
#143 = COLOUR_RGB ( '',0.7960784313725489669, 0.6039215686274509443, 0.2313725490196078538 ) ;
#144 = ORIENTED_EDGE ( 'NONE', *, *, #75, .T. ) ;
#145 = MECHANICAL_DESIGN_GEOMETRIC_PRESENTATION_REPRESENTATION (  '', ( #966 ), #798 ) ;
#146 = FACE_OUTER_BOUND ( 'NONE', #641, .T. ) ;
#147 = CARTESIAN_POINT ( 'NONE',  ( -0.5862052006829034934, 1.172410401365806987, 16.79349346284260847 ) ) ;
#148 = MECHANICAL_DESIGN_GEOMETRIC_PRESENTATION_REPRESENTATION (  '', ( #1498 ), #650 ) ;
#149 = MECHANICAL_DESIGN_GEOMETRIC_PRESENTATION_REPRESENTATION (  '', ( #1566 ), #1092 ) ;
#150 = CARTESIAN_POINT ( 'NONE',  ( 0.6799999999999999378, 8.327598234202003091E-17, 16.56059202378942885 ) ) ;
#151 =( NAMED_UNIT ( * ) PLANE_ANGLE_UNIT ( ) SI_UNIT ( $, .RADIAN. ) );
#152 = PRESENTATION_STYLE_ASSIGNMENT (( #1492 ) ) ;
#153 = DIRECTION ( 'NONE',  ( -1.000000000000000000, 0.0000000000000000000, 0.0000000000000000000 ) ) ;
#154 = SURFACE_STYLE_FILL_AREA ( #1535 ) ;
#155 = PRESENTATION_STYLE_ASSIGNMENT (( #18 ) ) ;
#156 = ADVANCED_FACE ( 'NONE', ( #76 ), #470, .F. ) ;
#157 = PRESENTATION_STYLE_ASSIGNMENT (( #344 ) ) ;
#158 = CYLINDRICAL_SURFACE ( 'NONE', #1058, 0.6800000000000000488 ) ;
#159 = ORIENTED_EDGE ( 'NONE', *, *, #1496, .T. ) ;
#160 = CARTESIAN_POINT ( 'NONE',  ( 0.0000000000000000000, 0.0000000000000000000, 16.78454126258667500 ) ) ;
#161 =( NAMED_UNIT ( * ) SI_UNIT ( $, .STERADIAN. ) SOLID_ANGLE_UNIT ( ) );
#162 = CIRCLE ( 'NONE', #1683, 0.5097315657045666804 ) ;
#163 = SURFACE_STYLE_FILL_AREA ( #1383 ) ;
#164 = EDGE_CURVE ( 'NONE', #703, #1603, #40, .T. ) ;
#165 = SURFACE_STYLE_USAGE ( .BOTH. , #1855 ) ;
#166 =( LENGTH_UNIT ( ) NAMED_UNIT ( * ) SI_UNIT ( .MILLI., .METRE. ) );
#167 = CIRCLE ( 'NONE', #707, 0.5899999999999989697 ) ;
#168 = PRESENTATION_LAYER_ASSIGNMENT (  '', '', ( #1022 ) ) ;
#169 = AXIS2_PLACEMENT_3D ( 'NONE', #1219, #1862, #86 ) ;
#170 = PRESENTATION_STYLE_ASSIGNMENT (( #1244 ) ) ;
#171 = MECHANICAL_DESIGN_GEOMETRIC_PRESENTATION_REPRESENTATION (  '', ( #1817 ), #1940 ) ;
#172 = EDGE_LOOP ( 'NONE', ( #1254, #484, #144, #1299 ) ) ;
#173 = CARTESIAN_POINT ( 'NONE',  ( 0.5899999999999990807, 7.225416114969372854E-17, 16.81577601495209962 ) ) ;
#174 = STYLED_ITEM ( 'NONE', ( #1770 ), #1434 ) ;
#175 = STYLED_ITEM ( 'NONE', ( #339 ), #1742 ) ;
#176 = CARTESIAN_POINT ( 'NONE',  ( -0.6762052006912721014, 1.352410401382543981, 16.76192316754921308 ) ) ;
#177 =( GEOMETRIC_REPRESENTATION_CONTEXT ( 3 ) GLOBAL_UNCERTAINTY_ASSIGNED_CONTEXT ( ( #1140 ) ) GLOBAL_UNIT_ASSIGNED_CONTEXT ( ( #464, #797, #1088 ) ) REPRESENTATION_CONTEXT ( 'NONE', 'WORKASPACE' ) );
#178 = DIRECTION ( 'NONE',  ( -1.000000000000000000, 0.0000000000000000000, 0.0000000000000000000 ) ) ;
#179 =( REPRESENTATION_RELATIONSHIP ('NONE','NONE', #1348, #1138 ) REPRESENTATION_RELATIONSHIP_WITH_TRANSFORMATION ( #673 )SHAPE_REPRESENTATION_RELATIONSHIP( ) );
#180 = DIRECTION ( 'NONE',  ( -0.0000000000000000000, -0.0000000000000000000, 1.000000000000000000 ) ) ;
#181 =( NAMED_UNIT ( * ) PLANE_ANGLE_UNIT ( ) SI_UNIT ( $, .RADIAN. ) );
#182 = ORIENTED_EDGE ( 'NONE', *, *, #982, .T. ) ;
#183 =( NAMED_UNIT ( * ) SI_UNIT ( $, .STERADIAN. ) SOLID_ANGLE_UNIT ( ) );
#184 = EDGE_LOOP ( 'NONE', ( #1840, #921 ) ) ;
#185 = LINE ( 'NONE', #777, #1720 ) ;
#186 = FACE_OUTER_BOUND ( 'NONE', #1359, .T. ) ;
#187 = SURFACE_SIDE_STYLE ('',( #154 ) ) ;
#188 = SURFACE_STYLE_FILL_AREA ( #1692 ) ;
#189 = DIRECTION ( 'NONE',  ( 0.0000000000000000000, 0.0000000000000000000, -1.000000000000000000 ) ) ;
#190 = DIRECTION ( 'NONE',  ( 1.000000000000000000, 0.0000000000000000000, 0.0000000000000000000 ) ) ;
#191 = ORIENTED_EDGE ( 'NONE', *, *, #1324, .T. ) ;
#192 =( NAMED_UNIT ( * ) PLANE_ANGLE_UNIT ( ) SI_UNIT ( $, .RADIAN. ) );
#193 = CARTESIAN_POINT ( 'NONE',  ( -0.6690434403822109743, 0.0000000000000000000, 16.58036236619864212 ) ) ;
#194 = VERTEX_POINT ( 'NONE', #446 ) ;
#195 = CARTESIAN_POINT ( 'NONE',  ( 0.5899999999999991918, -1.179999999999997717, 16.81577601495209962 ) ) ;
#196 = EDGE_CURVE ( 'NONE', #1903, #38, #1521, .T. ) ;
#197 =( NAMED_UNIT ( * ) PLANE_ANGLE_UNIT ( ) SI_UNIT ( $, .RADIAN. ) );
#198 = FACE_OUTER_BOUND ( 'NONE', #1671, .T. ) ;
#199 = CARTESIAN_POINT ( 'NONE',  ( 0.6249878019021651854, 0.0000000000000000000, 16.69790141904440617 ) ) ;
#200 = CARTESIAN_POINT ( 'NONE',  ( -0.6249878019021641862, 0.0000000000000000000, 16.69790141904440617 ) ) ;
#201 = CARTESIAN_POINT ( 'NONE',  ( -0.6249878019021641862, -1.530778622211250777E-16, 16.69790141904440617 ) ) ;
#202 = DIRECTION ( 'NONE',  ( 0.0000000000000000000, 0.0000000000000000000, -1.000000000000000000 ) ) ;
#203 = ORIENTED_EDGE ( 'NONE', *, *, #1505, .T. ) ;
#204 = PRESENTATION_LAYER_ASSIGNMENT (  '', '', ( #1237 ) ) ;
#205 = CARTESIAN_POINT ( 'NONE',  ( -0.6690434405035204923, 0.0000000000000000000, 16.75297096729608981 ) ) ;
#206 = COLOUR_RGB ( '',0.7960784313725489669, 0.6039215686274509443, 0.2313725490196078538 ) ;
#207 = PRESENTATION_LAYER_ASSIGNMENT (  '', '', ( #1463 ) ) ;
#208 = CARTESIAN_POINT ( 'NONE',  ( 0.0000000000000000000, 0.0000000000000000000, 1.249999999913598003 ) ) ;
#209 =( GEOMETRIC_REPRESENTATION_CONTEXT ( 3 ) GLOBAL_UNCERTAINTY_ASSIGNED_CONTEXT ( ( #930 ) ) GLOBAL_UNIT_ASSIGNED_CONTEXT ( ( #63, #371, #1288 ) ) REPRESENTATION_CONTEXT ( 'NONE', 'WORKASPACE' ) );
#210 = ADVANCED_FACE ( 'NONE', ( #861 ), #1462, .T. ) ;
#211 = SURFACE_STYLE_USAGE ( .BOTH. , #1104 ) ;
#212 = SHAPE_REPRESENTATION ( 'Pogo_E2', ( #245 ), #458 ) ;
#213 = FILL_AREA_STYLE_COLOUR ( '', #1242 ) ;
#214 = DIRECTION ( 'NONE',  ( 0.0000000000000000000, 0.0000000000000000000, -1.000000000000000000 ) ) ;
#215 = ORIENTED_EDGE ( 'NONE', *, *, #587, .T. ) ;
#216 = DIRECTION ( 'NONE',  ( 0.0000000000000000000, 1.000000000000000000, 0.0000000000000000000 ) ) ;
#217 = PRESENTATION_STYLE_ASSIGNMENT (( #1701 ) ) ;
#218 = LINE ( 'NONE', #953, #1561 ) ;
#219 = CARTESIAN_POINT ( 'NONE',  ( 0.5899999999999970823, 7.225416114969348202E-17, 16.51755731840500019 ) ) ;
#220 = CARTESIAN_POINT ( 'NONE',  ( -0.6762052006810652660, 1.352410401362130310, 16.57141016581359239 ) ) ;
#221 = PRESENTATION_STYLE_ASSIGNMENT (( #1439 ) ) ;
#222 = EDGE_CURVE ( 'NONE', #1347, #1101, #1491, .T. ) ;
#223 = FACE_OUTER_BOUND ( 'NONE', #1045, .T. ) ;
#224 = UNCERTAINTY_MEASURE_WITH_UNIT (LENGTH_MEASURE( 1.000000000000000082E-05 ), #312, 'distance_accuracy_value', 'NONE');
#225 = ORIENTED_EDGE ( 'NONE', *, *, #831, .F. ) ;
#226 = DIRECTION ( 'NONE',  ( -1.000000000000000000, 0.0000000000000000000, 0.0000000000000000000 ) ) ;
#227 = CARTESIAN_POINT ( 'NONE',  ( 0.6300000000000000044, 7.715274834628325378E-17, 16.54912761369880059 ) ) ;
#228 = CARTESIAN_POINT ( 'NONE',  ( 0.6249878019021641862, 7.653893111056253883E-17, 16.69790141904440617 ) ) ;
#229 = DIRECTION ( 'NONE',  ( 0.0000000000000000000, 1.000000000000000000, 0.0000000000000000000 ) ) ;
#230 = ADVANCED_FACE ( 'NONE', ( #1933 ), #449, .F. ) ;
#231 = CARTESIAN_POINT ( 'NONE',  ( -0.2121618818531890993, 0.6183030761038337264, 0.1805913072838289113 ) ) ;
#232 = VERTEX_POINT ( 'NONE', #1090 ) ;
#233 = SURFACE_STYLE_USAGE ( .BOTH. , #1760 ) ;
#234 = SHAPE_DEFINITION_REPRESENTATION ( #1055, #318 ) ;
#235 = STYLED_ITEM ( 'NONE', ( #706 ), #1099 ) ;
#236 = VECTOR ( 'NONE', #1281, 999.9999999999998863 ) ;
#237 = CARTESIAN_POINT ( 'NONE',  ( -0.6097542393473688316, 0.0000000000000000000, 16.67885946585090196 ) ) ;
#238 =( NAMED_UNIT ( * ) PLANE_ANGLE_UNIT ( ) SI_UNIT ( $, .RADIAN. ) );
#239 = VECTOR ( 'NONE', #1035, 1000.000000000000000 ) ;
#240 = CARTESIAN_POINT ( 'NONE',  ( 0.6249878019228112258, -1.249975603845621785, 16.63543191426318302 ) ) ;
#241 = PRESENTATION_LAYER_ASSIGNMENT (  '', '', ( #1308 ) ) ;
#242 =( NAMED_UNIT ( * ) PLANE_ANGLE_UNIT ( ) SI_UNIT ( $, .RADIAN. ) );
#243 = ORIENTED_EDGE ( 'NONE', *, *, #1651, .T. ) ;
#244 = CARTESIAN_POINT ( 'NONE',  ( -0.5097315657080075946, -1.248482260737360775E-16, 16.69790141906347714 ) ) ;
#245 = AXIS2_PLACEMENT_3D ( 'NONE', #1403, #1863, #190 ) ;
#246 = ADVANCED_FACE ( 'NONE', ( #1700 ), #796, .F. ) ;
#247 = SURFACE_SIDE_STYLE ('',( #255 ) ) ;
#248 = CARTESIAN_POINT ( 'NONE',  ( 0.6097542393554286067, 7.467335774931548360E-17, 16.65447386744662595 ) ) ;
#249 = FILL_AREA_STYLE ('',( #1670 ) ) ;
#250 = EDGE_LOOP ( 'NONE', ( #1679, #752, #134, #1130 ) ) ;
#251 = DIRECTION ( 'NONE',  ( -1.000000000000000000, 0.0000000000000000000, 0.0000000000000000000 ) ) ;
#252 = DIRECTION ( 'NONE',  ( 0.0000000000000000000, 1.000000000000000000, 0.0000000000000000000 ) ) ;
#253 = PRODUCT_DEFINITION_SHAPE ( 'NONE', 'NONE',  #1334 ) ;
#254 = EDGE_CURVE ( 'NONE', #38, #1903, #359, .T. ) ;
#255 = SURFACE_STYLE_FILL_AREA ( #274 ) ;
#256 = SURFACE_STYLE_USAGE ( .BOTH. , #1636 ) ;
#257 = FACE_OUTER_BOUND ( 'NONE', #580, .T. ) ;
#258 = UNCERTAINTY_MEASURE_WITH_UNIT (LENGTH_MEASURE( 1.000000000000000082E-05 ), #1715, 'distance_accuracy_value', 'NONE');
#259 = VERTEX_POINT ( 'NONE', #1532 ) ;
#260 =( NAMED_UNIT ( * ) SI_UNIT ( $, .STERADIAN. ) SOLID_ANGLE_UNIT ( ) );
#261 = DIRECTION ( 'NONE',  ( 0.0000000000000000000, 0.0000000000000000000, -1.000000000000000000 ) ) ;
#262 = DIRECTION ( 'NONE',  ( 1.000000000000000000, 0.0000000000000000000, 0.0000000000000000000 ) ) ;
#263 = MECHANICAL_DESIGN_GEOMETRIC_PRESENTATION_REPRESENTATION (  '', ( #792 ), #1360 ) ;
#264 = MECHANICAL_DESIGN_GEOMETRIC_PRESENTATION_REPRESENTATION (  '', ( #926 ), #141 ) ;
#265 =( REPRESENTATION_RELATIONSHIP ('NONE','NONE', #1348, #318 ) REPRESENTATION_RELATIONSHIP_WITH_TRANSFORMATION ( #1568 )SHAPE_REPRESENTATION_RELATIONSHIP( ) );
#266 = AXIS2_PLACEMENT_3D ( 'NONE', #1887, #529, #704 ) ;
#267 = SURFACE_STYLE_FILL_AREA ( #1765 ) ;
#268 = DIRECTION ( 'NONE',  ( -0.6246950470546007717, 0.0000000000000000000, -0.7808688098428891999 ) ) ;
#269 = STYLED_ITEM ( 'NONE', ( #628 ), #1401 ) ;
#270 = AXIS2_PLACEMENT_3D ( 'NONE', #208, #129, #1787 ) ;
#271 = ORIENTED_EDGE ( 'NONE', *, *, #479, .T. ) ;
#272 =( GEOMETRIC_REPRESENTATION_CONTEXT ( 3 ) GLOBAL_UNCERTAINTY_ASSIGNED_CONTEXT ( ( #1278 ) ) GLOBAL_UNIT_ASSIGNED_CONTEXT ( ( #857, #242, #1757 ) ) REPRESENTATION_CONTEXT ( 'NONE', 'WORKASPACE' ) );
#273 = EDGE_LOOP ( 'NONE', ( #379, #27, #1931, #776 ) ) ;
#274 = FILL_AREA_STYLE ('',( #563 ) ) ;
#275 = CARTESIAN_POINT ( 'NONE',  ( 0.4944980031864202874, 6.055853967870073345E-17, 16.67885946589175106 ) ) ;
#276 =( NAMED_UNIT ( * ) PLANE_ANGLE_UNIT ( ) SI_UNIT ( $, .RADIAN. ) );
#277 = FILL_AREA_STYLE_COLOUR ( '', #1851 ) ;
#278 = UNCERTAINTY_MEASURE_WITH_UNIT (LENGTH_MEASURE( 1.000000000000000082E-05 ), #1528, 'distance_accuracy_value', 'NONE');
#279 = CARTESIAN_POINT ( 'NONE',  ( -0.5790434404776445554, 7.091236959482183011E-17, 16.78454126258667500 ) ) ;
#280 = EDGE_CURVE ( 'NONE', #1903, #1797, #185, .T. ) ;
#281 = ORIENTED_EDGE ( 'NONE', *, *, #1070, .T. ) ;
#282 = SURFACE_SIDE_STYLE ('',( #1641 ) ) ;
#283 = SURFACE_STYLE_USAGE ( .BOTH. , #1634 ) ;
#284 = CARTESIAN_POINT ( 'NONE',  ( -0.7500000000959516910, 0.0000000000000000000, 1.249999999913598003 ) ) ;
#285 = DIRECTION ( 'NONE',  ( 0.6246950473578336549, 7.650307901899752429E-17, -0.7808688096003028045 ) ) ;
#286 =( NAMED_UNIT ( * ) SI_UNIT ( $, .STERADIAN. ) SOLID_ANGLE_UNIT ( ) );
#287 = SURFACE_STYLE_USAGE ( .BOTH. , #1478 ) ;
#288 = ORIENTED_EDGE ( 'NONE', *, *, #423, .T. ) ;
#289 = CARTESIAN_POINT ( 'NONE',  ( -0.5899999999999991918, 1.179999999999998161, 16.80431160486435971 ) ) ;
#290 =( LENGTH_UNIT ( ) NAMED_UNIT ( * ) SI_UNIT ( .MILLI., .METRE. ) );
#291 = AXIS2_PLACEMENT_3D ( 'NONE', #746, #629, #760 ) ;
#292 = AXIS2_PLACEMENT_3D ( 'NONE', #892, #1928, #1779 ) ;
#293 =( NAMED_UNIT ( * ) SI_UNIT ( $, .STERADIAN. ) SOLID_ANGLE_UNIT ( ) );
#294 = AXIS2_PLACEMENT_3D ( 'NONE', #1908, #1837, #925 ) ;
#295 = EDGE_LOOP ( 'NONE', ( #1107, #882, #182, #1271 ) ) ;
#296 = STYLED_ITEM ( 'NONE', ( #817 ), #625 ) ;
#297 = CARTESIAN_POINT ( 'NONE',  ( 0.5899999999999990807, 7.225416114969372854E-17, 16.81577601495209962 ) ) ;
#298 = AXIS2_PLACEMENT_3D ( 'NONE', #1123, #1419, #1870 ) ;
#299 = AXIS2_PLACEMENT_3D ( 'NONE', #345, #1667, #918 ) ;
#300 = CARTESIAN_POINT ( 'NONE',  ( -0.6875379127894134523, 0.2207040978617665072, 0.1131249101248856526 ) ) ;
#301 = SURFACE_STYLE_USAGE ( .BOTH. , #1224 ) ;
#302 = CARTESIAN_POINT ( 'NONE',  ( 0.0000000000000000000, 0.0000000000000000000, 0.0000000000000000000 ) ) ;
#303 = SURFACE_STYLE_USAGE ( .BOTH. , #447 ) ;
#304 = CARTESIAN_POINT ( 'NONE',  ( 0.0000000000000000000, 0.0000000000000000000, 16.54879207080739434 ) ) ;
#305 = DIRECTION ( 'NONE',  ( 0.0000000000000000000, 0.0000000000000000000, -1.000000000000000000 ) ) ;
#306 = ORIENTED_EDGE ( 'NONE', *, *, #128, .T. ) ;
#307 = SURFACE_SIDE_STYLE ('',( #775 ) ) ;
#308 = ORIENTED_EDGE ( 'NONE', *, *, #1480, .F. ) ;
#309 = DIRECTION ( 'NONE',  ( -1.000000000000000000, 0.0000000000000000000, 0.0000000000000000000 ) ) ;
#310 = EDGE_CURVE ( 'NONE', #765, #1539, #514, .T. ) ;
#311 = DIRECTION ( 'NONE',  ( -1.000000000000000000, 0.0000000000000000000, 0.0000000000000000000 ) ) ;
#312 =( LENGTH_UNIT ( ) NAMED_UNIT ( * ) SI_UNIT ( .MILLI., .METRE. ) );
#313 = DIRECTION ( 'NONE',  ( 0.0000000000000000000, 1.000000000000000000, 0.0000000000000000000 ) ) ;
#314 = FILL_AREA_STYLE_COLOUR ( '', #1397 ) ;
#315 = ORIENTED_EDGE ( 'NONE', *, *, #587, .F. ) ;
#316 = CARTESIAN_POINT ( 'NONE',  ( 0.5899999999999991918, -1.179999999999998161, 16.80431160486435971 ) ) ;
#317 = CARTESIAN_POINT ( 'NONE',  ( -0.6690434405035204923, 1.338086881007040763, 16.75297096729608626 ) ) ;
#318 = SHAPE_REPRESENTATION ( 'Pogo_Base', ( #245 ), #687 ) ;
#319 = FACE_OUTER_BOUND ( 'NONE', #184, .T. ) ;
#320 = CLOSED_SHELL ( 'NONE', ( #625, #116, #1615, #870 ) ) ;
#321 = FILL_AREA_STYLE_COLOUR ( '', #644 ) ;
#322 = FACE_OUTER_BOUND ( 'NONE', #755, .T. ) ;
#323 = PRESENTATION_LAYER_ASSIGNMENT (  '', '', ( #926 ) ) ;
#324 = CIRCLE ( 'NONE', #1428, 0.05000000000000002359 ) ;
#325 =( LENGTH_UNIT ( ) NAMED_UNIT ( * ) SI_UNIT ( .MILLI., .METRE. ) );
#326 = AXIS2_PLACEMENT_3D ( 'NONE', #1373, #346, #21 ) ;
#327 = VERTEX_POINT ( 'NONE', #1845 ) ;
#328 = DIRECTION ( 'NONE',  ( -1.000000000000000000, 0.0000000000000000000, 0.0000000000000000000 ) ) ;
#329 = MECHANICAL_DESIGN_GEOMETRIC_PRESENTATION_REPRESENTATION (  '', ( #936 ), #1021 ) ;
#330 = AXIS2_PLACEMENT_3D ( 'NONE', #1569, #1109, #805 ) ;
#331 = CARTESIAN_POINT ( 'NONE',  ( -0.5899999999999989697, 0.0000000000000000000, 16.81577601495209962 ) ) ;
#332 =( GEOMETRIC_REPRESENTATION_CONTEXT ( 3 ) GLOBAL_UNCERTAINTY_ASSIGNED_CONTEXT ( ( #106 ) ) GLOBAL_UNIT_ASSIGNED_CONTEXT ( ( #1017, #1329, #1644 ) ) REPRESENTATION_CONTEXT ( 'NONE', 'WORKASPACE' ) );
#333 = PRODUCT_DEFINITION_CONTEXT ( 'detailed design', #517, 'design' ) ;
#334 =( NAMED_UNIT ( * ) SI_UNIT ( $, .STERADIAN. ) SOLID_ANGLE_UNIT ( ) );
#335 = UNCERTAINTY_MEASURE_WITH_UNIT (LENGTH_MEASURE( 1.000000000000000082E-05 ), #1754, 'distance_accuracy_value', 'NONE');
#336 = LINE ( 'NONE', #751, #710 ) ;
#337 =( NAMED_UNIT ( * ) SI_UNIT ( $, .STERADIAN. ) SOLID_ANGLE_UNIT ( ) );
#338 = ORIENTED_EDGE ( 'NONE', *, *, #1471, .F. ) ;
#339 = PRESENTATION_STYLE_ASSIGNMENT (( #1857 ) ) ;
#340 = EDGE_LOOP ( 'NONE', ( #610, #243, #858, #689 ) ) ;
#341 =( NAMED_UNIT ( * ) SI_UNIT ( $, .STERADIAN. ) SOLID_ANGLE_UNIT ( ) );
#342 = FILL_AREA_STYLE ('',( #803 ) ) ;
#343 = CARTESIAN_POINT ( 'NONE',  ( 0.0000000000000000000, 0.0000000000000000000, 25.00000000000000000 ) ) ;
#344 = SURFACE_STYLE_USAGE ( .BOTH. , #1199 ) ;
#345 = CARTESIAN_POINT ( 'NONE',  ( 0.0000000000000000000, 0.0000000000000000000, 0.0000000000000000000 ) ) ;
#346 = DIRECTION ( 'NONE',  ( 1.224646799147353207E-16, -1.000000000000000000, 0.0000000000000000000 ) ) ;
#347 = ORIENTED_EDGE ( 'NONE', *, *, #457, .T. ) ;
#348 = DIRECTION ( 'NONE',  ( 0.0000000000000000000, 0.0000000000000000000, -1.000000000000000000 ) ) ;
#349 = EDGE_CURVE ( 'NONE', #1089, #473, #696, .T. ) ;
#350 =( NAMED_UNIT ( * ) PLANE_ANGLE_UNIT ( ) SI_UNIT ( $, .RADIAN. ) );
#351 = CARTESIAN_POINT ( 'NONE',  ( 0.0000000000000000000, 0.0000000000000000000, 16.69790141909288650 ) ) ;
#352 = SURFACE_STYLE_USAGE ( .BOTH. , #1712 ) ;
#353 = LINE ( 'NONE', #1402, #929 ) ;
#354 = SHAPE_REPRESENTATION_RELATIONSHIP ( 'NONE' , 'NONE' ,  #212, #1446 ) ;
#355 = CARTESIAN_POINT ( 'NONE',  ( -0.6690434405300038634, 8.193419079356017880E-17, 16.75297096727490498 ) ) ;
#356 = DIRECTION ( 'NONE',  ( -1.000000000000000000, 0.0000000000000000000, -0.0000000000000000000 ) ) ;
#357 = STYLED_ITEM ( 'NONE', ( #155 ), #883 ) ;
#358 = EDGE_LOOP ( 'NONE', ( #1730, #1518, #560, #410 ) ) ;
#359 = CIRCLE ( 'NONE', #1686, 0.5899999999999989697 ) ;
#360 = AXIS2_PLACEMENT_3D ( 'NONE', #1197, #601, #1819 ) ;
#361 = COLOUR_RGB ( '',0.7960784313725489669, 0.6039215686274509443, 0.2313725490196078538 ) ;
#362 =( GEOMETRIC_REPRESENTATION_CONTEXT ( 3 ) GLOBAL_UNCERTAINTY_ASSIGNED_CONTEXT ( ( #974 ) ) GLOBAL_UNIT_ASSIGNED_CONTEXT ( ( #1326, #1947, #406 ) ) REPRESENTATION_CONTEXT ( 'NONE', 'WORKASPACE' ) );
#363 = AXIS2_PLACEMENT_3D ( 'NONE', #1390, #1950, #178 ) ;
#364 = STYLED_ITEM ( 'NONE', ( #1927 ), #1571 ) ;
#365 = ADVANCED_FACE ( 'NONE', ( #550 ), #1739, .T. ) ;
#366 = CARTESIAN_POINT ( 'NONE',  ( -0.6249878019228110038, 0.0000000000000000000, 16.63543191426318657 ) ) ;
#367 = MECHANICAL_DESIGN_GEOMETRIC_PRESENTATION_REPRESENTATION (  '', ( #1246 ), #332 ) ;
#368 = APPLICATION_CONTEXT ( 'automotive_design' ) ;
#369 = PRESENTATION_STYLE_ASSIGNMENT (( #507 ) ) ;
#370 = DIRECTION ( 'NONE',  ( -1.000000000000000000, 0.0000000000000000000, 0.0000000000000000000 ) ) ;
#371 =( NAMED_UNIT ( * ) PLANE_ANGLE_UNIT ( ) SI_UNIT ( $, .RADIAN. ) );
#372 = ORIENTED_EDGE ( 'NONE', *, *, #75, .F. ) ;
#373 =( NAMED_UNIT ( * ) SI_UNIT ( $, .STERADIAN. ) SOLID_ANGLE_UNIT ( ) );
#374 = FILL_AREA_STYLE ('',( #1218 ) ) ;
#375 = CARTESIAN_POINT ( 'NONE',  ( 0.5899999999999969713, 1.179999999999993943, 16.51755731840500019 ) ) ;
#376 = EDGE_CURVE ( 'NONE', #765, #623, #483, .T. ) ;
#377 = SURFACE_STYLE_USAGE ( .BOTH. , #70 ) ;
#378 = UNCERTAINTY_MEASURE_WITH_UNIT (LENGTH_MEASURE( 1.000000000000000082E-05 ), #1108, 'distance_accuracy_value', 'NONE');
#379 = ORIENTED_EDGE ( 'NONE', *, *, #1554, .F. ) ;
#380 = CARTESIAN_POINT ( 'NONE',  ( 0.4944980031864204539, -0.9889960063728402417, 16.67885946589175106 ) ) ;
#381 = FILL_AREA_STYLE_COLOUR ( '', #1148 ) ;
#382 =( LENGTH_UNIT ( ) NAMED_UNIT ( * ) SI_UNIT ( .MILLI., .METRE. ) );
#383 =( LENGTH_UNIT ( ) NAMED_UNIT ( * ) SI_UNIT ( .MILLI., .METRE. ) );
#384 = PRODUCT_DEFINITION ( 'UNKNOWN', '', #1276, #1511 ) ;
#385 =( NAMED_UNIT ( * ) SI_UNIT ( $, .STERADIAN. ) SOLID_ANGLE_UNIT ( ) );
#386 = DIRECTION ( 'NONE',  ( -1.000000000000000000, 0.0000000000000000000, 0.0000000000000000000 ) ) ;
#387 = EDGE_CURVE ( 'NONE', #984, #1395, #113, .T. ) ;
#388 = ORIENTED_EDGE ( 'NONE', *, *, #404, .T. ) ;
#389 = CARTESIAN_POINT ( 'NONE',  ( 0.5862052006789507663, -1.172410401357900867, 16.53983987052587779 ) ) ;
#390 = MECHANICAL_DESIGN_GEOMETRIC_PRESENTATION_REPRESENTATION (  '', ( #1935 ), #142 ) ;
#391 = SURFACE_STYLE_USAGE ( .BOTH. , #1262 ) ;
#392 = COLOUR_RGB ( '',0.7960784313725489669, 0.6039215686274509443, 0.2313725490196078538 ) ;
#393 = MECHANICAL_DESIGN_GEOMETRIC_PRESENTATION_REPRESENTATION (  '', ( #1237 ), #1812 ) ;
#394 = PRESENTATION_LAYER_ASSIGNMENT (  '', '', ( #1817 ) ) ;
#395 = AXIS2_PLACEMENT_3D ( 'NONE', #1226, #1352, #478 ) ;
#396 =( GEOMETRIC_REPRESENTATION_CONTEXT ( 3 ) GLOBAL_UNCERTAINTY_ASSIGNED_CONTEXT ( ( #1901 ) ) GLOBAL_UNIT_ASSIGNED_CONTEXT ( ( #1643, #140, #286 ) ) REPRESENTATION_CONTEXT ( 'NONE', 'WORKASPACE' ) );
#397 = CARTESIAN_POINT ( 'NONE',  ( 0.6799999999999999378, 8.327598234202003091E-17, 16.56059202378942885 ) ) ;
#398 = DIRECTION ( 'NONE',  ( -1.000000000000000000, 0.0000000000000000000, 0.0000000000000000000 ) ) ;
#399 = UNCERTAINTY_MEASURE_WITH_UNIT (LENGTH_MEASURE( 1.000000000000000082E-05 ), #1485, 'distance_accuracy_value', 'NONE');
#400 = PRESENTATION_LAYER_ASSIGNMENT (  '', '', ( #1246 ) ) ;
#401 = ORIENTED_EDGE ( 'NONE', *, *, #961, .T. ) ;
#402 = PRESENTATION_LAYER_ASSIGNMENT (  '', '', ( #1697 ) ) ;
#403 = CARTESIAN_POINT ( 'NONE',  ( 0.5862052006789503222, 7.178943226550086058E-17, 16.53983987052587779 ) ) ;
#404 = EDGE_CURVE ( 'NONE', #462, #1385, #606, .T. ) ;
#405 = DIRECTION ( 'NONE',  ( 0.0000000000000000000, 0.0000000000000000000, -1.000000000000000000 ) ) ;
#406 =( NAMED_UNIT ( * ) SI_UNIT ( $, .STERADIAN. ) SOLID_ANGLE_UNIT ( ) );
#407 = APPLICATION_PROTOCOL_DEFINITION ( 'draft international standard', 'automotive_design', 1998, #672 ) ;
#408 = LINE ( 'NONE', #1469, #1497 ) ;
#409 = PRESENTATION_STYLE_ASSIGNMENT (( #1114 ) ) ;
#410 = ORIENTED_EDGE ( 'NONE', *, *, #657, .F. ) ;
#411 = FILL_AREA_STYLE ('',( #789 ) ) ;
#412 = APPLICATION_PROTOCOL_DEFINITION ( 'draft international standard', 'automotive_design', 1998, #517 ) ;
#413 = CARTESIAN_POINT ( 'NONE',  ( 0.6799999999999990496, 8.327598234201990765E-17, 20.88333333333330089 ) ) ;
#414 = CARTESIAN_POINT ( 'NONE',  ( 0.4944980031864201209, 0.9889960063728402417, 16.67885946589175106 ) ) ;
#415 = DIRECTION ( 'NONE',  ( 1.000000000000000000, 0.0000000000000000000, 0.0000000000000000000 ) ) ;
#416 = FILL_AREA_STYLE_COLOUR ( '', #430 ) ;
#417 = EDGE_LOOP ( 'NONE', ( #315, #1222, #429, #1632 ) ) ;
#418 = CARTESIAN_POINT ( 'NONE',  ( 0.0000000000000000000, 0.0000000000000000000, 16.78420571963459906 ) ) ;
#419 =( LENGTH_UNIT ( ) NAMED_UNIT ( * ) SI_UNIT ( .MILLI., .METRE. ) );
#420 = PRESENTATION_LAYER_ASSIGNMENT (  '', '', ( #1263 ) ) ;
#421 = MECHANICAL_DESIGN_GEOMETRIC_PRESENTATION_REPRESENTATION (  '', ( #759 ), #1811 ) ;
#422 = CARTESIAN_POINT ( 'NONE',  ( 0.0000000000000000000, 0.0000000000000000000, 8.377235761934519687 ) ) ;
#423 = EDGE_CURVE ( 'NONE', #1089, #108, #1152, .T. ) ;
#424 = CIRCLE ( 'NONE', #1180, 0.05000000000000002359 ) ;
#425 = AXIS2_PLACEMENT_3D ( 'NONE', #418, #1019, #1622 ) ;
#426 = CARTESIAN_POINT ( 'NONE',  ( 0.5097315657080074836, 1.019463131416014967, 16.69790141906347714 ) ) ;
#427 = CARTESIAN_POINT ( 'NONE',  ( -0.5097315656712453347, 6.666824131359388901E-17, 16.69790141909288650 ) ) ;
#428 = DIRECTION ( 'NONE',  ( 0.0000000000000000000, 0.0000000000000000000, -1.000000000000000000 ) ) ;
#429 = ORIENTED_EDGE ( 'NONE', *, *, #769, .T. ) ;
#430 = COLOUR_RGB ( '',0.7450980392156862919, 0.7372549019607843590, 0.7294117647058823151 ) ;
#431 = FILL_AREA_STYLE_COLOUR ( '', #119 ) ;
#432 = STYLED_ITEM ( 'NONE', ( #87 ), #62 ) ;
#433 = SURFACE_STYLE_FILL_AREA ( #1788 ) ;
#434 =( NAMED_UNIT ( * ) PLANE_ANGLE_UNIT ( ) SI_UNIT ( $, .RADIAN. ) );
#435 = UNCERTAINTY_MEASURE_WITH_UNIT (LENGTH_MEASURE( 1.000000000000000082E-05 ), #671, 'distance_accuracy_value', 'NONE');
#436 = VERTEX_POINT ( 'NONE', #1737 ) ;
#437 = CARTESIAN_POINT ( 'NONE',  ( 0.6690434405035204923, 8.193419079031691278E-17, 16.75297096729608981 ) ) ;
#438 = CARTESIAN_POINT ( 'NONE',  ( 0.5790434404802922153, 7.091236959514607659E-17, 16.78454126258455403 ) ) ;
#439 = CARTESIAN_POINT ( 'NONE',  ( -0.4944980031850769175, 0.0000000000000000000, 16.65447386752522974 ) ) ;
#440 = DIRECTION ( 'NONE',  ( 1.000000000000000000, 0.0000000000000000000, 0.0000000000000000000 ) ) ;
#441 = SURFACE_STYLE_FILL_AREA ( #1192 ) ;
#442 = CARTESIAN_POINT ( 'NONE',  ( -0.6690434404751877118, -1.338086880950376090, 16.58036236607272329 ) ) ;
#443 = ORIENTED_EDGE ( 'NONE', *, *, #1445, .T. ) ;
#444 = ADVANCED_FACE ( 'NONE', ( #1301 ), #1181, .T. ) ;
#445 = CARTESIAN_POINT ( 'NONE',  ( -0.6799999999999992717, -1.665519646840398399E-16, 16.77274130955998643 ) ) ;
#446 = CARTESIAN_POINT ( 'NONE',  ( 0.6799999999999990496, 8.327598234201990765E-17, 25.00000000000000000 ) ) ;
#447 = SURFACE_SIDE_STYLE ('',( #188 ) ) ;
#448 = AXIS2_PLACEMENT_3D ( 'NONE', #1062, #1693, #313 ) ;
#449 = CONICAL_SURFACE ( 'NONE', #732, 0.5790434404957522929, 0.6747409415834660917 ) ;
#450 = FILL_AREA_STYLE_COLOUR ( '', #795 ) ;
#451 = LINE ( 'NONE', #1631, #1405 ) ;
#452 = PRESENTATION_LAYER_ASSIGNMENT (  '', '', ( #1429 ) ) ;
#453 = EDGE_LOOP ( 'NONE', ( #1472, #443, #799, #1833 ) ) ;
#454 = CARTESIAN_POINT ( 'NONE',  ( 0.6097542393473689426, -1.219508478694737441, 16.67885946585089840 ) ) ;
#455 = CARTESIAN_POINT ( 'NONE',  ( 0.6799999999999992717, -1.359999999999997877, 16.77274130955998643 ) ) ;
#456 = VERTEX_POINT ( 'NONE', #1314 ) ;
#457 = EDGE_CURVE ( 'NONE', #327, #1662, #1722, .T. ) ;
#458 =( GEOMETRIC_REPRESENTATION_CONTEXT ( 3 ) GLOBAL_UNCERTAINTY_ASSIGNED_CONTEXT ( ( #335 ) ) GLOBAL_UNIT_ASSIGNED_CONTEXT ( ( #1754, #845, #700 ) ) REPRESENTATION_CONTEXT ( 'NONE', 'WORKASPACE' ) );
#459 = CARTESIAN_POINT ( 'NONE',  ( 0.0000000000000000000, 0.0000000000000000000, 8.349999999999999645 ) ) ;
#460 = PRESENTATION_STYLE_ASSIGNMENT (( #25 ) ) ;
#461 =( LENGTH_UNIT ( ) NAMED_UNIT ( * ) SI_UNIT ( .MILLI., .METRE. ) );
#462 = VERTEX_POINT ( 'NONE', #874 ) ;
#463 = PRESENTATION_STYLE_ASSIGNMENT (( #1057 ) ) ;
#464 =( LENGTH_UNIT ( ) NAMED_UNIT ( * ) SI_UNIT ( .MILLI., .METRE. ) );
#465 = ORIENTED_EDGE ( 'NONE', *, *, #519, .F. ) ;
#466 = PRODUCT_RELATED_PRODUCT_CATEGORY ( 'part', '', ( #1914 ) ) ;
#467 =( NAMED_UNIT ( * ) PLANE_ANGLE_UNIT ( ) SI_UNIT ( $, .RADIAN. ) );
#468 = ADVANCED_FACE ( 'NONE', ( #632 ), #1516, .T. ) ;
#469 = CARTESIAN_POINT ( 'NONE',  ( -0.5899999999999969713, 0.0000000000000000000, 0.2193751525134280400 ) ) ;
#470 =( BOUNDED_SURFACE ( )  B_SPLINE_SURFACE ( 3, 3, ( 
 ( #584, #1169, #123, #438 ),
 ( #1798, #147, #1350, #1316 ),
 ( #569, #289, #1943, #1664 ),
 ( #720, #749, #744, #297 ) ),
 .UNSPECIFIED., .F., .F., .T. ) 
 B_SPLINE_SURFACE_WITH_KNOTS ( ( 4, 4 ),
 ( 4, 4 ),
 ( 0.0000000000000000000, 1.000000000000000000 ),
 ( 0.0000000000000000000, 1.000000000000000000 ),
 .UNSPECIFIED. ) 
 GEOMETRIC_REPRESENTATION_ITEM ( )  RATIONAL_B_SPLINE_SURFACE ( (
 ( 1.000000000000000000, 0.3333333333333334259, 0.3333333333333334259, 1.000000000000000000),
 ( 0.9624188794690387017, 0.3208062931563463449, 0.3208062931563463449, 0.9624188794690387017),
 ( 0.9624188794690387017, 0.3208062931563463449, 0.3208062931563463449, 0.9624188794690387017),
 ( 1.000000000000000000, 0.3333333333333334259, 0.3333333333333334259, 1.000000000000000000) ) ) 
 REPRESENTATION_ITEM ( '' )  SURFACE ( )  );
#471 = UNCERTAINTY_MEASURE_WITH_UNIT (LENGTH_MEASURE( 1.000000000000000082E-05 ), #122, 'distance_accuracy_value', 'NONE');
#472 = SURFACE_STYLE_FILL_AREA ( #1822 ) ;
#473 = VERTEX_POINT ( 'NONE', #1200 ) ;
#474 = FILL_AREA_STYLE_COLOUR ( '', #1590 ) ;
#475 = DIRECTION ( 'NONE',  ( -1.000000000000000000, 0.0000000000000000000, 0.0000000000000000000 ) ) ;
#476 = CARTESIAN_POINT ( 'NONE',  ( 0.6799999999999988276, 1.359999999999997877, 16.78420571963459906 ) ) ;
#477 =( NAMED_UNIT ( * ) PLANE_ANGLE_UNIT ( ) SI_UNIT ( $, .RADIAN. ) );
#478 = DIRECTION ( 'NONE',  ( 1.000000000000000000, 0.0000000000000000000, -0.0000000000000000000 ) ) ;
#479 = EDGE_CURVE ( 'NONE', #1662, #327, #1206, .T. ) ;
#480 = AXIS2_PLACEMENT_3D ( 'NONE', #65, #1163, #1606 ) ;
#481 = ORIENTED_EDGE ( 'NONE', *, *, #1926, .T. ) ;
#482 = DIRECTION ( 'NONE',  ( -1.000000000000000000, 0.0000000000000000000, 0.0000000000000000000 ) ) ;
#483 = CIRCLE ( 'NONE', #679, 0.05000000000000002359 ) ;
#484 = ORIENTED_EDGE ( 'NONE', *, *, #1471, .T. ) ;
#485 = CIRCLE ( 'NONE', #543, 0.7500000000000000000 ) ;
#486 = MECHANICAL_DESIGN_GEOMETRIC_PRESENTATION_REPRESENTATION (  '', ( #901 ), #970 ) ;
#487 = CONICAL_SURFACE ( 'NONE', #270, 0.7500000000959516910, 0.7853981633974482790 ) ;
#488 = SURFACE_STYLE_FILL_AREA ( #1389 ) ;
#489 = CARTESIAN_POINT ( 'NONE',  ( 0.0000000000000000000, 0.0000000000000000000, 1.249999999913598003 ) ) ;
#490 = STYLED_ITEM ( 'NONE', ( #170 ), #1792 ) ;
#491 = SURFACE_STYLE_FILL_AREA ( #908 ) ;
#492 = CARTESIAN_POINT ( 'NONE',  ( 0.0000000000000000000, 0.0000000000000000000, 0.0000000000000000000 ) ) ;
#493 = DIRECTION ( 'NONE',  ( 0.0000000000000000000, 0.0000000000000000000, -1.000000000000000000 ) ) ;
#494 = ORIENTED_EDGE ( 'NONE', *, *, #349, .F. ) ;
#495 = SURFACE_STYLE_FILL_AREA ( #1517 ) ;
#496 = ORIENTED_EDGE ( 'NONE', *, *, #1856, .F. ) ;
#497 = FILL_AREA_STYLE ('',( #1255 ) ) ;
#498 = CARTESIAN_POINT ( 'NONE',  ( -0.5899999999999971934, -1.445083222993869887E-16, 16.52902172849894313 ) ) ;
#499 =( LENGTH_UNIT ( ) NAMED_UNIT ( * ) SI_UNIT ( .MILLI., .METRE. ) );
#500 = CARTESIAN_POINT ( 'NONE',  ( -0.6800000000000000488, 1.359999999999999876, 16.54912761369880059 ) ) ;
#501 = SURFACE_SIDE_STYLE ('',( #472 ) ) ;
#502 = EDGE_LOOP ( 'NONE', ( #64, #1117, #1479, #1843 ) ) ;
#503 = CARTESIAN_POINT ( 'NONE',  ( -0.5790434404802922153, -1.418247391902921532E-16, 16.78454126258455403 ) ) ;
#504 =( LENGTH_UNIT ( ) NAMED_UNIT ( * ) SI_UNIT ( .MILLI., .METRE. ) );
#505 = CARTESIAN_POINT ( 'NONE',  ( -0.6097542393473688316, 1.219508478694737441, 16.67885946585089840 ) ) ;
#506 = UNCERTAINTY_MEASURE_WITH_UNIT (LENGTH_MEASURE( 1.000000000000000082E-05 ), #1766, 'distance_accuracy_value', 'NONE');
#507 = SURFACE_STYLE_USAGE ( .BOTH. , #1141 ) ;
#508 = FILL_AREA_STYLE ('',( #1426 ) ) ;
#509 = CARTESIAN_POINT ( 'NONE',  ( 0.0000000000000000000, 0.0000000000000000000, 16.69790141904440617 ) ) ;
#510 = UNCERTAINTY_MEASURE_WITH_UNIT (LENGTH_MEASURE( 1.000000000000000082E-05 ), #1889, 'distance_accuracy_value', 'NONE');
#511 = CARTESIAN_POINT ( 'NONE',  ( -0.5966266122727449384, -0.5421139207209640931, 0.3431727948874597756 ) ) ;
#512 = AXIS2_PLACEMENT_3D ( 'NONE', #1037, #111, #1465 ) ;
#513 = ORIENTED_EDGE ( 'NONE', *, *, #1554, .T. ) ;
#514 = CIRCLE ( 'NONE', #1938, 0.6249878019021651854 ) ;
#515 = DIRECTION ( 'NONE',  ( 0.0000000000000000000, 0.0000000000000000000, -1.000000000000000000 ) ) ;
#516 =( GEOMETRIC_REPRESENTATION_CONTEXT ( 3 ) GLOBAL_UNCERTAINTY_ASSIGNED_CONTEXT ( ( #716 ) ) GLOBAL_UNIT_ASSIGNED_CONTEXT ( ( #1850, #1905, #1150 ) ) REPRESENTATION_CONTEXT ( 'NONE', 'WORKASPACE' ) );
#517 = APPLICATION_CONTEXT ( 'automotive_design' ) ;
#518 = PRESENTATION_LAYER_ASSIGNMENT (  '', '', ( #81 ) ) ;
#519 = EDGE_CURVE ( 'NONE', #1385, #462, #544, .T. ) ;
#520 = MECHANICAL_DESIGN_GEOMETRIC_PRESENTATION_REPRESENTATION (  '', ( #269 ), #1241 ) ;
#521 = PRODUCT ( 'Pogo_Vastago', 'Pogo_Vastago', '', ( #1468 ) ) ;
#522 = VECTOR ( 'NONE', #1713, 1000.000000000000000 ) ;
#523 = AXIS2_PLACEMENT_3D ( 'NONE', #645, #1698, #810 ) ;
#524 =( NAMED_UNIT ( * ) SI_UNIT ( $, .STERADIAN. ) SOLID_ANGLE_UNIT ( ) );
#525 = CYLINDRICAL_SURFACE ( 'NONE', #1488, 0.5899999999999969713 ) ;
#526 = STYLED_ITEM ( 'NONE', ( #409 ), #1795 ) ;
#527 = CARTESIAN_POINT ( 'NONE',  ( -0.6249878019228107817, -1.249975603845622230, 16.63543191426318302 ) ) ;
#528 = EDGE_LOOP ( 'NONE', ( #92, #1695, #1066, #1073 ) ) ;
#529 = DIRECTION ( 'NONE',  ( 0.0000000000000000000, 0.0000000000000000000, -1.000000000000000000 ) ) ;
#530 =( NAMED_UNIT ( * ) PLANE_ANGLE_UNIT ( ) SI_UNIT ( $, .RADIAN. ) );
#531 = FACE_OUTER_BOUND ( 'NONE', #1699, .T. ) ;
#532 = FILL_AREA_STYLE ('',( #987 ) ) ;
#533 = UNCERTAINTY_MEASURE_WITH_UNIT (LENGTH_MEASURE( 1.000000000000000082E-05 ), #1407, 'distance_accuracy_value', 'NONE');
#534 = SURFACE_SIDE_STYLE ('',( #1269 ) ) ;
#535 = EDGE_LOOP ( 'NONE', ( #203, #1939, #465, #1357 ) ) ;
#536 =( NAMED_UNIT ( * ) SI_UNIT ( $, .STERADIAN. ) SOLID_ANGLE_UNIT ( ) );
#537 = DIRECTION ( 'NONE',  ( -1.000000000000000000, 0.0000000000000000000, 0.0000000000000000000 ) ) ;
#538 = CARTESIAN_POINT ( 'NONE',  ( 0.6799999999999998268, 1.359999999999999876, 16.54912761369880059 ) ) ;
#539 = EDGE_CURVE ( 'NONE', #1539, #1376, #1238, .T. ) ;
#540 = EDGE_LOOP ( 'NONE', ( #225, #1458, #1289, #1804 ) ) ;
#541 = DIRECTION ( 'NONE',  ( -0.0000000000000000000, -0.0000000000000000000, 1.000000000000000000 ) ) ;
#542 =( GEOMETRIC_REPRESENTATION_CONTEXT ( 3 ) GLOBAL_UNCERTAINTY_ASSIGNED_CONTEXT ( ( #278 ) ) GLOBAL_UNIT_ASSIGNED_CONTEXT ( ( #1528, #151, #385 ) ) REPRESENTATION_CONTEXT ( 'NONE', 'WORKASPACE' ) );
#543 = AXIS2_PLACEMENT_3D ( 'NONE', #1078, #1209, #1380 ) ;
#544 = CIRCLE ( 'NONE', #1911, 0.5899999999999969713 ) ;
#545 = DIRECTION ( 'NONE',  ( 0.0000000000000000000, 0.0000000000000000000, -1.000000000000000000 ) ) ;
#546 = CIRCLE ( 'NONE', #14, 0.6690434404721615769 ) ;
#547 = CARTESIAN_POINT ( 'NONE',  ( -0.6249878019021651854, 7.923656095194312829E-17, 16.69790141904440617 ) ) ;
#548 = SURFACE_STYLE_FILL_AREA ( #99 ) ;
#549 = ORIENTED_EDGE ( 'NONE', *, *, #1236, .F. ) ;
#550 = FACE_OUTER_BOUND ( 'NONE', #340, .T. ) ;
#551 = PRODUCT_DEFINITION_FORMATION_WITH_SPECIFIED_SOURCE ( 'ANY', '', #683, .NOT_KNOWN. ) ;
#552 = EDGE_CURVE ( 'NONE', #589, #259, #833, .T. ) ;
#553 = DIRECTION ( 'NONE',  ( 0.0000000000000000000, 0.0000000000000000000, 1.000000000000000000 ) ) ;
#554 = CONTEXT_DEPENDENT_SHAPE_REPRESENTATION ( #265, #1673 ) ;
#555 = CARTESIAN_POINT ( 'NONE',  ( 0.5790434404776445554, 0.0000000000000000000, 16.78454126258667500 ) ) ;
#556 = CARTESIAN_POINT ( 'NONE',  ( 0.5097315657045657922, 1.019463131409131584, 16.63543191435182678 ) ) ;
#557 = DIRECTION ( 'NONE',  ( 1.000000000000000000, 0.0000000000000000000, 0.0000000000000000000 ) ) ;
#558 = PRESENTATION_STYLE_ASSIGNMENT (( #577 ) ) ;
#559 = LINE ( 'NONE', #1783, #1091 ) ;
#560 = ORIENTED_EDGE ( 'NONE', *, *, #1771, .T. ) ;
#561 = APPLICATION_CONTEXT ( 'automotive_design' ) ;
#562 = ADVANCED_FACE ( 'NONE', ( #1831 ), #1004, .F. ) ;
#563 = FILL_AREA_STYLE_COLOUR ( '', #1782 ) ;
#564 = CARTESIAN_POINT ( 'NONE',  ( 0.5097315657080075946, 6.242411303686802640E-17, 16.69790141906347714 ) ) ;
#565 = CYLINDRICAL_SURFACE ( 'NONE', #801, 0.6800000000000000488 ) ;
#566 = CARTESIAN_POINT ( 'NONE',  ( 0.6690434404751882669, -1.338086880950375868, 16.58036236607272329 ) ) ;
#567 = EDGE_LOOP ( 'NONE', ( #631, #1916 ) ) ;
#568 = CARTESIAN_POINT ( 'NONE',  ( 0.6799999999999992717, 8.327598234201991997E-17, 16.77274130955998643 ) ) ;
#569 = CARTESIAN_POINT ( 'NONE',  ( -0.5899999999999989697, 0.0000000000000000000, 16.80431160486436326 ) ) ;
#570 = COLOUR_RGB ( '',0.7960784313725489669, 0.6039215686274509443, 0.2313725490196078538 ) ;
#571 = CONICAL_SURFACE ( 'NONE', #1907, 0.6690434404390543932, 0.6747409420976732131 ) ;
#572 =( NAMED_UNIT ( * ) PLANE_ANGLE_UNIT ( ) SI_UNIT ( $, .RADIAN. ) );
#573 = COLOUR_RGB ( '',0.7960784313725489669, 0.6039215686274509443, 0.2313725490196078538 ) ;
#574 = MECHANICAL_DESIGN_GEOMETRIC_PRESENTATION_REPRESENTATION (  '', ( #81 ), #995 ) ;
#575 = CARTESIAN_POINT ( 'NONE',  ( -0.4944980031864203429, 0.9889960063728402417, 16.67885946589175106 ) ) ;
#576 =( NAMED_UNIT ( * ) SI_UNIT ( $, .STERADIAN. ) SOLID_ANGLE_UNIT ( ) );
#577 = SURFACE_STYLE_USAGE ( .BOTH. , #1910 ) ;
#578 = AXIS2_PLACEMENT_3D ( 'NONE', #160, #756, #17 ) ;
#579 = AXIS2_PLACEMENT_3D ( 'NONE', #1253, #1743, #386 ) ;
#580 = EDGE_LOOP ( 'NONE', ( #1886, #73, #741, #1531 ) ) ;
#581 = AXIS2_PLACEMENT_3D ( 'NONE', #889, #305, #1193 ) ;
#582 = SURFACE_STYLE_USAGE ( .BOTH. , #282 ) ;
#583 = COLOUR_RGB ( '',0.7921568627450980005, 0.8196078431372548767, 0.9333333333333333481 ) ;
#584 = CARTESIAN_POINT ( 'NONE',  ( -0.5790434404802922153, 0.0000000000000000000, 16.78454126258455403 ) ) ;
#585 = FILL_AREA_STYLE ('',( #131 ) ) ;
#586 = CARTESIAN_POINT ( 'NONE',  ( 0.0000000000000000000, 0.0000000000000000000, 0.2138980571046349977 ) ) ;
#587 = EDGE_CURVE ( 'NONE', #1603, #1777, #1573, .T. ) ;
#588 = DIRECTION ( 'NONE',  ( -0.0000000000000000000, -0.0000000000000000000, 1.000000000000000000 ) ) ;
#589 = VERTEX_POINT ( 'NONE', #89 ) ;
#590 = FACE_OUTER_BOUND ( 'NONE', #1194, .T. ) ;
#591 = DIRECTION ( 'NONE',  ( 0.0000000000000000000, 0.0000000000000000000, -1.000000000000000000 ) ) ;
#592 = PRESENTATION_STYLE_ASSIGNMENT (( #1499 ) ) ;
#593 = FILL_AREA_STYLE_COLOUR ( '', #864 ) ;
#594 = CARTESIAN_POINT ( 'NONE',  ( -0.6799999999999997158, -1.360000000000000098, 16.54912761369880059 ) ) ;
#595 = EDGE_CURVE ( 'NONE', #1101, #1347, #1333, .T. ) ;
#596 = ORIENTED_EDGE ( 'NONE', *, *, #1717, .T. ) ;
#597 = CARTESIAN_POINT ( 'NONE',  ( -0.6799999999999990496, -1.665519646840398153E-16, 16.78420571963459906 ) ) ;
#598 = EDGE_LOOP ( 'NONE', ( #494, #288, #1592, #596 ) ) ;
#599 = FILL_AREA_STYLE ('',( #1952 ) ) ;
#600 = CARTESIAN_POINT ( 'NONE',  ( -0.6875379127894135634, 0.6127281570767415531, 0.3160000743232634912 ) ) ;
#601 = DIRECTION ( 'NONE',  ( 0.0000000000000000000, 0.0000000000000000000, 1.000000000000000000 ) ) ;
#602 = MECHANICAL_DESIGN_GEOMETRIC_PRESENTATION_REPRESENTATION (  '', ( #705 ), #542 ) ;
#603 = CARTESIAN_POINT ( 'NONE',  ( 0.0000000000000000000, 0.0000000000000000000, 8.377235761934519687 ) ) ;
#604 = PRESENTATION_LAYER_ASSIGNMENT (  '', '', ( #759 ) ) ;
#605 = VECTOR ( 'NONE', #1391, 1000.000000000000000 ) ;
#606 = CIRCLE ( 'NONE', #1052, 0.5899999999999969713 ) ;
#607 = FACE_OUTER_BOUND ( 'NONE', #567, .T. ) ;
#608 = SURFACE_SIDE_STYLE ('',( #783 ) ) ;
#609 = AXIS2_PLACEMENT_3D ( 'NONE', #844, #1016, #1338 ) ;
#610 = ORIENTED_EDGE ( 'NONE', *, *, #1161, .T. ) ;
#611 = CIRCLE ( 'NONE', #1724, 0.5790434404819888581 ) ;
#612 = CARTESIAN_POINT ( 'NONE',  ( 0.0000000000000000000, 0.0000000000000000000, 0.2193751525134280400 ) ) ;
#613 = MECHANICAL_DESIGN_GEOMETRIC_PRESENTATION_REPRESENTATION (  '', ( #1463 ), #996 ) ;
#614 = DIRECTION ( 'NONE',  ( 0.0000000000000000000, 0.0000000000000000000, -1.000000000000000000 ) ) ;
#615 = ORIENTED_EDGE ( 'NONE', *, *, #1039, .F. ) ;
#616 = VECTOR ( 'NONE', #49, 1000.000000000000000 ) ;
#617 = AXIS2_PLACEMENT_3D ( 'NONE', #1186, #1310, #557 ) ;
#618 = DIRECTION ( 'NONE',  ( -1.000000000000000000, 0.0000000000000000000, 0.0000000000000000000 ) ) ;
#619 = CARTESIAN_POINT ( 'NONE',  ( 0.0000000000000000000, 0.0000000000000000000, 16.78454126260930934 ) ) ;
#620 = CARTESIAN_POINT ( 'NONE',  ( 0.7500000000000000000, 9.184850993605149670E-17, 0.6250000000000000000 ) ) ;
#621 = PRESENTATION_STYLE_ASSIGNMENT (( #20 ) ) ;
#622 = CARTESIAN_POINT ( 'NONE',  ( 0.0000000000000000000, 0.0000000000000000000, 0.0000000000000000000 ) ) ;
#623 = VERTEX_POINT ( 'NONE', #1579 ) ;
#624 = PRESENTATION_STYLE_ASSIGNMENT (( #648 ) ) ;
#625 = ADVANCED_FACE ( 'NONE', ( #223 ), #1414, .T. ) ;
#626 = CARTESIAN_POINT ( 'NONE',  ( 0.6690434405035203813, 1.338086881007040763, 16.75297096729608626 ) ) ;
#627 =( LENGTH_UNIT ( ) NAMED_UNIT ( * ) SI_UNIT ( .MILLI., .METRE. ) );
#628 = PRESENTATION_STYLE_ASSIGNMENT (( #24 ) ) ;
#629 = DIRECTION ( 'NONE',  ( 0.0000000000000000000, 0.0000000000000000000, 1.000000000000000000 ) ) ;
#630 = UNCERTAINTY_MEASURE_WITH_UNIT (LENGTH_MEASURE( 1.000000000000000082E-05 ), #461, 'distance_accuracy_value', 'NONE');
#631 = ORIENTED_EDGE ( 'NONE', *, *, #1388, .F. ) ;
#632 = FACE_OUTER_BOUND ( 'NONE', #669, .T. ) ;
#633 = DIRECTION ( 'NONE',  ( -0.0000000000000000000, -0.0000000000000000000, 1.000000000000000000 ) ) ;
#634 = DIRECTION ( 'NONE',  ( -0.0000000000000000000, -0.0000000000000000000, 1.000000000000000000 ) ) ;
#635 = CARTESIAN_POINT ( 'NONE',  ( -0.6762052006912721014, 0.0000000000000000000, 16.76192316754921663 ) ) ;
#636 = CARTESIAN_POINT ( 'NONE',  ( -0.5899999999999967493, -1.179999999999994165, 16.52902172849893958 ) ) ;
#637 =( LENGTH_UNIT ( ) NAMED_UNIT ( * ) SI_UNIT ( .MILLI., .METRE. ) );
#638 = FACE_OUTER_BOUND ( 'NONE', #1416, .T. ) ;
#639 = CIRCLE ( 'NONE', #1749, 0.6799999999999990496 ) ;
#640 = FILL_AREA_STYLE ('',( #450 ) ) ;
#641 = EDGE_LOOP ( 'NONE', ( #1011, #23 ) ) ;
#642 =( NAMED_UNIT ( * ) SI_UNIT ( $, .STERADIAN. ) SOLID_ANGLE_UNIT ( ) );
#643 = PRESENTATION_LAYER_ASSIGNMENT (  '', '', ( #110 ) ) ;
#644 = COLOUR_RGB ( '',0.7960784313725489669, 0.6039215686274509443, 0.2313725490196078538 ) ;
#645 = CARTESIAN_POINT ( 'NONE',  ( 0.5487750061959549841, 6.720555547899452789E-17, 16.66666666670549901 ) ) ;
#646 = AXIS2_PLACEMENT_3D ( 'NONE', #1734, #98, #398 ) ;
#647 = ORIENTED_EDGE ( 'NONE', *, *, #376, .T. ) ;
#648 = SURFACE_STYLE_USAGE ( .BOTH. , #1396 ) ;
#649 = CIRCLE ( 'NONE', #1270, 0.4999999999999990563 ) ;
#650 =( GEOMETRIC_REPRESENTATION_CONTEXT ( 3 ) GLOBAL_UNCERTAINTY_ASSIGNED_CONTEXT ( ( #1704 ) ) GLOBAL_UNIT_ASSIGNED_CONTEXT ( ( #913, #1189, #743 ) ) REPRESENTATION_CONTEXT ( 'NONE', 'WORKASPACE' ) );
#651 =( NAMED_UNIT ( * ) SI_UNIT ( $, .STERADIAN. ) SOLID_ANGLE_UNIT ( ) );
#652 = MECHANICAL_DESIGN_GEOMETRIC_PRESENTATION_REPRESENTATION (  '', ( #490 ), #90 ) ;
#653 = DIRECTION ( 'NONE',  ( 1.000000000000000000, 1.224646799147353207E-16, 0.0000000000000000000 ) ) ;
#654 = CARTESIAN_POINT ( 'NONE',  ( -0.5899999999999971934, 1.179999999999993943, 16.51755731840500019 ) ) ;
#655 = UNCERTAINTY_MEASURE_WITH_UNIT (LENGTH_MEASURE( 1.000000000000000082E-05 ), #499, 'distance_accuracy_value', 'NONE');
#656 =( NAMED_UNIT ( * ) PLANE_ANGLE_UNIT ( ) SI_UNIT ( $, .RADIAN. ) );
#657 = EDGE_CURVE ( 'NONE', #1313, #774, #546, .T. ) ;
#658 =( LENGTH_UNIT ( ) NAMED_UNIT ( * ) SI_UNIT ( .MILLI., .METRE. ) );
#659 = DIRECTION ( 'NONE',  ( 0.0000000000000000000, 0.0000000000000000000, -1.000000000000000000 ) ) ;
#660 = ORIENTED_EDGE ( 'NONE', *, *, #552, .T. ) ;
#661 = CARTESIAN_POINT ( 'NONE',  ( 0.5790434404802923263, -1.158086880960584208, 16.78454126258455403 ) ) ;
#662 = CARTESIAN_POINT ( 'NONE',  ( 0.0000000000000000000, 0.0000000000000000000, 16.63543191435182678 ) ) ;
#663 = CARTESIAN_POINT ( 'NONE',  ( 0.5790434404693236559, -1.158086880938646868, 16.54879207078625214 ) ) ;
#664 = DIRECTION ( 'NONE',  ( 1.000000000000000000, 0.0000000000000000000, 0.0000000000000000000 ) ) ;
#665 =( NAMED_UNIT ( * ) SI_UNIT ( $, .STERADIAN. ) SOLID_ANGLE_UNIT ( ) );
#666 = CARTESIAN_POINT ( 'NONE',  ( -0.5097315657045666804, 0.0000000000000000000, 16.63543191435182678 ) ) ;
#667 = EDGE_CURVE ( 'NONE', #38, #100, #1600, .T. ) ;
#668 = SURFACE_STYLE_USAGE ( .BOTH. , #534 ) ;
#669 = EDGE_LOOP ( 'NONE', ( #159, #1611, #935, #1583 ) ) ;
#670 = CARTESIAN_POINT ( 'NONE',  ( 0.4944980031850770286, -0.9889960063701536130, 16.65447386752522974 ) ) ;
#671 =( LENGTH_UNIT ( ) NAMED_UNIT ( * ) SI_UNIT ( .MILLI., .METRE. ) );
#672 = APPLICATION_CONTEXT ( 'automotive_design' ) ;
#673 = ITEM_DEFINED_TRANSFORMATION ( 'NONE', 'NONE', #1436,  #245 ) ;
#674 =( NAMED_UNIT ( * ) SI_UNIT ( $, .STERADIAN. ) SOLID_ANGLE_UNIT ( ) );
#675 = CARTESIAN_POINT ( 'NONE',  ( 0.6762052006810652660, 8.281125345808600794E-17, 16.57141016581359594 ) ) ;
#676 = CARTESIAN_POINT ( 'NONE',  ( 0.6097542393554286067, -1.219508478710856769, 16.65447386744662595 ) ) ;
#677 = VERTEX_POINT ( 'NONE', #355 ) ;
#678 = CARTESIAN_POINT ( 'NONE',  ( 0.0000000000000000000, 0.0000000000000000000, 0.2193751525134280400 ) ) ;
#679 = AXIS2_PLACEMENT_3D ( 'NONE', #1917, #216, #992 ) ;
#680 = FILL_AREA_STYLE ('',( #1920 ) ) ;
#681 =( GEOMETRIC_REPRESENTATION_CONTEXT ( 3 ) GLOBAL_UNCERTAINTY_ASSIGNED_CONTEXT ( ( #1125 ) ) GLOBAL_UNIT_ASSIGNED_CONTEXT ( ( #1733, #238, #1871 ) ) REPRESENTATION_CONTEXT ( 'NONE', 'WORKASPACE' ) );
#682 = EDGE_CURVE ( 'NONE', #1321, #232, #649, .T. ) ;
#683 = PRODUCT ( 'User Library-P100-E2', 'User Library-P100-E2', '', ( #1922 ) ) ;
#684 = CARTESIAN_POINT ( 'NONE',  ( 0.6097542393473688316, 7.467335774832845837E-17, 16.67885946585090196 ) ) ;
#685 = AXIS2_PLACEMENT_3D ( 'NONE', #1096, #1513, #1706 ) ;
#686 = CARTESIAN_POINT ( 'NONE',  ( -0.6800000000000000488, 0.0000000000000000000, 16.54912761369880059 ) ) ;
#687 =( GEOMETRIC_REPRESENTATION_CONTEXT ( 3 ) GLOBAL_UNCERTAINTY_ASSIGNED_CONTEXT ( ( #955 ) ) GLOBAL_UNIT_ASSIGNED_CONTEXT ( ( #1854, #1829, #946 ) ) REPRESENTATION_CONTEXT ( 'NONE', 'WORKASPACE' ) );
#688 = PRESENTATION_STYLE_ASSIGNMENT (( #1297 ) ) ;
#689 = ORIENTED_EDGE ( 'NONE', *, *, #982, .F. ) ;
#690 = FILL_AREA_STYLE_COLOUR ( '', #361 ) ;
#691 = SURFACE_STYLE_FILL_AREA ( #1418 ) ;
#692 = CARTESIAN_POINT ( 'NONE',  ( -0.6097542393554283846, 1.219508478710856769, 16.65447386744662595 ) ) ;
#693 = CARTESIAN_POINT ( 'NONE',  ( 0.0000000000000000000, 0.0000000000000000000, 16.63543191426697376 ) ) ;
#694 = CARTESIAN_POINT ( 'NONE',  ( 0.2121618818531890160, 0.6183030761038337264, 0.1805913072838289113 ) ) ;
#695 = ORIENTED_EDGE ( 'NONE', *, *, #1913, .T. ) ;
#696 = LINE ( 'NONE', #1875, #1080 ) ;
#697 = PRESENTATION_STYLE_ASSIGNMENT (( #859 ) ) ;
#698 = DIRECTION ( 'NONE',  ( -0.7071067811865474617, 0.0000000000000000000, -0.7071067811865475727 ) ) ;
#699 = CARTESIAN_POINT ( 'NONE',  ( -0.5097315657080075946, 0.0000000000000000000, 16.69790141906347714 ) ) ;
#700 =( NAMED_UNIT ( * ) SI_UNIT ( $, .STERADIAN. ) SOLID_ANGLE_UNIT ( ) );
#701 = SURFACE_STYLE_USAGE ( .BOTH. , #1043 ) ;
#702 = CARTESIAN_POINT ( 'NONE',  ( -0.2121618818531891548, -0.2199578255464021692, -0.006081779782148098723 ) ) ;
#703 = VERTEX_POINT ( 'NONE', #666 ) ;
#704 = DIRECTION ( 'NONE',  ( -1.000000000000000000, 0.0000000000000000000, 0.0000000000000000000 ) ) ;
#705 = STYLED_ITEM ( 'NONE', ( #1372 ), #8 ) ;
#706 = PRESENTATION_STYLE_ASSIGNMENT (( #109 ) ) ;
#707 = AXIS2_PLACEMENT_3D ( 'NONE', #791, #1570, #537 ) ;
#708 = SURFACE_STYLE_USAGE ( .BOTH. , #1545 ) ;
#709 = MECHANICAL_DESIGN_GEOMETRIC_PRESENTATION_REPRESENTATION (  '', ( #1022 ), #1455 ) ;
#710 = VECTOR ( 'NONE', #1355, 1000.000000000000000 ) ;
#711 = AXIS2_PLACEMENT_3D ( 'NONE', #937, #912, #1810 ) ;
#712 = SURFACE_STYLE_USAGE ( .BOTH. , #853 ) ;
#713 = CIRCLE ( 'NONE', #330, 0.5899999999999970823 ) ;
#714 = CARTESIAN_POINT ( 'NONE',  ( 0.4944980031850768065, 0.9889960063701536130, 16.65447386752522974 ) ) ;
#715 = VECTOR ( 'NONE', #214, 1000.000000000000000 ) ;
#716 = UNCERTAINTY_MEASURE_WITH_UNIT (LENGTH_MEASURE( 1.000000000000000082E-05 ), #1850, 'distance_accuracy_value', 'NONE');
#717 =( GEOMETRIC_REPRESENTATION_CONTEXT ( 3 ) GLOBAL_UNCERTAINTY_ASSIGNED_CONTEXT ( ( #1256 ) ) GLOBAL_UNIT_ASSIGNED_CONTEXT ( ( #1280, #276, #1339 ) ) REPRESENTATION_CONTEXT ( 'NONE', 'WORKASPACE' ) );
#718 = EDGE_CURVE ( 'NONE', #1539, #765, #1941, .T. ) ;
#719 = ORIENTED_EDGE ( 'NONE', *, *, #1530, .F. ) ;
#720 = CARTESIAN_POINT ( 'NONE',  ( -0.5899999999999990807, 0.0000000000000000000, 16.81577601495209962 ) ) ;
#721 = CARTESIAN_POINT ( 'NONE',  ( 0.6690434404799161516, 8.193419078742619362E-17, 16.58036236607651048 ) ) ;
#722 = APPLICATION_PROTOCOL_DEFINITION ( 'draft international standard', 'automotive_design', 1998, #368 ) ;
#723 = CARTESIAN_POINT ( 'NONE',  ( -0.6300000000000000044, 0.0000000000000000000, 16.54912761369880059 ) ) ;
#724 = CARTESIAN_POINT ( 'NONE',  ( 0.5399999999999990363, 6.613092715395696373E-17, 16.81577601495209962 ) ) ;
#725 = ADVANCED_FACE ( 'NONE', ( #1295 ), #887, .F. ) ;
#726 = CARTESIAN_POINT ( 'NONE',  ( -0.5097315657080075946, 1.019463131416014967, 16.69790141906347714 ) ) ;
#727 = DIRECTION ( 'NONE',  ( -1.000000000000000000, 0.0000000000000000000, 0.0000000000000000000 ) ) ;
#728 = UNCERTAINTY_MEASURE_WITH_UNIT (LENGTH_MEASURE( 1.000000000000000082E-05 ), #504, 'distance_accuracy_value', 'NONE');
#729 = VERTEX_POINT ( 'NONE', #1319 ) ;
#730 = AXIS2_PLACEMENT_3D ( 'NONE', #1304, #852, #252 ) ;
#731 = MECHANICAL_DESIGN_GEOMETRIC_PRESENTATION_REPRESENTATION (  '', ( #1079 ), #1552 ) ;
#732 = AXIS2_PLACEMENT_3D ( 'NONE', #1196, #348, #309 ) ;
#733 = DIRECTION ( 'NONE',  ( -1.000000000000000000, 0.0000000000000000000, 0.0000000000000000000 ) ) ;
#734 =( BOUNDED_SURFACE ( )  B_SPLINE_SURFACE ( 3, 3, ( 
 ( #699, #726, #426, #564 ),
 ( #1006, #575, #414, #275 ),
 ( #439, #878, #714, #1042 ),
 ( #1038, #1921, #556, #1172 ) ),
 .UNSPECIFIED., .F., .F., .T. ) 
 B_SPLINE_SURFACE_WITH_KNOTS ( ( 4, 4 ),
 ( 4, 4 ),
 ( 0.0000000000000000000, 1.000000000000000000 ),
 ( 0.0000000000000000000, 1.000000000000000000 ),
 .UNSPECIFIED. ) 
 GEOMETRIC_REPRESENTATION_ITEM ( )  RATIONAL_B_SPLINE_SURFACE ( (
 ( 1.000000000000000000, 0.3333333333333334259, 0.3333333333333334259, 1.000000000000000000),
 ( 0.8539125398622442464, 0.2846375132874148228, 0.2846375132874148228, 0.8539125398622442464),
 ( 0.8539125398622442464, 0.2846375132874148228, 0.2846375132874148228, 0.8539125398622442464),
 ( 1.000000000000000000, 0.3333333333333334259, 0.3333333333333334259, 1.000000000000000000) ) ) 
 REPRESENTATION_ITEM ( '' )  SURFACE ( )  );
#735 = AXIS2_PLACEMENT_3D ( 'NONE', #459, #102, #251 ) ;
#736 =( NAMED_UNIT ( * ) PLANE_ANGLE_UNIT ( ) SI_UNIT ( $, .RADIAN. ) );
#737 = APPLICATION_PROTOCOL_DEFINITION ( 'draft international standard', 'automotive_design', 1998, #828 ) ;
#738 =( NAMED_UNIT ( * ) SI_UNIT ( $, .STERADIAN. ) SOLID_ANGLE_UNIT ( ) );
#739 =( GEOMETRIC_REPRESENTATION_CONTEXT ( 3 ) GLOBAL_UNCERTAINTY_ASSIGNED_CONTEXT ( ( #1580 ) ) GLOBAL_UNIT_ASSIGNED_CONTEXT ( ( #658, #1893, #71 ) ) REPRESENTATION_CONTEXT ( 'NONE', 'WORKASPACE' ) );
#740 =( LENGTH_UNIT ( ) NAMED_UNIT ( * ) SI_UNIT ( .MILLI., .METRE. ) );
#741 = ORIENTED_EDGE ( 'NONE', *, *, #667, .T. ) ;
#742 = MECHANICAL_DESIGN_GEOMETRIC_PRESENTATION_REPRESENTATION (  '', ( #1273 ), #209 ) ;
#743 =( NAMED_UNIT ( * ) SI_UNIT ( $, .STERADIAN. ) SOLID_ANGLE_UNIT ( ) );
#744 = CARTESIAN_POINT ( 'NONE',  ( 0.5899999999999988587, 1.179999999999997717, 16.81577601495209962 ) ) ;
#745 = SURFACE_SIDE_STYLE ('',( #750 ) ) ;
#746 = CARTESIAN_POINT ( 'NONE',  ( 0.0000000000000000000, 0.4999999999999980571, 8.349999999999999645 ) ) ;
#747 = UNCERTAINTY_MEASURE_WITH_UNIT (LENGTH_MEASURE( 1.000000000000000082E-05 ), #1210, 'distance_accuracy_value', 'NONE');
#748 = CARTESIAN_POINT ( 'NONE',  ( 0.4999999999999990563, 6.123233995736753710E-17, 4.174999999999999822 ) ) ;
#749 = CARTESIAN_POINT ( 'NONE',  ( -0.5899999999999990807, 1.179999999999997717, 16.81577601495209962 ) ) ;
#750 = SURFACE_STYLE_FILL_AREA ( #907 ) ;
#751 = CARTESIAN_POINT ( 'NONE',  ( -0.6799999999999990496, 0.0000000000000000000, 20.88333333333330089 ) ) ;
#752 = ORIENTED_EDGE ( 'NONE', *, *, #1346, .T. ) ;
#753 = DIRECTION ( 'NONE',  ( 0.0000000000000000000, 0.0000000000000000000, -1.000000000000000000 ) ) ;
#754 = CARTESIAN_POINT ( 'NONE',  ( -0.6799999999999988276, -1.359999999999998099, 16.77274130955998643 ) ) ;
#755 = EDGE_LOOP ( 'NONE', ( #1486, #1063 ) ) ;
#756 = DIRECTION ( 'NONE',  ( -0.0000000000000000000, -0.0000000000000000000, 1.000000000000000000 ) ) ;
#757 = VECTOR ( 'NONE', #698, 1000.000000000000000 ) ;
#758 = APPLICATION_CONTEXT ( 'automotive_design' ) ;
#759 = STYLED_ITEM ( 'NONE', ( #624 ), #246 ) ;
#760 = DIRECTION ( 'NONE',  ( 1.000000000000000000, 0.0000000000000000000, -0.0000000000000000000 ) ) ;
#761 = MECHANICAL_DESIGN_GEOMETRIC_PRESENTATION_REPRESENTATION (  '', ( #11 ), #1494 ) ;
#762 = UNCERTAINTY_MEASURE_WITH_UNIT (LENGTH_MEASURE( 1.000000000000000082E-05 ), #10, 'distance_accuracy_value', 'NONE');
#763 = FILL_AREA_STYLE_COLOUR ( '', #940 ) ;
#764 = MECHANICAL_DESIGN_GEOMETRIC_PRESENTATION_REPRESENTATION (  '', ( #1429 ), #1182 ) ;
#765 = VERTEX_POINT ( 'NONE', #547 ) ;
#766 = STYLED_ITEM ( 'NONE', ( #1637 ), #725 ) ;
#767 = DIRECTION ( 'NONE',  ( -0.0000000000000000000, -0.0000000000000000000, 1.000000000000000000 ) ) ;
#768 = CIRCLE ( 'NONE', #1882, 0.6800000000000000488 ) ;
#769 = EDGE_CURVE ( 'NONE', #703, #1510, #1311, .T. ) ;
#770 = ORIENTED_EDGE ( 'NONE', *, *, #457, .F. ) ;
#771 = FILL_AREA_STYLE ('',( #922 ) ) ;
#772 = CIRCLE ( 'NONE', #685, 0.5899999999999989697 ) ;
#773 = CARTESIAN_POINT ( 'NONE',  ( 0.6690434405035204923, 8.193419079031691278E-17, 16.75297096729608981 ) ) ;
#774 = VERTEX_POINT ( 'NONE', #1340 ) ;
#775 = SURFACE_STYLE_FILL_AREA ( #1074 ) ;
#776 = ORIENTED_EDGE ( 'NONE', *, *, #1677, .T. ) ;
#777 = CARTESIAN_POINT ( 'NONE',  ( 0.5899999999999989697, 7.225416114969370388E-17, 20.89911848099649916 ) ) ;
#778 = CYLINDRICAL_SURFACE ( 'NONE', #480, 0.4999999999999990563 ) ;
#779 = EDGE_CURVE ( 'NONE', #811, #1867, #408, .T. ) ;
#780 = PLANE ( 'NONE',  #291 ) ;
#781 = UNCERTAINTY_MEASURE_WITH_UNIT (LENGTH_MEASURE( 1.000000000000000082E-05 ), #290, 'distance_accuracy_value', 'NONE');
#782 = CARTESIAN_POINT ( 'NONE',  ( 0.7500000000959516910, 9.184850994780218386E-17, 1.249999999913598003 ) ) ;
#783 = SURFACE_STYLE_FILL_AREA ( #5 ) ;
#784 = ORIENTED_EDGE ( 'NONE', *, *, #843, .T. ) ;
#785 = SURFACE_SIDE_STYLE ('',( #495 ) ) ;
#786 = ORIENTED_EDGE ( 'NONE', *, *, #105, .F. ) ;
#787 = PRESENTATION_STYLE_ASSIGNMENT (( #283 ) ) ;
#788 = SURFACE_SIDE_STYLE ('',( #1567 ) ) ;
#789 = FILL_AREA_STYLE_COLOUR ( '', #1752 ) ;
#790 = DIRECTION ( 'NONE',  ( 1.224646799147353207E-16, -1.000000000000000000, 0.0000000000000000000 ) ) ;
#791 = CARTESIAN_POINT ( 'NONE',  ( 0.0000000000000000000, 0.0000000000000000000, 16.81577601495209962 ) ) ;
#792 = STYLED_ITEM ( 'NONE', ( #1718 ), #47 ) ;
#793 = LINE ( 'NONE', #782, #605 ) ;
#794 = CARTESIAN_POINT ( 'NONE',  ( 0.6097542393473688316, 7.467335774832845837E-17, 16.67885946585090196 ) ) ;
#795 = COLOUR_RGB ( '',0.7450980392156862919, 0.7372549019607843590, 0.7294117647058823151 ) ;
#796 =( BOUNDED_SURFACE ( )  B_SPLINE_SURFACE ( 3, 3, ( 
 ( #51, #661, #1868, #503 ),
 ( #1825, #1067, #1076, #950 ),
 ( #1672, #316, #1519, #1542 ),
 ( #173, #195, #1377, #1223 ) ),
 .UNSPECIFIED., .F., .F., .T. ) 
 B_SPLINE_SURFACE_WITH_KNOTS ( ( 4, 4 ),
 ( 4, 4 ),
 ( 0.0000000000000000000, 1.000000000000000000 ),
 ( 0.0000000000000000000, 1.000000000000000000 ),
 .UNSPECIFIED. ) 
 GEOMETRIC_REPRESENTATION_ITEM ( )  RATIONAL_B_SPLINE_SURFACE ( (
 ( 1.000000000000000000, 0.3333333333333334259, 0.3333333333333334259, 1.000000000000000000),
 ( 0.9624188794690387017, 0.3208062931563463449, 0.3208062931563463449, 0.9624188794690387017),
 ( 0.9624188794690387017, 0.3208062931563463449, 0.3208062931563463449, 0.9624188794690387017),
 ( 1.000000000000000000, 0.3333333333333334259, 0.3333333333333334259, 1.000000000000000000) ) ) 
 REPRESENTATION_ITEM ( '' )  SURFACE ( )  );
#797 =( NAMED_UNIT ( * ) PLANE_ANGLE_UNIT ( ) SI_UNIT ( $, .RADIAN. ) );
#798 =( GEOMETRIC_REPRESENTATION_CONTEXT ( 3 ) GLOBAL_UNCERTAINTY_ASSIGNED_CONTEXT ( ( #990 ) ) GLOBAL_UNIT_ASSIGNED_CONTEXT ( ( #166, #1669, #1509 ) ) REPRESENTATION_CONTEXT ( 'NONE', 'WORKASPACE' ) );
#799 = ORIENTED_EDGE ( 'NONE', *, *, #1170, .T. ) ;
#800 = CIRCLE ( 'NONE', #1211, 0.6799999999999990496 ) ;
#801 = AXIS2_PLACEMENT_3D ( 'NONE', #586, #1173, #1781 ) ;
#802 = CARTESIAN_POINT ( 'NONE',  ( 0.6762052006912718793, 1.352410401382543981, 16.76192316754921308 ) ) ;
#803 = FILL_AREA_STYLE_COLOUR ( '', #143 ) ;
#804 = PRODUCT_DEFINITION_SHAPE ( 'NONE', 'NONE',  #1954 ) ;
#805 = DIRECTION ( 'NONE',  ( -1.000000000000000000, 0.0000000000000000000, 0.0000000000000000000 ) ) ;
#806 = MECHANICAL_DESIGN_GEOMETRIC_PRESENTATION_REPRESENTATION (  '', ( #1659 ), #1888 ) ;
#807 = FILL_AREA_STYLE ('',( #82 ) ) ;
#808 = ADVANCED_FACE ( 'NONE', ( #1448 ), #565, .T. ) ;
#809 = DIRECTION ( 'NONE',  ( 0.0000000000000000000, 0.0000000000000000000, -1.000000000000000000 ) ) ;
#810 = DIRECTION ( 'NONE',  ( 1.000000000000000000, 1.224646799147353207E-16, 0.0000000000000000000 ) ) ;
#811 = VERTEX_POINT ( 'NONE', #427 ) ;
#812 =( BOUNDED_SURFACE ( )  B_SPLINE_SURFACE ( 3, 3, ( 
 ( #46, #654, #375, #219 ),
 ( #1411, #68, #1249, #1546 ),
 ( #1139, #1264, #1577, #836 ),
 ( #823, #56, #1861, #954 ) ),
 .UNSPECIFIED., .F., .F., .T. ) 
 B_SPLINE_SURFACE_WITH_KNOTS ( ( 4, 4 ),
 ( 4, 4 ),
 ( 0.0000000000000000000, 1.000000000000000000 ),
 ( 0.0000000000000000000, 1.000000000000000000 ),
 .UNSPECIFIED. ) 
 GEOMETRIC_REPRESENTATION_ITEM ( )  RATIONAL_B_SPLINE_SURFACE ( (
 ( 1.000000000000000000, 0.3333333333333334259, 0.3333333333333334259, 1.000000000000000000),
 ( 0.9624188794302990235, 0.3208062931434331189, 0.3208062931434331189, 0.9624188794302990235),
 ( 0.9624188794302990235, 0.3208062931434331189, 0.3208062931434331189, 0.9624188794302990235),
 ( 1.000000000000000000, 0.3333333333333334259, 0.3333333333333334259, 1.000000000000000000) ) ) 
 REPRESENTATION_ITEM ( '' )  SURFACE ( )  );
#813 = ITEM_DEFINED_TRANSFORMATION ( 'NONE', 'NONE', #1374,  #245 ) ;
#814 = DIRECTION ( 'NONE',  ( 0.6246950476169021993, 0.0000000000000000000, 0.7808688093930479246 ) ) ;
#815 = CARTESIAN_POINT ( 'NONE',  ( 0.5097315656712453347, 0.0000000000000000000, 16.69790141909288650 ) ) ;
#816 = CARTESIAN_POINT ( 'NONE',  ( 0.6799999999999998268, 1.359999999999999876, 16.56059202378942885 ) ) ;
#817 = PRESENTATION_STYLE_ASSIGNMENT (( #1266 ) ) ;
#818 = CARTESIAN_POINT ( 'NONE',  ( 0.5899999999999989697, 7.225416114969370388E-17, 16.81577601495209962 ) ) ;
#819 = ADVANCED_FACE ( 'NONE', ( #257 ), #1030, .F. ) ;
#820 = EDGE_LOOP ( 'NONE', ( #1640, #1342, #647, #1874 ) ) ;
#821 = CARTESIAN_POINT ( 'NONE',  ( -0.4944980031864202874, -1.211170793574014669E-16, 16.67885946589175106 ) ) ;
#822 = FILL_AREA_STYLE ('',( #1410 ) ) ;
#823 = CARTESIAN_POINT ( 'NONE',  ( -0.5790434404693235448, 0.0000000000000000000, 16.54879207078625214 ) ) ;
#824 = COLOUR_RGB ( '',0.7960784313725489669, 0.6039215686274509443, 0.2313725490196078538 ) ;
#825 = SURFACE_SIDE_STYLE ('',( #1581 ) ) ;
#826 =( GEOMETRIC_REPRESENTATION_CONTEXT ( 3 ) GLOBAL_UNCERTAINTY_ASSIGNED_CONTEXT ( ( #848 ) ) GLOBAL_UNIT_ASSIGNED_CONTEXT ( ( #1790, #1627, #1025 ) ) REPRESENTATION_CONTEXT ( 'NONE', 'WORKASPACE' ) );
#827 = EDGE_LOOP ( 'NONE', ( #1018, #1574, #1147, #719 ) ) ;
#828 = APPLICATION_CONTEXT ( 'automotive_design' ) ;
#829 = AXIS2_PLACEMENT_3D ( 'NONE', #1047, #876, #906 ) ;
#830 = CARTESIAN_POINT ( 'NONE',  ( -0.4944980031850769175, -1.211170793570724133E-16, 16.65447386752522974 ) ) ;
#831 = EDGE_CURVE ( 'NONE', #1101, #984, #915, .T. ) ;
#832 = STYLED_ITEM ( 'NONE', ( #1560 ), #1286 ) ;
#833 = CIRCLE ( 'NONE', #1023, 0.4999999999999990563 ) ;
#834 = PRESENTATION_LAYER_ASSIGNMENT (  '', '', ( #900 ) ) ;
#835 = PRESENTATION_LAYER_ASSIGNMENT (  '', '', ( #175 ) ) ;
#836 = CARTESIAN_POINT ( 'NONE',  ( 0.5862052006789503222, 7.178943226550086058E-17, 16.53983987052587779 ) ) ;
#837 = CIRCLE ( 'NONE', #903, 0.05000000000000002359 ) ;
#838 = CARTESIAN_POINT ( 'NONE',  ( 0.6875379127894136744, 0.2207040978617664517, 0.1131249101248859301 ) ) ;
#839 = SURFACE_SIDE_STYLE ('',( #847 ) ) ;
#840 = ORIENTED_EDGE ( 'NONE', *, *, #387, .T. ) ;
#841 = DIRECTION ( 'NONE',  ( -0.0000000000000000000, -0.0000000000000000000, 1.000000000000000000 ) ) ;
#842 = DIRECTION ( 'NONE',  ( -1.000000000000000000, 0.0000000000000000000, 0.0000000000000000000 ) ) ;
#843 = EDGE_CURVE ( 'NONE', #677, #1662, #1208, .T. ) ;
#844 = CARTESIAN_POINT ( 'NONE',  ( -0.5399999999999990363, 0.0000000000000000000, 16.81577601495209962 ) ) ;
#845 =( NAMED_UNIT ( * ) PLANE_ANGLE_UNIT ( ) SI_UNIT ( $, .RADIAN. ) );
#846 = CARTESIAN_POINT ( 'NONE',  ( -0.6875379127894135634, -0.6127281570767418861, 0.3160000743232637688 ) ) ;
#847 = SURFACE_STYLE_FILL_AREA ( #1441 ) ;
#848 = UNCERTAINTY_MEASURE_WITH_UNIT (LENGTH_MEASURE( 1.000000000000000082E-05 ), #1790, 'distance_accuracy_value', 'NONE');
#849 = ORIENTED_EDGE ( 'NONE', *, *, #1780, .T. ) ;
#850 = CARTESIAN_POINT ( 'NONE',  ( 0.5097315657080077056, -1.019463131416014967, 16.69790141906347714 ) ) ;
#851 = CARTESIAN_POINT ( 'NONE',  ( -0.5790434404693233228, -1.158086880938647312, 16.54879207078625214 ) ) ;
#852 = DIRECTION ( 'NONE',  ( -0.0000000000000000000, -0.0000000000000000000, 1.000000000000000000 ) ) ;
#853 = SURFACE_SIDE_STYLE ('',( #1483 ) ) ;
#854 = EDGE_CURVE ( 'NONE', #977, #1867, #611, .T. ) ;
#855 = DIRECTION ( 'NONE',  ( 0.0000000000000000000, 0.0000000000000000000, 1.000000000000000000 ) ) ;
#856 = PRESENTATION_STYLE_ASSIGNMENT (( #701 ) ) ;
#857 =( LENGTH_UNIT ( ) NAMED_UNIT ( * ) SI_UNIT ( .MILLI., .METRE. ) );
#858 = ORIENTED_EDGE ( 'NONE', *, *, #105, .T. ) ;
#859 = SURFACE_STYLE_USAGE ( .BOTH. , #952 ) ;
#860 = CARTESIAN_POINT ( 'NONE',  ( -0.6800000000000000488, 0.0000000000000000000, 0.2138980571046349977 ) ) ;
#861 = FACE_OUTER_BOUND ( 'NONE', #540, .T. ) ;
#862 =( BOUNDED_SURFACE ( )  B_SPLINE_SURFACE ( 3, 3, ( 
 ( #200, #1437, #1891, #228 ),
 ( #237, #505, #1723, #684 ),
 ( #95, #692, #1277, #1132 ),
 ( #366, #973, #1285, #1897 ) ),
 .UNSPECIFIED., .F., .F., .T. ) 
 B_SPLINE_SURFACE_WITH_KNOTS ( ( 4, 4 ),
 ( 4, 4 ),
 ( 0.0000000000000000000, 1.000000000000000000 ),
 ( 0.0000000000000000000, 1.000000000000000000 ),
 .UNSPECIFIED. ) 
 GEOMETRIC_REPRESENTATION_ITEM ( )  RATIONAL_B_SPLINE_SURFACE ( (
 ( 1.000000000000000000, 0.3333333333333334259, 0.3333333333333334259, 1.000000000000000000),
 ( 0.8539125394911920575, 0.2846375131637307598, 0.2846375131637307598, 0.8539125394911920575),
 ( 0.8539125394911920575, 0.2846375131637307598, 0.2846375131637307598, 0.8539125394911920575),
 ( 1.000000000000000000, 0.3333333333333334259, 0.3333333333333334259, 1.000000000000000000) ) ) 
 REPRESENTATION_ITEM ( '' )  SURFACE ( )  );
#863 = VECTOR ( 'NONE', #285, 1000.000000000000000 ) ;
#864 = COLOUR_RGB ( '',0.7450980392156862919, 0.7372549019607843590, 0.7294117647058823151 ) ;
#865 = DIRECTION ( 'NONE',  ( -1.000000000000000000, 0.0000000000000000000, 0.0000000000000000000 ) ) ;
#866 = CIRCLE ( 'NONE', #523, 0.05000000000000002359 ) ;
#867 = SURFACE_STYLE_USAGE ( .BOTH. , #1642 ) ;
#868 = SHAPE_DEFINITION_REPRESENTATION ( #1115, #1348 ) ;
#869 = CARTESIAN_POINT ( 'NONE',  ( -0.2475353115722145059, 0.7170225692689667918, 0.1144676739301999924 ) ) ;
#870 = ADVANCED_FACE ( 'NONE', ( #638 ), #780, .T. ) ;
#871 = CARTESIAN_POINT ( 'NONE',  ( -0.5790434404957522929, 0.0000000000000000000, 16.54879207080739434 ) ) ;
#872 = CARTESIAN_POINT ( 'NONE',  ( 0.6800000000000001599, -1.359999999999999876, 16.56059202378942885 ) ) ;
#873 = EDGE_LOOP ( 'NONE', ( #1708, #1230, #1034, #306 ) ) ;
#874 = CARTESIAN_POINT ( 'NONE',  ( 0.5899999999999969713, 7.225416114969348202E-17, 0.2193751525134280400 ) ) ;
#875 = PLANE ( 'NONE',  #1762 ) ;
#876 = DIRECTION ( 'NONE',  ( 0.0000000000000000000, 0.0000000000000000000, -1.000000000000000000 ) ) ;
#877 = SURFACE_STYLE_USAGE ( .BOTH. , #247 ) ;
#878 = CARTESIAN_POINT ( 'NONE',  ( -0.4944980031850769175, 0.9889960063701536130, 16.65447386752522974 ) ) ;
#879 = CARTESIAN_POINT ( 'NONE',  ( -3.901131567836450209, -3.960690899946829990, 18.85000000000000142 ) ) ;
#880 = FILL_AREA_STYLE ('',( #1476 ) ) ;
#881 = FILL_AREA_STYLE ('',( #416 ) ) ;
#882 = ORIENTED_EDGE ( 'NONE', *, *, #1480, .T. ) ;
#883 = ADVANCED_FACE ( 'NONE', ( #1658 ), #812, .F. ) ;
#884 = PRESENTATION_STYLE_ASSIGNMENT (( #1502 ) ) ;
#885 = DIRECTION ( 'NONE',  ( -1.000000000000000000, 0.0000000000000000000, 0.0000000000000000000 ) ) ;
#886 = DIRECTION ( 'NONE',  ( 0.0000000000000000000, 1.000000000000000000, 0.0000000000000000000 ) ) ;
#887 = CYLINDRICAL_SURFACE ( 'NONE', #1915, 0.5899999999999989697 ) ;
#888 = UNCERTAINTY_MEASURE_WITH_UNIT (LENGTH_MEASURE( 1.000000000000000082E-05 ), #917, 'distance_accuracy_value', 'NONE');
#889 = CARTESIAN_POINT ( 'NONE',  ( 0.0000000000000000000, 0.0000000000000000000, 0.6250000000000000000 ) ) ;
#890 = ORIENTED_EDGE ( 'NONE', *, *, #1780, .F. ) ;
#891 = DIRECTION ( 'NONE',  ( 1.000000000000000000, 0.0000000000000000000, 0.0000000000000000000 ) ) ;
#892 = CARTESIAN_POINT ( 'NONE',  ( 0.0000000000000000000, 0.0000000000000000000, 25.00000000000000000 ) ) ;
#893 = ADVANCED_FACE ( 'NONE', ( #531 ), #862, .F. ) ;
#894 = MECHANICAL_DESIGN_GEOMETRIC_PRESENTATION_REPRESENTATION (  '', ( #1877 ), #1203 ) ;
#895 = CIRCLE ( 'NONE', #730, 0.5790434404957522929 ) ;
#896 =( GEOMETRIC_REPRESENTATION_CONTEXT ( 3 ) GLOBAL_UNCERTAINTY_ASSIGNED_CONTEXT ( ( #1638 ) ) GLOBAL_UNIT_ASSIGNED_CONTEXT ( ( #945, #1537, #1705 ) ) REPRESENTATION_CONTEXT ( 'NONE', 'WORKASPACE' ) );
#897 =( GEOMETRIC_REPRESENTATION_CONTEXT ( 3 ) GLOBAL_UNCERTAINTY_ASSIGNED_CONTEXT ( ( #435 ) ) GLOBAL_UNIT_ASSIGNED_CONTEXT ( ( #671, #1650, #1625 ) ) REPRESENTATION_CONTEXT ( 'NONE', 'WORKASPACE' ) );
#898 = MECHANICAL_DESIGN_GEOMETRIC_PRESENTATION_REPRESENTATION (  '', ( #900 ), #1113 ) ;
#899 = DIRECTION ( 'NONE',  ( -1.000000000000000000, 0.0000000000000000000, 0.0000000000000000000 ) ) ;
#900 = STYLED_ITEM ( 'NONE', ( #1467 ), #1378 ) ;
#901 = STYLED_ITEM ( 'NONE', ( #558 ), #808 ) ;
#902 = SURFACE_STYLE_FILL_AREA ( #881 ) ;
#903 = AXIS2_PLACEMENT_3D ( 'NONE', #724, #1320, #1776 ) ;
#904 = LINE ( 'NONE', #748, #239 ) ;
#905 = AXIS2_PLACEMENT_3D ( 'NONE', #1191, #1327, #1801 ) ;
#906 = DIRECTION ( 'NONE',  ( -1.000000000000000000, 0.0000000000000000000, 0.0000000000000000000 ) ) ;
#907 = FILL_AREA_STYLE ('',( #33 ) ) ;
#908 = FILL_AREA_STYLE ('',( #1370 ) ) ;
#909 = UNCERTAINTY_MEASURE_WITH_UNIT (LENGTH_MEASURE( 1.000000000000000082E-05 ), #740, 'distance_accuracy_value', 'NONE');
#910 = DIRECTION ( 'NONE',  ( 0.0000000000000000000, 1.000000000000000000, 0.0000000000000000000 ) ) ;
#911 = ORIENTED_EDGE ( 'NONE', *, *, #961, .F. ) ;
#912 = DIRECTION ( 'NONE',  ( 0.0000000000000000000, 0.0000000000000000000, -1.000000000000000000 ) ) ;
#913 =( LENGTH_UNIT ( ) NAMED_UNIT ( * ) SI_UNIT ( .MILLI., .METRE. ) );
#914 = ORIENTED_EDGE ( 'NONE', *, *, #222, .F. ) ;
#915 = LINE ( 'NONE', #620, #84 ) ;
#916 = EDGE_CURVE ( 'NONE', #1797, #100, #167, .T. ) ;
#917 =( LENGTH_UNIT ( ) NAMED_UNIT ( * ) SI_UNIT ( .MILLI., .METRE. ) );
#918 = DIRECTION ( 'NONE',  ( -1.000000000000000000, 0.0000000000000000000, 0.0000000000000000000 ) ) ;
#919 = VERTEX_POINT ( 'NONE', #815 ) ;
#920 = FILL_AREA_STYLE_COLOUR ( '', #1728 ) ;
#921 = ORIENTED_EDGE ( 'NONE', *, *, #1003, .F. ) ;
#922 = FILL_AREA_STYLE_COLOUR ( '', #1363 ) ;
#923 = SURFACE_SIDE_STYLE ('',( #488 ) ) ;
#924 = MECHANICAL_DESIGN_GEOMETRIC_PRESENTATION_REPRESENTATION (  '', ( #1263 ), #1176 ) ;
#925 = DIRECTION ( 'NONE',  ( -1.000000000000000000, 0.0000000000000000000, 0.0000000000000000000 ) ) ;
#926 = STYLED_ITEM ( 'NONE', ( #1309 ), #951 ) ;
#927 = MECHANICAL_DESIGN_GEOMETRIC_PRESENTATION_REPRESENTATION (  '', ( #110 ), #1204 ) ;
#928 =( NAMED_UNIT ( * ) SI_UNIT ( $, .STERADIAN. ) SOLID_ANGLE_UNIT ( ) );
#929 = VECTOR ( 'NONE', #997, 1000.000000000000000 ) ;
#930 = UNCERTAINTY_MEASURE_WITH_UNIT (LENGTH_MEASURE( 1.000000000000000082E-05 ), #63, 'distance_accuracy_value', 'NONE');
#931 = FILL_AREA_STYLE ('',( #321 ) ) ;
#932 =( LENGTH_UNIT ( ) NAMED_UNIT ( * ) SI_UNIT ( .MILLI., .METRE. ) );
#933 = ADVANCED_FACE ( 'NONE', ( #1880 ), #525, .F. ) ;
#934 = MECHANICAL_DESIGN_GEOMETRIC_PRESENTATION_REPRESENTATION (  '', ( #1785 ), #362 ) ;
#935 = ORIENTED_EDGE ( 'NONE', *, *, #479, .F. ) ;
#936 = STYLED_ITEM ( 'NONE', ( #1666 ), #870 ) ;
#937 = CARTESIAN_POINT ( 'NONE',  ( 0.0000000000000000000, 0.0000000000000000000, 20.88333333333330089 ) ) ;
#938 = CONICAL_SURFACE ( 'NONE', #1433, 0.5790434404957522929, 0.6747409423035635179 ) ;
#939 = ORIENTED_EDGE ( 'NONE', *, *, #1039, .T. ) ;
#940 = COLOUR_RGB ( '',0.7960784313725489669, 0.6039215686274509443, 0.2313725490196078538 ) ;
#941 =( GEOMETRIC_REPRESENTATION_CONTEXT ( 3 ) GLOBAL_UNCERTAINTY_ASSIGNED_CONTEXT ( ( #57 ) ) GLOBAL_UNIT_ASSIGNED_CONTEXT ( ( #383, #59, #1412 ) ) REPRESENTATION_CONTEXT ( 'NONE', 'WORKASPACE' ) );
#942 = DIRECTION ( 'NONE',  ( 0.0000000000000000000, 0.0000000000000000000, -1.000000000000000000 ) ) ;
#943 = CYLINDRICAL_SURFACE ( 'NONE', #1558, 0.5899999999999969713 ) ;
#944 = DIRECTION ( 'NONE',  ( -1.000000000000000000, 0.0000000000000000000, 0.0000000000000000000 ) ) ;
#945 =( LENGTH_UNIT ( ) NAMED_UNIT ( * ) SI_UNIT ( .MILLI., .METRE. ) );
#946 =( NAMED_UNIT ( * ) SI_UNIT ( $, .STERADIAN. ) SOLID_ANGLE_UNIT ( ) );
#947 = EDGE_LOOP ( 'NONE', ( #959, #388 ) ) ;
#948 = SURFACE_SIDE_STYLE ('',( #1696 ) ) ;
#949 = ORIENTED_EDGE ( 'NONE', *, *, #1595, .T. ) ;
#950 = CARTESIAN_POINT ( 'NONE',  ( -0.5862052006829034934, -1.435788645319699493E-16, 16.79349346284260491 ) ) ;
#951 = ADVANCED_FACE ( 'NONE', ( #1598 ), #1362, .T. ) ;
#952 = SURFACE_SIDE_STYLE ('',( #1160 ) ) ;
#953 = CARTESIAN_POINT ( 'NONE',  ( 0.5790434404957522929, 0.0000000000000000000, 16.78454126260930934 ) ) ;
#954 = CARTESIAN_POINT ( 'NONE',  ( 0.5790434404693235448, 7.091236959380280671E-17, 16.54879207078625214 ) ) ;
#955 = UNCERTAINTY_MEASURE_WITH_UNIT (LENGTH_MEASURE( 1.000000000000000082E-05 ), #1854, 'distance_accuracy_value', 'NONE');
#956 =( NAMED_UNIT ( * ) PLANE_ANGLE_UNIT ( ) SI_UNIT ( $, .RADIAN. ) );
#957 = CARTESIAN_POINT ( 'NONE',  ( 0.6249878019021642972, -1.249975603804328150, 16.69790141904440972 ) ) ;
#958 = SURFACE_SIDE_STYLE ('',( #1540 ) ) ;
#959 = ORIENTED_EDGE ( 'NONE', *, *, #519, .T. ) ;
#960 =( BOUNDED_SURFACE ( )  B_SPLINE_SURFACE ( 3, 3, ( 
 ( #686, #500, #538, #1892 ),
 ( #1438, #1126, #816, #397 ),
 ( #1572, #220, #1134, #675 ),
 ( #1421, #69, #980, #96 ) ),
 .UNSPECIFIED., .F., .F., .F. ) 
 B_SPLINE_SURFACE_WITH_KNOTS ( ( 4, 4 ),
 ( 4, 4 ),
 ( 0.0000000000000000000, 1.000000000000000000 ),
 ( 0.0000000000000000000, 1.000000000000000000 ),
 .UNSPECIFIED. ) 
 GEOMETRIC_REPRESENTATION_ITEM ( )  RATIONAL_B_SPLINE_SURFACE ( (
 ( 1.000000000000000000, 0.3333333333333334259, 0.3333333333333334259, 1.000000000000000000),
 ( 0.9624188794510045719, 0.3208062931503349313, 0.3208062931503349313, 0.9624188794510045719),
 ( 0.9624188794510045719, 0.3208062931503349313, 0.3208062931503349313, 0.9624188794510045719),
 ( 1.000000000000000000, 0.3333333333333334259, 0.3333333333333334259, 1.000000000000000000) ) ) 
 REPRESENTATION_ITEM ( '' )  SURFACE ( )  );
#961 = EDGE_CURVE ( 'NONE', #729, #1347, #1635, .T. ) ;
#962 = MECHANICAL_DESIGN_GEOMETRIC_PRESENTATION_REPRESENTATION (  '', ( #357 ), #7 ) ;
#963 = CARTESIAN_POINT ( 'NONE',  ( -0.5399999999999970379, 0.0000000000000000000, 16.51755731840500019 ) ) ;
#964 = CARTESIAN_POINT ( 'NONE',  ( 0.0000000000000000000, 0.0000000000000000000, 8.349999999999999645 ) ) ;
#965 = MECHANICAL_DESIGN_GEOMETRIC_PRESENTATION_REPRESENTATION (  '', ( #1849 ), #516 ) ;
#966 = STYLED_ITEM ( 'NONE', ( #463 ), #468 ) ;
#967 = CYLINDRICAL_SURFACE ( 'NONE', #1029, 0.6799999999999990496 ) ;
#968 = ORIENTED_EDGE ( 'NONE', *, *, #779, .F. ) ;
#969 = CARTESIAN_POINT ( 'NONE',  ( -0.5097315657045659032, -1.248482260728930810E-16, 16.63543191435182678 ) ) ;
#970 =( GEOMETRIC_REPRESENTATION_CONTEXT ( 3 ) GLOBAL_UNCERTAINTY_ASSIGNED_CONTEXT ( ( #399 ) ) GLOBAL_UNIT_ASSIGNED_CONTEXT ( ( #1485, #434, #738 ) ) REPRESENTATION_CONTEXT ( 'NONE', 'WORKASPACE' ) );
#971 = CARTESIAN_POINT ( 'NONE',  ( -0.6799999999999990496, 1.359999999999997877, 16.77274130955998643 ) ) ;
#972 = AXIS2_PLACEMENT_3D ( 'NONE', #115, #855, #440 ) ;
#973 = CARTESIAN_POINT ( 'NONE',  ( -0.6249878019228111148, 1.249975603845621785, 16.63543191426318302 ) ) ;
#974 = UNCERTAINTY_MEASURE_WITH_UNIT (LENGTH_MEASURE( 1.000000000000000082E-05 ), #1326, 'distance_accuracy_value', 'NONE');
#975 = CARTESIAN_POINT ( 'NONE',  ( 0.2475353115722148667, -0.7170225692689672359, 0.1144676739302004642 ) ) ;
#976 = UNCERTAINTY_MEASURE_WITH_UNIT (LENGTH_MEASURE( 1.000000000000000082E-05 ), #1443, 'distance_accuracy_value', 'NONE');
#977 = VERTEX_POINT ( 'NONE', #555 ) ;
#978 = CARTESIAN_POINT ( 'NONE',  ( -0.5097315657080073725, -1.019463131416015189, 16.69790141906347714 ) ) ;
#979 = PRODUCT_CONTEXT ( 'NONE', #561, 'mechanical' ) ;
#980 = CARTESIAN_POINT ( 'NONE',  ( 0.6690434404751878228, 1.338086880950375868, 16.58036236607272329 ) ) ;
#981 = FILL_AREA_STYLE ('',( #1142 ) ) ;
#982 = EDGE_CURVE ( 'NONE', #811, #703, #1144, .T. ) ;
#983 = CARTESIAN_POINT ( 'NONE',  ( 0.5790434404957522929, 7.091236959703939207E-17, 16.54879207080739434 ) ) ;
#984 = VERTEX_POINT ( 'NONE', #1154 ) ;
#985 = CARTESIAN_POINT ( 'NONE',  ( 0.0000000000000000000, 0.0000000000000000000, 16.75297096716121814 ) ) ;
#986 = UNCERTAINTY_MEASURE_WITH_UNIT (LENGTH_MEASURE( 1.000000000000000082E-05 ), #325, 'distance_accuracy_value', 'NONE');
#987 = FILL_AREA_STYLE_COLOUR ( '', #573 ) ;
#988 = CARTESIAN_POINT ( 'NONE',  ( 0.6875379127894136744, -0.2207040978617667848, 0.1131249101248860967 ) ) ;
#989 = DIRECTION ( 'NONE',  ( 0.0000000000000000000, 0.0000000000000000000, -1.000000000000000000 ) ) ;
#990 = UNCERTAINTY_MEASURE_WITH_UNIT (LENGTH_MEASURE( 1.000000000000000082E-05 ), #166, 'distance_accuracy_value', 'NONE');
#991 = PRESENTATION_LAYER_ASSIGNMENT (  '', '', ( #1877 ) ) ;
#992 = DIRECTION ( 'NONE',  ( -1.000000000000000000, 0.0000000000000000000, 0.0000000000000000000 ) ) ;
#993 = CARTESIAN_POINT ( 'NONE',  ( 0.6800000000000000488, 8.327598234202003091E-17, 16.54912761369880059 ) ) ;
#994 = CIRCLE ( 'NONE', #448, 0.5097315656712453347 ) ;
#995 =( GEOMETRIC_REPRESENTATION_CONTEXT ( 3 ) GLOBAL_UNCERTAINTY_ASSIGNED_CONTEXT ( ( #976 ) ) GLOBAL_UNIT_ASSIGNED_CONTEXT ( ( #1443, #1584, #74 ) ) REPRESENTATION_CONTEXT ( 'NONE', 'WORKASPACE' ) );
#996 =( GEOMETRIC_REPRESENTATION_CONTEXT ( 3 ) GLOBAL_UNCERTAINTY_ASSIGNED_CONTEXT ( ( #762 ) ) GLOBAL_UNIT_ASSIGNED_CONTEXT ( ( #10, #1778, #1195 ) ) REPRESENTATION_CONTEXT ( 'NONE', 'WORKASPACE' ) );
#997 = DIRECTION ( 'NONE',  ( 0.0000000000000000000, 0.0000000000000000000, -1.000000000000000000 ) ) ;
#998 = MECHANICAL_DESIGN_GEOMETRIC_PRESENTATION_REPRESENTATION (  '', ( #1697 ), #1764 ) ;
#999 = DIRECTION ( 'NONE',  ( -1.000000000000000000, 0.0000000000000000000, 0.0000000000000000000 ) ) ;
#1000 = CARTESIAN_POINT ( 'NONE',  ( 0.5966266122727448273, -0.1928539640326697169, 0.1795021242511257720 ) ) ;
#1001 = EDGE_LOOP ( 'NONE', ( #338, #1501, #695, #939 ) ) ;
#1002 = SURFACE_STYLE_USAGE ( .BOTH. , #1896 ) ;
#1003 = EDGE_CURVE ( 'NONE', #194, #1895, #639, .T. ) ;
#1004 =( BOUNDED_SURFACE ( )  B_SPLINE_SURFACE ( 3, 3, ( 
 ( #1098, #957, #1547, #201 ),
 ( #794, #454, #1755, #1427 ),
 ( #248, #676, #1588, #1872 ),
 ( #1127, #240, #527, #1143 ) ),
 .UNSPECIFIED., .F., .F., .T. ) 
 B_SPLINE_SURFACE_WITH_KNOTS ( ( 4, 4 ),
 ( 4, 4 ),
 ( 0.0000000000000000000, 1.000000000000000000 ),
 ( 0.0000000000000000000, 1.000000000000000000 ),
 .UNSPECIFIED. ) 
 GEOMETRIC_REPRESENTATION_ITEM ( )  RATIONAL_B_SPLINE_SURFACE ( (
 ( 1.000000000000000000, 0.3333333333333334259, 0.3333333333333334259, 1.000000000000000000),
 ( 0.8539125394911920575, 0.2846375131637307598, 0.2846375131637307598, 0.8539125394911920575),
 ( 0.8539125394911920575, 0.2846375131637307598, 0.2846375131637307598, 0.8539125394911920575),
 ( 1.000000000000000000, 0.3333333333333334259, 0.3333333333333334259, 1.000000000000000000) ) ) 
 REPRESENTATION_ITEM ( '' )  SURFACE ( )  );
#1005 = LINE ( 'NONE', #413, #77 ) ;
#1006 = CARTESIAN_POINT ( 'NONE',  ( -0.4944980031864202874, 0.0000000000000000000, 16.67885946589175106 ) ) ;
#1007 = SHAPE_REPRESENTATION_RELATIONSHIP ( 'NONE' , 'NONE' ,  #1138, #62 ) ;
#1008 = CARTESIAN_POINT ( 'NONE',  ( 0.0000000000000000000, 0.0000000000000000000, 20.89911848099649916 ) ) ;
#1009 = UNCERTAINTY_MEASURE_WITH_UNIT (LENGTH_MEASURE( 1.000000000000000082E-05 ), #627, 'distance_accuracy_value', 'NONE');
#1010 = FACE_OUTER_BOUND ( 'NONE', #947, .T. ) ;
#1011 = ORIENTED_EDGE ( 'NONE', *, *, #552, .F. ) ;
#1012 = SURFACE_STYLE_FILL_AREA ( #411 ) ;
#1013 =( NAMED_UNIT ( * ) PLANE_ANGLE_UNIT ( ) SI_UNIT ( $, .RADIAN. ) );
#1014 = EDGE_CURVE ( 'NONE', #194, #327, #1005, .T. ) ;
#1015 = CARTESIAN_POINT ( 'NONE',  ( 0.0000000000000000000, 0.0000000000000000000, 16.54912761369880059 ) ) ;
#1016 = DIRECTION ( 'NONE',  ( 0.0000000000000000000, 1.000000000000000000, 0.0000000000000000000 ) ) ;
#1017 =( LENGTH_UNIT ( ) NAMED_UNIT ( * ) SI_UNIT ( .MILLI., .METRE. ) );
#1018 = ORIENTED_EDGE ( 'NONE', *, *, #1031, .T. ) ;
#1019 = DIRECTION ( 'NONE',  ( 0.0000000000000000000, 0.0000000000000000000, -1.000000000000000000 ) ) ;
#1020 = AXIS2_PLACEMENT_3D ( 'NONE', #1687, #1674, #618 ) ;
#1021 =( GEOMETRIC_REPRESENTATION_CONTEXT ( 3 ) GLOBAL_UNCERTAINTY_ASSIGNED_CONTEXT ( ( #1601 ) ) GLOBAL_UNIT_ASSIGNED_CONTEXT ( ( #1838, #1500, #161 ) ) REPRESENTATION_CONTEXT ( 'NONE', 'WORKASPACE' ) );
#1022 = STYLED_ITEM ( 'NONE', ( #787 ), #230 ) ;
#1023 = AXIS2_PLACEMENT_3D ( 'NONE', #622, #1841, #1220 ) ;
#1024 = COLOUR_RGB ( '',0.7960784313725489669, 0.6039215686274509443, 0.2313725490196078538 ) ;
#1025 =( NAMED_UNIT ( * ) SI_UNIT ( $, .STERADIAN. ) SOLID_ANGLE_UNIT ( ) );
#1026 = COLOUR_RGB ( '',0.7960784313725489669, 0.6039215686274509443, 0.2313725490196078538 ) ;
#1027 =( LENGTH_UNIT ( ) NAMED_UNIT ( * ) SI_UNIT ( .MILLI., .METRE. ) );
#1028 = APPLICATION_PROTOCOL_DEFINITION ( 'draft international standard', 'automotive_design', 1998, #758 ) ;
#1029 = AXIS2_PLACEMENT_3D ( 'NONE', #1563, #659, #1866 ) ;
#1030 = CYLINDRICAL_SURFACE ( 'NONE', #1786, 0.5899999999999989697 ) ;
#1031 = EDGE_CURVE ( 'NONE', #108, #1089, #1331, .T. ) ;
#1032 = PRESENTATION_LAYER_ASSIGNMENT (  '', '', ( #432 ) ) ;
#1033 = CARTESIAN_POINT ( 'NONE',  ( 0.0000000000000000000, 0.0000000000000000000, 0.1629884069313390083 ) ) ;
#1034 = ORIENTED_EDGE ( 'NONE', *, *, #1261, .T. ) ;
#1035 = DIRECTION ( 'NONE',  ( 0.0000000000000000000, 0.0000000000000000000, -1.000000000000000000 ) ) ;
#1036 =( NAMED_UNIT ( * ) SI_UNIT ( $, .STERADIAN. ) SOLID_ANGLE_UNIT ( ) );
#1037 = CARTESIAN_POINT ( 'NONE',  ( 0.0000000000000000000, 0.0000000000000000000, 16.58036236619864212 ) ) ;
#1038 = CARTESIAN_POINT ( 'NONE',  ( -0.5097315657045659032, 0.0000000000000000000, 16.63543191435182678 ) ) ;
#1039 = EDGE_CURVE ( 'NONE', #436, #677, #1048, .T. ) ;
#1040 = ORIENTED_EDGE ( 'NONE', *, *, #595, .F. ) ;
#1041 =( NAMED_UNIT ( * ) PLANE_ANGLE_UNIT ( ) SI_UNIT ( $, .RADIAN. ) );
#1042 = CARTESIAN_POINT ( 'NONE',  ( 0.4944980031850769175, 6.055853967853620665E-17, 16.65447386752522974 ) ) ;
#1043 = SURFACE_SIDE_STYLE ('',( #441 ) ) ;
#1044 = CARTESIAN_POINT ( 'NONE',  ( 0.5899999999999989697, 7.225416114969370388E-17, 25.00000000000000000 ) ) ;
#1045 = EDGE_LOOP ( 'NONE', ( #1682, #949, #481, #890 ) ) ;
#1046 = CARTESIAN_POINT ( 'NONE',  ( -0.6799999999999987166, -1.359999999999998099, 16.78420571963459906 ) ) ;
#1047 = CARTESIAN_POINT ( 'NONE',  ( 0.0000000000000000000, 0.0000000000000000000, 16.63543191435182678 ) ) ;
#1048 = CIRCLE ( 'NONE', #1586, 0.6690434404958978121 ) ;
#1049 = COLOUR_RGB ( '',0.7450980392156862919, 0.7372549019607843590, 0.7294117647058823151 ) ;
#1050 = MECHANICAL_DESIGN_GEOMETRIC_PRESENTATION_REPRESENTATION (  '', ( #235 ), #1522 ) ;
#1051 = PRESENTATION_LAYER_ASSIGNMENT (  '', '', ( #1785 ) ) ;
#1052 = AXIS2_PLACEMENT_3D ( 'NONE', #678, #841, #93 ) ;
#1053 = COLOUR_RGB ( '',0.7450980392156862919, 0.7372549019607843590, 0.7294117647058823151 ) ;
#1054 = CARTESIAN_POINT ( 'NONE',  ( 0.6690434404751880448, 8.193419078684718204E-17, 16.58036236607272684 ) ) ;
#1055 = PRODUCT_DEFINITION_SHAPE ( 'NONE', 'NONE',  #384 ) ;
#1056 = ORIENTED_EDGE ( 'NONE', *, *, #1630, .F. ) ;
#1057 = SURFACE_STYLE_USAGE ( .BOTH. , #948 ) ;
#1058 = AXIS2_PLACEMENT_3D ( 'NONE', #1251, #493, #1538 ) ;
#1059 = CARTESIAN_POINT ( 'NONE',  ( 0.6762052006912721014, 8.281125345933603200E-17, 16.76192316754921663 ) ) ;
#1060 = ADVANCED_FACE ( 'NONE', ( #1799 ), #1112, .F. ) ;
#1061 =( BOUNDED_SURFACE ( )  B_SPLINE_SURFACE ( 3, 3, ( 
 ( #1248, #1860, #1093, #1605 ),
 ( #1409, #1711, #636, #498 ),
 ( #403, #389, #53, #1613 ),
 ( #1918, #663, #851, #1702 ) ),
 .UNSPECIFIED., .F., .F., .T. ) 
 B_SPLINE_SURFACE_WITH_KNOTS ( ( 4, 4 ),
 ( 4, 4 ),
 ( 0.0000000000000000000, 1.000000000000000000 ),
 ( 0.0000000000000000000, 1.000000000000000000 ),
 .UNSPECIFIED. ) 
 GEOMETRIC_REPRESENTATION_ITEM ( )  RATIONAL_B_SPLINE_SURFACE ( (
 ( 1.000000000000000000, 0.3333333333333334259, 0.3333333333333334259, 1.000000000000000000),
 ( 0.9624188794302990235, 0.3208062931434331189, 0.3208062931434331189, 0.9624188794302990235),
 ( 0.9624188794302990235, 0.3208062931434331189, 0.3208062931434331189, 0.9624188794302990235),
 ( 1.000000000000000000, 0.3333333333333334259, 0.3333333333333334259, 1.000000000000000000) ) ) 
 REPRESENTATION_ITEM ( '' )  SURFACE ( )  );
#1062 = CARTESIAN_POINT ( 'NONE',  ( 0.0000000000000000000, 0.0000000000000000000, 16.69790141909288650 ) ) ;
#1063 = ORIENTED_EDGE ( 'NONE', *, *, #1836, .F. ) ;
#1064 = FILL_AREA_STYLE ('',( #1086 ) ) ;
#1065 = CARTESIAN_POINT ( 'NONE',  ( -0.4999999999999990563, 0.0000000000000000000, 4.174999999999999822 ) ) ;
#1066 = ORIENTED_EDGE ( 'NONE', *, *, #1422, .T. ) ;
#1067 = CARTESIAN_POINT ( 'NONE',  ( 0.5862052006829036044, -1.172410401365806987, 16.79349346284260847 ) ) ;
#1068 = CARTESIAN_POINT ( 'NONE',  ( -0.6800000000000000488, 0.0000000000000000000, 16.54912761369880059 ) ) ;
#1069 = FILL_AREA_STYLE ('',( #1366 ) ) ;
#1070 = EDGE_CURVE ( 'NONE', #232, #1321, #1719, .T. ) ;
#1071 =( NAMED_UNIT ( * ) SI_UNIT ( $, .STERADIAN. ) SOLID_ANGLE_UNIT ( ) );
#1072 =( NAMED_UNIT ( * ) SI_UNIT ( $, .STERADIAN. ) SOLID_ANGLE_UNIT ( ) );
#1073 = ORIENTED_EDGE ( 'NONE', *, *, #1515, .F. ) ;
#1074 = FILL_AREA_STYLE ('',( #474 ) ) ;
#1075 = ORIENTED_EDGE ( 'NONE', *, *, #1934, .T. ) ;
#1076 = CARTESIAN_POINT ( 'NONE',  ( -0.5862052006829031603, -1.172410401365806987, 16.79349346284260847 ) ) ;
#1077 = CARTESIAN_POINT ( 'NONE',  ( 0.6799999999999990496, 8.327598234201990765E-17, 16.78420571963459906 ) ) ;
#1078 = CARTESIAN_POINT ( 'NONE',  ( 0.0000000000000000000, 0.0000000000000000000, 0.0000000000000000000 ) ) ;
#1079 = STYLED_ITEM ( 'NONE', ( #1420 ), #893 ) ;
#1080 = VECTOR ( 'NONE', #515, 1000.000000000000000 ) ;
#1081 = CARTESIAN_POINT ( 'NONE',  ( 0.0000000000000000000, 0.0000000000000000000, 16.78454126258667500 ) ) ;
#1082 = PRESENTATION_LAYER_ASSIGNMENT (  '', '', ( #832 ) ) ;
#1083 = CARTESIAN_POINT ( 'NONE',  ( -0.6800000000000000488, 0.0000000000000000000, 0.1629884069313390083 ) ) ;
#1084 = ORIENTED_EDGE ( 'NONE', *, *, #1595, .F. ) ;
#1085 = ADVANCED_FACE ( 'NONE', ( #1761 ), #1061, .F. ) ;
#1086 = FILL_AREA_STYLE_COLOUR ( '', #1559 ) ;
#1087 = AXIS2_PLACEMENT_3D ( 'NONE', #22, #614, #37 ) ;
#1088 =( NAMED_UNIT ( * ) SI_UNIT ( $, .STERADIAN. ) SOLID_ANGLE_UNIT ( ) );
#1089 = VERTEX_POINT ( 'NONE', #993 ) ;
#1090 = CARTESIAN_POINT ( 'NONE',  ( 0.4999999999999990563, 6.123233995736753710E-17, 8.349999999999999645 ) ) ;
#1091 = VECTOR ( 'NONE', #428, 1000.000000000000000 ) ;
#1092 =( GEOMETRIC_REPRESENTATION_CONTEXT ( 3 ) GLOBAL_UNCERTAINTY_ASSIGNED_CONTEXT ( ( #1103 ) ) GLOBAL_UNIT_ASSIGNED_CONTEXT ( ( #1293, #1909, #1258 ) ) REPRESENTATION_CONTEXT ( 'NONE', 'WORKASPACE' ) );
#1093 = CARTESIAN_POINT ( 'NONE',  ( -0.5899999999999968603, -1.179999999999994387, 16.51755731840500019 ) ) ;
#1094 =( NAMED_UNIT ( * ) PLANE_ANGLE_UNIT ( ) SI_UNIT ( $, .RADIAN. ) );
#1095 = SURFACE_STYLE_FILL_AREA ( #640 ) ;
#1096 = CARTESIAN_POINT ( 'NONE',  ( 0.0000000000000000000, 0.0000000000000000000, 16.81577601495209962 ) ) ;
#1097 = CARTESIAN_POINT ( 'NONE',  ( -0.2475353115722144781, -0.2582708456749009951, -0.1229395184671380065 ) ) ;
#1098 = CARTESIAN_POINT ( 'NONE',  ( 0.6249878019021641862, 7.653893111056253883E-17, 16.69790141904440617 ) ) ;
#1099 = ADVANCED_FACE ( 'NONE', ( #198 ), #1756, .T. ) ;
#1100 = LINE ( 'NONE', #1065, #715 ) ;
#1101 = VERTEX_POINT ( 'NONE', #1821 ) ;
#1102 = SURFACE_STYLE_FILL_AREA ( #807 ) ;
#1103 = UNCERTAINTY_MEASURE_WITH_UNIT (LENGTH_MEASURE( 1.000000000000000082E-05 ), #1293, 'distance_accuracy_value', 'NONE');
#1104 = SURFACE_SIDE_STYLE ('',( #1257 ) ) ;
#1105 = CARTESIAN_POINT ( 'NONE',  ( 0.6875379127894137854, -0.6127281570767416641, 0.3160000743232639908 ) ) ;
#1106 = CARTESIAN_POINT ( 'NONE',  ( -0.5899999999999989697, 0.0000000000000000000, 20.89911848099649916 ) ) ;
#1107 = ORIENTED_EDGE ( 'NONE', *, *, #1651, .F. ) ;
#1108 =( LENGTH_UNIT ( ) NAMED_UNIT ( * ) SI_UNIT ( .MILLI., .METRE. ) );
#1109 = DIRECTION ( 'NONE',  ( -0.0000000000000000000, -0.0000000000000000000, 1.000000000000000000 ) ) ;
#1110 =( NAMED_UNIT ( * ) PLANE_ANGLE_UNIT ( ) SI_UNIT ( $, .RADIAN. ) );
#1111 = AXIS2_PLACEMENT_3D ( 'NONE', #1482, #1323, #885 ) ;
#1112 = CONICAL_SURFACE ( 'NONE', #360, 0.5790434404957522929, 0.6747409423035635179 ) ;
#1113 =( GEOMETRIC_REPRESENTATION_CONTEXT ( 3 ) GLOBAL_UNCERTAINTY_ASSIGNED_CONTEXT ( ( #85 ) ) GLOBAL_UNIT_ASSIGNED_CONTEXT ( ( #1027, #736, #1071 ) ) REPRESENTATION_CONTEXT ( 'NONE', 'WORKASPACE' ) );
#1114 = SURFACE_STYLE_USAGE ( .BOTH. , #1768 ) ;
#1115 = PRODUCT_DEFINITION_SHAPE ( 'NONE', 'NONE',  #1543 ) ;
#1116 = MECHANICAL_DESIGN_GEOMETRIC_PRESENTATION_REPRESENTATION (  '', ( #1690 ), #118 ) ;
#1117 = ORIENTED_EDGE ( 'NONE', *, *, #280, .T. ) ;
#1118 = PRESENTATION_STYLE_ASSIGNMENT (( #233 ) ) ;
#1119 = CIRCLE ( 'NONE', #1853, 0.05000000000000002359 ) ;
#1120 = CIRCLE ( 'NONE', #299, 0.4999999999999990563 ) ;
#1121 = APPLICATION_PROTOCOL_DEFINITION ( 'draft international standard', 'automotive_design', 1998, #561 ) ;
#1122 = COLOUR_RGB ( '',0.7921568627450980005, 0.8196078431372548767, 0.9333333333333333481 ) ;
#1123 = CARTESIAN_POINT ( 'NONE',  ( 0.5399999999999970379, 6.613092715395671721E-17, 16.51755731840500019 ) ) ;
#1124 = FILL_AREA_STYLE_COLOUR ( '', #570 ) ;
#1125 = UNCERTAINTY_MEASURE_WITH_UNIT (LENGTH_MEASURE( 1.000000000000000082E-05 ), #1733, 'distance_accuracy_value', 'NONE');
#1126 = CARTESIAN_POINT ( 'NONE',  ( -0.6800000000000000488, 1.359999999999999876, 16.56059202378942885 ) ) ;
#1127 = CARTESIAN_POINT ( 'NONE',  ( 0.6249878019228110038, 7.653893111309104757E-17, 16.63543191426318657 ) ) ;
#1128 = UNCERTAINTY_MEASURE_WITH_UNIT (LENGTH_MEASURE( 1.000000000000000082E-05 ), #419, 'distance_accuracy_value', 'NONE');
#1129 = FILL_AREA_STYLE_COLOUR ( '', #1945 ) ;
#1130 = ORIENTED_EDGE ( 'NONE', *, *, #1771, .F. ) ;
#1131 = CARTESIAN_POINT ( 'NONE',  ( -0.4944980031864200654, -0.9889960063728406858, 16.67885946589175106 ) ) ;
#1132 = CARTESIAN_POINT ( 'NONE',  ( 0.6097542393554286067, 7.467335774931548360E-17, 16.65447386744662595 ) ) ;
#1133 = ADVANCED_FACE ( 'NONE', ( #607 ), #19, .T. ) ;
#1134 = CARTESIAN_POINT ( 'NONE',  ( 0.6762052006810649329, 1.352410401362130310, 16.57141016581359239 ) ) ;
#1135 = CARTESIAN_POINT ( 'NONE',  ( 0.5966266122727448273, 0.1928539640326689120, 0.1795021242511257165 ) ) ;
#1136 = ORIENTED_EDGE ( 'NONE', *, *, #1826, .T. ) ;
#1137 = SHAPE_DEFINITION_REPRESENTATION ( #1608, #212 ) ;
#1138 = SHAPE_REPRESENTATION ( 'Pogo_Vastago', ( #245 ), #941 ) ;
#1139 = CARTESIAN_POINT ( 'NONE',  ( -0.5862052006789503222, 0.0000000000000000000, 16.53983987052587779 ) ) ;
#1140 = UNCERTAINTY_MEASURE_WITH_UNIT (LENGTH_MEASURE( 1.000000000000000082E-05 ), #464, 'distance_accuracy_value', 'NONE');
#1141 = SURFACE_SIDE_STYLE ('',( #1526 ) ) ;
#1142 = FILL_AREA_STYLE_COLOUR ( '', #583 ) ;
#1143 = CARTESIAN_POINT ( 'NONE',  ( -0.6249878019228110038, -1.530778622261820951E-16, 16.63543191426318657 ) ) ;
#1144 = CIRCLE ( 'NONE', #1906, 0.05000000000000002359 ) ;
#1145 = AXIS2_PLACEMENT_3D ( 'NONE', #723, #1504, #153 ) ;
#1146 = EDGE_CURVE ( 'NONE', #729, #1101, #793, .T. ) ;
#1147 = ORIENTED_EDGE ( 'NONE', *, *, #1836, .T. ) ;
#1148 = COLOUR_RGB ( '',0.7960784313725489669, 0.6039215686274509443, 0.2313725490196078538 ) ;
#1149 = FILL_AREA_STYLE_COLOUR ( '', #206 ) ;
#1150 =( NAMED_UNIT ( * ) SI_UNIT ( $, .STERADIAN. ) SOLID_ANGLE_UNIT ( ) );
#1151 = CONICAL_SURFACE ( 'NONE', #294, 0.5790434404957522929, 0.6747409415834660917 ) ;
#1152 = CIRCLE ( 'NONE', #266, 0.6800000000000000488 ) ;
#1153 = CIRCLE ( 'NONE', #1087, 0.6249878019275456609 ) ;
#1154 = CARTESIAN_POINT ( 'NONE',  ( 0.7500000000000000000, 9.184850993605149670E-17, 0.0000000000000000000 ) ) ;
#1155 =( GEOMETRIC_REPRESENTATION_CONTEXT ( 3 ) GLOBAL_UNCERTAINTY_ASSIGNED_CONTEXT ( ( #909 ) ) GLOBAL_UNIT_ASSIGNED_CONTEXT ( ( #740, #1661, #293 ) ) REPRESENTATION_CONTEXT ( 'NONE', 'WORKASPACE' ) );
#1156 =( GEOMETRIC_REPRESENTATION_CONTEXT ( 3 ) GLOBAL_UNCERTAINTY_ASSIGNED_CONTEXT ( ( #506 ) ) GLOBAL_UNIT_ASSIGNED_CONTEXT ( ( #1766, #138, #576 ) ) REPRESENTATION_CONTEXT ( 'NONE', 'WORKASPACE' ) );
#1157 = SHAPE_REPRESENTATION_RELATIONSHIP ( 'NONE' , 'NONE' ,  #318, #1307 ) ;
#1158 = PRESENTATION_STYLE_ASSIGNMENT (( #668 ) ) ;
#1159 = ORIENTED_EDGE ( 'NONE', *, *, #539, .T. ) ;
#1160 = SURFACE_STYLE_FILL_AREA ( #342 ) ;
#1161 = EDGE_CURVE ( 'NONE', #811, #919, #994, .T. ) ;
#1162 = SURFACE_STYLE_FILL_AREA ( #374 ) ;
#1163 = DIRECTION ( 'NONE',  ( 0.0000000000000000000, 0.0000000000000000000, -1.000000000000000000 ) ) ;
#1164 = MANIFOLD_SOLID_BREP ( 'Imported1', #320 ) ;
#1165 = FILL_AREA_STYLE ('',( #1124 ) ) ;
#1166 = CARTESIAN_POINT ( 'NONE',  ( 0.6249878019275456609, 7.923656095049946353E-17, 16.63543191426697376 ) ) ;
#1167 = DIRECTION ( 'NONE',  ( -1.000000000000000000, 0.0000000000000000000, 0.0000000000000000000 ) ) ;
#1168 = ORIENTED_EDGE ( 'NONE', *, *, #769, .F. ) ;
#1169 = CARTESIAN_POINT ( 'NONE',  ( -0.5790434404802922153, 1.158086880960584208, 16.78454126258455403 ) ) ;
#1170 = EDGE_CURVE ( 'NONE', #1777, #1510, #1493, .T. ) ;
#1171 = APPLICATION_CONTEXT ( 'automotive_design' ) ;
#1172 = CARTESIAN_POINT ( 'NONE',  ( 0.5097315657045659032, 6.242411303644654049E-17, 16.63543191435182678 ) ) ;
#1173 = DIRECTION ( 'NONE',  ( 0.0000000000000000000, 0.0000000000000000000, -1.000000000000000000 ) ) ;
#1174 = CARTESIAN_POINT ( 'NONE',  ( -0.6762052006810652660, -1.656225069161720159E-16, 16.57141016581359594 ) ) ;
#1175 = ORIENTED_EDGE ( 'NONE', *, *, #1422, .F. ) ;
#1176 =( GEOMETRIC_REPRESENTATION_CONTEXT ( 3 ) GLOBAL_UNCERTAINTY_ASSIGNED_CONTEXT ( ( #1477 ) ) GLOBAL_UNIT_ASSIGNED_CONTEXT ( ( #1544, #197, #373 ) ) REPRESENTATION_CONTEXT ( 'NONE', 'WORKASPACE' ) );
#1177 = AXIS2_PLACEMENT_3D ( 'NONE', #1015, #1614, #865 ) ;
#1178 = CARTESIAN_POINT ( 'NONE',  ( 0.6799999999999990496, 8.327598234201990765E-17, 16.78420571963459906 ) ) ;
#1179 = FILL_AREA_STYLE_COLOUR ( '', #1753 ) ;
#1180 = AXIS2_PLACEMENT_3D ( 'NONE', #963, #229, #1578 ) ;
#1181 = CONICAL_SURFACE ( 'NONE', #1814, 0.6690434404390543932, 0.6747409420976732131 ) ;
#1182 =( GEOMETRIC_REPRESENTATION_CONTEXT ( 3 ) GLOBAL_UNCERTAINTY_ASSIGNED_CONTEXT ( ( #1382 ) ) GLOBAL_UNIT_ASSIGNED_CONTEXT ( ( #637, #1094, #1512 ) ) REPRESENTATION_CONTEXT ( 'NONE', 'WORKASPACE' ) );
#1183 = PRESENTATION_LAYER_ASSIGNMENT (  '', '', ( #936 ) ) ;
#1184 =( NAMED_UNIT ( * ) SI_UNIT ( $, .STERADIAN. ) SOLID_ANGLE_UNIT ( ) );
#1185 = PRESENTATION_LAYER_ASSIGNMENT (  '', '', ( #364 ) ) ;
#1186 = CARTESIAN_POINT ( 'NONE',  ( 0.0000000000000000000, 0.0000000000000000000, 0.0000000000000000000 ) ) ;
#1187 = ORIENTED_EDGE ( 'NONE', *, *, #854, .F. ) ;
#1188 =( REPRESENTATION_RELATIONSHIP ('NONE','NONE', #1348, #212 ) REPRESENTATION_RELATIONSHIP_WITH_TRANSFORMATION ( #813 )SHAPE_REPRESENTATION_RELATIONSHIP( ) );
#1189 =( NAMED_UNIT ( * ) PLANE_ANGLE_UNIT ( ) SI_UNIT ( $, .RADIAN. ) );
#1190 = SURFACE_STYLE_FILL_AREA ( #585 ) ;
#1191 = CARTESIAN_POINT ( 'NONE',  ( -3.901131567836450209, -3.960690899946829990, -12.50000000000000000 ) ) ;
#1192 = FILL_AREA_STYLE ('',( #1802 ) ) ;
#1193 = DIRECTION ( 'NONE',  ( -1.000000000000000000, 0.0000000000000000000, 0.0000000000000000000 ) ) ;
#1194 = EDGE_LOOP ( 'NONE', ( #615, #1283, #347, #50 ) ) ;
#1195 =( NAMED_UNIT ( * ) SI_UNIT ( $, .STERADIAN. ) SOLID_ANGLE_UNIT ( ) );
#1196 = CARTESIAN_POINT ( 'NONE',  ( 0.0000000000000000000, 0.0000000000000000000, 16.54879207080739434 ) ) ;
#1197 = CARTESIAN_POINT ( 'NONE',  ( 0.0000000000000000000, 0.0000000000000000000, 16.78454126260930934 ) ) ;
#1198 =( BOUNDED_SURFACE ( )  B_SPLINE_SURFACE ( 3, 3, ( 
 ( #1924, #1456, #594, #126 ),
 ( #150, #872, #1796, #1470 ),
 ( #1808, #1930, #1948, #1174 ),
 ( #1054, #566, #442, #133 ) ),
 .UNSPECIFIED., .F., .F., .F. ) 
 B_SPLINE_SURFACE_WITH_KNOTS ( ( 4, 4 ),
 ( 4, 4 ),
 ( 0.0000000000000000000, 1.000000000000000000 ),
 ( 0.0000000000000000000, 1.000000000000000000 ),
 .UNSPECIFIED. ) 
 GEOMETRIC_REPRESENTATION_ITEM ( )  RATIONAL_B_SPLINE_SURFACE ( (
 ( 1.000000000000000000, 0.3333333333333334259, 0.3333333333333334259, 1.000000000000000000),
 ( 0.9624188794510045719, 0.3208062931503349313, 0.3208062931503349313, 0.9624188794510045719),
 ( 0.9624188794510045719, 0.3208062931503349313, 0.3208062931503349313, 0.9624188794510045719),
 ( 1.000000000000000000, 0.3333333333333334259, 0.3333333333333334259, 1.000000000000000000) ) ) 
 REPRESENTATION_ITEM ( '' )  SURFACE ( )  );
#1199 = SURFACE_SIDE_STYLE ('',( #1095 ) ) ;
#1200 = CARTESIAN_POINT ( 'NONE',  ( 0.6800000000000000488, 8.327598234202003091E-17, 0.1629884069313390083 ) ) ;
#1201 = EDGE_CURVE ( 'NONE', #1895, #1662, #336, .T. ) ;
#1202 = EDGE_LOOP ( 'NONE', ( #968, #308, #1393, #1508 ) ) ;
#1203 =( GEOMETRIC_REPRESENTATION_CONTEXT ( 3 ) GLOBAL_UNCERTAINTY_ASSIGNED_CONTEXT ( ( #1009 ) ) GLOBAL_UNIT_ASSIGNED_CONTEXT ( ( #627, #477, #31 ) ) REPRESENTATION_CONTEXT ( 'NONE', 'WORKASPACE' ) );
#1204 =( GEOMETRIC_REPRESENTATION_CONTEXT ( 3 ) GLOBAL_UNCERTAINTY_ASSIGNED_CONTEXT ( ( #1128 ) ) GLOBAL_UNIT_ASSIGNED_CONTEXT ( ( #419, #1041, #1036 ) ) REPRESENTATION_CONTEXT ( 'NONE', 'WORKASPACE' ) );
#1205 = PRESENTATION_LAYER_ASSIGNMENT (  '', '', ( #112 ) ) ;
#1206 = CIRCLE ( 'NONE', #1653, 0.6799999999999990496 ) ;
#1207 = CIRCLE ( 'NONE', #609, 0.05000000000000002359 ) ;
#1208 = CIRCLE ( 'NONE', #363, 0.05000000000000002359 ) ;
#1209 = DIRECTION ( 'NONE',  ( -0.0000000000000000000, -0.0000000000000000000, 1.000000000000000000 ) ) ;
#1210 =( LENGTH_UNIT ( ) NAMED_UNIT ( * ) SI_UNIT ( .MILLI., .METRE. ) );
#1211 = AXIS2_PLACEMENT_3D ( 'NONE', #343, #261, #1555 ) ;
#1212 = MECHANICAL_DESIGN_GEOMETRIC_PRESENTATION_REPRESENTATION (  '', ( #526 ), #272 ) ;
#1213 = FILL_AREA_STYLE_COLOUR ( '', #1657 ) ;
#1214 = ORIENTED_EDGE ( 'NONE', *, *, #1865, .F. ) ;
#1215 = PRESENTATION_LAYER_ASSIGNMENT (  '', '', ( #1566 ) ) ;
#1216 = FILL_AREA_STYLE_COLOUR ( '', #1026 ) ;
#1217 = VERTEX_POINT ( 'NONE', #1678 ) ;
#1218 = FILL_AREA_STYLE_COLOUR ( '', #1024 ) ;
#1219 = CARTESIAN_POINT ( 'NONE',  ( 0.0000000000000000000, 0.0000000000000000000, 16.58036236619864212 ) ) ;
#1220 = DIRECTION ( 'NONE',  ( -1.000000000000000000, 0.0000000000000000000, 0.0000000000000000000 ) ) ;
#1221 = FACE_OUTER_BOUND ( 'NONE', #1406, .T. ) ;
#1222 = ORIENTED_EDGE ( 'NONE', *, *, #164, .F. ) ;
#1223 = CARTESIAN_POINT ( 'NONE',  ( -0.5899999999999990807, -1.445083222993874571E-16, 16.81577601495209962 ) ) ;
#1224 = SURFACE_SIDE_STYLE ('',( #1675 ) ) ;
#1225 = ADVANCED_FACE ( 'NONE', ( #4 ), #1267, .T. ) ;
#1226 = CARTESIAN_POINT ( 'NONE',  ( 0.0000000000000000000, 0.6800000000000000488, 25.00000000000000000 ) ) ;
#1227 = EDGE_LOOP ( 'NONE', ( #1815, #372, #784, #271 ) ) ;
#1228 = DIRECTION ( 'NONE',  ( -1.000000000000000000, 0.0000000000000000000, 0.0000000000000000000 ) ) ;
#1229 = CARTESIAN_POINT ( 'NONE',  ( 0.0000000000000000000, 0.0000000000000000000, 16.58036236607651048 ) ) ;
#1230 = ORIENTED_EDGE ( 'NONE', *, *, #1505, .F. ) ;
#1231 = DIRECTION ( 'NONE',  ( -1.000000000000000000, 0.0000000000000000000, 0.0000000000000000000 ) ) ;
#1232 = CARTESIAN_POINT ( 'NONE',  ( -0.6799999999999990496, 0.0000000000000000000, 16.78420571963459906 ) ) ;
#1233 = PRESENTATION_LAYER_ASSIGNMENT (  '', '', ( #1690 ) ) ;
#1234 = CIRCLE ( 'NONE', #1876, 0.6690434404958978121 ) ;
#1235 =( NAMED_UNIT ( * ) PLANE_ANGLE_UNIT ( ) SI_UNIT ( $, .RADIAN. ) );
#1236 = EDGE_CURVE ( 'NONE', #1347, #1395, #353, .T. ) ;
#1237 = STYLED_ITEM ( 'NONE', ( #157 ), #1164 ) ;
#1238 = CIRCLE ( 'NONE', #326, 0.05000000000000002359 ) ;
#1239 = FILL_AREA_STYLE_COLOUR ( '', #1648 ) ;
#1240 = FACE_OUTER_BOUND ( 'NONE', #827, .T. ) ;
#1241 =( GEOMETRIC_REPRESENTATION_CONTEXT ( 3 ) GLOBAL_UNCERTAINTY_ASSIGNED_CONTEXT ( ( #781 ) ) GLOBAL_UNIT_ASSIGNED_CONTEXT ( ( #290, #1235, #334 ) ) REPRESENTATION_CONTEXT ( 'NONE', 'WORKASPACE' ) );
#1242 = COLOUR_RGB ( '',0.7450980392156862919, 0.7372549019607843590, 0.7294117647058823151 ) ;
#1243 = MECHANICAL_DESIGN_GEOMETRIC_PRESENTATION_REPRESENTATION (  '', ( #364 ), #15 ) ;
#1244 = SURFACE_STYLE_USAGE ( .BOTH. , #785 ) ;
#1245 = ORIENTED_EDGE ( 'NONE', *, *, #1324, .F. ) ;
#1246 = STYLED_ITEM ( 'NONE', ( #688 ), #1803 ) ;
#1247 = MECHANICAL_DESIGN_GEOMETRIC_PRESENTATION_REPRESENTATION (  '', ( #432 ), #717 ) ;
#1248 = CARTESIAN_POINT ( 'NONE',  ( 0.5899999999999970823, 7.225416114969348202E-17, 16.51755731840500019 ) ) ;
#1249 = CARTESIAN_POINT ( 'NONE',  ( 0.5899999999999969713, 1.179999999999993943, 16.52902172849893958 ) ) ;
#1250 = CARTESIAN_POINT ( 'NONE',  ( 0.6299999999999990052, 7.715274834628314284E-17, 16.78420571963459906 ) ) ;
#1251 = CARTESIAN_POINT ( 'NONE',  ( 0.0000000000000000000, 0.0000000000000000000, 0.2138980571046349977 ) ) ;
#1252 = PRODUCT_RELATED_PRODUCT_CATEGORY ( 'part', '', ( #1305 ) ) ;
#1253 = CARTESIAN_POINT ( 'NONE',  ( 0.0000000000000000000, 0.0000000000000000000, 4.174999999999999822 ) ) ;
#1254 = ORIENTED_EDGE ( 'NONE', *, *, #718, .T. ) ;
#1255 = FILL_AREA_STYLE_COLOUR ( '', #3 ) ;
#1256 = UNCERTAINTY_MEASURE_WITH_UNIT (LENGTH_MEASURE( 1.000000000000000082E-05 ), #1280, 'distance_accuracy_value', 'NONE');
#1257 = SURFACE_STYLE_FILL_AREA ( #532 ) ;
#1258 =( NAMED_UNIT ( * ) SI_UNIT ( $, .STERADIAN. ) SOLID_ANGLE_UNIT ( ) );
#1259 = ORIENTED_EDGE ( 'NONE', *, *, #657, .T. ) ;
#1260 = CARTESIAN_POINT ( 'NONE',  ( -0.5097315657045656812, -1.019463131409131806, 16.63543191435182678 ) ) ;
#1261 = EDGE_CURVE ( 'NONE', #1217, #1510, #424, .T. ) ;
#1262 = SURFACE_SIDE_STYLE ('',( #691 ) ) ;
#1263 = STYLED_ITEM ( 'NONE', ( #217 ), #116 ) ;
#1264 = CARTESIAN_POINT ( 'NONE',  ( -0.5862052006789504333, 1.172410401357900867, 16.53983987052587779 ) ) ;
#1265 = SURFACE_STYLE_FILL_AREA ( #981 ) ;
#1266 = SURFACE_STYLE_USAGE ( .BOTH. , #839 ) ;
#1267 = CONICAL_SURFACE ( 'NONE', #169, 0.6690434403822109743, 0.6747409419717939061 ) ;
#1268 = PRESENTATION_LAYER_ASSIGNMENT (  '', '', ( #174 ) ) ;
#1269 = SURFACE_STYLE_FILL_AREA ( #249 ) ;
#1270 = AXIS2_PLACEMENT_3D ( 'NONE', #964, #809, #61 ) ;
#1271 = ORIENTED_EDGE ( 'NONE', *, *, #164, .T. ) ;
#1272 = MECHANICAL_DESIGN_GEOMETRIC_PRESENTATION_REPRESENTATION (  '', ( #175 ), #177 ) ;
#1273 = STYLED_ITEM ( 'NONE', ( #1158 ), #1794 ) ;
#1274 = EDGE_CURVE ( 'NONE', #436, #327, #324, .T. ) ;
#1275 = SURFACE_STYLE_FILL_AREA ( #680 ) ;
#1276 = PRODUCT_DEFINITION_FORMATION_WITH_SPECIFIED_SOURCE ( 'ANY', '', #1305, .NOT_KNOWN. ) ;
#1277 = CARTESIAN_POINT ( 'NONE',  ( 0.6097542393554283846, 1.219508478710856769, 16.65447386744662595 ) ) ;
#1278 = UNCERTAINTY_MEASURE_WITH_UNIT (LENGTH_MEASURE( 1.000000000000000082E-05 ), #857, 'distance_accuracy_value', 'NONE');
#1279 = DIRECTION ( 'NONE',  ( 1.000000000000000000, 1.224646799147353207E-16, 0.0000000000000000000 ) ) ;
#1280 =( LENGTH_UNIT ( ) NAMED_UNIT ( * ) SI_UNIT ( .MILLI., .METRE. ) );
#1281 = DIRECTION ( 'NONE',  ( 0.6246950470546007717, 7.650307898186220532E-17, -0.7808688098428891999 ) ) ;
#1282 = CARTESIAN_POINT ( 'NONE',  ( -0.2121618818531890993, -0.6183030761038343925, 0.1805913072838291888 ) ) ;
#1283 = ORIENTED_EDGE ( 'NONE', *, *, #1274, .T. ) ;
#1284 = FILL_AREA_STYLE ('',( #690 ) ) ;
#1285 = CARTESIAN_POINT ( 'NONE',  ( 0.6249878019228108927, 1.249975603845621785, 16.63543191426318302 ) ) ;
#1286 = ADVANCED_FACE ( 'NONE', ( #58 ), #960, .T. ) ;
#1287 = DIRECTION ( 'NONE',  ( 1.224646799147353207E-16, -1.000000000000000000, 0.0000000000000000000 ) ) ;
#1288 =( NAMED_UNIT ( * ) SI_UNIT ( $, .STERADIAN. ) SOLID_ANGLE_UNIT ( ) );
#1289 = ORIENTED_EDGE ( 'NONE', *, *, #1236, .T. ) ;
#1290 = SURFACE_STYLE_FILL_AREA ( #1565 ) ;
#1291 = CARTESIAN_POINT ( 'NONE',  ( 0.0000000000000000000, 0.0000000000000000000, 16.75297096716121814 ) ) ;
#1292 = CARTESIAN_POINT ( 'NONE',  ( -0.5487750061959549841, 0.0000000000000000000, 16.66666666670549901 ) ) ;
#1293 =( LENGTH_UNIT ( ) NAMED_UNIT ( * ) SI_UNIT ( .MILLI., .METRE. ) );
#1294 = EDGE_CURVE ( 'NONE', #1376, #623, #1652, .T. ) ;
#1295 = FACE_OUTER_BOUND ( 'NONE', #502, .T. ) ;
#1296 = UNCERTAINTY_MEASURE_WITH_UNIT (LENGTH_MEASURE( 1.000000000000000082E-05 ), #1325, 'distance_accuracy_value', 'NONE');
#1297 = SURFACE_STYLE_USAGE ( .BOTH. , #825 ) ;
#1298 = AXIS2_PLACEMENT_3D ( 'NONE', #492, #189, #1807 ) ;
#1299 = ORIENTED_EDGE ( 'NONE', *, *, #1913, .F. ) ;
#1300 = PRESENTATION_LAYER_ASSIGNMENT (  '', '', ( #78 ) ) ;
#1301 = FACE_OUTER_BOUND ( 'NONE', #172, .T. ) ;
#1302 = COLOUR_RGB ( '',0.7960784313725489669, 0.6039215686274509443, 0.2313725490196078538 ) ;
#1303 = CARTESIAN_POINT ( 'NONE',  ( -0.5790434404957522929, 0.0000000000000000000, 16.54879207080739434 ) ) ;
#1304 = CARTESIAN_POINT ( 'NONE',  ( 0.0000000000000000000, 0.0000000000000000000, 16.54879207080739434 ) ) ;
#1305 = PRODUCT ( 'Pogo_Base', 'Pogo_Base', '', ( #979 ) ) ;
#1306 = COLOUR_RGB ( '',0.7960784313725489669, 0.6039215686274509443, 0.2313725490196078538 ) ;
#1307 = ADVANCED_BREP_SHAPE_REPRESENTATION ( '', ( #1795, #245 ), #687 ) ;
#1308 = STYLED_ITEM ( 'NONE', ( #120 ), #1890 ) ;
#1309 = PRESENTATION_STYLE_ASSIGNMENT (( #877 ) ) ;
#1310 = DIRECTION ( 'NONE',  ( 0.0000000000000000000, 0.0000000000000000000, 1.000000000000000000 ) ) ;
#1311 = LINE ( 'NONE', #871, #1524 ) ;
#1312 = CARTESIAN_POINT ( 'NONE',  ( -0.6799999999999990496, 0.0000000000000000000, 25.00000000000000000 ) ) ;
#1313 = VERTEX_POINT ( 'NONE', #721 ) ;
#1314 = CARTESIAN_POINT ( 'NONE',  ( 0.5899999999999970823, 7.225416114969348202E-17, 16.51755731840500019 ) ) ;
#1315 = FACE_OUTER_BOUND ( 'NONE', #1423, .T. ) ;
#1316 = CARTESIAN_POINT ( 'NONE',  ( 0.5862052006829034934, 7.178943226598497466E-17, 16.79349346284260491 ) ) ;
#1317 = DIRECTION ( 'NONE',  ( -0.0000000000000000000, -0.0000000000000000000, -1.000000000000000000 ) ) ;
#1318 = CARTESIAN_POINT ( 'NONE',  ( 0.6690434403822109743, 8.193419077546076374E-17, 16.58036236619864212 ) ) ;
#1319 = CARTESIAN_POINT ( 'NONE',  ( 0.0000000000000000000, 0.0000000000000000000, 2.000000000009549694 ) ) ;
#1320 = DIRECTION ( 'NONE',  ( 1.224646799147353207E-16, -1.000000000000000000, 0.0000000000000000000 ) ) ;
#1321 = VERTEX_POINT ( 'NONE', #137 ) ;
#1322 = CARTESIAN_POINT ( 'NONE',  ( 0.6690434405035207144, -1.338086881007040763, 16.75297096729608626 ) ) ;
#1323 = DIRECTION ( 'NONE',  ( 0.0000000000000000000, 0.0000000000000000000, -1.000000000000000000 ) ) ;
#1324 = EDGE_CURVE ( 'NONE', #1867, #100, #1207, .T. ) ;
#1325 =( LENGTH_UNIT ( ) NAMED_UNIT ( * ) SI_UNIT ( .MILLI., .METRE. ) );
#1326 =( LENGTH_UNIT ( ) NAMED_UNIT ( * ) SI_UNIT ( .MILLI., .METRE. ) );
#1327 = DIRECTION ( 'NONE',  ( 0.0000000000000000000, 0.0000000000000000000, 1.000000000000000000 ) ) ;
#1328 = DIRECTION ( 'NONE',  ( -0.6246950476169021993, 7.650307905072426498E-17, 0.7808688093930479246 ) ) ;
#1329 =( NAMED_UNIT ( * ) PLANE_ANGLE_UNIT ( ) SI_UNIT ( $, .RADIAN. ) );
#1330 = ORIENTED_EDGE ( 'NONE', *, *, #376, .F. ) ;
#1331 = CIRCLE ( 'NONE', #1177, 0.6800000000000000488 ) ;
#1332 = MECHANICAL_DESIGN_GEOMETRIC_PRESENTATION_REPRESENTATION (  '', ( #78 ), #897 ) ;
#1333 = CIRCLE ( 'NONE', #646, 0.7500000000000000000 ) ;
#1334 = PRODUCT_DEFINITION ( 'UNKNOWN', '', #1791, #1800 ) ;
#1335 = AXIS2_PLACEMENT_3D ( 'NONE', #509, #1727, #370 ) ;
#1336 = CARTESIAN_POINT ( 'NONE',  ( 0.0000000000000000000, 0.0000000000000000000, 25.00000000000000000 ) ) ;
#1337 = COLOUR_RGB ( '',0.7450980392156862919, 0.7372549019607843590, 0.7294117647058823151 ) ;
#1338 = DIRECTION ( 'NONE',  ( -1.000000000000000000, 0.0000000000000000000, 0.0000000000000000000 ) ) ;
#1339 =( NAMED_UNIT ( * ) SI_UNIT ( $, .STERADIAN. ) SOLID_ANGLE_UNIT ( ) );
#1340 = CARTESIAN_POINT ( 'NONE',  ( -0.6690434404799161516, 0.0000000000000000000, 16.58036236607651048 ) ) ;
#1341 = FACE_OUTER_BOUND ( 'NONE', #1925, .T. ) ;
#1342 = ORIENTED_EDGE ( 'NONE', *, *, #310, .F. ) ;
#1343 = CARTESIAN_POINT ( 'NONE',  ( 0.6799999999999992717, -1.359999999999997877, 16.78420571963459906 ) ) ;
#1344 = SURFACE_SIDE_STYLE ('',( #1503 ) ) ;
#1345 = DIRECTION ( 'NONE',  ( 0.0000000000000000000, 0.0000000000000000000, -1.000000000000000000 ) ) ;
#1346 = EDGE_CURVE ( 'NONE', #1376, #1313, #1609, .T. ) ;
#1347 = VERTEX_POINT ( 'NONE', #114 ) ;
#1348 = SHAPE_REPRESENTATION ( 'User Library-P100-E2', ( #617, #905, #1374, #1436 ), #1156 ) ;
#1349 = CARTESIAN_POINT ( 'NONE',  ( 0.6762052006912723234, -1.352410401382543981, 16.76192316754921308 ) ) ;
#1350 = CARTESIAN_POINT ( 'NONE',  ( 0.5862052006829034934, 1.172410401365806987, 16.79349346284260847 ) ) ;
#1351 = CARTESIAN_POINT ( 'NONE',  ( -0.5899999999999989697, 0.0000000000000000000, 25.00000000000000000 ) ) ;
#1352 = DIRECTION ( 'NONE',  ( 0.0000000000000000000, 0.0000000000000000000, 1.000000000000000000 ) ) ;
#1353 =( NAMED_UNIT ( * ) PLANE_ANGLE_UNIT ( ) SI_UNIT ( $, .RADIAN. ) );
#1354 = APPLICATION_CONTEXT ( 'automotive_design' ) ;
#1355 = DIRECTION ( 'NONE',  ( 0.0000000000000000000, 0.0000000000000000000, -1.000000000000000000 ) ) ;
#1356 = ADVANCED_FACE ( 'NONE', ( #1447 ), #734, .T. ) ;
#1357 = ORIENTED_EDGE ( 'NONE', *, *, #1826, .F. ) ;
#1358 = CARTESIAN_POINT ( 'NONE',  ( 0.0000000000000000000, 0.0000000000000000000, 16.78420571963459906 ) ) ;
#1359 = EDGE_LOOP ( 'NONE', ( #1084, #281, #849, #660 ) ) ;
#1360 =( GEOMETRIC_REPRESENTATION_CONTEXT ( 3 ) GLOBAL_UNCERTAINTY_ASSIGNED_CONTEXT ( ( #1883 ) ) GLOBAL_UNIT_ASSIGNED_CONTEXT ( ( #41, #467, #651 ) ) REPRESENTATION_CONTEXT ( 'NONE', 'WORKASPACE' ) );
#1361 = SURFACE_STYLE_FILL_AREA ( #771 ) ;
#1362 = CONICAL_SURFACE ( 'NONE', #512, 0.6690434403822109743, 0.6747409419717939061 ) ;
#1363 = COLOUR_RGB ( '',0.7960784313725489669, 0.6039215686274509443, 0.2313725490196078538 ) ;
#1364 = PRESENTATION_LAYER_ASSIGNMENT (  '', '', ( #1849 ) ) ;
#1365 = PRESENTATION_LAYER_ASSIGNMENT (  '', '', ( #11 ) ) ;
#1366 = FILL_AREA_STYLE_COLOUR ( '', #1846 ) ;
#1367 = PRESENTATION_LAYER_ASSIGNMENT (  '', '', ( #269 ) ) ;
#1368 = MECHANICAL_DESIGN_GEOMETRIC_PRESENTATION_REPRESENTATION (  '', ( #296 ), #739 ) ;
#1369 = PLANE ( 'NONE',  #395 ) ;
#1370 = FILL_AREA_STYLE_COLOUR ( '', #1520 ) ;
#1371 = PRESENTATION_LAYER_ASSIGNMENT (  '', '', ( #526 ) ) ;
#1372 = PRESENTATION_STYLE_ASSIGNMENT (( #165 ) ) ;
#1373 = CARTESIAN_POINT ( 'NONE',  ( 0.6640312423743269798, 8.132037355075598597E-17, 16.66666666666669983 ) ) ;
#1374 = AXIS2_PLACEMENT_3D ( 'NONE', #879, #1475, #1484 ) ;
#1375 = CARTESIAN_POINT ( 'NONE',  ( -0.6799999999999990496, 0.0000000000000000000, 16.78420571963459906 ) ) ;
#1376 = VERTEX_POINT ( 'NONE', #1166 ) ;
#1377 = CARTESIAN_POINT ( 'NONE',  ( -0.5899999999999987477, -1.179999999999998161, 16.81577601495209962 ) ) ;
#1378 = ADVANCED_FACE ( 'NONE', ( #1793 ), #1151, .F. ) ;
#1379 = CARTESIAN_POINT ( 'NONE',  ( 0.6799999999999992717, 8.327598234201991997E-17, 16.77274130955998643 ) ) ;
#1380 = DIRECTION ( 'NONE',  ( -1.000000000000000000, 0.0000000000000000000, 0.0000000000000000000 ) ) ;
#1381 = CARTESIAN_POINT ( 'NONE',  ( 0.0000000000000000000, 0.0000000000000000000, 20.89911848099649916 ) ) ;
#1382 = UNCERTAINTY_MEASURE_WITH_UNIT (LENGTH_MEASURE( 1.000000000000000082E-05 ), #637, 'distance_accuracy_value', 'NONE');
#1383 = FILL_AREA_STYLE ('',( #1239 ) ) ;
#1384 = SURFACE_STYLE_USAGE ( .BOTH. , #608 ) ;
#1385 = VERTEX_POINT ( 'NONE', #469 ) ;
#1386 = SURFACE_STYLE_USAGE ( .BOTH. , #307 ) ;
#1387 = DIRECTION ( 'NONE',  ( 0.0000000000000000000, 0.0000000000000000000, -1.000000000000000000 ) ) ;
#1388 = EDGE_CURVE ( 'NONE', #1395, #984, #485, .T. ) ;
#1389 = FILL_AREA_STYLE ('',( #1869 ) ) ;
#1390 = CARTESIAN_POINT ( 'NONE',  ( -0.6299999999999990052, 0.0000000000000000000, 16.78420571963459906 ) ) ;
#1391 = DIRECTION ( 'NONE',  ( 0.7071067811865474617, 8.659560562354931626E-17, -0.7071067811865475727 ) ) ;
#1392 = LINE ( 'NONE', #1507, #616 ) ;
#1393 = ORIENTED_EDGE ( 'NONE', *, *, #1515, .T. ) ;
#1394 = DIRECTION ( 'NONE',  ( 0.0000000000000000000, 0.0000000000000000000, -1.000000000000000000 ) ) ;
#1395 = VERTEX_POINT ( 'NONE', #1656 ) ;
#1396 = SURFACE_SIDE_STYLE ('',( #1361 ) ) ;
#1397 = COLOUR_RGB ( '',0.7960784313725489669, 0.6039215686274509443, 0.2313725490196078538 ) ;
#1398 = PRODUCT_DEFINITION ( 'UNKNOWN', '', #1466, #333 ) ;
#1399 = SURFACE_STYLE_FILL_AREA ( #822 ) ;
#1400 = STYLED_ITEM ( 'NONE', ( #460 ), #1133 ) ;
#1401 = ADVANCED_FACE ( 'NONE', ( #1676, #319 ), #1369, .T. ) ;
#1402 = CARTESIAN_POINT ( 'NONE',  ( -0.7500000000000000000, 0.0000000000000000000, 0.6250000000000000000 ) ) ;
#1403 = CARTESIAN_POINT ( 'NONE',  ( 0.0000000000000000000, 0.0000000000000000000, 0.0000000000000000000 ) ) ;
#1404 = CIRCLE ( 'NONE', #298, 0.05000000000000002359 ) ;
#1405 = VECTOR ( 'NONE', #1618, 1000.000000000000000 ) ;
#1406 = EDGE_LOOP ( 'NONE', ( #1714, #1809, #1620, #770 ) ) ;
#1407 =( LENGTH_UNIT ( ) NAMED_UNIT ( * ) SI_UNIT ( .MILLI., .METRE. ) );
#1408 = CARTESIAN_POINT ( 'NONE',  ( 0.6799999999999989386, 1.359999999999997877, 16.77274130955998643 ) ) ;
#1409 = CARTESIAN_POINT ( 'NONE',  ( 0.5899999999999971934, 7.225416114969349434E-17, 16.52902172849894313 ) ) ;
#1410 = FILL_AREA_STYLE_COLOUR ( '', #1053 ) ;
#1411 = CARTESIAN_POINT ( 'NONE',  ( -0.5899999999999971934, 0.0000000000000000000, 16.52902172849894313 ) ) ;
#1412 =( NAMED_UNIT ( * ) SI_UNIT ( $, .STERADIAN. ) SOLID_ANGLE_UNIT ( ) );
#1413 = ADVANCED_FACE ( 'NONE', ( #1691 ), #943, .F. ) ;
#1414 = CYLINDRICAL_SURFACE ( 'NONE', #579, 0.4999999999999990563 ) ;
#1415 = CARTESIAN_POINT ( 'NONE',  ( 0.0000000000000000000, 0.0000000000000000000, 0.1629884069313390083 ) ) ;
#1416 = EDGE_LOOP ( 'NONE', ( #1769, #1736 ) ) ;
#1417 = CARTESIAN_POINT ( 'NONE',  ( 0.4944980031850769175, 6.055853967853619433E-17, 16.65447386752522974 ) ) ;
#1418 = FILL_AREA_STYLE ('',( #381 ) ) ;
#1419 = DIRECTION ( 'NONE',  ( 1.224646799147353207E-16, -1.000000000000000000, 0.0000000000000000000 ) ) ;
#1420 = PRESENTATION_STYLE_ASSIGNMENT (( #352 ) ) ;
#1421 = CARTESIAN_POINT ( 'NONE',  ( -0.6690434404751880448, 0.0000000000000000000, 16.58036236607272684 ) ) ;
#1422 = EDGE_CURVE ( 'NONE', #1867, #977, #1816, .T. ) ;
#1423 = EDGE_LOOP ( 'NONE', ( #911, #1645, #914 ) ) ;
#1424 = CARTESIAN_POINT ( 'NONE',  ( 0.5097315657045659032, 6.242411303644652816E-17, 16.63543191435182678 ) ) ;
#1425 =( LENGTH_UNIT ( ) NAMED_UNIT ( * ) SI_UNIT ( .MILLI., .METRE. ) );
#1426 = FILL_AREA_STYLE_COLOUR ( '', #1122 ) ;
#1427 = CARTESIAN_POINT ( 'NONE',  ( -0.6097542393473688316, -1.493467154966569167E-16, 16.67885946585090196 ) ) ;
#1428 = AXIS2_PLACEMENT_3D ( 'NONE', #1250, #1287, #1279 ) ;
#1429 = STYLED_ITEM ( 'NONE', ( #592 ), #1413 ) ;
#1430 = CARTESIAN_POINT ( 'NONE',  ( 0.5966266122727448273, 0.5421139207209633160, 0.3431727948874594980 ) ) ;
#1431 = ORIENTED_EDGE ( 'NONE', *, *, #1856, .T. ) ;
#1432 = CARTESIAN_POINT ( 'NONE',  ( 0.5097315657045660142, -1.019463131409131584, 16.63543191435182678 ) ) ;
#1433 = AXIS2_PLACEMENT_3D ( 'NONE', #619, #553, #664 ) ;
#1434 = ADVANCED_FACE ( 'NONE', ( #1828 ), #938, .F. ) ;
#1435 = PRODUCT_CONTEXT ( 'NONE', #368, 'mechanical' ) ;
#1436 = AXIS2_PLACEMENT_3D ( 'NONE', #132, #1610, #415 ) ;
#1437 = CARTESIAN_POINT ( 'NONE',  ( -0.6249878019021641862, 1.249975603804328150, 16.69790141904440972 ) ) ;
#1438 = CARTESIAN_POINT ( 'NONE',  ( -0.6799999999999999378, 0.0000000000000000000, 16.56059202378942885 ) ) ;
#1439 = SURFACE_STYLE_USAGE ( .BOTH. , #1899 ) ;
#1440 = CARTESIAN_POINT ( 'NONE',  ( 0.2475353115722148667, 0.7170225692689667918, 0.1144676739302002144 ) ) ;
#1441 = FILL_AREA_STYLE ('',( #213 ) ) ;
#1442 = ORIENTED_EDGE ( 'NONE', *, *, #254, .T. ) ;
#1443 =( LENGTH_UNIT ( ) NAMED_UNIT ( * ) SI_UNIT ( .MILLI., .METRE. ) );
#1444 = DIRECTION ( 'NONE',  ( 0.0000000000000000000, 0.0000000000000000000, -1.000000000000000000 ) ) ;
#1445 = EDGE_CURVE ( 'NONE', #456, #1777, #1404, .T. ) ;
#1446 = ADVANCED_BREP_SHAPE_REPRESENTATION ( '', ( #1792, #245 ), #458 ) ;
#1447 = FACE_OUTER_BOUND ( 'NONE', #295, .T. ) ;
#1448 = FACE_OUTER_BOUND ( 'NONE', #598, .T. ) ;
#1449 = ORIENTED_EDGE ( 'NONE', *, *, #718, .F. ) ;
#1450 = SURFACE_SIDE_STYLE ('',( #1012 ) ) ;
#1451 = FACE_OUTER_BOUND ( 'NONE', #1001, .T. ) ;
#1452 = PRODUCT_RELATED_PRODUCT_CATEGORY ( 'part', '', ( #521 ) ) ;
#1453 = PRESENTATION_LAYER_ASSIGNMENT (  '', '', ( #705 ) ) ;
#1454 = PRESENTATION_LAYER_ASSIGNMENT (  '', '', ( #1646 ) ) ;
#1455 =( GEOMETRIC_REPRESENTATION_CONTEXT ( 3 ) GLOBAL_UNCERTAINTY_ASSIGNED_CONTEXT ( ( #533 ) ) GLOBAL_UNIT_ASSIGNED_CONTEXT ( ( #1407, #1709, #1859 ) ) REPRESENTATION_CONTEXT ( 'NONE', 'WORKASPACE' ) );
#1456 = CARTESIAN_POINT ( 'NONE',  ( 0.6800000000000002709, -1.359999999999999876, 16.54912761369880059 ) ) ;
#1457 = PRESENTATION_LAYER_ASSIGNMENT (  '', '', ( #1400 ) ) ;
#1458 = ORIENTED_EDGE ( 'NONE', *, *, #595, .T. ) ;
#1459 = COLOUR_RGB ( '',0.7960784313725489669, 0.6039215686274509443, 0.2313725490196078538 ) ;
#1460 = PRESENTATION_LAYER_ASSIGNMENT (  '', '', ( #766 ) ) ;
#1461 = DIRECTION ( 'NONE',  ( 0.0000000000000000000, 0.0000000000000000000, 1.000000000000000000 ) ) ;
#1462 = CYLINDRICAL_SURFACE ( 'NONE', #1847, 0.7500000000000000000 ) ;
#1463 = STYLED_ITEM ( 'NONE', ( #884 ), #1582 ) ;
#1464 = COLOUR_RGB ( '',0.7960784313725489669, 0.6039215686274509443, 0.2313725490196078538 ) ;
#1465 = DIRECTION ( 'NONE',  ( -1.000000000000000000, 0.0000000000000000000, 0.0000000000000000000 ) ) ;
#1466 = PRODUCT_DEFINITION_FORMATION_WITH_SPECIFIED_SOURCE ( 'ANY', '', #1914, .NOT_KNOWN. ) ;
#1467 = PRESENTATION_STYLE_ASSIGNMENT (( #867 ) ) ;
#1468 = PRODUCT_CONTEXT ( 'NONE', #1171, 'mechanical' ) ;
#1469 = CARTESIAN_POINT ( 'NONE',  ( -0.5790434404957522929, 7.091236959703939207E-17, 16.78454126260930934 ) ) ;
#1470 = CARTESIAN_POINT ( 'NONE',  ( -0.6799999999999999378, -1.665519646840400618E-16, 16.56059202378942885 ) ) ;
#1471 = EDGE_CURVE ( 'NONE', #765, #677, #1721, .T. ) ;
#1472 = ORIENTED_EDGE ( 'NONE', *, *, #94, .F. ) ;
#1473 = CARTESIAN_POINT ( 'NONE',  ( 0.5097315657045666804, 6.666824131654906057E-17, 16.63543191435182678 ) ) ;
#1474 = CARTESIAN_POINT ( 'NONE',  ( 0.0000000000000000000, 0.0000000000000000000, 0.6250000000000000000 ) ) ;
#1475 = DIRECTION ( 'NONE',  ( 0.0000000000000000000, 0.0000000000000000000, 1.000000000000000000 ) ) ;
#1476 = FILL_AREA_STYLE_COLOUR ( '', #1623 ) ;
#1477 = UNCERTAINTY_MEASURE_WITH_UNIT (LENGTH_MEASURE( 1.000000000000000082E-05 ), #1544, 'distance_accuracy_value', 'NONE');
#1478 = SURFACE_SIDE_STYLE ('',( #902 ) ) ;
#1479 = ORIENTED_EDGE ( 'NONE', *, *, #1934, .F. ) ;
#1480 = EDGE_CURVE ( 'NONE', #919, #811, #88, .T. ) ;
#1481 = PRESENTATION_STYLE_ASSIGNMENT (( #582 ) ) ;
#1482 = CARTESIAN_POINT ( 'NONE',  ( 0.0000000000000000000, 0.0000000000000000000, 1.250000000000000000 ) ) ;
#1483 = SURFACE_STYLE_FILL_AREA ( #1165 ) ;
#1484 = DIRECTION ( 'NONE',  ( 1.000000000000000000, 0.0000000000000000000, 0.0000000000000000000 ) ) ;
#1485 =( LENGTH_UNIT ( ) NAMED_UNIT ( * ) SI_UNIT ( .MILLI., .METRE. ) );
#1486 = ORIENTED_EDGE ( 'NONE', *, *, #1717, .F. ) ;
#1487 = DIRECTION ( 'NONE',  ( 0.0000000000000000000, 0.0000000000000000000, 1.000000000000000000 ) ) ;
#1488 = AXIS2_PLACEMENT_3D ( 'NONE', #422, #405, #136 ) ;
#1489 = MECHANICAL_DESIGN_GEOMETRIC_PRESENTATION_REPRESENTATION (  '', ( #1646 ), #826 ) ;
#1490 = CARTESIAN_POINT ( 'NONE',  ( -0.6690434405035201593, -1.338086881007040985, 16.75297096729608626 ) ) ;
#1491 = CIRCLE ( 'NONE', #1111, 0.7500000000000000000 ) ;
#1492 = SURFACE_STYLE_USAGE ( .BOTH. , #1344 ) ;
#1493 = CIRCLE ( 'NONE', #1556, 0.5790434404957522929 ) ;
#1494 =( GEOMETRIC_REPRESENTATION_CONTEXT ( 3 ) GLOBAL_UNCERTAINTY_ASSIGNED_CONTEXT ( ( #258 ) ) GLOBAL_UNIT_ASSIGNED_CONTEXT ( ( #1715, #1612, #260 ) ) REPRESENTATION_CONTEXT ( 'NONE', 'WORKASPACE' ) );
#1495 =( GEOMETRIC_REPRESENTATION_CONTEXT ( 3 ) GLOBAL_UNCERTAINTY_ASSIGNED_CONTEXT ( ( #471 ) ) GLOBAL_UNIT_ASSIGNED_CONTEXT ( ( #122, #1013, #524 ) ) REPRESENTATION_CONTEXT ( 'NONE', 'WORKASPACE' ) );
#1496 = EDGE_CURVE ( 'NONE', #1895, #194, #800, .T. ) ;
#1497 = VECTOR ( 'NONE', #1328, 1000.000000000000000 ) ;
#1498 = STYLED_ITEM ( 'NONE', ( #1481 ), #1615 ) ;
#1499 = SURFACE_STYLE_USAGE ( .BOTH. , #187 ) ;
#1500 =( NAMED_UNIT ( * ) PLANE_ANGLE_UNIT ( ) SI_UNIT ( $, .RADIAN. ) );
#1501 = ORIENTED_EDGE ( 'NONE', *, *, #310, .T. ) ;
#1502 = SURFACE_STYLE_USAGE ( .BOTH. , #1649 ) ;
#1503 = SURFACE_STYLE_FILL_AREA ( #599 ) ;
#1504 = DIRECTION ( 'NONE',  ( 0.0000000000000000000, 1.000000000000000000, 0.0000000000000000000 ) ) ;
#1505 = EDGE_CURVE ( 'NONE', #1217, #456, #713, .T. ) ;
#1506 = SURFACE_SIDE_STYLE ('',( #491 ) ) ;
#1507 = CARTESIAN_POINT ( 'NONE',  ( 0.6690434404390543932, 0.0000000000000000000, 16.75297096716121814 ) ) ;
#1508 = ORIENTED_EDGE ( 'NONE', *, *, #854, .T. ) ;
#1509 =( NAMED_UNIT ( * ) SI_UNIT ( $, .STERADIAN. ) SOLID_ANGLE_UNIT ( ) );
#1510 = VERTEX_POINT ( 'NONE', #1303 ) ;
#1511 = PRODUCT_DEFINITION_CONTEXT ( 'detailed design', #1354, 'design' ) ;
#1512 =( NAMED_UNIT ( * ) SI_UNIT ( $, .STERADIAN. ) SOLID_ANGLE_UNIT ( ) );
#1513 = DIRECTION ( 'NONE',  ( -0.0000000000000000000, -0.0000000000000000000, 1.000000000000000000 ) ) ;
#1514 = SURFACE_STYLE_FILL_AREA ( #1668 ) ;
#1515 = EDGE_CURVE ( 'NONE', #919, #977, #218, .T. ) ;
#1516 = CYLINDRICAL_SURFACE ( 'NONE', #711, 0.6799999999999990496 ) ;
#1517 = FILL_AREA_STYLE ('',( #920 ) ) ;
#1518 = ORIENTED_EDGE ( 'NONE', *, *, #1294, .T. ) ;
#1519 = CARTESIAN_POINT ( 'NONE',  ( -0.5899999999999987477, -1.179999999999998384, 16.80431160486435971 ) ) ;
#1520 = COLOUR_RGB ( '',0.7960784313725489669, 0.6039215686274509443, 0.2313725490196078538 ) ;
#1521 = CIRCLE ( 'NONE', #292, 0.5899999999999989697 ) ;
#1522 =( GEOMETRIC_REPRESENTATION_CONTEXT ( 3 ) GLOBAL_UNCERTAINTY_ASSIGNED_CONTEXT ( ( #728 ) ) GLOBAL_UNIT_ASSIGNED_CONTEXT ( ( #504, #350, #1551 ) ) REPRESENTATION_CONTEXT ( 'NONE', 'WORKASPACE' ) );
#1523 = AXIS2_PLACEMENT_3D ( 'NONE', #693, #1599, #1628 ) ;
#1524 = VECTOR ( 'NONE', #268, 999.9999999999998863 ) ;
#1525 = VECTOR ( 'NONE', #80, 1000.000000000000000 ) ;
#1526 = SURFACE_STYLE_FILL_AREA ( #931 ) ;
#1527 = MECHANICAL_DESIGN_GEOMETRIC_PRESENTATION_REPRESENTATION (  '', ( #1308 ), #1155 ) ;
#1528 =( LENGTH_UNIT ( ) NAMED_UNIT ( * ) SI_UNIT ( .MILLI., .METRE. ) );
#1529 =( LENGTH_UNIT ( ) NAMED_UNIT ( * ) SI_UNIT ( .MILLI., .METRE. ) );
#1530 = EDGE_CURVE ( 'NONE', #108, #1949, #1576, .T. ) ;
#1531 = ORIENTED_EDGE ( 'NONE', *, *, #916, .F. ) ;
#1532 = CARTESIAN_POINT ( 'NONE',  ( 0.4999999999999990563, 6.123233995736753710E-17, 0.0000000000000000000 ) ) ;
#1533 = CARTESIAN_POINT ( 'NONE',  ( 0.6762052006912721014, 8.281125345933601967E-17, 16.76192316754921663 ) ) ;
#1534 = PRESENTATION_STYLE_ASSIGNMENT (( #301 ) ) ;
#1535 = FILL_AREA_STYLE ('',( #1665 ) ) ;
#1536 = DIRECTION ( 'NONE',  ( -0.0000000000000000000, -0.0000000000000000000, 1.000000000000000000 ) ) ;
#1537 =( NAMED_UNIT ( * ) PLANE_ANGLE_UNIT ( ) SI_UNIT ( $, .RADIAN. ) );
#1538 = DIRECTION ( 'NONE',  ( -1.000000000000000000, 0.0000000000000000000, 0.0000000000000000000 ) ) ;
#1539 = VERTEX_POINT ( 'NONE', #199 ) ;
#1540 = SURFACE_STYLE_FILL_AREA ( #1548 ) ;
#1541 = ORIENTED_EDGE ( 'NONE', *, *, #404, .F. ) ;
#1542 = CARTESIAN_POINT ( 'NONE',  ( -0.5899999999999989697, -1.445083222993874324E-16, 16.80431160486436326 ) ) ;
#1543 = PRODUCT_DEFINITION ( 'UNKNOWN', '', #551, #1725 ) ;
#1544 =( LENGTH_UNIT ( ) NAMED_UNIT ( * ) SI_UNIT ( .MILLI., .METRE. ) );
#1545 = SURFACE_SIDE_STYLE ('',( #1162 ) ) ;
#1546 = CARTESIAN_POINT ( 'NONE',  ( 0.5899999999999971934, 7.225416114969349434E-17, 16.52902172849894313 ) ) ;
#1547 = CARTESIAN_POINT ( 'NONE',  ( -0.6249878019021638531, -1.249975603804328372, 16.69790141904440972 ) ) ;
#1548 = FILL_AREA_STYLE ('',( #1216 ) ) ;
#1549 = ORIENTED_EDGE ( 'NONE', *, *, #222, .T. ) ;
#1550 = CLOSED_SHELL ( 'NONE', ( #1803, #893, #1582, #156, #365, #883, #1946, #1225, #444, #468, #725, #1060, #1378, #1413, #808, #1286, #8, #951, #562, #135, #47, #1742, #1401, #819, #246, #1434, #1356, #230, #1085, #933, #1794 ) ) ;
#1551 =( NAMED_UNIT ( * ) SI_UNIT ( $, .STERADIAN. ) SOLID_ANGLE_UNIT ( ) );
#1552 =( GEOMETRIC_REPRESENTATION_CONTEXT ( 3 ) GLOBAL_UNCERTAINTY_ASSIGNED_CONTEXT ( ( #1951 ) ) GLOBAL_UNIT_ASSIGNED_CONTEXT ( ( #382, #1110, #665 ) ) REPRESENTATION_CONTEXT ( 'NONE', 'WORKASPACE' ) );
#1553 =( BOUNDED_SURFACE ( )  B_SPLINE_SURFACE ( 3, 3, ( 
 ( #1105, #988, #838, #60 ),
 ( #975, #1587, #1900, #1440 ),
 ( #97, #1097, #1707, #869 ),
 ( #846, #1774, #300, #600 ) ),
 .UNSPECIFIED., .F., .F., .T. ) 
 B_SPLINE_SURFACE_WITH_KNOTS ( ( 4, 4 ),
 ( 4, 4 ),
 ( 0.0000000000000000000, 1.000000000000000000 ),
 ( 0.0000000000000000000, 1.000000000000000000 ),
 .UNSPECIFIED. ) 
 GEOMETRIC_REPRESENTATION_ITEM ( )  RATIONAL_B_SPLINE_SURFACE ( (
 ( 1.000000000000000000, 0.9254142582957552987, 0.9254142582957552987, 1.000000000000000000),
 ( 0.9258448938355947622, 0.8567900657257792041, 0.8567900657257792041, 0.9258448938355947622),
 ( 0.9258448938355947622, 0.8567900657257792041, 0.8567900657257792041, 0.9258448938355947622),
 ( 1.000000000000000000, 0.9254142582957552987, 0.9254142582957552987, 1.000000000000000000) ) ) 
 REPRESENTATION_ITEM ( '' )  SURFACE ( )  );
#1554 = EDGE_CURVE ( 'NONE', #1089, #1313, #1119, .T. ) ;
#1555 = DIRECTION ( 'NONE',  ( -1.000000000000000000, 0.0000000000000000000, 0.0000000000000000000 ) ) ;
#1556 = AXIS2_PLACEMENT_3D ( 'NONE', #304, #180, #910 ) ;
#1557 = COLOUR_RGB ( '',0.7450980392156862919, 0.7372549019607843590, 0.7294117647058823151 ) ;
#1558 = AXIS2_PLACEMENT_3D ( 'NONE', #603, #1820, #311 ) ;
#1559 = COLOUR_RGB ( '',0.7960784313725489669, 0.6039215686274509443, 0.2313725490196078538 ) ;
#1560 = PRESENTATION_STYLE_ASSIGNMENT (( #211 ) ) ;
#1561 = VECTOR ( 'NONE', #814, 1000.000000000000000 ) ;
#1562 = COLOUR_RGB ( '',0.7960784313725489669, 0.6039215686274509443, 0.2313725490196078538 ) ;
#1563 = CARTESIAN_POINT ( 'NONE',  ( 0.0000000000000000000, 0.0000000000000000000, 20.88333333333330089 ) ) ;
#1564 = ORIENTED_EDGE ( 'NONE', *, *, #94, .T. ) ;
#1565 = FILL_AREA_STYLE ('',( #1149 ) ) ;
#1566 = STYLED_ITEM ( 'NONE', ( #221 ), #1446 ) ;
#1567 = SURFACE_STYLE_FILL_AREA ( #497 ) ;
#1568 = ITEM_DEFINED_TRANSFORMATION ( 'NONE', 'NONE', #905,  #245 ) ;
#1569 = CARTESIAN_POINT ( 'NONE',  ( 0.0000000000000000000, 0.0000000000000000000, 16.51755731840500019 ) ) ;
#1570 = DIRECTION ( 'NONE',  ( -0.0000000000000000000, -0.0000000000000000000, 1.000000000000000000 ) ) ;
#1571 = ADVANCED_FACE ( 'NONE', ( #1315 ), #487, .T. ) ;
#1572 = CARTESIAN_POINT ( 'NONE',  ( -0.6762052006810652660, 0.0000000000000000000, 16.57141016581359594 ) ) ;
#1573 = LINE ( 'NONE', #983, #236 ) ;
#1574 = ORIENTED_EDGE ( 'NONE', *, *, #349, .T. ) ;
#1575 = CARTESIAN_POINT ( 'NONE',  ( 0.4944980031864202874, 6.055853967870074578E-17, 16.67885946589175106 ) ) ;
#1576 = LINE ( 'NONE', #860, #1912 ) ;
#1577 = CARTESIAN_POINT ( 'NONE',  ( 0.5862052006789504333, 1.172410401357900867, 16.53983987052587779 ) ) ;
#1578 = DIRECTION ( 'NONE',  ( -1.000000000000000000, 0.0000000000000000000, 0.0000000000000000000 ) ) ;
#1579 = CARTESIAN_POINT ( 'NONE',  ( -0.6249878019275456609, 0.0000000000000000000, 16.63543191426697376 ) ) ;
#1580 = UNCERTAINTY_MEASURE_WITH_UNIT (LENGTH_MEASURE( 1.000000000000000082E-05 ), #658, 'distance_accuracy_value', 'NONE');
#1581 = SURFACE_STYLE_FILL_AREA ( #1735 ) ;
#1582 = ADVANCED_FACE ( 'NONE', ( #590 ), #1879, .T. ) ;
#1583 = ORIENTED_EDGE ( 'NONE', *, *, #1201, .F. ) ;
#1584 =( NAMED_UNIT ( * ) PLANE_ANGLE_UNIT ( ) SI_UNIT ( $, .RADIAN. ) );
#1585 = SURFACE_SIDE_STYLE ('',( #1275 ) ) ;
#1586 = AXIS2_PLACEMENT_3D ( 'NONE', #124, #1317, #1929 ) ;
#1587 = CARTESIAN_POINT ( 'NONE',  ( 0.2475353115722148667, -0.2582708456749009396, -0.1229395184671377983 ) ) ;
#1588 = CARTESIAN_POINT ( 'NONE',  ( -0.6097542393554281626, -1.219508478710856769, 16.65447386744662595 ) ) ;
#1589 = AXIS2_PLACEMENT_3D ( 'NONE', #489, #1444, #842 ) ;
#1590 = COLOUR_RGB ( '',0.7960784313725489669, 0.6039215686274509443, 0.2313725490196078538 ) ;
#1591 = CARTESIAN_POINT ( 'NONE',  ( -0.5966266122727449384, 0.1928539640326691340, 0.1795021242511256054 ) ) ;
#1592 = ORIENTED_EDGE ( 'NONE', *, *, #1530, .T. ) ;
#1593 = CARTESIAN_POINT ( 'NONE',  ( 0.0000000000000000000, 0.0000000000000000000, 0.0000000000000000000 ) ) ;
#1594 = AXIS2_PLACEMENT_3D ( 'NONE', #1229, #202, #475 ) ;
#1595 = EDGE_CURVE ( 'NONE', #232, #259, #904, .T. ) ;
#1596 = PRESENTATION_STYLE_ASSIGNMENT (( #391 ) ) ;
#1597 = PRESENTATION_LAYER_ASSIGNMENT (  '', '', ( #1659 ) ) ;
#1598 = FACE_OUTER_BOUND ( 'NONE', #358, .T. ) ;
#1599 = DIRECTION ( 'NONE',  ( 0.0000000000000000000, 0.0000000000000000000, -1.000000000000000000 ) ) ;
#1600 = LINE ( 'NONE', #1106, #522 ) ;
#1601 = UNCERTAINTY_MEASURE_WITH_UNIT (LENGTH_MEASURE( 1.000000000000000082E-05 ), #1838, 'distance_accuracy_value', 'NONE');
#1602 = CARTESIAN_POINT ( 'NONE',  ( 0.2121618818531890160, -0.6183030761038343925, 0.1805913072838292166 ) ) ;
#1603 = VERTEX_POINT ( 'NONE', #1473 ) ;
#1604 = PRESENTATION_STYLE_ASSIGNMENT (( #1002 ) ) ;
#1605 = CARTESIAN_POINT ( 'NONE',  ( -0.5899999999999970823, -1.445083222993869640E-16, 16.51755731840500019 ) ) ;
#1606 = DIRECTION ( 'NONE',  ( -1.000000000000000000, 0.0000000000000000000, 0.0000000000000000000 ) ) ;
#1607 = DIRECTION ( 'NONE',  ( 0.0000000000000000000, 0.0000000000000000000, -1.000000000000000000 ) ) ;
#1608 = PRODUCT_DEFINITION_SHAPE ( 'NONE', 'NONE',  #1398 ) ;
#1609 = LINE ( 'NONE', #1318, #863 ) ;
#1610 = DIRECTION ( 'NONE',  ( 0.0000000000000000000, 0.0000000000000000000, 1.000000000000000000 ) ) ;
#1611 = ORIENTED_EDGE ( 'NONE', *, *, #1014, .T. ) ;
#1612 =( NAMED_UNIT ( * ) PLANE_ANGLE_UNIT ( ) SI_UNIT ( $, .RADIAN. ) );
#1613 = CARTESIAN_POINT ( 'NONE',  ( -0.5862052006789503222, -1.435788645310017212E-16, 16.53983987052587779 ) ) ;
#1614 = DIRECTION ( 'NONE',  ( 0.0000000000000000000, 0.0000000000000000000, -1.000000000000000000 ) ) ;
#1615 = ADVANCED_FACE ( 'NONE', ( #146 ), #875, .T. ) ;
#1616 = FILL_AREA_STYLE_COLOUR ( '', #1459 ) ;
#1617 = DIRECTION ( 'NONE',  ( 0.0000000000000000000, 0.0000000000000000000, -1.000000000000000000 ) ) ;
#1618 = DIRECTION ( 'NONE',  ( 0.0000000000000000000, 0.0000000000000000000, -1.000000000000000000 ) ) ;
#1619 = MECHANICAL_DESIGN_GEOMETRIC_PRESENTATION_REPRESENTATION (  '', ( #1400 ), #896 ) ;
#1620 = ORIENTED_EDGE ( 'NONE', *, *, #1201, .T. ) ;
#1621 = AXIS2_PLACEMENT_3D ( 'NONE', #1593, #541, #226 ) ;
#1622 = DIRECTION ( 'NONE',  ( -1.000000000000000000, 0.0000000000000000000, 0.0000000000000000000 ) ) ;
#1623 = COLOUR_RGB ( '',0.7960784313725489669, 0.6039215686274509443, 0.2313725490196078538 ) ;
#1624 = SURFACE_STYLE_FILL_AREA ( #1633 ) ;
#1625 =( NAMED_UNIT ( * ) SI_UNIT ( $, .STERADIAN. ) SOLID_ANGLE_UNIT ( ) );
#1626 = CIRCLE ( 'NONE', #1594, 0.6690434404721615769 ) ;
#1627 =( NAMED_UNIT ( * ) PLANE_ANGLE_UNIT ( ) SI_UNIT ( $, .RADIAN. ) );
#1628 = DIRECTION ( 'NONE',  ( 0.0000000000000000000, 1.000000000000000000, 0.0000000000000000000 ) ) ;
#1629 = APPLICATION_PROTOCOL_DEFINITION ( 'draft international standard', 'automotive_design', 1998, #1171 ) ;
#1630 = EDGE_CURVE ( 'NONE', #623, #1376, #1153, .T. ) ;
#1631 = CARTESIAN_POINT ( 'NONE',  ( 0.5899999999999969713, 7.225416114969348202E-17, 8.377235761934519687 ) ) ;
#1632 = ORIENTED_EDGE ( 'NONE', *, *, #1170, .F. ) ;
#1633 = FILL_AREA_STYLE ('',( #431 ) ) ;
#1634 = SURFACE_SIDE_STYLE ('',( #433 ) ) ;
#1635 = LINE ( 'NONE', #284, #757 ) ;
#1636 = SURFACE_SIDE_STYLE ('',( #1190 ) ) ;
#1637 = PRESENTATION_STYLE_ASSIGNMENT (( #117 ) ) ;
#1638 = UNCERTAINTY_MEASURE_WITH_UNIT (LENGTH_MEASURE( 1.000000000000000082E-05 ), #945, 'distance_accuracy_value', 'NONE');
#1639 = CYLINDRICAL_SURFACE ( 'NONE', #581, 0.7500000000000000000 ) ;
#1640 = ORIENTED_EDGE ( 'NONE', *, *, #539, .F. ) ;
#1641 = SURFACE_STYLE_FILL_AREA ( #1663 ) ;
#1642 = SURFACE_SIDE_STYLE ('',( #267 ) ) ;
#1643 =( LENGTH_UNIT ( ) NAMED_UNIT ( * ) SI_UNIT ( .MILLI., .METRE. ) );
#1644 =( NAMED_UNIT ( * ) SI_UNIT ( $, .STERADIAN. ) SOLID_ANGLE_UNIT ( ) );
#1645 = ORIENTED_EDGE ( 'NONE', *, *, #1146, .T. ) ;
#1646 = STYLED_ITEM ( 'NONE', ( #1751 ), #933 ) ;
#1647 = CLOSED_SHELL ( 'NONE', ( #1890, #1571, #210, #1133, #1099 ) ) ;
#1648 = COLOUR_RGB ( '',0.7450980392156862919, 0.7372549019607843590, 0.7294117647058823151 ) ;
#1649 = SURFACE_SIDE_STYLE ('',( #1624 ) ) ;
#1650 =( NAMED_UNIT ( * ) PLANE_ANGLE_UNIT ( ) SI_UNIT ( $, .RADIAN. ) );
#1651 = EDGE_CURVE ( 'NONE', #919, #1603, #866, .T. ) ;
#1652 = CIRCLE ( 'NONE', #1523, 0.6249878019275456609 ) ;
#1653 = AXIS2_PLACEMENT_3D ( 'NONE', #1358, #753, #36 ) ;
#1654 = AXIS2_PLACEMENT_3D ( 'NONE', #351, #1461, #1731 ) ;
#1655 = VECTOR ( 'NONE', #1832, 1000.000000000000000 ) ;
#1656 = CARTESIAN_POINT ( 'NONE',  ( -0.7500000000000000000, 0.0000000000000000000, 0.0000000000000000000 ) ) ;
#1657 = COLOUR_RGB ( '',0.7921568627450980005, 0.8196078431372548767, 0.9333333333333333481 ) ;
#1658 = FACE_OUTER_BOUND ( 'NONE', #453, .T. ) ;
#1659 = STYLED_ITEM ( 'NONE', ( #621 ), #1946 ) ;
#1660 =( NAMED_UNIT ( * ) PLANE_ANGLE_UNIT ( ) SI_UNIT ( $, .RADIAN. ) );
#1661 =( NAMED_UNIT ( * ) PLANE_ANGLE_UNIT ( ) SI_UNIT ( $, .RADIAN. ) );
#1662 = VERTEX_POINT ( 'NONE', #1375 ) ;
#1663 = FILL_AREA_STYLE ('',( #1813 ) ) ;
#1664 = CARTESIAN_POINT ( 'NONE',  ( 0.5899999999999989697, 7.225416114969371621E-17, 16.80431160486436326 ) ) ;
#1665 = FILL_AREA_STYLE_COLOUR ( '', #1302 ) ;
#1666 = PRESENTATION_STYLE_ASSIGNMENT (( #303 ) ) ;
#1667 = DIRECTION ( 'NONE',  ( -0.0000000000000000000, -0.0000000000000000000, 1.000000000000000000 ) ) ;
#1668 = FILL_AREA_STYLE ('',( #314 ) ) ;
#1669 =( NAMED_UNIT ( * ) PLANE_ANGLE_UNIT ( ) SI_UNIT ( $, .RADIAN. ) );
#1670 = FILL_AREA_STYLE_COLOUR ( '', #1464 ) ;
#1671 = EDGE_LOOP ( 'NONE', ( #35, #401, #1040 ) ) ;
#1672 = CARTESIAN_POINT ( 'NONE',  ( 0.5899999999999989697, 7.225416114969371621E-17, 16.80431160486436326 ) ) ;
#1673 = PRODUCT_DEFINITION_SHAPE ( 'NONE', 'NONE',  #1953 ) ;
#1674 = DIRECTION ( 'NONE',  ( -0.0000000000000000000, -0.0000000000000000000, 1.000000000000000000 ) ) ;
#1675 = SURFACE_STYLE_FILL_AREA ( #1069 ) ;
#1676 = FACE_BOUND ( 'NONE', #1759, .T. ) ;
#1677 = EDGE_CURVE ( 'NONE', #774, #1313, #1626, .T. ) ;
#1678 = CARTESIAN_POINT ( 'NONE',  ( -0.5899999999999970823, 0.0000000000000000000, 16.51755731840500019 ) ) ;
#1679 = ORIENTED_EDGE ( 'NONE', *, *, #1630, .T. ) ;
#1680 = PRESENTATION_STYLE_ASSIGNMENT (( #1386 ) ) ;
#1681 =( NAMED_UNIT ( * ) PLANE_ANGLE_UNIT ( ) SI_UNIT ( $, .RADIAN. ) );
#1682 = ORIENTED_EDGE ( 'NONE', *, *, #682, .T. ) ;
#1683 = AXIS2_PLACEMENT_3D ( 'NONE', #662, #942, #1827 ) ;
#1684 = DIRECTION ( 'NONE',  ( 0.0000000000000000000, 0.0000000000000000000, -1.000000000000000000 ) ) ;
#1685 = PRESENTATION_LAYER_ASSIGNMENT (  '', '', ( #1079 ) ) ;
#1686 = AXIS2_PLACEMENT_3D ( 'NONE', #1834, #1684, #328 ) ;
#1687 = CARTESIAN_POINT ( 'NONE',  ( 0.0000000000000000000, 0.0000000000000000000, 16.51755731840500019 ) ) ;
#1688 = PRESENTATION_LAYER_ASSIGNMENT (  '', '', ( #966 ) ) ;
#1689 = MECHANICAL_DESIGN_GEOMETRIC_PRESENTATION_REPRESENTATION (  '', ( #174 ), #1495 ) ;
#1690 = STYLED_ITEM ( 'NONE', ( #856 ), #819 ) ;
#1691 = FACE_OUTER_BOUND ( 'NONE', #535, .T. ) ;
#1692 = FILL_AREA_STYLE ('',( #593 ) ) ;
#1693 = DIRECTION ( 'NONE',  ( 0.0000000000000000000, 0.0000000000000000000, 1.000000000000000000 ) ) ;
#1694 = PRODUCT_DEFINITION_SHAPE ( 'NONE', 'NONE',  #1955 ) ;
#1695 = ORIENTED_EDGE ( 'NONE', *, *, #779, .T. ) ;
#1696 = SURFACE_STYLE_FILL_AREA ( #1064 ) ;
#1697 = STYLED_ITEM ( 'NONE', ( #26 ), #1307 ) ;
#1698 = DIRECTION ( 'NONE',  ( 1.224646799147353207E-16, -1.000000000000000000, 0.0000000000000000000 ) ) ;
#1699 = EDGE_LOOP ( 'NONE', ( #1449, #1159, #1056, #1330 ) ) ;
#1700 = FACE_OUTER_BOUND ( 'NONE', #1823, .T. ) ;
#1701 = SURFACE_STYLE_USAGE ( .BOTH. , #923 ) ;
#1702 = CARTESIAN_POINT ( 'NONE',  ( -0.5790434404693235448, -1.418247391876056381E-16, 16.54879207078625214 ) ) ;
#1703 = CARTESIAN_POINT ( 'NONE',  ( -0.6690434404390543932, 8.193419078242207912E-17, 16.75297096716121814 ) ) ;
#1704 = UNCERTAINTY_MEASURE_WITH_UNIT (LENGTH_MEASURE( 1.000000000000000082E-05 ), #913, 'distance_accuracy_value', 'NONE');
#1705 =( NAMED_UNIT ( * ) SI_UNIT ( $, .STERADIAN. ) SOLID_ANGLE_UNIT ( ) );
#1706 = DIRECTION ( 'NONE',  ( -1.000000000000000000, 0.0000000000000000000, 0.0000000000000000000 ) ) ;
#1707 = CARTESIAN_POINT ( 'NONE',  ( -0.2475353115722144781, 0.2582708456749002734, -0.1229395184671381452 ) ) ;
#1708 = ORIENTED_EDGE ( 'NONE', *, *, #1445, .F. ) ;
#1709 =( NAMED_UNIT ( * ) PLANE_ANGLE_UNIT ( ) SI_UNIT ( $, .RADIAN. ) );
#1710 = SURFACE_STYLE_USAGE ( .BOTH. , #788 ) ;
#1711 = CARTESIAN_POINT ( 'NONE',  ( 0.5899999999999971934, -1.179999999999993943, 16.52902172849893958 ) ) ;
#1712 = SURFACE_SIDE_STYLE ('',( #1102 ) ) ;
#1713 = DIRECTION ( 'NONE',  ( 0.0000000000000000000, 0.0000000000000000000, -1.000000000000000000 ) ) ;
#1714 = ORIENTED_EDGE ( 'NONE', *, *, #1014, .F. ) ;
#1715 =( LENGTH_UNIT ( ) NAMED_UNIT ( * ) SI_UNIT ( .MILLI., .METRE. ) );
#1716 = CIRCLE ( 'NONE', #1145, 0.05000000000000002359 ) ;
#1717 = EDGE_CURVE ( 'NONE', #1949, #473, #768, .T. ) ;
#1718 = PRESENTATION_STYLE_ASSIGNMENT (( #1710 ) ) ;
#1719 = CIRCLE ( 'NONE', #735, 0.4999999999999990563 ) ;
#1720 = VECTOR ( 'NONE', #1387, 1000.000000000000000 ) ;
#1721 = LINE ( 'NONE', #1703, #1525 ) ;
#1722 = CIRCLE ( 'NONE', #425, 0.6799999999999990496 ) ;
#1723 = CARTESIAN_POINT ( 'NONE',  ( 0.6097542393473687206, 1.219508478694737441, 16.67885946585089840 ) ) ;
#1724 = AXIS2_PLACEMENT_3D ( 'NONE', #1081, #1536, #944 ) ;
#1725 = PRODUCT_DEFINITION_CONTEXT ( 'detailed design', #758, 'design' ) ;
#1726 = SURFACE_STYLE_FILL_AREA ( #508 ) ;
#1727 = DIRECTION ( 'NONE',  ( -0.0000000000000000000, -0.0000000000000000000, 1.000000000000000000 ) ) ;
#1728 = COLOUR_RGB ( '',0.7450980392156862919, 0.7372549019607843590, 0.7294117647058823151 ) ;
#1729 = EDGE_LOOP ( 'NONE', ( #786, #215, #28, #1168 ) ) ;
#1730 = ORIENTED_EDGE ( 'NONE', *, *, #1346, .F. ) ;
#1731 = DIRECTION ( 'NONE',  ( 0.0000000000000000000, 1.000000000000000000, 0.0000000000000000000 ) ) ;
#1732 =( NAMED_UNIT ( * ) SI_UNIT ( $, .STERADIAN. ) SOLID_ANGLE_UNIT ( ) );
#1733 =( LENGTH_UNIT ( ) NAMED_UNIT ( * ) SI_UNIT ( .MILLI., .METRE. ) );
#1734 = CARTESIAN_POINT ( 'NONE',  ( 0.0000000000000000000, 0.0000000000000000000, 1.250000000000000000 ) ) ;
#1735 = FILL_AREA_STYLE ('',( #1129 ) ) ;
#1736 = ORIENTED_EDGE ( 'NONE', *, *, #1070, .F. ) ;
#1737 = CARTESIAN_POINT ( 'NONE',  ( 0.6690434405300038634, 0.0000000000000000000, 16.75297096727490498 ) ) ;
#1738 = DIRECTION ( 'NONE',  ( 0.0000000000000000000, 0.0000000000000000000, 1.000000000000000000 ) ) ;
#1739 =( BOUNDED_SURFACE ( )  B_SPLINE_SURFACE ( 3, 3, ( 
 ( #1904, #850, #978, #244 ),
 ( #1575, #380, #1131, #821 ),
 ( #1417, #670, #1747, #830 ),
 ( #1424, #1432, #1260, #969 ) ),
 .UNSPECIFIED., .F., .F., .T. ) 
 B_SPLINE_SURFACE_WITH_KNOTS ( ( 4, 4 ),
 ( 4, 4 ),
 ( 0.0000000000000000000, 1.000000000000000000 ),
 ( 0.0000000000000000000, 1.000000000000000000 ),
 .UNSPECIFIED. ) 
 GEOMETRIC_REPRESENTATION_ITEM ( )  RATIONAL_B_SPLINE_SURFACE ( (
 ( 1.000000000000000000, 0.3333333333333334259, 0.3333333333333334259, 1.000000000000000000),
 ( 0.8539125398622442464, 0.2846375132874148228, 0.2846375132874148228, 0.8539125398622442464),
 ( 0.8539125398622442464, 0.2846375132874148228, 0.2846375132874148228, 0.8539125398622442464),
 ( 1.000000000000000000, 0.3333333333333334259, 0.3333333333333334259, 1.000000000000000000) ) ) 
 REPRESENTATION_ITEM ( '' )  SURFACE ( )  );
#1740 =( NAMED_UNIT ( * ) SI_UNIT ( $, .STERADIAN. ) SOLID_ANGLE_UNIT ( ) );
#1741 =( NAMED_UNIT ( * ) SI_UNIT ( $, .STERADIAN. ) SOLID_ANGLE_UNIT ( ) );
#1742 = ADVANCED_FACE ( 'NONE', ( #1221 ), #967, .T. ) ;
#1743 = DIRECTION ( 'NONE',  ( 0.0000000000000000000, 0.0000000000000000000, -1.000000000000000000 ) ) ;
#1744 = UNCERTAINTY_MEASURE_WITH_UNIT (LENGTH_MEASURE( 1.000000000000000082E-05 ), #1529, 'distance_accuracy_value', 'NONE');
#1745 = CARTESIAN_POINT ( 'NONE',  ( -0.5966266122727449384, 0.5421139207209635380, 0.3431727948874594980 ) ) ;
#1746 = EDGE_LOOP ( 'NONE', ( #1187, #1431, #6, #1245 ) ) ;
#1747 = CARTESIAN_POINT ( 'NONE',  ( -0.4944980031850766400, -0.9889960063701538351, 16.65447386752522974 ) ) ;
#1748 = SURFACE_STYLE_USAGE ( .BOTH. , #1585 ) ;
#1749 = AXIS2_PLACEMENT_3D ( 'NONE', #1336, #545, #1772 ) ;
#1750 = PRESENTATION_LAYER_ASSIGNMENT (  '', '', ( #792 ) ) ;
#1751 = PRESENTATION_STYLE_ASSIGNMENT (( #712 ) ) ;
#1752 = COLOUR_RGB ( '',0.7450980392156862919, 0.7372549019607843590, 0.7294117647058823151 ) ;
#1753 = COLOUR_RGB ( '',0.7960784313725489669, 0.6039215686274509443, 0.2313725490196078538 ) ;
#1754 =( LENGTH_UNIT ( ) NAMED_UNIT ( * ) SI_UNIT ( .MILLI., .METRE. ) );
#1755 = CARTESIAN_POINT ( 'NONE',  ( -0.6097542393473686095, -1.219508478694737663, 16.67885946585089840 ) ) ;
#1756 = CONICAL_SURFACE ( 'NONE', #1589, 0.7500000000959516910, 0.7853981633974482790 ) ;
#1757 =( NAMED_UNIT ( * ) SI_UNIT ( $, .STERADIAN. ) SOLID_ANGLE_UNIT ( ) );
#1758 = PRESENTATION_LAYER_ASSIGNMENT (  '', '', ( #296 ) ) ;
#1759 = EDGE_LOOP ( 'NONE', ( #1442, #121 ) ) ;
#1760 = SURFACE_SIDE_STYLE ('',( #1290 ) ) ;
#1761 = FACE_OUTER_BOUND ( 'NONE', #873, .T. ) ;
#1762 = AXIS2_PLACEMENT_3D ( 'NONE', #302, #1394, #356 ) ;
#1763 = CIRCLE ( 'NONE', #1884, 0.6800000000000000488 ) ;
#1764 =( GEOMETRIC_REPRESENTATION_CONTEXT ( 3 ) GLOBAL_UNCERTAINTY_ASSIGNED_CONTEXT ( ( #1839 ) ) GLOBAL_UNIT_ASSIGNED_CONTEXT ( ( #932, #181, #1741 ) ) REPRESENTATION_CONTEXT ( 'NONE', 'WORKASPACE' ) );
#1765 = FILL_AREA_STYLE ('',( #1616 ) ) ;
#1766 =( LENGTH_UNIT ( ) NAMED_UNIT ( * ) SI_UNIT ( .MILLI., .METRE. ) );
#1767 = SURFACE_STYLE_FILL_AREA ( #880 ) ;
#1768 = SURFACE_SIDE_STYLE ('',( #548 ) ) ;
#1769 = ORIENTED_EDGE ( 'NONE', *, *, #682, .F. ) ;
#1770 = PRESENTATION_STYLE_ASSIGNMENT (( #708 ) ) ;
#1771 = EDGE_CURVE ( 'NONE', #623, #774, #1824, .T. ) ;
#1772 = DIRECTION ( 'NONE',  ( -1.000000000000000000, 0.0000000000000000000, 0.0000000000000000000 ) ) ;
#1773 = PRESENTATION_STYLE_ASSIGNMENT (( #256 ) ) ;
#1774 = CARTESIAN_POINT ( 'NONE',  ( -0.6875379127894134523, -0.2207040978617668681, 0.1131249101248858052 ) ) ;
#1775 = SURFACE_SIDE_STYLE ('',( #1767 ) ) ;
#1776 = DIRECTION ( 'NONE',  ( 1.000000000000000000, 1.224646799147353207E-16, 0.0000000000000000000 ) ) ;
#1777 = VERTEX_POINT ( 'NONE', #1842 ) ;
#1778 =( NAMED_UNIT ( * ) PLANE_ANGLE_UNIT ( ) SI_UNIT ( $, .RADIAN. ) );
#1779 = DIRECTION ( 'NONE',  ( -1.000000000000000000, 0.0000000000000000000, 0.0000000000000000000 ) ) ;
#1780 = EDGE_CURVE ( 'NONE', #1321, #589, #1100, .T. ) ;
#1781 = DIRECTION ( 'NONE',  ( -1.000000000000000000, 0.0000000000000000000, 0.0000000000000000000 ) ) ;
#1782 = COLOUR_RGB ( '',0.7960784313725489669, 0.6039215686274509443, 0.2313725490196078538 ) ;
#1783 = CARTESIAN_POINT ( 'NONE',  ( -0.5899999999999969713, 0.0000000000000000000, 8.377235761934519687 ) ) ;
#1784 = EDGE_LOOP ( 'NONE', ( #1858, #513, #1259, #1830 ) ) ;
#1785 = STYLED_ITEM ( 'NONE', ( #1773 ), #1356 ) ;
#1786 = AXIS2_PLACEMENT_3D ( 'NONE', #1381, #1345, #899 ) ;
#1787 = DIRECTION ( 'NONE',  ( -1.000000000000000000, 0.0000000000000000000, 0.0000000000000000000 ) ) ;
#1788 = FILL_AREA_STYLE ('',( #1179 ) ) ;
#1789 = PRESENTATION_LAYER_ASSIGNMENT (  '', '', ( #490 ) ) ;
#1790 =( LENGTH_UNIT ( ) NAMED_UNIT ( * ) SI_UNIT ( .MILLI., .METRE. ) );
#1791 = PRODUCT_DEFINITION_FORMATION_WITH_SPECIFIED_SOURCE ( 'ANY', '', #521, .NOT_KNOWN. ) ;
#1792 = MANIFOLD_SOLID_BREP ( 'Imported1', #1647 ) ;
#1793 = FACE_OUTER_BOUND ( 'NONE', #1729, .T. ) ;
#1794 = ADVANCED_FACE ( 'NONE', ( #1010 ), #1, .F. ) ;
#1795 = MANIFOLD_SOLID_BREP ( 'Imported1', #1550 ) ;
#1796 = CARTESIAN_POINT ( 'NONE',  ( -0.6799999999999997158, -1.360000000000000098, 16.56059202378942885 ) ) ;
#1797 = VERTEX_POINT ( 'NONE', #818 ) ;
#1798 = CARTESIAN_POINT ( 'NONE',  ( -0.5862052006829034934, 0.0000000000000000000, 16.79349346284260491 ) ) ;
#1799 = FACE_OUTER_BOUND ( 'NONE', #528, .T. ) ;
#1800 = PRODUCT_DEFINITION_CONTEXT ( 'detailed design', #828, 'design' ) ;
#1801 = DIRECTION ( 'NONE',  ( 1.000000000000000000, 0.0000000000000000000, 0.0000000000000000000 ) ) ;
#1802 = FILL_AREA_STYLE_COLOUR ( '', #1306 ) ;
#1803 = ADVANCED_FACE ( 'NONE', ( #91 ), #1198, .T. ) ;
#1804 = ORIENTED_EDGE ( 'NONE', *, *, #1388, .T. ) ;
#1805 = CARTESIAN_POINT ( 'NONE',  ( -0.6690434405035204923, -1.638683815806338256E-16, 16.75297096729608981 ) ) ;
#1806 = DIRECTION ( 'NONE',  ( 0.0000000000000000000, 0.0000000000000000000, -1.000000000000000000 ) ) ;
#1807 = DIRECTION ( 'NONE',  ( -1.000000000000000000, 0.0000000000000000000, -0.0000000000000000000 ) ) ;
#1808 = CARTESIAN_POINT ( 'NONE',  ( 0.6762052006810652660, 8.281125345808602026E-17, 16.57141016581359594 ) ) ;
#1809 = ORIENTED_EDGE ( 'NONE', *, *, #1003, .T. ) ;
#1810 = DIRECTION ( 'NONE',  ( -1.000000000000000000, 0.0000000000000000000, 0.0000000000000000000 ) ) ;
#1811 =( GEOMETRIC_REPRESENTATION_CONTEXT ( 3 ) GLOBAL_UNCERTAINTY_ASSIGNED_CONTEXT ( ( #378 ) ) GLOBAL_UNIT_ASSIGNED_CONTEXT ( ( #1108, #13, #341 ) ) REPRESENTATION_CONTEXT ( 'NONE', 'WORKASPACE' ) );
#1812 =( GEOMETRIC_REPRESENTATION_CONTEXT ( 3 ) GLOBAL_UNCERTAINTY_ASSIGNED_CONTEXT ( ( #888 ) ) GLOBAL_UNIT_ASSIGNED_CONTEXT ( ( #917, #1660, #1072 ) ) REPRESENTATION_CONTEXT ( 'NONE', 'WORKASPACE' ) );
#1813 = FILL_AREA_STYLE_COLOUR ( '', #1337 ) ;
#1814 = AXIS2_PLACEMENT_3D ( 'NONE', #985, #1487, #891 ) ;
#1815 = ORIENTED_EDGE ( 'NONE', *, *, #1274, .F. ) ;
#1816 = CIRCLE ( 'NONE', #578, 0.5790434404819888581 ) ;
#1817 = STYLED_ITEM ( 'NONE', ( #1680 ), #562 ) ;
#1818 = MECHANICAL_DESIGN_GEOMETRIC_PRESENTATION_REPRESENTATION (  '', ( #766 ), #396 ) ;
#1819 = DIRECTION ( 'NONE',  ( 1.000000000000000000, 0.0000000000000000000, 0.0000000000000000000 ) ) ;
#1820 = DIRECTION ( 'NONE',  ( 0.0000000000000000000, 0.0000000000000000000, -1.000000000000000000 ) ) ;
#1821 = CARTESIAN_POINT ( 'NONE',  ( 0.7500000000095496944, 9.184850993722098299E-17, 1.250000000000000000 ) ) ;
#1822 = FILL_AREA_STYLE ('',( #763 ) ) ;
#1823 = EDGE_LOOP ( 'NONE', ( #496, #1175, #191, #1075 ) ) ;
#1824 = LINE ( 'NONE', #193, #1655 ) ;
#1825 = CARTESIAN_POINT ( 'NONE',  ( 0.5862052006829034934, 7.178943226598497466E-17, 16.79349346284260491 ) ) ;
#1826 = EDGE_CURVE ( 'NONE', #1217, #1385, #559, .T. ) ;
#1827 = DIRECTION ( 'NONE',  ( -1.000000000000000000, 0.0000000000000000000, 0.0000000000000000000 ) ) ;
#1828 = FACE_OUTER_BOUND ( 'NONE', #1202, .T. ) ;
#1829 =( NAMED_UNIT ( * ) PLANE_ANGLE_UNIT ( ) SI_UNIT ( $, .RADIAN. ) );
#1830 = ORIENTED_EDGE ( 'NONE', *, *, #32, .F. ) ;
#1831 = FACE_OUTER_BOUND ( 'NONE', #820, .T. ) ;
#1832 = DIRECTION ( 'NONE',  ( -0.6246950473578336549, 0.0000000000000000000, -0.7808688096003028045 ) ) ;
#1833 = ORIENTED_EDGE ( 'NONE', *, *, #1261, .F. ) ;
#1834 = CARTESIAN_POINT ( 'NONE',  ( 0.0000000000000000000, 0.0000000000000000000, 25.00000000000000000 ) ) ;
#1835 = CARTESIAN_POINT ( 'NONE',  ( -0.6799999999999992717, 0.0000000000000000000, 16.77274130955998643 ) ) ;
#1836 = EDGE_CURVE ( 'NONE', #473, #1949, #1763, .T. ) ;
#1837 = DIRECTION ( 'NONE',  ( 0.0000000000000000000, 0.0000000000000000000, -1.000000000000000000 ) ) ;
#1838 =( LENGTH_UNIT ( ) NAMED_UNIT ( * ) SI_UNIT ( .MILLI., .METRE. ) );
#1839 = UNCERTAINTY_MEASURE_WITH_UNIT (LENGTH_MEASURE( 1.000000000000000082E-05 ), #932, 'distance_accuracy_value', 'NONE');
#1840 = ORIENTED_EDGE ( 'NONE', *, *, #1496, .F. ) ;
#1841 = DIRECTION ( 'NONE',  ( -0.0000000000000000000, -0.0000000000000000000, 1.000000000000000000 ) ) ;
#1842 = CARTESIAN_POINT ( 'NONE',  ( 0.5790434404957522929, 7.091236959703939207E-17, 16.54879207080739434 ) ) ;
#1843 = ORIENTED_EDGE ( 'NONE', *, *, #667, .F. ) ;
#1844 = CIRCLE ( 'NONE', #1020, 0.5899999999999970823 ) ;
#1845 = CARTESIAN_POINT ( 'NONE',  ( 0.6799999999999990496, 8.327598234201990765E-17, 16.78420571963459906 ) ) ;
#1846 = COLOUR_RGB ( '',0.7960784313725489669, 0.6039215686274509443, 0.2313725490196078538 ) ;
#1847 = AXIS2_PLACEMENT_3D ( 'NONE', #1474, #591, #130 ) ;
#1848 = CARTESIAN_POINT ( 'NONE',  ( 0.0000000000000000000, 0.0000000000000000000, 16.75297096727490498 ) ) ;
#1849 = STYLED_ITEM ( 'NONE', ( #697 ), #1085 ) ;
#1850 =( LENGTH_UNIT ( ) NAMED_UNIT ( * ) SI_UNIT ( .MILLI., .METRE. ) );
#1851 = COLOUR_RGB ( '',0.7960784313725489669, 0.6039215686274509443, 0.2313725490196078538 ) ;
#1852 =( NAMED_UNIT ( * ) PLANE_ANGLE_UNIT ( ) SI_UNIT ( $, .RADIAN. ) );
#1853 = AXIS2_PLACEMENT_3D ( 'NONE', #227, #790, #653 ) ;
#1854 =( LENGTH_UNIT ( ) NAMED_UNIT ( * ) SI_UNIT ( .MILLI., .METRE. ) );
#1855 = SURFACE_SIDE_STYLE ('',( #1514 ) ) ;
#1856 = EDGE_CURVE ( 'NONE', #977, #1797, #837, .T. ) ;
#1857 = SURFACE_STYLE_USAGE ( .BOTH. , #958 ) ;
#1858 = ORIENTED_EDGE ( 'NONE', *, *, #423, .F. ) ;
#1859 =( NAMED_UNIT ( * ) SI_UNIT ( $, .STERADIAN. ) SOLID_ANGLE_UNIT ( ) );
#1860 = CARTESIAN_POINT ( 'NONE',  ( 0.5899999999999971934, -1.179999999999993943, 16.51755731840500019 ) ) ;
#1861 = CARTESIAN_POINT ( 'NONE',  ( 0.5790434404693234338, 1.158086880938646868, 16.54879207078625214 ) ) ;
#1862 = DIRECTION ( 'NONE',  ( 0.0000000000000000000, 0.0000000000000000000, -1.000000000000000000 ) ) ;
#1863 = DIRECTION ( 'NONE',  ( 0.0000000000000000000, 0.0000000000000000000, 1.000000000000000000 ) ) ;
#1864 = CARTESIAN_POINT ( 'NONE',  ( 0.0000000000000000000, 0.0000000000000000000, 16.58036236607651048 ) ) ;
#1865 = EDGE_CURVE ( 'NONE', #456, #462, #451, .T. ) ;
#1866 = DIRECTION ( 'NONE',  ( -1.000000000000000000, 0.0000000000000000000, 0.0000000000000000000 ) ) ;
#1867 = VERTEX_POINT ( 'NONE', #279 ) ;
#1868 = CARTESIAN_POINT ( 'NONE',  ( -0.5790434404802918822, -1.158086880960584431, 16.78454126258455403 ) ) ;
#1869 = FILL_AREA_STYLE_COLOUR ( '', #1049 ) ;
#1870 = DIRECTION ( 'NONE',  ( 1.000000000000000000, 1.224646799147353207E-16, 0.0000000000000000000 ) ) ;
#1871 =( NAMED_UNIT ( * ) SI_UNIT ( $, .STERADIAN. ) SOLID_ANGLE_UNIT ( ) );
#1872 = CARTESIAN_POINT ( 'NONE',  ( -0.6097542393554286067, -1.493467154986309672E-16, 16.65447386744662595 ) ) ;
#1873 = CARTESIAN_POINT ( 'NONE',  ( 0.2121618818531890438, -0.2199578255464021692, -0.006081779782148070100 ) ) ;
#1874 = ORIENTED_EDGE ( 'NONE', *, *, #1294, .F. ) ;
#1875 = CARTESIAN_POINT ( 'NONE',  ( 0.6800000000000000488, 8.327598234202003091E-17, 0.2138980571046349977 ) ) ;
#1876 = AXIS2_PLACEMENT_3D ( 'NONE', #1848, #16, #30 ) ;
#1877 = STYLED_ITEM ( 'NONE', ( #1534 ), #1060 ) ;
#1878 =( GEOMETRIC_REPRESENTATION_CONTEXT ( 3 ) GLOBAL_UNCERTAINTY_ASSIGNED_CONTEXT ( ( #1881 ) ) GLOBAL_UNIT_ASSIGNED_CONTEXT ( ( #1425, #656, #1740 ) ) REPRESENTATION_CONTEXT ( 'NONE', 'WORKASPACE' ) );
#1879 =( BOUNDED_SURFACE ( )  B_SPLINE_SURFACE ( 3, 3, ( 
 ( #437, #1322, #1490, #1805 ),
 ( #1059, #1349, #1942, #1932 ),
 ( #568, #455, #754, #445 ),
 ( #1178, #1343, #1046, #597 ) ),
 .UNSPECIFIED., .F., .F., .T. ) 
 B_SPLINE_SURFACE_WITH_KNOTS ( ( 4, 4 ),
 ( 4, 4 ),
 ( 0.0000000000000000000, 1.000000000000000000 ),
 ( 0.0000000000000000000, 1.000000000000000000 ),
 .UNSPECIFIED. ) 
 GEOMETRIC_REPRESENTATION_ITEM ( )  RATIONAL_B_SPLINE_SURFACE ( (
 ( 1.000000000000000000, 0.3333333333333334259, 0.3333333333333334259, 1.000000000000000000),
 ( 0.9624188795510917327, 0.3208062931836973553, 0.3208062931836973553, 0.9624188795510917327),
 ( 0.9624188795510917327, 0.3208062931836973553, 0.3208062931836973553, 0.9624188795510917327),
 ( 1.000000000000000000, 0.3333333333333334259, 0.3333333333333334259, 1.000000000000000000) ) ) 
 REPRESENTATION_ITEM ( '' )  SURFACE ( )  );
#1880 = FACE_OUTER_BOUND ( 'NONE', #127, .T. ) ;
#1881 = UNCERTAINTY_MEASURE_WITH_UNIT (LENGTH_MEASURE( 1.000000000000000082E-05 ), #1425, 'distance_accuracy_value', 'NONE');
#1882 = AXIS2_PLACEMENT_3D ( 'NONE', #1415, #633, #482 ) ;
#1883 = UNCERTAINTY_MEASURE_WITH_UNIT (LENGTH_MEASURE( 1.000000000000000082E-05 ), #41, 'distance_accuracy_value', 'NONE');
#1884 = AXIS2_PLACEMENT_3D ( 'NONE', #1033, #588, #1167 ) ;
#1885 = FILL_AREA_STYLE_COLOUR ( '', #1562 ) ;
#1886 = ORIENTED_EDGE ( 'NONE', *, *, #280, .F. ) ;
#1887 = CARTESIAN_POINT ( 'NONE',  ( 0.0000000000000000000, 0.0000000000000000000, 16.54912761369880059 ) ) ;
#1888 =( GEOMETRIC_REPRESENTATION_CONTEXT ( 3 ) GLOBAL_UNCERTAINTY_ASSIGNED_CONTEXT ( ( #630 ) ) GLOBAL_UNIT_ASSIGNED_CONTEXT ( ( #461, #956, #337 ) ) REPRESENTATION_CONTEXT ( 'NONE', 'WORKASPACE' ) );
#1889 =( LENGTH_UNIT ( ) NAMED_UNIT ( * ) SI_UNIT ( .MILLI., .METRE. ) );
#1890 = ADVANCED_FACE ( 'NONE', ( #1341 ), #1639, .T. ) ;
#1891 = CARTESIAN_POINT ( 'NONE',  ( 0.6249878019021640752, 1.249975603804328150, 16.69790141904440972 ) ) ;
#1892 = CARTESIAN_POINT ( 'NONE',  ( 0.6800000000000000488, 8.327598234202003091E-17, 16.54912761369880059 ) ) ;
#1893 =( NAMED_UNIT ( * ) PLANE_ANGLE_UNIT ( ) SI_UNIT ( $, .RADIAN. ) );
#1894 = CARTESIAN_POINT ( 'NONE',  ( -0.2121618818531891548, 0.2199578255464013921, -0.006081779782148126479 ) ) ;
#1895 = VERTEX_POINT ( 'NONE', #1312 ) ;
#1896 = SURFACE_SIDE_STYLE ('',( #101 ) ) ;
#1897 = CARTESIAN_POINT ( 'NONE',  ( 0.6249878019228110038, 7.653893111309104757E-17, 16.63543191426318657 ) ) ;
#1898 = PRODUCT_RELATED_PRODUCT_CATEGORY ( 'part', '', ( #683 ) ) ;
#1899 = SURFACE_SIDE_STYLE ('',( #1265 ) ) ;
#1900 = CARTESIAN_POINT ( 'NONE',  ( 0.2475353115722148667, 0.2582708456749004400, -0.1229395184671379093 ) ) ;
#1901 = UNCERTAINTY_MEASURE_WITH_UNIT (LENGTH_MEASURE( 1.000000000000000082E-05 ), #1643, 'distance_accuracy_value', 'NONE');
#1902 = CARTESIAN_POINT ( 'NONE',  ( -0.5966266122727449384, -0.1928539640326697169, 0.1795021242511257720 ) ) ;
#1903 = VERTEX_POINT ( 'NONE', #1044 ) ;
#1904 = CARTESIAN_POINT ( 'NONE',  ( 0.5097315657080075946, 6.242411303686803873E-17, 16.69790141906347714 ) ) ;
#1905 =( NAMED_UNIT ( * ) PLANE_ANGLE_UNIT ( ) SI_UNIT ( $, .RADIAN. ) );
#1906 = AXIS2_PLACEMENT_3D ( 'NONE', #1292, #886, #733 ) ;
#1907 = AXIS2_PLACEMENT_3D ( 'NONE', #1291, #1738, #262 ) ;
#1908 = CARTESIAN_POINT ( 'NONE',  ( 0.0000000000000000000, 0.0000000000000000000, 16.54879207080739434 ) ) ;
#1909 =( NAMED_UNIT ( * ) PLANE_ANGLE_UNIT ( ) SI_UNIT ( $, .RADIAN. ) );
#1910 = SURFACE_SIDE_STYLE ('',( #1923 ) ) ;
#1911 = AXIS2_PLACEMENT_3D ( 'NONE', #612, #767, #1228 ) ;
#1912 = VECTOR ( 'NONE', #1919, 1000.000000000000000 ) ;
#1913 = EDGE_CURVE ( 'NONE', #1539, #436, #1392, .T. ) ;
#1914 = PRODUCT ( 'Pogo_E2', 'Pogo_E2', '', ( #1435 ) ) ;
#1915 = AXIS2_PLACEMENT_3D ( 'NONE', #1008, #1617, #727 ) ;
#1916 = ORIENTED_EDGE ( 'NONE', *, *, #387, .F. ) ;
#1917 = CARTESIAN_POINT ( 'NONE',  ( -0.6640312423743269798, 0.0000000000000000000, 16.66666666666669983 ) ) ;
#1918 = CARTESIAN_POINT ( 'NONE',  ( 0.5790434404693235448, 7.091236959380281903E-17, 16.54879207078625214 ) ) ;
#1919 = DIRECTION ( 'NONE',  ( 0.0000000000000000000, 0.0000000000000000000, -1.000000000000000000 ) ) ;
#1920 = FILL_AREA_STYLE_COLOUR ( '', #824 ) ;
#1921 = CARTESIAN_POINT ( 'NONE',  ( -0.5097315657045659032, 1.019463131409131584, 16.63543191435182678 ) ) ;
#1922 = PRODUCT_CONTEXT ( 'NONE', #672, 'mechanical' ) ;
#1923 = SURFACE_STYLE_FILL_AREA ( #1936 ) ;
#1924 = CARTESIAN_POINT ( 'NONE',  ( 0.6800000000000000488, 8.327598234202003091E-17, 16.54912761369880059 ) ) ;
#1925 = EDGE_LOOP ( 'NONE', ( #1549, #12, #840, #549 ) ) ;
#1926 = EDGE_CURVE ( 'NONE', #259, #589, #1120, .T. ) ;
#1927 = PRESENTATION_STYLE_ASSIGNMENT (( #45 ) ) ;
#1928 = DIRECTION ( 'NONE',  ( 0.0000000000000000000, 0.0000000000000000000, -1.000000000000000000 ) ) ;
#1929 = DIRECTION ( 'NONE',  ( 0.0000000000000000000, 1.000000000000000000, 0.0000000000000000000 ) ) ;
#1930 = CARTESIAN_POINT ( 'NONE',  ( 0.6762052006810652660, -1.352410401362130310, 16.57141016581359239 ) ) ;
#1931 = ORIENTED_EDGE ( 'NONE', *, *, #32, .T. ) ;
#1932 = CARTESIAN_POINT ( 'NONE',  ( -0.6762052006912721014, -1.656225069186720640E-16, 16.76192316754921663 ) ) ;
#1933 = FACE_OUTER_BOUND ( 'NONE', #417, .T. ) ;
#1934 = EDGE_CURVE ( 'NONE', #100, #1797, #772, .T. ) ;
#1935 = STYLED_ITEM ( 'NONE', ( #103 ), #135 ) ;
#1936 = FILL_AREA_STYLE ('',( #277 ) ) ;
#1937 = PRESENTATION_LAYER_ASSIGNMENT (  '', '', ( #357 ) ) ;
#1938 = AXIS2_PLACEMENT_3D ( 'NONE', #29, #634, #1231 ) ;
#1939 = ORIENTED_EDGE ( 'NONE', *, *, #1865, .T. ) ;
#1940 =( GEOMETRIC_REPRESENTATION_CONTEXT ( 3 ) GLOBAL_UNCERTAINTY_ASSIGNED_CONTEXT ( ( #1744 ) ) GLOBAL_UNIT_ASSIGNED_CONTEXT ( ( #1529, #192, #642 ) ) REPRESENTATION_CONTEXT ( 'NONE', 'WORKASPACE' ) );
#1941 = CIRCLE ( 'NONE', #1335, 0.6249878019021651854 ) ;
#1942 = CARTESIAN_POINT ( 'NONE',  ( -0.6762052006912717683, -1.352410401382544203, 16.76192316754921308 ) ) ;
#1943 = CARTESIAN_POINT ( 'NONE',  ( 0.5899999999999990807, 1.179999999999998161, 16.80431160486435971 ) ) ;
#1944 = PRESENTATION_LAYER_ASSIGNMENT (  '', '', ( #1498 ) ) ;
#1945 = COLOUR_RGB ( '',0.7960784313725489669, 0.6039215686274509443, 0.2313725490196078538 ) ;
#1946 = ADVANCED_FACE ( 'NONE', ( #1240 ), #158, .T. ) ;
#1947 =( NAMED_UNIT ( * ) PLANE_ANGLE_UNIT ( ) SI_UNIT ( $, .RADIAN. ) );
#1948 = CARTESIAN_POINT ( 'NONE',  ( -0.6762052006810649329, -1.352410401362130532, 16.57141016581359239 ) ) ;
#1949 = VERTEX_POINT ( 'NONE', #1083 ) ;
#1950 = DIRECTION ( 'NONE',  ( 0.0000000000000000000, 1.000000000000000000, 0.0000000000000000000 ) ) ;
#1951 = UNCERTAINTY_MEASURE_WITH_UNIT (LENGTH_MEASURE( 1.000000000000000082E-05 ), #382, 'distance_accuracy_value', 'NONE');
#1952 = FILL_AREA_STYLE_COLOUR ( '', #1557 ) ;
#1953 = NEXT_ASSEMBLY_USAGE_OCCURRENCE ( 'NAUO1', ' ', ' ', #1543, #384, $ ) ;
#1954 = NEXT_ASSEMBLY_USAGE_OCCURRENCE ( 'NAUO2', ' ', ' ', #1543, #1398, $ ) ;
#1955 = NEXT_ASSEMBLY_USAGE_OCCURRENCE ( 'NAUO3', ' ', ' ', #1543, #1334, $ ) ;
ENDSEC;
END-ISO-10303-21;
