#VRML V2.0 utf8
# 3D model generated by easyeda2kicad.py (https://github.com/uPesy/easyeda2kicad.py)

Shape{
    appearance Appearance {
        material  Material 	{
            diffuseColor 0.25098039215686274 0.25098039215686274 0.25098039215686274
            specularColor 0.12549019607843137 0.12549019607843137 0.12549019607843137
            ambientIntensity 0.2
            transparency 0
            shininess 0.5
        }
    }
    geometry IndexedFaceSet {
        ccw TRUE
        solid FALSE
        coord DEF co Coordinate {
            point [
                -0.7981 -4.7775 7.8642, 4.1232 -4.7775 7.8642, -0.7981 -7.2184 7.8642, 4.1232 -5.5058 7.8642, 4.1232 -7.2184 7.8642, 4.1232 -6.4901 7.8642, 5.8948 -6.4901 7.8642, 5.8948 -5.5058 7.8642, -0.7981 -7.2184 8.2599, -0.7981 -4.7775 8.2599, 3.4919 -7.2184 9.5846, 3.2139 -7.2184 8.6752, 4.1232 -7.2184 9.5846, 3.2926 -7.2184 8.6752, -0.5552 -7.2184 8.5279, -0.6643 -7.2184 8.3827, 0.6548 -7.2184 8.2894, -0.4745 -7.2184 9.4019, -0.2272 -7.2184 9.5846, -0.5552 -7.2184 9.5646, -0.2272 -7.2184 9.8327, -0.6643 -7.2184 9.7099, -0.7981 -7.2184 9.8327, 3.2926 -7.2184 8.2894, -0.425 -7.2184 9.2272, 0.6548 -7.2184 8.7697, 0.5405 -7.2184 9.5846, 0.805 -7.2184 8.8957, -0.4083 -7.2184 9.0463, -0.425 -7.2184 8.8654, -0.4745 -7.2184 8.6907, 4.1232 -5.5058 8.2579, 4.1232 -4.7775 9.5846, 4.1232 -6.4901 8.2579, 5.8948 -6.4901 8.2579, 5.8948 -5.5058 8.2579, -0.6643 -4.7775 9.7099, -0.7981 -4.7775 9.8327, -0.2272 -4.7775 9.8327, -0.2272 -4.7775 9.5846, 0.5405 -4.7775 9.5846, 0.805 -4.7775 8.8957, -0.4083 -4.7775 9.0463, -0.425 -4.7775 9.2272, 0.6548 -4.7775 8.7697, -0.4745 -4.7775 9.4019, 3.2139 -4.7775 8.6752, 3.4919 -4.7775 9.5846, 3.2926 -4.7775 8.6752, 3.2926 -4.7775 8.2894, 0.6548 -4.7775 8.2894, -0.5552 -4.7775 9.5646, -0.6643 -4.7775 8.3827, -0.5552 -4.7775 8.5279, -0.4745 -4.7775 8.6907, -0.425 -4.7775 8.8654, -0.425 -4.7775 8.8654
            ]
        }
        coordIndex [
            0,1,2,-1,2,1,3,-1,4,2,5,-1,5,2,3,-1,5,3,6,-1,6,3,7,-1,8,9,2,-1,2,9,0,-1,10,11,12,-1,12,11,13,-1,12,13,4,-1,14,15,16,-1,17,18,19,-1,19,18,20,-1,19,20,21,-1,21,20,22,-1,13,23,4,-1,4,23,16,-1,4,16,2,-1,2,16,15,-1,2,15,8,-1,17,24,18,-1,18,24,25,-1,18,25,26,-1,26,25,27,-1,24,28,25,-1,25,28,29,-1,25,29,16,-1,16,29,30,-1,16,30,14,-1,3,1,31,-1,31,1,32,-1,31,32,33,-1,33,32,12,-1,33,12,5,-1,5,12,4,-1,33,5,34,-1,34,5,6,-1,6,7,34,-1,34,7,35,-1,3,31,7,-1,7,31,35,-1,36,37,38,-1,39,40,41,-1,42,43,44,-1,44,43,45,-1,46,47,48,-1,48,47,32,-1,48,32,49,-1,49,32,1,-1,49,1,50,-1,41,44,39,-1,39,44,45,-1,39,45,38,-1,38,45,51,-1,38,51,36,-1,1,0,50,-1,50,0,9,-1,50,9,52,-1,52,53,50,-1,50,53,54,-1,50,54,44,-1,44,54,55,-1,44,55,42,-1,22,37,21,-1,21,37,36,-1,21,36,19,-1,19,36,51,-1,19,51,17,-1,17,51,45,-1,17,45,24,-1,24,45,43,-1,24,43,28,-1,28,43,42,-1,28,42,29,-1,29,42,55,-1,29,55,30,-1,30,55,54,-1,30,54,14,-1,14,54,53,-1,14,53,15,-1,15,53,52,-1,15,52,8,-1,8,52,9,-1,39,18,40,-1,40,18,26,-1,40,26,41,-1,41,26,27,-1,50,16,49,-1,49,16,23,-1,46,11,47,-1,47,11,10,-1,31,33,35,-1,35,33,34,-1,47,10,32,-1,32,10,12,-1,20,38,22,-1,22,38,37,-1,38,20,39,-1,39,20,18,-1,41,27,44,-1,44,27,25,-1,49,23,48,-1,48,23,13,-1,44,25,50,-1,50,25,16,-1,48,13,46,-1,46,13,11,-1,
        ]
    }
}
Shape{
    appearance Appearance {
        material  Material 	{
            diffuseColor 0.027450980392156862 0.6235294117647059 1.0
            specularColor 0.011764705882352941 0.3137254901960784 0.5019607843137255
            ambientIntensity 0.2
            transparency 0
            shininess 0.5
        }
    }
    geometry IndexedFaceSet {
        ccw TRUE
        solid FALSE
        coord DEF co Coordinate {
            point [
                -2.9819 -7.2184 -1.572, -2.9819 -7.2184 -1.572, -2.9819 -7.2184 -1.528, -3.1037 -7.2184 -1.5276, -3.1073 -7.2184 -1.528, -3.0441 -7.2184 -1.528, -3.1496 -7.2184 -1.528, -3.1661 -7.2184 -1.528, -3.1661 -7.2184 -1.6337, -2.8398 -7.2184 -0.8399, -2.8344 -7.2184 -0.8419, -2.8344 -7.2184 -0.8332, -3.3057 -7.2184 -0.8356, -3.2859 -7.2184 -0.8332, -3.3919 -7.2184 -0.8332, -3.2372 -7.2184 -1.1029, -3.2544 -7.2184 -1.1046, -3.1661 -7.2184 -1.1046, -3.8962 -7.2184 -1.0435, -3.8447 -7.2184 -1.0871, -3.6648 -7.2184 -0.8332, -3.6648 -7.2184 -1.1046, -4.0007 -7.2184 -0.9366, -3.962 -7.2184 -1.0124, -3.9527 -7.2184 -1.0155, -4.1417 -7.2184 -0.8094, -4.1071 -7.2184 -0.8332, -4.0645 -7.2184 -0.8625, -5.1288 -7.2184 2.9429, -5.3521 -7.2184 2.9429, -5.1288 -7.2184 1.7618, -5.3521 -7.2184 -0.8332, -4.4994 -7.2184 -0.8068, -4.4116 -7.2184 -0.7742, -3.6648 -7.2184 1.7618, -4.3225 -7.2184 -0.7638, -4.2362 -7.2184 -0.7738, -4.5426 -7.2184 -0.8332, -4.5502 -7.2184 -0.8378, -5.3521 -7.2184 -1.1046, -4.9578 -7.2184 -1.1046, -4.9412 -7.2184 -1.0671, -4.8956 -7.2184 -1.0086, -4.7521 -7.2184 -0.9267, -4.6774 -7.2184 -0.9175, -4.5948 -7.2184 -0.876, -4.6556 -7.2184 -0.9187, -4.6337 -7.2184 -0.9213, -4.8828 -7.2184 -0.9965, -4.8224 -7.2184 -0.954, -4.8458 -7.2184 -1.4823, -4.9051 -7.2184 -1.4318, -5.3521 -7.2184 -1.528, -4.7773 -7.2184 -1.5157, -4.9484 -7.2184 -1.3699, -4.9756 -7.2184 -1.2992, -5.3521 -7.2184 -1.1828, -4.9848 -7.2184 -1.2249, -4.9843 -7.2184 -1.2067, -4.98 -7.2184 -1.1828, -4.9715 -7.2184 -1.1354, -4.7533 -7.2184 -1.5229, -4.7509 -7.2184 -1.528, -4.7342 -7.2184 -1.5636, -5.3521 -7.2184 -1.6337, -4.706 -7.2184 -1.5984, -4.6689 -7.2184 -1.6264, -5.3521 -7.2184 -2.1752, -4.6251 -7.2184 -1.6448, -4.6515 -7.2184 -1.6337, -4.4945 -7.2184 -1.6337, -4.5271 -7.2184 -1.6462, -3.6648 -7.2184 -2.1752, -4.573 -7.2184 -1.6519, -4.5803 -7.2184 -1.6518, -4.3952 -7.2184 -1.528, -4.3954 -7.2184 -1.5288, -3.6648 -7.2184 -1.6337, -4.4179 -7.2184 -1.5711, -4.4469 -7.2184 -1.6037, -4.4847 -7.2184 -1.63, -3.7828 -7.2184 -1.199, -3.7741 -7.2184 -1.261, -3.6648 -7.2184 -1.1828, -4.1529 -7.2184 -1.416, -4.1399 -7.2184 -1.4109, -4.1176 -7.2184 -1.3027, -3.8443 -7.2184 -1.4413, -3.896 -7.2184 -1.485, -3.6648 -7.2184 -1.528, -4.4307 -7.2184 -1.335, -4.1764 -7.2184 -1.2022, -4.4639 -7.2184 -1.3048, -4.5041 -7.2184 -1.2832, -4.1646 -7.2184 -1.4243, -3.8067 -7.2184 -1.3888, -3.8927 -7.2184 -1.2462, -3.9016 -7.2184 -1.2097, -3.9162 -7.2184 -1.1828, -4.8605 -7.2184 -1.1828, -3.7828 -7.2184 -1.3287, -4.1252 -7.2184 -1.409, -4.1233 -7.2184 -1.4091, -4.1176 -7.2184 -1.4104, -4.8493 -7.2184 -1.2969, -4.8268 -7.2184 -1.3353, -4.7304 -7.2184 -1.3549, -4.7928 -7.2184 -1.3702, -4.7514 -7.2184 -1.3957, -4.6603 -7.2184 -1.2921, -4.6991 -7.2184 -1.3191, -4.8652 -7.2184 -1.2211, -4.863 -7.2184 -1.2504, -4.6183 -7.2184 -1.2761, -4.573 -7.2184 -1.2705, -4.5499 -7.2184 -1.2718, -4.184 -7.2184 -1.4678, -4.1835 -7.2184 -1.4603, -4.3833 -7.2184 -1.4432, -4.1797 -7.2184 -1.4459, -4.1724 -7.2184 -1.4329, -3.9303 -7.2184 -1.3633, -3.9094 -7.2184 -1.3337, -3.8963 -7.2184 -1.2998, -3.8918 -7.2184 -1.2629, -4.1397 -7.2184 -1.5249, -4.1522 -7.2184 -1.52, -4.1645 -7.2184 -1.5112, -4.1689 -7.2184 -1.5067, -4.1772 -7.2184 -1.4948, -4.1822 -7.2184 -1.482, -4.3843 -7.2184 -1.4819, -4.3833 -7.2184 -1.4621, -3.9539 -7.2184 -1.5133, -4.017 -7.2184 -1.5266, -4.129 -7.2184 -1.5266, -4.1138 -7.2184 -1.4109, -4.0284 -7.2184 -1.4109, -3.9943 -7.2184 -1.4044, -3.9608 -7.2184 -1.3888, -3.9328 -7.2184 -1.3659, -4.055 -7.2184 -1.1149, -4.8433 -7.2184 -1.1329, -4.8596 -7.2184 -1.1752, -4.0398 -7.2184 -1.1149, -3.9193 -7.2184 -1.177, -3.9411 -7.2184 -1.1526, -3.9706 -7.2184 -1.1321, -4.0037 -7.2184 -1.1193, -4.0959 -7.2184 -1.0008, -4.1387 -7.2184 -0.9497, -4.5749 -7.2184 -1.0598, -4.1434 -7.2184 -0.9454, -4.1968 -7.2184 -0.9084, -4.5459 -7.2184 -0.9998, -4.8236 -7.2184 -1.1046, -4.5884 -7.2184 -1.0525, -4.0572 -7.2184 -1.1046, -4.0666 -7.2184 -1.062, -4.6309 -7.2184 -1.0369, -4.6755 -7.2184 -1.0314, -4.6953 -7.2184 -1.0324, -4.5034 -7.2184 -0.949, -4.2563 -7.2184 -0.8856, -4.4525 -7.2184 -0.9118, -4.3206 -7.2184 -0.8777, -4.3905 -7.2184 -0.8867, -4.7421 -7.2184 -1.0435, -4.7844 -7.2184 -1.066, -4.817 -7.2184 -1.0951, -3.8322 -7.2184 -1.1046, -3.806 -7.2184 -1.1411, -3.7893 -7.2184 -1.1828, -2.5497 -7.2184 -1.0293, -2.6476 -7.2184 -1.0293, -2.5225 -7.2184 -1.1023, -2.6476 -7.2184 -1.1046, -2.4844 -7.2184 -1.1023, 7.2728 -7.2184 -1.1046, 7.2728 -7.2184 -0.8332, -2.586 -7.2184 -0.8354, -2.6476 -7.2184 -0.8332, -2.6608 -7.2184 -1.0293, -2.6865 -7.2184 -1.1023, -2.7319 -7.2184 -1.1046, -2.7245 -7.2184 -1.1023, -2.7319 -7.2184 -0.8332, -2.6476 -7.2184 -0.9003, -2.6229 -7.2184 -0.8354, -3.0441 -7.2184 -0.9821, -3.1162 -7.2184 -0.9821, -3.0441 -7.2184 -1.0719, -3.1162 -7.2184 -1.0719, -2.9819 -7.2184 -0.8332, -3.0441 -7.2184 -0.8332, -3.0131 -7.2184 -0.8354, -3.0441 -7.2184 -0.8354, -3.0131 -7.2184 -0.8661, -3.0071 -7.2184 -1.0719, -2.9819 -7.2184 -1.1046, -3.0071 -7.2184 -1.1023, -3.0441 -7.2184 -1.1046, -3.0207 -7.2184 -0.9821, -3.0207 -7.2184 -0.9515, -3.0441 -7.2184 -0.9515, -3.0441 -7.2184 -0.8661, -3.1162 -7.2184 -0.8661, -3.1162 -7.2184 -0.9515, -3.1506 -7.2184 -0.8354, -3.1661 -7.2184 -0.8332, -3.1506 -7.2184 -1.1023, -3.204 -7.2184 -0.8418, -3.2323 -7.2184 -0.8337, -3.2386 -7.2184 -0.8332, -3.0441 -7.2184 -1.1023, -3.204 -7.2184 -0.8779, -3.2086 -7.2184 -1.0935, -3.2669 -7.2184 -0.862, -3.2787 -7.2184 -0.8626, -3.2971 -7.2184 -1.0735, -3.2729 -7.2184 -1.0761, -3.2555 -7.2184 -1.0752, -3.207 -7.2184 -0.8762, -3.2261 -7.2184 -1.0687, -3.204 -7.2184 -1.0582, -3.204 -7.2184 -1.0913, -3.3345 -7.2184 -1.0548, -3.3673 -7.2184 -0.9829, -3.3415 -7.2184 -1.048, -3.3629 -7.2184 -1.0093, -3.3541 -7.2184 -1.0307, -3.2341 -7.2184 -0.8659, -3.3017 -7.2184 -0.8673, -3.3226 -7.2184 -0.8773, -3.3397 -7.2184 -0.8916, -3.3416 -7.2184 -0.8937, -3.3544 -7.2184 -0.9123, -3.3634 -7.2184 -0.9354, -3.3677 -7.2184 -0.9719, -3.3166 -7.2184 -1.0667, -3.2673 -7.2184 -0.8309, -3.3919 -7.2184 1.7618, -3.1661 -7.2184 1.7618, -3.3847 -7.2184 -0.8955, -3.3653 -7.2184 -0.8702, -3.3586 -7.2184 -0.8638, -3.3336 -7.2184 -0.8464, -3.3919 -7.2184 -1.0345, -3.3987 -7.2184 -1.0172, -3.4079 -7.2184 -1.1046, -3.4039 -7.2184 -0.9739, -3.4034 -7.2184 -0.96, -3.4079 -7.2184 -0.8332, -3.3973 -7.2184 -0.9251, -3.3919 -7.2184 -0.9125, -3.3919 -7.2184 -1.1046, -3.3264 -7.2184 -1.0989, -3.3512 -7.2184 -1.0862, -3.3696 -7.2184 -1.0704, -3.3719 -7.2184 -1.0679, -3.3878 -7.2184 -1.0451, -3.3025 -7.2184 -1.1046, -3.3919 -7.2184 -1.1828, -3.2982 -7.2184 -1.1056, -3.2779 -7.2184 -1.1068, -3.1661 -7.2184 -1.1828, -3.4079 -7.2184 1.7618, -3.0441 -7.2184 1.7618, -2.9819 -7.2184 1.7618, -2.8344 -7.2184 1.7618, -2.7319 -7.2184 1.7618, 7.2728 -7.2184 8.9862, 5.3043 -7.2184 8.9862, 5.3043 -7.2184 1.7618, -2.6476 -7.2184 1.7618, -2.7466 -7.2184 -1.0137, -2.7598 -7.2184 -1.0413, -2.7701 -7.2184 -0.8801, -2.7536 -7.2184 -0.9034, -2.8344 -7.2184 -1.0954, -2.8344 -7.2184 -1.1046, -2.8076 -7.2184 -1.085, -2.7796 -7.2184 -1.0649, -2.7796 -7.2184 -0.8708, -2.8075 -7.2184 -0.8517, -2.7438 -7.2184 -0.9288, -2.7393 -7.2184 -0.9655, -2.7402 -7.2184 -0.9825, -2.8805 -7.2184 -0.8354, -2.8381 -7.2184 -1.0968, -2.8832 -7.2184 -1.1023, -2.9566 -7.2184 -1.1023, -2.9566 -7.2184 -0.8354, -3.3664 -7.2184 -1.4347, -3.3614 -7.2184 -1.3809, -3.3731 -7.2184 -1.4443, -3.3777 -7.2184 -1.456, -3.2268 -7.2184 -1.5257, -3.3013 -7.2184 -1.528, -3.2602 -7.2184 -1.5257, -3.2887 -7.2184 -1.5234, -3.2771 -7.2184 -1.5157, -3.3395 -7.2184 -1.5279, -3.3524 -7.2184 -1.5231, -3.3919 -7.2184 -1.528, -3.3743 -7.2184 -1.5012, -3.3783 -7.2184 -1.4899, -3.3614 -7.2184 -1.3485, -3.3543 -7.2184 -1.3444, -3.2616 -7.2184 -1.3368, -3.176 -7.2184 -1.3638, -3.1698 -7.2184 -1.3548, -3.3561 -7.2184 -1.4259, -3.3417 -7.2184 -1.4186, -3.3409 -7.2184 -1.3677, -3.3167 -7.2184 -1.4125, -3.2875 -7.2184 -1.3591, -3.2989 -7.2184 -1.3579, -3.32 -7.2184 -1.3602, -3.3636 -7.2184 -1.5152, -3.3673 -7.2184 -1.5115, -3.2602 -7.2184 -1.4962, -3.2611 -7.2184 -1.4962, -3.2665 -7.2184 -1.5044, -3.3295 -7.2184 -1.3348, -3.2957 -7.2184 -1.3307, -3.2757 -7.2184 -1.3325, -3.38 -7.2184 -1.4747, -3.3799 -7.2184 -1.4704, -3.2504 -7.2184 -1.3431, -3.2415 -7.2184 -1.3517, -3.18 -7.2184 -1.3746, -3.2347 -7.2184 -1.3624, -3.2294 -7.2184 -1.3776, -3.2602 -7.2184 -1.4046, -3.2614 -7.2184 -1.3898, -3.2649 -7.2184 -1.3779, -3.2688 -7.2184 -1.371, -3.1664 -7.2184 -1.4224, -3.1815 -7.2184 -1.4845, -3.1661 -7.2184 -1.4226, -3.1688 -7.2184 -1.4924, -3.1661 -7.2184 -1.4935, -3.1718 -7.2184 -1.4167, -3.1762 -7.2184 -1.4097, -3.2268 -7.2184 -1.4031, -3.1799 -7.2184 -1.3995, -3.1813 -7.2184 -1.3865, -3.2739 -7.2184 -1.3656, -3.2798 -7.2184 -1.3618, -3.3022 -7.2184 -1.5283, -3.3919 -7.2184 -1.6337, -3.3195 -7.2184 -1.5302, -3.3389 -7.2184 -1.528, -3.1815 -7.2184 -1.519, -3.1661 -7.2184 -1.5247, -3.1603 -7.2184 -1.5268, -3.0619 -7.2184 -1.3392, -3.0619 -7.2184 -1.3717, -3.1599 -7.2184 -1.3459, -3.1497 -7.2184 -1.3398, -3.0544 -7.2184 -1.4873, -3.0585 -7.2184 -1.4979, -3.0647 -7.2184 -1.5067, -3.1661 -7.2184 -1.3514, -3.1313 -7.2184 -1.3333, -3.1071 -7.2184 -1.3307, -3.0441 -7.2184 -1.1828, -3.0844 -7.2184 -1.3327, -3.064 -7.2184 -1.4424, -3.0577 -7.2184 -1.4516, -3.0542 -7.2184 -1.4614, -3.0528 -7.2184 -1.4739, -3.0743 -7.2184 -1.5151, -3.0851 -7.2184 -1.5214, -3.1104 -7.2184 -1.3579, -3.1203 -7.2184 -1.3586, -3.1469 -7.2184 -1.3835, -3.1292 -7.2184 -1.361, -3.1367 -7.2184 -1.365, -3.1466 -7.2184 -1.388, -3.1452 -7.2184 -1.3932, -3.1428 -7.2184 -1.3977, -3.1396 -7.2184 -1.4013, -3.1278 -7.2184 -1.4086, -3.0882 -7.2184 -1.3604, -3.1071 -7.2184 -1.4177, -3.0693 -7.2184 -1.3674, -3.0941 -7.2184 -1.4229, -3.0719 -7.2184 -1.4352, -3.1417 -7.2184 -1.3694, -3.1446 -7.2184 -1.3737, -3.1463 -7.2184 -1.3782, -3.1479 -7.2184 -1.5004, -3.1307 -7.2184 -1.4419, -3.1506 -7.2184 -1.4328, -3.1265 -7.2184 -1.5029, -3.1251 -7.2184 -1.5029, -3.1087 -7.2184 -1.4511, -3.1079 -7.2184 -1.501, -3.0871 -7.2184 -1.4771, -3.0874 -7.2184 -1.473, -3.0993 -7.2184 -1.4978, -3.0962 -7.2184 -1.496, -3.0924 -7.2184 -1.4926, -3.0895 -7.2184 -1.4883, -3.0878 -7.2184 -1.4835, -3.0889 -7.2184 -1.4678, -3.0915 -7.2184 -1.4633, -3.0957 -7.2184 -1.459, -2.8871 -7.2184 -1.3351, -2.8524 -7.2184 -1.3351, -2.8344 -7.2184 -1.1828, -2.9482 -7.2184 -1.4784, -2.9441 -7.2184 -1.4941, -2.9432 -7.2184 -1.4941, -2.9819 -7.2184 -1.1828, -2.9819 -7.2184 -1.3815, -2.9391 -7.2184 -1.4786, -2.9417 -7.2184 -1.4875, -2.9819 -7.2184 -1.4713, -3.0354 -7.2184 -1.3351, -2.998 -7.2184 -1.3351, -2.9606 -7.2184 -1.5253, -2.9617 -7.2184 -1.528, -2.9753 -7.2184 -1.56, -3.0441 -7.2184 -1.6337, -3.0285 -7.2184 -1.6128, -3.0285 -7.2184 -1.583, -2.9881 -7.2184 -1.579, -3.0216 -7.2184 -1.5853, -3.1298 -7.2184 -1.5302, -2.9819 -7.2184 -1.6095, -2.9934 -7.2184 -1.614, -2.9819 -7.2184 -1.6337, -3.0069 -7.2184 -1.6155, -3.0143 -7.2184 -1.6152, -2.994 -7.2184 -1.5831, -3.0095 -7.2184 -1.5869, -3.0013 -7.2184 -1.5859, -2.9389 -7.2184 -1.5545, -2.954 -7.2184 -1.584, -2.8344 -7.2184 -1.6337, -2.9284 -7.2184 -1.528, -2.9663 -7.2184 -1.5987, -2.9686 -7.2184 -1.6008, -2.9802 -7.2184 -1.6089, -2.7319 -7.2184 -1.4055, -2.7819 -7.2184 -1.4055, -2.7319 -7.2184 -1.4953, -2.7819 -7.2184 -1.4953, -2.6789 -7.2184 -1.2588, -2.6789 -7.2184 -1.2895, -2.6476 -7.2184 -1.1828, -2.6728 -7.2184 -1.4953, -2.6476 -7.2184 -1.528, -2.6728 -7.2184 -1.5257, -2.7319 -7.2184 -1.528, -2.6865 -7.2184 -1.4055, -2.6865 -7.2184 -1.3749, -2.7319 -7.2184 -1.3749, -2.7319 -7.2184 -1.2895, -2.7819 -7.2184 -1.2895, -2.7819 -7.2184 -1.3749, -2.7319 -7.2184 -1.5257, -2.8164 -7.2184 -1.5257, -2.8344 -7.2184 -1.528, -2.8164 -7.2184 -1.2588, -2.7319 -7.2184 -1.2588, -2.7319 -7.2184 -1.1828, -3.4148 -7.2184 -1.0719, -3.4148 -7.2184 -1.1023, -3.5555 -7.2184 -1.1023, -3.5555 -7.2184 -0.8354, -3.5211 -7.2184 -0.8354, -3.5211 -7.2184 -1.0719, -3.4079 -7.2184 -1.1828, -2.1882 -7.2184 -1.5257, -2.2154 -7.2184 -1.4527, -2.3266 -7.2184 -1.4527, 7.2728 -7.2184 -1.528, 7.2728 -7.2184 -1.1828, -2.2518 -7.2184 -1.2588, -2.4059 -7.2184 -1.4059, -2.4124 -7.2184 -1.4371, -2.3903 -7.2184 -1.5257, -2.4255 -7.2184 -1.4647, -2.4454 -7.2184 -1.4883, -2.2886 -7.2184 -1.2588, -2.4051 -7.2184 -1.3889, -2.4095 -7.2184 -1.3522, -2.5463 -7.2184 -1.2588, -2.5055 -7.2184 -1.2633, -2.4734 -7.2184 -1.5084, -2.5039 -7.2184 -1.5203, -2.549 -7.2184 -1.5257, -2.4454 -7.2184 -1.2942, -2.4359 -7.2184 -1.3035, -2.4194 -7.2184 -1.3268, -2.4733 -7.2184 -1.2751, -2.3522 -7.2184 -1.5257, -2.1502 -7.2184 -1.5257, -2.6224 -7.2184 -1.5257, -2.6224 -7.2184 -1.2588, -3.4079 -7.2184 -1.528, -3.5555 -7.2184 -1.5257, -3.412 -7.2184 -1.5257, -3.412 -7.2184 -1.4953, -3.4181 -7.2184 -1.2895, -3.5555 -7.2184 -1.2588, -3.4181 -7.2184 -1.2588, -3.5211 -7.2184 -1.4055, -3.5211 -7.2184 -1.4953, -3.4256 -7.2184 -1.4055, -3.4256 -7.2184 -1.3749, -3.5211 -7.2184 -1.3749, -3.5211 -7.2184 -1.2895, -2.7319 -7.2184 -1.6337, -2.6476 -7.2184 -1.6337, 7.2728 -7.2184 -1.6337, -3.4079 -7.2184 -1.6337, -3.4079 -7.2184 -2.1752, -3.3919 -7.2184 -2.1752, -3.1661 -7.2184 -2.1752, -3.0441 -7.2184 -2.1752, -2.9819 -7.2184 -2.1752, -2.8344 -7.2184 -2.1752, -2.7319 -7.2184 -2.1752, -2.6476 -7.2184 -2.1752, 7.2728 -7.2184 -2.1752, -5.7193 -7.2184 -2.1752, -5.7193 -7.2184 -1.6337, -5.7193 -7.2184 -1.528, -5.7193 -7.2184 -1.1828, -5.7193 -7.2184 -1.1046, -5.7193 -7.2184 -0.8332, -5.7193 -7.2184 2.8445, -5.6209 -7.2184 2.9429, -5.6209 -4.7775 2.9429, -5.1288 -4.7775 2.9429, -5.7193 -4.7775 2.8445, -5.1288 -4.7775 1.7618, 5.3043 -4.7775 8.9862, 7.2728 -4.7775 8.9862, 5.3043 -4.7775 1.7618, 7.2728 -4.7775 -2.1752, -5.7193 -4.7775 -2.1752, -5.1288 -4.9743 2.9429, -5.1288 -4.9743 1.7618, 5.3043 -7.0216 1.7618, -5.5225 -4.9743 1.7618, -5.5225 -7.0216 1.7618, -5.1288 -7.0216 1.7618, 5.8948 -7.0216 1.7618, 5.8948 -4.9743 1.7618, 5.3043 -4.9743 1.7618, 5.3043 -4.9743 8.9862, 5.8948 -4.9743 8.9862, 5.3043 -7.0216 8.9862, 5.8948 -7.0216 8.9862, 1.0326 -5.355 -2.1752, 0.9919 -5.3863 -2.1752, -1.054 -4.7775 -2.1752, 0.9606 -5.4271 -2.1752, -1.054 -6.4704 -2.1752, 3.0486 -5.3354 -2.1752, 3.0011 -5.355 -2.1752, 2.9604 -5.3863 -2.1752, 2.9291 -5.4271 -2.1752, 2.9094 -5.4746 -2.1752, 0.9409 -5.4746 -2.1752, 0.9342 -5.5255 -2.1752, 0.9409 -5.5765 -2.1752, 0.9606 -5.6239 -2.1752, 1.2702 -5.6647 -2.1752, 1.3015 -5.6239 -2.1752, 3.198 -5.696 -2.1752, 3.2388 -5.6647 -2.1752, 7.2728 -6.4704 -2.1752, 3.27 -5.6239 -2.1752, 3.2897 -5.5765 -2.1752, 0.9919 -5.6647 -2.1752, 1.0326 -5.696 -2.1752, 1.0801 -5.7157 -2.1752, 2.9291 -5.6239 -2.1752, 2.9604 -5.6647 -2.1752, 3.0011 -5.696 -2.1752, 1.1311 -5.7224 -2.1752, 1.182 -5.7157 -2.1752, 1.2295 -5.696 -2.1752, 1.3212 -5.5765 -2.1752, 1.3279 -5.5255 -2.1752, 3.0996 -5.3287 -2.1752, 3.0486 -5.7157 -2.1752, 3.0996 -5.7224 -2.1752, 3.1505 -5.7157 -2.1752, 1.3212 -5.4746 -2.1752, 1.3015 -5.4271 -2.1752, 1.2702 -5.3863 -2.1752, 1.2295 -5.355 -2.1752, 1.182 -5.3354 -2.1752, 1.1311 -5.3287 -2.1752, 1.0801 -5.3354 -2.1752, 2.9027 -5.5255 -2.1752, 2.9094 -5.5765 -2.1752, 3.2897 -5.4746 -2.1752, 3.27 -5.4271 -2.1752, 3.2388 -5.3863 -2.1752, 3.198 -5.355 -2.1752, 4.8976 -5.6239 -2.1752, 4.9289 -5.6647 -2.1752, 5.0681 -5.7224 -2.1752, 5.0171 -5.7157 -2.1752, 4.9696 -5.696 -2.1752, 5.2582 -5.4746 -2.1752, 5.2385 -5.4271 -2.1752, 3.1505 -5.3354 -2.1752, 5.2073 -5.3863 -2.1752, 5.1665 -5.355 -2.1752, 5.119 -5.3354 -2.1752, 5.0681 -5.3287 -2.1752, 5.0171 -5.3354 -2.1752, 4.9696 -5.355 -2.1752, 4.9289 -5.3863 -2.1752, 5.119 -5.7157 -2.1752, 5.1665 -5.696 -2.1752, 5.2073 -5.6647 -2.1752, 4.8976 -5.4271 -2.1752, 4.8779 -5.4746 -2.1752, 3.2964 -5.5255 -2.1752, 4.8712 -5.5255 -2.1752, 4.8779 -5.5765 -2.1752, 5.2385 -5.6239 -2.1752, 5.2582 -5.5765 -2.1752, 5.2649 -5.5255 -2.1752, -4.7664 -5.3354 -2.1752, -4.8138 -5.355 -2.1752, -4.8546 -5.3863 -2.1752, -4.8859 -5.4271 -2.1752, -4.8859 -5.6239 -2.1752, -4.8546 -5.6647 -2.1752, -5.7193 -6.4704 -2.1752, -4.8138 -5.696 -2.1752, -4.7664 -5.7157 -2.1752, -4.7154 -5.7224 -2.1752, -4.6645 -5.7157 -2.1752, -4.617 -5.696 -2.1752, -4.5762 -5.6647 -2.1752, -4.5449 -5.6239 -2.1752, -4.5253 -5.5765 -2.1752, -4.9055 -5.4746 -2.1752, -4.9123 -5.5255 -2.1752, -4.9055 -5.5765 -2.1752, -3.239 -5.3287 -2.1752, -3.29 -5.3354 -2.1752, -4.5762 -5.3863 -2.1752, -4.5449 -5.4271 -2.1752, -4.5253 -5.4746 -2.1752, -4.617 -5.355 -2.1752, -4.6645 -5.3354 -2.1752, -4.7154 -5.3287 -2.1752, -3.4095 -5.6239 -2.1752, -3.3782 -5.6647 -2.1752, -3.3375 -5.355 -2.1752, -3.3782 -5.3863 -2.1752, -3.239 -5.7224 -2.1752, -3.29 -5.7157 -2.1752, -3.3375 -5.696 -2.1752, -3.1881 -5.7157 -2.1752, -3.1406 -5.696 -2.1752, -3.0998 -5.6647 -2.1752, -3.0685 -5.6239 -2.1752, -3.0489 -5.5765 -2.1752, -3.0422 -5.5255 -2.1752, -3.0489 -5.4746 -2.1752, -3.0685 -5.4271 -2.1752, -3.0998 -5.3863 -2.1752, -3.1406 -5.355 -2.1752, -3.1881 -5.3354 -2.1752, -3.4095 -5.4271 -2.1752, -3.4292 -5.4746 -2.1752, -4.5186 -5.5255 -2.1752, -3.4359 -5.5255 -2.1752, -3.4292 -5.5765 -2.1752, -1.054 -7.2184 -2.1752, -5.5225 -4.9743 2.9429, -5.5225 -7.0216 2.9429, -5.1288 -7.0216 2.9429, -5.1288 -7.0216 2.9429
            ]
        }
        coordIndex [
            0,1,2,-1,3,4,5,-1,6,7,8,-1,9,10,11,-1,12,13,14,-1,15,16,17,-1,18,19,20,-1,20,19,21,-1,22,23,20,-1,20,23,24,-1,20,24,18,-1,25,26,20,-1,20,26,27,-1,20,27,22,-1,28,29,30,-1,30,29,31,-1,32,33,30,-1,30,33,34,-1,34,33,35,-1,34,35,36,-1,32,30,37,-1,37,30,31,-1,37,31,38,-1,39,40,31,-1,31,40,41,-1,31,41,42,-1,31,43,38,-1,38,43,44,-1,38,44,45,-1,45,44,46,-1,45,46,47,-1,42,48,31,-1,31,48,49,-1,31,49,43,-1,50,51,52,-1,50,52,53,-1,51,54,52,-1,52,54,55,-1,52,55,56,-1,56,55,57,-1,57,58,56,-1,56,58,59,-1,56,59,39,-1,39,59,60,-1,39,60,40,-1,61,53,62,-1,62,53,52,-1,62,52,63,-1,63,52,64,-1,63,64,65,-1,65,64,66,-1,67,68,64,-1,64,68,69,-1,64,69,66,-1,70,71,72,-1,72,71,73,-1,72,73,67,-1,67,73,74,-1,67,74,68,-1,75,76,77,-1,77,76,78,-1,78,79,77,-1,77,79,80,-1,77,80,70,-1,81,82,83,-1,84,85,86,-1,87,88,89,-1,90,91,92,-1,92,91,93,-1,84,86,94,-1,87,89,95,-1,96,97,91,-1,91,97,98,-1,91,98,99,-1,83,82,89,-1,89,82,100,-1,89,100,95,-1,85,101,86,-1,86,101,102,-1,86,102,103,-1,104,105,106,-1,106,105,107,-1,106,107,108,-1,109,99,110,-1,110,99,111,-1,110,111,106,-1,106,111,112,-1,106,112,104,-1,109,113,99,-1,99,113,114,-1,99,114,91,-1,91,114,115,-1,91,115,93,-1,116,117,118,-1,118,117,119,-1,118,119,86,-1,86,119,120,-1,86,120,94,-1,121,122,86,-1,86,122,123,-1,86,123,91,-1,91,123,124,-1,91,124,96,-1,125,126,75,-1,75,126,127,-1,75,127,128,-1,128,129,75,-1,75,129,130,-1,75,130,131,-1,131,130,116,-1,131,116,132,-1,132,116,118,-1,88,133,89,-1,89,133,134,-1,89,134,75,-1,75,134,135,-1,75,135,125,-1,103,136,86,-1,86,136,137,-1,86,137,138,-1,138,139,86,-1,86,139,140,-1,86,140,121,-1,141,142,143,-1,143,99,141,-1,141,99,98,-1,141,98,144,-1,144,98,145,-1,145,146,144,-1,144,146,147,-1,144,147,148,-1,149,150,151,-1,150,152,151,-1,151,152,153,-1,151,153,154,-1,155,151,156,-1,142,141,155,-1,155,141,157,-1,155,157,151,-1,151,157,158,-1,151,158,149,-1,156,159,155,-1,155,159,160,-1,155,160,161,-1,154,153,162,-1,162,153,163,-1,162,163,164,-1,164,163,165,-1,164,165,166,-1,167,168,161,-1,161,168,169,-1,161,169,155,-1,19,170,21,-1,21,170,171,-1,21,171,83,-1,83,171,172,-1,83,172,81,-1,173,174,175,-1,175,174,176,-1,175,176,177,-1,178,179,180,-1,180,179,181,-1,174,182,176,-1,176,182,183,-1,176,183,184,-1,184,183,185,-1,184,185,186,-1,186,185,187,-1,186,187,181,-1,181,187,188,-1,181,188,180,-1,189,190,191,-1,191,190,192,-1,193,194,195,-1,195,194,196,-1,195,197,193,-1,193,197,198,-1,193,198,199,-1,199,198,200,-1,199,200,201,-1,189,191,202,-1,202,191,198,-1,202,198,203,-1,203,198,197,-1,203,197,204,-1,197,205,204,-1,204,205,206,-1,204,206,207,-1,196,194,208,-1,208,194,209,-1,208,209,210,-1,211,209,212,-1,212,209,213,-1,200,214,201,-1,201,214,210,-1,201,210,17,-1,17,210,209,-1,17,209,215,-1,215,209,211,-1,15,17,216,-1,217,218,219,-1,220,221,222,-1,222,221,223,-1,222,223,215,-1,215,223,224,-1,215,224,17,-1,17,224,225,-1,17,225,216,-1,226,227,228,-1,228,227,229,-1,228,229,230,-1,220,222,219,-1,219,222,231,-1,219,231,217,-1,218,232,219,-1,219,232,233,-1,219,233,234,-1,234,235,219,-1,219,235,236,-1,219,236,237,-1,237,238,219,-1,219,238,227,-1,219,227,239,-1,239,227,226,-1,240,213,241,-1,241,213,242,-1,14,243,244,-1,244,245,14,-1,14,245,246,-1,14,246,12,-1,247,248,249,-1,249,248,250,-1,250,251,252,-1,252,251,253,-1,252,253,14,-1,14,253,254,-1,14,254,243,-1,255,256,257,-1,257,258,255,-1,255,258,259,-1,255,259,260,-1,256,255,261,-1,261,255,262,-1,261,262,263,-1,263,262,264,-1,264,262,265,-1,264,265,16,-1,34,252,266,-1,266,252,14,-1,266,14,241,-1,241,14,13,-1,241,13,240,-1,213,209,242,-1,242,209,194,-1,242,194,267,-1,267,194,193,-1,267,193,268,-1,268,11,269,-1,269,11,186,-1,269,186,270,-1,270,186,181,-1,271,272,179,-1,179,272,273,-1,179,273,181,-1,181,273,274,-1,181,274,270,-1,275,276,184,-1,277,278,186,-1,279,280,281,-1,281,280,184,-1,281,184,282,-1,282,184,276,-1,277,186,283,-1,11,10,186,-1,186,10,284,-1,186,284,283,-1,278,285,186,-1,186,285,286,-1,186,286,184,-1,184,286,287,-1,184,287,275,-1,268,193,11,-1,11,193,288,-1,11,288,9,-1,279,289,280,-1,280,289,290,-1,280,290,199,-1,199,290,291,-1,199,291,193,-1,193,291,292,-1,193,292,288,-1,293,294,295,-1,295,294,296,-1,7,297,298,-1,298,297,299,-1,298,299,300,-1,300,299,301,-1,302,303,304,-1,304,305,306,-1,262,307,308,-1,309,310,311,-1,293,312,294,-1,294,312,313,-1,294,313,314,-1,314,313,315,-1,316,317,315,-1,315,317,318,-1,315,318,314,-1,303,319,304,-1,304,319,320,-1,304,320,305,-1,321,322,299,-1,299,322,323,-1,299,323,301,-1,308,324,262,-1,262,324,325,-1,262,325,326,-1,306,327,304,-1,304,327,328,-1,304,328,262,-1,262,328,296,-1,262,296,307,-1,307,296,294,-1,309,329,310,-1,310,329,330,-1,310,330,331,-1,331,330,332,-1,331,332,333,-1,334,335,315,-1,315,335,336,-1,315,336,337,-1,338,339,340,-1,340,339,341,-1,340,341,342,-1,343,344,345,-1,345,344,346,-1,345,346,333,-1,333,346,347,-1,333,347,331,-1,337,348,315,-1,315,348,349,-1,315,349,316,-1,7,298,8,-1,8,298,350,-1,8,350,351,-1,351,350,352,-1,351,352,353,-1,338,343,339,-1,339,343,345,-1,339,345,354,-1,354,345,297,-1,354,297,355,-1,355,297,7,-1,355,7,356,-1,356,7,6,-1,357,358,5,-1,359,360,265,-1,361,362,5,-1,5,362,363,-1,326,309,262,-1,262,309,311,-1,262,311,265,-1,265,311,364,-1,265,364,359,-1,360,365,265,-1,265,365,366,-1,265,366,367,-1,367,366,368,-1,367,368,357,-1,369,370,358,-1,358,370,371,-1,358,371,5,-1,5,371,372,-1,5,372,361,-1,363,373,5,-1,5,373,374,-1,5,374,3,-1,375,376,377,-1,377,376,378,-1,377,378,379,-1,377,380,375,-1,375,380,381,-1,375,381,382,-1,382,383,375,-1,375,383,384,-1,375,384,385,-1,385,384,386,-1,385,386,387,-1,387,386,388,-1,387,388,358,-1,358,388,389,-1,358,389,369,-1,390,391,379,-1,379,391,392,-1,379,392,377,-1,393,394,342,-1,342,394,395,-1,342,395,340,-1,393,396,394,-1,394,396,397,-1,394,397,398,-1,398,397,399,-1,398,400,401,-1,399,402,398,-1,398,402,403,-1,398,403,404,-1,404,405,398,-1,398,405,406,-1,398,406,400,-1,401,407,398,-1,398,407,408,-1,398,408,409,-1,410,411,412,-1,413,414,415,-1,412,416,410,-1,410,416,417,-1,410,417,418,-1,418,417,413,-1,418,413,419,-1,419,413,415,-1,2,420,5,-1,5,420,421,-1,357,5,367,-1,367,5,421,-1,367,421,416,-1,416,421,422,-1,416,422,417,-1,423,420,424,-1,424,420,2,-1,424,2,425,-1,425,2,1,-1,426,427,428,-1,429,0,430,-1,430,0,2,-1,430,2,428,-1,428,2,5,-1,428,5,426,-1,426,5,4,-1,426,4,8,-1,8,4,431,-1,8,431,6,-1,432,433,434,-1,434,433,435,-1,434,435,426,-1,426,435,436,-1,426,436,427,-1,429,430,437,-1,437,430,438,-1,437,438,439,-1,440,441,442,-1,440,442,443,-1,441,444,442,-1,442,444,445,-1,442,445,434,-1,434,445,446,-1,434,446,432,-1,447,448,449,-1,449,448,450,-1,451,452,453,-1,453,452,454,-1,453,454,455,-1,455,454,456,-1,455,456,457,-1,447,449,458,-1,458,449,454,-1,458,454,459,-1,459,454,452,-1,459,452,460,-1,452,461,460,-1,460,461,462,-1,460,462,463,-1,456,464,457,-1,457,464,465,-1,457,465,466,-1,466,465,467,-1,451,453,468,-1,468,453,469,-1,468,469,467,-1,467,469,412,-1,467,412,466,-1,466,412,411,-1,466,411,443,-1,250,252,249,-1,249,252,470,-1,249,470,471,-1,21,472,20,-1,20,472,473,-1,20,473,474,-1,475,470,474,-1,474,470,252,-1,474,252,20,-1,20,252,34,-1,20,34,25,-1,25,34,36,-1,16,265,17,-1,17,265,367,-1,17,367,201,-1,201,367,416,-1,201,416,199,-1,199,416,412,-1,199,412,280,-1,280,412,469,-1,280,469,184,-1,184,469,453,-1,184,453,176,-1,471,472,249,-1,249,472,21,-1,249,21,476,-1,476,21,83,-1,477,478,479,-1,480,481,482,-1,483,484,485,-1,485,484,486,-1,485,486,487,-1,180,177,178,-1,178,177,176,-1,178,176,481,-1,481,176,453,-1,481,453,482,-1,482,453,488,-1,483,485,489,-1,489,485,488,-1,489,488,490,-1,491,492,453,-1,487,493,485,-1,485,493,494,-1,485,494,495,-1,496,497,488,-1,488,497,498,-1,488,498,490,-1,453,492,488,-1,488,492,499,-1,488,499,496,-1,479,500,477,-1,477,500,480,-1,477,480,501,-1,501,480,482,-1,500,485,480,-1,480,485,495,-1,480,495,455,-1,455,495,502,-1,455,502,453,-1,453,502,503,-1,453,503,491,-1,260,247,255,-1,255,247,249,-1,255,249,262,-1,262,249,476,-1,262,476,304,-1,304,476,504,-1,89,504,505,-1,505,504,506,-1,506,504,507,-1,507,504,476,-1,507,476,508,-1,89,505,83,-1,83,505,509,-1,83,509,476,-1,476,509,510,-1,476,510,508,-1,511,512,513,-1,513,512,507,-1,513,507,514,-1,514,507,508,-1,514,508,515,-1,515,508,516,-1,443,442,466,-1,466,442,517,-1,466,517,457,-1,457,517,518,-1,457,518,455,-1,455,518,519,-1,455,519,480,-1,75,77,89,-1,89,77,520,-1,89,520,504,-1,504,520,351,-1,504,351,304,-1,304,351,353,-1,304,353,302,-1,70,72,77,-1,77,72,521,-1,77,521,520,-1,520,521,522,-1,520,522,351,-1,351,522,523,-1,351,523,8,-1,8,523,524,-1,8,524,426,-1,426,524,525,-1,426,525,434,-1,434,525,526,-1,434,526,442,-1,442,526,527,-1,442,527,517,-1,517,527,528,-1,517,528,518,-1,518,528,529,-1,518,529,519,-1,530,67,531,-1,531,67,64,-1,531,64,532,-1,532,64,52,-1,532,52,533,-1,533,52,56,-1,533,56,534,-1,534,56,39,-1,534,39,535,-1,535,39,31,-1,535,31,536,-1,536,31,29,-1,536,29,537,-1,538,539,540,-1,540,539,541,-1,542,543,544,-1,544,543,545,-1,544,545,541,-1,541,545,546,-1,541,546,540,-1,547,548,539,-1,539,548,541,-1,274,273,549,-1,550,551,548,-1,548,551,552,-1,553,554,549,-1,549,554,555,-1,549,555,274,-1,274,555,544,-1,274,544,541,-1,266,548,34,-1,34,548,552,-1,34,552,30,-1,266,241,548,-1,548,241,242,-1,548,242,267,-1,267,268,548,-1,548,268,269,-1,548,269,541,-1,541,269,270,-1,541,270,274,-1,555,556,544,-1,544,556,542,-1,542,556,557,-1,558,272,559,-1,559,272,271,-1,559,271,557,-1,557,271,543,-1,557,543,542,-1,545,543,271,-1,271,179,545,-1,545,179,178,-1,545,178,481,-1,481,480,545,-1,545,480,519,-1,545,519,529,-1,560,561,562,-1,562,561,563,-1,564,565,566,-1,566,567,564,-1,564,567,568,-1,564,568,569,-1,563,570,562,-1,562,570,571,-1,562,571,564,-1,564,571,572,-1,564,572,573,-1,565,574,575,-1,576,577,578,-1,578,577,579,-1,578,579,580,-1,573,581,564,-1,564,581,582,-1,564,582,583,-1,584,585,564,-1,564,585,586,-1,583,587,564,-1,564,587,588,-1,564,588,565,-1,565,588,589,-1,565,589,574,-1,575,590,565,-1,565,590,591,-1,565,591,592,-1,586,593,564,-1,564,593,594,-1,564,594,578,-1,578,594,595,-1,578,595,576,-1,596,597,545,-1,545,597,598,-1,545,598,599,-1,599,600,545,-1,545,600,601,-1,545,601,562,-1,562,601,602,-1,562,602,560,-1,569,603,564,-1,564,603,604,-1,564,604,584,-1,605,606,545,-1,545,606,607,-1,545,607,608,-1,580,609,610,-1,611,578,612,-1,612,578,580,-1,612,580,613,-1,613,580,610,-1,614,615,545,-1,608,616,545,-1,545,616,592,-1,545,592,596,-1,596,592,591,-1,615,617,545,-1,545,617,618,-1,545,618,619,-1,619,620,545,-1,545,620,621,-1,545,621,605,-1,605,621,622,-1,605,622,623,-1,611,624,578,-1,578,624,625,-1,578,625,626,-1,623,627,605,-1,605,627,628,-1,605,628,629,-1,629,628,630,-1,629,630,580,-1,580,630,631,-1,580,631,609,-1,626,632,578,-1,578,632,633,-1,578,633,545,-1,545,633,634,-1,545,634,614,-1,635,636,546,-1,546,636,637,-1,546,637,638,-1,639,640,641,-1,641,640,642,-1,642,643,641,-1,641,643,644,-1,641,644,564,-1,564,644,645,-1,564,645,646,-1,646,647,564,-1,564,647,648,-1,564,648,649,-1,638,650,546,-1,546,650,651,-1,546,651,641,-1,641,651,652,-1,641,652,639,-1,562,653,654,-1,655,562,656,-1,656,562,657,-1,655,658,562,-1,562,658,659,-1,562,659,546,-1,546,659,660,-1,546,660,635,-1,661,662,649,-1,562,654,657,-1,657,654,663,-1,657,663,664,-1,665,564,666,-1,666,564,649,-1,666,649,667,-1,667,649,662,-1,665,668,564,-1,564,668,669,-1,564,669,670,-1,670,671,564,-1,564,671,672,-1,564,672,562,-1,562,672,673,-1,673,674,562,-1,562,674,675,-1,562,675,676,-1,676,677,562,-1,562,677,678,-1,562,678,653,-1,664,679,657,-1,657,679,680,-1,657,680,681,-1,681,680,682,-1,681,682,649,-1,649,682,683,-1,649,683,661,-1,578,529,564,-1,564,529,684,-1,564,684,641,-1,641,684,530,-1,530,531,546,-1,546,531,532,-1,546,532,533,-1,536,540,535,-1,535,540,546,-1,535,546,534,-1,534,546,533,-1,548,547,550,-1,550,547,685,-1,557,554,559,-1,559,554,553,-1,550,685,551,-1,551,685,686,-1,557,556,554,-1,554,556,555,-1,538,540,537,-1,537,540,536,-1,553,549,559,-1,559,549,558,-1,552,687,30,-1,30,687,28,-1,558,549,272,-1,272,549,273,-1,28,687,29,-1,29,687,686,-1,547,539,685,-1,685,539,538,-1,685,538,686,-1,686,538,537,-1,686,537,29,-1,551,686,552,-1,552,686,687,-1,
        ]
    }
}
Shape{
    appearance Appearance {
        material  Material 	{
            diffuseColor 0.0 0.0 0.0
            specularColor 0.0 0.0 0.0
            ambientIntensity 0.2
            transparency 0
            shininess 0.5
        }
    }
    geometry IndexedFaceSet {
        ccw TRUE
        solid FALSE
        coord DEF co Coordinate {
            point [
                -3.4148 -7.2224 -1.0719, -3.4148 -7.2224 -1.1023, -3.4148 -7.2184 -1.0719, -3.4148 -7.2184 -1.1023, -3.5211 -7.2224 -1.0719, -3.5211 -7.2184 -1.0719, -3.5211 -7.2224 -0.8354, -3.5211 -7.2184 -0.8354, -3.5555 -7.2224 -0.8354, -3.5555 -7.2184 -0.8354, -3.5555 -7.2224 -1.1023, -3.5555 -7.2184 -1.1023, -3.2372 -7.2224 -1.1029, -3.2779 -7.2224 -1.1068, -3.2544 -7.2184 -1.1046, -3.2779 -7.2184 -1.1068, -3.2372 -7.2184 -1.1029, -3.2086 -7.2184 -1.0935, -3.2086 -7.2224 -1.0935, -3.204 -7.2184 -1.0913, -3.204 -7.2224 -1.0913, -3.204 -7.2224 -1.0582, -3.204 -7.2184 -1.0582, -3.2261 -7.2184 -1.0687, -3.2261 -7.2224 -1.0687, -3.2555 -7.2184 -1.0752, -3.2555 -7.2224 -1.0752, -3.2729 -7.2184 -1.0761, -3.2729 -7.2224 -1.0761, -3.2971 -7.2184 -1.0735, -3.2971 -7.2224 -1.0735, -3.3166 -7.2184 -1.0667, -3.3166 -7.2224 -1.0667, -3.3345 -7.2184 -1.0548, -3.3345 -7.2224 -1.0548, -3.3415 -7.2184 -1.048, -3.3415 -7.2224 -1.048, -3.3541 -7.2184 -1.0307, -3.3541 -7.2224 -1.0307, -3.3629 -7.2184 -1.0093, -3.3629 -7.2224 -1.0093, -3.3673 -7.2184 -0.9829, -3.3673 -7.2224 -0.9829, -3.3677 -7.2184 -0.9719, -3.3677 -7.2224 -0.9719, -3.3634 -7.2184 -0.9354, -3.3634 -7.2224 -0.9354, -3.3544 -7.2184 -0.9123, -3.3544 -7.2224 -0.9123, -3.3416 -7.2184 -0.8937, -3.3416 -7.2224 -0.8937, -3.3397 -7.2184 -0.8916, -3.3397 -7.2224 -0.8916, -3.3226 -7.2184 -0.8773, -3.3226 -7.2224 -0.8773, -3.3017 -7.2184 -0.8673, -3.3017 -7.2224 -0.8673, -3.2787 -7.2184 -0.8626, -3.2787 -7.2224 -0.8626, -3.2669 -7.2184 -0.862, -3.2669 -7.2224 -0.862, -3.2341 -7.2184 -0.8659, -3.2341 -7.2224 -0.8659, -3.207 -7.2184 -0.8762, -3.207 -7.2224 -0.8762, -3.204 -7.2184 -0.8779, -3.204 -7.2224 -0.8779, -3.204 -7.2224 -0.8418, -3.204 -7.2184 -0.8418, -3.2673 -7.2184 -0.8309, -3.2673 -7.2224 -0.8309, -3.2386 -7.2184 -0.8332, -3.2323 -7.2224 -0.8337, -3.2323 -7.2184 -0.8337, -3.2859 -7.2184 -0.8332, -3.3057 -7.2224 -0.8356, -3.3057 -7.2184 -0.8356, -3.3336 -7.2184 -0.8464, -3.3336 -7.2224 -0.8464, -3.3586 -7.2184 -0.8638, -3.3586 -7.2224 -0.8638, -3.3653 -7.2184 -0.8702, -3.3653 -7.2224 -0.8702, -3.3847 -7.2184 -0.8955, -3.3847 -7.2224 -0.8955, -3.3919 -7.2184 -0.9125, -3.3973 -7.2224 -0.9251, -3.3973 -7.2184 -0.9251, -3.4034 -7.2184 -0.96, -3.4034 -7.2224 -0.96, -3.4039 -7.2184 -0.9739, -3.4039 -7.2224 -0.9739, -3.3987 -7.2184 -1.0172, -3.3919 -7.2184 -1.0345, -3.3878 -7.2224 -1.0451, -3.3987 -7.2224 -1.0172, -3.3878 -7.2184 -1.0451, -3.3719 -7.2184 -1.0679, -3.3719 -7.2224 -1.0679, -3.3696 -7.2184 -1.0704, -3.3696 -7.2224 -1.0704, -3.3264 -7.2184 -1.0989, -3.3512 -7.2224 -1.0862, -3.3512 -7.2184 -1.0862, -3.3025 -7.2184 -1.1046, -3.2982 -7.2224 -1.1056, -3.3264 -7.2224 -1.0989, -3.2982 -7.2184 -1.1056, -3.0071 -7.2224 -1.0719, -3.0071 -7.2224 -1.1023, -3.0071 -7.2184 -1.0719, -3.0071 -7.2184 -1.1023, -3.1162 -7.2184 -1.0719, -3.1162 -7.2224 -1.0719, -3.0441 -7.2184 -1.0719, -3.1162 -7.2224 -0.9821, -3.1162 -7.2184 -0.9821, -3.0207 -7.2184 -0.9821, -3.0207 -7.2224 -0.9821, -3.0441 -7.2184 -0.9821, -3.0207 -7.2224 -0.9515, -3.0207 -7.2184 -0.9515, -3.1162 -7.2184 -0.9515, -3.1162 -7.2224 -0.9515, -3.0441 -7.2184 -0.9515, -3.1162 -7.2224 -0.8661, -3.1162 -7.2184 -0.8661, -3.0131 -7.2184 -0.8661, -3.0131 -7.2224 -0.8661, -3.0441 -7.2184 -0.8661, -3.0131 -7.2224 -0.8354, -3.0131 -7.2184 -0.8354, -3.1506 -7.2184 -0.8354, -3.1506 -7.2224 -0.8354, -3.0441 -7.2184 -0.8354, -3.1506 -7.2224 -1.1023, -3.1506 -7.2184 -1.1023, -3.0441 -7.2184 -1.1023, -2.791 -7.2224 -1.0278, -2.8041 -7.2224 -1.044, -2.7796 -7.2224 -1.0649, -2.8073 -7.2224 -1.0471, -2.8076 -7.2224 -1.085, -2.8246 -7.2224 -1.059, -2.8381 -7.2224 -1.0968, -2.8467 -7.2224 -1.0675, -2.8832 -7.2224 -1.1023, -2.8834 -7.2224 -1.0719, -2.9566 -7.2224 -1.1023, -2.9222 -7.2224 -1.0719, -2.9566 -7.2224 -0.8354, -2.9222 -7.2224 -0.8661, -2.8805 -7.2224 -0.8354, -2.8819 -7.2224 -0.8661, -2.8398 -7.2224 -0.8399, -2.8459 -7.2224 -0.8703, -2.8075 -7.2224 -0.8517, -2.823 -7.2224 -0.8789, -2.7796 -7.2224 -0.8708, -2.8048 -7.2224 -0.8912, -2.7701 -7.2224 -0.8801, -2.7973 -7.2224 -0.8987, -2.7536 -7.2224 -0.9034, -2.787 -7.2224 -0.9137, -2.7438 -7.2224 -0.9288, -2.7795 -7.2224 -0.9332, -2.7393 -7.2224 -0.9655, -2.7756 -7.2224 -0.9664, -2.7402 -7.2224 -0.9825, -2.7765 -7.2224 -0.9837, -2.7466 -7.2224 -1.0137, -2.7817 -7.2224 -1.0081, -2.7598 -7.2224 -1.0413, -2.8832 -7.2184 -1.1023, -2.9566 -7.2184 -1.1023, -2.7796 -7.2184 -1.0649, -2.8381 -7.2184 -1.0968, -2.8344 -7.2184 -1.0954, -2.8076 -7.2184 -1.085, -2.7598 -7.2184 -1.0413, -2.7466 -7.2184 -1.0137, -2.7402 -7.2184 -0.9825, -2.7393 -7.2184 -0.9655, -2.7438 -7.2184 -0.9288, -2.7536 -7.2184 -0.9034, -2.7701 -7.2184 -0.8801, -2.7796 -7.2184 -0.8708, -2.8075 -7.2184 -0.8517, -2.8344 -7.2184 -0.8419, -2.8398 -7.2184 -0.8399, -2.8805 -7.2184 -0.8354, -2.9566 -7.2184 -0.8354, -2.8819 -7.2184 -0.8661, -2.9222 -7.2184 -0.8661, -2.9222 -7.2184 -1.0719, -2.8834 -7.2184 -1.0719, -2.8041 -7.2184 -1.044, -2.8073 -7.2184 -1.0471, -2.8246 -7.2184 -1.059, -2.8467 -7.2184 -1.0675, -2.7756 -7.2184 -0.9664, -2.7765 -7.2184 -0.9837, -2.7817 -7.2184 -1.0081, -2.791 -7.2184 -1.0278, -2.8048 -7.2184 -0.8912, -2.7973 -7.2184 -0.8987, -2.787 -7.2184 -0.9137, -2.7795 -7.2184 -0.9332, -2.8459 -7.2184 -0.8703, -2.823 -7.2184 -0.8789, -2.823 -7.2184 -0.8789
            ]
        }
        coordIndex [
            0,1,2,-1,2,1,3,-1,4,0,5,-1,5,0,2,-1,6,4,7,-1,7,4,5,-1,8,6,9,-1,9,6,7,-1,10,8,11,-1,11,8,9,-1,1,10,3,-1,3,10,11,-1,6,8,4,-1,4,8,10,-1,4,10,0,-1,0,10,1,-1,12,13,14,-1,14,13,15,-1,14,16,12,-1,12,16,17,-1,12,17,18,-1,18,17,19,-1,18,19,20,-1,21,20,22,-1,22,20,19,-1,21,22,23,-1,21,23,24,-1,24,23,25,-1,24,25,26,-1,26,25,27,-1,26,27,28,-1,28,27,29,-1,28,29,30,-1,30,29,31,-1,30,31,32,-1,32,31,33,-1,32,33,34,-1,34,33,35,-1,34,35,36,-1,36,35,37,-1,36,37,38,-1,38,37,39,-1,38,39,40,-1,40,39,41,-1,40,41,42,-1,42,41,43,-1,42,43,44,-1,44,43,45,-1,44,45,46,-1,46,45,47,-1,46,47,48,-1,48,47,49,-1,48,49,50,-1,50,49,51,-1,50,51,52,-1,52,51,53,-1,52,53,54,-1,54,53,55,-1,54,55,56,-1,56,55,57,-1,56,57,58,-1,58,57,59,-1,58,59,60,-1,60,59,61,-1,60,61,62,-1,62,61,63,-1,62,63,64,-1,64,63,65,-1,64,65,66,-1,67,66,68,-1,68,66,65,-1,69,70,71,-1,71,70,72,-1,71,72,73,-1,73,72,67,-1,73,67,68,-1,70,69,74,-1,70,74,75,-1,74,76,75,-1,75,76,77,-1,75,77,78,-1,78,77,79,-1,78,79,80,-1,80,79,81,-1,80,81,82,-1,82,81,83,-1,82,83,84,-1,84,83,85,-1,84,85,86,-1,85,87,86,-1,86,87,88,-1,86,88,89,-1,89,88,90,-1,89,90,91,-1,91,90,92,-1,93,94,92,-1,92,94,95,-1,92,95,91,-1,93,96,94,-1,94,96,97,-1,94,97,98,-1,98,97,99,-1,98,99,100,-1,101,102,103,-1,103,102,100,-1,103,100,99,-1,104,105,101,-1,101,105,106,-1,101,106,102,-1,104,107,105,-1,105,107,15,-1,105,15,13,-1,82,52,80,-1,80,52,54,-1,80,54,78,-1,91,44,89,-1,89,44,46,-1,89,46,86,-1,86,46,84,-1,84,46,48,-1,84,48,82,-1,82,48,50,-1,82,50,52,-1,78,54,75,-1,75,54,56,-1,75,56,70,-1,20,21,18,-1,18,21,24,-1,18,24,12,-1,12,24,26,-1,12,26,13,-1,13,26,28,-1,13,28,105,-1,105,28,30,-1,105,30,106,-1,106,30,32,-1,106,32,102,-1,102,32,34,-1,102,34,100,-1,100,34,36,-1,100,36,98,-1,98,36,38,-1,98,38,94,-1,94,38,95,-1,95,38,40,-1,95,40,91,-1,91,40,42,-1,91,42,44,-1,56,58,70,-1,70,58,60,-1,70,60,72,-1,72,60,62,-1,72,62,67,-1,67,62,64,-1,67,64,66,-1,108,109,110,-1,110,109,111,-1,112,113,114,-1,114,113,108,-1,114,108,110,-1,115,113,116,-1,116,113,112,-1,117,118,119,-1,119,118,115,-1,119,115,116,-1,120,118,121,-1,121,118,117,-1,122,123,124,-1,124,123,120,-1,124,120,121,-1,125,123,126,-1,126,123,122,-1,127,128,129,-1,129,128,125,-1,129,125,126,-1,130,128,131,-1,131,128,127,-1,132,133,134,-1,134,133,130,-1,134,130,131,-1,135,133,136,-1,136,133,132,-1,111,109,137,-1,137,109,135,-1,137,135,136,-1,135,109,108,-1,108,113,135,-1,135,113,115,-1,135,115,133,-1,128,130,125,-1,125,130,133,-1,125,133,123,-1,123,133,115,-1,123,115,120,-1,120,115,118,-1,138,139,140,-1,140,139,141,-1,140,141,142,-1,142,141,143,-1,142,143,144,-1,144,143,145,-1,144,145,146,-1,146,145,147,-1,146,147,148,-1,148,147,149,-1,148,149,150,-1,150,149,151,-1,150,151,152,-1,152,151,153,-1,152,153,154,-1,154,153,155,-1,154,155,156,-1,156,155,157,-1,156,157,158,-1,158,157,159,-1,158,159,160,-1,160,159,161,-1,160,161,162,-1,162,161,163,-1,162,163,164,-1,164,163,165,-1,164,165,166,-1,166,165,167,-1,166,167,168,-1,168,167,169,-1,168,169,170,-1,170,169,171,-1,170,171,172,-1,172,171,138,-1,172,138,140,-1,146,148,173,-1,173,148,174,-1,175,140,142,-1,146,173,176,-1,146,176,144,-1,144,176,177,-1,144,177,142,-1,142,177,178,-1,142,178,175,-1,140,175,179,-1,140,179,172,-1,172,179,180,-1,172,180,170,-1,170,180,181,-1,170,181,168,-1,168,181,182,-1,168,182,166,-1,166,182,183,-1,166,183,164,-1,164,183,184,-1,164,184,162,-1,162,184,185,-1,162,185,160,-1,160,185,186,-1,160,186,158,-1,158,186,187,-1,188,154,187,-1,187,154,156,-1,187,156,158,-1,188,189,154,-1,154,189,190,-1,154,190,152,-1,150,152,191,-1,191,152,190,-1,148,150,174,-1,174,150,191,-1,153,151,192,-1,192,151,193,-1,151,149,193,-1,193,149,194,-1,149,147,194,-1,194,147,195,-1,139,196,197,-1,139,197,141,-1,141,197,198,-1,141,198,143,-1,143,198,199,-1,143,199,145,-1,145,199,195,-1,145,195,147,-1,167,200,201,-1,167,201,169,-1,169,201,202,-1,169,202,171,-1,171,202,203,-1,171,203,138,-1,138,203,196,-1,138,196,139,-1,159,204,205,-1,159,205,161,-1,161,205,206,-1,161,206,163,-1,163,206,207,-1,163,207,165,-1,165,207,200,-1,165,200,167,-1,153,192,208,-1,153,208,155,-1,155,208,209,-1,155,209,157,-1,157,209,204,-1,157,204,159,-1,
        ]
    }
}
Shape{
    appearance Appearance {
        material  Material 	{
            diffuseColor 0.027450980392156862 0.6235294117647059 1.0
            specularColor 0.011764705882352941 0.3137254901960784 0.5019607843137255
            ambientIntensity 0.2
            transparency 0
            shininess 0.5
        }
    }
    geometry IndexedFaceSet {
        ccw TRUE
        solid FALSE
        coord DEF co Coordinate {
            point [
                -2.9222 -7.2184 -0.8661, -2.9222 -7.2184 -1.0719, -2.8819 -7.2184 -0.8661, -2.8834 -7.2184 -1.0719, -2.8467 -7.2184 -1.0675, -2.8246 -7.2184 -1.059, -2.8073 -7.2184 -1.0471, -2.8041 -7.2184 -1.044, -2.791 -7.2184 -1.0278, -2.7817 -7.2184 -1.0081, -2.7756 -7.2184 -0.9664, -2.8048 -7.2184 -0.8912, -2.823 -7.2184 -0.8789, -2.7795 -7.2184 -0.9332, -2.787 -7.2184 -0.9137, -2.7973 -7.2184 -0.8987, -2.7765 -7.2184 -0.9837, -2.8459 -7.2184 -0.8703, -2.8459 -7.2184 -0.8703
            ]
        }
        coordIndex [
            0,1,2,-1,2,1,3,-1,3,4,2,-1,2,4,5,-1,2,5,6,-1,6,7,2,-1,2,7,8,-1,2,8,9,-1,10,11,12,-1,13,14,10,-1,10,14,15,-1,10,15,11,-1,9,16,2,-1,2,16,10,-1,2,10,17,-1,17,10,12,-1,
        ]
    }
}
Shape{
    appearance Appearance {
        material  Material 	{
            diffuseColor 0.0 0.0 0.0
            specularColor 0.0 0.0 0.0
            ambientIntensity 0.2
            transparency 0
            shininess 0.5
        }
    }
    geometry IndexedFaceSet {
        ccw TRUE
        solid FALSE
        coord DEF co Coordinate {
            point [
                -2.6499 -7.2224 -0.9992, -2.6608 -7.2224 -1.0293, -2.5603 -7.2224 -0.9992, -2.5497 -7.2224 -1.0293, -2.61 -7.2224 -0.8882, -2.6229 -7.2224 -0.8354, -2.7245 -7.2224 -1.1023, -2.6865 -7.2224 -1.1023, -2.6077 -7.2224 -0.8803, -2.6056 -7.2224 -0.8695, -2.586 -7.2224 -0.8354, -2.6048 -7.2224 -0.8695, -2.6026 -7.2224 -0.8808, -2.6006 -7.2224 -0.8882, -2.4844 -7.2224 -1.1023, -2.5225 -7.2224 -1.1023, -2.586 -7.2184 -0.8354, -2.4844 -7.2184 -1.1023, -2.6229 -7.2184 -0.8354, -2.7245 -7.2184 -1.1023, -2.6476 -7.2184 -0.9003, -2.6865 -7.2184 -1.1023, -2.6608 -7.2184 -1.0293, -2.5497 -7.2184 -1.0293, -2.6476 -7.2184 -1.0293, -2.5225 -7.2184 -1.1023, -2.6499 -7.2184 -0.9992, -2.5603 -7.2184 -0.9992, -2.6006 -7.2184 -0.8882, -2.6048 -7.2184 -0.8695, -2.6026 -7.2184 -0.8808, -2.6056 -7.2184 -0.8695, -2.61 -7.2184 -0.8882, -2.6077 -7.2184 -0.8803, -2.6077 -7.2184 -0.8803
            ]
        }
        coordIndex [
            0,1,2,-1,2,1,3,-1,4,5,0,-1,0,5,6,-1,0,6,1,-1,1,6,7,-1,4,8,5,-1,5,8,9,-1,5,9,10,-1,10,9,11,-1,10,11,12,-1,12,13,10,-1,10,13,2,-1,10,2,14,-1,14,2,3,-1,14,3,15,-1,10,14,16,-1,16,14,17,-1,5,10,18,-1,18,10,16,-1,19,6,20,-1,20,6,5,-1,20,5,18,-1,7,6,21,-1,21,6,19,-1,1,7,22,-1,22,7,21,-1,23,3,24,-1,24,3,1,-1,24,1,22,-1,15,3,25,-1,25,3,23,-1,14,15,17,-1,17,15,25,-1,0,2,26,-1,26,2,27,-1,2,13,27,-1,27,13,28,-1,11,29,30,-1,11,30,12,-1,12,30,28,-1,12,28,13,-1,11,9,29,-1,29,9,31,-1,4,32,33,-1,4,33,8,-1,8,33,31,-1,8,31,9,-1,4,0,32,-1,32,0,26,-1,
        ]
    }
}
Shape{
    appearance Appearance {
        material  Material 	{
            diffuseColor 0.027450980392156862 0.6235294117647059 1.0
            specularColor 0.011764705882352941 0.3137254901960784 0.5019607843137255
            ambientIntensity 0.2
            transparency 0
            shininess 0.5
        }
    }
    geometry IndexedFaceSet {
        ccw TRUE
        solid FALSE
        coord DEF co Coordinate {
            point [
                -2.6048 -7.2184 -0.8695, -2.6056 -7.2184 -0.8695, -2.6026 -7.2184 -0.8808, -2.6077 -7.2184 -0.8803, -2.6006 -7.2184 -0.8882, -2.61 -7.2184 -0.8882, -2.5603 -7.2184 -0.9992, -2.6499 -7.2184 -0.9992, -2.6499 -7.2184 -0.9992
            ]
        }
        coordIndex [
            0,1,2,-1,2,1,3,-1,2,3,4,-1,4,3,5,-1,4,5,6,-1,6,5,7,-1,
        ]
    }
}
Shape{
    appearance Appearance {
        material  Material 	{
            diffuseColor 0.0 0.0 0.0
            specularColor 0.0 0.0 0.0
            ambientIntensity 0.2
            transparency 0
            shininess 0.5
        }
    }
    geometry IndexedFaceSet {
        ccw TRUE
        solid FALSE
        coord DEF co Coordinate {
            point [
                -3.412 -7.2224 -1.4953, -3.412 -7.2224 -1.5257, -3.412 -7.2184 -1.4953, -3.412 -7.2184 -1.5257, -3.5211 -7.2224 -1.4953, -3.5211 -7.2184 -1.4953, -3.5211 -7.2224 -1.4055, -3.5211 -7.2184 -1.4055, -3.4256 -7.2224 -1.4055, -3.4256 -7.2184 -1.4055, -3.4256 -7.2224 -1.3749, -3.4256 -7.2184 -1.3749, -3.5211 -7.2224 -1.3749, -3.5211 -7.2184 -1.3749, -3.5211 -7.2224 -1.2895, -3.5211 -7.2184 -1.2895, -3.4181 -7.2224 -1.2895, -3.4181 -7.2184 -1.2895, -3.4181 -7.2224 -1.2588, -3.4181 -7.2184 -1.2588, -3.5555 -7.2224 -1.2588, -3.5555 -7.2184 -1.2588, -3.5555 -7.2224 -1.5257, -3.5555 -7.2184 -1.5257, -3.2611 -7.2224 -1.4962, -3.2602 -7.2224 -1.4962, -3.2624 -7.2224 -1.4655, -3.2603 -7.2224 -1.4506, -3.2268 -7.2224 -1.4031, -3.2602 -7.2224 -1.4484, -3.2602 -7.2224 -1.4301, -3.2602 -7.2224 -1.5257, -3.2268 -7.2224 -1.5257, -3.3458 -7.2224 -1.4667, -3.3441 -7.2224 -1.459, -3.3731 -7.2224 -1.4443, -3.2673 -7.2224 -1.4774, -3.2746 -7.2224 -1.4872, -3.2665 -7.2224 -1.5044, -3.2788 -7.2224 -1.4913, -3.2771 -7.2224 -1.5157, -3.2882 -7.2224 -1.4977, -3.2887 -7.2224 -1.5234, -3.2984 -7.2224 -1.5014, -3.3022 -7.2224 -1.5283, -3.3109 -7.2224 -1.5028, -3.3195 -7.2224 -1.5302, -3.3222 -7.2224 -1.5015, -3.3395 -7.2224 -1.5279, -3.3297 -7.2224 -1.4988, -3.3524 -7.2224 -1.5231, -3.3364 -7.2224 -1.4942, -3.3636 -7.2224 -1.5152, -3.3392 -7.2224 -1.4913, -3.3664 -7.2224 -1.4347, -3.3412 -7.2224 -1.4528, -3.3561 -7.2224 -1.4259, -3.3372 -7.2224 -1.4478, -3.3417 -7.2224 -1.4186, -3.333 -7.2224 -1.4446, -3.3253 -7.2224 -1.4408, -3.3167 -7.2224 -1.4125, -3.3049 -7.2224 -1.4361, -3.2602 -7.2224 -1.4046, -3.3777 -7.2224 -1.456, -3.3799 -7.2224 -1.4704, -3.3461 -7.2224 -1.472, -3.38 -7.2224 -1.4747, -3.3452 -7.2224 -1.4796, -3.3783 -7.2224 -1.4899, -3.343 -7.2224 -1.4857, -3.3743 -7.2224 -1.5012, -3.3673 -7.2224 -1.5115, -3.3614 -7.2224 -1.3485, -3.3614 -7.2224 -1.3809, -3.3543 -7.2224 -1.3444, -3.3409 -7.2224 -1.3677, -3.3295 -7.2224 -1.3348, -3.32 -7.2224 -1.3602, -3.2957 -7.2224 -1.3307, -3.2989 -7.2224 -1.3579, -3.2757 -7.2224 -1.3325, -3.2875 -7.2224 -1.3591, -3.2616 -7.2224 -1.3368, -3.2798 -7.2224 -1.3618, -3.2504 -7.2224 -1.3431, -3.2739 -7.2224 -1.3656, -3.2415 -7.2224 -1.3517, -3.2688 -7.2224 -1.371, -3.2347 -7.2224 -1.3624, -3.2649 -7.2224 -1.3779, -3.2294 -7.2224 -1.3776, -3.2614 -7.2224 -1.3898, -3.2957 -7.2184 -1.3307, -3.3295 -7.2184 -1.3348, -3.3543 -7.2184 -1.3444, -3.3614 -7.2184 -1.3485, -3.3614 -7.2184 -1.3809, -3.3409 -7.2184 -1.3677, -3.32 -7.2184 -1.3602, -3.2989 -7.2184 -1.3579, -3.2875 -7.2184 -1.3591, -3.2798 -7.2184 -1.3618, -3.2739 -7.2184 -1.3656, -3.2688 -7.2184 -1.371, -3.2649 -7.2184 -1.3779, -3.2614 -7.2184 -1.3898, -3.2602 -7.2184 -1.4046, -3.3167 -7.2184 -1.4125, -3.3417 -7.2184 -1.4186, -3.3561 -7.2184 -1.4259, -3.3664 -7.2184 -1.4347, -3.3731 -7.2184 -1.4443, -3.3777 -7.2184 -1.456, -3.3799 -7.2184 -1.4704, -3.38 -7.2184 -1.4747, -3.3783 -7.2184 -1.4899, -3.3743 -7.2184 -1.5012, -3.3673 -7.2184 -1.5115, -3.3636 -7.2184 -1.5152, -3.3195 -7.2184 -1.5302, -3.3389 -7.2184 -1.528, -3.3395 -7.2184 -1.5279, -3.3524 -7.2184 -1.5231, -3.3022 -7.2184 -1.5283, -3.3013 -7.2184 -1.528, -3.2887 -7.2184 -1.5234, -3.2771 -7.2184 -1.5157, -3.2665 -7.2184 -1.5044, -3.2611 -7.2184 -1.4962, -3.2602 -7.2184 -1.4962, -3.2602 -7.2184 -1.5257, -3.2268 -7.2184 -1.5257, -3.2268 -7.2184 -1.4031, -3.2294 -7.2184 -1.3776, -3.2347 -7.2184 -1.3624, -3.2415 -7.2184 -1.3517, -3.2504 -7.2184 -1.3431, -3.2616 -7.2184 -1.3368, -3.2757 -7.2184 -1.3325, -3.3372 -7.2184 -1.4478, -3.333 -7.2184 -1.4446, -3.3253 -7.2184 -1.4408, -3.3049 -7.2184 -1.4361, -3.3461 -7.2184 -1.472, -3.3458 -7.2184 -1.4667, -3.3441 -7.2184 -1.459, -3.3412 -7.2184 -1.4528, -3.3364 -7.2184 -1.4942, -3.3392 -7.2184 -1.4913, -3.343 -7.2184 -1.4857, -3.3452 -7.2184 -1.4796, -3.3109 -7.2184 -1.5028, -3.3222 -7.2184 -1.5015, -3.3297 -7.2184 -1.4988, -3.2746 -7.2184 -1.4872, -3.2788 -7.2184 -1.4913, -3.2882 -7.2184 -1.4977, -3.2984 -7.2184 -1.5014, -3.2602 -7.2184 -1.4484, -3.2603 -7.2184 -1.4506, -3.2624 -7.2184 -1.4655, -3.2673 -7.2184 -1.4774, -3.2602 -7.2184 -1.4301, -3.2602 -7.2184 -1.4301
            ]
        }
        coordIndex [
            0,1,2,-1,2,1,3,-1,4,0,5,-1,5,0,2,-1,6,4,7,-1,7,4,5,-1,8,6,9,-1,9,6,7,-1,10,8,11,-1,11,8,9,-1,12,10,13,-1,13,10,11,-1,14,12,15,-1,15,12,13,-1,16,14,17,-1,17,14,15,-1,18,16,19,-1,19,16,17,-1,20,18,21,-1,21,18,19,-1,22,20,23,-1,23,20,21,-1,1,22,3,-1,3,22,23,-1,22,1,0,-1,0,4,22,-1,22,4,6,-1,22,6,20,-1,16,18,14,-1,14,18,20,-1,14,20,12,-1,12,20,6,-1,12,6,10,-1,10,6,8,-1,24,25,26,-1,27,28,29,-1,29,28,30,-1,31,32,25,-1,25,32,28,-1,25,28,26,-1,26,28,27,-1,33,34,35,-1,26,36,24,-1,24,36,37,-1,24,37,38,-1,38,37,39,-1,38,39,40,-1,40,39,41,-1,40,41,42,-1,42,41,43,-1,42,43,44,-1,44,43,45,-1,44,45,46,-1,46,45,47,-1,46,47,48,-1,48,47,49,-1,48,49,50,-1,50,49,51,-1,50,51,52,-1,52,51,53,-1,35,34,54,-1,54,34,55,-1,54,55,56,-1,56,55,57,-1,56,57,58,-1,57,59,58,-1,58,59,60,-1,58,60,61,-1,61,60,62,-1,61,62,63,-1,35,64,33,-1,33,64,65,-1,33,65,66,-1,66,65,67,-1,66,67,68,-1,68,67,69,-1,68,69,70,-1,70,69,71,-1,70,71,53,-1,53,71,72,-1,53,72,52,-1,73,74,75,-1,75,74,76,-1,75,76,77,-1,77,76,78,-1,77,78,79,-1,79,78,80,-1,79,80,81,-1,81,80,82,-1,81,82,83,-1,83,82,84,-1,83,84,85,-1,85,84,86,-1,85,86,87,-1,87,86,88,-1,87,88,89,-1,89,88,90,-1,89,90,91,-1,91,90,92,-1,91,92,28,-1,28,92,63,-1,28,63,30,-1,30,63,62,-1,79,93,94,-1,79,94,77,-1,77,94,95,-1,77,95,75,-1,75,95,96,-1,75,96,73,-1,74,73,97,-1,97,73,96,-1,74,97,98,-1,74,98,76,-1,76,98,99,-1,76,99,78,-1,78,99,100,-1,78,100,80,-1,80,100,101,-1,80,101,82,-1,82,101,102,-1,82,102,84,-1,84,102,103,-1,84,103,86,-1,86,103,104,-1,86,104,88,-1,88,104,105,-1,88,105,90,-1,90,105,106,-1,90,106,92,-1,92,106,107,-1,92,107,63,-1,61,63,108,-1,108,63,107,-1,61,108,109,-1,61,109,58,-1,58,109,110,-1,58,110,56,-1,56,110,111,-1,56,111,54,-1,54,111,112,-1,54,112,35,-1,35,112,113,-1,35,113,64,-1,64,113,114,-1,64,114,65,-1,65,114,115,-1,65,115,67,-1,67,115,116,-1,67,116,69,-1,69,116,117,-1,69,117,71,-1,71,117,118,-1,71,118,72,-1,72,118,119,-1,72,119,52,-1,120,46,121,-1,121,46,48,-1,121,48,122,-1,122,48,50,-1,122,50,123,-1,123,50,52,-1,123,52,119,-1,46,120,124,-1,46,124,44,-1,44,124,125,-1,44,125,42,-1,125,126,42,-1,42,126,127,-1,42,127,40,-1,40,127,128,-1,40,128,38,-1,38,128,129,-1,38,129,24,-1,25,24,130,-1,130,24,129,-1,31,25,131,-1,131,25,130,-1,32,31,132,-1,132,31,131,-1,28,32,133,-1,133,32,132,-1,28,133,134,-1,28,134,91,-1,91,134,135,-1,91,135,89,-1,89,135,136,-1,89,136,87,-1,87,136,137,-1,87,137,85,-1,85,137,138,-1,85,138,83,-1,83,138,139,-1,83,139,81,-1,81,139,93,-1,81,93,79,-1,57,140,141,-1,57,141,59,-1,59,141,142,-1,59,142,60,-1,60,142,143,-1,60,143,62,-1,66,144,145,-1,66,145,33,-1,33,145,146,-1,33,146,34,-1,34,146,147,-1,34,147,55,-1,55,147,140,-1,55,140,57,-1,51,148,149,-1,51,149,53,-1,53,149,150,-1,53,150,70,-1,70,150,151,-1,70,151,68,-1,68,151,144,-1,68,144,66,-1,45,152,153,-1,45,153,47,-1,47,153,154,-1,47,154,49,-1,49,154,148,-1,49,148,51,-1,37,155,156,-1,37,156,39,-1,39,156,157,-1,39,157,41,-1,41,157,158,-1,41,158,43,-1,43,158,152,-1,43,152,45,-1,29,159,160,-1,29,160,27,-1,27,160,161,-1,27,161,26,-1,26,161,162,-1,26,162,36,-1,36,162,155,-1,36,155,37,-1,29,30,159,-1,159,30,163,-1,30,62,163,-1,163,62,143,-1,
        ]
    }
}
Shape{
    appearance Appearance {
        material  Material 	{
            diffuseColor 0.027450980392156862 0.6235294117647059 1.0
            specularColor 0.011764705882352941 0.3137254901960784 0.5019607843137255
            ambientIntensity 0.2
            transparency 0
            shininess 0.5
        }
    }
    geometry IndexedFaceSet {
        ccw TRUE
        solid FALSE
        coord DEF co Coordinate {
            point [
                -3.2603 -7.2184 -1.4506, -3.2602 -7.2184 -1.4484, -3.3372 -7.2184 -1.4478, -3.2602 -7.2184 -1.4301, -3.3049 -7.2184 -1.4361, -3.3253 -7.2184 -1.4408, -3.333 -7.2184 -1.4446, -3.2624 -7.2184 -1.4655, -3.3412 -7.2184 -1.4528, -3.2673 -7.2184 -1.4774, -3.3392 -7.2184 -1.4913, -3.3364 -7.2184 -1.4942, -3.2788 -7.2184 -1.4913, -3.343 -7.2184 -1.4857, -3.2882 -7.2184 -1.4977, -3.2984 -7.2184 -1.5014, -3.3109 -7.2184 -1.5028, -3.3441 -7.2184 -1.459, -3.3458 -7.2184 -1.4667, -3.2746 -7.2184 -1.4872, -3.3461 -7.2184 -1.472, -3.3452 -7.2184 -1.4796, -3.3297 -7.2184 -1.4988, -3.3222 -7.2184 -1.5015, -3.3222 -7.2184 -1.5015
            ]
        }
        coordIndex [
            0,1,2,-1,1,3,4,-1,4,5,1,-1,1,5,6,-1,1,6,2,-1,0,2,7,-1,7,2,8,-1,7,8,9,-1,10,11,12,-1,10,12,13,-1,14,12,15,-1,15,12,16,-1,8,17,9,-1,9,17,18,-1,9,18,19,-1,19,18,20,-1,19,20,12,-1,12,20,21,-1,12,21,13,-1,11,22,12,-1,12,22,23,-1,12,23,16,-1,
        ]
    }
}
Shape{
    appearance Appearance {
        material  Material 	{
            diffuseColor 0.0 0.0 0.0
            specularColor 0.0 0.0 0.0
            ambientIntensity 0.2
            transparency 0
            shininess 0.5
        }
    }
    geometry IndexedFaceSet {
        ccw TRUE
        solid FALSE
        coord DEF co Coordinate {
            point [
                -3.1265 -7.2224 -1.5029, -3.1265 -7.2184 -1.5029, -3.1479 -7.2184 -1.5004, -3.1661 -7.2184 -1.4935, -3.1688 -7.2224 -1.4924, -3.1479 -7.2224 -1.5004, -3.1688 -7.2184 -1.4924, -3.1815 -7.2184 -1.4845, -3.1815 -7.2224 -1.4845, -3.1815 -7.2224 -1.519, -3.1815 -7.2184 -1.519, -3.1603 -7.2224 -1.5268, -3.1661 -7.2184 -1.5247, -3.1298 -7.2184 -1.5302, -3.1298 -7.2224 -1.5302, -3.1496 -7.2184 -1.528, -3.1603 -7.2184 -1.5268, -3.1037 -7.2224 -1.5276, -3.1073 -7.2184 -1.528, -3.1037 -7.2184 -1.5276, -3.0851 -7.2184 -1.5214, -3.0851 -7.2224 -1.5214, -3.0743 -7.2184 -1.5151, -3.0743 -7.2224 -1.5151, -3.0647 -7.2184 -1.5067, -3.0647 -7.2224 -1.5067, -3.0585 -7.2184 -1.4979, -3.0585 -7.2224 -1.4979, -3.0544 -7.2184 -1.4873, -3.0544 -7.2224 -1.4873, -3.0528 -7.2184 -1.4739, -3.0528 -7.2224 -1.4739, -3.0542 -7.2184 -1.4614, -3.0542 -7.2224 -1.4614, -3.0577 -7.2184 -1.4516, -3.0577 -7.2224 -1.4516, -3.064 -7.2184 -1.4424, -3.064 -7.2224 -1.4424, -3.0719 -7.2184 -1.4352, -3.0719 -7.2224 -1.4352, -3.0941 -7.2184 -1.4229, -3.0941 -7.2224 -1.4229, -3.1071 -7.2184 -1.4177, -3.1071 -7.2224 -1.4177, -3.1278 -7.2184 -1.4086, -3.1278 -7.2224 -1.4086, -3.1396 -7.2184 -1.4013, -3.1396 -7.2224 -1.4013, -3.1428 -7.2184 -1.3977, -3.1428 -7.2224 -1.3977, -3.1452 -7.2184 -1.3932, -3.1452 -7.2224 -1.3932, -3.1466 -7.2184 -1.388, -3.1466 -7.2224 -1.388, -3.1469 -7.2184 -1.3835, -3.1469 -7.2224 -1.3835, -3.1463 -7.2184 -1.3782, -3.1463 -7.2224 -1.3782, -3.1446 -7.2184 -1.3737, -3.1446 -7.2224 -1.3737, -3.1417 -7.2184 -1.3694, -3.1417 -7.2224 -1.3694, -3.1367 -7.2184 -1.365, -3.1367 -7.2224 -1.365, -3.1292 -7.2184 -1.361, -3.1292 -7.2224 -1.361, -3.1203 -7.2184 -1.3586, -3.1203 -7.2224 -1.3586, -3.1104 -7.2184 -1.3579, -3.1104 -7.2224 -1.3579, -3.0882 -7.2184 -1.3604, -3.0882 -7.2224 -1.3604, -3.0693 -7.2184 -1.3674, -3.0693 -7.2224 -1.3674, -3.0619 -7.2184 -1.3717, -3.0619 -7.2224 -1.3717, -3.0619 -7.2224 -1.3392, -3.0619 -7.2184 -1.3392, -3.0844 -7.2184 -1.3327, -3.0844 -7.2224 -1.3327, -3.1071 -7.2184 -1.3307, -3.1071 -7.2224 -1.3307, -3.1313 -7.2184 -1.3333, -3.1313 -7.2224 -1.3333, -3.1497 -7.2184 -1.3398, -3.1497 -7.2224 -1.3398, -3.1599 -7.2184 -1.3459, -3.1599 -7.2224 -1.3459, -3.1698 -7.2224 -1.3548, -3.1661 -7.2184 -1.3514, -3.1698 -7.2184 -1.3548, -3.176 -7.2184 -1.3638, -3.176 -7.2224 -1.3638, -3.18 -7.2184 -1.3746, -3.18 -7.2224 -1.3746, -3.1813 -7.2184 -1.3865, -3.1813 -7.2224 -1.3865, -3.1799 -7.2184 -1.3995, -3.1799 -7.2224 -1.3995, -3.1762 -7.2184 -1.4097, -3.1762 -7.2224 -1.4097, -3.1718 -7.2184 -1.4167, -3.1718 -7.2224 -1.4167, -3.1307 -7.2184 -1.4419, -3.1307 -7.2224 -1.4419, -3.1506 -7.2224 -1.4328, -3.1664 -7.2184 -1.4224, -3.1664 -7.2224 -1.4224, -3.1661 -7.2184 -1.4226, -3.1506 -7.2184 -1.4328, -3.1087 -7.2184 -1.4511, -3.1087 -7.2224 -1.4511, -3.0957 -7.2184 -1.459, -3.0957 -7.2224 -1.459, -3.0915 -7.2184 -1.4633, -3.0915 -7.2224 -1.4633, -3.0889 -7.2184 -1.4678, -3.0889 -7.2224 -1.4678, -3.0874 -7.2184 -1.473, -3.0874 -7.2224 -1.473, -3.0871 -7.2184 -1.4771, -3.0871 -7.2224 -1.4771, -3.0878 -7.2184 -1.4835, -3.0878 -7.2224 -1.4835, -3.0895 -7.2184 -1.4883, -3.0895 -7.2224 -1.4883, -3.0924 -7.2184 -1.4926, -3.0924 -7.2224 -1.4926, -3.0962 -7.2184 -1.496, -3.0962 -7.2224 -1.496, -3.0993 -7.2184 -1.4978, -3.0993 -7.2224 -1.4978, -3.1079 -7.2184 -1.501, -3.1079 -7.2224 -1.501, -3.1251 -7.2184 -1.5029, -3.1251 -7.2224 -1.5029, -2.8871 -7.2224 -1.3351, -2.8524 -7.2224 -1.3351, -2.8871 -7.2184 -1.3351, -2.8524 -7.2184 -1.3351, -2.9391 -7.2224 -1.4786, -2.9391 -7.2184 -1.4786, -2.9417 -7.2184 -1.4875, -2.9417 -7.2224 -1.4875, -2.9432 -7.2184 -1.4941, -2.9432 -7.2224 -1.4941, -2.9441 -7.2224 -1.4941, -2.9441 -7.2184 -1.4941, -2.9482 -7.2224 -1.4784, -2.9482 -7.2184 -1.4784, -2.998 -7.2184 -1.3351, -2.998 -7.2224 -1.3351, -2.9819 -7.2184 -1.3815, -3.0354 -7.2224 -1.3351, -3.0354 -7.2184 -1.3351, -2.9606 -7.2184 -1.5253, -2.9606 -7.2224 -1.5253, -2.9819 -7.2184 -1.4713, -2.9753 -7.2184 -1.56, -2.9753 -7.2224 -1.56, -2.9617 -7.2184 -1.528, -2.9819 -7.2184 -1.572, -2.9819 -7.2224 -1.572, -2.9819 -7.2184 -1.572, -2.9881 -7.2184 -1.579, -2.9881 -7.2224 -1.579, -2.994 -7.2184 -1.5831, -2.994 -7.2224 -1.5831, -3.0013 -7.2184 -1.5859, -3.0013 -7.2224 -1.5859, -3.0095 -7.2184 -1.5869, -3.0095 -7.2224 -1.5869, -3.0216 -7.2184 -1.5853, -3.0216 -7.2224 -1.5853, -3.0285 -7.2184 -1.583, -3.0285 -7.2224 -1.583, -3.0285 -7.2224 -1.6128, -3.0285 -7.2184 -1.6128, -3.0143 -7.2184 -1.6152, -3.0143 -7.2224 -1.6152, -3.0069 -7.2184 -1.6155, -3.0069 -7.2224 -1.6155, -2.9934 -7.2184 -1.614, -2.9934 -7.2224 -1.614, -2.9819 -7.2184 -1.6095, -2.9802 -7.2224 -1.6089, -2.9802 -7.2184 -1.6089, -2.9686 -7.2184 -1.6008, -2.9686 -7.2224 -1.6008, -2.9663 -7.2184 -1.5987, -2.9663 -7.2224 -1.5987, -2.954 -7.2184 -1.584, -2.954 -7.2224 -1.584, -2.9389 -7.2184 -1.5545, -2.9389 -7.2224 -1.5545, -2.9284 -7.2184 -1.528, -2.6728 -7.2224 -1.4953, -2.6728 -7.2224 -1.5257, -2.6728 -7.2184 -1.4953, -2.6728 -7.2184 -1.5257, -2.7819 -7.2184 -1.4953, -2.7819 -7.2224 -1.4953, -2.7319 -7.2184 -1.4953, -2.7819 -7.2224 -1.4055, -2.7819 -7.2184 -1.4055, -2.6865 -7.2184 -1.4055, -2.6865 -7.2224 -1.4055, -2.7319 -7.2184 -1.4055, -2.6865 -7.2224 -1.3749, -2.6865 -7.2184 -1.3749, -2.7819 -7.2184 -1.3749, -2.7819 -7.2224 -1.3749, -2.7319 -7.2184 -1.3749, -2.7819 -7.2224 -1.2895, -2.7819 -7.2184 -1.2895, -2.6789 -7.2184 -1.2895, -2.6789 -7.2224 -1.2895, -2.7319 -7.2184 -1.2895, -2.6789 -7.2224 -1.2588, -2.6789 -7.2184 -1.2588, -2.8164 -7.2184 -1.2588, -2.8164 -7.2224 -1.2588, -2.7319 -7.2184 -1.2588, -2.8164 -7.2224 -1.5257, -2.8164 -7.2184 -1.5257, -2.7319 -7.2184 -1.5257, -2.4567 -7.2224 -1.4512, -2.4699 -7.2224 -1.4675, -2.4454 -7.2224 -1.4883, -2.4731 -7.2224 -1.4705, -2.4734 -7.2224 -1.5084, -2.4903 -7.2224 -1.4824, -2.5039 -7.2224 -1.5203, -2.5124 -7.2224 -1.4909, -2.549 -7.2224 -1.5257, -2.5492 -7.2224 -1.4953, -2.6224 -7.2224 -1.5257, -2.588 -7.2224 -1.4953, -2.6224 -7.2224 -1.2588, -2.588 -7.2224 -1.2895, -2.5463 -7.2224 -1.2588, -2.5476 -7.2224 -1.2895, -2.5055 -7.2224 -1.2633, -2.5117 -7.2224 -1.2937, -2.4733 -7.2224 -1.2751, -2.4888 -7.2224 -1.3023, -2.4454 -7.2224 -1.2942, -2.4706 -7.2224 -1.3146, -2.4359 -7.2224 -1.3035, -2.4631 -7.2224 -1.3221, -2.4194 -7.2224 -1.3268, -2.4527 -7.2224 -1.3371, -2.4095 -7.2224 -1.3522, -2.4452 -7.2224 -1.3566, -2.4051 -7.2224 -1.3889, -2.4413 -7.2224 -1.3898, -2.4059 -7.2224 -1.4059, -2.4423 -7.2224 -1.4071, -2.4124 -7.2224 -1.4371, -2.4475 -7.2224 -1.4315, -2.4255 -7.2224 -1.4647, -2.549 -7.2184 -1.5257, -2.6224 -7.2184 -1.5257, -2.5039 -7.2184 -1.5203, -2.4734 -7.2184 -1.5084, -2.4454 -7.2184 -1.4883, -2.4255 -7.2184 -1.4647, -2.4124 -7.2184 -1.4371, -2.4059 -7.2184 -1.4059, -2.4051 -7.2184 -1.3889, -2.4095 -7.2184 -1.3522, -2.4194 -7.2184 -1.3268, -2.4359 -7.2184 -1.3035, -2.4454 -7.2184 -1.2942, -2.4733 -7.2184 -1.2751, -2.5055 -7.2184 -1.2633, -2.5463 -7.2184 -1.2588, -2.6224 -7.2184 -1.2588, -2.5476 -7.2184 -1.2895, -2.588 -7.2184 -1.2895, -2.588 -7.2184 -1.4953, -2.5492 -7.2184 -1.4953, -2.4699 -7.2184 -1.4675, -2.4731 -7.2184 -1.4705, -2.4903 -7.2184 -1.4824, -2.5124 -7.2184 -1.4909, -2.4413 -7.2184 -1.3898, -2.4423 -7.2184 -1.4071, -2.4475 -7.2184 -1.4315, -2.4567 -7.2184 -1.4512, -2.4706 -7.2184 -1.3146, -2.4631 -7.2184 -1.3221, -2.4527 -7.2184 -1.3371, -2.4452 -7.2184 -1.3566, -2.5117 -7.2184 -1.2937, -2.4888 -7.2184 -1.3023, -2.4888 -7.2184 -1.3023
            ]
        }
        coordIndex [
            0,1,2,-1,3,4,2,-1,2,4,5,-1,2,5,0,-1,3,6,4,-1,4,6,7,-1,4,7,8,-1,9,8,10,-1,10,8,7,-1,9,10,11,-1,11,10,12,-1,13,14,15,-1,15,14,11,-1,15,11,16,-1,16,11,12,-1,14,13,17,-1,17,13,18,-1,18,19,17,-1,17,19,20,-1,17,20,21,-1,21,20,22,-1,21,22,23,-1,23,22,24,-1,23,24,25,-1,25,24,26,-1,25,26,27,-1,27,26,28,-1,27,28,29,-1,29,28,30,-1,29,30,31,-1,31,30,32,-1,31,32,33,-1,33,32,34,-1,33,34,35,-1,35,34,36,-1,35,36,37,-1,37,36,38,-1,37,38,39,-1,39,38,40,-1,39,40,41,-1,41,40,42,-1,41,42,43,-1,43,42,44,-1,43,44,45,-1,45,44,46,-1,45,46,47,-1,47,46,48,-1,47,48,49,-1,49,48,50,-1,49,50,51,-1,51,50,52,-1,51,52,53,-1,53,52,54,-1,53,54,55,-1,55,54,56,-1,55,56,57,-1,57,56,58,-1,57,58,59,-1,59,58,60,-1,59,60,61,-1,61,60,62,-1,61,62,63,-1,63,62,64,-1,63,64,65,-1,65,64,66,-1,65,66,67,-1,67,66,68,-1,67,68,69,-1,69,68,70,-1,69,70,71,-1,71,70,72,-1,71,72,73,-1,73,72,74,-1,73,74,75,-1,76,75,77,-1,77,75,74,-1,76,77,78,-1,76,78,79,-1,79,78,80,-1,79,80,81,-1,81,80,82,-1,81,82,83,-1,83,82,84,-1,83,84,85,-1,85,84,86,-1,85,86,87,-1,87,86,88,-1,88,86,89,-1,89,90,88,-1,88,90,91,-1,88,91,92,-1,92,91,93,-1,92,93,94,-1,94,93,95,-1,94,95,96,-1,96,95,97,-1,96,97,98,-1,98,97,99,-1,98,99,100,-1,100,99,101,-1,100,101,102,-1,103,104,105,-1,102,101,106,-1,102,106,107,-1,107,106,108,-1,107,108,105,-1,105,108,109,-1,105,109,103,-1,104,103,110,-1,104,110,111,-1,111,110,112,-1,111,112,113,-1,113,112,114,-1,113,114,115,-1,115,114,116,-1,115,116,117,-1,117,116,118,-1,117,118,119,-1,119,118,120,-1,119,120,121,-1,121,120,122,-1,121,122,123,-1,123,122,124,-1,123,124,125,-1,125,124,126,-1,125,126,127,-1,127,126,128,-1,127,128,129,-1,129,128,130,-1,129,130,131,-1,131,130,132,-1,131,132,133,-1,133,132,134,-1,133,134,135,-1,135,134,1,-1,135,1,0,-1,61,63,85,-1,85,63,83,-1,45,104,43,-1,43,104,111,-1,43,111,41,-1,14,0,11,-1,11,0,5,-1,11,5,9,-1,9,5,4,-1,9,4,8,-1,63,65,83,-1,83,65,67,-1,83,67,81,-1,81,67,69,-1,81,69,79,-1,79,69,71,-1,79,71,76,-1,76,71,73,-1,76,73,75,-1,41,111,39,-1,39,111,113,-1,39,113,37,-1,37,113,115,-1,37,115,35,-1,35,115,117,-1,35,117,33,-1,33,117,119,-1,33,119,31,-1,31,119,121,-1,31,121,29,-1,29,121,123,-1,29,123,27,-1,27,123,125,-1,27,125,25,-1,25,125,127,-1,25,127,23,-1,23,127,129,-1,23,129,21,-1,21,129,131,-1,21,131,17,-1,17,131,133,-1,17,133,14,-1,14,133,135,-1,14,135,0,-1,85,87,61,-1,61,87,88,-1,61,88,59,-1,59,88,92,-1,59,92,57,-1,57,92,94,-1,57,94,55,-1,55,94,96,-1,55,96,53,-1,53,96,98,-1,53,98,51,-1,51,98,100,-1,51,100,49,-1,49,100,102,-1,49,102,47,-1,47,102,107,-1,47,107,45,-1,45,107,105,-1,45,105,104,-1,136,137,138,-1,138,137,139,-1,140,136,141,-1,141,136,138,-1,140,141,142,-1,140,142,143,-1,143,142,144,-1,143,144,145,-1,146,145,147,-1,147,145,144,-1,148,146,149,-1,149,146,147,-1,150,151,152,-1,152,151,148,-1,152,148,149,-1,153,151,154,-1,154,151,150,-1,155,156,157,-1,157,156,153,-1,157,153,154,-1,158,159,160,-1,160,159,156,-1,160,156,155,-1,158,161,159,-1,159,161,162,-1,161,163,162,-1,162,163,164,-1,162,164,165,-1,165,164,166,-1,165,166,167,-1,167,166,168,-1,167,168,169,-1,169,168,170,-1,169,170,171,-1,171,170,172,-1,171,172,173,-1,173,172,174,-1,173,174,175,-1,176,175,177,-1,177,175,174,-1,176,177,178,-1,176,178,179,-1,179,178,180,-1,179,180,181,-1,181,180,182,-1,181,182,183,-1,183,182,184,-1,183,184,185,-1,184,186,185,-1,185,186,187,-1,185,187,188,-1,188,187,189,-1,188,189,190,-1,190,189,191,-1,190,191,192,-1,192,191,193,-1,192,193,194,-1,139,137,195,-1,195,137,194,-1,195,194,193,-1,143,145,194,-1,137,136,194,-1,194,136,140,-1,194,140,143,-1,151,153,148,-1,148,153,156,-1,148,156,146,-1,175,176,173,-1,173,176,179,-1,173,179,171,-1,171,179,181,-1,171,181,169,-1,169,181,183,-1,169,183,167,-1,167,183,185,-1,167,185,165,-1,192,162,190,-1,190,162,165,-1,190,165,188,-1,188,165,185,-1,145,146,194,-1,194,146,156,-1,194,156,192,-1,192,156,159,-1,192,159,162,-1,196,197,198,-1,198,197,199,-1,200,201,202,-1,202,201,196,-1,202,196,198,-1,203,201,204,-1,204,201,200,-1,205,206,207,-1,207,206,203,-1,207,203,204,-1,208,206,209,-1,209,206,205,-1,210,211,212,-1,212,211,208,-1,212,208,209,-1,213,211,214,-1,214,211,210,-1,215,216,217,-1,217,216,213,-1,217,213,214,-1,218,216,219,-1,219,216,215,-1,220,221,222,-1,222,221,218,-1,222,218,219,-1,223,221,224,-1,224,221,220,-1,199,197,225,-1,225,197,223,-1,225,223,224,-1,223,197,196,-1,196,201,223,-1,223,201,203,-1,223,203,221,-1,216,218,213,-1,213,218,221,-1,213,221,211,-1,211,221,203,-1,211,203,208,-1,208,203,206,-1,226,227,228,-1,228,227,229,-1,228,229,230,-1,230,229,231,-1,230,231,232,-1,232,231,233,-1,232,233,234,-1,234,233,235,-1,234,235,236,-1,236,235,237,-1,236,237,238,-1,238,237,239,-1,238,239,240,-1,240,239,241,-1,240,241,242,-1,242,241,243,-1,242,243,244,-1,244,243,245,-1,244,245,246,-1,246,245,247,-1,246,247,248,-1,248,247,249,-1,248,249,250,-1,250,249,251,-1,250,251,252,-1,252,251,253,-1,252,253,254,-1,254,253,255,-1,254,255,256,-1,256,255,257,-1,256,257,258,-1,258,257,259,-1,258,259,260,-1,260,259,226,-1,260,226,228,-1,234,236,261,-1,261,236,262,-1,234,261,263,-1,234,263,232,-1,232,263,264,-1,232,264,230,-1,230,264,265,-1,230,265,228,-1,228,265,266,-1,228,266,260,-1,260,266,267,-1,260,267,258,-1,258,267,268,-1,258,268,256,-1,256,268,269,-1,256,269,254,-1,254,269,270,-1,254,270,252,-1,252,270,271,-1,252,271,250,-1,250,271,272,-1,250,272,248,-1,248,272,273,-1,248,273,246,-1,246,273,274,-1,246,274,244,-1,244,274,275,-1,244,275,242,-1,242,275,276,-1,242,276,240,-1,238,240,277,-1,277,240,276,-1,236,238,262,-1,262,238,277,-1,241,239,278,-1,278,239,279,-1,239,237,279,-1,279,237,280,-1,237,235,280,-1,280,235,281,-1,227,282,283,-1,227,283,229,-1,229,283,284,-1,229,284,231,-1,231,284,285,-1,231,285,233,-1,233,285,281,-1,233,281,235,-1,255,286,287,-1,255,287,257,-1,257,287,288,-1,257,288,259,-1,259,288,289,-1,259,289,226,-1,226,289,282,-1,226,282,227,-1,247,290,291,-1,247,291,249,-1,249,291,292,-1,249,292,251,-1,251,292,293,-1,251,293,253,-1,253,293,286,-1,253,286,255,-1,241,278,294,-1,241,294,243,-1,243,294,295,-1,243,295,245,-1,245,295,290,-1,245,290,247,-1,
        ]
    }
}
Shape{
    appearance Appearance {
        material  Material 	{
            diffuseColor 0.027450980392156862 0.6235294117647059 1.0
            specularColor 0.011764705882352941 0.3137254901960784 0.5019607843137255
            ambientIntensity 0.2
            transparency 0
            shininess 0.5
        }
    }
    geometry IndexedFaceSet {
        ccw TRUE
        solid FALSE
        coord DEF co Coordinate {
            point [
                -2.588 -7.2184 -1.2895, -2.588 -7.2184 -1.4953, -2.5476 -7.2184 -1.2895, -2.5492 -7.2184 -1.4953, -2.5124 -7.2184 -1.4909, -2.4903 -7.2184 -1.4824, -2.4731 -7.2184 -1.4705, -2.4699 -7.2184 -1.4675, -2.4567 -7.2184 -1.4512, -2.4475 -7.2184 -1.4315, -2.4413 -7.2184 -1.3898, -2.4706 -7.2184 -1.3146, -2.4888 -7.2184 -1.3023, -2.4452 -7.2184 -1.3566, -2.4527 -7.2184 -1.3371, -2.4631 -7.2184 -1.3221, -2.4423 -7.2184 -1.4071, -2.5117 -7.2184 -1.2937, -2.5117 -7.2184 -1.2937
            ]
        }
        coordIndex [
            0,1,2,-1,2,1,3,-1,3,4,2,-1,2,4,5,-1,2,5,6,-1,6,7,2,-1,2,7,8,-1,2,8,9,-1,10,11,12,-1,13,14,10,-1,10,14,15,-1,10,15,11,-1,9,16,2,-1,2,16,10,-1,2,10,17,-1,17,10,12,-1,
        ]
    }
}
Shape{
    appearance Appearance {
        material  Material 	{
            diffuseColor 0.0 0.0 0.0
            specularColor 0.0 0.0 0.0
            ambientIntensity 0.2
            transparency 0
            shininess 0.5
        }
    }
    geometry IndexedFaceSet {
        ccw TRUE
        solid FALSE
        coord DEF co Coordinate {
            point [
                -2.3157 -7.2224 -1.4226, -2.3266 -7.2224 -1.4527, -2.2261 -7.2224 -1.4226, -2.2154 -7.2224 -1.4527, -2.2758 -7.2224 -1.3116, -2.2886 -7.2224 -1.2588, -2.3903 -7.2224 -1.5257, -2.3522 -7.2224 -1.5257, -2.2734 -7.2224 -1.3037, -2.2714 -7.2224 -1.2929, -2.2518 -7.2224 -1.2588, -2.2706 -7.2224 -1.2929, -2.2684 -7.2224 -1.3042, -2.2664 -7.2224 -1.3116, -2.1502 -7.2224 -1.5257, -2.1882 -7.2224 -1.5257, -2.2518 -7.2184 -1.2588, -2.1502 -7.2184 -1.5257, -2.2886 -7.2184 -1.2588, -2.3903 -7.2184 -1.5257, -2.3522 -7.2184 -1.5257, -2.3266 -7.2184 -1.4527, -2.2154 -7.2184 -1.4527, -2.1882 -7.2184 -1.5257, -2.3157 -7.2184 -1.4226, -2.2261 -7.2184 -1.4226, -2.2664 -7.2184 -1.3116, -2.2706 -7.2184 -1.2929, -2.2684 -7.2184 -1.3042, -2.2714 -7.2184 -1.2929, -2.2758 -7.2184 -1.3116, -2.2734 -7.2184 -1.3037, -2.2734 -7.2184 -1.3037
            ]
        }
        coordIndex [
            0,1,2,-1,2,1,3,-1,4,5,0,-1,0,5,6,-1,0,6,1,-1,1,6,7,-1,4,8,5,-1,5,8,9,-1,5,9,10,-1,10,9,11,-1,10,11,12,-1,12,13,10,-1,10,13,2,-1,10,2,14,-1,14,2,3,-1,14,3,15,-1,10,14,16,-1,16,14,17,-1,5,10,18,-1,18,10,16,-1,6,5,19,-1,19,5,18,-1,7,6,20,-1,20,6,19,-1,1,7,21,-1,21,7,20,-1,3,1,22,-1,22,1,21,-1,15,3,23,-1,23,3,22,-1,14,15,17,-1,17,15,23,-1,0,2,24,-1,24,2,25,-1,2,13,25,-1,25,13,26,-1,11,27,28,-1,11,28,12,-1,12,28,26,-1,12,26,13,-1,11,9,27,-1,27,9,29,-1,4,30,31,-1,4,31,8,-1,8,31,29,-1,8,29,9,-1,4,0,30,-1,30,0,24,-1,
        ]
    }
}
Shape{
    appearance Appearance {
        material  Material 	{
            diffuseColor 0.027450980392156862 0.6235294117647059 1.0
            specularColor 0.011764705882352941 0.3137254901960784 0.5019607843137255
            ambientIntensity 0.2
            transparency 0
            shininess 0.5
        }
    }
    geometry IndexedFaceSet {
        ccw TRUE
        solid FALSE
        coord DEF co Coordinate {
            point [
                -2.2706 -7.2184 -1.2929, -2.2714 -7.2184 -1.2929, -2.2684 -7.2184 -1.3042, -2.2734 -7.2184 -1.3037, -2.2664 -7.2184 -1.3116, -2.2758 -7.2184 -1.3116, -2.2261 -7.2184 -1.4226, -2.3157 -7.2184 -1.4226, -2.3157 -7.2184 -1.4226
            ]
        }
        coordIndex [
            0,1,2,-1,2,1,3,-1,2,3,4,-1,4,3,5,-1,4,5,6,-1,6,5,7,-1,
        ]
    }
}
Shape{
    appearance Appearance {
        material  Material 	{
            diffuseColor 0.0 0.0 0.0
            specularColor 0.0 0.0 0.0
            ambientIntensity 0.2
            transparency 0
            shininess 0.5
        }
    }
    geometry IndexedFaceSet {
        ccw TRUE
        solid FALSE
        coord DEF co Coordinate {
            point [
                -4.7342 -7.2224 -1.5636, -4.706 -7.2224 -1.5984, -4.7514 -7.2224 -1.3957, -4.7844 -7.2224 -1.066, -4.7421 -7.2224 -1.0435, -4.7521 -7.2224 -0.9267, -4.6337 -7.2224 -0.9213, -4.5749 -7.2224 -1.0598, -4.5459 -7.2224 -0.9998, -4.7928 -7.2224 -1.3702, -4.7773 -7.2224 -1.5157, -4.7533 -7.2224 -1.5229, -4.6774 -7.2224 -0.9175, -4.5585 -7.2224 -1.3919, -4.5409 -7.2224 -1.3983, -4.3833 -7.2224 -1.4432, -4.5258 -7.2224 -1.4088, -4.5136 -7.2224 -1.4225, -4.1176 -7.2224 -1.3027, -4.1764 -7.2224 -1.2022, -4.4307 -7.2224 -1.335, -4.5749 -7.2224 -1.39, -4.5935 -7.2224 -1.3924, -4.6183 -7.2224 -1.2761, -4.61 -7.2224 -1.3989, -4.6603 -7.2224 -1.2921, -4.6249 -7.2224 -1.4095, -4.6991 -7.2224 -1.3191, -4.6324 -7.2224 -1.4174, -4.7304 -7.2224 -1.3549, -4.6422 -7.2224 -1.4331, -4.6478 -7.2224 -1.451, -4.6487 -7.2224 -1.4695, -4.5041 -7.2224 -1.2832, -4.5499 -7.2224 -1.2718, -4.573 -7.2224 -1.2705, -4.5055 -7.2224 -1.4382, -4.5014 -7.2224 -1.4558, -4.3833 -7.2224 -1.4621, -4.5013 -7.2224 -1.4719, -4.3843 -7.2224 -1.4819, -4.055 -7.2224 -1.1149, -4.0398 -7.2224 -1.1149, -3.962 -7.2224 -1.0124, -4.0037 -7.2224 -1.1193, -3.9527 -7.2224 -1.0155, -3.9706 -7.2224 -1.1321, -3.8962 -7.2224 -1.0435, -3.8447 -7.2224 -1.0871, -4.5948 -7.2224 -0.876, -4.5034 -7.2224 -0.949, -4.5502 -7.2224 -0.8378, -4.4525 -7.2224 -0.9118, -4.4994 -7.2224 -0.8068, -4.6953 -7.2224 -1.0324, -4.6755 -7.2224 -1.0314, -4.6556 -7.2224 -0.9187, -4.6309 -7.2224 -1.0369, -4.5884 -7.2224 -1.0525, -4.4639 -7.2224 -1.3048, -3.8443 -7.2224 -1.4413, -3.9328 -7.2224 -1.3659, -3.896 -7.2224 -1.485, -3.9608 -7.2224 -1.3888, -3.9539 -7.2224 -1.5133, -3.9943 -7.2224 -1.4044, -4.017 -7.2224 -1.5266, -4.0284 -7.2224 -1.4109, -4.129 -7.2224 -1.5266, -4.1138 -7.2224 -1.4109, -4.1397 -7.2224 -1.5249, -4.6452 -7.2224 -1.4873, -4.6377 -7.2224 -1.5032, -3.9411 -7.2224 -1.1526, -3.9193 -7.2224 -1.177, -3.806 -7.2224 -1.1411, -3.9016 -7.2224 -1.2097, -3.7828 -7.2224 -1.199, -3.8927 -7.2224 -1.2462, -3.7741 -7.2224 -1.261, -3.8918 -7.2224 -1.2629, -3.7828 -7.2224 -1.3287, -3.8963 -7.2224 -1.2998, -3.8067 -7.2224 -1.3888, -3.9094 -7.2224 -1.3337, -3.9303 -7.2224 -1.3633, -4.0645 -7.2224 -0.8625, -4.1387 -7.2224 -0.9497, -4.0007 -7.2224 -0.9366, -4.0959 -7.2224 -1.0008, -4.0666 -7.2224 -1.062, -4.8596 -7.2224 -1.1752, -4.9843 -7.2224 -1.2067, -4.8652 -7.2224 -1.2211, -4.9848 -7.2224 -1.2249, -4.863 -7.2224 -1.2504, -4.9756 -7.2224 -1.2992, -4.8493 -7.2224 -1.2969, -4.9484 -7.2224 -1.3699, -4.8268 -7.2224 -1.3353, -4.9051 -7.2224 -1.4318, -4.8458 -7.2224 -1.4823, -4.3954 -7.2224 -1.5288, -4.5057 -7.2224 -1.4902, -4.4179 -7.2224 -1.5711, -4.5144 -7.2224 -1.5066, -4.4469 -7.2224 -1.6037, -4.5252 -7.2224 -1.5188, -4.4847 -7.2224 -1.63, -4.5396 -7.2224 -1.5291, -4.5271 -7.2224 -1.6462, -4.5561 -7.2224 -1.5356, -4.573 -7.2224 -1.6519, -4.5749 -7.2224 -1.538, -4.5803 -7.2224 -1.6518, -4.5781 -7.2224 -1.538, -4.6251 -7.2224 -1.6448, -4.5952 -7.2224 -1.5352, -4.6689 -7.2224 -1.6264, -4.6123 -7.2224 -1.5278, -4.6269 -7.2224 -1.5167, -4.4116 -7.2224 -0.7742, -4.3905 -7.2224 -0.8867, -4.3225 -7.2224 -0.7638, -4.3206 -7.2224 -0.8777, -4.2362 -7.2224 -0.7738, -4.2563 -7.2224 -0.8856, -4.1417 -7.2224 -0.8094, -4.1968 -7.2224 -0.9084, -4.1434 -7.2224 -0.9454, -4.8224 -7.2224 -0.954, -4.8828 -7.2224 -0.9965, -4.817 -7.2224 -1.0951, -4.8956 -7.2224 -1.0086, -4.8433 -7.2224 -1.1329, -4.9412 -7.2224 -1.0671, -4.9715 -7.2224 -1.1354, -4.1233 -7.2224 -1.4091, -4.1689 -7.2224 -1.5067, -4.1645 -7.2224 -1.5112, -4.1176 -7.2224 -1.4104, -4.1522 -7.2224 -1.52, -4.184 -7.2224 -1.4678, -4.1822 -7.2224 -1.482, -4.1772 -7.2224 -1.4948, -4.1399 -7.2224 -1.4109, -4.1529 -7.2224 -1.416, -4.1835 -7.2224 -1.4603, -4.1646 -7.2224 -1.4243, -4.1724 -7.2224 -1.4329, -4.1797 -7.2224 -1.4459, -4.1252 -7.2224 -1.409, -3.7741 -7.2184 -1.261, -3.7828 -7.2184 -1.199, -3.8322 -7.2184 -1.1046, -3.7893 -7.2184 -1.1828, -3.806 -7.2184 -1.1411, -3.8447 -7.2184 -1.0871, -3.8962 -7.2184 -1.0435, -3.9527 -7.2184 -1.0155, -3.962 -7.2184 -1.0124, -4.0007 -7.2184 -0.9366, -4.0645 -7.2184 -0.8625, -4.1071 -7.2184 -0.8332, -4.1417 -7.2184 -0.8094, -4.2362 -7.2184 -0.7738, -4.3225 -7.2184 -0.7638, -4.4116 -7.2184 -0.7742, -4.4994 -7.2184 -0.8068, -4.5426 -7.2184 -0.8332, -4.5502 -7.2184 -0.8378, -4.5948 -7.2184 -0.876, -4.6337 -7.2184 -0.9213, -4.6556 -7.2184 -0.9187, -4.6774 -7.2184 -0.9175, -4.7521 -7.2184 -0.9267, -4.8224 -7.2184 -0.954, -4.8828 -7.2184 -0.9965, -4.8956 -7.2184 -1.0086, -4.9848 -7.2184 -1.2249, -4.9412 -7.2184 -1.0671, -4.9578 -7.2184 -1.1046, -4.9715 -7.2184 -1.1354, -4.98 -7.2184 -1.1828, -4.9843 -7.2184 -1.2067, -4.9756 -7.2184 -1.2992, -4.9484 -7.2184 -1.3699, -4.9051 -7.2184 -1.4318, -4.8458 -7.2184 -1.4823, -4.7773 -7.2184 -1.5157, -4.7533 -7.2184 -1.5229, -4.7509 -7.2184 -1.528, -4.7342 -7.2184 -1.5636, -4.706 -7.2184 -1.5984, -4.6689 -7.2184 -1.6264, -4.6515 -7.2184 -1.6337, -4.6251 -7.2184 -1.6448, -4.5803 -7.2184 -1.6518, -4.573 -7.2184 -1.6519, -4.3833 -7.2184 -1.4621, -4.5271 -7.2184 -1.6462, -4.4945 -7.2184 -1.6337, -4.4847 -7.2184 -1.63, -4.4469 -7.2184 -1.6037, -4.4179 -7.2184 -1.5711, -4.3954 -7.2184 -1.5288, -4.3952 -7.2184 -1.528, -4.3843 -7.2184 -1.4819, -4.3833 -7.2184 -1.4432, -4.1176 -7.2184 -1.3027, -4.1764 -7.2184 -1.2022, -4.4307 -7.2184 -1.335, -4.4639 -7.2184 -1.3048, -4.5041 -7.2184 -1.2832, -4.5499 -7.2184 -1.2718, -4.573 -7.2184 -1.2705, -4.6183 -7.2184 -1.2761, -4.6603 -7.2184 -1.2921, -4.6991 -7.2184 -1.3191, -4.7304 -7.2184 -1.3549, -4.7514 -7.2184 -1.3957, -4.7928 -7.2184 -1.3702, -4.8268 -7.2184 -1.3353, -4.8493 -7.2184 -1.2969, -4.863 -7.2184 -1.2504, -4.8652 -7.2184 -1.2211, -4.8605 -7.2184 -1.1828, -4.8596 -7.2184 -1.1752, -4.8433 -7.2184 -1.1329, -4.8236 -7.2184 -1.1046, -4.817 -7.2184 -1.0951, -4.7844 -7.2184 -1.066, -4.7421 -7.2184 -1.0435, -4.6953 -7.2184 -1.0324, -4.6755 -7.2184 -1.0314, -4.6309 -7.2184 -1.0369, -4.5884 -7.2184 -1.0525, -4.5749 -7.2184 -1.0598, -4.5459 -7.2184 -0.9998, -4.5034 -7.2184 -0.949, -4.4525 -7.2184 -0.9118, -4.3905 -7.2184 -0.8867, -4.3206 -7.2184 -0.8777, -4.2563 -7.2184 -0.8856, -4.1968 -7.2184 -0.9084, -4.1434 -7.2184 -0.9454, -4.1387 -7.2184 -0.9497, -4.0959 -7.2184 -1.0008, -4.0666 -7.2184 -1.062, -4.0572 -7.2184 -1.1046, -4.055 -7.2184 -1.1149, -4.0398 -7.2184 -1.1149, -4.0037 -7.2184 -1.1193, -3.9706 -7.2184 -1.1321, -3.9411 -7.2184 -1.1526, -3.9193 -7.2184 -1.177, -3.9162 -7.2184 -1.1828, -3.9016 -7.2184 -1.2097, -3.8927 -7.2184 -1.2462, -3.8918 -7.2184 -1.2629, -3.8963 -7.2184 -1.2998, -3.9094 -7.2184 -1.3337, -3.9303 -7.2184 -1.3633, -3.9328 -7.2184 -1.3659, -3.9608 -7.2184 -1.3888, -3.9943 -7.2184 -1.4044, -4.0284 -7.2184 -1.4109, -4.1138 -7.2184 -1.4109, -4.1176 -7.2184 -1.4104, -4.1233 -7.2184 -1.4091, -4.1252 -7.2184 -1.409, -4.1399 -7.2184 -1.4109, -4.1529 -7.2184 -1.416, -4.1646 -7.2184 -1.4243, -4.1724 -7.2184 -1.4329, -4.1797 -7.2184 -1.4459, -4.1835 -7.2184 -1.4603, -4.184 -7.2184 -1.4678, -4.1822 -7.2184 -1.482, -4.1772 -7.2184 -1.4948, -4.1689 -7.2184 -1.5067, -4.1645 -7.2184 -1.5112, -4.1522 -7.2184 -1.52, -4.1397 -7.2184 -1.5249, -4.129 -7.2184 -1.5266, -4.017 -7.2184 -1.5266, -3.9539 -7.2184 -1.5133, -3.896 -7.2184 -1.485, -3.8443 -7.2184 -1.4413, -3.8067 -7.2184 -1.3888, -3.7828 -7.2184 -1.3287, -4.5749 -7.2184 -1.39, -4.5585 -7.2184 -1.3919, -4.5409 -7.2184 -1.3983, -4.5258 -7.2184 -1.4088, -4.5136 -7.2184 -1.4225, -4.5055 -7.2184 -1.4382, -4.5014 -7.2184 -1.4558, -4.5013 -7.2184 -1.4719, -4.5057 -7.2184 -1.4902, -4.5144 -7.2184 -1.5066, -4.5252 -7.2184 -1.5188, -4.5396 -7.2184 -1.5291, -4.5561 -7.2184 -1.5356, -4.5749 -7.2184 -1.538, -4.5781 -7.2184 -1.538, -4.5952 -7.2184 -1.5352, -4.6123 -7.2184 -1.5278, -4.6269 -7.2184 -1.5167, -4.6377 -7.2184 -1.5032, -4.6452 -7.2184 -1.4873, -4.6487 -7.2184 -1.4695, -4.6478 -7.2184 -1.451, -4.6422 -7.2184 -1.4331, -4.6324 -7.2184 -1.4174, -4.6249 -7.2184 -1.4095, -4.61 -7.2184 -1.3989, -4.5935 -7.2184 -1.3924, -4.5935 -7.2184 -1.3924
            ]
        }
        coordIndex [
            0,1,2,-1,3,4,5,-1,6,7,8,-1,9,10,2,-1,2,10,11,-1,2,11,0,-1,5,4,12,-1,13,14,15,-1,15,14,16,-1,15,16,17,-1,18,19,15,-1,15,19,20,-1,15,20,13,-1,13,20,21,-1,22,23,24,-1,24,23,25,-1,24,25,26,-1,26,25,27,-1,26,27,28,-1,28,27,29,-1,28,29,30,-1,30,29,2,-1,30,2,31,-1,31,2,32,-1,33,34,22,-1,22,34,35,-1,22,35,23,-1,17,36,15,-1,15,36,37,-1,15,37,38,-1,38,37,39,-1,38,39,40,-1,41,42,43,-1,43,42,44,-1,43,44,45,-1,45,44,46,-1,45,46,47,-1,47,46,48,-1,6,8,49,-1,49,8,50,-1,49,50,51,-1,51,50,52,-1,51,52,53,-1,4,54,12,-1,12,54,55,-1,12,55,56,-1,56,55,57,-1,56,57,6,-1,6,57,58,-1,6,58,7,-1,21,20,22,-1,22,20,59,-1,22,59,33,-1,60,61,62,-1,62,61,63,-1,62,63,64,-1,64,63,65,-1,64,65,66,-1,66,65,67,-1,66,67,68,-1,68,67,69,-1,68,69,70,-1,32,2,71,-1,71,2,1,-1,71,1,72,-1,46,73,48,-1,48,73,74,-1,48,74,75,-1,75,74,76,-1,75,76,77,-1,77,76,78,-1,77,78,79,-1,79,78,80,-1,79,80,81,-1,81,80,82,-1,81,82,83,-1,83,82,84,-1,83,84,60,-1,60,84,85,-1,60,85,61,-1,86,87,88,-1,88,87,89,-1,88,89,43,-1,43,89,90,-1,43,90,41,-1,91,92,93,-1,93,92,94,-1,93,94,95,-1,95,94,96,-1,95,96,97,-1,97,96,98,-1,97,98,99,-1,99,98,100,-1,99,100,9,-1,9,100,101,-1,9,101,10,-1,40,39,102,-1,102,39,103,-1,102,103,104,-1,104,103,105,-1,104,105,106,-1,106,105,107,-1,106,107,108,-1,108,107,109,-1,108,109,110,-1,110,109,111,-1,110,111,112,-1,112,111,113,-1,112,113,114,-1,114,113,115,-1,114,115,116,-1,116,115,117,-1,116,117,118,-1,118,117,119,-1,118,119,1,-1,1,119,120,-1,1,120,72,-1,53,52,121,-1,121,52,122,-1,121,122,123,-1,123,122,124,-1,123,124,125,-1,125,124,126,-1,125,126,127,-1,127,126,128,-1,127,128,86,-1,86,128,129,-1,86,129,87,-1,5,130,3,-1,3,130,131,-1,3,131,132,-1,132,131,133,-1,132,133,134,-1,134,133,135,-1,134,135,91,-1,91,135,136,-1,91,136,92,-1,137,138,139,-1,69,140,70,-1,70,140,137,-1,70,137,141,-1,141,137,139,-1,142,143,137,-1,137,143,144,-1,137,144,138,-1,145,146,147,-1,146,148,147,-1,147,148,149,-1,147,149,150,-1,142,137,147,-1,147,137,151,-1,147,151,145,-1,79,152,153,-1,154,48,75,-1,79,153,77,-1,77,153,155,-1,77,155,75,-1,75,155,156,-1,75,156,154,-1,154,157,48,-1,48,157,158,-1,48,158,47,-1,47,158,159,-1,47,159,45,-1,45,159,160,-1,45,160,43,-1,43,160,161,-1,43,161,88,-1,88,161,162,-1,88,162,86,-1,127,86,163,-1,163,86,162,-1,163,164,127,-1,127,164,165,-1,127,165,125,-1,125,165,166,-1,125,166,123,-1,123,166,167,-1,123,167,121,-1,121,167,168,-1,121,168,53,-1,53,168,51,-1,51,168,169,-1,51,169,170,-1,51,170,171,-1,51,171,49,-1,49,171,172,-1,49,172,6,-1,6,172,173,-1,6,173,56,-1,56,173,174,-1,56,174,12,-1,12,174,175,-1,12,175,5,-1,5,175,176,-1,5,176,130,-1,130,176,177,-1,130,177,131,-1,131,177,178,-1,131,178,133,-1,179,94,92,-1,133,178,180,-1,133,180,135,-1,135,180,181,-1,135,181,136,-1,181,182,136,-1,136,182,183,-1,136,183,92,-1,92,183,184,-1,92,184,179,-1,94,179,185,-1,94,185,96,-1,96,185,186,-1,96,186,98,-1,98,186,187,-1,98,187,100,-1,100,187,188,-1,100,188,101,-1,101,188,189,-1,101,189,10,-1,10,189,190,-1,10,190,11,-1,11,190,191,-1,11,191,0,-1,191,192,0,-1,0,192,193,-1,0,193,1,-1,1,193,194,-1,1,194,118,-1,118,194,195,-1,118,195,116,-1,195,196,116,-1,116,196,197,-1,116,197,114,-1,114,197,198,-1,114,198,112,-1,199,38,40,-1,112,198,200,-1,201,108,200,-1,200,108,110,-1,200,110,112,-1,201,202,108,-1,108,202,203,-1,108,203,106,-1,106,203,204,-1,106,204,104,-1,104,204,205,-1,104,205,102,-1,102,205,206,-1,102,206,40,-1,40,206,207,-1,40,207,199,-1,15,38,208,-1,208,38,199,-1,18,15,209,-1,209,15,208,-1,19,18,210,-1,210,18,209,-1,20,19,211,-1,211,19,210,-1,20,211,212,-1,20,212,59,-1,59,212,213,-1,59,213,33,-1,33,213,214,-1,33,214,34,-1,34,214,215,-1,34,215,35,-1,35,215,216,-1,35,216,23,-1,23,216,217,-1,23,217,25,-1,25,217,218,-1,25,218,27,-1,27,218,219,-1,27,219,29,-1,29,219,220,-1,29,220,2,-1,2,220,221,-1,2,221,9,-1,9,221,222,-1,9,222,99,-1,99,222,223,-1,99,223,97,-1,97,223,224,-1,97,224,95,-1,95,224,225,-1,95,225,93,-1,91,93,225,-1,225,226,91,-1,91,226,227,-1,91,227,228,-1,229,132,228,-1,228,132,134,-1,228,134,91,-1,229,230,132,-1,132,230,231,-1,132,231,3,-1,3,231,232,-1,3,232,4,-1,4,232,233,-1,4,233,54,-1,54,233,234,-1,54,234,55,-1,55,234,235,-1,55,235,57,-1,57,235,236,-1,57,236,58,-1,58,236,237,-1,58,237,7,-1,7,237,238,-1,7,238,8,-1,8,238,239,-1,8,239,50,-1,50,239,240,-1,50,240,52,-1,52,240,241,-1,52,241,122,-1,122,241,242,-1,122,242,124,-1,124,242,243,-1,124,243,126,-1,126,243,244,-1,126,244,128,-1,128,244,245,-1,128,245,129,-1,129,245,246,-1,129,246,87,-1,87,246,247,-1,87,247,89,-1,89,247,248,-1,89,248,90,-1,90,248,41,-1,41,248,249,-1,41,249,250,-1,42,41,251,-1,251,41,250,-1,42,251,252,-1,42,252,44,-1,44,252,253,-1,44,253,46,-1,46,253,254,-1,46,254,73,-1,73,254,255,-1,73,255,74,-1,74,255,256,-1,74,256,76,-1,256,257,76,-1,76,257,258,-1,76,258,78,-1,78,258,259,-1,78,259,80,-1,80,259,260,-1,80,260,82,-1,82,260,261,-1,82,261,84,-1,84,261,262,-1,84,262,85,-1,85,262,263,-1,85,263,61,-1,61,263,264,-1,61,264,63,-1,63,264,265,-1,63,265,65,-1,65,265,266,-1,65,266,67,-1,69,67,267,-1,267,67,266,-1,69,267,268,-1,69,268,140,-1,140,268,269,-1,140,269,137,-1,137,269,270,-1,137,270,151,-1,151,270,271,-1,151,271,145,-1,145,271,272,-1,145,272,146,-1,146,272,273,-1,146,273,148,-1,148,273,274,-1,148,274,149,-1,149,274,275,-1,149,275,150,-1,150,275,276,-1,150,276,147,-1,147,276,277,-1,147,277,142,-1,142,277,278,-1,142,278,143,-1,143,278,279,-1,143,279,144,-1,144,279,280,-1,144,280,138,-1,138,280,281,-1,138,281,139,-1,139,281,282,-1,139,282,141,-1,141,282,283,-1,141,283,70,-1,70,283,284,-1,70,284,68,-1,66,68,285,-1,285,68,284,-1,66,285,286,-1,66,286,64,-1,64,286,287,-1,64,287,62,-1,62,287,288,-1,62,288,60,-1,60,288,289,-1,60,289,83,-1,83,289,290,-1,83,290,81,-1,81,290,152,-1,81,152,79,-1,21,291,292,-1,21,292,13,-1,13,292,293,-1,13,293,14,-1,14,293,294,-1,14,294,16,-1,16,294,295,-1,16,295,17,-1,17,295,296,-1,17,296,36,-1,36,296,297,-1,36,297,37,-1,37,297,298,-1,37,298,39,-1,39,298,299,-1,39,299,103,-1,103,299,300,-1,103,300,105,-1,105,300,301,-1,105,301,107,-1,107,301,302,-1,107,302,109,-1,109,302,303,-1,109,303,111,-1,111,303,304,-1,111,304,113,-1,113,304,305,-1,113,305,115,-1,115,305,306,-1,115,306,117,-1,117,306,307,-1,117,307,119,-1,119,307,308,-1,119,308,120,-1,120,308,309,-1,120,309,72,-1,72,309,310,-1,72,310,71,-1,71,310,311,-1,71,311,32,-1,32,311,312,-1,32,312,31,-1,31,312,313,-1,31,313,30,-1,30,313,314,-1,30,314,28,-1,28,314,315,-1,28,315,26,-1,26,315,316,-1,26,316,24,-1,24,316,317,-1,24,317,22,-1,22,317,291,-1,22,291,21,-1,
        ]
    }
}
Shape{
    appearance Appearance {
        material  Material 	{
            diffuseColor 0.027450980392156862 0.6235294117647059 1.0
            specularColor 0.011764705882352941 0.3137254901960784 0.5019607843137255
            ambientIntensity 0.2
            transparency 0
            shininess 0.5
        }
    }
    geometry IndexedFaceSet {
        ccw TRUE
        solid FALSE
        coord DEF co Coordinate {
            point [
                -4.5781 -7.2184 -1.538, -4.6249 -7.2184 -1.4095, -4.6324 -7.2184 -1.4174, -4.5749 -7.2184 -1.39, -4.5935 -7.2184 -1.3924, -4.61 -7.2184 -1.3989, -4.6452 -7.2184 -1.4873, -4.6377 -7.2184 -1.5032, -4.6269 -7.2184 -1.5167, -4.5585 -7.2184 -1.3919, -4.5749 -7.2184 -1.538, -4.5561 -7.2184 -1.5356, -4.5396 -7.2184 -1.5291, -4.5252 -7.2184 -1.5188, -4.5144 -7.2184 -1.5066, -4.5014 -7.2184 -1.4558, -4.5055 -7.2184 -1.4382, -4.5136 -7.2184 -1.4225, -4.5258 -7.2184 -1.4088, -4.5409 -7.2184 -1.3983, -4.6422 -7.2184 -1.4331, -4.6478 -7.2184 -1.451, -4.6487 -7.2184 -1.4695, -4.6123 -7.2184 -1.5278, -4.5952 -7.2184 -1.5352, -4.5057 -7.2184 -1.4902, -4.5013 -7.2184 -1.4719, -4.5013 -7.2184 -1.4719
            ]
        }
        coordIndex [
            0,1,2,-1,3,4,0,-1,0,4,5,-1,0,5,1,-1,6,7,2,-1,2,7,8,-1,3,0,9,-1,9,0,10,-1,9,10,11,-1,11,12,9,-1,9,12,13,-1,9,13,14,-1,9,15,16,-1,16,17,9,-1,9,17,18,-1,9,18,19,-1,20,21,2,-1,2,21,22,-1,2,22,6,-1,8,23,2,-1,2,23,24,-1,2,24,0,-1,14,25,9,-1,9,25,26,-1,9,26,15,-1,
        ]
    }
}
Shape{
    appearance Appearance {
        material  Material 	{
            diffuseColor 0.6470588235294118 0.6196078431372549 0.5882352941176471
            specularColor 0.45098039215686275 0.43529411764705883 0.4117647058823529
            ambientIntensity 0.2
            transparency 0
            shininess 0.5
        }
    }
    geometry IndexedFaceSet {
        ccw TRUE
        solid FALSE
        coord DEF co Coordinate {
            point [
                -4.7154 -5.7224 -2.1752, -4.6645 -5.7157 -3.3827, -4.6645 -5.7157 -2.1752, -4.617 -5.696 -3.3827, -4.617 -5.696 -2.1752, -4.5762 -5.6647 -3.3827, -4.5762 -5.6647 -2.1752, -4.5449 -5.6239 -3.3827, -4.5449 -5.6239 -2.1752, -4.5253 -5.5765 -3.3827, -4.5253 -5.5765 -2.1752, -4.5186 -5.5255 -3.3827, -4.5186 -5.5255 -2.1752, -4.5253 -5.4746 -3.3827, -4.5253 -5.4746 -2.1752, -4.5449 -5.4271 -3.3827, -4.5449 -5.4271 -2.1752, -4.5762 -5.3863 -3.3827, -4.5762 -5.3863 -2.1752, -4.617 -5.355 -3.3827, -4.617 -5.355 -2.1752, -4.6645 -5.3354 -3.3827, -4.6645 -5.3354 -2.1752, -4.7154 -5.3287 -3.3827, -4.7154 -5.3287 -2.1752, -4.7664 -5.3354 -3.3827, -4.7664 -5.3354 -2.1752, -4.8138 -5.355 -3.3827, -4.8138 -5.355 -2.1752, -4.8546 -5.3863 -3.3827, -4.8546 -5.3863 -2.1752, -4.8859 -5.4271 -3.3827, -4.8859 -5.4271 -2.1752, -4.9055 -5.4746 -3.3827, -4.9055 -5.4746 -2.1752, -4.9123 -5.5255 -3.3827, -4.9123 -5.5255 -2.1752, -4.9055 -5.5765 -3.3827, -4.9055 -5.5765 -2.1752, -4.8859 -5.6239 -3.3827, -4.8859 -5.6239 -2.1752, -4.8546 -5.6647 -3.3827, -4.8546 -5.6647 -2.1752, -4.8138 -5.696 -3.3827, -4.8138 -5.696 -2.1752, -4.7664 -5.7157 -3.3827, -4.7664 -5.7157 -2.1752, -4.7154 -5.7224 -3.3827, -4.7646 -5.4403 -3.75, -4.7409 -5.4304 -3.75, -4.7154 -5.5255 -3.75, -4.7154 -5.4271 -3.75, -4.6899 -5.4304 -3.75, -4.8105 -5.5 -3.75, -4.8006 -5.4763 -3.75, -4.785 -5.4559 -3.75, -4.8006 -5.5747 -3.75, -4.8105 -5.551 -3.75, -4.8138 -5.5255 -3.75, -4.7409 -5.6206 -3.75, -4.7646 -5.6108 -3.75, -4.785 -5.5951 -3.75, -4.6662 -5.6108 -3.75, -4.6899 -5.6206 -3.75, -4.7154 -5.6239 -3.75, -4.6203 -5.551 -3.75, -4.6302 -5.5747 -3.75, -4.6458 -5.5951 -3.75, -4.6302 -5.4763 -3.75, -4.6203 -5.5 -3.75, -4.617 -5.5255 -3.75, -4.6662 -5.4403 -3.75, -4.6458 -5.4559 -3.75, -3.239 -5.7224 -2.1752, -3.1881 -5.7157 -3.3827, -3.1881 -5.7157 -2.1752, -3.1406 -5.696 -3.3827, -3.1406 -5.696 -2.1752, -3.0998 -5.6647 -3.3827, -3.0998 -5.6647 -2.1752, -3.0685 -5.6239 -3.3827, -3.0685 -5.6239 -2.1752, -3.0489 -5.5765 -3.3827, -3.0489 -5.5765 -2.1752, -3.0422 -5.5255 -3.3827, -3.0422 -5.5255 -2.1752, -3.0489 -5.4746 -3.3827, -3.0489 -5.4746 -2.1752, -3.0685 -5.4271 -3.3827, -3.0685 -5.4271 -2.1752, -3.0998 -5.3863 -3.3827, -3.0998 -5.3863 -2.1752, -3.1406 -5.355 -3.3827, -3.1406 -5.355 -2.1752, -3.1881 -5.3354 -3.3827, -3.1881 -5.3354 -2.1752, -3.239 -5.3287 -3.3827, -3.239 -5.3287 -2.1752, -3.29 -5.3354 -3.3827, -3.29 -5.3354 -2.1752, -3.3375 -5.355 -3.3827, -3.3375 -5.355 -2.1752, -3.3782 -5.3863 -3.3827, -3.3782 -5.3863 -2.1752, -3.4095 -5.4271 -3.3827, -3.4095 -5.4271 -2.1752, -3.4292 -5.4746 -3.3827, -3.4292 -5.4746 -2.1752, -3.4359 -5.5255 -3.3827, -3.4359 -5.5255 -2.1752, -3.4292 -5.5765 -3.3827, -3.4292 -5.5765 -2.1752, -3.4095 -5.6239 -3.3827, -3.4095 -5.6239 -2.1752, -3.3782 -5.6647 -3.3827, -3.3782 -5.6647 -2.1752, -3.3375 -5.696 -3.3827, -3.3375 -5.696 -2.1752, -3.29 -5.7157 -3.3827, -3.29 -5.7157 -2.1752, -3.239 -5.7224 -3.3827, -3.2882 -5.4403 -3.75, -3.2645 -5.4304 -3.75, -3.239 -5.5255 -3.75, -3.239 -5.4271 -3.75, -3.2136 -5.4304 -3.75, -3.3341 -5.5 -3.75, -3.3243 -5.4763 -3.75, -3.3086 -5.4559 -3.75, -3.3243 -5.5747 -3.75, -3.3341 -5.551 -3.75, -3.3375 -5.5255 -3.75, -3.2645 -5.6206 -3.75, -3.2882 -5.6108 -3.75, -3.3086 -5.5951 -3.75, -3.1898 -5.6108 -3.75, -3.2136 -5.6206 -3.75, -3.239 -5.6239 -3.75, -3.144 -5.551 -3.75, -3.1538 -5.5747 -3.75, -3.1694 -5.5951 -3.75, -3.1538 -5.4763 -3.75, -3.144 -5.5 -3.75, -3.1406 -5.5255 -3.75, -3.1898 -5.4403 -3.75, -3.1694 -5.4559 -3.75, 1.1311 -5.7224 -2.1752, 1.182 -5.7157 -3.3827, 1.182 -5.7157 -2.1752, 1.2295 -5.696 -3.3827, 1.2295 -5.696 -2.1752, 1.2702 -5.6647 -3.3827, 1.2702 -5.6647 -2.1752, 1.3015 -5.6239 -3.3827, 1.3015 -5.6239 -2.1752, 1.3212 -5.5765 -3.3827, 1.3212 -5.5765 -2.1752, 1.3279 -5.5255 -3.3827, 1.3279 -5.5255 -2.1752, 1.3212 -5.4746 -3.3827, 1.3212 -5.4746 -2.1752, 1.3015 -5.4271 -3.3827, 1.3015 -5.4271 -2.1752, 1.2702 -5.3863 -3.3827, 1.2702 -5.3863 -2.1752, 1.2295 -5.355 -3.3827, 1.2295 -5.355 -2.1752, 1.182 -5.3354 -3.3827, 1.182 -5.3354 -2.1752, 1.1311 -5.3287 -3.3827, 1.1311 -5.3287 -2.1752, 1.0801 -5.3354 -3.3827, 1.0801 -5.3354 -2.1752, 1.0326 -5.355 -3.3827, 1.0326 -5.355 -2.1752, 0.9919 -5.3863 -3.3827, 0.9919 -5.3863 -2.1752, 0.9606 -5.4271 -3.3827, 0.9606 -5.4271 -2.1752, 0.9409 -5.4746 -3.3827, 0.9409 -5.4746 -2.1752, 0.9342 -5.5255 -3.3827, 0.9342 -5.5255 -2.1752, 0.9409 -5.5765 -3.3827, 0.9409 -5.5765 -2.1752, 0.9606 -5.6239 -3.3827, 0.9606 -5.6239 -2.1752, 0.9919 -5.6647 -3.3827, 0.9919 -5.6647 -2.1752, 1.0326 -5.696 -3.3827, 1.0326 -5.696 -2.1752, 1.0801 -5.7157 -3.3827, 1.0801 -5.7157 -2.1752, 1.1311 -5.7224 -3.3827, 1.0818 -5.4403 -3.75, 1.1056 -5.4304 -3.75, 1.1311 -5.5255 -3.75, 1.1311 -5.4271 -3.75, 1.1565 -5.4304 -3.75, 1.036 -5.5 -3.75, 1.0458 -5.4763 -3.75, 1.0615 -5.4559 -3.75, 1.0458 -5.5747 -3.75, 1.036 -5.551 -3.75, 1.0326 -5.5255 -3.75, 1.1056 -5.6206 -3.75, 1.0818 -5.6108 -3.75, 1.0615 -5.5951 -3.75, 1.1803 -5.6108 -3.75, 1.1565 -5.6206 -3.75, 1.1311 -5.6239 -3.75, 1.2261 -5.551 -3.75, 1.2163 -5.5747 -3.75, 1.2006 -5.5951 -3.75, 1.2163 -5.4763 -3.75, 1.2261 -5.5 -3.75, 1.2295 -5.5255 -3.75, 1.1803 -5.4403 -3.75, 1.2006 -5.4559 -3.75, 3.0996 -5.7224 -2.1752, 3.1505 -5.7157 -3.3827, 3.1505 -5.7157 -2.1752, 3.198 -5.696 -3.3827, 3.198 -5.696 -2.1752, 3.2388 -5.6647 -3.3827, 3.2388 -5.6647 -2.1752, 3.27 -5.6239 -3.3827, 3.27 -5.6239 -2.1752, 3.2897 -5.5765 -3.3827, 3.2897 -5.5765 -2.1752, 3.2964 -5.5255 -3.3827, 3.2964 -5.5255 -2.1752, 3.2897 -5.4746 -3.3827, 3.2897 -5.4746 -2.1752, 3.27 -5.4271 -3.3827, 3.27 -5.4271 -2.1752, 3.2388 -5.3863 -3.3827, 3.2388 -5.3863 -2.1752, 3.198 -5.355 -3.3827, 3.198 -5.355 -2.1752, 3.1505 -5.3354 -3.3827, 3.1505 -5.3354 -2.1752, 3.0996 -5.3287 -3.3827, 3.0996 -5.3287 -2.1752, 3.0486 -5.3354 -3.3827, 3.0486 -5.3354 -2.1752, 3.0011 -5.355 -3.3827, 3.0011 -5.355 -2.1752, 2.9604 -5.3863 -3.3827, 2.9604 -5.3863 -2.1752, 2.9291 -5.4271 -3.3827, 2.9291 -5.4271 -2.1752, 2.9094 -5.4746 -3.3827, 2.9094 -5.4746 -2.1752, 2.9027 -5.5255 -3.3827, 2.9027 -5.5255 -2.1752, 2.9094 -5.5765 -3.3827, 2.9094 -5.5765 -2.1752, 2.9291 -5.6239 -3.3827, 2.9291 -5.6239 -2.1752, 2.9604 -5.6647 -3.3827, 2.9604 -5.6647 -2.1752, 3.0011 -5.696 -3.3827, 3.0011 -5.696 -2.1752, 3.0486 -5.7157 -3.3827, 3.0486 -5.7157 -2.1752, 3.0996 -5.7224 -3.3827, 3.0503 -5.4403 -3.75, 3.0741 -5.4304 -3.75, 3.0996 -5.5255 -3.75, 3.0996 -5.4271 -3.75, 3.125 -5.4304 -3.75, 3.0045 -5.5 -3.75, 3.0143 -5.4763 -3.75, 3.03 -5.4559 -3.75, 3.0143 -5.5747 -3.75, 3.0045 -5.551 -3.75, 3.0011 -5.5255 -3.75, 3.0741 -5.6206 -3.75, 3.0503 -5.6108 -3.75, 3.03 -5.5951 -3.75, 3.1488 -5.6108 -3.75, 3.125 -5.6206 -3.75, 3.0996 -5.6239 -3.75, 3.1946 -5.551 -3.75, 3.1848 -5.5747 -3.75, 3.1692 -5.5951 -3.75, 3.1848 -5.4763 -3.75, 3.1946 -5.5 -3.75, 3.198 -5.5255 -3.75, 3.1488 -5.4403 -3.75, 3.1692 -5.4559 -3.75, 5.0681 -5.7224 -2.1752, 5.119 -5.7157 -3.3827, 5.119 -5.7157 -2.1752, 5.1665 -5.696 -3.3827, 5.1665 -5.696 -2.1752, 5.2073 -5.6647 -3.3827, 5.2073 -5.6647 -2.1752, 5.2385 -5.6239 -3.3827, 5.2385 -5.6239 -2.1752, 5.2582 -5.5765 -3.3827, 5.2582 -5.5765 -2.1752, 5.2649 -5.5255 -3.3827, 5.2649 -5.5255 -2.1752, 5.2582 -5.4746 -3.3827, 5.2582 -5.4746 -2.1752, 5.2385 -5.4271 -3.3827, 5.2385 -5.4271 -2.1752, 5.2073 -5.3863 -3.3827, 5.2073 -5.3863 -2.1752, 5.1665 -5.355 -3.3827, 5.1665 -5.355 -2.1752, 5.119 -5.3354 -3.3827, 5.119 -5.3354 -2.1752, 5.0681 -5.3287 -3.3827, 5.0681 -5.3287 -2.1752, 5.0171 -5.3354 -3.3827, 5.0171 -5.3354 -2.1752, 4.9696 -5.355 -3.3827, 4.9696 -5.355 -2.1752, 4.9289 -5.3863 -3.3827, 4.9289 -5.3863 -2.1752, 4.8976 -5.4271 -3.3827, 4.8976 -5.4271 -2.1752, 4.8779 -5.4746 -3.3827, 4.8779 -5.4746 -2.1752, 4.8712 -5.5255 -3.3827, 4.8712 -5.5255 -2.1752, 4.8779 -5.5765 -3.3827, 4.8779 -5.5765 -2.1752, 4.8976 -5.6239 -3.3827, 4.8976 -5.6239 -2.1752, 4.9289 -5.6647 -3.3827, 4.9289 -5.6647 -2.1752, 4.9696 -5.696 -3.3827, 4.9696 -5.696 -2.1752, 5.0171 -5.7157 -3.3827, 5.0171 -5.7157 -2.1752, 5.0681 -5.7224 -3.3827, 5.0188 -5.4403 -3.75, 5.0426 -5.4304 -3.75, 5.0681 -5.5255 -3.75, 5.0681 -5.4271 -3.75, 5.0935 -5.4304 -3.75, 4.973 -5.5 -3.75, 4.9828 -5.4763 -3.75, 4.9985 -5.4559 -3.75, 4.9828 -5.5747 -3.75, 4.973 -5.551 -3.75, 4.9696 -5.5255 -3.75, 5.0426 -5.6206 -3.75, 5.0188 -5.6108 -3.75, 4.9985 -5.5951 -3.75, 5.1173 -5.6108 -3.75, 5.0935 -5.6206 -3.75, 5.0681 -5.6239 -3.75, 5.1631 -5.551 -3.75, 5.1533 -5.5747 -3.75, 5.1377 -5.5951 -3.75, 5.1533 -5.4763 -3.75, 5.1631 -5.5 -3.75, 5.1665 -5.5255 -3.75, 5.1173 -5.4403 -3.75, 5.1377 -5.4559 -3.75, 5.1377 -5.4559 -3.75
            ]
        }
        coordIndex [
            0,1,2,-1,2,1,3,-1,2,3,4,-1,4,3,5,-1,4,5,6,-1,6,5,7,-1,6,7,8,-1,8,7,9,-1,8,9,10,-1,10,9,11,-1,10,11,12,-1,12,11,13,-1,12,13,14,-1,14,13,15,-1,14,15,16,-1,16,15,17,-1,16,17,18,-1,18,17,19,-1,18,19,20,-1,20,19,21,-1,20,21,22,-1,22,21,23,-1,22,23,24,-1,24,23,25,-1,24,25,26,-1,26,25,27,-1,26,27,28,-1,28,27,29,-1,28,29,30,-1,30,29,31,-1,30,31,32,-1,32,31,33,-1,32,33,34,-1,34,33,35,-1,34,35,36,-1,36,35,37,-1,36,37,38,-1,38,37,39,-1,38,39,40,-1,40,39,41,-1,40,41,42,-1,42,41,43,-1,42,43,44,-1,44,43,45,-1,44,45,46,-1,46,45,47,-1,46,47,0,-1,0,47,1,-1,48,49,50,-1,50,49,51,-1,50,51,52,-1,53,54,50,-1,50,54,55,-1,50,55,48,-1,56,57,50,-1,50,57,58,-1,50,58,53,-1,59,60,50,-1,50,60,61,-1,50,61,56,-1,62,63,50,-1,50,63,64,-1,50,64,59,-1,65,66,50,-1,50,66,67,-1,50,67,62,-1,68,69,50,-1,50,69,70,-1,50,70,65,-1,52,71,50,-1,50,71,72,-1,50,72,68,-1,73,74,75,-1,75,74,76,-1,75,76,77,-1,77,76,78,-1,77,78,79,-1,79,78,80,-1,79,80,81,-1,81,80,82,-1,81,82,83,-1,83,82,84,-1,83,84,85,-1,85,84,86,-1,85,86,87,-1,87,86,88,-1,87,88,89,-1,89,88,90,-1,89,90,91,-1,91,90,92,-1,91,92,93,-1,93,92,94,-1,93,94,95,-1,95,94,96,-1,95,96,97,-1,97,96,98,-1,97,98,99,-1,99,98,100,-1,99,100,101,-1,101,100,102,-1,101,102,103,-1,103,102,104,-1,103,104,105,-1,105,104,106,-1,105,106,107,-1,107,106,108,-1,107,108,109,-1,109,108,110,-1,109,110,111,-1,111,110,112,-1,111,112,113,-1,113,112,114,-1,113,114,115,-1,115,114,116,-1,115,116,117,-1,117,116,118,-1,117,118,119,-1,119,118,120,-1,119,120,73,-1,73,120,74,-1,121,122,123,-1,123,122,124,-1,123,124,125,-1,126,127,123,-1,123,127,128,-1,123,128,121,-1,129,130,123,-1,123,130,131,-1,123,131,126,-1,132,133,123,-1,123,133,134,-1,123,134,129,-1,135,136,123,-1,123,136,137,-1,123,137,132,-1,138,139,123,-1,123,139,140,-1,123,140,135,-1,141,142,123,-1,123,142,143,-1,123,143,138,-1,125,144,123,-1,123,144,145,-1,123,145,141,-1,146,147,148,-1,148,147,149,-1,148,149,150,-1,150,149,151,-1,150,151,152,-1,152,151,153,-1,152,153,154,-1,154,153,155,-1,154,155,156,-1,156,155,157,-1,156,157,158,-1,158,157,159,-1,158,159,160,-1,160,159,161,-1,160,161,162,-1,162,161,163,-1,162,163,164,-1,164,163,165,-1,164,165,166,-1,166,165,167,-1,166,167,168,-1,168,167,169,-1,168,169,170,-1,170,169,171,-1,170,171,172,-1,172,171,173,-1,172,173,174,-1,174,173,175,-1,174,175,176,-1,176,175,177,-1,176,177,178,-1,178,177,179,-1,178,179,180,-1,180,179,181,-1,180,181,182,-1,182,181,183,-1,182,183,184,-1,184,183,185,-1,184,185,186,-1,186,185,187,-1,186,187,188,-1,188,187,189,-1,188,189,190,-1,190,189,191,-1,190,191,192,-1,192,191,193,-1,192,193,146,-1,146,193,147,-1,194,195,196,-1,196,195,197,-1,196,197,198,-1,199,200,196,-1,196,200,201,-1,196,201,194,-1,202,203,196,-1,196,203,204,-1,196,204,199,-1,205,206,196,-1,196,206,207,-1,196,207,202,-1,208,209,196,-1,196,209,210,-1,196,210,205,-1,211,212,196,-1,196,212,213,-1,196,213,208,-1,214,215,196,-1,196,215,216,-1,196,216,211,-1,198,217,196,-1,196,217,218,-1,196,218,214,-1,219,220,221,-1,221,220,222,-1,221,222,223,-1,223,222,224,-1,223,224,225,-1,225,224,226,-1,225,226,227,-1,227,226,228,-1,227,228,229,-1,229,228,230,-1,229,230,231,-1,231,230,232,-1,231,232,233,-1,233,232,234,-1,233,234,235,-1,235,234,236,-1,235,236,237,-1,237,236,238,-1,237,238,239,-1,239,238,240,-1,239,240,241,-1,241,240,242,-1,241,242,243,-1,243,242,244,-1,243,244,245,-1,245,244,246,-1,245,246,247,-1,247,246,248,-1,247,248,249,-1,249,248,250,-1,249,250,251,-1,251,250,252,-1,251,252,253,-1,253,252,254,-1,253,254,255,-1,255,254,256,-1,255,256,257,-1,257,256,258,-1,257,258,259,-1,259,258,260,-1,259,260,261,-1,261,260,262,-1,261,262,263,-1,263,262,264,-1,263,264,265,-1,265,264,266,-1,265,266,219,-1,219,266,220,-1,267,268,269,-1,269,268,270,-1,269,270,271,-1,272,273,269,-1,269,273,274,-1,269,274,267,-1,275,276,269,-1,269,276,277,-1,269,277,272,-1,278,279,269,-1,269,279,280,-1,269,280,275,-1,281,282,269,-1,269,282,283,-1,269,283,278,-1,284,285,269,-1,269,285,286,-1,269,286,281,-1,287,288,269,-1,269,288,289,-1,269,289,284,-1,271,290,269,-1,269,290,291,-1,269,291,287,-1,292,293,294,-1,294,293,295,-1,294,295,296,-1,296,295,297,-1,296,297,298,-1,298,297,299,-1,298,299,300,-1,300,299,301,-1,300,301,302,-1,302,301,303,-1,302,303,304,-1,304,303,305,-1,304,305,306,-1,306,305,307,-1,306,307,308,-1,308,307,309,-1,308,309,310,-1,310,309,311,-1,310,311,312,-1,312,311,313,-1,312,313,314,-1,314,313,315,-1,314,315,316,-1,316,315,317,-1,316,317,318,-1,318,317,319,-1,318,319,320,-1,320,319,321,-1,320,321,322,-1,322,321,323,-1,322,323,324,-1,324,323,325,-1,324,325,326,-1,326,325,327,-1,326,327,328,-1,328,327,329,-1,328,329,330,-1,330,329,331,-1,330,331,332,-1,332,331,333,-1,332,333,334,-1,334,333,335,-1,334,335,336,-1,336,335,337,-1,336,337,338,-1,338,337,339,-1,338,339,292,-1,292,339,293,-1,340,341,342,-1,342,341,343,-1,342,343,344,-1,345,346,342,-1,342,346,347,-1,342,347,340,-1,348,349,342,-1,342,349,350,-1,342,350,345,-1,351,352,342,-1,342,352,353,-1,342,353,348,-1,354,355,342,-1,342,355,356,-1,342,356,351,-1,357,358,342,-1,342,358,359,-1,342,359,354,-1,360,361,342,-1,342,361,362,-1,342,362,357,-1,344,363,342,-1,342,363,364,-1,342,364,360,-1,193,209,147,-1,147,209,208,-1,147,208,149,-1,149,208,213,-1,149,213,151,-1,151,213,212,-1,151,212,153,-1,153,212,211,-1,153,211,155,-1,155,211,216,-1,155,216,157,-1,157,216,215,-1,157,215,159,-1,159,215,214,-1,159,214,161,-1,161,214,218,-1,161,218,163,-1,163,218,217,-1,163,217,165,-1,165,217,198,-1,165,198,167,-1,167,198,197,-1,167,197,169,-1,169,197,195,-1,169,195,171,-1,171,195,194,-1,171,194,173,-1,173,194,201,-1,173,201,175,-1,175,201,200,-1,175,200,177,-1,177,200,199,-1,177,199,179,-1,179,199,204,-1,179,204,181,-1,181,204,203,-1,181,203,183,-1,183,203,202,-1,183,202,185,-1,185,202,207,-1,185,207,187,-1,187,207,206,-1,187,206,189,-1,189,206,205,-1,189,205,191,-1,191,205,210,-1,191,210,193,-1,193,210,209,-1,339,355,293,-1,293,355,354,-1,293,354,295,-1,295,354,359,-1,295,359,297,-1,297,359,358,-1,297,358,299,-1,299,358,357,-1,299,357,301,-1,301,357,362,-1,301,362,303,-1,303,362,361,-1,303,361,305,-1,305,361,360,-1,305,360,307,-1,307,360,364,-1,307,364,309,-1,309,364,363,-1,309,363,311,-1,311,363,344,-1,311,344,313,-1,313,344,343,-1,313,343,315,-1,315,343,341,-1,315,341,317,-1,317,341,340,-1,317,340,319,-1,319,340,347,-1,319,347,321,-1,321,347,346,-1,321,346,323,-1,323,346,345,-1,323,345,325,-1,325,345,350,-1,325,350,327,-1,327,350,349,-1,327,349,329,-1,329,349,348,-1,329,348,331,-1,331,348,353,-1,331,353,333,-1,333,353,352,-1,333,352,335,-1,335,352,351,-1,335,351,337,-1,337,351,356,-1,337,356,339,-1,339,356,355,-1,266,282,220,-1,220,282,281,-1,220,281,222,-1,222,281,286,-1,222,286,224,-1,224,286,285,-1,224,285,226,-1,226,285,284,-1,226,284,228,-1,228,284,289,-1,228,289,230,-1,230,289,288,-1,230,288,232,-1,232,288,287,-1,232,287,234,-1,234,287,291,-1,234,291,236,-1,236,291,290,-1,236,290,238,-1,238,290,271,-1,238,271,240,-1,240,271,270,-1,240,270,242,-1,242,270,268,-1,242,268,244,-1,244,268,267,-1,244,267,246,-1,246,267,274,-1,246,274,248,-1,248,274,273,-1,248,273,250,-1,250,273,272,-1,250,272,252,-1,252,272,277,-1,252,277,254,-1,254,277,276,-1,254,276,256,-1,256,276,275,-1,256,275,258,-1,258,275,280,-1,258,280,260,-1,260,280,279,-1,260,279,262,-1,262,279,278,-1,262,278,264,-1,264,278,283,-1,264,283,266,-1,266,283,282,-1,120,136,74,-1,74,136,135,-1,74,135,76,-1,76,135,140,-1,76,140,78,-1,78,140,139,-1,78,139,80,-1,80,139,138,-1,80,138,82,-1,82,138,143,-1,82,143,84,-1,84,143,142,-1,84,142,86,-1,86,142,141,-1,86,141,88,-1,88,141,145,-1,88,145,90,-1,90,145,144,-1,90,144,92,-1,92,144,125,-1,92,125,94,-1,94,125,124,-1,94,124,96,-1,96,124,122,-1,96,122,98,-1,98,122,121,-1,98,121,100,-1,100,121,128,-1,100,128,102,-1,102,128,127,-1,102,127,104,-1,104,127,126,-1,104,126,106,-1,106,126,131,-1,106,131,108,-1,108,131,130,-1,108,130,110,-1,110,130,129,-1,110,129,112,-1,112,129,134,-1,112,134,114,-1,114,134,133,-1,114,133,116,-1,116,133,132,-1,116,132,118,-1,118,132,137,-1,118,137,120,-1,120,137,136,-1,47,63,1,-1,1,63,62,-1,1,62,3,-1,3,62,67,-1,3,67,5,-1,5,67,66,-1,5,66,7,-1,7,66,65,-1,7,65,9,-1,9,65,70,-1,9,70,11,-1,11,70,69,-1,11,69,13,-1,13,69,68,-1,13,68,15,-1,15,68,72,-1,15,72,17,-1,17,72,71,-1,17,71,19,-1,19,71,52,-1,19,52,21,-1,21,52,51,-1,21,51,23,-1,23,51,49,-1,23,49,25,-1,25,49,48,-1,25,48,27,-1,27,48,55,-1,27,55,29,-1,29,55,54,-1,29,54,31,-1,31,54,53,-1,31,53,33,-1,33,53,58,-1,33,58,35,-1,35,58,57,-1,35,57,37,-1,37,57,56,-1,37,56,39,-1,39,56,61,-1,39,61,41,-1,41,61,60,-1,41,60,43,-1,43,60,59,-1,43,59,45,-1,45,59,64,-1,45,64,47,-1,47,64,63,-1,
        ]
    }
}