#VRML V2.0 utf8
# 3D model generated by easyeda2kicad.py (https://github.com/uPesy/easyeda2kicad.py)

Shape{
    appearance Appearance {
        material  Material 	{
            diffuseColor 0.2549019607843137 0.2549019607843137 0.2549019607843137
            specularColor 0.7529411764705882 0.7529411764705882 0.7529411764705882
            ambientIntensity 0.1176
            transparency 0.0
            shininess 0.5
        }
    }
    geometry IndexedFaceSet {
        ccw TRUE
        solid FALSE
        coord DEF co Coordinate {
            point [
                -1.4961 -1.3189 0.0394, 1.4961 -1.3189 0.0394, 1.4961 -1.4764 0.0394, 1.9685 -1.7913 0.0394, 1.9685 -3.7598 0.0394, 1.8666 -1.7779 0.0394, -1.5748 -1.3976 0.0394, -1.4961 -1.4764 0.0394, -1.5882 -1.2957 0.0394, 1.4961 -3.6614 0.0394, 1.5945 -3.7598 0.0394, 1.6275 -1.5945 0.0394, 1.5882 -1.4995 0.0394, 1.6901 -1.676 0.0394, 1.7716 -1.7386 0.0394, 1.6275 -1.2008 0.0394, 1.5882 -1.2957 0.0394, 1.5748 -1.3976 0.0394, 1.4961 1.3583 0.0394, 1.6901 -1.1193 0.0394, 1.7716 -1.0567 0.0394, 1.8666 -1.0174 0.0394, 1.9685 1.3583 0.0394, 1.9685 -1.0039 0.0394, -1.8666 -1.0174 0.0394, -1.9685 -1.0039 0.0394, -1.9685 1.3583 0.0394, -1.6276 -1.2008 0.0394, -1.9685 -1.7913 0.0394, -1.4961 -3.6614 0.0394, -1.9685 -3.7598 0.0394, -1.4961 1.3583 0.0394, -1.6901 -1.1193 0.0394, -1.7717 -1.0567 0.0394, -1.5882 -1.4995 0.0394, -1.6276 -1.5945 0.0394, -1.6901 -1.676 0.0394, -1.7717 -1.7386 0.0394, -1.8666 -1.7779 0.0394, -1.5945 -3.7598 0.0394, -1.4961 -3.6614 4.2126, -1.4961 0.374 3.8189, -1.4961 0.374 4.2126, -1.4961 0.689 1.5236, -1.4961 -2.9724 1.5236, -1.4961 0.689 3.8189, -1.4961 -2.9724 0.2362, -1.4961 -1.4764 0.2362, -1.4961 0.7677 0.2362, -1.4961 1.3583 1.1417, -1.4961 0.7677 1.1417, -1.4961 -1.3189 0.2362, 1.4961 -1.4764 0.2362, 0.7106 -0.6496 0.2362, 0.7106 0.7677 0.2362, 1.4961 0.7677 0.2362, 0.8696 -0.8663 0.2362, 0.9183 -0.8663 0.2362, 1.4961 -1.3189 0.2362, 0.4941 0.7677 0.2362, 0.4941 -0.6496 0.2362, 0.309 0.3504 0.2362, -0.0925 -0.6496 0.2362, 0.0925 0.3504 0.2362, 0.309 0.7677 0.2362, -0.0925 0.7677 0.2362, -0.4941 0.3504 0.2362, -0.3091 0.7677 0.2362, -0.3091 -0.6496 0.2362, 0.0925 0.7677 0.2362, 0.2039 -1.2559 0.2362, 0.3988 -1.2559 0.2362, 0.139 -1.2559 0.2362, -0.7106 0.3504 0.2362, -0.7106 0.7677 0.2362, -0.4941 0.7677 0.2362, -0.8919 -0.8663 0.2362, -0.5104 -0.9243 0.2362, -0.5997 -0.8663 0.2362, -0.4779 -0.8912 0.2362, 0.6423 -0.8663 0.2362, 0.8371 -0.9658 0.2362, 0.6748 -0.9658 0.2362, 0.139 -0.8663 0.2362, -0.1532 -0.8663 0.2362, 0.5936 -0.8663 0.2362, 0.2039 -0.8663 0.2362, 0.7235 -1.2559 0.2362, 0.7884 -1.2559 0.2362, 0.5205 -0.9575 0.2362, 0.5043 -0.9243 0.2362, 0.1065 -1.0487 0.2362, -0.1045 -1.0487 0.2362, -0.1045 -0.916 0.2362, 0.3988 -0.8663 0.2362, 0.4394 -0.8746 0.2362, 0.5286 -0.9989 0.2362, 0.4718 -0.8912 0.2362, 0.5286 -1.1233 0.2362, 0.5205 -1.1648 0.2362, 0.5043 -1.1979 0.2362, 0.4718 -1.2311 0.2362, 0.4394 -1.2477 0.2362, -0.1532 -1.2559 0.2362, -0.2182 -1.1565 0.2362, -0.2182 -0.9658 0.2362, 0.1065 -1.0984 0.2362, -0.1045 -1.2062 0.2362, -0.1045 -1.0984 0.2362, 0.139 -0.916 0.2362, 0.139 -1.2062 0.2362, -0.2669 -0.9658 0.2362, -0.4049 -0.8663 0.2362, -0.3318 -0.8663 0.2362, -0.4049 -0.916 0.2362, -0.3318 -0.916 0.2362, -0.2994 -0.9243 0.2362, -0.275 -0.9409 0.2362, -0.4617 -0.9409 0.2362, -0.4374 -0.9243 0.2362, -0.4779 -0.9658 0.2362, -0.4861 -0.9989 0.2362, -0.2669 -1.1565 0.2362, -0.4861 -1.1233 0.2362, -0.5997 -0.916 0.2362, -0.5348 -0.9989 0.2362, -0.8432 -0.916 0.2362, -0.4617 -1.1813 0.2362, -0.4049 -1.2062 0.2362, -0.4374 -1.1979 0.2362, -0.4779 -1.1565 0.2362, -0.3318 -1.2559 0.2362, -0.3318 -1.2062 0.2362, -0.4049 -1.2559 0.2362, -0.8432 -1.2559 0.2362, -0.4455 -1.2477 0.2362, -0.275 -1.1813 0.2362, -0.2994 -1.1979 0.2362, -0.2263 -1.1979 0.2362, -0.2588 -1.2311 0.2362, -0.2912 -1.2477 0.2362, -0.4779 -1.2311 0.2362, -0.5348 -1.1233 0.2362, -0.5266 -1.1648 0.2362, -0.5266 -0.9575 0.2362, -0.4455 -0.8746 0.2362, -0.2912 -0.8746 0.2362, -0.2588 -0.8912 0.2362, -0.2263 -0.9243 0.2362, -0.8919 -1.2559 0.2362, -0.5104 -1.1979 0.2362, 1.4961 -2.9724 0.2362, 0.7106 -2.4606 0.2362, -0.7106 -2.4606 0.2362, -0.7106 -2.9724 0.2362, 0.7106 -2.9724 0.2362, 0.4556 -1.1813 0.2362, 0.4799 -1.1233 0.2362, 0.4718 -1.1565 0.2362, 0.2526 -0.916 0.2362, 0.3988 -1.2062 0.2362, 0.2526 -1.2062 0.2362, 0.4312 -1.1979 0.2362, 0.4312 -0.9243 0.2362, 0.4799 -0.9989 0.2362, 0.3988 -0.916 0.2362, 0.4718 -0.9658 0.2362, 0.4556 -0.9409 0.2362, 0.829 -0.9989 0.2362, 0.7559 -1.2228 0.2362, 0.6829 -0.9989 0.2362, 1.4961 -3.6614 4.2126, 1.4961 -2.9724 1.5236, 1.4961 0.689 1.5236, 1.4961 0.374 3.8189, 1.4961 0.689 3.8189, 1.4961 0.374 4.2126, 1.4961 0.7677 1.1417, 1.4961 1.3583 1.1417, 0.7106 -2.9724 1.5236, -0.7106 -2.9724 1.5236, 0.7106 0.7677 1.1417, 0.7106 -0.6496 0.6102, 0.7106 -1.6732 1.1417, 0.7106 -2.4606 0.5, 0.7106 -1.6732 0.6102, 0.7106 -1.6732 0.5, 0.7106 -1.6732 1.5236, -0.4941 -2.4606 0.5, -0.7106 -2.4606 0.5, 0.4941 -2.4606 0.5, 0.309 -2.4606 0.5, 0.0925 -2.4606 0.5, 0.309 -2.4606 1.5236, 0.4941 -2.4606 1.5236, -0.0925 -2.4606 0.5, -0.0925 -2.4606 1.5236, 0.0925 -2.4606 1.5236, -0.3091 -2.4606 0.5, -0.4941 -2.4606 1.5236, -0.3091 -2.4606 1.5236, -0.4941 -1.6732 1.5236, -0.5255 -1.6368 1.5237, -0.5173 -1.6732 1.5236, 0.309 0.689 1.5236, 0.309 1.3583 1.5236, 0.0925 0.689 1.5236, -0.3091 -1.6732 1.5236, 0.6523 -1.5768 1.5236, 0.6321 -1.5547 1.5237, 0.7106 0.689 1.5236, 0.6024 -1.5439 1.5236, -0.537 -1.6045 1.5237, -0.7106 0.689 1.5236, -0.6024 -1.5439 1.5236, -0.4941 0.689 1.5236, -0.3091 0.689 1.5236, -0.6322 -1.5547 1.5237, -0.7106 -1.6732 1.5236, -0.6524 -1.5768 1.5236, -0.6793 -1.6368 1.5237, -0.6677 -1.6045 1.5237, -0.6874 -1.6732 1.5236, -0.2008 -1.5439 1.5236, -0.4941 1.3583 1.5236, -0.7106 1.3583 1.5236, 0.1508 -1.5768 1.5236, 0.171 -1.5547 1.5237, -0.1508 -1.5768 1.5236, -0.0925 0.689 1.5236, -0.0925 1.3583 1.5236, 0.5524 -1.5768 1.5236, 0.5726 -1.5547 1.5237, 0.2508 -1.5768 1.5236, -0.3091 1.3583 1.5236, 0.6677 -1.6045 1.5237, 0.2661 -1.6045 1.5237, 0.7106 1.3583 1.5236, 0.4941 0.689 1.5236, 0.0925 1.3583 1.5236, 0.6793 -1.6368 1.5237, 0.6874 -1.6732 1.5236, 0.4941 1.3583 1.5236, 0.537 -1.6045 1.5237, 0.309 -1.6732 1.5236, 0.4941 -1.6732 1.5236, 0.2306 -1.5547 1.5237, 0.2858 -1.6732 1.5236, 0.2777 -1.6368 1.5237, 0.2008 -1.5439 1.5236, -0.1354 -1.6045 1.5237, 0.1354 -1.6045 1.5237, 0.5255 -1.6368 1.5237, 0.5173 -1.6732 1.5236, -0.1239 -1.6368 1.5237, -0.1158 -1.6732 1.5236, -0.0925 -1.6732 1.5236, -0.171 -1.5547 1.5237, 0.0925 -1.6732 1.5236, 0.1239 -1.6368 1.5237, -0.5726 -1.5547 1.5237, -0.2306 -1.5547 1.5237, 0.1157 -1.6732 1.5236, -0.5524 -1.5768 1.5236, -0.2662 -1.6045 1.5237, -0.2777 -1.6368 1.5237, -0.2508 -1.5768 1.5236, -0.2858 -1.6732 1.5236, -0.4941 0.3504 0.6102, -0.4941 -1.6732 0.6102, -0.4941 -1.6732 1.1417, -0.4941 0.7677 1.1417, -0.4941 -1.6732 0.5, -0.7106 -1.6732 0.5, -0.7106 -1.6732 1.1417, -0.7106 -1.6732 0.6102, -0.7106 0.3504 0.6102, -0.7106 0.7677 1.1417, -0.6024 -1.6732 1.4567, -0.6402 -1.6733 1.466, -0.5365 -1.6732 1.4887, -0.6682 -1.6732 1.4887, -0.5645 -1.6733 1.466
            ]
        }
        coordIndex [
            0,1,2,-1,3,4,5,-1,6,0,7,-1,8,0,6,-1,9,4,10,-1,5,4,9,-1,11,2,12,-1,13,2,11,-1,13,14,9,-1,9,14,5,-1,2,13,9,-1,15,16,1,-1,17,1,16,-1,2,17,12,-1,1,18,19,-1,20,18,21,-1,20,19,18,-1,21,18,22,-1,21,22,23,-1,24,25,26,-1,1,17,2,-1,19,15,1,-1,8,27,0,-1,28,29,30,-1,26,31,24,-1,32,0,27,-1,32,33,31,-1,31,33,24,-1,0,32,31,-1,7,34,6,-1,34,7,35,-1,36,7,29,-1,37,29,38,-1,39,30,29,-1,28,38,29,-1,29,37,36,-1,35,7,36,-1,2,7,0,-1,40,41,42,-1,43,41,44,-1,41,43,45,-1,29,44,40,-1,41,40,44,-1,46,7,47,-1,44,29,46,-1,46,29,7,-1,48,49,50,-1,48,0,31,-1,51,0,48,-1,48,31,49,-1,2,52,47,-1,2,47,7,-1,53,54,55,-1,56,53,57,-1,55,58,57,-1,59,60,61,-1,60,62,63,-1,59,61,64,-1,61,60,63,-1,65,63,62,-1,66,67,68,-1,63,65,69,-1,58,70,71,-1,58,72,70,-1,73,48,74,-1,67,66,75,-1,66,68,73,-1,51,48,76,-1,77,78,79,-1,80,81,82,-1,83,84,62,-1,53,85,60,-1,86,62,60,-1,53,80,85,-1,58,87,88,-1,81,80,56,-1,80,53,56,-1,53,55,57,-1,57,58,88,-1,85,89,90,-1,91,92,93,-1,60,94,86,-1,62,84,68,-1,60,95,94,-1,89,85,96,-1,60,85,95,-1,85,97,95,-1,85,90,97,-1,87,96,85,-1,98,96,87,-1,99,98,87,-1,87,100,99,-1,87,101,100,-1,87,102,101,-1,87,71,102,-1,58,71,87,-1,103,104,105,-1,70,91,86,-1,106,107,108,-1,91,109,86,-1,106,91,70,-1,58,51,72,-1,106,70,110,-1,106,110,107,-1,110,70,72,-1,103,72,51,-1,111,105,104,-1,86,83,62,-1,109,91,93,-1,86,109,83,-1,112,68,113,-1,111,114,115,-1,111,116,117,-1,118,119,114,-1,116,111,115,-1,120,118,114,-1,114,111,120,-1,111,121,120,-1,121,122,123,-1,124,125,126,-1,127,128,129,-1,130,128,127,-1,51,131,103,-1,128,122,132,-1,128,130,122,-1,133,134,135,-1,103,105,84,-1,131,51,133,-1,136,137,122,-1,132,122,137,-1,123,122,130,-1,122,121,111,-1,103,138,104,-1,111,104,122,-1,139,138,103,-1,139,103,140,-1,103,131,140,-1,135,134,141,-1,134,133,51,-1,142,143,134,-1,125,142,126,-1,124,77,144,-1,142,134,126,-1,78,77,124,-1,76,73,68,-1,144,125,124,-1,68,112,145,-1,68,146,113,-1,68,84,146,-1,84,147,146,-1,147,84,148,-1,84,105,148,-1,79,78,145,-1,48,73,76,-1,145,78,68,-1,68,78,76,-1,51,76,149,-1,134,51,149,-1,141,134,150,-1,143,150,134,-1,151,152,52,-1,153,154,46,-1,47,152,153,-1,47,153,46,-1,151,155,152,-1,47,52,152,-1,156,157,158,-1,159,160,161,-1,157,156,162,-1,163,164,165,-1,166,164,167,-1,163,167,164,-1,157,165,164,-1,165,157,160,-1,165,160,159,-1,160,157,162,-1,168,169,170,-1,0,58,1,-1,58,0,51,-1,9,171,172,-1,151,9,172,-1,151,2,9,-1,173,172,174,-1,52,2,151,-1,173,174,175,-1,176,174,171,-1,171,174,172,-1,55,177,178,-1,55,1,58,-1,18,1,55,-1,178,18,55,-1,179,151,172,-1,151,179,155,-1,44,46,154,-1,44,154,180,-1,181,182,183,-1,155,179,184,-1,182,185,183,-1,184,183,185,-1,184,185,186,-1,182,54,53,-1,182,181,54,-1,187,183,179,-1,179,183,184,-1,184,152,155,-1,188,189,153,-1,184,190,152,-1,191,192,152,-1,191,152,190,-1,191,190,193,-1,190,194,193,-1,192,195,152,-1,153,152,195,-1,195,192,196,-1,196,192,197,-1,198,153,195,-1,188,153,198,-1,199,188,198,-1,199,198,200,-1,201,202,203,-1,204,205,206,-1,200,207,199,-1,173,208,187,-1,209,210,211,-1,202,201,212,-1,213,214,215,-1,214,216,215,-1,217,213,43,-1,213,217,214,-1,43,218,219,-1,219,217,43,-1,218,220,221,-1,219,218,221,-1,218,44,180,-1,220,218,222,-1,218,43,44,-1,216,214,223,-1,213,224,225,-1,226,227,228,-1,213,215,224,-1,216,229,230,-1,231,232,233,-1,216,230,234,-1,208,235,187,-1,233,236,231,-1,209,208,173,-1,237,238,210,-1,206,205,239,-1,240,241,187,-1,187,179,172,-1,238,237,242,-1,187,172,173,-1,243,236,244,-1,194,245,193,-1,187,235,240,-1,243,231,236,-1,246,233,232,-1,210,209,173,-1,238,211,210,-1,246,232,211,-1,247,244,248,-1,211,249,246,-1,236,248,244,-1,226,250,251,-1,243,245,252,-1,245,253,252,-1,243,244,245,-1,245,244,193,-1,254,255,256,-1,250,256,251,-1,254,256,250,-1,249,211,238,-1,204,206,249,-1,204,249,238,-1,223,257,249,-1,227,249,257,-1,250,226,228,-1,258,259,251,-1,260,261,223,-1,258,262,259,-1,251,256,258,-1,197,258,196,-1,258,256,196,-1,260,263,261,-1,264,207,265,-1,264,266,212,-1,257,228,227,-1,206,229,223,-1,249,206,223,-1,214,260,223,-1,229,216,223,-1,263,212,266,-1,261,263,266,-1,212,201,264,-1,207,267,265,-1,264,201,207,-1,199,207,201,-1,66,268,75,-1,269,188,270,-1,268,269,270,-1,270,271,268,-1,75,268,271,-1,199,270,188,-1,270,199,201,-1,269,272,188,-1,189,188,272,-1,272,273,189,-1,180,274,218,-1,274,189,275,-1,275,189,273,-1,74,276,73,-1,276,74,277,-1,274,276,277,-1,189,154,153,-1,274,275,276,-1,154,189,180,-1,274,180,189,-1,275,272,269,-1,272,275,273,-1,278,279,274,-1,201,203,280,-1,280,270,201,-1,281,218,274,-1,281,274,279,-1,218,281,222,-1,270,278,274,-1,278,270,282,-1,270,280,282,-1,269,268,276,-1,276,275,269,-1,66,73,276,-1,276,268,66,-1,
        ]
    }
}
Shape{
    appearance Appearance {
        material  Material 	{
            diffuseColor 0.8823529411764706 0.8823529411764706 0.8823529411764706
            specularColor 0.7529411764705882 0.7529411764705882 0.7529411764705882
            ambientIntensity 0.1176
            transparency 0.0
            shininess 0.5
        }
    }
    geometry IndexedFaceSet {
        ccw TRUE
        solid FALSE
        coord DEF co Coordinate {
            point [
                -0.5614 0.8531 2.7751, -0.5524 -1.5768 1.5236, -0.5726 -1.5547 1.5237, -0.5154 0.8046 2.869, -0.5118 -2.1525 1.3107, -0.5136 0.8238 2.8317, -0.5571 -2.1165 1.241, -0.5645 -1.6733 1.466, -0.5365 -1.6732 1.4887, -0.5524 0.7579 2.9016, -0.5571 -2.1885 1.3803, -0.5362 0.7877 2.9016, -0.524 -2.1733 1.3509, -0.5732 0.7351 2.9016, -0.6024 -2.1941 1.3911, -0.6024 0.725 2.9016, -0.5173 -1.6732 1.5236, -0.5307 0.8413 2.7979, -0.524 -2.1317 1.2704, -0.6024 -2.1109 1.2302, -0.6024 -1.6732 1.4567, -0.5255 -1.6368 1.5237, -0.537 -1.6045 1.5237, -0.6024 0.8577 2.7663, -0.6024 -1.5439 1.5236, -0.6322 -1.5547 1.5237, -0.6524 -1.5768 1.5236, -0.6434 0.8531 2.7751, -0.6476 -2.1165 1.241, -0.6682 -1.6732 1.4887, -0.6402 -1.6733 1.466, -0.6753 0.8406 2.7993, -0.6874 -1.6732 1.5236, -0.6914 0.8229 2.8335, -0.6793 -1.6368 1.5237, -0.6677 -1.6045 1.5237, -0.6524 0.7579 2.9016, -0.6476 -2.1885 1.3803, -0.6316 0.7351 2.9016, -0.6929 -2.1525 1.3107, -0.6686 0.7877 2.9016, -0.6808 -2.1317 1.2704, -0.6808 -2.1733 1.3509, -0.6893 0.8046 2.869
            ]
        }
        coordIndex [
            0,1,2,-1,3,4,5,-1,6,7,8,-1,9,10,11,-1,12,11,10,-1,13,14,10,-1,10,9,13,-1,15,14,13,-1,12,3,11,-1,4,3,12,-1,16,17,5,-1,16,4,18,-1,7,19,20,-1,21,22,17,-1,23,0,2,-1,0,17,1,-1,6,19,7,-1,16,21,17,-1,18,6,8,-1,16,18,8,-1,5,4,16,-1,17,22,1,-1,24,23,2,-1,25,26,27,-1,28,29,30,-1,23,24,25,-1,31,32,33,-1,34,31,35,-1,36,37,38,-1,32,39,33,-1,40,37,36,-1,39,32,41,-1,30,19,28,-1,20,19,30,-1,29,28,41,-1,29,41,32,-1,15,38,14,-1,37,14,38,-1,40,42,37,-1,42,40,43,-1,39,42,43,-1,43,33,39,-1,34,32,31,-1,31,27,35,-1,25,27,23,-1,35,27,26,-1,3,33,43,-1,27,0,23,-1,17,27,31,-1,17,31,5,-1,0,27,17,-1,5,33,3,-1,33,5,31,-1,11,3,43,-1,11,43,40,-1,
        ]
    }
}
Shape{
    appearance Appearance {
        material  Material 	{
            diffuseColor 0.2549019607843137 0.2549019607843137 0.2549019607843137
            specularColor 0.7529411764705882 0.7529411764705882 0.7529411764705882
            ambientIntensity 0.1176
            transparency 0.0
            shininess 0.5
        }
    }
    geometry IndexedFaceSet {
        ccw TRUE
        solid FALSE
        coord DEF co Coordinate {
            point [
                -0.5362 0.7877 2.9016, -0.4941 1.3583 2.9016, -0.4941 0.689 2.9016, -0.7106 1.3583 2.9016, -0.6686 0.7877 2.9016, -0.5732 0.7351 2.9016, -0.5524 0.7579 2.9016, -0.7106 0.689 2.9016, -0.6024 0.725 2.9016, -0.6524 0.7579 2.9016, -0.6316 0.7351 2.9016, -0.4941 0.689 1.5236, -0.4941 1.3583 1.5236, -1.4961 1.3583 1.1417, -1.9685 1.3583 0.0394, -1.9685 1.3583 5.3543, -1.9551 1.3583 5.4562, -1.9158 1.3583 5.5512, -1.8532 1.3583 5.6327, -1.4961 1.3583 5.315, -1.6767 1.3583 5.7346, -1.7717 1.3583 5.6953, -1.4961 1.3583 4.5276, -1.5748 1.3583 5.748, 1.9551 1.3583 5.4562, 1.9685 1.3583 5.3543, 1.9157 1.3583 5.5512, 1.4961 1.3583 5.315, 1.8532 1.3583 5.6327, 1.7716 1.3583 5.6953, 1.6767 1.3583 5.7346, 1.4961 1.3583 0.0394, 1.4961 1.3583 1.1417, 1.9685 1.3583 0.0394, 0.7106 1.3583 2.9016, 1.4961 1.3583 4.5276, -1.4961 1.3583 0.0394, -0.7106 1.3583 1.5236, 1.5748 1.3583 5.748, -0.3091 1.3583 1.5236, -0.0925 1.3583 1.5236, -0.3091 1.3583 2.9016, 0.0925 1.3583 1.5236, -0.0925 1.3583 2.9016, 0.0925 1.3583 2.9016, 0.309 1.3583 1.5236, 0.4941 1.3583 1.5236, 0.309 1.3583 2.9016, 0.4941 1.3583 2.9016, 0.7106 1.3583 1.5236, -0.2887 0.689 4.5276, 0.2887 0.689 4.5276, 0.8661 0.689 4.5276, 1.4961 0.689 4.5276, -0.8662 0.689 4.5276, -1.4961 0.689 4.5276, 0.8661 -2.8937 4.7835, 1.4961 -2.8937 4.7835, 0.8661 0.374 4.2126, 0.8661 -3.6614 4.2126, 0.8661 -3.6614 4.7835, 0.8661 0.689 3.8189, 0.8661 0.374 3.8189, -0.8662 0.689 3.8189, -0.3091 0.689 2.9016, -0.0925 0.689 2.9016, -1.4961 0.689 3.8189, -1.4961 0.689 1.5236, -0.7106 0.689 1.5236, -0.3091 0.689 1.5236, 0.0925 0.689 2.9016, -0.0925 0.689 1.5236, 0.0925 0.689 1.5236, 0.309 0.689 2.9016, 0.4941 0.689 2.9016, 0.309 0.689 1.5236, 0.4941 0.689 1.5236, 0.7106 0.689 2.9016, 0.7106 0.689 1.5236, 1.4961 0.689 1.5236, 1.4961 0.689 3.8189, 1.4961 0.374 3.8189, -1.4961 0.374 4.2126, -0.8662 0.374 3.8189, -0.8662 0.374 4.2126, -1.4961 0.374 3.8189, 1.4961 0.374 4.2126, -0.8662 -3.6614 4.2126, -1.4961 -3.6614 4.2126, -0.9646 -3.7598 4.311, -1.5945 -3.7598 4.311, -1.5945 -3.7598 0.0394, -1.9685 -3.7598 0.0394, 1.5748 -3.7598 5.748, 1.5945 -3.7598 4.311, 1.9685 -3.7598 5.3543, -0.5906 -3.7598 5.5512, 0.5905 -3.7598 5.5512, -1.5748 -3.7598 5.748, -1.9158 -3.7598 5.5512, -1.9551 -3.7598 5.4562, -1.9685 -3.7598 5.3543, 1.7716 -3.7598 5.6953, 1.6767 -3.7598 5.7346, -0.9646 -3.7598 4.8819, 0.9646 -3.7598 4.8819, 0.9646 -3.7598 4.311, 0.5905 -3.7598 4.8819, 1.9685 -3.7598 0.0394, 1.9157 -3.7598 5.5512, 1.9551 -3.7598 5.4562, 1.5945 -3.7598 0.0394, 1.8532 -3.7598 5.6327, -1.7717 -3.7598 5.6953, -1.8532 -3.7598 5.6327, -1.6767 -3.7598 5.7346, -0.5906 -3.7598 4.8819, -0.4921 -3.6614 5.5217, -0.4921 -3.6614 4.7835, -0.4921 -2.8937 4.7835, -0.4921 -2.9724 5.315, -0.4921 -2.8937 5.315, 0.4921 -3.6614 5.5217, 0.4921 -2.9724 5.315, 0.4921 -3.6614 4.7835, 0.4921 -2.8937 4.7835, -0.8662 -2.8937 4.7835, -1.4961 -2.8937 5.315, -1.4961 -2.8937 4.7835, 0.4921 -2.8937 5.315, 1.4961 -2.8937 5.315, -0.8662 -3.6614 4.7835, 1.4961 -3.6614 4.2126, 1.4961 -3.6614 0.0394, -1.4961 -3.6614 0.0394, -1.9685 -1.3976 0.9055, -1.9685 -1.7913 0.4331, -1.9685 -1.7913 0.0394, -1.9685 -1.0039 0.4331, -1.9685 -1.0039 0.0394, -2.0704 -1.0174 0.4331, -2.0704 -1.7779 0.4331, -2.1654 -1.0567 0.4331, -2.2469 -1.1193 0.4331, -2.3095 -1.2008 0.4331, -2.3488 -1.2957 0.4331, -2.3622 -1.3976 0.4331, -2.3488 -1.4995 0.4331, -2.2469 -1.676 0.4331, -2.3095 -1.5945 0.4331, -2.1654 -1.7386 0.4331, -1.6283 -1.5957 -0.5905, -1.6901 -1.676 0.0394, -1.6917 -1.6775 -0.5905, -1.8701 -1.7788 -0.5905, -1.7742 -1.74 -0.5905, -1.8666 -1.7779 0.0394, -1.9187 -1.7882 -0.0923, -1.5882 -1.4995 0.0394, -1.5884 -1.5002 -0.5905, -1.5748 -1.3976 -0.5905, -1.6276 -1.5945 0.0394, -1.5748 -1.3976 0.0394, -1.7717 -1.7386 0.0394, -1.8701 -1.7788 -0.1772, -2.0669 -1.7788 -0.5905, -2.0669 -1.7788 -0.1772, -2.2454 -1.6775 -0.5905, -2.1629 -1.74 -0.5905, -2.3088 -1.5957 -0.5905, -2.3622 -1.3976 -0.5905, -2.3486 -1.5002 -0.5905, -2.0164 -1.7884 -0.0912, -2.0533 -1.7821 -0.1272, -1.9674 -1.7913 -0.0787, -1.8831 -1.782 -0.1283, -1.8701 -1.0985 -1.1811, -1.8701 -1.7434 -1.0832, -1.8701 -1.0519 -1.0832, -1.8701 -1.7913 -0.9812, -1.8701 -1.0039 -0.5905, -1.8701 -1.0039 -0.9812, -1.8701 -1.0164 -0.5905, -1.8701 -1.0164 -0.1772, -1.8701 -1.7913 -0.5905, -1.8701 -1.6968 -1.1811, -2.1418 -1.7913 -0.9277, -2.0669 -1.7913 -0.9812, -2.0669 -1.7913 -0.5905, -2.2176 -1.7913 -0.8491, -2.2955 -1.7913 -0.5905, -2.2955 -1.7913 -0.748, -1.7195 -1.7913 -0.8491, -1.6415 -1.7913 -0.748, -1.6415 -1.7913 -0.5905, -1.7953 -1.7913 -0.9277, -2.2653 -1.2922 -1.1811, -2.4445 -1.2096 -0.748, -2.2339 -1.2282 -1.1811, -2.4445 -1.5856 -0.748, -2.2336 -1.5677 -1.1811, -2.383 -1.6979 -0.748, -2.4763 -1.4616 -0.748, -2.2813 -1.434 -1.1811, -2.2651 -1.5034 -1.1811, -2.2814 -1.3623 -1.1811, -2.2955 -1.0039 -0.748, -2.1889 -1.1728 -1.1811, -2.383 -1.0974 -0.748, -2.1323 -1.1286 -1.1811, -2.0669 -1.0519 -1.0832, -2.0669 -1.0985 -1.1811, -2.1419 -1.0039 -0.9276, -2.2177 -1.0039 -0.849, -2.0669 -1.0039 -0.9812, -2.4763 -1.3336 -0.748, -2.1881 -1.6234 -1.1811, -2.1323 -1.6666 -1.1811, -2.0669 -1.6968 -1.1811, -2.0669 -1.7434 -1.0832, -1.8047 -1.6666 -1.1811, -1.7481 -1.6225 -1.1811, -1.6717 -1.503 -1.1811, -1.4607 -1.4616 -0.748, -1.4925 -1.5856 -0.748, -1.7031 -1.5671 -1.1811, -1.554 -1.6979 -0.748, -1.4925 -1.2096 -0.748, -1.6719 -1.2919 -1.1811, -1.7034 -1.2276 -1.1811, -1.4607 -1.3336 -0.748, -1.6556 -1.4329 -1.1811, -1.6558 -1.3613 -1.1811, -1.6415 -1.0039 -0.748, -1.8047 -1.1286 -1.1811, -1.7193 -1.0039 -0.849, -1.7489 -1.1719 -1.1811, -1.554 -1.0974 -0.748, -1.7952 -1.0039 -0.9276, -2.0669 -1.0164 -0.1772, -2.0669 -1.0164 -0.5905, -2.0669 -1.0039 -0.5905, -2.3486 -1.295 -0.5905, -2.4763 -1.3336 -0.5905, -2.4445 -1.5856 -0.5905, -2.383 -1.6979 -0.5905, -2.4763 -1.4616 -0.5905, -2.383 -1.0974 -0.5905, -2.4445 -1.2096 -0.5905, -2.3087 -1.1995 -0.5905, -2.1629 -1.0553 -0.5905, -2.2955 -1.0039 -0.5905, -2.2454 -1.1177 -0.5905, -1.6283 -1.1995 -0.5905, -1.554 -1.0974 -0.5905, -1.6415 -1.0039 -0.5905, -1.4925 -1.2096 -0.5905, -1.5884 -1.295 -0.5905, -1.4607 -1.3336 -0.5905, -1.554 -1.6979 -0.5905, -1.7742 -1.0553 -0.5905, -1.6917 -1.1177 -0.5905, -1.4925 -1.5856 -0.5905, -1.4607 -1.4616 -0.5905, -2.0184 -1.0071 -0.0923, -1.9697 -1.0039 -0.0787, -1.8666 -1.0174 0.0394, -1.6276 -1.2008 0.0394, -1.6901 -1.1193 0.0394, -1.7717 -1.0567 0.0394, -1.5882 -1.2957 0.0394, -1.9207 -1.0069 -0.0911, -1.8837 -1.0132 -0.1272, -2.054 -1.0133 -0.1285, 1.9685 -1.3976 0.9055, 1.9685 -1.7913 0.0394, 1.9685 -1.7913 0.4331, 1.9685 -1.0039 0.0394, 1.9685 -1.0039 0.4331, 2.0704 -1.7779 0.4331, 2.1653 -1.7386 0.4331, 2.2469 -1.676 0.4331, 2.3094 -1.5945 0.4331, 2.3488 -1.4995 0.4331, 2.3622 -1.3976 0.4331, 2.3094 -1.2008 0.4331, 2.3488 -1.2957 0.4331, 2.1653 -1.0567 0.4331, 2.2469 -1.1193 0.4331, 2.0704 -1.0174 0.4331, 1.9187 -1.0071 -0.0922, 1.8666 -1.0174 0.0394, 1.8701 -1.0164 -0.5905, 1.7741 -1.0553 -0.5905, 1.5882 -1.2957 0.0394, 1.6275 -1.2008 0.0394, 1.5884 -1.295 -0.5905, 1.6283 -1.1995 -0.5905, 1.6901 -1.1193 0.0394, 1.6916 -1.1177 -0.5905, 1.5748 -1.3976 -0.5905, 1.5748 -1.3976 0.0394, 1.7716 -1.0567 0.0394, 1.8701 -1.0164 -0.1772, 2.0669 -1.0164 -0.1772, 2.0669 -1.0164 -0.5905, 2.2454 -1.1177 -0.5905, 2.1629 -1.0553 -0.5905, 2.3087 -1.1995 -0.5905, 2.3622 -1.3976 -0.5905, 2.3486 -1.295 -0.5905, 2.0164 -1.0069 -0.0912, 1.9674 -1.0039 -0.0787, 2.0533 -1.0132 -0.1272, 1.8831 -1.0133 -0.1283, 1.8701 -1.0519 -1.0832, 1.8701 -1.0039 -0.9812, 1.8701 -1.7434 -1.0832, 1.8701 -1.6968 -1.1811, 1.8701 -1.0985 -1.1811, 1.8701 -1.0039 -0.5905, 1.8701 -1.7788 -0.5905, 1.8701 -1.7788 -0.1772, 1.8701 -1.7913 -0.9812, 1.8701 -1.7913 -0.5905, 2.2176 -1.7913 -0.849, 2.2955 -1.7913 -0.5905, 2.0669 -1.7913 -0.5905, 2.0669 -1.7913 -0.9812, 2.1418 -1.7913 -0.9276, 2.2955 -1.7913 -0.748, 1.7194 -1.7913 -0.8491, 1.6415 -1.7913 -0.5905, 1.6415 -1.7913 -0.748, 1.7952 -1.7913 -0.9277, 2.0669 -1.6968 -1.1811, 2.1323 -1.6666 -1.1811, 2.1881 -1.6234 -1.1811, 2.0669 -1.7434 -1.0832, 2.2651 -1.5034 -1.1811, 2.4763 -1.4616 -0.748, 2.4445 -1.5856 -0.748, 2.2336 -1.5677 -1.1811, 2.383 -1.6979 -0.748, 2.4445 -1.2096 -0.748, 2.2653 -1.2922 -1.1811, 2.2339 -1.2282 -1.1811, 2.4763 -1.3336 -0.748, 2.2813 -1.434 -1.1811, 2.2814 -1.3623 -1.1811, 2.2955 -1.0039 -0.748, 2.1323 -1.1286 -1.1811, 2.2177 -1.0039 -0.8489, 2.1889 -1.1728 -1.1811, 2.383 -1.0974 -0.748, 2.1419 -1.0039 -0.9275, 2.0669 -1.0985 -1.1811, 2.0669 -1.0519 -1.0832, 2.0669 -1.0039 -0.9812, 1.6719 -1.2919 -1.1811, 1.4925 -1.2096 -0.748, 1.7034 -1.2276 -1.1811, 1.4925 -1.5856 -0.748, 1.7031 -1.5671 -1.1811, 1.554 -1.6979 -0.748, 1.4607 -1.4616 -0.748, 1.6556 -1.4329 -1.1811, 1.6717 -1.503 -1.1811, 1.6557 -1.3613 -1.1811, 1.6415 -1.0039 -0.748, 1.7489 -1.1719 -1.1811, 1.554 -1.0974 -0.748, 1.8047 -1.1286 -1.1811, 1.7951 -1.0039 -0.9276, 1.7193 -1.0039 -0.8489, 1.4607 -1.3336 -0.748, 1.7481 -1.6225 -1.1811, 1.8047 -1.6666 -1.1811, 2.4445 -1.5856 -0.5905, 2.383 -1.6979 -0.5905, 2.4763 -1.3336 -0.5905, 2.4445 -1.2096 -0.5905, 2.4763 -1.4616 -0.5905, 2.383 -1.0974 -0.5905, 2.2955 -1.0039 -0.5905, 2.1629 -1.74 -0.5905, 2.0669 -1.7788 -0.5905, 2.3087 -1.5957 -0.5905, 2.2454 -1.6775 -0.5905, 2.3486 -1.5002 -0.5905, 2.0669 -1.0039 -0.5905, 1.6415 -1.0039 -0.5905, 1.6916 -1.6775 -0.5905, 1.6283 -1.5957 -0.5905, 1.4925 -1.2096 -0.5905, 1.4607 -1.3336 -0.5905, 1.4607 -1.4616 -0.5905, 1.5884 -1.5002 -0.5905, 1.554 -1.6979 -0.5905, 1.4925 -1.5856 -0.5905, 1.7741 -1.74 -0.5905, 1.554 -1.0974 -0.5905, 2.0669 -1.7788 -0.1772, 1.8837 -1.7821 -0.1272, 1.9207 -1.7884 -0.0911, 1.9697 -1.7913 -0.0787, 2.0184 -1.7882 -0.0923, 2.054 -1.7819 -0.1284, 1.7716 -1.7386 0.0394, 1.6901 -1.676 0.0394, 1.8666 -1.7779 0.0394, 1.6275 -1.5945 0.0394, 1.5882 -1.4995 0.0394, 0.6686 0.7877 2.9016, 0.5361 0.7877 2.9016, 0.6315 0.7352 2.9014, 0.6524 0.7579 2.9016, 0.6024 0.725 2.9016, 0.5523 0.7579 2.9016, 0.5732 0.7352 2.9014
            ]
        }
        coordIndex [
            0,1,2,-1,0,3,1,-1,3,0,4,-1,5,6,2,-1,2,6,0,-1,7,8,2,-1,2,8,5,-1,9,10,7,-1,7,10,8,-1,3,4,7,-1,7,4,9,-1,1,11,2,-1,1,12,11,-1,13,14,15,-1,15,16,17,-1,17,18,19,-1,20,19,21,-1,19,18,21,-1,1,3,22,-1,19,20,23,-1,24,25,26,-1,27,28,26,-1,26,25,27,-1,28,27,29,-1,30,29,27,-1,31,32,33,-1,34,35,32,-1,32,25,33,-1,32,35,25,-1,13,36,14,-1,13,37,12,-1,27,19,38,-1,12,39,13,-1,3,37,13,-1,27,38,30,-1,15,22,13,-1,39,40,13,-1,1,41,12,-1,40,42,13,-1,41,39,12,-1,1,22,41,-1,43,41,22,-1,13,42,32,-1,43,44,40,-1,32,42,45,-1,44,42,40,-1,43,22,35,-1,43,35,44,-1,32,45,46,-1,47,48,45,-1,32,46,49,-1,48,46,45,-1,49,34,32,-1,47,44,35,-1,48,47,35,-1,13,22,3,-1,19,15,17,-1,48,35,34,-1,25,35,27,-1,38,19,23,-1,15,19,22,-1,50,51,35,-1,52,53,35,-1,50,22,54,-1,22,50,35,-1,54,22,55,-1,51,52,35,-1,52,56,57,-1,57,53,52,-1,56,58,59,-1,56,59,60,-1,61,62,58,-1,56,52,58,-1,61,58,52,-1,50,54,63,-1,64,65,63,-1,66,67,7,-1,67,68,7,-1,64,63,2,-1,63,7,2,-1,7,63,66,-1,63,65,50,-1,11,69,2,-1,70,50,65,-1,2,69,64,-1,70,51,50,-1,71,72,65,-1,73,61,70,-1,65,72,70,-1,74,61,73,-1,75,76,73,-1,51,70,61,-1,73,76,74,-1,77,78,79,-1,77,61,74,-1,79,80,77,-1,61,52,51,-1,77,80,61,-1,80,81,62,-1,80,62,61,-1,82,83,84,-1,83,82,85,-1,58,62,81,-1,58,81,86,-1,87,88,82,-1,82,84,87,-1,89,88,87,-1,88,89,90,-1,91,90,92,-1,93,94,95,-1,96,97,98,-1,99,100,101,-1,95,102,103,-1,90,104,98,-1,105,106,94,-1,97,107,105,-1,94,108,95,-1,109,95,110,-1,94,111,108,-1,112,102,95,-1,112,95,109,-1,105,94,93,-1,103,93,95,-1,93,97,105,-1,93,98,97,-1,101,113,114,-1,99,101,114,-1,101,115,113,-1,101,90,98,-1,98,115,101,-1,92,90,101,-1,89,104,90,-1,104,116,96,-1,96,98,104,-1,116,117,96,-1,117,116,118,-1,119,120,118,-1,120,119,121,-1,120,117,118,-1,117,120,122,-1,122,97,117,-1,120,123,122,-1,97,96,117,-1,122,124,107,-1,122,107,97,-1,60,105,107,-1,60,107,124,-1,56,60,124,-1,56,124,125,-1,121,126,127,-1,126,128,127,-1,121,119,126,-1,129,56,125,-1,129,130,56,-1,130,57,56,-1,54,55,128,-1,54,128,126,-1,55,19,128,-1,55,22,19,-1,19,127,128,-1,121,127,19,-1,121,19,129,-1,120,121,123,-1,130,129,27,-1,19,27,129,-1,121,129,123,-1,57,130,27,-1,57,27,53,-1,27,35,53,-1,123,125,124,-1,123,129,125,-1,124,122,123,-1,84,83,63,-1,87,126,131,-1,84,126,87,-1,63,54,84,-1,126,84,54,-1,119,118,131,-1,119,131,126,-1,116,131,118,-1,131,116,104,-1,131,104,89,-1,131,89,87,-1,63,83,85,-1,63,85,66,-1,106,60,59,-1,60,106,105,-1,132,94,106,-1,132,106,59,-1,132,59,58,-1,58,86,132,-1,111,94,132,-1,111,132,133,-1,88,91,134,-1,91,88,90,-1,15,14,135,-1,135,136,92,-1,135,101,15,-1,136,137,92,-1,92,101,135,-1,135,14,138,-1,14,139,138,-1,138,140,135,-1,136,135,141,-1,135,142,143,-1,140,142,135,-1,135,144,145,-1,143,144,135,-1,145,146,135,-1,147,135,146,-1,148,135,149,-1,135,147,149,-1,141,135,150,-1,135,148,150,-1,151,152,153,-1,154,155,156,-1,157,156,137,-1,158,159,160,-1,158,161,159,-1,151,159,161,-1,158,160,162,-1,152,151,161,-1,153,163,155,-1,153,152,163,-1,154,156,164,-1,163,156,155,-1,165,166,141,-1,150,167,168,-1,149,169,148,-1,150,148,167,-1,147,170,171,-1,171,149,147,-1,146,170,147,-1,167,148,169,-1,171,169,149,-1,168,165,141,-1,141,150,168,-1,172,141,173,-1,137,172,174,-1,172,137,136,-1,141,166,173,-1,141,172,136,-1,156,157,175,-1,137,174,157,-1,164,156,175,-1,176,177,178,-1,177,179,154,-1,180,181,182,-1,178,182,181,-1,182,178,154,-1,182,164,183,-1,164,182,154,-1,184,154,179,-1,154,178,177,-1,177,176,185,-1,186,187,188,-1,186,188,189,-1,190,189,188,-1,189,190,191,-1,192,193,194,-1,184,195,192,-1,194,184,192,-1,195,184,179,-1,196,197,198,-1,199,200,201,-1,202,203,204,-1,202,205,203,-1,206,207,208,-1,207,206,209,-1,210,211,212,-1,209,212,211,-1,209,213,212,-1,209,206,213,-1,212,214,210,-1,198,197,208,-1,198,208,207,-1,215,196,205,-1,215,197,196,-1,199,202,204,-1,215,205,202,-1,200,216,201,-1,204,200,199,-1,217,191,216,-1,201,216,191,-1,189,217,186,-1,189,191,217,-1,217,218,186,-1,187,186,219,-1,218,219,186,-1,185,220,195,-1,221,193,220,-1,177,195,179,-1,177,185,195,-1,193,192,220,-1,220,192,195,-1,222,223,224,-1,221,225,226,-1,227,228,229,-1,230,231,232,-1,233,234,235,-1,229,236,237,-1,238,176,178,-1,234,176,238,-1,181,238,178,-1,233,236,234,-1,234,238,235,-1,236,233,237,-1,230,228,227,-1,237,227,229,-1,230,223,231,-1,230,232,228,-1,222,224,225,-1,231,223,222,-1,221,226,193,-1,225,224,226,-1,219,165,187,-1,239,166,165,-1,165,188,187,-1,165,240,239,-1,214,240,210,-1,240,214,241,-1,210,240,219,-1,210,218,211,-1,240,165,219,-1,218,210,219,-1,188,165,168,-1,242,243,170,-1,190,168,167,-1,171,244,245,-1,245,190,169,-1,170,246,171,-1,242,247,248,-1,247,242,249,-1,250,251,252,-1,249,251,247,-1,250,241,251,-1,250,240,241,-1,248,243,242,-1,249,252,251,-1,246,170,243,-1,246,244,171,-1,245,169,171,-1,190,167,169,-1,168,190,188,-1,253,254,255,-1,256,254,257,-1,256,257,258,-1,194,259,151,-1,254,253,257,-1,260,261,255,-1,182,260,180,-1,184,155,154,-1,194,151,153,-1,259,262,159,-1,180,260,255,-1,261,253,255,-1,160,258,257,-1,258,160,263,-1,263,159,262,-1,160,159,263,-1,259,159,151,-1,194,153,155,-1,155,184,194,-1,244,199,201,-1,191,190,245,-1,215,248,197,-1,243,202,246,-1,208,247,251,-1,247,208,197,-1,243,248,215,-1,208,251,206,-1,197,248,247,-1,202,199,246,-1,215,202,243,-1,244,201,245,-1,246,199,244,-1,191,245,201,-1,213,206,251,-1,241,212,213,-1,251,241,213,-1,212,241,214,-1,238,181,180,-1,238,180,235,-1,255,235,180,-1,235,255,233,-1,226,194,193,-1,230,263,223,-1,224,262,259,-1,254,256,237,-1,258,227,256,-1,233,255,254,-1,254,237,233,-1,230,227,258,-1,256,227,237,-1,263,262,223,-1,258,263,230,-1,224,259,226,-1,223,262,224,-1,194,226,259,-1,249,143,252,-1,240,250,140,-1,264,140,138,-1,265,138,139,-1,145,242,170,-1,145,144,242,-1,249,242,144,-1,145,170,146,-1,143,249,144,-1,252,142,250,-1,252,143,142,-1,240,140,239,-1,142,140,250,-1,265,264,138,-1,266,182,183,-1,267,253,268,-1,261,260,269,-1,270,160,257,-1,257,267,270,-1,162,160,270,-1,261,268,253,-1,257,253,267,-1,269,260,266,-1,268,261,269,-1,182,266,260,-1,271,265,139,-1,266,271,139,-1,266,272,271,-1,266,183,272,-1,140,264,273,-1,239,140,273,-1,272,183,175,-1,157,271,272,-1,175,157,272,-1,175,183,164,-1,157,174,271,-1,265,271,174,-1,172,265,174,-1,172,173,264,-1,264,265,172,-1,166,273,173,-1,264,173,273,-1,166,239,273,-1,203,205,196,-1,198,204,196,-1,203,196,204,-1,200,204,198,-1,216,200,207,-1,198,207,200,-1,209,216,207,-1,217,209,211,-1,209,217,216,-1,217,211,218,-1,222,232,231,-1,220,234,236,-1,222,225,228,-1,228,232,222,-1,229,225,221,-1,225,229,228,-1,236,229,221,-1,185,234,220,-1,220,236,221,-1,185,176,234,-1,114,113,18,-1,21,113,115,-1,113,21,18,-1,98,20,115,-1,21,115,20,-1,23,20,98,-1,17,114,18,-1,17,16,99,-1,99,114,17,-1,100,16,15,-1,16,100,99,-1,100,15,101,-1,23,93,38,-1,93,23,98,-1,28,29,112,-1,102,29,30,-1,29,102,112,-1,38,103,30,-1,102,30,103,-1,93,103,38,-1,109,28,112,-1,109,110,26,-1,26,28,109,-1,24,110,95,-1,110,24,26,-1,24,95,25,-1,95,274,25,-1,274,33,25,-1,108,275,276,-1,277,33,278,-1,276,274,108,-1,95,108,274,-1,274,278,33,-1,274,276,279,-1,279,280,274,-1,274,281,282,-1,280,281,274,-1,274,283,284,-1,282,283,274,-1,285,274,286,-1,274,284,286,-1,287,274,288,-1,274,285,288,-1,278,274,289,-1,274,287,289,-1,277,290,291,-1,291,292,293,-1,294,295,296,-1,297,298,299,-1,300,301,294,-1,294,296,300,-1,297,296,295,-1,298,297,295,-1,299,302,293,-1,299,298,302,-1,292,291,303,-1,302,291,293,-1,304,289,305,-1,287,306,307,-1,285,308,288,-1,288,306,287,-1,286,309,310,-1,310,285,286,-1,284,309,286,-1,308,306,288,-1,310,308,285,-1,287,307,289,-1,277,311,312,-1,307,305,289,-1,289,313,311,-1,311,277,278,-1,289,304,313,-1,289,311,278,-1,291,290,314,-1,277,312,290,-1,303,291,314,-1,292,315,316,-1,317,318,319,-1,315,317,319,-1,292,316,320,-1,292,321,315,-1,321,317,315,-1,292,303,322,-1,317,321,323,-1,292,322,321,-1,321,324,323,-1,325,326,327,-1,327,328,329,-1,329,325,327,-1,325,330,326,-1,331,324,332,-1,331,332,333,-1,331,334,324,-1,324,334,323,-1,335,336,329,-1,337,330,336,-1,338,329,328,-1,338,335,329,-1,330,325,336,-1,336,325,329,-1,339,340,341,-1,337,342,343,-1,344,345,346,-1,347,348,349,-1,350,351,352,-1,346,353,354,-1,355,356,357,-1,351,356,355,-1,358,355,357,-1,350,353,351,-1,351,355,352,-1,353,350,354,-1,347,345,344,-1,354,344,346,-1,347,340,348,-1,347,349,345,-1,339,341,342,-1,348,340,339,-1,337,343,330,-1,342,341,343,-1,359,360,361,-1,362,363,364,-1,365,366,367,-1,365,368,366,-1,369,370,371,-1,370,369,372,-1,315,319,373,-1,372,373,319,-1,372,374,373,-1,372,369,374,-1,373,316,315,-1,361,360,371,-1,361,371,370,-1,375,359,368,-1,375,360,359,-1,362,365,367,-1,375,368,365,-1,363,376,364,-1,367,363,362,-1,377,333,376,-1,364,376,333,-1,331,377,334,-1,331,333,377,-1,377,318,334,-1,323,334,317,-1,318,317,334,-1,341,378,379,-1,326,330,343,-1,380,344,381,-1,347,382,340,-1,383,354,350,-1,354,383,381,-1,381,344,354,-1,383,350,384,-1,378,340,382,-1,380,347,344,-1,380,382,347,-1,341,340,378,-1,326,343,379,-1,379,343,341,-1,385,386,327,-1,310,309,380,-1,387,326,379,-1,388,385,326,-1,309,389,382,-1,378,389,379,-1,310,381,383,-1,383,308,310,-1,307,306,384,-1,308,383,384,-1,307,384,390,-1,307,390,305,-1,381,310,380,-1,308,384,306,-1,382,380,309,-1,382,389,378,-1,379,389,387,-1,326,387,388,-1,326,385,327,-1,320,391,293,-1,293,292,320,-1,293,391,299,-1,332,392,393,-1,296,394,395,-1,299,391,297,-1,395,396,300,-1,397,300,396,-1,393,398,332,-1,397,399,398,-1,400,324,321,-1,400,392,332,-1,324,400,332,-1,393,397,398,-1,399,397,396,-1,296,395,300,-1,296,297,401,-1,296,401,394,-1,297,391,401,-1,305,357,338,-1,386,338,328,-1,304,386,402,-1,386,304,305,-1,358,357,305,-1,305,390,358,-1,356,335,357,-1,338,357,335,-1,386,305,338,-1,386,328,327,-1,339,345,348,-1,356,336,335,-1,339,342,346,-1,353,337,351,-1,349,348,345,-1,342,353,346,-1,339,346,345,-1,353,342,337,-1,356,351,336,-1,336,351,337,-1,370,377,376,-1,363,359,361,-1,318,372,319,-1,359,367,368,-1,366,368,367,-1,359,363,367,-1,361,370,376,-1,361,376,363,-1,318,377,372,-1,372,377,370,-1,352,390,384,-1,352,384,350,-1,352,355,390,-1,390,355,358,-1,374,391,320,-1,320,316,373,-1,373,374,320,-1,374,369,391,-1,398,333,332,-1,395,365,396,-1,399,362,364,-1,371,360,401,-1,375,394,360,-1,391,369,371,-1,371,401,391,-1,395,394,375,-1,360,394,401,-1,365,362,396,-1,375,365,395,-1,399,364,398,-1,396,362,399,-1,333,398,364,-1,403,322,314,-1,290,404,403,-1,314,290,403,-1,314,322,303,-1,290,312,404,-1,405,404,312,-1,311,405,312,-1,311,313,406,-1,406,405,311,-1,304,407,313,-1,406,313,407,-1,304,402,407,-1,276,406,279,-1,279,386,385,-1,276,275,405,-1,392,408,409,-1,283,282,389,-1,387,281,388,-1,309,284,283,-1,283,389,309,-1,387,389,282,-1,281,387,282,-1,388,280,385,-1,388,281,280,-1,386,279,402,-1,280,279,385,-1,322,410,321,-1,405,406,276,-1,411,393,409,-1,392,400,408,-1,412,300,397,-1,397,411,412,-1,301,300,412,-1,408,400,410,-1,392,409,393,-1,397,393,411,-1,410,400,321,-1,404,405,275,-1,410,404,275,-1,410,403,404,-1,410,322,403,-1,279,406,407,-1,402,279,407,-1,78,34,49,-1,78,77,34,-1,34,413,48,-1,34,77,413,-1,48,413,414,-1,415,416,77,-1,77,416,413,-1,74,417,77,-1,77,417,415,-1,418,419,74,-1,74,419,417,-1,48,414,74,-1,74,414,418,-1,74,46,48,-1,74,76,46,-1,
        ]
    }
}
Shape{
    appearance Appearance {
        material  Material 	{
            diffuseColor 0.8823529411764706 0.8823529411764706 0.8823529411764706
            specularColor 0.7529411764705882 0.7529411764705882 0.7529411764705882
            ambientIntensity 0.1176
            transparency 0.0
            shininess 0.5
        }
    }
    geometry IndexedFaceSet {
        ccw TRUE
        solid FALSE
        coord DEF co Coordinate {
            point [
                0.6893 0.8046 2.869, 0.5133 0.8229 2.8335, 0.5154 0.8046 2.869, 0.5613 0.8531 2.7751, 0.6434 0.8531 2.7751, 0.6024 0.8577 2.7663, 0.674 0.8413 2.7979, 0.5294 0.8406 2.7993, 0.6911 0.8238 2.8317, 0.6686 0.7877 2.9016, 0.5361 0.7877 2.9016, 0.6677 -1.6045 1.5237, 0.6523 -1.5768 1.5236, 0.6874 -1.6732 1.5236, 0.6808 -2.1733 1.3509, 0.6321 -1.5547 1.5237, 0.6929 -2.1525 1.3107, 0.6024 -1.5439 1.5236, 0.6808 -2.1317 1.2704, 0.6683 -1.6732 1.4886, 0.6793 -1.6368 1.5237, 0.6476 -2.1885 1.3803, 0.6315 0.7352 2.9014, 0.6024 -2.1941 1.3911, 0.6524 0.7579 2.9016, 0.6024 0.725 2.9016, 0.6476 -2.1165 1.241, 0.6403 -1.6732 1.4658, 0.6024 -2.1109 1.2302, 0.6024 -1.6732 1.4567
            ]
        }
        coordIndex [
            0,1,2,-1,3,4,5,-1,6,3,7,-1,6,7,8,-1,4,3,6,-1,8,1,0,-1,1,8,7,-1,9,0,2,-1,9,2,10,-1,6,11,12,-1,8,13,6,-1,9,14,0,-1,15,4,12,-1,6,12,4,-1,0,14,16,-1,13,8,16,-1,15,17,5,-1,5,4,15,-1,16,18,13,-1,19,13,18,-1,20,11,6,-1,20,6,13,-1,9,21,14,-1,8,0,16,-1,22,23,21,-1,21,24,22,-1,25,23,22,-1,21,9,24,-1,26,27,19,-1,28,29,27,-1,27,26,28,-1,18,26,19,-1,
        ]
    }
}
Shape{
    appearance Appearance {
        material  Material 	{
            diffuseColor 0.2549019607843137 0.2549019607843137 0.2549019607843137
            specularColor 0.7529411764705882 0.7529411764705882 0.7529411764705882
            ambientIntensity 0.1176
            transparency 0.0
            shininess 0.5
        }
    }
    geometry IndexedFaceSet {
        ccw TRUE
        solid FALSE
        coord DEF co Coordinate {
            point [
                0.4941 -1.6732 0.6102, 0.7106 -1.6732 0.5, 0.7106 -1.6732 0.6102, 0.4941 -1.6732 0.5, 0.6024 -1.6732 1.4567, 0.5645 -1.6733 1.466, 0.4941 -1.6732 1.1417, 0.7106 -1.6732 1.5236, 0.6874 -1.6732 1.5236, 0.6683 -1.6732 1.4886, 0.7106 -1.6732 1.1417, 0.5365 -1.6732 1.4887, 0.4941 -1.6732 1.5236, 0.5173 -1.6732 1.5236, 0.6403 -1.6732 1.4658, 0.7106 -0.6496 0.6102, 0.4941 -0.6496 0.6102, 0.7106 -0.6496 0.2362, 0.4941 -0.6496 0.2362, 0.4941 -2.4606 1.5236, 0.4941 -2.4606 0.5, 0.4941 0.7677 0.2362, 0.4941 0.7677 1.1417, -1.4961 1.3583 1.1417, -0.7106 0.7677 1.1417, -1.4961 0.7677 1.1417, -0.3091 -1.6732 1.1417, -0.0925 0.7677 1.1417, -0.0925 -1.6732 1.1417, 1.4961 1.3583 1.1417, -0.3091 0.7677 1.1417, -0.4941 0.7677 1.1417, 0.0925 0.7677 1.1417, 0.0925 -1.6732 1.1417, 0.309 0.7677 1.1417, 0.309 -1.6732 1.1417, 0.7106 0.7677 1.1417, 1.4961 0.7677 1.1417, -0.7106 -1.6732 1.1417, -0.4941 -1.6732 1.1417, 0.7106 0.7677 0.2362, 1.4961 0.7677 0.2362, 0.309 0.7677 0.2362, -0.0925 0.7677 0.2362, 0.0925 0.7677 0.2362, -0.3091 0.7677 0.2362, -0.4941 0.7677 0.2362, -0.7106 0.7677 0.2362, -1.4961 0.7677 0.2362, 0.309 0.3504 0.2362, 0.309 0.3504 0.6102, 0.309 -1.6732 0.6102, 0.309 -2.4606 0.5, 0.309 -2.4606 1.5236, 0.309 -1.6732 1.5236, 0.309 -1.6732 0.5, 0.0925 -2.4606 0.5, 0.0925 -1.6732 0.5, 0.0925 -2.4606 1.5236, 0.0925 0.3504 0.6102, 0.0925 0.3504 0.2362, 0.0925 -1.6732 0.6102, 0.0925 -1.6732 1.5236, 0.2008 -1.6732 1.4567, 0.1629 -1.6733 1.466, 0.2858 -1.6732 1.5236, 0.2666 -1.6732 1.4887, 0.1349 -1.6732 1.4887, 0.1157 -1.6732 1.5236, 0.2386 -1.6733 1.466
            ]
        }
        coordIndex [
            0,1,2,-1,1,0,3,-1,4,5,6,-1,7,8,9,-1,9,10,7,-1,11,12,6,-1,11,6,5,-1,12,11,13,-1,10,4,6,-1,4,10,14,-1,10,9,14,-1,2,15,16,-1,16,0,2,-1,17,18,16,-1,16,15,17,-1,19,20,6,-1,21,16,18,-1,6,16,22,-1,21,22,16,-1,6,20,0,-1,16,6,0,-1,0,20,3,-1,6,12,19,-1,23,24,25,-1,26,27,28,-1,27,23,29,-1,30,31,23,-1,29,32,27,-1,33,34,35,-1,29,22,34,-1,34,32,29,-1,26,30,27,-1,6,36,10,-1,29,37,36,-1,22,29,36,-1,33,32,34,-1,23,27,30,-1,6,22,36,-1,31,38,24,-1,23,31,24,-1,38,31,39,-1,37,40,36,-1,37,41,40,-1,22,21,42,-1,42,34,22,-1,32,43,27,-1,32,44,43,-1,30,45,46,-1,46,31,30,-1,24,47,48,-1,48,25,24,-1,49,50,42,-1,51,52,35,-1,50,51,35,-1,35,34,50,-1,42,50,34,-1,53,35,52,-1,35,53,54,-1,51,55,52,-1,56,52,55,-1,55,57,56,-1,58,56,33,-1,44,59,60,-1,33,59,32,-1,44,32,59,-1,33,56,61,-1,59,33,61,-1,61,56,57,-1,33,62,58,-1,61,55,51,-1,55,61,57,-1,63,64,33,-1,54,65,66,-1,66,35,54,-1,67,62,33,-1,67,33,64,-1,62,67,68,-1,35,63,33,-1,63,35,69,-1,35,66,69,-1,51,50,59,-1,59,61,51,-1,49,60,59,-1,59,50,49,-1,
        ]
    }
}
Shape{
    appearance Appearance {
        material  Material 	{
            diffuseColor 0.8823529411764706 0.8823529411764706 0.8823529411764706
            specularColor 0.7529411764705882 0.7529411764705882 0.7529411764705882
            ambientIntensity 0.1176
            transparency 0.0
            shininess 0.5
        }
    }
    geometry IndexedFaceSet {
        ccw TRUE
        solid FALSE
        coord DEF co Coordinate {
            point [
                0.2724 0.8413 2.7979, 0.2661 -1.6045 1.5237, 0.2508 -1.5768 1.5236, 0.2896 0.8238 2.8317, 0.2858 -1.6732 1.5236, 0.267 0.7877 2.9016, 0.2792 -2.1733 1.3509, 0.2878 0.8046 2.869, 0.2306 -1.5547 1.5237, 0.2418 0.8531 2.7751, 0.2913 -2.1525 1.3107, 0.2008 -1.5439 1.5236, 0.2008 0.8577 2.7663, 0.2792 -2.1317 1.2704, 0.2666 -1.6732 1.4887, 0.2777 -1.6368 1.5237, 0.2461 -2.1885 1.3803, 0.23 0.7351 2.9016, 0.2008 -2.1941 1.3911, 0.2508 0.7579 2.9016, 0.2008 0.725 2.9016, 0.2461 -2.1165 1.241, 0.2386 -1.6733 1.466, 0.2008 -2.1109 1.2302, 0.2008 -1.6732 1.4567, 0.1117 0.8229 2.8335, 0.1157 -1.6732 1.5236, 0.1102 -2.1525 1.3107, 0.1555 -2.1165 1.241, 0.1349 -1.6732 1.4887, 0.1629 -1.6733 1.466, 0.1224 -2.1733 1.3509, 0.1138 0.8046 2.869, 0.1555 -2.1885 1.3803, 0.1346 0.7877 2.9016, 0.1716 0.7351 2.9016, 0.1508 0.7579 2.9016, 0.1224 -2.1317 1.2704, 0.1278 0.8406 2.7993, 0.1239 -1.6368 1.5237, 0.1598 0.8531 2.7751, 0.1354 -1.6045 1.5237, 0.1508 -1.5768 1.5236, 0.171 -1.5547 1.5237
            ]
        }
        coordIndex [
            0,1,2,-1,3,4,0,-1,5,6,7,-1,8,9,2,-1,0,2,9,-1,7,6,10,-1,4,3,10,-1,8,11,12,-1,12,9,8,-1,10,13,4,-1,14,4,13,-1,15,1,0,-1,15,0,4,-1,5,16,6,-1,3,7,10,-1,17,18,16,-1,16,19,17,-1,20,18,17,-1,16,5,19,-1,21,22,14,-1,23,24,22,-1,22,21,23,-1,13,21,14,-1,25,26,27,-1,28,29,30,-1,31,32,27,-1,25,27,32,-1,31,33,34,-1,34,32,31,-1,35,36,33,-1,27,26,37,-1,30,23,28,-1,24,23,30,-1,29,28,37,-1,29,37,26,-1,20,35,18,-1,33,18,35,-1,36,34,33,-1,25,38,26,-1,38,39,26,-1,40,41,38,-1,39,38,41,-1,42,40,43,-1,42,41,40,-1,40,12,43,-1,43,12,11,-1,7,25,32,-1,40,9,12,-1,0,40,38,-1,0,38,3,-1,9,40,0,-1,3,25,7,-1,25,3,38,-1,5,7,32,-1,5,32,34,-1,
        ]
    }
}
Shape{
    appearance Appearance {
        material  Material 	{
            diffuseColor 0.2549019607843137 0.2549019607843137 0.2549019607843137
            specularColor 0.7529411764705882 0.7529411764705882 0.7529411764705882
            ambientIntensity 0.1176
            transparency 0.0
            shininess 0.5
        }
    }
    geometry IndexedFaceSet {
        ccw TRUE
        solid FALSE
        coord DEF co Coordinate {
            point [
                0.267 0.7877 2.9016, 0.309 1.3583 2.9016, 0.309 0.689 2.9016, 0.0925 1.3583 2.9016, 0.1346 0.7877 2.9016, 0.23 0.7351 2.9016, 0.2508 0.7579 2.9016, 0.0925 0.689 2.9016, 0.2008 0.725 2.9016, 0.1508 0.7579 2.9016, 0.1716 0.7351 2.9016, 0.309 0.689 1.5236, 0.309 1.3583 1.5236, 0.0925 0.689 1.5236, 0.0925 1.3583 1.5236
            ]
        }
        coordIndex [
            0,1,2,-1,0,3,1,-1,3,0,4,-1,5,6,2,-1,2,6,0,-1,7,8,2,-1,2,8,5,-1,9,10,7,-1,7,10,8,-1,3,4,7,-1,7,4,9,-1,1,11,2,-1,1,12,11,-1,7,13,14,-1,14,3,7,-1,
        ]
    }
}
Shape{
    appearance Appearance {
        material  Material 	{
            diffuseColor 0.8823529411764706 0.8823529411764706 0.8823529411764706
            specularColor 0.7529411764705882 0.7529411764705882 0.7529411764705882
            ambientIntensity 0.1176
            transparency 0.0
            shininess 0.5
        }
    }
    geometry IndexedFaceSet {
        ccw TRUE
        solid FALSE
        coord DEF co Coordinate {
            point [
                0.1102 -2.172 0.6861, 0.1224 -2.1953 0.6473, 0.1102 -2.2461 0.7451, 0.1555 -2.2552 1.0746, 0.1555 -2.2244 1.1418, 0.2008 -2.2144 1.1348, 0.1224 -2.0973 0.605, 0.1555 -1.992 0.5568, 0.1555 -2.1063 0.5731, 0.2008 -1.6704 0.6767, 0.2008 -1.7645 0.6044, 0.1555 -1.7706 0.6149, 0.1224 -1.8858 0.6032, 0.1224 -1.9917 0.59, 0.1102 -1.9913 0.6353, 0.1102 -1.8973 0.647, 0.1555 -1.8774 0.5711, 0.1102 -2.085 0.6486, 0.1555 -1.8488 0.7509, 0.1224 -1.8323 0.7221, 0.1555 -1.9172 0.7228, 0.1224 -1.9088 0.6907, 0.1555 -1.9906 0.7137, 0.2008 -1.8552 0.7612, 0.2008 -1.7988 0.8045, 0.1555 -1.7902 0.7959, 0.1224 -1.7667 0.7725, 0.1555 -2.0638 0.7241, 0.1555 -2.1317 0.7534, 0.2008 -2.125 0.7637, 0.2008 -2.1802 0.8075, 0.1555 -2.1895 0.7995, 0.1555 -2.2332 0.8591, 0.2008 -2.2223 0.8644, 0.1224 -2.2787 0.7138, 0.1102 -2.3021 0.8215, 0.1224 -2.3418 0.7998, 0.1102 -2.3361 0.9099, 0.1224 -2.3801 0.8994, 0.1102 -2.3457 1.0041, 0.2008 -2.0604 0.7358, 0.1224 -2.3909 1.0055, 0.1102 -2.3302 1.0976, 0.2008 -2.2551 1.0011, 0.1555 -2.2598 0.9281, 0.1555 -2.2673 1.0017, 0.1102 -2.2908 1.1837, 0.1224 -2.3735 1.1108, 0.2008 -2.2479 0.9307, 0.1224 -2.3291 1.2078, 0.1102 -2.2301 1.2564, 0.1224 -2.2607 1.2897, 0.1102 -2.1525 1.3107, 0.1224 -2.1995 1.223, 0.1224 -2.1317 1.2704, 0.1224 -2.1733 1.3509, 0.1555 -2.2832 1.3141, 0.1555 -2.1885 1.3803, 0.2008 -2.2914 1.3231, 0.2008 -2.1941 1.3911, 0.1555 -2.1165 1.241, 0.1102 -1.8097 0.6829, 0.1555 -2.1771 1.1986, 0.2008 -2.1109 1.2302, 0.2008 -2.1691 1.1894, 0.1555 -2.3571 1.2255, 0.1224 -2.2524 1.1595, 0.2008 -2.3674 1.2319, 0.2008 -2.2437 1.0704, 0.1555 -2.4052 1.1205, 0.1224 -2.2869 1.0843, 0.2008 -2.4168 1.124, 0.1555 -2.424 1.0066, 0.1224 -2.3004 1.0027, 0.2008 -2.4362 1.0069, 0.1555 -2.4123 0.8917, 0.2008 -2.4241 0.8889, 0.1224 -2.292 0.9204, 0.1555 -2.3709 0.7839, 0.1224 -2.2623 0.8432, 0.2008 -2.3815 0.7781, 0.1555 -2.3026 0.6908, 0.1224 -2.2134 0.7765, 0.2008 -2.3114 0.6824, 0.1555 -2.2123 0.6189, 0.2008 -1.99 0.7258, 0.2008 -2.2186 0.6085, 0.1224 -2.1487 0.725, 0.1224 -2.0728 0.6922, 0.2008 -2.1096 0.5615, 0.2008 -1.9197 0.7348, 0.1224 -1.9909 0.6805, 0.2008 -1.9921 0.5447, 0.2008 -1.8743 0.5594, 0.1224 -1.7871 0.6437, 0.1102 -1.7346 0.7406, 0.1224 -1.7025 0.7086, 0.1555 -1.679 0.6853, 0.2792 -2.1487 0.725, 0.2913 -2.172 0.6861, 0.2913 -2.085 0.6486, 0.2792 -2.1317 1.2704, 0.2913 -2.1525 1.3107, 0.2913 -2.2301 1.2564, 0.2461 -1.992 0.5568, 0.2461 -1.7902 0.7959, 0.2792 -1.9088 0.6907, 0.2792 -1.9909 0.6805, 0.2913 -1.8973 0.647, 0.2461 -1.9172 0.7228, 0.2792 -2.2134 0.7765, 0.2913 -2.2461 0.7451, 0.2461 -1.8774 0.5711, 0.2461 -1.9906 0.7137, 0.2461 -2.0638 0.7241, 0.2913 -1.9913 0.6353, 0.2792 -2.0728 0.6922, 0.2461 -1.8488 0.7509, 0.2792 -1.7871 0.6437, 0.2461 -1.679 0.6853, 0.2792 -1.7025 0.7086, 0.2792 -1.8858 0.6032, 0.2461 -1.7706 0.6149, 0.2792 -2.2623 0.8432, 0.2913 -2.3021 0.8215, 0.2792 -2.292 0.9204, 0.2913 -2.3361 0.9099, 0.2461 -2.1063 0.5731, 0.2792 -2.3004 1.0027, 0.2913 -2.3457 1.0041, 0.2461 -2.3709 0.7839, 0.2461 -2.3026 0.6908, 0.2461 -2.4123 0.8917, 0.2913 -2.3302 1.0976, 0.2792 -2.2869 1.0843, 0.2461 -2.424 1.0066, 0.2461 -2.4052 1.1205, 0.2792 -2.2524 1.1595, 0.2913 -2.2908 1.1837, 0.2792 -2.1995 1.223, 0.2792 -2.2607 1.2897, 0.2461 -2.1165 1.241, 0.2461 -2.1771 1.1986, 0.2792 -2.1733 1.3509, 0.2461 -2.1885 1.3803, 0.2461 -2.2832 1.3141, 0.2461 -2.3571 1.2255, 0.2792 -2.3291 1.2078, 0.2461 -2.2244 1.1418, 0.2461 -2.2552 1.0746, 0.2792 -2.3735 1.1108, 0.2461 -2.2673 1.0017, 0.2792 -2.3909 1.0055, 0.2792 -2.3801 0.8994, 0.2461 -2.2598 0.9281, 0.2792 -2.3418 0.7998, 0.2461 -2.2332 0.8591, 0.2461 -2.1895 0.7995, 0.2461 -2.2123 0.6189, 0.2792 -2.2787 0.7138, 0.2461 -2.1317 0.7534, 0.2792 -2.1953 0.6473, 0.2792 -2.0973 0.605, 0.2792 -1.9917 0.59, 0.2913 -1.8097 0.6829, 0.2792 -1.8323 0.7221, 0.2913 -1.7346 0.7406, 0.2792 -1.7667 0.7725, 0.2792 -1.5931 0.8186, 0.2461 -1.5696 0.7952, 0.2913 -1.6251 0.8505, 0.2008 -1.561 0.7866, 0.2792 -1.6572 0.8825, 0.2461 -1.6807 0.9058, 0.2008 -1.6893 0.9144, 0.1102 -1.6251 0.8505, 0.1224 -1.6572 0.8825, 0.1555 -1.6807 0.9058, 0.1224 -1.5931 0.8186, 0.1555 -1.5696 0.7952, 0.1224 -1.6184 0.9124, 0.1555 -1.5817 0.9632, 0.1224 -1.5731 0.9312, 0.2008 -1.5501 0.7949, 0.1555 -1.5564 0.8054, 0.1555 -1.541 0.8118, 0.1102 -1.5957 0.8732, 0.2008 -1.5245 0.9829, 0.1555 -1.5245 0.9708, 0.2008 -1.538 0.8, 0.1224 -1.573 0.834, 0.1555 -1.5245 0.8139, 0.2008 -1.5245 0.8018, 0.1555 -1.635 0.9411, 0.2008 -1.6411 0.9516, 0.2008 -1.5848 0.9749, 0.1224 -1.5245 0.9376, 0.1102 -1.5613 0.8875, 0.1224 -1.5496 0.8438, 0.1102 -1.5245 0.8924, 0.1224 -1.5245 0.8471, 0.2461 -1.541 0.8118, 0.2461 -1.5245 0.8139, 0.2792 -1.5245 0.8471, 0.2792 -1.6184 0.9124, 0.2792 -1.573 0.834, 0.2913 -1.5957 0.8732, 0.2461 -1.635 0.9411, 0.2461 -1.5817 0.9632, 0.2461 -1.5564 0.8054, 0.2792 -1.5496 0.8438, 0.2913 -1.5613 0.8875, 0.2792 -1.5731 0.9312, 0.2461 -1.5245 0.9708, 0.2913 -1.5245 0.8924, 0.2792 -1.5245 0.9376, 0.2913 0.311 0.8924, 0.2792 0.311 0.8471, 0.2461 0.311 0.8139, 0.2008 0.311 0.8018, 0.2792 0.311 0.9376, 0.2461 0.311 0.9708, 0.2008 0.311 0.9829, 0.1102 0.311 0.8924, 0.1224 0.311 0.9376, 0.1555 0.311 0.9708, 0.1224 0.311 0.8471, 0.1555 0.311 0.8139, 0.1224 0.3858 0.9258, 0.1102 0.3719 0.8827, 0.1555 0.4295 0.6955, 0.2008 0.4173 0.6955, 0.2008 0.4117 0.7291, 0.1224 0.5413 0.7703, 0.1555 0.5863 0.6955, 0.1224 0.5531 0.6955, 0.2008 0.5984 0.6955, 0.1555 0.5728 0.7806, 0.1555 0.4068 0.7651, 0.1555 0.4237 0.7321, 0.2008 0.3964 0.7584, 0.1224 0.5069 0.8378, 0.1224 0.4001 0.8181, 0.1102 0.4703 0.8112, 0.1224 0.4336 0.7846, 0.1555 0.3476 0.8081, 0.1224 0.3579 0.8397, 0.1555 0.4728 0.9182, 0.2008 0.5435 0.8644, 0.1555 0.5337 0.8573, 0.1102 0.4267 0.8548, 0.1555 0.3961 0.9573, 0.2008 0.3998 0.9688, 0.2008 0.48 0.928, 0.2008 0.5844 0.7843, 0.2008 0.3731 0.7818, 0.1224 0.4533 0.8914, 0.2008 0.3446 0.7962, 0.1555 0.3806 0.7913, 0.1102 0.4982 0.7563, 0.1224 0.4552 0.7424, 0.1102 0.5079 0.6955, 0.1224 0.4626 0.6955, 0.2461 0.3806 0.7913, 0.2461 0.4068 0.7651, 0.2792 0.4336 0.7846, 0.2461 0.5337 0.8573, 0.2461 0.4295 0.6955, 0.2461 0.4237 0.7321, 0.2792 0.4626 0.6955, 0.2792 0.4552 0.7424, 0.2913 0.3719 0.8827, 0.2792 0.3858 0.9258, 0.2461 0.5728 0.7806, 0.2461 0.4728 0.9182, 0.2792 0.4533 0.8914, 0.2461 0.3961 0.9573, 0.2792 0.5069 0.8378, 0.2913 0.4267 0.8548, 0.2913 0.4703 0.8112, 0.2792 0.3579 0.8397, 0.2461 0.3476 0.8081, 0.2913 0.4982 0.7563, 0.2792 0.4001 0.8181, 0.2792 0.5413 0.7703, 0.2913 0.5079 0.6955, 0.2792 0.5531 0.6955, 0.2461 0.5863 0.6955, 0.2913 0.5079 -1.1811, 0.2792 0.4626 -1.1811, 0.2461 0.4295 -1.1811, 0.2008 0.4173 -1.1811, 0.2792 0.5531 -1.1811, 0.2461 0.5863 -1.1811, 0.2008 0.5984 -1.1811, 0.1102 0.5079 -1.1811, 0.1224 0.5531 -1.1811, 0.1555 0.5863 -1.1811, 0.1224 0.4626 -1.1811, 0.1555 0.4295 -1.1811
            ]
        }
        coordIndex [
            0,1,2,-1,3,4,5,-1,6,7,8,-1,9,10,11,-1,12,13,14,-1,14,15,12,-1,13,16,7,-1,0,17,6,-1,18,19,20,-1,20,21,22,-1,23,24,25,-1,26,18,25,-1,23,25,18,-1,27,28,29,-1,30,28,31,-1,31,32,33,-1,34,35,2,-1,35,36,37,-1,38,39,37,-1,40,27,29,-1,39,41,42,-1,43,44,45,-1,46,42,47,-1,33,32,48,-1,46,49,50,-1,51,52,50,-1,53,50,54,-1,55,56,57,-1,55,51,56,-1,58,59,57,-1,54,50,52,-1,53,54,60,-1,21,61,15,-1,62,60,63,-1,60,62,53,-1,64,62,63,-1,5,4,64,-1,44,43,48,-1,4,62,64,-1,65,56,51,-1,62,66,53,-1,50,53,46,-1,67,58,56,-1,52,51,55,-1,49,65,51,-1,58,57,56,-1,4,66,62,-1,68,3,5,-1,69,65,49,-1,66,46,53,-1,4,70,66,-1,42,46,66,-1,71,67,65,-1,50,49,51,-1,47,69,49,-1,67,56,65,-1,3,70,4,-1,43,45,68,-1,47,72,69,-1,70,42,66,-1,3,73,70,-1,42,70,39,-1,74,71,69,-1,46,47,49,-1,47,41,72,-1,71,65,69,-1,3,45,73,-1,45,3,68,-1,75,72,41,-1,73,39,70,-1,33,30,31,-1,39,73,37,-1,72,76,74,-1,42,41,47,-1,38,75,41,-1,74,69,72,-1,45,77,73,-1,77,45,44,-1,78,75,38,-1,77,37,73,-1,44,79,77,-1,37,77,35,-1,80,76,75,-1,39,38,41,-1,36,78,38,-1,76,72,75,-1,44,32,79,-1,32,44,48,-1,81,78,36,-1,79,35,77,-1,79,32,82,-1,35,79,2,-1,83,80,78,-1,37,36,38,-1,34,81,36,-1,80,75,78,-1,31,82,32,-1,29,28,30,-1,84,81,34,-1,82,2,79,-1,40,85,22,-1,2,82,0,-1,86,83,81,-1,35,34,36,-1,1,84,34,-1,83,78,81,-1,31,87,82,-1,87,31,28,-1,8,84,1,-1,87,0,82,-1,28,88,87,-1,0,87,17,-1,89,86,84,-1,2,1,34,-1,6,8,1,-1,86,81,84,-1,27,88,28,-1,90,20,85,-1,17,14,13,-1,88,17,87,-1,88,27,91,-1,17,88,14,-1,92,89,8,-1,0,6,1,-1,13,7,6,-1,89,84,8,-1,27,22,91,-1,22,27,40,-1,15,14,91,-1,91,14,88,-1,91,21,15,-1,11,16,12,-1,93,92,7,-1,17,13,6,-1,12,16,13,-1,92,8,7,-1,85,20,22,-1,90,23,18,-1,12,15,94,-1,22,21,91,-1,21,19,61,-1,16,11,10,-1,61,94,15,-1,10,93,16,-1,94,11,12,-1,93,7,16,-1,90,18,20,-1,20,19,21,-1,26,95,19,-1,18,26,19,-1,95,96,61,-1,19,95,61,-1,96,97,94,-1,61,96,94,-1,94,97,11,-1,9,11,97,-1,98,99,100,-1,101,102,103,-1,93,104,92,-1,24,23,105,-1,106,107,108,-1,109,90,85,-1,110,111,99,-1,112,93,10,-1,113,114,107,-1,115,116,100,-1,23,90,117,-1,118,119,120,-1,118,121,122,-1,111,123,124,-1,9,119,122,-1,125,126,124,-1,89,92,127,-1,126,128,129,-1,130,83,131,-1,80,130,132,-1,86,131,83,-1,133,129,134,-1,74,135,136,-1,137,138,133,-1,80,132,76,-1,138,139,103,-1,103,139,101,-1,102,140,103,-1,101,139,141,-1,142,63,141,-1,10,9,122,-1,143,140,102,-1,144,58,145,-1,143,144,145,-1,145,140,143,-1,58,144,59,-1,58,67,145,-1,74,136,71,-1,145,67,146,-1,142,139,137,-1,146,147,140,-1,142,141,139,-1,147,138,103,-1,138,137,139,-1,64,142,148,-1,142,64,63,-1,145,146,140,-1,67,71,146,-1,149,148,134,-1,140,147,103,-1,150,147,136,-1,148,142,137,-1,150,133,138,-1,133,134,137,-1,5,148,149,-1,148,5,64,-1,147,146,136,-1,71,136,146,-1,151,149,128,-1,147,150,138,-1,135,152,150,-1,134,129,128,-1,133,152,129,-1,137,134,148,-1,68,149,151,-1,149,68,5,-1,136,135,150,-1,74,76,135,-1,128,125,151,-1,150,152,133,-1,132,153,152,-1,125,128,126,-1,129,153,126,-1,134,128,149,-1,43,151,154,-1,151,43,68,-1,152,135,132,-1,76,132,135,-1,123,154,125,-1,152,153,129,-1,155,153,130,-1,48,154,156,-1,155,124,126,-1,124,123,125,-1,43,154,48,-1,151,125,154,-1,132,130,153,-1,80,83,130,-1,110,157,156,-1,153,155,126,-1,89,158,86,-1,123,156,154,-1,159,111,124,-1,111,110,123,-1,33,156,157,-1,156,33,48,-1,155,131,159,-1,131,155,130,-1,160,157,98,-1,155,159,124,-1,158,161,159,-1,110,99,98,-1,161,99,111,-1,123,110,156,-1,30,157,160,-1,157,30,33,-1,159,131,158,-1,86,158,131,-1,114,160,116,-1,159,161,111,-1,161,127,162,-1,98,100,116,-1,162,100,99,-1,110,98,157,-1,29,160,114,-1,160,29,30,-1,161,158,127,-1,89,127,158,-1,109,113,106,-1,161,162,99,-1,104,163,162,-1,116,115,107,-1,115,100,163,-1,98,116,160,-1,40,114,113,-1,114,40,29,-1,162,127,104,-1,92,104,127,-1,107,115,108,-1,162,163,100,-1,163,112,121,-1,113,107,106,-1,121,108,115,-1,116,107,114,-1,85,113,109,-1,113,85,40,-1,163,104,112,-1,93,112,104,-1,118,164,108,-1,163,121,115,-1,118,108,121,-1,164,165,106,-1,164,106,108,-1,117,109,165,-1,109,106,165,-1,90,109,117,-1,112,10,122,-1,121,112,122,-1,164,120,166,-1,119,118,122,-1,165,166,167,-1,120,164,118,-1,117,167,105,-1,166,165,164,-1,105,23,117,-1,167,117,165,-1,168,120,119,-1,119,169,168,-1,120,168,170,-1,119,9,169,-1,9,171,169,-1,166,120,170,-1,166,170,172,-1,172,173,167,-1,167,166,172,-1,105,173,174,-1,173,105,167,-1,105,174,24,-1,175,26,176,-1,177,25,24,-1,176,25,177,-1,26,25,176,-1,24,174,177,-1,26,175,95,-1,95,175,178,-1,178,179,96,-1,96,95,178,-1,97,179,171,-1,179,97,96,-1,97,171,9,-1,180,181,182,-1,183,184,185,-1,175,176,180,-1,175,180,186,-1,187,188,181,-1,183,185,189,-1,179,178,190,-1,183,171,184,-1,189,191,192,-1,178,186,190,-1,184,171,179,-1,186,178,175,-1,193,176,177,-1,193,180,176,-1,174,194,177,-1,177,194,193,-1,194,195,193,-1,181,195,187,-1,182,188,196,-1,182,197,186,-1,182,186,180,-1,197,198,190,-1,197,190,186,-1,185,191,189,-1,184,190,198,-1,179,190,184,-1,193,195,181,-1,180,193,181,-1,197,196,199,-1,188,182,181,-1,198,199,200,-1,196,197,182,-1,185,200,191,-1,199,198,197,-1,200,185,198,-1,184,198,185,-1,201,202,203,-1,172,170,204,-1,189,202,201,-1,168,205,206,-1,189,192,202,-1,204,207,172,-1,168,206,170,-1,195,208,187,-1,173,194,174,-1,173,172,207,-1,204,208,207,-1,206,204,170,-1,169,209,205,-1,209,201,210,-1,183,209,171,-1,206,205,211,-1,171,209,169,-1,183,189,201,-1,204,206,212,-1,169,205,168,-1,205,210,211,-1,213,187,208,-1,211,212,206,-1,195,194,207,-1,212,208,204,-1,194,173,207,-1,183,201,209,-1,209,210,205,-1,203,214,210,-1,201,203,210,-1,214,215,211,-1,210,214,211,-1,215,213,212,-1,211,215,212,-1,213,208,212,-1,195,207,208,-1,216,214,203,-1,202,217,203,-1,216,203,217,-1,202,192,218,-1,218,217,202,-1,192,219,218,-1,220,214,216,-1,220,221,215,-1,215,214,220,-1,213,221,222,-1,221,213,215,-1,213,222,187,-1,223,199,196,-1,188,224,196,-1,223,196,224,-1,188,187,225,-1,225,224,188,-1,187,222,225,-1,226,199,223,-1,226,227,200,-1,200,199,226,-1,191,227,219,-1,227,191,200,-1,191,219,192,-1,223,228,229,-1,230,231,232,-1,223,224,228,-1,233,234,235,-1,236,234,237,-1,238,239,240,-1,237,233,241,-1,242,243,244,-1,242,245,246,-1,227,226,246,-1,239,232,240,-1,229,226,223,-1,226,229,246,-1,245,219,227,-1,247,248,249,-1,229,250,246,-1,251,228,224,-1,222,252,225,-1,224,225,251,-1,251,225,252,-1,252,253,251,-1,236,237,254,-1,253,247,251,-1,240,255,238,-1,247,256,228,-1,257,245,258,-1,229,256,250,-1,250,242,246,-1,219,245,257,-1,227,246,245,-1,251,247,228,-1,253,248,247,-1,242,250,243,-1,228,256,229,-1,256,249,241,-1,258,242,244,-1,241,243,250,-1,258,238,255,-1,257,258,255,-1,245,242,258,-1,247,249,256,-1,248,254,249,-1,233,259,243,-1,256,241,250,-1,233,243,241,-1,259,260,244,-1,259,244,243,-1,238,260,239,-1,238,244,260,-1,258,244,238,-1,249,254,237,-1,241,249,237,-1,259,235,261,-1,234,233,237,-1,260,261,262,-1,235,259,233,-1,239,262,230,-1,261,260,259,-1,230,232,239,-1,262,239,260,-1,263,264,265,-1,248,266,254,-1,267,268,232,-1,268,267,269,-1,232,231,267,-1,268,270,264,-1,216,271,272,-1,216,217,271,-1,254,273,236,-1,274,275,266,-1,272,274,276,-1,221,220,276,-1,277,278,279,-1,276,220,272,-1,222,221,252,-1,280,217,218,-1,219,281,218,-1,280,218,281,-1,257,255,263,-1,281,219,257,-1,265,282,279,-1,280,271,217,-1,263,281,257,-1,271,278,275,-1,280,281,283,-1,271,280,278,-1,221,276,252,-1,216,272,220,-1,274,272,275,-1,253,252,276,-1,263,283,281,-1,240,264,255,-1,279,278,283,-1,283,278,280,-1,283,265,279,-1,275,278,277,-1,274,248,253,-1,271,275,272,-1,275,277,266,-1,253,276,274,-1,255,264,263,-1,268,240,232,-1,277,279,284,-1,263,265,283,-1,265,270,282,-1,266,277,273,-1,279,282,284,-1,266,273,254,-1,284,273,277,-1,248,274,266,-1,240,268,264,-1,264,270,265,-1,269,285,270,-1,268,269,270,-1,285,286,282,-1,270,285,282,-1,286,287,284,-1,282,286,284,-1,236,273,287,-1,284,287,273,-1,288,285,269,-1,267,289,269,-1,288,269,289,-1,267,231,290,-1,290,289,267,-1,231,291,290,-1,292,285,288,-1,292,293,286,-1,286,285,292,-1,287,293,294,-1,293,287,286,-1,287,294,236,-1,295,261,235,-1,234,296,235,-1,295,235,296,-1,234,236,297,-1,297,296,234,-1,236,294,297,-1,298,261,295,-1,298,299,262,-1,262,261,298,-1,230,299,291,-1,299,230,262,-1,230,291,231,-1,299,298,295,-1,296,297,290,-1,291,299,295,-1,297,289,290,-1,295,296,291,-1,288,294,293,-1,289,294,288,-1,293,292,288,-1,289,297,294,-1,296,290,291,-1,
        ]
    }
}
Shape{
    appearance Appearance {
        material  Material 	{
            diffuseColor 0.2549019607843137 0.2549019607843137 0.2549019607843137
            specularColor 0.7529411764705882 0.7529411764705882 0.7529411764705882
            ambientIntensity 0.1176
            transparency 0.0
            shininess 0.5
        }
    }
    geometry IndexedFaceSet {
        ccw TRUE
        solid FALSE
        coord DEF co Coordinate {
            point [
                -0.0925 -0.6496 0.2362, -0.0925 -0.6496 0.6102, -0.0925 0.7677 0.2362, -0.0925 -1.6732 0.6102, -0.0925 -2.4606 0.5, -0.0925 -1.6732 1.1417, -0.0925 0.7677 1.1417, -0.0925 -2.4606 1.5236, -0.0925 -1.6732 1.5236, -0.0925 -1.6732 0.5, -0.3091 -2.4606 0.5, -0.3091 -1.6732 0.5, -0.3091 -2.4606 1.5236, -0.3091 -1.6732 1.1417, -0.3091 0.7677 0.2362, -0.3091 -0.6496 0.6102, -0.3091 -0.6496 0.2362, -0.3091 0.7677 1.1417, -0.3091 -1.6732 0.6102, -0.3091 -1.6732 1.5236, -0.2008 -1.6732 1.4567, -0.2386 -1.6733 1.466, -0.1158 -1.6732 1.5236, -0.1349 -1.6732 1.4887, -0.2667 -1.6732 1.4887, -0.2858 -1.6732 1.5236, -0.163 -1.6733 1.466
            ]
        }
        coordIndex [
            0,1,2,-1,3,4,5,-1,1,3,5,-1,1,5,6,-1,1,6,2,-1,7,5,4,-1,5,7,8,-1,3,9,4,-1,10,4,9,-1,9,11,10,-1,12,10,13,-1,14,15,16,-1,13,15,17,-1,14,17,15,-1,13,10,18,-1,15,13,18,-1,18,10,11,-1,13,19,12,-1,18,9,3,-1,9,18,11,-1,20,21,13,-1,8,22,23,-1,23,5,8,-1,24,19,13,-1,24,13,21,-1,19,24,25,-1,5,20,13,-1,20,5,26,-1,5,23,26,-1,3,1,15,-1,15,18,3,-1,0,16,15,-1,15,1,0,-1,
        ]
    }
}
Shape{
    appearance Appearance {
        material  Material 	{
            diffuseColor 0.8823529411764706 0.8823529411764706 0.8823529411764706
            specularColor 0.7529411764705882 0.7529411764705882 0.7529411764705882
            ambientIntensity 0.1176
            transparency 0.0
            shininess 0.5
        }
    }
    geometry IndexedFaceSet {
        ccw TRUE
        solid FALSE
        coord DEF co Coordinate {
            point [
                -0.1598 0.8531 2.7751, -0.1508 -1.5768 1.5236, -0.171 -1.5547 1.5237, -0.1138 0.8046 2.869, -0.1102 -2.1525 1.3107, -0.112 0.8238 2.8317, -0.1555 -2.1165 1.241, -0.163 -1.6733 1.466, -0.1349 -1.6732 1.4887, -0.1508 0.7579 2.9016, -0.1555 -2.1885 1.3803, -0.1346 0.7877 2.9016, -0.1224 -2.1733 1.3509, -0.1716 0.7351 2.9016, -0.2008 -2.1941 1.3911, -0.2008 0.725 2.9016, -0.1158 -1.6732 1.5236, -0.1292 0.8413 2.7979, -0.1224 -2.1317 1.2704, -0.2008 -2.1109 1.2302, -0.2008 -1.6732 1.4567, -0.1239 -1.6368 1.5237, -0.1354 -1.6045 1.5237, -0.2008 0.8577 2.7663, -0.2008 -1.5439 1.5236, -0.2306 -1.5547 1.5237, -0.2508 -1.5768 1.5236, -0.2418 0.8531 2.7751, -0.2461 -2.1165 1.241, -0.2667 -1.6732 1.4887, -0.2386 -1.6733 1.466, -0.2737 0.8406 2.7993, -0.2858 -1.6732 1.5236, -0.2898 0.8229 2.8335, -0.2777 -1.6368 1.5237, -0.2662 -1.6045 1.5237, -0.2508 0.7579 2.9016, -0.2461 -2.1885 1.3803, -0.23 0.7351 2.9016, -0.2913 -2.1525 1.3107, -0.267 0.7877 2.9016, -0.2792 -2.1317 1.2704, -0.2792 -2.1733 1.3509, -0.2878 0.8046 2.869
            ]
        }
        coordIndex [
            0,1,2,-1,3,4,5,-1,6,7,8,-1,9,10,11,-1,12,11,10,-1,13,14,10,-1,10,9,13,-1,15,14,13,-1,12,3,11,-1,4,3,12,-1,16,17,5,-1,16,4,18,-1,7,19,20,-1,21,22,17,-1,23,0,2,-1,0,17,1,-1,6,19,7,-1,16,21,17,-1,18,6,8,-1,16,18,8,-1,5,4,16,-1,17,22,1,-1,24,23,2,-1,25,26,27,-1,28,29,30,-1,23,24,25,-1,31,32,33,-1,34,31,35,-1,36,37,38,-1,32,39,33,-1,40,37,36,-1,39,32,41,-1,30,19,28,-1,20,19,30,-1,29,28,41,-1,29,41,32,-1,15,38,14,-1,37,14,38,-1,40,42,37,-1,42,40,43,-1,39,42,43,-1,43,33,39,-1,34,32,31,-1,31,27,35,-1,25,27,23,-1,35,27,26,-1,3,33,43,-1,27,0,23,-1,17,27,31,-1,17,31,5,-1,0,27,17,-1,5,33,3,-1,33,5,31,-1,11,3,43,-1,11,43,40,-1,
        ]
    }
}
Shape{
    appearance Appearance {
        material  Material 	{
            diffuseColor 0.2549019607843137 0.2549019607843137 0.2549019607843137
            specularColor 0.7529411764705882 0.7529411764705882 0.7529411764705882
            ambientIntensity 0.1176
            transparency 0.0
            shininess 0.5
        }
    }
    geometry IndexedFaceSet {
        ccw TRUE
        solid FALSE
        coord DEF co Coordinate {
            point [
                -0.1346 0.7877 2.9016, -0.0925 1.3583 2.9016, -0.0925 0.689 2.9016, -0.3091 1.3583 2.9016, -0.267 0.7877 2.9016, -0.1716 0.7351 2.9016, -0.1508 0.7579 2.9016, -0.3091 0.689 2.9016, -0.2008 0.725 2.9016, -0.2508 0.7579 2.9016, -0.23 0.7351 2.9016, -0.0925 0.689 1.5236, -0.0925 1.3583 1.5236, -0.3091 0.689 1.5236, -0.3091 1.3583 1.5236
            ]
        }
        coordIndex [
            0,1,2,-1,0,3,1,-1,3,0,4,-1,5,6,2,-1,2,6,0,-1,7,8,2,-1,2,8,5,-1,9,10,7,-1,7,10,8,-1,3,4,7,-1,7,4,9,-1,1,11,2,-1,1,12,11,-1,7,13,14,-1,14,3,7,-1,
        ]
    }
}
Shape{
    appearance Appearance {
        material  Material 	{
            diffuseColor 0.8823529411764706 0.8823529411764706 0.8823529411764706
            specularColor 0.7529411764705882 0.7529411764705882 0.7529411764705882
            ambientIntensity 0.1176
            transparency 0.0
            shininess 0.5
        }
    }
    geometry IndexedFaceSet {
        ccw TRUE
        solid FALSE
        coord DEF co Coordinate {
            point [
                -0.2913 -2.172 0.6861, -0.2792 -2.1953 0.6473, -0.2913 -2.2461 0.7451, -0.2461 -2.2552 1.0746, -0.2461 -2.2244 1.1418, -0.2008 -2.2144 1.1348, -0.2792 -2.0973 0.605, -0.2461 -1.992 0.5568, -0.2461 -2.1063 0.5731, -0.2008 -1.6704 0.6767, -0.2008 -1.7645 0.6044, -0.2461 -1.7706 0.6149, -0.2792 -1.8858 0.6032, -0.2792 -1.9917 0.59, -0.2913 -1.9913 0.6353, -0.2913 -1.8973 0.647, -0.2461 -1.8774 0.5711, -0.2913 -2.085 0.6486, -0.2461 -1.8488 0.7509, -0.2792 -1.8323 0.7221, -0.2461 -1.9172 0.7228, -0.2792 -1.9088 0.6907, -0.2461 -1.9906 0.7137, -0.2008 -1.8552 0.7612, -0.2008 -1.7988 0.8045, -0.2461 -1.7902 0.7959, -0.2792 -1.7667 0.7725, -0.2461 -2.0638 0.7241, -0.2461 -2.1317 0.7534, -0.2008 -2.125 0.7637, -0.2008 -2.1802 0.8075, -0.2461 -2.1895 0.7995, -0.2461 -2.2332 0.8591, -0.2008 -2.2223 0.8644, -0.2792 -2.2787 0.7138, -0.2913 -2.3021 0.8215, -0.2792 -2.3418 0.7998, -0.2913 -2.3361 0.9099, -0.2792 -2.3801 0.8994, -0.2913 -2.3457 1.0041, -0.2008 -2.0604 0.7358, -0.2792 -2.3909 1.0055, -0.2913 -2.3302 1.0976, -0.2008 -2.2551 1.0011, -0.2461 -2.2598 0.9281, -0.2461 -2.2673 1.0017, -0.2913 -2.2908 1.1837, -0.2792 -2.3735 1.1108, -0.2008 -2.2479 0.9307, -0.2792 -2.3291 1.2078, -0.2913 -2.2301 1.2564, -0.2792 -2.2607 1.2897, -0.2913 -2.1525 1.3107, -0.2792 -2.1995 1.223, -0.2792 -2.1317 1.2704, -0.2792 -2.1733 1.3509, -0.2461 -2.2832 1.3141, -0.2461 -2.1885 1.3803, -0.2008 -2.2914 1.3231, -0.2008 -2.1941 1.3911, -0.2461 -2.1165 1.241, -0.2913 -1.8097 0.6829, -0.2461 -2.1771 1.1986, -0.2008 -2.1109 1.2302, -0.2008 -2.1691 1.1894, -0.2461 -2.3571 1.2255, -0.2792 -2.2524 1.1595, -0.2008 -2.3674 1.2319, -0.2008 -2.2437 1.0704, -0.2461 -2.4052 1.1205, -0.2792 -2.2869 1.0843, -0.2008 -2.4168 1.124, -0.2461 -2.424 1.0066, -0.2792 -2.3004 1.0027, -0.2008 -2.4362 1.0069, -0.2461 -2.4123 0.8917, -0.2008 -2.4241 0.8889, -0.2792 -2.292 0.9204, -0.2461 -2.3709 0.7839, -0.2792 -2.2623 0.8432, -0.2008 -2.3815 0.7781, -0.2461 -2.3026 0.6908, -0.2792 -2.2134 0.7765, -0.2008 -2.3114 0.6824, -0.2461 -2.2123 0.6189, -0.2008 -1.99 0.7258, -0.2008 -2.2186 0.6085, -0.2792 -2.1487 0.725, -0.2792 -2.0728 0.6922, -0.2008 -2.1096 0.5615, -0.2008 -1.9197 0.7348, -0.2792 -1.9909 0.6805, -0.2008 -1.9921 0.5447, -0.2008 -1.8743 0.5594, -0.2792 -1.7871 0.6437, -0.2913 -1.7346 0.7406, -0.2792 -1.7025 0.7086, -0.2461 -1.679 0.6853, -0.1224 -2.1487 0.725, -0.1102 -2.172 0.6861, -0.1102 -2.085 0.6486, -0.1224 -2.1317 1.2704, -0.1102 -2.1525 1.3107, -0.1102 -2.2301 1.2564, -0.1555 -1.992 0.5568, -0.1555 -1.7902 0.7959, -0.1224 -1.9088 0.6907, -0.1224 -1.9909 0.6805, -0.1102 -1.8973 0.647, -0.1555 -1.9172 0.7228, -0.1224 -2.2134 0.7765, -0.1102 -2.2461 0.7451, -0.1555 -1.8774 0.5711, -0.1555 -1.9906 0.7137, -0.1555 -2.0638 0.7241, -0.1102 -1.9913 0.6353, -0.1224 -2.0728 0.6922, -0.1555 -1.8488 0.7509, -0.1224 -1.7871 0.6437, -0.1555 -1.679 0.6853, -0.1224 -1.7025 0.7086, -0.1224 -1.8858 0.6032, -0.1555 -1.7706 0.6149, -0.1224 -2.2623 0.8432, -0.1102 -2.3021 0.8215, -0.1224 -2.292 0.9204, -0.1102 -2.3361 0.9099, -0.1555 -2.1063 0.5731, -0.1224 -2.3004 1.0027, -0.1102 -2.3457 1.0041, -0.1555 -2.3709 0.7839, -0.1555 -2.3026 0.6908, -0.1555 -2.4123 0.8917, -0.1102 -2.3302 1.0976, -0.1224 -2.2869 1.0843, -0.1555 -2.424 1.0066, -0.1555 -2.4052 1.1205, -0.1224 -2.2524 1.1595, -0.1102 -2.2908 1.1837, -0.1224 -2.1995 1.223, -0.1224 -2.2607 1.2897, -0.1555 -2.1165 1.241, -0.1555 -2.1771 1.1986, -0.1224 -2.1733 1.3509, -0.1555 -2.1885 1.3803, -0.1555 -2.2832 1.3141, -0.1555 -2.3571 1.2255, -0.1224 -2.3291 1.2078, -0.1555 -2.2244 1.1418, -0.1555 -2.2552 1.0746, -0.1224 -2.3735 1.1108, -0.1555 -2.2673 1.0017, -0.1224 -2.3909 1.0055, -0.1224 -2.3801 0.8994, -0.1555 -2.2598 0.9281, -0.1224 -2.3418 0.7998, -0.1555 -2.2332 0.8591, -0.1555 -2.1895 0.7995, -0.1555 -2.2123 0.6189, -0.1224 -2.2787 0.7138, -0.1555 -2.1317 0.7534, -0.1224 -2.1953 0.6473, -0.1224 -2.0973 0.605, -0.1224 -1.9917 0.59, -0.1102 -1.8097 0.6829, -0.1224 -1.8323 0.7221, -0.1102 -1.7346 0.7406, -0.1224 -1.7667 0.7725, -0.1224 -1.5931 0.8186, -0.1555 -1.5696 0.7952, -0.1102 -1.6251 0.8505, -0.2008 -1.561 0.7866, -0.1224 -1.6572 0.8825, -0.1555 -1.6807 0.9058, -0.2008 -1.6893 0.9144, -0.2913 -1.6251 0.8505, -0.2792 -1.6572 0.8825, -0.2461 -1.6807 0.9058, -0.2792 -1.5931 0.8186, -0.2461 -1.5696 0.7952, -0.2792 -1.6184 0.9124, -0.2461 -1.5817 0.9632, -0.2792 -1.5731 0.9312, -0.2008 -1.5501 0.7949, -0.2461 -1.5564 0.8054, -0.2461 -1.541 0.8118, -0.2913 -1.5957 0.8732, -0.2008 -1.5245 0.9829, -0.2461 -1.5245 0.9708, -0.2008 -1.538 0.8, -0.2792 -1.573 0.834, -0.2461 -1.5245 0.8139, -0.2008 -1.5245 0.8018, -0.2461 -1.635 0.9411, -0.2008 -1.6411 0.9516, -0.2008 -1.5848 0.9749, -0.2792 -1.5245 0.9376, -0.2913 -1.5613 0.8875, -0.2792 -1.5496 0.8438, -0.2913 -1.5245 0.8924, -0.2792 -1.5245 0.8471, -0.1555 -1.541 0.8118, -0.1555 -1.5245 0.8139, -0.1224 -1.5245 0.8471, -0.1224 -1.6184 0.9124, -0.1224 -1.573 0.834, -0.1102 -1.5957 0.8732, -0.1555 -1.635 0.9411, -0.1555 -1.5817 0.9632, -0.1555 -1.5564 0.8054, -0.1224 -1.5496 0.8438, -0.1102 -1.5613 0.8875, -0.1224 -1.5731 0.9312, -0.1555 -1.5245 0.9708, -0.1102 -1.5245 0.8924, -0.1224 -1.5245 0.9376, -0.1102 -0.689 0.8924, -0.1224 -0.689 0.8471, -0.1555 -0.689 0.8139, -0.2008 -0.689 0.8018, -0.1224 -0.689 0.9376, -0.1555 -0.689 0.9708, -0.2008 -0.689 0.9829, -0.2913 -0.689 0.8924, -0.2792 -0.689 0.9376, -0.2461 -0.689 0.9708, -0.2792 -0.689 0.8471, -0.2461 -0.689 0.8139, -0.2792 -0.6142 0.9258, -0.2913 -0.6281 0.8827, -0.2461 -0.5705 0.6955, -0.2008 -0.5827 0.6955, -0.2008 -0.5883 0.7291, -0.2792 -0.4587 0.7703, -0.2461 -0.4137 0.6955, -0.2792 -0.4469 0.6955, -0.2008 -0.4016 0.6955, -0.2461 -0.4272 0.7806, -0.2461 -0.5932 0.7651, -0.2461 -0.5763 0.7321, -0.2008 -0.6036 0.7584, -0.2792 -0.4931 0.8378, -0.2792 -0.5999 0.8181, -0.2913 -0.5297 0.8112, -0.2792 -0.5664 0.7846, -0.2461 -0.6524 0.8081, -0.2792 -0.6421 0.8397, -0.2461 -0.5272 0.9182, -0.2008 -0.4565 0.8644, -0.2461 -0.4663 0.8573, -0.2913 -0.5733 0.8548, -0.2461 -0.6039 0.9573, -0.2008 -0.6002 0.9688, -0.2008 -0.52 0.928, -0.2008 -0.4156 0.7843, -0.2008 -0.6269 0.7818, -0.2792 -0.5467 0.8914, -0.2008 -0.6554 0.7962, -0.2461 -0.6194 0.7913, -0.2913 -0.5018 0.7563, -0.2792 -0.5448 0.7424, -0.2913 -0.4921 0.6955, -0.2792 -0.5374 0.6955, -0.1555 -0.5932 0.7651, -0.1555 -0.5763 0.7321, -0.1224 -0.5448 0.7424, -0.1555 -0.4663 0.8573, -0.1555 -0.5705 0.6955, -0.1224 -0.5664 0.7846, -0.1555 -0.6194 0.7913, -0.1224 -0.5374 0.6955, -0.1102 -0.6281 0.8827, -0.1555 -0.5272 0.9182, -0.1224 -0.5467 0.8914, -0.1224 -0.6142 0.9258, -0.1555 -0.4272 0.7806, -0.1555 -0.6039 0.9573, -0.1224 -0.4931 0.8378, -0.1102 -0.5733 0.8548, -0.1102 -0.5297 0.8112, -0.1224 -0.6421 0.8397, -0.1555 -0.6524 0.8081, -0.1102 -0.5018 0.7563, -0.1224 -0.5999 0.8181, -0.1224 -0.4587 0.7703, -0.1102 -0.4921 0.6955, -0.1224 -0.4469 0.6955, -0.1555 -0.4137 0.6955, -0.1102 -0.4921 -1.1811, -0.1224 -0.5374 -1.1811, -0.1555 -0.5705 -1.1811, -0.2008 -0.5827 -1.1811, -0.1224 -0.4469 -1.1811, -0.1555 -0.4137 -1.1811, -0.2008 -0.4016 -1.1811, -0.2913 -0.4921 -1.1811, -0.2792 -0.4469 -1.1811, -0.2461 -0.4137 -1.1811, -0.2792 -0.5374 -1.1811, -0.2461 -0.5705 -1.1811
            ]
        }
        coordIndex [
            0,1,2,-1,3,4,5,-1,6,7,8,-1,9,10,11,-1,12,13,14,-1,14,15,12,-1,13,16,7,-1,0,17,6,-1,18,19,20,-1,20,21,22,-1,23,24,25,-1,26,18,25,-1,23,25,18,-1,27,28,29,-1,30,28,31,-1,31,32,33,-1,34,35,2,-1,35,36,37,-1,38,39,37,-1,40,27,29,-1,39,41,42,-1,43,44,45,-1,46,42,47,-1,33,32,48,-1,46,49,50,-1,51,52,50,-1,53,50,54,-1,55,56,57,-1,55,51,56,-1,58,59,57,-1,54,50,52,-1,53,54,60,-1,21,61,15,-1,62,60,63,-1,60,62,53,-1,64,62,63,-1,5,4,64,-1,44,43,48,-1,4,62,64,-1,65,56,51,-1,62,66,53,-1,50,53,46,-1,67,58,56,-1,52,51,55,-1,49,65,51,-1,58,57,56,-1,4,66,62,-1,68,3,5,-1,69,65,49,-1,66,46,53,-1,4,70,66,-1,42,46,66,-1,71,67,65,-1,50,49,51,-1,47,69,49,-1,67,56,65,-1,3,70,4,-1,43,45,68,-1,47,72,69,-1,70,42,66,-1,3,73,70,-1,42,70,39,-1,74,71,69,-1,46,47,49,-1,47,41,72,-1,71,65,69,-1,3,45,73,-1,45,3,68,-1,75,72,41,-1,73,39,70,-1,33,30,31,-1,39,73,37,-1,72,76,74,-1,42,41,47,-1,38,75,41,-1,74,69,72,-1,45,77,73,-1,77,45,44,-1,78,75,38,-1,77,37,73,-1,44,79,77,-1,37,77,35,-1,80,76,75,-1,39,38,41,-1,36,78,38,-1,76,72,75,-1,44,32,79,-1,32,44,48,-1,81,78,36,-1,79,35,77,-1,79,32,82,-1,35,79,2,-1,83,80,78,-1,37,36,38,-1,34,81,36,-1,80,75,78,-1,31,82,32,-1,29,28,30,-1,84,81,34,-1,82,2,79,-1,40,85,22,-1,2,82,0,-1,86,83,81,-1,35,34,36,-1,1,84,34,-1,83,78,81,-1,31,87,82,-1,87,31,28,-1,8,84,1,-1,87,0,82,-1,28,88,87,-1,0,87,17,-1,89,86,84,-1,2,1,34,-1,6,8,1,-1,86,81,84,-1,27,88,28,-1,90,20,85,-1,17,14,13,-1,88,17,87,-1,88,27,91,-1,17,88,14,-1,92,89,8,-1,0,6,1,-1,13,7,6,-1,89,84,8,-1,27,22,91,-1,22,27,40,-1,15,14,91,-1,91,14,88,-1,91,21,15,-1,11,16,12,-1,93,92,7,-1,17,13,6,-1,12,16,13,-1,92,8,7,-1,85,20,22,-1,90,23,18,-1,12,15,94,-1,22,21,91,-1,21,19,61,-1,16,11,10,-1,61,94,15,-1,10,93,16,-1,94,11,12,-1,93,7,16,-1,90,18,20,-1,20,19,21,-1,26,95,19,-1,18,26,19,-1,95,96,61,-1,19,95,61,-1,96,97,94,-1,61,96,94,-1,94,97,11,-1,9,11,97,-1,98,99,100,-1,101,102,103,-1,93,104,92,-1,24,23,105,-1,106,107,108,-1,109,90,85,-1,110,111,99,-1,112,93,10,-1,113,114,107,-1,115,116,100,-1,23,90,117,-1,118,119,120,-1,118,121,122,-1,111,123,124,-1,9,119,122,-1,125,126,124,-1,89,92,127,-1,126,128,129,-1,130,83,131,-1,80,130,132,-1,86,131,83,-1,133,129,134,-1,74,135,136,-1,137,138,133,-1,80,132,76,-1,138,139,103,-1,103,139,101,-1,102,140,103,-1,101,139,141,-1,142,63,141,-1,10,9,122,-1,143,140,102,-1,144,58,145,-1,143,144,145,-1,145,140,143,-1,58,144,59,-1,58,67,145,-1,74,136,71,-1,145,67,146,-1,142,139,137,-1,146,147,140,-1,142,141,139,-1,147,138,103,-1,138,137,139,-1,64,142,148,-1,142,64,63,-1,145,146,140,-1,67,71,146,-1,149,148,134,-1,140,147,103,-1,150,147,136,-1,148,142,137,-1,150,133,138,-1,133,134,137,-1,5,148,149,-1,148,5,64,-1,147,146,136,-1,71,136,146,-1,151,149,128,-1,147,150,138,-1,135,152,150,-1,134,129,128,-1,133,152,129,-1,137,134,148,-1,68,149,151,-1,149,68,5,-1,136,135,150,-1,74,76,135,-1,128,125,151,-1,150,152,133,-1,132,153,152,-1,125,128,126,-1,129,153,126,-1,134,128,149,-1,43,151,154,-1,151,43,68,-1,152,135,132,-1,76,132,135,-1,123,154,125,-1,152,153,129,-1,155,153,130,-1,48,154,156,-1,155,124,126,-1,124,123,125,-1,43,154,48,-1,151,125,154,-1,132,130,153,-1,80,83,130,-1,110,157,156,-1,153,155,126,-1,89,158,86,-1,123,156,154,-1,159,111,124,-1,111,110,123,-1,33,156,157,-1,156,33,48,-1,155,131,159,-1,131,155,130,-1,160,157,98,-1,155,159,124,-1,158,161,159,-1,110,99,98,-1,161,99,111,-1,123,110,156,-1,30,157,160,-1,157,30,33,-1,159,131,158,-1,86,158,131,-1,114,160,116,-1,159,161,111,-1,161,127,162,-1,98,100,116,-1,162,100,99,-1,110,98,157,-1,29,160,114,-1,160,29,30,-1,161,158,127,-1,89,127,158,-1,109,113,106,-1,161,162,99,-1,104,163,162,-1,116,115,107,-1,115,100,163,-1,98,116,160,-1,40,114,113,-1,114,40,29,-1,162,127,104,-1,92,104,127,-1,107,115,108,-1,162,163,100,-1,163,112,121,-1,113,107,106,-1,121,108,115,-1,116,107,114,-1,85,113,109,-1,113,85,40,-1,163,104,112,-1,93,112,104,-1,118,164,108,-1,163,121,115,-1,118,108,121,-1,164,165,106,-1,164,106,108,-1,117,109,165,-1,109,106,165,-1,90,109,117,-1,112,10,122,-1,121,112,122,-1,164,120,166,-1,119,118,122,-1,165,166,167,-1,120,164,118,-1,117,167,105,-1,166,165,164,-1,105,23,117,-1,167,117,165,-1,168,120,119,-1,119,169,168,-1,120,168,170,-1,119,9,169,-1,9,171,169,-1,166,120,170,-1,166,170,172,-1,172,173,167,-1,167,166,172,-1,105,173,174,-1,173,105,167,-1,105,174,24,-1,175,26,176,-1,177,25,24,-1,176,25,177,-1,26,25,176,-1,24,174,177,-1,26,175,95,-1,95,175,178,-1,178,179,96,-1,96,95,178,-1,97,179,171,-1,179,97,96,-1,97,171,9,-1,180,181,182,-1,183,184,185,-1,175,176,180,-1,175,180,186,-1,187,188,181,-1,183,185,189,-1,179,178,190,-1,183,171,184,-1,189,191,192,-1,178,186,190,-1,184,171,179,-1,186,178,175,-1,193,176,177,-1,193,180,176,-1,174,194,177,-1,177,194,193,-1,194,195,193,-1,181,195,187,-1,182,188,196,-1,182,197,186,-1,182,186,180,-1,197,198,190,-1,197,190,186,-1,185,191,189,-1,184,190,198,-1,179,190,184,-1,193,195,181,-1,180,193,181,-1,197,196,199,-1,188,182,181,-1,198,199,200,-1,196,197,182,-1,185,200,191,-1,199,198,197,-1,200,185,198,-1,184,198,185,-1,201,202,203,-1,172,170,204,-1,189,202,201,-1,168,205,206,-1,189,192,202,-1,204,207,172,-1,168,206,170,-1,195,208,187,-1,173,194,174,-1,173,172,207,-1,204,208,207,-1,206,204,170,-1,169,209,205,-1,209,201,210,-1,183,209,171,-1,206,205,211,-1,171,209,169,-1,183,189,201,-1,204,206,212,-1,169,205,168,-1,205,210,211,-1,213,187,208,-1,211,212,206,-1,195,194,207,-1,212,208,204,-1,194,173,207,-1,183,201,209,-1,209,210,205,-1,203,214,210,-1,201,203,210,-1,214,215,211,-1,210,214,211,-1,215,213,212,-1,211,215,212,-1,213,208,212,-1,195,207,208,-1,216,214,203,-1,202,217,203,-1,216,203,217,-1,202,192,218,-1,218,217,202,-1,192,219,218,-1,220,214,216,-1,220,221,215,-1,215,214,220,-1,213,221,222,-1,221,213,215,-1,213,222,187,-1,223,199,196,-1,188,224,196,-1,223,196,224,-1,188,187,225,-1,225,224,188,-1,187,222,225,-1,226,199,223,-1,226,227,200,-1,200,199,226,-1,191,227,219,-1,227,191,200,-1,191,219,192,-1,223,228,229,-1,230,231,232,-1,223,224,228,-1,233,234,235,-1,236,234,237,-1,238,239,240,-1,237,233,241,-1,242,243,244,-1,242,245,246,-1,227,226,246,-1,239,232,240,-1,229,226,223,-1,226,229,246,-1,245,219,227,-1,247,248,249,-1,229,250,246,-1,251,228,224,-1,222,252,225,-1,224,225,251,-1,251,225,252,-1,252,253,251,-1,236,237,254,-1,253,247,251,-1,240,255,238,-1,247,256,228,-1,257,245,258,-1,229,256,250,-1,250,242,246,-1,219,245,257,-1,227,246,245,-1,251,247,228,-1,253,248,247,-1,242,250,243,-1,228,256,229,-1,256,249,241,-1,258,242,244,-1,241,243,250,-1,258,238,255,-1,257,258,255,-1,245,242,258,-1,247,249,256,-1,248,254,249,-1,233,259,243,-1,256,241,250,-1,233,243,241,-1,259,260,244,-1,259,244,243,-1,238,260,239,-1,238,244,260,-1,258,244,238,-1,249,254,237,-1,241,249,237,-1,259,235,261,-1,234,233,237,-1,260,261,262,-1,235,259,233,-1,239,262,230,-1,261,260,259,-1,230,232,239,-1,262,239,260,-1,263,264,265,-1,248,266,254,-1,267,232,231,-1,263,268,269,-1,267,270,264,-1,232,267,264,-1,217,271,216,-1,266,272,273,-1,271,274,216,-1,254,275,236,-1,274,272,276,-1,221,220,276,-1,277,278,279,-1,276,220,274,-1,222,221,252,-1,280,217,218,-1,219,281,218,-1,280,218,281,-1,257,255,269,-1,281,219,257,-1,268,282,279,-1,280,271,217,-1,269,281,257,-1,271,278,273,-1,280,281,283,-1,271,280,278,-1,221,276,252,-1,216,274,220,-1,272,274,273,-1,253,252,276,-1,269,283,281,-1,240,263,255,-1,279,278,283,-1,283,278,280,-1,283,268,279,-1,273,278,277,-1,272,248,253,-1,271,273,274,-1,273,277,266,-1,253,276,272,-1,255,263,269,-1,264,240,232,-1,277,279,284,-1,269,268,283,-1,268,265,282,-1,266,277,275,-1,279,282,284,-1,266,275,254,-1,284,275,277,-1,248,272,266,-1,240,264,263,-1,263,265,268,-1,270,285,265,-1,264,270,265,-1,285,286,282,-1,265,285,282,-1,286,287,284,-1,282,286,284,-1,236,275,287,-1,284,287,275,-1,288,285,270,-1,267,289,270,-1,288,270,289,-1,267,231,290,-1,290,289,267,-1,231,291,290,-1,292,285,288,-1,292,293,286,-1,286,285,292,-1,287,293,294,-1,293,287,286,-1,287,294,236,-1,295,261,235,-1,234,296,235,-1,295,235,296,-1,234,236,297,-1,297,296,234,-1,236,294,297,-1,298,261,295,-1,298,299,262,-1,262,261,298,-1,230,299,291,-1,299,230,262,-1,230,291,231,-1,299,298,295,-1,296,297,290,-1,291,299,295,-1,297,289,290,-1,295,296,291,-1,288,294,293,-1,289,294,288,-1,293,292,288,-1,289,297,294,-1,296,290,291,-1,
        ]
    }
}
Shape{
    appearance Appearance {
        material  Material 	{
            diffuseColor 0.2549019607843137 0.2549019607843137 0.2549019607843137
            specularColor 0.7529411764705882 0.7529411764705882 0.7529411764705882
            ambientIntensity 0.1176
            transparency 0.0
            shininess 0.5
        }
    }
    geometry IndexedFaceSet {
        ccw TRUE
        solid FALSE
        coord DEF co Coordinate {
            point [
                0.4941 -2.4606 0.5, 0.7106 -2.4606 0.5, 0.7106 -1.6732 0.5, 0.4941 -1.6732 0.5
            ]
        }
        coordIndex [
            0,1,2,-1,2,3,0,-1,
        ]
    }
}
Shape{
    appearance Appearance {
        material  Material 	{
            diffuseColor 0.8823529411764706 0.8823529411764706 0.8823529411764706
            specularColor 0.7529411764705882 0.7529411764705882 0.7529411764705882
            ambientIntensity 0.1176
            transparency 0.0
            shininess 0.5
        }
    }
    geometry IndexedFaceSet {
        ccw TRUE
        solid FALSE
        coord DEF co Coordinate {
            point [
                0.5133 0.8229 2.8335, 0.5173 -1.6732 1.5236, 0.5118 -2.1525 1.3107, 0.5571 -2.1165 1.241, 0.5365 -1.6732 1.4887, 0.5645 -1.6733 1.466, 0.5239 -2.1733 1.3509, 0.5154 0.8046 2.869, 0.5571 -2.1885 1.3803, 0.5361 0.7877 2.9016, 0.5732 0.7352 2.9014, 0.5523 0.7579 2.9016, 0.5239 -2.1317 1.2704, 0.6024 -2.1109 1.2302, 0.6024 -1.6732 1.4567, 0.6024 0.725 2.9016, 0.6024 -2.1941 1.3911, 0.5294 0.8406 2.7993, 0.5255 -1.6368 1.5237, 0.5613 0.8531 2.7751, 0.537 -1.6045 1.5237, 0.5524 -1.5768 1.5236, 0.5726 -1.5547 1.5237, 0.6024 0.8577 2.7663, 0.6024 -1.5439 1.5236, 0.5118 -2.172 0.6861, 0.5239 -2.1953 0.6473, 0.5118 -2.2461 0.7451, 0.5571 -2.2552 1.0746, 0.5571 -2.2244 1.1418, 0.6024 -2.2144 1.1348, 0.5239 -2.0973 0.605, 0.5571 -1.992 0.5568, 0.5571 -2.1063 0.5731, 0.6024 -1.6704 0.6767, 0.6024 -1.7645 0.6044, 0.5571 -1.7706 0.6149, 0.5239 -1.8858 0.6032, 0.5239 -1.9917 0.59, 0.5118 -1.9913 0.6353, 0.5118 -1.8973 0.647, 0.5571 -1.8774 0.5711, 0.5118 -2.085 0.6486, 0.5571 -1.8488 0.7509, 0.5239 -1.8323 0.7221, 0.5571 -1.9172 0.7228, 0.5239 -1.9088 0.6907, 0.5571 -1.9906 0.7137, 0.6024 -1.8552 0.7612, 0.6024 -1.7988 0.8045, 0.5571 -1.7902 0.7959, 0.5239 -1.7667 0.7725, 0.5571 -2.0638 0.7241, 0.5571 -2.1317 0.7534, 0.6024 -2.125 0.7637, 0.6024 -2.1802 0.8075, 0.5571 -2.1895 0.7995, 0.5571 -2.2332 0.8591, 0.6024 -2.2223 0.8644, 0.5239 -2.2787 0.7138, 0.5118 -2.3021 0.8215, 0.5239 -2.3418 0.7998, 0.5118 -2.3361 0.9099, 0.5239 -2.3801 0.8994, 0.5118 -2.3457 1.0041, 0.6024 -2.0604 0.7358, 0.5239 -2.3909 1.0055, 0.5118 -2.3302 1.0976, 0.6024 -2.2551 1.0011, 0.5571 -2.2598 0.9281, 0.5571 -2.2673 1.0017, 0.5118 -2.2908 1.1837, 0.5239 -2.3735 1.1108, 0.6024 -2.2479 0.9307, 0.5239 -2.3291 1.2078, 0.5118 -2.2301 1.2564, 0.5239 -2.2607 1.2897, 0.5239 -2.1995 1.223, 0.5571 -2.2832 1.3141, 0.6024 -2.2914 1.3231, 0.5118 -1.8097 0.6829, 0.5571 -2.1771 1.1986, 0.6024 -2.1691 1.1894, 0.5571 -2.3571 1.2255, 0.5239 -2.2524 1.1595, 0.6024 -2.3674 1.2319, 0.6024 -2.2437 1.0704, 0.5571 -2.4052 1.1205, 0.5239 -2.2869 1.0843, 0.6024 -2.4168 1.124, 0.5571 -2.424 1.0066, 0.5239 -2.3004 1.0027, 0.6024 -2.4362 1.0069, 0.5571 -2.4123 0.8917, 0.6024 -2.4241 0.8889, 0.5239 -2.292 0.9204, 0.5571 -2.3709 0.7839, 0.5239 -2.2623 0.8432, 0.6024 -2.3815 0.7781, 0.5571 -2.3026 0.6908, 0.5239 -2.2134 0.7765, 0.6024 -2.3114 0.6824, 0.5571 -2.2123 0.6189, 0.6024 -1.99 0.7258, 0.6024 -2.2186 0.6085, 0.5239 -2.1487 0.725, 0.5239 -2.0728 0.6922, 0.6024 -2.1096 0.5615, 0.6024 -1.9197 0.7348, 0.5239 -1.9909 0.6805, 0.6024 -1.9921 0.5447, 0.6024 -1.8743 0.5594, 0.5239 -1.7871 0.6437, 0.5118 -1.7346 0.7406, 0.5239 -1.7025 0.7086, 0.5571 -1.679 0.6853, 0.6808 -2.1487 0.725, 0.6929 -2.172 0.6861, 0.6929 -2.085 0.6486, 0.6808 -2.1317 1.2704, 0.6929 -2.1525 1.3107, 0.6929 -2.2301 1.2564, 0.6476 -1.992 0.5568, 0.6476 -1.7902 0.7959, 0.6808 -1.9088 0.6907, 0.6808 -1.9909 0.6805, 0.6929 -1.8973 0.647, 0.6476 -1.9172 0.7228, 0.6808 -2.2134 0.7765, 0.6929 -2.2461 0.7451, 0.6476 -1.8774 0.5711, 0.6476 -1.9906 0.7137, 0.6476 -2.0638 0.7241, 0.6929 -1.9913 0.6353, 0.6808 -2.0728 0.6922, 0.6476 -1.8488 0.7509, 0.6808 -1.7871 0.6437, 0.6476 -1.679 0.6853, 0.6808 -1.7025 0.7086, 0.6808 -1.8858 0.6032, 0.6476 -1.7706 0.6149, 0.6808 -2.2623 0.8432, 0.6929 -2.3021 0.8215, 0.6808 -2.292 0.9204, 0.6929 -2.3361 0.9099, 0.6476 -2.1063 0.5731, 0.6808 -2.3004 1.0027, 0.6929 -2.3457 1.0041, 0.6476 -2.3709 0.7839, 0.6476 -2.3026 0.6908, 0.6476 -2.4123 0.8917, 0.6929 -2.3302 1.0976, 0.6808 -2.2869 1.0843, 0.6476 -2.424 1.0066, 0.6476 -2.4052 1.1205, 0.6808 -2.2524 1.1595, 0.6929 -2.2908 1.1837, 0.6808 -2.1995 1.223, 0.6808 -2.2607 1.2897, 0.6476 -2.1165 1.241, 0.6476 -2.1771 1.1986, 0.6808 -2.1733 1.3509, 0.6476 -2.1885 1.3803, 0.6476 -2.2832 1.3141, 0.6476 -2.3571 1.2255, 0.6808 -2.3291 1.2078, 0.6476 -2.2244 1.1418, 0.6476 -2.2552 1.0746, 0.6808 -2.3735 1.1108, 0.6476 -2.2673 1.0017, 0.6808 -2.3909 1.0055, 0.6808 -2.3801 0.8994, 0.6476 -2.2598 0.9281, 0.6808 -2.3418 0.7998, 0.6476 -2.2332 0.8591, 0.6476 -2.1895 0.7995, 0.6476 -2.2123 0.6189, 0.6808 -2.2787 0.7138, 0.6476 -2.1317 0.7534, 0.6808 -2.1953 0.6473, 0.6808 -2.0973 0.605, 0.6808 -1.9917 0.59, 0.6929 -1.8097 0.6829, 0.6808 -1.8323 0.7221, 0.6929 -1.7346 0.7406, 0.6808 -1.7667 0.7725, 0.6808 -1.5931 0.8186, 0.6476 -1.5696 0.7952, 0.6929 -1.6251 0.8505, 0.6024 -1.561 0.7866, 0.6808 -1.6572 0.8825, 0.6476 -1.6807 0.9058, 0.6024 -1.6893 0.9144, 0.5118 -1.6251 0.8505, 0.5239 -1.6572 0.8825, 0.5571 -1.6807 0.9058, 0.5239 -1.5931 0.8186, 0.5571 -1.5696 0.7952, 0.5239 -1.6184 0.9124, 0.5571 -1.5817 0.9632, 0.5239 -1.5731 0.9312, 0.6024 -1.5501 0.7949, 0.5571 -1.5564 0.8054, 0.5571 -1.541 0.8118, 0.5118 -1.5957 0.8732, 0.6024 -1.5245 0.9829, 0.5571 -1.5245 0.9708, 0.6024 -1.538 0.8, 0.5239 -1.573 0.834, 0.5571 -1.5245 0.8139, 0.6024 -1.5245 0.8018, 0.5571 -1.635 0.9411, 0.6024 -1.6411 0.9516, 0.6024 -1.5848 0.9749, 0.5239 -1.5245 0.9376, 0.5118 -1.5613 0.8875, 0.5239 -1.5496 0.8438, 0.5118 -1.5245 0.8924, 0.5239 -1.5245 0.8471, 0.6476 -1.541 0.8118, 0.6476 -1.5245 0.8139, 0.6808 -1.5245 0.8471, 0.6808 -1.6184 0.9124, 0.6808 -1.573 0.834, 0.6929 -1.5957 0.8732, 0.6476 -1.635 0.9411, 0.6476 -1.5817 0.9632, 0.6476 -1.5564 0.8054, 0.6808 -1.5496 0.8438, 0.6929 -1.5613 0.8875, 0.6808 -1.5731 0.9312, 0.6476 -1.5245 0.9708, 0.6929 -1.5245 0.8924, 0.6808 -1.5245 0.9376, 0.6929 -0.689 0.8924, 0.6808 -0.689 0.8471, 0.6476 -0.689 0.8139, 0.6024 -0.689 0.8018, 0.6808 -0.689 0.9376, 0.6476 -0.689 0.9708, 0.6024 -0.689 0.9829, 0.5118 -0.689 0.8924, 0.5239 -0.689 0.9376, 0.5571 -0.689 0.9708, 0.5239 -0.689 0.8471, 0.5571 -0.689 0.8139, 0.5239 -0.6142 0.9258, 0.5118 -0.6281 0.8827, 0.5571 -0.5705 0.6955, 0.6024 -0.5827 0.6955, 0.6024 -0.5883 0.7291, 0.5239 -0.4587 0.7703, 0.5571 -0.4137 0.6955, 0.5239 -0.4469 0.6955, 0.6024 -0.4016 0.6955, 0.5571 -0.4272 0.7806, 0.5571 -0.5932 0.7651, 0.5571 -0.5763 0.7321, 0.6024 -0.6036 0.7584, 0.5239 -0.4931 0.8378, 0.5239 -0.5999 0.8181, 0.5118 -0.5297 0.8112, 0.5239 -0.5664 0.7846, 0.5571 -0.6524 0.8081, 0.5239 -0.6421 0.8397, 0.5571 -0.5272 0.9182, 0.6024 -0.4565 0.8644, 0.5571 -0.4663 0.8573, 0.5118 -0.5733 0.8548, 0.5571 -0.6039 0.9573, 0.6024 -0.6002 0.9688, 0.6024 -0.52 0.928, 0.6024 -0.4156 0.7843, 0.6024 -0.6269 0.7818, 0.5239 -0.5467 0.8914, 0.6024 -0.6554 0.7962, 0.5571 -0.6194 0.7913, 0.5118 -0.5018 0.7563, 0.5239 -0.5448 0.7424, 0.5118 -0.4921 0.6955, 0.5239 -0.5374 0.6955, 0.6476 -0.5932 0.7651, 0.6476 -0.5763 0.7321, 0.6808 -0.5448 0.7424, 0.6476 -0.4663 0.8573, 0.6476 -0.5705 0.6955, 0.6808 -0.5664 0.7846, 0.6476 -0.6194 0.7913, 0.6808 -0.5374 0.6955, 0.6929 -0.6281 0.8827, 0.6476 -0.5272 0.9182, 0.6808 -0.5467 0.8914, 0.6808 -0.6142 0.9258, 0.6476 -0.4272 0.7806, 0.6476 -0.6039 0.9573, 0.6808 -0.4931 0.8378, 0.6929 -0.5733 0.8548, 0.6929 -0.5297 0.8112, 0.6808 -0.6421 0.8397, 0.6476 -0.6524 0.8081, 0.6929 -0.5018 0.7563, 0.6808 -0.5999 0.8181, 0.6808 -0.4587 0.7703, 0.6929 -0.4921 0.6955, 0.6808 -0.4469 0.6955, 0.6476 -0.4137 0.6955, 0.6929 -0.4921 -1.1811, 0.6808 -0.5374 -1.1811, 0.6476 -0.5705 -1.1811, 0.6024 -0.5827 -1.1811, 0.6808 -0.4469 -1.1811, 0.6476 -0.4137 -1.1811, 0.6024 -0.4016 -1.1811, 0.5118 -0.4921 -1.1811, 0.5239 -0.4469 -1.1811, 0.5571 -0.4137 -1.1811, 0.5239 -0.5374 -1.1811, 0.5571 -0.5705 -1.1811
            ]
        }
        coordIndex [
            0,1,2,-1,3,4,5,-1,6,7,2,-1,0,2,7,-1,6,8,9,-1,9,7,6,-1,10,11,8,-1,2,1,12,-1,5,13,3,-1,14,13,5,-1,4,3,12,-1,4,12,1,-1,15,10,16,-1,8,16,10,-1,11,9,8,-1,0,17,1,-1,17,18,1,-1,19,20,17,-1,18,17,20,-1,21,19,22,-1,21,20,19,-1,19,23,22,-1,22,23,24,-1,25,26,27,-1,28,29,30,-1,31,32,33,-1,34,35,36,-1,37,38,39,-1,39,40,37,-1,38,41,32,-1,25,42,31,-1,43,44,45,-1,45,46,47,-1,48,49,50,-1,51,43,50,-1,48,50,43,-1,52,53,54,-1,55,53,56,-1,56,57,58,-1,59,60,27,-1,60,61,62,-1,63,64,62,-1,65,52,54,-1,64,66,67,-1,68,69,70,-1,71,67,72,-1,58,57,73,-1,71,74,75,-1,76,2,75,-1,77,75,12,-1,6,78,8,-1,6,76,78,-1,79,16,8,-1,12,75,2,-1,77,12,3,-1,46,80,40,-1,81,3,13,-1,3,81,77,-1,82,81,13,-1,30,29,82,-1,69,68,73,-1,29,81,82,-1,83,78,76,-1,81,84,77,-1,75,77,71,-1,85,79,78,-1,2,76,6,-1,74,83,76,-1,79,8,78,-1,29,84,81,-1,86,28,30,-1,87,83,74,-1,84,71,77,-1,29,88,84,-1,67,71,84,-1,89,85,83,-1,75,74,76,-1,72,87,74,-1,85,78,83,-1,28,88,29,-1,68,70,86,-1,72,90,87,-1,88,67,84,-1,28,91,88,-1,67,88,64,-1,92,89,87,-1,71,72,74,-1,72,66,90,-1,89,83,87,-1,28,70,91,-1,70,28,86,-1,93,90,66,-1,91,64,88,-1,58,55,56,-1,64,91,62,-1,90,94,92,-1,67,66,72,-1,63,93,66,-1,92,87,90,-1,70,95,91,-1,95,70,69,-1,96,93,63,-1,95,62,91,-1,69,97,95,-1,62,95,60,-1,98,94,93,-1,64,63,66,-1,61,96,63,-1,94,90,93,-1,69,57,97,-1,57,69,73,-1,99,96,61,-1,97,60,95,-1,97,57,100,-1,60,97,27,-1,101,98,96,-1,62,61,63,-1,59,99,61,-1,98,93,96,-1,56,100,57,-1,54,53,55,-1,102,99,59,-1,100,27,97,-1,65,103,47,-1,27,100,25,-1,104,101,99,-1,60,59,61,-1,26,102,59,-1,101,96,99,-1,56,105,100,-1,105,56,53,-1,33,102,26,-1,105,25,100,-1,53,106,105,-1,25,105,42,-1,107,104,102,-1,27,26,59,-1,31,33,26,-1,104,99,102,-1,52,106,53,-1,108,45,103,-1,42,39,38,-1,106,42,105,-1,106,52,109,-1,42,106,39,-1,110,107,33,-1,25,31,26,-1,38,32,31,-1,107,102,33,-1,52,47,109,-1,47,52,65,-1,40,39,109,-1,109,39,106,-1,109,46,40,-1,36,41,37,-1,111,110,32,-1,42,38,31,-1,37,41,38,-1,110,33,32,-1,103,45,47,-1,108,48,43,-1,37,40,112,-1,47,46,109,-1,46,44,80,-1,41,36,35,-1,80,112,40,-1,35,111,41,-1,112,36,37,-1,111,32,41,-1,108,43,45,-1,45,44,46,-1,51,113,44,-1,43,51,44,-1,113,114,80,-1,44,113,80,-1,114,115,112,-1,80,114,112,-1,112,115,36,-1,34,36,115,-1,116,117,118,-1,119,120,121,-1,111,122,110,-1,49,48,123,-1,124,125,126,-1,127,108,103,-1,128,129,117,-1,130,111,35,-1,131,132,125,-1,133,134,118,-1,48,108,135,-1,136,137,138,-1,136,139,140,-1,129,141,142,-1,34,137,140,-1,143,144,142,-1,107,110,145,-1,144,146,147,-1,148,101,149,-1,98,148,150,-1,104,149,101,-1,151,147,152,-1,92,153,154,-1,155,156,151,-1,98,150,94,-1,156,157,121,-1,121,157,119,-1,120,158,121,-1,119,157,159,-1,160,13,159,-1,35,34,140,-1,161,158,120,-1,162,79,163,-1,161,162,163,-1,163,158,161,-1,79,162,16,-1,79,85,163,-1,92,154,89,-1,163,85,164,-1,160,157,155,-1,164,165,158,-1,160,159,157,-1,165,156,121,-1,156,155,157,-1,82,160,166,-1,160,82,13,-1,163,164,158,-1,85,89,164,-1,167,166,152,-1,158,165,121,-1,168,165,154,-1,166,160,155,-1,168,151,156,-1,151,152,155,-1,30,166,167,-1,166,30,82,-1,165,164,154,-1,89,154,164,-1,169,167,146,-1,165,168,156,-1,153,170,168,-1,152,147,146,-1,151,170,147,-1,155,152,166,-1,86,167,169,-1,167,86,30,-1,154,153,168,-1,92,94,153,-1,146,143,169,-1,168,170,151,-1,150,171,170,-1,143,146,144,-1,147,171,144,-1,152,146,167,-1,68,169,172,-1,169,68,86,-1,170,153,150,-1,94,150,153,-1,141,172,143,-1,170,171,147,-1,173,171,148,-1,73,172,174,-1,173,142,144,-1,142,141,143,-1,68,172,73,-1,169,143,172,-1,150,148,171,-1,98,101,148,-1,128,175,174,-1,171,173,144,-1,107,176,104,-1,141,174,172,-1,177,129,142,-1,129,128,141,-1,58,174,175,-1,174,58,73,-1,173,149,177,-1,149,173,148,-1,178,175,116,-1,173,177,142,-1,176,179,177,-1,128,117,116,-1,179,117,129,-1,141,128,174,-1,55,175,178,-1,175,55,58,-1,177,149,176,-1,104,176,149,-1,132,178,134,-1,177,179,129,-1,179,145,180,-1,116,118,134,-1,180,118,117,-1,128,116,175,-1,54,178,132,-1,178,54,55,-1,179,176,145,-1,107,145,176,-1,127,131,124,-1,179,180,117,-1,122,181,180,-1,134,133,125,-1,133,118,181,-1,116,134,178,-1,65,132,131,-1,132,65,54,-1,180,145,122,-1,110,122,145,-1,125,133,126,-1,180,181,118,-1,181,130,139,-1,131,125,124,-1,139,126,133,-1,134,125,132,-1,103,131,127,-1,131,103,65,-1,181,122,130,-1,111,130,122,-1,136,182,126,-1,181,139,133,-1,136,126,139,-1,182,183,124,-1,182,124,126,-1,135,127,183,-1,127,124,183,-1,108,127,135,-1,130,35,140,-1,139,130,140,-1,182,138,184,-1,137,136,140,-1,183,184,185,-1,138,182,136,-1,135,185,123,-1,184,183,182,-1,123,48,135,-1,185,135,183,-1,186,138,137,-1,137,187,186,-1,138,186,188,-1,137,34,187,-1,34,189,187,-1,184,138,188,-1,184,188,190,-1,190,191,185,-1,185,184,190,-1,123,191,192,-1,191,123,185,-1,123,192,49,-1,193,51,194,-1,195,50,49,-1,194,50,195,-1,51,50,194,-1,49,192,195,-1,51,193,113,-1,113,193,196,-1,196,197,114,-1,114,113,196,-1,115,197,189,-1,197,115,114,-1,115,189,34,-1,198,199,200,-1,201,202,203,-1,193,194,198,-1,193,198,204,-1,205,206,199,-1,201,203,207,-1,197,196,208,-1,201,189,202,-1,207,209,210,-1,196,204,208,-1,202,189,197,-1,204,196,193,-1,211,194,195,-1,211,198,194,-1,192,212,195,-1,195,212,211,-1,212,213,211,-1,199,213,205,-1,200,206,214,-1,200,215,204,-1,200,204,198,-1,215,216,208,-1,215,208,204,-1,203,209,207,-1,202,208,216,-1,197,208,202,-1,211,213,199,-1,198,211,199,-1,215,214,217,-1,206,200,199,-1,216,217,218,-1,214,215,200,-1,203,218,209,-1,217,216,215,-1,218,203,216,-1,202,216,203,-1,219,220,221,-1,190,188,222,-1,207,220,219,-1,186,223,224,-1,207,210,220,-1,222,225,190,-1,186,224,188,-1,213,226,205,-1,191,212,192,-1,191,190,225,-1,222,226,225,-1,224,222,188,-1,187,227,223,-1,227,219,228,-1,201,227,189,-1,224,223,229,-1,189,227,187,-1,201,207,219,-1,222,224,230,-1,187,223,186,-1,223,228,229,-1,231,205,226,-1,229,230,224,-1,213,212,225,-1,230,226,222,-1,212,191,225,-1,201,219,227,-1,227,228,223,-1,221,232,228,-1,219,221,228,-1,232,233,229,-1,228,232,229,-1,233,231,230,-1,229,233,230,-1,231,226,230,-1,213,225,226,-1,234,232,221,-1,220,235,221,-1,234,221,235,-1,220,210,236,-1,236,235,220,-1,210,237,236,-1,238,232,234,-1,238,239,233,-1,233,232,238,-1,231,239,240,-1,239,231,233,-1,231,240,205,-1,241,217,214,-1,206,242,214,-1,241,214,242,-1,206,205,243,-1,243,242,206,-1,205,240,243,-1,244,217,241,-1,244,245,218,-1,218,217,244,-1,209,245,237,-1,245,209,218,-1,209,237,210,-1,241,246,247,-1,248,249,250,-1,241,242,246,-1,251,252,253,-1,254,252,255,-1,256,257,258,-1,255,251,259,-1,260,261,262,-1,260,263,264,-1,245,244,264,-1,257,250,258,-1,247,244,241,-1,244,247,264,-1,263,237,245,-1,265,266,267,-1,247,268,264,-1,269,246,242,-1,240,270,243,-1,242,243,269,-1,269,243,270,-1,270,271,269,-1,254,255,272,-1,271,265,269,-1,258,273,256,-1,265,274,246,-1,275,263,276,-1,247,274,268,-1,268,260,264,-1,237,263,275,-1,245,264,263,-1,269,265,246,-1,271,266,265,-1,260,268,261,-1,246,274,247,-1,274,267,259,-1,276,260,262,-1,259,261,268,-1,276,256,273,-1,275,276,273,-1,263,260,276,-1,265,267,274,-1,266,272,267,-1,251,277,261,-1,274,259,268,-1,251,261,259,-1,277,278,262,-1,277,262,261,-1,256,278,257,-1,256,262,278,-1,276,262,256,-1,267,272,255,-1,259,267,255,-1,277,253,279,-1,252,251,255,-1,278,279,280,-1,253,277,251,-1,257,280,248,-1,279,278,277,-1,248,250,257,-1,280,257,278,-1,281,282,283,-1,266,284,272,-1,285,250,249,-1,281,286,287,-1,285,288,282,-1,250,285,282,-1,235,289,234,-1,284,290,291,-1,289,292,234,-1,272,293,254,-1,292,290,294,-1,239,238,294,-1,295,296,297,-1,294,238,292,-1,240,239,270,-1,298,235,236,-1,237,299,236,-1,298,236,299,-1,275,273,287,-1,299,237,275,-1,286,300,297,-1,298,289,235,-1,287,299,275,-1,289,296,291,-1,298,299,301,-1,289,298,296,-1,239,294,270,-1,234,292,238,-1,290,292,291,-1,271,270,294,-1,287,301,299,-1,258,281,273,-1,297,296,301,-1,301,296,298,-1,301,286,297,-1,291,296,295,-1,290,266,271,-1,289,291,292,-1,291,295,284,-1,271,294,290,-1,273,281,287,-1,282,258,250,-1,295,297,302,-1,287,286,301,-1,286,283,300,-1,284,295,293,-1,297,300,302,-1,284,293,272,-1,302,293,295,-1,266,290,284,-1,258,282,281,-1,281,283,286,-1,288,303,283,-1,282,288,283,-1,303,304,300,-1,283,303,300,-1,304,305,302,-1,300,304,302,-1,254,293,305,-1,302,305,293,-1,306,303,288,-1,285,307,288,-1,306,288,307,-1,285,249,308,-1,308,307,285,-1,249,309,308,-1,310,303,306,-1,310,311,304,-1,304,303,310,-1,305,311,312,-1,311,305,304,-1,305,312,254,-1,313,279,253,-1,252,314,253,-1,313,253,314,-1,252,254,315,-1,315,314,252,-1,254,312,315,-1,316,279,313,-1,316,317,280,-1,280,279,316,-1,248,317,309,-1,317,248,280,-1,248,309,249,-1,317,316,313,-1,314,315,308,-1,309,317,313,-1,315,307,308,-1,313,314,309,-1,306,312,311,-1,307,312,306,-1,311,310,306,-1,307,315,312,-1,314,308,309,-1,
        ]
    }
}
Shape{
    appearance Appearance {
        material  Material 	{
            diffuseColor 0.2549019607843137 0.2549019607843137 0.2549019607843137
            specularColor 0.7529411764705882 0.7529411764705882 0.7529411764705882
            ambientIntensity 0.1176
            transparency 0.0
            shininess 0.5
        }
    }
    geometry IndexedFaceSet {
        ccw TRUE
        solid FALSE
        coord DEF co Coordinate {
            point [
                -0.7106 0.689 2.9016, -0.7106 0.689 1.5236, -0.7106 1.3583 1.5236, -0.7106 1.3583 2.9016
            ]
        }
        coordIndex [
            0,1,2,-1,2,3,0,-1,
        ]
    }
}
Shape{
    appearance Appearance {
        material  Material 	{
            diffuseColor 0.8823529411764706 0.8823529411764706 0.8823529411764706
            specularColor 0.7529411764705882 0.7529411764705882 0.7529411764705882
            ambientIntensity 0.1176
            transparency 0.0
            shininess 0.5
        }
    }
    geometry IndexedFaceSet {
        ccw TRUE
        solid FALSE
        coord DEF co Coordinate {
            point [
                -0.6929 -2.172 0.6861, -0.6808 -2.1953 0.6473, -0.6929 -2.2461 0.7451, -0.6476 -2.2552 1.0746, -0.6476 -2.2244 1.1418, -0.6024 -2.2144 1.1348, -0.6808 -2.0973 0.605, -0.6476 -1.992 0.5568, -0.6476 -2.1063 0.5731, -0.6024 -1.6704 0.6767, -0.6024 -1.7645 0.6044, -0.6476 -1.7706 0.6149, -0.6808 -1.8858 0.6032, -0.6808 -1.9917 0.59, -0.6929 -1.9913 0.6353, -0.6929 -1.8973 0.647, -0.6476 -1.8774 0.5711, -0.6929 -2.085 0.6486, -0.6476 -1.8488 0.7509, -0.6808 -1.8323 0.7221, -0.6476 -1.9172 0.7228, -0.6808 -1.9088 0.6907, -0.6476 -1.9906 0.7137, -0.6024 -1.8552 0.7612, -0.6024 -1.7988 0.8045, -0.6476 -1.7902 0.7959, -0.6808 -1.7667 0.7725, -0.6476 -2.0638 0.7241, -0.6476 -2.1317 0.7534, -0.6024 -2.125 0.7637, -0.6024 -2.1802 0.8075, -0.6476 -2.1895 0.7995, -0.6476 -2.2332 0.8591, -0.6024 -2.2223 0.8644, -0.6808 -2.2787 0.7138, -0.6929 -2.3021 0.8215, -0.6808 -2.3418 0.7998, -0.6929 -2.3361 0.9099, -0.6808 -2.3801 0.8994, -0.6929 -2.3457 1.0041, -0.6024 -2.0604 0.7358, -0.6808 -2.3909 1.0055, -0.6929 -2.3302 1.0976, -0.6024 -2.2551 1.0011, -0.6476 -2.2598 0.9281, -0.6476 -2.2673 1.0017, -0.6929 -2.2908 1.1837, -0.6808 -2.3735 1.1108, -0.6024 -2.2479 0.9307, -0.6808 -2.3291 1.2078, -0.6929 -2.2301 1.2564, -0.6808 -2.2607 1.2897, -0.6929 -2.1525 1.3107, -0.6808 -2.1995 1.223, -0.6808 -2.1317 1.2704, -0.6808 -2.1733 1.3509, -0.6476 -2.2832 1.3141, -0.6476 -2.1885 1.3803, -0.6024 -2.2914 1.3231, -0.6024 -2.1941 1.3911, -0.6476 -2.1165 1.241, -0.6929 -1.8097 0.6829, -0.6476 -2.1771 1.1986, -0.6024 -2.1109 1.2302, -0.6024 -2.1691 1.1894, -0.6476 -2.3571 1.2255, -0.6808 -2.2524 1.1595, -0.6024 -2.3674 1.2319, -0.6024 -2.2437 1.0704, -0.6476 -2.4052 1.1205, -0.6808 -2.2869 1.0843, -0.6024 -2.4168 1.124, -0.6476 -2.424 1.0066, -0.6808 -2.3004 1.0027, -0.6024 -2.4362 1.0069, -0.6476 -2.4123 0.8917, -0.6024 -2.4241 0.8889, -0.6808 -2.292 0.9204, -0.6476 -2.3709 0.7839, -0.6808 -2.2623 0.8432, -0.6024 -2.3815 0.7781, -0.6476 -2.3026 0.6908, -0.6808 -2.2134 0.7765, -0.6024 -2.3114 0.6824, -0.6476 -2.2123 0.6189, -0.6024 -1.99 0.7258, -0.6024 -2.2186 0.6085, -0.6808 -2.1487 0.725, -0.6808 -2.0728 0.6922, -0.6024 -2.1096 0.5615, -0.6024 -1.9197 0.7348, -0.6808 -1.9909 0.6805, -0.6024 -1.9921 0.5447, -0.6024 -1.8743 0.5594, -0.6808 -1.7871 0.6437, -0.6929 -1.7346 0.7406, -0.6808 -1.7025 0.7086, -0.6476 -1.679 0.6853, -0.524 -2.1487 0.725, -0.5118 -2.172 0.6861, -0.5118 -2.085 0.6486, -0.524 -2.1317 1.2704, -0.5118 -2.1525 1.3107, -0.5118 -2.2301 1.2564, -0.5571 -1.992 0.5568, -0.5571 -1.7902 0.7959, -0.524 -1.9088 0.6907, -0.524 -1.9909 0.6805, -0.5118 -1.8973 0.647, -0.5571 -1.9172 0.7228, -0.524 -2.2134 0.7765, -0.5118 -2.2461 0.7451, -0.5571 -1.8774 0.5711, -0.5571 -1.9906 0.7137, -0.5571 -2.0638 0.7241, -0.5118 -1.9913 0.6353, -0.524 -2.0728 0.6922, -0.5571 -1.8488 0.7509, -0.524 -1.7871 0.6437, -0.5571 -1.679 0.6853, -0.524 -1.7025 0.7086, -0.524 -1.8858 0.6032, -0.5571 -1.7706 0.6149, -0.524 -2.2623 0.8432, -0.5118 -2.3021 0.8215, -0.524 -2.292 0.9204, -0.5118 -2.3361 0.9099, -0.5571 -2.1063 0.5731, -0.524 -2.3004 1.0027, -0.5118 -2.3457 1.0041, -0.5571 -2.3709 0.7839, -0.5571 -2.3026 0.6908, -0.5571 -2.4123 0.8917, -0.5118 -2.3302 1.0976, -0.524 -2.2869 1.0843, -0.5571 -2.424 1.0066, -0.5571 -2.4052 1.1205, -0.524 -2.2524 1.1595, -0.5118 -2.2908 1.1837, -0.524 -2.1995 1.223, -0.524 -2.2607 1.2897, -0.5571 -2.1165 1.241, -0.5571 -2.1771 1.1986, -0.524 -2.1733 1.3509, -0.5571 -2.1885 1.3803, -0.5571 -2.2832 1.3141, -0.5571 -2.3571 1.2255, -0.524 -2.3291 1.2078, -0.5571 -2.2244 1.1418, -0.5571 -2.2552 1.0746, -0.524 -2.3735 1.1108, -0.5571 -2.2673 1.0017, -0.524 -2.3909 1.0055, -0.524 -2.3801 0.8994, -0.5571 -2.2598 0.9281, -0.524 -2.3418 0.7998, -0.5571 -2.2332 0.8591, -0.5571 -2.1895 0.7995, -0.5571 -2.2123 0.6189, -0.524 -2.2787 0.7138, -0.5571 -2.1317 0.7534, -0.524 -2.1953 0.6473, -0.524 -2.0973 0.605, -0.524 -1.9917 0.59, -0.5118 -1.8097 0.6829, -0.524 -1.8323 0.7221, -0.5118 -1.7346 0.7406, -0.524 -1.7667 0.7725, -0.524 -1.5931 0.8186, -0.5571 -1.5696 0.7952, -0.5118 -1.6251 0.8505, -0.6024 -1.561 0.7866, -0.524 -1.6572 0.8825, -0.5571 -1.6807 0.9058, -0.6024 -1.6893 0.9144, -0.6929 -1.6251 0.8505, -0.6808 -1.6572 0.8825, -0.6476 -1.6807 0.9058, -0.6808 -1.5931 0.8186, -0.6476 -1.5696 0.7952, -0.6808 -1.6184 0.9124, -0.6476 -1.5817 0.9632, -0.6808 -1.5731 0.9312, -0.6024 -1.5501 0.7949, -0.6476 -1.5564 0.8054, -0.6476 -1.541 0.8118, -0.6929 -1.5957 0.8732, -0.6024 -1.5245 0.9829, -0.6476 -1.5245 0.9708, -0.6024 -1.538 0.8, -0.6808 -1.573 0.834, -0.6476 -1.5245 0.8139, -0.6024 -1.5245 0.8018, -0.6476 -1.635 0.9411, -0.6024 -1.6411 0.9516, -0.6024 -1.5848 0.9749, -0.6808 -1.5245 0.9376, -0.6929 -1.5613 0.8875, -0.6808 -1.5496 0.8438, -0.6929 -1.5245 0.8924, -0.6808 -1.5245 0.8471, -0.5571 -1.541 0.8118, -0.5571 -1.5245 0.8139, -0.524 -1.5245 0.8471, -0.524 -1.6184 0.9124, -0.524 -1.573 0.834, -0.5118 -1.5957 0.8732, -0.5571 -1.635 0.9411, -0.5571 -1.5817 0.9632, -0.5571 -1.5564 0.8054, -0.524 -1.5496 0.8438, -0.5118 -1.5613 0.8875, -0.524 -1.5731 0.9312, -0.5571 -1.5245 0.9708, -0.5118 -1.5245 0.8924, -0.524 -1.5245 0.9376, -0.5118 0.311 0.8924, -0.524 0.311 0.8471, -0.5571 0.311 0.8139, -0.6024 0.311 0.8018, -0.524 0.311 0.9376, -0.5571 0.311 0.9708, -0.6024 0.311 0.9829, -0.6929 0.311 0.8924, -0.6808 0.311 0.9376, -0.6476 0.311 0.9708, -0.6808 0.311 0.8471, -0.6476 0.311 0.8139, -0.6808 0.3858 0.9258, -0.6929 0.3719 0.8827, -0.6476 0.4295 0.6955, -0.6024 0.4173 0.6955, -0.6024 0.4117 0.7291, -0.6808 0.5413 0.7703, -0.6476 0.5863 0.6955, -0.6808 0.5531 0.6955, -0.6024 0.5984 0.6955, -0.6476 0.5728 0.7806, -0.6476 0.4068 0.7651, -0.6476 0.4237 0.7321, -0.6024 0.3964 0.7584, -0.6808 0.5069 0.8378, -0.6808 0.4001 0.8181, -0.6929 0.4703 0.8112, -0.6808 0.4336 0.7846, -0.6476 0.3476 0.8081, -0.6808 0.3579 0.8397, -0.6476 0.4728 0.9182, -0.6024 0.5435 0.8644, -0.6476 0.5337 0.8573, -0.6929 0.4267 0.8548, -0.6476 0.3961 0.9573, -0.6024 0.3998 0.9688, -0.6024 0.48 0.928, -0.6024 0.5844 0.7843, -0.6024 0.3731 0.7818, -0.6808 0.4533 0.8914, -0.6024 0.3446 0.7962, -0.6476 0.3806 0.7913, -0.6929 0.4982 0.7563, -0.6808 0.4552 0.7424, -0.6929 0.5079 0.6955, -0.6808 0.4626 0.6955, -0.5571 0.3806 0.7913, -0.5571 0.4068 0.7651, -0.524 0.4336 0.7846, -0.5571 0.5337 0.8573, -0.5571 0.4295 0.6955, -0.5571 0.4237 0.7321, -0.524 0.4626 0.6955, -0.524 0.4552 0.7424, -0.5118 0.3719 0.8827, -0.524 0.3858 0.9258, -0.5571 0.5728 0.7806, -0.5571 0.4728 0.9182, -0.524 0.4533 0.8914, -0.5571 0.3961 0.9573, -0.524 0.5069 0.8378, -0.5118 0.4267 0.8548, -0.5118 0.4703 0.8112, -0.524 0.3579 0.8397, -0.5571 0.3476 0.8081, -0.5118 0.4982 0.7563, -0.524 0.4001 0.8181, -0.524 0.5413 0.7703, -0.5118 0.5079 0.6955, -0.524 0.5531 0.6955, -0.5571 0.5863 0.6955, -0.5118 0.5079 -1.1811, -0.524 0.4626 -1.1811, -0.5571 0.4295 -1.1811, -0.6024 0.4173 -1.1811, -0.524 0.5531 -1.1811, -0.5571 0.5863 -1.1811, -0.6024 0.5984 -1.1811, -0.6929 0.5079 -1.1811, -0.6808 0.5531 -1.1811, -0.6476 0.5863 -1.1811, -0.6808 0.4626 -1.1811, -0.6476 0.4295 -1.1811, -0.8919 -0.8663 0.2362, -0.8919 -0.8663 0.2283, -0.8919 -1.2559 0.2283, -0.8919 -1.2559 0.2362, -0.8432 -1.2559 0.2283, -0.8432 -1.2559 0.2362, -0.8432 -0.916 0.2283, -0.8432 -0.916 0.2362, -0.5997 -0.916 0.2283, -0.5997 -0.916 0.2362, -0.5997 -0.8663 0.2283, -0.5997 -0.8663 0.2362, -0.4617 -1.1813 0.2283, -0.5104 -1.1979 0.2283, -0.4779 -1.1565 0.2283, -0.2182 -1.1565 0.2283, -0.2263 -1.1979 0.2283, -0.2669 -1.1565 0.2283, -0.4455 -0.8746 0.2283, -0.4049 -0.916 0.2283, -0.4374 -0.9243 0.2283, -0.3318 -0.916 0.2283, -0.2912 -0.8746 0.2283, -0.2994 -0.9243 0.2283, -0.2588 -0.8912 0.2283, -0.275 -0.9409 0.2283, -0.3318 -0.8663 0.2283, -0.4049 -0.8663 0.2283, -0.4617 -0.9409 0.2283, -0.4779 -0.8912 0.2283, -0.4779 -0.9658 0.2283, -0.5104 -0.9243 0.2283, -0.5266 -0.9575 0.2283, -0.4861 -0.9989 0.2283, -0.5266 -1.1648 0.2283, -0.4861 -1.1233 0.2283, -0.5348 -1.1233 0.2283, -0.5348 -0.9989 0.2283, -0.4374 -1.1979 0.2283, -0.4779 -1.2311 0.2283, -0.4455 -1.2477 0.2283, -0.4049 -1.2062 0.2283, -0.3318 -1.2559 0.2283, -0.4049 -1.2559 0.2283, -0.3318 -1.2062 0.2283, -0.2994 -1.1979 0.2283, -0.2912 -1.2477 0.2283, -0.275 -1.1813 0.2283, -0.2588 -1.2311 0.2283, -0.2263 -0.9243 0.2283, -0.2669 -0.9658 0.2283, -0.2182 -0.9658 0.2283, -0.1532 -0.8663 0.2283, -0.1045 -1.0487 0.2283, -0.1532 -1.2559 0.2283, -0.1045 -1.0984 0.2283, 0.139 -0.8663 0.2283, -0.1045 -0.916 0.2283, 0.1065 -1.0487 0.2283, 0.1065 -1.0984 0.2283, -0.1045 -1.2062 0.2283, 0.139 -1.2062 0.2283, 0.139 -1.2559 0.2283, 0.139 -0.916 0.2283, 0.5205 -0.9575 0.2283, 0.4799 -0.9989 0.2283, 0.4718 -0.9658 0.2283, 0.5286 -0.9989 0.2283, 0.4799 -1.1233 0.2283, 0.5286 -1.1233 0.2283, 0.5043 -1.1979 0.2283, 0.4556 -1.1813 0.2283, 0.4718 -1.1565 0.2283, 0.4312 -1.1979 0.2283, 0.4718 -1.2311 0.2283, 0.4394 -1.2477 0.2283, 0.3988 -1.2062 0.2283, 0.3988 -1.2559 0.2283, 0.5205 -1.1648 0.2283, 0.2526 -1.2062 0.2283, 0.2039 -1.2559 0.2283, 0.2526 -0.916 0.2283, 0.2039 -0.8663 0.2283, 0.3988 -0.916 0.2283, 0.4394 -0.8746 0.2283, 0.4312 -0.9243 0.2283, 0.4556 -0.9409 0.2283, 0.4718 -0.8912 0.2283, 0.5043 -0.9243 0.2283, 0.3988 -0.8663 0.2283, 0.9183 -0.8663 0.2283, 0.7884 -1.2559 0.2283, 0.829 -0.9989 0.2283, 0.6748 -0.9658 0.2283, 0.5936 -0.8663 0.2283, 0.6423 -0.8663 0.2283, 0.6829 -0.9989 0.2283, 0.8696 -0.8663 0.2283, 0.8371 -0.9658 0.2283, 0.7235 -1.2559 0.2283, 0.7559 -1.2228 0.2283, -0.2669 -0.9658 0.2362, -0.2182 -0.9658 0.2362, -0.2263 -0.9243 0.2362, -0.2588 -0.8912 0.2362, -0.2912 -0.8746 0.2362, -0.3318 -0.8663 0.2362, -0.4049 -0.8663 0.2362, -0.4455 -0.8746 0.2362, -0.4779 -0.8912 0.2362, -0.5104 -0.9243 0.2362, -0.5266 -0.9575 0.2362, -0.5348 -0.9989 0.2362, -0.5348 -1.1233 0.2362, -0.5266 -1.1648 0.2362, -0.5104 -1.1979 0.2362, -0.4779 -1.2311 0.2362, -0.4455 -1.2477 0.2362, -0.4049 -1.2559 0.2362, -0.3318 -1.2559 0.2362, -0.2912 -1.2477 0.2362, -0.2588 -1.2311 0.2362, -0.2263 -1.1979 0.2362, -0.2182 -1.1565 0.2362, -0.2669 -1.1565 0.2362, -0.275 -1.1813 0.2362, -0.2994 -1.1979 0.2362, -0.3318 -1.2062 0.2362, -0.4049 -1.2062 0.2362, -0.4374 -1.1979 0.2362, -0.4617 -1.1813 0.2362, -0.4779 -1.1565 0.2362, -0.4861 -1.1233 0.2362, -0.4861 -0.9989 0.2362, -0.4779 -0.9658 0.2362, -0.4617 -0.9409 0.2362, -0.4374 -0.9243 0.2362, -0.4049 -0.916 0.2362, -0.3318 -0.916 0.2362, -0.2994 -0.9243 0.2362, -0.275 -0.9409 0.2362, -0.1045 -0.916 0.2362, 0.139 -0.916 0.2362, 0.139 -0.8663 0.2362, -0.1532 -0.8663 0.2362, -0.1532 -1.2559 0.2362, 0.139 -1.2559 0.2362, 0.139 -1.2062 0.2362, -0.1045 -1.2062 0.2362, -0.1045 -1.0984 0.2362, 0.1065 -1.0984 0.2362, 0.1065 -1.0487 0.2362, -0.1045 -1.0487 0.2362, 0.2039 -1.2559 0.2362, 0.3988 -1.2559 0.2362, 0.4394 -1.2477 0.2362, 0.4718 -1.2311 0.2362, 0.5043 -1.1979 0.2362, 0.5205 -1.1648 0.2362, 0.5286 -1.1233 0.2362, 0.5286 -0.9989 0.2362, 0.5205 -0.9575 0.2362, 0.5043 -0.9243 0.2362, 0.4718 -0.8912 0.2362, 0.4394 -0.8746 0.2362, 0.3988 -0.8663 0.2362, 0.2039 -0.8663 0.2362, 0.3988 -1.2062 0.2362, 0.2526 -1.2062 0.2362, 0.2526 -0.916 0.2362, 0.3988 -0.916 0.2362, 0.4312 -0.9243 0.2362, 0.4556 -0.9409 0.2362, 0.4718 -0.9658 0.2362, 0.4799 -0.9989 0.2362, 0.4799 -1.1233 0.2362, 0.4718 -1.1565 0.2362, 0.4556 -1.1813 0.2362, 0.4312 -1.1979 0.2362, 0.7235 -1.2559 0.2362, 0.7884 -1.2559 0.2362, 0.9183 -0.8663 0.2362, 0.8696 -0.8663 0.2362, 0.8371 -0.9658 0.2362, 0.6748 -0.9658 0.2362, 0.6423 -0.8663 0.2362, 0.5936 -0.8663 0.2362, 0.829 -0.9989 0.2362, 0.7559 -1.2228 0.2362, 0.6829 -0.9989 0.2362
            ]
        }
        coordIndex [
            0,1,2,-1,3,4,5,-1,6,7,8,-1,9,10,11,-1,12,13,14,-1,14,15,12,-1,13,16,7,-1,0,17,6,-1,18,19,20,-1,20,21,22,-1,23,24,25,-1,26,18,25,-1,23,25,18,-1,27,28,29,-1,30,28,31,-1,31,32,33,-1,34,35,2,-1,35,36,37,-1,38,39,37,-1,40,27,29,-1,39,41,42,-1,43,44,45,-1,46,42,47,-1,33,32,48,-1,46,49,50,-1,51,52,50,-1,53,50,54,-1,55,56,57,-1,55,51,56,-1,58,59,57,-1,54,50,52,-1,53,54,60,-1,21,61,15,-1,62,60,63,-1,60,62,53,-1,64,62,63,-1,5,4,64,-1,44,43,48,-1,4,62,64,-1,65,56,51,-1,62,66,53,-1,50,53,46,-1,67,58,56,-1,52,51,55,-1,49,65,51,-1,58,57,56,-1,4,66,62,-1,68,3,5,-1,69,65,49,-1,66,46,53,-1,4,70,66,-1,42,46,66,-1,71,67,65,-1,50,49,51,-1,47,69,49,-1,67,56,65,-1,3,70,4,-1,43,45,68,-1,47,72,69,-1,70,42,66,-1,3,73,70,-1,42,70,39,-1,74,71,69,-1,46,47,49,-1,47,41,72,-1,71,65,69,-1,3,45,73,-1,45,3,68,-1,75,72,41,-1,73,39,70,-1,33,30,31,-1,39,73,37,-1,72,76,74,-1,42,41,47,-1,38,75,41,-1,74,69,72,-1,45,77,73,-1,77,45,44,-1,78,75,38,-1,77,37,73,-1,44,79,77,-1,37,77,35,-1,80,76,75,-1,39,38,41,-1,36,78,38,-1,76,72,75,-1,44,32,79,-1,32,44,48,-1,81,78,36,-1,79,35,77,-1,79,32,82,-1,35,79,2,-1,83,80,78,-1,37,36,38,-1,34,81,36,-1,80,75,78,-1,31,82,32,-1,29,28,30,-1,84,81,34,-1,82,2,79,-1,40,85,22,-1,2,82,0,-1,86,83,81,-1,35,34,36,-1,1,84,34,-1,83,78,81,-1,31,87,82,-1,87,31,28,-1,8,84,1,-1,87,0,82,-1,28,88,87,-1,0,87,17,-1,89,86,84,-1,2,1,34,-1,6,8,1,-1,86,81,84,-1,27,88,28,-1,90,20,85,-1,17,14,13,-1,88,17,87,-1,88,27,91,-1,17,88,14,-1,92,89,8,-1,0,6,1,-1,13,7,6,-1,89,84,8,-1,27,22,91,-1,22,27,40,-1,15,14,91,-1,91,14,88,-1,91,21,15,-1,11,16,12,-1,93,92,7,-1,17,13,6,-1,12,16,13,-1,92,8,7,-1,85,20,22,-1,90,23,18,-1,12,15,94,-1,22,21,91,-1,21,19,61,-1,16,11,10,-1,61,94,15,-1,10,93,16,-1,94,11,12,-1,93,7,16,-1,90,18,20,-1,20,19,21,-1,26,95,19,-1,18,26,19,-1,95,96,61,-1,19,95,61,-1,96,97,94,-1,61,96,94,-1,94,97,11,-1,9,11,97,-1,98,99,100,-1,101,102,103,-1,93,104,92,-1,24,23,105,-1,106,107,108,-1,109,90,85,-1,110,111,99,-1,112,93,10,-1,113,114,107,-1,115,116,100,-1,23,90,117,-1,118,119,120,-1,118,121,122,-1,111,123,124,-1,9,119,122,-1,125,126,124,-1,89,92,127,-1,126,128,129,-1,130,83,131,-1,80,130,132,-1,86,131,83,-1,133,129,134,-1,74,135,136,-1,137,138,133,-1,80,132,76,-1,138,139,103,-1,103,139,101,-1,102,140,103,-1,101,139,141,-1,142,63,141,-1,10,9,122,-1,143,140,102,-1,144,58,145,-1,143,144,145,-1,145,140,143,-1,58,144,59,-1,58,67,145,-1,74,136,71,-1,145,67,146,-1,142,139,137,-1,146,147,140,-1,142,141,139,-1,147,138,103,-1,138,137,139,-1,64,142,148,-1,142,64,63,-1,145,146,140,-1,67,71,146,-1,149,148,134,-1,140,147,103,-1,150,147,136,-1,148,142,137,-1,150,133,138,-1,133,134,137,-1,5,148,149,-1,148,5,64,-1,147,146,136,-1,71,136,146,-1,151,149,128,-1,147,150,138,-1,135,152,150,-1,134,129,128,-1,133,152,129,-1,137,134,148,-1,68,149,151,-1,149,68,5,-1,136,135,150,-1,74,76,135,-1,128,125,151,-1,150,152,133,-1,132,153,152,-1,125,128,126,-1,129,153,126,-1,134,128,149,-1,43,151,154,-1,151,43,68,-1,152,135,132,-1,76,132,135,-1,123,154,125,-1,152,153,129,-1,155,153,130,-1,48,154,156,-1,155,124,126,-1,124,123,125,-1,43,154,48,-1,151,125,154,-1,132,130,153,-1,80,83,130,-1,110,157,156,-1,153,155,126,-1,89,158,86,-1,123,156,154,-1,159,111,124,-1,111,110,123,-1,33,156,157,-1,156,33,48,-1,155,131,159,-1,131,155,130,-1,160,157,98,-1,155,159,124,-1,158,161,159,-1,110,99,98,-1,161,99,111,-1,123,110,156,-1,30,157,160,-1,157,30,33,-1,159,131,158,-1,86,158,131,-1,114,160,116,-1,159,161,111,-1,161,127,162,-1,98,100,116,-1,162,100,99,-1,110,98,157,-1,29,160,114,-1,160,29,30,-1,161,158,127,-1,89,127,158,-1,109,113,106,-1,161,162,99,-1,104,163,162,-1,116,115,107,-1,115,100,163,-1,98,116,160,-1,40,114,113,-1,114,40,29,-1,162,127,104,-1,92,104,127,-1,107,115,108,-1,162,163,100,-1,163,112,121,-1,113,107,106,-1,121,108,115,-1,116,107,114,-1,85,113,109,-1,113,85,40,-1,163,104,112,-1,93,112,104,-1,118,164,108,-1,163,121,115,-1,118,108,121,-1,164,165,106,-1,164,106,108,-1,117,109,165,-1,109,106,165,-1,90,109,117,-1,112,10,122,-1,121,112,122,-1,164,120,166,-1,119,118,122,-1,165,166,167,-1,120,164,118,-1,117,167,105,-1,166,165,164,-1,105,23,117,-1,167,117,165,-1,168,120,119,-1,119,169,168,-1,120,168,170,-1,119,9,169,-1,9,171,169,-1,166,120,170,-1,166,170,172,-1,172,173,167,-1,167,166,172,-1,105,173,174,-1,173,105,167,-1,105,174,24,-1,175,26,176,-1,177,25,24,-1,176,25,177,-1,26,25,176,-1,24,174,177,-1,26,175,95,-1,95,175,178,-1,178,179,96,-1,96,95,178,-1,97,179,171,-1,179,97,96,-1,97,171,9,-1,180,181,182,-1,183,184,185,-1,175,176,180,-1,175,180,186,-1,187,188,181,-1,183,185,189,-1,179,178,190,-1,183,171,184,-1,189,191,192,-1,178,186,190,-1,184,171,179,-1,186,178,175,-1,193,176,177,-1,193,180,176,-1,174,194,177,-1,177,194,193,-1,194,195,193,-1,181,195,187,-1,182,188,196,-1,182,197,186,-1,182,186,180,-1,197,198,190,-1,197,190,186,-1,185,191,189,-1,184,190,198,-1,179,190,184,-1,193,195,181,-1,180,193,181,-1,197,196,199,-1,188,182,181,-1,198,199,200,-1,196,197,182,-1,185,200,191,-1,199,198,197,-1,200,185,198,-1,184,198,185,-1,201,202,203,-1,172,170,204,-1,189,202,201,-1,168,205,206,-1,189,192,202,-1,204,207,172,-1,168,206,170,-1,195,208,187,-1,173,194,174,-1,173,172,207,-1,204,208,207,-1,206,204,170,-1,169,209,205,-1,209,201,210,-1,183,209,171,-1,206,205,211,-1,171,209,169,-1,183,189,201,-1,204,206,212,-1,169,205,168,-1,205,210,211,-1,213,187,208,-1,211,212,206,-1,195,194,207,-1,212,208,204,-1,194,173,207,-1,183,201,209,-1,209,210,205,-1,203,214,210,-1,201,203,210,-1,214,215,211,-1,210,214,211,-1,215,213,212,-1,211,215,212,-1,213,208,212,-1,195,207,208,-1,216,214,203,-1,202,217,203,-1,216,203,217,-1,202,192,218,-1,218,217,202,-1,192,219,218,-1,220,214,216,-1,220,221,215,-1,215,214,220,-1,213,221,222,-1,221,213,215,-1,213,222,187,-1,223,199,196,-1,188,224,196,-1,223,196,224,-1,188,187,225,-1,225,224,188,-1,187,222,225,-1,226,199,223,-1,226,227,200,-1,200,199,226,-1,191,227,219,-1,227,191,200,-1,191,219,192,-1,223,228,229,-1,230,231,232,-1,223,224,228,-1,233,234,235,-1,236,234,237,-1,238,239,240,-1,237,233,241,-1,242,243,244,-1,242,245,246,-1,227,226,246,-1,239,232,240,-1,229,226,223,-1,226,229,246,-1,245,219,227,-1,247,248,249,-1,229,250,246,-1,251,228,224,-1,222,252,225,-1,224,225,251,-1,251,225,252,-1,252,253,251,-1,236,237,254,-1,253,247,251,-1,240,255,238,-1,247,256,228,-1,257,245,258,-1,229,256,250,-1,250,242,246,-1,219,245,257,-1,227,246,245,-1,251,247,228,-1,253,248,247,-1,242,250,243,-1,228,256,229,-1,256,249,241,-1,258,242,244,-1,241,243,250,-1,258,238,255,-1,257,258,255,-1,245,242,258,-1,247,249,256,-1,248,254,249,-1,233,259,243,-1,256,241,250,-1,233,243,241,-1,259,260,244,-1,259,244,243,-1,238,260,239,-1,238,244,260,-1,258,244,238,-1,249,254,237,-1,241,249,237,-1,259,235,261,-1,234,233,237,-1,260,261,262,-1,235,259,233,-1,239,262,230,-1,261,260,259,-1,230,232,239,-1,262,239,260,-1,263,264,265,-1,248,266,254,-1,267,268,232,-1,268,267,269,-1,232,231,267,-1,268,270,264,-1,216,271,272,-1,216,217,271,-1,254,273,236,-1,274,275,266,-1,272,274,276,-1,221,220,276,-1,277,278,279,-1,276,220,272,-1,222,221,252,-1,280,217,218,-1,219,281,218,-1,280,218,281,-1,257,255,263,-1,281,219,257,-1,265,282,279,-1,280,271,217,-1,263,281,257,-1,271,278,275,-1,280,281,283,-1,271,280,278,-1,221,276,252,-1,216,272,220,-1,274,272,275,-1,253,252,276,-1,263,283,281,-1,240,264,255,-1,279,278,283,-1,283,278,280,-1,283,265,279,-1,275,278,277,-1,274,248,253,-1,271,275,272,-1,275,277,266,-1,253,276,274,-1,255,264,263,-1,268,240,232,-1,277,279,284,-1,263,265,283,-1,265,270,282,-1,266,277,273,-1,279,282,284,-1,266,273,254,-1,284,273,277,-1,248,274,266,-1,240,268,264,-1,264,270,265,-1,269,285,270,-1,268,269,270,-1,285,286,282,-1,270,285,282,-1,286,287,284,-1,282,286,284,-1,236,273,287,-1,284,287,273,-1,288,285,269,-1,267,289,269,-1,288,269,289,-1,267,231,290,-1,290,289,267,-1,231,291,290,-1,292,285,288,-1,292,293,286,-1,286,285,292,-1,287,293,294,-1,293,287,286,-1,287,294,236,-1,295,261,235,-1,234,296,235,-1,295,235,296,-1,234,236,297,-1,297,296,234,-1,236,294,297,-1,298,261,295,-1,298,299,262,-1,262,261,298,-1,230,299,291,-1,299,230,262,-1,230,291,231,-1,299,298,295,-1,296,297,290,-1,291,299,295,-1,297,289,290,-1,295,296,291,-1,288,294,293,-1,289,294,288,-1,293,292,288,-1,289,297,294,-1,296,290,291,-1,300,301,302,-1,300,302,303,-1,303,302,304,-1,303,304,305,-1,305,304,306,-1,305,306,307,-1,307,306,308,-1,307,308,309,-1,309,308,310,-1,309,310,311,-1,311,310,301,-1,311,301,300,-1,306,310,308,-1,306,302,301,-1,306,304,302,-1,310,306,301,-1,312,313,314,-1,315,316,317,-1,318,319,320,-1,321,322,323,-1,323,324,325,-1,326,319,327,-1,328,329,320,-1,330,331,328,-1,332,331,330,-1,330,333,332,-1,314,334,335,-1,333,336,337,-1,338,339,312,-1,340,339,338,-1,341,340,338,-1,342,343,344,-1,345,346,344,-1,347,348,345,-1,317,316,347,-1,325,349,350,-1,316,348,347,-1,348,346,345,-1,346,342,344,-1,343,341,344,-1,343,340,341,-1,312,339,313,-1,313,334,314,-1,334,336,335,-1,335,336,333,-1,337,332,333,-1,328,331,329,-1,320,329,318,-1,318,327,319,-1,326,321,319,-1,326,322,321,-1,322,324,323,-1,324,349,325,-1,349,351,350,-1,352,353,354,-1,353,355,354,-1,352,356,357,-1,355,358,359,-1,360,361,362,-1,362,354,360,-1,360,354,355,-1,358,355,353,-1,353,352,357,-1,356,363,357,-1,364,365,366,-1,367,365,364,-1,367,368,365,-1,367,369,368,-1,370,371,372,-1,373,371,374,-1,375,373,374,-1,375,376,373,-1,376,375,377,-1,368,378,372,-1,379,377,380,-1,381,380,382,-1,383,384,385,-1,379,376,377,-1,386,385,387,-1,374,371,370,-1,370,372,378,-1,378,368,369,-1,386,388,366,-1,388,364,366,-1,388,386,387,-1,387,385,384,-1,389,383,381,-1,384,383,389,-1,380,381,379,-1,389,381,382,-1,390,391,392,-1,393,394,395,-1,393,396,394,-1,397,390,398,-1,392,396,398,-1,392,398,390,-1,391,399,400,-1,396,393,398,-1,391,400,392,-1,400,399,396,-1,394,396,399,-1,401,350,351,-1,401,351,402,-1,402,351,349,-1,402,349,403,-1,403,349,324,-1,403,324,404,-1,404,324,322,-1,404,322,405,-1,405,322,326,-1,405,326,406,-1,406,326,327,-1,406,327,407,-1,407,327,318,-1,407,318,408,-1,408,318,329,-1,408,329,409,-1,409,329,331,-1,409,331,410,-1,410,331,332,-1,410,332,411,-1,411,332,337,-1,411,337,412,-1,412,337,336,-1,412,336,413,-1,413,336,334,-1,413,334,414,-1,414,334,313,-1,414,313,415,-1,415,313,339,-1,415,339,416,-1,416,339,340,-1,416,340,417,-1,417,340,343,-1,417,343,418,-1,418,343,342,-1,418,342,419,-1,419,342,346,-1,419,346,420,-1,420,346,348,-1,420,348,421,-1,421,348,316,-1,421,316,422,-1,422,316,315,-1,422,315,423,-1,423,315,317,-1,423,317,424,-1,424,317,347,-1,424,347,425,-1,425,347,345,-1,425,345,426,-1,426,345,344,-1,426,344,427,-1,427,344,341,-1,427,341,428,-1,428,341,338,-1,428,338,429,-1,429,338,312,-1,429,312,430,-1,430,312,314,-1,430,314,431,-1,431,314,335,-1,431,335,432,-1,432,335,333,-1,432,333,433,-1,433,333,330,-1,433,330,434,-1,434,330,328,-1,434,328,435,-1,435,328,320,-1,435,320,436,-1,436,320,319,-1,436,319,437,-1,437,319,321,-1,437,321,438,-1,438,321,323,-1,438,323,439,-1,439,323,325,-1,439,325,440,-1,440,325,350,-1,440,350,401,-1,441,357,363,-1,441,363,442,-1,442,363,356,-1,442,356,443,-1,443,356,352,-1,443,352,444,-1,444,352,354,-1,444,354,445,-1,445,354,362,-1,445,362,446,-1,446,362,361,-1,446,361,447,-1,447,361,360,-1,447,360,448,-1,448,360,355,-1,448,355,449,-1,449,355,359,-1,449,359,450,-1,450,359,358,-1,450,358,451,-1,451,358,353,-1,451,353,452,-1,452,353,357,-1,452,357,441,-1,453,380,377,-1,453,377,454,-1,454,377,375,-1,454,375,455,-1,455,375,374,-1,455,374,456,-1,456,374,370,-1,456,370,457,-1,457,370,378,-1,457,378,458,-1,458,378,369,-1,458,369,459,-1,459,369,367,-1,459,367,460,-1,460,367,364,-1,460,364,461,-1,461,364,388,-1,461,388,462,-1,462,388,387,-1,462,387,463,-1,463,387,384,-1,463,384,464,-1,464,384,389,-1,464,389,465,-1,465,389,382,-1,465,382,466,-1,466,382,380,-1,466,380,453,-1,467,376,379,-1,467,379,468,-1,468,379,381,-1,468,381,469,-1,469,381,383,-1,469,383,470,-1,470,383,385,-1,470,385,471,-1,471,385,386,-1,471,386,472,-1,472,386,366,-1,472,366,473,-1,473,366,365,-1,473,365,474,-1,474,365,368,-1,474,368,475,-1,475,368,372,-1,475,372,476,-1,476,372,371,-1,476,371,477,-1,477,371,373,-1,477,373,478,-1,478,373,376,-1,478,376,467,-1,479,399,391,-1,479,391,480,-1,480,391,390,-1,480,390,481,-1,481,390,397,-1,481,397,482,-1,482,397,398,-1,482,398,483,-1,483,398,393,-1,483,393,484,-1,484,393,395,-1,484,395,485,-1,485,395,394,-1,485,394,486,-1,486,394,399,-1,486,399,479,-1,487,392,400,-1,487,400,488,-1,488,400,396,-1,488,396,489,-1,489,396,392,-1,489,392,487,-1,
        ]
    }
}