ISO-10303-21;
HEADER;
FILE_DESCRIPTION((''),'2;1');
FILE_NAME('RJ11-TH_FRJ11008-1100K6K20','2022-11-30T15:12:55',('win'),(''),
'CREO PARAMETRIC BY PTC INC, 2020033','CREO PARAMETRIC BY PTC INC, 2020033','');
FILE_SCHEMA(('AUTOMOTIVE_DESIGN { 1 0 10303 214 1 1 1 1 }'));
ENDSEC;
DATA;
#156=DIRECTION('',(0.E0,1.E0,0.E0));
#157=VECTOR('',#156,5.55E0);
#158=CARTESIAN_POINT('',(-3.8E0,-6.25E0,0.E0));
#159=LINE('',#158,#157);
#160=DIRECTION('',(-1.E0,0.E0,0.E0));
#161=VECTOR('',#160,7.6E0);
#162=CARTESIAN_POINT('',(3.8E0,-7.E-1,0.E0));
#163=LINE('',#162,#161);
#164=DIRECTION('',(0.E0,1.E0,0.E0));
#165=VECTOR('',#164,5.55E0);
#166=CARTESIAN_POINT('',(3.8E0,-6.25E0,0.E0));
#167=LINE('',#166,#165);
#168=DIRECTION('',(-7.071067811865E-1,7.071067811866E-1,0.E0));
#169=VECTOR('',#168,3.535533905933E-1);
#170=CARTESIAN_POINT('',(4.05E0,-6.5E0,0.E0));
#171=LINE('',#170,#169);
#172=DIRECTION('',(1.E0,0.E0,0.E0));
#173=VECTOR('',#172,9.5E-1);
#174=CARTESIAN_POINT('',(4.05E0,-6.5E0,0.E0));
#175=LINE('',#174,#173);
#176=DIRECTION('',(0.E0,1.E0,0.E0));
#177=VECTOR('',#176,5.E0);
#178=CARTESIAN_POINT('',(5.E0,-6.5E0,0.E0));
#179=LINE('',#178,#177);
#180=CARTESIAN_POINT('',(5.E0,-5.E-1,0.E0));
#181=DIRECTION('',(0.E0,0.E0,1.E0));
#182=DIRECTION('',(-1.E0,0.E0,0.E0));
#183=AXIS2_PLACEMENT_3D('',#180,#181,#182);
#185=CARTESIAN_POINT('',(5.E0,-5.E-1,0.E0));
#186=DIRECTION('',(0.E0,0.E0,1.E0));
#187=DIRECTION('',(0.E0,1.E0,0.E0));
#188=AXIS2_PLACEMENT_3D('',#185,#186,#187);
#190=DIRECTION('',(0.E0,1.E0,0.E0));
#191=VECTOR('',#190,6.E0);
#192=CARTESIAN_POINT('',(5.E0,5.E-1,0.E0));
#193=LINE('',#192,#191);
#194=DIRECTION('',(-1.E0,0.E0,0.E0));
#195=VECTOR('',#194,1.2E0);
#196=CARTESIAN_POINT('',(5.E0,6.5E0,0.E0));
#197=LINE('',#196,#195);
#198=DIRECTION('',(0.E0,1.E0,0.E0));
#199=VECTOR('',#198,6.8E0);
#200=CARTESIAN_POINT('',(3.8E0,-3.E-1,0.E0));
#201=LINE('',#200,#199);
#202=DIRECTION('',(1.E0,0.E0,0.E0));
#203=VECTOR('',#202,7.6E0);
#204=CARTESIAN_POINT('',(-3.8E0,-3.E-1,0.E0));
#205=LINE('',#204,#203);
#206=DIRECTION('',(0.E0,1.E0,0.E0));
#207=VECTOR('',#206,6.8E0);
#208=CARTESIAN_POINT('',(-3.8E0,-3.E-1,0.E0));
#209=LINE('',#208,#207);
#210=DIRECTION('',(-1.E0,0.E0,0.E0));
#211=VECTOR('',#210,1.2E0);
#212=CARTESIAN_POINT('',(-3.8E0,6.5E0,0.E0));
#213=LINE('',#212,#211);
#214=DIRECTION('',(0.E0,-1.E0,0.E0));
#215=VECTOR('',#214,6.E0);
#216=CARTESIAN_POINT('',(-5.E0,6.5E0,0.E0));
#217=LINE('',#216,#215);
#218=CARTESIAN_POINT('',(-5.E0,-5.E-1,0.E0));
#219=DIRECTION('',(0.E0,0.E0,-1.E0));
#220=DIRECTION('',(0.E0,1.E0,0.E0));
#221=AXIS2_PLACEMENT_3D('',#218,#219,#220);
#223=CARTESIAN_POINT('',(-5.E0,-5.E-1,0.E0));
#224=DIRECTION('',(0.E0,0.E0,-1.E0));
#225=DIRECTION('',(1.E0,0.E0,0.E0));
#226=AXIS2_PLACEMENT_3D('',#223,#224,#225);
#228=DIRECTION('',(0.E0,-1.E0,0.E0));
#229=VECTOR('',#228,5.E0);
#230=CARTESIAN_POINT('',(-5.E0,-1.5E0,0.E0));
#231=LINE('',#230,#229);
#232=DIRECTION('',(1.E0,0.E0,0.E0));
#233=VECTOR('',#232,9.5E-1);
#234=CARTESIAN_POINT('',(-5.E0,-6.5E0,0.E0));
#235=LINE('',#234,#233);
#236=DIRECTION('',(-7.071067811866E-1,-7.071067811865E-1,0.E0));
#237=VECTOR('',#236,3.535533905933E-1);
#238=CARTESIAN_POINT('',(-3.8E0,-6.25E0,0.E0));
#239=LINE('',#238,#237);
#240=DIRECTION('',(0.E0,0.E0,1.E0));
#241=VECTOR('',#240,5.E-1);
#242=CARTESIAN_POINT('',(-3.8E0,-7.E-1,0.E0));
#243=LINE('',#242,#241);
#244=DIRECTION('',(0.E0,0.E0,-1.E0));
#245=VECTOR('',#244,1.06E1);
#246=CARTESIAN_POINT('',(-3.8E0,-6.25E0,1.06E1));
#247=LINE('',#246,#245);
#248=DIRECTION('',(0.E0,1.E0,0.E0));
#249=VECTOR('',#248,1.025E1);
#250=CARTESIAN_POINT('',(-3.8E0,-6.25E0,1.06E1));
#251=LINE('',#250,#249);
#252=DIRECTION('',(0.E0,0.E0,-1.E0));
#253=VECTOR('',#252,1.E0);
#254=CARTESIAN_POINT('',(-3.8E0,4.E0,1.06E1));
#255=LINE('',#254,#253);
#256=DIRECTION('',(0.E0,-1.E0,0.E0));
#257=VECTOR('',#256,8.E-1);
#258=CARTESIAN_POINT('',(-3.8E0,4.8E0,9.6E0));
#259=LINE('',#258,#257);
#260=DIRECTION('',(0.E0,1.E0,0.E0));
#261=VECTOR('',#260,3.8E0);
#262=CARTESIAN_POINT('',(-3.8E0,-4.5E0,5.E-1));
#263=LINE('',#262,#261);
#264=DIRECTION('',(0.E0,0.E0,1.E0));
#265=VECTOR('',#264,5.E-1);
#266=CARTESIAN_POINT('',(-3.8E0,-3.E-1,0.E0));
#267=LINE('',#266,#265);
#268=DIRECTION('',(0.E0,1.E0,0.E0));
#269=VECTOR('',#268,5.3E0);
#270=CARTESIAN_POINT('',(-3.8E0,-3.E-1,5.E-1));
#271=LINE('',#270,#269);
#272=DIRECTION('',(0.E0,0.E0,-1.E0));
#273=VECTOR('',#272,2.8E0);
#274=CARTESIAN_POINT('',(-3.8E0,6.5E0,2.8E0));
#275=LINE('',#274,#273);
#276=DIRECTION('',(-1.E0,0.E0,0.E0));
#277=VECTOR('',#276,7.6E0);
#278=CARTESIAN_POINT('',(3.8E0,-3.E-1,5.E-1));
#279=LINE('',#278,#277);
#280=DIRECTION('',(0.E0,1.E0,0.E0));
#281=VECTOR('',#280,5.3E0);
#282=CARTESIAN_POINT('',(3.8E0,-3.E-1,5.E-1));
#283=LINE('',#282,#281);
#284=DIRECTION('',(-1.E0,0.E0,0.E0));
#285=VECTOR('',#284,1.995E0);
#286=CARTESIAN_POINT('',(3.8E0,5.E0,5.E-1));
#287=LINE('',#286,#285);
#288=DIRECTION('',(0.E0,-1.E0,0.E0));
#289=VECTOR('',#288,3.6E0);
#290=CARTESIAN_POINT('',(1.805E0,5.E0,5.E-1));
#291=LINE('',#290,#289);
#292=DIRECTION('',(-1.E0,0.E0,0.E0));
#293=VECTOR('',#292,5.5E-1);
#294=CARTESIAN_POINT('',(1.805E0,1.4E0,5.E-1));
#295=LINE('',#294,#293);
#296=DIRECTION('',(0.E0,-1.E0,0.E0));
#297=VECTOR('',#296,3.6E0);
#298=CARTESIAN_POINT('',(1.255E0,5.E0,5.E-1));
#299=LINE('',#298,#297);
#300=DIRECTION('',(-1.E0,0.E0,0.E0));
#301=VECTOR('',#300,4.7E-1);
#302=CARTESIAN_POINT('',(1.255E0,5.E0,5.E-1));
#303=LINE('',#302,#301);
#304=DIRECTION('',(0.E0,-1.E0,0.E0));
#305=VECTOR('',#304,1.06E0);
#306=CARTESIAN_POINT('',(7.85E-1,5.E0,5.E-1));
#307=LINE('',#306,#305);
#308=DIRECTION('',(-1.E0,0.E0,0.E0));
#309=VECTOR('',#308,5.5E-1);
#310=CARTESIAN_POINT('',(7.85E-1,3.94E0,5.E-1));
#311=LINE('',#310,#309);
#312=DIRECTION('',(0.E0,-1.E0,0.E0));
#313=VECTOR('',#312,1.06E0);
#314=CARTESIAN_POINT('',(2.35E-1,5.E0,5.E-1));
#315=LINE('',#314,#313);
#316=DIRECTION('',(-1.E0,0.E0,0.E0));
#317=VECTOR('',#316,4.7E-1);
#318=CARTESIAN_POINT('',(2.35E-1,5.E0,5.E-1));
#319=LINE('',#318,#317);
#320=DIRECTION('',(0.E0,-1.E0,0.E0));
#321=VECTOR('',#320,3.6E0);
#322=CARTESIAN_POINT('',(-2.35E-1,5.E0,5.E-1));
#323=LINE('',#322,#321);
#324=DIRECTION('',(-1.E0,0.E0,0.E0));
#325=VECTOR('',#324,5.5E-1);
#326=CARTESIAN_POINT('',(-2.35E-1,1.4E0,5.E-1));
#327=LINE('',#326,#325);
#328=DIRECTION('',(0.E0,-1.E0,0.E0));
#329=VECTOR('',#328,3.6E0);
#330=CARTESIAN_POINT('',(-7.85E-1,5.E0,5.E-1));
#331=LINE('',#330,#329);
#332=DIRECTION('',(-1.E0,0.E0,0.E0));
#333=VECTOR('',#332,4.7E-1);
#334=CARTESIAN_POINT('',(-7.85E-1,5.E0,5.E-1));
#335=LINE('',#334,#333);
#336=DIRECTION('',(0.E0,-1.E0,0.E0));
#337=VECTOR('',#336,1.06E0);
#338=CARTESIAN_POINT('',(-1.255E0,5.E0,5.E-1));
#339=LINE('',#338,#337);
#340=DIRECTION('',(-1.E0,0.E0,0.E0));
#341=VECTOR('',#340,5.5E-1);
#342=CARTESIAN_POINT('',(-1.255E0,3.94E0,5.E-1));
#343=LINE('',#342,#341);
#344=DIRECTION('',(0.E0,-1.E0,0.E0));
#345=VECTOR('',#344,1.06E0);
#346=CARTESIAN_POINT('',(-1.805E0,5.E0,5.E-1));
#347=LINE('',#346,#345);
#348=DIRECTION('',(-1.E0,0.E0,0.E0));
#349=VECTOR('',#348,1.995E0);
#350=CARTESIAN_POINT('',(-1.805E0,5.E0,5.E-1));
#351=LINE('',#350,#349);
#352=DIRECTION('',(1.E0,0.E0,0.E0));
#353=VECTOR('',#352,3.61E0);
#354=CARTESIAN_POINT('',(-1.805E0,-3.2E0,5.E-1));
#355=LINE('',#354,#353);
#356=DIRECTION('',(0.E0,1.E0,0.E0));
#357=VECTOR('',#356,1.3E0);
#358=CARTESIAN_POINT('',(1.805E0,-4.5E0,5.E-1));
#359=LINE('',#358,#357);
#360=DIRECTION('',(-1.E0,0.E0,0.E0));
#361=VECTOR('',#360,1.995E0);
#362=CARTESIAN_POINT('',(3.8E0,-4.5E0,5.E-1));
#363=LINE('',#362,#361);
#364=DIRECTION('',(0.E0,1.E0,0.E0));
#365=VECTOR('',#364,3.8E0);
#366=CARTESIAN_POINT('',(3.8E0,-4.5E0,5.E-1));
#367=LINE('',#366,#365);
#368=DIRECTION('',(-1.E0,0.E0,0.E0));
#369=VECTOR('',#368,7.6E0);
#370=CARTESIAN_POINT('',(3.8E0,-7.E-1,5.E-1));
#371=LINE('',#370,#369);
#372=DIRECTION('',(-1.E0,0.E0,0.E0));
#373=VECTOR('',#372,1.995E0);
#374=CARTESIAN_POINT('',(-1.805E0,-4.5E0,5.E-1));
#375=LINE('',#374,#373);
#376=DIRECTION('',(0.E0,1.E0,0.E0));
#377=VECTOR('',#376,1.3E0);
#378=CARTESIAN_POINT('',(-1.805E0,-4.5E0,5.E-1));
#379=LINE('',#378,#377);
#380=DIRECTION('',(1.154631945610E-14,0.E0,1.E0));
#381=VECTOR('',#380,5.E-1);
#382=CARTESIAN_POINT('',(3.8E0,-7.E-1,0.E0));
#383=LINE('',#382,#381);
#384=DIRECTION('',(0.E0,1.E0,0.E0));
#385=VECTOR('',#384,9.3E0);
#386=CARTESIAN_POINT('',(3.8E0,-4.5E0,3.77E0));
#387=LINE('',#386,#385);
#388=DIRECTION('',(0.E0,-1.E0,0.E0));
#389=VECTOR('',#388,8.E-1);
#390=CARTESIAN_POINT('',(3.8E0,4.8E0,9.6E0));
#391=LINE('',#390,#389);
#392=DIRECTION('',(0.E0,0.E0,-1.E0));
#393=VECTOR('',#392,1.E0);
#394=CARTESIAN_POINT('',(3.8E0,4.E0,1.06E1));
#395=LINE('',#394,#393);
#396=DIRECTION('',(0.E0,0.E0,1.E0));
#397=VECTOR('',#396,1.06E1);
#398=CARTESIAN_POINT('',(3.8E0,-6.25E0,0.E0));
#399=LINE('',#398,#397);
#400=DIRECTION('',(1.154631945610E-14,0.E0,1.E0));
#401=VECTOR('',#400,5.E-1);
#402=CARTESIAN_POINT('',(3.8E0,-3.E-1,0.E0));
#403=LINE('',#402,#401);
#404=DIRECTION('',(0.E0,0.E0,1.E0));
#405=VECTOR('',#404,2.8E0);
#406=CARTESIAN_POINT('',(3.8E0,6.5E0,0.E0));
#407=LINE('',#406,#405);
#408=DIRECTION('',(0.E0,0.E0,1.E0));
#409=VECTOR('',#408,3.27E0);
#410=CARTESIAN_POINT('',(3.8E0,-4.5E0,5.E-1));
#411=LINE('',#410,#409);
#412=DIRECTION('',(0.E0,0.E0,-1.E0));
#413=VECTOR('',#412,3.27E0);
#414=CARTESIAN_POINT('',(-3.8E0,-4.5E0,3.77E0));
#415=LINE('',#414,#413);
#416=DIRECTION('',(0.E0,0.E0,-1.E0));
#417=VECTOR('',#416,3.27E0);
#418=CARTESIAN_POINT('',(1.805E0,-4.5E0,3.77E0));
#419=LINE('',#418,#417);
#420=DIRECTION('',(0.E0,1.E0,0.E0));
#421=VECTOR('',#420,2.E0);
#422=CARTESIAN_POINT('',(1.805E0,-3.2E0,1.17E0));
#423=LINE('',#422,#421);
#424=DIRECTION('',(0.E0,0.E0,1.E0));
#425=VECTOR('',#424,2.3E0);
#426=CARTESIAN_POINT('',(1.805E0,5.E0,5.E-1));
#427=LINE('',#426,#425);
#428=DIRECTION('',(0.E0,0.E0,1.E0));
#429=VECTOR('',#428,6.7E-1);
#430=CARTESIAN_POINT('',(1.805E0,-3.2E0,5.E-1));
#431=LINE('',#430,#429);
#432=DIRECTION('',(0.E0,0.E0,-1.E0));
#433=VECTOR('',#432,6.7E-1);
#434=CARTESIAN_POINT('',(-1.805E0,-3.2E0,1.17E0));
#435=LINE('',#434,#433);
#436=DIRECTION('',(1.E0,0.E0,0.E0));
#437=VECTOR('',#436,4.7E-1);
#438=CARTESIAN_POINT('',(-1.255E0,-3.2E0,3.77E0));
#439=LINE('',#438,#437);
#440=DIRECTION('',(0.E0,1.E0,0.E0));
#441=VECTOR('',#440,2.E0);
#442=CARTESIAN_POINT('',(-1.255E0,-3.2E0,3.77E0));
#443=LINE('',#442,#441);
#444=DIRECTION('',(1.E0,1.129001686675E-14,0.E0));
#445=VECTOR('',#444,5.900202122257E-2);
#446=CARTESIAN_POINT('',(-1.314002021223E0,-1.2E0,3.77E0));
#447=LINE('',#446,#445);
#448=CARTESIAN_POINT('',(-1.53E0,-8.714812910607E-1,3.77E0));
#449=CARTESIAN_POINT('',(-1.488842307728E0,-8.714812910607E-1,3.77E0));
#450=CARTESIAN_POINT('',(-1.436654231819E0,-9.070969316913E-1,3.77E0));
#451=CARTESIAN_POINT('',(-1.360321139175E0,-1.011479913617E0,3.77E0));
#452=CARTESIAN_POINT('',(-1.327650555516E0,-1.118824018057E0,3.77E0));
#453=CARTESIAN_POINT('',(-1.314002021223E0,-1.2E0,3.77E0));
#455=CARTESIAN_POINT('',(-1.745997978777E0,-1.2E0,3.77E0));
#456=CARTESIAN_POINT('',(-1.732349444484E0,-1.118824018057E0,3.77E0));
#457=CARTESIAN_POINT('',(-1.699678860825E0,-1.011479913617E0,3.77E0));
#458=CARTESIAN_POINT('',(-1.623345768181E0,-9.070969316913E-1,3.77E0));
#459=CARTESIAN_POINT('',(-1.571157692272E0,-8.714812910607E-1,3.77E0));
#460=CARTESIAN_POINT('',(-1.53E0,-8.714812910607E-1,3.77E0));
#462=DIRECTION('',(1.E0,0.E0,0.E0));
#463=VECTOR('',#462,5.900202122258E-2);
#464=CARTESIAN_POINT('',(-1.805E0,-1.2E0,3.77E0));
#465=LINE('',#464,#463);
#466=DIRECTION('',(0.E0,1.E0,0.E0));
#467=VECTOR('',#466,3.3E0);
#468=CARTESIAN_POINT('',(-1.805E0,-4.5E0,3.77E0));
#469=LINE('',#468,#467);
#470=DIRECTION('',(1.E0,0.E0,0.E0));
#471=VECTOR('',#470,1.995E0);
#472=CARTESIAN_POINT('',(-3.8E0,-4.5E0,3.77E0));
#473=LINE('',#472,#471);
#474=DIRECTION('',(0.E0,1.E0,0.E0));
#475=VECTOR('',#474,9.3E0);
#476=CARTESIAN_POINT('',(-3.8E0,-4.5E0,3.77E0));
#477=LINE('',#476,#475);
#478=DIRECTION('',(0.E0,1.E0,0.E0));
#479=VECTOR('',#478,1.7E0);
#480=CARTESIAN_POINT('',(-1.805E0,4.8E0,3.77E0));
#481=LINE('',#480,#479);
#482=DIRECTION('',(0.E0,1.E0,0.E0));
#483=VECTOR('',#482,1.7E0);
#484=CARTESIAN_POINT('',(-7.85E-1,4.8E0,3.77E0));
#485=LINE('',#484,#483);
#486=DIRECTION('',(0.E0,1.E0,0.E0));
#487=VECTOR('',#486,1.7E0);
#488=CARTESIAN_POINT('',(2.35E-1,4.8E0,3.77E0));
#489=LINE('',#488,#487);
#490=DIRECTION('',(0.E0,1.E0,0.E0));
#491=VECTOR('',#490,1.7E0);
#492=CARTESIAN_POINT('',(1.255E0,4.8E0,3.77E0));
#493=LINE('',#492,#491);
#494=DIRECTION('',(1.E0,0.E0,0.E0));
#495=VECTOR('',#494,1.995E0);
#496=CARTESIAN_POINT('',(1.805E0,-4.5E0,3.77E0));
#497=LINE('',#496,#495);
#498=DIRECTION('',(0.E0,1.E0,0.E0));
#499=VECTOR('',#498,3.3E0);
#500=CARTESIAN_POINT('',(1.805E0,-4.5E0,3.77E0));
#501=LINE('',#500,#499);
#502=DIRECTION('',(1.E0,1.505335582233E-14,0.E0));
#503=VECTOR('',#502,5.900202122257E-2);
#504=CARTESIAN_POINT('',(1.745997978777E0,-1.2E0,3.77E0));
#505=LINE('',#504,#503);
#506=CARTESIAN_POINT('',(1.53E0,-8.714812910607E-1,3.77E0));
#507=CARTESIAN_POINT('',(1.571157692272E0,-8.714812910607E-1,3.77E0));
#508=CARTESIAN_POINT('',(1.623345768181E0,-9.070969316913E-1,3.77E0));
#509=CARTESIAN_POINT('',(1.699678860825E0,-1.011479913617E0,3.77E0));
#510=CARTESIAN_POINT('',(1.732349444484E0,-1.118824018057E0,3.77E0));
#511=CARTESIAN_POINT('',(1.745997978777E0,-1.2E0,3.77E0));
#513=CARTESIAN_POINT('',(1.314002021223E0,-1.2E0,3.77E0));
#514=CARTESIAN_POINT('',(1.327650555516E0,-1.118824018057E0,3.77E0));
#515=CARTESIAN_POINT('',(1.360321139175E0,-1.011479913617E0,3.77E0));
#516=CARTESIAN_POINT('',(1.436654231819E0,-9.070969316913E-1,3.77E0));
#517=CARTESIAN_POINT('',(1.488842307728E0,-8.714812910607E-1,3.77E0));
#518=CARTESIAN_POINT('',(1.53E0,-8.714812910607E-1,3.77E0));
#520=DIRECTION('',(1.E0,0.E0,0.E0));
#521=VECTOR('',#520,5.900202122257E-2);
#522=CARTESIAN_POINT('',(1.255E0,-1.2E0,3.77E0));
#523=LINE('',#522,#521);
#524=DIRECTION('',(0.E0,1.E0,0.E0));
#525=VECTOR('',#524,2.E0);
#526=CARTESIAN_POINT('',(1.255E0,-3.2E0,3.77E0));
#527=LINE('',#526,#525);
#528=DIRECTION('',(1.E0,0.E0,0.E0));
#529=VECTOR('',#528,4.7E-1);
#530=CARTESIAN_POINT('',(7.85E-1,-3.2E0,3.77E0));
#531=LINE('',#530,#529);
#532=DIRECTION('',(0.E0,1.E0,0.E0));
#533=VECTOR('',#532,2.E0);
#534=CARTESIAN_POINT('',(7.85E-1,-3.2E0,3.77E0));
#535=LINE('',#534,#533);
#536=DIRECTION('',(1.E0,2.258003373350E-14,0.E0));
#537=VECTOR('',#536,5.900202122257E-2);
#538=CARTESIAN_POINT('',(7.259979787774E-1,-1.2E0,3.77E0));
#539=LINE('',#538,#537);
#540=CARTESIAN_POINT('',(5.1E-1,-8.714812910607E-1,3.77E0));
#541=CARTESIAN_POINT('',(5.511576922722E-1,-8.714812910607E-1,3.77E0));
#542=CARTESIAN_POINT('',(6.033457681812E-1,-9.070969316913E-1,3.77E0));
#543=CARTESIAN_POINT('',(6.796788608251E-1,-1.011479913617E0,3.77E0));
#544=CARTESIAN_POINT('',(7.123494444839E-1,-1.118824018057E0,3.77E0));
#545=CARTESIAN_POINT('',(7.259979787774E-1,-1.2E0,3.77E0));
#547=CARTESIAN_POINT('',(2.940020212226E-1,-1.2E0,3.77E0));
#548=CARTESIAN_POINT('',(3.076505555161E-1,-1.118824018057E0,3.77E0));
#549=CARTESIAN_POINT('',(3.403211391749E-1,-1.011479913617E0,3.77E0));
#550=CARTESIAN_POINT('',(4.166542318188E-1,-9.070969316913E-1,3.77E0));
#551=CARTESIAN_POINT('',(4.688423077278E-1,-8.714812910607E-1,3.77E0));
#552=CARTESIAN_POINT('',(5.1E-1,-8.714812910607E-1,3.77E0));
#554=DIRECTION('',(1.E0,0.E0,0.E0));
#555=VECTOR('',#554,5.900202122258E-2);
#556=CARTESIAN_POINT('',(2.35E-1,-1.2E0,3.77E0));
#557=LINE('',#556,#555);
#558=DIRECTION('',(0.E0,1.E0,0.E0));
#559=VECTOR('',#558,2.E0);
#560=CARTESIAN_POINT('',(2.35E-1,-3.2E0,3.77E0));
#561=LINE('',#560,#559);
#562=DIRECTION('',(1.E0,0.E0,0.E0));
#563=VECTOR('',#562,4.7E-1);
#564=CARTESIAN_POINT('',(-2.35E-1,-3.2E0,3.77E0));
#565=LINE('',#564,#563);
#566=DIRECTION('',(0.E0,1.E0,0.E0));
#567=VECTOR('',#566,2.E0);
#568=CARTESIAN_POINT('',(-2.35E-1,-3.2E0,3.77E0));
#569=LINE('',#568,#567);
#570=DIRECTION('',(1.E0,2.258003373350E-14,0.E0));
#571=VECTOR('',#570,5.900202122257E-2);
#572=CARTESIAN_POINT('',(-2.940020212226E-1,-1.2E0,3.77E0));
#573=LINE('',#572,#571);
#574=CARTESIAN_POINT('',(-5.1E-1,-8.714812910607E-1,3.77E0));
#575=CARTESIAN_POINT('',(-4.688423077278E-1,-8.714812910607E-1,3.77E0));
#576=CARTESIAN_POINT('',(-4.166542318188E-1,-9.070969316913E-1,3.77E0));
#577=CARTESIAN_POINT('',(-3.403211391749E-1,-1.011479913617E0,3.77E0));
#578=CARTESIAN_POINT('',(-3.076505555161E-1,-1.118824018057E0,3.77E0));
#579=CARTESIAN_POINT('',(-2.940020212226E-1,-1.2E0,3.77E0));
#581=CARTESIAN_POINT('',(-7.259979787774E-1,-1.2E0,3.77E0));
#582=CARTESIAN_POINT('',(-7.123494444839E-1,-1.118824018057E0,3.77E0));
#583=CARTESIAN_POINT('',(-6.796788608251E-1,-1.011479913617E0,3.77E0));
#584=CARTESIAN_POINT('',(-6.033457681812E-1,-9.070969316913E-1,3.77E0));
#585=CARTESIAN_POINT('',(-5.511576922722E-1,-8.714812910607E-1,3.77E0));
#586=CARTESIAN_POINT('',(-5.1E-1,-8.714812910607E-1,3.77E0));
#588=DIRECTION('',(1.E0,0.E0,0.E0));
#589=VECTOR('',#588,5.900202122257E-2);
#590=CARTESIAN_POINT('',(-7.85E-1,-1.2E0,3.77E0));
#591=LINE('',#590,#589);
#592=DIRECTION('',(0.E0,1.E0,0.E0));
#593=VECTOR('',#592,2.E0);
#594=CARTESIAN_POINT('',(-7.85E-1,-3.2E0,3.77E0));
#595=LINE('',#594,#593);
#596=DIRECTION('',(0.E0,0.E0,1.E0));
#597=VECTOR('',#596,2.6E0);
#598=CARTESIAN_POINT('',(-1.255E0,-3.2E0,1.17E0));
#599=LINE('',#598,#597);
#600=DIRECTION('',(0.E0,1.E0,0.E0));
#601=VECTOR('',#600,2.E0);
#602=CARTESIAN_POINT('',(-1.255E0,-3.2E0,1.17E0));
#603=LINE('',#602,#601);
#604=DIRECTION('',(0.E0,0.E0,1.E0));
#605=VECTOR('',#604,2.3E0);
#606=CARTESIAN_POINT('',(-1.255E0,5.E0,5.E-1));
#607=LINE('',#606,#605);
#608=DIRECTION('',(1.E0,0.E0,0.E0));
#609=VECTOR('',#608,5.5E-1);
#610=CARTESIAN_POINT('',(-1.805E0,-3.2E0,1.17E0));
#611=LINE('',#610,#609);
#612=DIRECTION('',(0.E0,1.E0,0.E0));
#613=VECTOR('',#612,2.E0);
#614=CARTESIAN_POINT('',(-1.805E0,-3.2E0,1.17E0));
#615=LINE('',#614,#613);
#616=DIRECTION('',(0.E0,0.E0,1.E0));
#617=VECTOR('',#616,3.27E0);
#618=CARTESIAN_POINT('',(-1.805E0,-4.5E0,5.E-1));
#619=LINE('',#618,#617);
#620=DIRECTION('',(0.E0,0.E0,-1.E0));
#621=VECTOR('',#620,2.3E0);
#622=CARTESIAN_POINT('',(-1.805E0,5.E0,2.8E0));
#623=LINE('',#622,#621);
#624=DIRECTION('',(0.E0,0.E0,1.E0));
#625=VECTOR('',#624,9.5E-1);
#626=CARTESIAN_POINT('',(-1.805E0,3.94E0,5.E-1));
#627=LINE('',#626,#625);
#628=DIRECTION('',(1.E0,0.E0,0.E0));
#629=VECTOR('',#628,5.5E-1);
#630=CARTESIAN_POINT('',(-1.805E0,-1.2E0,1.45E0));
#631=LINE('',#630,#629);
#632=DIRECTION('',(0.E0,0.E0,1.E0));
#633=VECTOR('',#632,2.8E-1);
#634=CARTESIAN_POINT('',(-1.255E0,-1.2E0,1.17E0));
#635=LINE('',#634,#633);
#636=DIRECTION('',(1.E0,0.E0,0.E0));
#637=VECTOR('',#636,5.5E-1);
#638=CARTESIAN_POINT('',(-1.805E0,-1.2E0,1.17E0));
#639=LINE('',#638,#637);
#640=DIRECTION('',(0.E0,0.E0,-1.E0));
#641=VECTOR('',#640,2.8E-1);
#642=CARTESIAN_POINT('',(-1.805E0,-1.2E0,1.45E0));
#643=LINE('',#642,#641);
#644=CARTESIAN_POINT('',(-1.53E0,-1.2E0,3.600010212044E0));
#645=CARTESIAN_POINT('',(-1.473416490381E0,-1.2E0,3.600010212044E0));
#646=CARTESIAN_POINT('',(-1.388892151588E0,-1.2E0,3.639434032222E0));
#647=CARTESIAN_POINT('',(-1.331488004763E0,-1.2E0,3.716186117586E0));
#648=CARTESIAN_POINT('',(-1.314002021223E0,-1.2E0,3.77E0));
#650=DIRECTION('',(0.E0,0.E0,1.E0));
#651=VECTOR('',#650,9.7E-1);
#652=CARTESIAN_POINT('',(-1.255E0,-1.2E0,2.8E0));
#653=LINE('',#652,#651);
#654=DIRECTION('',(1.E0,0.E0,0.E0));
#655=VECTOR('',#654,5.5E-1);
#656=CARTESIAN_POINT('',(-1.805E0,-1.2E0,2.8E0));
#657=LINE('',#656,#655);
#658=DIRECTION('',(0.E0,0.E0,-1.E0));
#659=VECTOR('',#658,9.7E-1);
#660=CARTESIAN_POINT('',(-1.805E0,-1.2E0,3.77E0));
#661=LINE('',#660,#659);
#662=CARTESIAN_POINT('',(-1.745997978777E0,-1.2E0,3.77E0));
#663=CARTESIAN_POINT('',(-1.728511995237E0,-1.2E0,3.716186117586E0));
#664=CARTESIAN_POINT('',(-1.671107848412E0,-1.2E0,3.639434032222E0));
#665=CARTESIAN_POINT('',(-1.586583509619E0,-1.2E0,3.600010212044E0));
#666=CARTESIAN_POINT('',(-1.53E0,-1.2E0,3.600010212044E0));
#668=DIRECTION('',(1.E0,0.E0,0.E0));
#669=VECTOR('',#668,5.5E-1);
#670=CARTESIAN_POINT('',(-1.805E0,3.94E0,1.45E0));
#671=LINE('',#670,#669);
#672=DIRECTION('',(0.E0,-1.E0,0.E0));
#673=VECTOR('',#672,5.14E0);
#674=CARTESIAN_POINT('',(-1.255E0,3.94E0,1.45E0));
#675=LINE('',#674,#673);
#676=DIRECTION('',(0.E0,1.E0,0.E0));
#677=VECTOR('',#676,5.14E0);
#678=CARTESIAN_POINT('',(-1.805E0,-1.2E0,1.45E0));
#679=LINE('',#678,#677);
#680=DIRECTION('',(0.E0,0.E0,1.E0));
#681=VECTOR('',#680,9.5E-1);
#682=CARTESIAN_POINT('',(-1.255E0,3.94E0,5.E-1));
#683=LINE('',#682,#681);
#684=DIRECTION('',(0.E0,-8.881444698600E-1,-4.595643596463E-1));
#685=VECTOR('',#684,6.868230677314E0);
#686=CARTESIAN_POINT('',(-1.53E0,5.228499802719E0,6.926394033123E0));
#687=LINE('',#686,#685);
#688=DIRECTION('',(0.E0,-8.881444698600E-1,-4.595643596463E-1));
#689=VECTOR('',#688,1.251653577401E0);
#690=CARTESIAN_POINT('',(-1.53E0,-1.2E0,3.600010212044E0));
#691=LINE('',#690,#689);
#692=DIRECTION('',(0.E0,-8.881444698600E-1,-4.595643596463E-1));
#693=VECTOR('',#692,8.348468775017E0);
#694=CARTESIAN_POINT('',(-1.53E0,4.891597565944E0,7.27E0));
#695=LINE('',#694,#693);
#696=CARTESIAN_POINT('',(-1.53E0,5.1228E0,7.130667261190E0));
#697=DIRECTION('',(0.E0,-8.881444698600E-1,-4.595643596463E-1));
#698=DIRECTION('',(0.E0,4.595643596463E-1,-8.881444698600E-1));
#699=AXIS2_PLACEMENT_3D('',#696,#697,#698);
#701=CARTESIAN_POINT('',(-1.53E0,5.1228E0,7.130667261190E0));
#702=DIRECTION('',(0.E0,-8.881444698600E-1,-4.595643596463E-1));
#703=DIRECTION('',(-7.312681773749E-1,-3.134642825909E-1,6.057945165636E-1));
#704=AXIS2_PLACEMENT_3D('',#701,#702,#703);
#706=DIRECTION('',(0.E0,1.E0,0.E0));
#707=VECTOR('',#706,1.7E0);
#708=CARTESIAN_POINT('',(-1.255E0,4.8E0,7.27E0));
#709=LINE('',#708,#707);
#710=DIRECTION('',(1.E0,0.E0,0.E0));
#711=VECTOR('',#710,3.363833615924E-1);
#712=CARTESIAN_POINT('',(-1.698191680796E0,5.050703215004E0,7.27E0));
#713=LINE('',#712,#711);
#714=CARTESIAN_POINT('',(-1.361808319204E0,5.050703215004E0,7.27E0));
#715=CARTESIAN_POINT('',(-1.379741087457E0,5.008868583489E0,7.27E0));
#716=CARTESIAN_POINT('',(-1.423508510317E0,4.937183797924E0,7.27E0));
#717=CARTESIAN_POINT('',(-1.484483842745E0,4.891597565944E0,7.27E0));
#718=CARTESIAN_POINT('',(-1.53E0,4.891597565944E0,7.27E0));
#720=CARTESIAN_POINT('',(-1.53E0,4.891597565944E0,7.27E0));
#721=CARTESIAN_POINT('',(-1.575516157255E0,4.891597565944E0,7.27E0));
#722=CARTESIAN_POINT('',(-1.636491489683E0,4.937183797924E0,7.27E0));
#723=CARTESIAN_POINT('',(-1.680258912543E0,5.008868583489E0,7.27E0));
#724=CARTESIAN_POINT('',(-1.698191680796E0,5.050703215004E0,7.27E0));
#726=DIRECTION('',(0.E0,1.E0,0.E0));
#727=VECTOR('',#726,1.7E0);
#728=CARTESIAN_POINT('',(-1.255E0,4.8E0,3.77E0));
#729=LINE('',#728,#727);
#730=DIRECTION('',(1.E0,0.E0,0.E0));
#731=VECTOR('',#730,7.6E0);
#732=CARTESIAN_POINT('',(-3.8E0,6.5E0,1.14E1));
#733=LINE('',#732,#731);
#734=DIRECTION('',(0.E0,0.E0,-1.E0));
#735=VECTOR('',#734,2.E0);
#736=CARTESIAN_POINT('',(-3.8E0,6.5E0,1.34E1));
#737=LINE('',#736,#735);
#738=DIRECTION('',(-1.E0,0.E0,0.E0));
#739=VECTOR('',#738,7.6E0);
#740=CARTESIAN_POINT('',(3.8E0,6.5E0,1.34E1));
#741=LINE('',#740,#739);
#742=DIRECTION('',(0.E0,0.E0,1.E0));
#743=VECTOR('',#742,2.E0);
#744=CARTESIAN_POINT('',(3.8E0,6.5E0,1.14E1));
#745=LINE('',#744,#743);
#746=DIRECTION('',(1.E0,0.E0,0.E0));
#747=VECTOR('',#746,7.6E0);
#748=CARTESIAN_POINT('',(-3.8E0,6.5E0,2.8E0));
#749=LINE('',#748,#747);
#750=DIRECTION('',(0.E0,0.E0,1.E0));
#751=VECTOR('',#750,1.35E1);
#752=CARTESIAN_POINT('',(5.E0,6.5E0,0.E0));
#753=LINE('',#752,#751);
#754=CARTESIAN_POINT('',(4.E0,6.5E0,1.35E1));
#755=DIRECTION('',(0.E0,1.E0,0.E0));
#756=DIRECTION('',(0.E0,0.E0,1.E0));
#757=AXIS2_PLACEMENT_3D('',#754,#755,#756);
#759=CARTESIAN_POINT('',(-4.E0,6.5E0,1.35E1));
#760=DIRECTION('',(0.E0,1.E0,0.E0));
#761=DIRECTION('',(-1.E0,0.E0,0.E0));
#762=AXIS2_PLACEMENT_3D('',#759,#760,#761);
#764=DIRECTION('',(1.E0,0.E0,0.E0));
#765=VECTOR('',#764,5.5E-1);
#766=CARTESIAN_POINT('',(1.255E0,6.5E0,3.77E0));
#767=LINE('',#766,#765);
#768=DIRECTION('',(0.E0,0.E0,-1.E0));
#769=VECTOR('',#768,3.5E0);
#770=CARTESIAN_POINT('',(1.255E0,6.5E0,7.27E0));
#771=LINE('',#770,#769);
#772=DIRECTION('',(-1.E0,0.E0,0.E0));
#773=VECTOR('',#772,5.5E-1);
#774=CARTESIAN_POINT('',(1.805E0,6.5E0,7.27E0));
#775=LINE('',#774,#773);
#776=DIRECTION('',(0.E0,0.E0,1.E0));
#777=VECTOR('',#776,3.5E0);
#778=CARTESIAN_POINT('',(1.805E0,6.5E0,3.77E0));
#779=LINE('',#778,#777);
#780=DIRECTION('',(1.E0,0.E0,0.E0));
#781=VECTOR('',#780,5.5E-1);
#782=CARTESIAN_POINT('',(2.35E-1,6.5E0,3.77E0));
#783=LINE('',#782,#781);
#784=DIRECTION('',(0.E0,0.E0,-1.E0));
#785=VECTOR('',#784,3.5E0);
#786=CARTESIAN_POINT('',(2.35E-1,6.5E0,7.27E0));
#787=LINE('',#786,#785);
#788=DIRECTION('',(-1.E0,0.E0,0.E0));
#789=VECTOR('',#788,5.5E-1);
#790=CARTESIAN_POINT('',(7.85E-1,6.5E0,7.27E0));
#791=LINE('',#790,#789);
#792=DIRECTION('',(0.E0,0.E0,1.E0));
#793=VECTOR('',#792,3.5E0);
#794=CARTESIAN_POINT('',(7.85E-1,6.5E0,3.77E0));
#795=LINE('',#794,#793);
#796=DIRECTION('',(1.E0,0.E0,0.E0));
#797=VECTOR('',#796,5.5E-1);
#798=CARTESIAN_POINT('',(-7.85E-1,6.5E0,3.77E0));
#799=LINE('',#798,#797);
#800=DIRECTION('',(0.E0,0.E0,-1.E0));
#801=VECTOR('',#800,3.5E0);
#802=CARTESIAN_POINT('',(-7.85E-1,6.5E0,7.27E0));
#803=LINE('',#802,#801);
#804=DIRECTION('',(-1.E0,0.E0,0.E0));
#805=VECTOR('',#804,5.5E-1);
#806=CARTESIAN_POINT('',(-2.35E-1,6.5E0,7.27E0));
#807=LINE('',#806,#805);
#808=DIRECTION('',(0.E0,0.E0,1.E0));
#809=VECTOR('',#808,3.5E0);
#810=CARTESIAN_POINT('',(-2.35E-1,6.5E0,3.77E0));
#811=LINE('',#810,#809);
#812=DIRECTION('',(1.E0,0.E0,0.E0));
#813=VECTOR('',#812,5.5E-1);
#814=CARTESIAN_POINT('',(-1.805E0,6.5E0,3.77E0));
#815=LINE('',#814,#813);
#816=DIRECTION('',(0.E0,0.E0,-1.E0));
#817=VECTOR('',#816,3.5E0);
#818=CARTESIAN_POINT('',(-1.805E0,6.5E0,7.27E0));
#819=LINE('',#818,#817);
#820=DIRECTION('',(-1.E0,0.E0,0.E0));
#821=VECTOR('',#820,5.5E-1);
#822=CARTESIAN_POINT('',(-1.255E0,6.5E0,7.27E0));
#823=LINE('',#822,#821);
#824=DIRECTION('',(0.E0,0.E0,1.E0));
#825=VECTOR('',#824,3.5E0);
#826=CARTESIAN_POINT('',(-1.255E0,6.5E0,3.77E0));
#827=LINE('',#826,#825);
#828=CARTESIAN_POINT('',(1.620887676025E0,6.5E0,8.932165902770E0));
#829=DIRECTION('',(0.E0,1.E0,0.E0));
#830=DIRECTION('',(1.E0,0.E0,0.E0));
#831=AXIS2_PLACEMENT_3D('',#828,#829,#830);
#833=CARTESIAN_POINT('',(1.620887676025E0,6.5E0,8.932165902770E0));
#834=DIRECTION('',(0.E0,1.E0,0.E0));
#835=DIRECTION('',(-1.E0,0.E0,0.E0));
#836=AXIS2_PLACEMENT_3D('',#833,#834,#835);
#838=DIRECTION('',(0.E0,0.E0,1.E0));
#839=VECTOR('',#838,4.881689902174E-2);
#840=CARTESIAN_POINT('',(-2.403196457725E-1,6.5E0,9.512464133735E0));
#841=LINE('',#840,#839);
#842=DIRECTION('',(1.E0,0.E0,0.E0));
#843=VECTOR('',#842,1.705307817794E-1);
#844=CARTESIAN_POINT('',(-2.403196457725E-1,6.5E0,9.561281032757E0));
#845=LINE('',#844,#843);
#846=DIRECTION('',(0.E0,0.E0,1.E0));
#847=VECTOR('',#846,3.793707892449E-1);
#848=CARTESIAN_POINT('',(-6.978886399304E-2,6.5E0,9.561281032757E0));
#849=LINE('',#848,#847);
#850=DIRECTION('',(1.E0,0.E0,0.E0));
#851=VECTOR('',#850,5.527473992164E-2);
#852=CARTESIAN_POINT('',(-6.978886399304E-2,6.5E0,9.940651822002E0));
#853=LINE('',#852,#851);
#854=DIRECTION('',(0.E0,0.E0,-1.E0));
#855=VECTOR('',#854,4.281876882667E-1);
#856=CARTESIAN_POINT('',(-1.451412407140E-2,6.5E0,9.940651822002E0));
#857=LINE('',#856,#855);
#858=DIRECTION('',(-1.E0,0.E0,0.E0));
#859=VECTOR('',#858,2.258055217011E-1);
#860=CARTESIAN_POINT('',(-1.451412407140E-2,6.5E0,9.512464133735E0));
#861=LINE('',#860,#859);
#862=CARTESIAN_POINT('',(-5.784259262066E-1,6.5E0,9.530195832483E0));
#863=CARTESIAN_POINT('',(-5.784259262066E-1,6.5E0,9.547854561277E0));
#864=CARTESIAN_POINT('',(-5.784259262066E-1,6.5E0,9.565513290070E0));
#865=CARTESIAN_POINT('',(-5.784259262066E-1,6.5E0,9.583172018863E0));
#867=CARTESIAN_POINT('',(-5.784259262066E-1,6.5E0,9.872570855209E0));
#868=CARTESIAN_POINT('',(-5.481238144822E-1,6.5E0,9.889453460309E0));
#869=CARTESIAN_POINT('',(-4.709405090969E-1,6.5E0,9.910389762945E0));
#870=CARTESIAN_POINT('',(-3.418983849450E-1,6.5E0,9.862549742401E0));
#871=CARTESIAN_POINT('',(-3.028754622741E-1,6.5E0,9.724430721858E0));
#872=CARTESIAN_POINT('',(-3.396830424077E-1,6.5E0,9.587944828575E0));
#873=CARTESIAN_POINT('',(-4.670285933876E-1,6.5E0,9.541718182111E0));
#874=CARTESIAN_POINT('',(-5.459026390022E-1,6.5E0,9.563385123850E0));
#875=CARTESIAN_POINT('',(-5.784259262066E-1,6.5E0,9.583172018863E0));
#877=CARTESIAN_POINT('',(-5.784259262066E-1,6.5E0,9.872570855209E0));
#878=CARTESIAN_POINT('',(-5.784259262066E-1,6.5E0,9.891834922983E0));
#879=CARTESIAN_POINT('',(-5.784259262066E-1,6.5E0,9.911098990757E0));
#880=CARTESIAN_POINT('',(-5.784259262066E-1,6.5E0,9.930363058531E0));
#882=CARTESIAN_POINT('',(-5.784259262066E-1,6.5E0,9.530195832483E0));
#883=CARTESIAN_POINT('',(-5.427150215435E-1,6.5E0,9.511348410575E0));
#884=CARTESIAN_POINT('',(-4.480691435842E-1,6.5E0,9.493114929298E0));
#885=CARTESIAN_POINT('',(-2.913095239753E-1,6.5E0,9.546119398984E0));
#886=CARTESIAN_POINT('',(-2.393101557704E-1,6.5E0,9.723505013160E0));
#887=CARTESIAN_POINT('',(-2.971760785410E-1,6.5E0,9.902629986E0));
#888=CARTESIAN_POINT('',(-4.550700068959E-1,6.5E0,9.958127980582E0));
#889=CARTESIAN_POINT('',(-5.469464584620E-1,6.5E0,9.944038565013E0));
#890=CARTESIAN_POINT('',(-5.784259262066E-1,6.5E0,9.930363058531E0));
#892=DIRECTION('',(0.E0,0.E0,1.E0));
#893=VECTOR('',#892,4.881689902174E-2);
#894=CARTESIAN_POINT('',(-8.944223106715E-1,6.5E0,9.512464133735E0));
#895=LINE('',#894,#893);
#896=DIRECTION('',(1.E0,0.E0,0.E0));
#897=VECTOR('',#896,1.750184339314E-1);
#898=CARTESIAN_POINT('',(-8.944223106715E-1,6.5E0,9.561281032757E0));
#899=LINE('',#898,#897);
#900=DIRECTION('',(0.E0,0.E0,1.E0));
#901=VECTOR('',#900,1.440426885865E-1);
#902=CARTESIAN_POINT('',(-7.194038767401E-1,6.5E0,9.561281032757E0));
#903=LINE('',#902,#901);
#904=DIRECTION('',(-1.E0,0.E0,0.E0));
#905=VECTOR('',#904,1.531274478218E-1);
#906=CARTESIAN_POINT('',(-7.194038767401E-1,6.5E0,9.705323721343E0));
#907=LINE('',#906,#905);
#908=DIRECTION('',(0.E0,0.E0,1.E0));
#909=VECTOR('',#908,4.903580888132E-2);
#910=CARTESIAN_POINT('',(-8.725313245618E-1,6.5E0,9.705323721343E0));
#911=LINE('',#910,#909);
#912=DIRECTION('',(1.E0,0.E0,0.E0));
#913=VECTOR('',#912,1.531274478218E-1);
#914=CARTESIAN_POINT('',(-8.725313245618E-1,6.5E0,9.754359530225E0));
#915=LINE('',#914,#913);
#916=DIRECTION('',(0.E0,0.E0,1.E0));
#917=VECTOR('',#916,1.370375730362E-1);
#918=CARTESIAN_POINT('',(-7.194038767401E-1,6.5E0,9.754359530225E0));
#919=LINE('',#918,#917);
#920=DIRECTION('',(-1.E0,0.E0,0.E0));
#921=VECTOR('',#920,1.652769451116E-1);
#922=CARTESIAN_POINT('',(-7.194038767401E-1,6.5E0,9.891397103261E0));
#923=LINE('',#922,#921);
#924=DIRECTION('',(0.E0,0.E0,1.E0));
#925=VECTOR('',#924,4.925471874090E-2);
#926=CARTESIAN_POINT('',(-8.846808218517E-1,6.5E0,9.891397103261E0));
#927=LINE('',#926,#925);
#928=DIRECTION('',(1.E0,0.E0,0.E0));
#929=VECTOR('',#928,2.205516850332E-1);
#930=CARTESIAN_POINT('',(-8.846808218517E-1,6.5E0,9.940651822002E0));
#931=LINE('',#930,#929);
#932=DIRECTION('',(0.E0,0.E0,-1.E0));
#933=VECTOR('',#932,4.281876882667E-1);
#934=CARTESIAN_POINT('',(-6.641291368184E-1,6.5E0,9.940651822002E0));
#935=LINE('',#934,#933);
#936=DIRECTION('',(-1.E0,0.E0,0.E0));
#937=VECTOR('',#936,2.302931738531E-1);
#938=CARTESIAN_POINT('',(-6.641291368184E-1,6.5E0,9.512464133735E0));
#939=LINE('',#938,#937);
#940=CARTESIAN_POINT('',(-1.030584244261E0,6.5E0,9.891397103261E0));
#941=CARTESIAN_POINT('',(-1.052146865576E0,6.5E0,9.891397103261E0));
#942=CARTESIAN_POINT('',(-1.073709486891E0,6.5E0,9.891397103261E0));
#943=CARTESIAN_POINT('',(-1.095272108205E0,6.5E0,9.891397103261E0));
#945=CARTESIAN_POINT('',(-1.092754644809E0,6.5E0,9.561281032757E0));
#946=CARTESIAN_POINT('',(-1.137722034642E0,6.5E0,9.561281032757E0));
#947=CARTESIAN_POINT('',(-1.237014267641E0,6.5E0,9.588523457914E0));
#948=CARTESIAN_POINT('',(-1.280520291149E0,6.5E0,9.729304673625E0));
#949=CARTESIAN_POINT('',(-1.235492243451E0,6.5E0,9.868559250365E0));
#950=CARTESIAN_POINT('',(-1.138596616397E0,6.5E0,9.891397103261E0));
#951=CARTESIAN_POINT('',(-1.095272108205E0,6.5E0,9.891397103261E0));
#953=CARTESIAN_POINT('',(-1.092754644809E0,6.5E0,9.561281032757E0));
#954=CARTESIAN_POINT('',(-1.072031177960E0,6.5E0,9.561281032757E0));
#955=CARTESIAN_POINT('',(-1.051307711112E0,6.5E0,9.561281032757E0));
#956=CARTESIAN_POINT('',(-1.030584244264E0,6.5E0,9.561281032757E0));
#958=CARTESIAN_POINT('',(-1.030584244264E0,6.5E0,9.561281032757E0));
#959=CARTESIAN_POINT('',(-1.030584244263E0,6.5E0,9.671319722925E0));
#960=CARTESIAN_POINT('',(-1.030584244262E0,6.5E0,9.781358413093E0));
#961=CARTESIAN_POINT('',(-1.030584244261E0,6.5E0,9.891397103261E0));
#963=CARTESIAN_POINT('',(-9.753095043404E-1,6.5E0,9.512464133735E0));
#964=CARTESIAN_POINT('',(-1.014567339427E0,6.5E0,9.512464133735E0));
#965=CARTESIAN_POINT('',(-1.053825174514E0,6.5E0,9.512464133735E0));
#966=CARTESIAN_POINT('',(-1.093083009601E0,6.5E0,9.512464133735E0));
#968=CARTESIAN_POINT('',(-1.097461206820E0,6.5E0,9.940651822002E0));
#969=CARTESIAN_POINT('',(-1.154636378547E0,6.5E0,9.940651822002E0));
#970=CARTESIAN_POINT('',(-1.276605916177E0,6.5E0,9.905803137702E0));
#971=CARTESIAN_POINT('',(-1.346889668438E0,6.5E0,9.729839186765E0));
#972=CARTESIAN_POINT('',(-1.278034390575E0,6.5E0,9.550437857433E0));
#973=CARTESIAN_POINT('',(-1.151999921299E0,6.5E0,9.512464133735E0));
#974=CARTESIAN_POINT('',(-1.093083009601E0,6.5E0,9.512464133735E0));
#976=CARTESIAN_POINT('',(-1.097461206820E0,6.5E0,9.940651822002E0));
#977=CARTESIAN_POINT('',(-1.056743972659E0,6.5E0,9.940651822002E0));
#978=CARTESIAN_POINT('',(-1.016026738498E0,6.5E0,9.940651822002E0));
#979=CARTESIAN_POINT('',(-9.753095043375E-1,6.5E0,9.940651822002E0));
#981=CARTESIAN_POINT('',(-9.753095043375E-1,6.5E0,9.940651822002E0));
#982=CARTESIAN_POINT('',(-9.753095043385E-1,6.5E0,9.797922592579E0));
#983=CARTESIAN_POINT('',(-9.753095043395E-1,6.5E0,9.655193363157E0));
#984=CARTESIAN_POINT('',(-9.753095043404E-1,6.5E0,9.512464133735E0));
#986=CARTESIAN_POINT('',(-1.546445331890E0,6.5E0,9.855933705764E0));
#987=CARTESIAN_POINT('',(-1.543030141257E0,6.5E0,9.865640037036E0));
#988=CARTESIAN_POINT('',(-1.540851400171E0,6.5E0,9.875778982629E0));
#989=CARTESIAN_POINT('',(-1.539134490707E0,6.5E0,9.885924356733E0));
#991=CARTESIAN_POINT('',(-1.546445331890E0,6.5E0,9.855933705764E0));
#992=CARTESIAN_POINT('',(-1.568007953206E0,6.5E0,9.796609133411E0));
#993=CARTESIAN_POINT('',(-1.589570574522E0,6.5E0,9.737284561059E0));
#994=CARTESIAN_POINT('',(-1.611133195838E0,6.5E0,9.677959988706E0));
#996=CARTESIAN_POINT('',(-1.611133195838E0,6.5E0,9.677959988706E0));
#997=CARTESIAN_POINT('',(-1.563228421239E0,6.5E0,9.677959988706E0));
#998=CARTESIAN_POINT('',(-1.515323646640E0,6.5E0,9.677959988706E0));
#999=CARTESIAN_POINT('',(-1.467418872041E0,6.5E0,9.677959988706E0));
#1001=CARTESIAN_POINT('',(-1.467418872041E0,6.5E0,9.677959988706E0));
#1002=CARTESIAN_POINT('',(-1.488762583495E0,6.5E0,9.737284561059E0));
#1003=CARTESIAN_POINT('',(-1.510106294950E0,6.5E0,9.796609133411E0));
#1004=CARTESIAN_POINT('',(-1.531450006405E0,6.5E0,9.855933705764E0));
#1006=CARTESIAN_POINT('',(-1.539134490707E0,6.5E0,9.885924356733E0));
#1007=CARTESIAN_POINT('',(-1.537493953375E0,6.5E0,9.875735756459E0));
#1008=CARTESIAN_POINT('',(-1.535073541431E0,6.5E0,9.865596465836E0));
#1009=CARTESIAN_POINT('',(-1.531450006405E0,6.5E0,9.855933705764E0));
#1011=DIRECTION('',(3.559357243710E-1,0.E0,9.345104387413E-1));
#1012=VECTOR('',#1011,4.581946552073E-1);
#1013=CARTESIAN_POINT('',(-1.732956533531E0,6.5E0,9.512464133735E0));
#1014=LINE('',#1013,#1012);
#1015=DIRECTION('',(1.E0,0.E0,0.E0));
#1016=VECTOR('',#1015,5.910566249054E-2);
#1017=CARTESIAN_POINT('',(-1.569868687027E0,6.5E0,9.940651822002E0));
#1018=LINE('',#1017,#1016);
#1019=DIRECTION('',(3.559357243682E-1,0.E0,-9.345104387424E-1));
#1020=VECTOR('',#1019,4.581946552068E-1);
#1021=CARTESIAN_POINT('',(-1.510763024536E0,6.5E0,9.940651822002E0));
#1022=LINE('',#1021,#1020);
#1023=DIRECTION('',(-1.E0,0.E0,0.E0));
#1024=VECTOR('',#1023,6.107585123843E-2);
#1025=CARTESIAN_POINT('',(-1.347675178034E0,6.5E0,9.512464133735E0));
#1026=LINE('',#1025,#1024);
#1027=DIRECTION('',(-3.315284184080E-1,0.E0,9.434452330623E-1));
#1028=VECTOR('',#1027,1.241373336471E-1);
#1029=CARTESIAN_POINT('',(-1.408751029272E0,6.5E0,9.512464133735E0));
#1030=LINE('',#1029,#1028);
#1031=DIRECTION('',(-1.E0,0.E0,0.E0));
#1032=VECTOR('',#1031,1.783020818470E-1);
#1033=CARTESIAN_POINT('',(-1.449906083161E0,6.5E0,9.629580909409E0));
#1034=LINE('',#1033,#1032);
#1035=DIRECTION('',(-3.493954794714E-1,0.E0,-9.369753459537E-1));
#1036=VECTOR('',#1035,1.249945115207E-1);
#1037=CARTESIAN_POINT('',(-1.628208165009E0,6.5E0,9.629580909409E0));
#1038=LINE('',#1037,#1036);
#1039=DIRECTION('',(-1.E0,0.E0,0.E0));
#1040=VECTOR('',#1039,6.107585123843E-2);
#1041=CARTESIAN_POINT('',(-1.671880682293E0,6.5E0,9.512464133735E0));
#1042=LINE('',#1041,#1040);
#1043=DIRECTION('',(0.E0,0.E0,1.E0));
#1044=VECTOR('',#1043,4.881689902175E-2);
#1045=CARTESIAN_POINT('',(-2.448072979245E-1,6.5E0,8.833186834812E0));
#1046=LINE('',#1045,#1044);
#1047=DIRECTION('',(1.E0,0.E0,0.E0));
#1048=VECTOR('',#1047,1.750184339315E-1);
#1049=CARTESIAN_POINT('',(-2.448072979245E-1,6.5E0,8.882003733834E0));
#1050=LINE('',#1049,#1048);
#1051=DIRECTION('',(0.E0,0.E0,1.E0));
#1052=VECTOR('',#1051,1.440426885865E-1);
#1053=CARTESIAN_POINT('',(-6.978886399304E-2,6.5E0,8.882003733834E0));
#1054=LINE('',#1053,#1052);
#1055=DIRECTION('',(-1.E0,0.E0,0.E0));
#1056=VECTOR('',#1055,1.531274478218E-1);
#1057=CARTESIAN_POINT('',(-6.978886399304E-2,6.5E0,9.026046422420E0));
#1058=LINE('',#1057,#1056);
#1059=DIRECTION('',(0.E0,0.E0,1.E0));
#1060=VECTOR('',#1059,4.903580888132E-2);
#1061=CARTESIAN_POINT('',(-2.229163118148E-1,6.5E0,9.026046422420E0));
#1062=LINE('',#1061,#1060);
#1063=DIRECTION('',(1.E0,0.E0,0.E0));
#1064=VECTOR('',#1063,1.531274478218E-1);
#1065=CARTESIAN_POINT('',(-2.229163118148E-1,6.5E0,9.075082231302E0));
#1066=LINE('',#1065,#1064);
#1067=DIRECTION('',(0.E0,0.E0,1.E0));
#1068=VECTOR('',#1067,1.370375730362E-1);
#1069=CARTESIAN_POINT('',(-6.978886399304E-2,6.5E0,9.075082231302E0));
#1070=LINE('',#1069,#1068);
#1071=DIRECTION('',(-1.E0,0.E0,0.E0));
#1072=VECTOR('',#1071,1.652769451116E-1);
#1073=CARTESIAN_POINT('',(-6.978886399304E-2,6.5E0,9.212119804338E0));
#1074=LINE('',#1073,#1072);
#1075=DIRECTION('',(0.E0,0.E0,1.E0));
#1076=VECTOR('',#1075,4.925471874090E-2);
#1077=CARTESIAN_POINT('',(-2.350658091046E-1,6.5E0,9.212119804338E0));
#1078=LINE('',#1077,#1076);
#1079=DIRECTION('',(1.E0,0.E0,0.E0));
#1080=VECTOR('',#1079,2.205516850332E-1);
#1081=CARTESIAN_POINT('',(-2.350658091046E-1,6.5E0,9.261374523079E0));
#1082=LINE('',#1081,#1080);
#1083=DIRECTION('',(0.E0,0.E0,-1.E0));
#1084=VECTOR('',#1083,4.281876882667E-1);
#1085=CARTESIAN_POINT('',(-1.451412407140E-2,6.5E0,9.261374523079E0));
#1086=LINE('',#1085,#1084);
#1087=DIRECTION('',(-1.E0,0.E0,0.E0));
#1088=VECTOR('',#1087,2.302931738531E-1);
#1089=CARTESIAN_POINT('',(-1.451412407140E-2,6.5E0,8.833186834812E0));
#1090=LINE('',#1089,#1088);
#1091=CARTESIAN_POINT('',(-4.166515388702E-1,6.5E0,8.977010613539E0));
#1092=CARTESIAN_POINT('',(-4.405127137272E-1,6.5E0,8.980221291502E0));
#1093=CARTESIAN_POINT('',(-4.643738885843E-1,6.5E0,8.983431969465E0));
#1094=CARTESIAN_POINT('',(-4.882350634413E-1,6.5E0,8.986642647428E0));
#1096=CARTESIAN_POINT('',(-4.882350634413E-1,6.5E0,8.986642647428E0));
#1097=CARTESIAN_POINT('',(-4.882350634413E-1,6.5E0,8.976864673633E0));
#1098=CARTESIAN_POINT('',(-4.882350634413E-1,6.5E0,8.967086699838E0));
#1099=CARTESIAN_POINT('',(-4.882350634413E-1,6.5E0,8.957308726043E0));
#1101=CARTESIAN_POINT('',(-4.166515388702E-1,6.5E0,8.977010613539E0));
#1102=CARTESIAN_POINT('',(-3.984313114650E-1,6.5E0,8.974464555561E0));
#1103=CARTESIAN_POINT('',(-3.620525669122E-1,6.5E0,8.968355005080E0));
#1104=CARTESIAN_POINT('',(-3.451464770248E-1,6.5E0,8.919950507618E0));
#1105=CARTESIAN_POINT('',(-3.627782232133E-1,6.5E0,8.877747562243E0));
#1106=CARTESIAN_POINT('',(-4.144470428549E-1,6.5E0,8.863834714842E0));
#1107=CARTESIAN_POINT('',(-4.732540680522E-1,6.5E0,8.888796828358E0));
#1108=CARTESIAN_POINT('',(-4.882350634413E-1,6.5E0,8.935145791793E0));
#1109=CARTESIAN_POINT('',(-4.882350634413E-1,6.5E0,8.957308726043E0));
#1111=CARTESIAN_POINT('',(-4.882350634413E-1,6.5E0,8.880471364805E0));
#1112=CARTESIAN_POINT('',(-4.882350634413E-1,6.5E0,8.864709854807E0));
#1113=CARTESIAN_POINT('',(-4.882350634413E-1,6.5E0,8.848948344810E0));
#1114=CARTESIAN_POINT('',(-4.882350634413E-1,6.5E0,8.833186834812E0));
#1116=CARTESIAN_POINT('',(-4.882350634413E-1,6.5E0,8.833186834812E0));
#1117=CARTESIAN_POINT('',(-5.061127020962E-1,6.5E0,8.833186834812E0));
#1118=CARTESIAN_POINT('',(-5.239903407511E-1,6.5E0,8.833186834812E0));
#1119=CARTESIAN_POINT('',(-5.418679794059E-1,6.5E0,8.833186834812E0));
#1121=CARTESIAN_POINT('',(-5.418679794059E-1,6.5E0,8.833186834812E0));
#1122=CARTESIAN_POINT('',(-5.418679794054E-1,6.5E0,8.898786823181E0));
#1123=CARTESIAN_POINT('',(-5.418679794050E-1,6.5E0,8.964386811550E0));
#1124=CARTESIAN_POINT('',(-5.418679794045E-1,6.5E0,9.029986799919E0));
#1126=CARTESIAN_POINT('',(-3.260228563814E-1,6.5E0,9.117550744352E0));
#1127=CARTESIAN_POINT('',(-3.568104718909E-1,6.5E0,9.136890257344E0));
#1128=CARTESIAN_POINT('',(-4.484333388837E-1,6.5E0,9.174012303133E0));
#1129=CARTESIAN_POINT('',(-5.418679794045E-1,6.5E0,9.083405839915E0));
#1130=CARTESIAN_POINT('',(-5.418679794045E-1,6.5E0,9.029986799919E0));
#1132=CARTESIAN_POINT('',(-3.260228563814E-1,6.5E0,9.117550744352E0));
#1133=CARTESIAN_POINT('',(-3.260228563814E-1,6.5E0,9.100183895372E0));
#1134=CARTESIAN_POINT('',(-3.260228563814E-1,6.5E0,9.082817046393E0));
#1135=CARTESIAN_POINT('',(-3.260228563814E-1,6.5E0,9.065450197413E0));
#1137=CARTESIAN_POINT('',(-4.882350634399E-1,6.5E0,9.027578791449E0));
#1138=CARTESIAN_POINT('',(-4.882350634399E-1,6.5E0,9.059970629781E0));
#1139=CARTESIAN_POINT('',(-4.252260845725E-1,6.5E0,9.132415993727E0));
#1140=CARTESIAN_POINT('',(-3.536825199405E-1,6.5E0,9.087898620013E0));
#1141=CARTESIAN_POINT('',(-3.260228563814E-1,6.5E0,9.065450197413E0));
#1143=CARTESIAN_POINT('',(-4.882350634399E-1,6.5E0,9.027578791449E0));
#1144=CARTESIAN_POINT('',(-4.580255026113E-1,6.5E0,9.023346534136E0));
#1145=CARTESIAN_POINT('',(-4.278159417826E-1,6.5E0,9.019114276822E0));
#1146=CARTESIAN_POINT('',(-3.976063809540E-1,6.5E0,9.014882019509E0));
#1148=CARTESIAN_POINT('',(-4.882350634413E-1,6.5E0,8.880471364805E0));
#1149=CARTESIAN_POINT('',(-4.698696245206E-1,6.5E0,8.848879003551E0));
#1150=CARTESIAN_POINT('',(-4.053628463291E-1,6.5E0,8.813264679147E0));
#1151=CARTESIAN_POINT('',(-3.162412319753E-1,6.5E0,8.839994352102E0));
#1152=CARTESIAN_POINT('',(-2.735856312659E-1,6.5E0,8.941474141080E0));
#1153=CARTESIAN_POINT('',(-3.506136839775E-1,6.5E0,9.008342582710E0));
#1154=CARTESIAN_POINT('',(-3.976063809540E-1,6.5E0,9.014882019509E0));
#1156=CARTESIAN_POINT('',(-6.145460532838E-1,6.5E0,8.899297612857E0));
#1157=CARTESIAN_POINT('',(-6.145460532838E-1,6.5E0,8.880836214573E0));
#1158=CARTESIAN_POINT('',(-6.145460532838E-1,6.5E0,8.862374816289E0));
#1159=CARTESIAN_POINT('',(-6.145460532838E-1,6.5E0,8.843913418004E0));
#1161=CARTESIAN_POINT('',(-8.064205465195E-1,6.5E0,9.080336067967E0));
#1162=CARTESIAN_POINT('',(-7.837480359627E-1,6.5E0,9.094872510144E0));
#1163=CARTESIAN_POINT('',(-7.419877988247E-1,6.5E0,9.106546500710E0));
#1164=CARTESIAN_POINT('',(-6.862417533804E-1,6.5E0,9.098503126286E0));
#1165=CARTESIAN_POINT('',(-6.642309933869E-1,6.5E0,9.062434098893E0));
#1166=CARTESIAN_POINT('',(-6.846148921292E-1,6.5E0,9.020901654175E0));
#1167=CARTESIAN_POINT('',(-7.413891159225E-1,6.5E0,9.005635613930E0));
#1168=CARTESIAN_POINT('',(-8.039807609892E-1,6.5E0,8.980490254071E0));
#1169=CARTESIAN_POINT('',(-8.310545875483E-1,6.5E0,8.909002450404E0));
#1170=CARTESIAN_POINT('',(-7.886037759113E-1,6.5E0,8.834983356733E0));
#1171=CARTESIAN_POINT('',(-6.991821782529E-1,6.5E0,8.820858274316E0));
#1172=CARTESIAN_POINT('',(-6.398543223738E-1,6.5E0,8.831259283459E0));
#1173=CARTESIAN_POINT('',(-6.145460532838E-1,6.5E0,8.843913418004E0));
#1175=CARTESIAN_POINT('',(-8.064205465195E-1,6.5E0,9.080336067967E0));
#1176=CARTESIAN_POINT('',(-8.064205465195E-1,6.5E0,9.097702916945E0));
#1177=CARTESIAN_POINT('',(-8.064205465195E-1,6.5E0,9.115069765924E0));
#1178=CARTESIAN_POINT('',(-8.064205465195E-1,6.5E0,9.132436614902E0));
#1180=CARTESIAN_POINT('',(-6.145460532838E-1,6.5E0,8.899297612857E0));
#1181=CARTESIAN_POINT('',(-6.397141701953E-1,6.5E0,8.881176568681E0));
#1182=CARTESIAN_POINT('',(-6.895188797490E-1,6.5E0,8.853762137150E0));
#1183=CARTESIAN_POINT('',(-7.805124279245E-1,6.5E0,8.894742967319E0));
#1184=CARTESIAN_POINT('',(-7.480047598756E-1,6.5E0,8.953659788986E0));
#1185=CARTESIAN_POINT('',(-6.909812022344E-1,6.5E0,8.966737577151E0));
#1186=CARTESIAN_POINT('',(-6.288416353410E-1,6.5E0,8.994873825434E0));
#1187=CARTESIAN_POINT('',(-6.059921736615E-1,6.5E0,9.064704080464E0));
#1188=CARTESIAN_POINT('',(-6.464963477282E-1,6.5E0,9.135490355605E0));
#1189=CARTESIAN_POINT('',(-7.298937503418E-1,6.5E0,9.150910096555E0));
#1190=CARTESIAN_POINT('',(-7.836983274136E-1,6.5E0,9.141792822771E0));
#1191=CARTESIAN_POINT('',(-8.064205465195E-1,6.5E0,9.132436614902E0));
#1193=CARTESIAN_POINT('',(-9.961342473661E-1,6.5E0,8.883973922582E0));
#1194=CARTESIAN_POINT('',(-9.937168034861E-1,6.5E0,8.892365467256E0));
#1195=CARTESIAN_POINT('',(-9.912993596062E-1,6.5E0,8.900757011931E0));
#1196=CARTESIAN_POINT('',(-9.888819157263E-1,6.5E0,8.909148556606E0));
#1198=CARTESIAN_POINT('',(-9.888819157263E-1,6.5E0,8.909148556606E0));
#1199=CARTESIAN_POINT('',(-9.622478826289E-1,6.5E0,8.985767007983E0));
#1200=CARTESIAN_POINT('',(-9.356138495315E-1,6.5E0,9.062385459360E0));
#1201=CARTESIAN_POINT('',(-9.089798164342E-1,6.5E0,9.139003910737E0));
#1203=CARTESIAN_POINT('',(-9.089798164342E-1,6.5E0,9.139003910737E0));
#1204=CARTESIAN_POINT('',(-8.889860491226E-1,6.5E0,9.139003910737E0));
#1205=CARTESIAN_POINT('',(-8.689922818111E-1,6.5E0,9.139003910737E0));
#1206=CARTESIAN_POINT('',(-8.489985144995E-1,6.5E0,9.139003910737E0));
#1208=CARTESIAN_POINT('',(-8.489985144995E-1,6.5E0,9.139003910737E0));
#1209=CARTESIAN_POINT('',(-8.889860491226E-1,6.5E0,9.037283795290E0));
#1210=CARTESIAN_POINT('',(-9.289735837458E-1,6.5E0,8.935563679843E0));
#1211=CARTESIAN_POINT('',(-9.689611183689E-1,6.5E0,8.833843564397E0));
#1213=CARTESIAN_POINT('',(-9.689611183689E-1,6.5E0,8.833843564397E0));
#1214=CARTESIAN_POINT('',(-9.611168483466E-1,6.5E0,8.815309196158E0));
#1215=CARTESIAN_POINT('',(-9.532725783244E-1,6.5E0,8.796774827920E0));
#1216=CARTESIAN_POINT('',(-9.454283083022E-1,6.5E0,8.778240459681E0));
#1218=CARTESIAN_POINT('',(-8.600534624841E-1,6.5E0,8.741244693161E0));
#1219=CARTESIAN_POINT('',(-8.696737652469E-1,6.5E0,8.737436656650E0));
#1220=CARTESIAN_POINT('',(-9.036908970665E-1,6.5E0,8.727690082676E0));
#1221=CARTESIAN_POINT('',(-9.364040747153E-1,6.5E0,8.756777417634E0));
#1222=CARTESIAN_POINT('',(-9.454283083022E-1,6.5E0,8.778240459681E0));
#1224=CARTESIAN_POINT('',(-8.600534624841E-1,6.5E0,8.741244693161E0));
#1225=CARTESIAN_POINT('',(-8.600534624841E-1,6.5E0,8.725337243255E0));
#1226=CARTESIAN_POINT('',(-8.600534624841E-1,6.5E0,8.709429793349E0));
#1227=CARTESIAN_POINT('',(-8.600534624841E-1,6.5E0,8.693522343443E0));
#1229=CARTESIAN_POINT('',(-1.003767786281E0,6.5E0,8.786996854126E0));
#1230=CARTESIAN_POINT('',(-9.857802584007E-1,6.5E0,8.741570724393E0));
#1231=CARTESIAN_POINT('',(-9.331026013150E-1,6.5E0,8.680700636576E0));
#1232=CARTESIAN_POINT('',(-8.711881200556E-1,6.5E0,8.690194744631E0));
#1233=CARTESIAN_POINT('',(-8.600534624841E-1,6.5E0,8.693522343443E0));
#1235=CARTESIAN_POINT('',(-1.003767786281E0,6.5E0,8.786996854126E0));
#1236=CARTESIAN_POINT('',(-1.050030736922E0,6.5E0,8.904332539663E0));
#1237=CARTESIAN_POINT('',(-1.096293687562E0,6.5E0,9.021668225200E0));
#1238=CARTESIAN_POINT('',(-1.142556638203E0,6.5E0,9.139003910737E0));
#1240=CARTESIAN_POINT('',(-1.142556638203E0,6.5E0,9.139003910737E0));
#1241=CARTESIAN_POINT('',(-1.124022269966E0,6.5E0,9.139003910737E0));
#1242=CARTESIAN_POINT('',(-1.105487901729E0,6.5E0,9.139003910737E0));
#1243=CARTESIAN_POINT('',(-1.086953533492E0,6.5E0,9.139003910737E0));
#1245=CARTESIAN_POINT('',(-1.086953533492E0,6.5E0,9.139003910737E0));
#1246=CARTESIAN_POINT('',(-1.059115496158E0,6.5E0,9.062239519452E0));
#1247=CARTESIAN_POINT('',(-1.031277458823E0,6.5E0,8.985475128168E0));
#1248=CARTESIAN_POINT('',(-1.003439421489E0,6.5E0,8.908710736883E0));
#1250=CARTESIAN_POINT('',(-9.961342473661E-1,6.5E0,8.883973922582E0));
#1251=CARTESIAN_POINT('',(-9.977578902799E-1,6.5E0,8.892416865749E0));
#1252=CARTESIAN_POINT('',(-1.000922767988E0,6.5E0,8.900489668778E0));
#1253=CARTESIAN_POINT('',(-1.003439421489E0,6.5E0,8.908710736883E0));
#1255=DIRECTION('',(0.E0,0.E0,1.E0));
#1256=VECTOR('',#1255,4.881689902175E-2);
#1257=CARTESIAN_POINT('',(-1.430642015382E0,6.5E0,8.833186834812E0));
#1258=LINE('',#1257,#1256);
#1259=DIRECTION('',(1.E0,0.E0,0.E0));
#1260=VECTOR('',#1259,1.750184339314E-1);
#1261=CARTESIAN_POINT('',(-1.430642015382E0,6.5E0,8.882003733834E0));
#1262=LINE('',#1261,#1260);
#1263=DIRECTION('',(0.E0,0.E0,1.E0));
#1264=VECTOR('',#1263,1.440426885865E-1);
#1265=CARTESIAN_POINT('',(-1.255623581450E0,6.5E0,8.882003733834E0));
#1266=LINE('',#1265,#1264);
#1267=DIRECTION('',(-1.E0,0.E0,0.E0));
#1268=VECTOR('',#1267,1.531274478218E-1);
#1269=CARTESIAN_POINT('',(-1.255623581450E0,6.5E0,9.026046422420E0));
#1270=LINE('',#1269,#1268);
#1271=DIRECTION('',(0.E0,0.E0,1.E0));
#1272=VECTOR('',#1271,4.903580888132E-2);
#1273=CARTESIAN_POINT('',(-1.408751029272E0,6.5E0,9.026046422420E0));
#1274=LINE('',#1273,#1272);
#1275=DIRECTION('',(1.E0,0.E0,0.E0));
#1276=VECTOR('',#1275,1.531274478218E-1);
#1277=CARTESIAN_POINT('',(-1.408751029272E0,6.5E0,9.075082231302E0));
#1278=LINE('',#1277,#1276);
#1279=DIRECTION('',(0.E0,0.E0,1.E0));
#1280=VECTOR('',#1279,1.370375730362E-1);
#1281=CARTESIAN_POINT('',(-1.255623581450E0,6.5E0,9.075082231302E0));
#1282=LINE('',#1281,#1280);
#1283=DIRECTION('',(-1.E0,0.E0,0.E0));
#1284=VECTOR('',#1283,1.652769451116E-1);
#1285=CARTESIAN_POINT('',(-1.255623581450E0,6.5E0,9.212119804338E0));
#1286=LINE('',#1285,#1284);
#1287=DIRECTION('',(0.E0,0.E0,1.E0));
#1288=VECTOR('',#1287,4.925471874090E-2);
#1289=CARTESIAN_POINT('',(-1.420900526562E0,6.5E0,9.212119804338E0));
#1290=LINE('',#1289,#1288);
#1291=DIRECTION('',(1.E0,0.E0,0.E0));
#1292=VECTOR('',#1291,2.205516850333E-1);
#1293=CARTESIAN_POINT('',(-1.420900526562E0,6.5E0,9.261374523079E0));
#1294=LINE('',#1293,#1292);
#1295=DIRECTION('',(0.E0,0.E0,-1.E0));
#1296=VECTOR('',#1295,4.281876882667E-1);
#1297=CARTESIAN_POINT('',(-1.200348841529E0,6.5E0,9.261374523079E0));
#1298=LINE('',#1297,#1296);
#1299=DIRECTION('',(-1.E0,0.E0,0.E0));
#1300=VECTOR('',#1299,2.302931738531E-1);
#1301=CARTESIAN_POINT('',(-1.200348841529E0,6.5E0,8.833186834812E0));
#1302=LINE('',#1301,#1300);
#1303=CARTESIAN_POINT('',(-1.566803948969E0,6.5E0,9.212119804338E0));
#1304=CARTESIAN_POINT('',(-1.588366570285E0,6.5E0,9.212119804338E0));
#1305=CARTESIAN_POINT('',(-1.609929191601E0,6.5E0,9.212119804338E0));
#1306=CARTESIAN_POINT('',(-1.631491812917E0,6.5E0,9.212119804338E0));
#1308=CARTESIAN_POINT('',(-1.628974349516E0,6.5E0,8.882003733834E0));
#1309=CARTESIAN_POINT('',(-1.673941739350E0,6.5E0,8.882003733834E0));
#1310=CARTESIAN_POINT('',(-1.773233972351E0,6.5E0,8.909246158991E0));
#1311=CARTESIAN_POINT('',(-1.816739995852E0,6.5E0,9.050027374703E0));
#1312=CARTESIAN_POINT('',(-1.771711948160E0,6.5E0,9.189281951441E0));
#1313=CARTESIAN_POINT('',(-1.674816321108E0,6.5E0,9.212119804338E0));
#1314=CARTESIAN_POINT('',(-1.631491812917E0,6.5E0,9.212119804338E0));
#1316=CARTESIAN_POINT('',(-1.628974349516E0,6.5E0,8.882003733834E0));
#1317=CARTESIAN_POINT('',(-1.608250882668E0,6.5E0,8.882003733834E0));
#1318=CARTESIAN_POINT('',(-1.587527415819E0,6.5E0,8.882003733834E0));
#1319=CARTESIAN_POINT('',(-1.566803948971E0,6.5E0,8.882003733834E0));
#1321=CARTESIAN_POINT('',(-1.566803948971E0,6.5E0,8.882003733834E0));
#1322=CARTESIAN_POINT('',(-1.566803948970E0,6.5E0,8.992042424002E0));
#1323=CARTESIAN_POINT('',(-1.566803948970E0,6.5E0,9.102081114170E0));
#1324=CARTESIAN_POINT('',(-1.566803948969E0,6.5E0,9.212119804338E0));
#1326=CARTESIAN_POINT('',(-1.511529209051E0,6.5E0,8.833186834812E0));
#1327=CARTESIAN_POINT('',(-1.550787044137E0,6.5E0,8.833186834812E0));
#1328=CARTESIAN_POINT('',(-1.590044879224E0,6.5E0,8.833186834812E0));
#1329=CARTESIAN_POINT('',(-1.629302714311E0,6.5E0,8.833186834812E0));
#1331=CARTESIAN_POINT('',(-1.633680911529E0,6.5E0,9.261374523079E0));
#1332=CARTESIAN_POINT('',(-1.690856083256E0,6.5E0,9.261374523079E0));
#1333=CARTESIAN_POINT('',(-1.812825620887E0,6.5E0,9.226525838782E0));
#1334=CARTESIAN_POINT('',(-1.883109373151E0,6.5E0,9.050561887842E0));
#1335=CARTESIAN_POINT('',(-1.814254095281E0,6.5E0,8.871160558515E0));
#1336=CARTESIAN_POINT('',(-1.688219626009E0,6.5E0,8.833186834812E0));
#1337=CARTESIAN_POINT('',(-1.629302714311E0,6.5E0,8.833186834812E0));
#1339=CARTESIAN_POINT('',(-1.633680911529E0,6.5E0,9.261374523079E0));
#1340=CARTESIAN_POINT('',(-1.592963677369E0,6.5E0,9.261374523079E0));
#1341=CARTESIAN_POINT('',(-1.552246443209E0,6.5E0,9.261374523079E0));
#1342=CARTESIAN_POINT('',(-1.511529209049E0,6.5E0,9.261374523079E0));
#1344=CARTESIAN_POINT('',(-1.511529209049E0,6.5E0,9.261374523079E0));
#1345=CARTESIAN_POINT('',(-1.511529209050E0,6.5E0,9.118645293657E0));
#1346=CARTESIAN_POINT('',(-1.511529209050E0,6.5E0,8.975916064234E0));
#1347=CARTESIAN_POINT('',(-1.511529209051E0,6.5E0,8.833186834812E0));
#1349=CARTESIAN_POINT('',(-2.082665036597E0,6.5E0,9.176656406844E0));
#1350=CARTESIAN_POINT('',(-2.079249136072E0,6.5E0,9.186364755713E0));
#1351=CARTESIAN_POINT('',(-2.077044416178E0,6.5E0,9.196499574846E0));
#1352=CARTESIAN_POINT('',(-2.075327149833E0,6.5E0,9.206647057808E0));
#1354=CARTESIAN_POINT('',(-2.082665036597E0,6.5E0,9.176656406844E0));
#1355=CARTESIAN_POINT('',(-2.104227657915E0,6.5E0,9.117331834491E0));
#1356=CARTESIAN_POINT('',(-2.125790279232E0,6.5E0,9.058007262139E0));
#1357=CARTESIAN_POINT('',(-2.147352900549E0,6.5E0,8.998682689786E0));
#1359=CARTESIAN_POINT('',(-2.147352900549E0,6.5E0,8.998682689786E0));
#1360=CARTESIAN_POINT('',(-2.099448125950E0,6.5E0,8.998682689786E0));
#1361=CARTESIAN_POINT('',(-2.051543351351E0,6.5E0,8.998682689786E0));
#1362=CARTESIAN_POINT('',(-2.003638576752E0,6.5E0,8.998682689786E0));
#1364=CARTESIAN_POINT('',(-2.003638576752E0,6.5E0,8.998682689786E0));
#1365=CARTESIAN_POINT('',(-2.024982288206E0,6.5E0,9.058007262139E0));
#1366=CARTESIAN_POINT('',(-2.046325999659E0,6.5E0,9.117331834491E0));
#1367=CARTESIAN_POINT('',(-2.067669711112E0,6.5E0,9.176656406844E0));
#1369=CARTESIAN_POINT('',(-2.075327149833E0,6.5E0,9.206647057808E0));
#1370=CARTESIAN_POINT('',(-2.073686967634E0,6.5E0,9.196460663100E0));
#1371=CARTESIAN_POINT('',(-2.071292461745E0,6.5E0,9.186317075176E0));
#1372=CARTESIAN_POINT('',(-2.067669711112E0,6.5E0,9.176656406844E0));
#1374=DIRECTION('',(3.559357243710E-1,0.E0,9.345104387413E-1));
#1375=VECTOR('',#1374,4.581946552073E-1);
#1376=CARTESIAN_POINT('',(-2.269176238241E0,6.5E0,8.833186834812E0));
#1377=LINE('',#1376,#1375);
#1378=DIRECTION('',(1.E0,0.E0,0.E0));
#1379=VECTOR('',#1378,5.910566249054E-2);
#1380=CARTESIAN_POINT('',(-2.106088391737E0,6.5E0,9.261374523079E0));
#1381=LINE('',#1380,#1379);
#1382=DIRECTION('',(3.559357243682E-1,0.E0,-9.345104387424E-1));
#1383=VECTOR('',#1382,4.581946552068E-1);
#1384=CARTESIAN_POINT('',(-2.046982729247E0,6.5E0,9.261374523079E0));
#1385=LINE('',#1384,#1383);
#1386=DIRECTION('',(-1.E0,0.E0,-2.908443850362E-14));
#1387=VECTOR('',#1386,6.107585123843E-2);
#1388=CARTESIAN_POINT('',(-1.883894882744E0,6.5E0,8.833186834812E0));
#1389=LINE('',#1388,#1387);
#1390=DIRECTION('',(-3.315284184079E-1,0.E0,9.434452330623E-1));
#1391=VECTOR('',#1390,1.241373336471E-1);
#1392=CARTESIAN_POINT('',(-1.944970733982E0,6.5E0,8.833186834812E0));
#1393=LINE('',#1392,#1391);
#1394=DIRECTION('',(-1.E0,0.E0,0.E0));
#1395=VECTOR('',#1394,1.783020818470E-1);
#1396=CARTESIAN_POINT('',(-1.986125787872E0,6.5E0,8.950303610487E0));
#1397=LINE('',#1396,#1395);
#1398=DIRECTION('',(-3.493954794713E-1,0.E0,-9.369753459537E-1));
#1399=VECTOR('',#1398,1.249945115207E-1);
#1400=CARTESIAN_POINT('',(-2.164427869719E0,6.5E0,8.950303610487E0));
#1401=LINE('',#1400,#1399);
#1402=DIRECTION('',(-1.E0,0.E0,0.E0));
#1403=VECTOR('',#1402,6.107585123843E-2);
#1404=CARTESIAN_POINT('',(-2.208100387003E0,6.5E0,8.833186834812E0));
#1405=LINE('',#1404,#1403);
#1406=CARTESIAN_POINT('',(6.375559141653E-1,6.5E0,9.656726157522E0));
#1407=CARTESIAN_POINT('',(6.709855932563E-1,6.5E0,9.747898136056E0));
#1408=CARTESIAN_POINT('',(8.151311252619E-1,6.5E0,9.958999563846E0));
#1409=CARTESIAN_POINT('',(1.195746310316E0,6.5E0,1.010519229509E1));
#1410=CARTESIAN_POINT('',(1.542218520606E0,6.5E0,9.992370980007E0));
#1411=CARTESIAN_POINT('',(1.676905256118E0,6.5E0,9.853016263448E0));
#1412=CARTESIAN_POINT('',(1.715263120399E0,6.5E0,9.802855955579E0));
#1414=CARTESIAN_POINT('',(1.715263120399E0,6.5E0,9.802855955579E0));
#1415=CARTESIAN_POINT('',(1.738510446624E0,6.5E0,9.805761885211E0));
#1416=CARTESIAN_POINT('',(1.887598232969E0,6.5E0,9.822474981098E0));
#1417=CARTESIAN_POINT('',(2.173652093348E0,6.5E0,9.699790499286E0));
#1418=CARTESIAN_POINT('',(2.327775683518E0,6.5E0,9.322810177999E0));
#1419=CARTESIAN_POINT('',(2.194606448271E0,6.5E0,8.976418447914E0));
#1420=CARTESIAN_POINT('',(1.998730277657E0,6.5E0,8.861447779832E0));
#1421=CARTESIAN_POINT('',(1.907058536603E0,6.5E0,8.837790574530E0));
#1423=CARTESIAN_POINT('',(1.907058536603E0,6.5E0,8.837790574530E0));
#1424=CARTESIAN_POINT('',(1.870414256222E0,6.5E0,8.725038959130E0));
#1425=CARTESIAN_POINT('',(1.588636473486E0,6.5E0,8.507417478134E0));
#1426=CARTESIAN_POINT('',(1.307996668652E0,6.5E0,8.802281883717E0));
#1427=CARTESIAN_POINT('',(1.313406226550E0,6.5E0,8.955506263736E0));
#1428=CARTESIAN_POINT('',(1.313406226550E0,6.5E0,8.965654165976E0));
#1430=CARTESIAN_POINT('',(1.313406226550E0,6.5E0,8.965654165976E0));
#1431=CARTESIAN_POINT('',(1.171335595195E0,6.5E0,9.040748638677E0));
#1432=CARTESIAN_POINT('',(1.029264963841E0,6.5E0,9.115843111379E0));
#1433=CARTESIAN_POINT('',(8.871943324861E-1,6.5E0,9.190937584081E0));
#1435=CARTESIAN_POINT('',(8.871943324861E-1,6.5E0,9.190937584081E0));
#1436=CARTESIAN_POINT('',(9.186528139450E-1,6.5E0,9.244721477564E0));
#1437=CARTESIAN_POINT('',(9.501112954038E-1,6.5E0,9.298505371047E0));
#1438=CARTESIAN_POINT('',(9.815697768627E-1,6.5E0,9.352289264530E0));
#1440=CARTESIAN_POINT('',(9.815697768627E-1,6.5E0,9.352289264530E0));
#1441=CARTESIAN_POINT('',(1.117551663002E0,6.5E0,9.281253948853E0));
#1442=CARTESIAN_POINT('',(1.253533549141E0,6.5E0,9.210218633177E0));
#1443=CARTESIAN_POINT('',(1.389515435280E0,6.5E0,9.139183317500E0));
#1445=CARTESIAN_POINT('',(1.389515435280E0,6.5E0,9.139183317500E0));
#1446=CARTESIAN_POINT('',(1.443898637279E0,6.5E0,9.202630424915E0));
#1447=CARTESIAN_POINT('',(1.651009888361E0,6.5E0,9.303452634244E0));
#1448=CARTESIAN_POINT('',(1.863720336020E0,6.5E0,9.151132194469E0));
#1449=CARTESIAN_POINT('',(1.904014067217E0,6.5E0,9.041763432774E0));
#1451=CARTESIAN_POINT('',(1.904014067217E0,6.5E0,9.041763432774E0));
#1452=CARTESIAN_POINT('',(2.005384770959E0,6.5E0,9.088104336961E0));
#1453=CARTESIAN_POINT('',(2.200242889404E0,6.5E0,9.356446075929E0));
#1454=CARTESIAN_POINT('',(1.869530429774E0,6.5E0,9.678078152694E0));
#1455=CARTESIAN_POINT('',(1.668818409339E0,6.5E0,9.609375527563E0));
#1456=CARTESIAN_POINT('',(1.620887617959E0,6.5E0,9.580617064921E0));
#1458=CARTESIAN_POINT('',(1.620887617959E0,6.5E0,9.580617064921E0));
#1459=CARTESIAN_POINT('',(1.567142052828E0,6.5E0,9.739025086114E0));
#1460=CARTESIAN_POINT('',(1.188969642642E0,6.5E0,1.003309320975E1));
#1461=CARTESIAN_POINT('',(8.083560871283E-1,6.5E0,9.681557514697E0));
#1462=CARTESIAN_POINT('',(7.867301235411E-1,6.5E0,9.492330152851E0));
#1464=CARTESIAN_POINT('',(7.867301235411E-1,6.5E0,9.492330152851E0));
#1465=CARTESIAN_POINT('',(7.786118094917E-1,6.5E0,9.492330152851E0));
#1466=CARTESIAN_POINT('',(6.590066020362E-1,6.5E0,9.496660980941E0));
#1467=CARTESIAN_POINT('',(4.066535201690E-1,6.5E0,9.261853504550E0));
#1468=CARTESIAN_POINT('',(6.366753852693E-1,6.5E0,9.025269346590E0));
#1469=CARTESIAN_POINT('',(7.441090038141E-1,6.5E0,9.017408374492E0));
#1471=CARTESIAN_POINT('',(7.441090038141E-1,6.5E0,9.017408374492E0));
#1472=CARTESIAN_POINT('',(7.897745638923E-1,6.5E0,9.017408374492E0));
#1473=CARTESIAN_POINT('',(8.354401239705E-1,6.5E0,9.017408374492E0));
#1474=CARTESIAN_POINT('',(8.811056840487E-1,6.5E0,9.017408374492E0));
#1476=CARTESIAN_POINT('',(8.811056840487E-1,6.5E0,9.017408374492E0));
#1477=CARTESIAN_POINT('',(8.872783941800E-1,6.5E0,9.017408374492E0));
#1478=CARTESIAN_POINT('',(9.364412092219E-1,6.5E0,9.034574300169E0));
#1479=CARTESIAN_POINT('',(1.041529531553E0,6.5E0,8.924407664680E0));
#1480=CARTESIAN_POINT('',(9.484544365903E-1,6.5E0,8.834388885519E0));
#1481=CARTESIAN_POINT('',(9.054605100647E-1,6.5E0,8.831701809957E0));
#1483=CARTESIAN_POINT('',(9.054605100647E-1,6.5E0,8.831701809957E0));
#1484=CARTESIAN_POINT('',(8.516766359370E-1,6.5E0,8.831701809957E0));
#1485=CARTESIAN_POINT('',(7.978927618093E-1,6.5E0,8.831701809957E0));
#1486=CARTESIAN_POINT('',(7.441088876816E-1,6.5E0,8.831701809957E0));
#1488=CARTESIAN_POINT('',(7.441088876816E-1,6.5E0,8.831701809957E0));
#1489=CARTESIAN_POINT('',(7.410645247521E-1,6.5E0,8.831701809957E0));
#1490=CARTESIAN_POINT('',(7.380201618226E-1,6.5E0,8.831701809957E0));
#1491=CARTESIAN_POINT('',(7.349757988931E-1,6.5E0,8.831701809957E0));
#1493=CARTESIAN_POINT('',(7.349757988931E-1,6.5E0,8.831701809957E0));
#1494=CARTESIAN_POINT('',(7.319314359631E-1,6.5E0,8.831701809957E0));
#1495=CARTESIAN_POINT('',(7.288870730331E-1,6.5E0,8.831701809957E0));
#1496=CARTESIAN_POINT('',(7.258427101031E-1,6.5E0,8.831701809957E0));
#1498=CARTESIAN_POINT('',(7.258427101031E-1,6.5E0,8.831701809957E0));
#1499=CARTESIAN_POINT('',(6.231991379183E-1,6.5E0,8.840499808055E0));
#1500=CARTESIAN_POINT('',(4.196926981910E-1,6.5E0,8.942189054096E0));
#1501=CARTESIAN_POINT('',(2.601372709160E-1,6.5E0,9.319939269600E0));
#1502=CARTESIAN_POINT('',(4.786607934847E-1,6.5E0,9.606548745392E0));
#1503=CARTESIAN_POINT('',(6.375559141653E-1,6.5E0,9.656726157522E0));
#1505=DIRECTION('',(-1.E0,0.E0,0.E0));
#1506=VECTOR('',#1505,1.6E0);
#1507=CARTESIAN_POINT('',(3.8E0,4.8E0,1.14E1));
#1508=LINE('',#1507,#1506);
#1509=DIRECTION('',(1.E0,0.E0,0.E0));
#1510=VECTOR('',#1509,1.6E0);
#1511=CARTESIAN_POINT('',(-3.8E0,4.8E0,1.14E1));
#1512=LINE('',#1511,#1510);
#1513=DIRECTION('',(0.E0,1.E0,0.E0));
#1514=VECTOR('',#1513,1.7E0);
#1515=CARTESIAN_POINT('',(-3.8E0,4.8E0,1.14E1));
#1516=LINE('',#1515,#1514);
#1517=DIRECTION('',(0.E0,0.E0,1.E0));
#1518=VECTOR('',#1517,1.8E0);
#1519=CARTESIAN_POINT('',(2.2E0,4.8E0,9.6E0));
#1520=LINE('',#1519,#1518);
#1521=DIRECTION('',(0.E0,-9.974586998307E-1,7.124704998791E-2));
#1522=VECTOR('',#1521,9.123184750952E0);
#1523=CARTESIAN_POINT('',(2.2E0,4.8E0,1.14E1));
#1524=LINE('',#1523,#1522);
#1525=DIRECTION('',(0.E0,1.E0,0.E0));
#1526=VECTOR('',#1525,1.95E0);
#1527=CARTESIAN_POINT('',(2.2E0,-6.25E0,1.205E1));
#1528=LINE('',#1527,#1526);
#1529=DIRECTION('',(0.E0,0.E0,-1.E0));
#1530=VECTOR('',#1529,1.45E0);
#1531=CARTESIAN_POINT('',(2.2E0,-6.25E0,1.205E1));
#1532=LINE('',#1531,#1530);
#1533=DIRECTION('',(0.E0,1.E0,0.E0));
#1534=VECTOR('',#1533,1.025E1);
#1535=CARTESIAN_POINT('',(2.2E0,-6.25E0,1.06E1));
#1536=LINE('',#1535,#1534);
#1537=DIRECTION('',(-1.E0,0.E0,0.E0));
#1538=VECTOR('',#1537,1.6E0);
#1539=CARTESIAN_POINT('',(3.8E0,4.8E0,9.6E0));
#1540=LINE('',#1539,#1538);
#1541=DIRECTION('',(0.E0,0.E0,1.E0));
#1542=VECTOR('',#1541,5.83E0);
#1543=CARTESIAN_POINT('',(3.8E0,4.8E0,3.77E0));
#1544=LINE('',#1543,#1542);
#1545=DIRECTION('',(1.E0,0.E0,0.E0));
#1546=VECTOR('',#1545,1.995E0);
#1547=CARTESIAN_POINT('',(1.805E0,4.8E0,3.77E0));
#1548=LINE('',#1547,#1546);
#1549=DIRECTION('',(0.E0,0.E0,1.E0));
#1550=VECTOR('',#1549,3.5E0);
#1551=CARTESIAN_POINT('',(1.805E0,4.8E0,3.77E0));
#1552=LINE('',#1551,#1550);
#1553=DIRECTION('',(-1.E0,0.E0,0.E0));
#1554=VECTOR('',#1553,5.5E-1);
#1555=CARTESIAN_POINT('',(1.805E0,4.8E0,7.27E0));
#1556=LINE('',#1555,#1554);
#1557=DIRECTION('',(0.E0,0.E0,1.E0));
#1558=VECTOR('',#1557,3.5E0);
#1559=CARTESIAN_POINT('',(1.255E0,4.8E0,3.77E0));
#1560=LINE('',#1559,#1558);
#1561=DIRECTION('',(1.E0,0.E0,0.E0));
#1562=VECTOR('',#1561,4.7E-1);
#1563=CARTESIAN_POINT('',(7.85E-1,4.8E0,3.77E0));
#1564=LINE('',#1563,#1562);
#1565=DIRECTION('',(0.E0,0.E0,1.E0));
#1566=VECTOR('',#1565,3.5E0);
#1567=CARTESIAN_POINT('',(7.85E-1,4.8E0,3.77E0));
#1568=LINE('',#1567,#1566);
#1569=DIRECTION('',(-1.E0,0.E0,0.E0));
#1570=VECTOR('',#1569,5.5E-1);
#1571=CARTESIAN_POINT('',(7.85E-1,4.8E0,7.27E0));
#1572=LINE('',#1571,#1570);
#1573=DIRECTION('',(0.E0,0.E0,1.E0));
#1574=VECTOR('',#1573,3.5E0);
#1575=CARTESIAN_POINT('',(2.35E-1,4.8E0,3.77E0));
#1576=LINE('',#1575,#1574);
#1577=DIRECTION('',(1.E0,0.E0,0.E0));
#1578=VECTOR('',#1577,4.7E-1);
#1579=CARTESIAN_POINT('',(-2.35E-1,4.8E0,3.77E0));
#1580=LINE('',#1579,#1578);
#1581=DIRECTION('',(0.E0,0.E0,1.E0));
#1582=VECTOR('',#1581,3.5E0);
#1583=CARTESIAN_POINT('',(-2.35E-1,4.8E0,3.77E0));
#1584=LINE('',#1583,#1582);
#1585=DIRECTION('',(-1.E0,0.E0,0.E0));
#1586=VECTOR('',#1585,5.5E-1);
#1587=CARTESIAN_POINT('',(-2.35E-1,4.8E0,7.27E0));
#1588=LINE('',#1587,#1586);
#1589=DIRECTION('',(0.E0,0.E0,1.E0));
#1590=VECTOR('',#1589,3.5E0);
#1591=CARTESIAN_POINT('',(-7.85E-1,4.8E0,3.77E0));
#1592=LINE('',#1591,#1590);
#1593=DIRECTION('',(1.E0,0.E0,0.E0));
#1594=VECTOR('',#1593,4.7E-1);
#1595=CARTESIAN_POINT('',(-1.255E0,4.8E0,3.77E0));
#1596=LINE('',#1595,#1594);
#1597=DIRECTION('',(0.E0,0.E0,1.E0));
#1598=VECTOR('',#1597,3.5E0);
#1599=CARTESIAN_POINT('',(-1.255E0,4.8E0,3.77E0));
#1600=LINE('',#1599,#1598);
#1601=DIRECTION('',(-1.E0,0.E0,0.E0));
#1602=VECTOR('',#1601,5.5E-1);
#1603=CARTESIAN_POINT('',(-1.255E0,4.8E0,7.27E0));
#1604=LINE('',#1603,#1602);
#1605=DIRECTION('',(0.E0,0.E0,1.E0));
#1606=VECTOR('',#1605,3.5E0);
#1607=CARTESIAN_POINT('',(-1.805E0,4.8E0,3.77E0));
#1608=LINE('',#1607,#1606);
#1609=DIRECTION('',(1.E0,0.E0,0.E0));
#1610=VECTOR('',#1609,1.995E0);
#1611=CARTESIAN_POINT('',(-3.8E0,4.8E0,3.77E0));
#1612=LINE('',#1611,#1610);
#1613=DIRECTION('',(0.E0,0.E0,-1.E0));
#1614=VECTOR('',#1613,5.83E0);
#1615=CARTESIAN_POINT('',(-3.8E0,4.8E0,9.6E0));
#1616=LINE('',#1615,#1614);
#1617=DIRECTION('',(1.E0,0.E0,0.E0));
#1618=VECTOR('',#1617,1.6E0);
#1619=CARTESIAN_POINT('',(-3.8E0,4.8E0,9.6E0));
#1620=LINE('',#1619,#1618);
#1621=DIRECTION('',(1.E0,0.E0,0.E0));
#1622=VECTOR('',#1621,4.4E0);
#1623=CARTESIAN_POINT('',(-2.2E0,4.8E0,1.14E1));
#1624=LINE('',#1623,#1622);
#1625=DIRECTION('',(0.E0,-1.E0,0.E0));
#1626=VECTOR('',#1625,8.E-1);
#1627=CARTESIAN_POINT('',(2.2E0,4.8E0,9.6E0));
#1628=LINE('',#1627,#1626);
#1629=DIRECTION('',(0.E0,0.E0,1.E0));
#1630=VECTOR('',#1629,1.E0);
#1631=CARTESIAN_POINT('',(-2.2E0,4.E0,9.6E0));
#1632=LINE('',#1631,#1630);
#1633=DIRECTION('',(1.E0,0.E0,0.E0));
#1634=VECTOR('',#1633,1.6E0);
#1635=CARTESIAN_POINT('',(-3.8E0,4.E0,9.6E0));
#1636=LINE('',#1635,#1634);
#1637=DIRECTION('',(1.E0,0.E0,0.E0));
#1638=VECTOR('',#1637,1.6E0);
#1639=CARTESIAN_POINT('',(2.2E0,4.E0,9.6E0));
#1640=LINE('',#1639,#1638);
#1641=DIRECTION('',(0.E0,0.E0,-1.E0));
#1642=VECTOR('',#1641,1.E0);
#1643=CARTESIAN_POINT('',(2.2E0,4.E0,1.06E1));
#1644=LINE('',#1643,#1642);
#1645=DIRECTION('',(1.E0,0.E0,0.E0));
#1646=VECTOR('',#1645,1.6E0);
#1647=CARTESIAN_POINT('',(-3.8E0,-6.25E0,1.06E1));
#1648=LINE('',#1647,#1646);
#1649=DIRECTION('',(0.E0,1.E0,0.E0));
#1650=VECTOR('',#1649,1.025E1);
#1651=CARTESIAN_POINT('',(-2.2E0,-6.25E0,1.06E1));
#1652=LINE('',#1651,#1650);
#1653=DIRECTION('',(-1.E0,0.E0,0.E0));
#1654=VECTOR('',#1653,1.6E0);
#1655=CARTESIAN_POINT('',(-2.2E0,4.E0,1.06E1));
#1656=LINE('',#1655,#1654);
#1657=DIRECTION('',(-5.773502691896E-1,-5.773502691896E-1,5.773502691896E-1));
#1658=VECTOR('',#1657,4.330127018922E-1);
#1659=CARTESIAN_POINT('',(-2.2E0,-6.25E0,1.06E1));
#1660=LINE('',#1659,#1658);
#1661=DIRECTION('',(0.E0,0.E0,-1.E0));
#1662=VECTOR('',#1661,1.7E0);
#1663=CARTESIAN_POINT('',(-1.5E0,-6.5E0,1.4E1));
#1664=LINE('',#1663,#1662);
#1665=DIRECTION('',(1.E0,0.E0,0.E0));
#1666=VECTOR('',#1665,9.5E-1);
#1667=CARTESIAN_POINT('',(-2.45E0,-6.5E0,1.23E1));
#1668=LINE('',#1667,#1666);
#1669=DIRECTION('',(0.E0,0.E0,1.E0));
#1670=VECTOR('',#1669,1.45E0);
#1671=CARTESIAN_POINT('',(-2.45E0,-6.5E0,1.085E1));
#1672=LINE('',#1671,#1670);
#1673=DIRECTION('',(1.E0,0.E0,0.E0));
#1674=VECTOR('',#1673,1.6E0);
#1675=CARTESIAN_POINT('',(-4.05E0,-6.5E0,1.085E1));
#1676=LINE('',#1675,#1674);
#1677=DIRECTION('',(0.E0,0.E0,-1.E0));
#1678=VECTOR('',#1677,1.085E1);
#1679=CARTESIAN_POINT('',(-4.05E0,-6.5E0,1.085E1));
#1680=LINE('',#1679,#1678);
#1681=DIRECTION('',(0.E0,0.E0,1.E0));
#1682=VECTOR('',#1681,1.35E1);
#1683=CARTESIAN_POINT('',(-5.E0,-6.5E0,0.E0));
#1684=LINE('',#1683,#1682);
#1685=CARTESIAN_POINT('',(-4.E0,-6.5E0,1.35E1));
#1686=DIRECTION('',(0.E0,-1.E0,0.E0));
#1687=DIRECTION('',(0.E0,0.E0,1.E0));
#1688=AXIS2_PLACEMENT_3D('',#1685,#1686,#1687);
#1690=CARTESIAN_POINT('',(4.E0,-6.5E0,1.35E1));
#1691=DIRECTION('',(0.E0,-1.E0,0.E0));
#1692=DIRECTION('',(1.E0,0.E0,0.E0));
#1693=AXIS2_PLACEMENT_3D('',#1690,#1691,#1692);
#1695=DIRECTION('',(0.E0,0.E0,1.E0));
#1696=VECTOR('',#1695,1.085E1);
#1697=CARTESIAN_POINT('',(4.05E0,-6.5E0,0.E0));
#1698=LINE('',#1697,#1696);
#1699=DIRECTION('',(1.E0,0.E0,0.E0));
#1700=VECTOR('',#1699,1.6E0);
#1701=CARTESIAN_POINT('',(2.45E0,-6.5E0,1.085E1));
#1702=LINE('',#1701,#1700);
#1703=DIRECTION('',(0.E0,0.E0,-1.E0));
#1704=VECTOR('',#1703,1.45E0);
#1705=CARTESIAN_POINT('',(2.45E0,-6.5E0,1.23E1));
#1706=LINE('',#1705,#1704);
#1707=DIRECTION('',(1.E0,0.E0,0.E0));
#1708=VECTOR('',#1707,9.5E-1);
#1709=CARTESIAN_POINT('',(1.5E0,-6.5E0,1.23E1));
#1710=LINE('',#1709,#1708);
#1711=DIRECTION('',(0.E0,0.E0,1.E0));
#1712=VECTOR('',#1711,1.7E0);
#1713=CARTESIAN_POINT('',(1.5E0,-6.5E0,1.23E1));
#1714=LINE('',#1713,#1712);
#1715=DIRECTION('',(6.917144638661E-1,6.917144638661E-1,-2.075143391598E-1));
#1716=VECTOR('',#1715,3.614208073700E-1);
#1717=CARTESIAN_POINT('',(-1.5E0,-6.5E0,1.4E1));
#1718=LINE('',#1717,#1716);
#1719=DIRECTION('',(0.E0,0.E0,-1.E0));
#1720=VECTOR('',#1719,1.875E0);
#1721=CARTESIAN_POINT('',(-1.25E0,-6.25E0,1.3925E1));
#1722=LINE('',#1721,#1720);
#1723=DIRECTION('',(0.E0,1.E0,0.E0));
#1724=VECTOR('',#1723,1.95E0);
#1725=CARTESIAN_POINT('',(-1.25E0,-6.25E0,1.205E1));
#1726=LINE('',#1725,#1724);
#1727=DIRECTION('',(1.E0,0.E0,0.E0));
#1728=VECTOR('',#1727,3.E0);
#1729=CARTESIAN_POINT('',(-1.5E0,-6.5E0,1.4E1));
#1730=LINE('',#1729,#1728);
#1731=DIRECTION('',(0.E0,9.578262852212E-1,-2.873478855663E-1));
#1732=VECTOR('',#1731,1.827053639059E0);
#1733=CARTESIAN_POINT('',(1.25E0,-6.25E0,1.3925E1));
#1734=LINE('',#1733,#1732);
#1735=DIRECTION('',(0.E0,-9.578262852212E-1,2.873478855663E-1));
#1736=VECTOR('',#1735,1.827053639059E0);
#1737=CARTESIAN_POINT('',(-1.25E0,-4.5E0,1.34E1));
#1738=LINE('',#1737,#1736);
#1739=DIRECTION('',(5.773502691896E-1,-5.773502691896E-1,5.773502691896E-1));
#1740=VECTOR('',#1739,4.330127018922E-1);
#1741=CARTESIAN_POINT('',(1.25E0,-6.25E0,1.205E1));
#1742=LINE('',#1741,#1740);
#1743=DIRECTION('',(6.917144638661E-1,-6.917144638661E-1,2.075143391598E-1));
#1744=VECTOR('',#1743,3.614208073700E-1);
#1745=CARTESIAN_POINT('',(1.25E0,-6.25E0,1.3925E1));
#1746=LINE('',#1745,#1744);
#1747=DIRECTION('',(5.773502691896E-1,-5.773502691896E-1,5.773502691896E-1));
#1748=VECTOR('',#1747,4.330127018922E-1);
#1749=CARTESIAN_POINT('',(2.2E0,-6.25E0,1.205E1));
#1750=LINE('',#1749,#1748);
#1751=DIRECTION('',(0.E0,1.E0,0.E0));
#1752=VECTOR('',#1751,1.95E0);
#1753=CARTESIAN_POINT('',(1.25E0,-6.25E0,1.205E1));
#1754=LINE('',#1753,#1752);
#1755=DIRECTION('',(1.E0,0.E0,0.E0));
#1756=VECTOR('',#1755,9.5E-1);
#1757=CARTESIAN_POINT('',(1.25E0,-6.25E0,1.205E1));
#1758=LINE('',#1757,#1756);
#1759=DIRECTION('',(1.E0,0.E0,0.E0));
#1760=VECTOR('',#1759,1.6E0);
#1761=CARTESIAN_POINT('',(-3.8E0,-4.3E0,1.205E1));
#1762=LINE('',#1761,#1760);
#1763=DIRECTION('',(1.E0,0.E0,0.E0));
#1764=VECTOR('',#1763,9.5E-1);
#1765=CARTESIAN_POINT('',(-2.2E0,-4.3E0,1.205E1));
#1766=LINE('',#1765,#1764);
#1767=DIRECTION('',(0.E0,0.E0,1.E0));
#1768=VECTOR('',#1767,1.35E0);
#1769=CARTESIAN_POINT('',(-1.25E0,-4.3E0,1.205E1));
#1770=LINE('',#1769,#1768);
#1771=DIRECTION('',(-1.E0,0.E0,0.E0));
#1772=VECTOR('',#1771,2.55E0);
#1773=CARTESIAN_POINT('',(-1.25E0,-4.3E0,1.34E1));
#1774=LINE('',#1773,#1772);
#1775=DIRECTION('',(0.E0,0.E0,-1.E0));
#1776=VECTOR('',#1775,1.35E0);
#1777=CARTESIAN_POINT('',(-3.8E0,-4.3E0,1.34E1));
#1778=LINE('',#1777,#1776);
#1779=DIRECTION('',(-1.E0,0.E0,0.E0));
#1780=VECTOR('',#1779,1.6E0);
#1781=CARTESIAN_POINT('',(3.8E0,-4.3E0,1.205E1));
#1782=LINE('',#1781,#1780);
#1783=DIRECTION('',(0.E0,0.E0,1.E0));
#1784=VECTOR('',#1783,1.35E0);
#1785=CARTESIAN_POINT('',(3.8E0,-4.3E0,1.205E1));
#1786=LINE('',#1785,#1784);
#1787=DIRECTION('',(-1.E0,0.E0,0.E0));
#1788=VECTOR('',#1787,2.55E0);
#1789=CARTESIAN_POINT('',(3.8E0,-4.3E0,1.34E1));
#1790=LINE('',#1789,#1788);
#1791=DIRECTION('',(0.E0,0.E0,-1.E0));
#1792=VECTOR('',#1791,1.35E0);
#1793=CARTESIAN_POINT('',(1.25E0,-4.3E0,1.34E1));
#1794=LINE('',#1793,#1792);
#1795=DIRECTION('',(1.E0,0.E0,0.E0));
#1796=VECTOR('',#1795,9.5E-1);
#1797=CARTESIAN_POINT('',(1.25E0,-4.3E0,1.205E1));
#1798=LINE('',#1797,#1796);
#1799=DIRECTION('',(0.E0,-9.974586998307E-1,7.124704998791E-2));
#1800=VECTOR('',#1799,9.123184750952E0);
#1801=CARTESIAN_POINT('',(-3.8E0,4.8E0,1.14E1));
#1802=LINE('',#1801,#1800);
#1803=DIRECTION('',(0.E0,1.E0,0.E0));
#1804=VECTOR('',#1803,1.08E1);
#1805=CARTESIAN_POINT('',(-3.8E0,-4.3E0,1.34E1));
#1806=LINE('',#1805,#1804);
#1807=DIRECTION('',(0.E0,1.E0,0.E0));
#1808=VECTOR('',#1807,1.08E1);
#1809=CARTESIAN_POINT('',(3.8E0,-4.3E0,1.34E1));
#1810=LINE('',#1809,#1808);
#1811=DIRECTION('',(0.E0,1.E0,0.E0));
#1812=VECTOR('',#1811,2.E-1);
#1813=CARTESIAN_POINT('',(-1.25E0,-4.5E0,1.34E1));
#1814=LINE('',#1813,#1812);
#1815=DIRECTION('',(1.E0,0.E0,0.E0));
#1816=VECTOR('',#1815,2.5E0);
#1817=CARTESIAN_POINT('',(-1.25E0,-4.5E0,1.34E1));
#1818=LINE('',#1817,#1816);
#1819=DIRECTION('',(0.E0,1.E0,0.E0));
#1820=VECTOR('',#1819,2.E-1);
#1821=CARTESIAN_POINT('',(1.25E0,-4.5E0,1.34E1));
#1822=LINE('',#1821,#1820);
#1823=DIRECTION('',(0.E0,-9.974586998307E-1,7.124704998791E-2));
#1824=VECTOR('',#1823,9.123184750952E0);
#1825=CARTESIAN_POINT('',(3.8E0,4.8E0,1.14E1));
#1826=LINE('',#1825,#1824);
#1827=DIRECTION('',(0.E0,1.E0,0.E0));
#1828=VECTOR('',#1827,1.7E0);
#1829=CARTESIAN_POINT('',(3.8E0,4.8E0,1.14E1));
#1830=LINE('',#1829,#1828);
#1831=DIRECTION('',(0.E0,0.E0,1.E0));
#1832=VECTOR('',#1831,1.875E0);
#1833=CARTESIAN_POINT('',(1.25E0,-6.25E0,1.205E1));
#1834=LINE('',#1833,#1832);
#1835=DIRECTION('',(0.E0,1.E0,0.E0));
#1836=VECTOR('',#1835,1.95E0);
#1837=CARTESIAN_POINT('',(-2.2E0,-6.25E0,1.205E1));
#1838=LINE('',#1837,#1836);
#1839=DIRECTION('',(0.E0,-9.974586998307E-1,7.124704998791E-2));
#1840=VECTOR('',#1839,9.123184750952E0);
#1841=CARTESIAN_POINT('',(-2.2E0,4.8E0,1.14E1));
#1842=LINE('',#1841,#1840);
#1843=DIRECTION('',(0.E0,0.E0,-1.E0));
#1844=VECTOR('',#1843,1.8E0);
#1845=CARTESIAN_POINT('',(-2.2E0,4.8E0,1.14E1));
#1846=LINE('',#1845,#1844);
#1847=DIRECTION('',(0.E0,-1.E0,0.E0));
#1848=VECTOR('',#1847,8.E-1);
#1849=CARTESIAN_POINT('',(-2.2E0,4.8E0,9.6E0));
#1850=LINE('',#1849,#1848);
#1851=DIRECTION('',(0.E0,0.E0,1.E0));
#1852=VECTOR('',#1851,1.45E0);
#1853=CARTESIAN_POINT('',(-2.2E0,-6.25E0,1.06E1));
#1854=LINE('',#1853,#1852);
#1855=DIRECTION('',(1.E0,0.E0,0.E0));
#1856=VECTOR('',#1855,9.5E-1);
#1857=CARTESIAN_POINT('',(-2.2E0,-6.25E0,1.205E1));
#1858=LINE('',#1857,#1856);
#1859=DIRECTION('',(-5.773502691896E-1,-5.773502691896E-1,5.773502691896E-1));
#1860=VECTOR('',#1859,4.330127018922E-1);
#1861=CARTESIAN_POINT('',(-1.25E0,-6.25E0,1.205E1));
#1862=LINE('',#1861,#1860);
#1863=DIRECTION('',(-5.773502691896E-1,-5.773502691896E-1,5.773502691896E-1));
#1864=VECTOR('',#1863,4.330127018922E-1);
#1865=CARTESIAN_POINT('',(-2.2E0,-6.25E0,1.205E1));
#1866=LINE('',#1865,#1864);
#1867=DIRECTION('',(5.773502691896E-1,-5.773502691896E-1,5.773502691896E-1));
#1868=VECTOR('',#1867,4.330127018922E-1);
#1869=CARTESIAN_POINT('',(2.2E0,-6.25E0,1.06E1));
#1870=LINE('',#1869,#1868);
#1871=DIRECTION('',(5.773502691896E-1,-5.773502691896E-1,5.773502691896E-1));
#1872=VECTOR('',#1871,4.330127018922E-1);
#1873=CARTESIAN_POINT('',(3.8E0,-6.25E0,1.06E1));
#1874=LINE('',#1873,#1872);
#1875=DIRECTION('',(1.E0,0.E0,0.E0));
#1876=VECTOR('',#1875,1.6E0);
#1877=CARTESIAN_POINT('',(2.2E0,-6.25E0,1.06E1));
#1878=LINE('',#1877,#1876);
#1879=DIRECTION('',(0.E0,1.E0,0.E0));
#1880=VECTOR('',#1879,1.025E1);
#1881=CARTESIAN_POINT('',(3.8E0,-6.25E0,1.06E1));
#1882=LINE('',#1881,#1880);
#1883=DIRECTION('',(-1.E0,0.E0,0.E0));
#1884=VECTOR('',#1883,1.6E0);
#1885=CARTESIAN_POINT('',(3.8E0,4.E0,1.06E1));
#1886=LINE('',#1885,#1884);
#1887=DIRECTION('',(-5.773502691896E-1,-5.773502691896E-1,5.773502691896E-1));
#1888=VECTOR('',#1887,4.330127018922E-1);
#1889=CARTESIAN_POINT('',(-3.8E0,-6.25E0,1.06E1));
#1890=LINE('',#1889,#1888);
#1891=DIRECTION('',(0.E0,6.401843996645E-1,-7.682212795974E-1));
#1892=VECTOR('',#1891,1.562049935181E0);
#1893=CARTESIAN_POINT('',(-5.E0,-5.E-1,2.2E0));
#1894=LINE('',#1893,#1892);
#1895=DIRECTION('',(0.E0,0.E0,-1.E0));
#1896=VECTOR('',#1895,1.E0);
#1897=CARTESIAN_POINT('',(-5.E0,5.E-1,1.E0));
#1898=LINE('',#1897,#1896);
#1899=DIRECTION('',(0.E0,0.E0,1.E0));
#1900=VECTOR('',#1899,1.35E1);
#1901=CARTESIAN_POINT('',(-5.E0,6.5E0,0.E0));
#1902=LINE('',#1901,#1900);
#1903=DIRECTION('',(0.E0,-1.E0,0.E0));
#1904=VECTOR('',#1903,1.3E1);
#1905=CARTESIAN_POINT('',(-5.E0,6.5E0,1.35E1));
#1906=LINE('',#1905,#1904);
#1907=DIRECTION('',(0.E0,0.E0,-1.E0));
#1908=VECTOR('',#1907,1.E0);
#1909=CARTESIAN_POINT('',(-5.E0,-1.5E0,1.E0));
#1910=LINE('',#1909,#1908);
#1911=DIRECTION('',(0.E0,-6.401843996645E-1,-7.682212795974E-1));
#1912=VECTOR('',#1911,1.562049935181E0);
#1913=CARTESIAN_POINT('',(-5.E0,-5.E-1,2.2E0));
#1914=LINE('',#1913,#1912);
#1915=DIRECTION('',(0.E0,0.E0,-1.E0));
#1916=VECTOR('',#1915,1.05E0);
#1917=CARTESIAN_POINT('',(-4.75E0,-1.468245836552E0,-5.5E-1));
#1918=LINE('',#1917,#1916);
#1919=DIRECTION('',(0.E0,0.E0,-1.E0));
#1920=VECTOR('',#1919,1.05E0);
#1921=CARTESIAN_POINT('',(-5.25E0,-1.468245836552E0,-5.5E-1));
#1922=LINE('',#1921,#1920);
#1923=CARTESIAN_POINT('',(-5.E0,-5.E-1,-1.6E0));
#1924=DIRECTION('',(0.E0,0.E0,-1.E0));
#1925=DIRECTION('',(-2.5E-1,-9.682458365519E-1,0.E0));
#1926=AXIS2_PLACEMENT_3D('',#1923,#1924,#1925);
#1928=CARTESIAN_POINT('',(-5.E0,-5.E-1,1.E0));
#1929=DIRECTION('',(0.E0,0.E0,-1.E0));
#1930=DIRECTION('',(0.E0,-1.E0,0.E0));
#1931=AXIS2_PLACEMENT_3D('',#1928,#1929,#1930);
#1933=DIRECTION('',(0.E0,0.E0,-1.E0));
#1934=VECTOR('',#1933,1.6E0);
#1935=CARTESIAN_POINT('',(-4.E0,-5.E-1,0.E0));
#1936=LINE('',#1935,#1934);
#1937=CARTESIAN_POINT('',(-5.E0,-5.E-1,-1.6E0));
#1938=DIRECTION('',(0.E0,0.E0,-1.E0));
#1939=DIRECTION('',(1.E0,0.E0,0.E0));
#1940=AXIS2_PLACEMENT_3D('',#1937,#1938,#1939);
#1942=DIRECTION('',(0.E0,0.E0,-1.E0));
#1943=VECTOR('',#1942,9.922919059103E-1);
#1944=CARTESIAN_POINT('',(-4.75E0,-1.5E0,-1.6E0));
#1945=LINE('',#1944,#1943);
#1946=DIRECTION('',(0.E0,0.E0,-1.E0));
#1947=VECTOR('',#1946,9.922919059103E-1);
#1948=CARTESIAN_POINT('',(-4.75E0,5.E-1,-1.6E0));
#1949=LINE('',#1948,#1947);
#1950=DIRECTION('',(0.E0,1.E0,0.E0));
#1951=VECTOR('',#1950,1.936491673104E0);
#1952=CARTESIAN_POINT('',(-4.75E0,-1.468245836552E0,-5.5E-1));
#1953=LINE('',#1952,#1951);
#1954=CARTESIAN_POINT('',(-5.830662386292E0,-1.5E0,-2.E0));
#1955=CARTESIAN_POINT('',(-5.790245893649E0,-1.5E0,-2.056814932686E0));
#1956=CARTESIAN_POINT('',(-5.710537736504E0,-1.5E0,-2.163965965360E0));
#1957=CARTESIAN_POINT('',(-5.593617381706E0,-1.5E0,-2.304707646196E0));
#1958=CARTESIAN_POINT('',(-5.478330369710E0,-1.5E0,-2.424832446612E0));
#1959=CARTESIAN_POINT('',(-5.363667410860E0,-1.5E0,-2.523005211827E0));
#1960=CARTESIAN_POINT('',(-5.287913660530E0,-1.5E0,-2.572061996531E0));
#1961=CARTESIAN_POINT('',(-5.25E0,-1.5E0,-2.592291905910E0));
#1963=CARTESIAN_POINT('',(-5.25E0,-1.259934207679E0,-3.1E0));
#1964=CARTESIAN_POINT('',(-5.25E0,-1.298743105379E0,-3.018896425457E0));
#1965=CARTESIAN_POINT('',(-5.25E0,-1.377486470773E0,-2.853138107276E0));
#1966=CARTESIAN_POINT('',(-5.25E0,-1.458721432361E0,-2.680393310096E0));
#1967=CARTESIAN_POINT('',(-5.25E0,-1.5E0,-2.592291905910E0));
#1969=CARTESIAN_POINT('',(-5.E0,-5.E-1,-3.1E0));
#1970=DIRECTION('',(0.E0,0.E0,-1.E0));
#1971=DIRECTION('',(-3.125E-1,-9.499177595982E-1,0.E0));
#1972=AXIS2_PLACEMENT_3D('',#1969,#1970,#1971);
#1974=CARTESIAN_POINT('',(-5.25E0,5.E-1,-2.592291905910E0));
#1975=CARTESIAN_POINT('',(-5.25E0,4.587229570429E-1,-2.680390055947E0));
#1976=CARTESIAN_POINT('',(-5.25E0,3.774895394700E-1,-2.853131607949E0));
#1977=CARTESIAN_POINT('',(-5.25E0,2.987446565221E-1,-3.018893183848E0));
#1978=CARTESIAN_POINT('',(-5.25E0,2.599342076785E-1,-3.1E0));
#1980=CARTESIAN_POINT('',(-5.25E0,5.E-1,-2.592291905910E0));
#1981=CARTESIAN_POINT('',(-5.287964880814E0,5.E-1,-2.572034666495E0));
#1982=CARTESIAN_POINT('',(-5.363806212557E0,5.E-1,-2.522913178352E0));
#1983=CARTESIAN_POINT('',(-5.478656616525E0,5.E-1,-2.424526815730E0));
#1984=CARTESIAN_POINT('',(-5.593908563676E0,5.E-1,-2.304374473929E0));
#1985=CARTESIAN_POINT('',(-5.710737182277E0,5.E-1,-2.163704966982E0));
#1986=CARTESIAN_POINT('',(-5.790319887483E0,5.E-1,-2.056710916866E0));
#1987=CARTESIAN_POINT('',(-5.830662386292E0,5.E-1,-2.E0));
#1989=CARTESIAN_POINT('',(-5.E0,-5.E-1,-2.E0));
#1990=DIRECTION('',(0.E0,0.E0,1.E0));
#1991=DIRECTION('',(-6.389710663783E-1,7.692307692308E-1,0.E0));
#1992=AXIS2_PLACEMENT_3D('',#1989,#1990,#1991);
#1994=CARTESIAN_POINT('',(-4.75E0,-1.5E0,-2.592291905910E0));
#1995=CARTESIAN_POINT('',(-4.712143109002E0,-1.5E0,-2.572092287526E0));
#1996=CARTESIAN_POINT('',(-4.636464887466E0,-1.5E0,-2.523102012100E0));
#1997=CARTESIAN_POINT('',(-4.521805757467E0,-1.5E0,-2.424962891461E0));
#1998=CARTESIAN_POINT('',(-4.406509892752E0,-1.5E0,-2.304852440674E0));
#1999=CARTESIAN_POINT('',(-4.289540070812E0,-1.5E0,-2.164068522086E0));
#2000=CARTESIAN_POINT('',(-4.209782847932E0,-1.5E0,-2.056855335773E0));
#2001=CARTESIAN_POINT('',(-4.169337613708E0,-1.5E0,-2.E0));
#2003=CARTESIAN_POINT('',(-5.E0,-5.E-1,-2.E0));
#2004=DIRECTION('',(0.E0,0.E0,1.E0));
#2005=DIRECTION('',(6.389710663783E-1,-7.692307692308E-1,0.E0));
#2006=AXIS2_PLACEMENT_3D('',#2003,#2004,#2005);
#2008=CARTESIAN_POINT('',(-4.169337613708E0,5.E-1,-2.E0));
#2009=CARTESIAN_POINT('',(-4.209696756476E0,5.E-1,-2.056734313883E0));
#2010=CARTESIAN_POINT('',(-4.289309278442E0,5.E-1,-2.163766248808E0));
#2011=CARTESIAN_POINT('',(-4.406172281095E0,5.E-1,-2.304467127760E0));
#2012=CARTESIAN_POINT('',(-4.521444470372E0,5.E-1,-2.424624108113E0));
#2013=CARTESIAN_POINT('',(-4.636288693975E0,5.E-1,-2.522982374200E0));
#2014=CARTESIAN_POINT('',(-4.712076226749E0,5.E-1,-2.572056600602E0));
#2015=CARTESIAN_POINT('',(-4.75E0,5.E-1,-2.592291905910E0));
#2017=CARTESIAN_POINT('',(-4.75E0,2.599342076785E-1,-3.1E0));
#2018=CARTESIAN_POINT('',(-4.75E0,2.987431053789E-1,-3.018896425457E0));
#2019=CARTESIAN_POINT('',(-4.75E0,3.774864707732E-1,-2.853138107276E0));
#2020=CARTESIAN_POINT('',(-4.75E0,4.587214323609E-1,-2.680393310096E0));
#2021=CARTESIAN_POINT('',(-4.75E0,5.E-1,-2.592291905910E0));
#2023=CARTESIAN_POINT('',(-5.E0,-5.E-1,-3.1E0));
#2024=DIRECTION('',(0.E0,0.E0,-1.E0));
#2025=DIRECTION('',(3.125E-1,9.499177595982E-1,0.E0));
#2026=AXIS2_PLACEMENT_3D('',#2023,#2024,#2025);
#2028=CARTESIAN_POINT('',(-4.75E0,-1.5E0,-2.592291905910E0));
#2029=CARTESIAN_POINT('',(-4.75E0,-1.458722957043E0,-2.680390055947E0));
#2030=CARTESIAN_POINT('',(-4.75E0,-1.377489539470E0,-2.853131607949E0));
#2031=CARTESIAN_POINT('',(-4.75E0,-1.298744656522E0,-3.018893183848E0));
#2032=CARTESIAN_POINT('',(-4.75E0,-1.259934207679E0,-3.1E0));
#2034=DIRECTION('',(0.E0,0.E0,-1.E0));
#2035=VECTOR('',#2034,9.922919059103E-1);
#2036=CARTESIAN_POINT('',(-5.25E0,-1.5E0,-1.6E0));
#2037=LINE('',#2036,#2035);
#2038=DIRECTION('',(0.E0,1.E0,0.E0));
#2039=VECTOR('',#2038,1.936491673104E0);
#2040=CARTESIAN_POINT('',(-5.25E0,-1.468245836552E0,-5.5E-1));
#2041=LINE('',#2040,#2039);
#2042=DIRECTION('',(0.E0,0.E0,-1.E0));
#2043=VECTOR('',#2042,9.922919059103E-1);
#2044=CARTESIAN_POINT('',(-5.25E0,5.E-1,-1.6E0));
#2045=LINE('',#2044,#2043);
#2046=DIRECTION('',(1.E0,0.E0,0.E0));
#2047=VECTOR('',#2046,5.806623862918E-1);
#2048=CARTESIAN_POINT('',(-5.830662386292E0,-1.5E0,-1.6E0));
#2049=LINE('',#2048,#2047);
#2050=CARTESIAN_POINT('',(-5.E0,-5.E-1,-1.6E0));
#2051=DIRECTION('',(0.E0,0.E0,1.E0));
#2052=DIRECTION('',(-6.389710663783E-1,7.692307692308E-1,0.E0));
#2053=AXIS2_PLACEMENT_3D('',#2050,#2051,#2052);
#2055=DIRECTION('',(-1.E0,0.E0,0.E0));
#2056=VECTOR('',#2055,5.806623862918E-1);
#2057=CARTESIAN_POINT('',(-5.25E0,5.E-1,-1.6E0));
#2058=LINE('',#2057,#2056);
#2059=DIRECTION('',(0.E0,-1.E0,0.E0));
#2060=VECTOR('',#2059,3.175416344814E-2);
#2061=CARTESIAN_POINT('',(-5.25E0,5.E-1,-1.6E0));
#2062=LINE('',#2061,#2060);
#2063=DIRECTION('',(0.E0,-1.E0,0.E0));
#2064=VECTOR('',#2063,3.175416344814E-2);
#2065=CARTESIAN_POINT('',(-5.25E0,-1.468245836552E0,-1.6E0));
#2066=LINE('',#2065,#2064);
#2067=DIRECTION('',(1.E0,0.E0,0.E0));
#2068=VECTOR('',#2067,5.806623862918E-1);
#2069=CARTESIAN_POINT('',(-4.75E0,-1.5E0,-1.6E0));
#2070=LINE('',#2069,#2068);
#2071=DIRECTION('',(0.E0,-1.E0,0.E0));
#2072=VECTOR('',#2071,3.175416344814E-2);
#2073=CARTESIAN_POINT('',(-4.75E0,-1.468245836552E0,-1.6E0));
#2074=LINE('',#2073,#2072);
#2075=DIRECTION('',(0.E0,-1.E0,0.E0));
#2076=VECTOR('',#2075,3.175416344814E-2);
#2077=CARTESIAN_POINT('',(-4.75E0,5.E-1,-1.6E0));
#2078=LINE('',#2077,#2076);
#2079=DIRECTION('',(-1.E0,0.E0,0.E0));
#2080=VECTOR('',#2079,5.806623862918E-1);
#2081=CARTESIAN_POINT('',(-4.169337613708E0,5.E-1,-1.6E0));
#2082=LINE('',#2081,#2080);
#2083=CARTESIAN_POINT('',(-5.E0,-5.E-1,-1.6E0));
#2084=DIRECTION('',(0.E0,0.E0,1.E0));
#2085=DIRECTION('',(6.389710663783E-1,-7.692307692308E-1,0.E0));
#2086=AXIS2_PLACEMENT_3D('',#2083,#2084,#2085);
#2088=DIRECTION('',(0.E0,0.E0,1.E0));
#2089=VECTOR('',#2088,4.E-1);
#2090=CARTESIAN_POINT('',(-5.830662386292E0,-1.5E0,-2.E0));
#2091=LINE('',#2090,#2089);
#2092=DIRECTION('',(0.E0,0.E0,1.E0));
#2093=VECTOR('',#2092,4.E-1);
#2094=CARTESIAN_POINT('',(-5.830662386292E0,5.E-1,-2.E0));
#2095=LINE('',#2094,#2093);
#2096=DIRECTION('',(0.E0,0.E0,1.E0));
#2097=VECTOR('',#2096,4.E-1);
#2098=CARTESIAN_POINT('',(-4.169337613708E0,-1.5E0,-2.E0));
#2099=LINE('',#2098,#2097);
#2100=DIRECTION('',(0.E0,0.E0,1.E0));
#2101=VECTOR('',#2100,4.E-1);
#2102=CARTESIAN_POINT('',(-4.169337613708E0,5.E-1,-2.E0));
#2103=LINE('',#2102,#2101);
#2104=DIRECTION('',(0.E0,0.E0,-1.E0));
#2105=VECTOR('',#2104,1.05E0);
#2106=CARTESIAN_POINT('',(-5.25E0,4.682458365519E-1,-5.5E-1));
#2107=LINE('',#2106,#2105);
#2108=DIRECTION('',(0.E0,0.E0,-1.E0));
#2109=VECTOR('',#2108,1.05E0);
#2110=CARTESIAN_POINT('',(-4.75E0,4.682458365519E-1,-5.5E-1));
#2111=LINE('',#2110,#2109);
#2112=CARTESIAN_POINT('',(-5.E0,-5.E-1,-1.6E0));
#2113=DIRECTION('',(0.E0,0.E0,-1.E0));
#2114=DIRECTION('',(2.5E-1,9.682458365519E-1,0.E0));
#2115=AXIS2_PLACEMENT_3D('',#2112,#2113,#2114);
#2117=CARTESIAN_POINT('',(-5.E0,-5.E-1,1.E0));
#2118=DIRECTION('',(0.E0,0.E0,-1.E0));
#2119=DIRECTION('',(-1.E0,0.E0,0.E0));
#2120=AXIS2_PLACEMENT_3D('',#2117,#2118,#2119);
#2122=DIRECTION('',(0.E0,0.E0,-1.E0));
#2123=VECTOR('',#2122,2.6E0);
#2124=CARTESIAN_POINT('',(-6.E0,-5.E-1,1.E0));
#2125=LINE('',#2124,#2123);
#2126=CARTESIAN_POINT('',(-5.E0,-5.E-1,-1.6E0));
#2127=DIRECTION('',(0.E0,0.E0,-1.E0));
#2128=DIRECTION('',(-1.E0,0.E0,0.E0));
#2129=AXIS2_PLACEMENT_3D('',#2126,#2127,#2128);
#2131=CARTESIAN_POINT('',(-5.25E0,-1.468245836552E0,-5.5E-1));
#2132=CARTESIAN_POINT('',(-5.25E0,-1.468245836552E0,-5.265035721962E-1));
#2133=CARTESIAN_POINT('',(-5.243416903465E0,-1.469985777626E0,
-4.788843260387E-1));
#2134=CARTESIAN_POINT('',(-5.211961104893E0,-1.477585182793E0,
-4.104651072360E-1));
#2135=CARTESIAN_POINT('',(-5.162193669766E0,-1.487283786799E0,
-3.553313522863E-1));
#2136=CARTESIAN_POINT('',(-5.102400000702E0,-1.495472630418E0,
-3.182662414073E-1));
#2137=CARTESIAN_POINT('',(-5.032505716043E0,-1.500316645446E0,
-2.987153949625E-1));
#2138=CARTESIAN_POINT('',(-4.961999142235E0,-1.500109967421E0,
-2.995255200407E-1));
#2139=CARTESIAN_POINT('',(-4.892782537846E0,-1.494958640584E0,
-3.204147654332E-1));
#2140=CARTESIAN_POINT('',(-4.833381022635E0,-1.486519315823E0,
-3.591497164501E-1));
#2141=CARTESIAN_POINT('',(-4.786191876352E0,-1.477142937361E0,
-4.138978882402E-1));
#2142=CARTESIAN_POINT('',(-4.756630540034E0,-1.469993417792E0,
-4.795193227001E-1));
#2143=CARTESIAN_POINT('',(-4.75E0,-1.468245836552E0,-5.265675803249E-1));
#2144=CARTESIAN_POINT('',(-4.75E0,-1.468245836552E0,-5.5E-1));
#2146=CARTESIAN_POINT('',(-4.75E0,4.682458365519E-1,-5.5E-1));
#2147=CARTESIAN_POINT('',(-4.75E0,4.682458365519E-1,-5.265348804732E-1));
#2148=CARTESIAN_POINT('',(-4.756567364303E0,4.699812223992E-1,
-4.789274881297E-1));
#2149=CARTESIAN_POINT('',(-4.788059404974E0,4.775925903974E-1,
-4.103844441496E-1));
#2150=CARTESIAN_POINT('',(-4.838090174408E0,4.873335009895E-1,
-3.550783953249E-1));
#2151=CARTESIAN_POINT('',(-4.897885883908E0,4.955006634861E-1,
-3.181527121074E-1));
#2152=CARTESIAN_POINT('',(-4.967746853484E0,5.003246239364E-1,
-2.986842368520E-1));
#2153=CARTESIAN_POINT('',(-5.038291881516E0,5.001012678181E-1,
-2.995570701954E-1));
#2154=CARTESIAN_POINT('',(-5.107608402124E0,4.949168369227E-1,
-3.205972334078E-1));
#2155=CARTESIAN_POINT('',(-5.166961026437E0,4.864615722067E-1,
-3.594139949935E-1));
#2156=CARTESIAN_POINT('',(-5.214151986020E0,4.770644271342E-1,
-4.145010522425E-1));
#2157=CARTESIAN_POINT('',(-5.243277193821E0,4.700143701486E-1,
-4.794001254866E-1));
#2158=CARTESIAN_POINT('',(-5.25E0,4.682458365519E-1,-5.264917009736E-1));
#2159=CARTESIAN_POINT('',(-5.25E0,4.682458365519E-1,-5.5E-1));
#2161=DIRECTION('',(0.E0,-1.E0,0.E0));
#2162=VECTOR('',#2161,1.519868415357E0);
#2163=CARTESIAN_POINT('',(-5.25E0,2.599342076785E-1,-3.1E0));
#2164=LINE('',#2163,#2162);
#2165=DIRECTION('',(0.E0,-1.E0,0.E0));
#2166=VECTOR('',#2165,1.519868415357E0);
#2167=CARTESIAN_POINT('',(-4.75E0,2.599342076785E-1,-3.1E0));
#2168=LINE('',#2167,#2166);
#2169=DIRECTION('',(0.E0,-1.E0,0.E0));
#2170=VECTOR('',#2169,1.3E1);
#2171=CARTESIAN_POINT('',(-4.E0,6.5E0,1.45E1));
#2172=LINE('',#2171,#2170);
#2173=DIRECTION('',(-1.E0,0.E0,0.E0));
#2174=VECTOR('',#2173,8.E0);
#2175=CARTESIAN_POINT('',(4.E0,6.5E0,1.45E1));
#2176=LINE('',#2175,#2174);
#2177=DIRECTION('',(0.E0,1.E0,0.E0));
#2178=VECTOR('',#2177,1.3E1);
#2179=CARTESIAN_POINT('',(4.E0,-6.5E0,1.45E1));
#2180=LINE('',#2179,#2178);
#2181=DIRECTION('',(1.E0,0.E0,0.E0));
#2182=VECTOR('',#2181,8.E0);
#2183=CARTESIAN_POINT('',(-4.E0,-6.5E0,1.45E1));
#2184=LINE('',#2183,#2182);
#2185=DIRECTION('',(0.E0,6.401843996645E-1,-7.682212795974E-1));
#2186=VECTOR('',#2185,1.562049935181E0);
#2187=CARTESIAN_POINT('',(5.E0,-5.E-1,2.2E0));
#2188=LINE('',#2187,#2186);
#2189=DIRECTION('',(0.E0,6.401843996645E-1,7.682212795974E-1));
#2190=VECTOR('',#2189,1.562049935181E0);
#2191=CARTESIAN_POINT('',(5.E0,-1.5E0,1.E0));
#2192=LINE('',#2191,#2190);
#2193=DIRECTION('',(0.E0,0.E0,1.E0));
#2194=VECTOR('',#2193,1.E0);
#2195=CARTESIAN_POINT('',(5.E0,-1.5E0,0.E0));
#2196=LINE('',#2195,#2194);
#2197=DIRECTION('',(0.E0,0.E0,1.E0));
#2198=VECTOR('',#2197,1.35E1);
#2199=CARTESIAN_POINT('',(5.E0,-6.5E0,0.E0));
#2200=LINE('',#2199,#2198);
#2201=DIRECTION('',(0.E0,1.E0,0.E0));
#2202=VECTOR('',#2201,1.3E1);
#2203=CARTESIAN_POINT('',(5.E0,-6.5E0,1.35E1));
#2204=LINE('',#2203,#2202);
#2205=DIRECTION('',(0.E0,0.E0,1.E0));
#2206=VECTOR('',#2205,1.E0);
#2207=CARTESIAN_POINT('',(5.E0,5.E-1,0.E0));
#2208=LINE('',#2207,#2206);
#2209=DIRECTION('',(0.E0,0.E0,1.E0));
#2210=VECTOR('',#2209,1.05E0);
#2211=CARTESIAN_POINT('',(4.75E0,4.682458365519E-1,-1.6E0));
#2212=LINE('',#2211,#2210);
#2213=DIRECTION('',(0.E0,0.E0,1.E0));
#2214=VECTOR('',#2213,1.05E0);
#2215=CARTESIAN_POINT('',(5.25E0,4.682458365519E-1,-1.6E0));
#2216=LINE('',#2215,#2214);
#2217=CARTESIAN_POINT('',(5.E0,-5.E-1,-1.6E0));
#2218=DIRECTION('',(0.E0,0.E0,1.E0));
#2219=DIRECTION('',(1.E0,0.E0,0.E0));
#2220=AXIS2_PLACEMENT_3D('',#2217,#2218,#2219);
#2222=DIRECTION('',(0.E0,0.E0,-1.E0));
#2223=VECTOR('',#2222,2.6E0);
#2224=CARTESIAN_POINT('',(6.E0,-5.E-1,1.E0));
#2225=LINE('',#2224,#2223);
#2226=CARTESIAN_POINT('',(5.E0,-5.E-1,1.E0));
#2227=DIRECTION('',(0.E0,0.E0,1.E0));
#2228=DIRECTION('',(1.E0,0.E0,0.E0));
#2229=AXIS2_PLACEMENT_3D('',#2226,#2227,#2228);
#2231=CARTESIAN_POINT('',(5.E0,-5.E-1,-1.6E0));
#2232=DIRECTION('',(0.E0,0.E0,1.E0));
#2233=DIRECTION('',(-2.5E-1,9.682458365519E-1,0.E0));
#2234=AXIS2_PLACEMENT_3D('',#2231,#2232,#2233);
#2236=DIRECTION('',(0.E0,0.E0,-1.E0));
#2237=VECTOR('',#2236,9.922919059103E-1);
#2238=CARTESIAN_POINT('',(4.75E0,-1.5E0,-1.6E0));
#2239=LINE('',#2238,#2237);
#2240=DIRECTION('',(0.E0,-1.E0,0.E0));
#2241=VECTOR('',#2240,1.936491673104E0);
#2242=CARTESIAN_POINT('',(4.75E0,4.682458365519E-1,-5.5E-1));
#2243=LINE('',#2242,#2241);
#2244=DIRECTION('',(0.E0,0.E0,-1.E0));
#2245=VECTOR('',#2244,9.922919059103E-1);
#2246=CARTESIAN_POINT('',(4.75E0,5.E-1,-1.6E0));
#2247=LINE('',#2246,#2245);
#2248=CARTESIAN_POINT('',(5.830662386292E0,-1.5E0,-2.E0));
#2249=CARTESIAN_POINT('',(5.790289311831E0,-1.5E0,-2.056753898171E0));
#2250=CARTESIAN_POINT('',(5.710654010178E0,-1.5E0,-2.163813328038E0));
#2251=CARTESIAN_POINT('',(5.593792222506E0,-1.5E0,-2.304508689852E0));
#2252=CARTESIAN_POINT('',(5.478512379725E0,-1.5E0,-2.424660056283E0));
#2253=CARTESIAN_POINT('',(5.363799603215E0,-1.5E0,-2.522910801595E0));
#2254=CARTESIAN_POINT('',(5.287967973909E0,-1.5E0,-2.572033016087E0));
#2255=CARTESIAN_POINT('',(5.25E0,-1.5E0,-2.592291905910E0));
#2257=CARTESIAN_POINT('',(5.E0,-5.E-1,-2.E0));
#2258=DIRECTION('',(0.E0,0.E0,1.E0));
#2259=DIRECTION('',(6.389710663783E-1,-7.692307692308E-1,0.E0));
#2260=AXIS2_PLACEMENT_3D('',#2257,#2258,#2259);
#2262=CARTESIAN_POINT('',(5.25E0,5.E-1,-2.592291905910E0));
#2263=CARTESIAN_POINT('',(5.288017184837E0,5.E-1,-2.572006758200E0));
#2264=CARTESIAN_POINT('',(5.363934185745E0,5.E-1,-2.522822022203E0));
#2265=CARTESIAN_POINT('',(5.478838088427E0,5.E-1,-2.424355020287E0));
#2266=CARTESIAN_POINT('',(5.594083359889E0,5.E-1,-2.304175497591E0));
#2267=CARTESIAN_POINT('',(5.710854118185E0,5.E-1,-2.163551482774E0));
#2268=CARTESIAN_POINT('',(5.790363590782E0,5.E-1,-2.056649481549E0));
#2269=CARTESIAN_POINT('',(5.830662386292E0,5.E-1,-2.E0));
#2271=CARTESIAN_POINT('',(5.25E0,5.E-1,-2.592291905910E0));
#2272=CARTESIAN_POINT('',(5.25E0,4.587328692232E-1,-2.680368900247E0));
#2273=CARTESIAN_POINT('',(5.25E0,3.775094894973E-1,-2.853089354874E0));
#2274=CARTESIAN_POINT('',(5.25E0,2.987547407302E-1,-3.018872109678E0));
#2275=CARTESIAN_POINT('',(5.25E0,2.599342076785E-1,-3.1E0));
#2277=CARTESIAN_POINT('',(5.E0,-5.E-1,-3.1E0));
#2278=DIRECTION('',(0.E0,0.E0,-1.E0));
#2279=DIRECTION('',(3.125E-1,9.499177595982E-1,0.E0));
#2280=AXIS2_PLACEMENT_3D('',#2277,#2278,#2279);
#2282=CARTESIAN_POINT('',(5.25E0,-1.259934207679E0,-3.1E0));
#2283=CARTESIAN_POINT('',(5.25E0,-1.298753225016E0,-3.018875277246E0));
#2284=CARTESIAN_POINT('',(5.25E0,-1.377506490896E0,-2.853095705754E0));
#2285=CARTESIAN_POINT('',(5.25E0,-1.458731379366E0,-2.680372080069E0));
#2286=CARTESIAN_POINT('',(5.25E0,-1.5E0,-2.592291905910E0));
#2288=CARTESIAN_POINT('',(4.75E0,-1.5E0,-2.592291905910E0));
#2289=CARTESIAN_POINT('',(4.712093844401E0,-1.5E0,-2.572066001E0));
#2290=CARTESIAN_POINT('',(4.636344827242E0,-1.5E0,-2.523016388804E0));
#2291=CARTESIAN_POINT('',(4.521638741714E0,-1.5E0,-2.424804773214E0));
#2292=CARTESIAN_POINT('',(4.406350118010E0,-1.5E0,-2.304670608819E0));
#2293=CARTESIAN_POINT('',(4.289434042542E0,-1.5E0,-2.163929340864E0));
#2294=CARTESIAN_POINT('',(4.209743282989E0,-1.5E0,-2.056799717894E0));
#2295=CARTESIAN_POINT('',(4.169337613708E0,-1.5E0,-2.E0));
#2297=CARTESIAN_POINT('',(4.75E0,-1.5E0,-2.592291905910E0));
#2298=CARTESIAN_POINT('',(4.75E0,-1.458732869223E0,-2.680368900247E0));
#2299=CARTESIAN_POINT('',(4.75E0,-1.377509489497E0,-2.853089354874E0));
#2300=CARTESIAN_POINT('',(4.75E0,-1.298754740730E0,-3.018872109678E0));
#2301=CARTESIAN_POINT('',(4.75E0,-1.259934207679E0,-3.1E0));
#2303=CARTESIAN_POINT('',(5.E0,-5.E-1,-3.1E0));
#2304=DIRECTION('',(0.E0,0.E0,-1.E0));
#2305=DIRECTION('',(-3.125E-1,-9.499177595982E-1,0.E0));
#2306=AXIS2_PLACEMENT_3D('',#2303,#2304,#2305);
#2308=CARTESIAN_POINT('',(4.75E0,2.599342076785E-1,-3.1E0));
#2309=CARTESIAN_POINT('',(4.75E0,2.987532250161E-1,-3.018875277246E0));
#2310=CARTESIAN_POINT('',(4.75E0,3.775064908962E-1,-2.853095705754E0));
#2311=CARTESIAN_POINT('',(4.75E0,4.587313793659E-1,-2.680372080069E0));
#2312=CARTESIAN_POINT('',(4.75E0,5.E-1,-2.592291905910E0));
#2314=CARTESIAN_POINT('',(4.169337613708E0,5.E-1,-2.E0));
#2315=CARTESIAN_POINT('',(4.209653083724E0,5.E-1,-2.056672921508E0));
#2316=CARTESIAN_POINT('',(4.289192412512E0,5.E-1,-2.163612859362E0));
#2317=CARTESIAN_POINT('',(4.405997523082E0,5.E-1,-2.304268209376E0));
#2318=CARTESIAN_POINT('',(4.521262946928E0,5.E-1,-2.424452287985E0));
#2319=CARTESIAN_POINT('',(4.636160622342E0,5.E-1,-2.522891166275E0));
#2320=CARTESIAN_POINT('',(4.712023878894E0,5.E-1,-2.572028668919E0));
#2321=CARTESIAN_POINT('',(4.75E0,5.E-1,-2.592291905910E0));
#2323=CARTESIAN_POINT('',(5.E0,-5.E-1,-2.E0));
#2324=DIRECTION('',(0.E0,0.E0,1.E0));
#2325=DIRECTION('',(-6.389710663783E-1,7.692307692308E-1,0.E0));
#2326=AXIS2_PLACEMENT_3D('',#2323,#2324,#2325);
#2328=DIRECTION('',(0.E0,0.E0,-1.E0));
#2329=VECTOR('',#2328,4.E-1);
#2330=CARTESIAN_POINT('',(5.830662386292E0,-1.5E0,-1.6E0));
#2331=LINE('',#2330,#2329);
#2332=DIRECTION('',(0.E0,0.E0,-1.E0));
#2333=VECTOR('',#2332,4.E-1);
#2334=CARTESIAN_POINT('',(5.830662386292E0,5.E-1,-1.6E0));
#2335=LINE('',#2334,#2333);
#2336=DIRECTION('',(-1.E0,0.E0,0.E0));
#2337=VECTOR('',#2336,5.806623862918E-1);
#2338=CARTESIAN_POINT('',(5.830662386292E0,-1.5E0,-1.6E0));
#2339=LINE('',#2338,#2337);
#2340=DIRECTION('',(0.E0,-1.E0,0.E0));
#2341=VECTOR('',#2340,3.175416344814E-2);
#2342=CARTESIAN_POINT('',(5.25E0,-1.468245836552E0,-1.6E0));
#2343=LINE('',#2342,#2341);
#2344=DIRECTION('',(0.E0,-1.E0,0.E0));
#2345=VECTOR('',#2344,3.175416344814E-2);
#2346=CARTESIAN_POINT('',(5.25E0,5.E-1,-1.6E0));
#2347=LINE('',#2346,#2345);
#2348=DIRECTION('',(1.E0,0.E0,0.E0));
#2349=VECTOR('',#2348,5.806623862918E-1);
#2350=CARTESIAN_POINT('',(5.25E0,5.E-1,-1.6E0));
#2351=LINE('',#2350,#2349);
#2352=CARTESIAN_POINT('',(5.E0,-5.E-1,-1.6E0));
#2353=DIRECTION('',(0.E0,0.E0,-1.E0));
#2354=DIRECTION('',(6.389710663783E-1,7.692307692308E-1,0.E0));
#2355=AXIS2_PLACEMENT_3D('',#2352,#2353,#2354);
#2357=DIRECTION('',(-1.E0,0.E0,0.E0));
#2358=VECTOR('',#2357,5.806623862918E-1);
#2359=CARTESIAN_POINT('',(4.75E0,-1.5E0,-1.6E0));
#2360=LINE('',#2359,#2358);
#2361=CARTESIAN_POINT('',(5.E0,-5.E-1,-1.6E0));
#2362=DIRECTION('',(0.E0,0.E0,-1.E0));
#2363=DIRECTION('',(-6.389710663783E-1,-7.692307692308E-1,0.E0));
#2364=AXIS2_PLACEMENT_3D('',#2361,#2362,#2363);
#2366=DIRECTION('',(1.E0,0.E0,0.E0));
#2367=VECTOR('',#2366,5.806623862918E-1);
#2368=CARTESIAN_POINT('',(4.169337613708E0,5.E-1,-1.6E0));
#2369=LINE('',#2368,#2367);
#2370=DIRECTION('',(0.E0,-1.E0,0.E0));
#2371=VECTOR('',#2370,3.175416344814E-2);
#2372=CARTESIAN_POINT('',(4.75E0,5.E-1,-1.6E0));
#2373=LINE('',#2372,#2371);
#2374=DIRECTION('',(0.E0,-1.E0,0.E0));
#2375=VECTOR('',#2374,3.175416344814E-2);
#2376=CARTESIAN_POINT('',(4.75E0,-1.468245836552E0,-1.6E0));
#2377=LINE('',#2376,#2375);
#2378=DIRECTION('',(0.E0,0.E0,-1.E0));
#2379=VECTOR('',#2378,9.922919059103E-1);
#2380=CARTESIAN_POINT('',(5.25E0,-1.5E0,-1.6E0));
#2381=LINE('',#2380,#2379);
#2382=DIRECTION('',(0.E0,0.E0,-1.E0));
#2383=VECTOR('',#2382,9.922919059103E-1);
#2384=CARTESIAN_POINT('',(5.25E0,5.E-1,-1.6E0));
#2385=LINE('',#2384,#2383);
#2386=DIRECTION('',(0.E0,-1.E0,0.E0));
#2387=VECTOR('',#2386,1.936491673104E0);
#2388=CARTESIAN_POINT('',(5.25E0,4.682458365519E-1,-5.5E-1));
#2389=LINE('',#2388,#2387);
#2390=DIRECTION('',(0.E0,-1.E0,0.E0));
#2391=VECTOR('',#2390,1.519868415357E0);
#2392=CARTESIAN_POINT('',(5.25E0,2.599342076785E-1,-3.1E0));
#2393=LINE('',#2392,#2391);
#2394=DIRECTION('',(0.E0,-1.E0,0.E0));
#2395=VECTOR('',#2394,1.519868415357E0);
#2396=CARTESIAN_POINT('',(4.75E0,2.599342076785E-1,-3.1E0));
#2397=LINE('',#2396,#2395);
#2398=DIRECTION('',(0.E0,0.E0,-1.E0));
#2399=VECTOR('',#2398,4.E-1);
#2400=CARTESIAN_POINT('',(4.169337613708E0,-1.5E0,-1.6E0));
#2401=LINE('',#2400,#2399);
#2402=DIRECTION('',(0.E0,0.E0,-1.E0));
#2403=VECTOR('',#2402,4.E-1);
#2404=CARTESIAN_POINT('',(4.169337613708E0,5.E-1,-1.6E0));
#2405=LINE('',#2404,#2403);
#2406=CARTESIAN_POINT('',(5.25E0,4.682458365519E-1,-5.5E-1));
#2407=CARTESIAN_POINT('',(5.25E0,4.682458365519E-1,-5.240603340897E-1));
#2408=CARTESIAN_POINT('',(5.242054765269E0,4.703676478524E-1,
-4.715941862090E-1));
#2409=CARTESIAN_POINT('',(5.203609340496E0,4.794738048744E-1,
-3.973991072142E-1));
#2410=CARTESIAN_POINT('',(5.145895898743E0,4.900245562917E-1,
-3.420022512952E-1));
#2411=CARTESIAN_POINT('',(5.075267373903E0,4.981179428993E-1,
-3.073338810070E-1));
#2412=CARTESIAN_POINT('',(4.997223219883E0,5.010391215741E-1,
-2.959387778874E-1));
#2413=CARTESIAN_POINT('',(4.919561539209E0,4.977034890942E-1,
-3.089993367222E-1));
#2414=CARTESIAN_POINT('',(4.849555958004E0,4.893172980998E-1,
-3.452500900274E-1));
#2415=CARTESIAN_POINT('',(4.793862738706E0,4.788988135267E-1,
-4.013519178166E-1));
#2416=CARTESIAN_POINT('',(4.758001077206E0,4.703687557545E-1,
-4.724554457406E-1));
#2417=CARTESIAN_POINT('',(4.75E0,4.682458365519E-1,-5.242149111193E-1));
#2418=CARTESIAN_POINT('',(4.75E0,4.682458365519E-1,-5.5E-1));
#2420=CARTESIAN_POINT('',(4.75E0,-1.468245836552E0,-5.5E-1));
#2421=CARTESIAN_POINT('',(4.75E0,-1.468245836552E0,-5.240877979138E-1));
#2422=CARTESIAN_POINT('',(4.757933013843E0,-1.470363451999E0,
-4.716236072811E-1));
#2423=CARTESIAN_POINT('',(4.796419061645E0,-1.479484974611E0,
-3.972989168183E-1));
#2424=CARTESIAN_POINT('',(4.854482949512E0,-1.490082283741E0,
-3.417300782314E-1));
#2425=CARTESIAN_POINT('',(4.924960911068E0,-1.498132991237E0,
-3.072793367814E-1));
#2426=CARTESIAN_POINT('',(5.003094877766E0,-1.501040507908E0,
-2.959309427399E-1));
#2427=CARTESIAN_POINT('',(5.080767721853E0,-1.497677651663E0,
-3.091061978676E-1));
#2428=CARTESIAN_POINT('',(5.150853952836E0,-1.489256508629E0,
-3.455148101397E-1));
#2429=CARTESIAN_POINT('',(5.206490380956E0,-1.478819717218E0,
-4.018962952779E-1));
#2430=CARTESIAN_POINT('',(5.241958462221E0,-1.470376544043E0,
-4.724915882142E-1));
#2431=CARTESIAN_POINT('',(5.25E0,-1.468245836552E0,-5.242069886388E-1));
#2432=CARTESIAN_POINT('',(5.25E0,-1.468245836552E0,-5.5E-1));
#2434=DIRECTION('',(0.E0,0.E0,1.E0));
#2435=VECTOR('',#2434,1.05E0);
#2436=CARTESIAN_POINT('',(5.25E0,-1.468245836552E0,-1.6E0));
#2437=LINE('',#2436,#2435);
#2438=DIRECTION('',(0.E0,0.E0,1.E0));
#2439=VECTOR('',#2438,1.05E0);
#2440=CARTESIAN_POINT('',(4.75E0,-1.468245836552E0,-1.6E0));
#2441=LINE('',#2440,#2439);
#2442=CARTESIAN_POINT('',(5.E0,-5.E-1,-1.6E0));
#2443=DIRECTION('',(0.E0,0.E0,1.E0));
#2444=DIRECTION('',(-1.E0,0.E0,0.E0));
#2445=AXIS2_PLACEMENT_3D('',#2442,#2443,#2444);
#2447=DIRECTION('',(0.E0,0.E0,-1.E0));
#2448=VECTOR('',#2447,1.6E0);
#2449=CARTESIAN_POINT('',(4.E0,-5.E-1,0.E0));
#2450=LINE('',#2449,#2448);
#2451=CARTESIAN_POINT('',(5.E0,-5.E-1,1.E0));
#2452=DIRECTION('',(0.E0,0.E0,1.E0));
#2453=DIRECTION('',(0.E0,-1.E0,0.E0));
#2454=AXIS2_PLACEMENT_3D('',#2451,#2452,#2453);
#2456=CARTESIAN_POINT('',(5.E0,-5.E-1,-1.6E0));
#2457=DIRECTION('',(0.E0,0.E0,1.E0));
#2458=DIRECTION('',(2.5E-1,-9.682458365519E-1,0.E0));
#2459=AXIS2_PLACEMENT_3D('',#2456,#2457,#2458);
#2461=DIRECTION('',(0.E0,1.E0,0.E0));
#2462=VECTOR('',#2461,1.7E0);
#2463=CARTESIAN_POINT('',(1.805E0,4.8E0,3.77E0));
#2464=LINE('',#2463,#2462);
#2465=DIRECTION('',(0.E0,1.E0,0.E0));
#2466=VECTOR('',#2465,1.7E0);
#2467=CARTESIAN_POINT('',(1.805E0,4.8E0,7.27E0));
#2468=LINE('',#2467,#2466);
#2469=DIRECTION('',(1.E0,0.E0,0.E0));
#2470=VECTOR('',#2469,3.363833615924E-1);
#2471=CARTESIAN_POINT('',(1.361808319204E0,5.050703215004E0,7.27E0));
#2472=LINE('',#2471,#2470);
#2473=CARTESIAN_POINT('',(1.698191680796E0,5.050703215004E0,7.27E0));
#2474=CARTESIAN_POINT('',(1.680258912543E0,5.008868583489E0,7.27E0));
#2475=CARTESIAN_POINT('',(1.636491489683E0,4.937183797924E0,7.27E0));
#2476=CARTESIAN_POINT('',(1.575516157255E0,4.891597565944E0,7.27E0));
#2477=CARTESIAN_POINT('',(1.53E0,4.891597565944E0,7.27E0));
#2479=CARTESIAN_POINT('',(1.53E0,4.891597565944E0,7.27E0));
#2480=CARTESIAN_POINT('',(1.484483842745E0,4.891597565944E0,7.27E0));
#2481=CARTESIAN_POINT('',(1.423508510317E0,4.937183797924E0,7.27E0));
#2482=CARTESIAN_POINT('',(1.379741087457E0,5.008868583489E0,7.27E0));
#2483=CARTESIAN_POINT('',(1.361808319204E0,5.050703215004E0,7.27E0));
#2485=DIRECTION('',(0.E0,1.E0,0.E0));
#2486=VECTOR('',#2485,1.7E0);
#2487=CARTESIAN_POINT('',(1.255E0,4.8E0,7.27E0));
#2488=LINE('',#2487,#2486);
#2489=CARTESIAN_POINT('',(1.53E0,5.1228E0,7.130667261190E0));
#2490=DIRECTION('',(0.E0,-8.881444698600E-1,-4.595643596463E-1));
#2491=DIRECTION('',(0.E0,4.595643596463E-1,-8.881444698600E-1));
#2492=AXIS2_PLACEMENT_3D('',#2489,#2490,#2491);
#2494=CARTESIAN_POINT('',(1.53E0,5.1228E0,7.130667261190E0));
#2495=DIRECTION('',(0.E0,-8.881444698600E-1,-4.595643596463E-1));
#2496=DIRECTION('',(-7.312681773749E-1,-3.134642825909E-1,6.057945165636E-1));
#2497=AXIS2_PLACEMENT_3D('',#2494,#2495,#2496);
#2499=DIRECTION('',(0.E0,-8.881444698600E-1,-4.595643596463E-1));
#2500=VECTOR('',#2499,1.251653577401E0);
#2501=CARTESIAN_POINT('',(1.53E0,-1.2E0,3.600010212044E0));
#2502=LINE('',#2501,#2500);
#2503=DIRECTION('',(0.E0,-8.881444698600E-1,-4.595643596463E-1));
#2504=VECTOR('',#2503,6.868230677314E0);
#2505=CARTESIAN_POINT('',(1.53E0,5.228499802719E0,6.926394033123E0));
#2506=LINE('',#2505,#2504);
#2507=DIRECTION('',(1.E0,0.E0,0.E0));
#2508=VECTOR('',#2507,5.5E-1);
#2509=CARTESIAN_POINT('',(1.255E0,-1.2E0,1.45E0));
#2510=LINE('',#2509,#2508);
#2511=DIRECTION('',(0.E0,0.E0,1.E0));
#2512=VECTOR('',#2511,2.8E-1);
#2513=CARTESIAN_POINT('',(1.805E0,-1.2E0,1.17E0));
#2514=LINE('',#2513,#2512);
#2515=DIRECTION('',(1.E0,0.E0,0.E0));
#2516=VECTOR('',#2515,5.5E-1);
#2517=CARTESIAN_POINT('',(1.255E0,-1.2E0,1.17E0));
#2518=LINE('',#2517,#2516);
#2519=DIRECTION('',(0.E0,0.E0,-1.E0));
#2520=VECTOR('',#2519,2.8E-1);
#2521=CARTESIAN_POINT('',(1.255E0,-1.2E0,1.45E0));
#2522=LINE('',#2521,#2520);
#2523=CARTESIAN_POINT('',(1.53E0,-1.2E0,3.600010212044E0));
#2524=CARTESIAN_POINT('',(1.586583509619E0,-1.2E0,3.600010212044E0));
#2525=CARTESIAN_POINT('',(1.671107848412E0,-1.2E0,3.639434032222E0));
#2526=CARTESIAN_POINT('',(1.728511995237E0,-1.2E0,3.716186117586E0));
#2527=CARTESIAN_POINT('',(1.745997978777E0,-1.2E0,3.77E0));
#2529=DIRECTION('',(0.E0,0.E0,1.E0));
#2530=VECTOR('',#2529,9.7E-1);
#2531=CARTESIAN_POINT('',(1.805E0,-1.2E0,2.8E0));
#2532=LINE('',#2531,#2530);
#2533=DIRECTION('',(1.E0,0.E0,0.E0));
#2534=VECTOR('',#2533,5.5E-1);
#2535=CARTESIAN_POINT('',(1.255E0,-1.2E0,2.8E0));
#2536=LINE('',#2535,#2534);
#2537=DIRECTION('',(0.E0,0.E0,-1.E0));
#2538=VECTOR('',#2537,9.7E-1);
#2539=CARTESIAN_POINT('',(1.255E0,-1.2E0,3.77E0));
#2540=LINE('',#2539,#2538);
#2541=CARTESIAN_POINT('',(1.314002021223E0,-1.2E0,3.77E0));
#2542=CARTESIAN_POINT('',(1.331488004763E0,-1.2E0,3.716186117586E0));
#2543=CARTESIAN_POINT('',(1.388892151588E0,-1.2E0,3.639434032222E0));
#2544=CARTESIAN_POINT('',(1.473416490381E0,-1.2E0,3.600010212044E0));
#2545=CARTESIAN_POINT('',(1.53E0,-1.2E0,3.600010212044E0));
#2547=DIRECTION('',(1.E0,0.E0,0.E0));
#2548=VECTOR('',#2547,5.5E-1);
#2549=CARTESIAN_POINT('',(1.255E0,1.4E0,1.45E0));
#2550=LINE('',#2549,#2548);
#2551=DIRECTION('',(0.E0,-1.E0,0.E0));
#2552=VECTOR('',#2551,2.6E0);
#2553=CARTESIAN_POINT('',(1.805E0,1.4E0,1.45E0));
#2554=LINE('',#2553,#2552);
#2555=DIRECTION('',(0.E0,1.E0,0.E0));
#2556=VECTOR('',#2555,2.6E0);
#2557=CARTESIAN_POINT('',(1.255E0,-1.2E0,1.45E0));
#2558=LINE('',#2557,#2556);
#2559=DIRECTION('',(0.E0,0.E0,1.E0));
#2560=VECTOR('',#2559,9.5E-1);
#2561=CARTESIAN_POINT('',(1.805E0,1.4E0,5.E-1));
#2562=LINE('',#2561,#2560);
#2563=DIRECTION('',(0.E0,0.E0,-1.E0));
#2564=VECTOR('',#2563,2.6E0);
#2565=CARTESIAN_POINT('',(1.255E0,-3.2E0,3.77E0));
#2566=LINE('',#2565,#2564);
#2567=DIRECTION('',(0.E0,0.E0,-1.E0));
#2568=VECTOR('',#2567,2.3E0);
#2569=CARTESIAN_POINT('',(1.255E0,5.E0,2.8E0));
#2570=LINE('',#2569,#2568);
#2571=DIRECTION('',(0.E0,0.E0,1.E0));
#2572=VECTOR('',#2571,9.5E-1);
#2573=CARTESIAN_POINT('',(1.255E0,1.4E0,5.E-1));
#2574=LINE('',#2573,#2572);
#2575=DIRECTION('',(0.E0,-1.E0,0.E0));
#2576=VECTOR('',#2575,6.2E0);
#2577=CARTESIAN_POINT('',(-1.805E0,5.E0,2.8E0));
#2578=LINE('',#2577,#2576);
#2579=DIRECTION('',(0.E0,1.E0,0.E0));
#2580=VECTOR('',#2579,6.2E0);
#2581=CARTESIAN_POINT('',(-1.255E0,-1.2E0,2.8E0));
#2582=LINE('',#2581,#2580);
#2583=DIRECTION('',(0.E0,-1.E0,0.E0));
#2584=VECTOR('',#2583,6.2E0);
#2585=CARTESIAN_POINT('',(-7.85E-1,5.E0,2.8E0));
#2586=LINE('',#2585,#2584);
#2587=DIRECTION('',(0.E0,1.E0,0.E0));
#2588=VECTOR('',#2587,6.2E0);
#2589=CARTESIAN_POINT('',(-2.35E-1,-1.2E0,2.8E0));
#2590=LINE('',#2589,#2588);
#2591=DIRECTION('',(0.E0,-1.E0,0.E0));
#2592=VECTOR('',#2591,6.2E0);
#2593=CARTESIAN_POINT('',(2.35E-1,5.E0,2.8E0));
#2594=LINE('',#2593,#2592);
#2595=DIRECTION('',(0.E0,1.E0,0.E0));
#2596=VECTOR('',#2595,6.2E0);
#2597=CARTESIAN_POINT('',(7.85E-1,-1.2E0,2.8E0));
#2598=LINE('',#2597,#2596);
#2599=DIRECTION('',(0.E0,-1.E0,0.E0));
#2600=VECTOR('',#2599,6.2E0);
#2601=CARTESIAN_POINT('',(1.255E0,5.E0,2.8E0));
#2602=LINE('',#2601,#2600);
#2603=DIRECTION('',(0.E0,1.E0,0.E0));
#2604=VECTOR('',#2603,6.2E0);
#2605=CARTESIAN_POINT('',(1.805E0,-1.2E0,2.8E0));
#2606=LINE('',#2605,#2604);
#2607=DIRECTION('',(0.E0,1.E0,0.E0));
#2608=VECTOR('',#2607,1.5E0);
#2609=CARTESIAN_POINT('',(3.8E0,5.E0,2.8E0));
#2610=LINE('',#2609,#2608);
#2611=DIRECTION('',(0.E0,-1.E0,0.E0));
#2612=VECTOR('',#2611,1.5E0);
#2613=CARTESIAN_POINT('',(-3.8E0,6.5E0,2.8E0));
#2614=LINE('',#2613,#2612);
#2615=DIRECTION('',(0.E0,0.E0,1.E0));
#2616=VECTOR('',#2615,2.3E0);
#2617=CARTESIAN_POINT('',(3.8E0,5.E0,5.E-1));
#2618=LINE('',#2617,#2616);
#2619=DIRECTION('',(1.E0,0.E0,0.E0));
#2620=VECTOR('',#2619,1.995E0);
#2621=CARTESIAN_POINT('',(1.805E0,5.E0,2.8E0));
#2622=LINE('',#2621,#2620);
#2623=DIRECTION('',(1.E0,0.E0,0.E0));
#2624=VECTOR('',#2623,4.7E-1);
#2625=CARTESIAN_POINT('',(7.85E-1,5.E0,2.8E0));
#2626=LINE('',#2625,#2624);
#2627=DIRECTION('',(1.E0,0.E0,0.E0));
#2628=VECTOR('',#2627,4.7E-1);
#2629=CARTESIAN_POINT('',(-2.35E-1,5.E0,2.8E0));
#2630=LINE('',#2629,#2628);
#2631=DIRECTION('',(1.E0,0.E0,0.E0));
#2632=VECTOR('',#2631,4.7E-1);
#2633=CARTESIAN_POINT('',(-1.255E0,5.E0,2.8E0));
#2634=LINE('',#2633,#2632);
#2635=DIRECTION('',(1.E0,0.E0,0.E0));
#2636=VECTOR('',#2635,1.995E0);
#2637=CARTESIAN_POINT('',(-3.8E0,5.E0,2.8E0));
#2638=LINE('',#2637,#2636);
#2639=DIRECTION('',(0.E0,0.E0,-1.E0));
#2640=VECTOR('',#2639,2.3E0);
#2641=CARTESIAN_POINT('',(-3.8E0,5.E0,2.8E0));
#2642=LINE('',#2641,#2640);
#2643=DIRECTION('',(0.E0,0.E0,1.E0));
#2644=VECTOR('',#2643,2.6E0);
#2645=CARTESIAN_POINT('',(7.85E-1,-3.2E0,1.17E0));
#2646=LINE('',#2645,#2644);
#2647=DIRECTION('',(0.E0,1.E0,0.E0));
#2648=VECTOR('',#2647,2.E0);
#2649=CARTESIAN_POINT('',(7.85E-1,-3.2E0,1.17E0));
#2650=LINE('',#2649,#2648);
#2651=DIRECTION('',(0.E0,0.E0,1.E0));
#2652=VECTOR('',#2651,2.3E0);
#2653=CARTESIAN_POINT('',(7.85E-1,5.E0,5.E-1));
#2654=LINE('',#2653,#2652);
#2655=DIRECTION('',(1.E0,0.E0,0.E0));
#2656=VECTOR('',#2655,5.5E-1);
#2657=CARTESIAN_POINT('',(2.35E-1,-3.2E0,1.17E0));
#2658=LINE('',#2657,#2656);
#2659=DIRECTION('',(0.E0,1.E0,0.E0));
#2660=VECTOR('',#2659,2.E0);
#2661=CARTESIAN_POINT('',(2.35E-1,-3.2E0,1.17E0));
#2662=LINE('',#2661,#2660);
#2663=DIRECTION('',(0.E0,0.E0,-1.E0));
#2664=VECTOR('',#2663,2.6E0);
#2665=CARTESIAN_POINT('',(2.35E-1,-3.2E0,3.77E0));
#2666=LINE('',#2665,#2664);
#2667=DIRECTION('',(0.E0,0.E0,-1.E0));
#2668=VECTOR('',#2667,2.3E0);
#2669=CARTESIAN_POINT('',(2.35E-1,5.E0,2.8E0));
#2670=LINE('',#2669,#2668);
#2671=DIRECTION('',(0.E0,0.E0,1.E0));
#2672=VECTOR('',#2671,9.5E-1);
#2673=CARTESIAN_POINT('',(2.35E-1,3.94E0,5.E-1));
#2674=LINE('',#2673,#2672);
#2675=DIRECTION('',(1.E0,0.E0,0.E0));
#2676=VECTOR('',#2675,5.5E-1);
#2677=CARTESIAN_POINT('',(2.35E-1,-1.2E0,1.45E0));
#2678=LINE('',#2677,#2676);
#2679=DIRECTION('',(0.E0,0.E0,1.E0));
#2680=VECTOR('',#2679,2.8E-1);
#2681=CARTESIAN_POINT('',(7.85E-1,-1.2E0,1.17E0));
#2682=LINE('',#2681,#2680);
#2683=DIRECTION('',(1.E0,0.E0,0.E0));
#2684=VECTOR('',#2683,5.5E-1);
#2685=CARTESIAN_POINT('',(2.35E-1,-1.2E0,1.17E0));
#2686=LINE('',#2685,#2684);
#2687=DIRECTION('',(0.E0,0.E0,-1.E0));
#2688=VECTOR('',#2687,2.8E-1);
#2689=CARTESIAN_POINT('',(2.35E-1,-1.2E0,1.45E0));
#2690=LINE('',#2689,#2688);
#2691=CARTESIAN_POINT('',(5.1E-1,-1.2E0,3.600010212044E0));
#2692=CARTESIAN_POINT('',(5.665835096195E-1,-1.2E0,3.600010212044E0));
#2693=CARTESIAN_POINT('',(6.511078484124E-1,-1.2E0,3.639434032222E0));
#2694=CARTESIAN_POINT('',(7.085119952375E-1,-1.2E0,3.716186117586E0));
#2695=CARTESIAN_POINT('',(7.259979787774E-1,-1.2E0,3.77E0));
#2697=DIRECTION('',(0.E0,0.E0,1.E0));
#2698=VECTOR('',#2697,9.7E-1);
#2699=CARTESIAN_POINT('',(7.85E-1,-1.2E0,2.8E0));
#2700=LINE('',#2699,#2698);
#2701=DIRECTION('',(1.E0,0.E0,0.E0));
#2702=VECTOR('',#2701,5.5E-1);
#2703=CARTESIAN_POINT('',(2.35E-1,-1.2E0,2.8E0));
#2704=LINE('',#2703,#2702);
#2705=DIRECTION('',(0.E0,0.E0,-1.E0));
#2706=VECTOR('',#2705,9.7E-1);
#2707=CARTESIAN_POINT('',(2.35E-1,-1.2E0,3.77E0));
#2708=LINE('',#2707,#2706);
#2709=CARTESIAN_POINT('',(2.940020212226E-1,-1.2E0,3.77E0));
#2710=CARTESIAN_POINT('',(3.114880047625E-1,-1.2E0,3.716186117586E0));
#2711=CARTESIAN_POINT('',(3.688921515876E-1,-1.2E0,3.639434032222E0));
#2712=CARTESIAN_POINT('',(4.534164903805E-1,-1.2E0,3.600010212044E0));
#2713=CARTESIAN_POINT('',(5.1E-1,-1.2E0,3.600010212044E0));
#2715=DIRECTION('',(1.E0,0.E0,0.E0));
#2716=VECTOR('',#2715,5.5E-1);
#2717=CARTESIAN_POINT('',(2.35E-1,3.94E0,1.45E0));
#2718=LINE('',#2717,#2716);
#2719=DIRECTION('',(0.E0,-1.E0,0.E0));
#2720=VECTOR('',#2719,5.14E0);
#2721=CARTESIAN_POINT('',(7.85E-1,3.94E0,1.45E0));
#2722=LINE('',#2721,#2720);
#2723=DIRECTION('',(0.E0,1.E0,0.E0));
#2724=VECTOR('',#2723,5.14E0);
#2725=CARTESIAN_POINT('',(2.35E-1,-1.2E0,1.45E0));
#2726=LINE('',#2725,#2724);
#2727=DIRECTION('',(0.E0,0.E0,1.E0));
#2728=VECTOR('',#2727,9.5E-1);
#2729=CARTESIAN_POINT('',(7.85E-1,3.94E0,5.E-1));
#2730=LINE('',#2729,#2728);
#2731=DIRECTION('',(0.E0,-8.881444698600E-1,-4.595643596463E-1));
#2732=VECTOR('',#2731,1.251653577401E0);
#2733=CARTESIAN_POINT('',(5.1E-1,-1.2E0,3.600010212044E0));
#2734=LINE('',#2733,#2732);
#2735=DIRECTION('',(0.E0,-8.881444698600E-1,-4.595643596463E-1));
#2736=VECTOR('',#2735,6.868230677314E0);
#2737=CARTESIAN_POINT('',(5.1E-1,5.228499802719E0,6.926394033123E0));
#2738=LINE('',#2737,#2736);
#2739=DIRECTION('',(0.E0,-8.881444698600E-1,-4.595643596463E-1));
#2740=VECTOR('',#2739,8.348468775017E0);
#2741=CARTESIAN_POINT('',(5.1E-1,4.891597565944E0,7.27E0));
#2742=LINE('',#2741,#2740);
#2743=CARTESIAN_POINT('',(5.1E-1,5.1228E0,7.130667261190E0));
#2744=DIRECTION('',(0.E0,-8.881444698600E-1,-4.595643596463E-1));
#2745=DIRECTION('',(0.E0,4.595643596463E-1,-8.881444698600E-1));
#2746=AXIS2_PLACEMENT_3D('',#2743,#2744,#2745);
#2748=CARTESIAN_POINT('',(5.1E-1,5.1228E0,7.130667261190E0));
#2749=DIRECTION('',(0.E0,-8.881444698600E-1,-4.595643596463E-1));
#2750=DIRECTION('',(-7.312681773749E-1,-3.134642825909E-1,6.057945165636E-1));
#2751=AXIS2_PLACEMENT_3D('',#2748,#2749,#2750);
#2753=DIRECTION('',(0.E0,1.E0,0.E0));
#2754=VECTOR('',#2753,1.7E0);
#2755=CARTESIAN_POINT('',(7.85E-1,4.8E0,7.27E0));
#2756=LINE('',#2755,#2754);
#2757=DIRECTION('',(1.E0,0.E0,0.E0));
#2758=VECTOR('',#2757,3.363833615924E-1);
#2759=CARTESIAN_POINT('',(3.418083192038E-1,5.050703215004E0,7.27E0));
#2760=LINE('',#2759,#2758);
#2761=CARTESIAN_POINT('',(6.781916807962E-1,5.050703215004E0,7.27E0));
#2762=CARTESIAN_POINT('',(6.602589125435E-1,5.008868583489E0,7.27E0));
#2763=CARTESIAN_POINT('',(6.164914896831E-1,4.937183797924E0,7.27E0));
#2764=CARTESIAN_POINT('',(5.555161572548E-1,4.891597565944E0,7.27E0));
#2765=CARTESIAN_POINT('',(5.1E-1,4.891597565944E0,7.27E0));
#2767=CARTESIAN_POINT('',(5.1E-1,4.891597565944E0,7.27E0));
#2768=CARTESIAN_POINT('',(4.644838427452E-1,4.891597565944E0,7.27E0));
#2769=CARTESIAN_POINT('',(4.035085103169E-1,4.937183797924E0,7.27E0));
#2770=CARTESIAN_POINT('',(3.597410874565E-1,5.008868583489E0,7.27E0));
#2771=CARTESIAN_POINT('',(3.418083192038E-1,5.050703215004E0,7.27E0));
#2773=DIRECTION('',(0.E0,1.E0,0.E0));
#2774=VECTOR('',#2773,1.7E0);
#2775=CARTESIAN_POINT('',(7.85E-1,4.8E0,3.77E0));
#2776=LINE('',#2775,#2774);
#2777=DIRECTION('',(0.E0,1.E0,0.E0));
#2778=VECTOR('',#2777,1.7E0);
#2779=CARTESIAN_POINT('',(2.35E-1,4.8E0,7.27E0));
#2780=LINE('',#2779,#2778);
#2781=CARTESIAN_POINT('',(5.1E-1,-2.417349005668E0,3.229068065315E0));
#2782=DIRECTION('',(0.E0,-8.881444698600E-1,-4.595643596463E-1));
#2783=DIRECTION('',(0.E0,-4.595643596463E-1,8.881444698600E-1));
#2784=AXIS2_PLACEMENT_3D('',#2781,#2782,#2783);
#2786=CARTESIAN_POINT('',(5.1E-1,-1.999788828493E0,2.4221E0));
#2787=DIRECTION('',(1.E0,0.E0,0.E0));
#2788=DIRECTION('',(0.E0,-4.595643596463E-1,8.881444698600E-1));
#2789=AXIS2_PLACEMENT_3D('',#2786,#2787,#2788);
#2791=CARTESIAN_POINT('',(5.1E-1,-2.417349005668E0,3.229068065315E0));
#2792=DIRECTION('',(0.E0,-8.881444698600E-1,-4.595643596463E-1));
#2793=DIRECTION('',(0.E0,4.595643596463E-1,-8.881444698600E-1));
#2794=AXIS2_PLACEMENT_3D('',#2791,#2792,#2793);
#2796=CARTESIAN_POINT('',(5.1E-1,-1.999788828493E0,2.4221E0));
#2797=DIRECTION('',(1.E0,0.E0,0.E0));
#2798=DIRECTION('',(0.E0,-4.595643596463E-1,8.881444698600E-1));
#2799=AXIS2_PLACEMENT_3D('',#2796,#2797,#2798);
#2801=CARTESIAN_POINT('',(5.1E-1,-1.355871190743E0,1.781066431617E0));
#2802=DIRECTION('',(0.E0,7.055179048898E-1,7.086920952571E-1));
#2803=DIRECTION('',(0.E0,-7.086920952571E-1,7.055179048898E-1));
#2804=AXIS2_PLACEMENT_3D('',#2801,#2802,#2803);
#2806=DIRECTION('',(0.E0,7.055179048898E-1,7.086920952571E-1));
#2807=VECTOR('',#2806,3.940427473743E-1);
#2808=CARTESIAN_POINT('',(5.1E-1,-1.518870372652E0,1.943335549742E0));
#2809=LINE('',#2808,#2807);
#2810=CARTESIAN_POINT('',(5.1E-1,-1.355871190743E0,1.781066431617E0));
#2811=DIRECTION('',(0.E0,7.055179048898E-1,7.086920952571E-1));
#2812=DIRECTION('',(0.E0,7.086920952571E-1,-7.055179048898E-1));
#2813=AXIS2_PLACEMENT_3D('',#2810,#2811,#2812);
#2815=DIRECTION('',(0.E0,7.055179048898E-1,7.086920952571E-1));
#2816=VECTOR('',#2815,3.940427473743E-1);
#2817=CARTESIAN_POINT('',(5.1E-1,-1.192872008834E0,1.618797313493E0));
#2818=LINE('',#2817,#2816);
#2819=CARTESIAN_POINT('',(5.1E-1,-1.077866977178E0,2.060321411875E0));
#2820=DIRECTION('',(0.E0,7.055179048898E-1,7.086920952571E-1));
#2821=DIRECTION('',(0.E0,7.086920952571E-1,-7.055179048898E-1));
#2822=AXIS2_PLACEMENT_3D('',#2819,#2820,#2821);
#2824=CARTESIAN_POINT('',(5.1E-1,-8.221E-1,1.8057E0));
#2825=DIRECTION('',(-1.E0,0.E0,0.E0));
#2826=DIRECTION('',(0.E0,-7.086920952571E-1,7.055179048898E-1));
#2827=AXIS2_PLACEMENT_3D('',#2824,#2825,#2826);
#2829=CARTESIAN_POINT('',(5.1E-1,-1.077866977178E0,2.060321411875E0));
#2830=DIRECTION('',(0.E0,7.055179048898E-1,7.086920952571E-1));
#2831=DIRECTION('',(0.E0,-7.086920952571E-1,7.055179048898E-1));
#2832=AXIS2_PLACEMENT_3D('',#2829,#2830,#2831);
#2834=CARTESIAN_POINT('',(5.1E-1,-8.221E-1,1.8057E0));
#2835=DIRECTION('',(-1.E0,0.E0,0.E0));
#2836=DIRECTION('',(0.E0,-7.086920952571E-1,7.055179048898E-1));
#2837=AXIS2_PLACEMENT_3D('',#2834,#2835,#2836);
#2839=CARTESIAN_POINT('',(5.1E-1,-8.221E-1,2.1666E0));
#2840=DIRECTION('',(0.E0,1.E0,0.E0));
#2841=DIRECTION('',(0.E0,0.E0,1.E0));
#2842=AXIS2_PLACEMENT_3D('',#2839,#2840,#2841);
#2844=DIRECTION('',(0.E0,1.E0,0.E0));
#2845=VECTOR('',#2844,4.6621E0);
#2846=CARTESIAN_POINT('',(5.1E-1,-8.221E-1,2.3966E0));
#2847=LINE('',#2846,#2845);
#2848=CARTESIAN_POINT('',(5.1E-1,-8.221E-1,2.1666E0));
#2849=DIRECTION('',(0.E0,1.E0,0.E0));
#2850=DIRECTION('',(0.E0,0.E0,-1.E0));
#2851=AXIS2_PLACEMENT_3D('',#2848,#2849,#2850);
#2853=DIRECTION('',(0.E0,1.E0,0.E0));
#2854=VECTOR('',#2853,4.6621E0);
#2855=CARTESIAN_POINT('',(5.1E-1,-8.221E-1,1.9366E0));
#2856=LINE('',#2855,#2854);
#2857=CARTESIAN_POINT('',(5.1E-1,3.84E0,2.1666E0));
#2858=DIRECTION('',(0.E0,1.E0,0.E0));
#2859=DIRECTION('',(0.E0,0.E0,-1.E0));
#2860=AXIS2_PLACEMENT_3D('',#2857,#2858,#2859);
#2862=CARTESIAN_POINT('',(5.1E-1,3.84E0,1.6666E0));
#2863=DIRECTION('',(-1.E0,0.E0,0.E0));
#2864=DIRECTION('',(0.E0,0.E0,1.E0));
#2865=AXIS2_PLACEMENT_3D('',#2862,#2863,#2864);
#2867=CARTESIAN_POINT('',(5.1E-1,3.84E0,2.1666E0));
#2868=DIRECTION('',(0.E0,1.E0,0.E0));
#2869=DIRECTION('',(0.E0,0.E0,1.E0));
#2870=AXIS2_PLACEMENT_3D('',#2867,#2868,#2869);
#2872=CARTESIAN_POINT('',(5.1E-1,3.84E0,1.6666E0));
#2873=DIRECTION('',(-1.E0,0.E0,0.E0));
#2874=DIRECTION('',(0.E0,0.E0,1.E0));
#2875=AXIS2_PLACEMENT_3D('',#2872,#2873,#2874);
#2877=CARTESIAN_POINT('',(5.1E-1,4.34E0,1.6666E0));
#2878=DIRECTION('',(0.E0,0.E0,-1.E0));
#2879=DIRECTION('',(0.E0,1.E0,0.E0));
#2880=AXIS2_PLACEMENT_3D('',#2877,#2878,#2879);
#2882=DIRECTION('',(0.E0,0.E0,-1.E0));
#2883=VECTOR('',#2882,4.7666E0);
#2884=CARTESIAN_POINT('',(5.1E-1,4.57E0,1.6666E0));
#2885=LINE('',#2884,#2883);
#2886=CARTESIAN_POINT('',(5.1E-1,4.34E0,1.6666E0));
#2887=DIRECTION('',(0.E0,0.E0,-1.E0));
#2888=DIRECTION('',(0.E0,-1.E0,0.E0));
#2889=AXIS2_PLACEMENT_3D('',#2886,#2887,#2888);
#2891=DIRECTION('',(0.E0,0.E0,-1.E0));
#2892=VECTOR('',#2891,4.7666E0);
#2893=CARTESIAN_POINT('',(5.1E-1,4.11E0,1.6666E0));
#2894=LINE('',#2893,#2892);
#2895=CARTESIAN_POINT('',(5.1E-1,4.34E0,-3.1E0));
#2896=DIRECTION('',(0.E0,0.E0,-1.E0));
#2897=DIRECTION('',(0.E0,1.E0,0.E0));
#2898=AXIS2_PLACEMENT_3D('',#2895,#2896,#2897);
#2900=CARTESIAN_POINT('',(5.1E-1,4.34E0,-3.1E0));
#2901=DIRECTION('',(0.E0,0.E0,-1.E0));
#2902=DIRECTION('',(0.E0,-1.E0,0.E0));
#2903=AXIS2_PLACEMENT_3D('',#2900,#2901,#2902);
#2905=DIRECTION('',(0.E0,0.E0,1.E0));
#2906=VECTOR('',#2905,2.6E0);
#2907=CARTESIAN_POINT('',(-2.35E-1,-3.2E0,1.17E0));
#2908=LINE('',#2907,#2906);
#2909=DIRECTION('',(0.E0,1.E0,0.E0));
#2910=VECTOR('',#2909,2.E0);
#2911=CARTESIAN_POINT('',(-2.35E-1,-3.2E0,1.17E0));
#2912=LINE('',#2911,#2910);
#2913=DIRECTION('',(0.E0,0.E0,1.E0));
#2914=VECTOR('',#2913,2.3E0);
#2915=CARTESIAN_POINT('',(-2.35E-1,5.E0,5.E-1));
#2916=LINE('',#2915,#2914);
#2917=DIRECTION('',(1.E0,0.E0,0.E0));
#2918=VECTOR('',#2917,5.5E-1);
#2919=CARTESIAN_POINT('',(-7.85E-1,-3.2E0,1.17E0));
#2920=LINE('',#2919,#2918);
#2921=DIRECTION('',(0.E0,1.E0,0.E0));
#2922=VECTOR('',#2921,2.E0);
#2923=CARTESIAN_POINT('',(-7.85E-1,-3.2E0,1.17E0));
#2924=LINE('',#2923,#2922);
#2925=DIRECTION('',(0.E0,0.E0,-1.E0));
#2926=VECTOR('',#2925,2.6E0);
#2927=CARTESIAN_POINT('',(-7.85E-1,-3.2E0,3.77E0));
#2928=LINE('',#2927,#2926);
#2929=DIRECTION('',(0.E0,0.E0,-1.E0));
#2930=VECTOR('',#2929,2.3E0);
#2931=CARTESIAN_POINT('',(-7.85E-1,5.E0,2.8E0));
#2932=LINE('',#2931,#2930);
#2933=DIRECTION('',(0.E0,0.E0,1.E0));
#2934=VECTOR('',#2933,9.5E-1);
#2935=CARTESIAN_POINT('',(-7.85E-1,1.4E0,5.E-1));
#2936=LINE('',#2935,#2934);
#2937=DIRECTION('',(1.E0,0.E0,0.E0));
#2938=VECTOR('',#2937,5.5E-1);
#2939=CARTESIAN_POINT('',(-7.85E-1,-1.2E0,1.45E0));
#2940=LINE('',#2939,#2938);
#2941=DIRECTION('',(0.E0,0.E0,1.E0));
#2942=VECTOR('',#2941,2.8E-1);
#2943=CARTESIAN_POINT('',(-2.35E-1,-1.2E0,1.17E0));
#2944=LINE('',#2943,#2942);
#2945=DIRECTION('',(1.E0,0.E0,0.E0));
#2946=VECTOR('',#2945,5.5E-1);
#2947=CARTESIAN_POINT('',(-7.85E-1,-1.2E0,1.17E0));
#2948=LINE('',#2947,#2946);
#2949=DIRECTION('',(0.E0,0.E0,-1.E0));
#2950=VECTOR('',#2949,2.8E-1);
#2951=CARTESIAN_POINT('',(-7.85E-1,-1.2E0,1.45E0));
#2952=LINE('',#2951,#2950);
#2953=CARTESIAN_POINT('',(-5.1E-1,-1.2E0,3.600010212044E0));
#2954=CARTESIAN_POINT('',(-4.534164903805E-1,-1.2E0,3.600010212044E0));
#2955=CARTESIAN_POINT('',(-3.688921515876E-1,-1.2E0,3.639434032222E0));
#2956=CARTESIAN_POINT('',(-3.114880047625E-1,-1.2E0,3.716186117586E0));
#2957=CARTESIAN_POINT('',(-2.940020212226E-1,-1.2E0,3.77E0));
#2959=DIRECTION('',(0.E0,0.E0,1.E0));
#2960=VECTOR('',#2959,9.7E-1);
#2961=CARTESIAN_POINT('',(-2.35E-1,-1.2E0,2.8E0));
#2962=LINE('',#2961,#2960);
#2963=DIRECTION('',(1.E0,0.E0,0.E0));
#2964=VECTOR('',#2963,5.5E-1);
#2965=CARTESIAN_POINT('',(-7.85E-1,-1.2E0,2.8E0));
#2966=LINE('',#2965,#2964);
#2967=DIRECTION('',(0.E0,0.E0,-1.E0));
#2968=VECTOR('',#2967,9.7E-1);
#2969=CARTESIAN_POINT('',(-7.85E-1,-1.2E0,3.77E0));
#2970=LINE('',#2969,#2968);
#2971=CARTESIAN_POINT('',(-7.259979787774E-1,-1.2E0,3.77E0));
#2972=CARTESIAN_POINT('',(-7.085119952375E-1,-1.2E0,3.716186117586E0));
#2973=CARTESIAN_POINT('',(-6.511078484124E-1,-1.2E0,3.639434032222E0));
#2974=CARTESIAN_POINT('',(-5.665835096195E-1,-1.2E0,3.600010212044E0));
#2975=CARTESIAN_POINT('',(-5.1E-1,-1.2E0,3.600010212044E0));
#2977=DIRECTION('',(1.E0,0.E0,0.E0));
#2978=VECTOR('',#2977,5.5E-1);
#2979=CARTESIAN_POINT('',(-7.85E-1,1.4E0,1.45E0));
#2980=LINE('',#2979,#2978);
#2981=DIRECTION('',(0.E0,-1.E0,0.E0));
#2982=VECTOR('',#2981,2.6E0);
#2983=CARTESIAN_POINT('',(-2.35E-1,1.4E0,1.45E0));
#2984=LINE('',#2983,#2982);
#2985=DIRECTION('',(0.E0,1.E0,0.E0));
#2986=VECTOR('',#2985,2.6E0);
#2987=CARTESIAN_POINT('',(-7.85E-1,-1.2E0,1.45E0));
#2988=LINE('',#2987,#2986);
#2989=DIRECTION('',(0.E0,0.E0,1.E0));
#2990=VECTOR('',#2989,9.5E-1);
#2991=CARTESIAN_POINT('',(-2.35E-1,1.4E0,5.E-1));
#2992=LINE('',#2991,#2990);
#2993=DIRECTION('',(0.E0,-8.881444698600E-1,-4.595643596463E-1));
#2994=VECTOR('',#2993,6.868230677314E0);
#2995=CARTESIAN_POINT('',(-5.1E-1,5.228499802719E0,6.926394033123E0));
#2996=LINE('',#2995,#2994);
#2997=DIRECTION('',(0.E0,-8.881444698600E-1,-4.595643596463E-1));
#2998=VECTOR('',#2997,1.251653577401E0);
#2999=CARTESIAN_POINT('',(-5.1E-1,-1.2E0,3.600010212044E0));
#3000=LINE('',#2999,#2998);
#3001=DIRECTION('',(0.E0,-8.881444698600E-1,-4.595643596463E-1));
#3002=VECTOR('',#3001,8.348468775017E0);
#3003=CARTESIAN_POINT('',(-5.1E-1,4.891597565944E0,7.27E0));
#3004=LINE('',#3003,#3002);
#3005=CARTESIAN_POINT('',(-5.1E-1,5.1228E0,7.130667261190E0));
#3006=DIRECTION('',(0.E0,-8.881444698600E-1,-4.595643596463E-1));
#3007=DIRECTION('',(0.E0,4.595643596463E-1,-8.881444698600E-1));
#3008=AXIS2_PLACEMENT_3D('',#3005,#3006,#3007);
#3010=CARTESIAN_POINT('',(-5.1E-1,5.1228E0,7.130667261190E0));
#3011=DIRECTION('',(0.E0,-8.881444698600E-1,-4.595643596463E-1));
#3012=DIRECTION('',(-7.312681773749E-1,-3.134642825909E-1,6.057945165636E-1));
#3013=AXIS2_PLACEMENT_3D('',#3010,#3011,#3012);
#3015=DIRECTION('',(0.E0,1.E0,0.E0));
#3016=VECTOR('',#3015,1.7E0);
#3017=CARTESIAN_POINT('',(-2.35E-1,4.8E0,7.27E0));
#3018=LINE('',#3017,#3016);
#3019=DIRECTION('',(1.E0,0.E0,0.E0));
#3020=VECTOR('',#3019,3.363833615924E-1);
#3021=CARTESIAN_POINT('',(-6.781916807962E-1,5.050703215004E0,7.27E0));
#3022=LINE('',#3021,#3020);
#3023=CARTESIAN_POINT('',(-3.418083192038E-1,5.050703215004E0,7.27E0));
#3024=CARTESIAN_POINT('',(-3.597410874565E-1,5.008868583489E0,7.27E0));
#3025=CARTESIAN_POINT('',(-4.035085103169E-1,4.937183797924E0,7.27E0));
#3026=CARTESIAN_POINT('',(-4.644838427452E-1,4.891597565944E0,7.27E0));
#3027=CARTESIAN_POINT('',(-5.1E-1,4.891597565944E0,7.27E0));
#3029=CARTESIAN_POINT('',(-5.1E-1,4.891597565944E0,7.27E0));
#3030=CARTESIAN_POINT('',(-5.555161572548E-1,4.891597565944E0,7.27E0));
#3031=CARTESIAN_POINT('',(-6.164914896831E-1,4.937183797924E0,7.27E0));
#3032=CARTESIAN_POINT('',(-6.602589125435E-1,5.008868583489E0,7.27E0));
#3033=CARTESIAN_POINT('',(-6.781916807962E-1,5.050703215004E0,7.27E0));
#3035=DIRECTION('',(0.E0,1.E0,0.E0));
#3036=VECTOR('',#3035,1.7E0);
#3037=CARTESIAN_POINT('',(-2.35E-1,4.8E0,3.77E0));
#3038=LINE('',#3037,#3036);
#3039=DIRECTION('',(0.E0,1.E0,0.E0));
#3040=VECTOR('',#3039,1.7E0);
#3041=CARTESIAN_POINT('',(-7.85E-1,4.8E0,7.27E0));
#3042=LINE('',#3041,#3040);
#3043=CARTESIAN_POINT('',(-5.1E-1,-2.417349005668E0,3.229068065315E0));
#3044=DIRECTION('',(0.E0,-8.881444698600E-1,-4.595643596463E-1));
#3045=DIRECTION('',(0.E0,-4.595643596463E-1,8.881444698600E-1));
#3046=AXIS2_PLACEMENT_3D('',#3043,#3044,#3045);
#3048=CARTESIAN_POINT('',(-5.1E-1,-1.999788828493E0,2.4221E0));
#3049=DIRECTION('',(1.E0,0.E0,0.E0));
#3050=DIRECTION('',(0.E0,-4.595643596463E-1,8.881444698600E-1));
#3051=AXIS2_PLACEMENT_3D('',#3048,#3049,#3050);
#3053=CARTESIAN_POINT('',(-5.1E-1,-2.417349005668E0,3.229068065315E0));
#3054=DIRECTION('',(0.E0,-8.881444698600E-1,-4.595643596463E-1));
#3055=DIRECTION('',(0.E0,4.595643596463E-1,-8.881444698600E-1));
#3056=AXIS2_PLACEMENT_3D('',#3053,#3054,#3055);
#3058=CARTESIAN_POINT('',(-5.1E-1,-1.999788828493E0,2.4221E0));
#3059=DIRECTION('',(1.E0,0.E0,0.E0));
#3060=DIRECTION('',(0.E0,-4.595643596463E-1,8.881444698600E-1));
#3061=AXIS2_PLACEMENT_3D('',#3058,#3059,#3060);
#3063=CARTESIAN_POINT('',(-5.1E-1,-1.355871190743E0,1.781066431617E0));
#3064=DIRECTION('',(0.E0,7.055179048898E-1,7.086920952571E-1));
#3065=DIRECTION('',(0.E0,-7.086920952571E-1,7.055179048898E-1));
#3066=AXIS2_PLACEMENT_3D('',#3063,#3064,#3065);
#3068=DIRECTION('',(0.E0,7.055179048898E-1,7.086920952571E-1));
#3069=VECTOR('',#3068,3.940427473743E-1);
#3070=CARTESIAN_POINT('',(-5.1E-1,-1.518870372652E0,1.943335549742E0));
#3071=LINE('',#3070,#3069);
#3072=CARTESIAN_POINT('',(-5.1E-1,-1.355871190743E0,1.781066431617E0));
#3073=DIRECTION('',(0.E0,7.055179048898E-1,7.086920952571E-1));
#3074=DIRECTION('',(0.E0,7.086920952571E-1,-7.055179048898E-1));
#3075=AXIS2_PLACEMENT_3D('',#3072,#3073,#3074);
#3077=DIRECTION('',(0.E0,7.055179048898E-1,7.086920952571E-1));
#3078=VECTOR('',#3077,3.940427473743E-1);
#3079=CARTESIAN_POINT('',(-5.1E-1,-1.192872008834E0,1.618797313493E0));
#3080=LINE('',#3079,#3078);
#3081=CARTESIAN_POINT('',(-5.1E-1,-1.077866977178E0,2.060321411875E0));
#3082=DIRECTION('',(0.E0,7.055179048898E-1,7.086920952571E-1));
#3083=DIRECTION('',(0.E0,7.086920952571E-1,-7.055179048898E-1));
#3084=AXIS2_PLACEMENT_3D('',#3081,#3082,#3083);
#3086=CARTESIAN_POINT('',(-5.1E-1,-8.221E-1,1.8057E0));
#3087=DIRECTION('',(-1.E0,0.E0,0.E0));
#3088=DIRECTION('',(0.E0,-7.086920952571E-1,7.055179048898E-1));
#3089=AXIS2_PLACEMENT_3D('',#3086,#3087,#3088);
#3091=CARTESIAN_POINT('',(-5.1E-1,-1.077866977178E0,2.060321411875E0));
#3092=DIRECTION('',(0.E0,7.055179048898E-1,7.086920952571E-1));
#3093=DIRECTION('',(0.E0,-7.086920952571E-1,7.055179048898E-1));
#3094=AXIS2_PLACEMENT_3D('',#3091,#3092,#3093);
#3096=CARTESIAN_POINT('',(-5.1E-1,-8.221E-1,1.8057E0));
#3097=DIRECTION('',(-1.E0,0.E0,0.E0));
#3098=DIRECTION('',(0.E0,-7.086920952571E-1,7.055179048898E-1));
#3099=AXIS2_PLACEMENT_3D('',#3096,#3097,#3098);
#3101=CARTESIAN_POINT('',(-5.1E-1,-8.221E-1,2.1666E0));
#3102=DIRECTION('',(0.E0,1.E0,0.E0));
#3103=DIRECTION('',(0.E0,0.E0,1.E0));
#3104=AXIS2_PLACEMENT_3D('',#3101,#3102,#3103);
#3106=DIRECTION('',(0.E0,1.E0,0.E0));
#3107=VECTOR('',#3106,2.1221E0);
#3108=CARTESIAN_POINT('',(-5.1E-1,-8.221E-1,2.3966E0));
#3109=LINE('',#3108,#3107);
#3110=CARTESIAN_POINT('',(-5.1E-1,-8.221E-1,2.1666E0));
#3111=DIRECTION('',(0.E0,1.E0,0.E0));
#3112=DIRECTION('',(0.E0,0.E0,-1.E0));
#3113=AXIS2_PLACEMENT_3D('',#3110,#3111,#3112);
#3115=DIRECTION('',(0.E0,1.E0,0.E0));
#3116=VECTOR('',#3115,2.1221E0);
#3117=CARTESIAN_POINT('',(-5.1E-1,-8.221E-1,1.9366E0));
#3118=LINE('',#3117,#3116);
#3119=CARTESIAN_POINT('',(-5.1E-1,1.3E0,2.1666E0));
#3120=DIRECTION('',(0.E0,1.E0,0.E0));
#3121=DIRECTION('',(0.E0,0.E0,-1.E0));
#3122=AXIS2_PLACEMENT_3D('',#3119,#3120,#3121);
#3124=CARTESIAN_POINT('',(-5.1E-1,1.3E0,1.6666E0));
#3125=DIRECTION('',(-1.E0,0.E0,0.E0));
#3126=DIRECTION('',(0.E0,0.E0,1.E0));
#3127=AXIS2_PLACEMENT_3D('',#3124,#3125,#3126);
#3129=CARTESIAN_POINT('',(-5.1E-1,1.3E0,2.1666E0));
#3130=DIRECTION('',(0.E0,1.E0,0.E0));
#3131=DIRECTION('',(0.E0,0.E0,1.E0));
#3132=AXIS2_PLACEMENT_3D('',#3129,#3130,#3131);
#3134=CARTESIAN_POINT('',(-5.1E-1,1.3E0,1.6666E0));
#3135=DIRECTION('',(-1.E0,0.E0,0.E0));
#3136=DIRECTION('',(0.E0,0.E0,1.E0));
#3137=AXIS2_PLACEMENT_3D('',#3134,#3135,#3136);
#3139=CARTESIAN_POINT('',(-5.1E-1,1.8E0,1.6666E0));
#3140=DIRECTION('',(0.E0,0.E0,-1.E0));
#3141=DIRECTION('',(0.E0,1.E0,0.E0));
#3142=AXIS2_PLACEMENT_3D('',#3139,#3140,#3141);
#3144=DIRECTION('',(0.E0,0.E0,-1.E0));
#3145=VECTOR('',#3144,4.7666E0);
#3146=CARTESIAN_POINT('',(-5.1E-1,2.03E0,1.6666E0));
#3147=LINE('',#3146,#3145);
#3148=CARTESIAN_POINT('',(-5.1E-1,1.8E0,1.6666E0));
#3149=DIRECTION('',(0.E0,0.E0,-1.E0));
#3150=DIRECTION('',(0.E0,-1.E0,0.E0));
#3151=AXIS2_PLACEMENT_3D('',#3148,#3149,#3150);
#3153=DIRECTION('',(0.E0,0.E0,-1.E0));
#3154=VECTOR('',#3153,4.7666E0);
#3155=CARTESIAN_POINT('',(-5.1E-1,1.57E0,1.6666E0));
#3156=LINE('',#3155,#3154);
#3157=CARTESIAN_POINT('',(-5.1E-1,1.8E0,-3.1E0));
#3158=DIRECTION('',(0.E0,0.E0,-1.E0));
#3159=DIRECTION('',(0.E0,1.E0,0.E0));
#3160=AXIS2_PLACEMENT_3D('',#3157,#3158,#3159);
#3162=CARTESIAN_POINT('',(-5.1E-1,1.8E0,-3.1E0));
#3163=DIRECTION('',(0.E0,0.E0,-1.E0));
#3164=DIRECTION('',(0.E0,-1.E0,0.E0));
#3165=AXIS2_PLACEMENT_3D('',#3162,#3163,#3164);
#3167=DIRECTION('',(1.E0,0.E0,0.E0));
#3168=VECTOR('',#3167,5.5E-1);
#3169=CARTESIAN_POINT('',(1.255E0,-3.2E0,1.17E0));
#3170=LINE('',#3169,#3168);
#3171=DIRECTION('',(0.E0,1.E0,0.E0));
#3172=VECTOR('',#3171,2.E0);
#3173=CARTESIAN_POINT('',(1.255E0,-3.2E0,1.17E0));
#3174=LINE('',#3173,#3172);
#3175=DIRECTION('',(0.E0,-8.881444698600E-1,-4.595643596463E-1));
#3176=VECTOR('',#3175,8.348468775017E0);
#3177=CARTESIAN_POINT('',(1.53E0,4.891597565944E0,7.27E0));
#3178=LINE('',#3177,#3176);
#3179=CARTESIAN_POINT('',(1.53E0,-2.417349005668E0,3.229068065315E0));
#3180=DIRECTION('',(0.E0,-8.881444698600E-1,-4.595643596463E-1));
#3181=DIRECTION('',(0.E0,-4.595643596463E-1,8.881444698600E-1));
#3182=AXIS2_PLACEMENT_3D('',#3179,#3180,#3181);
#3184=CARTESIAN_POINT('',(1.53E0,-1.999788828493E0,2.4221E0));
#3185=DIRECTION('',(1.E0,0.E0,0.E0));
#3186=DIRECTION('',(0.E0,-4.595643596463E-1,8.881444698600E-1));
#3187=AXIS2_PLACEMENT_3D('',#3184,#3185,#3186);
#3189=CARTESIAN_POINT('',(1.53E0,-2.417349005668E0,3.229068065315E0));
#3190=DIRECTION('',(0.E0,-8.881444698600E-1,-4.595643596463E-1));
#3191=DIRECTION('',(0.E0,4.595643596463E-1,-8.881444698600E-1));
#3192=AXIS2_PLACEMENT_3D('',#3189,#3190,#3191);
#3194=CARTESIAN_POINT('',(1.53E0,-1.999788828493E0,2.4221E0));
#3195=DIRECTION('',(1.E0,0.E0,0.E0));
#3196=DIRECTION('',(0.E0,-4.595643596463E-1,8.881444698600E-1));
#3197=AXIS2_PLACEMENT_3D('',#3194,#3195,#3196);
#3199=CARTESIAN_POINT('',(1.53E0,-1.355871190743E0,1.781066431617E0));
#3200=DIRECTION('',(0.E0,7.055179048898E-1,7.086920952571E-1));
#3201=DIRECTION('',(0.E0,-7.086920952571E-1,7.055179048898E-1));
#3202=AXIS2_PLACEMENT_3D('',#3199,#3200,#3201);
#3204=DIRECTION('',(0.E0,7.055179048898E-1,7.086920952571E-1));
#3205=VECTOR('',#3204,3.940427473743E-1);
#3206=CARTESIAN_POINT('',(1.53E0,-1.518870372652E0,1.943335549742E0));
#3207=LINE('',#3206,#3205);
#3208=CARTESIAN_POINT('',(1.53E0,-1.355871190743E0,1.781066431617E0));
#3209=DIRECTION('',(0.E0,7.055179048898E-1,7.086920952571E-1));
#3210=DIRECTION('',(0.E0,7.086920952571E-1,-7.055179048898E-1));
#3211=AXIS2_PLACEMENT_3D('',#3208,#3209,#3210);
#3213=DIRECTION('',(0.E0,7.055179048898E-1,7.086920952571E-1));
#3214=VECTOR('',#3213,3.940427473743E-1);
#3215=CARTESIAN_POINT('',(1.53E0,-1.192872008834E0,1.618797313493E0));
#3216=LINE('',#3215,#3214);
#3217=CARTESIAN_POINT('',(1.53E0,-1.077866977178E0,2.060321411875E0));
#3218=DIRECTION('',(0.E0,7.055179048898E-1,7.086920952571E-1));
#3219=DIRECTION('',(0.E0,7.086920952571E-1,-7.055179048898E-1));
#3220=AXIS2_PLACEMENT_3D('',#3217,#3218,#3219);
#3222=CARTESIAN_POINT('',(1.53E0,-8.221E-1,1.8057E0));
#3223=DIRECTION('',(-1.E0,0.E0,0.E0));
#3224=DIRECTION('',(0.E0,-7.086920952571E-1,7.055179048898E-1));
#3225=AXIS2_PLACEMENT_3D('',#3222,#3223,#3224);
#3227=CARTESIAN_POINT('',(1.53E0,-1.077866977178E0,2.060321411875E0));
#3228=DIRECTION('',(0.E0,7.055179048898E-1,7.086920952571E-1));
#3229=DIRECTION('',(0.E0,-7.086920952571E-1,7.055179048898E-1));
#3230=AXIS2_PLACEMENT_3D('',#3227,#3228,#3229);
#3232=CARTESIAN_POINT('',(1.53E0,-8.221E-1,1.8057E0));
#3233=DIRECTION('',(-1.E0,0.E0,0.E0));
#3234=DIRECTION('',(0.E0,-7.086920952571E-1,7.055179048898E-1));
#3235=AXIS2_PLACEMENT_3D('',#3232,#3233,#3234);
#3237=CARTESIAN_POINT('',(1.53E0,-8.221E-1,2.1666E0));
#3238=DIRECTION('',(0.E0,1.E0,0.E0));
#3239=DIRECTION('',(0.E0,0.E0,1.E0));
#3240=AXIS2_PLACEMENT_3D('',#3237,#3238,#3239);
#3242=DIRECTION('',(0.E0,1.E0,0.E0));
#3243=VECTOR('',#3242,2.1221E0);
#3244=CARTESIAN_POINT('',(1.53E0,-8.221E-1,2.3966E0));
#3245=LINE('',#3244,#3243);
#3246=CARTESIAN_POINT('',(1.53E0,-8.221E-1,2.1666E0));
#3247=DIRECTION('',(0.E0,1.E0,0.E0));
#3248=DIRECTION('',(0.E0,0.E0,-1.E0));
#3249=AXIS2_PLACEMENT_3D('',#3246,#3247,#3248);
#3251=DIRECTION('',(0.E0,1.E0,0.E0));
#3252=VECTOR('',#3251,2.1221E0);
#3253=CARTESIAN_POINT('',(1.53E0,-8.221E-1,1.9366E0));
#3254=LINE('',#3253,#3252);
#3255=CARTESIAN_POINT('',(1.53E0,1.3E0,2.1666E0));
#3256=DIRECTION('',(0.E0,1.E0,0.E0));
#3257=DIRECTION('',(0.E0,0.E0,-1.E0));
#3258=AXIS2_PLACEMENT_3D('',#3255,#3256,#3257);
#3260=CARTESIAN_POINT('',(1.53E0,1.3E0,1.6666E0));
#3261=DIRECTION('',(-1.E0,0.E0,0.E0));
#3262=DIRECTION('',(0.E0,0.E0,1.E0));
#3263=AXIS2_PLACEMENT_3D('',#3260,#3261,#3262);
#3265=CARTESIAN_POINT('',(1.53E0,1.3E0,2.1666E0));
#3266=DIRECTION('',(0.E0,1.E0,0.E0));
#3267=DIRECTION('',(0.E0,0.E0,1.E0));
#3268=AXIS2_PLACEMENT_3D('',#3265,#3266,#3267);
#3270=CARTESIAN_POINT('',(1.53E0,1.3E0,1.6666E0));
#3271=DIRECTION('',(-1.E0,0.E0,0.E0));
#3272=DIRECTION('',(0.E0,0.E0,1.E0));
#3273=AXIS2_PLACEMENT_3D('',#3270,#3271,#3272);
#3275=CARTESIAN_POINT('',(1.53E0,1.8E0,1.6666E0));
#3276=DIRECTION('',(0.E0,0.E0,-1.E0));
#3277=DIRECTION('',(0.E0,1.E0,0.E0));
#3278=AXIS2_PLACEMENT_3D('',#3275,#3276,#3277);
#3280=DIRECTION('',(0.E0,0.E0,-1.E0));
#3281=VECTOR('',#3280,4.7666E0);
#3282=CARTESIAN_POINT('',(1.53E0,2.03E0,1.6666E0));
#3283=LINE('',#3282,#3281);
#3284=CARTESIAN_POINT('',(1.53E0,1.8E0,1.6666E0));
#3285=DIRECTION('',(0.E0,0.E0,-1.E0));
#3286=DIRECTION('',(0.E0,-1.E0,0.E0));
#3287=AXIS2_PLACEMENT_3D('',#3284,#3285,#3286);
#3289=DIRECTION('',(0.E0,0.E0,-1.E0));
#3290=VECTOR('',#3289,4.7666E0);
#3291=CARTESIAN_POINT('',(1.53E0,1.57E0,1.6666E0));
#3292=LINE('',#3291,#3290);
#3293=CARTESIAN_POINT('',(1.53E0,1.8E0,-3.1E0));
#3294=DIRECTION('',(0.E0,0.E0,-1.E0));
#3295=DIRECTION('',(0.E0,1.E0,0.E0));
#3296=AXIS2_PLACEMENT_3D('',#3293,#3294,#3295);
#3298=CARTESIAN_POINT('',(1.53E0,1.8E0,-3.1E0));
#3299=DIRECTION('',(0.E0,0.E0,-1.E0));
#3300=DIRECTION('',(0.E0,-1.E0,0.E0));
#3301=AXIS2_PLACEMENT_3D('',#3298,#3299,#3300);
#3303=DIRECTION('',(0.E0,1.E0,0.E0));
#3304=VECTOR('',#3303,1.7E0);
#3305=CARTESIAN_POINT('',(-1.805E0,4.8E0,7.27E0));
#3306=LINE('',#3305,#3304);
#3307=DIRECTION('',(3.172065784644E-14,1.E0,0.E0));
#3308=VECTOR('',#3307,6.999999999999E-3);
#3309=CARTESIAN_POINT('',(1.502157202403E0,6.5E0,8.932165902770E0));
#3310=LINE('',#3309,#3308);
#3311=DIRECTION('',(0.E0,1.E0,0.E0));
#3312=VECTOR('',#3311,6.999999999999E-3);
#3313=CARTESIAN_POINT('',(1.739618149648E0,6.5E0,8.932165902770E0));
#3314=LINE('',#3313,#3312);
#3315=CARTESIAN_POINT('',(1.620887676025E0,6.507E0,8.932165902770E0));
#3316=DIRECTION('',(0.E0,-1.E0,0.E0));
#3317=DIRECTION('',(-1.E0,0.E0,0.E0));
#3318=AXIS2_PLACEMENT_3D('',#3315,#3316,#3317);
#3320=CARTESIAN_POINT('',(1.620887676025E0,6.507E0,8.932165902770E0));
#3321=DIRECTION('',(0.E0,-1.E0,0.E0));
#3322=DIRECTION('',(1.E0,0.E0,0.E0));
#3323=AXIS2_PLACEMENT_3D('',#3320,#3321,#3322);
#3325=DIRECTION('',(0.E0,0.E0,1.E0));
#3326=VECTOR('',#3325,4.881689902174E-2);
#3327=CARTESIAN_POINT('',(-2.403196457725E-1,6.507E0,9.512464133735E0));
#3328=LINE('',#3327,#3326);
#3329=DIRECTION('',(-1.E0,0.E0,0.E0));
#3330=VECTOR('',#3329,2.258055217011E-1);
#3331=CARTESIAN_POINT('',(-1.451412407140E-2,6.507E0,9.512464133735E0));
#3332=LINE('',#3331,#3330);
#3333=DIRECTION('',(0.E0,0.E0,-1.E0));
#3334=VECTOR('',#3333,4.281876882667E-1);
#3335=CARTESIAN_POINT('',(-1.451412407140E-2,6.507E0,9.940651822002E0));
#3336=LINE('',#3335,#3334);
#3337=DIRECTION('',(1.E0,0.E0,0.E0));
#3338=VECTOR('',#3337,5.527473992164E-2);
#3339=CARTESIAN_POINT('',(-6.978886399304E-2,6.507E0,9.940651822002E0));
#3340=LINE('',#3339,#3338);
#3341=DIRECTION('',(0.E0,0.E0,1.E0));
#3342=VECTOR('',#3341,3.793707892449E-1);
#3343=CARTESIAN_POINT('',(-6.978886399304E-2,6.507E0,9.561281032757E0));
#3344=LINE('',#3343,#3342);
#3345=DIRECTION('',(1.E0,0.E0,0.E0));
#3346=VECTOR('',#3345,1.705307817794E-1);
#3347=CARTESIAN_POINT('',(-2.403196457725E-1,6.507E0,9.561281032757E0));
#3348=LINE('',#3347,#3346);
#3349=CARTESIAN_POINT('',(-5.784259262066E-1,6.507E0,9.530195832483E0));
#3350=CARTESIAN_POINT('',(-5.784259262066E-1,6.507E0,9.547854561277E0));
#3351=CARTESIAN_POINT('',(-5.784259262066E-1,6.507E0,9.565513290070E0));
#3352=CARTESIAN_POINT('',(-5.784259262066E-1,6.507E0,9.583172018863E0));
#3354=CARTESIAN_POINT('',(-5.784259262066E-1,6.507E0,9.930363058531E0));
#3355=CARTESIAN_POINT('',(-5.469464584620E-1,6.507E0,9.944038565013E0));
#3356=CARTESIAN_POINT('',(-4.550700068959E-1,6.507E0,9.958127980582E0));
#3357=CARTESIAN_POINT('',(-2.971760785410E-1,6.507E0,9.902629986E0));
#3358=CARTESIAN_POINT('',(-2.393101557704E-1,6.507E0,9.723505013160E0));
#3359=CARTESIAN_POINT('',(-2.913095239753E-1,6.507E0,9.546119398984E0));
#3360=CARTESIAN_POINT('',(-4.480691435842E-1,6.507E0,9.493114929298E0));
#3361=CARTESIAN_POINT('',(-5.427150215435E-1,6.507E0,9.511348410575E0));
#3362=CARTESIAN_POINT('',(-5.784259262066E-1,6.507E0,9.530195832483E0));
#3364=CARTESIAN_POINT('',(-5.784259262066E-1,6.507E0,9.872570855209E0));
#3365=CARTESIAN_POINT('',(-5.784259262066E-1,6.507E0,9.891834922983E0));
#3366=CARTESIAN_POINT('',(-5.784259262066E-1,6.507E0,9.911098990757E0));
#3367=CARTESIAN_POINT('',(-5.784259262066E-1,6.507E0,9.930363058531E0));
#3369=CARTESIAN_POINT('',(-5.784259262066E-1,6.507E0,9.583172018863E0));
#3370=CARTESIAN_POINT('',(-5.459026390022E-1,6.507E0,9.563385123850E0));
#3371=CARTESIAN_POINT('',(-4.670285933876E-1,6.507E0,9.541718182111E0));
#3372=CARTESIAN_POINT('',(-3.396830424077E-1,6.507E0,9.587944828575E0));
#3373=CARTESIAN_POINT('',(-3.028754622741E-1,6.507E0,9.724430721858E0));
#3374=CARTESIAN_POINT('',(-3.418983849450E-1,6.507E0,9.862549742401E0));
#3375=CARTESIAN_POINT('',(-4.709405090969E-1,6.507E0,9.910389762945E0));
#3376=CARTESIAN_POINT('',(-5.481238144822E-1,6.507E0,9.889453460309E0));
#3377=CARTESIAN_POINT('',(-5.784259262066E-1,6.507E0,9.872570855209E0));
#3379=DIRECTION('',(0.E0,0.E0,1.E0));
#3380=VECTOR('',#3379,4.881689902174E-2);
#3381=CARTESIAN_POINT('',(-8.944223106715E-1,6.507E0,9.512464133735E0));
#3382=LINE('',#3381,#3380);
#3383=DIRECTION('',(-1.E0,0.E0,0.E0));
#3384=VECTOR('',#3383,2.302931738531E-1);
#3385=CARTESIAN_POINT('',(-6.641291368184E-1,6.507E0,9.512464133735E0));
#3386=LINE('',#3385,#3384);
#3387=DIRECTION('',(0.E0,0.E0,-1.E0));
#3388=VECTOR('',#3387,4.281876882667E-1);
#3389=CARTESIAN_POINT('',(-6.641291368184E-1,6.507E0,9.940651822002E0));
#3390=LINE('',#3389,#3388);
#3391=DIRECTION('',(1.E0,0.E0,0.E0));
#3392=VECTOR('',#3391,2.205516850332E-1);
#3393=CARTESIAN_POINT('',(-8.846808218517E-1,6.507E0,9.940651822002E0));
#3394=LINE('',#3393,#3392);
#3395=DIRECTION('',(0.E0,0.E0,1.E0));
#3396=VECTOR('',#3395,4.925471874090E-2);
#3397=CARTESIAN_POINT('',(-8.846808218517E-1,6.507E0,9.891397103261E0));
#3398=LINE('',#3397,#3396);
#3399=DIRECTION('',(-1.E0,0.E0,0.E0));
#3400=VECTOR('',#3399,1.652769451116E-1);
#3401=CARTESIAN_POINT('',(-7.194038767401E-1,6.507E0,9.891397103261E0));
#3402=LINE('',#3401,#3400);
#3403=DIRECTION('',(0.E0,0.E0,1.E0));
#3404=VECTOR('',#3403,1.370375730362E-1);
#3405=CARTESIAN_POINT('',(-7.194038767401E-1,6.507E0,9.754359530225E0));
#3406=LINE('',#3405,#3404);
#3407=DIRECTION('',(1.E0,0.E0,0.E0));
#3408=VECTOR('',#3407,1.531274478218E-1);
#3409=CARTESIAN_POINT('',(-8.725313245618E-1,6.507E0,9.754359530225E0));
#3410=LINE('',#3409,#3408);
#3411=DIRECTION('',(0.E0,0.E0,1.E0));
#3412=VECTOR('',#3411,4.903580888132E-2);
#3413=CARTESIAN_POINT('',(-8.725313245618E-1,6.507E0,9.705323721343E0));
#3414=LINE('',#3413,#3412);
#3415=DIRECTION('',(-1.E0,0.E0,0.E0));
#3416=VECTOR('',#3415,1.531274478218E-1);
#3417=CARTESIAN_POINT('',(-7.194038767401E-1,6.507E0,9.705323721343E0));
#3418=LINE('',#3417,#3416);
#3419=DIRECTION('',(0.E0,0.E0,1.E0));
#3420=VECTOR('',#3419,1.440426885865E-1);
#3421=CARTESIAN_POINT('',(-7.194038767401E-1,6.507E0,9.561281032757E0));
#3422=LINE('',#3421,#3420);
#3423=DIRECTION('',(1.E0,0.E0,0.E0));
#3424=VECTOR('',#3423,1.750184339314E-1);
#3425=CARTESIAN_POINT('',(-8.944223106715E-1,6.507E0,9.561281032757E0));
#3426=LINE('',#3425,#3424);
#3427=CARTESIAN_POINT('',(-1.030584244261E0,6.507E0,9.891397103261E0));
#3428=CARTESIAN_POINT('',(-1.052146865576E0,6.507E0,9.891397103261E0));
#3429=CARTESIAN_POINT('',(-1.073709486891E0,6.507E0,9.891397103261E0));
#3430=CARTESIAN_POINT('',(-1.095272108205E0,6.507E0,9.891397103261E0));
#3432=CARTESIAN_POINT('',(-1.030584244264E0,6.507E0,9.561281032757E0));
#3433=CARTESIAN_POINT('',(-1.030584244263E0,6.507E0,9.671319722925E0));
#3434=CARTESIAN_POINT('',(-1.030584244262E0,6.507E0,9.781358413093E0));
#3435=CARTESIAN_POINT('',(-1.030584244261E0,6.507E0,9.891397103261E0));
#3437=CARTESIAN_POINT('',(-1.092754644809E0,6.507E0,9.561281032757E0));
#3438=CARTESIAN_POINT('',(-1.072031177960E0,6.507E0,9.561281032757E0));
#3439=CARTESIAN_POINT('',(-1.051307711112E0,6.507E0,9.561281032757E0));
#3440=CARTESIAN_POINT('',(-1.030584244264E0,6.507E0,9.561281032757E0));
#3442=CARTESIAN_POINT('',(-1.095272108205E0,6.507E0,9.891397103261E0));
#3443=CARTESIAN_POINT('',(-1.138596616397E0,6.507E0,9.891397103261E0));
#3444=CARTESIAN_POINT('',(-1.235492243451E0,6.507E0,9.868559250365E0));
#3445=CARTESIAN_POINT('',(-1.280520291149E0,6.507E0,9.729304673625E0));
#3446=CARTESIAN_POINT('',(-1.237014267641E0,6.507E0,9.588523457914E0));
#3447=CARTESIAN_POINT('',(-1.137722034642E0,6.507E0,9.561281032757E0));
#3448=CARTESIAN_POINT('',(-1.092754644809E0,6.507E0,9.561281032757E0));
#3450=CARTESIAN_POINT('',(-9.753095043404E-1,6.507E0,9.512464133735E0));
#3451=CARTESIAN_POINT('',(-1.014567339427E0,6.507E0,9.512464133735E0));
#3452=CARTESIAN_POINT('',(-1.053825174514E0,6.507E0,9.512464133735E0));
#3453=CARTESIAN_POINT('',(-1.093083009601E0,6.507E0,9.512464133735E0));
#3455=CARTESIAN_POINT('',(-9.753095043375E-1,6.507E0,9.940651822002E0));
#3456=CARTESIAN_POINT('',(-9.753095043385E-1,6.507E0,9.797922592579E0));
#3457=CARTESIAN_POINT('',(-9.753095043395E-1,6.507E0,9.655193363157E0));
#3458=CARTESIAN_POINT('',(-9.753095043404E-1,6.507E0,9.512464133735E0));
#3460=CARTESIAN_POINT('',(-1.097461206820E0,6.507E0,9.940651822002E0));
#3461=CARTESIAN_POINT('',(-1.056743972659E0,6.507E0,9.940651822002E0));
#3462=CARTESIAN_POINT('',(-1.016026738498E0,6.507E0,9.940651822002E0));
#3463=CARTESIAN_POINT('',(-9.753095043375E-1,6.507E0,9.940651822002E0));
#3465=CARTESIAN_POINT('',(-1.093083009601E0,6.507E0,9.512464133735E0));
#3466=CARTESIAN_POINT('',(-1.151999921299E0,6.507E0,9.512464133735E0));
#3467=CARTESIAN_POINT('',(-1.278034390575E0,6.507E0,9.550437857433E0));
#3468=CARTESIAN_POINT('',(-1.346889668438E0,6.507E0,9.729839186765E0));
#3469=CARTESIAN_POINT('',(-1.276605916177E0,6.507E0,9.905803137702E0));
#3470=CARTESIAN_POINT('',(-1.154636378547E0,6.507E0,9.940651822002E0));
#3471=CARTESIAN_POINT('',(-1.097461206820E0,6.507E0,9.940651822002E0));
#3473=CARTESIAN_POINT('',(-1.539134490707E0,6.507E0,9.885924356733E0));
#3474=CARTESIAN_POINT('',(-1.540851400171E0,6.507E0,9.875778982629E0));
#3475=CARTESIAN_POINT('',(-1.543030141257E0,6.507E0,9.865640037036E0));
#3476=CARTESIAN_POINT('',(-1.546445331890E0,6.507E0,9.855933705764E0));
#3478=CARTESIAN_POINT('',(-1.531450006405E0,6.507E0,9.855933705764E0));
#3479=CARTESIAN_POINT('',(-1.535073541431E0,6.507E0,9.865596465836E0));
#3480=CARTESIAN_POINT('',(-1.537493953375E0,6.507E0,9.875735756459E0));
#3481=CARTESIAN_POINT('',(-1.539134490707E0,6.507E0,9.885924356733E0));
#3483=CARTESIAN_POINT('',(-1.467418872041E0,6.507E0,9.677959988706E0));
#3484=CARTESIAN_POINT('',(-1.488762583495E0,6.507E0,9.737284561059E0));
#3485=CARTESIAN_POINT('',(-1.510106294950E0,6.507E0,9.796609133411E0));
#3486=CARTESIAN_POINT('',(-1.531450006405E0,6.507E0,9.855933705764E0));
#3488=CARTESIAN_POINT('',(-1.611133195838E0,6.507E0,9.677959988706E0));
#3489=CARTESIAN_POINT('',(-1.563228421239E0,6.507E0,9.677959988706E0));
#3490=CARTESIAN_POINT('',(-1.515323646640E0,6.507E0,9.677959988706E0));
#3491=CARTESIAN_POINT('',(-1.467418872041E0,6.507E0,9.677959988706E0));
#3493=CARTESIAN_POINT('',(-1.546445331890E0,6.507E0,9.855933705764E0));
#3494=CARTESIAN_POINT('',(-1.568007953206E0,6.507E0,9.796609133411E0));
#3495=CARTESIAN_POINT('',(-1.589570574522E0,6.507E0,9.737284561059E0));
#3496=CARTESIAN_POINT('',(-1.611133195838E0,6.507E0,9.677959988706E0));
#3498=DIRECTION('',(3.559357243710E-1,0.E0,9.345104387413E-1));
#3499=VECTOR('',#3498,4.581946552073E-1);
#3500=CARTESIAN_POINT('',(-1.732956533531E0,6.507E0,9.512464133735E0));
#3501=LINE('',#3500,#3499);
#3502=DIRECTION('',(-1.E0,0.E0,0.E0));
#3503=VECTOR('',#3502,6.107585123843E-2);
#3504=CARTESIAN_POINT('',(-1.671880682293E0,6.507E0,9.512464133735E0));
#3505=LINE('',#3504,#3503);
#3506=DIRECTION('',(-3.493954794714E-1,0.E0,-9.369753459537E-1));
#3507=VECTOR('',#3506,1.249945115207E-1);
#3508=CARTESIAN_POINT('',(-1.628208165009E0,6.507E0,9.629580909409E0));
#3509=LINE('',#3508,#3507);
#3510=DIRECTION('',(-1.E0,0.E0,0.E0));
#3511=VECTOR('',#3510,1.783020818470E-1);
#3512=CARTESIAN_POINT('',(-1.449906083161E0,6.507E0,9.629580909409E0));
#3513=LINE('',#3512,#3511);
#3514=DIRECTION('',(-3.315284184080E-1,0.E0,9.434452330623E-1));
#3515=VECTOR('',#3514,1.241373336471E-1);
#3516=CARTESIAN_POINT('',(-1.408751029272E0,6.507E0,9.512464133735E0));
#3517=LINE('',#3516,#3515);
#3518=DIRECTION('',(-1.E0,0.E0,0.E0));
#3519=VECTOR('',#3518,6.107585123843E-2);
#3520=CARTESIAN_POINT('',(-1.347675178034E0,6.507E0,9.512464133735E0));
#3521=LINE('',#3520,#3519);
#3522=DIRECTION('',(3.559357243682E-1,0.E0,-9.345104387424E-1));
#3523=VECTOR('',#3522,4.581946552068E-1);
#3524=CARTESIAN_POINT('',(-1.510763024536E0,6.507E0,9.940651822002E0));
#3525=LINE('',#3524,#3523);
#3526=DIRECTION('',(1.E0,0.E0,0.E0));
#3527=VECTOR('',#3526,5.910566249054E-2);
#3528=CARTESIAN_POINT('',(-1.569868687027E0,6.507E0,9.940651822002E0));
#3529=LINE('',#3528,#3527);
#3530=DIRECTION('',(0.E0,0.E0,1.E0));
#3531=VECTOR('',#3530,4.881689902175E-2);
#3532=CARTESIAN_POINT('',(-2.448072979245E-1,6.507E0,8.833186834812E0));
#3533=LINE('',#3532,#3531);
#3534=DIRECTION('',(-1.E0,0.E0,0.E0));
#3535=VECTOR('',#3534,2.302931738531E-1);
#3536=CARTESIAN_POINT('',(-1.451412407140E-2,6.507E0,8.833186834812E0));
#3537=LINE('',#3536,#3535);
#3538=DIRECTION('',(0.E0,0.E0,-1.E0));
#3539=VECTOR('',#3538,4.281876882667E-1);
#3540=CARTESIAN_POINT('',(-1.451412407140E-2,6.507E0,9.261374523079E0));
#3541=LINE('',#3540,#3539);
#3542=DIRECTION('',(1.E0,0.E0,0.E0));
#3543=VECTOR('',#3542,2.205516850332E-1);
#3544=CARTESIAN_POINT('',(-2.350658091046E-1,6.507E0,9.261374523079E0));
#3545=LINE('',#3544,#3543);
#3546=DIRECTION('',(0.E0,0.E0,1.E0));
#3547=VECTOR('',#3546,4.925471874090E-2);
#3548=CARTESIAN_POINT('',(-2.350658091046E-1,6.507E0,9.212119804338E0));
#3549=LINE('',#3548,#3547);
#3550=DIRECTION('',(-1.E0,0.E0,0.E0));
#3551=VECTOR('',#3550,1.652769451116E-1);
#3552=CARTESIAN_POINT('',(-6.978886399304E-2,6.507E0,9.212119804338E0));
#3553=LINE('',#3552,#3551);
#3554=DIRECTION('',(0.E0,0.E0,1.E0));
#3555=VECTOR('',#3554,1.370375730362E-1);
#3556=CARTESIAN_POINT('',(-6.978886399304E-2,6.507E0,9.075082231302E0));
#3557=LINE('',#3556,#3555);
#3558=DIRECTION('',(1.E0,0.E0,0.E0));
#3559=VECTOR('',#3558,1.531274478218E-1);
#3560=CARTESIAN_POINT('',(-2.229163118148E-1,6.507E0,9.075082231302E0));
#3561=LINE('',#3560,#3559);
#3562=DIRECTION('',(0.E0,0.E0,1.E0));
#3563=VECTOR('',#3562,4.903580888132E-2);
#3564=CARTESIAN_POINT('',(-2.229163118148E-1,6.507E0,9.026046422420E0));
#3565=LINE('',#3564,#3563);
#3566=DIRECTION('',(-1.E0,0.E0,0.E0));
#3567=VECTOR('',#3566,1.531274478218E-1);
#3568=CARTESIAN_POINT('',(-6.978886399304E-2,6.507E0,9.026046422420E0));
#3569=LINE('',#3568,#3567);
#3570=DIRECTION('',(0.E0,0.E0,1.E0));
#3571=VECTOR('',#3570,1.440426885865E-1);
#3572=CARTESIAN_POINT('',(-6.978886399304E-2,6.507E0,8.882003733834E0));
#3573=LINE('',#3572,#3571);
#3574=DIRECTION('',(1.E0,0.E0,0.E0));
#3575=VECTOR('',#3574,1.750184339315E-1);
#3576=CARTESIAN_POINT('',(-2.448072979245E-1,6.507E0,8.882003733834E0));
#3577=LINE('',#3576,#3575);
#3578=CARTESIAN_POINT('',(-4.166515388702E-1,6.507E0,8.977010613539E0));
#3579=CARTESIAN_POINT('',(-4.405127137272E-1,6.507E0,8.980221291502E0));
#3580=CARTESIAN_POINT('',(-4.643738885843E-1,6.507E0,8.983431969465E0));
#3581=CARTESIAN_POINT('',(-4.882350634413E-1,6.507E0,8.986642647428E0));
#3583=CARTESIAN_POINT('',(-4.882350634413E-1,6.507E0,8.957308726043E0));
#3584=CARTESIAN_POINT('',(-4.882350634413E-1,6.507E0,8.935145791793E0));
#3585=CARTESIAN_POINT('',(-4.732540680522E-1,6.507E0,8.888796828358E0));
#3586=CARTESIAN_POINT('',(-4.144470428549E-1,6.507E0,8.863834714842E0));
#3587=CARTESIAN_POINT('',(-3.627782232133E-1,6.507E0,8.877747562243E0));
#3588=CARTESIAN_POINT('',(-3.451464770248E-1,6.507E0,8.919950507618E0));
#3589=CARTESIAN_POINT('',(-3.620525669122E-1,6.507E0,8.968355005080E0));
#3590=CARTESIAN_POINT('',(-3.984313114650E-1,6.507E0,8.974464555561E0));
#3591=CARTESIAN_POINT('',(-4.166515388702E-1,6.507E0,8.977010613539E0));
#3593=CARTESIAN_POINT('',(-4.882350634413E-1,6.507E0,8.986642647428E0));
#3594=CARTESIAN_POINT('',(-4.882350634413E-1,6.507E0,8.976864673633E0));
#3595=CARTESIAN_POINT('',(-4.882350634413E-1,6.507E0,8.967086699838E0));
#3596=CARTESIAN_POINT('',(-4.882350634413E-1,6.507E0,8.957308726043E0));
#3598=CARTESIAN_POINT('',(-4.882350634413E-1,6.507E0,8.880471364805E0));
#3599=CARTESIAN_POINT('',(-4.882350634413E-1,6.507E0,8.864709854807E0));
#3600=CARTESIAN_POINT('',(-4.882350634413E-1,6.507E0,8.848948344810E0));
#3601=CARTESIAN_POINT('',(-4.882350634413E-1,6.507E0,8.833186834812E0));
#3603=CARTESIAN_POINT('',(-3.976063809540E-1,6.507E0,9.014882019509E0));
#3604=CARTESIAN_POINT('',(-3.506136839775E-1,6.507E0,9.008342582710E0));
#3605=CARTESIAN_POINT('',(-2.735856312659E-1,6.507E0,8.941474141080E0));
#3606=CARTESIAN_POINT('',(-3.162412319753E-1,6.507E0,8.839994352102E0));
#3607=CARTESIAN_POINT('',(-4.053628463291E-1,6.507E0,8.813264679147E0));
#3608=CARTESIAN_POINT('',(-4.698696245206E-1,6.507E0,8.848879003551E0));
#3609=CARTESIAN_POINT('',(-4.882350634413E-1,6.507E0,8.880471364805E0));
#3611=CARTESIAN_POINT('',(-4.882350634399E-1,6.507E0,9.027578791449E0));
#3612=CARTESIAN_POINT('',(-4.580255026113E-1,6.507E0,9.023346534136E0));
#3613=CARTESIAN_POINT('',(-4.278159417826E-1,6.507E0,9.019114276822E0));
#3614=CARTESIAN_POINT('',(-3.976063809540E-1,6.507E0,9.014882019509E0));
#3616=CARTESIAN_POINT('',(-3.260228563814E-1,6.507E0,9.065450197413E0));
#3617=CARTESIAN_POINT('',(-3.536825199405E-1,6.507E0,9.087898620013E0));
#3618=CARTESIAN_POINT('',(-4.252260845725E-1,6.507E0,9.132415993727E0));
#3619=CARTESIAN_POINT('',(-4.882350634399E-1,6.507E0,9.059970629781E0));
#3620=CARTESIAN_POINT('',(-4.882350634399E-1,6.507E0,9.027578791449E0));
#3622=CARTESIAN_POINT('',(-3.260228563814E-1,6.507E0,9.117550744352E0));
#3623=CARTESIAN_POINT('',(-3.260228563814E-1,6.507E0,9.100183895372E0));
#3624=CARTESIAN_POINT('',(-3.260228563814E-1,6.507E0,9.082817046393E0));
#3625=CARTESIAN_POINT('',(-3.260228563814E-1,6.507E0,9.065450197413E0));
#3627=CARTESIAN_POINT('',(-5.418679794045E-1,6.507E0,9.029986799919E0));
#3628=CARTESIAN_POINT('',(-5.418679794045E-1,6.507E0,9.083405839915E0));
#3629=CARTESIAN_POINT('',(-4.484333388837E-1,6.507E0,9.174012303133E0));
#3630=CARTESIAN_POINT('',(-3.568104718909E-1,6.507E0,9.136890257344E0));
#3631=CARTESIAN_POINT('',(-3.260228563814E-1,6.507E0,9.117550744352E0));
#3633=CARTESIAN_POINT('',(-5.418679794059E-1,6.507E0,8.833186834812E0));
#3634=CARTESIAN_POINT('',(-5.418679794054E-1,6.507E0,8.898786823181E0));
#3635=CARTESIAN_POINT('',(-5.418679794050E-1,6.507E0,8.964386811550E0));
#3636=CARTESIAN_POINT('',(-5.418679794045E-1,6.507E0,9.029986799919E0));
#3638=CARTESIAN_POINT('',(-4.882350634413E-1,6.507E0,8.833186834812E0));
#3639=CARTESIAN_POINT('',(-5.061127020962E-1,6.507E0,8.833186834812E0));
#3640=CARTESIAN_POINT('',(-5.239903407511E-1,6.507E0,8.833186834812E0));
#3641=CARTESIAN_POINT('',(-5.418679794059E-1,6.507E0,8.833186834812E0));
#3643=CARTESIAN_POINT('',(-6.145460532838E-1,6.507E0,8.899297612857E0));
#3644=CARTESIAN_POINT('',(-6.145460532838E-1,6.507E0,8.880836214573E0));
#3645=CARTESIAN_POINT('',(-6.145460532838E-1,6.507E0,8.862374816289E0));
#3646=CARTESIAN_POINT('',(-6.145460532838E-1,6.507E0,8.843913418004E0));
#3648=CARTESIAN_POINT('',(-8.064205465195E-1,6.507E0,9.132436614902E0));
#3649=CARTESIAN_POINT('',(-7.836983274136E-1,6.507E0,9.141792822771E0));
#3650=CARTESIAN_POINT('',(-7.298937503418E-1,6.507E0,9.150910096555E0));
#3651=CARTESIAN_POINT('',(-6.464963477282E-1,6.507E0,9.135490355605E0));
#3652=CARTESIAN_POINT('',(-6.059921736615E-1,6.507E0,9.064704080464E0));
#3653=CARTESIAN_POINT('',(-6.288416353410E-1,6.507E0,8.994873825434E0));
#3654=CARTESIAN_POINT('',(-6.909812022344E-1,6.507E0,8.966737577151E0));
#3655=CARTESIAN_POINT('',(-7.480047598756E-1,6.507E0,8.953659788986E0));
#3656=CARTESIAN_POINT('',(-7.805124279245E-1,6.507E0,8.894742967319E0));
#3657=CARTESIAN_POINT('',(-6.895188797490E-1,6.507E0,8.853762137150E0));
#3658=CARTESIAN_POINT('',(-6.397141701953E-1,6.507E0,8.881176568681E0));
#3659=CARTESIAN_POINT('',(-6.145460532838E-1,6.507E0,8.899297612857E0));
#3661=CARTESIAN_POINT('',(-8.064205465195E-1,6.507E0,9.080336067967E0));
#3662=CARTESIAN_POINT('',(-8.064205465195E-1,6.507E0,9.097702916945E0));
#3663=CARTESIAN_POINT('',(-8.064205465195E-1,6.507E0,9.115069765924E0));
#3664=CARTESIAN_POINT('',(-8.064205465195E-1,6.507E0,9.132436614902E0));
#3666=CARTESIAN_POINT('',(-6.145460532838E-1,6.507E0,8.843913418004E0));
#3667=CARTESIAN_POINT('',(-6.398543223738E-1,6.507E0,8.831259283459E0));
#3668=CARTESIAN_POINT('',(-6.991821782529E-1,6.507E0,8.820858274316E0));
#3669=CARTESIAN_POINT('',(-7.886037759113E-1,6.507E0,8.834983356733E0));
#3670=CARTESIAN_POINT('',(-8.310545875483E-1,6.507E0,8.909002450404E0));
#3671=CARTESIAN_POINT('',(-8.039807609892E-1,6.507E0,8.980490254071E0));
#3672=CARTESIAN_POINT('',(-7.413891159225E-1,6.507E0,9.005635613930E0));
#3673=CARTESIAN_POINT('',(-6.846148921292E-1,6.507E0,9.020901654175E0));
#3674=CARTESIAN_POINT('',(-6.642309933869E-1,6.507E0,9.062434098893E0));
#3675=CARTESIAN_POINT('',(-6.862417533804E-1,6.507E0,9.098503126286E0));
#3676=CARTESIAN_POINT('',(-7.419877988247E-1,6.507E0,9.106546500710E0));
#3677=CARTESIAN_POINT('',(-7.837480359627E-1,6.507E0,9.094872510144E0));
#3678=CARTESIAN_POINT('',(-8.064205465195E-1,6.507E0,9.080336067967E0));
#3680=CARTESIAN_POINT('',(-9.961342473661E-1,6.507E0,8.883973922582E0));
#3681=CARTESIAN_POINT('',(-9.937168034861E-1,6.507E0,8.892365467256E0));
#3682=CARTESIAN_POINT('',(-9.912993596062E-1,6.507E0,8.900757011931E0));
#3683=CARTESIAN_POINT('',(-9.888819157263E-1,6.507E0,8.909148556606E0));
#3685=CARTESIAN_POINT('',(-1.003439421489E0,6.507E0,8.908710736883E0));
#3686=CARTESIAN_POINT('',(-1.000922767988E0,6.507E0,8.900489668778E0));
#3687=CARTESIAN_POINT('',(-9.977578902799E-1,6.507E0,8.892416865749E0));
#3688=CARTESIAN_POINT('',(-9.961342473661E-1,6.507E0,8.883973922582E0));
#3690=CARTESIAN_POINT('',(-1.086953533492E0,6.507E0,9.139003910737E0));
#3691=CARTESIAN_POINT('',(-1.059115496158E0,6.507E0,9.062239519452E0));
#3692=CARTESIAN_POINT('',(-1.031277458823E0,6.507E0,8.985475128168E0));
#3693=CARTESIAN_POINT('',(-1.003439421489E0,6.507E0,8.908710736883E0));
#3695=CARTESIAN_POINT('',(-1.142556638203E0,6.507E0,9.139003910737E0));
#3696=CARTESIAN_POINT('',(-1.124022269966E0,6.507E0,9.139003910737E0));
#3697=CARTESIAN_POINT('',(-1.105487901729E0,6.507E0,9.139003910737E0));
#3698=CARTESIAN_POINT('',(-1.086953533492E0,6.507E0,9.139003910737E0));
#3700=CARTESIAN_POINT('',(-1.003767786281E0,6.507E0,8.786996854126E0));
#3701=CARTESIAN_POINT('',(-1.050030736922E0,6.507E0,8.904332539663E0));
#3702=CARTESIAN_POINT('',(-1.096293687562E0,6.507E0,9.021668225200E0));
#3703=CARTESIAN_POINT('',(-1.142556638203E0,6.507E0,9.139003910737E0));
#3705=CARTESIAN_POINT('',(-8.600534624841E-1,6.507E0,8.693522343443E0));
#3706=CARTESIAN_POINT('',(-8.711881200556E-1,6.507E0,8.690194744631E0));
#3707=CARTESIAN_POINT('',(-9.331026013150E-1,6.507E0,8.680700636576E0));
#3708=CARTESIAN_POINT('',(-9.857802584007E-1,6.507E0,8.741570724393E0));
#3709=CARTESIAN_POINT('',(-1.003767786281E0,6.507E0,8.786996854126E0));
#3711=CARTESIAN_POINT('',(-8.600534624841E-1,6.507E0,8.741244693161E0));
#3712=CARTESIAN_POINT('',(-8.600534624841E-1,6.507E0,8.725337243255E0));
#3713=CARTESIAN_POINT('',(-8.600534624841E-1,6.507E0,8.709429793349E0));
#3714=CARTESIAN_POINT('',(-8.600534624841E-1,6.507E0,8.693522343443E0));
#3716=CARTESIAN_POINT('',(-9.454283083022E-1,6.507E0,8.778240459681E0));
#3717=CARTESIAN_POINT('',(-9.364040747153E-1,6.507E0,8.756777417634E0));
#3718=CARTESIAN_POINT('',(-9.036908970665E-1,6.507E0,8.727690082676E0));
#3719=CARTESIAN_POINT('',(-8.696737652469E-1,6.507E0,8.737436656650E0));
#3720=CARTESIAN_POINT('',(-8.600534624841E-1,6.507E0,8.741244693161E0));
#3722=CARTESIAN_POINT('',(-9.689611183689E-1,6.507E0,8.833843564397E0));
#3723=CARTESIAN_POINT('',(-9.611168483466E-1,6.507E0,8.815309196158E0));
#3724=CARTESIAN_POINT('',(-9.532725783244E-1,6.507E0,8.796774827920E0));
#3725=CARTESIAN_POINT('',(-9.454283083022E-1,6.507E0,8.778240459681E0));
#3727=CARTESIAN_POINT('',(-8.489985144995E-1,6.507E0,9.139003910737E0));
#3728=CARTESIAN_POINT('',(-8.889860491226E-1,6.507E0,9.037283795290E0));
#3729=CARTESIAN_POINT('',(-9.289735837458E-1,6.507E0,8.935563679843E0));
#3730=CARTESIAN_POINT('',(-9.689611183689E-1,6.507E0,8.833843564397E0));
#3732=CARTESIAN_POINT('',(-9.089798164342E-1,6.507E0,9.139003910737E0));
#3733=CARTESIAN_POINT('',(-8.889860491226E-1,6.507E0,9.139003910737E0));
#3734=CARTESIAN_POINT('',(-8.689922818111E-1,6.507E0,9.139003910737E0));
#3735=CARTESIAN_POINT('',(-8.489985144995E-1,6.507E0,9.139003910737E0));
#3737=CARTESIAN_POINT('',(-9.888819157263E-1,6.507E0,8.909148556606E0));
#3738=CARTESIAN_POINT('',(-9.622478826289E-1,6.507E0,8.985767007983E0));
#3739=CARTESIAN_POINT('',(-9.356138495316E-1,6.507E0,9.062385459360E0));
#3740=CARTESIAN_POINT('',(-9.089798164342E-1,6.507E0,9.139003910737E0));
#3742=DIRECTION('',(0.E0,0.E0,1.E0));
#3743=VECTOR('',#3742,4.881689902175E-2);
#3744=CARTESIAN_POINT('',(-1.430642015382E0,6.507E0,8.833186834812E0));
#3745=LINE('',#3744,#3743);
#3746=DIRECTION('',(-1.E0,0.E0,0.E0));
#3747=VECTOR('',#3746,2.302931738531E-1);
#3748=CARTESIAN_POINT('',(-1.200348841529E0,6.507E0,8.833186834812E0));
#3749=LINE('',#3748,#3747);
#3750=DIRECTION('',(0.E0,0.E0,-1.E0));
#3751=VECTOR('',#3750,4.281876882667E-1);
#3752=CARTESIAN_POINT('',(-1.200348841529E0,6.507E0,9.261374523079E0));
#3753=LINE('',#3752,#3751);
#3754=DIRECTION('',(1.E0,0.E0,0.E0));
#3755=VECTOR('',#3754,2.205516850333E-1);
#3756=CARTESIAN_POINT('',(-1.420900526562E0,6.507E0,9.261374523079E0));
#3757=LINE('',#3756,#3755);
#3758=DIRECTION('',(0.E0,0.E0,1.E0));
#3759=VECTOR('',#3758,4.925471874090E-2);
#3760=CARTESIAN_POINT('',(-1.420900526562E0,6.507E0,9.212119804338E0));
#3761=LINE('',#3760,#3759);
#3762=DIRECTION('',(-1.E0,0.E0,0.E0));
#3763=VECTOR('',#3762,1.652769451116E-1);
#3764=CARTESIAN_POINT('',(-1.255623581450E0,6.507E0,9.212119804338E0));
#3765=LINE('',#3764,#3763);
#3766=DIRECTION('',(0.E0,0.E0,1.E0));
#3767=VECTOR('',#3766,1.370375730362E-1);
#3768=CARTESIAN_POINT('',(-1.255623581450E0,6.507E0,9.075082231302E0));
#3769=LINE('',#3768,#3767);
#3770=DIRECTION('',(1.E0,0.E0,0.E0));
#3771=VECTOR('',#3770,1.531274478218E-1);
#3772=CARTESIAN_POINT('',(-1.408751029272E0,6.507E0,9.075082231302E0));
#3773=LINE('',#3772,#3771);
#3774=DIRECTION('',(0.E0,0.E0,1.E0));
#3775=VECTOR('',#3774,4.903580888132E-2);
#3776=CARTESIAN_POINT('',(-1.408751029272E0,6.507E0,9.026046422420E0));
#3777=LINE('',#3776,#3775);
#3778=DIRECTION('',(-1.E0,0.E0,0.E0));
#3779=VECTOR('',#3778,1.531274478218E-1);
#3780=CARTESIAN_POINT('',(-1.255623581450E0,6.507E0,9.026046422420E0));
#3781=LINE('',#3780,#3779);
#3782=DIRECTION('',(0.E0,0.E0,1.E0));
#3783=VECTOR('',#3782,1.440426885865E-1);
#3784=CARTESIAN_POINT('',(-1.255623581450E0,6.507E0,8.882003733834E0));
#3785=LINE('',#3784,#3783);
#3786=DIRECTION('',(1.E0,0.E0,0.E0));
#3787=VECTOR('',#3786,1.750184339314E-1);
#3788=CARTESIAN_POINT('',(-1.430642015382E0,6.507E0,8.882003733834E0));
#3789=LINE('',#3788,#3787);
#3790=CARTESIAN_POINT('',(-1.566803948969E0,6.507E0,9.212119804338E0));
#3791=CARTESIAN_POINT('',(-1.588366570285E0,6.507E0,9.212119804338E0));
#3792=CARTESIAN_POINT('',(-1.609929191601E0,6.507E0,9.212119804338E0));
#3793=CARTESIAN_POINT('',(-1.631491812917E0,6.507E0,9.212119804338E0));
#3795=CARTESIAN_POINT('',(-1.566803948971E0,6.507E0,8.882003733834E0));
#3796=CARTESIAN_POINT('',(-1.566803948970E0,6.507E0,8.992042424002E0));
#3797=CARTESIAN_POINT('',(-1.566803948970E0,6.507E0,9.102081114170E0));
#3798=CARTESIAN_POINT('',(-1.566803948969E0,6.507E0,9.212119804338E0));
#3800=CARTESIAN_POINT('',(-1.628974349516E0,6.507E0,8.882003733834E0));
#3801=CARTESIAN_POINT('',(-1.608250882668E0,6.507E0,8.882003733834E0));
#3802=CARTESIAN_POINT('',(-1.587527415819E0,6.507E0,8.882003733834E0));
#3803=CARTESIAN_POINT('',(-1.566803948971E0,6.507E0,8.882003733834E0));
#3805=CARTESIAN_POINT('',(-1.631491812917E0,6.507E0,9.212119804338E0));
#3806=CARTESIAN_POINT('',(-1.674816321108E0,6.507E0,9.212119804338E0));
#3807=CARTESIAN_POINT('',(-1.771711948160E0,6.507E0,9.189281951441E0));
#3808=CARTESIAN_POINT('',(-1.816739995852E0,6.507E0,9.050027374703E0));
#3809=CARTESIAN_POINT('',(-1.773233972351E0,6.507E0,8.909246158991E0));
#3810=CARTESIAN_POINT('',(-1.673941739350E0,6.507E0,8.882003733834E0));
#3811=CARTESIAN_POINT('',(-1.628974349516E0,6.507E0,8.882003733834E0));
#3813=CARTESIAN_POINT('',(-1.511529209051E0,6.507E0,8.833186834812E0));
#3814=CARTESIAN_POINT('',(-1.550787044137E0,6.507E0,8.833186834812E0));
#3815=CARTESIAN_POINT('',(-1.590044879224E0,6.507E0,8.833186834812E0));
#3816=CARTESIAN_POINT('',(-1.629302714311E0,6.507E0,8.833186834812E0));
#3818=CARTESIAN_POINT('',(-1.511529209049E0,6.507E0,9.261374523079E0));
#3819=CARTESIAN_POINT('',(-1.511529209050E0,6.507E0,9.118645293657E0));
#3820=CARTESIAN_POINT('',(-1.511529209050E0,6.507E0,8.975916064234E0));
#3821=CARTESIAN_POINT('',(-1.511529209051E0,6.507E0,8.833186834812E0));
#3823=CARTESIAN_POINT('',(-1.633680911529E0,6.507E0,9.261374523079E0));
#3824=CARTESIAN_POINT('',(-1.592963677369E0,6.507E0,9.261374523079E0));
#3825=CARTESIAN_POINT('',(-1.552246443209E0,6.507E0,9.261374523079E0));
#3826=CARTESIAN_POINT('',(-1.511529209049E0,6.507E0,9.261374523079E0));
#3828=CARTESIAN_POINT('',(-1.629302714311E0,6.507E0,8.833186834812E0));
#3829=CARTESIAN_POINT('',(-1.688219626009E0,6.507E0,8.833186834812E0));
#3830=CARTESIAN_POINT('',(-1.814254095281E0,6.507E0,8.871160558515E0));
#3831=CARTESIAN_POINT('',(-1.883109373151E0,6.507E0,9.050561887842E0));
#3832=CARTESIAN_POINT('',(-1.812825620887E0,6.507E0,9.226525838782E0));
#3833=CARTESIAN_POINT('',(-1.690856083256E0,6.507E0,9.261374523079E0));
#3834=CARTESIAN_POINT('',(-1.633680911529E0,6.507E0,9.261374523079E0));
#3836=CARTESIAN_POINT('',(-2.075327149833E0,6.507E0,9.206647057808E0));
#3837=CARTESIAN_POINT('',(-2.077044416178E0,6.507E0,9.196499574846E0));
#3838=CARTESIAN_POINT('',(-2.079249136072E0,6.507E0,9.186364755713E0));
#3839=CARTESIAN_POINT('',(-2.082665036597E0,6.507E0,9.176656406844E0));
#3841=CARTESIAN_POINT('',(-2.067669711112E0,6.507E0,9.176656406844E0));
#3842=CARTESIAN_POINT('',(-2.071292461745E0,6.507E0,9.186317075176E0));
#3843=CARTESIAN_POINT('',(-2.073686967634E0,6.507E0,9.196460663100E0));
#3844=CARTESIAN_POINT('',(-2.075327149833E0,6.507E0,9.206647057808E0));
#3846=CARTESIAN_POINT('',(-2.003638576752E0,6.507E0,8.998682689786E0));
#3847=CARTESIAN_POINT('',(-2.024982288206E0,6.507E0,9.058007262139E0));
#3848=CARTESIAN_POINT('',(-2.046325999659E0,6.507E0,9.117331834491E0));
#3849=CARTESIAN_POINT('',(-2.067669711112E0,6.507E0,9.176656406844E0));
#3851=CARTESIAN_POINT('',(-2.147352900549E0,6.507E0,8.998682689786E0));
#3852=CARTESIAN_POINT('',(-2.099448125950E0,6.507E0,8.998682689786E0));
#3853=CARTESIAN_POINT('',(-2.051543351351E0,6.507E0,8.998682689786E0));
#3854=CARTESIAN_POINT('',(-2.003638576752E0,6.507E0,8.998682689786E0));
#3856=CARTESIAN_POINT('',(-2.082665036597E0,6.507E0,9.176656406844E0));
#3857=CARTESIAN_POINT('',(-2.104227657915E0,6.507E0,9.117331834491E0));
#3858=CARTESIAN_POINT('',(-2.125790279232E0,6.507E0,9.058007262139E0));
#3859=CARTESIAN_POINT('',(-2.147352900549E0,6.507E0,8.998682689786E0));
#3861=DIRECTION('',(3.559357243710E-1,0.E0,9.345104387413E-1));
#3862=VECTOR('',#3861,4.581946552073E-1);
#3863=CARTESIAN_POINT('',(-2.269176238241E0,6.507E0,8.833186834812E0));
#3864=LINE('',#3863,#3862);
#3865=DIRECTION('',(-1.E0,0.E0,0.E0));
#3866=VECTOR('',#3865,6.107585123843E-2);
#3867=CARTESIAN_POINT('',(-2.208100387003E0,6.507E0,8.833186834812E0));
#3868=LINE('',#3867,#3866);
#3869=DIRECTION('',(-3.493954794713E-1,0.E0,-9.369753459537E-1));
#3870=VECTOR('',#3869,1.249945115207E-1);
#3871=CARTESIAN_POINT('',(-2.164427869719E0,6.507E0,8.950303610487E0));
#3872=LINE('',#3871,#3870);
#3873=DIRECTION('',(-1.E0,0.E0,0.E0));
#3874=VECTOR('',#3873,1.783020818470E-1);
#3875=CARTESIAN_POINT('',(-1.986125787872E0,6.507E0,8.950303610487E0));
#3876=LINE('',#3875,#3874);
#3877=DIRECTION('',(-3.315284184080E-1,0.E0,9.434452330623E-1));
#3878=VECTOR('',#3877,1.241373336471E-1);
#3879=CARTESIAN_POINT('',(-1.944970733982E0,6.507E0,8.833186834812E0));
#3880=LINE('',#3879,#3878);
#3881=DIRECTION('',(-1.E0,0.E0,0.E0));
#3882=VECTOR('',#3881,6.107585123843E-2);
#3883=CARTESIAN_POINT('',(-1.883894882744E0,6.507E0,8.833186834812E0));
#3884=LINE('',#3883,#3882);
#3885=DIRECTION('',(3.559357243682E-1,0.E0,-9.345104387424E-1));
#3886=VECTOR('',#3885,4.581946552068E-1);
#3887=CARTESIAN_POINT('',(-2.046982729247E0,6.507E0,9.261374523079E0));
#3888=LINE('',#3887,#3886);
#3889=DIRECTION('',(1.E0,0.E0,0.E0));
#3890=VECTOR('',#3889,5.910566249054E-2);
#3891=CARTESIAN_POINT('',(-2.106088391737E0,6.507E0,9.261374523079E0));
#3892=LINE('',#3891,#3890);
#3893=CARTESIAN_POINT('',(6.375559141653E-1,6.507E0,9.656726157522E0));
#3894=CARTESIAN_POINT('',(6.709855932563E-1,6.507E0,9.747898136056E0));
#3895=CARTESIAN_POINT('',(8.151311252619E-1,6.507E0,9.958999563846E0));
#3896=CARTESIAN_POINT('',(1.195746310316E0,6.507E0,1.010519229509E1));
#3897=CARTESIAN_POINT('',(1.542218520606E0,6.507E0,9.992370980007E0));
#3898=CARTESIAN_POINT('',(1.676905256118E0,6.507E0,9.853016263448E0));
#3899=CARTESIAN_POINT('',(1.715263120399E0,6.507E0,9.802855955579E0));
#3901=CARTESIAN_POINT('',(7.258427101031E-1,6.507E0,8.831701809957E0));
#3902=CARTESIAN_POINT('',(6.231991379183E-1,6.507E0,8.840499808055E0));
#3903=CARTESIAN_POINT('',(4.196926981910E-1,6.507E0,8.942189054096E0));
#3904=CARTESIAN_POINT('',(2.601372709160E-1,6.507E0,9.319939269600E0));
#3905=CARTESIAN_POINT('',(4.786607934847E-1,6.507E0,9.606548745392E0));
#3906=CARTESIAN_POINT('',(6.375559141653E-1,6.507E0,9.656726157522E0));
#3908=CARTESIAN_POINT('',(7.349757988931E-1,6.507E0,8.831701809957E0));
#3909=CARTESIAN_POINT('',(7.319314359631E-1,6.507E0,8.831701809957E0));
#3910=CARTESIAN_POINT('',(7.288870730331E-1,6.507E0,8.831701809957E0));
#3911=CARTESIAN_POINT('',(7.258427101031E-1,6.507E0,8.831701809957E0));
#3913=CARTESIAN_POINT('',(7.441088876816E-1,6.507E0,8.831701809957E0));
#3914=CARTESIAN_POINT('',(7.410645247521E-1,6.507E0,8.831701809957E0));
#3915=CARTESIAN_POINT('',(7.380201618226E-1,6.507E0,8.831701809957E0));
#3916=CARTESIAN_POINT('',(7.349757988931E-1,6.507E0,8.831701809957E0));
#3918=CARTESIAN_POINT('',(9.054605100647E-1,6.507E0,8.831701809957E0));
#3919=CARTESIAN_POINT('',(8.516766359370E-1,6.507E0,8.831701809957E0));
#3920=CARTESIAN_POINT('',(7.978927618093E-1,6.507E0,8.831701809957E0));
#3921=CARTESIAN_POINT('',(7.441088876816E-1,6.507E0,8.831701809957E0));
#3923=CARTESIAN_POINT('',(8.811056840487E-1,6.507E0,9.017408374492E0));
#3924=CARTESIAN_POINT('',(8.872783941800E-1,6.507E0,9.017408374492E0));
#3925=CARTESIAN_POINT('',(9.364412092219E-1,6.507E0,9.034574300169E0));
#3926=CARTESIAN_POINT('',(1.041529531553E0,6.507E0,8.924407664680E0));
#3927=CARTESIAN_POINT('',(9.484544365903E-1,6.507E0,8.834388885519E0));
#3928=CARTESIAN_POINT('',(9.054605100647E-1,6.507E0,8.831701809957E0));
#3930=CARTESIAN_POINT('',(7.441090038141E-1,6.507E0,9.017408374492E0));
#3931=CARTESIAN_POINT('',(7.897745638923E-1,6.507E0,9.017408374492E0));
#3932=CARTESIAN_POINT('',(8.354401239705E-1,6.507E0,9.017408374492E0));
#3933=CARTESIAN_POINT('',(8.811056840487E-1,6.507E0,9.017408374492E0));
#3935=CARTESIAN_POINT('',(7.867301235411E-1,6.507E0,9.492330152851E0));
#3936=CARTESIAN_POINT('',(7.786118094917E-1,6.507E0,9.492330152851E0));
#3937=CARTESIAN_POINT('',(6.590066020362E-1,6.507E0,9.496660980941E0));
#3938=CARTESIAN_POINT('',(4.066535201690E-1,6.507E0,9.261853504550E0));
#3939=CARTESIAN_POINT('',(6.366753852693E-1,6.507E0,9.025269346590E0));
#3940=CARTESIAN_POINT('',(7.441090038141E-1,6.507E0,9.017408374492E0));
#3942=CARTESIAN_POINT('',(1.620887617959E0,6.507E0,9.580617064921E0));
#3943=CARTESIAN_POINT('',(1.567142052828E0,6.507E0,9.739025086114E0));
#3944=CARTESIAN_POINT('',(1.188969642642E0,6.507E0,1.003309320975E1));
#3945=CARTESIAN_POINT('',(8.083560871283E-1,6.507E0,9.681557514697E0));
#3946=CARTESIAN_POINT('',(7.867301235411E-1,6.507E0,9.492330152851E0));
#3948=CARTESIAN_POINT('',(1.904014067217E0,6.507E0,9.041763432774E0));
#3949=CARTESIAN_POINT('',(2.005384770959E0,6.507E0,9.088104336961E0));
#3950=CARTESIAN_POINT('',(2.200242889404E0,6.507E0,9.356446075929E0));
#3951=CARTESIAN_POINT('',(1.869530429774E0,6.507E0,9.678078152694E0));
#3952=CARTESIAN_POINT('',(1.668818409339E0,6.507E0,9.609375527563E0));
#3953=CARTESIAN_POINT('',(1.620887617959E0,6.507E0,9.580617064921E0));
#3955=CARTESIAN_POINT('',(1.389515435280E0,6.507E0,9.139183317500E0));
#3956=CARTESIAN_POINT('',(1.443898637279E0,6.507E0,9.202630424915E0));
#3957=CARTESIAN_POINT('',(1.651009888361E0,6.507E0,9.303452634244E0));
#3958=CARTESIAN_POINT('',(1.863720336020E0,6.507E0,9.151132194469E0));
#3959=CARTESIAN_POINT('',(1.904014067217E0,6.507E0,9.041763432774E0));
#3961=CARTESIAN_POINT('',(9.815697768627E-1,6.507E0,9.352289264530E0));
#3962=CARTESIAN_POINT('',(1.117551663002E0,6.507E0,9.281253948853E0));
#3963=CARTESIAN_POINT('',(1.253533549141E0,6.507E0,9.210218633177E0));
#3964=CARTESIAN_POINT('',(1.389515435280E0,6.507E0,9.139183317500E0));
#3966=CARTESIAN_POINT('',(8.871943324861E-1,6.507E0,9.190937584081E0));
#3967=CARTESIAN_POINT('',(9.186528139449E-1,6.507E0,9.244721477564E0));
#3968=CARTESIAN_POINT('',(9.501112954038E-1,6.507E0,9.298505371047E0));
#3969=CARTESIAN_POINT('',(9.815697768627E-1,6.507E0,9.352289264530E0));
#3971=CARTESIAN_POINT('',(1.313406226550E0,6.507E0,8.965654165976E0));
#3972=CARTESIAN_POINT('',(1.171335595195E0,6.507E0,9.040748638677E0));
#3973=CARTESIAN_POINT('',(1.029264963841E0,6.507E0,9.115843111379E0));
#3974=CARTESIAN_POINT('',(8.871943324861E-1,6.507E0,9.190937584081E0));
#3976=CARTESIAN_POINT('',(1.907058536603E0,6.507E0,8.837790574530E0));
#3977=CARTESIAN_POINT('',(1.870414256222E0,6.507E0,8.725038959130E0));
#3978=CARTESIAN_POINT('',(1.588636473486E0,6.507E0,8.507417478134E0));
#3979=CARTESIAN_POINT('',(1.307996668652E0,6.507E0,8.802281883717E0));
#3980=CARTESIAN_POINT('',(1.313406226550E0,6.507E0,8.955506263736E0));
#3981=CARTESIAN_POINT('',(1.313406226550E0,6.507E0,8.965654165976E0));
#3983=CARTESIAN_POINT('',(1.715263120399E0,6.507E0,9.802855955579E0));
#3984=CARTESIAN_POINT('',(1.738510446624E0,6.507E0,9.805761885211E0));
#3985=CARTESIAN_POINT('',(1.887598232969E0,6.507E0,9.822474981098E0));
#3986=CARTESIAN_POINT('',(2.173652093348E0,6.507E0,9.699790499286E0));
#3987=CARTESIAN_POINT('',(2.327775683518E0,6.507E0,9.322810177999E0));
#3988=CARTESIAN_POINT('',(2.194606448271E0,6.507E0,8.976418447914E0));
#3989=CARTESIAN_POINT('',(1.998730277657E0,6.507E0,8.861447779832E0));
#3990=CARTESIAN_POINT('',(1.907058536603E0,6.507E0,8.837790574530E0));
#3992=DIRECTION('',(2.379049338483E-14,1.E0,0.E0));
#3993=VECTOR('',#3992,6.999999999999E-3);
#3994=CARTESIAN_POINT('',(-2.403196457725E-1,6.5E0,9.512464133735E0));
#3995=LINE('',#3994,#3993);
#3996=DIRECTION('',(1.858632295690E-14,1.E0,0.E0));
#3997=VECTOR('',#3996,6.999999999999E-3);
#3998=CARTESIAN_POINT('',(-1.451412407140E-2,6.5E0,9.512464133735E0));
#3999=LINE('',#3998,#3997);
#4000=DIRECTION('',(1.908195823575E-14,1.E0,0.E0));
#4001=VECTOR('',#4000,6.999999999999E-3);
#4002=CARTESIAN_POINT('',(-1.451412407140E-2,6.5E0,9.940651822002E0));
#4003=LINE('',#4002,#4001);
#4004=DIRECTION('',(0.E0,1.E0,0.E0));
#4005=VECTOR('',#4004,6.999999999999E-3);
#4006=CARTESIAN_POINT('',(-6.978886399304E-2,6.5E0,9.940651822002E0));
#4007=LINE('',#4006,#4005);
#4008=DIRECTION('',(0.E0,1.E0,0.E0));
#4009=VECTOR('',#4008,6.999999999999E-3);
#4010=CARTESIAN_POINT('',(-6.978886399304E-2,6.5E0,9.561281032757E0));
#4011=LINE('',#4010,#4009);
#4012=DIRECTION('',(2.379049338483E-14,1.E0,0.E0));
#4013=VECTOR('',#4012,6.999999999999E-3);
#4014=CARTESIAN_POINT('',(-2.403196457725E-1,6.5E0,9.561281032757E0));
#4015=LINE('',#4014,#4013);
#4016=DIRECTION('',(3.172065784644E-14,1.E0,-2.537652627715E-13));
#4017=VECTOR('',#4016,6.999999999999E-3);
#4018=CARTESIAN_POINT('',(-5.784259262066E-1,6.5E0,9.530195832483E0));
#4019=LINE('',#4018,#4017);
#4020=DIRECTION('',(0.E0,1.E0,0.E0));
#4021=VECTOR('',#4020,6.999999999999E-3);
#4022=CARTESIAN_POINT('',(-5.784259262066E-1,6.5E0,9.930363058531E0));
#4023=LINE('',#4022,#4021);
#4024=DIRECTION('',(-1.586032892322E-14,1.E0,-2.537652627715E-13));
#4025=VECTOR('',#4024,6.999999999999E-3);
#4026=CARTESIAN_POINT('',(-5.784259262066E-1,6.5E0,9.872570855209E0));
#4027=LINE('',#4026,#4025);
#4028=DIRECTION('',(0.E0,1.E0,0.E0));
#4029=VECTOR('',#4028,6.999999999999E-3);
#4030=CARTESIAN_POINT('',(-5.784259262066E-1,6.5E0,9.583172018863E0));
#4031=LINE('',#4030,#4029);
#4032=DIRECTION('',(0.E0,1.E0,0.E0));
#4033=VECTOR('',#4032,6.999999999999E-3);
#4034=CARTESIAN_POINT('',(-8.944223106715E-1,6.5E0,9.512464133735E0));
#4035=LINE('',#4034,#4033);
#4036=DIRECTION('',(0.E0,1.E0,0.E0));
#4037=VECTOR('',#4036,6.999999999999E-3);
#4038=CARTESIAN_POINT('',(-6.641291368184E-1,6.5E0,9.512464133735E0));
#4039=LINE('',#4038,#4037);
#4040=DIRECTION('',(0.E0,1.E0,0.E0));
#4041=VECTOR('',#4040,6.999999999999E-3);
#4042=CARTESIAN_POINT('',(-6.641291368184E-1,6.5E0,9.940651822002E0));
#4043=LINE('',#4042,#4041);
#4044=DIRECTION('',(0.E0,1.E0,0.E0));
#4045=VECTOR('',#4044,6.999999999999E-3);
#4046=CARTESIAN_POINT('',(-8.846808218517E-1,6.5E0,9.940651822002E0));
#4047=LINE('',#4046,#4045);
#4048=DIRECTION('',(0.E0,1.E0,0.E0));
#4049=VECTOR('',#4048,6.999999999999E-3);
#4050=CARTESIAN_POINT('',(-8.846808218517E-1,6.5E0,9.891397103261E0));
#4051=LINE('',#4050,#4049);
#4052=DIRECTION('',(0.E0,1.E0,0.E0));
#4053=VECTOR('',#4052,6.999999999999E-3);
#4054=CARTESIAN_POINT('',(-7.194038767401E-1,6.5E0,9.891397103261E0));
#4055=LINE('',#4054,#4053);
#4056=DIRECTION('',(0.E0,1.E0,0.E0));
#4057=VECTOR('',#4056,6.999999999999E-3);
#4058=CARTESIAN_POINT('',(-7.194038767401E-1,6.5E0,9.754359530225E0));
#4059=LINE('',#4058,#4057);
#4060=DIRECTION('',(1.586032892322E-14,1.E0,0.E0));
#4061=VECTOR('',#4060,6.999999999999E-3);
#4062=CARTESIAN_POINT('',(-8.725313245618E-1,6.5E0,9.754359530225E0));
#4063=LINE('',#4062,#4061);
#4064=DIRECTION('',(1.586032892322E-14,1.E0,0.E0));
#4065=VECTOR('',#4064,6.999999999999E-3);
#4066=CARTESIAN_POINT('',(-8.725313245618E-1,6.5E0,9.705323721343E0));
#4067=LINE('',#4066,#4065);
#4068=DIRECTION('',(0.E0,1.E0,0.E0));
#4069=VECTOR('',#4068,6.999999999999E-3);
#4070=CARTESIAN_POINT('',(-7.194038767401E-1,6.5E0,9.705323721343E0));
#4071=LINE('',#4070,#4069);
#4072=DIRECTION('',(0.E0,1.E0,0.E0));
#4073=VECTOR('',#4072,6.999999999999E-3);
#4074=CARTESIAN_POINT('',(-7.194038767401E-1,6.5E0,9.561281032757E0));
#4075=LINE('',#4074,#4073);
#4076=DIRECTION('',(0.E0,1.E0,0.E0));
#4077=VECTOR('',#4076,6.999999999999E-3);
#4078=CARTESIAN_POINT('',(-8.944223106715E-1,6.5E0,9.561281032757E0));
#4079=LINE('',#4078,#4077);
#4080=DIRECTION('',(0.E0,1.E0,0.E0));
#4081=VECTOR('',#4080,6.999999999999E-3);
#4082=CARTESIAN_POINT('',(-1.030584244261E0,6.5E0,9.891397103261E0));
#4083=LINE('',#4082,#4081);
#4084=DIRECTION('',(0.E0,1.E0,0.E0));
#4085=VECTOR('',#4084,6.999999999999E-3);
#4086=CARTESIAN_POINT('',(-1.030584244264E0,6.5E0,9.561281032757E0));
#4087=LINE('',#4086,#4085);
#4088=DIRECTION('',(-3.172065784644E-14,1.E0,0.E0));
#4089=VECTOR('',#4088,6.999999999999E-3);
#4090=CARTESIAN_POINT('',(-1.092754644809E0,6.5E0,9.561281032757E0));
#4091=LINE('',#4090,#4089);
#4092=DIRECTION('',(3.172065784644E-14,1.E0,0.E0));
#4093=VECTOR('',#4092,6.999999999999E-3);
#4094=CARTESIAN_POINT('',(-1.095272108205E0,6.5E0,9.891397103261E0));
#4095=LINE('',#4094,#4093);
#4096=DIRECTION('',(0.E0,1.E0,0.E0));
#4097=VECTOR('',#4096,6.999999999999E-3);
#4098=CARTESIAN_POINT('',(-9.753095043404E-1,6.5E0,9.512464133735E0));
#4099=LINE('',#4098,#4097);
#4100=DIRECTION('',(0.E0,1.E0,0.E0));
#4101=VECTOR('',#4100,6.999999999999E-3);
#4102=CARTESIAN_POINT('',(-9.753095043375E-1,6.5E0,9.940651822002E0));
#4103=LINE('',#4102,#4101);
#4104=DIRECTION('',(3.172065784644E-14,1.E0,2.537652627715E-13));
#4105=VECTOR('',#4104,6.999999999999E-3);
#4106=CARTESIAN_POINT('',(-1.097461206820E0,6.5E0,9.940651822002E0));
#4107=LINE('',#4106,#4105);
#4108=DIRECTION('',(0.E0,1.E0,0.E0));
#4109=VECTOR('',#4108,6.999999999999E-3);
#4110=CARTESIAN_POINT('',(-1.093083009601E0,6.5E0,9.512464133735E0));
#4111=LINE('',#4110,#4109);
#4112=DIRECTION('',(0.E0,1.E0,0.E0));
#4113=VECTOR('',#4112,6.999999999999E-3);
#4114=CARTESIAN_POINT('',(-1.539134490707E0,6.5E0,9.885924356733E0));
#4115=LINE('',#4114,#4113);
#4116=DIRECTION('',(2.537652627715E-13,1.E0,-7.612957883145E-13));
#4117=VECTOR('',#4116,6.999999999999E-3);
#4118=CARTESIAN_POINT('',(-1.531450006405E0,6.5E0,9.855933705764E0));
#4119=LINE('',#4118,#4117);
#4120=DIRECTION('',(0.E0,1.E0,0.E0));
#4121=VECTOR('',#4120,6.999999999999E-3);
#4122=CARTESIAN_POINT('',(-1.467418872041E0,6.5E0,9.677959988706E0));
#4123=LINE('',#4122,#4121);
#4124=DIRECTION('',(0.E0,1.E0,0.E0));
#4125=VECTOR('',#4124,6.999999999999E-3);
#4126=CARTESIAN_POINT('',(-1.611133195838E0,6.5E0,9.677959988706E0));
#4127=LINE('',#4126,#4125);
#4128=DIRECTION('',(9.516197353932E-14,1.E0,0.E0));
#4129=VECTOR('',#4128,6.999999999999E-3);
#4130=CARTESIAN_POINT('',(-1.546445331890E0,6.5E0,9.855933705764E0));
#4131=LINE('',#4130,#4129);
#4132=DIRECTION('',(0.E0,1.E0,0.E0));
#4133=VECTOR('',#4132,6.999999999999E-3);
#4134=CARTESIAN_POINT('',(-1.732956533531E0,6.5E0,9.512464133735E0));
#4135=LINE('',#4134,#4133);
#4136=DIRECTION('',(0.E0,1.E0,0.E0));
#4137=VECTOR('',#4136,6.999999999999E-3);
#4138=CARTESIAN_POINT('',(-1.671880682293E0,6.5E0,9.512464133735E0));
#4139=LINE('',#4138,#4137);
#4140=DIRECTION('',(0.E0,1.E0,0.E0));
#4141=VECTOR('',#4140,6.999999999999E-3);
#4142=CARTESIAN_POINT('',(-1.628208165009E0,6.5E0,9.629580909409E0));
#4143=LINE('',#4142,#4141);
#4144=DIRECTION('',(0.E0,1.E0,0.E0));
#4145=VECTOR('',#4144,6.999999999999E-3);
#4146=CARTESIAN_POINT('',(-1.449906083161E0,6.5E0,9.629580909409E0));
#4147=LINE('',#4146,#4145);
#4148=DIRECTION('',(-3.172065784644E-14,1.E0,0.E0));
#4149=VECTOR('',#4148,6.999999999999E-3);
#4150=CARTESIAN_POINT('',(-1.408751029272E0,6.5E0,9.512464133735E0));
#4151=LINE('',#4150,#4149);
#4152=DIRECTION('',(6.344131569288E-14,1.E0,0.E0));
#4153=VECTOR('',#4152,6.999999999999E-3);
#4154=CARTESIAN_POINT('',(-1.347675178034E0,6.5E0,9.512464133735E0));
#4155=LINE('',#4154,#4153);
#4156=DIRECTION('',(0.E0,1.E0,0.E0));
#4157=VECTOR('',#4156,6.999999999999E-3);
#4158=CARTESIAN_POINT('',(-1.510763024536E0,6.5E0,9.940651822002E0));
#4159=LINE('',#4158,#4157);
#4160=DIRECTION('',(0.E0,1.E0,0.E0));
#4161=VECTOR('',#4160,6.999999999999E-3);
#4162=CARTESIAN_POINT('',(-1.569868687027E0,6.5E0,9.940651822002E0));
#4163=LINE('',#4162,#4161);
#4164=DIRECTION('',(1.189524669241E-14,1.E0,0.E0));
#4165=VECTOR('',#4164,6.999999999999E-3);
#4166=CARTESIAN_POINT('',(-2.448072979245E-1,6.5E0,8.833186834812E0));
#4167=LINE('',#4166,#4165);
#4168=DIRECTION('',(1.982541115402E-14,1.E0,0.E0));
#4169=VECTOR('',#4168,6.999999999999E-3);
#4170=CARTESIAN_POINT('',(-1.451412407140E-2,6.5E0,8.833186834812E0));
#4171=LINE('',#4170,#4169);
#4172=DIRECTION('',(1.932977587517E-14,1.E0,0.E0));
#4173=VECTOR('',#4172,6.999999999999E-3);
#4174=CARTESIAN_POINT('',(-1.451412407140E-2,6.5E0,9.261374523079E0));
#4175=LINE('',#4174,#4173);
#4176=DIRECTION('',(0.E0,1.E0,0.E0));
#4177=VECTOR('',#4176,6.999999999999E-3);
#4178=CARTESIAN_POINT('',(-2.350658091046E-1,6.5E0,9.261374523079E0));
#4179=LINE('',#4178,#4177);
#4180=DIRECTION('',(0.E0,1.E0,0.E0));
#4181=VECTOR('',#4180,6.999999999999E-3);
#4182=CARTESIAN_POINT('',(-2.350658091046E-1,6.5E0,9.212119804338E0));
#4183=LINE('',#4182,#4181);
#4184=DIRECTION('',(0.E0,1.E0,0.E0));
#4185=VECTOR('',#4184,6.999999999999E-3);
#4186=CARTESIAN_POINT('',(-6.978886399304E-2,6.5E0,9.212119804338E0));
#4187=LINE('',#4186,#4185);
#4188=DIRECTION('',(0.E0,1.E0,0.E0));
#4189=VECTOR('',#4188,6.999999999999E-3);
#4190=CARTESIAN_POINT('',(-6.978886399304E-2,6.5E0,9.075082231302E0));
#4191=LINE('',#4190,#4189);
#4192=DIRECTION('',(0.E0,1.E0,0.E0));
#4193=VECTOR('',#4192,6.999999999999E-3);
#4194=CARTESIAN_POINT('',(-2.229163118148E-1,6.5E0,9.075082231302E0));
#4195=LINE('',#4194,#4193);
#4196=DIRECTION('',(0.E0,1.E0,0.E0));
#4197=VECTOR('',#4196,6.999999999999E-3);
#4198=CARTESIAN_POINT('',(-2.229163118148E-1,6.5E0,9.026046422420E0));
#4199=LINE('',#4198,#4197);
#4200=DIRECTION('',(0.E0,1.E0,0.E0));
#4201=VECTOR('',#4200,6.999999999999E-3);
#4202=CARTESIAN_POINT('',(-6.978886399304E-2,6.5E0,9.026046422420E0));
#4203=LINE('',#4202,#4201);
#4204=DIRECTION('',(0.E0,1.E0,0.E0));
#4205=VECTOR('',#4204,6.999999999999E-3);
#4206=CARTESIAN_POINT('',(-6.978886399304E-2,6.5E0,8.882003733834E0));
#4207=LINE('',#4206,#4205);
#4208=DIRECTION('',(0.E0,1.E0,0.E0));
#4209=VECTOR('',#4208,6.999999999999E-3);
#4210=CARTESIAN_POINT('',(-2.448072979245E-1,6.5E0,8.882003733834E0));
#4211=LINE('',#4210,#4209);
#4212=DIRECTION('',(-5.551115123127E-14,1.E0,0.E0));
#4213=VECTOR('',#4212,6.999999999999E-3);
#4214=CARTESIAN_POINT('',(-4.166515388702E-1,6.5E0,8.977010613539E0));
#4215=LINE('',#4214,#4213);
#4216=DIRECTION('',(-3.172065784644E-14,1.E0,0.E0));
#4217=VECTOR('',#4216,6.999999999999E-3);
#4218=CARTESIAN_POINT('',(-4.882350634413E-1,6.5E0,8.957308726043E0));
#4219=LINE('',#4218,#4217);
#4220=DIRECTION('',(0.E0,1.E0,0.E0));
#4221=VECTOR('',#4220,6.999999999999E-3);
#4222=CARTESIAN_POINT('',(-4.882350634413E-1,6.5E0,8.986642647428E0));
#4223=LINE('',#4222,#4221);
#4224=DIRECTION('',(0.E0,1.E0,0.E0));
#4225=VECTOR('',#4224,6.999999999999E-3);
#4226=CARTESIAN_POINT('',(-4.882350634413E-1,6.5E0,8.880471364805E0));
#4227=LINE('',#4226,#4225);
#4228=DIRECTION('',(-2.379049338483E-14,1.E0,0.E0));
#4229=VECTOR('',#4228,6.999999999999E-3);
#4230=CARTESIAN_POINT('',(-3.976063809540E-1,6.5E0,9.014882019509E0));
#4231=LINE('',#4230,#4229);
#4232=DIRECTION('',(0.E0,1.E0,0.E0));
#4233=VECTOR('',#4232,6.999999999999E-3);
#4234=CARTESIAN_POINT('',(-4.882350634399E-1,6.5E0,9.027578791449E0));
#4235=LINE('',#4234,#4233);
#4236=DIRECTION('',(1.586032892322E-14,1.E0,0.E0));
#4237=VECTOR('',#4236,6.999999999999E-3);
#4238=CARTESIAN_POINT('',(-3.260228563814E-1,6.5E0,9.065450197413E0));
#4239=LINE('',#4238,#4237);
#4240=DIRECTION('',(0.E0,1.E0,5.075305255430E-13));
#4241=VECTOR('',#4240,6.999999999999E-3);
#4242=CARTESIAN_POINT('',(-3.260228563814E-1,6.5E0,9.117550744352E0));
#4243=LINE('',#4242,#4241);
#4244=DIRECTION('',(0.E0,1.E0,0.E0));
#4245=VECTOR('',#4244,6.999999999999E-3);
#4246=CARTESIAN_POINT('',(-5.418679794045E-1,6.5E0,9.029986799919E0));
#4247=LINE('',#4246,#4245);
#4248=DIRECTION('',(0.E0,1.E0,0.E0));
#4249=VECTOR('',#4248,6.999999999999E-3);
#4250=CARTESIAN_POINT('',(-5.418679794059E-1,6.5E0,8.833186834812E0));
#4251=LINE('',#4250,#4249);
#4252=DIRECTION('',(0.E0,1.E0,0.E0));
#4253=VECTOR('',#4252,6.999999999999E-3);
#4254=CARTESIAN_POINT('',(-4.882350634413E-1,6.5E0,8.833186834812E0));
#4255=LINE('',#4254,#4253);
#4256=DIRECTION('',(3.172065784644E-14,1.E0,0.E0));
#4257=VECTOR('',#4256,6.999999999999E-3);
#4258=CARTESIAN_POINT('',(-6.145460532838E-1,6.5E0,8.899297612857E0));
#4259=LINE('',#4258,#4257);
#4260=DIRECTION('',(0.E0,1.E0,0.E0));
#4261=VECTOR('',#4260,6.999999999999E-3);
#4262=CARTESIAN_POINT('',(-8.064205465195E-1,6.5E0,9.132436614902E0));
#4263=LINE('',#4262,#4261);
#4264=DIRECTION('',(-3.172065784644E-14,1.E0,0.E0));
#4265=VECTOR('',#4264,6.999999999999E-3);
#4266=CARTESIAN_POINT('',(-8.064205465195E-1,6.5E0,9.080336067967E0));
#4267=LINE('',#4266,#4265);
#4268=DIRECTION('',(1.586032892322E-14,1.E0,0.E0));
#4269=VECTOR('',#4268,6.999999999999E-3);
#4270=CARTESIAN_POINT('',(-6.145460532838E-1,6.5E0,8.843913418004E0));
#4271=LINE('',#4270,#4269);
#4272=DIRECTION('',(3.172065784644E-14,1.E0,0.E0));
#4273=VECTOR('',#4272,6.999999999999E-3);
#4274=CARTESIAN_POINT('',(-9.961342473661E-1,6.5E0,8.883973922582E0));
#4275=LINE('',#4274,#4273);
#4276=DIRECTION('',(1.903239470786E-13,1.E0,-5.075305255430E-13));
#4277=VECTOR('',#4276,6.999999999999E-3);
#4278=CARTESIAN_POINT('',(-1.003439421489E0,6.5E0,8.908710736883E0));
#4279=LINE('',#4278,#4277);
#4280=DIRECTION('',(0.E0,1.E0,0.E0));
#4281=VECTOR('',#4280,6.999999999999E-3);
#4282=CARTESIAN_POINT('',(-1.086953533492E0,6.5E0,9.139003910737E0));
#4283=LINE('',#4282,#4281);
#4284=DIRECTION('',(-3.172065784644E-14,1.E0,0.E0));
#4285=VECTOR('',#4284,6.999999999999E-3);
#4286=CARTESIAN_POINT('',(-1.142556638203E0,6.5E0,9.139003910737E0));
#4287=LINE('',#4286,#4285);
#4288=DIRECTION('',(-9.516197353932E-14,1.E0,0.E0));
#4289=VECTOR('',#4288,6.999999999999E-3);
#4290=CARTESIAN_POINT('',(-1.003767786281E0,6.5E0,8.786996854126E0));
#4291=LINE('',#4290,#4289);
#4292=DIRECTION('',(0.E0,1.E0,0.E0));
#4293=VECTOR('',#4292,6.999999999999E-3);
#4294=CARTESIAN_POINT('',(-8.600534624841E-1,6.5E0,8.693522343443E0));
#4295=LINE('',#4294,#4293);
#4296=DIRECTION('',(3.172065784644E-14,1.E0,0.E0));
#4297=VECTOR('',#4296,6.999999999999E-3);
#4298=CARTESIAN_POINT('',(-8.600534624841E-1,6.5E0,8.741244693161E0));
#4299=LINE('',#4298,#4297);
#4300=DIRECTION('',(6.344131569288E-14,1.E0,0.E0));
#4301=VECTOR('',#4300,6.999999999999E-3);
#4302=CARTESIAN_POINT('',(-9.454283083022E-1,6.5E0,8.778240459681E0));
#4303=LINE('',#4302,#4301);
#4304=DIRECTION('',(6.344131569288E-14,1.E0,2.537652627715E-13));
#4305=VECTOR('',#4304,6.999999999999E-3);
#4306=CARTESIAN_POINT('',(-9.689611183689E-1,6.5E0,8.833843564397E0));
#4307=LINE('',#4306,#4305);
#4308=DIRECTION('',(0.E0,1.E0,0.E0));
#4309=VECTOR('',#4308,6.999999999999E-3);
#4310=CARTESIAN_POINT('',(-8.489985144995E-1,6.5E0,9.139003910737E0));
#4311=LINE('',#4310,#4309);
#4312=DIRECTION('',(3.172065784644E-14,1.E0,0.E0));
#4313=VECTOR('',#4312,6.999999999999E-3);
#4314=CARTESIAN_POINT('',(-9.089798164342E-1,6.5E0,9.139003910737E0));
#4315=LINE('',#4314,#4313);
#4316=DIRECTION('',(-1.903239470786E-13,1.E0,-2.537652627715E-13));
#4317=VECTOR('',#4316,6.999999999999E-3);
#4318=CARTESIAN_POINT('',(-9.888819157263E-1,6.5E0,8.909148556606E0));
#4319=LINE('',#4318,#4317);
#4320=DIRECTION('',(0.E0,1.E0,0.E0));
#4321=VECTOR('',#4320,6.999999999999E-3);
#4322=CARTESIAN_POINT('',(-1.430642015382E0,6.5E0,8.833186834812E0));
#4323=LINE('',#4322,#4321);
#4324=DIRECTION('',(0.E0,1.E0,0.E0));
#4325=VECTOR('',#4324,6.999999999999E-3);
#4326=CARTESIAN_POINT('',(-1.200348841529E0,6.5E0,8.833186834812E0));
#4327=LINE('',#4326,#4325);
#4328=DIRECTION('',(0.E0,1.E0,0.E0));
#4329=VECTOR('',#4328,6.999999999999E-3);
#4330=CARTESIAN_POINT('',(-1.200348841529E0,6.5E0,9.261374523079E0));
#4331=LINE('',#4330,#4329);
#4332=DIRECTION('',(0.E0,1.E0,0.E0));
#4333=VECTOR('',#4332,6.999999999999E-3);
#4334=CARTESIAN_POINT('',(-1.420900526562E0,6.5E0,9.261374523079E0));
#4335=LINE('',#4334,#4333);
#4336=DIRECTION('',(0.E0,1.E0,0.E0));
#4337=VECTOR('',#4336,6.999999999999E-3);
#4338=CARTESIAN_POINT('',(-1.420900526562E0,6.5E0,9.212119804338E0));
#4339=LINE('',#4338,#4337);
#4340=DIRECTION('',(0.E0,1.E0,0.E0));
#4341=VECTOR('',#4340,6.999999999999E-3);
#4342=CARTESIAN_POINT('',(-1.255623581450E0,6.5E0,9.212119804338E0));
#4343=LINE('',#4342,#4341);
#4344=DIRECTION('',(0.E0,1.E0,0.E0));
#4345=VECTOR('',#4344,6.999999999999E-3);
#4346=CARTESIAN_POINT('',(-1.255623581450E0,6.5E0,9.075082231302E0));
#4347=LINE('',#4346,#4345);
#4348=DIRECTION('',(-3.172065784644E-14,1.E0,0.E0));
#4349=VECTOR('',#4348,6.999999999999E-3);
#4350=CARTESIAN_POINT('',(-1.408751029272E0,6.5E0,9.075082231302E0));
#4351=LINE('',#4350,#4349);
#4352=DIRECTION('',(-3.172065784644E-14,1.E0,0.E0));
#4353=VECTOR('',#4352,6.999999999999E-3);
#4354=CARTESIAN_POINT('',(-1.408751029272E0,6.5E0,9.026046422420E0));
#4355=LINE('',#4354,#4353);
#4356=DIRECTION('',(0.E0,1.E0,0.E0));
#4357=VECTOR('',#4356,6.999999999999E-3);
#4358=CARTESIAN_POINT('',(-1.255623581450E0,6.5E0,9.026046422420E0));
#4359=LINE('',#4358,#4357);
#4360=DIRECTION('',(0.E0,1.E0,0.E0));
#4361=VECTOR('',#4360,6.999999999999E-3);
#4362=CARTESIAN_POINT('',(-1.255623581450E0,6.5E0,8.882003733834E0));
#4363=LINE('',#4362,#4361);
#4364=DIRECTION('',(0.E0,1.E0,0.E0));
#4365=VECTOR('',#4364,6.999999999999E-3);
#4366=CARTESIAN_POINT('',(-1.430642015382E0,6.5E0,8.882003733834E0));
#4367=LINE('',#4366,#4365);
#4368=DIRECTION('',(0.E0,1.E0,0.E0));
#4369=VECTOR('',#4368,6.999999999999E-3);
#4370=CARTESIAN_POINT('',(-1.566803948969E0,6.5E0,9.212119804338E0));
#4371=LINE('',#4370,#4369);
#4372=DIRECTION('',(0.E0,1.E0,0.E0));
#4373=VECTOR('',#4372,6.999999999999E-3);
#4374=CARTESIAN_POINT('',(-1.566803948971E0,6.5E0,8.882003733834E0));
#4375=LINE('',#4374,#4373);
#4376=DIRECTION('',(-6.344131569288E-14,1.E0,0.E0));
#4377=VECTOR('',#4376,6.999999999999E-3);
#4378=CARTESIAN_POINT('',(-1.628974349516E0,6.5E0,8.882003733834E0));
#4379=LINE('',#4378,#4377);
#4380=DIRECTION('',(6.344131569288E-14,1.E0,0.E0));
#4381=VECTOR('',#4380,6.999999999999E-3);
#4382=CARTESIAN_POINT('',(-1.631491812917E0,6.5E0,9.212119804338E0));
#4383=LINE('',#4382,#4381);
#4384=DIRECTION('',(0.E0,1.E0,0.E0));
#4385=VECTOR('',#4384,6.999999999999E-3);
#4386=CARTESIAN_POINT('',(-1.511529209051E0,6.5E0,8.833186834812E0));
#4387=LINE('',#4386,#4385);
#4388=DIRECTION('',(0.E0,1.E0,0.E0));
#4389=VECTOR('',#4388,6.999999999999E-3);
#4390=CARTESIAN_POINT('',(-1.511529209049E0,6.5E0,9.261374523079E0));
#4391=LINE('',#4390,#4389);
#4392=DIRECTION('',(0.E0,1.E0,0.E0));
#4393=VECTOR('',#4392,6.999999999999E-3);
#4394=CARTESIAN_POINT('',(-1.633680911529E0,6.5E0,9.261374523079E0));
#4395=LINE('',#4394,#4393);
#4396=DIRECTION('',(9.516197353932E-14,1.E0,0.E0));
#4397=VECTOR('',#4396,6.999999999999E-3);
#4398=CARTESIAN_POINT('',(-1.629302714311E0,6.5E0,8.833186834812E0));
#4399=LINE('',#4398,#4397);
#4400=DIRECTION('',(0.E0,1.E0,0.E0));
#4401=VECTOR('',#4400,6.999999999999E-3);
#4402=CARTESIAN_POINT('',(-2.075327149833E0,6.5E0,9.206647057808E0));
#4403=LINE('',#4402,#4401);
#4404=DIRECTION('',(1.903239470786E-13,1.E0,-5.075305255430E-13));
#4405=VECTOR('',#4404,6.999999999999E-3);
#4406=CARTESIAN_POINT('',(-2.067669711112E0,6.5E0,9.176656406844E0));
#4407=LINE('',#4406,#4405);
#4408=DIRECTION('',(0.E0,1.E0,0.E0));
#4409=VECTOR('',#4408,6.999999999999E-3);
#4410=CARTESIAN_POINT('',(-2.003638576752E0,6.5E0,8.998682689786E0));
#4411=LINE('',#4410,#4409);
#4412=DIRECTION('',(0.E0,1.E0,0.E0));
#4413=VECTOR('',#4412,6.999999999999E-3);
#4414=CARTESIAN_POINT('',(-2.147352900549E0,6.5E0,8.998682689786E0));
#4415=LINE('',#4414,#4413);
#4416=DIRECTION('',(1.903239470786E-13,1.E0,5.075305255430E-13));
#4417=VECTOR('',#4416,6.999999999999E-3);
#4418=CARTESIAN_POINT('',(-2.082665036597E0,6.5E0,9.176656406844E0));
#4419=LINE('',#4418,#4417);
#4420=DIRECTION('',(0.E0,1.E0,0.E0));
#4421=VECTOR('',#4420,6.999999999999E-3);
#4422=CARTESIAN_POINT('',(-2.269176238241E0,6.5E0,8.833186834812E0));
#4423=LINE('',#4422,#4421);
#4424=DIRECTION('',(0.E0,1.E0,0.E0));
#4425=VECTOR('',#4424,6.999999999999E-3);
#4426=CARTESIAN_POINT('',(-2.208100387003E0,6.5E0,8.833186834812E0));
#4427=LINE('',#4426,#4425);
#4428=DIRECTION('',(-6.344131569288E-14,1.E0,0.E0));
#4429=VECTOR('',#4428,6.999999999999E-3);
#4430=CARTESIAN_POINT('',(-2.164427869719E0,6.5E0,8.950303610487E0));
#4431=LINE('',#4430,#4429);
#4432=DIRECTION('',(-3.172065784644E-14,1.E0,0.E0));
#4433=VECTOR('',#4432,6.999999999999E-3);
#4434=CARTESIAN_POINT('',(-1.986125787872E0,6.5E0,8.950303610487E0));
#4435=LINE('',#4434,#4433);
#4436=DIRECTION('',(0.E0,1.E0,0.E0));
#4437=VECTOR('',#4436,6.999999999999E-3);
#4438=CARTESIAN_POINT('',(-1.944970733982E0,6.5E0,8.833186834812E0));
#4439=LINE('',#4438,#4437);
#4440=DIRECTION('',(9.516197353932E-14,1.E0,-2.537652627715E-13));
#4441=VECTOR('',#4440,6.999999999999E-3);
#4442=CARTESIAN_POINT('',(-1.883894882744E0,6.5E0,8.833186834812E0));
#4443=LINE('',#4442,#4441);
#4444=DIRECTION('',(0.E0,1.E0,0.E0));
#4445=VECTOR('',#4444,6.999999999999E-3);
#4446=CARTESIAN_POINT('',(-2.046982729247E0,6.5E0,9.261374523079E0));
#4447=LINE('',#4446,#4445);
#4448=DIRECTION('',(6.344131569288E-14,1.E0,0.E0));
#4449=VECTOR('',#4448,6.999999999999E-3);
#4450=CARTESIAN_POINT('',(-2.106088391737E0,6.5E0,9.261374523079E0));
#4451=LINE('',#4450,#4449);
#4452=DIRECTION('',(1.586032892322E-14,1.E0,0.E0));
#4453=VECTOR('',#4452,6.999999999999E-3);
#4454=CARTESIAN_POINT('',(6.375559141653E-1,6.5E0,9.656726157522E0));
#4455=LINE('',#4454,#4453);
#4456=DIRECTION('',(0.E0,1.E0,0.E0));
#4457=VECTOR('',#4456,6.999999999999E-3);
#4458=CARTESIAN_POINT('',(7.258427101031E-1,6.5E0,8.831701809957E0));
#4459=LINE('',#4458,#4457);
#4460=DIRECTION('',(4.758098676966E-14,1.E0,0.E0));
#4461=VECTOR('',#4460,6.999999999999E-3);
#4462=CARTESIAN_POINT('',(7.349757988931E-1,6.5E0,8.831701809957E0));
#4463=LINE('',#4462,#4461);
#4464=DIRECTION('',(0.E0,1.E0,0.E0));
#4465=VECTOR('',#4464,6.999999999999E-3);
#4466=CARTESIAN_POINT('',(7.441088876816E-1,6.5E0,8.831701809957E0));
#4467=LINE('',#4466,#4465);
#4468=DIRECTION('',(-3.172065784644E-14,1.E0,2.537652627715E-13));
#4469=VECTOR('',#4468,6.999999999999E-3);
#4470=CARTESIAN_POINT('',(9.054605100647E-1,6.5E0,8.831701809957E0));
#4471=LINE('',#4470,#4469);
#4472=DIRECTION('',(-1.586032892322E-14,1.E0,0.E0));
#4473=VECTOR('',#4472,6.999999999999E-3);
#4474=CARTESIAN_POINT('',(8.811056840487E-1,6.5E0,9.017408374492E0));
#4475=LINE('',#4474,#4473);
#4476=DIRECTION('',(3.172065784644E-14,1.E0,0.E0));
#4477=VECTOR('',#4476,6.999999999999E-3);
#4478=CARTESIAN_POINT('',(7.441090038141E-1,6.5E0,9.017408374492E0));
#4479=LINE('',#4478,#4477);
#4480=DIRECTION('',(-1.586032892322E-14,1.E0,0.E0));
#4481=VECTOR('',#4480,6.999999999999E-3);
#4482=CARTESIAN_POINT('',(7.867301235411E-1,6.5E0,9.492330152851E0));
#4483=LINE('',#4482,#4481);
#4484=DIRECTION('',(-6.344131569288E-14,1.E0,0.E0));
#4485=VECTOR('',#4484,6.999999999999E-3);
#4486=CARTESIAN_POINT('',(1.620887617959E0,6.5E0,9.580617064921E0));
#4487=LINE('',#4486,#4485);
#4488=DIRECTION('',(3.172065784644E-14,1.E0,0.E0));
#4489=VECTOR('',#4488,6.999999999999E-3);
#4490=CARTESIAN_POINT('',(1.904014067217E0,6.5E0,9.041763432774E0));
#4491=LINE('',#4490,#4489);
#4492=DIRECTION('',(-3.172065784644E-14,1.E0,0.E0));
#4493=VECTOR('',#4492,6.999999999999E-3);
#4494=CARTESIAN_POINT('',(1.389515435280E0,6.5E0,9.139183317500E0));
#4495=LINE('',#4494,#4493);
#4496=DIRECTION('',(-1.586032892322E-14,1.E0,0.E0));
#4497=VECTOR('',#4496,6.999999999999E-3);
#4498=CARTESIAN_POINT('',(9.815697768627E-1,6.5E0,9.352289264530E0));
#4499=LINE('',#4498,#4497);
#4500=DIRECTION('',(0.E0,1.E0,0.E0));
#4501=VECTOR('',#4500,6.999999999999E-3);
#4502=CARTESIAN_POINT('',(8.871943324861E-1,6.5E0,9.190937584081E0));
#4503=LINE('',#4502,#4501);
#4504=DIRECTION('',(0.E0,1.E0,0.E0));
#4505=VECTOR('',#4504,6.999999999999E-3);
#4506=CARTESIAN_POINT('',(1.313406226550E0,6.5E0,8.965654165976E0));
#4507=LINE('',#4506,#4505);
#4508=DIRECTION('',(-3.172065784644E-14,1.E0,0.E0));
#4509=VECTOR('',#4508,6.999999999999E-3);
#4510=CARTESIAN_POINT('',(1.907058536603E0,6.5E0,8.837790574530E0));
#4511=LINE('',#4510,#4509);
#4512=DIRECTION('',(3.172065784644E-14,1.E0,0.E0));
#4513=VECTOR('',#4512,6.999999999999E-3);
#4514=CARTESIAN_POINT('',(1.715263120399E0,6.5E0,9.802855955579E0));
#4515=LINE('',#4514,#4513);
#4516=CARTESIAN_POINT('',(-1.53E0,-2.417349005668E0,3.229068065315E0));
#4517=DIRECTION('',(0.E0,-8.881444698600E-1,-4.595643596463E-1));
#4518=DIRECTION('',(0.E0,-4.595643596463E-1,8.881444698600E-1));
#4519=AXIS2_PLACEMENT_3D('',#4516,#4517,#4518);
#4521=CARTESIAN_POINT('',(-1.53E0,-1.999788828493E0,2.4221E0));
#4522=DIRECTION('',(1.E0,0.E0,0.E0));
#4523=DIRECTION('',(0.E0,-4.595643596463E-1,8.881444698600E-1));
#4524=AXIS2_PLACEMENT_3D('',#4521,#4522,#4523);
#4526=CARTESIAN_POINT('',(-1.53E0,-2.417349005668E0,3.229068065315E0));
#4527=DIRECTION('',(0.E0,-8.881444698600E-1,-4.595643596463E-1));
#4528=DIRECTION('',(0.E0,4.595643596463E-1,-8.881444698600E-1));
#4529=AXIS2_PLACEMENT_3D('',#4526,#4527,#4528);
#4531=CARTESIAN_POINT('',(-1.53E0,-1.999788828493E0,2.4221E0));
#4532=DIRECTION('',(1.E0,0.E0,0.E0));
#4533=DIRECTION('',(0.E0,-4.595643596463E-1,8.881444698600E-1));
#4534=AXIS2_PLACEMENT_3D('',#4531,#4532,#4533);
#4536=CARTESIAN_POINT('',(-1.53E0,-1.355871190743E0,1.781066431617E0));
#4537=DIRECTION('',(0.E0,7.055179048898E-1,7.086920952571E-1));
#4538=DIRECTION('',(0.E0,-7.086920952571E-1,7.055179048898E-1));
#4539=AXIS2_PLACEMENT_3D('',#4536,#4537,#4538);
#4541=DIRECTION('',(0.E0,7.055179048898E-1,7.086920952571E-1));
#4542=VECTOR('',#4541,3.940427473743E-1);
#4543=CARTESIAN_POINT('',(-1.53E0,-1.518870372652E0,1.943335549742E0));
#4544=LINE('',#4543,#4542);
#4545=CARTESIAN_POINT('',(-1.53E0,-1.355871190743E0,1.781066431617E0));
#4546=DIRECTION('',(0.E0,7.055179048898E-1,7.086920952571E-1));
#4547=DIRECTION('',(0.E0,7.086920952571E-1,-7.055179048898E-1));
#4548=AXIS2_PLACEMENT_3D('',#4545,#4546,#4547);
#4550=DIRECTION('',(0.E0,7.055179048898E-1,7.086920952571E-1));
#4551=VECTOR('',#4550,3.940427473743E-1);
#4552=CARTESIAN_POINT('',(-1.53E0,-1.192872008834E0,1.618797313493E0));
#4553=LINE('',#4552,#4551);
#4554=CARTESIAN_POINT('',(-1.53E0,-1.077866977178E0,2.060321411875E0));
#4555=DIRECTION('',(0.E0,7.055179048898E-1,7.086920952571E-1));
#4556=DIRECTION('',(0.E0,7.086920952571E-1,-7.055179048898E-1));
#4557=AXIS2_PLACEMENT_3D('',#4554,#4555,#4556);
#4559=CARTESIAN_POINT('',(-1.53E0,-8.221E-1,1.8057E0));
#4560=DIRECTION('',(-1.E0,0.E0,0.E0));
#4561=DIRECTION('',(0.E0,-7.086920952571E-1,7.055179048898E-1));
#4562=AXIS2_PLACEMENT_3D('',#4559,#4560,#4561);
#4564=CARTESIAN_POINT('',(-1.53E0,-1.077866977178E0,2.060321411875E0));
#4565=DIRECTION('',(0.E0,7.055179048898E-1,7.086920952571E-1));
#4566=DIRECTION('',(0.E0,-7.086920952571E-1,7.055179048898E-1));
#4567=AXIS2_PLACEMENT_3D('',#4564,#4565,#4566);
#4569=CARTESIAN_POINT('',(-1.53E0,-8.221E-1,1.8057E0));
#4570=DIRECTION('',(-1.E0,0.E0,0.E0));
#4571=DIRECTION('',(0.E0,-7.086920952571E-1,7.055179048898E-1));
#4572=AXIS2_PLACEMENT_3D('',#4569,#4570,#4571);
#4574=CARTESIAN_POINT('',(-1.53E0,-8.221E-1,2.1666E0));
#4575=DIRECTION('',(0.E0,1.E0,0.E0));
#4576=DIRECTION('',(0.E0,0.E0,1.E0));
#4577=AXIS2_PLACEMENT_3D('',#4574,#4575,#4576);
#4579=DIRECTION('',(0.E0,1.E0,0.E0));
#4580=VECTOR('',#4579,4.6621E0);
#4581=CARTESIAN_POINT('',(-1.53E0,-8.221E-1,2.3966E0));
#4582=LINE('',#4581,#4580);
#4583=CARTESIAN_POINT('',(-1.53E0,-8.221E-1,2.1666E0));
#4584=DIRECTION('',(0.E0,1.E0,0.E0));
#4585=DIRECTION('',(0.E0,0.E0,-1.E0));
#4586=AXIS2_PLACEMENT_3D('',#4583,#4584,#4585);
#4588=DIRECTION('',(0.E0,1.E0,0.E0));
#4589=VECTOR('',#4588,4.6621E0);
#4590=CARTESIAN_POINT('',(-1.53E0,-8.221E-1,1.9366E0));
#4591=LINE('',#4590,#4589);
#4592=CARTESIAN_POINT('',(-1.53E0,3.84E0,2.1666E0));
#4593=DIRECTION('',(0.E0,1.E0,0.E0));
#4594=DIRECTION('',(0.E0,0.E0,-1.E0));
#4595=AXIS2_PLACEMENT_3D('',#4592,#4593,#4594);
#4597=CARTESIAN_POINT('',(-1.53E0,3.84E0,1.6666E0));
#4598=DIRECTION('',(-1.E0,0.E0,0.E0));
#4599=DIRECTION('',(0.E0,0.E0,1.E0));
#4600=AXIS2_PLACEMENT_3D('',#4597,#4598,#4599);
#4602=CARTESIAN_POINT('',(-1.53E0,3.84E0,2.1666E0));
#4603=DIRECTION('',(0.E0,1.E0,0.E0));
#4604=DIRECTION('',(0.E0,0.E0,1.E0));
#4605=AXIS2_PLACEMENT_3D('',#4602,#4603,#4604);
#4607=CARTESIAN_POINT('',(-1.53E0,3.84E0,1.6666E0));
#4608=DIRECTION('',(-1.E0,0.E0,0.E0));
#4609=DIRECTION('',(0.E0,0.E0,1.E0));
#4610=AXIS2_PLACEMENT_3D('',#4607,#4608,#4609);
#4612=CARTESIAN_POINT('',(-1.53E0,4.34E0,1.6666E0));
#4613=DIRECTION('',(0.E0,0.E0,-1.E0));
#4614=DIRECTION('',(0.E0,1.E0,0.E0));
#4615=AXIS2_PLACEMENT_3D('',#4612,#4613,#4614);
#4617=DIRECTION('',(0.E0,0.E0,-1.E0));
#4618=VECTOR('',#4617,4.7666E0);
#4619=CARTESIAN_POINT('',(-1.53E0,4.57E0,1.6666E0));
#4620=LINE('',#4619,#4618);
#4621=CARTESIAN_POINT('',(-1.53E0,4.34E0,1.6666E0));
#4622=DIRECTION('',(0.E0,0.E0,-1.E0));
#4623=DIRECTION('',(0.E0,-1.E0,0.E0));
#4624=AXIS2_PLACEMENT_3D('',#4621,#4622,#4623);
#4626=DIRECTION('',(0.E0,0.E0,-1.E0));
#4627=VECTOR('',#4626,4.7666E0);
#4628=CARTESIAN_POINT('',(-1.53E0,4.11E0,1.6666E0));
#4629=LINE('',#4628,#4627);
#4630=CARTESIAN_POINT('',(-1.53E0,4.34E0,-3.1E0));
#4631=DIRECTION('',(0.E0,0.E0,-1.E0));
#4632=DIRECTION('',(0.E0,1.E0,0.E0));
#4633=AXIS2_PLACEMENT_3D('',#4630,#4631,#4632);
#4635=CARTESIAN_POINT('',(-1.53E0,4.34E0,-3.1E0));
#4636=DIRECTION('',(0.E0,0.E0,-1.E0));
#4637=DIRECTION('',(0.E0,-1.E0,0.E0));
#4638=AXIS2_PLACEMENT_3D('',#4635,#4636,#4637);
#4640=CARTESIAN_POINT('',(-1.25E0,-4.3E0,1.205E1));
#4641=CARTESIAN_POINT('',(-1.25E0,-4.3E0,1.34E1));
#4642=VERTEX_POINT('',#4640);
#4643=VERTEX_POINT('',#4641);
#4644=CARTESIAN_POINT('',(1.25E0,-4.3E0,1.34E1));
#4645=CARTESIAN_POINT('',(1.25E0,-4.3E0,1.205E1));
#4646=VERTEX_POINT('',#4644);
#4647=VERTEX_POINT('',#4645);
#4648=CARTESIAN_POINT('',(-3.8E0,4.8E0,9.6E0));
#4649=CARTESIAN_POINT('',(-2.2E0,4.8E0,9.6E0));
#4650=VERTEX_POINT('',#4648);
#4651=VERTEX_POINT('',#4649);
#4652=CARTESIAN_POINT('',(3.8E0,4.8E0,9.6E0));
#4653=CARTESIAN_POINT('',(2.2E0,4.8E0,9.6E0));
#4654=VERTEX_POINT('',#4652);
#4655=VERTEX_POINT('',#4653);
#4656=CARTESIAN_POINT('',(-2.2E0,4.E0,1.06E1));
#4657=CARTESIAN_POINT('',(-3.8E0,4.E0,1.06E1));
#4658=VERTEX_POINT('',#4656);
#4659=VERTEX_POINT('',#4657);
#4660=CARTESIAN_POINT('',(-3.8E0,4.E0,9.6E0));
#4661=VERTEX_POINT('',#4660);
#4662=CARTESIAN_POINT('',(3.8E0,4.E0,1.06E1));
#4663=CARTESIAN_POINT('',(3.8E0,4.E0,9.6E0));
#4664=VERTEX_POINT('',#4662);
#4665=VERTEX_POINT('',#4663);
#4666=CARTESIAN_POINT('',(2.2E0,4.E0,1.06E1));
#4667=VERTEX_POINT('',#4666);
#4668=CARTESIAN_POINT('',(-3.8E0,4.8E0,3.77E0));
#4669=VERTEX_POINT('',#4668);
#4670=CARTESIAN_POINT('',(3.8E0,4.8E0,3.77E0));
#4671=VERTEX_POINT('',#4670);
#4672=CARTESIAN_POINT('',(-2.2E0,4.E0,9.6E0));
#4673=VERTEX_POINT('',#4672);
#4674=CARTESIAN_POINT('',(2.2E0,4.E0,9.6E0));
#4675=VERTEX_POINT('',#4674);
#4676=CARTESIAN_POINT('',(5.E0,6.5E0,0.E0));
#4677=CARTESIAN_POINT('',(3.8E0,6.5E0,0.E0));
#4678=VERTEX_POINT('',#4676);
#4679=VERTEX_POINT('',#4677);
#4680=CARTESIAN_POINT('',(-3.8E0,6.5E0,0.E0));
#4681=CARTESIAN_POINT('',(-5.E0,6.5E0,0.E0));
#4682=VERTEX_POINT('',#4680);
#4683=VERTEX_POINT('',#4681);
#4684=CARTESIAN_POINT('',(-3.8E0,-4.5E0,3.77E0));
#4685=VERTEX_POINT('',#4684);
#4686=CARTESIAN_POINT('',(3.8E0,-4.5E0,3.77E0));
#4687=VERTEX_POINT('',#4686);
#4688=CARTESIAN_POINT('',(-3.8E0,-4.5E0,5.E-1));
#4689=VERTEX_POINT('',#4688);
#4690=CARTESIAN_POINT('',(3.8E0,-4.5E0,5.E-1));
#4691=VERTEX_POINT('',#4690);
#4692=CARTESIAN_POINT('',(-1.25E0,-4.5E0,1.34E1));
#4693=CARTESIAN_POINT('',(1.25E0,-4.5E0,1.34E1));
#4694=VERTEX_POINT('',#4692);
#4695=VERTEX_POINT('',#4693);
#4696=CARTESIAN_POINT('',(-1.25E0,-6.25E0,1.3925E1));
#4697=CARTESIAN_POINT('',(-1.25E0,-6.25E0,1.205E1));
#4698=VERTEX_POINT('',#4696);
#4699=VERTEX_POINT('',#4697);
#4700=CARTESIAN_POINT('',(-1.5E0,-6.5E0,1.4E1));
#4701=CARTESIAN_POINT('',(-1.5E0,-6.5E0,1.23E1));
#4702=VERTEX_POINT('',#4700);
#4703=VERTEX_POINT('',#4701);
#4704=CARTESIAN_POINT('',(-2.45E0,-6.5E0,1.23E1));
#4705=VERTEX_POINT('',#4704);
#4706=CARTESIAN_POINT('',(-2.2E0,-6.25E0,1.205E1));
#4707=VERTEX_POINT('',#4706);
#4708=CARTESIAN_POINT('',(-2.2E0,-6.25E0,1.06E1));
#4709=VERTEX_POINT('',#4708);
#4710=CARTESIAN_POINT('',(-2.45E0,-6.5E0,1.085E1));
#4711=VERTEX_POINT('',#4710);
#4712=CARTESIAN_POINT('',(-4.05E0,-6.5E0,1.085E1));
#4713=VERTEX_POINT('',#4712);
#4714=CARTESIAN_POINT('',(-3.8E0,-6.25E0,1.06E1));
#4715=VERTEX_POINT('',#4714);
#4716=CARTESIAN_POINT('',(2.2E0,-6.25E0,1.06E1));
#4717=CARTESIAN_POINT('',(3.8E0,-6.25E0,1.06E1));
#4718=VERTEX_POINT('',#4716);
#4719=VERTEX_POINT('',#4717);
#4720=CARTESIAN_POINT('',(2.45E0,-6.5E0,1.085E1));
#4721=CARTESIAN_POINT('',(4.05E0,-6.5E0,1.085E1));
#4722=VERTEX_POINT('',#4720);
#4723=VERTEX_POINT('',#4721);
#4724=CARTESIAN_POINT('',(2.45E0,-6.5E0,1.23E1));
#4725=VERTEX_POINT('',#4724);
#4726=CARTESIAN_POINT('',(2.2E0,-6.25E0,1.205E1));
#4727=VERTEX_POINT('',#4726);
#4728=CARTESIAN_POINT('',(1.25E0,-6.25E0,1.205E1));
#4729=VERTEX_POINT('',#4728);
#4730=CARTESIAN_POINT('',(1.5E0,-6.5E0,1.23E1));
#4731=VERTEX_POINT('',#4730);
#4732=CARTESIAN_POINT('',(1.5E0,-6.5E0,1.4E1));
#4733=VERTEX_POINT('',#4732);
#4734=CARTESIAN_POINT('',(1.25E0,-6.25E0,1.3925E1));
#4735=VERTEX_POINT('',#4734);
#4736=CARTESIAN_POINT('',(-3.8E0,6.5E0,1.14E1));
#4737=CARTESIAN_POINT('',(3.8E0,6.5E0,1.14E1));
#4738=VERTEX_POINT('',#4736);
#4739=VERTEX_POINT('',#4737);
#4740=CARTESIAN_POINT('',(3.8E0,6.5E0,1.34E1));
#4741=VERTEX_POINT('',#4740);
#4742=CARTESIAN_POINT('',(-3.8E0,6.5E0,1.34E1));
#4743=VERTEX_POINT('',#4742);
#4744=CARTESIAN_POINT('',(3.8E0,-4.3E0,1.34E1));
#4745=VERTEX_POINT('',#4744);
#4746=CARTESIAN_POINT('',(-3.8E0,-4.3E0,1.34E1));
#4747=VERTEX_POINT('',#4746);
#4748=CARTESIAN_POINT('',(1.255E0,6.5E0,3.77E0));
#4749=CARTESIAN_POINT('',(1.805E0,6.5E0,3.77E0));
#4750=VERTEX_POINT('',#4748);
#4751=VERTEX_POINT('',#4749);
#4752=CARTESIAN_POINT('',(1.805E0,6.5E0,7.27E0));
#4753=VERTEX_POINT('',#4752);
#4754=CARTESIAN_POINT('',(1.255E0,6.5E0,7.27E0));
#4755=VERTEX_POINT('',#4754);
#4756=CARTESIAN_POINT('',(1.805E0,4.8E0,3.77E0));
#4757=CARTESIAN_POINT('',(1.805E0,4.8E0,7.27E0));
#4758=VERTEX_POINT('',#4756);
#4759=VERTEX_POINT('',#4757);
#4760=CARTESIAN_POINT('',(1.255E0,4.8E0,7.27E0));
#4761=VERTEX_POINT('',#4760);
#4762=CARTESIAN_POINT('',(1.255E0,4.8E0,3.77E0));
#4763=VERTEX_POINT('',#4762);
#4764=CARTESIAN_POINT('',(-3.8E0,6.5E0,2.8E0));
#4765=CARTESIAN_POINT('',(3.8E0,6.5E0,2.8E0));
#4766=VERTEX_POINT('',#4764);
#4767=VERTEX_POINT('',#4765);
#4768=CARTESIAN_POINT('',(1.255E0,-1.2E0,1.17E0));
#4769=CARTESIAN_POINT('',(1.805E0,-1.2E0,1.17E0));
#4770=VERTEX_POINT('',#4768);
#4771=VERTEX_POINT('',#4769);
#4772=CARTESIAN_POINT('',(1.805E0,-4.5E0,3.77E0));
#4773=CARTESIAN_POINT('',(1.805E0,-1.2E0,3.77E0));
#4774=VERTEX_POINT('',#4772);
#4775=VERTEX_POINT('',#4773);
#4776=CARTESIAN_POINT('',(1.255E0,-1.2E0,2.8E0));
#4777=CARTESIAN_POINT('',(1.805E0,-1.2E0,2.8E0));
#4778=VERTEX_POINT('',#4776);
#4779=VERTEX_POINT('',#4777);
#4780=CARTESIAN_POINT('',(1.255E0,-1.2E0,1.45E0));
#4781=CARTESIAN_POINT('',(1.805E0,-1.2E0,1.45E0));
#4782=VERTEX_POINT('',#4780);
#4783=VERTEX_POINT('',#4781);
#4784=CARTESIAN_POINT('',(1.255E0,-1.2E0,3.77E0));
#4785=VERTEX_POINT('',#4784);
#4786=CARTESIAN_POINT('',(1.255E0,5.E0,2.8E0));
#4787=VERTEX_POINT('',#4786);
#4788=CARTESIAN_POINT('',(1.805E0,5.E0,2.8E0));
#4789=VERTEX_POINT('',#4788);
#4790=CARTESIAN_POINT('',(2.35E-1,4.8E0,3.77E0));
#4791=CARTESIAN_POINT('',(2.35E-1,6.5E0,3.77E0));
#4792=VERTEX_POINT('',#4790);
#4793=VERTEX_POINT('',#4791);
#4794=CARTESIAN_POINT('',(7.85E-1,4.8E0,3.77E0));
#4795=CARTESIAN_POINT('',(7.85E-1,6.5E0,3.77E0));
#4796=VERTEX_POINT('',#4794);
#4797=VERTEX_POINT('',#4795);
#4798=CARTESIAN_POINT('',(7.85E-1,4.8E0,7.27E0));
#4799=CARTESIAN_POINT('',(7.85E-1,6.5E0,7.27E0));
#4800=VERTEX_POINT('',#4798);
#4801=VERTEX_POINT('',#4799);
#4802=CARTESIAN_POINT('',(2.35E-1,4.8E0,7.27E0));
#4803=CARTESIAN_POINT('',(2.35E-1,6.5E0,7.27E0));
#4804=VERTEX_POINT('',#4802);
#4805=VERTEX_POINT('',#4803);
#4806=CARTESIAN_POINT('',(2.35E-1,-1.2E0,1.17E0));
#4807=CARTESIAN_POINT('',(7.85E-1,-1.2E0,1.17E0));
#4808=VERTEX_POINT('',#4806);
#4809=VERTEX_POINT('',#4807);
#4810=CARTESIAN_POINT('',(2.35E-1,5.E0,2.8E0));
#4811=CARTESIAN_POINT('',(2.35E-1,-1.2E0,2.8E0));
#4812=VERTEX_POINT('',#4810);
#4813=VERTEX_POINT('',#4811);
#4814=CARTESIAN_POINT('',(7.85E-1,-1.2E0,2.8E0));
#4815=CARTESIAN_POINT('',(7.85E-1,5.E0,2.8E0));
#4816=VERTEX_POINT('',#4814);
#4817=VERTEX_POINT('',#4815);
#4818=CARTESIAN_POINT('',(-7.85E-1,4.8E0,3.77E0));
#4819=CARTESIAN_POINT('',(-7.85E-1,6.5E0,3.77E0));
#4820=VERTEX_POINT('',#4818);
#4821=VERTEX_POINT('',#4819);
#4822=CARTESIAN_POINT('',(-2.35E-1,4.8E0,3.77E0));
#4823=CARTESIAN_POINT('',(-2.35E-1,6.5E0,3.77E0));
#4824=VERTEX_POINT('',#4822);
#4825=VERTEX_POINT('',#4823);
#4826=CARTESIAN_POINT('',(-2.35E-1,4.8E0,7.27E0));
#4827=CARTESIAN_POINT('',(-2.35E-1,6.5E0,7.27E0));
#4828=VERTEX_POINT('',#4826);
#4829=VERTEX_POINT('',#4827);
#4830=CARTESIAN_POINT('',(-7.85E-1,4.8E0,7.27E0));
#4831=CARTESIAN_POINT('',(-7.85E-1,6.5E0,7.27E0));
#4832=VERTEX_POINT('',#4830);
#4833=VERTEX_POINT('',#4831);
#4834=CARTESIAN_POINT('',(-7.85E-1,-1.2E0,1.17E0));
#4835=CARTESIAN_POINT('',(-2.35E-1,-1.2E0,1.17E0));
#4836=VERTEX_POINT('',#4834);
#4837=VERTEX_POINT('',#4835);
#4838=CARTESIAN_POINT('',(-7.85E-1,5.E0,2.8E0));
#4839=CARTESIAN_POINT('',(-7.85E-1,-1.2E0,2.8E0));
#4840=VERTEX_POINT('',#4838);
#4841=VERTEX_POINT('',#4839);
#4842=CARTESIAN_POINT('',(-2.35E-1,-1.2E0,2.8E0));
#4843=CARTESIAN_POINT('',(-2.35E-1,5.E0,2.8E0));
#4844=VERTEX_POINT('',#4842);
#4845=VERTEX_POINT('',#4843);
#4846=CARTESIAN_POINT('',(-1.805E0,4.8E0,3.77E0));
#4847=CARTESIAN_POINT('',(-1.805E0,6.5E0,3.77E0));
#4848=VERTEX_POINT('',#4846);
#4849=VERTEX_POINT('',#4847);
#4850=CARTESIAN_POINT('',(-1.255E0,4.8E0,3.77E0));
#4851=CARTESIAN_POINT('',(-1.255E0,6.5E0,3.77E0));
#4852=VERTEX_POINT('',#4850);
#4853=VERTEX_POINT('',#4851);
#4854=CARTESIAN_POINT('',(-1.255E0,4.8E0,7.27E0));
#4855=CARTESIAN_POINT('',(-1.255E0,6.5E0,7.27E0));
#4856=VERTEX_POINT('',#4854);
#4857=VERTEX_POINT('',#4855);
#4858=CARTESIAN_POINT('',(-1.805E0,4.8E0,7.27E0));
#4859=CARTESIAN_POINT('',(-1.805E0,6.5E0,7.27E0));
#4860=VERTEX_POINT('',#4858);
#4861=VERTEX_POINT('',#4859);
#4862=CARTESIAN_POINT('',(-1.805E0,-1.2E0,1.17E0));
#4863=CARTESIAN_POINT('',(-1.255E0,-1.2E0,1.17E0));
#4864=VERTEX_POINT('',#4862);
#4865=VERTEX_POINT('',#4863);
#4866=CARTESIAN_POINT('',(-1.805E0,5.E0,2.8E0));
#4867=CARTESIAN_POINT('',(-1.805E0,-1.2E0,2.8E0));
#4868=VERTEX_POINT('',#4866);
#4869=VERTEX_POINT('',#4867);
#4870=CARTESIAN_POINT('',(-1.255E0,-1.2E0,2.8E0));
#4871=CARTESIAN_POINT('',(-1.255E0,5.E0,2.8E0));
#4872=VERTEX_POINT('',#4870);
#4873=VERTEX_POINT('',#4871);
#4874=CARTESIAN_POINT('',(2.35E-1,-1.2E0,1.45E0));
#4875=CARTESIAN_POINT('',(7.85E-1,-1.2E0,1.45E0));
#4876=VERTEX_POINT('',#4874);
#4877=VERTEX_POINT('',#4875);
#4878=CARTESIAN_POINT('',(2.35E-1,-1.2E0,3.77E0));
#4879=VERTEX_POINT('',#4878);
#4880=CARTESIAN_POINT('',(7.85E-1,-1.2E0,3.77E0));
#4881=VERTEX_POINT('',#4880);
#4882=CARTESIAN_POINT('',(-7.85E-1,-1.2E0,1.45E0));
#4883=CARTESIAN_POINT('',(-2.35E-1,-1.2E0,1.45E0));
#4884=VERTEX_POINT('',#4882);
#4885=VERTEX_POINT('',#4883);
#4886=CARTESIAN_POINT('',(-7.85E-1,-1.2E0,3.77E0));
#4887=VERTEX_POINT('',#4886);
#4888=CARTESIAN_POINT('',(-2.35E-1,-1.2E0,3.77E0));
#4889=VERTEX_POINT('',#4888);
#4890=CARTESIAN_POINT('',(-1.805E0,-4.5E0,3.77E0));
#4891=CARTESIAN_POINT('',(-1.805E0,-1.2E0,3.77E0));
#4892=VERTEX_POINT('',#4890);
#4893=VERTEX_POINT('',#4891);
#4894=CARTESIAN_POINT('',(-1.805E0,-1.2E0,1.45E0));
#4895=CARTESIAN_POINT('',(-1.255E0,-1.2E0,1.45E0));
#4896=VERTEX_POINT('',#4894);
#4897=VERTEX_POINT('',#4895);
#4898=CARTESIAN_POINT('',(-1.255E0,-1.2E0,3.77E0));
#4899=VERTEX_POINT('',#4898);
#4900=CARTESIAN_POINT('',(1.805E0,5.E0,5.E-1));
#4901=CARTESIAN_POINT('',(1.805E0,1.4E0,5.E-1));
#4902=VERTEX_POINT('',#4900);
#4903=VERTEX_POINT('',#4901);
#4904=CARTESIAN_POINT('',(1.255E0,1.4E0,5.E-1));
#4905=VERTEX_POINT('',#4904);
#4906=CARTESIAN_POINT('',(1.255E0,5.E0,5.E-1));
#4907=VERTEX_POINT('',#4906);
#4908=CARTESIAN_POINT('',(7.85E-1,5.E0,5.E-1));
#4909=CARTESIAN_POINT('',(7.85E-1,3.94E0,5.E-1));
#4910=VERTEX_POINT('',#4908);
#4911=VERTEX_POINT('',#4909);
#4912=CARTESIAN_POINT('',(2.35E-1,3.94E0,5.E-1));
#4913=VERTEX_POINT('',#4912);
#4914=CARTESIAN_POINT('',(2.35E-1,5.E0,5.E-1));
#4915=VERTEX_POINT('',#4914);
#4916=CARTESIAN_POINT('',(1.255E0,1.4E0,1.45E0));
#4917=CARTESIAN_POINT('',(1.805E0,1.4E0,1.45E0));
#4918=VERTEX_POINT('',#4916);
#4919=VERTEX_POINT('',#4917);
#4920=CARTESIAN_POINT('',(2.35E-1,3.94E0,1.45E0));
#4921=CARTESIAN_POINT('',(7.85E-1,3.94E0,1.45E0));
#4922=VERTEX_POINT('',#4920);
#4923=VERTEX_POINT('',#4921);
#4924=CARTESIAN_POINT('',(3.8E0,5.E0,5.E-1));
#4925=VERTEX_POINT('',#4924);
#4926=CARTESIAN_POINT('',(-2.35E-1,5.E0,5.E-1));
#4927=CARTESIAN_POINT('',(-2.35E-1,1.4E0,5.E-1));
#4928=VERTEX_POINT('',#4926);
#4929=VERTEX_POINT('',#4927);
#4930=CARTESIAN_POINT('',(-7.85E-1,1.4E0,5.E-1));
#4931=VERTEX_POINT('',#4930);
#4932=CARTESIAN_POINT('',(-7.85E-1,5.E0,5.E-1));
#4933=VERTEX_POINT('',#4932);
#4934=CARTESIAN_POINT('',(-1.255E0,5.E0,5.E-1));
#4935=CARTESIAN_POINT('',(-1.255E0,3.94E0,5.E-1));
#4936=VERTEX_POINT('',#4934);
#4937=VERTEX_POINT('',#4935);
#4938=CARTESIAN_POINT('',(-1.805E0,3.94E0,5.E-1));
#4939=VERTEX_POINT('',#4938);
#4940=CARTESIAN_POINT('',(-1.805E0,5.E0,5.E-1));
#4941=VERTEX_POINT('',#4940);
#4942=CARTESIAN_POINT('',(-7.85E-1,1.4E0,1.45E0));
#4943=CARTESIAN_POINT('',(-2.35E-1,1.4E0,1.45E0));
#4944=VERTEX_POINT('',#4942);
#4945=VERTEX_POINT('',#4943);
#4946=CARTESIAN_POINT('',(-1.805E0,3.94E0,1.45E0));
#4947=CARTESIAN_POINT('',(-1.255E0,3.94E0,1.45E0));
#4948=VERTEX_POINT('',#4946);
#4949=VERTEX_POINT('',#4947);
#4950=CARTESIAN_POINT('',(-3.8E0,5.E0,5.E-1));
#4951=VERTEX_POINT('',#4950);
#4952=CARTESIAN_POINT('',(1.53E0,-2.311649202949E0,3.024794837247E0));
#4953=CARTESIAN_POINT('',(1.53E0,-2.523048808387E0,3.433341293383E0));
#4954=VERTEX_POINT('',#4952);
#4955=VERTEX_POINT('',#4953);
#4956=CARTESIAN_POINT('',(1.53E0,-1.518870372652E0,1.943335549742E0));
#4957=CARTESIAN_POINT('',(1.53E0,-1.192872008834E0,1.618797313493E0));
#4958=VERTEX_POINT('',#4956);
#4959=VERTEX_POINT('',#4957);
#4960=CARTESIAN_POINT('',(1.53E0,-1.240866159087E0,2.222590529999E0));
#4961=CARTESIAN_POINT('',(1.53E0,-9.148677952692E-1,1.898052293750E0));
#4962=VERTEX_POINT('',#4960);
#4963=VERTEX_POINT('',#4961);
#4964=CARTESIAN_POINT('',(1.53E0,-8.221E-1,2.3966E0));
#4965=CARTESIAN_POINT('',(1.53E0,-8.221E-1,1.9366E0));
#4966=VERTEX_POINT('',#4964);
#4967=VERTEX_POINT('',#4965);
#4968=CARTESIAN_POINT('',(1.53E0,1.3E0,2.3966E0));
#4969=CARTESIAN_POINT('',(1.53E0,1.3E0,1.9366E0));
#4970=VERTEX_POINT('',#4968);
#4971=VERTEX_POINT('',#4969);
#4972=CARTESIAN_POINT('',(1.53E0,2.03E0,1.6666E0));
#4973=CARTESIAN_POINT('',(1.53E0,1.57E0,1.6666E0));
#4974=VERTEX_POINT('',#4972);
#4975=VERTEX_POINT('',#4973);
#4976=CARTESIAN_POINT('',(1.53E0,2.03E0,-3.1E0));
#4977=CARTESIAN_POINT('',(1.53E0,1.57E0,-3.1E0));
#4978=VERTEX_POINT('',#4976);
#4979=VERTEX_POINT('',#4977);
#4980=CARTESIAN_POINT('',(5.1E-1,-2.311649202949E0,3.024794837247E0));
#4981=CARTESIAN_POINT('',(5.1E-1,-2.523048808387E0,3.433341293383E0));
#4982=VERTEX_POINT('',#4980);
#4983=VERTEX_POINT('',#4981);
#4984=CARTESIAN_POINT('',(5.1E-1,-1.518870372652E0,1.943335549742E0));
#4985=CARTESIAN_POINT('',(5.1E-1,-1.192872008834E0,1.618797313493E0));
#4986=VERTEX_POINT('',#4984);
#4987=VERTEX_POINT('',#4985);
#4988=CARTESIAN_POINT('',(5.1E-1,-1.240866159087E0,2.222590529999E0));
#4989=CARTESIAN_POINT('',(5.1E-1,-9.148677952692E-1,1.898052293750E0));
#4990=VERTEX_POINT('',#4988);
#4991=VERTEX_POINT('',#4989);
#4992=CARTESIAN_POINT('',(5.1E-1,-8.221E-1,2.3966E0));
#4993=CARTESIAN_POINT('',(5.1E-1,-8.221E-1,1.9366E0));
#4994=VERTEX_POINT('',#4992);
#4995=VERTEX_POINT('',#4993);
#4996=CARTESIAN_POINT('',(5.1E-1,3.84E0,2.3966E0));
#4997=CARTESIAN_POINT('',(5.1E-1,3.84E0,1.9366E0));
#4998=VERTEX_POINT('',#4996);
#4999=VERTEX_POINT('',#4997);
#5000=CARTESIAN_POINT('',(5.1E-1,4.57E0,1.6666E0));
#5001=CARTESIAN_POINT('',(5.1E-1,4.11E0,1.6666E0));
#5002=VERTEX_POINT('',#5000);
#5003=VERTEX_POINT('',#5001);
#5004=CARTESIAN_POINT('',(5.1E-1,4.57E0,-3.1E0));
#5005=CARTESIAN_POINT('',(5.1E-1,4.11E0,-3.1E0));
#5006=VERTEX_POINT('',#5004);
#5007=VERTEX_POINT('',#5005);
#5008=CARTESIAN_POINT('',(-4.E0,-5.E-1,0.E0));
#5009=CARTESIAN_POINT('',(-5.E0,-1.5E0,0.E0));
#5010=VERTEX_POINT('',#5008);
#5011=VERTEX_POINT('',#5009);
#5012=CARTESIAN_POINT('',(-5.E0,5.E-1,0.E0));
#5013=VERTEX_POINT('',#5012);
#5014=CARTESIAN_POINT('',(-5.E0,-6.5E0,0.E0));
#5015=VERTEX_POINT('',#5014);
#5016=CARTESIAN_POINT('',(-5.E0,-5.E-1,2.2E0));
#5017=CARTESIAN_POINT('',(-5.E0,5.E-1,1.E0));
#5018=VERTEX_POINT('',#5016);
#5019=VERTEX_POINT('',#5017);
#5020=CARTESIAN_POINT('',(-5.E0,-1.5E0,1.E0));
#5021=CARTESIAN_POINT('',(-6.E0,-5.E-1,1.E0));
#5022=VERTEX_POINT('',#5020);
#5023=VERTEX_POINT('',#5021);
#5024=CARTESIAN_POINT('',(-5.25E0,2.599342076785E-1,-3.1E0));
#5025=CARTESIAN_POINT('',(-5.25E0,-1.259934207679E0,-3.1E0));
#5026=VERTEX_POINT('',#5024);
#5027=VERTEX_POINT('',#5025);
#5028=CARTESIAN_POINT('',(-4.75E0,2.599342076785E-1,-3.1E0));
#5029=CARTESIAN_POINT('',(-4.75E0,-1.259934207679E0,-3.1E0));
#5030=VERTEX_POINT('',#5028);
#5031=VERTEX_POINT('',#5029);
#5032=CARTESIAN_POINT('',(-5.25E0,-1.468245836552E0,-5.5E-1));
#5033=CARTESIAN_POINT('',(-5.25E0,4.682458365519E-1,-5.5E-1));
#5034=VERTEX_POINT('',#5032);
#5035=VERTEX_POINT('',#5033);
#5036=CARTESIAN_POINT('',(-4.75E0,-1.468245836552E0,-5.5E-1));
#5037=CARTESIAN_POINT('',(-4.75E0,4.682458365519E-1,-5.5E-1));
#5038=VERTEX_POINT('',#5036);
#5039=VERTEX_POINT('',#5037);
#5040=CARTESIAN_POINT('',(-5.25E0,-1.468245836552E0,-1.6E0));
#5041=VERTEX_POINT('',#5040);
#5042=CARTESIAN_POINT('',(-4.75E0,-1.468245836552E0,-1.6E0));
#5043=VERTEX_POINT('',#5042);
#5044=CARTESIAN_POINT('',(-5.25E0,4.682458365519E-1,-1.6E0));
#5045=VERTEX_POINT('',#5044);
#5046=CARTESIAN_POINT('',(-4.75E0,4.682458365519E-1,-1.6E0));
#5047=VERTEX_POINT('',#5046);
#5048=CARTESIAN_POINT('',(-6.E0,-5.E-1,-1.6E0));
#5049=VERTEX_POINT('',#5048);
#5050=CARTESIAN_POINT('',(-4.E0,-5.E-1,-1.6E0));
#5051=VERTEX_POINT('',#5050);
#5052=VERTEX_POINT('',#1954);
#5053=VERTEX_POINT('',#1961);
#5054=VERTEX_POINT('',#1994);
#5055=VERTEX_POINT('',#2001);
#5056=VERTEX_POINT('',#1980);
#5057=VERTEX_POINT('',#1987);
#5058=VERTEX_POINT('',#2008);
#5059=VERTEX_POINT('',#2015);
#5060=CARTESIAN_POINT('',(-5.25E0,-1.5E0,-1.6E0));
#5061=VERTEX_POINT('',#5060);
#5062=CARTESIAN_POINT('',(-5.25E0,5.E-1,-1.6E0));
#5063=VERTEX_POINT('',#5062);
#5064=CARTESIAN_POINT('',(-4.75E0,-1.5E0,-1.6E0));
#5065=VERTEX_POINT('',#5064);
#5066=CARTESIAN_POINT('',(-4.75E0,5.E-1,-1.6E0));
#5067=VERTEX_POINT('',#5066);
#5068=CARTESIAN_POINT('',(-5.830662386292E0,-1.5E0,-1.6E0));
#5069=VERTEX_POINT('',#5068);
#5070=CARTESIAN_POINT('',(-4.169337613708E0,-1.5E0,-1.6E0));
#5071=VERTEX_POINT('',#5070);
#5072=CARTESIAN_POINT('',(-4.169337613708E0,5.E-1,-1.6E0));
#5073=VERTEX_POINT('',#5072);
#5074=CARTESIAN_POINT('',(-5.830662386292E0,5.E-1,-1.6E0));
#5075=VERTEX_POINT('',#5074);
#5076=CARTESIAN_POINT('',(4.E0,-5.E-1,0.E0));
#5077=CARTESIAN_POINT('',(5.E0,-1.5E0,0.E0));
#5078=VERTEX_POINT('',#5076);
#5079=VERTEX_POINT('',#5077);
#5080=CARTESIAN_POINT('',(5.E0,5.E-1,0.E0));
#5081=VERTEX_POINT('',#5080);
#5082=CARTESIAN_POINT('',(5.E0,-6.5E0,0.E0));
#5083=VERTEX_POINT('',#5082);
#5084=CARTESIAN_POINT('',(5.E0,-5.E-1,2.2E0));
#5085=CARTESIAN_POINT('',(5.E0,5.E-1,1.E0));
#5086=VERTEX_POINT('',#5084);
#5087=VERTEX_POINT('',#5085);
#5088=CARTESIAN_POINT('',(5.E0,-1.5E0,1.E0));
#5089=CARTESIAN_POINT('',(6.E0,-5.E-1,1.E0));
#5090=VERTEX_POINT('',#5088);
#5091=VERTEX_POINT('',#5089);
#5092=CARTESIAN_POINT('',(4.E0,-5.E-1,-1.6E0));
#5093=VERTEX_POINT('',#5092);
#5094=CARTESIAN_POINT('',(6.E0,-5.E-1,-1.6E0));
#5095=VERTEX_POINT('',#5094);
#5096=CARTESIAN_POINT('',(5.25E0,2.599342076785E-1,-3.1E0));
#5097=CARTESIAN_POINT('',(5.25E0,-1.259934207679E0,-3.1E0));
#5098=VERTEX_POINT('',#5096);
#5099=VERTEX_POINT('',#5097);
#5100=CARTESIAN_POINT('',(4.75E0,2.599342076785E-1,-3.1E0));
#5101=CARTESIAN_POINT('',(4.75E0,-1.259934207679E0,-3.1E0));
#5102=VERTEX_POINT('',#5100);
#5103=VERTEX_POINT('',#5101);
#5104=CARTESIAN_POINT('',(4.75E0,-1.468245836552E0,-1.6E0));
#5105=VERTEX_POINT('',#5104);
#5106=CARTESIAN_POINT('',(5.25E0,-1.468245836552E0,-1.6E0));
#5107=VERTEX_POINT('',#5106);
#5108=CARTESIAN_POINT('',(5.25E0,4.682458365519E-1,-1.6E0));
#5109=VERTEX_POINT('',#5108);
#5110=CARTESIAN_POINT('',(4.75E0,4.682458365519E-1,-1.6E0));
#5111=VERTEX_POINT('',#5110);
#5112=CARTESIAN_POINT('',(5.25E0,4.682458365519E-1,-5.5E-1));
#5113=CARTESIAN_POINT('',(5.25E0,-1.468245836552E0,-5.5E-1));
#5114=VERTEX_POINT('',#5112);
#5115=VERTEX_POINT('',#5113);
#5116=CARTESIAN_POINT('',(4.75E0,4.682458365519E-1,-5.5E-1));
#5117=CARTESIAN_POINT('',(4.75E0,-1.468245836552E0,-5.5E-1));
#5118=VERTEX_POINT('',#5116);
#5119=VERTEX_POINT('',#5117);
#5120=VERTEX_POINT('',#2248);
#5121=VERTEX_POINT('',#2255);
#5122=VERTEX_POINT('',#2288);
#5123=VERTEX_POINT('',#2295);
#5124=VERTEX_POINT('',#2262);
#5125=VERTEX_POINT('',#2269);
#5126=VERTEX_POINT('',#2314);
#5127=VERTEX_POINT('',#2321);
#5128=CARTESIAN_POINT('',(5.830662386292E0,-1.5E0,-1.6E0));
#5129=CARTESIAN_POINT('',(5.25E0,-1.5E0,-1.6E0));
#5130=VERTEX_POINT('',#5128);
#5131=VERTEX_POINT('',#5129);
#5132=CARTESIAN_POINT('',(4.75E0,-1.5E0,-1.6E0));
#5133=CARTESIAN_POINT('',(4.169337613708E0,-1.5E0,-1.6E0));
#5134=VERTEX_POINT('',#5132);
#5135=VERTEX_POINT('',#5133);
#5136=CARTESIAN_POINT('',(4.169337613708E0,5.E-1,-1.6E0));
#5137=CARTESIAN_POINT('',(4.75E0,5.E-1,-1.6E0));
#5138=VERTEX_POINT('',#5136);
#5139=VERTEX_POINT('',#5137);
#5140=CARTESIAN_POINT('',(5.25E0,5.E-1,-1.6E0));
#5141=CARTESIAN_POINT('',(5.830662386292E0,5.E-1,-1.6E0));
#5142=VERTEX_POINT('',#5140);
#5143=VERTEX_POINT('',#5141);
#5144=CARTESIAN_POINT('',(-3.8E0,-4.3E0,1.205E1));
#5145=CARTESIAN_POINT('',(-2.2E0,-4.3E0,1.205E1));
#5146=VERTEX_POINT('',#5144);
#5147=VERTEX_POINT('',#5145);
#5148=CARTESIAN_POINT('',(-3.8E0,4.8E0,1.14E1));
#5149=CARTESIAN_POINT('',(-2.2E0,4.8E0,1.14E1));
#5150=VERTEX_POINT('',#5148);
#5151=VERTEX_POINT('',#5149);
#5152=CARTESIAN_POINT('',(2.2E0,4.8E0,1.14E1));
#5153=CARTESIAN_POINT('',(2.2E0,-4.3E0,1.205E1));
#5154=VERTEX_POINT('',#5152);
#5155=VERTEX_POINT('',#5153);
#5156=CARTESIAN_POINT('',(3.8E0,-4.3E0,1.205E1));
#5157=VERTEX_POINT('',#5156);
#5158=CARTESIAN_POINT('',(3.8E0,4.8E0,1.14E1));
#5159=VERTEX_POINT('',#5158);
#5160=VERTEX_POINT('',#506);
#5161=VERTEX_POINT('',#511);
#5162=VERTEX_POINT('',#513);
#5163=CARTESIAN_POINT('',(1.53E0,5.228499802719E0,6.926394033123E0));
#5164=VERTEX_POINT('',#5163);
#5165=CARTESIAN_POINT('',(1.53E0,-1.2E0,3.600010212044E0));
#5166=VERTEX_POINT('',#5165);
#5167=VERTEX_POINT('',#540);
#5168=VERTEX_POINT('',#545);
#5169=VERTEX_POINT('',#547);
#5170=CARTESIAN_POINT('',(5.1E-1,5.228499802719E0,6.926394033123E0));
#5171=VERTEX_POINT('',#5170);
#5172=CARTESIAN_POINT('',(5.1E-1,-1.2E0,3.600010212044E0));
#5173=VERTEX_POINT('',#5172);
#5174=CARTESIAN_POINT('',(-3.8E0,-7.E-1,0.E0));
#5175=CARTESIAN_POINT('',(-3.8E0,-7.E-1,5.E-1));
#5176=VERTEX_POINT('',#5174);
#5177=VERTEX_POINT('',#5175);
#5178=CARTESIAN_POINT('',(-3.8E0,-3.E-1,0.E0));
#5179=CARTESIAN_POINT('',(-3.8E0,-3.E-1,5.E-1));
#5180=VERTEX_POINT('',#5178);
#5181=VERTEX_POINT('',#5179);
#5182=CARTESIAN_POINT('',(3.8E0,-7.E-1,0.E0));
#5183=CARTESIAN_POINT('',(3.8E0,-7.E-1,5.E-1));
#5184=VERTEX_POINT('',#5182);
#5185=VERTEX_POINT('',#5183);
#5186=CARTESIAN_POINT('',(3.8E0,-3.E-1,0.E0));
#5187=CARTESIAN_POINT('',(3.8E0,-3.E-1,5.E-1));
#5188=VERTEX_POINT('',#5186);
#5189=VERTEX_POINT('',#5187);
#5190=CARTESIAN_POINT('',(-4.E0,-6.5E0,1.45E1));
#5191=CARTESIAN_POINT('',(-5.E0,-6.5E0,1.35E1));
#5192=VERTEX_POINT('',#5190);
#5193=VERTEX_POINT('',#5191);
#5194=CARTESIAN_POINT('',(-5.E0,6.5E0,1.35E1));
#5195=VERTEX_POINT('',#5194);
#5196=CARTESIAN_POINT('',(-4.E0,6.5E0,1.45E1));
#5197=VERTEX_POINT('',#5196);
#5198=CARTESIAN_POINT('',(4.E0,6.5E0,1.45E1));
#5199=CARTESIAN_POINT('',(5.E0,6.5E0,1.35E1));
#5200=VERTEX_POINT('',#5198);
#5201=VERTEX_POINT('',#5199);
#5202=CARTESIAN_POINT('',(5.E0,-6.5E0,1.35E1));
#5203=VERTEX_POINT('',#5202);
#5204=CARTESIAN_POINT('',(4.E0,-6.5E0,1.45E1));
#5205=VERTEX_POINT('',#5204);
#5206=CARTESIAN_POINT('',(-3.8E0,-6.25E0,0.E0));
#5207=CARTESIAN_POINT('',(-4.05E0,-6.5E0,0.E0));
#5208=VERTEX_POINT('',#5206);
#5209=VERTEX_POINT('',#5207);
#5210=CARTESIAN_POINT('',(4.05E0,-6.5E0,0.E0));
#5211=CARTESIAN_POINT('',(3.8E0,-6.25E0,0.E0));
#5212=VERTEX_POINT('',#5210);
#5213=VERTEX_POINT('',#5211);
#5214=CARTESIAN_POINT('',(-3.8E0,5.E0,2.8E0));
#5215=VERTEX_POINT('',#5214);
#5216=CARTESIAN_POINT('',(3.8E0,5.E0,2.8E0));
#5217=VERTEX_POINT('',#5216);
#5218=CARTESIAN_POINT('',(1.53E0,4.891597565944E0,7.27E0));
#5219=VERTEX_POINT('',#5218);
#5220=CARTESIAN_POINT('',(5.1E-1,4.891597565944E0,7.27E0));
#5221=VERTEX_POINT('',#5220);
#5222=CARTESIAN_POINT('',(1.698191680796E0,5.050703215004E0,7.27E0));
#5223=VERTEX_POINT('',#5222);
#5224=CARTESIAN_POINT('',(1.361808319204E0,5.050703215004E0,7.27E0));
#5225=VERTEX_POINT('',#5224);
#5226=CARTESIAN_POINT('',(6.781916807962E-1,5.050703215004E0,7.27E0));
#5227=VERTEX_POINT('',#5226);
#5228=CARTESIAN_POINT('',(3.418083192038E-1,5.050703215004E0,7.27E0));
#5229=VERTEX_POINT('',#5228);
#5230=CARTESIAN_POINT('',(-1.255E0,-3.2E0,3.77E0));
#5231=CARTESIAN_POINT('',(-7.85E-1,-3.2E0,3.77E0));
#5232=VERTEX_POINT('',#5230);
#5233=VERTEX_POINT('',#5231);
#5234=CARTESIAN_POINT('',(-2.35E-1,-3.2E0,3.77E0));
#5235=CARTESIAN_POINT('',(2.35E-1,-3.2E0,3.77E0));
#5236=VERTEX_POINT('',#5234);
#5237=VERTEX_POINT('',#5235);
#5238=CARTESIAN_POINT('',(7.85E-1,-3.2E0,3.77E0));
#5239=CARTESIAN_POINT('',(1.255E0,-3.2E0,3.77E0));
#5240=VERTEX_POINT('',#5238);
#5241=VERTEX_POINT('',#5239);
#5242=CARTESIAN_POINT('',(-1.805E0,-3.2E0,5.E-1));
#5243=CARTESIAN_POINT('',(1.805E0,-3.2E0,5.E-1));
#5244=VERTEX_POINT('',#5242);
#5245=VERTEX_POINT('',#5243);
#5246=CARTESIAN_POINT('',(1.805E0,-4.5E0,5.E-1));
#5247=VERTEX_POINT('',#5246);
#5248=CARTESIAN_POINT('',(-1.805E0,-4.5E0,5.E-1));
#5249=VERTEX_POINT('',#5248);
#5250=CARTESIAN_POINT('',(1.255E0,-3.2E0,1.17E0));
#5251=VERTEX_POINT('',#5250);
#5252=CARTESIAN_POINT('',(1.805E0,-3.2E0,1.17E0));
#5253=VERTEX_POINT('',#5252);
#5254=CARTESIAN_POINT('',(2.35E-1,-3.2E0,1.17E0));
#5255=VERTEX_POINT('',#5254);
#5256=CARTESIAN_POINT('',(7.85E-1,-3.2E0,1.17E0));
#5257=VERTEX_POINT('',#5256);
#5258=CARTESIAN_POINT('',(-7.85E-1,-3.2E0,1.17E0));
#5259=VERTEX_POINT('',#5258);
#5260=CARTESIAN_POINT('',(-2.35E-1,-3.2E0,1.17E0));
#5261=VERTEX_POINT('',#5260);
#5262=CARTESIAN_POINT('',(-1.805E0,-3.2E0,1.17E0));
#5263=CARTESIAN_POINT('',(-1.255E0,-3.2E0,1.17E0));
#5264=VERTEX_POINT('',#5262);
#5265=VERTEX_POINT('',#5263);
#5266=CARTESIAN_POINT('',(-5.1E-1,-2.311649202949E0,3.024794837247E0));
#5267=CARTESIAN_POINT('',(-5.1E-1,-2.523048808387E0,3.433341293383E0));
#5268=VERTEX_POINT('',#5266);
#5269=VERTEX_POINT('',#5267);
#5270=CARTESIAN_POINT('',(-5.1E-1,-1.518870372652E0,1.943335549742E0));
#5271=CARTESIAN_POINT('',(-5.1E-1,-1.192872008834E0,1.618797313493E0));
#5272=VERTEX_POINT('',#5270);
#5273=VERTEX_POINT('',#5271);
#5274=CARTESIAN_POINT('',(-5.1E-1,-1.240866159087E0,2.222590529999E0));
#5275=CARTESIAN_POINT('',(-5.1E-1,-9.148677952692E-1,1.898052293750E0));
#5276=VERTEX_POINT('',#5274);
#5277=VERTEX_POINT('',#5275);
#5278=CARTESIAN_POINT('',(-5.1E-1,-8.221E-1,2.3966E0));
#5279=CARTESIAN_POINT('',(-5.1E-1,-8.221E-1,1.9366E0));
#5280=VERTEX_POINT('',#5278);
#5281=VERTEX_POINT('',#5279);
#5282=CARTESIAN_POINT('',(-5.1E-1,1.3E0,2.3966E0));
#5283=CARTESIAN_POINT('',(-5.1E-1,1.3E0,1.9366E0));
#5284=VERTEX_POINT('',#5282);
#5285=VERTEX_POINT('',#5283);
#5286=CARTESIAN_POINT('',(-5.1E-1,2.03E0,1.6666E0));
#5287=CARTESIAN_POINT('',(-5.1E-1,1.57E0,1.6666E0));
#5288=VERTEX_POINT('',#5286);
#5289=VERTEX_POINT('',#5287);
#5290=CARTESIAN_POINT('',(-5.1E-1,2.03E0,-3.1E0));
#5291=CARTESIAN_POINT('',(-5.1E-1,1.57E0,-3.1E0));
#5292=VERTEX_POINT('',#5290);
#5293=VERTEX_POINT('',#5291);
#5294=CARTESIAN_POINT('',(-5.1E-1,5.228499802719E0,6.926394033123E0));
#5295=CARTESIAN_POINT('',(-5.1E-1,-8.714812910607E-1,3.77E0));
#5296=VERTEX_POINT('',#5294);
#5297=VERTEX_POINT('',#5295);
#5298=CARTESIAN_POINT('',(-5.1E-1,-1.2E0,3.600010212044E0));
#5299=VERTEX_POINT('',#5298);
#5300=CARTESIAN_POINT('',(-5.1E-1,4.891597565944E0,7.27E0));
#5301=VERTEX_POINT('',#5300);
#5302=CARTESIAN_POINT('',(-3.418083192038E-1,5.050703215004E0,7.27E0));
#5303=VERTEX_POINT('',#5302);
#5304=CARTESIAN_POINT('',(-6.781916807962E-1,5.050703215004E0,7.27E0));
#5305=VERTEX_POINT('',#5304);
#5306=CARTESIAN_POINT('',(-1.53E0,-2.311649202949E0,3.024794837247E0));
#5307=CARTESIAN_POINT('',(-1.53E0,-2.523048808387E0,3.433341293383E0));
#5308=VERTEX_POINT('',#5306);
#5309=VERTEX_POINT('',#5307);
#5310=CARTESIAN_POINT('',(-1.53E0,-1.518870372652E0,1.943335549742E0));
#5311=CARTESIAN_POINT('',(-1.53E0,-1.192872008834E0,1.618797313493E0));
#5312=VERTEX_POINT('',#5310);
#5313=VERTEX_POINT('',#5311);
#5314=CARTESIAN_POINT('',(-1.53E0,-1.240866159087E0,2.222590529999E0));
#5315=CARTESIAN_POINT('',(-1.53E0,-9.148677952692E-1,1.898052293750E0));
#5316=VERTEX_POINT('',#5314);
#5317=VERTEX_POINT('',#5315);
#5318=CARTESIAN_POINT('',(-1.53E0,-8.221E-1,2.3966E0));
#5319=CARTESIAN_POINT('',(-1.53E0,-8.221E-1,1.9366E0));
#5320=VERTEX_POINT('',#5318);
#5321=VERTEX_POINT('',#5319);
#5322=CARTESIAN_POINT('',(-1.53E0,3.84E0,2.3966E0));
#5323=CARTESIAN_POINT('',(-1.53E0,3.84E0,1.9366E0));
#5324=VERTEX_POINT('',#5322);
#5325=VERTEX_POINT('',#5323);
#5326=CARTESIAN_POINT('',(-1.53E0,4.57E0,1.6666E0));
#5327=CARTESIAN_POINT('',(-1.53E0,4.11E0,1.6666E0));
#5328=VERTEX_POINT('',#5326);
#5329=VERTEX_POINT('',#5327);
#5330=CARTESIAN_POINT('',(-1.53E0,4.57E0,-3.1E0));
#5331=CARTESIAN_POINT('',(-1.53E0,4.11E0,-3.1E0));
#5332=VERTEX_POINT('',#5330);
#5333=VERTEX_POINT('',#5331);
#5334=CARTESIAN_POINT('',(-1.53E0,5.228499802719E0,6.926394033123E0));
#5335=CARTESIAN_POINT('',(-1.53E0,-8.714812910607E-1,3.77E0));
#5336=VERTEX_POINT('',#5334);
#5337=VERTEX_POINT('',#5335);
#5338=CARTESIAN_POINT('',(-1.53E0,-1.2E0,3.600010212044E0));
#5339=VERTEX_POINT('',#5338);
#5340=CARTESIAN_POINT('',(-1.53E0,4.891597565944E0,7.27E0));
#5341=VERTEX_POINT('',#5340);
#5342=CARTESIAN_POINT('',(-1.361808319204E0,5.050703215004E0,7.27E0));
#5343=VERTEX_POINT('',#5342);
#5344=CARTESIAN_POINT('',(-1.698191680796E0,5.050703215004E0,7.27E0));
#5345=VERTEX_POINT('',#5344);
#5346=VERTEX_POINT('',#579);
#5347=VERTEX_POINT('',#581);
#5348=VERTEX_POINT('',#453);
#5349=VERTEX_POINT('',#455);
#5350=CARTESIAN_POINT('',(1.502157202403E0,6.507E0,8.932165902770E0));
#5351=CARTESIAN_POINT('',(1.739618149648E0,6.507E0,8.932165902770E0));
#5352=VERTEX_POINT('',#5350);
#5353=VERTEX_POINT('',#5351);
#5354=CARTESIAN_POINT('',(-2.403196457725E-1,6.507E0,9.512464133735E0));
#5355=CARTESIAN_POINT('',(-2.403196457725E-1,6.507E0,9.561281032757E0));
#5356=VERTEX_POINT('',#5354);
#5357=VERTEX_POINT('',#5355);
#5358=CARTESIAN_POINT('',(-6.978886399304E-2,6.507E0,9.561281032757E0));
#5359=VERTEX_POINT('',#5358);
#5360=CARTESIAN_POINT('',(-6.978886399304E-2,6.507E0,9.940651822002E0));
#5361=VERTEX_POINT('',#5360);
#5362=CARTESIAN_POINT('',(-1.451412407140E-2,6.507E0,9.940651822002E0));
#5363=VERTEX_POINT('',#5362);
#5364=CARTESIAN_POINT('',(-1.451412407140E-2,6.507E0,9.512464133735E0));
#5365=VERTEX_POINT('',#5364);
#5366=VERTEX_POINT('',#3349);
#5367=VERTEX_POINT('',#3352);
#5368=VERTEX_POINT('',#3377);
#5369=VERTEX_POINT('',#3367);
#5370=CARTESIAN_POINT('',(-8.944223106715E-1,6.507E0,9.512464133735E0));
#5371=CARTESIAN_POINT('',(-8.944223106715E-1,6.507E0,9.561281032757E0));
#5372=VERTEX_POINT('',#5370);
#5373=VERTEX_POINT('',#5371);
#5374=CARTESIAN_POINT('',(-7.194038767401E-1,6.507E0,9.561281032757E0));
#5375=VERTEX_POINT('',#5374);
#5376=CARTESIAN_POINT('',(-7.194038767401E-1,6.507E0,9.705323721343E0));
#5377=VERTEX_POINT('',#5376);
#5378=CARTESIAN_POINT('',(-8.725313245618E-1,6.507E0,9.705323721343E0));
#5379=VERTEX_POINT('',#5378);
#5380=CARTESIAN_POINT('',(-8.725313245618E-1,6.507E0,9.754359530225E0));
#5381=VERTEX_POINT('',#5380);
#5382=CARTESIAN_POINT('',(-7.194038767401E-1,6.507E0,9.754359530225E0));
#5383=VERTEX_POINT('',#5382);
#5384=CARTESIAN_POINT('',(-7.194038767401E-1,6.507E0,9.891397103261E0));
#5385=VERTEX_POINT('',#5384);
#5386=CARTESIAN_POINT('',(-8.846808218517E-1,6.507E0,9.891397103261E0));
#5387=VERTEX_POINT('',#5386);
#5388=CARTESIAN_POINT('',(-8.846808218517E-1,6.507E0,9.940651822002E0));
#5389=VERTEX_POINT('',#5388);
#5390=CARTESIAN_POINT('',(-6.641291368184E-1,6.507E0,9.940651822002E0));
#5391=VERTEX_POINT('',#5390);
#5392=CARTESIAN_POINT('',(-6.641291368184E-1,6.507E0,9.512464133735E0));
#5393=VERTEX_POINT('',#5392);
#5394=VERTEX_POINT('',#3427);
#5395=VERTEX_POINT('',#3430);
#5396=VERTEX_POINT('',#3448);
#5397=VERTEX_POINT('',#3440);
#5398=VERTEX_POINT('',#3450);
#5399=VERTEX_POINT('',#3453);
#5400=VERTEX_POINT('',#3471);
#5401=VERTEX_POINT('',#3463);
#5402=VERTEX_POINT('',#3473);
#5403=VERTEX_POINT('',#3476);
#5404=VERTEX_POINT('',#3496);
#5405=VERTEX_POINT('',#3491);
#5406=VERTEX_POINT('',#3486);
#5407=CARTESIAN_POINT('',(-1.732956533531E0,6.507E0,9.512464133735E0));
#5408=CARTESIAN_POINT('',(-1.569868687027E0,6.507E0,9.940651822002E0));
#5409=VERTEX_POINT('',#5407);
#5410=VERTEX_POINT('',#5408);
#5411=CARTESIAN_POINT('',(-1.510763024536E0,6.507E0,9.940651822002E0));
#5412=VERTEX_POINT('',#5411);
#5413=CARTESIAN_POINT('',(-1.347675178034E0,6.507E0,9.512464133735E0));
#5414=VERTEX_POINT('',#5413);
#5415=CARTESIAN_POINT('',(-1.408751029272E0,6.507E0,9.512464133735E0));
#5416=VERTEX_POINT('',#5415);
#5417=CARTESIAN_POINT('',(-1.449906083161E0,6.507E0,9.629580909409E0));
#5418=VERTEX_POINT('',#5417);
#5419=CARTESIAN_POINT('',(-1.628208165009E0,6.507E0,9.629580909409E0));
#5420=VERTEX_POINT('',#5419);
#5421=CARTESIAN_POINT('',(-1.671880682293E0,6.507E0,9.512464133735E0));
#5422=VERTEX_POINT('',#5421);
#5423=CARTESIAN_POINT('',(-2.448072979245E-1,6.507E0,8.833186834812E0));
#5424=CARTESIAN_POINT('',(-2.448072979245E-1,6.507E0,8.882003733834E0));
#5425=VERTEX_POINT('',#5423);
#5426=VERTEX_POINT('',#5424);
#5427=CARTESIAN_POINT('',(-6.978886399304E-2,6.507E0,8.882003733834E0));
#5428=VERTEX_POINT('',#5427);
#5429=CARTESIAN_POINT('',(-6.978886399304E-2,6.507E0,9.026046422420E0));
#5430=VERTEX_POINT('',#5429);
#5431=CARTESIAN_POINT('',(-2.229163118148E-1,6.507E0,9.026046422420E0));
#5432=VERTEX_POINT('',#5431);
#5433=CARTESIAN_POINT('',(-2.229163118148E-1,6.507E0,9.075082231302E0));
#5434=VERTEX_POINT('',#5433);
#5435=CARTESIAN_POINT('',(-6.978886399304E-2,6.507E0,9.075082231302E0));
#5436=VERTEX_POINT('',#5435);
#5437=CARTESIAN_POINT('',(-6.978886399304E-2,6.507E0,9.212119804338E0));
#5438=VERTEX_POINT('',#5437);
#5439=CARTESIAN_POINT('',(-2.350658091046E-1,6.507E0,9.212119804338E0));
#5440=VERTEX_POINT('',#5439);
#5441=CARTESIAN_POINT('',(-2.350658091046E-1,6.507E0,9.261374523079E0));
#5442=VERTEX_POINT('',#5441);
#5443=CARTESIAN_POINT('',(-1.451412407140E-2,6.507E0,9.261374523079E0));
#5444=VERTEX_POINT('',#5443);
#5445=CARTESIAN_POINT('',(-1.451412407140E-2,6.507E0,8.833186834812E0));
#5446=VERTEX_POINT('',#5445);
#5447=VERTEX_POINT('',#3578);
#5448=VERTEX_POINT('',#3581);
#5449=VERTEX_POINT('',#3596);
#5450=VERTEX_POINT('',#3598);
#5451=VERTEX_POINT('',#3601);
#5452=VERTEX_POINT('',#3641);
#5453=VERTEX_POINT('',#3636);
#5454=VERTEX_POINT('',#3631);
#5455=VERTEX_POINT('',#3625);
#5456=VERTEX_POINT('',#3620);
#5457=VERTEX_POINT('',#3614);
#5458=VERTEX_POINT('',#3643);
#5459=VERTEX_POINT('',#3646);
#5460=VERTEX_POINT('',#3678);
#5461=VERTEX_POINT('',#3664);
#5462=VERTEX_POINT('',#3680);
#5463=VERTEX_POINT('',#3683);
#5464=VERTEX_POINT('',#3740);
#5465=VERTEX_POINT('',#3735);
#5466=VERTEX_POINT('',#3730);
#5467=VERTEX_POINT('',#3725);
#5468=VERTEX_POINT('',#3720);
#5469=VERTEX_POINT('',#3714);
#5470=VERTEX_POINT('',#3709);
#5471=VERTEX_POINT('',#3703);
#5472=VERTEX_POINT('',#3698);
#5473=VERTEX_POINT('',#3693);
#5474=CARTESIAN_POINT('',(-1.430642015382E0,6.507E0,8.833186834812E0));
#5475=CARTESIAN_POINT('',(-1.430642015382E0,6.507E0,8.882003733834E0));
#5476=VERTEX_POINT('',#5474);
#5477=VERTEX_POINT('',#5475);
#5478=CARTESIAN_POINT('',(-1.255623581450E0,6.507E0,8.882003733834E0));
#5479=VERTEX_POINT('',#5478);
#5480=CARTESIAN_POINT('',(-1.255623581450E0,6.507E0,9.026046422420E0));
#5481=VERTEX_POINT('',#5480);
#5482=CARTESIAN_POINT('',(-1.408751029272E0,6.507E0,9.026046422420E0));
#5483=VERTEX_POINT('',#5482);
#5484=CARTESIAN_POINT('',(-1.408751029272E0,6.507E0,9.075082231302E0));
#5485=VERTEX_POINT('',#5484);
#5486=CARTESIAN_POINT('',(-1.255623581450E0,6.507E0,9.075082231302E0));
#5487=VERTEX_POINT('',#5486);
#5488=CARTESIAN_POINT('',(-1.255623581450E0,6.507E0,9.212119804338E0));
#5489=VERTEX_POINT('',#5488);
#5490=CARTESIAN_POINT('',(-1.420900526562E0,6.507E0,9.212119804338E0));
#5491=VERTEX_POINT('',#5490);
#5492=CARTESIAN_POINT('',(-1.420900526562E0,6.507E0,9.261374523079E0));
#5493=VERTEX_POINT('',#5492);
#5494=CARTESIAN_POINT('',(-1.200348841529E0,6.507E0,9.261374523079E0));
#5495=VERTEX_POINT('',#5494);
#5496=CARTESIAN_POINT('',(-1.200348841529E0,6.507E0,8.833186834812E0));
#5497=VERTEX_POINT('',#5496);
#5498=VERTEX_POINT('',#3790);
#5499=VERTEX_POINT('',#3793);
#5500=VERTEX_POINT('',#3811);
#5501=VERTEX_POINT('',#3803);
#5502=VERTEX_POINT('',#3813);
#5503=VERTEX_POINT('',#3816);
#5504=VERTEX_POINT('',#3834);
#5505=VERTEX_POINT('',#3826);
#5506=VERTEX_POINT('',#3836);
#5507=VERTEX_POINT('',#3839);
#5508=VERTEX_POINT('',#3859);
#5509=VERTEX_POINT('',#3854);
#5510=VERTEX_POINT('',#3849);
#5511=CARTESIAN_POINT('',(-2.269176238241E0,6.507E0,8.833186834812E0));
#5512=CARTESIAN_POINT('',(-2.106088391737E0,6.507E0,9.261374523079E0));
#5513=VERTEX_POINT('',#5511);
#5514=VERTEX_POINT('',#5512);
#5515=CARTESIAN_POINT('',(-2.046982729247E0,6.507E0,9.261374523079E0));
#5516=VERTEX_POINT('',#5515);
#5517=CARTESIAN_POINT('',(-1.883894882744E0,6.507E0,8.833186834812E0));
#5518=VERTEX_POINT('',#5517);
#5519=CARTESIAN_POINT('',(-1.944970733982E0,6.507E0,8.833186834812E0));
#5520=VERTEX_POINT('',#5519);
#5521=CARTESIAN_POINT('',(-1.986125787872E0,6.507E0,8.950303610487E0));
#5522=VERTEX_POINT('',#5521);
#5523=CARTESIAN_POINT('',(-2.164427869719E0,6.507E0,8.950303610487E0));
#5524=VERTEX_POINT('',#5523);
#5525=CARTESIAN_POINT('',(-2.208100387003E0,6.507E0,8.833186834812E0));
#5526=VERTEX_POINT('',#5525);
#5527=VERTEX_POINT('',#3893);
#5528=VERTEX_POINT('',#3899);
#5529=VERTEX_POINT('',#3990);
#5530=VERTEX_POINT('',#3981);
#5531=VERTEX_POINT('',#3974);
#5532=VERTEX_POINT('',#3969);
#5533=VERTEX_POINT('',#3964);
#5534=VERTEX_POINT('',#3959);
#5535=VERTEX_POINT('',#3953);
#5536=VERTEX_POINT('',#3946);
#5537=VERTEX_POINT('',#3940);
#5538=VERTEX_POINT('',#3933);
#5539=VERTEX_POINT('',#3928);
#5540=VERTEX_POINT('',#3921);
#5541=VERTEX_POINT('',#3916);
#5542=VERTEX_POINT('',#3911);
#5543=CARTESIAN_POINT('',(1.739618149648E0,6.5E0,8.932165902770E0));
#5544=CARTESIAN_POINT('',(1.502157202403E0,6.5E0,8.932165902770E0));
#5545=VERTEX_POINT('',#5543);
#5546=VERTEX_POINT('',#5544);
#5547=CARTESIAN_POINT('',(-2.403196457725E-1,6.5E0,9.512464133735E0));
#5548=CARTESIAN_POINT('',(-2.403196457725E-1,6.5E0,9.561281032757E0));
#5549=VERTEX_POINT('',#5547);
#5550=VERTEX_POINT('',#5548);
#5551=CARTESIAN_POINT('',(-6.978886399304E-2,6.5E0,9.561281032757E0));
#5552=VERTEX_POINT('',#5551);
#5553=CARTESIAN_POINT('',(-6.978886399304E-2,6.5E0,9.940651822002E0));
#5554=VERTEX_POINT('',#5553);
#5555=CARTESIAN_POINT('',(-1.451412407140E-2,6.5E0,9.940651822002E0));
#5556=VERTEX_POINT('',#5555);
#5557=CARTESIAN_POINT('',(-1.451412407140E-2,6.5E0,9.512464133735E0));
#5558=VERTEX_POINT('',#5557);
#5559=VERTEX_POINT('',#862);
#5560=VERTEX_POINT('',#865);
#5561=VERTEX_POINT('',#867);
#5562=VERTEX_POINT('',#880);
#5563=CARTESIAN_POINT('',(-8.944223106715E-1,6.5E0,9.512464133735E0));
#5564=CARTESIAN_POINT('',(-8.944223106715E-1,6.5E0,9.561281032757E0));
#5565=VERTEX_POINT('',#5563);
#5566=VERTEX_POINT('',#5564);
#5567=CARTESIAN_POINT('',(-7.194038767401E-1,6.5E0,9.561281032757E0));
#5568=VERTEX_POINT('',#5567);
#5569=CARTESIAN_POINT('',(-7.194038767401E-1,6.5E0,9.705323721343E0));
#5570=VERTEX_POINT('',#5569);
#5571=CARTESIAN_POINT('',(-8.725313245618E-1,6.5E0,9.705323721343E0));
#5572=VERTEX_POINT('',#5571);
#5573=CARTESIAN_POINT('',(-8.725313245618E-1,6.5E0,9.754359530225E0));
#5574=VERTEX_POINT('',#5573);
#5575=CARTESIAN_POINT('',(-7.194038767401E-1,6.5E0,9.754359530225E0));
#5576=VERTEX_POINT('',#5575);
#5577=CARTESIAN_POINT('',(-7.194038767401E-1,6.5E0,9.891397103261E0));
#5578=VERTEX_POINT('',#5577);
#5579=CARTESIAN_POINT('',(-8.846808218517E-1,6.5E0,9.891397103261E0));
#5580=VERTEX_POINT('',#5579);
#5581=CARTESIAN_POINT('',(-8.846808218517E-1,6.5E0,9.940651822002E0));
#5582=VERTEX_POINT('',#5581);
#5583=CARTESIAN_POINT('',(-6.641291368184E-1,6.5E0,9.940651822002E0));
#5584=VERTEX_POINT('',#5583);
#5585=CARTESIAN_POINT('',(-6.641291368184E-1,6.5E0,9.512464133735E0));
#5586=VERTEX_POINT('',#5585);
#5587=VERTEX_POINT('',#940);
#5588=VERTEX_POINT('',#943);
#5589=VERTEX_POINT('',#945);
#5590=VERTEX_POINT('',#956);
#5591=VERTEX_POINT('',#963);
#5592=VERTEX_POINT('',#966);
#5593=VERTEX_POINT('',#968);
#5594=VERTEX_POINT('',#979);
#5595=VERTEX_POINT('',#986);
#5596=VERTEX_POINT('',#989);
#5597=VERTEX_POINT('',#994);
#5598=VERTEX_POINT('',#999);
#5599=VERTEX_POINT('',#1004);
#5600=CARTESIAN_POINT('',(-1.732956533531E0,6.5E0,9.512464133735E0));
#5601=CARTESIAN_POINT('',(-1.569868687027E0,6.5E0,9.940651822002E0));
#5602=VERTEX_POINT('',#5600);
#5603=VERTEX_POINT('',#5601);
#5604=CARTESIAN_POINT('',(-1.510763024536E0,6.5E0,9.940651822002E0));
#5605=VERTEX_POINT('',#5604);
#5606=CARTESIAN_POINT('',(-1.347675178034E0,6.5E0,9.512464133735E0));
#5607=VERTEX_POINT('',#5606);
#5608=CARTESIAN_POINT('',(-1.408751029272E0,6.5E0,9.512464133735E0));
#5609=VERTEX_POINT('',#5608);
#5610=CARTESIAN_POINT('',(-1.449906083161E0,6.5E0,9.629580909409E0));
#5611=VERTEX_POINT('',#5610);
#5612=CARTESIAN_POINT('',(-1.628208165009E0,6.5E0,9.629580909409E0));
#5613=VERTEX_POINT('',#5612);
#5614=CARTESIAN_POINT('',(-1.671880682293E0,6.5E0,9.512464133735E0));
#5615=VERTEX_POINT('',#5614);
#5616=CARTESIAN_POINT('',(-2.448072979245E-1,6.5E0,8.833186834812E0));
#5617=CARTESIAN_POINT('',(-2.448072979245E-1,6.5E0,8.882003733834E0));
#5618=VERTEX_POINT('',#5616);
#5619=VERTEX_POINT('',#5617);
#5620=CARTESIAN_POINT('',(-6.978886399304E-2,6.5E0,8.882003733834E0));
#5621=VERTEX_POINT('',#5620);
#5622=CARTESIAN_POINT('',(-6.978886399304E-2,6.5E0,9.026046422420E0));
#5623=VERTEX_POINT('',#5622);
#5624=CARTESIAN_POINT('',(-2.229163118148E-1,6.5E0,9.026046422420E0));
#5625=VERTEX_POINT('',#5624);
#5626=CARTESIAN_POINT('',(-2.229163118148E-1,6.5E0,9.075082231302E0));
#5627=VERTEX_POINT('',#5626);
#5628=CARTESIAN_POINT('',(-6.978886399304E-2,6.5E0,9.075082231302E0));
#5629=VERTEX_POINT('',#5628);
#5630=CARTESIAN_POINT('',(-6.978886399304E-2,6.5E0,9.212119804338E0));
#5631=VERTEX_POINT('',#5630);
#5632=CARTESIAN_POINT('',(-2.350658091046E-1,6.5E0,9.212119804338E0));
#5633=VERTEX_POINT('',#5632);
#5634=CARTESIAN_POINT('',(-2.350658091046E-1,6.5E0,9.261374523079E0));
#5635=VERTEX_POINT('',#5634);
#5636=CARTESIAN_POINT('',(-1.451412407140E-2,6.5E0,9.261374523079E0));
#5637=VERTEX_POINT('',#5636);
#5638=CARTESIAN_POINT('',(-1.451412407140E-2,6.5E0,8.833186834812E0));
#5639=VERTEX_POINT('',#5638);
#5640=VERTEX_POINT('',#1091);
#5641=VERTEX_POINT('',#1094);
#5642=VERTEX_POINT('',#1099);
#5643=VERTEX_POINT('',#1111);
#5644=VERTEX_POINT('',#1114);
#5645=VERTEX_POINT('',#1119);
#5646=VERTEX_POINT('',#1124);
#5647=VERTEX_POINT('',#1126);
#5648=VERTEX_POINT('',#1135);
#5649=VERTEX_POINT('',#1137);
#5650=VERTEX_POINT('',#1146);
#5651=VERTEX_POINT('',#1156);
#5652=VERTEX_POINT('',#1159);
#5653=VERTEX_POINT('',#1161);
#5654=VERTEX_POINT('',#1178);
#5655=VERTEX_POINT('',#1193);
#5656=VERTEX_POINT('',#1196);
#5657=VERTEX_POINT('',#1201);
#5658=VERTEX_POINT('',#1206);
#5659=VERTEX_POINT('',#1211);
#5660=VERTEX_POINT('',#1216);
#5661=VERTEX_POINT('',#1218);
#5662=VERTEX_POINT('',#1227);
#5663=VERTEX_POINT('',#1229);
#5664=VERTEX_POINT('',#1238);
#5665=VERTEX_POINT('',#1243);
#5666=VERTEX_POINT('',#1248);
#5667=CARTESIAN_POINT('',(-1.430642015382E0,6.5E0,8.833186834812E0));
#5668=CARTESIAN_POINT('',(-1.430642015382E0,6.5E0,8.882003733834E0));
#5669=VERTEX_POINT('',#5667);
#5670=VERTEX_POINT('',#5668);
#5671=CARTESIAN_POINT('',(-1.255623581450E0,6.5E0,8.882003733834E0));
#5672=VERTEX_POINT('',#5671);
#5673=CARTESIAN_POINT('',(-1.255623581450E0,6.5E0,9.026046422420E0));
#5674=VERTEX_POINT('',#5673);
#5675=CARTESIAN_POINT('',(-1.408751029272E0,6.5E0,9.026046422420E0));
#5676=VERTEX_POINT('',#5675);
#5677=CARTESIAN_POINT('',(-1.408751029272E0,6.5E0,9.075082231302E0));
#5678=VERTEX_POINT('',#5677);
#5679=CARTESIAN_POINT('',(-1.255623581450E0,6.5E0,9.075082231302E0));
#5680=VERTEX_POINT('',#5679);
#5681=CARTESIAN_POINT('',(-1.255623581450E0,6.5E0,9.212119804338E0));
#5682=VERTEX_POINT('',#5681);
#5683=CARTESIAN_POINT('',(-1.420900526562E0,6.5E0,9.212119804338E0));
#5684=VERTEX_POINT('',#5683);
#5685=CARTESIAN_POINT('',(-1.420900526562E0,6.5E0,9.261374523079E0));
#5686=VERTEX_POINT('',#5685);
#5687=CARTESIAN_POINT('',(-1.200348841529E0,6.5E0,9.261374523079E0));
#5688=VERTEX_POINT('',#5687);
#5689=CARTESIAN_POINT('',(-1.200348841529E0,6.5E0,8.833186834812E0));
#5690=VERTEX_POINT('',#5689);
#5691=VERTEX_POINT('',#1303);
#5692=VERTEX_POINT('',#1306);
#5693=VERTEX_POINT('',#1308);
#5694=VERTEX_POINT('',#1319);
#5695=VERTEX_POINT('',#1326);
#5696=VERTEX_POINT('',#1329);
#5697=VERTEX_POINT('',#1331);
#5698=VERTEX_POINT('',#1342);
#5699=VERTEX_POINT('',#1349);
#5700=VERTEX_POINT('',#1352);
#5701=VERTEX_POINT('',#1357);
#5702=VERTEX_POINT('',#1362);
#5703=VERTEX_POINT('',#1367);
#5704=CARTESIAN_POINT('',(-2.269176238241E0,6.5E0,8.833186834812E0));
#5705=CARTESIAN_POINT('',(-2.106088391737E0,6.5E0,9.261374523079E0));
#5706=VERTEX_POINT('',#5704);
#5707=VERTEX_POINT('',#5705);
#5708=CARTESIAN_POINT('',(-2.046982729247E0,6.5E0,9.261374523079E0));
#5709=VERTEX_POINT('',#5708);
#5710=CARTESIAN_POINT('',(-1.883894882744E0,6.5E0,8.833186834812E0));
#5711=VERTEX_POINT('',#5710);
#5712=CARTESIAN_POINT('',(-1.944970733982E0,6.5E0,8.833186834812E0));
#5713=VERTEX_POINT('',#5712);
#5714=CARTESIAN_POINT('',(-1.986125787872E0,6.5E0,8.950303610487E0));
#5715=VERTEX_POINT('',#5714);
#5716=CARTESIAN_POINT('',(-2.164427869719E0,6.5E0,8.950303610487E0));
#5717=VERTEX_POINT('',#5716);
#5718=CARTESIAN_POINT('',(-2.208100387003E0,6.5E0,8.833186834812E0));
#5719=VERTEX_POINT('',#5718);
#5720=VERTEX_POINT('',#1406);
#5721=VERTEX_POINT('',#1412);
#5722=VERTEX_POINT('',#1421);
#5723=VERTEX_POINT('',#1428);
#5724=VERTEX_POINT('',#1433);
#5725=VERTEX_POINT('',#1438);
#5726=VERTEX_POINT('',#1443);
#5727=VERTEX_POINT('',#1449);
#5728=VERTEX_POINT('',#1456);
#5729=VERTEX_POINT('',#1462);
#5730=VERTEX_POINT('',#1469);
#5731=VERTEX_POINT('',#1474);
#5732=VERTEX_POINT('',#1481);
#5733=VERTEX_POINT('',#1486);
#5734=VERTEX_POINT('',#1491);
#5735=VERTEX_POINT('',#1496);
#5736=CARTESIAN_POINT('',(0.E0,0.E0,0.E0));
#5737=DIRECTION('',(0.E0,0.E0,1.E0));
#5738=DIRECTION('',(1.E0,0.E0,0.E0));
#5739=AXIS2_PLACEMENT_3D('',#5736,#5737,#5738);
#5740=PLANE('',#5739);
#5742=ORIENTED_EDGE('',*,*,#5741,.T.);
#5744=ORIENTED_EDGE('',*,*,#5743,.F.);
#5746=ORIENTED_EDGE('',*,*,#5745,.F.);
#5748=ORIENTED_EDGE('',*,*,#5747,.F.);
#5750=ORIENTED_EDGE('',*,*,#5749,.T.);
#5752=ORIENTED_EDGE('',*,*,#5751,.T.);
#5754=ORIENTED_EDGE('',*,*,#5753,.F.);
#5756=ORIENTED_EDGE('',*,*,#5755,.F.);
#5758=ORIENTED_EDGE('',*,*,#5757,.T.);
#5760=ORIENTED_EDGE('',*,*,#5759,.T.);
#5762=ORIENTED_EDGE('',*,*,#5761,.F.);
#5764=ORIENTED_EDGE('',*,*,#5763,.F.);
#5766=ORIENTED_EDGE('',*,*,#5765,.T.);
#5768=ORIENTED_EDGE('',*,*,#5767,.T.);
#5770=ORIENTED_EDGE('',*,*,#5769,.T.);
#5772=ORIENTED_EDGE('',*,*,#5771,.T.);
#5774=ORIENTED_EDGE('',*,*,#5773,.T.);
#5776=ORIENTED_EDGE('',*,*,#5775,.T.);
#5778=ORIENTED_EDGE('',*,*,#5777,.T.);
#5780=ORIENTED_EDGE('',*,*,#5779,.F.);
#5781=EDGE_LOOP('',(#5742,#5744,#5746,#5748,#5750,#5752,#5754,#5756,#5758,#5760,
#5762,#5764,#5766,#5768,#5770,#5772,#5774,#5776,#5778,#5780));
#5782=FACE_OUTER_BOUND('',#5781,.F.);
#5784=FILL_AREA_STYLE_COLOUR('',#9);
#5785=FILL_AREA_STYLE('',(#5784));
#5786=SURFACE_STYLE_FILL_AREA(#5785);
#5787=SURFACE_SIDE_STYLE('',(#5786));
#5788=SURFACE_STYLE_USAGE(.POSITIVE.,#5787);
#5789=PRESENTATION_STYLE_ASSIGNMENT((#5788));
#5790=STYLED_ITEM('',(#5789),#5783);
#5791=CARTESIAN_POINT('',(-3.8E0,-6.5E0,1.06E1));
#5792=DIRECTION('',(-1.E0,0.E0,0.E0));
#5793=DIRECTION('',(0.E0,0.E0,-1.E0));
#5794=AXIS2_PLACEMENT_3D('',#5791,#5792,#5793);
#5795=PLANE('',#5794);
#5797=ORIENTED_EDGE('',*,*,#5796,.F.);
#5798=ORIENTED_EDGE('',*,*,#5741,.F.);
#5800=ORIENTED_EDGE('',*,*,#5799,.F.);
#5802=ORIENTED_EDGE('',*,*,#5801,.T.);
#5804=ORIENTED_EDGE('',*,*,#5803,.T.);
#5806=ORIENTED_EDGE('',*,*,#5805,.F.);
#5808=ORIENTED_EDGE('',*,*,#5807,.T.);
#5810=ORIENTED_EDGE('',*,*,#5809,.F.);
#5812=ORIENTED_EDGE('',*,*,#5811,.T.);
#5814=ORIENTED_EDGE('',*,*,#5813,.T.);
#5815=EDGE_LOOP('',(#5797,#5798,#5800,#5802,#5804,#5806,#5808,#5810,#5812,
#5814));
#5816=FACE_OUTER_BOUND('',#5815,.F.);
#5818=FILL_AREA_STYLE_COLOUR('',#9);
#5819=FILL_AREA_STYLE('',(#5818));
#5820=SURFACE_STYLE_FILL_AREA(#5819);
#5821=SURFACE_SIDE_STYLE('',(#5820));
#5822=SURFACE_STYLE_USAGE(.POSITIVE.,#5821);
#5823=PRESENTATION_STYLE_ASSIGNMENT((#5822));
#5824=STYLED_ITEM('',(#5823),#5817);
#5825=CARTESIAN_POINT('',(-3.8E0,-6.5E0,1.06E1));
#5826=DIRECTION('',(-1.E0,0.E0,0.E0));
#5827=DIRECTION('',(0.E0,0.E0,-1.E0));
#5828=AXIS2_PLACEMENT_3D('',#5825,#5826,#5827);
#5829=PLANE('',#5828);
#5831=ORIENTED_EDGE('',*,*,#5830,.T.);
#5833=ORIENTED_EDGE('',*,*,#5832,.T.);
#5835=ORIENTED_EDGE('',*,*,#5834,.F.);
#5837=ORIENTED_EDGE('',*,*,#5836,.F.);
#5839=ORIENTED_EDGE('',*,*,#5838,.T.);
#5840=ORIENTED_EDGE('',*,*,#5765,.F.);
#5841=EDGE_LOOP('',(#5831,#5833,#5835,#5837,#5839,#5840));
#5842=FACE_OUTER_BOUND('',#5841,.F.);
#5844=FILL_AREA_STYLE_COLOUR('',#9);
#5845=FILL_AREA_STYLE('',(#5844));
#5846=SURFACE_STYLE_FILL_AREA(#5845);
#5847=SURFACE_SIDE_STYLE('',(#5846));
#5848=SURFACE_STYLE_USAGE(.POSITIVE.,#5847);
#5849=PRESENTATION_STYLE_ASSIGNMENT((#5848));
#5850=STYLED_ITEM('',(#5849),#5843);
#5851=CARTESIAN_POINT('',(3.8E0,-7.E-1,5.E-1));
#5852=DIRECTION('',(0.E0,-1.E0,0.E0));
#5853=DIRECTION('',(-1.E0,0.E0,0.E0));
#5854=AXIS2_PLACEMENT_3D('',#5851,#5852,#5853);
#5855=PLANE('',#5854);
#5856=ORIENTED_EDGE('',*,*,#5796,.T.);
#5858=ORIENTED_EDGE('',*,*,#5857,.F.);
#5860=ORIENTED_EDGE('',*,*,#5859,.F.);
#5861=ORIENTED_EDGE('',*,*,#5743,.T.);
#5862=EDGE_LOOP('',(#5856,#5858,#5860,#5861));
#5863=FACE_OUTER_BOUND('',#5862,.F.);
#5865=FILL_AREA_STYLE_COLOUR('',#9);
#5866=FILL_AREA_STYLE('',(#5865));
#5867=SURFACE_STYLE_FILL_AREA(#5866);
#5868=SURFACE_SIDE_STYLE('',(#5867));
#5869=SURFACE_STYLE_USAGE(.POSITIVE.,#5868);
#5870=PRESENTATION_STYLE_ASSIGNMENT((#5869));
#5871=STYLED_ITEM('',(#5870),#5864);
#5872=CARTESIAN_POINT('',(3.8E0,-6.5E0,5.E-1));
#5873=DIRECTION('',(0.E0,0.E0,1.E0));
#5874=DIRECTION('',(-1.E0,0.E0,0.E0));
#5875=AXIS2_PLACEMENT_3D('',#5872,#5873,#5874);
#5876=PLANE('',#5875);
#5878=ORIENTED_EDGE('',*,*,#5877,.F.);
#5880=ORIENTED_EDGE('',*,*,#5879,.T.);
#5882=ORIENTED_EDGE('',*,*,#5881,.T.);
#5884=ORIENTED_EDGE('',*,*,#5883,.T.);
#5886=ORIENTED_EDGE('',*,*,#5885,.T.);
#5888=ORIENTED_EDGE('',*,*,#5887,.F.);
#5890=ORIENTED_EDGE('',*,*,#5889,.T.);
#5892=ORIENTED_EDGE('',*,*,#5891,.T.);
#5894=ORIENTED_EDGE('',*,*,#5893,.T.);
#5896=ORIENTED_EDGE('',*,*,#5895,.F.);
#5898=ORIENTED_EDGE('',*,*,#5897,.T.);
#5900=ORIENTED_EDGE('',*,*,#5899,.T.);
#5902=ORIENTED_EDGE('',*,*,#5901,.T.);
#5904=ORIENTED_EDGE('',*,*,#5903,.F.);
#5906=ORIENTED_EDGE('',*,*,#5905,.T.);
#5908=ORIENTED_EDGE('',*,*,#5907,.T.);
#5910=ORIENTED_EDGE('',*,*,#5909,.T.);
#5912=ORIENTED_EDGE('',*,*,#5911,.F.);
#5914=ORIENTED_EDGE('',*,*,#5913,.T.);
#5915=ORIENTED_EDGE('',*,*,#5832,.F.);
#5916=EDGE_LOOP('',(#5878,#5880,#5882,#5884,#5886,#5888,#5890,#5892,#5894,#5896,
#5898,#5900,#5902,#5904,#5906,#5908,#5910,#5912,#5914,#5915));
#5917=FACE_OUTER_BOUND('',#5916,.F.);
#5919=FILL_AREA_STYLE_COLOUR('',#9);
#5920=FILL_AREA_STYLE('',(#5919));
#5921=SURFACE_STYLE_FILL_AREA(#5920);
#5922=SURFACE_SIDE_STYLE('',(#5921));
#5923=SURFACE_STYLE_USAGE(.POSITIVE.,#5922);
#5924=PRESENTATION_STYLE_ASSIGNMENT((#5923));
#5925=STYLED_ITEM('',(#5924),#5918);
#5926=CARTESIAN_POINT('',(3.8E0,-6.5E0,5.E-1));
#5927=DIRECTION('',(0.E0,0.E0,1.E0));
#5928=DIRECTION('',(-1.E0,0.E0,0.E0));
#5929=AXIS2_PLACEMENT_3D('',#5926,#5927,#5928);
#5930=PLANE('',#5929);
#5932=ORIENTED_EDGE('',*,*,#5931,.T.);
#5934=ORIENTED_EDGE('',*,*,#5933,.F.);
#5936=ORIENTED_EDGE('',*,*,#5935,.F.);
#5938=ORIENTED_EDGE('',*,*,#5937,.T.);
#5939=ORIENTED_EDGE('',*,*,#5857,.T.);
#5940=ORIENTED_EDGE('',*,*,#5813,.F.);
#5942=ORIENTED_EDGE('',*,*,#5941,.F.);
#5944=ORIENTED_EDGE('',*,*,#5943,.T.);
#5945=EDGE_LOOP('',(#5932,#5934,#5936,#5938,#5939,#5940,#5942,#5944));
#5946=FACE_OUTER_BOUND('',#5945,.F.);
#5948=FILL_AREA_STYLE_COLOUR('',#9);
#5949=FILL_AREA_STYLE('',(#5948));
#5950=SURFACE_STYLE_FILL_AREA(#5949);
#5951=SURFACE_SIDE_STYLE('',(#5950));
#5952=SURFACE_STYLE_USAGE(.POSITIVE.,#5951);
#5953=PRESENTATION_STYLE_ASSIGNMENT((#5952));
#5954=STYLED_ITEM('',(#5953),#5947);
#5955=CARTESIAN_POINT('',(-3.8E0,-3.E-1,5.E-1));
#5956=DIRECTION('',(0.E0,1.E0,0.E0));
#5957=DIRECTION('',(1.E0,0.E0,0.E0));
#5958=AXIS2_PLACEMENT_3D('',#5955,#5956,#5957);
#5959=PLANE('',#5958);
#5960=ORIENTED_EDGE('',*,*,#5830,.F.);
#5961=ORIENTED_EDGE('',*,*,#5763,.T.);
#5963=ORIENTED_EDGE('',*,*,#5962,.T.);
#5964=ORIENTED_EDGE('',*,*,#5877,.T.);
#5965=EDGE_LOOP('',(#5960,#5961,#5963,#5964));
#5966=FACE_OUTER_BOUND('',#5965,.F.);
#5968=FILL_AREA_STYLE_COLOUR('',#9);
#5969=FILL_AREA_STYLE('',(#5968));
#5970=SURFACE_STYLE_FILL_AREA(#5969);
#5971=SURFACE_SIDE_STYLE('',(#5970));
#5972=SURFACE_STYLE_USAGE(.POSITIVE.,#5971);
#5973=PRESENTATION_STYLE_ASSIGNMENT((#5972));
#5974=STYLED_ITEM('',(#5973),#5967);
#5975=CARTESIAN_POINT('',(3.8E0,-6.5E0,3.77E0));
#5976=DIRECTION('',(1.E0,0.E0,0.E0));
#5977=DIRECTION('',(0.E0,0.E0,1.E0));
#5978=AXIS2_PLACEMENT_3D('',#5975,#5976,#5977);
#5979=PLANE('',#5978);
#5980=ORIENTED_EDGE('',*,*,#5859,.T.);
#5981=ORIENTED_EDGE('',*,*,#5937,.F.);
#5983=ORIENTED_EDGE('',*,*,#5982,.T.);
#5985=ORIENTED_EDGE('',*,*,#5984,.T.);
#5987=ORIENTED_EDGE('',*,*,#5986,.T.);
#5989=ORIENTED_EDGE('',*,*,#5988,.T.);
#5991=ORIENTED_EDGE('',*,*,#5990,.F.);
#5993=ORIENTED_EDGE('',*,*,#5992,.F.);
#5995=ORIENTED_EDGE('',*,*,#5994,.F.);
#5996=ORIENTED_EDGE('',*,*,#5745,.T.);
#5997=EDGE_LOOP('',(#5980,#5981,#5983,#5985,#5987,#5989,#5991,#5993,#5995,
#5996));
#5998=FACE_OUTER_BOUND('',#5997,.F.);
#6000=FILL_AREA_STYLE_COLOUR('',#9);
#6001=FILL_AREA_STYLE('',(#6000));
#6002=SURFACE_STYLE_FILL_AREA(#6001);
#6003=SURFACE_SIDE_STYLE('',(#6002));
#6004=SURFACE_STYLE_USAGE(.POSITIVE.,#6003);
#6005=PRESENTATION_STYLE_ASSIGNMENT((#6004));
#6006=STYLED_ITEM('',(#6005),#5999);
#6007=CARTESIAN_POINT('',(3.8E0,-6.5E0,3.77E0));
#6008=DIRECTION('',(1.E0,0.E0,0.E0));
#6009=DIRECTION('',(0.E0,0.E0,1.E0));
#6010=AXIS2_PLACEMENT_3D('',#6007,#6008,#6009);
#6011=PLANE('',#6010);
#6012=ORIENTED_EDGE('',*,*,#5962,.F.);
#6013=ORIENTED_EDGE('',*,*,#5761,.T.);
#6015=ORIENTED_EDGE('',*,*,#6014,.T.);
#6017=ORIENTED_EDGE('',*,*,#6016,.F.);
#6019=ORIENTED_EDGE('',*,*,#6018,.F.);
#6020=ORIENTED_EDGE('',*,*,#5879,.F.);
#6021=EDGE_LOOP('',(#6012,#6013,#6015,#6017,#6019,#6020));
#6022=FACE_OUTER_BOUND('',#6021,.F.);
#6024=FILL_AREA_STYLE_COLOUR('',#9);
#6025=FILL_AREA_STYLE('',(#6024));
#6026=SURFACE_STYLE_FILL_AREA(#6025);
#6027=SURFACE_SIDE_STYLE('',(#6026));
#6028=SURFACE_STYLE_USAGE(.POSITIVE.,#6027);
#6029=PRESENTATION_STYLE_ASSIGNMENT((#6028));
#6030=STYLED_ITEM('',(#6029),#6023);
#6031=CARTESIAN_POINT('',(0.E0,-4.5E0,0.E0));
#6032=DIRECTION('',(0.E0,-1.E0,0.E0));
#6033=DIRECTION('',(1.E0,0.E0,0.E0));
#6034=AXIS2_PLACEMENT_3D('',#6031,#6032,#6033);
#6035=PLANE('',#6034);
#6037=ORIENTED_EDGE('',*,*,#6036,.F.);
#6039=ORIENTED_EDGE('',*,*,#6038,.T.);
#6040=ORIENTED_EDGE('',*,*,#5982,.F.);
#6041=ORIENTED_EDGE('',*,*,#5935,.T.);
#6042=EDGE_LOOP('',(#6037,#6039,#6040,#6041));
#6043=FACE_OUTER_BOUND('',#6042,.F.);
#6045=FILL_AREA_STYLE_COLOUR('',#9);
#6046=FILL_AREA_STYLE('',(#6045));
#6047=SURFACE_STYLE_FILL_AREA(#6046);
#6048=SURFACE_SIDE_STYLE('',(#6047));
#6049=SURFACE_STYLE_USAGE(.POSITIVE.,#6048);
#6050=PRESENTATION_STYLE_ASSIGNMENT((#6049));
#6051=STYLED_ITEM('',(#6050),#6044);
#6052=CARTESIAN_POINT('',(0.E0,-4.5E0,0.E0));
#6053=DIRECTION('',(0.E0,-1.E0,0.E0));
#6054=DIRECTION('',(1.E0,0.E0,0.E0));
#6055=AXIS2_PLACEMENT_3D('',#6052,#6053,#6054);
#6056=PLANE('',#6055);
#6058=ORIENTED_EDGE('',*,*,#6057,.F.);
#6059=ORIENTED_EDGE('',*,*,#5941,.T.);
#6060=ORIENTED_EDGE('',*,*,#5811,.F.);
#6062=ORIENTED_EDGE('',*,*,#6061,.T.);
#6063=EDGE_LOOP('',(#6058,#6059,#6060,#6062));
#6064=FACE_OUTER_BOUND('',#6063,.F.);
#6066=FILL_AREA_STYLE_COLOUR('',#9);
#6067=FILL_AREA_STYLE('',(#6066));
#6068=SURFACE_STYLE_FILL_AREA(#6067);
#6069=SURFACE_SIDE_STYLE('',(#6068));
#6070=SURFACE_STYLE_USAGE(.POSITIVE.,#6069);
#6071=PRESENTATION_STYLE_ASSIGNMENT((#6070));
#6072=STYLED_ITEM('',(#6071),#6065);
#6073=CARTESIAN_POINT('',(1.805E0,-4.5E0,1.17E0));
#6074=DIRECTION('',(1.E0,0.E0,0.E0));
#6075=DIRECTION('',(0.E0,0.E0,1.E0));
#6076=AXIS2_PLACEMENT_3D('',#6073,#6074,#6075);
#6077=PLANE('',#6076);
#6078=ORIENTED_EDGE('',*,*,#6036,.T.);
#6079=ORIENTED_EDGE('',*,*,#5933,.T.);
#6081=ORIENTED_EDGE('',*,*,#6080,.T.);
#6083=ORIENTED_EDGE('',*,*,#6082,.T.);
#6085=ORIENTED_EDGE('',*,*,#6084,.T.);
#6087=ORIENTED_EDGE('',*,*,#6086,.F.);
#6089=ORIENTED_EDGE('',*,*,#6088,.F.);
#6090=ORIENTED_EDGE('',*,*,#5883,.F.);
#6092=ORIENTED_EDGE('',*,*,#6091,.T.);
#6094=ORIENTED_EDGE('',*,*,#6093,.F.);
#6096=ORIENTED_EDGE('',*,*,#6095,.T.);
#6098=ORIENTED_EDGE('',*,*,#6097,.F.);
#6099=EDGE_LOOP('',(#6078,#6079,#6081,#6083,#6085,#6087,#6089,#6090,#6092,#6094,
#6096,#6098));
#6100=FACE_OUTER_BOUND('',#6099,.F.);
#6102=FILL_AREA_STYLE_COLOUR('',#15);
#6103=FILL_AREA_STYLE('',(#6102));
#6104=SURFACE_STYLE_FILL_AREA(#6103);
#6105=SURFACE_SIDE_STYLE('',(#6104));
#6106=SURFACE_STYLE_USAGE(.POSITIVE.,#6105);
#6107=PRESENTATION_STYLE_ASSIGNMENT((#6106));
#6108=STYLED_ITEM('',(#6107),#6101);
#6109=CARTESIAN_POINT('',(0.E0,-3.2E0,0.E0));
#6110=DIRECTION('',(0.E0,-1.E0,0.E0));
#6111=DIRECTION('',(1.E0,0.E0,0.E0));
#6112=AXIS2_PLACEMENT_3D('',#6109,#6110,#6111);
#6113=PLANE('',#6112);
#6115=ORIENTED_EDGE('',*,*,#6114,.T.);
#6117=ORIENTED_EDGE('',*,*,#6116,.T.);
#6119=ORIENTED_EDGE('',*,*,#6118,.T.);
#6121=ORIENTED_EDGE('',*,*,#6120,.T.);
#6123=ORIENTED_EDGE('',*,*,#6122,.T.);
#6125=ORIENTED_EDGE('',*,*,#6124,.T.);
#6127=ORIENTED_EDGE('',*,*,#6126,.T.);
#6129=ORIENTED_EDGE('',*,*,#6128,.T.);
#6131=ORIENTED_EDGE('',*,*,#6130,.T.);
#6133=ORIENTED_EDGE('',*,*,#6132,.T.);
#6135=ORIENTED_EDGE('',*,*,#6134,.T.);
#6136=ORIENTED_EDGE('',*,*,#6080,.F.);
#6137=ORIENTED_EDGE('',*,*,#5931,.F.);
#6139=ORIENTED_EDGE('',*,*,#6138,.F.);
#6141=ORIENTED_EDGE('',*,*,#6140,.T.);
#6143=ORIENTED_EDGE('',*,*,#6142,.T.);
#6144=EDGE_LOOP('',(#6115,#6117,#6119,#6121,#6123,#6125,#6127,#6129,#6131,#6133,
#6135,#6136,#6137,#6139,#6141,#6143));
#6145=FACE_OUTER_BOUND('',#6144,.F.);
#6147=FILL_AREA_STYLE_COLOUR('',#8);
#6148=FILL_AREA_STYLE('',(#6147));
#6149=SURFACE_STYLE_FILL_AREA(#6148);
#6150=SURFACE_SIDE_STYLE('',(#6149));
#6151=SURFACE_STYLE_USAGE(.POSITIVE.,#6150);
#6152=PRESENTATION_STYLE_ASSIGNMENT((#6151));
#6153=STYLED_ITEM('',(#6152),#6146);
#6154=CARTESIAN_POINT('',(-3.8E0,-6.5E0,3.77E0));
#6155=DIRECTION('',(0.E0,0.E0,-1.E0));
#6156=DIRECTION('',(1.E0,0.E0,0.E0));
#6157=AXIS2_PLACEMENT_3D('',#6154,#6155,#6156);
#6158=PLANE('',#6157);
#6159=ORIENTED_EDGE('',*,*,#6114,.F.);
#6161=ORIENTED_EDGE('',*,*,#6160,.T.);
#6163=ORIENTED_EDGE('',*,*,#6162,.F.);
#6165=ORIENTED_EDGE('',*,*,#6164,.F.);
#6167=ORIENTED_EDGE('',*,*,#6166,.F.);
#6169=ORIENTED_EDGE('',*,*,#6168,.F.);
#6171=ORIENTED_EDGE('',*,*,#6170,.F.);
#6172=ORIENTED_EDGE('',*,*,#6061,.F.);
#6173=ORIENTED_EDGE('',*,*,#5809,.T.);
#6175=ORIENTED_EDGE('',*,*,#6174,.T.);
#6177=ORIENTED_EDGE('',*,*,#6176,.T.);
#6179=ORIENTED_EDGE('',*,*,#6178,.T.);
#6181=ORIENTED_EDGE('',*,*,#6180,.F.);
#6183=ORIENTED_EDGE('',*,*,#6182,.T.);
#6185=ORIENTED_EDGE('',*,*,#6184,.T.);
#6187=ORIENTED_EDGE('',*,*,#6186,.T.);
#6189=ORIENTED_EDGE('',*,*,#6188,.F.);
#6191=ORIENTED_EDGE('',*,*,#6190,.T.);
#6193=ORIENTED_EDGE('',*,*,#6192,.T.);
#6195=ORIENTED_EDGE('',*,*,#6194,.T.);
#6197=ORIENTED_EDGE('',*,*,#6196,.F.);
#6199=ORIENTED_EDGE('',*,*,#6198,.T.);
#6201=ORIENTED_EDGE('',*,*,#6200,.T.);
#6203=ORIENTED_EDGE('',*,*,#6202,.T.);
#6205=ORIENTED_EDGE('',*,*,#6204,.F.);
#6207=ORIENTED_EDGE('',*,*,#6206,.T.);
#6208=ORIENTED_EDGE('',*,*,#5984,.F.);
#6209=ORIENTED_EDGE('',*,*,#6038,.F.);
#6210=ORIENTED_EDGE('',*,*,#6097,.T.);
#6212=ORIENTED_EDGE('',*,*,#6211,.F.);
#6214=ORIENTED_EDGE('',*,*,#6213,.F.);
#6216=ORIENTED_EDGE('',*,*,#6215,.F.);
#6218=ORIENTED_EDGE('',*,*,#6217,.F.);
#6220=ORIENTED_EDGE('',*,*,#6219,.F.);
#6221=ORIENTED_EDGE('',*,*,#6130,.F.);
#6223=ORIENTED_EDGE('',*,*,#6222,.T.);
#6225=ORIENTED_EDGE('',*,*,#6224,.F.);
#6227=ORIENTED_EDGE('',*,*,#6226,.F.);
#6229=ORIENTED_EDGE('',*,*,#6228,.F.);
#6231=ORIENTED_EDGE('',*,*,#6230,.F.);
#6233=ORIENTED_EDGE('',*,*,#6232,.F.);
#6234=ORIENTED_EDGE('',*,*,#6122,.F.);
#6236=ORIENTED_EDGE('',*,*,#6235,.T.);
#6238=ORIENTED_EDGE('',*,*,#6237,.F.);
#6240=ORIENTED_EDGE('',*,*,#6239,.F.);
#6242=ORIENTED_EDGE('',*,*,#6241,.F.);
#6244=ORIENTED_EDGE('',*,*,#6243,.F.);
#6246=ORIENTED_EDGE('',*,*,#6245,.F.);
#6247=EDGE_LOOP('',(#6159,#6161,#6163,#6165,#6167,#6169,#6171,#6172,#6173,#6175,
#6177,#6179,#6181,#6183,#6185,#6187,#6189,#6191,#6193,#6195,#6197,#6199,#6201,
#6203,#6205,#6207,#6208,#6209,#6210,#6212,#6214,#6216,#6218,#6220,#6221,#6223,
#6225,#6227,#6229,#6231,#6233,#6234,#6236,#6238,#6240,#6242,#6244,#6246));
#6248=FACE_OUTER_BOUND('',#6247,.F.);
#6250=FILL_AREA_STYLE_COLOUR('',#9);
#6251=FILL_AREA_STYLE('',(#6250));
#6252=SURFACE_STYLE_FILL_AREA(#6251);
#6253=SURFACE_SIDE_STYLE('',(#6252));
#6254=SURFACE_STYLE_USAGE(.POSITIVE.,#6253);
#6255=PRESENTATION_STYLE_ASSIGNMENT((#6254));
#6256=STYLED_ITEM('',(#6255),#6249);
#6257=CARTESIAN_POINT('',(-1.255E0,-4.5E0,1.17E0));
#6258=DIRECTION('',(1.E0,0.E0,0.E0));
#6259=DIRECTION('',(0.E0,0.E0,1.E0));
#6260=AXIS2_PLACEMENT_3D('',#6257,#6258,#6259);
#6261=PLANE('',#6260);
#6262=ORIENTED_EDGE('',*,*,#6142,.F.);
#6264=ORIENTED_EDGE('',*,*,#6263,.T.);
#6266=ORIENTED_EDGE('',*,*,#6265,.T.);
#6268=ORIENTED_EDGE('',*,*,#6267,.F.);
#6270=ORIENTED_EDGE('',*,*,#6269,.F.);
#6271=ORIENTED_EDGE('',*,*,#5907,.F.);
#6273=ORIENTED_EDGE('',*,*,#6272,.T.);
#6275=ORIENTED_EDGE('',*,*,#6274,.F.);
#6277=ORIENTED_EDGE('',*,*,#6276,.T.);
#6278=ORIENTED_EDGE('',*,*,#6160,.F.);
#6279=EDGE_LOOP('',(#6262,#6264,#6266,#6268,#6270,#6271,#6273,#6275,#6277,
#6278));
#6280=FACE_OUTER_BOUND('',#6279,.F.);
#6282=FILL_AREA_STYLE_COLOUR('',#39);
#6283=FILL_AREA_STYLE('',(#6282));
#6284=SURFACE_STYLE_FILL_AREA(#6283);
#6285=SURFACE_SIDE_STYLE('',(#6284));
#6286=SURFACE_STYLE_USAGE(.POSITIVE.,#6285);
#6287=PRESENTATION_STYLE_ASSIGNMENT((#6286));
#6288=STYLED_ITEM('',(#6287),#6281);
#6289=CARTESIAN_POINT('',(-1.805E0,-4.5E0,1.17E0));
#6290=DIRECTION('',(0.E0,0.E0,-1.E0));
#6291=DIRECTION('',(1.E0,0.E0,0.E0));
#6292=AXIS2_PLACEMENT_3D('',#6289,#6290,#6291);
#6293=PLANE('',#6292);
#6294=ORIENTED_EDGE('',*,*,#6140,.F.);
#6296=ORIENTED_EDGE('',*,*,#6295,.T.);
#6298=ORIENTED_EDGE('',*,*,#6297,.T.);
#6299=ORIENTED_EDGE('',*,*,#6263,.F.);
#6300=EDGE_LOOP('',(#6294,#6296,#6298,#6299));
#6301=FACE_OUTER_BOUND('',#6300,.F.);
#6303=FILL_AREA_STYLE_COLOUR('',#56);
#6304=FILL_AREA_STYLE('',(#6303));
#6305=SURFACE_STYLE_FILL_AREA(#6304);
#6306=SURFACE_SIDE_STYLE('',(#6305));
#6307=SURFACE_STYLE_USAGE(.POSITIVE.,#6306);
#6308=PRESENTATION_STYLE_ASSIGNMENT((#6307));
#6309=STYLED_ITEM('',(#6308),#6302);
#6310=CARTESIAN_POINT('',(-1.805E0,-4.5E0,3.77E0));
#6311=DIRECTION('',(-1.E0,0.E0,0.E0));
#6312=DIRECTION('',(0.E0,0.E0,-1.E0));
#6313=AXIS2_PLACEMENT_3D('',#6310,#6311,#6312);
#6314=PLANE('',#6313);
#6315=ORIENTED_EDGE('',*,*,#6295,.F.);
#6316=ORIENTED_EDGE('',*,*,#6138,.T.);
#6317=ORIENTED_EDGE('',*,*,#5943,.F.);
#6318=ORIENTED_EDGE('',*,*,#6057,.T.);
#6319=ORIENTED_EDGE('',*,*,#6170,.T.);
#6321=ORIENTED_EDGE('',*,*,#6320,.T.);
#6323=ORIENTED_EDGE('',*,*,#6322,.F.);
#6325=ORIENTED_EDGE('',*,*,#6324,.T.);
#6326=ORIENTED_EDGE('',*,*,#5911,.T.);
#6328=ORIENTED_EDGE('',*,*,#6327,.T.);
#6330=ORIENTED_EDGE('',*,*,#6329,.F.);
#6332=ORIENTED_EDGE('',*,*,#6331,.T.);
#6333=EDGE_LOOP('',(#6315,#6316,#6317,#6318,#6319,#6321,#6323,#6325,#6326,#6328,
#6330,#6332));
#6334=FACE_OUTER_BOUND('',#6333,.F.);
#6336=FILL_AREA_STYLE_COLOUR('',#73);
#6337=FILL_AREA_STYLE('',(#6336));
#6338=SURFACE_STYLE_FILL_AREA(#6337);
#6339=SURFACE_SIDE_STYLE('',(#6338));
#6340=SURFACE_STYLE_USAGE(.POSITIVE.,#6339);
#6341=PRESENTATION_STYLE_ASSIGNMENT((#6340));
#6342=STYLED_ITEM('',(#6341),#6335);
#6343=CARTESIAN_POINT('',(-3.06E0,-1.2E0,0.E0));
#6344=DIRECTION('',(0.E0,-1.E0,0.E0));
#6345=DIRECTION('',(1.E0,0.E0,0.E0));
#6346=AXIS2_PLACEMENT_3D('',#6343,#6344,#6345);
#6347=PLANE('',#6346);
#6349=ORIENTED_EDGE('',*,*,#6348,.T.);
#6350=ORIENTED_EDGE('',*,*,#6265,.F.);
#6351=ORIENTED_EDGE('',*,*,#6297,.F.);
#6352=ORIENTED_EDGE('',*,*,#6331,.F.);
#6353=EDGE_LOOP('',(#6349,#6350,#6351,#6352));
#6354=FACE_OUTER_BOUND('',#6353,.F.);
#6356=FILL_AREA_STYLE_COLOUR('',#72);
#6357=FILL_AREA_STYLE('',(#6356));
#6358=SURFACE_STYLE_FILL_AREA(#6357);
#6359=SURFACE_SIDE_STYLE('',(#6358));
#6360=SURFACE_STYLE_USAGE(.POSITIVE.,#6359);
#6361=PRESENTATION_STYLE_ASSIGNMENT((#6360));
#6362=STYLED_ITEM('',(#6361),#6355);
#6363=CARTESIAN_POINT('',(-3.06E0,-1.2E0,0.E0));
#6364=DIRECTION('',(0.E0,-1.E0,0.E0));
#6365=DIRECTION('',(1.E0,0.E0,0.E0));
#6366=AXIS2_PLACEMENT_3D('',#6363,#6364,#6365);
#6367=PLANE('',#6366);
#6369=ORIENTED_EDGE('',*,*,#6368,.T.);
#6370=ORIENTED_EDGE('',*,*,#6162,.T.);
#6371=ORIENTED_EDGE('',*,*,#6276,.F.);
#6373=ORIENTED_EDGE('',*,*,#6372,.F.);
#6374=ORIENTED_EDGE('',*,*,#6320,.F.);
#6375=ORIENTED_EDGE('',*,*,#6168,.T.);
#6377=ORIENTED_EDGE('',*,*,#6376,.T.);
#6378=EDGE_LOOP('',(#6369,#6370,#6371,#6373,#6374,#6375,#6377));
#6379=FACE_OUTER_BOUND('',#6378,.F.);
#6381=FILL_AREA_STYLE_COLOUR('',#72);
#6382=FILL_AREA_STYLE('',(#6381));
#6383=SURFACE_STYLE_FILL_AREA(#6382);
#6384=SURFACE_SIDE_STYLE('',(#6383));
#6385=SURFACE_STYLE_USAGE(.POSITIVE.,#6384);
#6386=PRESENTATION_STYLE_ASSIGNMENT((#6385));
#6387=STYLED_ITEM('',(#6386),#6380);
#6388=CARTESIAN_POINT('',(-1.805E0,-1.2E0,1.45E0));
#6389=DIRECTION('',(0.E0,0.E0,-1.E0));
#6390=DIRECTION('',(0.E0,1.E0,0.E0));
#6391=AXIS2_PLACEMENT_3D('',#6388,#6389,#6390);
#6392=PLANE('',#6391);
#6394=ORIENTED_EDGE('',*,*,#6393,.T.);
#6395=ORIENTED_EDGE('',*,*,#6267,.T.);
#6396=ORIENTED_EDGE('',*,*,#6348,.F.);
#6397=ORIENTED_EDGE('',*,*,#6329,.T.);
#6398=EDGE_LOOP('',(#6394,#6395,#6396,#6397));
#6399=FACE_OUTER_BOUND('',#6398,.F.);
#6401=FILL_AREA_STYLE_COLOUR('',#40);
#6402=FILL_AREA_STYLE('',(#6401));
#6403=SURFACE_STYLE_FILL_AREA(#6402);
#6404=SURFACE_SIDE_STYLE('',(#6403));
#6405=SURFACE_STYLE_USAGE(.POSITIVE.,#6404);
#6406=PRESENTATION_STYLE_ASSIGNMENT((#6405));
#6407=STYLED_ITEM('',(#6406),#6400);
#6408=CARTESIAN_POINT('',(-1.255E0,3.94E0,5.E-1));
#6409=DIRECTION('',(0.E0,-1.E0,0.E0));
#6410=DIRECTION('',(-1.E0,0.E0,0.E0));
#6411=AXIS2_PLACEMENT_3D('',#6408,#6409,#6410);
#6412=PLANE('',#6411);
#6413=ORIENTED_EDGE('',*,*,#5909,.F.);
#6414=ORIENTED_EDGE('',*,*,#6269,.T.);
#6415=ORIENTED_EDGE('',*,*,#6393,.F.);
#6416=ORIENTED_EDGE('',*,*,#6327,.F.);
#6417=EDGE_LOOP('',(#6413,#6414,#6415,#6416));
#6418=FACE_OUTER_BOUND('',#6417,.F.);
#6420=FILL_AREA_STYLE_COLOUR('',#44);
#6421=FILL_AREA_STYLE('',(#6420));
#6422=SURFACE_STYLE_FILL_AREA(#6421);
#6423=SURFACE_SIDE_STYLE('',(#6422));
#6424=SURFACE_STYLE_USAGE(.POSITIVE.,#6423);
#6425=PRESENTATION_STYLE_ASSIGNMENT((#6424));
#6426=STYLED_ITEM('',(#6425),#6419);
#6427=CARTESIAN_POINT('',(-1.53E0,5.1228E0,7.130667261190E0));
#6428=DIRECTION('',(0.E0,-8.881444698600E-1,-4.595643596463E-1));
#6429=DIRECTION('',(0.E0,4.595643596463E-1,-8.881444698600E-1));
#6430=AXIS2_PLACEMENT_3D('',#6427,#6428,#6429);
#6431=CYLINDRICAL_SURFACE('',#6430,2.3E-1);
#6433=ORIENTED_EDGE('',*,*,#6432,.T.);
#6434=ORIENTED_EDGE('',*,*,#6164,.T.);
#6435=ORIENTED_EDGE('',*,*,#6368,.F.);
#6437=ORIENTED_EDGE('',*,*,#6436,.T.);
#6439=ORIENTED_EDGE('',*,*,#6438,.T.);
#6441=ORIENTED_EDGE('',*,*,#6440,.F.);
#6443=ORIENTED_EDGE('',*,*,#6442,.F.);
#6445=ORIENTED_EDGE('',*,*,#6444,.F.);
#6446=EDGE_LOOP('',(#6433,#6434,#6435,#6437,#6439,#6441,#6443,#6445));
#6447=FACE_OUTER_BOUND('',#6446,.F.);
#6449=FILL_AREA_STYLE_COLOUR('',#150);
#6450=FILL_AREA_STYLE('',(#6449));
#6451=SURFACE_STYLE_FILL_AREA(#6450);
#6452=SURFACE_SIDE_STYLE('',(#6451));
#6453=SURFACE_STYLE_USAGE(.POSITIVE.,#6452);
#6454=PRESENTATION_STYLE_ASSIGNMENT((#6453));
#6455=STYLED_ITEM('',(#6454),#6448);
#6456=CARTESIAN_POINT('',(-1.53E0,5.1228E0,7.130667261190E0));
#6457=DIRECTION('',(0.E0,-8.881444698600E-1,-4.595643596463E-1));
#6458=DIRECTION('',(0.E0,4.595643596463E-1,-8.881444698600E-1));
#6459=AXIS2_PLACEMENT_3D('',#6456,#6457,#6458);
#6460=CYLINDRICAL_SURFACE('',#6459,2.3E-1);
#6461=ORIENTED_EDGE('',*,*,#6432,.F.);
#6463=ORIENTED_EDGE('',*,*,#6462,.F.);
#6465=ORIENTED_EDGE('',*,*,#6464,.F.);
#6466=ORIENTED_EDGE('',*,*,#6440,.T.);
#6468=ORIENTED_EDGE('',*,*,#6467,.T.);
#6469=ORIENTED_EDGE('',*,*,#6436,.F.);
#6470=ORIENTED_EDGE('',*,*,#6376,.F.);
#6471=ORIENTED_EDGE('',*,*,#6166,.T.);
#6472=EDGE_LOOP('',(#6461,#6463,#6465,#6466,#6468,#6469,#6470,#6471));
#6473=FACE_OUTER_BOUND('',#6472,.F.);
#6475=FILL_AREA_STYLE_COLOUR('',#150);
#6476=FILL_AREA_STYLE('',(#6475));
#6477=SURFACE_STYLE_FILL_AREA(#6476);
#6478=SURFACE_SIDE_STYLE('',(#6477));
#6479=SURFACE_STYLE_USAGE(.POSITIVE.,#6478);
#6480=PRESENTATION_STYLE_ASSIGNMENT((#6479));
#6481=STYLED_ITEM('',(#6480),#6474);
#6482=CARTESIAN_POINT('',(-1.53E0,5.1228E0,7.130667261190E0));
#6483=DIRECTION('',(0.E0,-8.881444698600E-1,-4.595643596463E-1));
#6484=DIRECTION('',(0.E0,4.595643596463E-1,-8.881444698600E-1));
#6485=AXIS2_PLACEMENT_3D('',#6482,#6483,#6484);
#6486=PLANE('',#6485);
#6487=ORIENTED_EDGE('',*,*,#6444,.T.);
#6489=ORIENTED_EDGE('',*,*,#6488,.F.);
#6490=ORIENTED_EDGE('',*,*,#6462,.T.);
#6491=EDGE_LOOP('',(#6487,#6489,#6490));
#6492=FACE_OUTER_BOUND('',#6491,.F.);
#6494=FILL_AREA_STYLE_COLOUR('',#150);
#6495=FILL_AREA_STYLE('',(#6494));
#6496=SURFACE_STYLE_FILL_AREA(#6495);
#6497=SURFACE_SIDE_STYLE('',(#6496));
#6498=SURFACE_STYLE_USAGE(.POSITIVE.,#6497);
#6499=PRESENTATION_STYLE_ASSIGNMENT((#6498));
#6500=STYLED_ITEM('',(#6499),#6493);
#6501=CARTESIAN_POINT('',(-1.255E0,4.8E0,7.27E0));
#6502=DIRECTION('',(0.E0,0.E0,1.E0));
#6503=DIRECTION('',(-1.E0,0.E0,0.E0));
#6504=AXIS2_PLACEMENT_3D('',#6501,#6502,#6503);
#6505=PLANE('',#6504);
#6507=ORIENTED_EDGE('',*,*,#6506,.T.);
#6509=ORIENTED_EDGE('',*,*,#6508,.T.);
#6511=ORIENTED_EDGE('',*,*,#6510,.F.);
#6513=ORIENTED_EDGE('',*,*,#6512,.F.);
#6514=EDGE_LOOP('',(#6507,#6509,#6511,#6513));
#6515=FACE_OUTER_BOUND('',#6514,.F.);
#6516=ORIENTED_EDGE('',*,*,#6488,.T.);
#6517=ORIENTED_EDGE('',*,*,#6442,.T.);
#6518=ORIENTED_EDGE('',*,*,#6464,.T.);
#6519=EDGE_LOOP('',(#6516,#6517,#6518));
#6520=FACE_BOUND('',#6519,.F.);
#6522=FILL_AREA_STYLE_COLOUR('',#70);
#6523=FILL_AREA_STYLE('',(#6522));
#6524=SURFACE_STYLE_FILL_AREA(#6523);
#6525=SURFACE_SIDE_STYLE('',(#6524));
#6526=SURFACE_STYLE_USAGE(.POSITIVE.,#6525);
#6527=PRESENTATION_STYLE_ASSIGNMENT((#6526));
#6528=STYLED_ITEM('',(#6527),#6521);
#6529=CARTESIAN_POINT('',(-1.255E0,4.8E0,3.77E0));
#6530=DIRECTION('',(1.E0,0.E0,0.E0));
#6531=DIRECTION('',(0.E0,0.E0,1.E0));
#6532=AXIS2_PLACEMENT_3D('',#6529,#6530,#6531);
#6533=PLANE('',#6532);
#6534=ORIENTED_EDGE('',*,*,#6180,.T.);
#6536=ORIENTED_EDGE('',*,*,#6535,.T.);
#6537=ORIENTED_EDGE('',*,*,#6506,.F.);
#6539=ORIENTED_EDGE('',*,*,#6538,.F.);
#6540=EDGE_LOOP('',(#6534,#6536,#6537,#6539));
#6541=FACE_OUTER_BOUND('',#6540,.F.);
#6543=FILL_AREA_STYLE_COLOUR('',#69);
#6544=FILL_AREA_STYLE('',(#6543));
#6545=SURFACE_STYLE_FILL_AREA(#6544);
#6546=SURFACE_SIDE_STYLE('',(#6545));
#6547=SURFACE_STYLE_USAGE(.POSITIVE.,#6546);
#6548=PRESENTATION_STYLE_ASSIGNMENT((#6547));
#6549=STYLED_ITEM('',(#6548),#6542);
#6550=CARTESIAN_POINT('',(5.E0,6.5E0,0.E0));
#6551=DIRECTION('',(0.E0,1.E0,0.E0));
#6552=DIRECTION('',(-1.E0,0.E0,0.E0));
#6553=AXIS2_PLACEMENT_3D('',#6550,#6551,#6552);
#6554=PLANE('',#6553);
#6555=ORIENTED_EDGE('',*,*,#5838,.F.);
#6557=ORIENTED_EDGE('',*,*,#6556,.T.);
#6558=ORIENTED_EDGE('',*,*,#6014,.F.);
#6559=ORIENTED_EDGE('',*,*,#5759,.F.);
#6561=ORIENTED_EDGE('',*,*,#6560,.T.);
#6563=ORIENTED_EDGE('',*,*,#6562,.F.);
#6565=ORIENTED_EDGE('',*,*,#6564,.T.);
#6567=ORIENTED_EDGE('',*,*,#6566,.F.);
#6569=ORIENTED_EDGE('',*,*,#6568,.F.);
#6570=ORIENTED_EDGE('',*,*,#5767,.F.);
#6571=EDGE_LOOP('',(#6555,#6557,#6558,#6559,#6561,#6563,#6565,#6567,#6569,
#6570));
#6572=FACE_OUTER_BOUND('',#6571,.F.);
#6574=ORIENTED_EDGE('',*,*,#6573,.F.);
#6576=ORIENTED_EDGE('',*,*,#6575,.F.);
#6578=ORIENTED_EDGE('',*,*,#6577,.F.);
#6580=ORIENTED_EDGE('',*,*,#6579,.F.);
#6581=EDGE_LOOP('',(#6574,#6576,#6578,#6580));
#6582=FACE_BOUND('',#6581,.F.);
#6583=ORIENTED_EDGE('',*,*,#6202,.F.);
#6585=ORIENTED_EDGE('',*,*,#6584,.F.);
#6587=ORIENTED_EDGE('',*,*,#6586,.F.);
#6589=ORIENTED_EDGE('',*,*,#6588,.F.);
#6590=EDGE_LOOP('',(#6583,#6585,#6587,#6589));
#6591=FACE_BOUND('',#6590,.F.);
#6592=ORIENTED_EDGE('',*,*,#6194,.F.);
#6594=ORIENTED_EDGE('',*,*,#6593,.F.);
#6596=ORIENTED_EDGE('',*,*,#6595,.F.);
#6598=ORIENTED_EDGE('',*,*,#6597,.F.);
#6599=EDGE_LOOP('',(#6592,#6594,#6596,#6598));
#6600=FACE_BOUND('',#6599,.F.);
#6601=ORIENTED_EDGE('',*,*,#6186,.F.);
#6603=ORIENTED_EDGE('',*,*,#6602,.F.);
#6605=ORIENTED_EDGE('',*,*,#6604,.F.);
#6607=ORIENTED_EDGE('',*,*,#6606,.F.);
#6608=EDGE_LOOP('',(#6601,#6603,#6605,#6607));
#6609=FACE_BOUND('',#6608,.F.);
#6610=ORIENTED_EDGE('',*,*,#6178,.F.);
#6612=ORIENTED_EDGE('',*,*,#6611,.F.);
#6613=ORIENTED_EDGE('',*,*,#6508,.F.);
#6614=ORIENTED_EDGE('',*,*,#6535,.F.);
#6615=EDGE_LOOP('',(#6610,#6612,#6613,#6614));
#6616=FACE_BOUND('',#6615,.F.);
#6618=ORIENTED_EDGE('',*,*,#6617,.T.);
#6620=ORIENTED_EDGE('',*,*,#6619,.T.);
#6622=ORIENTED_EDGE('',*,*,#6621,.T.);
#6624=ORIENTED_EDGE('',*,*,#6623,.T.);
#6626=ORIENTED_EDGE('',*,*,#6625,.T.);
#6628=ORIENTED_EDGE('',*,*,#6627,.T.);
#6629=EDGE_LOOP('',(#6618,#6620,#6622,#6624,#6626,#6628));
#6630=FACE_BOUND('',#6629,.F.);
#6632=ORIENTED_EDGE('',*,*,#6631,.T.);
#6634=ORIENTED_EDGE('',*,*,#6633,.F.);
#6636=ORIENTED_EDGE('',*,*,#6635,.T.);
#6638=ORIENTED_EDGE('',*,*,#6637,.F.);
#6639=EDGE_LOOP('',(#6632,#6634,#6636,#6638));
#6640=FACE_BOUND('',#6639,.F.);
#6642=ORIENTED_EDGE('',*,*,#6641,.T.);
#6644=ORIENTED_EDGE('',*,*,#6643,.T.);
#6646=ORIENTED_EDGE('',*,*,#6645,.T.);
#6648=ORIENTED_EDGE('',*,*,#6647,.T.);
#6650=ORIENTED_EDGE('',*,*,#6649,.T.);
#6652=ORIENTED_EDGE('',*,*,#6651,.T.);
#6654=ORIENTED_EDGE('',*,*,#6653,.T.);
#6656=ORIENTED_EDGE('',*,*,#6655,.T.);
#6658=ORIENTED_EDGE('',*,*,#6657,.T.);
#6660=ORIENTED_EDGE('',*,*,#6659,.T.);
#6662=ORIENTED_EDGE('',*,*,#6661,.T.);
#6664=ORIENTED_EDGE('',*,*,#6663,.T.);
#6665=EDGE_LOOP('',(#6642,#6644,#6646,#6648,#6650,#6652,#6654,#6656,#6658,#6660,
#6662,#6664));
#6666=FACE_BOUND('',#6665,.F.);
#6668=ORIENTED_EDGE('',*,*,#6667,.T.);
#6670=ORIENTED_EDGE('',*,*,#6669,.F.);
#6672=ORIENTED_EDGE('',*,*,#6671,.T.);
#6674=ORIENTED_EDGE('',*,*,#6673,.T.);
#6675=EDGE_LOOP('',(#6668,#6670,#6672,#6674));
#6676=FACE_BOUND('',#6675,.F.);
#6678=ORIENTED_EDGE('',*,*,#6677,.T.);
#6680=ORIENTED_EDGE('',*,*,#6679,.T.);
#6682=ORIENTED_EDGE('',*,*,#6681,.T.);
#6684=ORIENTED_EDGE('',*,*,#6683,.T.);
#6686=ORIENTED_EDGE('',*,*,#6685,.T.);
#6688=ORIENTED_EDGE('',*,*,#6687,.T.);
#6690=ORIENTED_EDGE('',*,*,#6689,.T.);
#6692=ORIENTED_EDGE('',*,*,#6691,.T.);
#6693=EDGE_LOOP('',(#6678,#6680,#6682,#6684,#6686,#6688,#6690,#6692));
#6694=FACE_BOUND('',#6693,.F.);
#6696=ORIENTED_EDGE('',*,*,#6695,.T.);
#6698=ORIENTED_EDGE('',*,*,#6697,.T.);
#6700=ORIENTED_EDGE('',*,*,#6699,.T.);
#6702=ORIENTED_EDGE('',*,*,#6701,.T.);
#6704=ORIENTED_EDGE('',*,*,#6703,.T.);
#6706=ORIENTED_EDGE('',*,*,#6705,.T.);
#6708=ORIENTED_EDGE('',*,*,#6707,.T.);
#6710=ORIENTED_EDGE('',*,*,#6709,.T.);
#6712=ORIENTED_EDGE('',*,*,#6711,.T.);
#6714=ORIENTED_EDGE('',*,*,#6713,.T.);
#6716=ORIENTED_EDGE('',*,*,#6715,.T.);
#6718=ORIENTED_EDGE('',*,*,#6717,.T.);
#6719=EDGE_LOOP('',(#6696,#6698,#6700,#6702,#6704,#6706,#6708,#6710,#6712,#6714,
#6716,#6718));
#6720=FACE_BOUND('',#6719,.F.);
#6722=ORIENTED_EDGE('',*,*,#6721,.T.);
#6724=ORIENTED_EDGE('',*,*,#6723,.T.);
#6726=ORIENTED_EDGE('',*,*,#6725,.T.);
#6728=ORIENTED_EDGE('',*,*,#6727,.F.);
#6730=ORIENTED_EDGE('',*,*,#6729,.T.);
#6732=ORIENTED_EDGE('',*,*,#6731,.F.);
#6734=ORIENTED_EDGE('',*,*,#6733,.T.);
#6736=ORIENTED_EDGE('',*,*,#6735,.F.);
#6737=EDGE_LOOP('',(#6722,#6724,#6726,#6728,#6730,#6732,#6734,#6736));
#6738=FACE_BOUND('',#6737,.F.);
#6740=ORIENTED_EDGE('',*,*,#6739,.T.);
#6742=ORIENTED_EDGE('',*,*,#6741,.F.);
#6744=ORIENTED_EDGE('',*,*,#6743,.T.);
#6746=ORIENTED_EDGE('',*,*,#6745,.F.);
#6747=EDGE_LOOP('',(#6740,#6742,#6744,#6746));
#6748=FACE_BOUND('',#6747,.F.);
#6750=ORIENTED_EDGE('',*,*,#6749,.T.);
#6752=ORIENTED_EDGE('',*,*,#6751,.T.);
#6754=ORIENTED_EDGE('',*,*,#6753,.T.);
#6756=ORIENTED_EDGE('',*,*,#6755,.T.);
#6758=ORIENTED_EDGE('',*,*,#6757,.T.);
#6760=ORIENTED_EDGE('',*,*,#6759,.F.);
#6762=ORIENTED_EDGE('',*,*,#6761,.T.);
#6764=ORIENTED_EDGE('',*,*,#6763,.F.);
#6766=ORIENTED_EDGE('',*,*,#6765,.T.);
#6768=ORIENTED_EDGE('',*,*,#6767,.T.);
#6770=ORIENTED_EDGE('',*,*,#6769,.T.);
#6772=ORIENTED_EDGE('',*,*,#6771,.F.);
#6773=EDGE_LOOP('',(#6750,#6752,#6754,#6756,#6758,#6760,#6762,#6764,#6766,#6768,
#6770,#6772));
#6774=FACE_BOUND('',#6773,.F.);
#6776=ORIENTED_EDGE('',*,*,#6775,.T.);
#6778=ORIENTED_EDGE('',*,*,#6777,.T.);
#6780=ORIENTED_EDGE('',*,*,#6779,.T.);
#6782=ORIENTED_EDGE('',*,*,#6781,.T.);
#6784=ORIENTED_EDGE('',*,*,#6783,.T.);
#6786=ORIENTED_EDGE('',*,*,#6785,.T.);
#6788=ORIENTED_EDGE('',*,*,#6787,.T.);
#6790=ORIENTED_EDGE('',*,*,#6789,.T.);
#6792=ORIENTED_EDGE('',*,*,#6791,.T.);
#6794=ORIENTED_EDGE('',*,*,#6793,.T.);
#6796=ORIENTED_EDGE('',*,*,#6795,.T.);
#6798=ORIENTED_EDGE('',*,*,#6797,.T.);
#6799=EDGE_LOOP('',(#6776,#6778,#6780,#6782,#6784,#6786,#6788,#6790,#6792,#6794,
#6796,#6798));
#6800=FACE_BOUND('',#6799,.F.);
#6802=ORIENTED_EDGE('',*,*,#6801,.T.);
#6804=ORIENTED_EDGE('',*,*,#6803,.F.);
#6806=ORIENTED_EDGE('',*,*,#6805,.T.);
#6808=ORIENTED_EDGE('',*,*,#6807,.T.);
#6809=EDGE_LOOP('',(#6802,#6804,#6806,#6808));
#6810=FACE_BOUND('',#6809,.F.);
#6812=ORIENTED_EDGE('',*,*,#6811,.T.);
#6814=ORIENTED_EDGE('',*,*,#6813,.T.);
#6816=ORIENTED_EDGE('',*,*,#6815,.T.);
#6818=ORIENTED_EDGE('',*,*,#6817,.T.);
#6820=ORIENTED_EDGE('',*,*,#6819,.T.);
#6822=ORIENTED_EDGE('',*,*,#6821,.T.);
#6824=ORIENTED_EDGE('',*,*,#6823,.T.);
#6826=ORIENTED_EDGE('',*,*,#6825,.T.);
#6827=EDGE_LOOP('',(#6812,#6814,#6816,#6818,#6820,#6822,#6824,#6826));
#6828=FACE_BOUND('',#6827,.F.);
#6830=ORIENTED_EDGE('',*,*,#6829,.T.);
#6832=ORIENTED_EDGE('',*,*,#6831,.T.);
#6834=ORIENTED_EDGE('',*,*,#6833,.T.);
#6836=ORIENTED_EDGE('',*,*,#6835,.T.);
#6838=ORIENTED_EDGE('',*,*,#6837,.T.);
#6840=ORIENTED_EDGE('',*,*,#6839,.T.);
#6842=ORIENTED_EDGE('',*,*,#6841,.T.);
#6844=ORIENTED_EDGE('',*,*,#6843,.T.);
#6846=ORIENTED_EDGE('',*,*,#6845,.T.);
#6848=ORIENTED_EDGE('',*,*,#6847,.T.);
#6850=ORIENTED_EDGE('',*,*,#6849,.T.);
#6852=ORIENTED_EDGE('',*,*,#6851,.T.);
#6854=ORIENTED_EDGE('',*,*,#6853,.T.);
#6856=ORIENTED_EDGE('',*,*,#6855,.T.);
#6858=ORIENTED_EDGE('',*,*,#6857,.T.);
#6860=ORIENTED_EDGE('',*,*,#6859,.T.);
#6861=EDGE_LOOP('',(#6830,#6832,#6834,#6836,#6838,#6840,#6842,#6844,#6846,#6848,
#6850,#6852,#6854,#6856,#6858,#6860));
#6862=FACE_BOUND('',#6861,.F.);
#6864=FILL_AREA_STYLE_COLOUR('',#9);
#6865=FILL_AREA_STYLE('',(#6864));
#6866=SURFACE_STYLE_FILL_AREA(#6865);
#6867=SURFACE_SIDE_STYLE('',(#6866));
#6868=SURFACE_STYLE_USAGE(.POSITIVE.,#6867);
#6869=PRESENTATION_STYLE_ASSIGNMENT((#6868));
#6870=STYLED_ITEM('',(#6869),#6863);
#6871=CARTESIAN_POINT('',(5.E0,6.5E0,0.E0));
#6872=DIRECTION('',(0.E0,1.E0,0.E0));
#6873=DIRECTION('',(-1.E0,0.E0,0.E0));
#6874=AXIS2_PLACEMENT_3D('',#6871,#6872,#6873);
#6875=PLANE('',#6874);
#6877=ORIENTED_EDGE('',*,*,#6876,.F.);
#6879=ORIENTED_EDGE('',*,*,#6878,.F.);
#6880=EDGE_LOOP('',(#6877,#6879));
#6881=FACE_OUTER_BOUND('',#6880,.F.);
#6883=FILL_AREA_STYLE_COLOUR('',#9);
#6884=FILL_AREA_STYLE('',(#6883));
#6885=SURFACE_STYLE_FILL_AREA(#6884);
#6886=SURFACE_SIDE_STYLE('',(#6885));
#6887=SURFACE_STYLE_USAGE(.POSITIVE.,#6886);
#6888=PRESENTATION_STYLE_ASSIGNMENT((#6887));
#6889=STYLED_ITEM('',(#6888),#6882);
#6890=CARTESIAN_POINT('',(5.E0,6.5E0,0.E0));
#6891=DIRECTION('',(0.E0,1.E0,0.E0));
#6892=DIRECTION('',(-1.E0,0.E0,0.E0));
#6893=AXIS2_PLACEMENT_3D('',#6890,#6891,#6892);
#6894=PLANE('',#6893);
#6896=ORIENTED_EDGE('',*,*,#6895,.T.);
#6898=ORIENTED_EDGE('',*,*,#6897,.F.);
#6900=ORIENTED_EDGE('',*,*,#6899,.T.);
#6902=ORIENTED_EDGE('',*,*,#6901,.T.);
#6903=EDGE_LOOP('',(#6896,#6898,#6900,#6902));
#6904=FACE_OUTER_BOUND('',#6903,.F.);
#6906=FILL_AREA_STYLE_COLOUR('',#9);
#6907=FILL_AREA_STYLE('',(#6906));
#6908=SURFACE_STYLE_FILL_AREA(#6907);
#6909=SURFACE_SIDE_STYLE('',(#6908));
#6910=SURFACE_STYLE_USAGE(.POSITIVE.,#6909);
#6911=PRESENTATION_STYLE_ASSIGNMENT((#6910));
#6912=STYLED_ITEM('',(#6911),#6905);
#6913=CARTESIAN_POINT('',(5.E0,6.5E0,0.E0));
#6914=DIRECTION('',(0.E0,1.E0,0.E0));
#6915=DIRECTION('',(-1.E0,0.E0,0.E0));
#6916=AXIS2_PLACEMENT_3D('',#6913,#6914,#6915);
#6917=PLANE('',#6916);
#6919=ORIENTED_EDGE('',*,*,#6918,.F.);
#6921=ORIENTED_EDGE('',*,*,#6920,.T.);
#6923=ORIENTED_EDGE('',*,*,#6922,.T.);
#6925=ORIENTED_EDGE('',*,*,#6924,.T.);
#6927=ORIENTED_EDGE('',*,*,#6926,.F.);
#6928=EDGE_LOOP('',(#6919,#6921,#6923,#6925,#6927));
#6929=FACE_OUTER_BOUND('',#6928,.F.);
#6931=FILL_AREA_STYLE_COLOUR('',#9);
#6932=FILL_AREA_STYLE('',(#6931));
#6933=SURFACE_STYLE_FILL_AREA(#6932);
#6934=SURFACE_SIDE_STYLE('',(#6933));
#6935=SURFACE_STYLE_USAGE(.POSITIVE.,#6934);
#6936=PRESENTATION_STYLE_ASSIGNMENT((#6935));
#6937=STYLED_ITEM('',(#6936),#6930);
#6938=CARTESIAN_POINT('',(5.E0,6.5E0,0.E0));
#6939=DIRECTION('',(0.E0,1.E0,0.E0));
#6940=DIRECTION('',(-1.E0,0.E0,0.E0));
#6941=AXIS2_PLACEMENT_3D('',#6938,#6939,#6940);
#6942=PLANE('',#6941);
#6944=ORIENTED_EDGE('',*,*,#6943,.T.);
#6946=ORIENTED_EDGE('',*,*,#6945,.T.);
#6948=ORIENTED_EDGE('',*,*,#6947,.F.);
#6949=EDGE_LOOP('',(#6944,#6946,#6948));
#6950=FACE_OUTER_BOUND('',#6949,.F.);
#6952=FILL_AREA_STYLE_COLOUR('',#9);
#6953=FILL_AREA_STYLE('',(#6952));
#6954=SURFACE_STYLE_FILL_AREA(#6953);
#6955=SURFACE_SIDE_STYLE('',(#6954));
#6956=SURFACE_STYLE_USAGE(.POSITIVE.,#6955);
#6957=PRESENTATION_STYLE_ASSIGNMENT((#6956));
#6958=STYLED_ITEM('',(#6957),#6951);
#6959=CARTESIAN_POINT('',(5.E0,6.5E0,0.E0));
#6960=DIRECTION('',(0.E0,1.E0,0.E0));
#6961=DIRECTION('',(-1.E0,0.E0,0.E0));
#6962=AXIS2_PLACEMENT_3D('',#6959,#6960,#6961);
#6963=PLANE('',#6962);
#6965=ORIENTED_EDGE('',*,*,#6964,.T.);
#6967=ORIENTED_EDGE('',*,*,#6966,.F.);
#6969=ORIENTED_EDGE('',*,*,#6968,.T.);
#6971=ORIENTED_EDGE('',*,*,#6970,.T.);
#6972=EDGE_LOOP('',(#6965,#6967,#6969,#6971));
#6973=FACE_OUTER_BOUND('',#6972,.F.);
#6975=FILL_AREA_STYLE_COLOUR('',#9);
#6976=FILL_AREA_STYLE('',(#6975));
#6977=SURFACE_STYLE_FILL_AREA(#6976);
#6978=SURFACE_SIDE_STYLE('',(#6977));
#6979=SURFACE_STYLE_USAGE(.POSITIVE.,#6978);
#6980=PRESENTATION_STYLE_ASSIGNMENT((#6979));
#6981=STYLED_ITEM('',(#6980),#6974);
#6982=CARTESIAN_POINT('',(5.E0,6.5E0,0.E0));
#6983=DIRECTION('',(0.E0,1.E0,0.E0));
#6984=DIRECTION('',(-1.E0,0.E0,0.E0));
#6985=AXIS2_PLACEMENT_3D('',#6982,#6983,#6984);
#6986=PLANE('',#6985);
#6988=ORIENTED_EDGE('',*,*,#6987,.F.);
#6990=ORIENTED_EDGE('',*,*,#6989,.T.);
#6992=ORIENTED_EDGE('',*,*,#6991,.T.);
#6994=ORIENTED_EDGE('',*,*,#6993,.T.);
#6996=ORIENTED_EDGE('',*,*,#6995,.F.);
#6997=EDGE_LOOP('',(#6988,#6990,#6992,#6994,#6996));
#6998=FACE_OUTER_BOUND('',#6997,.F.);
#7000=FILL_AREA_STYLE_COLOUR('',#9);
#7001=FILL_AREA_STYLE('',(#7000));
#7002=SURFACE_STYLE_FILL_AREA(#7001);
#7003=SURFACE_SIDE_STYLE('',(#7002));
#7004=SURFACE_STYLE_USAGE(.POSITIVE.,#7003);
#7005=PRESENTATION_STYLE_ASSIGNMENT((#7004));
#7006=STYLED_ITEM('',(#7005),#6999);
#7007=CARTESIAN_POINT('',(-3.8E0,-4.3E0,1.14E1));
#7008=DIRECTION('',(0.E0,0.E0,-1.E0));
#7009=DIRECTION('',(1.E0,0.E0,0.E0));
#7010=AXIS2_PLACEMENT_3D('',#7007,#7008,#7009);
#7011=PLANE('',#7010);
#7013=ORIENTED_EDGE('',*,*,#7012,.T.);
#7015=ORIENTED_EDGE('',*,*,#7014,.F.);
#7017=ORIENTED_EDGE('',*,*,#7016,.F.);
#7019=ORIENTED_EDGE('',*,*,#7018,.T.);
#7020=ORIENTED_EDGE('',*,*,#6573,.T.);
#7022=ORIENTED_EDGE('',*,*,#7021,.F.);
#7023=EDGE_LOOP('',(#7013,#7015,#7017,#7019,#7020,#7022));
#7024=FACE_OUTER_BOUND('',#7023,.F.);
#7026=FILL_AREA_STYLE_COLOUR('',#9);
#7027=FILL_AREA_STYLE('',(#7026));
#7028=SURFACE_STYLE_FILL_AREA(#7027);
#7029=SURFACE_SIDE_STYLE('',(#7028));
#7030=SURFACE_STYLE_USAGE(.POSITIVE.,#7029);
#7031=PRESENTATION_STYLE_ASSIGNMENT((#7030));
#7032=STYLED_ITEM('',(#7031),#7025);
#7033=CARTESIAN_POINT('',(3.8E0,4.8E0,1.14E1));
#7034=DIRECTION('',(0.E0,-7.124704998791E-2,-9.974586998307E-1));
#7035=DIRECTION('',(0.E0,-9.974586998307E-1,7.124704998791E-2));
#7036=AXIS2_PLACEMENT_3D('',#7033,#7034,#7035);
#7037=PLANE('',#7036);
#7039=ORIENTED_EDGE('',*,*,#7038,.F.);
#7040=ORIENTED_EDGE('',*,*,#7012,.F.);
#7042=ORIENTED_EDGE('',*,*,#7041,.T.);
#7044=ORIENTED_EDGE('',*,*,#7043,.T.);
#7045=EDGE_LOOP('',(#7039,#7040,#7042,#7044));
#7046=FACE_OUTER_BOUND('',#7045,.F.);
#7048=FILL_AREA_STYLE_COLOUR('',#11);
#7049=FILL_AREA_STYLE('',(#7048));
#7050=SURFACE_STYLE_FILL_AREA(#7049);
#7051=SURFACE_SIDE_STYLE('',(#7050));
#7052=SURFACE_STYLE_USAGE(.POSITIVE.,#7051);
#7053=PRESENTATION_STYLE_ASSIGNMENT((#7052));
#7054=STYLED_ITEM('',(#7053),#7047);
#7055=CARTESIAN_POINT('',(2.2E0,-6.5E0,1.06E1));
#7056=DIRECTION('',(1.E0,0.E0,0.E0));
#7057=DIRECTION('',(0.E0,0.E0,1.E0));
#7058=AXIS2_PLACEMENT_3D('',#7055,#7056,#7057);
#7059=PLANE('',#7058);
#7061=ORIENTED_EDGE('',*,*,#7060,.T.);
#7062=ORIENTED_EDGE('',*,*,#7038,.T.);
#7064=ORIENTED_EDGE('',*,*,#7063,.F.);
#7066=ORIENTED_EDGE('',*,*,#7065,.T.);
#7068=ORIENTED_EDGE('',*,*,#7067,.T.);
#7070=ORIENTED_EDGE('',*,*,#7069,.T.);
#7072=ORIENTED_EDGE('',*,*,#7071,.F.);
#7073=EDGE_LOOP('',(#7061,#7062,#7064,#7066,#7068,#7070,#7072));
#7074=FACE_OUTER_BOUND('',#7073,.F.);
#7076=FILL_AREA_STYLE_COLOUR('',#9);
#7077=FILL_AREA_STYLE('',(#7076));
#7078=SURFACE_STYLE_FILL_AREA(#7077);
#7079=SURFACE_SIDE_STYLE('',(#7078));
#7080=SURFACE_STYLE_USAGE(.POSITIVE.,#7079);
#7081=PRESENTATION_STYLE_ASSIGNMENT((#7080));
#7082=STYLED_ITEM('',(#7081),#7075);
#7083=CARTESIAN_POINT('',(0.E0,4.8E0,0.E0));
#7084=DIRECTION('',(0.E0,-1.E0,0.E0));
#7085=DIRECTION('',(1.E0,0.E0,0.E0));
#7086=AXIS2_PLACEMENT_3D('',#7083,#7084,#7085);
#7087=PLANE('',#7086);
#7088=ORIENTED_EDGE('',*,*,#7060,.F.);
#7090=ORIENTED_EDGE('',*,*,#7089,.F.);
#7091=ORIENTED_EDGE('',*,*,#5986,.F.);
#7092=ORIENTED_EDGE('',*,*,#6206,.F.);
#7094=ORIENTED_EDGE('',*,*,#7093,.T.);
#7096=ORIENTED_EDGE('',*,*,#7095,.T.);
#7098=ORIENTED_EDGE('',*,*,#7097,.F.);
#7099=ORIENTED_EDGE('',*,*,#6198,.F.);
#7101=ORIENTED_EDGE('',*,*,#7100,.T.);
#7103=ORIENTED_EDGE('',*,*,#7102,.T.);
#7105=ORIENTED_EDGE('',*,*,#7104,.F.);
#7106=ORIENTED_EDGE('',*,*,#6190,.F.);
#7108=ORIENTED_EDGE('',*,*,#7107,.T.);
#7110=ORIENTED_EDGE('',*,*,#7109,.T.);
#7112=ORIENTED_EDGE('',*,*,#7111,.F.);
#7113=ORIENTED_EDGE('',*,*,#6182,.F.);
#7114=ORIENTED_EDGE('',*,*,#6538,.T.);
#7115=ORIENTED_EDGE('',*,*,#6512,.T.);
#7117=ORIENTED_EDGE('',*,*,#7116,.F.);
#7118=ORIENTED_EDGE('',*,*,#6174,.F.);
#7119=ORIENTED_EDGE('',*,*,#5807,.F.);
#7121=ORIENTED_EDGE('',*,*,#7120,.T.);
#7123=ORIENTED_EDGE('',*,*,#7122,.F.);
#7124=ORIENTED_EDGE('',*,*,#7014,.T.);
#7125=EDGE_LOOP('',(#7088,#7090,#7091,#7092,#7094,#7096,#7098,#7099,#7101,#7103,
#7105,#7106,#7108,#7110,#7112,#7113,#7114,#7115,#7117,#7118,#7119,#7121,#7123,
#7124));
#7126=FACE_OUTER_BOUND('',#7125,.F.);
#7128=FILL_AREA_STYLE_COLOUR('',#9);
#7129=FILL_AREA_STYLE('',(#7128));
#7130=SURFACE_STYLE_FILL_AREA(#7129);
#7131=SURFACE_SIDE_STYLE('',(#7130));
#7132=SURFACE_STYLE_USAGE(.POSITIVE.,#7131);
#7133=PRESENTATION_STYLE_ASSIGNMENT((#7132));
#7134=STYLED_ITEM('',(#7133),#7127);
#7135=CARTESIAN_POINT('',(2.2E0,4.8E0,9.6E0));
#7136=DIRECTION('',(0.E0,0.E0,-1.E0));
#7137=DIRECTION('',(1.E0,0.E0,0.E0));
#7138=AXIS2_PLACEMENT_3D('',#7135,#7136,#7137);
#7139=PLANE('',#7138);
#7140=ORIENTED_EDGE('',*,*,#7089,.T.);
#7141=ORIENTED_EDGE('',*,*,#7071,.T.);
#7143=ORIENTED_EDGE('',*,*,#7142,.T.);
#7144=ORIENTED_EDGE('',*,*,#5988,.F.);
#7145=EDGE_LOOP('',(#7140,#7141,#7143,#7144));
#7146=FACE_OUTER_BOUND('',#7145,.F.);
#7148=FILL_AREA_STYLE_COLOUR('',#9);
#7149=FILL_AREA_STYLE('',(#7148));
#7150=SURFACE_STYLE_FILL_AREA(#7149);
#7151=SURFACE_SIDE_STYLE('',(#7150));
#7152=SURFACE_STYLE_USAGE(.POSITIVE.,#7151);
#7153=PRESENTATION_STYLE_ASSIGNMENT((#7152));
#7154=STYLED_ITEM('',(#7153),#7147);
#7155=CARTESIAN_POINT('',(0.E0,4.E0,0.E0));
#7156=DIRECTION('',(0.E0,-1.E0,0.E0));
#7157=DIRECTION('',(1.E0,0.E0,0.E0));
#7158=AXIS2_PLACEMENT_3D('',#7155,#7156,#7157);
#7159=PLANE('',#7158);
#7161=ORIENTED_EDGE('',*,*,#7160,.F.);
#7163=ORIENTED_EDGE('',*,*,#7162,.F.);
#7165=ORIENTED_EDGE('',*,*,#7164,.F.);
#7166=ORIENTED_EDGE('',*,*,#5803,.F.);
#7167=EDGE_LOOP('',(#7161,#7163,#7165,#7166));
#7168=FACE_OUTER_BOUND('',#7167,.F.);
#7170=FILL_AREA_STYLE_COLOUR('',#9);
#7171=FILL_AREA_STYLE('',(#7170));
#7172=SURFACE_STYLE_FILL_AREA(#7171);
#7173=SURFACE_SIDE_STYLE('',(#7172));
#7174=SURFACE_STYLE_USAGE(.POSITIVE.,#7173);
#7175=PRESENTATION_STYLE_ASSIGNMENT((#7174));
#7176=STYLED_ITEM('',(#7175),#7169);
#7177=CARTESIAN_POINT('',(0.E0,4.E0,0.E0));
#7178=DIRECTION('',(0.E0,-1.E0,0.E0));
#7179=DIRECTION('',(1.E0,0.E0,0.E0));
#7180=AXIS2_PLACEMENT_3D('',#7177,#7178,#7179);
#7181=PLANE('',#7180);
#7182=ORIENTED_EDGE('',*,*,#5990,.T.);
#7183=ORIENTED_EDGE('',*,*,#7142,.F.);
#7184=ORIENTED_EDGE('',*,*,#7069,.F.);
#7186=ORIENTED_EDGE('',*,*,#7185,.F.);
#7187=EDGE_LOOP('',(#7182,#7183,#7184,#7186));
#7188=FACE_OUTER_BOUND('',#7187,.F.);
#7190=FILL_AREA_STYLE_COLOUR('',#9);
#7191=FILL_AREA_STYLE('',(#7190));
#7192=SURFACE_STYLE_FILL_AREA(#7191);
#7193=SURFACE_SIDE_STYLE('',(#7192));
#7194=SURFACE_STYLE_USAGE(.POSITIVE.,#7193);
#7195=PRESENTATION_STYLE_ASSIGNMENT((#7194));
#7196=STYLED_ITEM('',(#7195),#7189);
#7197=CARTESIAN_POINT('',(-2.2E0,-6.5E0,1.06E1));
#7198=DIRECTION('',(0.E0,0.E0,1.E0));
#7199=DIRECTION('',(-1.E0,0.E0,0.E0));
#7200=AXIS2_PLACEMENT_3D('',#7197,#7198,#7199);
#7201=PLANE('',#7200);
#7203=ORIENTED_EDGE('',*,*,#7202,.T.);
#7205=ORIENTED_EDGE('',*,*,#7204,.T.);
#7206=ORIENTED_EDGE('',*,*,#7160,.T.);
#7207=ORIENTED_EDGE('',*,*,#5801,.F.);
#7208=EDGE_LOOP('',(#7203,#7205,#7206,#7207));
#7209=FACE_OUTER_BOUND('',#7208,.F.);
#7211=FILL_AREA_STYLE_COLOUR('',#9);
#7212=FILL_AREA_STYLE('',(#7211));
#7213=SURFACE_STYLE_FILL_AREA(#7212);
#7214=SURFACE_SIDE_STYLE('',(#7213));
#7215=SURFACE_STYLE_USAGE(.POSITIVE.,#7214);
#7216=PRESENTATION_STYLE_ASSIGNMENT((#7215));
#7217=STYLED_ITEM('',(#7216),#7210);
#7218=CARTESIAN_POINT('',(-3.E0,-6.375E0,1.0725E1));
#7219=DIRECTION('',(0.E0,-7.071067811865E-1,-7.071067811865E-1));
#7220=DIRECTION('',(0.E0,7.071067811865E-1,-7.071067811865E-1));
#7221=AXIS2_PLACEMENT_3D('',#7218,#7219,#7220);
#7222=PLANE('',#7221);
#7224=ORIENTED_EDGE('',*,*,#7223,.T.);
#7226=ORIENTED_EDGE('',*,*,#7225,.F.);
#7227=ORIENTED_EDGE('',*,*,#7202,.F.);
#7229=ORIENTED_EDGE('',*,*,#7228,.T.);
#7230=EDGE_LOOP('',(#7224,#7226,#7227,#7229));
#7231=FACE_OUTER_BOUND('',#7230,.F.);
#7233=FILL_AREA_STYLE_COLOUR('',#9);
#7234=FILL_AREA_STYLE('',(#7233));
#7235=SURFACE_STYLE_FILL_AREA(#7234);
#7236=SURFACE_SIDE_STYLE('',(#7235));
#7237=SURFACE_STYLE_USAGE(.POSITIVE.,#7236);
#7238=PRESENTATION_STYLE_ASSIGNMENT((#7237));
#7239=STYLED_ITEM('',(#7238),#7232);
#7240=CARTESIAN_POINT('',(-5.E0,-6.5E0,0.E0));
#7241=DIRECTION('',(0.E0,-1.E0,0.E0));
#7242=DIRECTION('',(1.E0,0.E0,0.E0));
#7243=AXIS2_PLACEMENT_3D('',#7240,#7241,#7242);
#7244=PLANE('',#7243);
#7246=ORIENTED_EDGE('',*,*,#7245,.T.);
#7248=ORIENTED_EDGE('',*,*,#7247,.F.);
#7250=ORIENTED_EDGE('',*,*,#7249,.F.);
#7251=ORIENTED_EDGE('',*,*,#7223,.F.);
#7253=ORIENTED_EDGE('',*,*,#7252,.T.);
#7254=ORIENTED_EDGE('',*,*,#5777,.F.);
#7256=ORIENTED_EDGE('',*,*,#7255,.T.);
#7258=ORIENTED_EDGE('',*,*,#7257,.F.);
#7260=ORIENTED_EDGE('',*,*,#7259,.T.);
#7262=ORIENTED_EDGE('',*,*,#7261,.F.);
#7264=ORIENTED_EDGE('',*,*,#7263,.F.);
#7265=ORIENTED_EDGE('',*,*,#5749,.F.);
#7267=ORIENTED_EDGE('',*,*,#7266,.T.);
#7269=ORIENTED_EDGE('',*,*,#7268,.F.);
#7271=ORIENTED_EDGE('',*,*,#7270,.F.);
#7273=ORIENTED_EDGE('',*,*,#7272,.F.);
#7275=ORIENTED_EDGE('',*,*,#7274,.T.);
#7277=ORIENTED_EDGE('',*,*,#7276,.F.);
#7278=EDGE_LOOP('',(#7246,#7248,#7250,#7251,#7253,#7254,#7256,#7258,#7260,#7262,
#7264,#7265,#7267,#7269,#7271,#7273,#7275,#7277));
#7279=FACE_OUTER_BOUND('',#7278,.F.);
#7281=FILL_AREA_STYLE_COLOUR('',#9);
#7282=FILL_AREA_STYLE('',(#7281));
#7283=SURFACE_STYLE_FILL_AREA(#7282);
#7284=SURFACE_SIDE_STYLE('',(#7283));
#7285=SURFACE_STYLE_USAGE(.POSITIVE.,#7284);
#7286=PRESENTATION_STYLE_ASSIGNMENT((#7285));
#7287=STYLED_ITEM('',(#7286),#7280);
#7288=CARTESIAN_POINT('',(-1.375E0,-6.375E0,1.29875E1));
#7289=DIRECTION('',(7.071067811865E-1,-7.071067811865E-1,0.E0));
#7290=DIRECTION('',(-7.071067811865E-1,-7.071067811865E-1,0.E0));
#7291=AXIS2_PLACEMENT_3D('',#7288,#7289,#7290);
#7292=PLANE('',#7291);
#7294=ORIENTED_EDGE('',*,*,#7293,.T.);
#7296=ORIENTED_EDGE('',*,*,#7295,.T.);
#7297=ORIENTED_EDGE('',*,*,#7245,.F.);
#7299=ORIENTED_EDGE('',*,*,#7298,.T.);
#7300=EDGE_LOOP('',(#7294,#7296,#7297,#7299));
#7301=FACE_OUTER_BOUND('',#7300,.F.);
#7303=FILL_AREA_STYLE_COLOUR('',#9);
#7304=FILL_AREA_STYLE('',(#7303));
#7305=SURFACE_STYLE_FILL_AREA(#7304);
#7306=SURFACE_SIDE_STYLE('',(#7305));
#7307=SURFACE_STYLE_USAGE(.POSITIVE.,#7306);
#7308=PRESENTATION_STYLE_ASSIGNMENT((#7307));
#7309=STYLED_ITEM('',(#7308),#7302);
#7310=CARTESIAN_POINT('',(-1.25E0,-6.5E0,1.205E1));
#7311=DIRECTION('',(1.E0,0.E0,0.E0));
#7312=DIRECTION('',(0.E0,0.E0,1.E0));
#7313=AXIS2_PLACEMENT_3D('',#7310,#7311,#7312);
#7314=PLANE('',#7313);
#7315=ORIENTED_EDGE('',*,*,#7293,.F.);
#7317=ORIENTED_EDGE('',*,*,#7316,.F.);
#7319=ORIENTED_EDGE('',*,*,#7318,.T.);
#7321=ORIENTED_EDGE('',*,*,#7320,.F.);
#7323=ORIENTED_EDGE('',*,*,#7322,.F.);
#7324=EDGE_LOOP('',(#7315,#7317,#7319,#7321,#7323));
#7325=FACE_OUTER_BOUND('',#7324,.F.);
#7327=FILL_AREA_STYLE_COLOUR('',#9);
#7328=FILL_AREA_STYLE('',(#7327));
#7329=SURFACE_STYLE_FILL_AREA(#7328);
#7330=SURFACE_SIDE_STYLE('',(#7329));
#7331=SURFACE_STYLE_USAGE(.POSITIVE.,#7330);
#7332=PRESENTATION_STYLE_ASSIGNMENT((#7331));
#7333=STYLED_ITEM('',(#7332),#7326);
#7334=CARTESIAN_POINT('',(0.E0,-5.5E0,1.37E1));
#7335=DIRECTION('',(0.E0,-2.873478855663E-1,-9.578262852212E-1));
#7336=DIRECTION('',(0.E0,9.578262852212E-1,-2.873478855663E-1));
#7337=AXIS2_PLACEMENT_3D('',#7334,#7335,#7336);
#7338=PLANE('',#7337);
#7339=ORIENTED_EDGE('',*,*,#7276,.T.);
#7341=ORIENTED_EDGE('',*,*,#7340,.F.);
#7343=ORIENTED_EDGE('',*,*,#7342,.T.);
#7345=ORIENTED_EDGE('',*,*,#7344,.F.);
#7346=ORIENTED_EDGE('',*,*,#7316,.T.);
#7347=ORIENTED_EDGE('',*,*,#7298,.F.);
#7348=EDGE_LOOP('',(#7339,#7341,#7343,#7345,#7346,#7347));
#7349=FACE_OUTER_BOUND('',#7348,.F.);
#7351=FILL_AREA_STYLE_COLOUR('',#9);
#7352=FILL_AREA_STYLE('',(#7351));
#7353=SURFACE_STYLE_FILL_AREA(#7352);
#7354=SURFACE_SIDE_STYLE('',(#7353));
#7355=SURFACE_STYLE_USAGE(.POSITIVE.,#7354);
#7356=PRESENTATION_STYLE_ASSIGNMENT((#7355));
#7357=STYLED_ITEM('',(#7356),#7350);
#7358=CARTESIAN_POINT('',(1.375E0,-6.375E0,1.29875E1));
#7359=DIRECTION('',(-7.071067811865E-1,-7.071067811865E-1,0.E0));
#7360=DIRECTION('',(7.071067811865E-1,-7.071067811865E-1,0.E0));
#7361=AXIS2_PLACEMENT_3D('',#7358,#7359,#7360);
#7362=PLANE('',#7361);
#7363=ORIENTED_EDGE('',*,*,#7274,.F.);
#7365=ORIENTED_EDGE('',*,*,#7364,.F.);
#7367=ORIENTED_EDGE('',*,*,#7366,.T.);
#7368=ORIENTED_EDGE('',*,*,#7340,.T.);
#7369=EDGE_LOOP('',(#7363,#7365,#7367,#7368));
#7370=FACE_OUTER_BOUND('',#7369,.F.);
#7372=FILL_AREA_STYLE_COLOUR('',#9);
#7373=FILL_AREA_STYLE('',(#7372));
#7374=SURFACE_STYLE_FILL_AREA(#7373);
#7375=SURFACE_SIDE_STYLE('',(#7374));
#7376=SURFACE_STYLE_USAGE(.POSITIVE.,#7375);
#7377=PRESENTATION_STYLE_ASSIGNMENT((#7376));
#7378=STYLED_ITEM('',(#7377),#7371);
#7379=CARTESIAN_POINT('',(1.725E0,-6.375E0,1.2175E1));
#7380=DIRECTION('',(0.E0,-7.071067811865E-1,-7.071067811865E-1));
#7381=DIRECTION('',(0.E0,7.071067811865E-1,-7.071067811865E-1));
#7382=AXIS2_PLACEMENT_3D('',#7379,#7380,#7381);
#7383=PLANE('',#7382);
#7385=ORIENTED_EDGE('',*,*,#7384,.F.);
#7386=ORIENTED_EDGE('',*,*,#7364,.T.);
#7387=ORIENTED_EDGE('',*,*,#7272,.T.);
#7389=ORIENTED_EDGE('',*,*,#7388,.F.);
#7390=EDGE_LOOP('',(#7385,#7386,#7387,#7389));
#7391=FACE_OUTER_BOUND('',#7390,.F.);
#7393=FILL_AREA_STYLE_COLOUR('',#9);
#7394=FILL_AREA_STYLE('',(#7393));
#7395=SURFACE_STYLE_FILL_AREA(#7394);
#7396=SURFACE_SIDE_STYLE('',(#7395));
#7397=SURFACE_STYLE_USAGE(.POSITIVE.,#7396);
#7398=PRESENTATION_STYLE_ASSIGNMENT((#7397));
#7399=STYLED_ITEM('',(#7398),#7392);
#7400=CARTESIAN_POINT('',(1.25E0,-6.5E0,1.205E1));
#7401=DIRECTION('',(0.E0,0.E0,-1.E0));
#7402=DIRECTION('',(1.E0,0.E0,0.E0));
#7403=AXIS2_PLACEMENT_3D('',#7400,#7401,#7402);
#7404=PLANE('',#7403);
#7406=ORIENTED_EDGE('',*,*,#7405,.F.);
#7408=ORIENTED_EDGE('',*,*,#7407,.F.);
#7409=ORIENTED_EDGE('',*,*,#7384,.T.);
#7410=ORIENTED_EDGE('',*,*,#7063,.T.);
#7411=EDGE_LOOP('',(#7406,#7408,#7409,#7410));
#7412=FACE_OUTER_BOUND('',#7411,.F.);
#7414=FILL_AREA_STYLE_COLOUR('',#9);
#7415=FILL_AREA_STYLE('',(#7414));
#7416=SURFACE_STYLE_FILL_AREA(#7415);
#7417=SURFACE_SIDE_STYLE('',(#7416));
#7418=SURFACE_STYLE_USAGE(.POSITIVE.,#7417);
#7419=PRESENTATION_STYLE_ASSIGNMENT((#7418));
#7420=STYLED_ITEM('',(#7419),#7413);
#7421=CARTESIAN_POINT('',(0.E0,-4.3E0,0.E0));
#7422=DIRECTION('',(0.E0,-1.E0,0.E0));
#7423=DIRECTION('',(1.E0,0.E0,0.E0));
#7424=AXIS2_PLACEMENT_3D('',#7421,#7422,#7423);
#7425=PLANE('',#7424);
#7427=ORIENTED_EDGE('',*,*,#7426,.T.);
#7429=ORIENTED_EDGE('',*,*,#7428,.T.);
#7430=ORIENTED_EDGE('',*,*,#7320,.T.);
#7432=ORIENTED_EDGE('',*,*,#7431,.T.);
#7434=ORIENTED_EDGE('',*,*,#7433,.T.);
#7435=EDGE_LOOP('',(#7427,#7429,#7430,#7432,#7434));
#7436=FACE_OUTER_BOUND('',#7435,.F.);
#7438=FILL_AREA_STYLE_COLOUR('',#9);
#7439=FILL_AREA_STYLE('',(#7438));
#7440=SURFACE_STYLE_FILL_AREA(#7439);
#7441=SURFACE_SIDE_STYLE('',(#7440));
#7442=SURFACE_STYLE_USAGE(.POSITIVE.,#7441);
#7443=PRESENTATION_STYLE_ASSIGNMENT((#7442));
#7444=STYLED_ITEM('',(#7443),#7437);
#7445=CARTESIAN_POINT('',(0.E0,-4.3E0,0.E0));
#7446=DIRECTION('',(0.E0,-1.E0,0.E0));
#7447=DIRECTION('',(1.E0,0.E0,0.E0));
#7448=AXIS2_PLACEMENT_3D('',#7445,#7446,#7447);
#7449=PLANE('',#7448);
#7450=ORIENTED_EDGE('',*,*,#7043,.F.);
#7452=ORIENTED_EDGE('',*,*,#7451,.T.);
#7454=ORIENTED_EDGE('',*,*,#7453,.T.);
#7456=ORIENTED_EDGE('',*,*,#7455,.T.);
#7457=ORIENTED_EDGE('',*,*,#7405,.T.);
#7458=EDGE_LOOP('',(#7450,#7452,#7454,#7456,#7457));
#7459=FACE_OUTER_BOUND('',#7458,.F.);
#7461=FILL_AREA_STYLE_COLOUR('',#9);
#7462=FILL_AREA_STYLE('',(#7461));
#7463=SURFACE_STYLE_FILL_AREA(#7462);
#7464=SURFACE_SIDE_STYLE('',(#7463));
#7465=SURFACE_STYLE_USAGE(.POSITIVE.,#7464);
#7466=PRESENTATION_STYLE_ASSIGNMENT((#7465));
#7467=STYLED_ITEM('',(#7466),#7460);
#7468=CARTESIAN_POINT('',(-3.8E0,4.8E0,1.14E1));
#7469=DIRECTION('',(0.E0,7.124704998791E-2,9.974586998307E-1));
#7470=DIRECTION('',(0.E0,-9.974586998307E-1,7.124704998791E-2));
#7471=AXIS2_PLACEMENT_3D('',#7468,#7469,#7470);
#7472=PLANE('',#7471);
#7473=ORIENTED_EDGE('',*,*,#7426,.F.);
#7475=ORIENTED_EDGE('',*,*,#7474,.F.);
#7476=ORIENTED_EDGE('',*,*,#7016,.T.);
#7478=ORIENTED_EDGE('',*,*,#7477,.T.);
#7479=EDGE_LOOP('',(#7473,#7475,#7476,#7478));
#7480=FACE_OUTER_BOUND('',#7479,.F.);
#7482=FILL_AREA_STYLE_COLOUR('',#10);
#7483=FILL_AREA_STYLE('',(#7482));
#7484=SURFACE_STYLE_FILL_AREA(#7483);
#7485=SURFACE_SIDE_STYLE('',(#7484));
#7486=SURFACE_STYLE_USAGE(.POSITIVE.,#7485);
#7487=PRESENTATION_STYLE_ASSIGNMENT((#7486));
#7488=STYLED_ITEM('',(#7487),#7481);
#7489=CARTESIAN_POINT('',(-3.8E0,-4.3E0,1.34E1));
#7490=DIRECTION('',(-1.E0,0.E0,0.E0));
#7491=DIRECTION('',(0.E0,0.E0,-1.E0));
#7492=AXIS2_PLACEMENT_3D('',#7489,#7490,#7491);
#7493=PLANE('',#7492);
#7494=ORIENTED_EDGE('',*,*,#7474,.T.);
#7495=ORIENTED_EDGE('',*,*,#7433,.F.);
#7497=ORIENTED_EDGE('',*,*,#7496,.T.);
#7498=ORIENTED_EDGE('',*,*,#6575,.T.);
#7499=ORIENTED_EDGE('',*,*,#7018,.F.);
#7500=EDGE_LOOP('',(#7494,#7495,#7497,#7498,#7499));
#7501=FACE_OUTER_BOUND('',#7500,.F.);
#7503=FILL_AREA_STYLE_COLOUR('',#9);
#7504=FILL_AREA_STYLE('',(#7503));
#7505=SURFACE_STYLE_FILL_AREA(#7504);
#7506=SURFACE_SIDE_STYLE('',(#7505));
#7507=SURFACE_STYLE_USAGE(.POSITIVE.,#7506);
#7508=PRESENTATION_STYLE_ASSIGNMENT((#7507));
#7509=STYLED_ITEM('',(#7508),#7502);
#7510=CARTESIAN_POINT('',(2.2E0,-6.5E0,1.34E1));
#7511=DIRECTION('',(0.E0,0.E0,1.E0));
#7512=DIRECTION('',(-1.E0,0.E0,0.E0));
#7513=AXIS2_PLACEMENT_3D('',#7510,#7511,#7512);
#7514=PLANE('',#7513);
#7515=ORIENTED_EDGE('',*,*,#7453,.F.);
#7517=ORIENTED_EDGE('',*,*,#7516,.T.);
#7518=ORIENTED_EDGE('',*,*,#6577,.T.);
#7519=ORIENTED_EDGE('',*,*,#7496,.F.);
#7520=ORIENTED_EDGE('',*,*,#7431,.F.);
#7521=ORIENTED_EDGE('',*,*,#7318,.F.);
#7522=ORIENTED_EDGE('',*,*,#7344,.T.);
#7524=ORIENTED_EDGE('',*,*,#7523,.T.);
#7525=EDGE_LOOP('',(#7515,#7517,#7518,#7519,#7520,#7521,#7522,#7524));
#7526=FACE_OUTER_BOUND('',#7525,.F.);
#7528=FILL_AREA_STYLE_COLOUR('',#9);
#7529=FILL_AREA_STYLE('',(#7528));
#7530=SURFACE_STYLE_FILL_AREA(#7529);
#7531=SURFACE_SIDE_STYLE('',(#7530));
#7532=SURFACE_STYLE_USAGE(.POSITIVE.,#7531);
#7533=PRESENTATION_STYLE_ASSIGNMENT((#7532));
#7534=STYLED_ITEM('',(#7533),#7527);
#7535=CARTESIAN_POINT('',(3.8E0,-4.3E0,1.14E1));
#7536=DIRECTION('',(1.E0,0.E0,0.E0));
#7537=DIRECTION('',(0.E0,0.E0,1.E0));
#7538=AXIS2_PLACEMENT_3D('',#7535,#7536,#7537);
#7539=PLANE('',#7538);
#7540=ORIENTED_EDGE('',*,*,#7041,.F.);
#7541=ORIENTED_EDGE('',*,*,#7021,.T.);
#7542=ORIENTED_EDGE('',*,*,#6579,.T.);
#7543=ORIENTED_EDGE('',*,*,#7516,.F.);
#7544=ORIENTED_EDGE('',*,*,#7451,.F.);
#7545=EDGE_LOOP('',(#7540,#7541,#7542,#7543,#7544));
#7546=FACE_OUTER_BOUND('',#7545,.F.);
#7548=FILL_AREA_STYLE_COLOUR('',#9);
#7549=FILL_AREA_STYLE('',(#7548));
#7550=SURFACE_STYLE_FILL_AREA(#7549);
#7551=SURFACE_SIDE_STYLE('',(#7550));
#7552=SURFACE_STYLE_USAGE(.POSITIVE.,#7551);
#7553=PRESENTATION_STYLE_ASSIGNMENT((#7552));
#7554=STYLED_ITEM('',(#7553),#7547);
#7555=CARTESIAN_POINT('',(1.25E0,-6.5E0,1.34E1));
#7556=DIRECTION('',(-1.E0,0.E0,0.E0));
#7557=DIRECTION('',(0.E0,0.E0,-1.E0));
#7558=AXIS2_PLACEMENT_3D('',#7555,#7556,#7557);
#7559=PLANE('',#7558);
#7560=ORIENTED_EDGE('',*,*,#7366,.F.);
#7561=ORIENTED_EDGE('',*,*,#7407,.T.);
#7562=ORIENTED_EDGE('',*,*,#7455,.F.);
#7563=ORIENTED_EDGE('',*,*,#7523,.F.);
#7564=ORIENTED_EDGE('',*,*,#7342,.F.);
#7565=EDGE_LOOP('',(#7560,#7561,#7562,#7563,#7564));
#7566=FACE_OUTER_BOUND('',#7565,.F.);
#7568=FILL_AREA_STYLE_COLOUR('',#9);
#7569=FILL_AREA_STYLE('',(#7568));
#7570=SURFACE_STYLE_FILL_AREA(#7569);
#7571=SURFACE_SIDE_STYLE('',(#7570));
#7572=SURFACE_STYLE_USAGE(.POSITIVE.,#7571);
#7573=PRESENTATION_STYLE_ASSIGNMENT((#7572));
#7574=STYLED_ITEM('',(#7573),#7567);
#7575=CARTESIAN_POINT('',(-2.2E0,-6.5E0,1.34E1));
#7576=DIRECTION('',(-1.E0,0.E0,0.E0));
#7577=DIRECTION('',(0.E0,0.E0,-1.E0));
#7578=AXIS2_PLACEMENT_3D('',#7575,#7576,#7577);
#7579=PLANE('',#7578);
#7581=ORIENTED_EDGE('',*,*,#7580,.T.);
#7582=ORIENTED_EDGE('',*,*,#7477,.F.);
#7583=ORIENTED_EDGE('',*,*,#7122,.T.);
#7585=ORIENTED_EDGE('',*,*,#7584,.T.);
#7586=ORIENTED_EDGE('',*,*,#7162,.T.);
#7587=ORIENTED_EDGE('',*,*,#7204,.F.);
#7589=ORIENTED_EDGE('',*,*,#7588,.T.);
#7590=EDGE_LOOP('',(#7581,#7582,#7583,#7585,#7586,#7587,#7589));
#7591=FACE_OUTER_BOUND('',#7590,.F.);
#7593=FILL_AREA_STYLE_COLOUR('',#9);
#7594=FILL_AREA_STYLE('',(#7593));
#7595=SURFACE_STYLE_FILL_AREA(#7594);
#7596=SURFACE_SIDE_STYLE('',(#7595));
#7597=SURFACE_STYLE_USAGE(.POSITIVE.,#7596);
#7598=PRESENTATION_STYLE_ASSIGNMENT((#7597));
#7599=STYLED_ITEM('',(#7598),#7592);
#7600=CARTESIAN_POINT('',(-2.2E0,-6.5E0,1.205E1));
#7601=DIRECTION('',(0.E0,0.E0,-1.E0));
#7602=DIRECTION('',(1.E0,0.E0,0.E0));
#7603=AXIS2_PLACEMENT_3D('',#7600,#7601,#7602);
#7604=PLANE('',#7603);
#7605=ORIENTED_EDGE('',*,*,#7428,.F.);
#7606=ORIENTED_EDGE('',*,*,#7580,.F.);
#7608=ORIENTED_EDGE('',*,*,#7607,.T.);
#7609=ORIENTED_EDGE('',*,*,#7322,.T.);
#7610=EDGE_LOOP('',(#7605,#7606,#7608,#7609));
#7611=FACE_OUTER_BOUND('',#7610,.F.);
#7613=FILL_AREA_STYLE_COLOUR('',#9);
#7614=FILL_AREA_STYLE('',(#7613));
#7615=SURFACE_STYLE_FILL_AREA(#7614);
#7616=SURFACE_SIDE_STYLE('',(#7615));
#7617=SURFACE_STYLE_USAGE(.POSITIVE.,#7616);
#7618=PRESENTATION_STYLE_ASSIGNMENT((#7617));
#7619=STYLED_ITEM('',(#7618),#7612);
#7620=CARTESIAN_POINT('',(-1.725E0,-6.375E0,1.2175E1));
#7621=DIRECTION('',(0.E0,-7.071067811865E-1,-7.071067811865E-1));
#7622=DIRECTION('',(0.E0,7.071067811865E-1,-7.071067811865E-1));
#7623=AXIS2_PLACEMENT_3D('',#7620,#7621,#7622);
#7624=PLANE('',#7623);
#7625=ORIENTED_EDGE('',*,*,#7247,.T.);
#7626=ORIENTED_EDGE('',*,*,#7295,.F.);
#7627=ORIENTED_EDGE('',*,*,#7607,.F.);
#7629=ORIENTED_EDGE('',*,*,#7628,.T.);
#7630=EDGE_LOOP('',(#7625,#7626,#7627,#7629));
#7631=FACE_OUTER_BOUND('',#7630,.F.);
#7633=FILL_AREA_STYLE_COLOUR('',#9);
#7634=FILL_AREA_STYLE('',(#7633));
#7635=SURFACE_STYLE_FILL_AREA(#7634);
#7636=SURFACE_SIDE_STYLE('',(#7635));
#7637=SURFACE_STYLE_USAGE(.POSITIVE.,#7636);
#7638=PRESENTATION_STYLE_ASSIGNMENT((#7637));
#7639=STYLED_ITEM('',(#7638),#7632);
#7640=CARTESIAN_POINT('',(-2.325E0,-6.375E0,1.1325E1));
#7641=DIRECTION('',(7.071067811865E-1,-7.071067811865E-1,0.E0));
#7642=DIRECTION('',(7.071067811865E-1,7.071067811865E-1,0.E0));
#7643=AXIS2_PLACEMENT_3D('',#7640,#7641,#7642);
#7644=PLANE('',#7643);
#7645=ORIENTED_EDGE('',*,*,#7588,.F.);
#7646=ORIENTED_EDGE('',*,*,#7225,.T.);
#7647=ORIENTED_EDGE('',*,*,#7249,.T.);
#7648=ORIENTED_EDGE('',*,*,#7628,.F.);
#7649=EDGE_LOOP('',(#7645,#7646,#7647,#7648));
#7650=FACE_OUTER_BOUND('',#7649,.F.);
#7652=FILL_AREA_STYLE_COLOUR('',#9);
#7653=FILL_AREA_STYLE('',(#7652));
#7654=SURFACE_STYLE_FILL_AREA(#7653);
#7655=SURFACE_SIDE_STYLE('',(#7654));
#7656=SURFACE_STYLE_USAGE(.POSITIVE.,#7655);
#7657=PRESENTATION_STYLE_ASSIGNMENT((#7656));
#7658=STYLED_ITEM('',(#7657),#7651);
#7659=CARTESIAN_POINT('',(-3.8E0,4.8E0,9.6E0));
#7660=DIRECTION('',(0.E0,0.E0,-1.E0));
#7661=DIRECTION('',(1.E0,0.E0,0.E0));
#7662=AXIS2_PLACEMENT_3D('',#7659,#7660,#7661);
#7663=PLANE('',#7662);
#7664=ORIENTED_EDGE('',*,*,#7120,.F.);
#7665=ORIENTED_EDGE('',*,*,#5805,.T.);
#7666=ORIENTED_EDGE('',*,*,#7164,.T.);
#7667=ORIENTED_EDGE('',*,*,#7584,.F.);
#7668=EDGE_LOOP('',(#7664,#7665,#7666,#7667));
#7669=FACE_OUTER_BOUND('',#7668,.F.);
#7671=FILL_AREA_STYLE_COLOUR('',#9);
#7672=FILL_AREA_STYLE('',(#7671));
#7673=SURFACE_STYLE_FILL_AREA(#7672);
#7674=SURFACE_SIDE_STYLE('',(#7673));
#7675=SURFACE_STYLE_USAGE(.POSITIVE.,#7674);
#7676=PRESENTATION_STYLE_ASSIGNMENT((#7675));
#7677=STYLED_ITEM('',(#7676),#7670);
#7678=CARTESIAN_POINT('',(2.325E0,-6.375E0,1.1325E1));
#7679=DIRECTION('',(-7.071067811865E-1,-7.071067811865E-1,0.E0));
#7680=DIRECTION('',(-7.071067811865E-1,7.071067811865E-1,0.E0));
#7681=AXIS2_PLACEMENT_3D('',#7678,#7679,#7680);
#7682=PLANE('',#7681);
#7683=ORIENTED_EDGE('',*,*,#7270,.T.);
#7685=ORIENTED_EDGE('',*,*,#7684,.F.);
#7686=ORIENTED_EDGE('',*,*,#7065,.F.);
#7687=ORIENTED_EDGE('',*,*,#7388,.T.);
#7688=EDGE_LOOP('',(#7683,#7685,#7686,#7687));
#7689=FACE_OUTER_BOUND('',#7688,.F.);
#7691=FILL_AREA_STYLE_COLOUR('',#9);
#7692=FILL_AREA_STYLE('',(#7691));
#7693=SURFACE_STYLE_FILL_AREA(#7692);
#7694=SURFACE_SIDE_STYLE('',(#7693));
#7695=SURFACE_STYLE_USAGE(.POSITIVE.,#7694);
#7696=PRESENTATION_STYLE_ASSIGNMENT((#7695));
#7697=STYLED_ITEM('',(#7696),#7690);
#7698=CARTESIAN_POINT('',(3.E0,-6.375E0,1.0725E1));
#7699=DIRECTION('',(0.E0,-7.071067811866E-1,-7.071067811865E-1));
#7700=DIRECTION('',(0.E0,7.071067811865E-1,-7.071067811866E-1));
#7701=AXIS2_PLACEMENT_3D('',#7698,#7699,#7700);
#7702=PLANE('',#7701);
#7704=ORIENTED_EDGE('',*,*,#7703,.F.);
#7705=ORIENTED_EDGE('',*,*,#7684,.T.);
#7706=ORIENTED_EDGE('',*,*,#7268,.T.);
#7708=ORIENTED_EDGE('',*,*,#7707,.F.);
#7709=EDGE_LOOP('',(#7704,#7705,#7706,#7708));
#7710=FACE_OUTER_BOUND('',#7709,.F.);
#7712=FILL_AREA_STYLE_COLOUR('',#9);
#7713=FILL_AREA_STYLE('',(#7712));
#7714=SURFACE_STYLE_FILL_AREA(#7713);
#7715=SURFACE_SIDE_STYLE('',(#7714));
#7716=SURFACE_STYLE_USAGE(.POSITIVE.,#7715);
#7717=PRESENTATION_STYLE_ASSIGNMENT((#7716));
#7718=STYLED_ITEM('',(#7717),#7711);
#7719=CARTESIAN_POINT('',(3.8E0,-6.5E0,1.06E1));
#7720=DIRECTION('',(0.E0,0.E0,1.E0));
#7721=DIRECTION('',(-1.E0,0.E0,0.E0));
#7722=AXIS2_PLACEMENT_3D('',#7719,#7720,#7721);
#7723=PLANE('',#7722);
#7724=ORIENTED_EDGE('',*,*,#7703,.T.);
#7725=ORIENTED_EDGE('',*,*,#5992,.T.);
#7726=ORIENTED_EDGE('',*,*,#7185,.T.);
#7727=ORIENTED_EDGE('',*,*,#7067,.F.);
#7728=EDGE_LOOP('',(#7724,#7725,#7726,#7727));
#7729=FACE_OUTER_BOUND('',#7728,.F.);
#7731=FILL_AREA_STYLE_COLOUR('',#9);
#7732=FILL_AREA_STYLE('',(#7731));
#7733=SURFACE_STYLE_FILL_AREA(#7732);
#7734=SURFACE_SIDE_STYLE('',(#7733));
#7735=SURFACE_STYLE_USAGE(.POSITIVE.,#7734);
#7736=PRESENTATION_STYLE_ASSIGNMENT((#7735));
#7737=STYLED_ITEM('',(#7736),#7730);
#7738=CARTESIAN_POINT('',(3.925E0,-6.375E0,5.3E0));
#7739=DIRECTION('',(-7.071067811865E-1,-7.071067811865E-1,0.E0));
#7740=DIRECTION('',(7.071067811865E-1,-7.071067811865E-1,0.E0));
#7741=AXIS2_PLACEMENT_3D('',#7738,#7739,#7740);
#7742=PLANE('',#7741);
#7743=ORIENTED_EDGE('',*,*,#5747,.T.);
#7744=ORIENTED_EDGE('',*,*,#5994,.T.);
#7745=ORIENTED_EDGE('',*,*,#7707,.T.);
#7746=ORIENTED_EDGE('',*,*,#7266,.F.);
#7747=EDGE_LOOP('',(#7743,#7744,#7745,#7746));
#7748=FACE_OUTER_BOUND('',#7747,.F.);
#7750=FILL_AREA_STYLE_COLOUR('',#9);
#7751=FILL_AREA_STYLE('',(#7750));
#7752=SURFACE_STYLE_FILL_AREA(#7751);
#7753=SURFACE_SIDE_STYLE('',(#7752));
#7754=SURFACE_STYLE_USAGE(.POSITIVE.,#7753);
#7755=PRESENTATION_STYLE_ASSIGNMENT((#7754));
#7756=STYLED_ITEM('',(#7755),#7749);
#7757=CARTESIAN_POINT('',(-3.925E0,-6.375E0,5.3E0));
#7758=DIRECTION('',(7.071067811865E-1,-7.071067811865E-1,0.E0));
#7759=DIRECTION('',(-7.071067811865E-1,-7.071067811865E-1,0.E0));
#7760=AXIS2_PLACEMENT_3D('',#7757,#7758,#7759);
#7761=PLANE('',#7760);
#7762=ORIENTED_EDGE('',*,*,#5779,.T.);
#7763=ORIENTED_EDGE('',*,*,#7252,.F.);
#7764=ORIENTED_EDGE('',*,*,#7228,.F.);
#7765=ORIENTED_EDGE('',*,*,#5799,.T.);
#7766=EDGE_LOOP('',(#7762,#7763,#7764,#7765));
#7767=FACE_OUTER_BOUND('',#7766,.F.);
#7769=FILL_AREA_STYLE_COLOUR('',#9);
#7770=FILL_AREA_STYLE('',(#7769));
#7771=SURFACE_STYLE_FILL_AREA(#7770);
#7772=SURFACE_SIDE_STYLE('',(#7771));
#7773=SURFACE_STYLE_USAGE(.POSITIVE.,#7772);
#7774=PRESENTATION_STYLE_ASSIGNMENT((#7773));
#7775=STYLED_ITEM('',(#7774),#7768);
#7776=CARTESIAN_POINT('',(-5.E0,6.5E0,0.E0));
#7777=DIRECTION('',(-1.E0,0.E0,0.E0));
#7778=DIRECTION('',(0.E0,-1.E0,0.E0));
#7779=AXIS2_PLACEMENT_3D('',#7776,#7777,#7778);
#7780=PLANE('',#7779);
#7782=ORIENTED_EDGE('',*,*,#7781,.T.);
#7784=ORIENTED_EDGE('',*,*,#7783,.T.);
#7785=ORIENTED_EDGE('',*,*,#5769,.F.);
#7786=ORIENTED_EDGE('',*,*,#6568,.T.);
#7788=ORIENTED_EDGE('',*,*,#7787,.T.);
#7789=ORIENTED_EDGE('',*,*,#7255,.F.);
#7790=ORIENTED_EDGE('',*,*,#5775,.F.);
#7792=ORIENTED_EDGE('',*,*,#7791,.F.);
#7794=ORIENTED_EDGE('',*,*,#7793,.F.);
#7795=EDGE_LOOP('',(#7782,#7784,#7785,#7786,#7788,#7789,#7790,#7792,#7794));
#7796=FACE_OUTER_BOUND('',#7795,.F.);
#7798=FILL_AREA_STYLE_COLOUR('',#9);
#7799=FILL_AREA_STYLE('',(#7798));
#7800=SURFACE_STYLE_FILL_AREA(#7799);
#7801=SURFACE_SIDE_STYLE('',(#7800));
#7802=SURFACE_STYLE_USAGE(.POSITIVE.,#7801);
#7803=PRESENTATION_STYLE_ASSIGNMENT((#7802));
#7804=STYLED_ITEM('',(#7803),#7797);
#7805=CARTESIAN_POINT('',(-5.E0,-5.E-1,1.588E0));
#7806=DIRECTION('',(0.E0,0.E0,-1.E0));
#7807=DIRECTION('',(0.E0,1.E0,0.E0));
#7808=AXIS2_PLACEMENT_3D('',#7805,#7806,#7807);
#7809=CONICAL_SURFACE('',#7808,5.1E-1,3.980557109227E1);
#7810=ORIENTED_EDGE('',*,*,#7781,.F.);
#7811=ORIENTED_EDGE('',*,*,#7793,.T.);
#7813=ORIENTED_EDGE('',*,*,#7812,.T.);
#7815=ORIENTED_EDGE('',*,*,#7814,.T.);
#7816=EDGE_LOOP('',(#7810,#7811,#7813,#7815));
#7817=FACE_OUTER_BOUND('',#7816,.F.);
#7819=FILL_AREA_STYLE_COLOUR('',#45);
#7820=FILL_AREA_STYLE('',(#7819));
#7821=SURFACE_STYLE_FILL_AREA(#7820);
#7822=SURFACE_SIDE_STYLE('',(#7821));
#7823=SURFACE_STYLE_USAGE(.POSITIVE.,#7822);
#7824=PRESENTATION_STYLE_ASSIGNMENT((#7823));
#7825=STYLED_ITEM('',(#7824),#7818);
#7826=CARTESIAN_POINT('',(-5.E0,-5.E-1,1.E0));
#7827=DIRECTION('',(0.E0,0.E0,-1.E0));
#7828=DIRECTION('',(1.E0,0.E0,0.E0));
#7829=AXIS2_PLACEMENT_3D('',#7826,#7827,#7828);
#7830=CYLINDRICAL_SURFACE('',#7829,1.E0);
#7832=ORIENTED_EDGE('',*,*,#7831,.F.);
#7834=ORIENTED_EDGE('',*,*,#7833,.F.);
#7836=ORIENTED_EDGE('',*,*,#7835,.T.);
#7838=ORIENTED_EDGE('',*,*,#7837,.T.);
#7840=ORIENTED_EDGE('',*,*,#7839,.F.);
#7841=ORIENTED_EDGE('',*,*,#7812,.F.);
#7842=ORIENTED_EDGE('',*,*,#7791,.T.);
#7843=ORIENTED_EDGE('',*,*,#5773,.F.);
#7845=ORIENTED_EDGE('',*,*,#7844,.T.);
#7847=ORIENTED_EDGE('',*,*,#7846,.T.);
#7848=EDGE_LOOP('',(#7832,#7834,#7836,#7838,#7840,#7841,#7842,#7843,#7845,
#7847));
#7849=FACE_OUTER_BOUND('',#7848,.F.);
#7851=FILL_AREA_STYLE_COLOUR('',#9);
#7852=FILL_AREA_STYLE('',(#7851));
#7853=SURFACE_STYLE_FILL_AREA(#7852);
#7854=SURFACE_SIDE_STYLE('',(#7853));
#7855=SURFACE_STYLE_USAGE(.POSITIVE.,#7854);
#7856=PRESENTATION_STYLE_ASSIGNMENT((#7855));
#7857=STYLED_ITEM('',(#7856),#7850);
#7858=CARTESIAN_POINT('',(-4.75E0,9.320908263657E-1,-3.1E0));
#7859=DIRECTION('',(1.E0,0.E0,0.E0));
#7860=DIRECTION('',(0.E0,-1.E0,0.E0));
#7861=AXIS2_PLACEMENT_3D('',#7858,#7859,#7860);
#7862=PLANE('',#7861);
#7864=ORIENTED_EDGE('',*,*,#7863,.T.);
#7866=ORIENTED_EDGE('',*,*,#7865,.T.);
#7868=ORIENTED_EDGE('',*,*,#7867,.F.);
#7870=ORIENTED_EDGE('',*,*,#7869,.T.);
#7872=ORIENTED_EDGE('',*,*,#7871,.F.);
#7874=ORIENTED_EDGE('',*,*,#7873,.T.);
#7876=ORIENTED_EDGE('',*,*,#7875,.F.);
#7878=ORIENTED_EDGE('',*,*,#7877,.F.);
#7879=ORIENTED_EDGE('',*,*,#7831,.T.);
#7881=ORIENTED_EDGE('',*,*,#7880,.T.);
#7882=EDGE_LOOP('',(#7864,#7866,#7868,#7870,#7872,#7874,#7876,#7878,#7879,
#7881));
#7883=FACE_OUTER_BOUND('',#7882,.F.);
#7885=FILL_AREA_STYLE_COLOUR('',#52);
#7886=FILL_AREA_STYLE('',(#7885));
#7887=SURFACE_STYLE_FILL_AREA(#7886);
#7888=SURFACE_SIDE_STYLE('',(#7887));
#7889=SURFACE_STYLE_USAGE(.POSITIVE.,#7888);
#7890=PRESENTATION_STYLE_ASSIGNMENT((#7889));
#7891=STYLED_ITEM('',(#7890),#7884);
#7892=CARTESIAN_POINT('',(-6.224473180458E0,-1.5E0,-3.1E0));
#7893=DIRECTION('',(0.E0,1.E0,0.E0));
#7894=DIRECTION('',(1.E0,0.E0,0.E0));
#7895=AXIS2_PLACEMENT_3D('',#7892,#7893,#7894);
#7896=PLANE('',#7895);
#7898=ORIENTED_EDGE('',*,*,#7897,.F.);
#7900=ORIENTED_EDGE('',*,*,#7899,.T.);
#7902=ORIENTED_EDGE('',*,*,#7901,.T.);
#7904=ORIENTED_EDGE('',*,*,#7903,.T.);
#7905=EDGE_LOOP('',(#7898,#7900,#7902,#7904));
#7906=FACE_OUTER_BOUND('',#7905,.F.);
#7908=FILL_AREA_STYLE_COLOUR('',#54);
#7909=FILL_AREA_STYLE('',(#7908));
#7910=SURFACE_STYLE_FILL_AREA(#7909);
#7911=SURFACE_SIDE_STYLE('',(#7910));
#7912=SURFACE_STYLE_USAGE(.POSITIVE.,#7911);
#7913=PRESENTATION_STYLE_ASSIGNMENT((#7912));
#7914=STYLED_ITEM('',(#7913),#7907);
#7915=CARTESIAN_POINT('',(-6.224473180458E0,-1.5E0,-3.1E0));
#7916=DIRECTION('',(0.E0,1.E0,0.E0));
#7917=DIRECTION('',(1.E0,0.E0,0.E0));
#7918=AXIS2_PLACEMENT_3D('',#7915,#7916,#7917);
#7919=PLANE('',#7918);
#7921=ORIENTED_EDGE('',*,*,#7920,.F.);
#7922=ORIENTED_EDGE('',*,*,#7863,.F.);
#7924=ORIENTED_EDGE('',*,*,#7923,.T.);
#7926=ORIENTED_EDGE('',*,*,#7925,.F.);
#7927=EDGE_LOOP('',(#7921,#7922,#7924,#7926));
#7928=FACE_OUTER_BOUND('',#7927,.F.);
#7930=FILL_AREA_STYLE_COLOUR('',#54);
#7931=FILL_AREA_STYLE('',(#7930));
#7932=SURFACE_STYLE_FILL_AREA(#7931);
#7933=SURFACE_SIDE_STYLE('',(#7932));
#7934=SURFACE_STYLE_USAGE(.POSITIVE.,#7933);
#7935=PRESENTATION_STYLE_ASSIGNMENT((#7934));
#7936=STYLED_ITEM('',(#7935),#7929);
#7937=CARTESIAN_POINT('',(-5.E0,-5.E-1,-2.55E0));
#7938=DIRECTION('',(0.E0,0.E0,1.E0));
#7939=DIRECTION('',(-1.E0,0.E0,0.E0));
#7940=AXIS2_PLACEMENT_3D('',#7937,#7938,#7939);
#7941=CONICAL_SURFACE('',#7940,1.05E0,2.444395478042E1);
#7942=ORIENTED_EDGE('',*,*,#7897,.T.);
#7944=ORIENTED_EDGE('',*,*,#7943,.F.);
#7946=ORIENTED_EDGE('',*,*,#7945,.T.);
#7948=ORIENTED_EDGE('',*,*,#7947,.F.);
#7950=ORIENTED_EDGE('',*,*,#7949,.T.);
#7952=ORIENTED_EDGE('',*,*,#7951,.T.);
#7953=EDGE_LOOP('',(#7942,#7944,#7946,#7948,#7950,#7952));
#7954=FACE_OUTER_BOUND('',#7953,.F.);
#7956=FILL_AREA_STYLE_COLOUR('',#47);
#7957=FILL_AREA_STYLE('',(#7956));
#7958=SURFACE_STYLE_FILL_AREA(#7957);
#7959=SURFACE_SIDE_STYLE('',(#7958));
#7960=SURFACE_STYLE_USAGE(.POSITIVE.,#7959);
#7961=PRESENTATION_STYLE_ASSIGNMENT((#7960));
#7962=STYLED_ITEM('',(#7961),#7955);
#7963=CARTESIAN_POINT('',(-5.E0,-5.E-1,-2.55E0));
#7964=DIRECTION('',(0.E0,0.E0,1.E0));
#7965=DIRECTION('',(-1.E0,0.E0,0.E0));
#7966=AXIS2_PLACEMENT_3D('',#7963,#7964,#7965);
#7967=CONICAL_SURFACE('',#7966,1.05E0,2.444395478042E1);
#7968=ORIENTED_EDGE('',*,*,#7920,.T.);
#7970=ORIENTED_EDGE('',*,*,#7969,.T.);
#7972=ORIENTED_EDGE('',*,*,#7971,.T.);
#7973=ORIENTED_EDGE('',*,*,#7869,.F.);
#7975=ORIENTED_EDGE('',*,*,#7974,.T.);
#7976=ORIENTED_EDGE('',*,*,#7865,.F.);
#7977=EDGE_LOOP('',(#7968,#7970,#7972,#7973,#7975,#7976));
#7978=FACE_OUTER_BOUND('',#7977,.F.);
#7980=FILL_AREA_STYLE_COLOUR('',#47);
#7981=FILL_AREA_STYLE('',(#7980));
#7982=SURFACE_STYLE_FILL_AREA(#7981);
#7983=SURFACE_SIDE_STYLE('',(#7982));
#7984=SURFACE_STYLE_USAGE(.POSITIVE.,#7983);
#7985=PRESENTATION_STYLE_ASSIGNMENT((#7984));
#7986=STYLED_ITEM('',(#7985),#7979);
#7987=CARTESIAN_POINT('',(-5.25E0,-1.932090826366E0,-3.1E0));
#7988=DIRECTION('',(-1.E0,0.E0,0.E0));
#7989=DIRECTION('',(0.E0,1.E0,0.E0));
#7990=AXIS2_PLACEMENT_3D('',#7987,#7988,#7989);
#7991=PLANE('',#7990);
#7992=ORIENTED_EDGE('',*,*,#7903,.F.);
#7994=ORIENTED_EDGE('',*,*,#7993,.F.);
#7995=ORIENTED_EDGE('',*,*,#7835,.F.);
#7997=ORIENTED_EDGE('',*,*,#7996,.T.);
#7999=ORIENTED_EDGE('',*,*,#7998,.T.);
#8001=ORIENTED_EDGE('',*,*,#8000,.F.);
#8003=ORIENTED_EDGE('',*,*,#8002,.T.);
#8004=ORIENTED_EDGE('',*,*,#7947,.T.);
#8006=ORIENTED_EDGE('',*,*,#8005,.T.);
#8007=ORIENTED_EDGE('',*,*,#7943,.T.);
#8008=EDGE_LOOP('',(#7992,#7994,#7995,#7997,#7999,#8001,#8003,#8004,#8006,
#8007));
#8009=FACE_OUTER_BOUND('',#8008,.F.);
#8011=FILL_AREA_STYLE_COLOUR('',#51);
#8012=FILL_AREA_STYLE('',(#8011));
#8013=SURFACE_STYLE_FILL_AREA(#8012);
#8014=SURFACE_SIDE_STYLE('',(#8013));
#8015=SURFACE_STYLE_USAGE(.POSITIVE.,#8014);
#8016=PRESENTATION_STYLE_ASSIGNMENT((#8015));
#8017=STYLED_ITEM('',(#8016),#8010);
#8018=CARTESIAN_POINT('',(0.E0,0.E0,-1.6E0));
#8019=DIRECTION('',(0.E0,0.E0,1.E0));
#8020=DIRECTION('',(0.E0,-1.E0,0.E0));
#8021=AXIS2_PLACEMENT_3D('',#8018,#8019,#8020);
#8022=PLANE('',#8021);
#8023=ORIENTED_EDGE('',*,*,#7901,.F.);
#8025=ORIENTED_EDGE('',*,*,#8024,.F.);
#8027=ORIENTED_EDGE('',*,*,#8026,.F.);
#8028=ORIENTED_EDGE('',*,*,#8000,.T.);
#8030=ORIENTED_EDGE('',*,*,#8029,.F.);
#8031=ORIENTED_EDGE('',*,*,#7837,.F.);
#8032=ORIENTED_EDGE('',*,*,#7993,.T.);
#8033=EDGE_LOOP('',(#8023,#8025,#8027,#8028,#8030,#8031,#8032));
#8034=FACE_OUTER_BOUND('',#8033,.F.);
#8036=FILL_AREA_STYLE_COLOUR('',#48);
#8037=FILL_AREA_STYLE('',(#8036));
#8038=SURFACE_STYLE_FILL_AREA(#8037);
#8039=SURFACE_SIDE_STYLE('',(#8038));
#8040=SURFACE_STYLE_USAGE(.POSITIVE.,#8039);
#8041=PRESENTATION_STYLE_ASSIGNMENT((#8040));
#8042=STYLED_ITEM('',(#8041),#8035);
#8043=CARTESIAN_POINT('',(0.E0,0.E0,-1.6E0));
#8044=DIRECTION('',(0.E0,0.E0,1.E0));
#8045=DIRECTION('',(0.E0,-1.E0,0.E0));
#8046=AXIS2_PLACEMENT_3D('',#8043,#8044,#8045);
#8047=PLANE('',#8046);
#8048=ORIENTED_EDGE('',*,*,#7923,.F.);
#8049=ORIENTED_EDGE('',*,*,#7880,.F.);
#8050=ORIENTED_EDGE('',*,*,#7846,.F.);
#8052=ORIENTED_EDGE('',*,*,#8051,.F.);
#8053=ORIENTED_EDGE('',*,*,#7873,.F.);
#8055=ORIENTED_EDGE('',*,*,#8054,.F.);
#8057=ORIENTED_EDGE('',*,*,#8056,.F.);
#8058=EDGE_LOOP('',(#8048,#8049,#8050,#8052,#8053,#8055,#8057));
#8059=FACE_OUTER_BOUND('',#8058,.F.);
#8061=FILL_AREA_STYLE_COLOUR('',#48);
#8062=FILL_AREA_STYLE('',(#8061));
#8063=SURFACE_STYLE_FILL_AREA(#8062);
#8064=SURFACE_SIDE_STYLE('',(#8063));
#8065=SURFACE_STYLE_USAGE(.POSITIVE.,#8064);
#8066=PRESENTATION_STYLE_ASSIGNMENT((#8065));
#8067=STYLED_ITEM('',(#8066),#8060);
#8068=CARTESIAN_POINT('',(-5.E0,-5.E-1,-2.E0));
#8069=DIRECTION('',(0.E0,0.E0,1.E0));
#8070=DIRECTION('',(0.E0,-1.E0,0.E0));
#8071=AXIS2_PLACEMENT_3D('',#8068,#8069,#8070);
#8072=CYLINDRICAL_SURFACE('',#8071,1.3E0);
#8073=ORIENTED_EDGE('',*,*,#7899,.F.);
#8074=ORIENTED_EDGE('',*,*,#7951,.F.);
#8076=ORIENTED_EDGE('',*,*,#8075,.T.);
#8077=ORIENTED_EDGE('',*,*,#8024,.T.);
#8078=EDGE_LOOP('',(#8073,#8074,#8076,#8077));
#8079=FACE_OUTER_BOUND('',#8078,.F.);
#8081=FILL_AREA_STYLE_COLOUR('',#50);
#8082=FILL_AREA_STYLE('',(#8081));
#8083=SURFACE_STYLE_FILL_AREA(#8082);
#8084=SURFACE_SIDE_STYLE('',(#8083));
#8085=SURFACE_STYLE_USAGE(.POSITIVE.,#8084);
#8086=PRESENTATION_STYLE_ASSIGNMENT((#8085));
#8087=STYLED_ITEM('',(#8086),#8080);
#8088=CARTESIAN_POINT('',(-3.775526819542E0,5.E-1,-3.1E0));
#8089=DIRECTION('',(0.E0,-1.E0,0.E0));
#8090=DIRECTION('',(-1.E0,0.E0,0.E0));
#8091=AXIS2_PLACEMENT_3D('',#8088,#8089,#8090);
#8092=PLANE('',#8091);
#8093=ORIENTED_EDGE('',*,*,#7949,.F.);
#8094=ORIENTED_EDGE('',*,*,#8002,.F.);
#8095=ORIENTED_EDGE('',*,*,#8026,.T.);
#8096=ORIENTED_EDGE('',*,*,#8075,.F.);
#8097=EDGE_LOOP('',(#8093,#8094,#8095,#8096));
#8098=FACE_OUTER_BOUND('',#8097,.F.);
#8100=FILL_AREA_STYLE_COLOUR('',#55);
#8101=FILL_AREA_STYLE('',(#8100));
#8102=SURFACE_STYLE_FILL_AREA(#8101);
#8103=SURFACE_SIDE_STYLE('',(#8102));
#8104=SURFACE_STYLE_USAGE(.POSITIVE.,#8103);
#8105=PRESENTATION_STYLE_ASSIGNMENT((#8104));
#8106=STYLED_ITEM('',(#8105),#8099);
#8107=CARTESIAN_POINT('',(-3.775526819542E0,5.E-1,-3.1E0));
#8108=DIRECTION('',(0.E0,-1.E0,0.E0));
#8109=DIRECTION('',(-1.E0,0.E0,0.E0));
#8110=AXIS2_PLACEMENT_3D('',#8107,#8108,#8109);
#8111=PLANE('',#8110);
#8112=ORIENTED_EDGE('',*,*,#7971,.F.);
#8114=ORIENTED_EDGE('',*,*,#8113,.T.);
#8115=ORIENTED_EDGE('',*,*,#8054,.T.);
#8116=ORIENTED_EDGE('',*,*,#7871,.T.);
#8117=EDGE_LOOP('',(#8112,#8114,#8115,#8116));
#8118=FACE_OUTER_BOUND('',#8117,.F.);
#8120=FILL_AREA_STYLE_COLOUR('',#55);
#8121=FILL_AREA_STYLE('',(#8120));
#8122=SURFACE_STYLE_FILL_AREA(#8121);
#8123=SURFACE_SIDE_STYLE('',(#8122));
#8124=SURFACE_STYLE_USAGE(.POSITIVE.,#8123);
#8125=PRESENTATION_STYLE_ASSIGNMENT((#8124));
#8126=STYLED_ITEM('',(#8125),#8119);
#8127=CARTESIAN_POINT('',(-5.E0,-5.E-1,-2.E0));
#8128=DIRECTION('',(0.E0,0.E0,1.E0));
#8129=DIRECTION('',(0.E0,-1.E0,0.E0));
#8130=AXIS2_PLACEMENT_3D('',#8127,#8128,#8129);
#8131=CYLINDRICAL_SURFACE('',#8130,1.3E0);
#8132=ORIENTED_EDGE('',*,*,#7925,.T.);
#8133=ORIENTED_EDGE('',*,*,#8056,.T.);
#8134=ORIENTED_EDGE('',*,*,#8113,.F.);
#8135=ORIENTED_EDGE('',*,*,#7969,.F.);
#8136=EDGE_LOOP('',(#8132,#8133,#8134,#8135));
#8137=FACE_OUTER_BOUND('',#8136,.F.);
#8139=FILL_AREA_STYLE_COLOUR('',#49);
#8140=FILL_AREA_STYLE('',(#8139));
#8141=SURFACE_STYLE_FILL_AREA(#8140);
#8142=SURFACE_SIDE_STYLE('',(#8141));
#8143=SURFACE_STYLE_USAGE(.POSITIVE.,#8142);
#8144=PRESENTATION_STYLE_ASSIGNMENT((#8143));
#8145=STYLED_ITEM('',(#8144),#8138);
#8146=CARTESIAN_POINT('',(-5.E0,-5.E-1,1.E0));
#8147=DIRECTION('',(0.E0,0.E0,-1.E0));
#8148=DIRECTION('',(1.E0,0.E0,0.E0));
#8149=AXIS2_PLACEMENT_3D('',#8146,#8147,#8148);
#8150=CYLINDRICAL_SURFACE('',#8149,1.E0);
#8151=ORIENTED_EDGE('',*,*,#7998,.F.);
#8153=ORIENTED_EDGE('',*,*,#8152,.F.);
#8154=ORIENTED_EDGE('',*,*,#7875,.T.);
#8155=ORIENTED_EDGE('',*,*,#8051,.T.);
#8156=ORIENTED_EDGE('',*,*,#7844,.F.);
#8157=ORIENTED_EDGE('',*,*,#5771,.F.);
#8158=ORIENTED_EDGE('',*,*,#7783,.F.);
#8159=ORIENTED_EDGE('',*,*,#7814,.F.);
#8160=ORIENTED_EDGE('',*,*,#7839,.T.);
#8161=ORIENTED_EDGE('',*,*,#8029,.T.);
#8162=EDGE_LOOP('',(#8151,#8153,#8154,#8155,#8156,#8157,#8158,#8159,#8160,
#8161));
#8163=FACE_OUTER_BOUND('',#8162,.F.);
#8165=FILL_AREA_STYLE_COLOUR('',#9);
#8166=FILL_AREA_STYLE('',(#8165));
#8167=SURFACE_STYLE_FILL_AREA(#8166);
#8168=SURFACE_SIDE_STYLE('',(#8167));
#8169=SURFACE_STYLE_USAGE(.POSITIVE.,#8168);
#8170=PRESENTATION_STYLE_ASSIGNMENT((#8169));
#8171=STYLED_ITEM('',(#8170),#8164);
#8172=CARTESIAN_POINT('',(-5.E0,-2.34468E1,-5.5E-1));
#8173=DIRECTION('',(0.E0,1.E0,0.E0));
#8174=DIRECTION('',(-1.E0,0.E0,0.E0));
#8175=AXIS2_PLACEMENT_3D('',#8172,#8173,#8174);
#8176=CYLINDRICAL_SURFACE('',#8175,2.5E-1);
#8177=ORIENTED_EDGE('',*,*,#7996,.F.);
#8178=ORIENTED_EDGE('',*,*,#7833,.T.);
#8179=ORIENTED_EDGE('',*,*,#7877,.T.);
#8180=ORIENTED_EDGE('',*,*,#8152,.T.);
#8181=EDGE_LOOP('',(#8177,#8178,#8179,#8180));
#8182=FACE_OUTER_BOUND('',#8181,.F.);
#8184=FILL_AREA_STYLE_COLOUR('',#53);
#8185=FILL_AREA_STYLE('',(#8184));
#8186=SURFACE_STYLE_FILL_AREA(#8185);
#8187=SURFACE_SIDE_STYLE('',(#8186));
#8188=SURFACE_STYLE_USAGE(.POSITIVE.,#8187);
#8189=PRESENTATION_STYLE_ASSIGNMENT((#8188));
#8190=STYLED_ITEM('',(#8189),#8183);
#8191=CARTESIAN_POINT('',(0.E0,0.E0,-3.1E0));
#8192=DIRECTION('',(0.E0,0.E0,-1.E0));
#8193=DIRECTION('',(1.E0,0.E0,0.E0));
#8194=AXIS2_PLACEMENT_3D('',#8191,#8192,#8193);
#8195=PLANE('',#8194);
#8196=ORIENTED_EDGE('',*,*,#8005,.F.);
#8197=ORIENTED_EDGE('',*,*,#7945,.F.);
#8198=EDGE_LOOP('',(#8196,#8197));
#8199=FACE_OUTER_BOUND('',#8198,.F.);
#8201=FILL_AREA_STYLE_COLOUR('',#46);
#8202=FILL_AREA_STYLE('',(#8201));
#8203=SURFACE_STYLE_FILL_AREA(#8202);
#8204=SURFACE_SIDE_STYLE('',(#8203));
#8205=SURFACE_STYLE_USAGE(.POSITIVE.,#8204);
#8206=PRESENTATION_STYLE_ASSIGNMENT((#8205));
#8207=STYLED_ITEM('',(#8206),#8200);
#8208=CARTESIAN_POINT('',(0.E0,0.E0,-3.1E0));
#8209=DIRECTION('',(0.E0,0.E0,-1.E0));
#8210=DIRECTION('',(1.E0,0.E0,0.E0));
#8211=AXIS2_PLACEMENT_3D('',#8208,#8209,#8210);
#8212=PLANE('',#8211);
#8213=ORIENTED_EDGE('',*,*,#7867,.T.);
#8214=ORIENTED_EDGE('',*,*,#7974,.F.);
#8215=EDGE_LOOP('',(#8213,#8214));
#8216=FACE_OUTER_BOUND('',#8215,.F.);
#8218=FILL_AREA_STYLE_COLOUR('',#46);
#8219=FILL_AREA_STYLE('',(#8218));
#8220=SURFACE_STYLE_FILL_AREA(#8219);
#8221=SURFACE_SIDE_STYLE('',(#8220));
#8222=SURFACE_STYLE_USAGE(.POSITIVE.,#8221);
#8223=PRESENTATION_STYLE_ASSIGNMENT((#8222));
#8224=STYLED_ITEM('',(#8223),#8217);
#8225=CARTESIAN_POINT('',(-4.E0,2.34468E1,1.35E1));
#8226=DIRECTION('',(0.E0,-1.E0,0.E0));
#8227=DIRECTION('',(0.E0,0.E0,1.E0));
#8228=AXIS2_PLACEMENT_3D('',#8225,#8226,#8227);
#8229=CYLINDRICAL_SURFACE('',#8228,1.E0);
#8230=ORIENTED_EDGE('',*,*,#7257,.T.);
#8231=ORIENTED_EDGE('',*,*,#7787,.F.);
#8232=ORIENTED_EDGE('',*,*,#6566,.T.);
#8234=ORIENTED_EDGE('',*,*,#8233,.T.);
#8235=EDGE_LOOP('',(#8230,#8231,#8232,#8234));
#8236=FACE_OUTER_BOUND('',#8235,.F.);
#8238=FILL_AREA_STYLE_COLOUR('',#9);
#8239=FILL_AREA_STYLE('',(#8238));
#8240=SURFACE_STYLE_FILL_AREA(#8239);
#8241=SURFACE_SIDE_STYLE('',(#8240));
#8242=SURFACE_STYLE_USAGE(.POSITIVE.,#8241);
#8243=PRESENTATION_STYLE_ASSIGNMENT((#8242));
#8244=STYLED_ITEM('',(#8243),#8237);
#8245=CARTESIAN_POINT('',(0.E0,0.E0,1.45E1));
#8246=DIRECTION('',(0.E0,0.E0,1.E0));
#8247=DIRECTION('',(1.E0,0.E0,0.E0));
#8248=AXIS2_PLACEMENT_3D('',#8245,#8246,#8247);
#8249=PLANE('',#8248);
#8250=ORIENTED_EDGE('',*,*,#8233,.F.);
#8251=ORIENTED_EDGE('',*,*,#6564,.F.);
#8253=ORIENTED_EDGE('',*,*,#8252,.F.);
#8254=ORIENTED_EDGE('',*,*,#7259,.F.);
#8255=EDGE_LOOP('',(#8250,#8251,#8253,#8254));
#8256=FACE_OUTER_BOUND('',#8255,.F.);
#8258=FILL_AREA_STYLE_COLOUR('',#9);
#8259=FILL_AREA_STYLE('',(#8258));
#8260=SURFACE_STYLE_FILL_AREA(#8259);
#8261=SURFACE_SIDE_STYLE('',(#8260));
#8262=SURFACE_STYLE_USAGE(.POSITIVE.,#8261);
#8263=PRESENTATION_STYLE_ASSIGNMENT((#8262));
#8264=STYLED_ITEM('',(#8263),#8257);
#8265=CARTESIAN_POINT('',(4.E0,-2.34468E1,1.35E1));
#8266=DIRECTION('',(0.E0,1.E0,0.E0));
#8267=DIRECTION('',(0.E0,0.E0,1.E0));
#8268=AXIS2_PLACEMENT_3D('',#8265,#8266,#8267);
#8269=CYLINDRICAL_SURFACE('',#8268,1.E0);
#8270=ORIENTED_EDGE('',*,*,#6562,.T.);
#8272=ORIENTED_EDGE('',*,*,#8271,.F.);
#8273=ORIENTED_EDGE('',*,*,#7261,.T.);
#8274=ORIENTED_EDGE('',*,*,#8252,.T.);
#8275=EDGE_LOOP('',(#8270,#8272,#8273,#8274));
#8276=FACE_OUTER_BOUND('',#8275,.F.);
#8278=FILL_AREA_STYLE_COLOUR('',#9);
#8279=FILL_AREA_STYLE('',(#8278));
#8280=SURFACE_STYLE_FILL_AREA(#8279);
#8281=SURFACE_SIDE_STYLE('',(#8280));
#8282=SURFACE_STYLE_USAGE(.POSITIVE.,#8281);
#8283=PRESENTATION_STYLE_ASSIGNMENT((#8282));
#8284=STYLED_ITEM('',(#8283),#8277);
#8285=CARTESIAN_POINT('',(5.E0,-6.5E0,0.E0));
#8286=DIRECTION('',(1.E0,0.E0,0.E0));
#8287=DIRECTION('',(0.E0,1.E0,0.E0));
#8288=AXIS2_PLACEMENT_3D('',#8285,#8286,#8287);
#8289=PLANE('',#8288);
#8291=ORIENTED_EDGE('',*,*,#8290,.F.);
#8293=ORIENTED_EDGE('',*,*,#8292,.F.);
#8295=ORIENTED_EDGE('',*,*,#8294,.F.);
#8296=ORIENTED_EDGE('',*,*,#5751,.F.);
#8297=ORIENTED_EDGE('',*,*,#7263,.T.);
#8298=ORIENTED_EDGE('',*,*,#8271,.T.);
#8299=ORIENTED_EDGE('',*,*,#6560,.F.);
#8300=ORIENTED_EDGE('',*,*,#5757,.F.);
#8302=ORIENTED_EDGE('',*,*,#8301,.T.);
#8303=EDGE_LOOP('',(#8291,#8293,#8295,#8296,#8297,#8298,#8299,#8300,#8302));
#8304=FACE_OUTER_BOUND('',#8303,.F.);
#8306=FILL_AREA_STYLE_COLOUR('',#9);
#8307=FILL_AREA_STYLE('',(#8306));
#8308=SURFACE_STYLE_FILL_AREA(#8307);
#8309=SURFACE_SIDE_STYLE('',(#8308));
#8310=SURFACE_STYLE_USAGE(.POSITIVE.,#8309);
#8311=PRESENTATION_STYLE_ASSIGNMENT((#8310));
#8312=STYLED_ITEM('',(#8311),#8305);
#8313=CARTESIAN_POINT('',(5.E0,-5.E-1,1.588E0));
#8314=DIRECTION('',(0.E0,0.E0,-1.E0));
#8315=DIRECTION('',(0.E0,-1.E0,0.E0));
#8316=AXIS2_PLACEMENT_3D('',#8313,#8314,#8315);
#8317=CONICAL_SURFACE('',#8316,5.1E-1,3.980557109227E1);
#8318=ORIENTED_EDGE('',*,*,#8290,.T.);
#8320=ORIENTED_EDGE('',*,*,#8319,.F.);
#8322=ORIENTED_EDGE('',*,*,#8321,.F.);
#8323=ORIENTED_EDGE('',*,*,#8292,.T.);
#8324=EDGE_LOOP('',(#8318,#8320,#8322,#8323));
#8325=FACE_OUTER_BOUND('',#8324,.F.);
#8327=FILL_AREA_STYLE_COLOUR('',#9);
#8328=FILL_AREA_STYLE('',(#8327));
#8329=SURFACE_STYLE_FILL_AREA(#8328);
#8330=SURFACE_SIDE_STYLE('',(#8329));
#8331=SURFACE_STYLE_USAGE(.POSITIVE.,#8330);
#8332=PRESENTATION_STYLE_ASSIGNMENT((#8331));
#8333=STYLED_ITEM('',(#8332),#8326);
#8334=CARTESIAN_POINT('',(5.E0,-5.E-1,1.E0));
#8335=DIRECTION('',(0.E0,0.E0,1.E0));
#8336=DIRECTION('',(-1.E0,0.E0,0.E0));
#8337=AXIS2_PLACEMENT_3D('',#8334,#8335,#8336);
#8338=CYLINDRICAL_SURFACE('',#8337,1.E0);
#8340=ORIENTED_EDGE('',*,*,#8339,.T.);
#8342=ORIENTED_EDGE('',*,*,#8341,.F.);
#8344=ORIENTED_EDGE('',*,*,#8343,.F.);
#8346=ORIENTED_EDGE('',*,*,#8345,.F.);
#8348=ORIENTED_EDGE('',*,*,#8347,.F.);
#8349=ORIENTED_EDGE('',*,*,#8319,.T.);
#8350=ORIENTED_EDGE('',*,*,#8301,.F.);
#8351=ORIENTED_EDGE('',*,*,#5755,.T.);
#8353=ORIENTED_EDGE('',*,*,#8352,.T.);
#8355=ORIENTED_EDGE('',*,*,#8354,.F.);
#8356=EDGE_LOOP('',(#8340,#8342,#8344,#8346,#8348,#8349,#8350,#8351,#8353,
#8355));
#8357=FACE_OUTER_BOUND('',#8356,.F.);
#8359=FILL_AREA_STYLE_COLOUR('',#9);
#8360=FILL_AREA_STYLE('',(#8359));
#8361=SURFACE_STYLE_FILL_AREA(#8360);
#8362=SURFACE_SIDE_STYLE('',(#8361));
#8363=SURFACE_STYLE_USAGE(.POSITIVE.,#8362);
#8364=PRESENTATION_STYLE_ASSIGNMENT((#8363));
#8365=STYLED_ITEM('',(#8364),#8358);
#8366=CARTESIAN_POINT('',(4.75E0,9.320908263657E-1,-3.1E0));
#8367=DIRECTION('',(1.E0,0.E0,0.E0));
#8368=DIRECTION('',(0.E0,-1.E0,0.E0));
#8369=AXIS2_PLACEMENT_3D('',#8366,#8367,#8368);
#8370=PLANE('',#8369);
#8372=ORIENTED_EDGE('',*,*,#8371,.F.);
#8374=ORIENTED_EDGE('',*,*,#8373,.F.);
#8376=ORIENTED_EDGE('',*,*,#8375,.T.);
#8378=ORIENTED_EDGE('',*,*,#8377,.F.);
#8379=ORIENTED_EDGE('',*,*,#8339,.F.);
#8381=ORIENTED_EDGE('',*,*,#8380,.F.);
#8383=ORIENTED_EDGE('',*,*,#8382,.T.);
#8385=ORIENTED_EDGE('',*,*,#8384,.F.);
#8387=ORIENTED_EDGE('',*,*,#8386,.T.);
#8389=ORIENTED_EDGE('',*,*,#8388,.F.);
#8390=EDGE_LOOP('',(#8372,#8374,#8376,#8378,#8379,#8381,#8383,#8385,#8387,
#8389));
#8391=FACE_OUTER_BOUND('',#8390,.F.);
#8393=FILL_AREA_STYLE_COLOUR('',#9);
#8394=FILL_AREA_STYLE('',(#8393));
#8395=SURFACE_STYLE_FILL_AREA(#8394);
#8396=SURFACE_SIDE_STYLE('',(#8395));
#8397=SURFACE_STYLE_USAGE(.POSITIVE.,#8396);
#8398=PRESENTATION_STYLE_ASSIGNMENT((#8397));
#8399=STYLED_ITEM('',(#8398),#8392);
#8400=CARTESIAN_POINT('',(6.224473180458E0,-1.5E0,-3.1E0));
#8401=DIRECTION('',(0.E0,-1.E0,0.E0));
#8402=DIRECTION('',(-1.E0,0.E0,0.E0));
#8403=AXIS2_PLACEMENT_3D('',#8400,#8401,#8402);
#8404=PLANE('',#8403);
#8406=ORIENTED_EDGE('',*,*,#8405,.T.);
#8408=ORIENTED_EDGE('',*,*,#8407,.F.);
#8410=ORIENTED_EDGE('',*,*,#8409,.F.);
#8412=ORIENTED_EDGE('',*,*,#8411,.T.);
#8413=EDGE_LOOP('',(#8406,#8408,#8410,#8412));
#8414=FACE_OUTER_BOUND('',#8413,.F.);
#8416=FILL_AREA_STYLE_COLOUR('',#9);
#8417=FILL_AREA_STYLE('',(#8416));
#8418=SURFACE_STYLE_FILL_AREA(#8417);
#8419=SURFACE_SIDE_STYLE('',(#8418));
#8420=SURFACE_STYLE_USAGE(.POSITIVE.,#8419);
#8421=PRESENTATION_STYLE_ASSIGNMENT((#8420));
#8422=STYLED_ITEM('',(#8421),#8415);
#8423=CARTESIAN_POINT('',(6.224473180458E0,-1.5E0,-3.1E0));
#8424=DIRECTION('',(0.E0,-1.E0,0.E0));
#8425=DIRECTION('',(-1.E0,0.E0,0.E0));
#8426=AXIS2_PLACEMENT_3D('',#8423,#8424,#8425);
#8427=PLANE('',#8426);
#8429=ORIENTED_EDGE('',*,*,#8428,.T.);
#8431=ORIENTED_EDGE('',*,*,#8430,.F.);
#8433=ORIENTED_EDGE('',*,*,#8432,.F.);
#8434=ORIENTED_EDGE('',*,*,#8371,.T.);
#8435=EDGE_LOOP('',(#8429,#8431,#8433,#8434));
#8436=FACE_OUTER_BOUND('',#8435,.F.);
#8438=FILL_AREA_STYLE_COLOUR('',#9);
#8439=FILL_AREA_STYLE('',(#8438));
#8440=SURFACE_STYLE_FILL_AREA(#8439);
#8441=SURFACE_SIDE_STYLE('',(#8440));
#8442=SURFACE_STYLE_USAGE(.POSITIVE.,#8441);
#8443=PRESENTATION_STYLE_ASSIGNMENT((#8442));
#8444=STYLED_ITEM('',(#8443),#8437);
#8445=CARTESIAN_POINT('',(5.E0,-5.E-1,-2.55E0));
#8446=DIRECTION('',(0.E0,0.E0,1.E0));
#8447=DIRECTION('',(-1.E0,0.E0,0.E0));
#8448=AXIS2_PLACEMENT_3D('',#8445,#8446,#8447);
#8449=CONICAL_SURFACE('',#8448,1.05E0,2.444395478042E1);
#8450=ORIENTED_EDGE('',*,*,#8405,.F.);
#8452=ORIENTED_EDGE('',*,*,#8451,.T.);
#8454=ORIENTED_EDGE('',*,*,#8453,.F.);
#8456=ORIENTED_EDGE('',*,*,#8455,.T.);
#8458=ORIENTED_EDGE('',*,*,#8457,.T.);
#8460=ORIENTED_EDGE('',*,*,#8459,.T.);
#8461=EDGE_LOOP('',(#8450,#8452,#8454,#8456,#8458,#8460));
#8462=FACE_OUTER_BOUND('',#8461,.F.);
#8464=FILL_AREA_STYLE_COLOUR('',#9);
#8465=FILL_AREA_STYLE('',(#8464));
#8466=SURFACE_STYLE_FILL_AREA(#8465);
#8467=SURFACE_SIDE_STYLE('',(#8466));
#8468=SURFACE_STYLE_USAGE(.POSITIVE.,#8467);
#8469=PRESENTATION_STYLE_ASSIGNMENT((#8468));
#8470=STYLED_ITEM('',(#8469),#8463);
#8471=CARTESIAN_POINT('',(5.E0,-5.E-1,-2.55E0));
#8472=DIRECTION('',(0.E0,0.E0,1.E0));
#8473=DIRECTION('',(-1.E0,0.E0,0.E0));
#8474=AXIS2_PLACEMENT_3D('',#8471,#8472,#8473);
#8475=CONICAL_SURFACE('',#8474,1.05E0,2.444395478042E1);
#8476=ORIENTED_EDGE('',*,*,#8428,.F.);
#8477=ORIENTED_EDGE('',*,*,#8388,.T.);
#8479=ORIENTED_EDGE('',*,*,#8478,.T.);
#8480=ORIENTED_EDGE('',*,*,#8384,.T.);
#8482=ORIENTED_EDGE('',*,*,#8481,.F.);
#8484=ORIENTED_EDGE('',*,*,#8483,.T.);
#8485=EDGE_LOOP('',(#8476,#8477,#8479,#8480,#8482,#8484));
#8486=FACE_OUTER_BOUND('',#8485,.F.);
#8488=FILL_AREA_STYLE_COLOUR('',#9);
#8489=FILL_AREA_STYLE('',(#8488));
#8490=SURFACE_STYLE_FILL_AREA(#8489);
#8491=SURFACE_SIDE_STYLE('',(#8490));
#8492=SURFACE_STYLE_USAGE(.POSITIVE.,#8491);
#8493=PRESENTATION_STYLE_ASSIGNMENT((#8492));
#8494=STYLED_ITEM('',(#8493),#8487);
#8495=CARTESIAN_POINT('',(5.E0,-5.E-1,-2.E0));
#8496=DIRECTION('',(0.E0,0.E0,-1.E0));
#8497=DIRECTION('',(0.E0,-1.E0,0.E0));
#8498=AXIS2_PLACEMENT_3D('',#8495,#8496,#8497);
#8499=CYLINDRICAL_SURFACE('',#8498,1.3E0);
#8500=ORIENTED_EDGE('',*,*,#8411,.F.);
#8502=ORIENTED_EDGE('',*,*,#8501,.F.);
#8504=ORIENTED_EDGE('',*,*,#8503,.T.);
#8505=ORIENTED_EDGE('',*,*,#8451,.F.);
#8506=EDGE_LOOP('',(#8500,#8502,#8504,#8505));
#8507=FACE_OUTER_BOUND('',#8506,.F.);
#8509=FILL_AREA_STYLE_COLOUR('',#9);
#8510=FILL_AREA_STYLE('',(#8509));
#8511=SURFACE_STYLE_FILL_AREA(#8510);
#8512=SURFACE_SIDE_STYLE('',(#8511));
#8513=SURFACE_STYLE_USAGE(.POSITIVE.,#8512);
#8514=PRESENTATION_STYLE_ASSIGNMENT((#8513));
#8515=STYLED_ITEM('',(#8514),#8508);
#8516=CARTESIAN_POINT('',(0.E0,0.E0,-1.6E0));
#8517=DIRECTION('',(0.E0,0.E0,-1.E0));
#8518=DIRECTION('',(0.E0,-1.E0,0.E0));
#8519=AXIS2_PLACEMENT_3D('',#8516,#8517,#8518);
#8520=PLANE('',#8519);
#8521=ORIENTED_EDGE('',*,*,#8409,.T.);
#8523=ORIENTED_EDGE('',*,*,#8522,.F.);
#8525=ORIENTED_EDGE('',*,*,#8524,.T.);
#8526=ORIENTED_EDGE('',*,*,#8345,.T.);
#8528=ORIENTED_EDGE('',*,*,#8527,.F.);
#8530=ORIENTED_EDGE('',*,*,#8529,.T.);
#8531=ORIENTED_EDGE('',*,*,#8501,.T.);
#8532=EDGE_LOOP('',(#8521,#8523,#8525,#8526,#8528,#8530,#8531));
#8533=FACE_OUTER_BOUND('',#8532,.F.);
#8535=FILL_AREA_STYLE_COLOUR('',#9);
#8536=FILL_AREA_STYLE('',(#8535));
#8537=SURFACE_STYLE_FILL_AREA(#8536);
#8538=SURFACE_SIDE_STYLE('',(#8537));
#8539=SURFACE_STYLE_USAGE(.POSITIVE.,#8538);
#8540=PRESENTATION_STYLE_ASSIGNMENT((#8539));
#8541=STYLED_ITEM('',(#8540),#8534);
#8542=CARTESIAN_POINT('',(0.E0,0.E0,-1.6E0));
#8543=DIRECTION('',(0.E0,0.E0,-1.E0));
#8544=DIRECTION('',(0.E0,-1.E0,0.E0));
#8545=AXIS2_PLACEMENT_3D('',#8542,#8543,#8544);
#8546=PLANE('',#8545);
#8547=ORIENTED_EDGE('',*,*,#8432,.T.);
#8549=ORIENTED_EDGE('',*,*,#8548,.T.);
#8551=ORIENTED_EDGE('',*,*,#8550,.T.);
#8552=ORIENTED_EDGE('',*,*,#8380,.T.);
#8553=ORIENTED_EDGE('',*,*,#8354,.T.);
#8555=ORIENTED_EDGE('',*,*,#8554,.T.);
#8556=ORIENTED_EDGE('',*,*,#8373,.T.);
#8557=EDGE_LOOP('',(#8547,#8549,#8551,#8552,#8553,#8555,#8556));
#8558=FACE_OUTER_BOUND('',#8557,.F.);
#8560=FILL_AREA_STYLE_COLOUR('',#9);
#8561=FILL_AREA_STYLE('',(#8560));
#8562=SURFACE_STYLE_FILL_AREA(#8561);
#8563=SURFACE_SIDE_STYLE('',(#8562));
#8564=SURFACE_STYLE_USAGE(.POSITIVE.,#8563);
#8565=PRESENTATION_STYLE_ASSIGNMENT((#8564));
#8566=STYLED_ITEM('',(#8565),#8559);
#8567=CARTESIAN_POINT('',(5.25E0,-1.932090826366E0,-3.1E0));
#8568=DIRECTION('',(-1.E0,0.E0,0.E0));
#8569=DIRECTION('',(0.E0,1.E0,0.E0));
#8570=AXIS2_PLACEMENT_3D('',#8567,#8568,#8569);
#8571=PLANE('',#8570);
#8572=ORIENTED_EDGE('',*,*,#8407,.T.);
#8573=ORIENTED_EDGE('',*,*,#8459,.F.);
#8575=ORIENTED_EDGE('',*,*,#8574,.F.);
#8576=ORIENTED_EDGE('',*,*,#8455,.F.);
#8578=ORIENTED_EDGE('',*,*,#8577,.F.);
#8579=ORIENTED_EDGE('',*,*,#8527,.T.);
#8580=ORIENTED_EDGE('',*,*,#8343,.T.);
#8582=ORIENTED_EDGE('',*,*,#8581,.T.);
#8584=ORIENTED_EDGE('',*,*,#8583,.F.);
#8585=ORIENTED_EDGE('',*,*,#8522,.T.);
#8586=EDGE_LOOP('',(#8572,#8573,#8575,#8576,#8578,#8579,#8580,#8582,#8584,
#8585));
#8587=FACE_OUTER_BOUND('',#8586,.F.);
#8589=FILL_AREA_STYLE_COLOUR('',#9);
#8590=FILL_AREA_STYLE('',(#8589));
#8591=SURFACE_STYLE_FILL_AREA(#8590);
#8592=SURFACE_SIDE_STYLE('',(#8591));
#8593=SURFACE_STYLE_USAGE(.POSITIVE.,#8592);
#8594=PRESENTATION_STYLE_ASSIGNMENT((#8593));
#8595=STYLED_ITEM('',(#8594),#8588);
#8596=CARTESIAN_POINT('',(0.E0,0.E0,-3.1E0));
#8597=DIRECTION('',(0.E0,0.E0,1.E0));
#8598=DIRECTION('',(-1.E0,0.E0,0.E0));
#8599=AXIS2_PLACEMENT_3D('',#8596,#8597,#8598);
#8600=PLANE('',#8599);
#8601=ORIENTED_EDGE('',*,*,#8574,.T.);
#8602=ORIENTED_EDGE('',*,*,#8457,.F.);
#8603=EDGE_LOOP('',(#8601,#8602));
#8604=FACE_OUTER_BOUND('',#8603,.F.);
#8606=FILL_AREA_STYLE_COLOUR('',#9);
#8607=FILL_AREA_STYLE('',(#8606));
#8608=SURFACE_STYLE_FILL_AREA(#8607);
#8609=SURFACE_SIDE_STYLE('',(#8608));
#8610=SURFACE_STYLE_USAGE(.POSITIVE.,#8609);
#8611=PRESENTATION_STYLE_ASSIGNMENT((#8610));
#8612=STYLED_ITEM('',(#8611),#8605);
#8613=CARTESIAN_POINT('',(0.E0,0.E0,-3.1E0));
#8614=DIRECTION('',(0.E0,0.E0,1.E0));
#8615=DIRECTION('',(-1.E0,0.E0,0.E0));
#8616=AXIS2_PLACEMENT_3D('',#8613,#8614,#8615);
#8617=PLANE('',#8616);
#8618=ORIENTED_EDGE('',*,*,#8386,.F.);
#8619=ORIENTED_EDGE('',*,*,#8478,.F.);
#8620=EDGE_LOOP('',(#8618,#8619));
#8621=FACE_OUTER_BOUND('',#8620,.F.);
#8623=FILL_AREA_STYLE_COLOUR('',#9);
#8624=FILL_AREA_STYLE('',(#8623));
#8625=SURFACE_STYLE_FILL_AREA(#8624);
#8626=SURFACE_SIDE_STYLE('',(#8625));
#8627=SURFACE_STYLE_USAGE(.POSITIVE.,#8626);
#8628=PRESENTATION_STYLE_ASSIGNMENT((#8627));
#8629=STYLED_ITEM('',(#8628),#8622);
#8630=CARTESIAN_POINT('',(3.775526819542E0,5.E-1,-3.1E0));
#8631=DIRECTION('',(0.E0,1.E0,0.E0));
#8632=DIRECTION('',(1.E0,0.E0,0.E0));
#8633=AXIS2_PLACEMENT_3D('',#8630,#8631,#8632);
#8634=PLANE('',#8633);
#8635=ORIENTED_EDGE('',*,*,#8453,.T.);
#8636=ORIENTED_EDGE('',*,*,#8503,.F.);
#8637=ORIENTED_EDGE('',*,*,#8529,.F.);
#8638=ORIENTED_EDGE('',*,*,#8577,.T.);
#8639=EDGE_LOOP('',(#8635,#8636,#8637,#8638));
#8640=FACE_OUTER_BOUND('',#8639,.F.);
#8642=FILL_AREA_STYLE_COLOUR('',#9);
#8643=FILL_AREA_STYLE('',(#8642));
#8644=SURFACE_STYLE_FILL_AREA(#8643);
#8645=SURFACE_SIDE_STYLE('',(#8644));
#8646=SURFACE_STYLE_USAGE(.POSITIVE.,#8645);
#8647=PRESENTATION_STYLE_ASSIGNMENT((#8646));
#8648=STYLED_ITEM('',(#8647),#8641);
#8649=CARTESIAN_POINT('',(3.775526819542E0,5.E-1,-3.1E0));
#8650=DIRECTION('',(0.E0,1.E0,0.E0));
#8651=DIRECTION('',(1.E0,0.E0,0.E0));
#8652=AXIS2_PLACEMENT_3D('',#8649,#8650,#8651);
#8653=PLANE('',#8652);
#8654=ORIENTED_EDGE('',*,*,#8481,.T.);
#8655=ORIENTED_EDGE('',*,*,#8382,.F.);
#8656=ORIENTED_EDGE('',*,*,#8550,.F.);
#8658=ORIENTED_EDGE('',*,*,#8657,.T.);
#8659=EDGE_LOOP('',(#8654,#8655,#8656,#8658));
#8660=FACE_OUTER_BOUND('',#8659,.F.);
#8662=FILL_AREA_STYLE_COLOUR('',#9);
#8663=FILL_AREA_STYLE('',(#8662));
#8664=SURFACE_STYLE_FILL_AREA(#8663);
#8665=SURFACE_SIDE_STYLE('',(#8664));
#8666=SURFACE_STYLE_USAGE(.POSITIVE.,#8665);
#8667=PRESENTATION_STYLE_ASSIGNMENT((#8666));
#8668=STYLED_ITEM('',(#8667),#8661);
#8669=CARTESIAN_POINT('',(5.E0,-5.E-1,-2.E0));
#8670=DIRECTION('',(0.E0,0.E0,-1.E0));
#8671=DIRECTION('',(0.E0,-1.E0,0.E0));
#8672=AXIS2_PLACEMENT_3D('',#8669,#8670,#8671);
#8673=CYLINDRICAL_SURFACE('',#8672,1.3E0);
#8674=ORIENTED_EDGE('',*,*,#8430,.T.);
#8675=ORIENTED_EDGE('',*,*,#8483,.F.);
#8676=ORIENTED_EDGE('',*,*,#8657,.F.);
#8677=ORIENTED_EDGE('',*,*,#8548,.F.);
#8678=EDGE_LOOP('',(#8674,#8675,#8676,#8677));
#8679=FACE_OUTER_BOUND('',#8678,.F.);
#8681=FILL_AREA_STYLE_COLOUR('',#9);
#8682=FILL_AREA_STYLE('',(#8681));
#8683=SURFACE_STYLE_FILL_AREA(#8682);
#8684=SURFACE_SIDE_STYLE('',(#8683));
#8685=SURFACE_STYLE_USAGE(.POSITIVE.,#8684);
#8686=PRESENTATION_STYLE_ASSIGNMENT((#8685));
#8687=STYLED_ITEM('',(#8686),#8680);
#8688=CARTESIAN_POINT('',(5.E0,2.34468E1,-5.5E-1));
#8689=DIRECTION('',(0.E0,-1.E0,0.E0));
#8690=DIRECTION('',(1.E0,0.E0,0.E0));
#8691=AXIS2_PLACEMENT_3D('',#8688,#8689,#8690);
#8692=CYLINDRICAL_SURFACE('',#8691,2.5E-1);
#8693=ORIENTED_EDGE('',*,*,#8581,.F.);
#8694=ORIENTED_EDGE('',*,*,#8341,.T.);
#8695=ORIENTED_EDGE('',*,*,#8377,.T.);
#8697=ORIENTED_EDGE('',*,*,#8696,.T.);
#8698=EDGE_LOOP('',(#8693,#8694,#8695,#8697));
#8699=FACE_OUTER_BOUND('',#8698,.F.);
#8701=FILL_AREA_STYLE_COLOUR('',#9);
#8702=FILL_AREA_STYLE('',(#8701));
#8703=SURFACE_STYLE_FILL_AREA(#8702);
#8704=SURFACE_SIDE_STYLE('',(#8703));
#8705=SURFACE_STYLE_USAGE(.POSITIVE.,#8704);
#8706=PRESENTATION_STYLE_ASSIGNMENT((#8705));
#8707=STYLED_ITEM('',(#8706),#8700);
#8708=CARTESIAN_POINT('',(5.E0,-5.E-1,1.E0));
#8709=DIRECTION('',(0.E0,0.E0,1.E0));
#8710=DIRECTION('',(-1.E0,0.E0,0.E0));
#8711=AXIS2_PLACEMENT_3D('',#8708,#8709,#8710);
#8712=CYLINDRICAL_SURFACE('',#8711,1.E0);
#8713=ORIENTED_EDGE('',*,*,#8583,.T.);
#8714=ORIENTED_EDGE('',*,*,#8696,.F.);
#8715=ORIENTED_EDGE('',*,*,#8375,.F.);
#8716=ORIENTED_EDGE('',*,*,#8554,.F.);
#8717=ORIENTED_EDGE('',*,*,#8352,.F.);
#8718=ORIENTED_EDGE('',*,*,#5753,.T.);
#8719=ORIENTED_EDGE('',*,*,#8294,.T.);
#8720=ORIENTED_EDGE('',*,*,#8321,.T.);
#8721=ORIENTED_EDGE('',*,*,#8347,.T.);
#8722=ORIENTED_EDGE('',*,*,#8524,.F.);
#8723=EDGE_LOOP('',(#8713,#8714,#8715,#8716,#8717,#8718,#8719,#8720,#8721,
#8722));
#8724=FACE_OUTER_BOUND('',#8723,.F.);
#8726=FILL_AREA_STYLE_COLOUR('',#9);
#8727=FILL_AREA_STYLE('',(#8726));
#8728=SURFACE_STYLE_FILL_AREA(#8727);
#8729=SURFACE_SIDE_STYLE('',(#8728));
#8730=SURFACE_STYLE_USAGE(.POSITIVE.,#8729);
#8731=PRESENTATION_STYLE_ASSIGNMENT((#8730));
#8732=STYLED_ITEM('',(#8731),#8725);
#8733=CARTESIAN_POINT('',(1.805E0,4.8E0,3.77E0));
#8734=DIRECTION('',(1.E0,0.E0,0.E0));
#8735=DIRECTION('',(0.E0,0.E0,1.E0));
#8736=AXIS2_PLACEMENT_3D('',#8733,#8734,#8735);
#8737=PLANE('',#8736);
#8738=ORIENTED_EDGE('',*,*,#6588,.T.);
#8740=ORIENTED_EDGE('',*,*,#8739,.F.);
#8741=ORIENTED_EDGE('',*,*,#7093,.F.);
#8742=ORIENTED_EDGE('',*,*,#6204,.T.);
#8743=EDGE_LOOP('',(#8738,#8740,#8741,#8742));
#8744=FACE_OUTER_BOUND('',#8743,.F.);
#8746=FILL_AREA_STYLE_COLOUR('',#9);
#8747=FILL_AREA_STYLE('',(#8746));
#8748=SURFACE_STYLE_FILL_AREA(#8747);
#8749=SURFACE_SIDE_STYLE('',(#8748));
#8750=SURFACE_STYLE_USAGE(.POSITIVE.,#8749);
#8751=PRESENTATION_STYLE_ASSIGNMENT((#8750));
#8752=STYLED_ITEM('',(#8751),#8745);
#8753=CARTESIAN_POINT('',(1.805E0,4.8E0,7.27E0));
#8754=DIRECTION('',(0.E0,0.E0,1.E0));
#8755=DIRECTION('',(-1.E0,0.E0,0.E0));
#8756=AXIS2_PLACEMENT_3D('',#8753,#8754,#8755);
#8757=PLANE('',#8756);
#8758=ORIENTED_EDGE('',*,*,#6586,.T.);
#8760=ORIENTED_EDGE('',*,*,#8759,.F.);
#8761=ORIENTED_EDGE('',*,*,#7095,.F.);
#8762=ORIENTED_EDGE('',*,*,#8739,.T.);
#8763=EDGE_LOOP('',(#8758,#8760,#8761,#8762));
#8764=FACE_OUTER_BOUND('',#8763,.F.);
#8766=ORIENTED_EDGE('',*,*,#8765,.T.);
#8768=ORIENTED_EDGE('',*,*,#8767,.T.);
#8770=ORIENTED_EDGE('',*,*,#8769,.T.);
#8771=EDGE_LOOP('',(#8766,#8768,#8770));
#8772=FACE_BOUND('',#8771,.F.);
#8774=FILL_AREA_STYLE_COLOUR('',#9);
#8775=FILL_AREA_STYLE('',(#8774));
#8776=SURFACE_STYLE_FILL_AREA(#8775);
#8777=SURFACE_SIDE_STYLE('',(#8776));
#8778=SURFACE_STYLE_USAGE(.POSITIVE.,#8777);
#8779=PRESENTATION_STYLE_ASSIGNMENT((#8778));
#8780=STYLED_ITEM('',(#8779),#8773);
#8781=CARTESIAN_POINT('',(1.255E0,4.8E0,7.27E0));
#8782=DIRECTION('',(-1.E0,0.E0,0.E0));
#8783=DIRECTION('',(0.E0,0.E0,-1.E0));
#8784=AXIS2_PLACEMENT_3D('',#8781,#8782,#8783);
#8785=PLANE('',#8784);
#8786=ORIENTED_EDGE('',*,*,#6584,.T.);
#8787=ORIENTED_EDGE('',*,*,#6200,.F.);
#8788=ORIENTED_EDGE('',*,*,#7097,.T.);
#8789=ORIENTED_EDGE('',*,*,#8759,.T.);
#8790=EDGE_LOOP('',(#8786,#8787,#8788,#8789));
#8791=FACE_OUTER_BOUND('',#8790,.F.);
#8793=FILL_AREA_STYLE_COLOUR('',#9);
#8794=FILL_AREA_STYLE('',(#8793));
#8795=SURFACE_STYLE_FILL_AREA(#8794);
#8796=SURFACE_SIDE_STYLE('',(#8795));
#8797=SURFACE_STYLE_USAGE(.POSITIVE.,#8796);
#8798=PRESENTATION_STYLE_ASSIGNMENT((#8797));
#8799=STYLED_ITEM('',(#8798),#8792);
#8800=CARTESIAN_POINT('',(1.53E0,5.1228E0,7.130667261190E0));
#8801=DIRECTION('',(0.E0,-8.881444698600E-1,-4.595643596463E-1));
#8802=DIRECTION('',(0.E0,4.595643596463E-1,-8.881444698600E-1));
#8803=AXIS2_PLACEMENT_3D('',#8800,#8801,#8802);
#8804=PLANE('',#8803);
#8806=ORIENTED_EDGE('',*,*,#8805,.T.);
#8807=ORIENTED_EDGE('',*,*,#8765,.F.);
#8809=ORIENTED_EDGE('',*,*,#8808,.T.);
#8810=EDGE_LOOP('',(#8806,#8807,#8809));
#8811=FACE_OUTER_BOUND('',#8810,.F.);
#8813=FILL_AREA_STYLE_COLOUR('',#150);
#8814=FILL_AREA_STYLE('',(#8813));
#8815=SURFACE_STYLE_FILL_AREA(#8814);
#8816=SURFACE_SIDE_STYLE('',(#8815));
#8817=SURFACE_STYLE_USAGE(.POSITIVE.,#8816);
#8818=PRESENTATION_STYLE_ASSIGNMENT((#8817));
#8819=STYLED_ITEM('',(#8818),#8812);
#8820=CARTESIAN_POINT('',(1.53E0,5.1228E0,7.130667261190E0));
#8821=DIRECTION('',(0.E0,-8.881444698600E-1,-4.595643596463E-1));
#8822=DIRECTION('',(0.E0,4.595643596463E-1,-8.881444698600E-1));
#8823=AXIS2_PLACEMENT_3D('',#8820,#8821,#8822);
#8824=CYLINDRICAL_SURFACE('',#8823,2.3E-1);
#8825=ORIENTED_EDGE('',*,*,#6213,.T.);
#8827=ORIENTED_EDGE('',*,*,#8826,.F.);
#8829=ORIENTED_EDGE('',*,*,#8828,.T.);
#8831=ORIENTED_EDGE('',*,*,#8830,.T.);
#8833=ORIENTED_EDGE('',*,*,#8832,.F.);
#8834=ORIENTED_EDGE('',*,*,#8767,.F.);
#8835=ORIENTED_EDGE('',*,*,#8805,.F.);
#8837=ORIENTED_EDGE('',*,*,#8836,.T.);
#8838=EDGE_LOOP('',(#8825,#8827,#8829,#8831,#8833,#8834,#8835,#8837));
#8839=FACE_OUTER_BOUND('',#8838,.F.);
#8841=FILL_AREA_STYLE_COLOUR('',#150);
#8842=FILL_AREA_STYLE('',(#8841));
#8843=SURFACE_STYLE_FILL_AREA(#8842);
#8844=SURFACE_SIDE_STYLE('',(#8843));
#8845=SURFACE_STYLE_USAGE(.POSITIVE.,#8844);
#8846=PRESENTATION_STYLE_ASSIGNMENT((#8845));
#8847=STYLED_ITEM('',(#8846),#8840);
#8848=CARTESIAN_POINT('',(0.E0,-1.2E0,0.E0));
#8849=DIRECTION('',(0.E0,-1.E0,0.E0));
#8850=DIRECTION('',(1.E0,0.E0,0.E0));
#8851=AXIS2_PLACEMENT_3D('',#8848,#8849,#8850);
#8852=PLANE('',#8851);
#8854=ORIENTED_EDGE('',*,*,#8853,.T.);
#8855=ORIENTED_EDGE('',*,*,#6084,.F.);
#8857=ORIENTED_EDGE('',*,*,#8856,.F.);
#8859=ORIENTED_EDGE('',*,*,#8858,.F.);
#8860=EDGE_LOOP('',(#8854,#8855,#8857,#8859));
#8861=FACE_OUTER_BOUND('',#8860,.F.);
#8863=FILL_AREA_STYLE_COLOUR('',#12);
#8864=FILL_AREA_STYLE('',(#8863));
#8865=SURFACE_STYLE_FILL_AREA(#8864);
#8866=SURFACE_SIDE_STYLE('',(#8865));
#8867=SURFACE_STYLE_USAGE(.POSITIVE.,#8866);
#8868=PRESENTATION_STYLE_ASSIGNMENT((#8867));
#8869=STYLED_ITEM('',(#8868),#8862);
#8870=CARTESIAN_POINT('',(0.E0,-1.2E0,0.E0));
#8871=DIRECTION('',(0.E0,-1.E0,0.E0));
#8872=DIRECTION('',(1.E0,0.E0,0.E0));
#8873=AXIS2_PLACEMENT_3D('',#8870,#8871,#8872);
#8874=PLANE('',#8873);
#8875=ORIENTED_EDGE('',*,*,#8826,.T.);
#8876=ORIENTED_EDGE('',*,*,#6211,.T.);
#8877=ORIENTED_EDGE('',*,*,#6095,.F.);
#8879=ORIENTED_EDGE('',*,*,#8878,.F.);
#8881=ORIENTED_EDGE('',*,*,#8880,.F.);
#8882=ORIENTED_EDGE('',*,*,#6217,.T.);
#8884=ORIENTED_EDGE('',*,*,#8883,.T.);
#8885=EDGE_LOOP('',(#8875,#8876,#8877,#8879,#8881,#8882,#8884));
#8886=FACE_OUTER_BOUND('',#8885,.F.);
#8888=FILL_AREA_STYLE_COLOUR('',#12);
#8889=FILL_AREA_STYLE('',(#8888));
#8890=SURFACE_STYLE_FILL_AREA(#8889);
#8891=SURFACE_SIDE_STYLE('',(#8890));
#8892=SURFACE_STYLE_USAGE(.POSITIVE.,#8891);
#8893=PRESENTATION_STYLE_ASSIGNMENT((#8892));
#8894=STYLED_ITEM('',(#8893),#8887);
#8895=CARTESIAN_POINT('',(1.255E0,-1.2E0,1.45E0));
#8896=DIRECTION('',(0.E0,0.E0,-1.E0));
#8897=DIRECTION('',(0.E0,1.E0,0.E0));
#8898=AXIS2_PLACEMENT_3D('',#8895,#8896,#8897);
#8899=PLANE('',#8898);
#8901=ORIENTED_EDGE('',*,*,#8900,.T.);
#8902=ORIENTED_EDGE('',*,*,#6086,.T.);
#8903=ORIENTED_EDGE('',*,*,#8853,.F.);
#8905=ORIENTED_EDGE('',*,*,#8904,.T.);
#8906=EDGE_LOOP('',(#8901,#8902,#8903,#8905));
#8907=FACE_OUTER_BOUND('',#8906,.F.);
#8909=FILL_AREA_STYLE_COLOUR('',#16);
#8910=FILL_AREA_STYLE('',(#8909));
#8911=SURFACE_STYLE_FILL_AREA(#8910);
#8912=SURFACE_SIDE_STYLE('',(#8911));
#8913=SURFACE_STYLE_USAGE(.POSITIVE.,#8912);
#8914=PRESENTATION_STYLE_ASSIGNMENT((#8913));
#8915=STYLED_ITEM('',(#8914),#8908);
#8916=CARTESIAN_POINT('',(1.805E0,1.4E0,5.E-1));
#8917=DIRECTION('',(0.E0,-1.E0,0.E0));
#8918=DIRECTION('',(-1.E0,0.E0,0.E0));
#8919=AXIS2_PLACEMENT_3D('',#8916,#8917,#8918);
#8920=PLANE('',#8919);
#8921=ORIENTED_EDGE('',*,*,#5885,.F.);
#8922=ORIENTED_EDGE('',*,*,#6088,.T.);
#8923=ORIENTED_EDGE('',*,*,#8900,.F.);
#8925=ORIENTED_EDGE('',*,*,#8924,.F.);
#8926=EDGE_LOOP('',(#8921,#8922,#8923,#8925));
#8927=FACE_OUTER_BOUND('',#8926,.F.);
#8929=FILL_AREA_STYLE_COLOUR('',#41);
#8930=FILL_AREA_STYLE('',(#8929));
#8931=SURFACE_STYLE_FILL_AREA(#8930);
#8932=SURFACE_SIDE_STYLE('',(#8931));
#8933=SURFACE_STYLE_USAGE(.POSITIVE.,#8932);
#8934=PRESENTATION_STYLE_ASSIGNMENT((#8933));
#8935=STYLED_ITEM('',(#8934),#8928);
#8936=CARTESIAN_POINT('',(1.255E0,-4.5E0,3.77E0));
#8937=DIRECTION('',(-1.E0,0.E0,0.E0));
#8938=DIRECTION('',(0.E0,0.E0,-1.E0));
#8939=AXIS2_PLACEMENT_3D('',#8936,#8937,#8938);
#8940=PLANE('',#8939);
#8941=ORIENTED_EDGE('',*,*,#6132,.F.);
#8942=ORIENTED_EDGE('',*,*,#6219,.T.);
#8943=ORIENTED_EDGE('',*,*,#8880,.T.);
#8945=ORIENTED_EDGE('',*,*,#8944,.F.);
#8947=ORIENTED_EDGE('',*,*,#8946,.T.);
#8948=ORIENTED_EDGE('',*,*,#5887,.T.);
#8949=ORIENTED_EDGE('',*,*,#8924,.T.);
#8950=ORIENTED_EDGE('',*,*,#8904,.F.);
#8951=ORIENTED_EDGE('',*,*,#8858,.T.);
#8953=ORIENTED_EDGE('',*,*,#8952,.F.);
#8954=EDGE_LOOP('',(#8941,#8942,#8943,#8945,#8947,#8948,#8949,#8950,#8951,
#8953));
#8955=FACE_OUTER_BOUND('',#8954,.F.);
#8957=FILL_AREA_STYLE_COLOUR('',#13);
#8958=FILL_AREA_STYLE('',(#8957));
#8959=SURFACE_STYLE_FILL_AREA(#8958);
#8960=SURFACE_SIDE_STYLE('',(#8959));
#8961=SURFACE_STYLE_USAGE(.POSITIVE.,#8960);
#8962=PRESENTATION_STYLE_ASSIGNMENT((#8961));
#8963=STYLED_ITEM('',(#8962),#8956);
#8964=CARTESIAN_POINT('',(-3.8E0,6.5E0,2.8E0));
#8965=DIRECTION('',(0.E0,0.E0,1.E0));
#8966=DIRECTION('',(0.E0,-1.E0,0.E0));
#8967=AXIS2_PLACEMENT_3D('',#8964,#8965,#8966);
#8968=PLANE('',#8967);
#8969=ORIENTED_EDGE('',*,*,#6322,.T.);
#8970=ORIENTED_EDGE('',*,*,#6372,.T.);
#8971=ORIENTED_EDGE('',*,*,#6274,.T.);
#8973=ORIENTED_EDGE('',*,*,#8972,.T.);
#8975=ORIENTED_EDGE('',*,*,#8974,.T.);
#8977=ORIENTED_EDGE('',*,*,#8976,.T.);
#8979=ORIENTED_EDGE('',*,*,#8978,.T.);
#8981=ORIENTED_EDGE('',*,*,#8980,.T.);
#8983=ORIENTED_EDGE('',*,*,#8982,.T.);
#8985=ORIENTED_EDGE('',*,*,#8984,.T.);
#8987=ORIENTED_EDGE('',*,*,#8986,.T.);
#8989=ORIENTED_EDGE('',*,*,#8988,.T.);
#8990=ORIENTED_EDGE('',*,*,#8944,.T.);
#8991=ORIENTED_EDGE('',*,*,#8878,.T.);
#8992=ORIENTED_EDGE('',*,*,#6093,.T.);
#8994=ORIENTED_EDGE('',*,*,#8993,.T.);
#8995=ORIENTED_EDGE('',*,*,#6016,.T.);
#8996=ORIENTED_EDGE('',*,*,#6556,.F.);
#8997=ORIENTED_EDGE('',*,*,#5836,.T.);
#8999=ORIENTED_EDGE('',*,*,#8998,.T.);
#9000=EDGE_LOOP('',(#8969,#8970,#8971,#8973,#8975,#8977,#8979,#8981,#8983,#8985,
#8987,#8989,#8990,#8991,#8992,#8994,#8995,#8996,#8997,#8999));
#9001=FACE_OUTER_BOUND('',#9000,.F.);
#9003=FILL_AREA_STYLE_COLOUR('',#9);
#9004=FILL_AREA_STYLE('',(#9003));
#9005=SURFACE_STYLE_FILL_AREA(#9004);
#9006=SURFACE_SIDE_STYLE('',(#9005));
#9007=SURFACE_STYLE_USAGE(.POSITIVE.,#9006);
#9008=PRESENTATION_STYLE_ASSIGNMENT((#9007));
#9009=STYLED_ITEM('',(#9008),#9002);
#9010=CARTESIAN_POINT('',(-3.8E0,5.E0,2.E0));
#9011=DIRECTION('',(0.E0,-1.E0,0.E0));
#9012=DIRECTION('',(0.E0,0.E0,-1.E0));
#9013=AXIS2_PLACEMENT_3D('',#9010,#9011,#9012);
#9014=PLANE('',#9013);
#9015=ORIENTED_EDGE('',*,*,#6091,.F.);
#9016=ORIENTED_EDGE('',*,*,#5881,.F.);
#9017=ORIENTED_EDGE('',*,*,#6018,.T.);
#9018=ORIENTED_EDGE('',*,*,#8993,.F.);
#9019=EDGE_LOOP('',(#9015,#9016,#9017,#9018));
#9020=FACE_OUTER_BOUND('',#9019,.F.);
#9022=FILL_AREA_STYLE_COLOUR('',#9);
#9023=FILL_AREA_STYLE('',(#9022));
#9024=SURFACE_STYLE_FILL_AREA(#9023);
#9025=SURFACE_SIDE_STYLE('',(#9024));
#9026=SURFACE_STYLE_USAGE(.POSITIVE.,#9025);
#9027=PRESENTATION_STYLE_ASSIGNMENT((#9026));
#9028=STYLED_ITEM('',(#9027),#9021);
#9029=CARTESIAN_POINT('',(-3.8E0,5.E0,2.E0));
#9030=DIRECTION('',(0.E0,-1.E0,0.E0));
#9031=DIRECTION('',(0.E0,0.E0,-1.E0));
#9032=AXIS2_PLACEMENT_3D('',#9029,#9030,#9031);
#9033=PLANE('',#9032);
#9034=ORIENTED_EDGE('',*,*,#8946,.F.);
#9035=ORIENTED_EDGE('',*,*,#8988,.F.);
#9037=ORIENTED_EDGE('',*,*,#9036,.F.);
#9038=ORIENTED_EDGE('',*,*,#5889,.F.);
#9039=EDGE_LOOP('',(#9034,#9035,#9037,#9038));
#9040=FACE_OUTER_BOUND('',#9039,.F.);
#9042=FILL_AREA_STYLE_COLOUR('',#9);
#9043=FILL_AREA_STYLE('',(#9042));
#9044=SURFACE_STYLE_FILL_AREA(#9043);
#9045=SURFACE_SIDE_STYLE('',(#9044));
#9046=SURFACE_STYLE_USAGE(.POSITIVE.,#9045);
#9047=PRESENTATION_STYLE_ASSIGNMENT((#9046));
#9048=STYLED_ITEM('',(#9047),#9041);
#9049=CARTESIAN_POINT('',(-3.8E0,5.E0,2.E0));
#9050=DIRECTION('',(0.E0,-1.E0,0.E0));
#9051=DIRECTION('',(0.E0,0.E0,-1.E0));
#9052=AXIS2_PLACEMENT_3D('',#9049,#9050,#9051);
#9053=PLANE('',#9052);
#9055=ORIENTED_EDGE('',*,*,#9054,.F.);
#9056=ORIENTED_EDGE('',*,*,#5897,.F.);
#9058=ORIENTED_EDGE('',*,*,#9057,.F.);
#9059=ORIENTED_EDGE('',*,*,#8980,.F.);
#9060=EDGE_LOOP('',(#9055,#9056,#9058,#9059));
#9061=FACE_OUTER_BOUND('',#9060,.F.);
#9063=FILL_AREA_STYLE_COLOUR('',#9);
#9064=FILL_AREA_STYLE('',(#9063));
#9065=SURFACE_STYLE_FILL_AREA(#9064);
#9066=SURFACE_SIDE_STYLE('',(#9065));
#9067=SURFACE_STYLE_USAGE(.POSITIVE.,#9066);
#9068=PRESENTATION_STYLE_ASSIGNMENT((#9067));
#9069=STYLED_ITEM('',(#9068),#9062);
#9070=CARTESIAN_POINT('',(-3.8E0,5.E0,2.E0));
#9071=DIRECTION('',(0.E0,-1.E0,0.E0));
#9072=DIRECTION('',(0.E0,0.E0,-1.E0));
#9073=AXIS2_PLACEMENT_3D('',#9070,#9071,#9072);
#9074=PLANE('',#9073);
#9076=ORIENTED_EDGE('',*,*,#9075,.F.);
#9077=ORIENTED_EDGE('',*,*,#8972,.F.);
#9078=ORIENTED_EDGE('',*,*,#6272,.F.);
#9079=ORIENTED_EDGE('',*,*,#5905,.F.);
#9080=EDGE_LOOP('',(#9076,#9077,#9078,#9079));
#9081=FACE_OUTER_BOUND('',#9080,.F.);
#9083=FILL_AREA_STYLE_COLOUR('',#9);
#9084=FILL_AREA_STYLE('',(#9083));
#9085=SURFACE_STYLE_FILL_AREA(#9084);
#9086=SURFACE_SIDE_STYLE('',(#9085));
#9087=SURFACE_STYLE_USAGE(.POSITIVE.,#9086);
#9088=PRESENTATION_STYLE_ASSIGNMENT((#9087));
#9089=STYLED_ITEM('',(#9088),#9082);
#9090=CARTESIAN_POINT('',(-3.8E0,5.E0,2.E0));
#9091=DIRECTION('',(0.E0,-1.E0,0.E0));
#9092=DIRECTION('',(0.E0,0.E0,-1.E0));
#9093=AXIS2_PLACEMENT_3D('',#9090,#9091,#9092);
#9094=PLANE('',#9093);
#9095=ORIENTED_EDGE('',*,*,#6324,.F.);
#9096=ORIENTED_EDGE('',*,*,#8998,.F.);
#9097=ORIENTED_EDGE('',*,*,#5834,.T.);
#9098=ORIENTED_EDGE('',*,*,#5913,.F.);
#9099=EDGE_LOOP('',(#9095,#9096,#9097,#9098));
#9100=FACE_OUTER_BOUND('',#9099,.F.);
#9102=FILL_AREA_STYLE_COLOUR('',#9);
#9103=FILL_AREA_STYLE('',(#9102));
#9104=SURFACE_STYLE_FILL_AREA(#9103);
#9105=SURFACE_SIDE_STYLE('',(#9104));
#9106=SURFACE_STYLE_USAGE(.POSITIVE.,#9105);
#9107=PRESENTATION_STYLE_ASSIGNMENT((#9106));
#9108=STYLED_ITEM('',(#9107),#9101);
#9109=CARTESIAN_POINT('',(7.85E-1,-4.5E0,1.17E0));
#9110=DIRECTION('',(1.E0,0.E0,0.E0));
#9111=DIRECTION('',(0.E0,0.E0,1.E0));
#9112=AXIS2_PLACEMENT_3D('',#9109,#9110,#9111);
#9113=PLANE('',#9112);
#9114=ORIENTED_EDGE('',*,*,#6128,.F.);
#9116=ORIENTED_EDGE('',*,*,#9115,.T.);
#9118=ORIENTED_EDGE('',*,*,#9117,.T.);
#9120=ORIENTED_EDGE('',*,*,#9119,.F.);
#9122=ORIENTED_EDGE('',*,*,#9121,.F.);
#9123=ORIENTED_EDGE('',*,*,#5891,.F.);
#9124=ORIENTED_EDGE('',*,*,#9036,.T.);
#9125=ORIENTED_EDGE('',*,*,#8986,.F.);
#9127=ORIENTED_EDGE('',*,*,#9126,.T.);
#9128=ORIENTED_EDGE('',*,*,#6222,.F.);
#9129=EDGE_LOOP('',(#9114,#9116,#9118,#9120,#9122,#9123,#9124,#9125,#9127,
#9128));
#9130=FACE_OUTER_BOUND('',#9129,.F.);
#9132=FILL_AREA_STYLE_COLOUR('',#59);
#9133=FILL_AREA_STYLE('',(#9132));
#9134=SURFACE_STYLE_FILL_AREA(#9133);
#9135=SURFACE_SIDE_STYLE('',(#9134));
#9136=SURFACE_STYLE_USAGE(.POSITIVE.,#9135);
#9137=PRESENTATION_STYLE_ASSIGNMENT((#9136));
#9138=STYLED_ITEM('',(#9137),#9131);
#9139=CARTESIAN_POINT('',(2.35E-1,-4.5E0,1.17E0));
#9140=DIRECTION('',(0.E0,0.E0,-1.E0));
#9141=DIRECTION('',(1.E0,0.E0,0.E0));
#9142=AXIS2_PLACEMENT_3D('',#9139,#9140,#9141);
#9143=PLANE('',#9142);
#9144=ORIENTED_EDGE('',*,*,#6126,.F.);
#9146=ORIENTED_EDGE('',*,*,#9145,.T.);
#9148=ORIENTED_EDGE('',*,*,#9147,.T.);
#9149=ORIENTED_EDGE('',*,*,#9115,.F.);
#9150=EDGE_LOOP('',(#9144,#9146,#9148,#9149));
#9151=FACE_OUTER_BOUND('',#9150,.F.);
#9153=FILL_AREA_STYLE_COLOUR('',#58);
#9154=FILL_AREA_STYLE('',(#9153));
#9155=SURFACE_STYLE_FILL_AREA(#9154);
#9156=SURFACE_SIDE_STYLE('',(#9155));
#9157=SURFACE_STYLE_USAGE(.POSITIVE.,#9156);
#9158=PRESENTATION_STYLE_ASSIGNMENT((#9157));
#9159=STYLED_ITEM('',(#9158),#9152);
#9160=CARTESIAN_POINT('',(2.35E-1,-4.5E0,3.77E0));
#9161=DIRECTION('',(-1.E0,0.E0,0.E0));
#9162=DIRECTION('',(0.E0,0.E0,-1.E0));
#9163=AXIS2_PLACEMENT_3D('',#9160,#9161,#9162);
#9164=PLANE('',#9163);
#9165=ORIENTED_EDGE('',*,*,#6124,.F.);
#9166=ORIENTED_EDGE('',*,*,#6232,.T.);
#9168=ORIENTED_EDGE('',*,*,#9167,.T.);
#9169=ORIENTED_EDGE('',*,*,#8982,.F.);
#9170=ORIENTED_EDGE('',*,*,#9057,.T.);
#9171=ORIENTED_EDGE('',*,*,#5895,.T.);
#9173=ORIENTED_EDGE('',*,*,#9172,.T.);
#9175=ORIENTED_EDGE('',*,*,#9174,.F.);
#9177=ORIENTED_EDGE('',*,*,#9176,.T.);
#9178=ORIENTED_EDGE('',*,*,#9145,.F.);
#9179=EDGE_LOOP('',(#9165,#9166,#9168,#9169,#9170,#9171,#9173,#9175,#9177,
#9178));
#9180=FACE_OUTER_BOUND('',#9179,.F.);
#9182=FILL_AREA_STYLE_COLOUR('',#57);
#9183=FILL_AREA_STYLE('',(#9182));
#9184=SURFACE_STYLE_FILL_AREA(#9183);
#9185=SURFACE_SIDE_STYLE('',(#9184));
#9186=SURFACE_STYLE_USAGE(.POSITIVE.,#9185);
#9187=PRESENTATION_STYLE_ASSIGNMENT((#9186));
#9188=STYLED_ITEM('',(#9187),#9181);
#9189=CARTESIAN_POINT('',(-1.02E0,-1.2E0,0.E0));
#9190=DIRECTION('',(0.E0,-1.E0,0.E0));
#9191=DIRECTION('',(1.E0,0.E0,0.E0));
#9192=AXIS2_PLACEMENT_3D('',#9189,#9190,#9191);
#9193=PLANE('',#9192);
#9195=ORIENTED_EDGE('',*,*,#9194,.T.);
#9196=ORIENTED_EDGE('',*,*,#9117,.F.);
#9197=ORIENTED_EDGE('',*,*,#9147,.F.);
#9198=ORIENTED_EDGE('',*,*,#9176,.F.);
#9199=EDGE_LOOP('',(#9195,#9196,#9197,#9198));
#9200=FACE_OUTER_BOUND('',#9199,.F.);
#9202=FILL_AREA_STYLE_COLOUR('',#38);
#9203=FILL_AREA_STYLE('',(#9202));
#9204=SURFACE_STYLE_FILL_AREA(#9203);
#9205=SURFACE_SIDE_STYLE('',(#9204));
#9206=SURFACE_STYLE_USAGE(.POSITIVE.,#9205);
#9207=PRESENTATION_STYLE_ASSIGNMENT((#9206));
#9208=STYLED_ITEM('',(#9207),#9201);
#9209=CARTESIAN_POINT('',(-1.02E0,-1.2E0,0.E0));
#9210=DIRECTION('',(0.E0,-1.E0,0.E0));
#9211=DIRECTION('',(1.E0,0.E0,0.E0));
#9212=AXIS2_PLACEMENT_3D('',#9209,#9210,#9211);
#9213=PLANE('',#9212);
#9215=ORIENTED_EDGE('',*,*,#9214,.T.);
#9216=ORIENTED_EDGE('',*,*,#6224,.T.);
#9217=ORIENTED_EDGE('',*,*,#9126,.F.);
#9218=ORIENTED_EDGE('',*,*,#8984,.F.);
#9219=ORIENTED_EDGE('',*,*,#9167,.F.);
#9220=ORIENTED_EDGE('',*,*,#6230,.T.);
#9222=ORIENTED_EDGE('',*,*,#9221,.T.);
#9223=EDGE_LOOP('',(#9215,#9216,#9217,#9218,#9219,#9220,#9222));
#9224=FACE_OUTER_BOUND('',#9223,.F.);
#9226=FILL_AREA_STYLE_COLOUR('',#38);
#9227=FILL_AREA_STYLE('',(#9226));
#9228=SURFACE_STYLE_FILL_AREA(#9227);
#9229=SURFACE_SIDE_STYLE('',(#9228));
#9230=SURFACE_STYLE_USAGE(.POSITIVE.,#9229);
#9231=PRESENTATION_STYLE_ASSIGNMENT((#9230));
#9232=STYLED_ITEM('',(#9231),#9225);
#9233=CARTESIAN_POINT('',(2.35E-1,-1.2E0,1.45E0));
#9234=DIRECTION('',(0.E0,0.E0,-1.E0));
#9235=DIRECTION('',(0.E0,1.E0,0.E0));
#9236=AXIS2_PLACEMENT_3D('',#9233,#9234,#9235);
#9237=PLANE('',#9236);
#9239=ORIENTED_EDGE('',*,*,#9238,.T.);
#9240=ORIENTED_EDGE('',*,*,#9119,.T.);
#9241=ORIENTED_EDGE('',*,*,#9194,.F.);
#9242=ORIENTED_EDGE('',*,*,#9174,.T.);
#9243=EDGE_LOOP('',(#9239,#9240,#9241,#9242));
#9244=FACE_OUTER_BOUND('',#9243,.F.);
#9246=FILL_AREA_STYLE_COLOUR('',#60);
#9247=FILL_AREA_STYLE('',(#9246));
#9248=SURFACE_STYLE_FILL_AREA(#9247);
#9249=SURFACE_SIDE_STYLE('',(#9248));
#9250=SURFACE_STYLE_USAGE(.POSITIVE.,#9249);
#9251=PRESENTATION_STYLE_ASSIGNMENT((#9250));
#9252=STYLED_ITEM('',(#9251),#9245);
#9253=CARTESIAN_POINT('',(7.85E-1,3.94E0,5.E-1));
#9254=DIRECTION('',(0.E0,-1.E0,0.E0));
#9255=DIRECTION('',(-1.E0,0.E0,0.E0));
#9256=AXIS2_PLACEMENT_3D('',#9253,#9254,#9255);
#9257=PLANE('',#9256);
#9258=ORIENTED_EDGE('',*,*,#5893,.F.);
#9259=ORIENTED_EDGE('',*,*,#9121,.T.);
#9260=ORIENTED_EDGE('',*,*,#9238,.F.);
#9261=ORIENTED_EDGE('',*,*,#9172,.F.);
#9262=EDGE_LOOP('',(#9258,#9259,#9260,#9261));
#9263=FACE_OUTER_BOUND('',#9262,.F.);
#9265=FILL_AREA_STYLE_COLOUR('',#42);
#9266=FILL_AREA_STYLE('',(#9265));
#9267=SURFACE_STYLE_FILL_AREA(#9266);
#9268=SURFACE_SIDE_STYLE('',(#9267));
#9269=SURFACE_STYLE_USAGE(.POSITIVE.,#9268);
#9270=PRESENTATION_STYLE_ASSIGNMENT((#9269));
#9271=STYLED_ITEM('',(#9270),#9264);
#9272=CARTESIAN_POINT('',(5.1E-1,5.1228E0,7.130667261190E0));
#9273=DIRECTION('',(0.E0,-8.881444698600E-1,-4.595643596463E-1));
#9274=DIRECTION('',(0.E0,4.595643596463E-1,-8.881444698600E-1));
#9275=AXIS2_PLACEMENT_3D('',#9272,#9273,#9274);
#9276=CYLINDRICAL_SURFACE('',#9275,2.3E-1);
#9277=ORIENTED_EDGE('',*,*,#6226,.T.);
#9278=ORIENTED_EDGE('',*,*,#9214,.F.);
#9280=ORIENTED_EDGE('',*,*,#9279,.T.);
#9282=ORIENTED_EDGE('',*,*,#9281,.T.);
#9284=ORIENTED_EDGE('',*,*,#9283,.F.);
#9286=ORIENTED_EDGE('',*,*,#9285,.F.);
#9288=ORIENTED_EDGE('',*,*,#9287,.F.);
#9290=ORIENTED_EDGE('',*,*,#9289,.T.);
#9291=EDGE_LOOP('',(#9277,#9278,#9280,#9282,#9284,#9286,#9288,#9290));
#9292=FACE_OUTER_BOUND('',#9291,.F.);
#9294=FILL_AREA_STYLE_COLOUR('',#150);
#9295=FILL_AREA_STYLE('',(#9294));
#9296=SURFACE_STYLE_FILL_AREA(#9295);
#9297=SURFACE_SIDE_STYLE('',(#9296));
#9298=SURFACE_STYLE_USAGE(.POSITIVE.,#9297);
#9299=PRESENTATION_STYLE_ASSIGNMENT((#9298));
#9300=STYLED_ITEM('',(#9299),#9293);
#9301=CARTESIAN_POINT('',(5.1E-1,5.1228E0,7.130667261190E0));
#9302=DIRECTION('',(0.E0,-8.881444698600E-1,-4.595643596463E-1));
#9303=DIRECTION('',(0.E0,4.595643596463E-1,-8.881444698600E-1));
#9304=AXIS2_PLACEMENT_3D('',#9301,#9302,#9303);
#9305=CYLINDRICAL_SURFACE('',#9304,2.3E-1);
#9306=ORIENTED_EDGE('',*,*,#6228,.T.);
#9307=ORIENTED_EDGE('',*,*,#9289,.F.);
#9309=ORIENTED_EDGE('',*,*,#9308,.F.);
#9311=ORIENTED_EDGE('',*,*,#9310,.F.);
#9312=ORIENTED_EDGE('',*,*,#9283,.T.);
#9314=ORIENTED_EDGE('',*,*,#9313,.T.);
#9315=ORIENTED_EDGE('',*,*,#9279,.F.);
#9316=ORIENTED_EDGE('',*,*,#9221,.F.);
#9317=EDGE_LOOP('',(#9306,#9307,#9309,#9311,#9312,#9314,#9315,#9316));
#9318=FACE_OUTER_BOUND('',#9317,.F.);
#9320=FILL_AREA_STYLE_COLOUR('',#150);
#9321=FILL_AREA_STYLE('',(#9320));
#9322=SURFACE_STYLE_FILL_AREA(#9321);
#9323=SURFACE_SIDE_STYLE('',(#9322));
#9324=SURFACE_STYLE_USAGE(.POSITIVE.,#9323);
#9325=PRESENTATION_STYLE_ASSIGNMENT((#9324));
#9326=STYLED_ITEM('',(#9325),#9319);
#9327=CARTESIAN_POINT('',(5.1E-1,5.1228E0,7.130667261190E0));
#9328=DIRECTION('',(0.E0,-8.881444698600E-1,-4.595643596463E-1));
#9329=DIRECTION('',(0.E0,4.595643596463E-1,-8.881444698600E-1));
#9330=AXIS2_PLACEMENT_3D('',#9327,#9328,#9329);
#9331=PLANE('',#9330);
#9332=ORIENTED_EDGE('',*,*,#9287,.T.);
#9334=ORIENTED_EDGE('',*,*,#9333,.F.);
#9335=ORIENTED_EDGE('',*,*,#9308,.T.);
#9336=EDGE_LOOP('',(#9332,#9334,#9335));
#9337=FACE_OUTER_BOUND('',#9336,.F.);
#9339=FILL_AREA_STYLE_COLOUR('',#150);
#9340=FILL_AREA_STYLE('',(#9339));
#9341=SURFACE_STYLE_FILL_AREA(#9340);
#9342=SURFACE_SIDE_STYLE('',(#9341));
#9343=SURFACE_STYLE_USAGE(.POSITIVE.,#9342);
#9344=PRESENTATION_STYLE_ASSIGNMENT((#9343));
#9345=STYLED_ITEM('',(#9344),#9338);
#9346=CARTESIAN_POINT('',(7.85E-1,4.8E0,7.27E0));
#9347=DIRECTION('',(0.E0,0.E0,1.E0));
#9348=DIRECTION('',(-1.E0,0.E0,0.E0));
#9349=AXIS2_PLACEMENT_3D('',#9346,#9347,#9348);
#9350=PLANE('',#9349);
#9352=ORIENTED_EDGE('',*,*,#9351,.T.);
#9353=ORIENTED_EDGE('',*,*,#6595,.T.);
#9355=ORIENTED_EDGE('',*,*,#9354,.F.);
#9356=ORIENTED_EDGE('',*,*,#7102,.F.);
#9357=EDGE_LOOP('',(#9352,#9353,#9355,#9356));
#9358=FACE_OUTER_BOUND('',#9357,.F.);
#9359=ORIENTED_EDGE('',*,*,#9333,.T.);
#9360=ORIENTED_EDGE('',*,*,#9285,.T.);
#9361=ORIENTED_EDGE('',*,*,#9310,.T.);
#9362=EDGE_LOOP('',(#9359,#9360,#9361));
#9363=FACE_BOUND('',#9362,.F.);
#9365=FILL_AREA_STYLE_COLOUR('',#18);
#9366=FILL_AREA_STYLE('',(#9365));
#9367=SURFACE_STYLE_FILL_AREA(#9366);
#9368=SURFACE_SIDE_STYLE('',(#9367));
#9369=SURFACE_STYLE_USAGE(.POSITIVE.,#9368);
#9370=PRESENTATION_STYLE_ASSIGNMENT((#9369));
#9371=STYLED_ITEM('',(#9370),#9364);
#9372=CARTESIAN_POINT('',(7.85E-1,4.8E0,3.77E0));
#9373=DIRECTION('',(1.E0,0.E0,0.E0));
#9374=DIRECTION('',(0.E0,0.E0,1.E0));
#9375=AXIS2_PLACEMENT_3D('',#9372,#9373,#9374);
#9376=PLANE('',#9375);
#9377=ORIENTED_EDGE('',*,*,#6196,.T.);
#9378=ORIENTED_EDGE('',*,*,#6597,.T.);
#9379=ORIENTED_EDGE('',*,*,#9351,.F.);
#9380=ORIENTED_EDGE('',*,*,#7100,.F.);
#9381=EDGE_LOOP('',(#9377,#9378,#9379,#9380));
#9382=FACE_OUTER_BOUND('',#9381,.F.);
#9384=FILL_AREA_STYLE_COLOUR('',#17);
#9385=FILL_AREA_STYLE('',(#9384));
#9386=SURFACE_STYLE_FILL_AREA(#9385);
#9387=SURFACE_SIDE_STYLE('',(#9386));
#9388=SURFACE_STYLE_USAGE(.POSITIVE.,#9387);
#9389=PRESENTATION_STYLE_ASSIGNMENT((#9388));
#9390=STYLED_ITEM('',(#9389),#9383);
#9391=CARTESIAN_POINT('',(2.35E-1,4.8E0,7.27E0));
#9392=DIRECTION('',(-1.E0,0.E0,0.E0));
#9393=DIRECTION('',(0.E0,0.E0,-1.E0));
#9394=AXIS2_PLACEMENT_3D('',#9391,#9392,#9393);
#9395=PLANE('',#9394);
#9396=ORIENTED_EDGE('',*,*,#6192,.F.);
#9397=ORIENTED_EDGE('',*,*,#7104,.T.);
#9398=ORIENTED_EDGE('',*,*,#9354,.T.);
#9399=ORIENTED_EDGE('',*,*,#6593,.T.);
#9400=EDGE_LOOP('',(#9396,#9397,#9398,#9399));
#9401=FACE_OUTER_BOUND('',#9400,.F.);
#9403=FILL_AREA_STYLE_COLOUR('',#19);
#9404=FILL_AREA_STYLE('',(#9403));
#9405=SURFACE_STYLE_FILL_AREA(#9404);
#9406=SURFACE_SIDE_STYLE('',(#9405));
#9407=SURFACE_STYLE_USAGE(.POSITIVE.,#9406);
#9408=PRESENTATION_STYLE_ASSIGNMENT((#9407));
#9409=STYLED_ITEM('',(#9408),#9402);
#9410=CARTESIAN_POINT('',(5.1E-1,-1.999788828493E0,2.4221E0));
#9411=DIRECTION('',(1.E0,0.E0,0.E0));
#9412=DIRECTION('',(0.E0,4.595643596463E-1,-8.881444698600E-1));
#9413=AXIS2_PLACEMENT_3D('',#9410,#9411,#9412);
#9414=TOROIDAL_SURFACE('',#9413,9.086E-1,2.3E-1);
#9415=ORIENTED_EDGE('',*,*,#9313,.F.);
#9417=ORIENTED_EDGE('',*,*,#9416,.T.);
#9419=ORIENTED_EDGE('',*,*,#9418,.T.);
#9421=ORIENTED_EDGE('',*,*,#9420,.F.);
#9422=EDGE_LOOP('',(#9415,#9417,#9419,#9421));
#9423=FACE_OUTER_BOUND('',#9422,.F.);
#9425=FILL_AREA_STYLE_COLOUR('',#150);
#9426=FILL_AREA_STYLE('',(#9425));
#9427=SURFACE_STYLE_FILL_AREA(#9426);
#9428=SURFACE_SIDE_STYLE('',(#9427));
#9429=SURFACE_STYLE_USAGE(.POSITIVE.,#9428);
#9430=PRESENTATION_STYLE_ASSIGNMENT((#9429));
#9431=STYLED_ITEM('',(#9430),#9424);
#9432=CARTESIAN_POINT('',(5.1E-1,-1.999788828493E0,2.4221E0));
#9433=DIRECTION('',(1.E0,0.E0,0.E0));
#9434=DIRECTION('',(0.E0,4.595643596463E-1,-8.881444698600E-1));
#9435=AXIS2_PLACEMENT_3D('',#9432,#9433,#9434);
#9436=TOROIDAL_SURFACE('',#9435,9.086E-1,2.3E-1);
#9437=ORIENTED_EDGE('',*,*,#9281,.F.);
#9438=ORIENTED_EDGE('',*,*,#9420,.T.);
#9440=ORIENTED_EDGE('',*,*,#9439,.T.);
#9441=ORIENTED_EDGE('',*,*,#9416,.F.);
#9442=EDGE_LOOP('',(#9437,#9438,#9440,#9441));
#9443=FACE_OUTER_BOUND('',#9442,.F.);
#9445=FILL_AREA_STYLE_COLOUR('',#150);
#9446=FILL_AREA_STYLE('',(#9445));
#9447=SURFACE_STYLE_FILL_AREA(#9446);
#9448=SURFACE_SIDE_STYLE('',(#9447));
#9449=SURFACE_STYLE_USAGE(.POSITIVE.,#9448);
#9450=PRESENTATION_STYLE_ASSIGNMENT((#9449));
#9451=STYLED_ITEM('',(#9450),#9444);
#9452=CARTESIAN_POINT('',(5.1E-1,-1.355871190743E0,1.781066431617E0));
#9453=DIRECTION('',(0.E0,7.055179048898E-1,7.086920952571E-1));
#9454=DIRECTION('',(0.E0,-7.086920952571E-1,7.055179048898E-1));
#9455=AXIS2_PLACEMENT_3D('',#9452,#9453,#9454);
#9456=CYLINDRICAL_SURFACE('',#9455,2.3E-1);
#9457=ORIENTED_EDGE('',*,*,#9439,.F.);
#9459=ORIENTED_EDGE('',*,*,#9458,.T.);
#9461=ORIENTED_EDGE('',*,*,#9460,.T.);
#9463=ORIENTED_EDGE('',*,*,#9462,.F.);
#9464=EDGE_LOOP('',(#9457,#9459,#9461,#9463));
#9465=FACE_OUTER_BOUND('',#9464,.F.);
#9467=FILL_AREA_STYLE_COLOUR('',#150);
#9468=FILL_AREA_STYLE('',(#9467));
#9469=SURFACE_STYLE_FILL_AREA(#9468);
#9470=SURFACE_SIDE_STYLE('',(#9469));
#9471=SURFACE_STYLE_USAGE(.POSITIVE.,#9470);
#9472=PRESENTATION_STYLE_ASSIGNMENT((#9471));
#9473=STYLED_ITEM('',(#9472),#9466);
#9474=CARTESIAN_POINT('',(5.1E-1,-1.355871190743E0,1.781066431617E0));
#9475=DIRECTION('',(0.E0,7.055179048898E-1,7.086920952571E-1));
#9476=DIRECTION('',(0.E0,-7.086920952571E-1,7.055179048898E-1));
#9477=AXIS2_PLACEMENT_3D('',#9474,#9475,#9476);
#9478=CYLINDRICAL_SURFACE('',#9477,2.3E-1);
#9479=ORIENTED_EDGE('',*,*,#9418,.F.);
#9480=ORIENTED_EDGE('',*,*,#9462,.T.);
#9482=ORIENTED_EDGE('',*,*,#9481,.T.);
#9483=ORIENTED_EDGE('',*,*,#9458,.F.);
#9484=EDGE_LOOP('',(#9479,#9480,#9482,#9483));
#9485=FACE_OUTER_BOUND('',#9484,.F.);
#9487=FILL_AREA_STYLE_COLOUR('',#150);
#9488=FILL_AREA_STYLE('',(#9487));
#9489=SURFACE_STYLE_FILL_AREA(#9488);
#9490=SURFACE_SIDE_STYLE('',(#9489));
#9491=SURFACE_STYLE_USAGE(.POSITIVE.,#9490);
#9492=PRESENTATION_STYLE_ASSIGNMENT((#9491));
#9493=STYLED_ITEM('',(#9492),#9486);
#9494=CARTESIAN_POINT('',(5.1E-1,-8.221E-1,1.8057E0));
#9495=DIRECTION('',(-1.E0,0.E0,0.E0));
#9496=DIRECTION('',(0.E0,7.086920952571E-1,-7.055179048898E-1));
#9497=AXIS2_PLACEMENT_3D('',#9494,#9495,#9496);
#9498=TOROIDAL_SURFACE('',#9497,3.609E-1,2.3E-1);
#9499=ORIENTED_EDGE('',*,*,#9481,.F.);
#9501=ORIENTED_EDGE('',*,*,#9500,.T.);
#9503=ORIENTED_EDGE('',*,*,#9502,.T.);
#9505=ORIENTED_EDGE('',*,*,#9504,.F.);
#9506=EDGE_LOOP('',(#9499,#9501,#9503,#9505));
#9507=FACE_OUTER_BOUND('',#9506,.F.);
#9509=FILL_AREA_STYLE_COLOUR('',#150);
#9510=FILL_AREA_STYLE('',(#9509));
#9511=SURFACE_STYLE_FILL_AREA(#9510);
#9512=SURFACE_SIDE_STYLE('',(#9511));
#9513=SURFACE_STYLE_USAGE(.POSITIVE.,#9512);
#9514=PRESENTATION_STYLE_ASSIGNMENT((#9513));
#9515=STYLED_ITEM('',(#9514),#9508);
#9516=CARTESIAN_POINT('',(5.1E-1,-8.221E-1,1.8057E0));
#9517=DIRECTION('',(-1.E0,0.E0,0.E0));
#9518=DIRECTION('',(0.E0,7.086920952571E-1,-7.055179048898E-1));
#9519=AXIS2_PLACEMENT_3D('',#9516,#9517,#9518);
#9520=TOROIDAL_SURFACE('',#9519,3.609E-1,2.3E-1);
#9521=ORIENTED_EDGE('',*,*,#9460,.F.);
#9522=ORIENTED_EDGE('',*,*,#9504,.T.);
#9524=ORIENTED_EDGE('',*,*,#9523,.T.);
#9525=ORIENTED_EDGE('',*,*,#9500,.F.);
#9526=EDGE_LOOP('',(#9521,#9522,#9524,#9525));
#9527=FACE_OUTER_BOUND('',#9526,.F.);
#9529=FILL_AREA_STYLE_COLOUR('',#150);
#9530=FILL_AREA_STYLE('',(#9529));
#9531=SURFACE_STYLE_FILL_AREA(#9530);
#9532=SURFACE_SIDE_STYLE('',(#9531));
#9533=SURFACE_STYLE_USAGE(.POSITIVE.,#9532);
#9534=PRESENTATION_STYLE_ASSIGNMENT((#9533));
#9535=STYLED_ITEM('',(#9534),#9528);
#9536=CARTESIAN_POINT('',(5.1E-1,-8.221E-1,2.1666E0));
#9537=DIRECTION('',(0.E0,1.E0,0.E0));
#9538=DIRECTION('',(0.E0,0.E0,1.E0));
#9539=AXIS2_PLACEMENT_3D('',#9536,#9537,#9538);
#9540=CYLINDRICAL_SURFACE('',#9539,2.3E-1);
#9541=ORIENTED_EDGE('',*,*,#9523,.F.);
#9543=ORIENTED_EDGE('',*,*,#9542,.T.);
#9545=ORIENTED_EDGE('',*,*,#9544,.T.);
#9547=ORIENTED_EDGE('',*,*,#9546,.F.);
#9548=EDGE_LOOP('',(#9541,#9543,#9545,#9547));
#9549=FACE_OUTER_BOUND('',#9548,.F.);
#9551=FILL_AREA_STYLE_COLOUR('',#150);
#9552=FILL_AREA_STYLE('',(#9551));
#9553=SURFACE_STYLE_FILL_AREA(#9552);
#9554=SURFACE_SIDE_STYLE('',(#9553));
#9555=SURFACE_STYLE_USAGE(.POSITIVE.,#9554);
#9556=PRESENTATION_STYLE_ASSIGNMENT((#9555));
#9557=STYLED_ITEM('',(#9556),#9550);
#9558=CARTESIAN_POINT('',(5.1E-1,-8.221E-1,2.1666E0));
#9559=DIRECTION('',(0.E0,1.E0,0.E0));
#9560=DIRECTION('',(0.E0,0.E0,1.E0));
#9561=AXIS2_PLACEMENT_3D('',#9558,#9559,#9560);
#9562=CYLINDRICAL_SURFACE('',#9561,2.3E-1);
#9563=ORIENTED_EDGE('',*,*,#9502,.F.);
#9564=ORIENTED_EDGE('',*,*,#9546,.T.);
#9566=ORIENTED_EDGE('',*,*,#9565,.T.);
#9567=ORIENTED_EDGE('',*,*,#9542,.F.);
#9568=EDGE_LOOP('',(#9563,#9564,#9566,#9567));
#9569=FACE_OUTER_BOUND('',#9568,.F.);
#9571=FILL_AREA_STYLE_COLOUR('',#150);
#9572=FILL_AREA_STYLE('',(#9571));
#9573=SURFACE_STYLE_FILL_AREA(#9572);
#9574=SURFACE_SIDE_STYLE('',(#9573));
#9575=SURFACE_STYLE_USAGE(.POSITIVE.,#9574);
#9576=PRESENTATION_STYLE_ASSIGNMENT((#9575));
#9577=STYLED_ITEM('',(#9576),#9570);
#9578=CARTESIAN_POINT('',(5.1E-1,3.84E0,1.6666E0));
#9579=DIRECTION('',(-1.E0,0.E0,0.E0));
#9580=DIRECTION('',(0.E0,0.E0,-1.E0));
#9581=AXIS2_PLACEMENT_3D('',#9578,#9579,#9580);
#9582=TOROIDAL_SURFACE('',#9581,5.E-1,2.3E-1);
#9583=ORIENTED_EDGE('',*,*,#9565,.F.);
#9585=ORIENTED_EDGE('',*,*,#9584,.T.);
#9587=ORIENTED_EDGE('',*,*,#9586,.T.);
#9589=ORIENTED_EDGE('',*,*,#9588,.F.);
#9590=EDGE_LOOP('',(#9583,#9585,#9587,#9589));
#9591=FACE_OUTER_BOUND('',#9590,.F.);
#9593=FILL_AREA_STYLE_COLOUR('',#150);
#9594=FILL_AREA_STYLE('',(#9593));
#9595=SURFACE_STYLE_FILL_AREA(#9594);
#9596=SURFACE_SIDE_STYLE('',(#9595));
#9597=SURFACE_STYLE_USAGE(.POSITIVE.,#9596);
#9598=PRESENTATION_STYLE_ASSIGNMENT((#9597));
#9599=STYLED_ITEM('',(#9598),#9592);
#9600=CARTESIAN_POINT('',(5.1E-1,3.84E0,1.6666E0));
#9601=DIRECTION('',(-1.E0,0.E0,0.E0));
#9602=DIRECTION('',(0.E0,0.E0,-1.E0));
#9603=AXIS2_PLACEMENT_3D('',#9600,#9601,#9602);
#9604=TOROIDAL_SURFACE('',#9603,5.E-1,2.3E-1);
#9605=ORIENTED_EDGE('',*,*,#9544,.F.);
#9606=ORIENTED_EDGE('',*,*,#9588,.T.);
#9608=ORIENTED_EDGE('',*,*,#9607,.T.);
#9609=ORIENTED_EDGE('',*,*,#9584,.F.);
#9610=EDGE_LOOP('',(#9605,#9606,#9608,#9609));
#9611=FACE_OUTER_BOUND('',#9610,.F.);
#9613=FILL_AREA_STYLE_COLOUR('',#150);
#9614=FILL_AREA_STYLE('',(#9613));
#9615=SURFACE_STYLE_FILL_AREA(#9614);
#9616=SURFACE_SIDE_STYLE('',(#9615));
#9617=SURFACE_STYLE_USAGE(.POSITIVE.,#9616);
#9618=PRESENTATION_STYLE_ASSIGNMENT((#9617));
#9619=STYLED_ITEM('',(#9618),#9612);
#9620=CARTESIAN_POINT('',(5.1E-1,4.34E0,1.6666E0));
#9621=DIRECTION('',(0.E0,0.E0,-1.E0));
#9622=DIRECTION('',(0.E0,1.E0,0.E0));
#9623=AXIS2_PLACEMENT_3D('',#9620,#9621,#9622);
#9624=CYLINDRICAL_SURFACE('',#9623,2.3E-1);
#9625=ORIENTED_EDGE('',*,*,#9607,.F.);
#9627=ORIENTED_EDGE('',*,*,#9626,.T.);
#9629=ORIENTED_EDGE('',*,*,#9628,.T.);
#9631=ORIENTED_EDGE('',*,*,#9630,.F.);
#9632=EDGE_LOOP('',(#9625,#9627,#9629,#9631));
#9633=FACE_OUTER_BOUND('',#9632,.F.);
#9635=FILL_AREA_STYLE_COLOUR('',#150);
#9636=FILL_AREA_STYLE('',(#9635));
#9637=SURFACE_STYLE_FILL_AREA(#9636);
#9638=SURFACE_SIDE_STYLE('',(#9637));
#9639=SURFACE_STYLE_USAGE(.POSITIVE.,#9638);
#9640=PRESENTATION_STYLE_ASSIGNMENT((#9639));
#9641=STYLED_ITEM('',(#9640),#9634);
#9642=CARTESIAN_POINT('',(5.1E-1,4.34E0,1.6666E0));
#9643=DIRECTION('',(0.E0,0.E0,-1.E0));
#9644=DIRECTION('',(0.E0,1.E0,0.E0));
#9645=AXIS2_PLACEMENT_3D('',#9642,#9643,#9644);
#9646=CYLINDRICAL_SURFACE('',#9645,2.3E-1);
#9647=ORIENTED_EDGE('',*,*,#9586,.F.);
#9648=ORIENTED_EDGE('',*,*,#9630,.T.);
#9650=ORIENTED_EDGE('',*,*,#9649,.T.);
#9651=ORIENTED_EDGE('',*,*,#9626,.F.);
#9652=EDGE_LOOP('',(#9647,#9648,#9650,#9651));
#9653=FACE_OUTER_BOUND('',#9652,.F.);
#9655=FILL_AREA_STYLE_COLOUR('',#150);
#9656=FILL_AREA_STYLE('',(#9655));
#9657=SURFACE_STYLE_FILL_AREA(#9656);
#9658=SURFACE_SIDE_STYLE('',(#9657));
#9659=SURFACE_STYLE_USAGE(.POSITIVE.,#9658);
#9660=PRESENTATION_STYLE_ASSIGNMENT((#9659));
#9661=STYLED_ITEM('',(#9660),#9654);
#9662=CARTESIAN_POINT('',(5.1E-1,4.34E0,-3.1E0));
#9663=DIRECTION('',(0.E0,0.E0,-1.E0));
#9664=DIRECTION('',(0.E0,1.E0,0.E0));
#9665=AXIS2_PLACEMENT_3D('',#9662,#9663,#9664);
#9666=PLANE('',#9665);
#9667=ORIENTED_EDGE('',*,*,#9628,.F.);
#9668=ORIENTED_EDGE('',*,*,#9649,.F.);
#9669=EDGE_LOOP('',(#9667,#9668));
#9670=FACE_OUTER_BOUND('',#9669,.F.);
#9672=FILL_AREA_STYLE_COLOUR('',#150);
#9673=FILL_AREA_STYLE('',(#9672));
#9674=SURFACE_STYLE_FILL_AREA(#9673);
#9675=SURFACE_SIDE_STYLE('',(#9674));
#9676=SURFACE_STYLE_USAGE(.POSITIVE.,#9675);
#9677=PRESENTATION_STYLE_ASSIGNMENT((#9676));
#9678=STYLED_ITEM('',(#9677),#9671);
#9679=CARTESIAN_POINT('',(-2.35E-1,-4.5E0,1.17E0));
#9680=DIRECTION('',(1.E0,0.E0,0.E0));
#9681=DIRECTION('',(0.E0,0.E0,1.E0));
#9682=AXIS2_PLACEMENT_3D('',#9679,#9680,#9681);
#9683=PLANE('',#9682);
#9684=ORIENTED_EDGE('',*,*,#6120,.F.);
#9686=ORIENTED_EDGE('',*,*,#9685,.T.);
#9688=ORIENTED_EDGE('',*,*,#9687,.T.);
#9690=ORIENTED_EDGE('',*,*,#9689,.F.);
#9692=ORIENTED_EDGE('',*,*,#9691,.F.);
#9693=ORIENTED_EDGE('',*,*,#5899,.F.);
#9694=ORIENTED_EDGE('',*,*,#9054,.T.);
#9695=ORIENTED_EDGE('',*,*,#8978,.F.);
#9697=ORIENTED_EDGE('',*,*,#9696,.T.);
#9698=ORIENTED_EDGE('',*,*,#6235,.F.);
#9699=EDGE_LOOP('',(#9684,#9686,#9688,#9690,#9692,#9693,#9694,#9695,#9697,
#9698));
#9700=FACE_OUTER_BOUND('',#9699,.F.);
#9702=FILL_AREA_STYLE_COLOUR('',#67);
#9703=FILL_AREA_STYLE('',(#9702));
#9704=SURFACE_STYLE_FILL_AREA(#9703);
#9705=SURFACE_SIDE_STYLE('',(#9704));
#9706=SURFACE_STYLE_USAGE(.POSITIVE.,#9705);
#9707=PRESENTATION_STYLE_ASSIGNMENT((#9706));
#9708=STYLED_ITEM('',(#9707),#9701);
#9709=CARTESIAN_POINT('',(-7.85E-1,-4.5E0,1.17E0));
#9710=DIRECTION('',(0.E0,0.E0,-1.E0));
#9711=DIRECTION('',(1.E0,0.E0,0.E0));
#9712=AXIS2_PLACEMENT_3D('',#9709,#9710,#9711);
#9713=PLANE('',#9712);
#9714=ORIENTED_EDGE('',*,*,#6118,.F.);
#9716=ORIENTED_EDGE('',*,*,#9715,.T.);
#9718=ORIENTED_EDGE('',*,*,#9717,.T.);
#9719=ORIENTED_EDGE('',*,*,#9685,.F.);
#9720=EDGE_LOOP('',(#9714,#9716,#9718,#9719));
#9721=FACE_OUTER_BOUND('',#9720,.F.);
#9723=FILL_AREA_STYLE_COLOUR('',#66);
#9724=FILL_AREA_STYLE('',(#9723));
#9725=SURFACE_STYLE_FILL_AREA(#9724);
#9726=SURFACE_SIDE_STYLE('',(#9725));
#9727=SURFACE_STYLE_USAGE(.POSITIVE.,#9726);
#9728=PRESENTATION_STYLE_ASSIGNMENT((#9727));
#9729=STYLED_ITEM('',(#9728),#9722);
#9730=CARTESIAN_POINT('',(-7.85E-1,-4.5E0,3.77E0));
#9731=DIRECTION('',(-1.E0,0.E0,0.E0));
#9732=DIRECTION('',(0.E0,0.E0,-1.E0));
#9733=AXIS2_PLACEMENT_3D('',#9730,#9731,#9732);
#9734=PLANE('',#9733);
#9735=ORIENTED_EDGE('',*,*,#6116,.F.);
#9736=ORIENTED_EDGE('',*,*,#6245,.T.);
#9738=ORIENTED_EDGE('',*,*,#9737,.T.);
#9739=ORIENTED_EDGE('',*,*,#8974,.F.);
#9740=ORIENTED_EDGE('',*,*,#9075,.T.);
#9741=ORIENTED_EDGE('',*,*,#5903,.T.);
#9743=ORIENTED_EDGE('',*,*,#9742,.T.);
#9745=ORIENTED_EDGE('',*,*,#9744,.F.);
#9747=ORIENTED_EDGE('',*,*,#9746,.T.);
#9748=ORIENTED_EDGE('',*,*,#9715,.F.);
#9749=EDGE_LOOP('',(#9735,#9736,#9738,#9739,#9740,#9741,#9743,#9745,#9747,
#9748));
#9750=FACE_OUTER_BOUND('',#9749,.F.);
#9752=FILL_AREA_STYLE_COLOUR('',#65);
#9753=FILL_AREA_STYLE('',(#9752));
#9754=SURFACE_STYLE_FILL_AREA(#9753);
#9755=SURFACE_SIDE_STYLE('',(#9754));
#9756=SURFACE_STYLE_USAGE(.POSITIVE.,#9755);
#9757=PRESENTATION_STYLE_ASSIGNMENT((#9756));
#9758=STYLED_ITEM('',(#9757),#9751);
#9759=CARTESIAN_POINT('',(-2.04E0,-1.2E0,0.E0));
#9760=DIRECTION('',(0.E0,-1.E0,0.E0));
#9761=DIRECTION('',(1.E0,0.E0,0.E0));
#9762=AXIS2_PLACEMENT_3D('',#9759,#9760,#9761);
#9763=PLANE('',#9762);
#9765=ORIENTED_EDGE('',*,*,#9764,.T.);
#9766=ORIENTED_EDGE('',*,*,#9687,.F.);
#9767=ORIENTED_EDGE('',*,*,#9717,.F.);
#9768=ORIENTED_EDGE('',*,*,#9746,.F.);
#9769=EDGE_LOOP('',(#9765,#9766,#9767,#9768));
#9770=FACE_OUTER_BOUND('',#9769,.F.);
#9772=FILL_AREA_STYLE_COLOUR('',#64);
#9773=FILL_AREA_STYLE('',(#9772));
#9774=SURFACE_STYLE_FILL_AREA(#9773);
#9775=SURFACE_SIDE_STYLE('',(#9774));
#9776=SURFACE_STYLE_USAGE(.POSITIVE.,#9775);
#9777=PRESENTATION_STYLE_ASSIGNMENT((#9776));
#9778=STYLED_ITEM('',(#9777),#9771);
#9779=CARTESIAN_POINT('',(-2.04E0,-1.2E0,0.E0));
#9780=DIRECTION('',(0.E0,-1.E0,0.E0));
#9781=DIRECTION('',(1.E0,0.E0,0.E0));
#9782=AXIS2_PLACEMENT_3D('',#9779,#9780,#9781);
#9783=PLANE('',#9782);
#9785=ORIENTED_EDGE('',*,*,#9784,.T.);
#9786=ORIENTED_EDGE('',*,*,#6237,.T.);
#9787=ORIENTED_EDGE('',*,*,#9696,.F.);
#9788=ORIENTED_EDGE('',*,*,#8976,.F.);
#9789=ORIENTED_EDGE('',*,*,#9737,.F.);
#9790=ORIENTED_EDGE('',*,*,#6243,.T.);
#9792=ORIENTED_EDGE('',*,*,#9791,.T.);
#9793=EDGE_LOOP('',(#9785,#9786,#9787,#9788,#9789,#9790,#9792));
#9794=FACE_OUTER_BOUND('',#9793,.F.);
#9796=FILL_AREA_STYLE_COLOUR('',#64);
#9797=FILL_AREA_STYLE('',(#9796));
#9798=SURFACE_STYLE_FILL_AREA(#9797);
#9799=SURFACE_SIDE_STYLE('',(#9798));
#9800=SURFACE_STYLE_USAGE(.POSITIVE.,#9799);
#9801=PRESENTATION_STYLE_ASSIGNMENT((#9800));
#9802=STYLED_ITEM('',(#9801),#9795);
#9803=CARTESIAN_POINT('',(-7.85E-1,-1.2E0,1.45E0));
#9804=DIRECTION('',(0.E0,0.E0,-1.E0));
#9805=DIRECTION('',(0.E0,1.E0,0.E0));
#9806=AXIS2_PLACEMENT_3D('',#9803,#9804,#9805);
#9807=PLANE('',#9806);
#9809=ORIENTED_EDGE('',*,*,#9808,.T.);
#9810=ORIENTED_EDGE('',*,*,#9689,.T.);
#9811=ORIENTED_EDGE('',*,*,#9764,.F.);
#9812=ORIENTED_EDGE('',*,*,#9744,.T.);
#9813=EDGE_LOOP('',(#9809,#9810,#9811,#9812));
#9814=FACE_OUTER_BOUND('',#9813,.F.);
#9816=FILL_AREA_STYLE_COLOUR('',#68);
#9817=FILL_AREA_STYLE('',(#9816));
#9818=SURFACE_STYLE_FILL_AREA(#9817);
#9819=SURFACE_SIDE_STYLE('',(#9818));
#9820=SURFACE_STYLE_USAGE(.POSITIVE.,#9819);
#9821=PRESENTATION_STYLE_ASSIGNMENT((#9820));
#9822=STYLED_ITEM('',(#9821),#9815);
#9823=CARTESIAN_POINT('',(-2.35E-1,1.4E0,5.E-1));
#9824=DIRECTION('',(0.E0,-1.E0,0.E0));
#9825=DIRECTION('',(-1.E0,0.E0,0.E0));
#9826=AXIS2_PLACEMENT_3D('',#9823,#9824,#9825);
#9827=PLANE('',#9826);
#9828=ORIENTED_EDGE('',*,*,#5901,.F.);
#9829=ORIENTED_EDGE('',*,*,#9691,.T.);
#9830=ORIENTED_EDGE('',*,*,#9808,.F.);
#9831=ORIENTED_EDGE('',*,*,#9742,.F.);
#9832=EDGE_LOOP('',(#9828,#9829,#9830,#9831));
#9833=FACE_OUTER_BOUND('',#9832,.F.);
#9835=FILL_AREA_STYLE_COLOUR('',#43);
#9836=FILL_AREA_STYLE('',(#9835));
#9837=SURFACE_STYLE_FILL_AREA(#9836);
#9838=SURFACE_SIDE_STYLE('',(#9837));
#9839=SURFACE_STYLE_USAGE(.POSITIVE.,#9838);
#9840=PRESENTATION_STYLE_ASSIGNMENT((#9839));
#9841=STYLED_ITEM('',(#9840),#9834);
#9842=CARTESIAN_POINT('',(-5.1E-1,5.1228E0,7.130667261190E0));
#9843=DIRECTION('',(0.E0,-8.881444698600E-1,-4.595643596463E-1));
#9844=DIRECTION('',(0.E0,4.595643596463E-1,-8.881444698600E-1));
#9845=AXIS2_PLACEMENT_3D('',#9842,#9843,#9844);
#9846=CYLINDRICAL_SURFACE('',#9845,2.3E-1);
#9848=ORIENTED_EDGE('',*,*,#9847,.T.);
#9849=ORIENTED_EDGE('',*,*,#6239,.T.);
#9850=ORIENTED_EDGE('',*,*,#9784,.F.);
#9852=ORIENTED_EDGE('',*,*,#9851,.T.);
#9854=ORIENTED_EDGE('',*,*,#9853,.T.);
#9856=ORIENTED_EDGE('',*,*,#9855,.F.);
#9858=ORIENTED_EDGE('',*,*,#9857,.F.);
#9860=ORIENTED_EDGE('',*,*,#9859,.F.);
#9861=EDGE_LOOP('',(#9848,#9849,#9850,#9852,#9854,#9856,#9858,#9860));
#9862=FACE_OUTER_BOUND('',#9861,.F.);
#9864=FILL_AREA_STYLE_COLOUR('',#150);
#9865=FILL_AREA_STYLE('',(#9864));
#9866=SURFACE_STYLE_FILL_AREA(#9865);
#9867=SURFACE_SIDE_STYLE('',(#9866));
#9868=SURFACE_STYLE_USAGE(.POSITIVE.,#9867);
#9869=PRESENTATION_STYLE_ASSIGNMENT((#9868));
#9870=STYLED_ITEM('',(#9869),#9863);
#9871=CARTESIAN_POINT('',(-5.1E-1,5.1228E0,7.130667261190E0));
#9872=DIRECTION('',(0.E0,-8.881444698600E-1,-4.595643596463E-1));
#9873=DIRECTION('',(0.E0,4.595643596463E-1,-8.881444698600E-1));
#9874=AXIS2_PLACEMENT_3D('',#9871,#9872,#9873);
#9875=CYLINDRICAL_SURFACE('',#9874,2.3E-1);
#9876=ORIENTED_EDGE('',*,*,#9847,.F.);
#9878=ORIENTED_EDGE('',*,*,#9877,.F.);
#9880=ORIENTED_EDGE('',*,*,#9879,.F.);
#9881=ORIENTED_EDGE('',*,*,#9855,.T.);
#9883=ORIENTED_EDGE('',*,*,#9882,.T.);
#9884=ORIENTED_EDGE('',*,*,#9851,.F.);
#9885=ORIENTED_EDGE('',*,*,#9791,.F.);
#9886=ORIENTED_EDGE('',*,*,#6241,.T.);
#9887=EDGE_LOOP('',(#9876,#9878,#9880,#9881,#9883,#9884,#9885,#9886));
#9888=FACE_OUTER_BOUND('',#9887,.F.);
#9890=FILL_AREA_STYLE_COLOUR('',#150);
#9891=FILL_AREA_STYLE('',(#9890));
#9892=SURFACE_STYLE_FILL_AREA(#9891);
#9893=SURFACE_SIDE_STYLE('',(#9892));
#9894=SURFACE_STYLE_USAGE(.POSITIVE.,#9893);
#9895=PRESENTATION_STYLE_ASSIGNMENT((#9894));
#9896=STYLED_ITEM('',(#9895),#9889);
#9897=CARTESIAN_POINT('',(-5.1E-1,5.1228E0,7.130667261190E0));
#9898=DIRECTION('',(0.E0,-8.881444698600E-1,-4.595643596463E-1));
#9899=DIRECTION('',(0.E0,4.595643596463E-1,-8.881444698600E-1));
#9900=AXIS2_PLACEMENT_3D('',#9897,#9898,#9899);
#9901=PLANE('',#9900);
#9902=ORIENTED_EDGE('',*,*,#9859,.T.);
#9904=ORIENTED_EDGE('',*,*,#9903,.F.);
#9905=ORIENTED_EDGE('',*,*,#9877,.T.);
#9906=EDGE_LOOP('',(#9902,#9904,#9905));
#9907=FACE_OUTER_BOUND('',#9906,.F.);
#9909=FILL_AREA_STYLE_COLOUR('',#150);
#9910=FILL_AREA_STYLE('',(#9909));
#9911=SURFACE_STYLE_FILL_AREA(#9910);
#9912=SURFACE_SIDE_STYLE('',(#9911));
#9913=SURFACE_STYLE_USAGE(.POSITIVE.,#9912);
#9914=PRESENTATION_STYLE_ASSIGNMENT((#9913));
#9915=STYLED_ITEM('',(#9914),#9908);
#9916=CARTESIAN_POINT('',(-2.35E-1,4.8E0,7.27E0));
#9917=DIRECTION('',(0.E0,0.E0,1.E0));
#9918=DIRECTION('',(-1.E0,0.E0,0.E0));
#9919=AXIS2_PLACEMENT_3D('',#9916,#9917,#9918);
#9920=PLANE('',#9919);
#9922=ORIENTED_EDGE('',*,*,#9921,.T.);
#9923=ORIENTED_EDGE('',*,*,#6604,.T.);
#9925=ORIENTED_EDGE('',*,*,#9924,.F.);
#9926=ORIENTED_EDGE('',*,*,#7109,.F.);
#9927=EDGE_LOOP('',(#9922,#9923,#9925,#9926));
#9928=FACE_OUTER_BOUND('',#9927,.F.);
#9929=ORIENTED_EDGE('',*,*,#9903,.T.);
#9930=ORIENTED_EDGE('',*,*,#9857,.T.);
#9931=ORIENTED_EDGE('',*,*,#9879,.T.);
#9932=EDGE_LOOP('',(#9929,#9930,#9931));
#9933=FACE_BOUND('',#9932,.F.);
#9935=FILL_AREA_STYLE_COLOUR('',#62);
#9936=FILL_AREA_STYLE('',(#9935));
#9937=SURFACE_STYLE_FILL_AREA(#9936);
#9938=SURFACE_SIDE_STYLE('',(#9937));
#9939=SURFACE_STYLE_USAGE(.POSITIVE.,#9938);
#9940=PRESENTATION_STYLE_ASSIGNMENT((#9939));
#9941=STYLED_ITEM('',(#9940),#9934);
#9942=CARTESIAN_POINT('',(-2.35E-1,4.8E0,3.77E0));
#9943=DIRECTION('',(1.E0,0.E0,0.E0));
#9944=DIRECTION('',(0.E0,0.E0,1.E0));
#9945=AXIS2_PLACEMENT_3D('',#9942,#9943,#9944);
#9946=PLANE('',#9945);
#9947=ORIENTED_EDGE('',*,*,#6188,.T.);
#9948=ORIENTED_EDGE('',*,*,#6606,.T.);
#9949=ORIENTED_EDGE('',*,*,#9921,.F.);
#9950=ORIENTED_EDGE('',*,*,#7107,.F.);
#9951=EDGE_LOOP('',(#9947,#9948,#9949,#9950));
#9952=FACE_OUTER_BOUND('',#9951,.F.);
#9954=FILL_AREA_STYLE_COLOUR('',#61);
#9955=FILL_AREA_STYLE('',(#9954));
#9956=SURFACE_STYLE_FILL_AREA(#9955);
#9957=SURFACE_SIDE_STYLE('',(#9956));
#9958=SURFACE_STYLE_USAGE(.POSITIVE.,#9957);
#9959=PRESENTATION_STYLE_ASSIGNMENT((#9958));
#9960=STYLED_ITEM('',(#9959),#9953);
#9961=CARTESIAN_POINT('',(-7.85E-1,4.8E0,7.27E0));
#9962=DIRECTION('',(-1.E0,0.E0,0.E0));
#9963=DIRECTION('',(0.E0,0.E0,-1.E0));
#9964=AXIS2_PLACEMENT_3D('',#9961,#9962,#9963);
#9965=PLANE('',#9964);
#9966=ORIENTED_EDGE('',*,*,#6184,.F.);
#9967=ORIENTED_EDGE('',*,*,#7111,.T.);
#9968=ORIENTED_EDGE('',*,*,#9924,.T.);
#9969=ORIENTED_EDGE('',*,*,#6602,.T.);
#9970=EDGE_LOOP('',(#9966,#9967,#9968,#9969));
#9971=FACE_OUTER_BOUND('',#9970,.F.);
#9973=FILL_AREA_STYLE_COLOUR('',#63);
#9974=FILL_AREA_STYLE('',(#9973));
#9975=SURFACE_STYLE_FILL_AREA(#9974);
#9976=SURFACE_SIDE_STYLE('',(#9975));
#9977=SURFACE_STYLE_USAGE(.POSITIVE.,#9976);
#9978=PRESENTATION_STYLE_ASSIGNMENT((#9977));
#9979=STYLED_ITEM('',(#9978),#9972);
#9980=CARTESIAN_POINT('',(-5.1E-1,-1.999788828493E0,2.4221E0));
#9981=DIRECTION('',(1.E0,0.E0,0.E0));
#9982=DIRECTION('',(0.E0,4.595643596463E-1,-8.881444698600E-1));
#9983=AXIS2_PLACEMENT_3D('',#9980,#9981,#9982);
#9984=TOROIDAL_SURFACE('',#9983,9.086E-1,2.3E-1);
#9985=ORIENTED_EDGE('',*,*,#9882,.F.);
#9987=ORIENTED_EDGE('',*,*,#9986,.T.);
#9989=ORIENTED_EDGE('',*,*,#9988,.T.);
#9991=ORIENTED_EDGE('',*,*,#9990,.F.);
#9992=EDGE_LOOP('',(#9985,#9987,#9989,#9991));
#9993=FACE_OUTER_BOUND('',#9992,.F.);
#9995=FILL_AREA_STYLE_COLOUR('',#150);
#9996=FILL_AREA_STYLE('',(#9995));
#9997=SURFACE_STYLE_FILL_AREA(#9996);
#9998=SURFACE_SIDE_STYLE('',(#9997));
#9999=SURFACE_STYLE_USAGE(.POSITIVE.,#9998);
#10000=PRESENTATION_STYLE_ASSIGNMENT((#9999));
#10001=STYLED_ITEM('',(#10000),#9994);
#10002=CARTESIAN_POINT('',(-5.1E-1,-1.999788828493E0,2.4221E0));
#10003=DIRECTION('',(1.E0,0.E0,0.E0));
#10004=DIRECTION('',(0.E0,4.595643596463E-1,-8.881444698600E-1));
#10005=AXIS2_PLACEMENT_3D('',#10002,#10003,#10004);
#10006=TOROIDAL_SURFACE('',#10005,9.086E-1,2.3E-1);
#10007=ORIENTED_EDGE('',*,*,#9853,.F.);
#10008=ORIENTED_EDGE('',*,*,#9990,.T.);
#10010=ORIENTED_EDGE('',*,*,#10009,.T.);
#10011=ORIENTED_EDGE('',*,*,#9986,.F.);
#10012=EDGE_LOOP('',(#10007,#10008,#10010,#10011));
#10013=FACE_OUTER_BOUND('',#10012,.F.);
#10015=FILL_AREA_STYLE_COLOUR('',#150);
#10016=FILL_AREA_STYLE('',(#10015));
#10017=SURFACE_STYLE_FILL_AREA(#10016);
#10018=SURFACE_SIDE_STYLE('',(#10017));
#10019=SURFACE_STYLE_USAGE(.POSITIVE.,#10018);
#10020=PRESENTATION_STYLE_ASSIGNMENT((#10019));
#10021=STYLED_ITEM('',(#10020),#10014);
#10022=CARTESIAN_POINT('',(-5.1E-1,-1.355871190743E0,1.781066431617E0));
#10023=DIRECTION('',(0.E0,7.055179048898E-1,7.086920952571E-1));
#10024=DIRECTION('',(0.E0,-7.086920952571E-1,7.055179048898E-1));
#10025=AXIS2_PLACEMENT_3D('',#10022,#10023,#10024);
#10026=CYLINDRICAL_SURFACE('',#10025,2.3E-1);
#10027=ORIENTED_EDGE('',*,*,#10009,.F.);
#10029=ORIENTED_EDGE('',*,*,#10028,.T.);
#10031=ORIENTED_EDGE('',*,*,#10030,.T.);
#10033=ORIENTED_EDGE('',*,*,#10032,.F.);
#10034=EDGE_LOOP('',(#10027,#10029,#10031,#10033));
#10035=FACE_OUTER_BOUND('',#10034,.F.);
#10037=FILL_AREA_STYLE_COLOUR('',#150);
#10038=FILL_AREA_STYLE('',(#10037));
#10039=SURFACE_STYLE_FILL_AREA(#10038);
#10040=SURFACE_SIDE_STYLE('',(#10039));
#10041=SURFACE_STYLE_USAGE(.POSITIVE.,#10040);
#10042=PRESENTATION_STYLE_ASSIGNMENT((#10041));
#10043=STYLED_ITEM('',(#10042),#10036);
#10044=CARTESIAN_POINT('',(-5.1E-1,-1.355871190743E0,1.781066431617E0));
#10045=DIRECTION('',(0.E0,7.055179048898E-1,7.086920952571E-1));
#10046=DIRECTION('',(0.E0,-7.086920952571E-1,7.055179048898E-1));
#10047=AXIS2_PLACEMENT_3D('',#10044,#10045,#10046);
#10048=CYLINDRICAL_SURFACE('',#10047,2.3E-1);
#10049=ORIENTED_EDGE('',*,*,#9988,.F.);
#10050=ORIENTED_EDGE('',*,*,#10032,.T.);
#10052=ORIENTED_EDGE('',*,*,#10051,.T.);
#10053=ORIENTED_EDGE('',*,*,#10028,.F.);
#10054=EDGE_LOOP('',(#10049,#10050,#10052,#10053));
#10055=FACE_OUTER_BOUND('',#10054,.F.);
#10057=FILL_AREA_STYLE_COLOUR('',#150);
#10058=FILL_AREA_STYLE('',(#10057));
#10059=SURFACE_STYLE_FILL_AREA(#10058);
#10060=SURFACE_SIDE_STYLE('',(#10059));
#10061=SURFACE_STYLE_USAGE(.POSITIVE.,#10060);
#10062=PRESENTATION_STYLE_ASSIGNMENT((#10061));
#10063=STYLED_ITEM('',(#10062),#10056);
#10064=CARTESIAN_POINT('',(-5.1E-1,-8.221E-1,1.8057E0));
#10065=DIRECTION('',(-1.E0,0.E0,0.E0));
#10066=DIRECTION('',(0.E0,7.086920952571E-1,-7.055179048898E-1));
#10067=AXIS2_PLACEMENT_3D('',#10064,#10065,#10066);
#10068=TOROIDAL_SURFACE('',#10067,3.609E-1,2.3E-1);
#10069=ORIENTED_EDGE('',*,*,#10051,.F.);
#10071=ORIENTED_EDGE('',*,*,#10070,.T.);
#10073=ORIENTED_EDGE('',*,*,#10072,.T.);
#10075=ORIENTED_EDGE('',*,*,#10074,.F.);
#10076=EDGE_LOOP('',(#10069,#10071,#10073,#10075));
#10077=FACE_OUTER_BOUND('',#10076,.F.);
#10079=FILL_AREA_STYLE_COLOUR('',#150);
#10080=FILL_AREA_STYLE('',(#10079));
#10081=SURFACE_STYLE_FILL_AREA(#10080);
#10082=SURFACE_SIDE_STYLE('',(#10081));
#10083=SURFACE_STYLE_USAGE(.POSITIVE.,#10082);
#10084=PRESENTATION_STYLE_ASSIGNMENT((#10083));
#10085=STYLED_ITEM('',(#10084),#10078);
#10086=CARTESIAN_POINT('',(-5.1E-1,-8.221E-1,1.8057E0));
#10087=DIRECTION('',(-1.E0,0.E0,0.E0));
#10088=DIRECTION('',(0.E0,7.086920952571E-1,-7.055179048898E-1));
#10089=AXIS2_PLACEMENT_3D('',#10086,#10087,#10088);
#10090=TOROIDAL_SURFACE('',#10089,3.609E-1,2.3E-1);
#10091=ORIENTED_EDGE('',*,*,#10030,.F.);
#10092=ORIENTED_EDGE('',*,*,#10074,.T.);
#10094=ORIENTED_EDGE('',*,*,#10093,.T.);
#10095=ORIENTED_EDGE('',*,*,#10070,.F.);
#10096=EDGE_LOOP('',(#10091,#10092,#10094,#10095));
#10097=FACE_OUTER_BOUND('',#10096,.F.);
#10099=FILL_AREA_STYLE_COLOUR('',#150);
#10100=FILL_AREA_STYLE('',(#10099));
#10101=SURFACE_STYLE_FILL_AREA(#10100);
#10102=SURFACE_SIDE_STYLE('',(#10101));
#10103=SURFACE_STYLE_USAGE(.POSITIVE.,#10102);
#10104=PRESENTATION_STYLE_ASSIGNMENT((#10103));
#10105=STYLED_ITEM('',(#10104),#10098);
#10106=CARTESIAN_POINT('',(-5.1E-1,-8.221E-1,2.1666E0));
#10107=DIRECTION('',(0.E0,1.E0,0.E0));
#10108=DIRECTION('',(0.E0,0.E0,1.E0));
#10109=AXIS2_PLACEMENT_3D('',#10106,#10107,#10108);
#10110=CYLINDRICAL_SURFACE('',#10109,2.3E-1);
#10111=ORIENTED_EDGE('',*,*,#10093,.F.);
#10113=ORIENTED_EDGE('',*,*,#10112,.T.);
#10115=ORIENTED_EDGE('',*,*,#10114,.T.);
#10117=ORIENTED_EDGE('',*,*,#10116,.F.);
#10118=EDGE_LOOP('',(#10111,#10113,#10115,#10117));
#10119=FACE_OUTER_BOUND('',#10118,.F.);
#10121=FILL_AREA_STYLE_COLOUR('',#150);
#10122=FILL_AREA_STYLE('',(#10121));
#10123=SURFACE_STYLE_FILL_AREA(#10122);
#10124=SURFACE_SIDE_STYLE('',(#10123));
#10125=SURFACE_STYLE_USAGE(.POSITIVE.,#10124);
#10126=PRESENTATION_STYLE_ASSIGNMENT((#10125));
#10127=STYLED_ITEM('',(#10126),#10120);
#10128=CARTESIAN_POINT('',(-5.1E-1,-8.221E-1,2.1666E0));
#10129=DIRECTION('',(0.E0,1.E0,0.E0));
#10130=DIRECTION('',(0.E0,0.E0,1.E0));
#10131=AXIS2_PLACEMENT_3D('',#10128,#10129,#10130);
#10132=CYLINDRICAL_SURFACE('',#10131,2.3E-1);
#10133=ORIENTED_EDGE('',*,*,#10072,.F.);
#10134=ORIENTED_EDGE('',*,*,#10116,.T.);
#10136=ORIENTED_EDGE('',*,*,#10135,.T.);
#10137=ORIENTED_EDGE('',*,*,#10112,.F.);
#10138=EDGE_LOOP('',(#10133,#10134,#10136,#10137));
#10139=FACE_OUTER_BOUND('',#10138,.F.);
#10141=FILL_AREA_STYLE_COLOUR('',#150);
#10142=FILL_AREA_STYLE('',(#10141));
#10143=SURFACE_STYLE_FILL_AREA(#10142);
#10144=SURFACE_SIDE_STYLE('',(#10143));
#10145=SURFACE_STYLE_USAGE(.POSITIVE.,#10144);
#10146=PRESENTATION_STYLE_ASSIGNMENT((#10145));
#10147=STYLED_ITEM('',(#10146),#10140);
#10148=CARTESIAN_POINT('',(-5.1E-1,1.3E0,1.6666E0));
#10149=DIRECTION('',(-1.E0,0.E0,0.E0));
#10150=DIRECTION('',(0.E0,0.E0,-1.E0));
#10151=AXIS2_PLACEMENT_3D('',#10148,#10149,#10150);
#10152=TOROIDAL_SURFACE('',#10151,5.E-1,2.3E-1);
#10153=ORIENTED_EDGE('',*,*,#10135,.F.);
#10155=ORIENTED_EDGE('',*,*,#10154,.T.);
#10157=ORIENTED_EDGE('',*,*,#10156,.T.);
#10159=ORIENTED_EDGE('',*,*,#10158,.F.);
#10160=EDGE_LOOP('',(#10153,#10155,#10157,#10159));
#10161=FACE_OUTER_BOUND('',#10160,.F.);
#10163=FILL_AREA_STYLE_COLOUR('',#150);
#10164=FILL_AREA_STYLE('',(#10163));
#10165=SURFACE_STYLE_FILL_AREA(#10164);
#10166=SURFACE_SIDE_STYLE('',(#10165));
#10167=SURFACE_STYLE_USAGE(.POSITIVE.,#10166);
#10168=PRESENTATION_STYLE_ASSIGNMENT((#10167));
#10169=STYLED_ITEM('',(#10168),#10162);
#10170=CARTESIAN_POINT('',(-5.1E-1,1.3E0,1.6666E0));
#10171=DIRECTION('',(-1.E0,0.E0,0.E0));
#10172=DIRECTION('',(0.E0,0.E0,-1.E0));
#10173=AXIS2_PLACEMENT_3D('',#10170,#10171,#10172);
#10174=TOROIDAL_SURFACE('',#10173,5.E-1,2.3E-1);
#10175=ORIENTED_EDGE('',*,*,#10114,.F.);
#10176=ORIENTED_EDGE('',*,*,#10158,.T.);
#10178=ORIENTED_EDGE('',*,*,#10177,.T.);
#10179=ORIENTED_EDGE('',*,*,#10154,.F.);
#10180=EDGE_LOOP('',(#10175,#10176,#10178,#10179));
#10181=FACE_OUTER_BOUND('',#10180,.F.);
#10183=FILL_AREA_STYLE_COLOUR('',#150);
#10184=FILL_AREA_STYLE('',(#10183));
#10185=SURFACE_STYLE_FILL_AREA(#10184);
#10186=SURFACE_SIDE_STYLE('',(#10185));
#10187=SURFACE_STYLE_USAGE(.POSITIVE.,#10186);
#10188=PRESENTATION_STYLE_ASSIGNMENT((#10187));
#10189=STYLED_ITEM('',(#10188),#10182);
#10190=CARTESIAN_POINT('',(-5.1E-1,1.8E0,1.6666E0));
#10191=DIRECTION('',(0.E0,0.E0,-1.E0));
#10192=DIRECTION('',(0.E0,1.E0,0.E0));
#10193=AXIS2_PLACEMENT_3D('',#10190,#10191,#10192);
#10194=CYLINDRICAL_SURFACE('',#10193,2.3E-1);
#10195=ORIENTED_EDGE('',*,*,#10177,.F.);
#10197=ORIENTED_EDGE('',*,*,#10196,.T.);
#10199=ORIENTED_EDGE('',*,*,#10198,.T.);
#10201=ORIENTED_EDGE('',*,*,#10200,.F.);
#10202=EDGE_LOOP('',(#10195,#10197,#10199,#10201));
#10203=FACE_OUTER_BOUND('',#10202,.F.);
#10205=FILL_AREA_STYLE_COLOUR('',#150);
#10206=FILL_AREA_STYLE('',(#10205));
#10207=SURFACE_STYLE_FILL_AREA(#10206);
#10208=SURFACE_SIDE_STYLE('',(#10207));
#10209=SURFACE_STYLE_USAGE(.POSITIVE.,#10208);
#10210=PRESENTATION_STYLE_ASSIGNMENT((#10209));
#10211=STYLED_ITEM('',(#10210),#10204);
#10212=CARTESIAN_POINT('',(-5.1E-1,1.8E0,1.6666E0));
#10213=DIRECTION('',(0.E0,0.E0,-1.E0));
#10214=DIRECTION('',(0.E0,1.E0,0.E0));
#10215=AXIS2_PLACEMENT_3D('',#10212,#10213,#10214);
#10216=CYLINDRICAL_SURFACE('',#10215,2.3E-1);
#10217=ORIENTED_EDGE('',*,*,#10156,.F.);
#10218=ORIENTED_EDGE('',*,*,#10200,.T.);
#10220=ORIENTED_EDGE('',*,*,#10219,.T.);
#10221=ORIENTED_EDGE('',*,*,#10196,.F.);
#10222=EDGE_LOOP('',(#10217,#10218,#10220,#10221));
#10223=FACE_OUTER_BOUND('',#10222,.F.);
#10225=FILL_AREA_STYLE_COLOUR('',#150);
#10226=FILL_AREA_STYLE('',(#10225));
#10227=SURFACE_STYLE_FILL_AREA(#10226);
#10228=SURFACE_SIDE_STYLE('',(#10227));
#10229=SURFACE_STYLE_USAGE(.POSITIVE.,#10228);
#10230=PRESENTATION_STYLE_ASSIGNMENT((#10229));
#10231=STYLED_ITEM('',(#10230),#10224);
#10232=CARTESIAN_POINT('',(-5.1E-1,1.8E0,-3.1E0));
#10233=DIRECTION('',(0.E0,0.E0,-1.E0));
#10234=DIRECTION('',(0.E0,1.E0,0.E0));
#10235=AXIS2_PLACEMENT_3D('',#10232,#10233,#10234);
#10236=PLANE('',#10235);
#10237=ORIENTED_EDGE('',*,*,#10198,.F.);
#10238=ORIENTED_EDGE('',*,*,#10219,.F.);
#10239=EDGE_LOOP('',(#10237,#10238));
#10240=FACE_OUTER_BOUND('',#10239,.F.);
#10242=FILL_AREA_STYLE_COLOUR('',#150);
#10243=FILL_AREA_STYLE('',(#10242));
#10244=SURFACE_STYLE_FILL_AREA(#10243);
#10245=SURFACE_SIDE_STYLE('',(#10244));
#10246=SURFACE_STYLE_USAGE(.POSITIVE.,#10245);
#10247=PRESENTATION_STYLE_ASSIGNMENT((#10246));
#10248=STYLED_ITEM('',(#10247),#10241);
#10249=CARTESIAN_POINT('',(1.255E0,-4.5E0,1.17E0));
#10250=DIRECTION('',(0.E0,0.E0,-1.E0));
#10251=DIRECTION('',(1.E0,0.E0,0.E0));
#10252=AXIS2_PLACEMENT_3D('',#10249,#10250,#10251);
#10253=PLANE('',#10252);
#10254=ORIENTED_EDGE('',*,*,#6134,.F.);
#10255=ORIENTED_EDGE('',*,*,#8952,.T.);
#10256=ORIENTED_EDGE('',*,*,#8856,.T.);
#10257=ORIENTED_EDGE('',*,*,#6082,.F.);
#10258=EDGE_LOOP('',(#10254,#10255,#10256,#10257));
#10259=FACE_OUTER_BOUND('',#10258,.F.);
#10261=FILL_AREA_STYLE_COLOUR('',#14);
#10262=FILL_AREA_STYLE('',(#10261));
#10263=SURFACE_STYLE_FILL_AREA(#10262);
#10264=SURFACE_SIDE_STYLE('',(#10263));
#10265=SURFACE_STYLE_USAGE(.POSITIVE.,#10264);
#10266=PRESENTATION_STYLE_ASSIGNMENT((#10265));
#10267=STYLED_ITEM('',(#10266),#10260);
#10268=CARTESIAN_POINT('',(1.53E0,5.1228E0,7.130667261190E0));
#10269=DIRECTION('',(0.E0,-8.881444698600E-1,-4.595643596463E-1));
#10270=DIRECTION('',(0.E0,4.595643596463E-1,-8.881444698600E-1));
#10271=AXIS2_PLACEMENT_3D('',#10268,#10269,#10270);
#10272=CYLINDRICAL_SURFACE('',#10271,2.3E-1);
#10273=ORIENTED_EDGE('',*,*,#6215,.T.);
#10274=ORIENTED_EDGE('',*,*,#8836,.F.);
#10275=ORIENTED_EDGE('',*,*,#8808,.F.);
#10276=ORIENTED_EDGE('',*,*,#8769,.F.);
#10277=ORIENTED_EDGE('',*,*,#8832,.T.);
#10279=ORIENTED_EDGE('',*,*,#10278,.T.);
#10280=ORIENTED_EDGE('',*,*,#8828,.F.);
#10281=ORIENTED_EDGE('',*,*,#8883,.F.);
#10282=EDGE_LOOP('',(#10273,#10274,#10275,#10276,#10277,#10279,#10280,#10281));
#10283=FACE_OUTER_BOUND('',#10282,.F.);
#10285=FILL_AREA_STYLE_COLOUR('',#150);
#10286=FILL_AREA_STYLE('',(#10285));
#10287=SURFACE_STYLE_FILL_AREA(#10286);
#10288=SURFACE_SIDE_STYLE('',(#10287));
#10289=SURFACE_STYLE_USAGE(.POSITIVE.,#10288);
#10290=PRESENTATION_STYLE_ASSIGNMENT((#10289));
#10291=STYLED_ITEM('',(#10290),#10284);
#10292=CARTESIAN_POINT('',(1.53E0,-1.999788828493E0,2.4221E0));
#10293=DIRECTION('',(1.E0,0.E0,0.E0));
#10294=DIRECTION('',(0.E0,4.595643596463E-1,-8.881444698600E-1));
#10295=AXIS2_PLACEMENT_3D('',#10292,#10293,#10294);
#10296=TOROIDAL_SURFACE('',#10295,9.086E-1,2.3E-1);
#10297=ORIENTED_EDGE('',*,*,#10278,.F.);
#10299=ORIENTED_EDGE('',*,*,#10298,.T.);
#10301=ORIENTED_EDGE('',*,*,#10300,.T.);
#10303=ORIENTED_EDGE('',*,*,#10302,.F.);
#10304=EDGE_LOOP('',(#10297,#10299,#10301,#10303));
#10305=FACE_OUTER_BOUND('',#10304,.F.);
#10307=FILL_AREA_STYLE_COLOUR('',#150);
#10308=FILL_AREA_STYLE('',(#10307));
#10309=SURFACE_STYLE_FILL_AREA(#10308);
#10310=SURFACE_SIDE_STYLE('',(#10309));
#10311=SURFACE_STYLE_USAGE(.POSITIVE.,#10310);
#10312=PRESENTATION_STYLE_ASSIGNMENT((#10311));
#10313=STYLED_ITEM('',(#10312),#10306);
#10314=CARTESIAN_POINT('',(1.53E0,-1.999788828493E0,2.4221E0));
#10315=DIRECTION('',(1.E0,0.E0,0.E0));
#10316=DIRECTION('',(0.E0,4.595643596463E-1,-8.881444698600E-1));
#10317=AXIS2_PLACEMENT_3D('',#10314,#10315,#10316);
#10318=TOROIDAL_SURFACE('',#10317,9.086E-1,2.3E-1);
#10319=ORIENTED_EDGE('',*,*,#8830,.F.);
#10320=ORIENTED_EDGE('',*,*,#10302,.T.);
#10322=ORIENTED_EDGE('',*,*,#10321,.T.);
#10323=ORIENTED_EDGE('',*,*,#10298,.F.);
#10324=EDGE_LOOP('',(#10319,#10320,#10322,#10323));
#10325=FACE_OUTER_BOUND('',#10324,.F.);
#10327=FILL_AREA_STYLE_COLOUR('',#150);
#10328=FILL_AREA_STYLE('',(#10327));
#10329=SURFACE_STYLE_FILL_AREA(#10328);
#10330=SURFACE_SIDE_STYLE('',(#10329));
#10331=SURFACE_STYLE_USAGE(.POSITIVE.,#10330);
#10332=PRESENTATION_STYLE_ASSIGNMENT((#10331));
#10333=STYLED_ITEM('',(#10332),#10326);
#10334=CARTESIAN_POINT('',(1.53E0,-1.355871190743E0,1.781066431617E0));
#10335=DIRECTION('',(0.E0,7.055179048898E-1,7.086920952571E-1));
#10336=DIRECTION('',(0.E0,-7.086920952571E-1,7.055179048898E-1));
#10337=AXIS2_PLACEMENT_3D('',#10334,#10335,#10336);
#10338=CYLINDRICAL_SURFACE('',#10337,2.3E-1);
#10339=ORIENTED_EDGE('',*,*,#10321,.F.);
#10341=ORIENTED_EDGE('',*,*,#10340,.T.);
#10343=ORIENTED_EDGE('',*,*,#10342,.T.);
#10345=ORIENTED_EDGE('',*,*,#10344,.F.);
#10346=EDGE_LOOP('',(#10339,#10341,#10343,#10345));
#10347=FACE_OUTER_BOUND('',#10346,.F.);
#10349=FILL_AREA_STYLE_COLOUR('',#150);
#10350=FILL_AREA_STYLE('',(#10349));
#10351=SURFACE_STYLE_FILL_AREA(#10350);
#10352=SURFACE_SIDE_STYLE('',(#10351));
#10353=SURFACE_STYLE_USAGE(.POSITIVE.,#10352);
#10354=PRESENTATION_STYLE_ASSIGNMENT((#10353));
#10355=STYLED_ITEM('',(#10354),#10348);
#10356=CARTESIAN_POINT('',(1.53E0,-1.355871190743E0,1.781066431617E0));
#10357=DIRECTION('',(0.E0,7.055179048898E-1,7.086920952571E-1));
#10358=DIRECTION('',(0.E0,-7.086920952571E-1,7.055179048898E-1));
#10359=AXIS2_PLACEMENT_3D('',#10356,#10357,#10358);
#10360=CYLINDRICAL_SURFACE('',#10359,2.3E-1);
#10361=ORIENTED_EDGE('',*,*,#10300,.F.);
#10362=ORIENTED_EDGE('',*,*,#10344,.T.);
#10364=ORIENTED_EDGE('',*,*,#10363,.T.);
#10365=ORIENTED_EDGE('',*,*,#10340,.F.);
#10366=EDGE_LOOP('',(#10361,#10362,#10364,#10365));
#10367=FACE_OUTER_BOUND('',#10366,.F.);
#10369=FILL_AREA_STYLE_COLOUR('',#150);
#10370=FILL_AREA_STYLE('',(#10369));
#10371=SURFACE_STYLE_FILL_AREA(#10370);
#10372=SURFACE_SIDE_STYLE('',(#10371));
#10373=SURFACE_STYLE_USAGE(.POSITIVE.,#10372);
#10374=PRESENTATION_STYLE_ASSIGNMENT((#10373));
#10375=STYLED_ITEM('',(#10374),#10368);
#10376=CARTESIAN_POINT('',(1.53E0,-8.221E-1,1.8057E0));
#10377=DIRECTION('',(-1.E0,0.E0,0.E0));
#10378=DIRECTION('',(0.E0,7.086920952571E-1,-7.055179048898E-1));
#10379=AXIS2_PLACEMENT_3D('',#10376,#10377,#10378);
#10380=TOROIDAL_SURFACE('',#10379,3.609E-1,2.3E-1);
#10381=ORIENTED_EDGE('',*,*,#10363,.F.);
#10383=ORIENTED_EDGE('',*,*,#10382,.T.);
#10385=ORIENTED_EDGE('',*,*,#10384,.T.);
#10387=ORIENTED_EDGE('',*,*,#10386,.F.);
#10388=EDGE_LOOP('',(#10381,#10383,#10385,#10387));
#10389=FACE_OUTER_BOUND('',#10388,.F.);
#10391=FILL_AREA_STYLE_COLOUR('',#150);
#10392=FILL_AREA_STYLE('',(#10391));
#10393=SURFACE_STYLE_FILL_AREA(#10392);
#10394=SURFACE_SIDE_STYLE('',(#10393));
#10395=SURFACE_STYLE_USAGE(.POSITIVE.,#10394);
#10396=PRESENTATION_STYLE_ASSIGNMENT((#10395));
#10397=STYLED_ITEM('',(#10396),#10390);
#10398=CARTESIAN_POINT('',(1.53E0,-8.221E-1,1.8057E0));
#10399=DIRECTION('',(-1.E0,0.E0,0.E0));
#10400=DIRECTION('',(0.E0,7.086920952571E-1,-7.055179048898E-1));
#10401=AXIS2_PLACEMENT_3D('',#10398,#10399,#10400);
#10402=TOROIDAL_SURFACE('',#10401,3.609E-1,2.3E-1);
#10403=ORIENTED_EDGE('',*,*,#10342,.F.);
#10404=ORIENTED_EDGE('',*,*,#10386,.T.);
#10406=ORIENTED_EDGE('',*,*,#10405,.T.);
#10407=ORIENTED_EDGE('',*,*,#10382,.F.);
#10408=EDGE_LOOP('',(#10403,#10404,#10406,#10407));
#10409=FACE_OUTER_BOUND('',#10408,.F.);
#10411=FILL_AREA_STYLE_COLOUR('',#150);
#10412=FILL_AREA_STYLE('',(#10411));
#10413=SURFACE_STYLE_FILL_AREA(#10412);
#10414=SURFACE_SIDE_STYLE('',(#10413));
#10415=SURFACE_STYLE_USAGE(.POSITIVE.,#10414);
#10416=PRESENTATION_STYLE_ASSIGNMENT((#10415));
#10417=STYLED_ITEM('',(#10416),#10410);
#10418=CARTESIAN_POINT('',(1.53E0,-8.221E-1,2.1666E0));
#10419=DIRECTION('',(0.E0,1.E0,0.E0));
#10420=DIRECTION('',(0.E0,0.E0,1.E0));
#10421=AXIS2_PLACEMENT_3D('',#10418,#10419,#10420);
#10422=CYLINDRICAL_SURFACE('',#10421,2.3E-1);
#10423=ORIENTED_EDGE('',*,*,#10405,.F.);
#10425=ORIENTED_EDGE('',*,*,#10424,.T.);
#10427=ORIENTED_EDGE('',*,*,#10426,.T.);
#10429=ORIENTED_EDGE('',*,*,#10428,.F.);
#10430=EDGE_LOOP('',(#10423,#10425,#10427,#10429));
#10431=FACE_OUTER_BOUND('',#10430,.F.);
#10433=FILL_AREA_STYLE_COLOUR('',#150);
#10434=FILL_AREA_STYLE('',(#10433));
#10435=SURFACE_STYLE_FILL_AREA(#10434);
#10436=SURFACE_SIDE_STYLE('',(#10435));
#10437=SURFACE_STYLE_USAGE(.POSITIVE.,#10436);
#10438=PRESENTATION_STYLE_ASSIGNMENT((#10437));
#10439=STYLED_ITEM('',(#10438),#10432);
#10440=CARTESIAN_POINT('',(1.53E0,-8.221E-1,2.1666E0));
#10441=DIRECTION('',(0.E0,1.E0,0.E0));
#10442=DIRECTION('',(0.E0,0.E0,1.E0));
#10443=AXIS2_PLACEMENT_3D('',#10440,#10441,#10442);
#10444=CYLINDRICAL_SURFACE('',#10443,2.3E-1);
#10445=ORIENTED_EDGE('',*,*,#10384,.F.);
#10446=ORIENTED_EDGE('',*,*,#10428,.T.);
#10448=ORIENTED_EDGE('',*,*,#10447,.T.);
#10449=ORIENTED_EDGE('',*,*,#10424,.F.);
#10450=EDGE_LOOP('',(#10445,#10446,#10448,#10449));
#10451=FACE_OUTER_BOUND('',#10450,.F.);
#10453=FILL_AREA_STYLE_COLOUR('',#150);
#10454=FILL_AREA_STYLE('',(#10453));
#10455=SURFACE_STYLE_FILL_AREA(#10454);
#10456=SURFACE_SIDE_STYLE('',(#10455));
#10457=SURFACE_STYLE_USAGE(.POSITIVE.,#10456);
#10458=PRESENTATION_STYLE_ASSIGNMENT((#10457));
#10459=STYLED_ITEM('',(#10458),#10452);
#10460=CARTESIAN_POINT('',(1.53E0,1.3E0,1.6666E0));
#10461=DIRECTION('',(-1.E0,0.E0,0.E0));
#10462=DIRECTION('',(0.E0,0.E0,-1.E0));
#10463=AXIS2_PLACEMENT_3D('',#10460,#10461,#10462);
#10464=TOROIDAL_SURFACE('',#10463,5.E-1,2.3E-1);
#10465=ORIENTED_EDGE('',*,*,#10447,.F.);
#10467=ORIENTED_EDGE('',*,*,#10466,.T.);
#10469=ORIENTED_EDGE('',*,*,#10468,.T.);
#10471=ORIENTED_EDGE('',*,*,#10470,.F.);
#10472=EDGE_LOOP('',(#10465,#10467,#10469,#10471));
#10473=FACE_OUTER_BOUND('',#10472,.F.);
#10475=FILL_AREA_STYLE_COLOUR('',#150);
#10476=FILL_AREA_STYLE('',(#10475));
#10477=SURFACE_STYLE_FILL_AREA(#10476);
#10478=SURFACE_SIDE_STYLE('',(#10477));
#10479=SURFACE_STYLE_USAGE(.POSITIVE.,#10478);
#10480=PRESENTATION_STYLE_ASSIGNMENT((#10479));
#10481=STYLED_ITEM('',(#10480),#10474);
#10482=CARTESIAN_POINT('',(1.53E0,1.3E0,1.6666E0));
#10483=DIRECTION('',(-1.E0,0.E0,0.E0));
#10484=DIRECTION('',(0.E0,0.E0,-1.E0));
#10485=AXIS2_PLACEMENT_3D('',#10482,#10483,#10484);
#10486=TOROIDAL_SURFACE('',#10485,5.E-1,2.3E-1);
#10487=ORIENTED_EDGE('',*,*,#10426,.F.);
#10488=ORIENTED_EDGE('',*,*,#10470,.T.);
#10490=ORIENTED_EDGE('',*,*,#10489,.T.);
#10491=ORIENTED_EDGE('',*,*,#10466,.F.);
#10492=EDGE_LOOP('',(#10487,#10488,#10490,#10491));
#10493=FACE_OUTER_BOUND('',#10492,.F.);
#10495=FILL_AREA_STYLE_COLOUR('',#150);
#10496=FILL_AREA_STYLE('',(#10495));
#10497=SURFACE_STYLE_FILL_AREA(#10496);
#10498=SURFACE_SIDE_STYLE('',(#10497));
#10499=SURFACE_STYLE_USAGE(.POSITIVE.,#10498);
#10500=PRESENTATION_STYLE_ASSIGNMENT((#10499));
#10501=STYLED_ITEM('',(#10500),#10494);
#10502=CARTESIAN_POINT('',(1.53E0,1.8E0,1.6666E0));
#10503=DIRECTION('',(0.E0,0.E0,-1.E0));
#10504=DIRECTION('',(0.E0,1.E0,0.E0));
#10505=AXIS2_PLACEMENT_3D('',#10502,#10503,#10504);
#10506=CYLINDRICAL_SURFACE('',#10505,2.3E-1);
#10507=ORIENTED_EDGE('',*,*,#10489,.F.);
#10509=ORIENTED_EDGE('',*,*,#10508,.T.);
#10511=ORIENTED_EDGE('',*,*,#10510,.T.);
#10513=ORIENTED_EDGE('',*,*,#10512,.F.);
#10514=EDGE_LOOP('',(#10507,#10509,#10511,#10513));
#10515=FACE_OUTER_BOUND('',#10514,.F.);
#10517=FILL_AREA_STYLE_COLOUR('',#150);
#10518=FILL_AREA_STYLE('',(#10517));
#10519=SURFACE_STYLE_FILL_AREA(#10518);
#10520=SURFACE_SIDE_STYLE('',(#10519));
#10521=SURFACE_STYLE_USAGE(.POSITIVE.,#10520);
#10522=PRESENTATION_STYLE_ASSIGNMENT((#10521));
#10523=STYLED_ITEM('',(#10522),#10516);
#10524=CARTESIAN_POINT('',(1.53E0,1.8E0,1.6666E0));
#10525=DIRECTION('',(0.E0,0.E0,-1.E0));
#10526=DIRECTION('',(0.E0,1.E0,0.E0));
#10527=AXIS2_PLACEMENT_3D('',#10524,#10525,#10526);
#10528=CYLINDRICAL_SURFACE('',#10527,2.3E-1);
#10529=ORIENTED_EDGE('',*,*,#10468,.F.);
#10530=ORIENTED_EDGE('',*,*,#10512,.T.);
#10532=ORIENTED_EDGE('',*,*,#10531,.T.);
#10533=ORIENTED_EDGE('',*,*,#10508,.F.);
#10534=EDGE_LOOP('',(#10529,#10530,#10532,#10533));
#10535=FACE_OUTER_BOUND('',#10534,.F.);
#10537=FILL_AREA_STYLE_COLOUR('',#150);
#10538=FILL_AREA_STYLE('',(#10537));
#10539=SURFACE_STYLE_FILL_AREA(#10538);
#10540=SURFACE_SIDE_STYLE('',(#10539));
#10541=SURFACE_STYLE_USAGE(.POSITIVE.,#10540);
#10542=PRESENTATION_STYLE_ASSIGNMENT((#10541));
#10543=STYLED_ITEM('',(#10542),#10536);
#10544=CARTESIAN_POINT('',(1.53E0,1.8E0,-3.1E0));
#10545=DIRECTION('',(0.E0,0.E0,-1.E0));
#10546=DIRECTION('',(0.E0,1.E0,0.E0));
#10547=AXIS2_PLACEMENT_3D('',#10544,#10545,#10546);
#10548=PLANE('',#10547);
#10549=ORIENTED_EDGE('',*,*,#10510,.F.);
#10550=ORIENTED_EDGE('',*,*,#10531,.F.);
#10551=EDGE_LOOP('',(#10549,#10550));
#10552=FACE_OUTER_BOUND('',#10551,.F.);
#10554=FILL_AREA_STYLE_COLOUR('',#150);
#10555=FILL_AREA_STYLE('',(#10554));
#10556=SURFACE_STYLE_FILL_AREA(#10555);
#10557=SURFACE_SIDE_STYLE('',(#10556));
#10558=SURFACE_STYLE_USAGE(.POSITIVE.,#10557);
#10559=PRESENTATION_STYLE_ASSIGNMENT((#10558));
#10560=STYLED_ITEM('',(#10559),#10553);
#10561=CARTESIAN_POINT('',(-1.805E0,4.8E0,7.27E0));
#10562=DIRECTION('',(-1.E0,0.E0,0.E0));
#10563=DIRECTION('',(0.E0,0.E0,-1.E0));
#10564=AXIS2_PLACEMENT_3D('',#10561,#10562,#10563);
#10565=PLANE('',#10564);
#10566=ORIENTED_EDGE('',*,*,#6176,.F.);
#10567=ORIENTED_EDGE('',*,*,#7116,.T.);
#10568=ORIENTED_EDGE('',*,*,#6510,.T.);
#10569=ORIENTED_EDGE('',*,*,#6611,.T.);
#10570=EDGE_LOOP('',(#10566,#10567,#10568,#10569));
#10571=FACE_OUTER_BOUND('',#10570,.F.);
#10573=FILL_AREA_STYLE_COLOUR('',#71);
#10574=FILL_AREA_STYLE('',(#10573));
#10575=SURFACE_STYLE_FILL_AREA(#10574);
#10576=SURFACE_SIDE_STYLE('',(#10575));
#10577=SURFACE_STYLE_USAGE(.POSITIVE.,#10576);
#10578=PRESENTATION_STYLE_ASSIGNMENT((#10577));
#10579=STYLED_ITEM('',(#10578),#10572);
#10580=CARTESIAN_POINT('',(1.620887676025E0,6.5E0,8.932165902770E0));
#10581=DIRECTION('',(0.E0,1.E0,0.E0));
#10582=DIRECTION('',(-1.E0,0.E0,0.E0));
#10583=AXIS2_PLACEMENT_3D('',#10580,#10581,#10582);
#10584=CYLINDRICAL_SURFACE('',#10583,1.187304736225E-1);
#10585=ORIENTED_EDGE('',*,*,#6876,.T.);
#10587=ORIENTED_EDGE('',*,*,#10586,.T.);
#10589=ORIENTED_EDGE('',*,*,#10588,.T.);
#10591=ORIENTED_EDGE('',*,*,#10590,.F.);
#10592=EDGE_LOOP('',(#10585,#10587,#10589,#10591));
#10593=FACE_OUTER_BOUND('',#10592,.F.);
#10595=FILL_AREA_STYLE_COLOUR('',#155);
#10596=FILL_AREA_STYLE('',(#10595));
#10597=SURFACE_STYLE_FILL_AREA(#10596);
#10598=SURFACE_SIDE_STYLE('',(#10597));
#10599=SURFACE_STYLE_USAGE(.POSITIVE.,#10598);
#10600=PRESENTATION_STYLE_ASSIGNMENT((#10599));
#10601=STYLED_ITEM('',(#10600),#10594);
#10602=CARTESIAN_POINT('',(1.620887676025E0,6.5E0,8.932165902770E0));
#10603=DIRECTION('',(0.E0,1.E0,0.E0));
#10604=DIRECTION('',(-1.E0,0.E0,0.E0));
#10605=AXIS2_PLACEMENT_3D('',#10602,#10603,#10604);
#10606=CYLINDRICAL_SURFACE('',#10605,1.187304736225E-1);
#10607=ORIENTED_EDGE('',*,*,#6878,.T.);
#10608=ORIENTED_EDGE('',*,*,#10590,.T.);
#10610=ORIENTED_EDGE('',*,*,#10609,.T.);
#10611=ORIENTED_EDGE('',*,*,#10586,.F.);
#10612=EDGE_LOOP('',(#10607,#10608,#10610,#10611));
#10613=FACE_OUTER_BOUND('',#10612,.F.);
#10615=FILL_AREA_STYLE_COLOUR('',#155);
#10616=FILL_AREA_STYLE('',(#10615));
#10617=SURFACE_STYLE_FILL_AREA(#10616);
#10618=SURFACE_SIDE_STYLE('',(#10617));
#10619=SURFACE_STYLE_USAGE(.POSITIVE.,#10618);
#10620=PRESENTATION_STYLE_ASSIGNMENT((#10619));
#10621=STYLED_ITEM('',(#10620),#10614);
#10622=CARTESIAN_POINT('',(0.E0,6.507E0,0.E0));
#10623=DIRECTION('',(0.E0,1.E0,0.E0));
#10624=DIRECTION('',(-1.E0,0.E0,0.E0));
#10625=AXIS2_PLACEMENT_3D('',#10622,#10623,#10624);
#10626=PLANE('',#10625);
#10628=ORIENTED_EDGE('',*,*,#10627,.F.);
#10630=ORIENTED_EDGE('',*,*,#10629,.F.);
#10632=ORIENTED_EDGE('',*,*,#10631,.F.);
#10634=ORIENTED_EDGE('',*,*,#10633,.F.);
#10636=ORIENTED_EDGE('',*,*,#10635,.F.);
#10638=ORIENTED_EDGE('',*,*,#10637,.F.);
#10639=EDGE_LOOP('',(#10628,#10630,#10632,#10634,#10636,#10638));
#10640=FACE_OUTER_BOUND('',#10639,.F.);
#10642=FILL_AREA_STYLE_COLOUR('',#155);
#10643=FILL_AREA_STYLE('',(#10642));
#10644=SURFACE_STYLE_FILL_AREA(#10643);
#10645=SURFACE_SIDE_STYLE('',(#10644));
#10646=SURFACE_STYLE_USAGE(.POSITIVE.,#10645);
#10647=PRESENTATION_STYLE_ASSIGNMENT((#10646));
#10648=STYLED_ITEM('',(#10647),#10641);
#10649=CARTESIAN_POINT('',(0.E0,6.507E0,0.E0));
#10650=DIRECTION('',(0.E0,1.E0,0.E0));
#10651=DIRECTION('',(-1.E0,0.E0,0.E0));
#10652=AXIS2_PLACEMENT_3D('',#10649,#10650,#10651);
#10653=PLANE('',#10652);
#10655=ORIENTED_EDGE('',*,*,#10654,.F.);
#10657=ORIENTED_EDGE('',*,*,#10656,.F.);
#10659=ORIENTED_EDGE('',*,*,#10658,.F.);
#10661=ORIENTED_EDGE('',*,*,#10660,.F.);
#10662=EDGE_LOOP('',(#10655,#10657,#10659,#10661));
#10663=FACE_OUTER_BOUND('',#10662,.F.);
#10665=FILL_AREA_STYLE_COLOUR('',#155);
#10666=FILL_AREA_STYLE('',(#10665));
#10667=SURFACE_STYLE_FILL_AREA(#10666);
#10668=SURFACE_SIDE_STYLE('',(#10667));
#10669=SURFACE_STYLE_USAGE(.POSITIVE.,#10668);
#10670=PRESENTATION_STYLE_ASSIGNMENT((#10669));
#10671=STYLED_ITEM('',(#10670),#10664);
#10672=CARTESIAN_POINT('',(0.E0,6.507E0,0.E0));
#10673=DIRECTION('',(0.E0,1.E0,0.E0));
#10674=DIRECTION('',(-1.E0,0.E0,0.E0));
#10675=AXIS2_PLACEMENT_3D('',#10672,#10673,#10674);
#10676=PLANE('',#10675);
#10678=ORIENTED_EDGE('',*,*,#10677,.F.);
#10680=ORIENTED_EDGE('',*,*,#10679,.F.);
#10682=ORIENTED_EDGE('',*,*,#10681,.F.);
#10684=ORIENTED_EDGE('',*,*,#10683,.F.);
#10686=ORIENTED_EDGE('',*,*,#10685,.F.);
#10688=ORIENTED_EDGE('',*,*,#10687,.F.);
#10690=ORIENTED_EDGE('',*,*,#10689,.F.);
#10692=ORIENTED_EDGE('',*,*,#10691,.F.);
#10694=ORIENTED_EDGE('',*,*,#10693,.F.);
#10696=ORIENTED_EDGE('',*,*,#10695,.F.);
#10698=ORIENTED_EDGE('',*,*,#10697,.F.);
#10700=ORIENTED_EDGE('',*,*,#10699,.F.);
#10701=EDGE_LOOP('',(#10678,#10680,#10682,#10684,#10686,#10688,#10690,#10692,
#10694,#10696,#10698,#10700));
#10702=FACE_OUTER_BOUND('',#10701,.F.);
#10704=FILL_AREA_STYLE_COLOUR('',#155);
#10705=FILL_AREA_STYLE('',(#10704));
#10706=SURFACE_STYLE_FILL_AREA(#10705);
#10707=SURFACE_SIDE_STYLE('',(#10706));
#10708=SURFACE_STYLE_USAGE(.POSITIVE.,#10707);
#10709=PRESENTATION_STYLE_ASSIGNMENT((#10708));
#10710=STYLED_ITEM('',(#10709),#10703);
#10711=CARTESIAN_POINT('',(0.E0,6.507E0,0.E0));
#10712=DIRECTION('',(0.E0,1.E0,0.E0));
#10713=DIRECTION('',(-1.E0,0.E0,0.E0));
#10714=AXIS2_PLACEMENT_3D('',#10711,#10712,#10713);
#10715=PLANE('',#10714);
#10717=ORIENTED_EDGE('',*,*,#10716,.F.);
#10719=ORIENTED_EDGE('',*,*,#10718,.F.);
#10721=ORIENTED_EDGE('',*,*,#10720,.F.);
#10723=ORIENTED_EDGE('',*,*,#10722,.F.);
#10724=EDGE_LOOP('',(#10717,#10719,#10721,#10723));
#10725=FACE_OUTER_BOUND('',#10724,.F.);
#10727=ORIENTED_EDGE('',*,*,#10726,.F.);
#10729=ORIENTED_EDGE('',*,*,#10728,.F.);
#10731=ORIENTED_EDGE('',*,*,#10730,.F.);
#10733=ORIENTED_EDGE('',*,*,#10732,.F.);
#10734=EDGE_LOOP('',(#10727,#10729,#10731,#10733));
#10735=FACE_BOUND('',#10734,.F.);
#10737=FILL_AREA_STYLE_COLOUR('',#155);
#10738=FILL_AREA_STYLE('',(#10737));
#10739=SURFACE_STYLE_FILL_AREA(#10738);
#10740=SURFACE_SIDE_STYLE('',(#10739));
#10741=SURFACE_STYLE_USAGE(.POSITIVE.,#10740);
#10742=PRESENTATION_STYLE_ASSIGNMENT((#10741));
#10743=STYLED_ITEM('',(#10742),#10736);
#10744=CARTESIAN_POINT('',(0.E0,6.507E0,0.E0));
#10745=DIRECTION('',(0.E0,1.E0,0.E0));
#10746=DIRECTION('',(-1.E0,0.E0,0.E0));
#10747=AXIS2_PLACEMENT_3D('',#10744,#10745,#10746);
#10748=PLANE('',#10747);
#10750=ORIENTED_EDGE('',*,*,#10749,.F.);
#10752=ORIENTED_EDGE('',*,*,#10751,.F.);
#10754=ORIENTED_EDGE('',*,*,#10753,.F.);
#10756=ORIENTED_EDGE('',*,*,#10755,.F.);
#10758=ORIENTED_EDGE('',*,*,#10757,.F.);
#10760=ORIENTED_EDGE('',*,*,#10759,.F.);
#10762=ORIENTED_EDGE('',*,*,#10761,.F.);
#10764=ORIENTED_EDGE('',*,*,#10763,.F.);
#10765=EDGE_LOOP('',(#10750,#10752,#10754,#10756,#10758,#10760,#10762,#10764));
#10766=FACE_OUTER_BOUND('',#10765,.F.);
#10768=ORIENTED_EDGE('',*,*,#10767,.F.);
#10770=ORIENTED_EDGE('',*,*,#10769,.F.);
#10772=ORIENTED_EDGE('',*,*,#10771,.F.);
#10774=ORIENTED_EDGE('',*,*,#10773,.F.);
#10776=ORIENTED_EDGE('',*,*,#10775,.F.);
#10777=EDGE_LOOP('',(#10768,#10770,#10772,#10774,#10776));
#10778=FACE_BOUND('',#10777,.F.);
#10780=FILL_AREA_STYLE_COLOUR('',#155);
#10781=FILL_AREA_STYLE('',(#10780));
#10782=SURFACE_STYLE_FILL_AREA(#10781);
#10783=SURFACE_SIDE_STYLE('',(#10782));
#10784=SURFACE_STYLE_USAGE(.POSITIVE.,#10783);
#10785=PRESENTATION_STYLE_ASSIGNMENT((#10784));
#10786=STYLED_ITEM('',(#10785),#10779);
#10787=CARTESIAN_POINT('',(0.E0,6.507E0,0.E0));
#10788=DIRECTION('',(0.E0,1.E0,0.E0));
#10789=DIRECTION('',(-1.E0,0.E0,0.E0));
#10790=AXIS2_PLACEMENT_3D('',#10787,#10788,#10789);
#10791=PLANE('',#10790);
#10793=ORIENTED_EDGE('',*,*,#10792,.F.);
#10795=ORIENTED_EDGE('',*,*,#10794,.F.);
#10797=ORIENTED_EDGE('',*,*,#10796,.F.);
#10799=ORIENTED_EDGE('',*,*,#10798,.F.);
#10801=ORIENTED_EDGE('',*,*,#10800,.F.);
#10803=ORIENTED_EDGE('',*,*,#10802,.F.);
#10805=ORIENTED_EDGE('',*,*,#10804,.F.);
#10807=ORIENTED_EDGE('',*,*,#10806,.F.);
#10809=ORIENTED_EDGE('',*,*,#10808,.F.);
#10811=ORIENTED_EDGE('',*,*,#10810,.F.);
#10813=ORIENTED_EDGE('',*,*,#10812,.F.);
#10815=ORIENTED_EDGE('',*,*,#10814,.F.);
#10816=EDGE_LOOP('',(#10793,#10795,#10797,#10799,#10801,#10803,#10805,#10807,
#10809,#10811,#10813,#10815));
#10817=FACE_OUTER_BOUND('',#10816,.F.);
#10819=FILL_AREA_STYLE_COLOUR('',#155);
#10820=FILL_AREA_STYLE('',(#10819));
#10821=SURFACE_STYLE_FILL_AREA(#10820);
#10822=SURFACE_SIDE_STYLE('',(#10821));
#10823=SURFACE_STYLE_USAGE(.POSITIVE.,#10822);
#10824=PRESENTATION_STYLE_ASSIGNMENT((#10823));
#10825=STYLED_ITEM('',(#10824),#10818);
#10826=CARTESIAN_POINT('',(0.E0,6.507E0,0.E0));
#10827=DIRECTION('',(0.E0,1.E0,0.E0));
#10828=DIRECTION('',(-1.E0,0.E0,0.E0));
#10829=AXIS2_PLACEMENT_3D('',#10826,#10827,#10828);
#10830=PLANE('',#10829);
#10832=ORIENTED_EDGE('',*,*,#10831,.F.);
#10834=ORIENTED_EDGE('',*,*,#10833,.F.);
#10836=ORIENTED_EDGE('',*,*,#10835,.F.);
#10838=ORIENTED_EDGE('',*,*,#10837,.F.);
#10840=ORIENTED_EDGE('',*,*,#10839,.F.);
#10842=ORIENTED_EDGE('',*,*,#10841,.F.);
#10844=ORIENTED_EDGE('',*,*,#10843,.F.);
#10846=ORIENTED_EDGE('',*,*,#10845,.F.);
#10847=EDGE_LOOP('',(#10832,#10834,#10836,#10838,#10840,#10842,#10844,#10846));
#10848=FACE_OUTER_BOUND('',#10847,.F.);
#10850=ORIENTED_EDGE('',*,*,#10849,.F.);
#10852=ORIENTED_EDGE('',*,*,#10851,.F.);
#10854=ORIENTED_EDGE('',*,*,#10853,.F.);
#10855=EDGE_LOOP('',(#10850,#10852,#10854));
#10856=FACE_BOUND('',#10855,.F.);
#10858=FILL_AREA_STYLE_COLOUR('',#155);
#10859=FILL_AREA_STYLE('',(#10858));
#10860=SURFACE_STYLE_FILL_AREA(#10859);
#10861=SURFACE_SIDE_STYLE('',(#10860));
#10862=SURFACE_STYLE_USAGE(.POSITIVE.,#10861);
#10863=PRESENTATION_STYLE_ASSIGNMENT((#10862));
#10864=STYLED_ITEM('',(#10863),#10857);
#10865=CARTESIAN_POINT('',(0.E0,6.507E0,0.E0));
#10866=DIRECTION('',(0.E0,1.E0,0.E0));
#10867=DIRECTION('',(-1.E0,0.E0,0.E0));
#10868=AXIS2_PLACEMENT_3D('',#10865,#10866,#10867);
#10869=PLANE('',#10868);
#10871=ORIENTED_EDGE('',*,*,#10870,.F.);
#10873=ORIENTED_EDGE('',*,*,#10872,.F.);
#10875=ORIENTED_EDGE('',*,*,#10874,.F.);
#10877=ORIENTED_EDGE('',*,*,#10876,.F.);
#10878=EDGE_LOOP('',(#10871,#10873,#10875,#10877));
#10879=FACE_OUTER_BOUND('',#10878,.F.);
#10881=FILL_AREA_STYLE_COLOUR('',#155);
#10882=FILL_AREA_STYLE('',(#10881));
#10883=SURFACE_STYLE_FILL_AREA(#10882);
#10884=SURFACE_SIDE_STYLE('',(#10883));
#10885=SURFACE_STYLE_USAGE(.POSITIVE.,#10884);
#10886=PRESENTATION_STYLE_ASSIGNMENT((#10885));
#10887=STYLED_ITEM('',(#10886),#10880);
#10888=CARTESIAN_POINT('',(0.E0,6.507E0,0.E0));
#10889=DIRECTION('',(0.E0,1.E0,0.E0));
#10890=DIRECTION('',(-1.E0,0.E0,0.E0));
#10891=AXIS2_PLACEMENT_3D('',#10888,#10889,#10890);
#10892=PLANE('',#10891);
#10894=ORIENTED_EDGE('',*,*,#10893,.F.);
#10896=ORIENTED_EDGE('',*,*,#10895,.F.);
#10898=ORIENTED_EDGE('',*,*,#10897,.F.);
#10900=ORIENTED_EDGE('',*,*,#10899,.F.);
#10902=ORIENTED_EDGE('',*,*,#10901,.F.);
#10904=ORIENTED_EDGE('',*,*,#10903,.F.);
#10906=ORIENTED_EDGE('',*,*,#10905,.F.);
#10908=ORIENTED_EDGE('',*,*,#10907,.F.);
#10910=ORIENTED_EDGE('',*,*,#10909,.F.);
#10912=ORIENTED_EDGE('',*,*,#10911,.F.);
#10914=ORIENTED_EDGE('',*,*,#10913,.F.);
#10916=ORIENTED_EDGE('',*,*,#10915,.F.);
#10917=EDGE_LOOP('',(#10894,#10896,#10898,#10900,#10902,#10904,#10906,#10908,
#10910,#10912,#10914,#10916));
#10918=FACE_OUTER_BOUND('',#10917,.F.);
#10920=FILL_AREA_STYLE_COLOUR('',#155);
#10921=FILL_AREA_STYLE('',(#10920));
#10922=SURFACE_STYLE_FILL_AREA(#10921);
#10923=SURFACE_SIDE_STYLE('',(#10922));
#10924=SURFACE_STYLE_USAGE(.POSITIVE.,#10923);
#10925=PRESENTATION_STYLE_ASSIGNMENT((#10924));
#10926=STYLED_ITEM('',(#10925),#10919);
#10927=CARTESIAN_POINT('',(0.E0,6.507E0,0.E0));
#10928=DIRECTION('',(0.E0,1.E0,0.E0));
#10929=DIRECTION('',(-1.E0,0.E0,0.E0));
#10930=AXIS2_PLACEMENT_3D('',#10927,#10928,#10929);
#10931=PLANE('',#10930);
#10933=ORIENTED_EDGE('',*,*,#10932,.F.);
#10935=ORIENTED_EDGE('',*,*,#10934,.F.);
#10937=ORIENTED_EDGE('',*,*,#10936,.F.);
#10939=ORIENTED_EDGE('',*,*,#10938,.F.);
#10941=ORIENTED_EDGE('',*,*,#10940,.F.);
#10943=ORIENTED_EDGE('',*,*,#10942,.F.);
#10945=ORIENTED_EDGE('',*,*,#10944,.F.);
#10947=ORIENTED_EDGE('',*,*,#10946,.F.);
#10949=ORIENTED_EDGE('',*,*,#10948,.F.);
#10951=ORIENTED_EDGE('',*,*,#10950,.F.);
#10953=ORIENTED_EDGE('',*,*,#10952,.F.);
#10955=ORIENTED_EDGE('',*,*,#10954,.F.);
#10956=EDGE_LOOP('',(#10933,#10935,#10937,#10939,#10941,#10943,#10945,#10947,
#10949,#10951,#10953,#10955));
#10957=FACE_OUTER_BOUND('',#10956,.F.);
#10959=FILL_AREA_STYLE_COLOUR('',#155);
#10960=FILL_AREA_STYLE('',(#10959));
#10961=SURFACE_STYLE_FILL_AREA(#10960);
#10962=SURFACE_SIDE_STYLE('',(#10961));
#10963=SURFACE_STYLE_USAGE(.POSITIVE.,#10962);
#10964=PRESENTATION_STYLE_ASSIGNMENT((#10963));
#10965=STYLED_ITEM('',(#10964),#10958);
#10966=CARTESIAN_POINT('',(0.E0,6.507E0,0.E0));
#10967=DIRECTION('',(0.E0,1.E0,0.E0));
#10968=DIRECTION('',(-1.E0,0.E0,0.E0));
#10969=AXIS2_PLACEMENT_3D('',#10966,#10967,#10968);
#10970=PLANE('',#10969);
#10972=ORIENTED_EDGE('',*,*,#10971,.F.);
#10974=ORIENTED_EDGE('',*,*,#10973,.F.);
#10976=ORIENTED_EDGE('',*,*,#10975,.F.);
#10978=ORIENTED_EDGE('',*,*,#10977,.F.);
#10979=EDGE_LOOP('',(#10972,#10974,#10976,#10978));
#10980=FACE_OUTER_BOUND('',#10979,.F.);
#10982=ORIENTED_EDGE('',*,*,#10981,.F.);
#10984=ORIENTED_EDGE('',*,*,#10983,.F.);
#10986=ORIENTED_EDGE('',*,*,#10985,.F.);
#10988=ORIENTED_EDGE('',*,*,#10987,.F.);
#10989=EDGE_LOOP('',(#10982,#10984,#10986,#10988));
#10990=FACE_BOUND('',#10989,.F.);
#10992=FILL_AREA_STYLE_COLOUR('',#155);
#10993=FILL_AREA_STYLE('',(#10992));
#10994=SURFACE_STYLE_FILL_AREA(#10993);
#10995=SURFACE_SIDE_STYLE('',(#10994));
#10996=SURFACE_STYLE_USAGE(.POSITIVE.,#10995);
#10997=PRESENTATION_STYLE_ASSIGNMENT((#10996));
#10998=STYLED_ITEM('',(#10997),#10991);
#10999=CARTESIAN_POINT('',(0.E0,6.507E0,0.E0));
#11000=DIRECTION('',(0.E0,1.E0,0.E0));
#11001=DIRECTION('',(-1.E0,0.E0,0.E0));
#11002=AXIS2_PLACEMENT_3D('',#10999,#11000,#11001);
#11003=PLANE('',#11002);
#11005=ORIENTED_EDGE('',*,*,#11004,.F.);
#11007=ORIENTED_EDGE('',*,*,#11006,.F.);
#11009=ORIENTED_EDGE('',*,*,#11008,.F.);
#11011=ORIENTED_EDGE('',*,*,#11010,.F.);
#11013=ORIENTED_EDGE('',*,*,#11012,.F.);
#11015=ORIENTED_EDGE('',*,*,#11014,.F.);
#11017=ORIENTED_EDGE('',*,*,#11016,.F.);
#11019=ORIENTED_EDGE('',*,*,#11018,.F.);
#11020=EDGE_LOOP('',(#11005,#11007,#11009,#11011,#11013,#11015,#11017,#11019));
#11021=FACE_OUTER_BOUND('',#11020,.F.);
#11023=ORIENTED_EDGE('',*,*,#11022,.F.);
#11025=ORIENTED_EDGE('',*,*,#11024,.F.);
#11027=ORIENTED_EDGE('',*,*,#11026,.F.);
#11029=ORIENTED_EDGE('',*,*,#11028,.F.);
#11031=ORIENTED_EDGE('',*,*,#11030,.F.);
#11032=EDGE_LOOP('',(#11023,#11025,#11027,#11029,#11031));
#11033=FACE_BOUND('',#11032,.F.);
#11035=FILL_AREA_STYLE_COLOUR('',#155);
#11036=FILL_AREA_STYLE('',(#11035));
#11037=SURFACE_STYLE_FILL_AREA(#11036);
#11038=SURFACE_SIDE_STYLE('',(#11037));
#11039=SURFACE_STYLE_USAGE(.POSITIVE.,#11038);
#11040=PRESENTATION_STYLE_ASSIGNMENT((#11039));
#11041=STYLED_ITEM('',(#11040),#11034);
#11042=CARTESIAN_POINT('',(0.E0,6.507E0,0.E0));
#11043=DIRECTION('',(0.E0,1.E0,0.E0));
#11044=DIRECTION('',(-1.E0,0.E0,0.E0));
#11045=AXIS2_PLACEMENT_3D('',#11042,#11043,#11044);
#11046=PLANE('',#11045);
#11048=ORIENTED_EDGE('',*,*,#11047,.F.);
#11050=ORIENTED_EDGE('',*,*,#11049,.F.);
#11052=ORIENTED_EDGE('',*,*,#11051,.F.);
#11054=ORIENTED_EDGE('',*,*,#11053,.F.);
#11056=ORIENTED_EDGE('',*,*,#11055,.F.);
#11058=ORIENTED_EDGE('',*,*,#11057,.F.);
#11060=ORIENTED_EDGE('',*,*,#11059,.F.);
#11062=ORIENTED_EDGE('',*,*,#11061,.F.);
#11064=ORIENTED_EDGE('',*,*,#11063,.F.);
#11066=ORIENTED_EDGE('',*,*,#11065,.F.);
#11068=ORIENTED_EDGE('',*,*,#11067,.F.);
#11070=ORIENTED_EDGE('',*,*,#11069,.F.);
#11072=ORIENTED_EDGE('',*,*,#11071,.F.);
#11074=ORIENTED_EDGE('',*,*,#11073,.F.);
#11076=ORIENTED_EDGE('',*,*,#11075,.F.);
#11078=ORIENTED_EDGE('',*,*,#11077,.F.);
#11079=EDGE_LOOP('',(#11048,#11050,#11052,#11054,#11056,#11058,#11060,#11062,
#11064,#11066,#11068,#11070,#11072,#11074,#11076,#11078));
#11080=FACE_OUTER_BOUND('',#11079,.F.);
#11081=ORIENTED_EDGE('',*,*,#10588,.F.);
#11082=ORIENTED_EDGE('',*,*,#10609,.F.);
#11083=EDGE_LOOP('',(#11081,#11082));
#11084=FACE_BOUND('',#11083,.F.);
#11086=FILL_AREA_STYLE_COLOUR('',#155);
#11087=FILL_AREA_STYLE('',(#11086));
#11088=SURFACE_STYLE_FILL_AREA(#11087);
#11089=SURFACE_SIDE_STYLE('',(#11088));
#11090=SURFACE_STYLE_USAGE(.POSITIVE.,#11089);
#11091=PRESENTATION_STYLE_ASSIGNMENT((#11090));
#11092=STYLED_ITEM('',(#11091),#11085);
#11093=CARTESIAN_POINT('',(-2.403196457725E-1,6.5E0,9.512464133735E0));
#11094=DIRECTION('',(-1.E0,0.E0,0.E0));
#11095=DIRECTION('',(0.E0,0.E0,1.E0));
#11096=AXIS2_PLACEMENT_3D('',#11093,#11094,#11095);
#11097=PLANE('',#11096);
#11098=ORIENTED_EDGE('',*,*,#6617,.F.);
#11100=ORIENTED_EDGE('',*,*,#11099,.T.);
#11101=ORIENTED_EDGE('',*,*,#10627,.T.);
#11103=ORIENTED_EDGE('',*,*,#11102,.F.);
#11104=EDGE_LOOP('',(#11098,#11100,#11101,#11103));
#11105=FACE_OUTER_BOUND('',#11104,.F.);
#11107=FILL_AREA_STYLE_COLOUR('',#155);
#11108=FILL_AREA_STYLE('',(#11107));
#11109=SURFACE_STYLE_FILL_AREA(#11108);
#11110=SURFACE_SIDE_STYLE('',(#11109));
#11111=SURFACE_STYLE_USAGE(.POSITIVE.,#11110);
#11112=PRESENTATION_STYLE_ASSIGNMENT((#11111));
#11113=STYLED_ITEM('',(#11112),#11106);
#11114=CARTESIAN_POINT('',(-1.451412407140E-2,6.5E0,9.512464133735E0));
#11115=DIRECTION('',(0.E0,0.E0,-1.E0));
#11116=DIRECTION('',(-1.E0,0.E0,0.E0));
#11117=AXIS2_PLACEMENT_3D('',#11114,#11115,#11116);
#11118=PLANE('',#11117);
#11119=ORIENTED_EDGE('',*,*,#6627,.F.);
#11121=ORIENTED_EDGE('',*,*,#11120,.T.);
#11122=ORIENTED_EDGE('',*,*,#10629,.T.);
#11123=ORIENTED_EDGE('',*,*,#11099,.F.);
#11124=EDGE_LOOP('',(#11119,#11121,#11122,#11123));
#11125=FACE_OUTER_BOUND('',#11124,.F.);
#11127=FILL_AREA_STYLE_COLOUR('',#155);
#11128=FILL_AREA_STYLE('',(#11127));
#11129=SURFACE_STYLE_FILL_AREA(#11128);
#11130=SURFACE_SIDE_STYLE('',(#11129));
#11131=SURFACE_STYLE_USAGE(.POSITIVE.,#11130);
#11132=PRESENTATION_STYLE_ASSIGNMENT((#11131));
#11133=STYLED_ITEM('',(#11132),#11126);
#11134=CARTESIAN_POINT('',(-1.451412407140E-2,6.5E0,9.940651822002E0));
#11135=DIRECTION('',(1.E0,0.E0,0.E0));
#11136=DIRECTION('',(0.E0,0.E0,-1.E0));
#11137=AXIS2_PLACEMENT_3D('',#11134,#11135,#11136);
#11138=PLANE('',#11137);
#11139=ORIENTED_EDGE('',*,*,#6625,.F.);
#11141=ORIENTED_EDGE('',*,*,#11140,.T.);
#11142=ORIENTED_EDGE('',*,*,#10631,.T.);
#11143=ORIENTED_EDGE('',*,*,#11120,.F.);
#11144=EDGE_LOOP('',(#11139,#11141,#11142,#11143));
#11145=FACE_OUTER_BOUND('',#11144,.F.);
#11147=FILL_AREA_STYLE_COLOUR('',#155);
#11148=FILL_AREA_STYLE('',(#11147));
#11149=SURFACE_STYLE_FILL_AREA(#11148);
#11150=SURFACE_SIDE_STYLE('',(#11149));
#11151=SURFACE_STYLE_USAGE(.POSITIVE.,#11150);
#11152=PRESENTATION_STYLE_ASSIGNMENT((#11151));
#11153=STYLED_ITEM('',(#11152),#11146);
#11154=CARTESIAN_POINT('',(-6.978886399304E-2,6.5E0,9.940651822002E0));
#11155=DIRECTION('',(0.E0,0.E0,1.E0));
#11156=DIRECTION('',(1.E0,0.E0,0.E0));
#11157=AXIS2_PLACEMENT_3D('',#11154,#11155,#11156);
#11158=PLANE('',#11157);
#11159=ORIENTED_EDGE('',*,*,#6623,.F.);
#11161=ORIENTED_EDGE('',*,*,#11160,.T.);
#11162=ORIENTED_EDGE('',*,*,#10633,.T.);
#11163=ORIENTED_EDGE('',*,*,#11140,.F.);
#11164=EDGE_LOOP('',(#11159,#11161,#11162,#11163));
#11165=FACE_OUTER_BOUND('',#11164,.F.);
#11167=FILL_AREA_STYLE_COLOUR('',#155);
#11168=FILL_AREA_STYLE('',(#11167));
#11169=SURFACE_STYLE_FILL_AREA(#11168);
#11170=SURFACE_SIDE_STYLE('',(#11169));
#11171=SURFACE_STYLE_USAGE(.POSITIVE.,#11170);
#11172=PRESENTATION_STYLE_ASSIGNMENT((#11171));
#11173=STYLED_ITEM('',(#11172),#11166);
#11174=CARTESIAN_POINT('',(-6.978886399304E-2,6.5E0,9.561281032757E0));
#11175=DIRECTION('',(-1.E0,0.E0,0.E0));
#11176=DIRECTION('',(0.E0,0.E0,1.E0));
#11177=AXIS2_PLACEMENT_3D('',#11174,#11175,#11176);
#11178=PLANE('',#11177);
#11179=ORIENTED_EDGE('',*,*,#6621,.F.);
#11181=ORIENTED_EDGE('',*,*,#11180,.T.);
#11182=ORIENTED_EDGE('',*,*,#10635,.T.);
#11183=ORIENTED_EDGE('',*,*,#11160,.F.);
#11184=EDGE_LOOP('',(#11179,#11181,#11182,#11183));
#11185=FACE_OUTER_BOUND('',#11184,.F.);
#11187=FILL_AREA_STYLE_COLOUR('',#155);
#11188=FILL_AREA_STYLE('',(#11187));
#11189=SURFACE_STYLE_FILL_AREA(#11188);
#11190=SURFACE_SIDE_STYLE('',(#11189));
#11191=SURFACE_STYLE_USAGE(.POSITIVE.,#11190);
#11192=PRESENTATION_STYLE_ASSIGNMENT((#11191));
#11193=STYLED_ITEM('',(#11192),#11186);
#11194=CARTESIAN_POINT('',(-2.403196457725E-1,6.5E0,9.561281032757E0));
#11195=DIRECTION('',(0.E0,0.E0,1.E0));
#11196=DIRECTION('',(1.E0,0.E0,0.E0));
#11197=AXIS2_PLACEMENT_3D('',#11194,#11195,#11196);
#11198=PLANE('',#11197);
#11199=ORIENTED_EDGE('',*,*,#6619,.F.);
#11200=ORIENTED_EDGE('',*,*,#11102,.T.);
#11201=ORIENTED_EDGE('',*,*,#10637,.T.);
#11202=ORIENTED_EDGE('',*,*,#11180,.F.);
#11203=EDGE_LOOP('',(#11199,#11200,#11201,#11202));
#11204=FACE_OUTER_BOUND('',#11203,.F.);
#11206=FILL_AREA_STYLE_COLOUR('',#155);
#11207=FILL_AREA_STYLE('',(#11206));
#11208=SURFACE_STYLE_FILL_AREA(#11207);
#11209=SURFACE_SIDE_STYLE('',(#11208));
#11210=SURFACE_STYLE_USAGE(.POSITIVE.,#11209);
#11211=PRESENTATION_STYLE_ASSIGNMENT((#11210));
#11212=STYLED_ITEM('',(#11211),#11205);
#11213=CARTESIAN_POINT('',(-5.784259262066E-1,6.5E0,9.613477484116E0));
#11214=CARTESIAN_POINT('',(-5.784259262066E-1,6.5E0,9.603375662365E0));
#11215=CARTESIAN_POINT('',(-5.784259262066E-1,6.5E0,9.575615111821E0));
#11216=CARTESIAN_POINT('',(-5.784259262066E-1,6.5E0,9.537752739526E0));
#11217=CARTESIAN_POINT('',(-5.784259262066E-1,6.5E0,9.509992188982E0));
#11218=CARTESIAN_POINT('',(-5.784259262066E-1,6.5E0,9.499890367231E0));
#11220=DRAUGHTING_PRE_DEFINED_CURVE_FONT('continuous');
#11221=CURVE_STYLE('',#11220,POSITIVE_LENGTH_MEASURE(2.E-2),#155);
#11222=PRESENTATION_STYLE_ASSIGNMENT((#11221));
#11223=STYLED_ITEM('',(#11222),#11219);
#11224=DIRECTION('',(0.E0,1.E0,0.E0));
#11225=VECTOR('',#11224,1.E0);
#11226=SURFACE_OF_LINEAR_EXTRUSION('',#11219,#11225);
#11227=ORIENTED_EDGE('',*,*,#6631,.F.);
#11229=ORIENTED_EDGE('',*,*,#11228,.T.);
#11230=ORIENTED_EDGE('',*,*,#10654,.T.);
#11232=ORIENTED_EDGE('',*,*,#11231,.F.);
#11233=EDGE_LOOP('',(#11227,#11229,#11230,#11232));
#11234=FACE_OUTER_BOUND('',#11233,.F.);
#11236=FILL_AREA_STYLE_COLOUR('',#155);
#11237=FILL_AREA_STYLE('',(#11236));
#11238=SURFACE_STYLE_FILL_AREA(#11237);
#11239=SURFACE_SIDE_STYLE('',(#11238));
#11240=SURFACE_STYLE_USAGE(.POSITIVE.,#11239);
#11241=PRESENTATION_STYLE_ASSIGNMENT((#11240));
#11242=STYLED_ITEM('',(#11241),#11235);
#11243=CARTESIAN_POINT('',(-5.918170314090E-1,6.5E0,9.537941564996E0));
#11244=CARTESIAN_POINT('',(-5.874461039663E-1,6.5E0,9.535180031810E0));
#11245=CARTESIAN_POINT('',(-5.479466290811E-1,6.5E0,9.512356277163E0));
#11246=CARTESIAN_POINT('',(-4.480691435842E-1,6.5E0,9.493114929298E0));
#11247=CARTESIAN_POINT('',(-2.913095239753E-1,6.5E0,9.546119398984E0));
#11248=CARTESIAN_POINT('',(-2.393101557704E-1,6.5E0,9.723505013160E0));
#11249=CARTESIAN_POINT('',(-2.971760785410E-1,6.5E0,9.902629986E0));
#11250=CARTESIAN_POINT('',(-4.550700068959E-1,6.5E0,9.958127980582E0));
#11251=CARTESIAN_POINT('',(-5.521703840754E-1,6.5E0,9.943237466826E0));
#11252=CARTESIAN_POINT('',(-5.878234204637E-1,6.5E0,9.926059660986E0));
#11253=CARTESIAN_POINT('',(-5.924027121867E-1,6.5E0,9.923619291818E0));
#11255=CURVE_STYLE('',#11220,POSITIVE_LENGTH_MEASURE(2.E-2),#155);
#11256=PRESENTATION_STYLE_ASSIGNMENT((#11255));
#11257=STYLED_ITEM('',(#11256),#11254);
#11258=DIRECTION('',(0.E0,1.E0,0.E0));
#11259=VECTOR('',#11258,1.E0);
#11260=SURFACE_OF_LINEAR_EXTRUSION('',#11254,#11259);
#11261=ORIENTED_EDGE('',*,*,#6637,.T.);
#11263=ORIENTED_EDGE('',*,*,#11262,.T.);
#11264=ORIENTED_EDGE('',*,*,#10656,.T.);
#11265=ORIENTED_EDGE('',*,*,#11228,.F.);
#11266=EDGE_LOOP('',(#11261,#11263,#11264,#11265));
#11267=FACE_OUTER_BOUND('',#11266,.F.);
#11269=FILL_AREA_STYLE_COLOUR('',#155);
#11270=FILL_AREA_STYLE('',(#11269));
#11271=SURFACE_STYLE_FILL_AREA(#11270);
#11272=SURFACE_SIDE_STYLE('',(#11271));
#11273=SURFACE_STYLE_USAGE(.POSITIVE.,#11272);
#11274=PRESENTATION_STYLE_ASSIGNMENT((#11273));
#11275=STYLED_ITEM('',(#11274),#11268);
#11276=CARTESIAN_POINT('',(-5.784259262066E-1,6.5E0,9.960668523784E0));
#11277=CARTESIAN_POINT('',(-5.784259262066E-1,6.5E0,9.950566702033E0));
#11278=CARTESIAN_POINT('',(-5.784259262066E-1,6.5E0,9.921200812508E0));
#11279=CARTESIAN_POINT('',(-5.784259262066E-1,6.5E0,9.881733101232E0));
#11280=CARTESIAN_POINT('',(-5.784259262066E-1,6.5E0,9.852367211707E0));
#11281=CARTESIAN_POINT('',(-5.784259262066E-1,6.5E0,9.842265389956E0));
#11283=CURVE_STYLE('',#11220,POSITIVE_LENGTH_MEASURE(2.E-2),#155);
#11284=PRESENTATION_STYLE_ASSIGNMENT((#11283));
#11285=STYLED_ITEM('',(#11284),#11282);
#11286=DIRECTION('',(0.E0,1.E0,0.E0));
#11287=VECTOR('',#11286,1.E0);
#11288=SURFACE_OF_LINEAR_EXTRUSION('',#11282,#11287);
#11289=ORIENTED_EDGE('',*,*,#6635,.F.);
#11291=ORIENTED_EDGE('',*,*,#11290,.T.);
#11292=ORIENTED_EDGE('',*,*,#10658,.T.);
#11293=ORIENTED_EDGE('',*,*,#11262,.F.);
#11294=EDGE_LOOP('',(#11289,#11291,#11292,#11293));
#11295=FACE_OUTER_BOUND('',#11294,.F.);
#11297=FILL_AREA_STYLE_COLOUR('',#155);
#11298=FILL_AREA_STYLE('',(#11297));
#11299=SURFACE_STYLE_FILL_AREA(#11298);
#11300=SURFACE_SIDE_STYLE('',(#11299));
#11301=SURFACE_STYLE_USAGE(.POSITIVE.,#11300);
#11302=PRESENTATION_STYLE_ASSIGNMENT((#11301));
#11303=STYLED_ITEM('',(#11302),#11296);
#11304=CARTESIAN_POINT('',(-5.916459048660E-1,6.5E0,9.864544077496E0));
#11305=CARTESIAN_POINT('',(-5.873500101858E-1,6.5E0,9.867377435742E0));
#11306=CARTESIAN_POINT('',(-5.533240956508E-1,6.5E0,9.888042861737E0));
#11307=CARTESIAN_POINT('',(-4.709405090969E-1,6.5E0,9.910389762945E0));
#11308=CARTESIAN_POINT('',(-3.418983849450E-1,6.5E0,9.862549742401E0));
#11309=CARTESIAN_POINT('',(-3.028754622741E-1,6.5E0,9.724430721858E0));
#11310=CARTESIAN_POINT('',(-3.396830424077E-1,6.5E0,9.587944828575E0));
#11311=CARTESIAN_POINT('',(-4.670285933876E-1,6.5E0,9.541718182111E0));
#11312=CARTESIAN_POINT('',(-5.511290932666E-1,6.5E0,9.564820846833E0));
#11313=CARTESIAN_POINT('',(-5.871109131637E-1,6.5E0,9.588691753399E0));
#11314=CARTESIAN_POINT('',(-5.912721177180E-1,6.5E0,9.591695381442E0));
#11316=CURVE_STYLE('',#11220,POSITIVE_LENGTH_MEASURE(2.E-2),#155);
#11317=PRESENTATION_STYLE_ASSIGNMENT((#11316));
#11318=STYLED_ITEM('',(#11317),#11315);
#11319=DIRECTION('',(0.E0,1.E0,0.E0));
#11320=VECTOR('',#11319,1.E0);
#11321=SURFACE_OF_LINEAR_EXTRUSION('',#11315,#11320);
#11322=ORIENTED_EDGE('',*,*,#6633,.T.);
#11323=ORIENTED_EDGE('',*,*,#11231,.T.);
#11324=ORIENTED_EDGE('',*,*,#10660,.T.);
#11325=ORIENTED_EDGE('',*,*,#11290,.F.);
#11326=EDGE_LOOP('',(#11322,#11323,#11324,#11325));
#11327=FACE_OUTER_BOUND('',#11326,.F.);
#11329=FILL_AREA_STYLE_COLOUR('',#155);
#11330=FILL_AREA_STYLE('',(#11329));
#11331=SURFACE_STYLE_FILL_AREA(#11330);
#11332=SURFACE_SIDE_STYLE('',(#11331));
#11333=SURFACE_STYLE_USAGE(.POSITIVE.,#11332);
#11334=PRESENTATION_STYLE_ASSIGNMENT((#11333));
#11335=STYLED_ITEM('',(#11334),#11328);
#11336=CARTESIAN_POINT('',(-8.944223106715E-1,6.5E0,9.512464133735E0));
#11337=DIRECTION('',(-1.E0,0.E0,0.E0));
#11338=DIRECTION('',(0.E0,0.E0,1.E0));
#11339=AXIS2_PLACEMENT_3D('',#11336,#11337,#11338);
#11340=PLANE('',#11339);
#11341=ORIENTED_EDGE('',*,*,#6641,.F.);
#11343=ORIENTED_EDGE('',*,*,#11342,.T.);
#11344=ORIENTED_EDGE('',*,*,#10677,.T.);
#11346=ORIENTED_EDGE('',*,*,#11345,.F.);
#11347=EDGE_LOOP('',(#11341,#11343,#11344,#11346));
#11348=FACE_OUTER_BOUND('',#11347,.F.);
#11350=FILL_AREA_STYLE_COLOUR('',#155);
#11351=FILL_AREA_STYLE('',(#11350));
#11352=SURFACE_STYLE_FILL_AREA(#11351);
#11353=SURFACE_SIDE_STYLE('',(#11352));
#11354=SURFACE_STYLE_USAGE(.POSITIVE.,#11353);
#11355=PRESENTATION_STYLE_ASSIGNMENT((#11354));
#11356=STYLED_ITEM('',(#11355),#11349);
#11357=CARTESIAN_POINT('',(-6.641291368184E-1,6.5E0,9.512464133735E0));
#11358=DIRECTION('',(0.E0,0.E0,-1.E0));
#11359=DIRECTION('',(-1.E0,0.E0,0.E0));
#11360=AXIS2_PLACEMENT_3D('',#11357,#11358,#11359);
#11361=PLANE('',#11360);
#11362=ORIENTED_EDGE('',*,*,#6663,.F.);
#11364=ORIENTED_EDGE('',*,*,#11363,.T.);
#11365=ORIENTED_EDGE('',*,*,#10679,.T.);
#11366=ORIENTED_EDGE('',*,*,#11342,.F.);
#11367=EDGE_LOOP('',(#11362,#11364,#11365,#11366));
#11368=FACE_OUTER_BOUND('',#11367,.F.);
#11370=FILL_AREA_STYLE_COLOUR('',#155);
#11371=FILL_AREA_STYLE('',(#11370));
#11372=SURFACE_STYLE_FILL_AREA(#11371);
#11373=SURFACE_SIDE_STYLE('',(#11372));
#11374=SURFACE_STYLE_USAGE(.POSITIVE.,#11373);
#11375=PRESENTATION_STYLE_ASSIGNMENT((#11374));
#11376=STYLED_ITEM('',(#11375),#11369);
#11377=CARTESIAN_POINT('',(-6.641291368184E-1,6.5E0,9.940651822002E0));
#11378=DIRECTION('',(1.E0,0.E0,0.E0));
#11379=DIRECTION('',(0.E0,0.E0,-1.E0));
#11380=AXIS2_PLACEMENT_3D('',#11377,#11378,#11379);
#11381=PLANE('',#11380);
#11382=ORIENTED_EDGE('',*,*,#6661,.F.);
#11384=ORIENTED_EDGE('',*,*,#11383,.T.);
#11385=ORIENTED_EDGE('',*,*,#10681,.T.);
#11386=ORIENTED_EDGE('',*,*,#11363,.F.);
#11387=EDGE_LOOP('',(#11382,#11384,#11385,#11386));
#11388=FACE_OUTER_BOUND('',#11387,.F.);
#11390=FILL_AREA_STYLE_COLOUR('',#155);
#11391=FILL_AREA_STYLE('',(#11390));
#11392=SURFACE_STYLE_FILL_AREA(#11391);
#11393=SURFACE_SIDE_STYLE('',(#11392));
#11394=SURFACE_STYLE_USAGE(.POSITIVE.,#11393);
#11395=PRESENTATION_STYLE_ASSIGNMENT((#11394));
#11396=STYLED_ITEM('',(#11395),#11389);
#11397=CARTESIAN_POINT('',(-8.846808218517E-1,6.5E0,9.940651822002E0));
#11398=DIRECTION('',(0.E0,0.E0,1.E0));
#11399=DIRECTION('',(1.E0,0.E0,0.E0));
#11400=AXIS2_PLACEMENT_3D('',#11397,#11398,#11399);
#11401=PLANE('',#11400);
#11402=ORIENTED_EDGE('',*,*,#6659,.F.);
#11404=ORIENTED_EDGE('',*,*,#11403,.T.);
#11405=ORIENTED_EDGE('',*,*,#10683,.T.);
#11406=ORIENTED_EDGE('',*,*,#11383,.F.);
#11407=EDGE_LOOP('',(#11402,#11404,#11405,#11406));
#11408=FACE_OUTER_BOUND('',#11407,.F.);
#11410=FILL_AREA_STYLE_COLOUR('',#155);
#11411=FILL_AREA_STYLE('',(#11410));
#11412=SURFACE_STYLE_FILL_AREA(#11411);
#11413=SURFACE_SIDE_STYLE('',(#11412));
#11414=SURFACE_STYLE_USAGE(.POSITIVE.,#11413);
#11415=PRESENTATION_STYLE_ASSIGNMENT((#11414));
#11416=STYLED_ITEM('',(#11415),#11409);
#11417=CARTESIAN_POINT('',(-8.846808218517E-1,6.5E0,9.891397103261E0));
#11418=DIRECTION('',(-1.E0,0.E0,0.E0));
#11419=DIRECTION('',(0.E0,0.E0,1.E0));
#11420=AXIS2_PLACEMENT_3D('',#11417,#11418,#11419);
#11421=PLANE('',#11420);
#11422=ORIENTED_EDGE('',*,*,#6657,.F.);
#11424=ORIENTED_EDGE('',*,*,#11423,.T.);
#11425=ORIENTED_EDGE('',*,*,#10685,.T.);
#11426=ORIENTED_EDGE('',*,*,#11403,.F.);
#11427=EDGE_LOOP('',(#11422,#11424,#11425,#11426));
#11428=FACE_OUTER_BOUND('',#11427,.F.);
#11430=FILL_AREA_STYLE_COLOUR('',#155);
#11431=FILL_AREA_STYLE('',(#11430));
#11432=SURFACE_STYLE_FILL_AREA(#11431);
#11433=SURFACE_SIDE_STYLE('',(#11432));
#11434=SURFACE_STYLE_USAGE(.POSITIVE.,#11433);
#11435=PRESENTATION_STYLE_ASSIGNMENT((#11434));
#11436=STYLED_ITEM('',(#11435),#11429);
#11437=CARTESIAN_POINT('',(-7.194038767401E-1,6.5E0,9.891397103261E0));
#11438=DIRECTION('',(0.E0,0.E0,-1.E0));
#11439=DIRECTION('',(-1.E0,0.E0,0.E0));
#11440=AXIS2_PLACEMENT_3D('',#11437,#11438,#11439);
#11441=PLANE('',#11440);
#11442=ORIENTED_EDGE('',*,*,#6655,.F.);
#11444=ORIENTED_EDGE('',*,*,#11443,.T.);
#11445=ORIENTED_EDGE('',*,*,#10687,.T.);
#11446=ORIENTED_EDGE('',*,*,#11423,.F.);
#11447=EDGE_LOOP('',(#11442,#11444,#11445,#11446));
#11448=FACE_OUTER_BOUND('',#11447,.F.);
#11450=FILL_AREA_STYLE_COLOUR('',#155);
#11451=FILL_AREA_STYLE('',(#11450));
#11452=SURFACE_STYLE_FILL_AREA(#11451);
#11453=SURFACE_SIDE_STYLE('',(#11452));
#11454=SURFACE_STYLE_USAGE(.POSITIVE.,#11453);
#11455=PRESENTATION_STYLE_ASSIGNMENT((#11454));
#11456=STYLED_ITEM('',(#11455),#11449);
#11457=CARTESIAN_POINT('',(-7.194038767401E-1,6.5E0,9.754359530225E0));
#11458=DIRECTION('',(-1.E0,0.E0,0.E0));
#11459=DIRECTION('',(0.E0,0.E0,1.E0));
#11460=AXIS2_PLACEMENT_3D('',#11457,#11458,#11459);
#11461=PLANE('',#11460);
#11462=ORIENTED_EDGE('',*,*,#6653,.F.);
#11464=ORIENTED_EDGE('',*,*,#11463,.T.);
#11465=ORIENTED_EDGE('',*,*,#10689,.T.);
#11466=ORIENTED_EDGE('',*,*,#11443,.F.);
#11467=EDGE_LOOP('',(#11462,#11464,#11465,#11466));
#11468=FACE_OUTER_BOUND('',#11467,.F.);
#11470=FILL_AREA_STYLE_COLOUR('',#155);
#11471=FILL_AREA_STYLE('',(#11470));
#11472=SURFACE_STYLE_FILL_AREA(#11471);
#11473=SURFACE_SIDE_STYLE('',(#11472));
#11474=SURFACE_STYLE_USAGE(.POSITIVE.,#11473);
#11475=PRESENTATION_STYLE_ASSIGNMENT((#11474));
#11476=STYLED_ITEM('',(#11475),#11469);
#11477=CARTESIAN_POINT('',(-8.725313245618E-1,6.5E0,9.754359530225E0));
#11478=DIRECTION('',(0.E0,0.E0,1.E0));
#11479=DIRECTION('',(1.E0,0.E0,0.E0));
#11480=AXIS2_PLACEMENT_3D('',#11477,#11478,#11479);
#11481=PLANE('',#11480);
#11482=ORIENTED_EDGE('',*,*,#6651,.F.);
#11484=ORIENTED_EDGE('',*,*,#11483,.T.);
#11485=ORIENTED_EDGE('',*,*,#10691,.T.);
#11486=ORIENTED_EDGE('',*,*,#11463,.F.);
#11487=EDGE_LOOP('',(#11482,#11484,#11485,#11486));
#11488=FACE_OUTER_BOUND('',#11487,.F.);
#11490=FILL_AREA_STYLE_COLOUR('',#155);
#11491=FILL_AREA_STYLE('',(#11490));
#11492=SURFACE_STYLE_FILL_AREA(#11491);
#11493=SURFACE_SIDE_STYLE('',(#11492));
#11494=SURFACE_STYLE_USAGE(.POSITIVE.,#11493);
#11495=PRESENTATION_STYLE_ASSIGNMENT((#11494));
#11496=STYLED_ITEM('',(#11495),#11489);
#11497=CARTESIAN_POINT('',(-8.725313245618E-1,6.5E0,9.705323721343E0));
#11498=DIRECTION('',(-1.E0,0.E0,0.E0));
#11499=DIRECTION('',(0.E0,0.E0,1.E0));
#11500=AXIS2_PLACEMENT_3D('',#11497,#11498,#11499);
#11501=PLANE('',#11500);
#11502=ORIENTED_EDGE('',*,*,#6649,.F.);
#11504=ORIENTED_EDGE('',*,*,#11503,.T.);
#11505=ORIENTED_EDGE('',*,*,#10693,.T.);
#11506=ORIENTED_EDGE('',*,*,#11483,.F.);
#11507=EDGE_LOOP('',(#11502,#11504,#11505,#11506));
#11508=FACE_OUTER_BOUND('',#11507,.F.);
#11510=FILL_AREA_STYLE_COLOUR('',#155);
#11511=FILL_AREA_STYLE('',(#11510));
#11512=SURFACE_STYLE_FILL_AREA(#11511);
#11513=SURFACE_SIDE_STYLE('',(#11512));
#11514=SURFACE_STYLE_USAGE(.POSITIVE.,#11513);
#11515=PRESENTATION_STYLE_ASSIGNMENT((#11514));
#11516=STYLED_ITEM('',(#11515),#11509);
#11517=CARTESIAN_POINT('',(-7.194038767401E-1,6.5E0,9.705323721343E0));
#11518=DIRECTION('',(0.E0,0.E0,-1.E0));
#11519=DIRECTION('',(-1.E0,0.E0,0.E0));
#11520=AXIS2_PLACEMENT_3D('',#11517,#11518,#11519);
#11521=PLANE('',#11520);
#11522=ORIENTED_EDGE('',*,*,#6647,.F.);
#11524=ORIENTED_EDGE('',*,*,#11523,.T.);
#11525=ORIENTED_EDGE('',*,*,#10695,.T.);
#11526=ORIENTED_EDGE('',*,*,#11503,.F.);
#11527=EDGE_LOOP('',(#11522,#11524,#11525,#11526));
#11528=FACE_OUTER_BOUND('',#11527,.F.);
#11530=FILL_AREA_STYLE_COLOUR('',#155);
#11531=FILL_AREA_STYLE('',(#11530));
#11532=SURFACE_STYLE_FILL_AREA(#11531);
#11533=SURFACE_SIDE_STYLE('',(#11532));
#11534=SURFACE_STYLE_USAGE(.POSITIVE.,#11533);
#11535=PRESENTATION_STYLE_ASSIGNMENT((#11534));
#11536=STYLED_ITEM('',(#11535),#11529);
#11537=CARTESIAN_POINT('',(-7.194038767401E-1,6.5E0,9.561281032757E0));
#11538=DIRECTION('',(-1.E0,0.E0,0.E0));
#11539=DIRECTION('',(0.E0,0.E0,1.E0));
#11540=AXIS2_PLACEMENT_3D('',#11537,#11538,#11539);
#11541=PLANE('',#11540);
#11542=ORIENTED_EDGE('',*,*,#6645,.F.);
#11544=ORIENTED_EDGE('',*,*,#11543,.T.);
#11545=ORIENTED_EDGE('',*,*,#10697,.T.);
#11546=ORIENTED_EDGE('',*,*,#11523,.F.);
#11547=EDGE_LOOP('',(#11542,#11544,#11545,#11546));
#11548=FACE_OUTER_BOUND('',#11547,.F.);
#11550=FILL_AREA_STYLE_COLOUR('',#155);
#11551=FILL_AREA_STYLE('',(#11550));
#11552=SURFACE_STYLE_FILL_AREA(#11551);
#11553=SURFACE_SIDE_STYLE('',(#11552));
#11554=SURFACE_STYLE_USAGE(.POSITIVE.,#11553);
#11555=PRESENTATION_STYLE_ASSIGNMENT((#11554));
#11556=STYLED_ITEM('',(#11555),#11549);
#11557=CARTESIAN_POINT('',(-8.944223106715E-1,6.5E0,9.561281032757E0));
#11558=DIRECTION('',(0.E0,0.E0,1.E0));
#11559=DIRECTION('',(1.E0,0.E0,0.E0));
#11560=AXIS2_PLACEMENT_3D('',#11557,#11558,#11559);
#11561=PLANE('',#11560);
#11562=ORIENTED_EDGE('',*,*,#6643,.F.);
#11563=ORIENTED_EDGE('',*,*,#11345,.T.);
#11564=ORIENTED_EDGE('',*,*,#10699,.T.);
#11565=ORIENTED_EDGE('',*,*,#11543,.F.);
#11566=EDGE_LOOP('',(#11562,#11563,#11564,#11565));
#11567=FACE_OUTER_BOUND('',#11566,.F.);
#11569=FILL_AREA_STYLE_COLOUR('',#155);
#11570=FILL_AREA_STYLE('',(#11569));
#11571=SURFACE_STYLE_FILL_AREA(#11570);
#11572=SURFACE_SIDE_STYLE('',(#11571));
#11573=SURFACE_STYLE_USAGE(.POSITIVE.,#11572);
#11574=PRESENTATION_STYLE_ASSIGNMENT((#11573));
#11575=STYLED_ITEM('',(#11574),#11568);
#11576=CARTESIAN_POINT('',(-1.125577573458E0,6.5E0,9.891397103261E0));
#11577=CARTESIAN_POINT('',(-1.115475751707E0,6.5E0,9.891397103261E0));
#11578=CARTESIAN_POINT('',(-1.083811308641E0,6.5E0,9.891397103261E0));
#11579=CARTESIAN_POINT('',(-1.042045043825E0,6.5E0,9.891397103261E0));
#11580=CARTESIAN_POINT('',(-1.010380600759E0,6.5E0,9.891397103261E0));
#11581=CARTESIAN_POINT('',(-1.000278779008E0,6.5E0,9.891397103261E0));
#11583=CURVE_STYLE('',#11220,POSITIVE_LENGTH_MEASURE(2.E-2),#155);
#11584=PRESENTATION_STYLE_ASSIGNMENT((#11583));
#11585=STYLED_ITEM('',(#11584),#11582);
#11586=DIRECTION('',(0.E0,1.E0,0.E0));
#11587=VECTOR('',#11586,1.E0);
#11588=SURFACE_OF_LINEAR_EXTRUSION('',#11582,#11587);
#11589=ORIENTED_EDGE('',*,*,#6895,.F.);
#11591=ORIENTED_EDGE('',*,*,#11590,.T.);
#11592=ORIENTED_EDGE('',*,*,#10726,.T.);
#11594=ORIENTED_EDGE('',*,*,#11593,.F.);
#11595=EDGE_LOOP('',(#11589,#11591,#11592,#11594));
#11596=FACE_OUTER_BOUND('',#11595,.F.);
#11598=FILL_AREA_STYLE_COLOUR('',#155);
#11599=FILL_AREA_STYLE('',(#11598));
#11600=SURFACE_STYLE_FILL_AREA(#11599);
#11601=SURFACE_SIDE_STYLE('',(#11600));
#11602=SURFACE_STYLE_USAGE(.POSITIVE.,#11601);
#11603=PRESENTATION_STYLE_ASSIGNMENT((#11602));
#11604=STYLED_ITEM('',(#11603),#11597);
#11605=CARTESIAN_POINT('',(-1.030584244260E0,6.5E0,9.921702568513E0));
#11606=CARTESIAN_POINT('',(-1.030584244260E0,6.5E0,9.911600746762E0));
#11607=CARTESIAN_POINT('',(-1.030584244262E0,6.5E0,9.791460234843E0));
#11608=CARTESIAN_POINT('',(-1.030584244263E0,6.5E0,9.661217901174E0));
#11609=CARTESIAN_POINT('',(-1.030584244264E0,6.5E0,9.541077389255E0));
#11610=CARTESIAN_POINT('',(-1.030584244264E0,6.5E0,9.530975567504E0));
#11612=CURVE_STYLE('',#11220,POSITIVE_LENGTH_MEASURE(2.E-2),#155);
#11613=PRESENTATION_STYLE_ASSIGNMENT((#11612));
#11614=STYLED_ITEM('',(#11613),#11611);
#11615=DIRECTION('',(0.E0,1.E0,0.E0));
#11616=VECTOR('',#11615,1.E0);
#11617=SURFACE_OF_LINEAR_EXTRUSION('',#11611,#11616);
#11618=ORIENTED_EDGE('',*,*,#6901,.F.);
#11620=ORIENTED_EDGE('',*,*,#11619,.T.);
#11621=ORIENTED_EDGE('',*,*,#10728,.T.);
#11622=ORIENTED_EDGE('',*,*,#11590,.F.);
#11623=EDGE_LOOP('',(#11618,#11620,#11621,#11622));
#11624=FACE_OUTER_BOUND('',#11623,.F.);
#11626=FILL_AREA_STYLE_COLOUR('',#155);
#11627=FILL_AREA_STYLE('',(#11626));
#11628=SURFACE_STYLE_FILL_AREA(#11627);
#11629=SURFACE_SIDE_STYLE('',(#11628));
#11630=SURFACE_STYLE_USAGE(.POSITIVE.,#11629);
#11631=PRESENTATION_STYLE_ASSIGNMENT((#11630));
#11632=STYLED_ITEM('',(#11631),#11625);
#11633=CARTESIAN_POINT('',(-1.000278779011E0,6.5E0,9.561281032757E0));
#11634=CARTESIAN_POINT('',(-1.010380600762E0,6.5E0,9.561281032757E0));
#11635=CARTESIAN_POINT('',(-1.041205889361E0,6.5E0,9.561281032757E0));
#11636=CARTESIAN_POINT('',(-1.082132999711E0,6.5E0,9.561281032757E0));
#11637=CARTESIAN_POINT('',(-1.112958288310E0,6.5E0,9.561281032757E0));
#11638=CARTESIAN_POINT('',(-1.123060110061E0,6.5E0,9.561281032757E0));
#11640=CURVE_STYLE('',#11220,POSITIVE_LENGTH_MEASURE(2.E-2),#155);
#11641=PRESENTATION_STYLE_ASSIGNMENT((#11640));
#11642=STYLED_ITEM('',(#11641),#11639);
#11643=DIRECTION('',(0.E0,1.E0,0.E0));
#11644=VECTOR('',#11643,1.E0);
#11645=SURFACE_OF_LINEAR_EXTRUSION('',#11639,#11644);
#11646=ORIENTED_EDGE('',*,*,#6899,.F.);
#11648=ORIENTED_EDGE('',*,*,#11647,.T.);
#11649=ORIENTED_EDGE('',*,*,#10730,.T.);
#11650=ORIENTED_EDGE('',*,*,#11619,.F.);
#11651=EDGE_LOOP('',(#11646,#11648,#11649,#11650));
#11652=FACE_OUTER_BOUND('',#11651,.F.);
#11654=FILL_AREA_STYLE_COLOUR('',#155);
#11655=FILL_AREA_STYLE('',(#11654));
#11656=SURFACE_STYLE_FILL_AREA(#11655);
#11657=SURFACE_SIDE_STYLE('',(#11656));
#11658=SURFACE_STYLE_USAGE(.POSITIVE.,#11657);
#11659=PRESENTATION_STYLE_ASSIGNMENT((#11658));
#11660=STYLED_ITEM('',(#11659),#11653);
#11661=CARTESIAN_POINT('',(-1.077256064406E0,6.5E0,9.561836622155E0));
#11662=CARTESIAN_POINT('',(-1.082328738235E0,6.5E0,9.561468060643E0));
#11663=CARTESIAN_POINT('',(-1.131880687636E0,6.5E0,9.559678365017E0));
#11664=CARTESIAN_POINT('',(-1.237014267641E0,6.5E0,9.588523457914E0));
#11665=CARTESIAN_POINT('',(-1.280520291149E0,6.5E0,9.729304673625E0));
#11666=CARTESIAN_POINT('',(-1.235492243451E0,6.5E0,9.868559250365E0));
#11667=CARTESIAN_POINT('',(-1.132875265212E0,6.5E0,9.892745599377E0));
#11668=CARTESIAN_POINT('',(-1.085133131127E0,6.5E0,9.891238183970E0));
#11669=CARTESIAN_POINT('',(-1.080208584832E0,6.5E0,9.890930086908E0));
#11671=CURVE_STYLE('',#11220,POSITIVE_LENGTH_MEASURE(2.E-2),#155);
#11672=PRESENTATION_STYLE_ASSIGNMENT((#11671));
#11673=STYLED_ITEM('',(#11672),#11670);
#11674=DIRECTION('',(0.E0,1.E0,0.E0));
#11675=VECTOR('',#11674,1.E0);
#11676=SURFACE_OF_LINEAR_EXTRUSION('',#11670,#11675);
#11677=ORIENTED_EDGE('',*,*,#6897,.T.);
#11678=ORIENTED_EDGE('',*,*,#11593,.T.);
#11679=ORIENTED_EDGE('',*,*,#10732,.T.);
#11680=ORIENTED_EDGE('',*,*,#11647,.F.);
#11681=EDGE_LOOP('',(#11677,#11678,#11679,#11680));
#11682=FACE_OUTER_BOUND('',#11681,.F.);
#11684=FILL_AREA_STYLE_COLOUR('',#155);
#11685=FILL_AREA_STYLE('',(#11684));
#11686=SURFACE_STYLE_FILL_AREA(#11685);
#11687=SURFACE_SIDE_STYLE('',(#11686));
#11688=SURFACE_STYLE_USAGE(.POSITIVE.,#11687);
#11689=PRESENTATION_STYLE_ASSIGNMENT((#11688));
#11690=STYLED_ITEM('',(#11689),#11683);
#11691=CARTESIAN_POINT('',(-1.123388474853E0,6.5E0,9.512464133735E0));
#11692=CARTESIAN_POINT('',(-1.113286653102E0,6.5E0,9.512464133735E0));
#11693=CARTESIAN_POINT('',(-1.063926996265E0,6.5E0,9.512464133735E0));
#11694=CARTESIAN_POINT('',(-1.004465517677E0,6.5E0,9.512464133735E0));
#11695=CARTESIAN_POINT('',(-9.551058608390E-1,6.5E0,9.512464133735E0));
#11696=CARTESIAN_POINT('',(-9.450040390883E-1,6.5E0,9.512464133735E0));
#11698=CURVE_STYLE('',#11220,POSITIVE_LENGTH_MEASURE(2.E-2),#155);
#11699=PRESENTATION_STYLE_ASSIGNMENT((#11698));
#11700=STYLED_ITEM('',(#11699),#11697);
#11701=DIRECTION('',(0.E0,1.E0,0.E0));
#11702=VECTOR('',#11701,1.E0);
#11703=SURFACE_OF_LINEAR_EXTRUSION('',#11697,#11702);
#11704=ORIENTED_EDGE('',*,*,#6667,.F.);
#11706=ORIENTED_EDGE('',*,*,#11705,.T.);
#11707=ORIENTED_EDGE('',*,*,#10716,.T.);
#11709=ORIENTED_EDGE('',*,*,#11708,.F.);
#11710=EDGE_LOOP('',(#11704,#11706,#11707,#11709));
#11711=FACE_OUTER_BOUND('',#11710,.F.);
#11713=FILL_AREA_STYLE_COLOUR('',#155);
#11714=FILL_AREA_STYLE('',(#11713));
#11715=SURFACE_STYLE_FILL_AREA(#11714);
#11716=SURFACE_SIDE_STYLE('',(#11715));
#11717=SURFACE_STYLE_USAGE(.POSITIVE.,#11716);
#11718=PRESENTATION_STYLE_ASSIGNMENT((#11717));
#11719=STYLED_ITEM('',(#11718),#11712);
#11720=CARTESIAN_POINT('',(-9.753095043407E-1,6.5E0,9.482158668483E0));
#11721=CARTESIAN_POINT('',(-9.753095043406E-1,6.5E0,9.492260490233E0));
#11722=CARTESIAN_POINT('',(-9.753095043396E-1,6.5E0,9.645091541406E0));
#11723=CARTESIAN_POINT('',(-9.753095043384E-1,6.5E0,9.808024414330E0));
#11724=CARTESIAN_POINT('',(-9.753095043374E-1,6.5E0,9.960855465503E0));
#11725=CARTESIAN_POINT('',(-9.753095043373E-1,6.5E0,9.970957287254E0));
#11727=CURVE_STYLE('',#11220,POSITIVE_LENGTH_MEASURE(2.E-2),#155);
#11728=PRESENTATION_STYLE_ASSIGNMENT((#11727));
#11729=STYLED_ITEM('',(#11728),#11726);
#11730=DIRECTION('',(0.E0,1.E0,0.E0));
#11731=VECTOR('',#11730,1.E0);
#11732=SURFACE_OF_LINEAR_EXTRUSION('',#11726,#11731);
#11733=ORIENTED_EDGE('',*,*,#6673,.F.);
#11735=ORIENTED_EDGE('',*,*,#11734,.T.);
#11736=ORIENTED_EDGE('',*,*,#10718,.T.);
#11737=ORIENTED_EDGE('',*,*,#11705,.F.);
#11738=EDGE_LOOP('',(#11733,#11735,#11736,#11737));
#11739=FACE_OUTER_BOUND('',#11738,.F.);
#11741=FILL_AREA_STYLE_COLOUR('',#155);
#11742=FILL_AREA_STYLE('',(#11741));
#11743=SURFACE_STYLE_FILL_AREA(#11742);
#11744=SURFACE_SIDE_STYLE('',(#11743));
#11745=SURFACE_STYLE_USAGE(.POSITIVE.,#11744);
#11746=PRESENTATION_STYLE_ASSIGNMENT((#11745));
#11747=STYLED_ITEM('',(#11746),#11740);
#11748=CARTESIAN_POINT('',(-9.450040390853E-1,6.5E0,9.940651822002E0));
#11749=CARTESIAN_POINT('',(-9.551058608361E-1,6.5E0,9.940651822002E0));
#11750=CARTESIAN_POINT('',(-1.005924916748E0,6.5E0,9.940651822002E0));
#11751=CARTESIAN_POINT('',(-1.066845794410E0,6.5E0,9.940651822002E0));
#11752=CARTESIAN_POINT('',(-1.117664850322E0,6.5E0,9.940651822002E0));
#11753=CARTESIAN_POINT('',(-1.127766672072E0,6.5E0,9.940651822002E0));
#11755=CURVE_STYLE('',#11220,POSITIVE_LENGTH_MEASURE(2.E-2),#155);
#11756=PRESENTATION_STYLE_ASSIGNMENT((#11755));
#11757=STYLED_ITEM('',(#11756),#11754);
#11758=DIRECTION('',(0.E0,1.E0,0.E0));
#11759=VECTOR('',#11758,1.E0);
#11760=SURFACE_OF_LINEAR_EXTRUSION('',#11754,#11759);
#11761=ORIENTED_EDGE('',*,*,#6671,.F.);
#11763=ORIENTED_EDGE('',*,*,#11762,.T.);
#11764=ORIENTED_EDGE('',*,*,#10720,.T.);
#11765=ORIENTED_EDGE('',*,*,#11734,.F.);
#11766=EDGE_LOOP('',(#11761,#11763,#11764,#11765));
#11767=FACE_OUTER_BOUND('',#11766,.F.);
#11769=FILL_AREA_STYLE_COLOUR('',#155);
#11770=FILL_AREA_STYLE('',(#11769));
#11771=SURFACE_STYLE_FILL_AREA(#11770);
#11772=SURFACE_SIDE_STYLE('',(#11771));
#11773=SURFACE_STYLE_USAGE(.POSITIVE.,#11772);
#11774=PRESENTATION_STYLE_ASSIGNMENT((#11773));
#11775=STYLED_ITEM('',(#11774),#11768);
#11776=CARTESIAN_POINT('',(-1.081943354798E0,6.5E0,9.940210307973E0));
#11777=CARTESIAN_POINT('',(-1.087062006911E0,6.5E0,9.940503782041E0));
#11778=CARTESIAN_POINT('',(-1.148961559625E0,6.5E0,9.942273210235E0));
#11779=CARTESIAN_POINT('',(-1.276605916177E0,6.5E0,9.905803137702E0));
#11780=CARTESIAN_POINT('',(-1.346889668438E0,6.5E0,9.729839186765E0));
#11781=CARTESIAN_POINT('',(-1.278034390575E0,6.5E0,9.550437857433E0));
#11782=CARTESIAN_POINT('',(-1.146428391306E0,6.5E0,9.510785452167E0));
#11783=CARTESIAN_POINT('',(-1.082837932835E0,6.5E0,9.512610621756E0));
#11784=CARTESIAN_POINT('',(-1.077788506567E0,6.5E0,9.512902088913E0));
#11786=CURVE_STYLE('',#11220,POSITIVE_LENGTH_MEASURE(2.E-2),#155);
#11787=PRESENTATION_STYLE_ASSIGNMENT((#11786));
#11788=STYLED_ITEM('',(#11787),#11785);
#11789=DIRECTION('',(0.E0,1.E0,0.E0));
#11790=VECTOR('',#11789,1.E0);
#11791=SURFACE_OF_LINEAR_EXTRUSION('',#11785,#11790);
#11792=ORIENTED_EDGE('',*,*,#6669,.T.);
#11793=ORIENTED_EDGE('',*,*,#11708,.T.);
#11794=ORIENTED_EDGE('',*,*,#10722,.T.);
#11795=ORIENTED_EDGE('',*,*,#11762,.F.);
#11796=EDGE_LOOP('',(#11792,#11793,#11794,#11795));
#11797=FACE_OUTER_BOUND('',#11796,.F.);
#11799=FILL_AREA_STYLE_COLOUR('',#155);
#11800=FILL_AREA_STYLE('',(#11799));
#11801=SURFACE_STYLE_FILL_AREA(#11800);
#11802=SURFACE_SIDE_STYLE('',(#11801));
#11803=SURFACE_STYLE_USAGE(.POSITIVE.,#11802);
#11804=PRESENTATION_STYLE_ASSIGNMENT((#11803));
#11805=STYLED_ITEM('',(#11804),#11798);
#11806=CARTESIAN_POINT('',(-1.546651733264E0,6.5E0,9.855351848434E0));
#11807=CARTESIAN_POINT('',(-1.546582434095E0,6.5E0,9.855545625559E0));
#11808=CARTESIAN_POINT('',(-1.543073716079E0,6.5E0,9.865437258124E0));
#11809=CARTESIAN_POINT('',(-1.540807825349E0,6.5E0,9.875981761541E0));
#11810=CARTESIAN_POINT('',(-1.539065999061E0,6.5E0,9.886330174269E0));
#11811=CARTESIAN_POINT('',(-1.539032024140E0,6.5E0,9.886533083484E0));
#11813=CURVE_STYLE('',#11220,POSITIVE_LENGTH_MEASURE(2.E-2),#155);
#11814=PRESENTATION_STYLE_ASSIGNMENT((#11813));
#11815=STYLED_ITEM('',(#11814),#11812);
#11816=DIRECTION('',(0.E0,1.E0,0.E0));
#11817=VECTOR('',#11816,1.E0);
#11818=SURFACE_OF_LINEAR_EXTRUSION('',#11812,#11817);
#11819=ORIENTED_EDGE('',*,*,#6918,.T.);
#11821=ORIENTED_EDGE('',*,*,#11820,.T.);
#11822=ORIENTED_EDGE('',*,*,#10767,.T.);
#11824=ORIENTED_EDGE('',*,*,#11823,.F.);
#11825=EDGE_LOOP('',(#11819,#11821,#11822,#11824));
#11826=FACE_OUTER_BOUND('',#11825,.F.);
#11828=FILL_AREA_STYLE_COLOUR('',#155);
#11829=FILL_AREA_STYLE('',(#11828));
#11830=SURFACE_STYLE_FILL_AREA(#11829);
#11831=SURFACE_SIDE_STYLE('',(#11830));
#11832=SURFACE_STYLE_USAGE(.POSITIVE.,#11831);
#11833=PRESENTATION_STYLE_ASSIGNMENT((#11832));
#11834=STYLED_ITEM('',(#11833),#11827);
#11835=CARTESIAN_POINT('',(-1.539231990484E0,6.5E0,9.886535728504E0));
#11836=CARTESIAN_POINT('',(-1.539199800251E0,6.5E0,9.886331920468E0));
#11837=CARTESIAN_POINT('',(-1.537542361614E0,6.5E0,9.875938542272E0));
#11838=CARTESIAN_POINT('',(-1.535025133192E0,6.5E0,9.865393680023E0));
#11839=CARTESIAN_POINT('',(-1.531304583755E0,6.5E0,9.855547385973E0));
#11840=CARTESIAN_POINT('',(-1.531231147170E0,6.5E0,9.855354515414E0));
#11842=CURVE_STYLE('',#11220,POSITIVE_LENGTH_MEASURE(2.E-2),#155);
#11843=PRESENTATION_STYLE_ASSIGNMENT((#11842));
#11844=STYLED_ITEM('',(#11843),#11841);
#11845=DIRECTION('',(0.E0,1.E0,0.E0));
#11846=VECTOR('',#11845,1.E0);
#11847=SURFACE_OF_LINEAR_EXTRUSION('',#11841,#11846);
#11848=ORIENTED_EDGE('',*,*,#6926,.T.);
#11850=ORIENTED_EDGE('',*,*,#11849,.T.);
#11851=ORIENTED_EDGE('',*,*,#10769,.T.);
#11852=ORIENTED_EDGE('',*,*,#11820,.F.);
#11853=EDGE_LOOP('',(#11848,#11850,#11851,#11852));
#11854=FACE_OUTER_BOUND('',#11853,.F.);
#11856=FILL_AREA_STYLE_COLOUR('',#155);
#11857=FILL_AREA_STYLE('',(#11856));
#11858=SURFACE_STYLE_FILL_AREA(#11857);
#11859=SURFACE_SIDE_STYLE('',(#11858));
#11860=SURFACE_STYLE_USAGE(.POSITIVE.,#11859);
#11861=PRESENTATION_STYLE_ASSIGNMENT((#11860));
#11862=STYLED_ITEM('',(#11861),#11855);
#11863=CARTESIAN_POINT('',(-1.541709468124E0,6.5E0,9.884449748080E0));
#11864=CARTESIAN_POINT('',(-1.538289647551E0,6.5E0,9.874944400641E0));
#11865=CARTESIAN_POINT('',(-1.513526115523E0,6.5E0,9.806114480850E0));
#11866=CARTESIAN_POINT('',(-1.485342762922E0,6.5E0,9.727779213620E0));
#11867=CARTESIAN_POINT('',(-1.460579230895E0,6.5E0,9.658949293828E0));
#11868=CARTESIAN_POINT('',(-1.457159410322E0,6.5E0,9.649443946390E0));
#11870=CURVE_STYLE('',#11220,POSITIVE_LENGTH_MEASURE(2.E-2),#155);
#11871=PRESENTATION_STYLE_ASSIGNMENT((#11870));
#11872=STYLED_ITEM('',(#11871),#11869);
#11873=DIRECTION('',(0.E0,1.E0,0.E0));
#11874=VECTOR('',#11873,1.E0);
#11875=SURFACE_OF_LINEAR_EXTRUSION('',#11869,#11874);
#11876=ORIENTED_EDGE('',*,*,#6924,.F.);
#11878=ORIENTED_EDGE('',*,*,#11877,.T.);
#11879=ORIENTED_EDGE('',*,*,#10771,.T.);
#11880=ORIENTED_EDGE('',*,*,#11849,.F.);
#11881=EDGE_LOOP('',(#11876,#11878,#11879,#11880));
#11882=FACE_OUTER_BOUND('',#11881,.F.);
#11884=FILL_AREA_STYLE_COLOUR('',#155);
#11885=FILL_AREA_STYLE('',(#11884));
#11886=SURFACE_STYLE_FILL_AREA(#11885);
#11887=SURFACE_SIDE_STYLE('',(#11886));
#11888=SURFACE_STYLE_USAGE(.POSITIVE.,#11887);
#11889=PRESENTATION_STYLE_ASSIGNMENT((#11888));
#11890=STYLED_ITEM('',(#11889),#11883);
#11891=CARTESIAN_POINT('',(-1.437113406788E0,6.5E0,9.677959988706E0));
#11892=CARTESIAN_POINT('',(-1.447215228539E0,6.5E0,9.677959988706E0));
#11893=CARTESIAN_POINT('',(-1.505221824889E0,6.5E0,9.677959988706E0));
#11894=CARTESIAN_POINT('',(-1.573330242989E0,6.5E0,9.677959988706E0));
#11895=CARTESIAN_POINT('',(-1.631336839339E0,6.5E0,9.677959988706E0));
#11896=CARTESIAN_POINT('',(-1.641438661090E0,6.5E0,9.677959988706E0));
#11898=CURVE_STYLE('',#11220,POSITIVE_LENGTH_MEASURE(2.E-2),#155);
#11899=PRESENTATION_STYLE_ASSIGNMENT((#11898));
#11900=STYLED_ITEM('',(#11899),#11897);
#11901=DIRECTION('',(0.E0,1.E0,0.E0));
#11902=VECTOR('',#11901,1.E0);
#11903=SURFACE_OF_LINEAR_EXTRUSION('',#11897,#11902);
#11904=ORIENTED_EDGE('',*,*,#6922,.F.);
#11906=ORIENTED_EDGE('',*,*,#11905,.T.);
#11907=ORIENTED_EDGE('',*,*,#10773,.T.);
#11908=ORIENTED_EDGE('',*,*,#11877,.F.);
#11909=EDGE_LOOP('',(#11904,#11906,#11907,#11908));
#11910=FACE_OUTER_BOUND('',#11909,.F.);
#11912=FILL_AREA_STYLE_COLOUR('',#155);
#11913=FILL_AREA_STYLE('',(#11912));
#11914=SURFACE_STYLE_FILL_AREA(#11913);
#11915=SURFACE_SIDE_STYLE('',(#11914));
#11916=SURFACE_STYLE_USAGE(.POSITIVE.,#11915);
#11917=PRESENTATION_STYLE_ASSIGNMENT((#11916));
#11918=STYLED_ITEM('',(#11917),#11911);
#11919=CARTESIAN_POINT('',(-1.621485658858E0,6.5E0,9.649477577755E0));
#11920=CARTESIAN_POINT('',(-1.618034837851E0,6.5E0,9.658971714739E0));
#11921=CARTESIAN_POINT('',(-1.593021395529E0,6.5E0,9.727790424075E0));
#11922=CARTESIAN_POINT('',(-1.564557132199E0,6.5E0,9.806103270395E0));
#11923=CARTESIAN_POINT('',(-1.539543689876E0,6.5E0,9.874921979731E0));
#11924=CARTESIAN_POINT('',(-1.536092868869E0,6.5E0,9.884416116714E0));
#11926=CURVE_STYLE('',#11220,POSITIVE_LENGTH_MEASURE(2.E-2),#155);
#11927=PRESENTATION_STYLE_ASSIGNMENT((#11926));
#11928=STYLED_ITEM('',(#11927),#11925);
#11929=DIRECTION('',(0.E0,1.E0,0.E0));
#11930=VECTOR('',#11929,1.E0);
#11931=SURFACE_OF_LINEAR_EXTRUSION('',#11925,#11930);
#11932=ORIENTED_EDGE('',*,*,#6920,.F.);
#11933=ORIENTED_EDGE('',*,*,#11823,.T.);
#11934=ORIENTED_EDGE('',*,*,#10775,.T.);
#11935=ORIENTED_EDGE('',*,*,#11905,.F.);
#11936=EDGE_LOOP('',(#11932,#11933,#11934,#11935));
#11937=FACE_OUTER_BOUND('',#11936,.F.);
#11939=FILL_AREA_STYLE_COLOUR('',#155);
#11940=FILL_AREA_STYLE('',(#11939));
#11941=SURFACE_STYLE_FILL_AREA(#11940);
#11942=SURFACE_SIDE_STYLE('',(#11941));
#11943=SURFACE_STYLE_USAGE(.POSITIVE.,#11942);
#11944=PRESENTATION_STYLE_ASSIGNMENT((#11943));
#11945=STYLED_ITEM('',(#11944),#11938);
#11946=CARTESIAN_POINT('',(-1.732956533531E0,6.5E0,9.512464133735E0));
#11947=DIRECTION('',(-9.345104387413E-1,0.E0,3.559357243710E-1));
#11948=DIRECTION('',(3.559357243710E-1,0.E0,9.345104387413E-1));
#11949=AXIS2_PLACEMENT_3D('',#11946,#11947,#11948);
#11950=PLANE('',#11949);
#11951=ORIENTED_EDGE('',*,*,#6677,.F.);
#11953=ORIENTED_EDGE('',*,*,#11952,.T.);
#11954=ORIENTED_EDGE('',*,*,#10749,.T.);
#11956=ORIENTED_EDGE('',*,*,#11955,.F.);
#11957=EDGE_LOOP('',(#11951,#11953,#11954,#11956));
#11958=FACE_OUTER_BOUND('',#11957,.F.);
#11960=FILL_AREA_STYLE_COLOUR('',#155);
#11961=FILL_AREA_STYLE('',(#11960));
#11962=SURFACE_STYLE_FILL_AREA(#11961);
#11963=SURFACE_SIDE_STYLE('',(#11962));
#11964=SURFACE_STYLE_USAGE(.POSITIVE.,#11963);
#11965=PRESENTATION_STYLE_ASSIGNMENT((#11964));
#11966=STYLED_ITEM('',(#11965),#11959);
#11967=CARTESIAN_POINT('',(-1.671880682293E0,6.5E0,9.512464133735E0));
#11968=DIRECTION('',(0.E0,0.E0,-1.E0));
#11969=DIRECTION('',(-1.E0,0.E0,0.E0));
#11970=AXIS2_PLACEMENT_3D('',#11967,#11968,#11969);
#11971=PLANE('',#11970);
#11972=ORIENTED_EDGE('',*,*,#6691,.F.);
#11974=ORIENTED_EDGE('',*,*,#11973,.T.);
#11975=ORIENTED_EDGE('',*,*,#10751,.T.);
#11976=ORIENTED_EDGE('',*,*,#11952,.F.);
#11977=EDGE_LOOP('',(#11972,#11974,#11975,#11976));
#11978=FACE_OUTER_BOUND('',#11977,.F.);
#11980=FILL_AREA_STYLE_COLOUR('',#155);
#11981=FILL_AREA_STYLE('',(#11980));
#11982=SURFACE_STYLE_FILL_AREA(#11981);
#11983=SURFACE_SIDE_STYLE('',(#11982));
#11984=SURFACE_STYLE_USAGE(.POSITIVE.,#11983);
#11985=PRESENTATION_STYLE_ASSIGNMENT((#11984));
#11986=STYLED_ITEM('',(#11985),#11979);
#11987=CARTESIAN_POINT('',(-1.628208165009E0,6.5E0,9.629580909409E0));
#11988=DIRECTION('',(9.369753459537E-1,0.E0,-3.493954794714E-1));
#11989=DIRECTION('',(-3.493954794714E-1,0.E0,-9.369753459537E-1));
#11990=AXIS2_PLACEMENT_3D('',#11987,#11988,#11989);
#11991=PLANE('',#11990);
#11992=ORIENTED_EDGE('',*,*,#6689,.F.);
#11994=ORIENTED_EDGE('',*,*,#11993,.T.);
#11995=ORIENTED_EDGE('',*,*,#10753,.T.);
#11996=ORIENTED_EDGE('',*,*,#11973,.F.);
#11997=EDGE_LOOP('',(#11992,#11994,#11995,#11996));
#11998=FACE_OUTER_BOUND('',#11997,.F.);
#12000=FILL_AREA_STYLE_COLOUR('',#155);
#12001=FILL_AREA_STYLE('',(#12000));
#12002=SURFACE_STYLE_FILL_AREA(#12001);
#12003=SURFACE_SIDE_STYLE('',(#12002));
#12004=SURFACE_STYLE_USAGE(.POSITIVE.,#12003);
#12005=PRESENTATION_STYLE_ASSIGNMENT((#12004));
#12006=STYLED_ITEM('',(#12005),#11999);
#12007=CARTESIAN_POINT('',(-1.449906083161E0,6.5E0,9.629580909409E0));
#12008=DIRECTION('',(0.E0,0.E0,-1.E0));
#12009=DIRECTION('',(-1.E0,0.E0,0.E0));
#12010=AXIS2_PLACEMENT_3D('',#12007,#12008,#12009);
#12011=PLANE('',#12010);
#12012=ORIENTED_EDGE('',*,*,#6687,.F.);
#12014=ORIENTED_EDGE('',*,*,#12013,.T.);
#12015=ORIENTED_EDGE('',*,*,#10755,.T.);
#12016=ORIENTED_EDGE('',*,*,#11993,.F.);
#12017=EDGE_LOOP('',(#12012,#12014,#12015,#12016));
#12018=FACE_OUTER_BOUND('',#12017,.F.);
#12020=FILL_AREA_STYLE_COLOUR('',#155);
#12021=FILL_AREA_STYLE('',(#12020));
#12022=SURFACE_STYLE_FILL_AREA(#12021);
#12023=SURFACE_SIDE_STYLE('',(#12022));
#12024=SURFACE_STYLE_USAGE(.POSITIVE.,#12023);
#12025=PRESENTATION_STYLE_ASSIGNMENT((#12024));
#12026=STYLED_ITEM('',(#12025),#12019);
#12027=CARTESIAN_POINT('',(-1.408751029272E0,6.5E0,9.512464133735E0));
#12028=DIRECTION('',(-9.434452330623E-1,0.E0,-3.315284184080E-1));
#12029=DIRECTION('',(-3.315284184080E-1,0.E0,9.434452330623E-1));
#12030=AXIS2_PLACEMENT_3D('',#12027,#12028,#12029);
#12031=PLANE('',#12030);
#12032=ORIENTED_EDGE('',*,*,#6685,.F.);
#12034=ORIENTED_EDGE('',*,*,#12033,.T.);
#12035=ORIENTED_EDGE('',*,*,#10757,.T.);
#12036=ORIENTED_EDGE('',*,*,#12013,.F.);
#12037=EDGE_LOOP('',(#12032,#12034,#12035,#12036));
#12038=FACE_OUTER_BOUND('',#12037,.F.);
#12040=FILL_AREA_STYLE_COLOUR('',#155);
#12041=FILL_AREA_STYLE('',(#12040));
#12042=SURFACE_STYLE_FILL_AREA(#12041);
#12043=SURFACE_SIDE_STYLE('',(#12042));
#12044=SURFACE_STYLE_USAGE(.POSITIVE.,#12043);
#12045=PRESENTATION_STYLE_ASSIGNMENT((#12044));
#12046=STYLED_ITEM('',(#12045),#12039);
#12047=CARTESIAN_POINT('',(-1.347675178034E0,6.5E0,9.512464133735E0));
#12048=DIRECTION('',(0.E0,0.E0,-1.E0));
#12049=DIRECTION('',(-1.E0,0.E0,0.E0));
#12050=AXIS2_PLACEMENT_3D('',#12047,#12048,#12049);
#12051=PLANE('',#12050);
#12052=ORIENTED_EDGE('',*,*,#6683,.F.);
#12054=ORIENTED_EDGE('',*,*,#12053,.T.);
#12055=ORIENTED_EDGE('',*,*,#10759,.T.);
#12056=ORIENTED_EDGE('',*,*,#12033,.F.);
#12057=EDGE_LOOP('',(#12052,#12054,#12055,#12056));
#12058=FACE_OUTER_BOUND('',#12057,.F.);
#12060=FILL_AREA_STYLE_COLOUR('',#155);
#12061=FILL_AREA_STYLE('',(#12060));
#12062=SURFACE_STYLE_FILL_AREA(#12061);
#12063=SURFACE_SIDE_STYLE('',(#12062));
#12064=SURFACE_STYLE_USAGE(.POSITIVE.,#12063);
#12065=PRESENTATION_STYLE_ASSIGNMENT((#12064));
#12066=STYLED_ITEM('',(#12065),#12059);
#12067=CARTESIAN_POINT('',(-1.510763024536E0,6.5E0,9.940651822002E0));
#12068=DIRECTION('',(9.345104387424E-1,0.E0,3.559357243682E-1));
#12069=DIRECTION('',(3.559357243682E-1,0.E0,-9.345104387424E-1));
#12070=AXIS2_PLACEMENT_3D('',#12067,#12068,#12069);
#12071=PLANE('',#12070);
#12072=ORIENTED_EDGE('',*,*,#6681,.F.);
#12074=ORIENTED_EDGE('',*,*,#12073,.T.);
#12075=ORIENTED_EDGE('',*,*,#10761,.T.);
#12076=ORIENTED_EDGE('',*,*,#12053,.F.);
#12077=EDGE_LOOP('',(#12072,#12074,#12075,#12076));
#12078=FACE_OUTER_BOUND('',#12077,.F.);
#12080=FILL_AREA_STYLE_COLOUR('',#155);
#12081=FILL_AREA_STYLE('',(#12080));
#12082=SURFACE_STYLE_FILL_AREA(#12081);
#12083=SURFACE_SIDE_STYLE('',(#12082));
#12084=SURFACE_STYLE_USAGE(.POSITIVE.,#12083);
#12085=PRESENTATION_STYLE_ASSIGNMENT((#12084));
#12086=STYLED_ITEM('',(#12085),#12079);
#12087=CARTESIAN_POINT('',(-1.569868687027E0,6.5E0,9.940651822002E0));
#12088=DIRECTION('',(0.E0,0.E0,1.E0));
#12089=DIRECTION('',(1.E0,0.E0,0.E0));
#12090=AXIS2_PLACEMENT_3D('',#12087,#12088,#12089);
#12091=PLANE('',#12090);
#12092=ORIENTED_EDGE('',*,*,#6679,.F.);
#12093=ORIENTED_EDGE('',*,*,#11955,.T.);
#12094=ORIENTED_EDGE('',*,*,#10763,.T.);
#12095=ORIENTED_EDGE('',*,*,#12073,.F.);
#12096=EDGE_LOOP('',(#12092,#12093,#12094,#12095));
#12097=FACE_OUTER_BOUND('',#12096,.F.);
#12099=FILL_AREA_STYLE_COLOUR('',#155);
#12100=FILL_AREA_STYLE('',(#12099));
#12101=SURFACE_STYLE_FILL_AREA(#12100);
#12102=SURFACE_SIDE_STYLE('',(#12101));
#12103=SURFACE_STYLE_USAGE(.POSITIVE.,#12102);
#12104=PRESENTATION_STYLE_ASSIGNMENT((#12103));
#12105=STYLED_ITEM('',(#12104),#12098);
#12106=CARTESIAN_POINT('',(-2.448072979245E-1,6.5E0,8.833186834812E0));
#12107=DIRECTION('',(-1.E0,0.E0,0.E0));
#12108=DIRECTION('',(0.E0,0.E0,1.E0));
#12109=AXIS2_PLACEMENT_3D('',#12106,#12107,#12108);
#12110=PLANE('',#12109);
#12111=ORIENTED_EDGE('',*,*,#6695,.F.);
#12113=ORIENTED_EDGE('',*,*,#12112,.T.);
#12114=ORIENTED_EDGE('',*,*,#10792,.T.);
#12116=ORIENTED_EDGE('',*,*,#12115,.F.);
#12117=EDGE_LOOP('',(#12111,#12113,#12114,#12116));
#12118=FACE_OUTER_BOUND('',#12117,.F.);
#12120=FILL_AREA_STYLE_COLOUR('',#155);
#12121=FILL_AREA_STYLE('',(#12120));
#12122=SURFACE_STYLE_FILL_AREA(#12121);
#12123=SURFACE_SIDE_STYLE('',(#12122));
#12124=SURFACE_STYLE_USAGE(.POSITIVE.,#12123);
#12125=PRESENTATION_STYLE_ASSIGNMENT((#12124));
#12126=STYLED_ITEM('',(#12125),#12119);
#12127=CARTESIAN_POINT('',(-1.451412407140E-2,6.5E0,8.833186834812E0));
#12128=DIRECTION('',(0.E0,0.E0,-1.E0));
#12129=DIRECTION('',(-1.E0,0.E0,0.E0));
#12130=AXIS2_PLACEMENT_3D('',#12127,#12128,#12129);
#12131=PLANE('',#12130);
#12132=ORIENTED_EDGE('',*,*,#6717,.F.);
#12134=ORIENTED_EDGE('',*,*,#12133,.T.);
#12135=ORIENTED_EDGE('',*,*,#10794,.T.);
#12136=ORIENTED_EDGE('',*,*,#12112,.F.);
#12137=EDGE_LOOP('',(#12132,#12134,#12135,#12136));
#12138=FACE_OUTER_BOUND('',#12137,.F.);
#12140=FILL_AREA_STYLE_COLOUR('',#155);
#12141=FILL_AREA_STYLE('',(#12140));
#12142=SURFACE_STYLE_FILL_AREA(#12141);
#12143=SURFACE_SIDE_STYLE('',(#12142));
#12144=SURFACE_STYLE_USAGE(.POSITIVE.,#12143);
#12145=PRESENTATION_STYLE_ASSIGNMENT((#12144));
#12146=STYLED_ITEM('',(#12145),#12139);
#12147=CARTESIAN_POINT('',(-1.451412407140E-2,6.5E0,9.261374523079E0));
#12148=DIRECTION('',(1.E0,0.E0,0.E0));
#12149=DIRECTION('',(0.E0,0.E0,-1.E0));
#12150=AXIS2_PLACEMENT_3D('',#12147,#12148,#12149);
#12151=PLANE('',#12150);
#12152=ORIENTED_EDGE('',*,*,#6715,.F.);
#12154=ORIENTED_EDGE('',*,*,#12153,.T.);
#12155=ORIENTED_EDGE('',*,*,#10796,.T.);
#12156=ORIENTED_EDGE('',*,*,#12133,.F.);
#12157=EDGE_LOOP('',(#12152,#12154,#12155,#12156));
#12158=FACE_OUTER_BOUND('',#12157,.F.);
#12160=FILL_AREA_STYLE_COLOUR('',#155);
#12161=FILL_AREA_STYLE('',(#12160));
#12162=SURFACE_STYLE_FILL_AREA(#12161);
#12163=SURFACE_SIDE_STYLE('',(#12162));
#12164=SURFACE_STYLE_USAGE(.POSITIVE.,#12163);
#12165=PRESENTATION_STYLE_ASSIGNMENT((#12164));
#12166=STYLED_ITEM('',(#12165),#12159);
#12167=CARTESIAN_POINT('',(-2.350658091046E-1,6.5E0,9.261374523079E0));
#12168=DIRECTION('',(0.E0,0.E0,1.E0));
#12169=DIRECTION('',(1.E0,0.E0,0.E0));
#12170=AXIS2_PLACEMENT_3D('',#12167,#12168,#12169);
#12171=PLANE('',#12170);
#12172=ORIENTED_EDGE('',*,*,#6713,.F.);
#12174=ORIENTED_EDGE('',*,*,#12173,.T.);
#12175=ORIENTED_EDGE('',*,*,#10798,.T.);
#12176=ORIENTED_EDGE('',*,*,#12153,.F.);
#12177=EDGE_LOOP('',(#12172,#12174,#12175,#12176));
#12178=FACE_OUTER_BOUND('',#12177,.F.);
#12180=FILL_AREA_STYLE_COLOUR('',#155);
#12181=FILL_AREA_STYLE('',(#12180));
#12182=SURFACE_STYLE_FILL_AREA(#12181);
#12183=SURFACE_SIDE_STYLE('',(#12182));
#12184=SURFACE_STYLE_USAGE(.POSITIVE.,#12183);
#12185=PRESENTATION_STYLE_ASSIGNMENT((#12184));
#12186=STYLED_ITEM('',(#12185),#12179);
#12187=CARTESIAN_POINT('',(-2.350658091046E-1,6.5E0,9.212119804338E0));
#12188=DIRECTION('',(-1.E0,0.E0,0.E0));
#12189=DIRECTION('',(0.E0,0.E0,1.E0));
#12190=AXIS2_PLACEMENT_3D('',#12187,#12188,#12189);
#12191=PLANE('',#12190);
#12192=ORIENTED_EDGE('',*,*,#6711,.F.);
#12194=ORIENTED_EDGE('',*,*,#12193,.T.);
#12195=ORIENTED_EDGE('',*,*,#10800,.T.);
#12196=ORIENTED_EDGE('',*,*,#12173,.F.);
#12197=EDGE_LOOP('',(#12192,#12194,#12195,#12196));
#12198=FACE_OUTER_BOUND('',#12197,.F.);
#12200=FILL_AREA_STYLE_COLOUR('',#155);
#12201=FILL_AREA_STYLE('',(#12200));
#12202=SURFACE_STYLE_FILL_AREA(#12201);
#12203=SURFACE_SIDE_STYLE('',(#12202));
#12204=SURFACE_STYLE_USAGE(.POSITIVE.,#12203);
#12205=PRESENTATION_STYLE_ASSIGNMENT((#12204));
#12206=STYLED_ITEM('',(#12205),#12199);
#12207=CARTESIAN_POINT('',(-6.978886399304E-2,6.5E0,9.212119804338E0));
#12208=DIRECTION('',(0.E0,0.E0,-1.E0));
#12209=DIRECTION('',(-1.E0,0.E0,0.E0));
#12210=AXIS2_PLACEMENT_3D('',#12207,#12208,#12209);
#12211=PLANE('',#12210);
#12212=ORIENTED_EDGE('',*,*,#6709,.F.);
#12214=ORIENTED_EDGE('',*,*,#12213,.T.);
#12215=ORIENTED_EDGE('',*,*,#10802,.T.);
#12216=ORIENTED_EDGE('',*,*,#12193,.F.);
#12217=EDGE_LOOP('',(#12212,#12214,#12215,#12216));
#12218=FACE_OUTER_BOUND('',#12217,.F.);
#12220=FILL_AREA_STYLE_COLOUR('',#155);
#12221=FILL_AREA_STYLE('',(#12220));
#12222=SURFACE_STYLE_FILL_AREA(#12221);
#12223=SURFACE_SIDE_STYLE('',(#12222));
#12224=SURFACE_STYLE_USAGE(.POSITIVE.,#12223);
#12225=PRESENTATION_STYLE_ASSIGNMENT((#12224));
#12226=STYLED_ITEM('',(#12225),#12219);
#12227=CARTESIAN_POINT('',(-6.978886399304E-2,6.5E0,9.075082231302E0));
#12228=DIRECTION('',(-1.E0,0.E0,0.E0));
#12229=DIRECTION('',(0.E0,0.E0,1.E0));
#12230=AXIS2_PLACEMENT_3D('',#12227,#12228,#12229);
#12231=PLANE('',#12230);
#12232=ORIENTED_EDGE('',*,*,#6707,.F.);
#12234=ORIENTED_EDGE('',*,*,#12233,.T.);
#12235=ORIENTED_EDGE('',*,*,#10804,.T.);
#12236=ORIENTED_EDGE('',*,*,#12213,.F.);
#12237=EDGE_LOOP('',(#12232,#12234,#12235,#12236));
#12238=FACE_OUTER_BOUND('',#12237,.F.);
#12240=FILL_AREA_STYLE_COLOUR('',#155);
#12241=FILL_AREA_STYLE('',(#12240));
#12242=SURFACE_STYLE_FILL_AREA(#12241);
#12243=SURFACE_SIDE_STYLE('',(#12242));
#12244=SURFACE_STYLE_USAGE(.POSITIVE.,#12243);
#12245=PRESENTATION_STYLE_ASSIGNMENT((#12244));
#12246=STYLED_ITEM('',(#12245),#12239);
#12247=CARTESIAN_POINT('',(-2.229163118148E-1,6.5E0,9.075082231302E0));
#12248=DIRECTION('',(0.E0,0.E0,1.E0));
#12249=DIRECTION('',(1.E0,0.E0,0.E0));
#12250=AXIS2_PLACEMENT_3D('',#12247,#12248,#12249);
#12251=PLANE('',#12250);
#12252=ORIENTED_EDGE('',*,*,#6705,.F.);
#12254=ORIENTED_EDGE('',*,*,#12253,.T.);
#12255=ORIENTED_EDGE('',*,*,#10806,.T.);
#12256=ORIENTED_EDGE('',*,*,#12233,.F.);
#12257=EDGE_LOOP('',(#12252,#12254,#12255,#12256));
#12258=FACE_OUTER_BOUND('',#12257,.F.);
#12260=FILL_AREA_STYLE_COLOUR('',#155);
#12261=FILL_AREA_STYLE('',(#12260));
#12262=SURFACE_STYLE_FILL_AREA(#12261);
#12263=SURFACE_SIDE_STYLE('',(#12262));
#12264=SURFACE_STYLE_USAGE(.POSITIVE.,#12263);
#12265=PRESENTATION_STYLE_ASSIGNMENT((#12264));
#12266=STYLED_ITEM('',(#12265),#12259);
#12267=CARTESIAN_POINT('',(-2.229163118148E-1,6.5E0,9.026046422420E0));
#12268=DIRECTION('',(-1.E0,0.E0,0.E0));
#12269=DIRECTION('',(0.E0,0.E0,1.E0));
#12270=AXIS2_PLACEMENT_3D('',#12267,#12268,#12269);
#12271=PLANE('',#12270);
#12272=ORIENTED_EDGE('',*,*,#6703,.F.);
#12274=ORIENTED_EDGE('',*,*,#12273,.T.);
#12275=ORIENTED_EDGE('',*,*,#10808,.T.);
#12276=ORIENTED_EDGE('',*,*,#12253,.F.);
#12277=EDGE_LOOP('',(#12272,#12274,#12275,#12276));
#12278=FACE_OUTER_BOUND('',#12277,.F.);
#12280=FILL_AREA_STYLE_COLOUR('',#155);
#12281=FILL_AREA_STYLE('',(#12280));
#12282=SURFACE_STYLE_FILL_AREA(#12281);
#12283=SURFACE_SIDE_STYLE('',(#12282));
#12284=SURFACE_STYLE_USAGE(.POSITIVE.,#12283);
#12285=PRESENTATION_STYLE_ASSIGNMENT((#12284));
#12286=STYLED_ITEM('',(#12285),#12279);
#12287=CARTESIAN_POINT('',(-6.978886399304E-2,6.5E0,9.026046422420E0));
#12288=DIRECTION('',(0.E0,0.E0,-1.E0));
#12289=DIRECTION('',(-1.E0,0.E0,0.E0));
#12290=AXIS2_PLACEMENT_3D('',#12287,#12288,#12289);
#12291=PLANE('',#12290);
#12292=ORIENTED_EDGE('',*,*,#6701,.F.);
#12294=ORIENTED_EDGE('',*,*,#12293,.T.);
#12295=ORIENTED_EDGE('',*,*,#10810,.T.);
#12296=ORIENTED_EDGE('',*,*,#12273,.F.);
#12297=EDGE_LOOP('',(#12292,#12294,#12295,#12296));
#12298=FACE_OUTER_BOUND('',#12297,.F.);
#12300=FILL_AREA_STYLE_COLOUR('',#155);
#12301=FILL_AREA_STYLE('',(#12300));
#12302=SURFACE_STYLE_FILL_AREA(#12301);
#12303=SURFACE_SIDE_STYLE('',(#12302));
#12304=SURFACE_STYLE_USAGE(.POSITIVE.,#12303);
#12305=PRESENTATION_STYLE_ASSIGNMENT((#12304));
#12306=STYLED_ITEM('',(#12305),#12299);
#12307=CARTESIAN_POINT('',(-6.978886399304E-2,6.5E0,8.882003733834E0));
#12308=DIRECTION('',(-1.E0,0.E0,0.E0));
#12309=DIRECTION('',(0.E0,0.E0,1.E0));
#12310=AXIS2_PLACEMENT_3D('',#12307,#12308,#12309);
#12311=PLANE('',#12310);
#12312=ORIENTED_EDGE('',*,*,#6699,.F.);
#12314=ORIENTED_EDGE('',*,*,#12313,.T.);
#12315=ORIENTED_EDGE('',*,*,#10812,.T.);
#12316=ORIENTED_EDGE('',*,*,#12293,.F.);
#12317=EDGE_LOOP('',(#12312,#12314,#12315,#12316));
#12318=FACE_OUTER_BOUND('',#12317,.F.);
#12320=FILL_AREA_STYLE_COLOUR('',#155);
#12321=FILL_AREA_STYLE('',(#12320));
#12322=SURFACE_STYLE_FILL_AREA(#12321);
#12323=SURFACE_SIDE_STYLE('',(#12322));
#12324=SURFACE_STYLE_USAGE(.POSITIVE.,#12323);
#12325=PRESENTATION_STYLE_ASSIGNMENT((#12324));
#12326=STYLED_ITEM('',(#12325),#12319);
#12327=CARTESIAN_POINT('',(-2.448072979245E-1,6.5E0,8.882003733834E0));
#12328=DIRECTION('',(0.E0,0.E0,1.E0));
#12329=DIRECTION('',(1.E0,0.E0,0.E0));
#12330=AXIS2_PLACEMENT_3D('',#12327,#12328,#12329);
#12331=PLANE('',#12330);
#12332=ORIENTED_EDGE('',*,*,#6697,.F.);
#12333=ORIENTED_EDGE('',*,*,#12115,.T.);
#12334=ORIENTED_EDGE('',*,*,#10814,.T.);
#12335=ORIENTED_EDGE('',*,*,#12313,.F.);
#12336=EDGE_LOOP('',(#12332,#12333,#12334,#12335));
#12337=FACE_OUTER_BOUND('',#12336,.F.);
#12339=FILL_AREA_STYLE_COLOUR('',#155);
#12340=FILL_AREA_STYLE('',(#12339));
#12341=SURFACE_STYLE_FILL_AREA(#12340);
#12342=SURFACE_SIDE_STYLE('',(#12341));
#12343=SURFACE_STYLE_USAGE(.POSITIVE.,#12342);
#12344=PRESENTATION_STYLE_ASSIGNMENT((#12343));
#12345=STYLED_ITEM('',(#12344),#12338);
#12346=CARTESIAN_POINT('',(-5.182698513788E-1,6.5E0,8.990684025622E0));
#12347=CARTESIAN_POINT('',(-5.082582553996E-1,6.5E0,8.989336899557E0));
#12348=CARTESIAN_POINT('',(-4.743854845634E-1,6.5E0,8.984779095529E0));
#12349=CARTESIAN_POINT('',(-4.305011177481E-1,6.5E0,8.978874165437E0));
#12350=CARTESIAN_POINT('',(-3.966283469119E-1,6.5E0,8.974316361410E0));
#12351=CARTESIAN_POINT('',(-3.866167509327E-1,6.5E0,8.972969235345E0));
#12353=CURVE_STYLE('',#11220,POSITIVE_LENGTH_MEASURE(2.E-2),#155);
#12354=PRESENTATION_STYLE_ASSIGNMENT((#12353));
#12355=STYLED_ITEM('',(#12354),#12352);
#12356=DIRECTION('',(0.E0,1.E0,0.E0));
#12357=VECTOR('',#12356,1.E0);
#12358=SURFACE_OF_LINEAR_EXTRUSION('',#12352,#12357);
#12359=ORIENTED_EDGE('',*,*,#6943,.F.);
#12361=ORIENTED_EDGE('',*,*,#12360,.T.);
#12362=ORIENTED_EDGE('',*,*,#10849,.T.);
#12364=ORIENTED_EDGE('',*,*,#12363,.F.);
#12365=EDGE_LOOP('',(#12359,#12361,#12362,#12364));
#12366=FACE_OUTER_BOUND('',#12365,.F.);
#12368=FILL_AREA_STYLE_COLOUR('',#155);
#12369=FILL_AREA_STYLE('',(#12368));
#12370=SURFACE_STYLE_FILL_AREA(#12369);
#12371=SURFACE_SIDE_STYLE('',(#12370));
#12372=SURFACE_STYLE_USAGE(.POSITIVE.,#12371);
#12373=PRESENTATION_STYLE_ASSIGNMENT((#12372));
#12374=STYLED_ITEM('',(#12373),#12367);
#12375=CARTESIAN_POINT('',(-4.317715240635E-1,6.5E0,8.979220350630E0));
#12376=CARTESIAN_POINT('',(-4.271338132518E-1,6.5E0,8.978424715421E0));
#12377=CARTESIAN_POINT('',(-4.045460951164E-1,6.5E0,8.975491489829E0));
#12378=CARTESIAN_POINT('',(-3.620525669122E-1,6.5E0,8.968355005080E0));
#12379=CARTESIAN_POINT('',(-3.451464770248E-1,6.5E0,8.919950507618E0));
#12380=CARTESIAN_POINT('',(-3.627782232133E-1,6.5E0,8.877747562243E0));
#12381=CARTESIAN_POINT('',(-4.144470428549E-1,6.5E0,8.863834714842E0));
#12382=CARTESIAN_POINT('',(-4.732540680522E-1,6.5E0,8.888796828358E0));
#12383=CARTESIAN_POINT('',(-4.899966321920E-1,6.5E0,8.940595822548E0));
#12384=CARTESIAN_POINT('',(-4.878305597707E-1,6.5E0,8.967404285486E0));
#12385=CARTESIAN_POINT('',(-4.870212040142E-1,6.5E0,8.972221069638E0));
#12387=CURVE_STYLE('',#11220,POSITIVE_LENGTH_MEASURE(2.E-2),#155);
#12388=PRESENTATION_STYLE_ASSIGNMENT((#12387));
#12389=STYLED_ITEM('',(#12388),#12386);
#12390=DIRECTION('',(0.E0,1.E0,0.E0));
#12391=VECTOR('',#12390,1.E0);
#12392=SURFACE_OF_LINEAR_EXTRUSION('',#12386,#12391);
#12393=ORIENTED_EDGE('',*,*,#6947,.T.);
#12395=ORIENTED_EDGE('',*,*,#12394,.T.);
#12396=ORIENTED_EDGE('',*,*,#10851,.T.);
#12397=ORIENTED_EDGE('',*,*,#12360,.F.);
#12398=EDGE_LOOP('',(#12393,#12395,#12396,#12397));
#12399=FACE_OUTER_BOUND('',#12398,.F.);
#12401=FILL_AREA_STYLE_COLOUR('',#155);
#12402=FILL_AREA_STYLE('',(#12401));
#12403=SURFACE_STYLE_FILL_AREA(#12402);
#12404=SURFACE_SIDE_STYLE('',(#12403));
#12405=SURFACE_STYLE_USAGE(.POSITIVE.,#12404);
#12406=PRESENTATION_STYLE_ASSIGNMENT((#12405));
#12407=STYLED_ITEM('',(#12406),#12400);
#12408=CARTESIAN_POINT('',(-4.882350634413E-1,6.5E0,8.956722047615E0));
#12409=CARTESIAN_POINT('',(-4.882350634413E-1,6.5E0,8.956917607091E0));
#12410=CARTESIAN_POINT('',(-4.882350634413E-1,6.5E0,8.966891140362E0));
#12411=CARTESIAN_POINT('',(-4.882350634413E-1,6.5E0,8.977060233109E0));
#12412=CARTESIAN_POINT('',(-4.882350634413E-1,6.5E0,8.987033766379E0));
#12413=CARTESIAN_POINT('',(-4.882350634413E-1,6.5E0,8.987229325855E0));
#12415=CURVE_STYLE('',#11220,POSITIVE_LENGTH_MEASURE(2.E-2),#155);
#12416=PRESENTATION_STYLE_ASSIGNMENT((#12415));
#12417=STYLED_ITEM('',(#12416),#12414);
#12418=DIRECTION('',(0.E0,1.E0,0.E0));
#12419=VECTOR('',#12418,1.E0);
#12420=SURFACE_OF_LINEAR_EXTRUSION('',#12414,#12419);
#12421=ORIENTED_EDGE('',*,*,#6945,.F.);
#12422=ORIENTED_EDGE('',*,*,#12363,.T.);
#12423=ORIENTED_EDGE('',*,*,#10853,.T.);
#12424=ORIENTED_EDGE('',*,*,#12394,.F.);
#12425=EDGE_LOOP('',(#12421,#12422,#12423,#12424));
#12426=FACE_OUTER_BOUND('',#12425,.F.);
#12428=FILL_AREA_STYLE_COLOUR('',#155);
#12429=FILL_AREA_STYLE('',(#12428));
#12430=SURFACE_STYLE_FILL_AREA(#12429);
#12431=SURFACE_SIDE_STYLE('',(#12430));
#12432=SURFACE_STYLE_USAGE(.POSITIVE.,#12431);
#12433=PRESENTATION_STYLE_ASSIGNMENT((#12432));
#12434=STYLED_ITEM('',(#12433),#12427);
#12435=CARTESIAN_POINT('',(-4.882350634413E-1,6.5E0,8.802881369560E0));
#12436=CARTESIAN_POINT('',(-4.882350634413E-1,6.5E0,8.812983191311E0));
#12437=CARTESIAN_POINT('',(-4.882350634413E-1,6.5E0,8.838846523059E0));
#12438=CARTESIAN_POINT('',(-4.882350634413E-1,6.5E0,8.874811676558E0));
#12439=CARTESIAN_POINT('',(-4.882350634413E-1,6.5E0,8.900675008307E0));
#12440=CARTESIAN_POINT('',(-4.882350634413E-1,6.5E0,8.910776830057E0));
#12442=CURVE_STYLE('',#11220,POSITIVE_LENGTH_MEASURE(2.E-2),#155);
#12443=PRESENTATION_STYLE_ASSIGNMENT((#12442));
#12444=STYLED_ITEM('',(#12443),#12441);
#12445=DIRECTION('',(0.E0,1.E0,0.E0));
#12446=VECTOR('',#12445,1.E0);
#12447=SURFACE_OF_LINEAR_EXTRUSION('',#12441,#12446);
#12448=ORIENTED_EDGE('',*,*,#6721,.F.);
#12450=ORIENTED_EDGE('',*,*,#12449,.T.);
#12451=ORIENTED_EDGE('',*,*,#10831,.T.);
#12453=ORIENTED_EDGE('',*,*,#12452,.F.);
#12454=EDGE_LOOP('',(#12448,#12450,#12451,#12453));
#12455=FACE_OUTER_BOUND('',#12454,.F.);
#12457=FILL_AREA_STYLE_COLOUR('',#155);
#12458=FILL_AREA_STYLE('',(#12457));
#12459=SURFACE_STYLE_FILL_AREA(#12458);
#12460=SURFACE_SIDE_STYLE('',(#12459));
#12461=SURFACE_STYLE_USAGE(.POSITIVE.,#12460);
#12462=PRESENTATION_STYLE_ASSIGNMENT((#12461));
#12463=STYLED_ITEM('',(#12462),#12456);
#12464=CARTESIAN_POINT('',(-4.949135979149E-1,6.5E0,8.894877205603E0));
#12465=CARTESIAN_POINT('',(-4.931507340619E-1,6.5E0,8.889873874373E0));
#12466=CARTESIAN_POINT('',(-4.754453407512E-1,6.5E0,8.851957367905E0));
#12467=CARTESIAN_POINT('',(-4.053628463291E-1,6.5E0,8.813264679147E0));
#12468=CARTESIAN_POINT('',(-3.162412319753E-1,6.5E0,8.839994352102E0));
#12469=CARTESIAN_POINT('',(-2.735856312659E-1,6.5E0,8.941474141080E0));
#12470=CARTESIAN_POINT('',(-3.562386546126E-1,6.5E0,9.013225648131E0));
#12471=CARTESIAN_POINT('',(-4.077960822971E-1,6.5E0,9.015853066915E0));
#12472=CARTESIAN_POINT('',(-4.127396461601E-1,6.5E0,9.015611973797E0));
#12474=CURVE_STYLE('',#11220,POSITIVE_LENGTH_MEASURE(2.E-2),#155);
#12475=PRESENTATION_STYLE_ASSIGNMENT((#12474));
#12476=STYLED_ITEM('',(#12475),#12473);
#12477=DIRECTION('',(0.E0,1.E0,0.E0));
#12478=VECTOR('',#12477,1.E0);
#12479=SURFACE_OF_LINEAR_EXTRUSION('',#12473,#12478);
#12480=ORIENTED_EDGE('',*,*,#6735,.T.);
#12482=ORIENTED_EDGE('',*,*,#12481,.T.);
#12483=ORIENTED_EDGE('',*,*,#10833,.T.);
#12484=ORIENTED_EDGE('',*,*,#12449,.F.);
#12485=EDGE_LOOP('',(#12480,#12482,#12483,#12484));
#12486=FACE_OUTER_BOUND('',#12485,.F.);
#12488=FILL_AREA_STYLE_COLOUR('',#155);
#12489=FILL_AREA_STYLE('',(#12488));
#12490=SURFACE_STYLE_FILL_AREA(#12489);
#12491=SURFACE_SIDE_STYLE('',(#12490));
#12492=SURFACE_STYLE_USAGE(.POSITIVE.,#12491);
#12493=PRESENTATION_STYLE_ASSIGNMENT((#12492));
#12494=STYLED_ITEM('',(#12493),#12487);
#12495=CARTESIAN_POINT('',(-3.675940118575E-1,6.5E0,9.010677388090E0));
#12496=CARTESIAN_POINT('',(-3.775981348897E-1,6.5E0,9.012078931897E0));
#12497=CARTESIAN_POINT('',(-4.178118187505E-1,6.5E0,9.017712733016E0));
#12498=CARTESIAN_POINT('',(-4.680296256434E-1,6.5E0,9.024748077942E0));
#12499=CARTESIAN_POINT('',(-5.082433095042E-1,6.5E0,9.030381879061E0));
#12500=CARTESIAN_POINT('',(-5.182474325364E-1,6.5E0,9.031783422868E0));
#12502=CURVE_STYLE('',#11220,POSITIVE_LENGTH_MEASURE(2.E-2),#155);
#12503=PRESENTATION_STYLE_ASSIGNMENT((#12502));
#12504=STYLED_ITEM('',(#12503),#12501);
#12505=DIRECTION('',(0.E0,1.E0,0.E0));
#12506=VECTOR('',#12505,1.E0);
#12507=SURFACE_OF_LINEAR_EXTRUSION('',#12501,#12506);
#12508=ORIENTED_EDGE('',*,*,#6733,.F.);
#12510=ORIENTED_EDGE('',*,*,#12509,.T.);
#12511=ORIENTED_EDGE('',*,*,#10835,.T.);
#12512=ORIENTED_EDGE('',*,*,#12481,.F.);
#12513=EDGE_LOOP('',(#12508,#12510,#12511,#12512));
#12514=FACE_OUTER_BOUND('',#12513,.F.);
#12516=FILL_AREA_STYLE_COLOUR('',#155);
#12517=FILL_AREA_STYLE('',(#12516));
#12518=SURFACE_STYLE_FILL_AREA(#12517);
#12519=SURFACE_SIDE_STYLE('',(#12518));
#12520=SURFACE_STYLE_USAGE(.POSITIVE.,#12519);
#12521=PRESENTATION_STYLE_ASSIGNMENT((#12520));
#12522=STYLED_ITEM('',(#12521),#12515);
#12523=CARTESIAN_POINT('',(-4.856417542845E-1,6.5E0,9.011798625767E0));
#12524=CARTESIAN_POINT('',(-4.874130517073E-1,6.5E0,9.016914317332E0));
#12525=CARTESIAN_POINT('',(-4.932016340697E-1,6.5E0,9.054260252890E0));
#12526=CARTESIAN_POINT('',(-4.252260845725E-1,6.5E0,9.132415993727E0));
#12527=CARTESIAN_POINT('',(-3.482824021892E-1,6.5E0,9.084538442738E0));
#12528=CARTESIAN_POINT('',(-3.182543318626E-1,6.5E0,9.058997947347E0));
#12529=CARTESIAN_POINT('',(-3.147121029268E-1,6.5E0,9.055897482563E0));
#12531=CURVE_STYLE('',#11220,POSITIVE_LENGTH_MEASURE(2.E-2),#155);
#12532=PRESENTATION_STYLE_ASSIGNMENT((#12531));
#12533=STYLED_ITEM('',(#12532),#12530);
#12534=DIRECTION('',(0.E0,1.E0,0.E0));
#12535=VECTOR('',#12534,1.E0);
#12536=SURFACE_OF_LINEAR_EXTRUSION('',#12530,#12535);
#12537=ORIENTED_EDGE('',*,*,#6731,.T.);
#12539=ORIENTED_EDGE('',*,*,#12538,.T.);
#12540=ORIENTED_EDGE('',*,*,#10837,.T.);
#12541=ORIENTED_EDGE('',*,*,#12509,.F.);
#12542=EDGE_LOOP('',(#12537,#12539,#12540,#12541));
#12543=FACE_OUTER_BOUND('',#12542,.F.);
#12545=FILL_AREA_STYLE_COLOUR('',#155);
#12546=FILL_AREA_STYLE('',(#12545));
#12547=SURFACE_STYLE_FILL_AREA(#12546);
#12548=SURFACE_SIDE_STYLE('',(#12547));
#12549=SURFACE_STYLE_USAGE(.POSITIVE.,#12548);
#12550=PRESENTATION_STYLE_ASSIGNMENT((#12549));
#12551=STYLED_ITEM('',(#12550),#12544);
#12552=CARTESIAN_POINT('',(-3.260228563814E-1,6.5E0,9.035144732161E0));
#12553=CARTESIAN_POINT('',(-3.260228563814E-1,6.5E0,9.045246553912E0));
#12554=CARTESIAN_POINT('',(-3.260228563814E-1,6.5E0,9.072715224642E0));
#12555=CARTESIAN_POINT('',(-3.260228563814E-1,6.5E0,9.110285717123E0));
#12556=CARTESIAN_POINT('',(-3.260228563814E-1,6.5E0,9.137754387853E0));
#12557=CARTESIAN_POINT('',(-3.260228563814E-1,6.5E0,9.147856209604E0));
#12559=CURVE_STYLE('',#11220,POSITIVE_LENGTH_MEASURE(2.E-2),#155);
#12560=PRESENTATION_STYLE_ASSIGNMENT((#12559));
#12561=STYLED_ITEM('',(#12560),#12558);
#12562=DIRECTION('',(0.E0,1.E0,0.E0));
#12563=VECTOR('',#12562,1.E0);
#12564=SURFACE_OF_LINEAR_EXTRUSION('',#12558,#12563);
#12565=ORIENTED_EDGE('',*,*,#6729,.F.);
#12567=ORIENTED_EDGE('',*,*,#12566,.T.);
#12568=ORIENTED_EDGE('',*,*,#10839,.T.);
#12569=ORIENTED_EDGE('',*,*,#12538,.F.);
#12570=EDGE_LOOP('',(#12565,#12567,#12568,#12569));
#12571=FACE_OUTER_BOUND('',#12570,.F.);
#12573=FILL_AREA_STYLE_COLOUR('',#155);
#12574=FILL_AREA_STYLE('',(#12573));
#12575=SURFACE_STYLE_FILL_AREA(#12574);
#12576=SURFACE_SIDE_STYLE('',(#12575));
#12577=SURFACE_STYLE_USAGE(.POSITIVE.,#12576);
#12578=PRESENTATION_STYLE_ASSIGNMENT((#12577));
#12579=STYLED_ITEM('',(#12578),#12572);
#12580=CARTESIAN_POINT('',(-3.127711165038E-1,6.5E0,9.108723251001E0));
#12581=CARTESIAN_POINT('',(-3.170365523389E-1,6.5E0,9.111724200747E0));
#12582=CARTESIAN_POINT('',(-3.513116850926E-1,6.5E0,9.134662361383E0));
#12583=CARTESIAN_POINT('',(-4.484333388837E-1,6.5E0,9.174012303133E0));
#12584=CARTESIAN_POINT('',(-5.474004842042E-1,6.5E0,9.078040798749E0));
#12585=CARTESIAN_POINT('',(-5.413174199702E-1,6.5E0,9.019359846805E0));
#12586=CARTESIAN_POINT('',(-5.401608808127E-1,6.5E0,9.014098754348E0));
#12588=CURVE_STYLE('',#11220,POSITIVE_LENGTH_MEASURE(2.E-2),#155);
#12589=PRESENTATION_STYLE_ASSIGNMENT((#12588));
#12590=STYLED_ITEM('',(#12589),#12587);
#12591=DIRECTION('',(0.E0,1.E0,0.E0));
#12592=VECTOR('',#12591,1.E0);
#12593=SURFACE_OF_LINEAR_EXTRUSION('',#12587,#12592);
#12594=ORIENTED_EDGE('',*,*,#6727,.T.);
#12596=ORIENTED_EDGE('',*,*,#12595,.T.);
#12597=ORIENTED_EDGE('',*,*,#10841,.T.);
#12598=ORIENTED_EDGE('',*,*,#12566,.F.);
#12599=EDGE_LOOP('',(#12594,#12596,#12597,#12598));
#12600=FACE_OUTER_BOUND('',#12599,.F.);
#12602=FILL_AREA_STYLE_COLOUR('',#155);
#12603=FILL_AREA_STYLE('',(#12602));
#12604=SURFACE_STYLE_FILL_AREA(#12603);
#12605=SURFACE_SIDE_STYLE('',(#12604));
#12606=SURFACE_STYLE_USAGE(.POSITIVE.,#12605);
#12607=PRESENTATION_STYLE_ASSIGNMENT((#12606));
#12608=STYLED_ITEM('',(#12607),#12601);
#12609=CARTESIAN_POINT('',(-5.418679794042E-1,6.5E0,9.060292265171E0));
#12610=CARTESIAN_POINT('',(-5.418679794043E-1,6.5E0,9.050190443421E0));
#12611=CARTESIAN_POINT('',(-5.418679794049E-1,6.5E0,8.974488633301E0));
#12612=CARTESIAN_POINT('',(-5.418679794055E-1,6.5E0,8.888685001430E0));
#12613=CARTESIAN_POINT('',(-5.418679794061E-1,6.5E0,8.812983191311E0));
#12614=CARTESIAN_POINT('',(-5.418679794062E-1,6.5E0,8.802881369560E0));
#12616=CURVE_STYLE('',#11220,POSITIVE_LENGTH_MEASURE(2.E-2),#155);
#12617=PRESENTATION_STYLE_ASSIGNMENT((#12616));
#12618=STYLED_ITEM('',(#12617),#12615);
#12619=DIRECTION('',(0.E0,1.E0,0.E0));
#12620=VECTOR('',#12619,1.E0);
#12621=SURFACE_OF_LINEAR_EXTRUSION('',#12615,#12620);
#12622=ORIENTED_EDGE('',*,*,#6725,.F.);
#12624=ORIENTED_EDGE('',*,*,#12623,.T.);
#12625=ORIENTED_EDGE('',*,*,#10843,.T.);
#12626=ORIENTED_EDGE('',*,*,#12595,.F.);
#12627=EDGE_LOOP('',(#12622,#12624,#12625,#12626));
#12628=FACE_OUTER_BOUND('',#12627,.F.);
#12630=FILL_AREA_STYLE_COLOUR('',#155);
#12631=FILL_AREA_STYLE('',(#12630));
#12632=SURFACE_STYLE_FILL_AREA(#12631);
#12633=SURFACE_SIDE_STYLE('',(#12632));
#12634=SURFACE_STYLE_USAGE(.POSITIVE.,#12633);
#12635=PRESENTATION_STYLE_ASSIGNMENT((#12634));
#12636=STYLED_ITEM('',(#12635),#12629);
#12637=CARTESIAN_POINT('',(-5.721734446581E-1,6.5E0,8.833186834812E0));
#12638=CARTESIAN_POINT('',(-5.620716229074E-1,6.5E0,8.833186834812E0));
#12639=CARTESIAN_POINT('',(-5.340921625018E-1,6.5E0,8.833186834812E0));
#12640=CARTESIAN_POINT('',(-4.960108803455E-1,6.5E0,8.833186834812E0));
#12641=CARTESIAN_POINT('',(-4.680314199399E-1,6.5E0,8.833186834812E0));
#12642=CARTESIAN_POINT('',(-4.579295981891E-1,6.5E0,8.833186834812E0));
#12644=CURVE_STYLE('',#11220,POSITIVE_LENGTH_MEASURE(2.E-2),#155);
#12645=PRESENTATION_STYLE_ASSIGNMENT((#12644));
#12646=STYLED_ITEM('',(#12645),#12643);
#12647=DIRECTION('',(0.E0,1.E0,0.E0));
#12648=VECTOR('',#12647,1.E0);
#12649=SURFACE_OF_LINEAR_EXTRUSION('',#12643,#12648);
#12650=ORIENTED_EDGE('',*,*,#6723,.F.);
#12651=ORIENTED_EDGE('',*,*,#12452,.T.);
#12652=ORIENTED_EDGE('',*,*,#10845,.T.);
#12653=ORIENTED_EDGE('',*,*,#12623,.F.);
#12654=EDGE_LOOP('',(#12650,#12651,#12652,#12653));
#12655=FACE_OUTER_BOUND('',#12654,.F.);
#12657=FILL_AREA_STYLE_COLOUR('',#155);
#12658=FILL_AREA_STYLE('',(#12657));
#12659=SURFACE_STYLE_FILL_AREA(#12658);
#12660=SURFACE_SIDE_STYLE('',(#12659));
#12661=SURFACE_STYLE_USAGE(.POSITIVE.,#12660);
#12662=PRESENTATION_STYLE_ASSIGNMENT((#12661));
#12663=STYLED_ITEM('',(#12662),#12656);
#12664=CARTESIAN_POINT('',(-6.145460532838E-1,6.5E0,8.813607952752E0));
#12665=CARTESIAN_POINT('',(-6.145460532838E-1,6.5E0,8.823709774503E0));
#12666=CARTESIAN_POINT('',(-6.145460532838E-1,6.5E0,8.852272994538E0));
#12667=CARTESIAN_POINT('',(-6.145460532838E-1,6.5E0,8.890938036324E0));
#12668=CARTESIAN_POINT('',(-6.145460532838E-1,6.5E0,8.919501256359E0));
#12669=CARTESIAN_POINT('',(-6.145460532838E-1,6.5E0,8.929603078110E0));
#12671=CURVE_STYLE('',#11220,POSITIVE_LENGTH_MEASURE(2.E-2),#155);
#12672=PRESENTATION_STYLE_ASSIGNMENT((#12671));
#12673=STYLED_ITEM('',(#12672),#12670);
#12674=DIRECTION('',(0.E0,1.E0,0.E0));
#12675=VECTOR('',#12674,1.E0);
#12676=SURFACE_OF_LINEAR_EXTRUSION('',#12670,#12675);
#12677=ORIENTED_EDGE('',*,*,#6739,.F.);
#12679=ORIENTED_EDGE('',*,*,#12678,.T.);
#12680=ORIENTED_EDGE('',*,*,#10870,.T.);
#12682=ORIENTED_EDGE('',*,*,#12681,.F.);
#12683=EDGE_LOOP('',(#12677,#12679,#12680,#12682));
#12684=FACE_OUTER_BOUND('',#12683,.F.);
#12686=FILL_AREA_STYLE_COLOUR('',#155);
#12687=FILL_AREA_STYLE('',(#12686));
#12688=SURFACE_STYLE_FILL_AREA(#12687);
#12689=SURFACE_SIDE_STYLE('',(#12688));
#12690=SURFACE_STYLE_USAGE(.POSITIVE.,#12689);
#12691=PRESENTATION_STYLE_ASSIGNMENT((#12690));
#12692=STYLED_ITEM('',(#12691),#12685);
#12693=CARTESIAN_POINT('',(-6.020902373975E-1,6.5E0,8.908563066191E0));
#12694=CARTESIAN_POINT('',(-6.061956180264E-1,6.5E0,8.905440144327E0));
#12695=CARTESIAN_POINT('',(-6.351203903663E-1,6.5E0,8.883705162136E0));
#12696=CARTESIAN_POINT('',(-6.895188797490E-1,6.5E0,8.853762137150E0));
#12697=CARTESIAN_POINT('',(-7.805124279245E-1,6.5E0,8.894742967319E0));
#12698=CARTESIAN_POINT('',(-7.480047598756E-1,6.5E0,8.953659788986E0));
#12699=CARTESIAN_POINT('',(-6.909812022344E-1,6.5E0,8.966737577151E0));
#12700=CARTESIAN_POINT('',(-6.288416353410E-1,6.5E0,8.994873825434E0));
#12701=CARTESIAN_POINT('',(-6.059921736615E-1,6.5E0,9.064704080464E0));
#12702=CARTESIAN_POINT('',(-6.464963477282E-1,6.5E0,9.135490355605E0));
#12703=CARTESIAN_POINT('',(-7.298937503418E-1,6.5E0,9.150910096555E0));
#12704=CARTESIAN_POINT('',(-7.888801810231E-1,6.5E0,9.140914749182E0));
#12705=CARTESIAN_POINT('',(-8.159499675671E-1,6.5E0,9.128247233461E0));
#12706=CARTESIAN_POINT('',(-8.205850009865E-1,6.5E0,9.125793023358E0));
#12708=CURVE_STYLE('',#11220,POSITIVE_LENGTH_MEASURE(2.E-2),#155);
#12709=PRESENTATION_STYLE_ASSIGNMENT((#12708));
#12710=STYLED_ITEM('',(#12709),#12707);
#12711=DIRECTION('',(0.E0,1.E0,0.E0));
#12712=VECTOR('',#12711,1.E0);
#12713=SURFACE_OF_LINEAR_EXTRUSION('',#12707,#12712);
#12714=ORIENTED_EDGE('',*,*,#6745,.T.);
#12716=ORIENTED_EDGE('',*,*,#12715,.T.);
#12717=ORIENTED_EDGE('',*,*,#10872,.T.);
#12718=ORIENTED_EDGE('',*,*,#12678,.F.);
#12719=EDGE_LOOP('',(#12714,#12716,#12717,#12718));
#12720=FACE_OUTER_BOUND('',#12719,.F.);
#12722=FILL_AREA_STYLE_COLOUR('',#155);
#12723=FILL_AREA_STYLE('',(#12722));
#12724=SURFACE_STYLE_FILL_AREA(#12723);
#12725=SURFACE_SIDE_STYLE('',(#12724));
#12726=SURFACE_STYLE_USAGE(.POSITIVE.,#12725);
#12727=PRESENTATION_STYLE_ASSIGNMENT((#12726));
#12728=STYLED_ITEM('',(#12727),#12721);
#12729=CARTESIAN_POINT('',(-8.064205465195E-1,6.5E0,9.162742080155E0));
#12730=CARTESIAN_POINT('',(-8.064205465195E-1,6.5E0,9.152640258404E0));
#12731=CARTESIAN_POINT('',(-8.064205465195E-1,6.5E0,9.125171587675E0));
#12732=CARTESIAN_POINT('',(-8.064205465195E-1,6.5E0,9.087601095195E0));
#12733=CARTESIAN_POINT('',(-8.064205465195E-1,6.5E0,9.060132424465E0));
#12734=CARTESIAN_POINT('',(-8.064205465195E-1,6.5E0,9.050030602714E0));
#12736=CURVE_STYLE('',#11220,POSITIVE_LENGTH_MEASURE(2.E-2),#155);
#12737=PRESENTATION_STYLE_ASSIGNMENT((#12736));
#12738=STYLED_ITEM('',(#12737),#12735);
#12739=DIRECTION('',(0.E0,1.E0,0.E0));
#12740=VECTOR('',#12739,1.E0);
#12741=SURFACE_OF_LINEAR_EXTRUSION('',#12735,#12740);
#12742=ORIENTED_EDGE('',*,*,#6743,.F.);
#12744=ORIENTED_EDGE('',*,*,#12743,.T.);
#12745=ORIENTED_EDGE('',*,*,#10874,.T.);
#12746=ORIENTED_EDGE('',*,*,#12715,.F.);
#12747=EDGE_LOOP('',(#12742,#12744,#12745,#12746));
#12748=FACE_OUTER_BOUND('',#12747,.F.);
#12750=FILL_AREA_STYLE_COLOUR('',#155);
#12751=FILL_AREA_STYLE('',(#12750));
#12752=SURFACE_STYLE_FILL_AREA(#12751);
#12753=SURFACE_SIDE_STYLE('',(#12752));
#12754=SURFACE_STYLE_USAGE(.POSITIVE.,#12753);
#12755=PRESENTATION_STYLE_ASSIGNMENT((#12754));
#12756=STYLED_ITEM('',(#12755),#12749);
#12757=CARTESIAN_POINT('',(-8.188992653537E-1,6.5E0,9.071252458793E0));
#12758=CARTESIAN_POINT('',(-8.149172139005E-1,6.5E0,9.074531354663E0));
#12759=CARTESIAN_POINT('',(-7.889202390049E-1,6.5E0,9.093426631153E0));
#12760=CARTESIAN_POINT('',(-7.419877988247E-1,6.5E0,9.106546500710E0));
#12761=CARTESIAN_POINT('',(-6.862417533804E-1,6.5E0,9.098503126286E0));
#12762=CARTESIAN_POINT('',(-6.642309933869E-1,6.5E0,9.062434098893E0));
#12763=CARTESIAN_POINT('',(-6.846148921292E-1,6.5E0,9.020901654175E0));
#12764=CARTESIAN_POINT('',(-7.413891159225E-1,6.5E0,9.005635613930E0));
#12765=CARTESIAN_POINT('',(-8.039807609892E-1,6.5E0,8.980490254071E0));
#12766=CARTESIAN_POINT('',(-8.310545875483E-1,6.5E0,8.909002450404E0));
#12767=CARTESIAN_POINT('',(-7.886037759113E-1,6.5E0,8.834983356733E0));
#12768=CARTESIAN_POINT('',(-6.991821782529E-1,6.5E0,8.820858274316E0));
#12769=CARTESIAN_POINT('',(-6.346671762657E-1,6.5E0,8.832168663265E0));
#12770=CARTESIAN_POINT('',(-6.054094532446E-1,6.5E0,8.848789169937E0));
#12771=CARTESIAN_POINT('',(-6.010102904593E-1,6.5E0,8.851628869913E0));
#12773=CURVE_STYLE('',#11220,POSITIVE_LENGTH_MEASURE(2.E-2),#155);
#12774=PRESENTATION_STYLE_ASSIGNMENT((#12773));
#12775=STYLED_ITEM('',(#12774),#12772);
#12776=DIRECTION('',(0.E0,1.E0,0.E0));
#12777=VECTOR('',#12776,1.E0);
#12778=SURFACE_OF_LINEAR_EXTRUSION('',#12772,#12777);
#12779=ORIENTED_EDGE('',*,*,#6741,.T.);
#12780=ORIENTED_EDGE('',*,*,#12681,.T.);
#12781=ORIENTED_EDGE('',*,*,#10876,.T.);
#12782=ORIENTED_EDGE('',*,*,#12743,.F.);
#12783=EDGE_LOOP('',(#12779,#12780,#12781,#12782));
#12784=FACE_OUTER_BOUND('',#12783,.F.);
#12786=FILL_AREA_STYLE_COLOUR('',#155);
#12787=FILL_AREA_STYLE('',(#12786));
#12788=SURFACE_STYLE_FILL_AREA(#12787);
#12789=SURFACE_SIDE_STYLE('',(#12788));
#12790=SURFACE_STYLE_USAGE(.POSITIVE.,#12789);
#12791=PRESENTATION_STYLE_ASSIGNMENT((#12790));
#12792=STYLED_ITEM('',(#12791),#12785);
#12793=CARTESIAN_POINT('',(-9.887368690935E-1,6.5E0,8.909652049286E0));
#12794=CARTESIAN_POINT('',(-9.887852179711E-1,6.5E0,8.909484218393E0));
#12795=CARTESIAN_POINT('',(-9.912510107286E-1,6.5E0,8.900924842824E0));
#12796=CARTESIAN_POINT('',(-9.937651523637E-1,6.5E0,8.892197636363E0));
#12797=CARTESIAN_POINT('',(-9.962309451213E-1,6.5E0,8.883638260795E0));
#12798=CARTESIAN_POINT('',(-9.962792939989E-1,6.5E0,8.883470429901E0));
#12800=CURVE_STYLE('',#11220,POSITIVE_LENGTH_MEASURE(2.E-2),#155);
#12801=PRESENTATION_STYLE_ASSIGNMENT((#12800));
#12802=STYLED_ITEM('',(#12801),#12799);
#12803=DIRECTION('',(0.E0,1.E0,0.E0));
#12804=VECTOR('',#12803,1.E0);
#12805=SURFACE_OF_LINEAR_EXTRUSION('',#12799,#12804);
#12806=ORIENTED_EDGE('',*,*,#6749,.F.);
#12808=ORIENTED_EDGE('',*,*,#12807,.T.);
#12809=ORIENTED_EDGE('',*,*,#10893,.T.);
#12811=ORIENTED_EDGE('',*,*,#12810,.F.);
#12812=EDGE_LOOP('',(#12806,#12808,#12809,#12811));
#12813=FACE_OUTER_BOUND('',#12812,.F.);
#12815=FILL_AREA_STYLE_COLOUR('',#155);
#12816=FILL_AREA_STYLE('',(#12815));
#12817=SURFACE_STYLE_FILL_AREA(#12816);
#12818=SURFACE_SIDE_STYLE('',(#12817));
#12819=SURFACE_STYLE_USAGE(.POSITIVE.,#12818);
#12820=PRESENTATION_STYLE_ASSIGNMENT((#12819));
#12821=STYLED_ITEM('',(#12820),#12814);
#12822=CARTESIAN_POINT('',(-9.960386957887E-1,6.5E0,8.883466897676E0));
#12823=CARTESIAN_POINT('',(-9.960699181434E-1,6.5E0,8.883636056799E0));
#12824=CARTESIAN_POINT('',(-9.976945927257E-1,6.5E0,8.892255409689E0));
#12825=CARTESIAN_POINT('',(-1.000986065542E0,6.5E0,8.900651124839E0));
#12826=CARTESIAN_POINT('',(-1.003539828339E0,6.5E0,8.909039638914E0));
#12827=CARTESIAN_POINT('',(-1.003589625314E0,6.5E0,8.909204183035E0));
#12829=CURVE_STYLE('',#11220,POSITIVE_LENGTH_MEASURE(2.E-2),#155);
#12830=PRESENTATION_STYLE_ASSIGNMENT((#12829));
#12831=STYLED_ITEM('',(#12830),#12828);
#12832=DIRECTION('',(0.E0,1.E0,0.E0));
#12833=VECTOR('',#12832,1.E0);
#12834=SURFACE_OF_LINEAR_EXTRUSION('',#12828,#12833);
#12835=ORIENTED_EDGE('',*,*,#6771,.T.);
#12837=ORIENTED_EDGE('',*,*,#12836,.T.);
#12838=ORIENTED_EDGE('',*,*,#10895,.T.);
#12839=ORIENTED_EDGE('',*,*,#12807,.F.);
#12840=EDGE_LOOP('',(#12835,#12837,#12838,#12839));
#12841=FACE_OUTER_BOUND('',#12840,.F.);
#12843=FILL_AREA_STYLE_COLOUR('',#155);
#12844=FILL_AREA_STYLE('',(#12843));
#12845=SURFACE_STYLE_FILL_AREA(#12844);
#12846=SURFACE_SIDE_STYLE('',(#12845));
#12847=SURFACE_STYLE_USAGE(.POSITIVE.,#12846);
#12848=PRESENTATION_STYLE_ASSIGNMENT((#12847));
#12849=STYLED_ITEM('',(#12848),#12842);
#12850=CARTESIAN_POINT('',(-9.931077490617E-1,6.5E0,8.880220777792E0));
#12851=CARTESIAN_POINT('',(-9.965516398708E-1,6.5E0,8.889717430823E0));
#12852=CARTESIAN_POINT('',(-1.027833568014E0,6.5E0,8.975978475137E0));
#12853=CARTESIAN_POINT('',(-1.062559386967E0,6.5E0,9.071736172483E0));
#12854=CARTESIAN_POINT('',(-1.093841315110E0,6.5E0,9.157997216797E0));
#12855=CARTESIAN_POINT('',(-1.097285205919E0,6.5E0,9.167493869828E0));
#12857=CURVE_STYLE('',#11220,POSITIVE_LENGTH_MEASURE(2.E-2),#155);
#12858=PRESENTATION_STYLE_ASSIGNMENT((#12857));
#12859=STYLED_ITEM('',(#12858),#12856);
#12860=DIRECTION('',(0.E0,1.E0,0.E0));
#12861=VECTOR('',#12860,1.E0);
#12862=SURFACE_OF_LINEAR_EXTRUSION('',#12856,#12861);
#12863=ORIENTED_EDGE('',*,*,#6769,.F.);
#12865=ORIENTED_EDGE('',*,*,#12864,.T.);
#12866=ORIENTED_EDGE('',*,*,#10897,.T.);
#12867=ORIENTED_EDGE('',*,*,#12836,.F.);
#12868=EDGE_LOOP('',(#12863,#12865,#12866,#12867));
#12869=FACE_OUTER_BOUND('',#12868,.F.);
#12871=FILL_AREA_STYLE_COLOUR('',#155);
#12872=FILL_AREA_STYLE('',(#12871));
#12873=SURFACE_STYLE_FILL_AREA(#12872);
#12874=SURFACE_SIDE_STYLE('',(#12873));
#12875=SURFACE_STYLE_USAGE(.POSITIVE.,#12874);
#12876=PRESENTATION_STYLE_ASSIGNMENT((#12875));
#12877=STYLED_ITEM('',(#12876),#12870);
#12878=CARTESIAN_POINT('',(-1.056648068240E0,6.5E0,9.139003910737E0));
#12879=CARTESIAN_POINT('',(-1.066749889990E0,6.5E0,9.139003910737E0));
#12880=CARTESIAN_POINT('',(-1.095386079978E0,6.5E0,9.139003910737E0));
#12881=CARTESIAN_POINT('',(-1.134124091717E0,6.5E0,9.139003910737E0));
#12882=CARTESIAN_POINT('',(-1.162760281704E0,6.5E0,9.139003910737E0));
#12883=CARTESIAN_POINT('',(-1.172862103455E0,6.5E0,9.139003910737E0));
#12885=CURVE_STYLE('',#11220,POSITIVE_LENGTH_MEASURE(2.E-2),#155);
#12886=PRESENTATION_STYLE_ASSIGNMENT((#12885));
#12887=STYLED_ITEM('',(#12886),#12884);
#12888=DIRECTION('',(0.E0,1.E0,0.E0));
#12889=VECTOR('',#12888,1.E0);
#12890=SURFACE_OF_LINEAR_EXTRUSION('',#12884,#12889);
#12891=ORIENTED_EDGE('',*,*,#6767,.F.);
#12893=ORIENTED_EDGE('',*,*,#12892,.T.);
#12894=ORIENTED_EDGE('',*,*,#10899,.T.);
#12895=ORIENTED_EDGE('',*,*,#12864,.F.);
#12896=EDGE_LOOP('',(#12891,#12893,#12894,#12895));
#12897=FACE_OUTER_BOUND('',#12896,.F.);
#12899=FILL_AREA_STYLE_COLOUR('',#155);
#12900=FILL_AREA_STYLE('',(#12899));
#12901=SURFACE_STYLE_FILL_AREA(#12900);
#12902=SURFACE_SIDE_STYLE('',(#12901));
#12903=SURFACE_STYLE_USAGE(.POSITIVE.,#12902);
#12904=PRESENTATION_STYLE_ASSIGNMENT((#12903));
#12905=STYLED_ITEM('',(#12904),#12898);
#12906=CARTESIAN_POINT('',(-1.153672612517E0,6.5E0,9.167197107419E0));
#12907=CARTESIAN_POINT('',(-1.149967287746E0,6.5E0,9.157799375192E0));
#12908=CARTESIAN_POINT('',(-1.099999012334E0,6.5E0,9.031065957427E0));
#12909=CARTESIAN_POINT('',(-1.046325412150E0,6.5E0,8.894934807435E0));
#12910=CARTESIAN_POINT('',(-9.963571367386E-1,6.5E0,8.768201389670E0));
#12911=CARTESIAN_POINT('',(-9.926518119673E-1,6.5E0,8.758803657443E0));
#12913=CURVE_STYLE('',#11220,POSITIVE_LENGTH_MEASURE(2.E-2),#155);
#12914=PRESENTATION_STYLE_ASSIGNMENT((#12913));
#12915=STYLED_ITEM('',(#12914),#12912);
#12916=DIRECTION('',(0.E0,1.E0,0.E0));
#12917=VECTOR('',#12916,1.E0);
#12918=SURFACE_OF_LINEAR_EXTRUSION('',#12912,#12917);
#12919=ORIENTED_EDGE('',*,*,#6765,.F.);
#12921=ORIENTED_EDGE('',*,*,#12920,.T.);
#12922=ORIENTED_EDGE('',*,*,#10901,.T.);
#12923=ORIENTED_EDGE('',*,*,#12892,.F.);
#12924=EDGE_LOOP('',(#12919,#12921,#12922,#12923));
#12925=FACE_OUTER_BOUND('',#12924,.F.);
#12927=FILL_AREA_STYLE_COLOUR('',#155);
#12928=FILL_AREA_STYLE('',(#12927));
#12929=SURFACE_STYLE_FILL_AREA(#12928);
#12930=SURFACE_SIDE_STYLE('',(#12929));
#12931=SURFACE_STYLE_USAGE(.POSITIVE.,#12930);
#12932=PRESENTATION_STYLE_ASSIGNMENT((#12931));
#12933=STYLED_ITEM('',(#12932),#12926);
#12934=CARTESIAN_POINT('',(-1.008813454783E0,6.5E0,8.801879018607E0));
#12935=CARTESIAN_POINT('',(-1.007449457971E0,6.5E0,8.797009160938E0));
#12936=CARTESIAN_POINT('',(-9.904915676787E-1,6.5E0,8.747014736624E0));
#12937=CARTESIAN_POINT('',(-9.331026013150E-1,6.5E0,8.680700636576E0));
#12938=CARTESIAN_POINT('',(-8.658693079106E-1,6.5E0,8.691010343441E0));
#12939=CARTESIAN_POINT('',(-8.502499297214E-1,6.5E0,8.696798135418E0));
#12940=CARTESIAN_POINT('',(-8.456753421231E-1,6.5E0,8.698788896993E0));
#12942=CURVE_STYLE('',#11220,POSITIVE_LENGTH_MEASURE(2.E-2),#155);
#12943=PRESENTATION_STYLE_ASSIGNMENT((#12942));
#12944=STYLED_ITEM('',(#12943),#12941);
#12945=DIRECTION('',(0.E0,1.E0,0.E0));
#12946=VECTOR('',#12945,1.E0);
#12947=SURFACE_OF_LINEAR_EXTRUSION('',#12941,#12946);
#12948=ORIENTED_EDGE('',*,*,#6763,.T.);
#12950=ORIENTED_EDGE('',*,*,#12949,.T.);
#12951=ORIENTED_EDGE('',*,*,#10903,.T.);
#12952=ORIENTED_EDGE('',*,*,#12920,.F.);
#12953=EDGE_LOOP('',(#12948,#12950,#12951,#12952));
#12954=FACE_OUTER_BOUND('',#12953,.F.);
#12956=FILL_AREA_STYLE_COLOUR('',#155);
#12957=FILL_AREA_STYLE('',(#12956));
#12958=SURFACE_STYLE_FILL_AREA(#12957);
#12959=SURFACE_SIDE_STYLE('',(#12958));
#12960=SURFACE_STYLE_USAGE(.POSITIVE.,#12959);
#12961=PRESENTATION_STYLE_ASSIGNMENT((#12960));
#12962=STYLED_ITEM('',(#12961),#12955);
#12963=CARTESIAN_POINT('',(-8.600534624841E-1,6.5E0,8.663216878191E0));
#12964=CARTESIAN_POINT('',(-8.600534624841E-1,6.5E0,8.673318699942E0));
#12965=CARTESIAN_POINT('',(-8.600534624841E-1,6.5E0,8.699327971599E0));
#12966=CARTESIAN_POINT('',(-8.600534624841E-1,6.5E0,8.735439065006E0));
#12967=CARTESIAN_POINT('',(-8.600534624841E-1,6.5E0,8.761448336663E0));
#12968=CARTESIAN_POINT('',(-8.600534624841E-1,6.5E0,8.771550158414E0));
#12970=CURVE_STYLE('',#11220,POSITIVE_LENGTH_MEASURE(2.E-2),#155);
#12971=PRESENTATION_STYLE_ASSIGNMENT((#12970));
#12972=STYLED_ITEM('',(#12971),#12969);
#12973=DIRECTION('',(0.E0,1.E0,0.E0));
#12974=VECTOR('',#12973,1.E0);
#12975=SURFACE_OF_LINEAR_EXTRUSION('',#12969,#12974);
#12976=ORIENTED_EDGE('',*,*,#6761,.F.);
#12978=ORIENTED_EDGE('',*,*,#12977,.T.);
#12979=ORIENTED_EDGE('',*,*,#10905,.T.);
#12980=ORIENTED_EDGE('',*,*,#12949,.F.);
#12981=EDGE_LOOP('',(#12976,#12978,#12979,#12980));
#12982=FACE_OUTER_BOUND('',#12981,.F.);
#12984=FILL_AREA_STYLE_COLOUR('',#155);
#12985=FILL_AREA_STYLE('',(#12984));
#12986=SURFACE_STYLE_FILL_AREA(#12985);
#12987=SURFACE_SIDE_STYLE('',(#12986));
#12988=SURFACE_STYLE_USAGE(.POSITIVE.,#12987);
#12989=PRESENTATION_STYLE_ASSIGNMENT((#12988));
#12990=STYLED_ITEM('',(#12989),#12983);
#12991=CARTESIAN_POINT('',(-8.459187176830E-1,6.5E0,8.747415522087E0));
#12992=CARTESIAN_POINT('',(-8.503136475466E-1,6.5E0,8.745407017274E0));
#12993=CARTESIAN_POINT('',(-8.642524547862E-1,6.5E0,8.738989968191E0));
#12994=CARTESIAN_POINT('',(-9.036908970665E-1,6.5E0,8.727690082676E0));
#12995=CARTESIAN_POINT('',(-9.413052153869E-1,6.5E0,8.761135328746E0));
#12996=CARTESIAN_POINT('',(-9.486959797739E-1,6.5E0,8.787591688938E0));
#12997=CARTESIAN_POINT('',(-9.492410673998E-1,6.5E0,8.792185153716E0));
#12999=CURVE_STYLE('',#11220,POSITIVE_LENGTH_MEASURE(2.E-2),#155);
#13000=PRESENTATION_STYLE_ASSIGNMENT((#12999));
#13001=STYLED_ITEM('',(#13000),#12998);
#13002=DIRECTION('',(0.E0,1.E0,0.E0));
#13003=VECTOR('',#13002,1.E0);
#13004=SURFACE_OF_LINEAR_EXTRUSION('',#12998,#13003);
#13005=ORIENTED_EDGE('',*,*,#6759,.T.);
#13007=ORIENTED_EDGE('',*,*,#13006,.T.);
#13008=ORIENTED_EDGE('',*,*,#10907,.T.);
#13009=ORIENTED_EDGE('',*,*,#12977,.F.);
#13010=EDGE_LOOP('',(#13005,#13007,#13008,#13009));
#13011=FACE_OUTER_BOUND('',#13010,.F.);
#13013=FILL_AREA_STYLE_COLOUR('',#155);
#13014=FILL_AREA_STYLE('',(#13013));
#13015=SURFACE_STYLE_FILL_AREA(#13014);
#13016=SURFACE_SIDE_STYLE('',(#13015));
#13017=SURFACE_STYLE_USAGE(.POSITIVE.,#13016);
#13018=PRESENTATION_STYLE_ASSIGNMENT((#13017));
#13019=STYLED_ITEM('',(#13018),#13012);
#13020=CARTESIAN_POINT('',(-9.336165027436E-1,6.5E0,8.750331635385E0));
#13021=CARTESIAN_POINT('',(-9.375537712631E-1,6.5E0,8.759634576817E0));
#13022=CARTESIAN_POINT('',(-9.493353098049E-1,6.5E0,8.787471886488E0));
#13023=CARTESIAN_POINT('',(-9.650541168662E-1,6.5E0,8.824612137590E0));
#13024=CARTESIAN_POINT('',(-9.768356554079E-1,6.5E0,8.852449447261E0));
#13025=CARTESIAN_POINT('',(-9.807729239274E-1,6.5E0,8.861752388693E0));
#13027=CURVE_STYLE('',#11220,POSITIVE_LENGTH_MEASURE(2.E-2),#155);
#13028=PRESENTATION_STYLE_ASSIGNMENT((#13027));
#13029=STYLED_ITEM('',(#13028),#13026);
#13030=DIRECTION('',(0.E0,1.E0,0.E0));
#13031=VECTOR('',#13030,1.E0);
#13032=SURFACE_OF_LINEAR_EXTRUSION('',#13026,#13031);
#13033=ORIENTED_EDGE('',*,*,#6757,.F.);
#13035=ORIENTED_EDGE('',*,*,#13034,.T.);
#13036=ORIENTED_EDGE('',*,*,#10909,.T.);
#13037=ORIENTED_EDGE('',*,*,#13006,.F.);
#13038=EDGE_LOOP('',(#13033,#13035,#13036,#13037));
#13039=FACE_OUTER_BOUND('',#13038,.F.);
#13041=FILL_AREA_STYLE_COLOUR('',#155);
#13042=FILL_AREA_STYLE('',(#13041));
#13043=SURFACE_STYLE_FILL_AREA(#13042);
#13044=SURFACE_SIDE_STYLE('',(#13043));
#13045=SURFACE_STYLE_USAGE(.POSITIVE.,#13044);
#13046=PRESENTATION_STYLE_ASSIGNMENT((#13045));
#13047=STYLED_ITEM('',(#13046),#13040);
#13048=CARTESIAN_POINT('',(-9.800486432067E-1,6.5E0,8.805639167273E0));
#13049=CARTESIAN_POINT('',(-9.763528015941E-1,6.5E0,8.815040632981E0));
#13050=CARTESIAN_POINT('',(-9.326694253583E-1,6.5E0,8.926162214135E0));
#13051=CARTESIAN_POINT('',(-8.852902075100E-1,6.5E0,9.046685260998E0));
#13052=CARTESIAN_POINT('',(-8.416068312743E-1,6.5E0,9.157806842152E0));
#13053=CARTESIAN_POINT('',(-8.379109896617E-1,6.5E0,9.167208307860E0));
#13055=CURVE_STYLE('',#11220,POSITIVE_LENGTH_MEASURE(2.E-2),#155);
#13056=PRESENTATION_STYLE_ASSIGNMENT((#13055));
#13057=STYLED_ITEM('',(#13056),#13054);
#13058=DIRECTION('',(0.E0,1.E0,0.E0));
#13059=VECTOR('',#13058,1.E0);
#13060=SURFACE_OF_LINEAR_EXTRUSION('',#13054,#13059);
#13061=ORIENTED_EDGE('',*,*,#6755,.F.);
#13063=ORIENTED_EDGE('',*,*,#13062,.T.);
#13064=ORIENTED_EDGE('',*,*,#10911,.T.);
#13065=ORIENTED_EDGE('',*,*,#13034,.F.);
#13066=EDGE_LOOP('',(#13061,#13063,#13064,#13065));
#13067=FACE_OUTER_BOUND('',#13066,.F.);
#13069=FILL_AREA_STYLE_COLOUR('',#155);
#13070=FILL_AREA_STYLE('',(#13069));
#13071=SURFACE_STYLE_FILL_AREA(#13070);
#13072=SURFACE_SIDE_STYLE('',(#13071));
#13073=SURFACE_STYLE_USAGE(.POSITIVE.,#13072);
#13074=PRESENTATION_STYLE_ASSIGNMENT((#13073));
#13075=STYLED_ITEM('',(#13074),#13068);
#13076=CARTESIAN_POINT('',(-8.186930492473E-1,6.5E0,9.139003910737E0));
#13077=CARTESIAN_POINT('',(-8.287948709980E-1,6.5E0,9.139003910737E0));
#13078=CARTESIAN_POINT('',(-8.588904600603E-1,6.5E0,9.139003910737E0));
#13079=CARTESIAN_POINT('',(-8.990878708734E-1,6.5E0,9.139003910737E0));
#13080=CARTESIAN_POINT('',(-9.291834599357E-1,6.5E0,9.139003910737E0));
#13081=CARTESIAN_POINT('',(-9.392852816864E-1,6.5E0,9.139003910737E0));
#13083=CURVE_STYLE('',#11220,POSITIVE_LENGTH_MEASURE(2.E-2),#155);
#13084=PRESENTATION_STYLE_ASSIGNMENT((#13083));
#13085=STYLED_ITEM('',(#13084),#13082);
#13086=DIRECTION('',(0.E0,1.E0,0.E0));
#13087=VECTOR('',#13086,1.E0);
#13088=SURFACE_OF_LINEAR_EXTRUSION('',#13082,#13087);
#13089=ORIENTED_EDGE('',*,*,#6753,.F.);
#13091=ORIENTED_EDGE('',*,*,#13090,.T.);
#13092=ORIENTED_EDGE('',*,*,#10913,.T.);
#13093=ORIENTED_EDGE('',*,*,#13062,.F.);
#13094=EDGE_LOOP('',(#13089,#13091,#13092,#13093));
#13095=FACE_OUTER_BOUND('',#13094,.F.);
#13097=FILL_AREA_STYLE_COLOUR('',#155);
#13098=FILL_AREA_STYLE('',(#13097));
#13099=SURFACE_STYLE_FILL_AREA(#13098);
#13100=SURFACE_SIDE_STYLE('',(#13099));
#13101=SURFACE_STYLE_USAGE(.POSITIVE.,#13100);
#13102=PRESENTATION_STYLE_ASSIGNMENT((#13101));
#13103=STYLED_ITEM('',(#13102),#13096);
#13104=CARTESIAN_POINT('',(-8.990291331458E-1,6.5E0,9.167629164032E0));
#13105=CARTESIAN_POINT('',(-9.023460275753E-1,6.5E0,9.158087412934E0));
#13106=CARTESIAN_POINT('',(-9.322969551021E-1,6.5E0,9.071927210458E0));
#13107=CARTESIAN_POINT('',(-9.655647770584E-1,6.5E0,8.976225256884E0));
#13108=CARTESIAN_POINT('',(-9.955157045852E-1,6.5E0,8.890065054408E0));
#13109=CARTESIAN_POINT('',(-9.988325990147E-1,6.5E0,8.880523303310E0));
#13111=CURVE_STYLE('',#11220,POSITIVE_LENGTH_MEASURE(2.E-2),#155);
#13112=PRESENTATION_STYLE_ASSIGNMENT((#13111));
#13113=STYLED_ITEM('',(#13112),#13110);
#13114=DIRECTION('',(0.E0,1.E0,0.E0));
#13115=VECTOR('',#13114,1.E0);
#13116=SURFACE_OF_LINEAR_EXTRUSION('',#13110,#13115);
#13117=ORIENTED_EDGE('',*,*,#6751,.F.);
#13118=ORIENTED_EDGE('',*,*,#12810,.T.);
#13119=ORIENTED_EDGE('',*,*,#10915,.T.);
#13120=ORIENTED_EDGE('',*,*,#13090,.F.);
#13121=EDGE_LOOP('',(#13117,#13118,#13119,#13120));
#13122=FACE_OUTER_BOUND('',#13121,.F.);
#13124=FILL_AREA_STYLE_COLOUR('',#155);
#13125=FILL_AREA_STYLE('',(#13124));
#13126=SURFACE_STYLE_FILL_AREA(#13125);
#13127=SURFACE_SIDE_STYLE('',(#13126));
#13128=SURFACE_STYLE_USAGE(.POSITIVE.,#13127);
#13129=PRESENTATION_STYLE_ASSIGNMENT((#13128));
#13130=STYLED_ITEM('',(#13129),#13123);
#13131=CARTESIAN_POINT('',(-1.430642015382E0,6.5E0,8.833186834812E0));
#13132=DIRECTION('',(-1.E0,0.E0,0.E0));
#13133=DIRECTION('',(0.E0,0.E0,1.E0));
#13134=AXIS2_PLACEMENT_3D('',#13131,#13132,#13133);
#13135=PLANE('',#13134);
#13136=ORIENTED_EDGE('',*,*,#6775,.F.);
#13138=ORIENTED_EDGE('',*,*,#13137,.T.);
#13139=ORIENTED_EDGE('',*,*,#10932,.T.);
#13141=ORIENTED_EDGE('',*,*,#13140,.F.);
#13142=EDGE_LOOP('',(#13136,#13138,#13139,#13141));
#13143=FACE_OUTER_BOUND('',#13142,.F.);
#13145=FILL_AREA_STYLE_COLOUR('',#155);
#13146=FILL_AREA_STYLE('',(#13145));
#13147=SURFACE_STYLE_FILL_AREA(#13146);
#13148=SURFACE_SIDE_STYLE('',(#13147));
#13149=SURFACE_STYLE_USAGE(.POSITIVE.,#13148);
#13150=PRESENTATION_STYLE_ASSIGNMENT((#13149));
#13151=STYLED_ITEM('',(#13150),#13144);
#13152=CARTESIAN_POINT('',(-1.200348841529E0,6.5E0,8.833186834812E0));
#13153=DIRECTION('',(0.E0,0.E0,-1.E0));
#13154=DIRECTION('',(-1.E0,0.E0,0.E0));
#13155=AXIS2_PLACEMENT_3D('',#13152,#13153,#13154);
#13156=PLANE('',#13155);
#13157=ORIENTED_EDGE('',*,*,#6797,.F.);
#13159=ORIENTED_EDGE('',*,*,#13158,.T.);
#13160=ORIENTED_EDGE('',*,*,#10934,.T.);
#13161=ORIENTED_EDGE('',*,*,#13137,.F.);
#13162=EDGE_LOOP('',(#13157,#13159,#13160,#13161));
#13163=FACE_OUTER_BOUND('',#13162,.F.);
#13165=FILL_AREA_STYLE_COLOUR('',#155);
#13166=FILL_AREA_STYLE('',(#13165));
#13167=SURFACE_STYLE_FILL_AREA(#13166);
#13168=SURFACE_SIDE_STYLE('',(#13167));
#13169=SURFACE_STYLE_USAGE(.POSITIVE.,#13168);
#13170=PRESENTATION_STYLE_ASSIGNMENT((#13169));
#13171=STYLED_ITEM('',(#13170),#13164);
#13172=CARTESIAN_POINT('',(-1.200348841529E0,6.5E0,9.261374523079E0));
#13173=DIRECTION('',(1.E0,0.E0,0.E0));
#13174=DIRECTION('',(0.E0,0.E0,-1.E0));
#13175=AXIS2_PLACEMENT_3D('',#13172,#13173,#13174);
#13176=PLANE('',#13175);
#13177=ORIENTED_EDGE('',*,*,#6795,.F.);
#13179=ORIENTED_EDGE('',*,*,#13178,.T.);
#13180=ORIENTED_EDGE('',*,*,#10936,.T.);
#13181=ORIENTED_EDGE('',*,*,#13158,.F.);
#13182=EDGE_LOOP('',(#13177,#13179,#13180,#13181));
#13183=FACE_OUTER_BOUND('',#13182,.F.);
#13185=FILL_AREA_STYLE_COLOUR('',#155);
#13186=FILL_AREA_STYLE('',(#13185));
#13187=SURFACE_STYLE_FILL_AREA(#13186);
#13188=SURFACE_SIDE_STYLE('',(#13187));
#13189=SURFACE_STYLE_USAGE(.POSITIVE.,#13188);
#13190=PRESENTATION_STYLE_ASSIGNMENT((#13189));
#13191=STYLED_ITEM('',(#13190),#13184);
#13192=CARTESIAN_POINT('',(-1.420900526562E0,6.5E0,9.261374523079E0));
#13193=DIRECTION('',(0.E0,0.E0,1.E0));
#13194=DIRECTION('',(1.E0,0.E0,0.E0));
#13195=AXIS2_PLACEMENT_3D('',#13192,#13193,#13194);
#13196=PLANE('',#13195);
#13197=ORIENTED_EDGE('',*,*,#6793,.F.);
#13199=ORIENTED_EDGE('',*,*,#13198,.T.);
#13200=ORIENTED_EDGE('',*,*,#10938,.T.);
#13201=ORIENTED_EDGE('',*,*,#13178,.F.);
#13202=EDGE_LOOP('',(#13197,#13199,#13200,#13201));
#13203=FACE_OUTER_BOUND('',#13202,.F.);
#13205=FILL_AREA_STYLE_COLOUR('',#155);
#13206=FILL_AREA_STYLE('',(#13205));
#13207=SURFACE_STYLE_FILL_AREA(#13206);
#13208=SURFACE_SIDE_STYLE('',(#13207));
#13209=SURFACE_STYLE_USAGE(.POSITIVE.,#13208);
#13210=PRESENTATION_STYLE_ASSIGNMENT((#13209));
#13211=STYLED_ITEM('',(#13210),#13204);
#13212=CARTESIAN_POINT('',(-1.420900526562E0,6.5E0,9.212119804338E0));
#13213=DIRECTION('',(-1.E0,0.E0,0.E0));
#13214=DIRECTION('',(0.E0,0.E0,1.E0));
#13215=AXIS2_PLACEMENT_3D('',#13212,#13213,#13214);
#13216=PLANE('',#13215);
#13217=ORIENTED_EDGE('',*,*,#6791,.F.);
#13219=ORIENTED_EDGE('',*,*,#13218,.T.);
#13220=ORIENTED_EDGE('',*,*,#10940,.T.);
#13221=ORIENTED_EDGE('',*,*,#13198,.F.);
#13222=EDGE_LOOP('',(#13217,#13219,#13220,#13221));
#13223=FACE_OUTER_BOUND('',#13222,.F.);
#13225=FILL_AREA_STYLE_COLOUR('',#155);
#13226=FILL_AREA_STYLE('',(#13225));
#13227=SURFACE_STYLE_FILL_AREA(#13226);
#13228=SURFACE_SIDE_STYLE('',(#13227));
#13229=SURFACE_STYLE_USAGE(.POSITIVE.,#13228);
#13230=PRESENTATION_STYLE_ASSIGNMENT((#13229));
#13231=STYLED_ITEM('',(#13230),#13224);
#13232=CARTESIAN_POINT('',(-1.255623581450E0,6.5E0,9.212119804338E0));
#13233=DIRECTION('',(0.E0,0.E0,-1.E0));
#13234=DIRECTION('',(-1.E0,0.E0,0.E0));
#13235=AXIS2_PLACEMENT_3D('',#13232,#13233,#13234);
#13236=PLANE('',#13235);
#13237=ORIENTED_EDGE('',*,*,#6789,.F.);
#13239=ORIENTED_EDGE('',*,*,#13238,.T.);
#13240=ORIENTED_EDGE('',*,*,#10942,.T.);
#13241=ORIENTED_EDGE('',*,*,#13218,.F.);
#13242=EDGE_LOOP('',(#13237,#13239,#13240,#13241));
#13243=FACE_OUTER_BOUND('',#13242,.F.);
#13245=FILL_AREA_STYLE_COLOUR('',#155);
#13246=FILL_AREA_STYLE('',(#13245));
#13247=SURFACE_STYLE_FILL_AREA(#13246);
#13248=SURFACE_SIDE_STYLE('',(#13247));
#13249=SURFACE_STYLE_USAGE(.POSITIVE.,#13248);
#13250=PRESENTATION_STYLE_ASSIGNMENT((#13249));
#13251=STYLED_ITEM('',(#13250),#13244);
#13252=CARTESIAN_POINT('',(-1.255623581450E0,6.5E0,9.075082231302E0));
#13253=DIRECTION('',(-1.E0,0.E0,0.E0));
#13254=DIRECTION('',(0.E0,0.E0,1.E0));
#13255=AXIS2_PLACEMENT_3D('',#13252,#13253,#13254);
#13256=PLANE('',#13255);
#13257=ORIENTED_EDGE('',*,*,#6787,.F.);
#13259=ORIENTED_EDGE('',*,*,#13258,.T.);
#13260=ORIENTED_EDGE('',*,*,#10944,.T.);
#13261=ORIENTED_EDGE('',*,*,#13238,.F.);
#13262=EDGE_LOOP('',(#13257,#13259,#13260,#13261));
#13263=FACE_OUTER_BOUND('',#13262,.F.);
#13265=FILL_AREA_STYLE_COLOUR('',#155);
#13266=FILL_AREA_STYLE('',(#13265));
#13267=SURFACE_STYLE_FILL_AREA(#13266);
#13268=SURFACE_SIDE_STYLE('',(#13267));
#13269=SURFACE_STYLE_USAGE(.POSITIVE.,#13268);
#13270=PRESENTATION_STYLE_ASSIGNMENT((#13269));
#13271=STYLED_ITEM('',(#13270),#13264);
#13272=CARTESIAN_POINT('',(-1.408751029272E0,6.5E0,9.075082231302E0));
#13273=DIRECTION('',(0.E0,0.E0,1.E0));
#13274=DIRECTION('',(1.E0,0.E0,0.E0));
#13275=AXIS2_PLACEMENT_3D('',#13272,#13273,#13274);
#13276=PLANE('',#13275);
#13277=ORIENTED_EDGE('',*,*,#6785,.F.);
#13279=ORIENTED_EDGE('',*,*,#13278,.T.);
#13280=ORIENTED_EDGE('',*,*,#10946,.T.);
#13281=ORIENTED_EDGE('',*,*,#13258,.F.);
#13282=EDGE_LOOP('',(#13277,#13279,#13280,#13281));
#13283=FACE_OUTER_BOUND('',#13282,.F.);
#13285=FILL_AREA_STYLE_COLOUR('',#155);
#13286=FILL_AREA_STYLE('',(#13285));
#13287=SURFACE_STYLE_FILL_AREA(#13286);
#13288=SURFACE_SIDE_STYLE('',(#13287));
#13289=SURFACE_STYLE_USAGE(.POSITIVE.,#13288);
#13290=PRESENTATION_STYLE_ASSIGNMENT((#13289));
#13291=STYLED_ITEM('',(#13290),#13284);
#13292=CARTESIAN_POINT('',(-1.408751029272E0,6.5E0,9.026046422420E0));
#13293=DIRECTION('',(-1.E0,0.E0,0.E0));
#13294=DIRECTION('',(0.E0,0.E0,1.E0));
#13295=AXIS2_PLACEMENT_3D('',#13292,#13293,#13294);
#13296=PLANE('',#13295);
#13297=ORIENTED_EDGE('',*,*,#6783,.F.);
#13299=ORIENTED_EDGE('',*,*,#13298,.T.);
#13300=ORIENTED_EDGE('',*,*,#10948,.T.);
#13301=ORIENTED_EDGE('',*,*,#13278,.F.);
#13302=EDGE_LOOP('',(#13297,#13299,#13300,#13301));
#13303=FACE_OUTER_BOUND('',#13302,.F.);
#13305=FILL_AREA_STYLE_COLOUR('',#155);
#13306=FILL_AREA_STYLE('',(#13305));
#13307=SURFACE_STYLE_FILL_AREA(#13306);
#13308=SURFACE_SIDE_STYLE('',(#13307));
#13309=SURFACE_STYLE_USAGE(.POSITIVE.,#13308);
#13310=PRESENTATION_STYLE_ASSIGNMENT((#13309));
#13311=STYLED_ITEM('',(#13310),#13304);
#13312=CARTESIAN_POINT('',(-1.255623581450E0,6.5E0,9.026046422420E0));
#13313=DIRECTION('',(0.E0,0.E0,-1.E0));
#13314=DIRECTION('',(-1.E0,0.E0,0.E0));
#13315=AXIS2_PLACEMENT_3D('',#13312,#13313,#13314);
#13316=PLANE('',#13315);
#13317=ORIENTED_EDGE('',*,*,#6781,.F.);
#13319=ORIENTED_EDGE('',*,*,#13318,.T.);
#13320=ORIENTED_EDGE('',*,*,#10950,.T.);
#13321=ORIENTED_EDGE('',*,*,#13298,.F.);
#13322=EDGE_LOOP('',(#13317,#13319,#13320,#13321));
#13323=FACE_OUTER_BOUND('',#13322,.F.);
#13325=FILL_AREA_STYLE_COLOUR('',#155);
#13326=FILL_AREA_STYLE('',(#13325));
#13327=SURFACE_STYLE_FILL_AREA(#13326);
#13328=SURFACE_SIDE_STYLE('',(#13327));
#13329=SURFACE_STYLE_USAGE(.POSITIVE.,#13328);
#13330=PRESENTATION_STYLE_ASSIGNMENT((#13329));
#13331=STYLED_ITEM('',(#13330),#13324);
#13332=CARTESIAN_POINT('',(-1.255623581450E0,6.5E0,8.882003733834E0));
#13333=DIRECTION('',(-1.E0,0.E0,0.E0));
#13334=DIRECTION('',(0.E0,0.E0,1.E0));
#13335=AXIS2_PLACEMENT_3D('',#13332,#13333,#13334);
#13336=PLANE('',#13335);
#13337=ORIENTED_EDGE('',*,*,#6779,.F.);
#13339=ORIENTED_EDGE('',*,*,#13338,.T.);
#13340=ORIENTED_EDGE('',*,*,#10952,.T.);
#13341=ORIENTED_EDGE('',*,*,#13318,.F.);
#13342=EDGE_LOOP('',(#13337,#13339,#13340,#13341));
#13343=FACE_OUTER_BOUND('',#13342,.F.);
#13345=FILL_AREA_STYLE_COLOUR('',#155);
#13346=FILL_AREA_STYLE('',(#13345));
#13347=SURFACE_STYLE_FILL_AREA(#13346);
#13348=SURFACE_SIDE_STYLE('',(#13347));
#13349=SURFACE_STYLE_USAGE(.POSITIVE.,#13348);
#13350=PRESENTATION_STYLE_ASSIGNMENT((#13349));
#13351=STYLED_ITEM('',(#13350),#13344);
#13352=CARTESIAN_POINT('',(-1.430642015382E0,6.5E0,8.882003733834E0));
#13353=DIRECTION('',(0.E0,0.E0,1.E0));
#13354=DIRECTION('',(1.E0,0.E0,0.E0));
#13355=AXIS2_PLACEMENT_3D('',#13352,#13353,#13354);
#13356=PLANE('',#13355);
#13357=ORIENTED_EDGE('',*,*,#6777,.F.);
#13358=ORIENTED_EDGE('',*,*,#13140,.T.);
#13359=ORIENTED_EDGE('',*,*,#10954,.T.);
#13360=ORIENTED_EDGE('',*,*,#13338,.F.);
#13361=EDGE_LOOP('',(#13357,#13358,#13359,#13360));
#13362=FACE_OUTER_BOUND('',#13361,.F.);
#13364=FILL_AREA_STYLE_COLOUR('',#155);
#13365=FILL_AREA_STYLE('',(#13364));
#13366=SURFACE_STYLE_FILL_AREA(#13365);
#13367=SURFACE_SIDE_STYLE('',(#13366));
#13368=SURFACE_STYLE_USAGE(.POSITIVE.,#13367);
#13369=PRESENTATION_STYLE_ASSIGNMENT((#13368));
#13370=STYLED_ITEM('',(#13369),#13363);
#13371=CARTESIAN_POINT('',(-1.661797278169E0,6.5E0,9.212119804338E0));
#13372=CARTESIAN_POINT('',(-1.651695456419E0,6.5E0,9.212119804338E0));
#13373=CARTESIAN_POINT('',(-1.620031013352E0,6.5E0,9.212119804338E0));
#13374=CARTESIAN_POINT('',(-1.578264748535E0,6.5E0,9.212119804338E0));
#13375=CARTESIAN_POINT('',(-1.546600305468E0,6.5E0,9.212119804338E0));
#13376=CARTESIAN_POINT('',(-1.536498483717E0,6.5E0,9.212119804338E0));
#13378=CURVE_STYLE('',#11220,POSITIVE_LENGTH_MEASURE(2.E-2),#155);
#13379=PRESENTATION_STYLE_ASSIGNMENT((#13378));
#13380=STYLED_ITEM('',(#13379),#13377);
#13381=DIRECTION('',(0.E0,1.E0,0.E0));
#13382=VECTOR('',#13381,1.E0);
#13383=SURFACE_OF_LINEAR_EXTRUSION('',#13377,#13382);
#13384=ORIENTED_EDGE('',*,*,#6964,.F.);
#13386=ORIENTED_EDGE('',*,*,#13385,.T.);
#13387=ORIENTED_EDGE('',*,*,#10981,.T.);
#13389=ORIENTED_EDGE('',*,*,#13388,.F.);
#13390=EDGE_LOOP('',(#13384,#13386,#13387,#13389));
#13391=FACE_OUTER_BOUND('',#13390,.F.);
#13393=FILL_AREA_STYLE_COLOUR('',#155);
#13394=FILL_AREA_STYLE('',(#13393));
#13395=SURFACE_STYLE_FILL_AREA(#13394);
#13396=SURFACE_SIDE_STYLE('',(#13395));
#13397=SURFACE_STYLE_USAGE(.POSITIVE.,#13396);
#13398=PRESENTATION_STYLE_ASSIGNMENT((#13397));
#13399=STYLED_ITEM('',(#13398),#13392);
#13400=CARTESIAN_POINT('',(-1.566803948969E0,6.5E0,9.242425269590E0));
#13401=CARTESIAN_POINT('',(-1.566803948969E0,6.5E0,9.232323447839E0));
#13402=CARTESIAN_POINT('',(-1.566803948970E0,6.5E0,9.112182935921E0));
#13403=CARTESIAN_POINT('',(-1.566803948970E0,6.5E0,8.981940602251E0));
#13404=CARTESIAN_POINT('',(-1.566803948971E0,6.5E0,8.861800090332E0));
#13405=CARTESIAN_POINT('',(-1.566803948971E0,6.5E0,8.851698268582E0));
#13407=CURVE_STYLE('',#11220,POSITIVE_LENGTH_MEASURE(2.E-2),#155);
#13408=PRESENTATION_STYLE_ASSIGNMENT((#13407));
#13409=STYLED_ITEM('',(#13408),#13406);
#13410=DIRECTION('',(0.E0,1.E0,0.E0));
#13411=VECTOR('',#13410,1.E0);
#13412=SURFACE_OF_LINEAR_EXTRUSION('',#13406,#13411);
#13413=ORIENTED_EDGE('',*,*,#6970,.F.);
#13415=ORIENTED_EDGE('',*,*,#13414,.T.);
#13416=ORIENTED_EDGE('',*,*,#10983,.T.);
#13417=ORIENTED_EDGE('',*,*,#13385,.F.);
#13418=EDGE_LOOP('',(#13413,#13415,#13416,#13417));
#13419=FACE_OUTER_BOUND('',#13418,.F.);
#13421=FILL_AREA_STYLE_COLOUR('',#155);
#13422=FILL_AREA_STYLE('',(#13421));
#13423=SURFACE_STYLE_FILL_AREA(#13422);
#13424=SURFACE_SIDE_STYLE('',(#13423));
#13425=SURFACE_STYLE_USAGE(.POSITIVE.,#13424);
#13426=PRESENTATION_STYLE_ASSIGNMENT((#13425));
#13427=STYLED_ITEM('',(#13426),#13420);
#13428=CARTESIAN_POINT('',(-1.536498483719E0,6.5E0,8.882003733834E0));
#13429=CARTESIAN_POINT('',(-1.546600305469E0,6.5E0,8.882003733834E0));
#13430=CARTESIAN_POINT('',(-1.577425594068E0,6.5E0,8.882003733834E0));
#13431=CARTESIAN_POINT('',(-1.618352704418E0,6.5E0,8.882003733834E0));
#13432=CARTESIAN_POINT('',(-1.649177993017E0,6.5E0,8.882003733834E0));
#13433=CARTESIAN_POINT('',(-1.659279814768E0,6.5E0,8.882003733834E0));
#13435=CURVE_STYLE('',#11220,POSITIVE_LENGTH_MEASURE(2.E-2),#155);
#13436=PRESENTATION_STYLE_ASSIGNMENT((#13435));
#13437=STYLED_ITEM('',(#13436),#13434);
#13438=DIRECTION('',(0.E0,1.E0,0.E0));
#13439=VECTOR('',#13438,1.E0);
#13440=SURFACE_OF_LINEAR_EXTRUSION('',#13434,#13439);
#13441=ORIENTED_EDGE('',*,*,#6968,.F.);
#13443=ORIENTED_EDGE('',*,*,#13442,.T.);
#13444=ORIENTED_EDGE('',*,*,#10985,.T.);
#13445=ORIENTED_EDGE('',*,*,#13414,.F.);
#13446=EDGE_LOOP('',(#13441,#13443,#13444,#13445));
#13447=FACE_OUTER_BOUND('',#13446,.F.);
#13449=FILL_AREA_STYLE_COLOUR('',#155);
#13450=FILL_AREA_STYLE('',(#13449));
#13451=SURFACE_STYLE_FILL_AREA(#13450);
#13452=SURFACE_SIDE_STYLE('',(#13451));
#13453=SURFACE_STYLE_USAGE(.POSITIVE.,#13452);
#13454=PRESENTATION_STYLE_ASSIGNMENT((#13453));
#13455=STYLED_ITEM('',(#13454),#13448);
#13456=CARTESIAN_POINT('',(-1.613475769114E0,6.5E0,8.882559323233E0));
#13457=CARTESIAN_POINT('',(-1.618548442942E0,6.5E0,8.882190761720E0));
#13458=CARTESIAN_POINT('',(-1.668100392343E0,6.5E0,8.880401066094E0));
#13459=CARTESIAN_POINT('',(-1.773233972351E0,6.5E0,8.909246158991E0));
#13460=CARTESIAN_POINT('',(-1.816739995852E0,6.5E0,9.050027374703E0));
#13461=CARTESIAN_POINT('',(-1.771711948160E0,6.5E0,9.189281951441E0));
#13462=CARTESIAN_POINT('',(-1.669094969923E0,6.5E0,9.213468300454E0));
#13463=CARTESIAN_POINT('',(-1.621352835838E0,6.5E0,9.211960885047E0));
#13464=CARTESIAN_POINT('',(-1.616428289544E0,6.5E0,9.211652787985E0));
#13466=CURVE_STYLE('',#11220,POSITIVE_LENGTH_MEASURE(2.E-2),#155);
#13467=PRESENTATION_STYLE_ASSIGNMENT((#13466));
#13468=STYLED_ITEM('',(#13467),#13465);
#13469=DIRECTION('',(0.E0,1.E0,0.E0));
#13470=VECTOR('',#13469,1.E0);
#13471=SURFACE_OF_LINEAR_EXTRUSION('',#13465,#13470);
#13472=ORIENTED_EDGE('',*,*,#6966,.T.);
#13473=ORIENTED_EDGE('',*,*,#13388,.T.);
#13474=ORIENTED_EDGE('',*,*,#10987,.T.);
#13475=ORIENTED_EDGE('',*,*,#13442,.F.);
#13476=EDGE_LOOP('',(#13472,#13473,#13474,#13475));
#13477=FACE_OUTER_BOUND('',#13476,.F.);
#13479=FILL_AREA_STYLE_COLOUR('',#155);
#13480=FILL_AREA_STYLE('',(#13479));
#13481=SURFACE_STYLE_FILL_AREA(#13480);
#13482=SURFACE_SIDE_STYLE('',(#13481));
#13483=SURFACE_STYLE_USAGE(.POSITIVE.,#13482);
#13484=PRESENTATION_STYLE_ASSIGNMENT((#13483));
#13485=STYLED_ITEM('',(#13484),#13478);
#13486=CARTESIAN_POINT('',(-1.659608179563E0,6.5E0,8.833186834812E0));
#13487=CARTESIAN_POINT('',(-1.649506357813E0,6.5E0,8.833186834812E0));
#13488=CARTESIAN_POINT('',(-1.600146700975E0,6.5E0,8.833186834812E0));
#13489=CARTESIAN_POINT('',(-1.540685222387E0,6.5E0,8.833186834812E0));
#13490=CARTESIAN_POINT('',(-1.491325565549E0,6.5E0,8.833186834812E0));
#13491=CARTESIAN_POINT('',(-1.481223743798E0,6.5E0,8.833186834812E0));
#13493=CURVE_STYLE('',#11220,POSITIVE_LENGTH_MEASURE(2.E-2),#155);
#13494=PRESENTATION_STYLE_ASSIGNMENT((#13493));
#13495=STYLED_ITEM('',(#13494),#13492);
#13496=DIRECTION('',(0.E0,1.E0,0.E0));
#13497=VECTOR('',#13496,1.E0);
#13498=SURFACE_OF_LINEAR_EXTRUSION('',#13492,#13497);
#13499=ORIENTED_EDGE('',*,*,#6801,.F.);
#13501=ORIENTED_EDGE('',*,*,#13500,.T.);
#13502=ORIENTED_EDGE('',*,*,#10971,.T.);
#13504=ORIENTED_EDGE('',*,*,#13503,.F.);
#13505=EDGE_LOOP('',(#13499,#13501,#13502,#13504));
#13506=FACE_OUTER_BOUND('',#13505,.F.);
#13508=FILL_AREA_STYLE_COLOUR('',#155);
#13509=FILL_AREA_STYLE('',(#13508));
#13510=SURFACE_STYLE_FILL_AREA(#13509);
#13511=SURFACE_SIDE_STYLE('',(#13510));
#13512=SURFACE_STYLE_USAGE(.POSITIVE.,#13511);
#13513=PRESENTATION_STYLE_ASSIGNMENT((#13512));
#13514=STYLED_ITEM('',(#13513),#13507);
#13515=CARTESIAN_POINT('',(-1.511529209051E0,6.5E0,8.802881369560E0));
#13516=CARTESIAN_POINT('',(-1.511529209051E0,6.5E0,8.812983191311E0));
#13517=CARTESIAN_POINT('',(-1.511529209050E0,6.5E0,8.965814242484E0));
#13518=CARTESIAN_POINT('',(-1.511529209050E0,6.5E0,9.128747115407E0));
#13519=CARTESIAN_POINT('',(-1.511529209049E0,6.5E0,9.281578166580E0));
#13520=CARTESIAN_POINT('',(-1.511529209049E0,6.5E0,9.291679988331E0));
#13522=CURVE_STYLE('',#11220,POSITIVE_LENGTH_MEASURE(2.E-2),#155);
#13523=PRESENTATION_STYLE_ASSIGNMENT((#13522));
#13524=STYLED_ITEM('',(#13523),#13521);
#13525=DIRECTION('',(0.E0,1.E0,0.E0));
#13526=VECTOR('',#13525,1.E0);
#13527=SURFACE_OF_LINEAR_EXTRUSION('',#13521,#13526);
#13528=ORIENTED_EDGE('',*,*,#6807,.F.);
#13530=ORIENTED_EDGE('',*,*,#13529,.T.);
#13531=ORIENTED_EDGE('',*,*,#10973,.T.);
#13532=ORIENTED_EDGE('',*,*,#13500,.F.);
#13533=EDGE_LOOP('',(#13528,#13530,#13531,#13532));
#13534=FACE_OUTER_BOUND('',#13533,.F.);
#13536=FILL_AREA_STYLE_COLOUR('',#155);
#13537=FILL_AREA_STYLE('',(#13536));
#13538=SURFACE_STYLE_FILL_AREA(#13537);
#13539=SURFACE_SIDE_STYLE('',(#13538));
#13540=SURFACE_STYLE_USAGE(.POSITIVE.,#13539);
#13541=PRESENTATION_STYLE_ASSIGNMENT((#13540));
#13542=STYLED_ITEM('',(#13541),#13535);
#13543=CARTESIAN_POINT('',(-1.481223743797E0,6.5E0,9.261374523079E0));
#13544=CARTESIAN_POINT('',(-1.491325565548E0,6.5E0,9.261374523079E0));
#13545=CARTESIAN_POINT('',(-1.542144621458E0,6.5E0,9.261374523079E0));
#13546=CARTESIAN_POINT('',(-1.603065499120E0,6.5E0,9.261374523079E0));
#13547=CARTESIAN_POINT('',(-1.653884555030E0,6.5E0,9.261374523079E0));
#13548=CARTESIAN_POINT('',(-1.663986376781E0,6.5E0,9.261374523079E0));
#13550=CURVE_STYLE('',#11220,POSITIVE_LENGTH_MEASURE(2.E-2),#155);
#13551=PRESENTATION_STYLE_ASSIGNMENT((#13550));
#13552=STYLED_ITEM('',(#13551),#13549);
#13553=DIRECTION('',(0.E0,1.E0,0.E0));
#13554=VECTOR('',#13553,1.E0);
#13555=SURFACE_OF_LINEAR_EXTRUSION('',#13549,#13554);
#13556=ORIENTED_EDGE('',*,*,#6805,.F.);
#13558=ORIENTED_EDGE('',*,*,#13557,.T.);
#13559=ORIENTED_EDGE('',*,*,#10975,.T.);
#13560=ORIENTED_EDGE('',*,*,#13529,.F.);
#13561=EDGE_LOOP('',(#13556,#13558,#13559,#13560));
#13562=FACE_OUTER_BOUND('',#13561,.F.);
#13564=FILL_AREA_STYLE_COLOUR('',#155);
#13565=FILL_AREA_STYLE('',(#13564));
#13566=SURFACE_STYLE_FILL_AREA(#13565);
#13567=SURFACE_SIDE_STYLE('',(#13566));
#13568=SURFACE_STYLE_USAGE(.POSITIVE.,#13567);
#13569=PRESENTATION_STYLE_ASSIGNMENT((#13568));
#13570=STYLED_ITEM('',(#13569),#13563);
#13571=CARTESIAN_POINT('',(-1.618163059507E0,6.5E0,9.260933009051E0));
#13572=CARTESIAN_POINT('',(-1.623281711620E0,6.5E0,9.261226483119E0));
#13573=CARTESIAN_POINT('',(-1.685181264334E0,6.5E0,9.262995911312E0));
#13574=CARTESIAN_POINT('',(-1.812825620887E0,6.5E0,9.226525838782E0));
#13575=CARTESIAN_POINT('',(-1.883109373151E0,6.5E0,9.050561887842E0));
#13576=CARTESIAN_POINT('',(-1.814254095281E0,6.5E0,8.871160558515E0));
#13577=CARTESIAN_POINT('',(-1.682648096016E0,6.5E0,8.831508153244E0));
#13578=CARTESIAN_POINT('',(-1.619057637546E0,6.5E0,8.833333322834E0));
#13579=CARTESIAN_POINT('',(-1.614008211278E0,6.5E0,8.833624789990E0));
#13581=CURVE_STYLE('',#11220,POSITIVE_LENGTH_MEASURE(2.E-2),#155);
#13582=PRESENTATION_STYLE_ASSIGNMENT((#13581));
#13583=STYLED_ITEM('',(#13582),#13580);
#13584=DIRECTION('',(0.E0,1.E0,0.E0));
#13585=VECTOR('',#13584,1.E0);
#13586=SURFACE_OF_LINEAR_EXTRUSION('',#13580,#13585);
#13587=ORIENTED_EDGE('',*,*,#6803,.T.);
#13588=ORIENTED_EDGE('',*,*,#13503,.T.);
#13589=ORIENTED_EDGE('',*,*,#10977,.T.);
#13590=ORIENTED_EDGE('',*,*,#13557,.F.);
#13591=EDGE_LOOP('',(#13587,#13588,#13589,#13590));
#13592=FACE_OUTER_BOUND('',#13591,.F.);
#13594=FILL_AREA_STYLE_COLOUR('',#155);
#13595=FILL_AREA_STYLE('',(#13594));
#13596=SURFACE_STYLE_FILL_AREA(#13595);
#13597=SURFACE_SIDE_STYLE('',(#13596));
#13598=SURFACE_STYLE_USAGE(.POSITIVE.,#13597);
#13599=PRESENTATION_STYLE_ASSIGNMENT((#13598));
#13600=STYLED_ITEM('',(#13599),#13593);
#13601=CARTESIAN_POINT('',(-2.082871449835E0,6.5E0,9.176074420987E0));
#13602=CARTESIAN_POINT('',(-2.082802157091E0,6.5E0,9.176268243477E0));
#13603=CARTESIAN_POINT('',(-2.079293230470E0,6.5E0,9.186162059330E0));
#13604=CARTESIAN_POINT('',(-2.077000321780E0,6.5E0,9.196702271229E0));
#13605=CARTESIAN_POINT('',(-2.075258654160E0,6.5E0,9.207052962192E0));
#13606=CARTESIAN_POINT('',(-2.075224693007E0,6.5E0,9.207255918671E0));
#13608=CURVE_STYLE('',#11220,POSITIVE_LENGTH_MEASURE(2.E-2),#155);
#13609=PRESENTATION_STYLE_ASSIGNMENT((#13608));
#13610=STYLED_ITEM('',(#13609),#13607);
#13611=DIRECTION('',(0.E0,1.E0,0.E0));
#13612=VECTOR('',#13611,1.E0);
#13613=SURFACE_OF_LINEAR_EXTRUSION('',#13607,#13612);
#13614=ORIENTED_EDGE('',*,*,#6987,.T.);
#13616=ORIENTED_EDGE('',*,*,#13615,.T.);
#13617=ORIENTED_EDGE('',*,*,#11022,.T.);
#13619=ORIENTED_EDGE('',*,*,#13618,.F.);
#13620=EDGE_LOOP('',(#13614,#13616,#13617,#13619));
#13621=FACE_OUTER_BOUND('',#13620,.F.);
#13623=FILL_AREA_STYLE_COLOUR('',#155);
#13624=FILL_AREA_STYLE('',(#13623));
#13625=SURFACE_STYLE_FILL_AREA(#13624);
#13626=SURFACE_SIDE_STYLE('',(#13625));
#13627=SURFACE_STYLE_USAGE(.POSITIVE.,#13626);
#13628=PRESENTATION_STYLE_ASSIGNMENT((#13627));
#13629=STYLED_ITEM('',(#13628),#13622);
#13630=CARTESIAN_POINT('',(-2.075424659368E0,6.5E0,9.207258289337E0));
#13631=CARTESIAN_POINT('',(-2.075392455391E0,6.5E0,9.207054530719E0));
#13632=CARTESIAN_POINT('',(-2.073734857752E0,6.5E0,9.196663534859E0));
#13633=CARTESIAN_POINT('',(-2.071244571627E0,6.5E0,9.186114203418E0));
#13634=CARTESIAN_POINT('',(-2.067524309789E0,6.5E0,9.176270173278E0));
#13635=CARTESIAN_POINT('',(-2.067450868389E0,6.5E0,9.176077349768E0));
#13637=CURVE_STYLE('',#11220,POSITIVE_LENGTH_MEASURE(2.E-2),#155);
#13638=PRESENTATION_STYLE_ASSIGNMENT((#13637));
#13639=STYLED_ITEM('',(#13638),#13636);
#13640=DIRECTION('',(0.E0,1.E0,0.E0));
#13641=VECTOR('',#13640,1.E0);
#13642=SURFACE_OF_LINEAR_EXTRUSION('',#13636,#13641);
#13643=ORIENTED_EDGE('',*,*,#6995,.T.);
#13645=ORIENTED_EDGE('',*,*,#13644,.T.);
#13646=ORIENTED_EDGE('',*,*,#11024,.T.);
#13647=ORIENTED_EDGE('',*,*,#13615,.F.);
#13648=EDGE_LOOP('',(#13643,#13645,#13646,#13647));
#13649=FACE_OUTER_BOUND('',#13648,.F.);
#13651=FILL_AREA_STYLE_COLOUR('',#155);
#13652=FILL_AREA_STYLE('',(#13651));
#13653=SURFACE_STYLE_FILL_AREA(#13652);
#13654=SURFACE_SIDE_STYLE('',(#13653));
#13655=SURFACE_STYLE_USAGE(.POSITIVE.,#13654);
#13656=PRESENTATION_STYLE_ASSIGNMENT((#13655));
#13657=STYLED_ITEM('',(#13656),#13650);
#13658=CARTESIAN_POINT('',(-2.077929172831E0,6.5E0,9.205172449161E0));
#13659=CARTESIAN_POINT('',(-2.074509352258E0,6.5E0,9.195667101722E0));
#13660=CARTESIAN_POINT('',(-2.049745820232E0,6.5E0,9.126837181930E0));
#13661=CARTESIAN_POINT('',(-2.021562467633E0,6.5E0,9.048501914700E0));
#13662=CARTESIAN_POINT('',(-1.996798935607E0,6.5E0,8.979671994908E0));
#13663=CARTESIAN_POINT('',(-1.993379115034E0,6.5E0,8.970166647470E0));
#13665=CURVE_STYLE('',#11220,POSITIVE_LENGTH_MEASURE(2.E-2),#155);
#13666=PRESENTATION_STYLE_ASSIGNMENT((#13665));
#13667=STYLED_ITEM('',(#13666),#13664);
#13668=DIRECTION('',(0.E0,1.E0,0.E0));
#13669=VECTOR('',#13668,1.E0);
#13670=SURFACE_OF_LINEAR_EXTRUSION('',#13664,#13669);
#13671=ORIENTED_EDGE('',*,*,#6993,.F.);
#13673=ORIENTED_EDGE('',*,*,#13672,.T.);
#13674=ORIENTED_EDGE('',*,*,#11026,.T.);
#13675=ORIENTED_EDGE('',*,*,#13644,.F.);
#13676=EDGE_LOOP('',(#13671,#13673,#13674,#13675));
#13677=FACE_OUTER_BOUND('',#13676,.F.);
#13679=FILL_AREA_STYLE_COLOUR('',#155);
#13680=FILL_AREA_STYLE('',(#13679));
#13681=SURFACE_STYLE_FILL_AREA(#13680);
#13682=SURFACE_SIDE_STYLE('',(#13681));
#13683=SURFACE_STYLE_USAGE(.POSITIVE.,#13682);
#13684=PRESENTATION_STYLE_ASSIGNMENT((#13683));
#13685=STYLED_ITEM('',(#13684),#13678);
#13686=CARTESIAN_POINT('',(-1.973333111500E0,6.5E0,8.998682689786E0));
#13687=CARTESIAN_POINT('',(-1.983434933251E0,6.5E0,8.998682689786E0));
#13688=CARTESIAN_POINT('',(-2.041441529601E0,6.5E0,8.998682689786E0));
#13689=CARTESIAN_POINT('',(-2.109549947701E0,6.5E0,8.998682689786E0));
#13690=CARTESIAN_POINT('',(-2.167556544051E0,6.5E0,8.998682689786E0));
#13691=CARTESIAN_POINT('',(-2.177658365802E0,6.5E0,8.998682689786E0));
#13693=CURVE_STYLE('',#11220,POSITIVE_LENGTH_MEASURE(2.E-2),#155);
#13694=PRESENTATION_STYLE_ASSIGNMENT((#13693));
#13695=STYLED_ITEM('',(#13694),#13692);
#13696=DIRECTION('',(0.E0,1.E0,0.E0));
#13697=VECTOR('',#13696,1.E0);
#13698=SURFACE_OF_LINEAR_EXTRUSION('',#13692,#13697);
#13699=ORIENTED_EDGE('',*,*,#6991,.F.);
#13701=ORIENTED_EDGE('',*,*,#13700,.T.);
#13702=ORIENTED_EDGE('',*,*,#11028,.T.);
#13703=ORIENTED_EDGE('',*,*,#13672,.F.);
#13704=EDGE_LOOP('',(#13699,#13701,#13702,#13703));
#13705=FACE_OUTER_BOUND('',#13704,.F.);
#13707=FILL_AREA_STYLE_COLOUR('',#155);
#13708=FILL_AREA_STYLE('',(#13707));
#13709=SURFACE_STYLE_FILL_AREA(#13708);
#13710=SURFACE_SIDE_STYLE('',(#13709));
#13711=SURFACE_STYLE_USAGE(.POSITIVE.,#13710);
#13712=PRESENTATION_STYLE_ASSIGNMENT((#13711));
#13713=STYLED_ITEM('',(#13712),#13706);
#13714=CARTESIAN_POINT('',(-2.157705363571E0,6.5E0,8.970200278836E0));
#13715=CARTESIAN_POINT('',(-2.154254542564E0,6.5E0,8.979694415819E0));
#13716=CARTESIAN_POINT('',(-2.129241100239E0,6.5E0,9.048513125155E0));
#13717=CARTESIAN_POINT('',(-2.100776836908E0,6.5E0,9.126825971475E0));
#13718=CARTESIAN_POINT('',(-2.075763394583E0,6.5E0,9.195644680811E0));
#13719=CARTESIAN_POINT('',(-2.072312573576E0,6.5E0,9.205138817794E0));
#13721=CURVE_STYLE('',#11220,POSITIVE_LENGTH_MEASURE(2.E-2),#155);
#13722=PRESENTATION_STYLE_ASSIGNMENT((#13721));
#13723=STYLED_ITEM('',(#13722),#13720);
#13724=DIRECTION('',(0.E0,1.E0,0.E0));
#13725=VECTOR('',#13724,1.E0);
#13726=SURFACE_OF_LINEAR_EXTRUSION('',#13720,#13725);
#13727=ORIENTED_EDGE('',*,*,#6989,.F.);
#13728=ORIENTED_EDGE('',*,*,#13618,.T.);
#13729=ORIENTED_EDGE('',*,*,#11030,.T.);
#13730=ORIENTED_EDGE('',*,*,#13700,.F.);
#13731=EDGE_LOOP('',(#13727,#13728,#13729,#13730));
#13732=FACE_OUTER_BOUND('',#13731,.F.);
#13734=FILL_AREA_STYLE_COLOUR('',#155);
#13735=FILL_AREA_STYLE('',(#13734));
#13736=SURFACE_STYLE_FILL_AREA(#13735);
#13737=SURFACE_SIDE_STYLE('',(#13736));
#13738=SURFACE_STYLE_USAGE(.POSITIVE.,#13737);
#13739=PRESENTATION_STYLE_ASSIGNMENT((#13738));
#13740=STYLED_ITEM('',(#13739),#13733);
#13741=CARTESIAN_POINT('',(-2.269176238241E0,6.5E0,8.833186834812E0));
#13742=DIRECTION('',(-9.345104387413E-1,0.E0,3.559357243710E-1));
#13743=DIRECTION('',(3.559357243710E-1,0.E0,9.345104387413E-1));
#13744=AXIS2_PLACEMENT_3D('',#13741,#13742,#13743);
#13745=PLANE('',#13744);
#13746=ORIENTED_EDGE('',*,*,#6811,.F.);
#13748=ORIENTED_EDGE('',*,*,#13747,.T.);
#13749=ORIENTED_EDGE('',*,*,#11004,.T.);
#13751=ORIENTED_EDGE('',*,*,#13750,.F.);
#13752=EDGE_LOOP('',(#13746,#13748,#13749,#13751));
#13753=FACE_OUTER_BOUND('',#13752,.F.);
#13755=FILL_AREA_STYLE_COLOUR('',#155);
#13756=FILL_AREA_STYLE('',(#13755));
#13757=SURFACE_STYLE_FILL_AREA(#13756);
#13758=SURFACE_SIDE_STYLE('',(#13757));
#13759=SURFACE_STYLE_USAGE(.POSITIVE.,#13758);
#13760=PRESENTATION_STYLE_ASSIGNMENT((#13759));
#13761=STYLED_ITEM('',(#13760),#13754);
#13762=CARTESIAN_POINT('',(-2.208100387003E0,6.5E0,8.833186834812E0));
#13763=DIRECTION('',(0.E0,0.E0,-1.E0));
#13764=DIRECTION('',(-1.E0,0.E0,0.E0));
#13765=AXIS2_PLACEMENT_3D('',#13762,#13763,#13764);
#13766=PLANE('',#13765);
#13767=ORIENTED_EDGE('',*,*,#6825,.F.);
#13769=ORIENTED_EDGE('',*,*,#13768,.T.);
#13770=ORIENTED_EDGE('',*,*,#11006,.T.);
#13771=ORIENTED_EDGE('',*,*,#13747,.F.);
#13772=EDGE_LOOP('',(#13767,#13769,#13770,#13771));
#13773=FACE_OUTER_BOUND('',#13772,.F.);
#13775=FILL_AREA_STYLE_COLOUR('',#155);
#13776=FILL_AREA_STYLE('',(#13775));
#13777=SURFACE_STYLE_FILL_AREA(#13776);
#13778=SURFACE_SIDE_STYLE('',(#13777));
#13779=SURFACE_STYLE_USAGE(.POSITIVE.,#13778);
#13780=PRESENTATION_STYLE_ASSIGNMENT((#13779));
#13781=STYLED_ITEM('',(#13780),#13774);
#13782=CARTESIAN_POINT('',(-2.164427869719E0,6.5E0,8.950303610487E0));
#13783=DIRECTION('',(9.369753459537E-1,0.E0,-3.493954794714E-1));
#13784=DIRECTION('',(-3.493954794714E-1,0.E0,-9.369753459537E-1));
#13785=AXIS2_PLACEMENT_3D('',#13782,#13783,#13784);
#13786=PLANE('',#13785);
#13787=ORIENTED_EDGE('',*,*,#6823,.F.);
#13789=ORIENTED_EDGE('',*,*,#13788,.T.);
#13790=ORIENTED_EDGE('',*,*,#11008,.T.);
#13791=ORIENTED_EDGE('',*,*,#13768,.F.);
#13792=EDGE_LOOP('',(#13787,#13789,#13790,#13791));
#13793=FACE_OUTER_BOUND('',#13792,.F.);
#13795=FILL_AREA_STYLE_COLOUR('',#155);
#13796=FILL_AREA_STYLE('',(#13795));
#13797=SURFACE_STYLE_FILL_AREA(#13796);
#13798=SURFACE_SIDE_STYLE('',(#13797));
#13799=SURFACE_STYLE_USAGE(.POSITIVE.,#13798);
#13800=PRESENTATION_STYLE_ASSIGNMENT((#13799));
#13801=STYLED_ITEM('',(#13800),#13794);
#13802=CARTESIAN_POINT('',(-1.986125787872E0,6.5E0,8.950303610487E0));
#13803=DIRECTION('',(0.E0,0.E0,-1.E0));
#13804=DIRECTION('',(-1.E0,0.E0,0.E0));
#13805=AXIS2_PLACEMENT_3D('',#13802,#13803,#13804);
#13806=PLANE('',#13805);
#13807=ORIENTED_EDGE('',*,*,#6821,.F.);
#13809=ORIENTED_EDGE('',*,*,#13808,.T.);
#13810=ORIENTED_EDGE('',*,*,#11010,.T.);
#13811=ORIENTED_EDGE('',*,*,#13788,.F.);
#13812=EDGE_LOOP('',(#13807,#13809,#13810,#13811));
#13813=FACE_OUTER_BOUND('',#13812,.F.);
#13815=FILL_AREA_STYLE_COLOUR('',#155);
#13816=FILL_AREA_STYLE('',(#13815));
#13817=SURFACE_STYLE_FILL_AREA(#13816);
#13818=SURFACE_SIDE_STYLE('',(#13817));
#13819=SURFACE_STYLE_USAGE(.POSITIVE.,#13818);
#13820=PRESENTATION_STYLE_ASSIGNMENT((#13819));
#13821=STYLED_ITEM('',(#13820),#13814);
#13822=CARTESIAN_POINT('',(-1.944970733982E0,6.5E0,8.833186834812E0));
#13823=DIRECTION('',(-9.434452330623E-1,0.E0,-3.315284184080E-1));
#13824=DIRECTION('',(-3.315284184080E-1,0.E0,9.434452330623E-1));
#13825=AXIS2_PLACEMENT_3D('',#13822,#13823,#13824);
#13826=PLANE('',#13825);
#13827=ORIENTED_EDGE('',*,*,#6819,.F.);
#13829=ORIENTED_EDGE('',*,*,#13828,.T.);
#13830=ORIENTED_EDGE('',*,*,#11012,.T.);
#13831=ORIENTED_EDGE('',*,*,#13808,.F.);
#13832=EDGE_LOOP('',(#13827,#13829,#13830,#13831));
#13833=FACE_OUTER_BOUND('',#13832,.F.);
#13835=FILL_AREA_STYLE_COLOUR('',#155);
#13836=FILL_AREA_STYLE('',(#13835));
#13837=SURFACE_STYLE_FILL_AREA(#13836);
#13838=SURFACE_SIDE_STYLE('',(#13837));
#13839=SURFACE_STYLE_USAGE(.POSITIVE.,#13838);
#13840=PRESENTATION_STYLE_ASSIGNMENT((#13839));
#13841=STYLED_ITEM('',(#13840),#13834);
#13842=CARTESIAN_POINT('',(-1.883894882744E0,6.5E0,8.833186834812E0));
#13843=DIRECTION('',(0.E0,0.E0,-1.E0));
#13844=DIRECTION('',(-1.E0,0.E0,0.E0));
#13845=AXIS2_PLACEMENT_3D('',#13842,#13843,#13844);
#13846=PLANE('',#13845);
#13847=ORIENTED_EDGE('',*,*,#6817,.F.);
#13849=ORIENTED_EDGE('',*,*,#13848,.T.);
#13850=ORIENTED_EDGE('',*,*,#11014,.T.);
#13851=ORIENTED_EDGE('',*,*,#13828,.F.);
#13852=EDGE_LOOP('',(#13847,#13849,#13850,#13851));
#13853=FACE_OUTER_BOUND('',#13852,.F.);
#13855=FILL_AREA_STYLE_COLOUR('',#155);
#13856=FILL_AREA_STYLE('',(#13855));
#13857=SURFACE_STYLE_FILL_AREA(#13856);
#13858=SURFACE_SIDE_STYLE('',(#13857));
#13859=SURFACE_STYLE_USAGE(.POSITIVE.,#13858);
#13860=PRESENTATION_STYLE_ASSIGNMENT((#13859));
#13861=STYLED_ITEM('',(#13860),#13854);
#13862=CARTESIAN_POINT('',(-2.046982729247E0,6.5E0,9.261374523079E0));
#13863=DIRECTION('',(9.345104387424E-1,0.E0,3.559357243682E-1));
#13864=DIRECTION('',(3.559357243682E-1,0.E0,-9.345104387424E-1));
#13865=AXIS2_PLACEMENT_3D('',#13862,#13863,#13864);
#13866=PLANE('',#13865);
#13867=ORIENTED_EDGE('',*,*,#6815,.F.);
#13869=ORIENTED_EDGE('',*,*,#13868,.T.);
#13870=ORIENTED_EDGE('',*,*,#11016,.T.);
#13871=ORIENTED_EDGE('',*,*,#13848,.F.);
#13872=EDGE_LOOP('',(#13867,#13869,#13870,#13871));
#13873=FACE_OUTER_BOUND('',#13872,.F.);
#13875=FILL_AREA_STYLE_COLOUR('',#155);
#13876=FILL_AREA_STYLE('',(#13875));
#13877=SURFACE_STYLE_FILL_AREA(#13876);
#13878=SURFACE_SIDE_STYLE('',(#13877));
#13879=SURFACE_STYLE_USAGE(.POSITIVE.,#13878);
#13880=PRESENTATION_STYLE_ASSIGNMENT((#13879));
#13881=STYLED_ITEM('',(#13880),#13874);
#13882=CARTESIAN_POINT('',(-2.106088391737E0,6.5E0,9.261374523079E0));
#13883=DIRECTION('',(0.E0,0.E0,1.E0));
#13884=DIRECTION('',(1.E0,0.E0,0.E0));
#13885=AXIS2_PLACEMENT_3D('',#13882,#13883,#13884);
#13886=PLANE('',#13885);
#13887=ORIENTED_EDGE('',*,*,#6813,.F.);
#13888=ORIENTED_EDGE('',*,*,#13750,.T.);
#13889=ORIENTED_EDGE('',*,*,#11018,.T.);
#13890=ORIENTED_EDGE('',*,*,#13868,.F.);
#13891=EDGE_LOOP('',(#13887,#13888,#13889,#13890));
#13892=FACE_OUTER_BOUND('',#13891,.F.);
#13894=FILL_AREA_STYLE_COLOUR('',#155);
#13895=FILL_AREA_STYLE('',(#13894));
#13896=SURFACE_STYLE_FILL_AREA(#13895);
#13897=SURFACE_SIDE_STYLE('',(#13896));
#13898=SURFACE_STYLE_USAGE(.POSITIVE.,#13897);
#13899=PRESENTATION_STYLE_ASSIGNMENT((#13898));
#13900=STYLED_ITEM('',(#13899),#13893);
#13901=CARTESIAN_POINT('',(6.324574885286E-1,6.5E0,9.642215651525E0));
#13902=CARTESIAN_POINT('',(6.340900219428E-1,6.5E0,9.647072242719E0));
#13903=CARTESIAN_POINT('',(6.679656010922E-1,6.5E0,9.743475351327E0));
#13904=CARTESIAN_POINT('',(8.151311252619E-1,6.5E0,9.958999563846E0));
#13905=CARTESIAN_POINT('',(1.195746310316E0,6.5E0,1.010519229509E1));
#13906=CARTESIAN_POINT('',(1.542218520606E0,6.5E0,9.992370980007E0));
#13907=CARTESIAN_POINT('',(1.680514913881E0,6.5E0,9.849281501948E0));
#13908=CARTESIAN_POINT('',(1.721447902922E0,6.5E0,9.794688185464E0));
#13909=CARTESIAN_POINT('',(1.724480055947E0,6.5E0,9.790565666463E0));
#13911=CURVE_STYLE('',#11220,POSITIVE_LENGTH_MEASURE(2.E-2),#155);
#13912=PRESENTATION_STYLE_ASSIGNMENT((#13911));
#13913=STYLED_ITEM('',(#13912),#13910);
#13914=DIRECTION('',(0.E0,1.E0,0.E0));
#13915=VECTOR('',#13914,1.E0);
#13916=SURFACE_OF_LINEAR_EXTRUSION('',#13910,#13915);
#13917=ORIENTED_EDGE('',*,*,#6829,.F.);
#13919=ORIENTED_EDGE('',*,*,#13918,.T.);
#13920=ORIENTED_EDGE('',*,*,#11047,.T.);
#13922=ORIENTED_EDGE('',*,*,#13921,.F.);
#13923=EDGE_LOOP('',(#13917,#13919,#13920,#13922));
#13924=FACE_OUTER_BOUND('',#13923,.F.);
#13926=FILL_AREA_STYLE_COLOUR('',#155);
#13927=FILL_AREA_STYLE('',(#13926));
#13928=SURFACE_STYLE_FILL_AREA(#13927);
#13929=SURFACE_SIDE_STYLE('',(#13928));
#13930=SURFACE_STYLE_USAGE(.POSITIVE.,#13929);
#13931=PRESENTATION_STYLE_ASSIGNMENT((#13930));
#13932=STYLED_ITEM('',(#13931),#13925);
#13933=CARTESIAN_POINT('',(7.415547827630E-1,6.5E0,8.830684866038E0));
#13934=CARTESIAN_POINT('',(7.363169854759E-1,6.5E0,8.830913382668E0));
#13935=CARTESIAN_POINT('',(6.283783874067E-1,6.5E0,8.837911811448E0));
#13936=CARTESIAN_POINT('',(4.196926981910E-1,6.5E0,8.942189054096E0));
#13937=CARTESIAN_POINT('',(2.601372709160E-1,6.5E0,9.319939269600E0));
#13938=CARTESIAN_POINT('',(4.828951003057E-1,6.5E0,9.612102346414E0));
#13939=CARTESIAN_POINT('',(6.475607688182E-1,6.5E0,9.659753156062E0));
#13940=CARTESIAN_POINT('',(6.525956311671E-1,6.5E0,9.661075182937E0));
#13942=CURVE_STYLE('',#11220,POSITIVE_LENGTH_MEASURE(2.E-2),#155);
#13943=PRESENTATION_STYLE_ASSIGNMENT((#13942));
#13944=STYLED_ITEM('',(#13943),#13941);
#13945=DIRECTION('',(0.E0,1.E0,0.E0));
#13946=VECTOR('',#13945,1.E0);
#13947=SURFACE_OF_LINEAR_EXTRUSION('',#13941,#13946);
#13948=ORIENTED_EDGE('',*,*,#6859,.F.);
#13950=ORIENTED_EDGE('',*,*,#13949,.T.);
#13951=ORIENTED_EDGE('',*,*,#11049,.T.);
#13952=ORIENTED_EDGE('',*,*,#13918,.F.);
#13953=EDGE_LOOP('',(#13948,#13950,#13951,#13952));
#13954=FACE_OUTER_BOUND('',#13953,.F.);
#13956=FILL_AREA_STYLE_COLOUR('',#155);
#13957=FILL_AREA_STYLE('',(#13956));
#13958=SURFACE_STYLE_FILL_AREA(#13957);
#13959=SURFACE_SIDE_STYLE('',(#13958));
#13960=SURFACE_STYLE_USAGE(.POSITIVE.,#13959);
#13961=PRESENTATION_STYLE_ASSIGNMENT((#13960));
#13962=STYLED_ITEM('',(#13961),#13955);
#13963=CARTESIAN_POINT('',(7.351584606689E-1,6.5E0,8.831701809957E0));
#13964=CARTESIAN_POINT('',(7.350975734103E-1,6.5E0,8.831701809957E0));
#13965=CARTESIAN_POINT('',(7.319923232217E-1,6.5E0,8.831701809957E0));
#13966=CARTESIAN_POINT('',(7.288261857745E-1,6.5E0,8.831701809957E0));
#13967=CARTESIAN_POINT('',(7.257209355858E-1,6.5E0,8.831701809957E0));
#13968=CARTESIAN_POINT('',(7.256600483272E-1,6.5E0,8.831701809957E0));
#13970=CURVE_STYLE('',#11220,POSITIVE_LENGTH_MEASURE(2.E-2),#155);
#13971=PRESENTATION_STYLE_ASSIGNMENT((#13970));
#13972=STYLED_ITEM('',(#13971),#13969);
#13973=DIRECTION('',(0.E0,1.E0,0.E0));
#13974=VECTOR('',#13973,1.E0);
#13975=SURFACE_OF_LINEAR_EXTRUSION('',#13969,#13974);
#13976=ORIENTED_EDGE('',*,*,#6857,.F.);
#13978=ORIENTED_EDGE('',*,*,#13977,.T.);
#13979=ORIENTED_EDGE('',*,*,#11051,.T.);
#13980=ORIENTED_EDGE('',*,*,#13949,.F.);
#13981=EDGE_LOOP('',(#13976,#13978,#13979,#13980));
#13982=FACE_OUTER_BOUND('',#13981,.F.);
#13984=FILL_AREA_STYLE_COLOUR('',#155);
#13985=FILL_AREA_STYLE('',(#13984));
#13986=SURFACE_STYLE_FILL_AREA(#13985);
#13987=SURFACE_SIDE_STYLE('',(#13986));
#13988=SURFACE_STYLE_USAGE(.POSITIVE.,#13987);
#13989=PRESENTATION_STYLE_ASSIGNMENT((#13988));
#13990=STYLED_ITEM('',(#13989),#13983);
#13991=CARTESIAN_POINT('',(7.442915494574E-1,6.5E0,8.831701809957E0));
#13992=CARTESIAN_POINT('',(7.442306621988E-1,6.5E0,8.831701809957E0));
#13993=CARTESIAN_POINT('',(7.411254120107E-1,6.5E0,8.831701809957E0));
#13994=CARTESIAN_POINT('',(7.379592745640E-1,6.5E0,8.831701809957E0));
#13995=CARTESIAN_POINT('',(7.348540243759E-1,6.5E0,8.831701809957E0));
#13996=CARTESIAN_POINT('',(7.347931371173E-1,6.5E0,8.831701809957E0));
#13998=CURVE_STYLE('',#11220,POSITIVE_LENGTH_MEASURE(2.E-2),#155);
#13999=PRESENTATION_STYLE_ASSIGNMENT((#13998));
#14000=STYLED_ITEM('',(#13999),#13997);
#14001=DIRECTION('',(0.E0,1.E0,0.E0));
#14002=VECTOR('',#14001,1.E0);
#14003=SURFACE_OF_LINEAR_EXTRUSION('',#13997,#14002);
#14004=ORIENTED_EDGE('',*,*,#6855,.F.);
#14006=ORIENTED_EDGE('',*,*,#14005,.T.);
#14007=ORIENTED_EDGE('',*,*,#11053,.T.);
#14008=ORIENTED_EDGE('',*,*,#13977,.F.);
#14009=EDGE_LOOP('',(#14004,#14006,#14007,#14008));
#14010=FACE_OUTER_BOUND('',#14009,.F.);
#14012=FILL_AREA_STYLE_COLOUR('',#155);
#14013=FILL_AREA_STYLE('',(#14012));
#14014=SURFACE_STYLE_FILL_AREA(#14013);
#14015=SURFACE_SIDE_STYLE('',(#14014));
#14016=SURFACE_STYLE_USAGE(.POSITIVE.,#14015);
#14017=PRESENTATION_STYLE_ASSIGNMENT((#14016));
#14018=STYLED_ITEM('',(#14017),#14011);
#14019=CARTESIAN_POINT('',(9.357659753169E-1,6.5E0,8.831701809957E0));
#14020=CARTESIAN_POINT('',(9.256641535661E-1,6.5E0,8.831701809957E0));
#14021=CARTESIAN_POINT('',(8.617784576877E-1,6.5E0,8.831701809957E0));
#14022=CARTESIAN_POINT('',(7.877909400586E-1,6.5E0,8.831701809957E0));
#14023=CARTESIAN_POINT('',(7.239052441802E-1,6.5E0,8.831701809957E0));
#14024=CARTESIAN_POINT('',(7.138034224294E-1,6.5E0,8.831701809957E0));
#14026=CURVE_STYLE('',#11220,POSITIVE_LENGTH_MEASURE(2.E-2),#155);
#14027=PRESENTATION_STYLE_ASSIGNMENT((#14026));
#14028=STYLED_ITEM('',(#14027),#14025);
#14029=DIRECTION('',(0.E0,1.E0,0.E0));
#14030=VECTOR('',#14029,1.E0);
#14031=SURFACE_OF_LINEAR_EXTRUSION('',#14025,#14030);
#14032=ORIENTED_EDGE('',*,*,#6853,.F.);
#14034=ORIENTED_EDGE('',*,*,#14033,.T.);
#14035=ORIENTED_EDGE('',*,*,#11055,.T.);
#14036=ORIENTED_EDGE('',*,*,#14005,.F.);
#14037=EDGE_LOOP('',(#14032,#14034,#14035,#14036));
#14038=FACE_OUTER_BOUND('',#14037,.F.);
#14040=FILL_AREA_STYLE_COLOUR('',#155);
#14041=FILL_AREA_STYLE('',(#14040));
#14042=SURFACE_STYLE_FILL_AREA(#14041);
#14043=SURFACE_SIDE_STYLE('',(#14042));
#14044=SURFACE_STYLE_USAGE(.POSITIVE.,#14043);
#14045=PRESENTATION_STYLE_ASSIGNMENT((#14044));
#14046=STYLED_ITEM('',(#14045),#14039);
#14047=CARTESIAN_POINT('',(8.643622165053E-1,6.5E0,9.024305703411E0));
#14048=CARTESIAN_POINT('',(8.702124004307E-1,6.5E0,9.018995630295E0));
#14049=CARTESIAN_POINT('',(8.820601480295E-1,6.5E0,9.015586346491E0));
#14050=CARTESIAN_POINT('',(9.364412092219E-1,6.5E0,9.034574300169E0));
#14051=CARTESIAN_POINT('',(1.041529531553E0,6.5E0,8.924407664680E0));
#14052=CARTESIAN_POINT('',(9.426824451667E-1,6.5E0,8.828806429530E0));
#14053=CARTESIAN_POINT('',(8.946652547697E-1,6.5E0,8.831685368105E0));
#14054=CARTESIAN_POINT('',(8.894325295671E-1,6.5E0,8.832745762814E0));
#14056=CURVE_STYLE('',#11220,POSITIVE_LENGTH_MEASURE(2.E-2),#155);
#14057=PRESENTATION_STYLE_ASSIGNMENT((#14056));
#14058=STYLED_ITEM('',(#14057),#14055);
#14059=DIRECTION('',(0.E0,1.E0,0.E0));
#14060=VECTOR('',#14059,1.E0);
#14061=SURFACE_OF_LINEAR_EXTRUSION('',#14055,#14060);
#14062=ORIENTED_EDGE('',*,*,#6851,.F.);
#14064=ORIENTED_EDGE('',*,*,#14063,.T.);
#14065=ORIENTED_EDGE('',*,*,#11057,.T.);
#14066=ORIENTED_EDGE('',*,*,#14033,.F.);
#14067=EDGE_LOOP('',(#14062,#14064,#14065,#14066));
#14068=FACE_OUTER_BOUND('',#14067,.F.);
#14070=FILL_AREA_STYLE_COLOUR('',#155);
#14071=FILL_AREA_STYLE('',(#14070));
#14072=SURFACE_STYLE_FILL_AREA(#14071);
#14073=SURFACE_SIDE_STYLE('',(#14072));
#14074=SURFACE_STYLE_USAGE(.POSITIVE.,#14073);
#14075=PRESENTATION_STYLE_ASSIGNMENT((#14074));
#14076=STYLED_ITEM('',(#14075),#14069);
#14077=CARTESIAN_POINT('',(7.138035385619E-1,6.5E0,9.017408374492E0));
#14078=CARTESIAN_POINT('',(7.239053603127E-1,6.5E0,9.017408374492E0));
#14079=CARTESIAN_POINT('',(7.796727421416E-1,6.5E0,9.017408374492E0));
#14080=CARTESIAN_POINT('',(8.455419457213E-1,6.5E0,9.017408374492E0));
#14081=CARTESIAN_POINT('',(9.013093275502E-1,6.5E0,9.017408374492E0));
#14082=CARTESIAN_POINT('',(9.114111493009E-1,6.5E0,9.017408374492E0));
#14084=CURVE_STYLE('',#11220,POSITIVE_LENGTH_MEASURE(2.E-2),#155);
#14085=PRESENTATION_STYLE_ASSIGNMENT((#14084));
#14086=STYLED_ITEM('',(#14085),#14083);
#14087=DIRECTION('',(0.E0,1.E0,0.E0));
#14088=VECTOR('',#14087,1.E0);
#14089=SURFACE_OF_LINEAR_EXTRUSION('',#14083,#14088);
#14090=ORIENTED_EDGE('',*,*,#6849,.F.);
#14092=ORIENTED_EDGE('',*,*,#14091,.T.);
#14093=ORIENTED_EDGE('',*,*,#11059,.T.);
#14094=ORIENTED_EDGE('',*,*,#14063,.F.);
#14095=EDGE_LOOP('',(#14090,#14092,#14093,#14094));
#14096=FACE_OUTER_BOUND('',#14095,.F.);
#14098=FILL_AREA_STYLE_COLOUR('',#155);
#14099=FILL_AREA_STYLE('',(#14098));
#14100=SURFACE_STYLE_FILL_AREA(#14099);
#14101=SURFACE_SIDE_STYLE('',(#14100));
#14102=SURFACE_STYLE_USAGE(.POSITIVE.,#14101);
#14103=PRESENTATION_STYLE_ASSIGNMENT((#14102));
#14104=STYLED_ITEM('',(#14103),#14097);
#14105=CARTESIAN_POINT('',(8.031615522490E-1,6.5E0,9.492993063861E0));
#14106=CARTESIAN_POINT('',(7.976519906619E-1,6.5E0,9.492462326650E0));
#14107=CARTESIAN_POINT('',(7.840452367784E-1,6.5E0,9.492133411923E0));
#14108=CARTESIAN_POINT('',(6.590066020362E-1,6.5E0,9.496660980941E0));
#14109=CARTESIAN_POINT('',(4.066535201690E-1,6.5E0,9.261853504550E0));
#14110=CARTESIAN_POINT('',(6.423658398158E-1,6.5E0,9.019416549089E0));
#14111=CARTESIAN_POINT('',(7.549346426722E-1,6.5E0,9.016890505597E0));
#14112=CARTESIAN_POINT('',(7.603116662817E-1,6.5E0,9.017058641919E0));
#14114=CURVE_STYLE('',#11220,POSITIVE_LENGTH_MEASURE(2.E-2),#155);
#14115=PRESENTATION_STYLE_ASSIGNMENT((#14114));
#14116=STYLED_ITEM('',(#14115),#14113);
#14117=DIRECTION('',(0.E0,1.E0,0.E0));
#14118=VECTOR('',#14117,1.E0);
#14119=SURFACE_OF_LINEAR_EXTRUSION('',#14113,#14118);
#14120=ORIENTED_EDGE('',*,*,#6847,.F.);
#14122=ORIENTED_EDGE('',*,*,#14121,.T.);
#14123=ORIENTED_EDGE('',*,*,#11061,.T.);
#14124=ORIENTED_EDGE('',*,*,#14091,.F.);
#14125=EDGE_LOOP('',(#14120,#14122,#14123,#14124));
#14126=FACE_OUTER_BOUND('',#14125,.F.);
#14128=FILL_AREA_STYLE_COLOUR('',#155);
#14129=FILL_AREA_STYLE('',(#14128));
#14130=SURFACE_STYLE_FILL_AREA(#14129);
#14131=SURFACE_SIDE_STYLE('',(#14130));
#14132=SURFACE_STYLE_USAGE(.POSITIVE.,#14131);
#14133=PRESENTATION_STYLE_ASSIGNMENT((#14132));
#14134=STYLED_ITEM('',(#14133),#14127);
#14135=CARTESIAN_POINT('',(1.625728001725E0,6.5E0,9.565129662034E0));
#14136=CARTESIAN_POINT('',(1.624247020603E0,6.5E0,9.570311410295E0));
#14137=CARTESIAN_POINT('',(1.572881935678E0,6.5E0,9.734561734124E0));
#14138=CARTESIAN_POINT('',(1.188969642642E0,6.5E0,1.003309320975E1));
#14139=CARTESIAN_POINT('',(8.026170818825E-1,6.5E0,9.676256954145E0));
#14140=CARTESIAN_POINT('',(7.856503613659E-1,6.5E0,9.481610149859E0));
#14141=CARTESIAN_POINT('',(7.853323931978E-1,6.5E0,9.476251768483E0));
#14143=CURVE_STYLE('',#11220,POSITIVE_LENGTH_MEASURE(2.E-2),#155);
#14144=PRESENTATION_STYLE_ASSIGNMENT((#14143));
#14145=STYLED_ITEM('',(#14144),#14142);
#14146=DIRECTION('',(0.E0,1.E0,0.E0));
#14147=VECTOR('',#14146,1.E0);
#14148=SURFACE_OF_LINEAR_EXTRUSION('',#14142,#14147);
#14149=ORIENTED_EDGE('',*,*,#6845,.F.);
#14151=ORIENTED_EDGE('',*,*,#14150,.T.);
#14152=ORIENTED_EDGE('',*,*,#11063,.T.);
#14153=ORIENTED_EDGE('',*,*,#14121,.F.);
#14154=EDGE_LOOP('',(#14149,#14151,#14152,#14153));
#14155=FACE_OUTER_BOUND('',#14154,.F.);
#14157=FILL_AREA_STYLE_COLOUR('',#155);
#14158=FILL_AREA_STYLE('',(#14157));
#14159=SURFACE_STYLE_FILL_AREA(#14158);
#14160=SURFACE_SIDE_STYLE('',(#14159));
#14161=SURFACE_STYLE_USAGE(.POSITIVE.,#14160);
#14162=PRESENTATION_STYLE_ASSIGNMENT((#14161));
#14163=STYLED_ITEM('',(#14162),#14156);
#14164=CARTESIAN_POINT('',(1.889192714047E0,6.5E0,9.035542804445E0));
#14165=CARTESIAN_POINT('',(1.894165567864E0,6.5E0,9.037444755606E0));
#14166=CARTESIAN_POINT('',(2.001262868579E0,6.5E0,9.082428009685E0));
#14167=CARTESIAN_POINT('',(2.200242889404E0,6.5E0,9.356446075930E0));
#14168=CARTESIAN_POINT('',(1.869530429774E0,6.5E0,9.678078152694E0));
#14169=CARTESIAN_POINT('',(1.663445170564E0,6.5E0,9.607536297364E0));
#14170=CARTESIAN_POINT('',(1.611808378505E0,6.5E0,9.575037277172E0));
#14171=CARTESIAN_POINT('',(1.607389212733E0,6.5E0,9.572127948915E0));
#14173=CURVE_STYLE('',#11220,POSITIVE_LENGTH_MEASURE(2.E-2),#155);
#14174=PRESENTATION_STYLE_ASSIGNMENT((#14173));
#14175=STYLED_ITEM('',(#14174),#14172);
#14176=DIRECTION('',(0.E0,1.E0,0.E0));
#14177=VECTOR('',#14176,1.E0);
#14178=SURFACE_OF_LINEAR_EXTRUSION('',#14172,#14177);
#14179=ORIENTED_EDGE('',*,*,#6843,.F.);
#14181=ORIENTED_EDGE('',*,*,#14180,.T.);
#14182=ORIENTED_EDGE('',*,*,#11065,.T.);
#14183=ORIENTED_EDGE('',*,*,#14150,.F.);
#14184=EDGE_LOOP('',(#14179,#14181,#14182,#14183));
#14185=FACE_OUTER_BOUND('',#14184,.F.);
#14187=FILL_AREA_STYLE_COLOUR('',#155);
#14188=FILL_AREA_STYLE('',(#14187));
#14189=SURFACE_STYLE_FILL_AREA(#14188);
#14190=SURFACE_SIDE_STYLE('',(#14189));
#14191=SURFACE_STYLE_USAGE(.POSITIVE.,#14190);
#14192=PRESENTATION_STYLE_ASSIGNMENT((#14191));
#14193=STYLED_ITEM('',(#14192),#14186);
#14194=CARTESIAN_POINT('',(1.379559950133E0,6.5E0,9.126855089839E0));
#14195=CARTESIAN_POINT('',(1.382743929681E0,6.5E0,9.131046544364E0));
#14196=CARTESIAN_POINT('',(1.438411621282E0,6.5E0,9.199959333545E0));
#14197=CARTESIAN_POINT('',(1.651009888361E0,6.5E0,9.303452634244E0));
#14198=CARTESIAN_POINT('',(1.869315018750E0,6.5E0,9.147125881929E0));
#14199=CARTESIAN_POINT('',(1.907482847502E0,6.5E0,9.031843320967E0));
#14200=CARTESIAN_POINT('',(1.908953646977E0,6.5E0,9.026826092556E0));
#14202=CURVE_STYLE('',#11220,POSITIVE_LENGTH_MEASURE(2.E-2),#155);
#14203=PRESENTATION_STYLE_ASSIGNMENT((#14202));
#14204=STYLED_ITEM('',(#14203),#14201);
#14205=DIRECTION('',(0.E0,1.E0,0.E0));
#14206=VECTOR('',#14205,1.E0);
#14207=SURFACE_OF_LINEAR_EXTRUSION('',#14201,#14206);
#14208=ORIENTED_EDGE('',*,*,#6841,.F.);
#14210=ORIENTED_EDGE('',*,*,#14209,.T.);
#14211=ORIENTED_EDGE('',*,*,#11067,.T.);
#14212=ORIENTED_EDGE('',*,*,#14180,.F.);
#14213=EDGE_LOOP('',(#14208,#14210,#14211,#14212));
#14214=FACE_OUTER_BOUND('',#14213,.F.);
#14216=FILL_AREA_STYLE_COLOUR('',#155);
#14217=FILL_AREA_STYLE('',(#14216));
#14218=SURFACE_STYLE_FILL_AREA(#14217);
#14219=SURFACE_SIDE_STYLE('',(#14218));
#14220=SURFACE_STYLE_USAGE(.POSITIVE.,#14219);
#14221=PRESENTATION_STYLE_ASSIGNMENT((#14220));
#14222=STYLED_ITEM('',(#14221),#14215);
#14223=CARTESIAN_POINT('',(9.547085628060E-1,6.5E0,9.366321242422E0));
#14224=CARTESIAN_POINT('',(9.636623008249E-1,6.5E0,9.361643916458E0));
#14225=CARTESIAN_POINT('',(1.108597924983E0,6.5E0,9.285931274817E0));
#14226=CARTESIAN_POINT('',(1.262487287160E0,6.5E0,9.205541307213E0));
#14227=CARTESIAN_POINT('',(1.407422911318E0,6.5E0,9.129828665572E0));
#14228=CARTESIAN_POINT('',(1.416376649337E0,6.5E0,9.125151339609E0));
#14230=CURVE_STYLE('',#11220,POSITIVE_LENGTH_MEASURE(2.E-2),#155);
#14231=PRESENTATION_STYLE_ASSIGNMENT((#14230));
#14232=STYLED_ITEM('',(#14231),#14229);
#14233=DIRECTION('',(0.E0,1.E0,0.E0));
#14234=VECTOR('',#14233,1.E0);
#14235=SURFACE_OF_LINEAR_EXTRUSION('',#14229,#14234);
#14236=ORIENTED_EDGE('',*,*,#6839,.F.);
#14238=ORIENTED_EDGE('',*,*,#14237,.T.);
#14239=ORIENTED_EDGE('',*,*,#11069,.T.);
#14240=ORIENTED_EDGE('',*,*,#14209,.F.);
#14241=EDGE_LOOP('',(#14236,#14238,#14239,#14240));
#14242=FACE_OUTER_BOUND('',#14241,.F.);
#14244=FILL_AREA_STYLE_COLOUR('',#155);
#14245=FILL_AREA_STYLE('',(#14244));
#14246=SURFACE_STYLE_FILL_AREA(#14245);
#14247=SURFACE_SIDE_STYLE('',(#14246));
#14248=SURFACE_STYLE_USAGE(.POSITIVE.,#14247);
#14249=PRESENTATION_STYLE_ASSIGNMENT((#14248));
#14250=STYLED_ITEM('',(#14249),#14243);
#14251=CARTESIAN_POINT('',(8.718936167988E-1,6.5E0,9.164778277446E0));
#14252=CARTESIAN_POINT('',(8.769938553612E-1,6.5E0,9.173498046324E0));
#14253=CARTESIAN_POINT('',(9.135525753825E-1,6.5E0,9.236001708685E0));
#14254=CARTESIAN_POINT('',(9.552115339662E-1,6.5E0,9.307225139925E0));
#14255=CARTESIAN_POINT('',(9.917702539875E-1,6.5E0,9.369728802286E0));
#14256=CARTESIAN_POINT('',(9.968704925500E-1,6.5E0,9.378448571165E0));
#14258=CURVE_STYLE('',#11220,POSITIVE_LENGTH_MEASURE(2.E-2),#155);
#14259=PRESENTATION_STYLE_ASSIGNMENT((#14258));
#14260=STYLED_ITEM('',(#14259),#14257);
#14261=DIRECTION('',(0.E0,1.E0,0.E0));
#14262=VECTOR('',#14261,1.E0);
#14263=SURFACE_OF_LINEAR_EXTRUSION('',#14257,#14262);
#14264=ORIENTED_EDGE('',*,*,#6837,.F.);
#14266=ORIENTED_EDGE('',*,*,#14265,.T.);
#14267=ORIENTED_EDGE('',*,*,#11071,.T.);
#14268=ORIENTED_EDGE('',*,*,#14237,.F.);
#14269=EDGE_LOOP('',(#14264,#14266,#14267,#14268));
#14270=FACE_OUTER_BOUND('',#14269,.F.);
#14272=FILL_AREA_STYLE_COLOUR('',#155);
#14273=FILL_AREA_STYLE('',(#14272));
#14274=SURFACE_STYLE_FILL_AREA(#14273);
#14275=SURFACE_SIDE_STYLE('',(#14274));
#14276=SURFACE_STYLE_USAGE(.POSITIVE.,#14275);
#14277=PRESENTATION_STYLE_ASSIGNMENT((#14276));
#14278=STYLED_ITEM('',(#14277),#14271);
#14279=CARTESIAN_POINT('',(1.340199135344E0,6.5E0,8.951492200629E0));
#14280=CARTESIAN_POINT('',(1.331268165746E0,6.5E0,8.956212855745E0));
#14281=CARTESIAN_POINT('',(1.180266564793E0,6.5E0,9.036027983562E0));
#14282=CARTESIAN_POINT('',(1.020333994243E0,6.5E0,9.120563766495E0));
#14283=CARTESIAN_POINT('',(8.693323932898E-1,6.5E0,9.200378894312E0));
#14284=CARTESIAN_POINT('',(8.604014236917E-1,6.5E0,9.205099549427E0));
#14286=CURVE_STYLE('',#11220,POSITIVE_LENGTH_MEASURE(2.E-2),#155);
#14287=PRESENTATION_STYLE_ASSIGNMENT((#14286));
#14288=STYLED_ITEM('',(#14287),#14285);
#14289=DIRECTION('',(0.E0,1.E0,0.E0));
#14290=VECTOR('',#14289,1.E0);
#14291=SURFACE_OF_LINEAR_EXTRUSION('',#14285,#14290);
#14292=ORIENTED_EDGE('',*,*,#6835,.F.);
#14294=ORIENTED_EDGE('',*,*,#14293,.T.);
#14295=ORIENTED_EDGE('',*,*,#11073,.T.);
#14296=ORIENTED_EDGE('',*,*,#14265,.F.);
#14297=EDGE_LOOP('',(#14292,#14294,#14295,#14296));
#14298=FACE_OUTER_BOUND('',#14297,.F.);
#14300=FILL_AREA_STYLE_COLOUR('',#155);
#14301=FILL_AREA_STYLE('',(#14300));
#14302=SURFACE_STYLE_FILL_AREA(#14301);
#14303=SURFACE_SIDE_STYLE('',(#14302));
#14304=SURFACE_STYLE_USAGE(.POSITIVE.,#14303);
#14305=PRESENTATION_STYLE_ASSIGNMENT((#14304));
#14306=STYLED_ITEM('',(#14305),#14299);
#14307=CARTESIAN_POINT('',(1.911526086244E0,6.5E0,8.853417447044E0));
#14308=CARTESIAN_POINT('',(1.910234758217E0,6.5E0,8.848183998490E0));
#14309=CARTESIAN_POINT('',(1.876272375352E0,6.5E0,8.729563278076E0));
#14310=CARTESIAN_POINT('',(1.588636473486E0,6.5E0,8.507417478134E0));
#14311=CARTESIAN_POINT('',(1.307996668652E0,6.5E0,8.802281883717E0));
#14312=CARTESIAN_POINT('',(1.313597248848E0,6.5E0,8.960916922765E0));
#14313=CARTESIAN_POINT('',(1.313304087105E0,6.5E0,8.976514555956E0));
#14314=CARTESIAN_POINT('',(1.312935966619E0,6.5E0,8.981970335810E0));
#14316=CURVE_STYLE('',#11220,POSITIVE_LENGTH_MEASURE(2.E-2),#155);
#14317=PRESENTATION_STYLE_ASSIGNMENT((#14316));
#14318=STYLED_ITEM('',(#14317),#14315);
#14319=DIRECTION('',(0.E0,1.E0,0.E0));
#14320=VECTOR('',#14319,1.E0);
#14321=SURFACE_OF_LINEAR_EXTRUSION('',#14315,#14320);
#14322=ORIENTED_EDGE('',*,*,#6833,.F.);
#14324=ORIENTED_EDGE('',*,*,#14323,.T.);
#14325=ORIENTED_EDGE('',*,*,#11075,.T.);
#14326=ORIENTED_EDGE('',*,*,#14293,.F.);
#14327=EDGE_LOOP('',(#14322,#14324,#14325,#14326));
#14328=FACE_OUTER_BOUND('',#14327,.F.);
#14330=FILL_AREA_STYLE_COLOUR('',#155);
#14331=FILL_AREA_STYLE('',(#14330));
#14332=SURFACE_STYLE_FILL_AREA(#14331);
#14333=SURFACE_SIDE_STYLE('',(#14332));
#14334=SURFACE_STYLE_USAGE(.POSITIVE.,#14333);
#14335=PRESENTATION_STYLE_ASSIGNMENT((#14334));
#14336=STYLED_ITEM('',(#14335),#14329);
#14337=CARTESIAN_POINT('',(1.699905110810E0,6.5E0,9.800911271701E0));
#14338=CARTESIAN_POINT('',(1.705022514672E0,6.5E0,9.801561284807E0));
#14339=CARTESIAN_POINT('',(1.733376438545E0,6.5E0,9.805186350680E0));
#14340=CARTESIAN_POINT('',(1.887598232969E0,6.5E0,9.822474981098E0));
#14341=CARTESIAN_POINT('',(2.173652093348E0,6.5E0,9.699790499286E0));
#14342=CARTESIAN_POINT('',(2.327775683518E0,6.5E0,9.322810177999E0));
#14343=CARTESIAN_POINT('',(2.194606448271E0,6.5E0,8.976418447914E0));
#14344=CARTESIAN_POINT('',(1.993995599181E0,6.5E0,8.858668732509E0));
#14345=CARTESIAN_POINT('',(1.897064048617E0,6.5E0,8.835296122061E0));
#14346=CARTESIAN_POINT('',(1.892048736458E0,6.5E0,8.834171795021E0));
#14348=CURVE_STYLE('',#11220,POSITIVE_LENGTH_MEASURE(2.E-2),#155);
#14349=PRESENTATION_STYLE_ASSIGNMENT((#14348));
#14350=STYLED_ITEM('',(#14349),#14347);
#14351=DIRECTION('',(0.E0,1.E0,0.E0));
#14352=VECTOR('',#14351,1.E0);
#14353=SURFACE_OF_LINEAR_EXTRUSION('',#14347,#14352);
#14354=ORIENTED_EDGE('',*,*,#6831,.F.);
#14355=ORIENTED_EDGE('',*,*,#13921,.T.);
#14356=ORIENTED_EDGE('',*,*,#11077,.T.);
#14357=ORIENTED_EDGE('',*,*,#14323,.F.);
#14358=EDGE_LOOP('',(#14354,#14355,#14356,#14357));
#14359=FACE_OUTER_BOUND('',#14358,.F.);
#14361=FILL_AREA_STYLE_COLOUR('',#155);
#14362=FILL_AREA_STYLE('',(#14361));
#14363=SURFACE_STYLE_FILL_AREA(#14362);
#14364=SURFACE_SIDE_STYLE('',(#14363));
#14365=SURFACE_STYLE_USAGE(.POSITIVE.,#14364);
#14366=PRESENTATION_STYLE_ASSIGNMENT((#14365));
#14367=STYLED_ITEM('',(#14366),#14360);
#14368=CARTESIAN_POINT('',(-1.53E0,-1.999788828493E0,2.4221E0));
#14369=DIRECTION('',(1.E0,0.E0,0.E0));
#14370=DIRECTION('',(0.E0,4.595643596463E-1,-8.881444698600E-1));
#14371=AXIS2_PLACEMENT_3D('',#14368,#14369,#14370);
#14372=TOROIDAL_SURFACE('',#14371,9.086E-1,2.3E-1);
#14373=ORIENTED_EDGE('',*,*,#6467,.F.);
#14375=ORIENTED_EDGE('',*,*,#14374,.T.);
#14377=ORIENTED_EDGE('',*,*,#14376,.T.);
#14379=ORIENTED_EDGE('',*,*,#14378,.F.);
#14380=EDGE_LOOP('',(#14373,#14375,#14377,#14379));
#14381=FACE_OUTER_BOUND('',#14380,.F.);
#14383=FILL_AREA_STYLE_COLOUR('',#150);
#14384=FILL_AREA_STYLE('',(#14383));
#14385=SURFACE_STYLE_FILL_AREA(#14384);
#14386=SURFACE_SIDE_STYLE('',(#14385));
#14387=SURFACE_STYLE_USAGE(.POSITIVE.,#14386);
#14388=PRESENTATION_STYLE_ASSIGNMENT((#14387));
#14389=STYLED_ITEM('',(#14388),#14382);
#14390=CARTESIAN_POINT('',(-1.53E0,-1.999788828493E0,2.4221E0));
#14391=DIRECTION('',(1.E0,0.E0,0.E0));
#14392=DIRECTION('',(0.E0,4.595643596463E-1,-8.881444698600E-1));
#14393=AXIS2_PLACEMENT_3D('',#14390,#14391,#14392);
#14394=TOROIDAL_SURFACE('',#14393,9.086E-1,2.3E-1);
#14395=ORIENTED_EDGE('',*,*,#6438,.F.);
#14396=ORIENTED_EDGE('',*,*,#14378,.T.);
#14398=ORIENTED_EDGE('',*,*,#14397,.T.);
#14399=ORIENTED_EDGE('',*,*,#14374,.F.);
#14400=EDGE_LOOP('',(#14395,#14396,#14398,#14399));
#14401=FACE_OUTER_BOUND('',#14400,.F.);
#14403=FILL_AREA_STYLE_COLOUR('',#150);
#14404=FILL_AREA_STYLE('',(#14403));
#14405=SURFACE_STYLE_FILL_AREA(#14404);
#14406=SURFACE_SIDE_STYLE('',(#14405));
#14407=SURFACE_STYLE_USAGE(.POSITIVE.,#14406);
#14408=PRESENTATION_STYLE_ASSIGNMENT((#14407));
#14409=STYLED_ITEM('',(#14408),#14402);
#14410=CARTESIAN_POINT('',(-1.53E0,-1.355871190743E0,1.781066431617E0));
#14411=DIRECTION('',(0.E0,7.055179048898E-1,7.086920952571E-1));
#14412=DIRECTION('',(0.E0,-7.086920952571E-1,7.055179048898E-1));
#14413=AXIS2_PLACEMENT_3D('',#14410,#14411,#14412);
#14414=CYLINDRICAL_SURFACE('',#14413,2.3E-1);
#14415=ORIENTED_EDGE('',*,*,#14397,.F.);
#14417=ORIENTED_EDGE('',*,*,#14416,.T.);
#14419=ORIENTED_EDGE('',*,*,#14418,.T.);
#14421=ORIENTED_EDGE('',*,*,#14420,.F.);
#14422=EDGE_LOOP('',(#14415,#14417,#14419,#14421));
#14423=FACE_OUTER_BOUND('',#14422,.F.);
#14425=FILL_AREA_STYLE_COLOUR('',#150);
#14426=FILL_AREA_STYLE('',(#14425));
#14427=SURFACE_STYLE_FILL_AREA(#14426);
#14428=SURFACE_SIDE_STYLE('',(#14427));
#14429=SURFACE_STYLE_USAGE(.POSITIVE.,#14428);
#14430=PRESENTATION_STYLE_ASSIGNMENT((#14429));
#14431=STYLED_ITEM('',(#14430),#14424);
#14432=CARTESIAN_POINT('',(-1.53E0,-1.355871190743E0,1.781066431617E0));
#14433=DIRECTION('',(0.E0,7.055179048898E-1,7.086920952571E-1));
#14434=DIRECTION('',(0.E0,-7.086920952571E-1,7.055179048898E-1));
#14435=AXIS2_PLACEMENT_3D('',#14432,#14433,#14434);
#14436=CYLINDRICAL_SURFACE('',#14435,2.3E-1);
#14437=ORIENTED_EDGE('',*,*,#14376,.F.);
#14438=ORIENTED_EDGE('',*,*,#14420,.T.);
#14440=ORIENTED_EDGE('',*,*,#14439,.T.);
#14441=ORIENTED_EDGE('',*,*,#14416,.F.);
#14442=EDGE_LOOP('',(#14437,#14438,#14440,#14441));
#14443=FACE_OUTER_BOUND('',#14442,.F.);
#14445=FILL_AREA_STYLE_COLOUR('',#150);
#14446=FILL_AREA_STYLE('',(#14445));
#14447=SURFACE_STYLE_FILL_AREA(#14446);
#14448=SURFACE_SIDE_STYLE('',(#14447));
#14449=SURFACE_STYLE_USAGE(.POSITIVE.,#14448);
#14450=PRESENTATION_STYLE_ASSIGNMENT((#14449));
#14451=STYLED_ITEM('',(#14450),#14444);
#14452=CARTESIAN_POINT('',(-1.53E0,-8.221E-1,1.8057E0));
#14453=DIRECTION('',(-1.E0,0.E0,0.E0));
#14454=DIRECTION('',(0.E0,7.086920952571E-1,-7.055179048898E-1));
#14455=AXIS2_PLACEMENT_3D('',#14452,#14453,#14454);
#14456=TOROIDAL_SURFACE('',#14455,3.609E-1,2.3E-1);
#14457=ORIENTED_EDGE('',*,*,#14439,.F.);
#14459=ORIENTED_EDGE('',*,*,#14458,.T.);
#14461=ORIENTED_EDGE('',*,*,#14460,.T.);
#14463=ORIENTED_EDGE('',*,*,#14462,.F.);
#14464=EDGE_LOOP('',(#14457,#14459,#14461,#14463));
#14465=FACE_OUTER_BOUND('',#14464,.F.);
#14467=FILL_AREA_STYLE_COLOUR('',#150);
#14468=FILL_AREA_STYLE('',(#14467));
#14469=SURFACE_STYLE_FILL_AREA(#14468);
#14470=SURFACE_SIDE_STYLE('',(#14469));
#14471=SURFACE_STYLE_USAGE(.POSITIVE.,#14470);
#14472=PRESENTATION_STYLE_ASSIGNMENT((#14471));
#14473=STYLED_ITEM('',(#14472),#14466);
#14474=CARTESIAN_POINT('',(-1.53E0,-8.221E-1,1.8057E0));
#14475=DIRECTION('',(-1.E0,0.E0,0.E0));
#14476=DIRECTION('',(0.E0,7.086920952571E-1,-7.055179048898E-1));
#14477=AXIS2_PLACEMENT_3D('',#14474,#14475,#14476);
#14478=TOROIDAL_SURFACE('',#14477,3.609E-1,2.3E-1);
#14479=ORIENTED_EDGE('',*,*,#14418,.F.);
#14480=ORIENTED_EDGE('',*,*,#14462,.T.);
#14482=ORIENTED_EDGE('',*,*,#14481,.T.);
#14483=ORIENTED_EDGE('',*,*,#14458,.F.);
#14484=EDGE_LOOP('',(#14479,#14480,#14482,#14483));
#14485=FACE_OUTER_BOUND('',#14484,.F.);
#14487=FILL_AREA_STYLE_COLOUR('',#150);
#14488=FILL_AREA_STYLE('',(#14487));
#14489=SURFACE_STYLE_FILL_AREA(#14488);
#14490=SURFACE_SIDE_STYLE('',(#14489));
#14491=SURFACE_STYLE_USAGE(.POSITIVE.,#14490);
#14492=PRESENTATION_STYLE_ASSIGNMENT((#14491));
#14493=STYLED_ITEM('',(#14492),#14486);
#14494=CARTESIAN_POINT('',(-1.53E0,-8.221E-1,2.1666E0));
#14495=DIRECTION('',(0.E0,1.E0,0.E0));
#14496=DIRECTION('',(0.E0,0.E0,1.E0));
#14497=AXIS2_PLACEMENT_3D('',#14494,#14495,#14496);
#14498=CYLINDRICAL_SURFACE('',#14497,2.3E-1);
#14499=ORIENTED_EDGE('',*,*,#14481,.F.);
#14501=ORIENTED_EDGE('',*,*,#14500,.T.);
#14503=ORIENTED_EDGE('',*,*,#14502,.T.);
#14505=ORIENTED_EDGE('',*,*,#14504,.F.);
#14506=EDGE_LOOP('',(#14499,#14501,#14503,#14505));
#14507=FACE_OUTER_BOUND('',#14506,.F.);
#14509=FILL_AREA_STYLE_COLOUR('',#150);
#14510=FILL_AREA_STYLE('',(#14509));
#14511=SURFACE_STYLE_FILL_AREA(#14510);
#14512=SURFACE_SIDE_STYLE('',(#14511));
#14513=SURFACE_STYLE_USAGE(.POSITIVE.,#14512);
#14514=PRESENTATION_STYLE_ASSIGNMENT((#14513));
#14515=STYLED_ITEM('',(#14514),#14508);
#14516=CARTESIAN_POINT('',(-1.53E0,-8.221E-1,2.1666E0));
#14517=DIRECTION('',(0.E0,1.E0,0.E0));
#14518=DIRECTION('',(0.E0,0.E0,1.E0));
#14519=AXIS2_PLACEMENT_3D('',#14516,#14517,#14518);
#14520=CYLINDRICAL_SURFACE('',#14519,2.3E-1);
#14521=ORIENTED_EDGE('',*,*,#14460,.F.);
#14522=ORIENTED_EDGE('',*,*,#14504,.T.);
#14524=ORIENTED_EDGE('',*,*,#14523,.T.);
#14525=ORIENTED_EDGE('',*,*,#14500,.F.);
#14526=EDGE_LOOP('',(#14521,#14522,#14524,#14525));
#14527=FACE_OUTER_BOUND('',#14526,.F.);
#14529=FILL_AREA_STYLE_COLOUR('',#150);
#14530=FILL_AREA_STYLE('',(#14529));
#14531=SURFACE_STYLE_FILL_AREA(#14530);
#14532=SURFACE_SIDE_STYLE('',(#14531));
#14533=SURFACE_STYLE_USAGE(.POSITIVE.,#14532);
#14534=PRESENTATION_STYLE_ASSIGNMENT((#14533));
#14535=STYLED_ITEM('',(#14534),#14528);
#14536=CARTESIAN_POINT('',(-1.53E0,3.84E0,1.6666E0));
#14537=DIRECTION('',(-1.E0,0.E0,0.E0));
#14538=DIRECTION('',(0.E0,0.E0,-1.E0));
#14539=AXIS2_PLACEMENT_3D('',#14536,#14537,#14538);
#14540=TOROIDAL_SURFACE('',#14539,5.E-1,2.3E-1);
#14541=ORIENTED_EDGE('',*,*,#14523,.F.);
#14543=ORIENTED_EDGE('',*,*,#14542,.T.);
#14545=ORIENTED_EDGE('',*,*,#14544,.T.);
#14547=ORIENTED_EDGE('',*,*,#14546,.F.);
#14548=EDGE_LOOP('',(#14541,#14543,#14545,#14547));
#14549=FACE_OUTER_BOUND('',#14548,.F.);
#14551=FILL_AREA_STYLE_COLOUR('',#150);
#14552=FILL_AREA_STYLE('',(#14551));
#14553=SURFACE_STYLE_FILL_AREA(#14552);
#14554=SURFACE_SIDE_STYLE('',(#14553));
#14555=SURFACE_STYLE_USAGE(.POSITIVE.,#14554);
#14556=PRESENTATION_STYLE_ASSIGNMENT((#14555));
#14557=STYLED_ITEM('',(#14556),#14550);
#14558=CARTESIAN_POINT('',(-1.53E0,3.84E0,1.6666E0));
#14559=DIRECTION('',(-1.E0,0.E0,0.E0));
#14560=DIRECTION('',(0.E0,0.E0,-1.E0));
#14561=AXIS2_PLACEMENT_3D('',#14558,#14559,#14560);
#14562=TOROIDAL_SURFACE('',#14561,5.E-1,2.3E-1);
#14563=ORIENTED_EDGE('',*,*,#14502,.F.);
#14564=ORIENTED_EDGE('',*,*,#14546,.T.);
#14566=ORIENTED_EDGE('',*,*,#14565,.T.);
#14567=ORIENTED_EDGE('',*,*,#14542,.F.);
#14568=EDGE_LOOP('',(#14563,#14564,#14566,#14567));
#14569=FACE_OUTER_BOUND('',#14568,.F.);
#14571=FILL_AREA_STYLE_COLOUR('',#150);
#14572=FILL_AREA_STYLE('',(#14571));
#14573=SURFACE_STYLE_FILL_AREA(#14572);
#14574=SURFACE_SIDE_STYLE('',(#14573));
#14575=SURFACE_STYLE_USAGE(.POSITIVE.,#14574);
#14576=PRESENTATION_STYLE_ASSIGNMENT((#14575));
#14577=STYLED_ITEM('',(#14576),#14570);
#14578=CARTESIAN_POINT('',(-1.53E0,4.34E0,1.6666E0));
#14579=DIRECTION('',(0.E0,0.E0,-1.E0));
#14580=DIRECTION('',(0.E0,1.E0,0.E0));
#14581=AXIS2_PLACEMENT_3D('',#14578,#14579,#14580);
#14582=CYLINDRICAL_SURFACE('',#14581,2.3E-1);
#14583=ORIENTED_EDGE('',*,*,#14565,.F.);
#14585=ORIENTED_EDGE('',*,*,#14584,.T.);
#14587=ORIENTED_EDGE('',*,*,#14586,.T.);
#14589=ORIENTED_EDGE('',*,*,#14588,.F.);
#14590=EDGE_LOOP('',(#14583,#14585,#14587,#14589));
#14591=FACE_OUTER_BOUND('',#14590,.F.);
#14593=FILL_AREA_STYLE_COLOUR('',#150);
#14594=FILL_AREA_STYLE('',(#14593));
#14595=SURFACE_STYLE_FILL_AREA(#14594);
#14596=SURFACE_SIDE_STYLE('',(#14595));
#14597=SURFACE_STYLE_USAGE(.POSITIVE.,#14596);
#14598=PRESENTATION_STYLE_ASSIGNMENT((#14597));
#14599=STYLED_ITEM('',(#14598),#14592);
#14600=CARTESIAN_POINT('',(-1.53E0,4.34E0,1.6666E0));
#14601=DIRECTION('',(0.E0,0.E0,-1.E0));
#14602=DIRECTION('',(0.E0,1.E0,0.E0));
#14603=AXIS2_PLACEMENT_3D('',#14600,#14601,#14602);
#14604=CYLINDRICAL_SURFACE('',#14603,2.3E-1);
#14605=ORIENTED_EDGE('',*,*,#14544,.F.);
#14606=ORIENTED_EDGE('',*,*,#14588,.T.);
#14608=ORIENTED_EDGE('',*,*,#14607,.T.);
#14609=ORIENTED_EDGE('',*,*,#14584,.F.);
#14610=EDGE_LOOP('',(#14605,#14606,#14608,#14609));
#14611=FACE_OUTER_BOUND('',#14610,.F.);
#14613=FILL_AREA_STYLE_COLOUR('',#150);
#14614=FILL_AREA_STYLE('',(#14613));
#14615=SURFACE_STYLE_FILL_AREA(#14614);
#14616=SURFACE_SIDE_STYLE('',(#14615));
#14617=SURFACE_STYLE_USAGE(.POSITIVE.,#14616);
#14618=PRESENTATION_STYLE_ASSIGNMENT((#14617));
#14619=STYLED_ITEM('',(#14618),#14612);
#14620=CARTESIAN_POINT('',(-1.53E0,4.34E0,-3.1E0));
#14621=DIRECTION('',(0.E0,0.E0,-1.E0));
#14622=DIRECTION('',(0.E0,1.E0,0.E0));
#14623=AXIS2_PLACEMENT_3D('',#14620,#14621,#14622);
#14624=PLANE('',#14623);
#14625=ORIENTED_EDGE('',*,*,#14586,.F.);
#14626=ORIENTED_EDGE('',*,*,#14607,.F.);
#14627=EDGE_LOOP('',(#14625,#14626));
#14628=FACE_OUTER_BOUND('',#14627,.F.);
#14630=FILL_AREA_STYLE_COLOUR('',#150);
#14631=FILL_AREA_STYLE('',(#14630));
#14632=SURFACE_STYLE_FILL_AREA(#14631);
#14633=SURFACE_SIDE_STYLE('',(#14632));
#14634=SURFACE_STYLE_USAGE(.POSITIVE.,#14633);
#14635=PRESENTATION_STYLE_ASSIGNMENT((#14634));
#14636=STYLED_ITEM('',(#14635),#14629);
#14641=PLANE_ANGLE_MEASURE_WITH_UNIT(PLANE_ANGLE_MEASURE(1.745329251994E-2),
#14640);
#14642=(CONVERSION_BASED_UNIT('DEGREE',#14641)NAMED_UNIT(*)PLANE_ANGLE_UNIT());
#14644=UNCERTAINTY_MEASURE_WITH_UNIT(LENGTH_MEASURE(2.525354419465E-3),#14639,
'distance_accuracy_value',
'Maximum model space distance between geometric entities at asserted connectivities');
#14647=MECHANICAL_DESIGN_GEOMETRIC_PRESENTATION_REPRESENTATION('',(#5790,#5824,
#5850,#5871,#5925,#5954,#5974,#6006,#6030,#6051,#6072,#6108,#6153,#6256,#6288,
#6309,#6342,#6362,#6387,#6407,#6426,#6455,#6481,#6500,#6528,#6549,#6870,#6889,
#6912,#6937,#6958,#6981,#7006,#7032,#7054,#7082,#7134,#7154,#7176,#7196,#7217,
#7239,#7287,#7309,#7333,#7357,#7378,#7399,#7420,#7444,#7467,#7488,#7509,#7534,
#7554,#7574,#7599,#7619,#7639,#7658,#7677,#7697,#7718,#7737,#7756,#7775,#7804,
#7825,#7857,#7891,#7914,#7936,#7962,#7986,#8017,#8042,#8067,#8087,#8106,#8126,
#8145,#8171,#8190,#8207,#8224,#8244,#8264,#8284,#8312,#8333,#8365,#8399,#8422,
#8444,#8470,#8494,#8515,#8541,#8566,#8595,#8612,#8629,#8648,#8668,#8687,#8707,
#8732,#8752,#8780,#8799,#8819,#8847,#8869,#8894,#8915,#8935,#8963,#9009,#9028,
#9048,#9069,#9089,#9108,#9138,#9159,#9188,#9208,#9232,#9252,#9271,#9300,#9326,
#9345,#9371,#9390,#9409,#9431,#9451,#9473,#9493,#9515,#9535,#9557,#9577,#9599,
#9619,#9641,#9661,#9678,#9708,#9729,#9758,#9778,#9802,#9822,#9841,#9870,#9896,
#9915,#9941,#9960,#9979,#10001,#10021,#10043,#10063,#10085,#10105,#10127,#10147,
#10169,#10189,#10211,#10231,#10248,#10267,#10291,#10313,#10333,#10355,#10375,
#10397,#10417,#10439,#10459,#10481,#10501,#10523,#10543,#10560,#10579,#10601,
#10621,#10648,#10671,#10710,#10743,#10786,#10825,#10864,#10887,#10926,#10965,
#10998,#11041,#11092,#11113,#11133,#11153,#11173,#11193,#11212,#11223,#11242,
#11257,#11275,#11285,#11303,#11318,#11335,#11356,#11376,#11396,#11416,#11436,
#11456,#11476,#11496,#11516,#11536,#11556,#11575,#11585,#11604,#11614,#11632,
#11642,#11660,#11673,#11690,#11700,#11719,#11729,#11747,#11757,#11775,#11788,
#11805,#11815,#11834,#11844,#11862,#11872,#11890,#11900,#11918,#11928,#11945,
#11966,#11986,#12006,#12026,#12046,#12066,#12086,#12105,#12126,#12146,#12166,
#12186,#12206,#12226,#12246,#12266,#12286,#12306,#12326,#12345,#12355,#12374,
#12389,#12407,#12417,#12434,#12444,#12463,#12476,#12494,#12504,#12522,#12533,
#12551,#12561,#12579,#12590,#12608,#12618,#12636,#12646,#12663,#12673,#12692,
#12710,#12728,#12738,#12756,#12775,#12792,#12802,#12821,#12831,#12849,#12859,
#12877,#12887,#12905,#12915,#12933,#12944,#12962,#12972,#12990,#13001,#13019,
#13029,#13047,#13057,#13075,#13085,#13103,#13113,#13130,#13151,#13171,#13191,
#13211,#13231,#13251,#13271,#13291,#13311,#13331,#13351,#13370,#13380,#13399,
#13409,#13427,#13437,#13455,#13468,#13485,#13495,#13514,#13524,#13542,#13552,
#13570,#13583,#13600,#13610,#13629,#13639,#13657,#13667,#13685,#13695,#13713,
#13723,#13740,#13761,#13781,#13801,#13821,#13841,#13861,#13881,#13900,#13913,
#13932,#13944,#13962,#13972,#13990,#14000,#14018,#14028,#14046,#14058,#14076,
#14086,#14104,#14116,#14134,#14145,#14163,#14175,#14193,#14204,#14222,#14232,
#14250,#14260,#14278,#14288,#14306,#14318,#14336,#14350,#14367,#14389,#14409,
#14431,#14451,#14473,#14493,#14515,#14535,#14557,#14577,#14599,#14619,#14636),
#14645);
#14648=APPLICATION_CONTEXT('automotive_design');
#14649=APPLICATION_PROTOCOL_DEFINITION('international standard',
'automotive_design',2001,#14648);
#14650=PRODUCT_DEFINITION_CONTEXT('part definition',#14648,'design');
#14651=PRODUCT_CONTEXT('',#14648,'mechanical');
#14652=PRODUCT('RJ11-TH_FRJ11008-1100K6K20','RJ11-TH_FRJ11008-1100K6K20',
'NOT SPECIFIED',(#14651));
#14653=PRODUCT_DEFINITION_FORMATION('2','LAST_VERSION',#14652);
#14661=DERIVED_UNIT_ELEMENT(#14660,2.E0);
#14662=DERIVED_UNIT((#14661));
#14663=MEASURE_REPRESENTATION_ITEM('surface area measure',AREA_MEASURE(
1.743128666772E3),#14662);
#14668=DERIVED_UNIT_ELEMENT(#14667,3.E0);
#14669=DERIVED_UNIT((#14668));
#14670=MEASURE_REPRESENTATION_ITEM('volume measure',VOLUME_MEASURE(
9.320358092108E2),#14669);
#14674=CARTESIAN_POINT('centre point',(-1.908116697619E-3,5.649043304145E-1,
6.992484867652E0));
#14679=DERIVED_UNIT_ELEMENT(#14678,2.E0);
#14680=DERIVED_UNIT((#14679));
#14681=MEASURE_REPRESENTATION_ITEM('surface area measure',AREA_MEASURE(
1.743128666772E3),#14680);
#14686=DERIVED_UNIT_ELEMENT(#14685,3.E0);
#14687=DERIVED_UNIT((#14686));
#14688=MEASURE_REPRESENTATION_ITEM('volume measure',VOLUME_MEASURE(
9.320358092108E2),#14687);
#14692=CARTESIAN_POINT('centre point',(-1.908116697619E-3,5.649043304145E-1,
6.992484867652E0));
#14697=PRODUCT_RELATED_PRODUCT_CATEGORY('part','',(#14652));
#1=DRAUGHTING_PRE_DEFINED_COLOUR('green');
#2=COLOUR_RGB('',1.1E-2,1.2E-2,1.E0);
#3=COLOUR_RGB('',2.57282E-1,2.57282E-1,2.57282E-1);
#4=COLOUR_RGB('',2.57282E-1,2.57282E-1,2.57282E-1);
#5=COLOUR_RGB('',2.57282E-1,2.57282E-1,2.57282E-1);
#6=COLOUR_RGB('',2.57282E-1,2.57282E-1,2.57282E-1);
#7=COLOUR_RGB('',2.57282E-1,2.57282E-1,2.57282E-1);
#8=COLOUR_RGB('',2.57282E-1,2.57282E-1,2.57282E-1);
#9=COLOUR_RGB('',2.57282E-1,2.57282E-1,2.57282E-1);
#10=COLOUR_RGB('',2.57282E-1,2.57282E-1,2.57282E-1);
#11=COLOUR_RGB('',2.57282E-1,2.57282E-1,2.57282E-1);
#12=COLOUR_RGB('',2.57282E-1,2.57282E-1,2.57282E-1);
#13=COLOUR_RGB('',2.57282E-1,2.57282E-1,2.57282E-1);
#14=COLOUR_RGB('',2.57282E-1,2.57282E-1,2.57282E-1);
#15=COLOUR_RGB('',2.57282E-1,2.57282E-1,2.57282E-1);
#16=COLOUR_RGB('',2.57282E-1,2.57282E-1,2.57282E-1);
#17=COLOUR_RGB('',2.57282E-1,2.57282E-1,2.57282E-1);
#18=COLOUR_RGB('',2.57282E-1,2.57282E-1,2.57282E-1);
#19=COLOUR_RGB('',2.57282E-1,2.57282E-1,2.57282E-1);
#20=COLOUR_RGB('',2.57282E-1,2.57282E-1,2.57282E-1);
#21=COLOUR_RGB('',2.57282E-1,2.57282E-1,2.57282E-1);
#22=COLOUR_RGB('',2.57282E-1,2.57282E-1,2.57282E-1);
#23=COLOUR_RGB('',2.57282E-1,2.57282E-1,2.57282E-1);
#24=COLOUR_RGB('',2.57282E-1,2.57282E-1,2.57282E-1);
#25=COLOUR_RGB('',2.57282E-1,2.57282E-1,2.57282E-1);
#26=COLOUR_RGB('',2.57282E-1,2.57282E-1,2.57282E-1);
#27=COLOUR_RGB('',2.57282E-1,2.57282E-1,2.57282E-1);
#28=COLOUR_RGB('',2.57282E-1,2.57282E-1,2.57282E-1);
#29=COLOUR_RGB('',2.57282E-1,2.57282E-1,2.57282E-1);
#30=COLOUR_RGB('',2.57282E-1,2.57282E-1,2.57282E-1);
#31=COLOUR_RGB('',2.57282E-1,2.57282E-1,2.57282E-1);
#32=COLOUR_RGB('',2.57282E-1,2.57282E-1,2.57282E-1);
#33=COLOUR_RGB('',2.57282E-1,2.57282E-1,2.57282E-1);
#34=COLOUR_RGB('',2.57282E-1,2.57282E-1,2.57282E-1);
#35=COLOUR_RGB('',2.57282E-1,2.57282E-1,2.57282E-1);
#36=COLOUR_RGB('',2.57282E-1,2.57282E-1,2.57282E-1);
#37=COLOUR_RGB('',2.57282E-1,2.57282E-1,2.57282E-1);
#38=COLOUR_RGB('',2.57282E-1,2.57282E-1,2.57282E-1);
#39=COLOUR_RGB('',2.57282E-1,2.57282E-1,2.57282E-1);
#40=COLOUR_RGB('',2.57282E-1,2.57282E-1,2.57282E-1);
#41=COLOUR_RGB('',2.57282E-1,2.57282E-1,2.57282E-1);
#42=COLOUR_RGB('',2.57282E-1,2.57282E-1,2.57282E-1);
#43=COLOUR_RGB('',2.57282E-1,2.57282E-1,2.57282E-1);
#44=COLOUR_RGB('',2.57282E-1,2.57282E-1,2.57282E-1);
#45=COLOUR_RGB('',2.57282E-1,2.57282E-1,2.57282E-1);
#46=COLOUR_RGB('',2.57282E-1,2.57282E-1,2.57282E-1);
#47=COLOUR_RGB('',2.57282E-1,2.57282E-1,2.57282E-1);
#48=COLOUR_RGB('',2.57282E-1,2.57282E-1,2.57282E-1);
#49=COLOUR_RGB('',2.57282E-1,2.57282E-1,2.57282E-1);
#50=COLOUR_RGB('',2.57282E-1,2.57282E-1,2.57282E-1);
#51=COLOUR_RGB('',2.57282E-1,2.57282E-1,2.57282E-1);
#52=COLOUR_RGB('',2.57282E-1,2.57282E-1,2.57282E-1);
#53=COLOUR_RGB('',2.57282E-1,2.57282E-1,2.57282E-1);
#54=COLOUR_RGB('',2.57282E-1,2.57282E-1,2.57282E-1);
#55=COLOUR_RGB('',2.57282E-1,2.57282E-1,2.57282E-1);
#56=COLOUR_RGB('',2.57282E-1,2.57282E-1,2.57282E-1);
#57=COLOUR_RGB('',2.57282E-1,2.57282E-1,2.57282E-1);
#58=COLOUR_RGB('',2.57282E-1,2.57282E-1,2.57282E-1);
#59=COLOUR_RGB('',2.57282E-1,2.57282E-1,2.57282E-1);
#60=COLOUR_RGB('',2.57282E-1,2.57282E-1,2.57282E-1);
#61=COLOUR_RGB('',2.57282E-1,2.57282E-1,2.57282E-1);
#62=COLOUR_RGB('',2.57282E-1,2.57282E-1,2.57282E-1);
#63=COLOUR_RGB('',2.57282E-1,2.57282E-1,2.57282E-1);
#64=COLOUR_RGB('',2.57282E-1,2.57282E-1,2.57282E-1);
#65=COLOUR_RGB('',2.57282E-1,2.57282E-1,2.57282E-1);
#66=COLOUR_RGB('',2.57282E-1,2.57282E-1,2.57282E-1);
#67=COLOUR_RGB('',2.57282E-1,2.57282E-1,2.57282E-1);
#68=COLOUR_RGB('',2.57282E-1,2.57282E-1,2.57282E-1);
#69=COLOUR_RGB('',2.57282E-1,2.57282E-1,2.57282E-1);
#70=COLOUR_RGB('',2.57282E-1,2.57282E-1,2.57282E-1);
#71=COLOUR_RGB('',2.57282E-1,2.57282E-1,2.57282E-1);
#72=COLOUR_RGB('',2.57282E-1,2.57282E-1,2.57282E-1);
#73=COLOUR_RGB('',2.57282E-1,2.57282E-1,2.57282E-1);
#74=COLOUR_RGB('',2.57282E-1,2.57282E-1,2.57282E-1);
#75=COLOUR_RGB('',2.57282E-1,2.57282E-1,2.57282E-1);
#76=COLOUR_RGB('',2.57282E-1,2.57282E-1,2.57282E-1);
#77=COLOUR_RGB('',2.57282E-1,2.57282E-1,2.57282E-1);
#78=COLOUR_RGB('',2.57282E-1,2.57282E-1,2.57282E-1);
#79=COLOUR_RGB('',2.57282E-1,2.57282E-1,2.57282E-1);
#80=COLOUR_RGB('',2.57282E-1,2.57282E-1,2.57282E-1);
#81=COLOUR_RGB('',2.57282E-1,2.57282E-1,2.57282E-1);
#82=COLOUR_RGB('',2.57282E-1,2.57282E-1,2.57282E-1);
#83=COLOUR_RGB('',2.57282E-1,2.57282E-1,2.57282E-1);
#84=COLOUR_RGB('',2.57282E-1,2.57282E-1,2.57282E-1);
#85=COLOUR_RGB('',2.57282E-1,2.57282E-1,2.57282E-1);
#86=COLOUR_RGB('',2.57282E-1,2.57282E-1,2.57282E-1);
#87=COLOUR_RGB('',2.57282E-1,2.57282E-1,2.57282E-1);
#88=COLOUR_RGB('',2.57282E-1,2.57282E-1,2.57282E-1);
#89=COLOUR_RGB('',2.57282E-1,2.57282E-1,2.57282E-1);
#90=COLOUR_RGB('',2.57282E-1,2.57282E-1,2.57282E-1);
#91=COLOUR_RGB('',2.57282E-1,2.57282E-1,2.57282E-1);
#92=COLOUR_RGB('',2.57282E-1,2.57282E-1,2.57282E-1);
#93=COLOUR_RGB('',2.57282E-1,2.57282E-1,2.57282E-1);
#94=COLOUR_RGB('',2.57282E-1,2.57282E-1,2.57282E-1);
#95=COLOUR_RGB('',2.57282E-1,2.57282E-1,2.57282E-1);
#96=COLOUR_RGB('',2.57282E-1,2.57282E-1,2.57282E-1);
#97=COLOUR_RGB('',2.57282E-1,2.57282E-1,2.57282E-1);
#98=COLOUR_RGB('',2.57282E-1,2.57282E-1,2.57282E-1);
#99=COLOUR_RGB('',2.57282E-1,2.57282E-1,2.57282E-1);
#100=COLOUR_RGB('',2.57282E-1,2.57282E-1,2.57282E-1);
#101=COLOUR_RGB('',2.57282E-1,2.57282E-1,2.57282E-1);
#102=COLOUR_RGB('',2.57282E-1,2.57282E-1,2.57282E-1);
#103=COLOUR_RGB('',2.57282E-1,2.57282E-1,2.57282E-1);
#104=COLOUR_RGB('',2.57282E-1,2.57282E-1,2.57282E-1);
#105=COLOUR_RGB('',2.57282E-1,2.57282E-1,2.57282E-1);
#106=COLOUR_RGB('',2.57282E-1,2.57282E-1,2.57282E-1);
#107=COLOUR_RGB('',2.57282E-1,2.57282E-1,2.57282E-1);
#108=COLOUR_RGB('',2.57282E-1,2.57282E-1,2.57282E-1);
#109=COLOUR_RGB('',2.57282E-1,2.57282E-1,2.57282E-1);
#110=COLOUR_RGB('',2.57282E-1,2.57282E-1,2.57282E-1);
#111=COLOUR_RGB('',2.57282E-1,2.57282E-1,2.57282E-1);
#112=COLOUR_RGB('',2.57282E-1,2.57282E-1,2.57282E-1);
#113=COLOUR_RGB('',2.57282E-1,2.57282E-1,2.57282E-1);
#114=COLOUR_RGB('',2.57282E-1,2.57282E-1,2.57282E-1);
#115=COLOUR_RGB('',2.57282E-1,2.57282E-1,2.57282E-1);
#116=COLOUR_RGB('',2.57282E-1,2.57282E-1,2.57282E-1);
#117=COLOUR_RGB('',2.57282E-1,2.57282E-1,2.57282E-1);
#118=COLOUR_RGB('',2.57282E-1,2.57282E-1,2.57282E-1);
#119=COLOUR_RGB('',2.57282E-1,2.57282E-1,2.57282E-1);
#120=COLOUR_RGB('',2.57282E-1,2.57282E-1,2.57282E-1);
#121=COLOUR_RGB('',2.57282E-1,2.57282E-1,2.57282E-1);
#122=COLOUR_RGB('',2.57282E-1,2.57282E-1,2.57282E-1);
#123=COLOUR_RGB('',2.57282E-1,2.57282E-1,2.57282E-1);
#124=COLOUR_RGB('',2.57282E-1,2.57282E-1,2.57282E-1);
#125=COLOUR_RGB('',2.57282E-1,2.57282E-1,2.57282E-1);
#126=COLOUR_RGB('',2.57282E-1,2.57282E-1,2.57282E-1);
#127=COLOUR_RGB('',2.57282E-1,2.57282E-1,2.57282E-1);
#128=COLOUR_RGB('',2.57282E-1,2.57282E-1,2.57282E-1);
#129=COLOUR_RGB('',2.57282E-1,2.57282E-1,2.57282E-1);
#130=COLOUR_RGB('',2.57282E-1,2.57282E-1,2.57282E-1);
#131=COLOUR_RGB('',2.57282E-1,2.57282E-1,2.57282E-1);
#132=COLOUR_RGB('',2.57282E-1,2.57282E-1,2.57282E-1);
#133=COLOUR_RGB('',2.57282E-1,2.57282E-1,2.57282E-1);
#134=COLOUR_RGB('',2.57282E-1,2.57282E-1,2.57282E-1);
#135=COLOUR_RGB('',2.57282E-1,2.57282E-1,2.57282E-1);
#136=COLOUR_RGB('',2.57282E-1,2.57282E-1,2.57282E-1);
#137=COLOUR_RGB('',2.57282E-1,2.57282E-1,2.57282E-1);
#138=COLOUR_RGB('',2.57282E-1,2.57282E-1,2.57282E-1);
#139=COLOUR_RGB('',2.57282E-1,2.57282E-1,2.57282E-1);
#140=COLOUR_RGB('',2.57282E-1,2.57282E-1,2.57282E-1);
#141=COLOUR_RGB('',2.57282E-1,2.57282E-1,2.57282E-1);
#142=COLOUR_RGB('',2.57282E-1,2.57282E-1,2.57282E-1);
#143=COLOUR_RGB('',2.57282E-1,2.57282E-1,2.57282E-1);
#144=COLOUR_RGB('',4.1E-1,2.61589E-1,1.12848E-1);
#145=COLOUR_RGB('',5.04854E-1,1.5455E-2,1.5455E-2);
#146=COLOUR_RGB('',6.35294E-1,6.86275E-1,7.4902E-1);
#147=COLOUR_RGB('',6.40777E-1,6.40777E-1,6.40777E-1);
#148=COLOUR_RGB('',6.69062E-1,6.69903E-1,6.55217E-1);
#149=COLOUR_RGB('',7.9E-1,8.E-1,8.8E-1);
#150=COLOUR_RGB('',8.82353E-1,8.82353E-1,8.82353E-1);
#151=COLOUR_RGB('',9.21569E-1,7.05882E-1,4.70588E-1);
#152=DRAUGHTING_PRE_DEFINED_COLOUR('red');
#153=DRAUGHTING_PRE_DEFINED_COLOUR('yellow');
#154=COLOUR_RGB('',1.E0,1.E0,5.3E-1);
#155=DRAUGHTING_PRE_DEFINED_COLOUR('white');
#184=CIRCLE('',#183,1.E0);
#189=CIRCLE('',#188,1.E0);
#222=CIRCLE('',#221,1.E0);
#227=CIRCLE('',#226,1.E0);
#454=B_SPLINE_CURVE_WITH_KNOTS('',3,(#448,#449,#450,#451,#452,#453),
.UNSPECIFIED.,.F.,.F.,(4,1,1,4),(0.E0,2.5E-1,5.E-1,1.E0),.UNSPECIFIED.);
#461=B_SPLINE_CURVE_WITH_KNOTS('',3,(#455,#456,#457,#458,#459,#460),
.UNSPECIFIED.,.F.,.F.,(4,1,1,4),(0.E0,5.E-1,7.5E-1,1.E0),.UNSPECIFIED.);
#512=B_SPLINE_CURVE_WITH_KNOTS('',3,(#506,#507,#508,#509,#510,#511),
.UNSPECIFIED.,.F.,.F.,(4,1,1,4),(0.E0,2.5E-1,5.E-1,1.E0),.UNSPECIFIED.);
#519=B_SPLINE_CURVE_WITH_KNOTS('',3,(#513,#514,#515,#516,#517,#518),
.UNSPECIFIED.,.F.,.F.,(4,1,1,4),(0.E0,5.E-1,7.5E-1,1.E0),.UNSPECIFIED.);
#546=B_SPLINE_CURVE_WITH_KNOTS('',3,(#540,#541,#542,#543,#544,#545),
.UNSPECIFIED.,.F.,.F.,(4,1,1,4),(0.E0,2.5E-1,5.E-1,1.E0),.UNSPECIFIED.);
#553=B_SPLINE_CURVE_WITH_KNOTS('',3,(#547,#548,#549,#550,#551,#552),
.UNSPECIFIED.,.F.,.F.,(4,1,1,4),(0.E0,5.E-1,7.5E-1,1.E0),.UNSPECIFIED.);
#580=B_SPLINE_CURVE_WITH_KNOTS('',3,(#574,#575,#576,#577,#578,#579),
.UNSPECIFIED.,.F.,.F.,(4,1,1,4),(0.E0,2.5E-1,5.E-1,1.E0),.UNSPECIFIED.);
#587=B_SPLINE_CURVE_WITH_KNOTS('',3,(#581,#582,#583,#584,#585,#586),
.UNSPECIFIED.,.F.,.F.,(4,1,1,4),(0.E0,5.E-1,7.5E-1,1.E0),.UNSPECIFIED.);
#649=B_SPLINE_CURVE_WITH_KNOTS('',3,(#644,#645,#646,#647,#648),.UNSPECIFIED.,
.F.,.F.,(4,1,4),(0.E0,5.E-1,1.E0),.UNSPECIFIED.);
#667=B_SPLINE_CURVE_WITH_KNOTS('',3,(#662,#663,#664,#665,#666),.UNSPECIFIED.,
.F.,.F.,(4,1,4),(0.E0,5.E-1,1.E0),.UNSPECIFIED.);
#700=CIRCLE('',#699,2.3E-1);
#705=CIRCLE('',#704,2.3E-1);
#719=B_SPLINE_CURVE_WITH_KNOTS('',3,(#714,#715,#716,#717,#718),.UNSPECIFIED.,
.F.,.F.,(4,1,4),(0.E0,5.E-1,1.E0),.UNSPECIFIED.);
#725=B_SPLINE_CURVE_WITH_KNOTS('',3,(#720,#721,#722,#723,#724),.UNSPECIFIED.,
.F.,.F.,(4,1,4),(0.E0,5.E-1,1.E0),.UNSPECIFIED.);
#758=CIRCLE('',#757,1.E0);
#763=CIRCLE('',#762,1.E0);
#832=CIRCLE('',#831,1.187304736225E-1);
#837=CIRCLE('',#836,1.187304736225E-1);
#866=B_SPLINE_CURVE_WITH_KNOTS('',3,(#862,#863,#864,#865),.UNSPECIFIED.,.F.,.F.,
(4,4),(0.E0,1.E0),.UNSPECIFIED.);
#876=B_SPLINE_CURVE_WITH_KNOTS('',3,(#867,#868,#869,#870,#871,#872,#873,#874,
#875),.UNSPECIFIED.,.F.,.F.,(4,1,1,1,1,1,4),(0.E0,1.428123809713E-1,
3.157002335176E-1,5.028266890791E-1,6.801090736562E-1,8.432647676470E-1,1.E0),
.UNSPECIFIED.);
#881=B_SPLINE_CURVE_WITH_KNOTS('',3,(#877,#878,#879,#880),.UNSPECIFIED.,.F.,.F.,
(4,4),(0.E0,1.E0),.UNSPECIFIED.);
#891=B_SPLINE_CURVE_WITH_KNOTS('',3,(#882,#883,#884,#885,#886,#887,#888,#889,
#890),.UNSPECIFIED.,.F.,.F.,(4,1,1,1,1,1,4),(0.E0,1.355656425280E-1,
3.127119931457E-1,4.965056153384E-1,6.951384388364E-1,8.847719214979E-1,1.E0),
.UNSPECIFIED.);
#944=B_SPLINE_CURVE_WITH_KNOTS('',3,(#940,#941,#942,#943),.UNSPECIFIED.,.F.,.F.,
(4,4),(0.E0,1.E0),.UNSPECIFIED.);
#952=B_SPLINE_CURVE_WITH_KNOTS('',3,(#945,#946,#947,#948,#949,#950,#951),
.UNSPECIFIED.,.F.,.F.,(4,1,1,1,4),(0.E0,2.559769024855E-1,5.077686946022E-1,
7.533752025714E-1,1.E0),.UNSPECIFIED.);
#957=B_SPLINE_CURVE_WITH_KNOTS('',3,(#953,#954,#955,#956),.UNSPECIFIED.,.F.,.F.,
(4,4),(0.E0,1.E0),.UNSPECIFIED.);
#962=B_SPLINE_CURVE_WITH_KNOTS('',3,(#958,#959,#960,#961),.UNSPECIFIED.,.F.,.F.,
(4,4),(0.E0,1.E0),.UNSPECIFIED.);
#967=B_SPLINE_CURVE_WITH_KNOTS('',3,(#963,#964,#965,#966),.UNSPECIFIED.,.F.,.F.,
(4,4),(0.E0,1.E0),.UNSPECIFIED.);
#975=B_SPLINE_CURVE_WITH_KNOTS('',3,(#968,#969,#970,#971,#972,#973,#974),
.UNSPECIFIED.,.F.,.F.,(4,1,1,1,4),(0.E0,2.502152773835E-1,4.910267303209E-1,
7.421623589777E-1,1.E0),.UNSPECIFIED.);
#980=B_SPLINE_CURVE_WITH_KNOTS('',3,(#976,#977,#978,#979),.UNSPECIFIED.,.F.,.F.,
(4,4),(0.E0,1.E0),.UNSPECIFIED.);
#985=B_SPLINE_CURVE_WITH_KNOTS('',3,(#981,#982,#983,#984),.UNSPECIFIED.,.F.,.F.,
(4,4),(0.E0,1.E0),.UNSPECIFIED.);
#990=B_SPLINE_CURVE_WITH_KNOTS('',3,(#986,#987,#988,#989),.UNSPECIFIED.,.F.,.F.,
(4,4),(0.E0,1.E0),.UNSPECIFIED.);
#995=B_SPLINE_CURVE_WITH_KNOTS('',3,(#991,#992,#993,#994),.UNSPECIFIED.,.F.,.F.,
(4,4),(0.E0,1.E0),.UNSPECIFIED.);
#1000=B_SPLINE_CURVE_WITH_KNOTS('',3,(#996,#997,#998,#999),.UNSPECIFIED.,.F.,
.F.,(4,4),(0.E0,1.E0),.UNSPECIFIED.);
#1005=B_SPLINE_CURVE_WITH_KNOTS('',3,(#1001,#1002,#1003,#1004),.UNSPECIFIED.,
.F.,.F.,(4,4),(0.E0,1.E0),.UNSPECIFIED.);
#1010=B_SPLINE_CURVE_WITH_KNOTS('',3,(#1006,#1007,#1008,#1009),.UNSPECIFIED.,
.F.,.F.,(4,4),(0.E0,1.E0),.UNSPECIFIED.);
#1095=B_SPLINE_CURVE_WITH_KNOTS('',3,(#1091,#1092,#1093,#1094),.UNSPECIFIED.,
.F.,.F.,(4,4),(0.E0,1.E0),.UNSPECIFIED.);
#1100=B_SPLINE_CURVE_WITH_KNOTS('',3,(#1096,#1097,#1098,#1099),.UNSPECIFIED.,
.F.,.F.,(4,4),(0.E0,1.E0),.UNSPECIFIED.);
#1110=B_SPLINE_CURVE_WITH_KNOTS('',3,(#1101,#1102,#1103,#1104,#1105,#1106,#1107,
#1108,#1109),.UNSPECIFIED.,.F.,.F.,(4,1,1,1,1,1,4),(0.E0,1.789457703317E-1,
3.127767465800E-1,4.389666650841E-1,5.790218632447E-1,7.844263875846E-1,1.E0),
.UNSPECIFIED.);
#1115=B_SPLINE_CURVE_WITH_KNOTS('',3,(#1111,#1112,#1113,#1114),.UNSPECIFIED.,
.F.,.F.,(4,4),(0.E0,1.E0),.UNSPECIFIED.);
#1120=B_SPLINE_CURVE_WITH_KNOTS('',3,(#1116,#1117,#1118,#1119),.UNSPECIFIED.,
.F.,.F.,(4,4),(0.E0,1.E0),.UNSPECIFIED.);
#1125=B_SPLINE_CURVE_WITH_KNOTS('',3,(#1121,#1122,#1123,#1124),.UNSPECIFIED.,
.F.,.F.,(4,4),(0.E0,1.E0),.UNSPECIFIED.);
#1131=B_SPLINE_CURVE_WITH_KNOTS('',3,(#1126,#1127,#1128,#1129,#1130),
.UNSPECIFIED.,.F.,.F.,(4,1,4),(0.E0,4.049801273211E-1,1.E0),.UNSPECIFIED.);
#1136=B_SPLINE_CURVE_WITH_KNOTS('',3,(#1132,#1133,#1134,#1135),.UNSPECIFIED.,
.F.,.F.,(4,4),(0.E0,1.E0),.UNSPECIFIED.);
#1142=B_SPLINE_CURVE_WITH_KNOTS('',3,(#1137,#1138,#1139,#1140,#1141),
.UNSPECIFIED.,.F.,.F.,(4,1,4),(0.E0,4.762475716500E-1,1.E0),.UNSPECIFIED.);
#1147=B_SPLINE_CURVE_WITH_KNOTS('',3,(#1143,#1144,#1145,#1146),.UNSPECIFIED.,
.F.,.F.,(4,4),(0.E0,1.E0),.UNSPECIFIED.);
#1155=B_SPLINE_CURVE_WITH_KNOTS('',3,(#1148,#1149,#1150,#1151,#1152,#1153,
#1154),.UNSPECIFIED.,.F.,.F.,(4,1,1,1,4),(0.E0,2.762921365359E-1,
4.645455754548E-1,6.412734532372E-1,1.E0),.UNSPECIFIED.);
#1160=B_SPLINE_CURVE_WITH_KNOTS('',3,(#1156,#1157,#1158,#1159),.UNSPECIFIED.,
.F.,.F.,(4,4),(0.E0,1.E0),.UNSPECIFIED.);
#1174=B_SPLINE_CURVE_WITH_KNOTS('',3,(#1161,#1162,#1163,#1164,#1165,#1166,#1167,
#1168,#1169,#1170,#1171,#1172,#1173),.UNSPECIFIED.,.F.,.F.,(4,1,1,1,1,1,1,1,1,1,
4),(0.E0,1.276819283975E-1,1.968290535356E-1,2.504732951503E-1,
2.991047906893E-1,3.913116296472E-1,5.172908831455E-1,6.020882689472E-1,
7.199160264533E-1,8.658555187811E-1,1.E0),.UNSPECIFIED.);
#1179=B_SPLINE_CURVE_WITH_KNOTS('',3,(#1175,#1176,#1177,#1178),.UNSPECIFIED.,
.F.,.F.,(4,4),(0.E0,1.E0),.UNSPECIFIED.);
#1192=B_SPLINE_CURVE_WITH_KNOTS('',3,(#1180,#1181,#1182,#1183,#1184,#1185,#1186,
#1187,#1188,#1189,#1190,#1191),.UNSPECIFIED.,.F.,.F.,(4,1,1,1,1,1,1,1,1,4),
(0.E0,1.483757450376E-1,2.689286802329E-1,3.203061056882E-1,4.199203346453E-1,
5.434124167720E-1,6.242910899825E-1,7.418812970803E-1,8.824346707196E-1,1.E0),
.UNSPECIFIED.);
#1197=B_SPLINE_CURVE_WITH_KNOTS('',3,(#1193,#1194,#1195,#1196),.UNSPECIFIED.,
.F.,.F.,(4,4),(0.E0,1.E0),.UNSPECIFIED.);
#1202=B_SPLINE_CURVE_WITH_KNOTS('',3,(#1198,#1199,#1200,#1201),.UNSPECIFIED.,
.F.,.F.,(4,4),(0.E0,1.E0),.UNSPECIFIED.);
#1207=B_SPLINE_CURVE_WITH_KNOTS('',3,(#1203,#1204,#1205,#1206),.UNSPECIFIED.,
.F.,.F.,(4,4),(0.E0,1.E0),.UNSPECIFIED.);
#1212=B_SPLINE_CURVE_WITH_KNOTS('',3,(#1208,#1209,#1210,#1211),.UNSPECIFIED.,
.F.,.F.,(4,4),(0.E0,1.E0),.UNSPECIFIED.);
#1217=B_SPLINE_CURVE_WITH_KNOTS('',3,(#1213,#1214,#1215,#1216),.UNSPECIFIED.,
.F.,.F.,(4,4),(0.E0,1.E0),.UNSPECIFIED.);
#1223=B_SPLINE_CURVE_WITH_KNOTS('',3,(#1218,#1219,#1220,#1221,#1222),
.UNSPECIFIED.,.F.,.F.,(4,1,4),(0.E0,3.076625543478E-1,1.E0),.UNSPECIFIED.);
#1228=B_SPLINE_CURVE_WITH_KNOTS('',3,(#1224,#1225,#1226,#1227),.UNSPECIFIED.,
.F.,.F.,(4,4),(0.E0,1.E0),.UNSPECIFIED.);
#1234=B_SPLINE_CURVE_WITH_KNOTS('',3,(#1229,#1230,#1231,#1232,#1233),
.UNSPECIFIED.,.F.,.F.,(4,1,4),(0.E0,8.078466422658E-1,1.E0),.UNSPECIFIED.);
#1239=B_SPLINE_CURVE_WITH_KNOTS('',3,(#1235,#1236,#1237,#1238),.UNSPECIFIED.,
.F.,.F.,(4,4),(0.E0,1.E0),.UNSPECIFIED.);
#1244=B_SPLINE_CURVE_WITH_KNOTS('',3,(#1240,#1241,#1242,#1243),.UNSPECIFIED.,
.F.,.F.,(4,4),(0.E0,1.E0),.UNSPECIFIED.);
#1249=B_SPLINE_CURVE_WITH_KNOTS('',3,(#1245,#1246,#1247,#1248),.UNSPECIFIED.,
.F.,.F.,(4,4),(0.E0,1.E0),.UNSPECIFIED.);
#1254=B_SPLINE_CURVE_WITH_KNOTS('',3,(#1250,#1251,#1252,#1253),.UNSPECIFIED.,
.F.,.F.,(4,4),(0.E0,1.E0),.UNSPECIFIED.);
#1307=B_SPLINE_CURVE_WITH_KNOTS('',3,(#1303,#1304,#1305,#1306),.UNSPECIFIED.,
.F.,.F.,(4,4),(0.E0,1.E0),.UNSPECIFIED.);
#1315=B_SPLINE_CURVE_WITH_KNOTS('',3,(#1308,#1309,#1310,#1311,#1312,#1313,
#1314),.UNSPECIFIED.,.F.,.F.,(4,1,1,1,4),(0.E0,2.559769024879E-1,
5.077686946101E-1,7.533752025744E-1,1.E0),.UNSPECIFIED.);
#1320=B_SPLINE_CURVE_WITH_KNOTS('',3,(#1316,#1317,#1318,#1319),.UNSPECIFIED.,
.F.,.F.,(4,4),(0.E0,1.E0),.UNSPECIFIED.);
#1325=B_SPLINE_CURVE_WITH_KNOTS('',3,(#1321,#1322,#1323,#1324),.UNSPECIFIED.,
.F.,.F.,(4,4),(0.E0,1.E0),.UNSPECIFIED.);
#1330=B_SPLINE_CURVE_WITH_KNOTS('',3,(#1326,#1327,#1328,#1329),.UNSPECIFIED.,
.F.,.F.,(4,4),(0.E0,1.E0),.UNSPECIFIED.);
#1338=B_SPLINE_CURVE_WITH_KNOTS('',3,(#1331,#1332,#1333,#1334,#1335,#1336,
#1337),.UNSPECIFIED.,.F.,.F.,(4,1,1,1,4),(0.E0,2.502152773823E-1,
4.910267303254E-1,7.421623589801E-1,1.E0),.UNSPECIFIED.);
#1343=B_SPLINE_CURVE_WITH_KNOTS('',3,(#1339,#1340,#1341,#1342),.UNSPECIFIED.,
.F.,.F.,(4,4),(0.E0,1.E0),.UNSPECIFIED.);
#1348=B_SPLINE_CURVE_WITH_KNOTS('',3,(#1344,#1345,#1346,#1347),.UNSPECIFIED.,
.F.,.F.,(4,4),(0.E0,1.E0),.UNSPECIFIED.);
#1353=B_SPLINE_CURVE_WITH_KNOTS('',3,(#1349,#1350,#1351,#1352),.UNSPECIFIED.,
.F.,.F.,(4,4),(0.E0,1.E0),.UNSPECIFIED.);
#1358=B_SPLINE_CURVE_WITH_KNOTS('',3,(#1354,#1355,#1356,#1357),.UNSPECIFIED.,
.F.,.F.,(4,4),(0.E0,1.E0),.UNSPECIFIED.);
#1363=B_SPLINE_CURVE_WITH_KNOTS('',3,(#1359,#1360,#1361,#1362),.UNSPECIFIED.,
.F.,.F.,(4,4),(0.E0,1.E0),.UNSPECIFIED.);
#1368=B_SPLINE_CURVE_WITH_KNOTS('',3,(#1364,#1365,#1366,#1367),.UNSPECIFIED.,
.F.,.F.,(4,4),(0.E0,1.E0),.UNSPECIFIED.);
#1373=B_SPLINE_CURVE_WITH_KNOTS('',3,(#1369,#1370,#1371,#1372),.UNSPECIFIED.,
.F.,.F.,(4,4),(0.E0,1.E0),.UNSPECIFIED.);
#1413=B_SPLINE_CURVE_WITH_KNOTS('',3,(#1406,#1407,#1408,#1409,#1410,#1411,
#1412),.UNSPECIFIED.,.F.,.F.,(4,1,1,1,4),(0.E0,2.226963329829E-1,
5.615438495888E-1,8.551881585072E-1,1.E0),.UNSPECIFIED.);
#1422=B_SPLINE_CURVE_WITH_KNOTS('',3,(#1414,#1415,#1416,#1417,#1418,#1419,#1420,
#1421),.UNSPECIFIED.,.F.,.F.,(4,1,1,1,1,4),(0.E0,4.798572530125E-2,
3.069980039736E-1,5.632939930434E-1,8.060865076554E-1,1.E0),.UNSPECIFIED.);
#1429=B_SPLINE_CURVE_WITH_KNOTS('',3,(#1423,#1424,#1425,#1426,#1427,#1428),
.UNSPECIFIED.,.F.,.F.,(4,1,1,4),(0.E0,4.355221245185E-1,9.627213829328E-1,1.E0),
.UNSPECIFIED.);
#1434=B_SPLINE_CURVE_WITH_KNOTS('',3,(#1430,#1431,#1432,#1433),.UNSPECIFIED.,
.F.,.F.,(4,4),(0.E0,1.E0),.UNSPECIFIED.);
#1439=B_SPLINE_CURVE_WITH_KNOTS('',3,(#1435,#1436,#1437,#1438),.UNSPECIFIED.,
.F.,.F.,(4,4),(0.E0,1.E0),.UNSPECIFIED.);
#1444=B_SPLINE_CURVE_WITH_KNOTS('',3,(#1440,#1441,#1442,#1443),.UNSPECIFIED.,
.F.,.F.,(4,4),(0.E0,1.E0),.UNSPECIFIED.);
#1450=B_SPLINE_CURVE_WITH_KNOTS('',3,(#1445,#1446,#1447,#1448,#1449),
.UNSPECIFIED.,.F.,.F.,(4,1,4),(0.E0,4.175733561965E-1,1.E0),.UNSPECIFIED.);
#1457=B_SPLINE_CURVE_WITH_KNOTS('',3,(#1451,#1452,#1453,#1454,#1455,#1456),
.UNSPECIFIED.,.F.,.F.,(4,1,1,4),(0.E0,3.585443611440E-1,8.201936862644E-1,1.E0),
.UNSPECIFIED.);
#1463=B_SPLINE_CURVE_WITH_KNOTS('',3,(#1458,#1459,#1460,#1461,#1462),
.UNSPECIFIED.,.F.,.F.,(4,1,4),(0.E0,4.675992636402E-1,1.E0),.UNSPECIFIED.);
#1470=B_SPLINE_CURVE_WITH_KNOTS('',3,(#1464,#1465,#1466,#1467,#1468,#1469),
.UNSPECIFIED.,.F.,.F.,(4,1,1,4),(0.E0,3.564114353987E-2,5.270824027251E-1,1.E0),
.UNSPECIFIED.);
#1475=B_SPLINE_CURVE_WITH_KNOTS('',3,(#1471,#1472,#1473,#1474),.UNSPECIFIED.,
.F.,.F.,(4,4),(0.E0,1.E0),.UNSPECIFIED.);
#1482=B_SPLINE_CURVE_WITH_KNOTS('',3,(#1476,#1477,#1478,#1479,#1480,#1481),
.UNSPECIFIED.,.F.,.F.,(4,1,1,4),(0.E0,6.584959150851E-2,5.404520185202E-1,1.E0),
.UNSPECIFIED.);
#1487=B_SPLINE_CURVE_WITH_KNOTS('',3,(#1483,#1484,#1485,#1486),.UNSPECIFIED.,
.F.,.F.,(4,4),(0.E0,1.E0),.UNSPECIFIED.);
#1492=B_SPLINE_CURVE_WITH_KNOTS('',3,(#1488,#1489,#1490,#1491),.UNSPECIFIED.,
.F.,.F.,(4,4),(0.E0,1.E0),.UNSPECIFIED.);
#1497=B_SPLINE_CURVE_WITH_KNOTS('',3,(#1493,#1494,#1495,#1496),.UNSPECIFIED.,
.F.,.F.,(4,4),(0.E0,1.E0),.UNSPECIFIED.);
#1504=B_SPLINE_CURVE_WITH_KNOTS('',3,(#1498,#1499,#1500,#1501,#1502,#1503),
.UNSPECIFIED.,.F.,.F.,(4,1,1,4),(0.E0,2.761126116402E-1,5.534015859397E-1,1.E0),
.UNSPECIFIED.);
#1689=CIRCLE('',#1688,1.E0);
#1694=CIRCLE('',#1693,1.E0);
#1927=CIRCLE('',#1926,1.E0);
#1932=CIRCLE('',#1931,1.E0);
#1941=CIRCLE('',#1940,1.E0);
#1962=B_SPLINE_CURVE_WITH_KNOTS('',3,(#1954,#1955,#1956,#1957,#1958,#1959,#1960,
#1961),.UNSPECIFIED.,.F.,.F.,(4,1,1,1,1,4),(0.E0,2.E-1,4.E-1,6.E-1,8.E-1,1.E0),
.UNSPECIFIED.);
#1968=B_SPLINE_CURVE_WITH_KNOTS('',3,(#1963,#1964,#1965,#1966,#1967),
.UNSPECIFIED.,.F.,.F.,(4,1,4),(0.E0,5.E-1,1.E0),.UNSPECIFIED.);
#1973=CIRCLE('',#1972,8.E-1);
#1979=B_SPLINE_CURVE_WITH_KNOTS('',3,(#1974,#1975,#1976,#1977,#1978),
.UNSPECIFIED.,.F.,.F.,(4,1,4),(0.E0,5.E-1,1.E0),.UNSPECIFIED.);
#1988=B_SPLINE_CURVE_WITH_KNOTS('',3,(#1980,#1981,#1982,#1983,#1984,#1985,#1986,
#1987),.UNSPECIFIED.,.F.,.F.,(4,1,1,1,1,4),(0.E0,2.E-1,4.E-1,6.E-1,8.E-1,1.E0),
.UNSPECIFIED.);
#1993=CIRCLE('',#1992,1.3E0);
#2002=B_SPLINE_CURVE_WITH_KNOTS('',3,(#1994,#1995,#1996,#1997,#1998,#1999,#2000,
#2001),.UNSPECIFIED.,.F.,.F.,(4,1,1,1,1,4),(0.E0,2.E-1,4.E-1,6.E-1,8.E-1,1.E0),
.UNSPECIFIED.);
#2007=CIRCLE('',#2006,1.3E0);
#2016=B_SPLINE_CURVE_WITH_KNOTS('',3,(#2008,#2009,#2010,#2011,#2012,#2013,#2014,
#2015),.UNSPECIFIED.,.F.,.F.,(4,1,1,1,1,4),(0.E0,2.E-1,4.E-1,6.E-1,8.E-1,1.E0),
.UNSPECIFIED.);
#2022=B_SPLINE_CURVE_WITH_KNOTS('',3,(#2017,#2018,#2019,#2020,#2021),
.UNSPECIFIED.,.F.,.F.,(4,1,4),(0.E0,5.E-1,1.E0),.UNSPECIFIED.);
#2027=CIRCLE('',#2026,8.E-1);
#2033=B_SPLINE_CURVE_WITH_KNOTS('',3,(#2028,#2029,#2030,#2031,#2032),
.UNSPECIFIED.,.F.,.F.,(4,1,4),(0.E0,5.E-1,1.E0),.UNSPECIFIED.);
#2054=CIRCLE('',#2053,1.3E0);
#2087=CIRCLE('',#2086,1.3E0);
#2116=CIRCLE('',#2115,1.E0);
#2121=CIRCLE('',#2120,1.E0);
#2130=CIRCLE('',#2129,1.E0);
#2145=B_SPLINE_CURVE_WITH_KNOTS('',3,(#2131,#2132,#2133,#2134,#2135,#2136,#2137,
#2138,#2139,#2140,#2141,#2142,#2143,#2144),.UNSPECIFIED.,.F.,.F.,(4,1,1,1,1,1,1,
1,1,1,1,4),(0.E0,9.090909090909E-2,1.818181818182E-1,2.727272727273E-1,
3.636363636364E-1,4.545454545455E-1,5.454545454545E-1,6.363636363636E-1,
7.272727272727E-1,8.181818181818E-1,9.090909090909E-1,1.E0),.UNSPECIFIED.);
#2160=B_SPLINE_CURVE_WITH_KNOTS('',3,(#2146,#2147,#2148,#2149,#2150,#2151,#2152,
#2153,#2154,#2155,#2156,#2157,#2158,#2159),.UNSPECIFIED.,.F.,.F.,(4,1,1,1,1,1,1,
1,1,1,1,4),(0.E0,9.090909090909E-2,1.818181818182E-1,2.727272727273E-1,
3.636363636364E-1,4.545454545455E-1,5.454545454545E-1,6.363636363636E-1,
7.272727272727E-1,8.181818181818E-1,9.090909090909E-1,1.E0),.UNSPECIFIED.);
#2221=CIRCLE('',#2220,1.E0);
#2230=CIRCLE('',#2229,1.E0);
#2235=CIRCLE('',#2234,1.E0);
#2256=B_SPLINE_CURVE_WITH_KNOTS('',3,(#2248,#2249,#2250,#2251,#2252,#2253,#2254,
#2255),.UNSPECIFIED.,.F.,.F.,(4,1,1,1,1,4),(0.E0,2.E-1,4.E-1,6.E-1,8.E-1,1.E0),
.UNSPECIFIED.);
#2261=CIRCLE('',#2260,1.3E0);
#2270=B_SPLINE_CURVE_WITH_KNOTS('',3,(#2262,#2263,#2264,#2265,#2266,#2267,#2268,
#2269),.UNSPECIFIED.,.F.,.F.,(4,1,1,1,1,4),(0.E0,2.E-1,4.E-1,6.E-1,8.E-1,1.E0),
.UNSPECIFIED.);
#2276=B_SPLINE_CURVE_WITH_KNOTS('',3,(#2271,#2272,#2273,#2274,#2275),
.UNSPECIFIED.,.F.,.F.,(4,1,4),(0.E0,5.E-1,1.E0),.UNSPECIFIED.);
#2281=CIRCLE('',#2280,8.E-1);
#2287=B_SPLINE_CURVE_WITH_KNOTS('',3,(#2282,#2283,#2284,#2285,#2286),
.UNSPECIFIED.,.F.,.F.,(4,1,4),(0.E0,5.E-1,1.E0),.UNSPECIFIED.);
#2296=B_SPLINE_CURVE_WITH_KNOTS('',3,(#2288,#2289,#2290,#2291,#2292,#2293,#2294,
#2295),.UNSPECIFIED.,.F.,.F.,(4,1,1,1,1,4),(0.E0,2.E-1,4.E-1,6.E-1,8.E-1,1.E0),
.UNSPECIFIED.);
#2302=B_SPLINE_CURVE_WITH_KNOTS('',3,(#2297,#2298,#2299,#2300,#2301),
.UNSPECIFIED.,.F.,.F.,(4,1,4),(0.E0,5.E-1,1.E0),.UNSPECIFIED.);
#2307=CIRCLE('',#2306,8.E-1);
#2313=B_SPLINE_CURVE_WITH_KNOTS('',3,(#2308,#2309,#2310,#2311,#2312),
.UNSPECIFIED.,.F.,.F.,(4,1,4),(0.E0,5.E-1,1.E0),.UNSPECIFIED.);
#2322=B_SPLINE_CURVE_WITH_KNOTS('',3,(#2314,#2315,#2316,#2317,#2318,#2319,#2320,
#2321),.UNSPECIFIED.,.F.,.F.,(4,1,1,1,1,4),(0.E0,2.E-1,4.E-1,6.E-1,8.E-1,1.E0),
.UNSPECIFIED.);
#2327=CIRCLE('',#2326,1.3E0);
#2356=CIRCLE('',#2355,1.3E0);
#2365=CIRCLE('',#2364,1.3E0);
#2419=B_SPLINE_CURVE_WITH_KNOTS('',3,(#2406,#2407,#2408,#2409,#2410,#2411,#2412,
#2413,#2414,#2415,#2416,#2417,#2418),.UNSPECIFIED.,.F.,.F.,(4,1,1,1,1,1,1,1,1,1,
4),(0.E0,1.E-1,2.E-1,3.E-1,4.E-1,5.E-1,6.E-1,7.E-1,8.E-1,9.E-1,1.E0),
.UNSPECIFIED.);
#2433=B_SPLINE_CURVE_WITH_KNOTS('',3,(#2420,#2421,#2422,#2423,#2424,#2425,#2426,
#2427,#2428,#2429,#2430,#2431,#2432),.UNSPECIFIED.,.F.,.F.,(4,1,1,1,1,1,1,1,1,1,
4),(0.E0,1.E-1,2.E-1,3.E-1,4.E-1,5.E-1,6.E-1,7.E-1,8.E-1,9.E-1,1.E0),
.UNSPECIFIED.);
#2446=CIRCLE('',#2445,1.E0);
#2455=CIRCLE('',#2454,1.E0);
#2460=CIRCLE('',#2459,1.E0);
#2478=B_SPLINE_CURVE_WITH_KNOTS('',3,(#2473,#2474,#2475,#2476,#2477),
.UNSPECIFIED.,.F.,.F.,(4,1,4),(0.E0,5.E-1,1.E0),.UNSPECIFIED.);
#2484=B_SPLINE_CURVE_WITH_KNOTS('',3,(#2479,#2480,#2481,#2482,#2483),
.UNSPECIFIED.,.F.,.F.,(4,1,4),(0.E0,5.E-1,1.E0),.UNSPECIFIED.);
#2493=CIRCLE('',#2492,2.3E-1);
#2498=CIRCLE('',#2497,2.3E-1);
#2528=B_SPLINE_CURVE_WITH_KNOTS('',3,(#2523,#2524,#2525,#2526,#2527),
.UNSPECIFIED.,.F.,.F.,(4,1,4),(0.E0,5.E-1,1.E0),.UNSPECIFIED.);
#2546=B_SPLINE_CURVE_WITH_KNOTS('',3,(#2541,#2542,#2543,#2544,#2545),
.UNSPECIFIED.,.F.,.F.,(4,1,4),(0.E0,5.E-1,1.E0),.UNSPECIFIED.);
#2696=B_SPLINE_CURVE_WITH_KNOTS('',3,(#2691,#2692,#2693,#2694,#2695),
.UNSPECIFIED.,.F.,.F.,(4,1,4),(0.E0,5.E-1,1.E0),.UNSPECIFIED.);
#2714=B_SPLINE_CURVE_WITH_KNOTS('',3,(#2709,#2710,#2711,#2712,#2713),
.UNSPECIFIED.,.F.,.F.,(4,1,4),(0.E0,5.E-1,1.E0),.UNSPECIFIED.);
#2747=CIRCLE('',#2746,2.3E-1);
#2752=CIRCLE('',#2751,2.3E-1);
#2766=B_SPLINE_CURVE_WITH_KNOTS('',3,(#2761,#2762,#2763,#2764,#2765),
.UNSPECIFIED.,.F.,.F.,(4,1,4),(0.E0,5.E-1,1.E0),.UNSPECIFIED.);
#2772=B_SPLINE_CURVE_WITH_KNOTS('',3,(#2767,#2768,#2769,#2770,#2771),
.UNSPECIFIED.,.F.,.F.,(4,1,4),(0.E0,5.E-1,1.E0),.UNSPECIFIED.);
#2785=CIRCLE('',#2784,2.3E-1);
#2790=CIRCLE('',#2789,1.1386E0);
#2795=CIRCLE('',#2794,2.3E-1);
#2800=CIRCLE('',#2799,6.786E-1);
#2805=CIRCLE('',#2804,2.3E-1);
#2814=CIRCLE('',#2813,2.3E-1);
#2823=CIRCLE('',#2822,2.3E-1);
#2828=CIRCLE('',#2827,1.309E-1);
#2833=CIRCLE('',#2832,2.3E-1);
#2838=CIRCLE('',#2837,5.909E-1);
#2843=CIRCLE('',#2842,2.3E-1);
#2852=CIRCLE('',#2851,2.3E-1);
#2861=CIRCLE('',#2860,2.3E-1);
#2866=CIRCLE('',#2865,2.7E-1);
#2871=CIRCLE('',#2870,2.3E-1);
#2876=CIRCLE('',#2875,7.3E-1);
#2881=CIRCLE('',#2880,2.3E-1);
#2890=CIRCLE('',#2889,2.3E-1);
#2899=CIRCLE('',#2898,2.3E-1);
#2904=CIRCLE('',#2903,2.3E-1);
#2958=B_SPLINE_CURVE_WITH_KNOTS('',3,(#2953,#2954,#2955,#2956,#2957),
.UNSPECIFIED.,.F.,.F.,(4,1,4),(0.E0,5.E-1,1.E0),.UNSPECIFIED.);
#2976=B_SPLINE_CURVE_WITH_KNOTS('',3,(#2971,#2972,#2973,#2974,#2975),
.UNSPECIFIED.,.F.,.F.,(4,1,4),(0.E0,5.E-1,1.E0),.UNSPECIFIED.);
#3009=CIRCLE('',#3008,2.3E-1);
#3014=CIRCLE('',#3013,2.3E-1);
#3028=B_SPLINE_CURVE_WITH_KNOTS('',3,(#3023,#3024,#3025,#3026,#3027),
.UNSPECIFIED.,.F.,.F.,(4,1,4),(0.E0,5.E-1,1.E0),.UNSPECIFIED.);
#3034=B_SPLINE_CURVE_WITH_KNOTS('',3,(#3029,#3030,#3031,#3032,#3033),
.UNSPECIFIED.,.F.,.F.,(4,1,4),(0.E0,5.E-1,1.E0),.UNSPECIFIED.);
#3047=CIRCLE('',#3046,2.3E-1);
#3052=CIRCLE('',#3051,1.1386E0);
#3057=CIRCLE('',#3056,2.3E-1);
#3062=CIRCLE('',#3061,6.786E-1);
#3067=CIRCLE('',#3066,2.3E-1);
#3076=CIRCLE('',#3075,2.3E-1);
#3085=CIRCLE('',#3084,2.3E-1);
#3090=CIRCLE('',#3089,1.309E-1);
#3095=CIRCLE('',#3094,2.3E-1);
#3100=CIRCLE('',#3099,5.909E-1);
#3105=CIRCLE('',#3104,2.3E-1);
#3114=CIRCLE('',#3113,2.3E-1);
#3123=CIRCLE('',#3122,2.3E-1);
#3128=CIRCLE('',#3127,2.7E-1);
#3133=CIRCLE('',#3132,2.3E-1);
#3138=CIRCLE('',#3137,7.3E-1);
#3143=CIRCLE('',#3142,2.3E-1);
#3152=CIRCLE('',#3151,2.3E-1);
#3161=CIRCLE('',#3160,2.3E-1);
#3166=CIRCLE('',#3165,2.3E-1);
#3183=CIRCLE('',#3182,2.3E-1);
#3188=CIRCLE('',#3187,1.1386E0);
#3193=CIRCLE('',#3192,2.3E-1);
#3198=CIRCLE('',#3197,6.786E-1);
#3203=CIRCLE('',#3202,2.3E-1);
#3212=CIRCLE('',#3211,2.3E-1);
#3221=CIRCLE('',#3220,2.3E-1);
#3226=CIRCLE('',#3225,1.309E-1);
#3231=CIRCLE('',#3230,2.3E-1);
#3236=CIRCLE('',#3235,5.909E-1);
#3241=CIRCLE('',#3240,2.3E-1);
#3250=CIRCLE('',#3249,2.3E-1);
#3259=CIRCLE('',#3258,2.3E-1);
#3264=CIRCLE('',#3263,2.7E-1);
#3269=CIRCLE('',#3268,2.3E-1);
#3274=CIRCLE('',#3273,7.3E-1);
#3279=CIRCLE('',#3278,2.3E-1);
#3288=CIRCLE('',#3287,2.3E-1);
#3297=CIRCLE('',#3296,2.3E-1);
#3302=CIRCLE('',#3301,2.3E-1);
#3319=CIRCLE('',#3318,1.187304736225E-1);
#3324=CIRCLE('',#3323,1.187304736225E-1);
#3353=B_SPLINE_CURVE_WITH_KNOTS('',3,(#3349,#3350,#3351,#3352),.UNSPECIFIED.,
.F.,.F.,(4,4),(0.E0,1.E0),.UNSPECIFIED.);
#3363=B_SPLINE_CURVE_WITH_KNOTS('',3,(#3354,#3355,#3356,#3357,#3358,#3359,#3360,
#3361,#3362),.UNSPECIFIED.,.F.,.F.,(4,1,1,1,1,1,4),(0.E0,1.152280785021E-1,
3.048615611636E-1,5.034943846616E-1,6.872880068543E-1,8.644343574720E-1,1.E0),
.UNSPECIFIED.);
#3368=B_SPLINE_CURVE_WITH_KNOTS('',3,(#3364,#3365,#3366,#3367),.UNSPECIFIED.,
.F.,.F.,(4,4),(0.E0,1.E0),.UNSPECIFIED.);
#3378=B_SPLINE_CURVE_WITH_KNOTS('',3,(#3369,#3370,#3371,#3372,#3373,#3374,#3375,
#3376,#3377),.UNSPECIFIED.,.F.,.F.,(4,1,1,1,1,1,4),(0.E0,1.567352323530E-1,
3.198909263438E-1,4.971733109209E-1,6.842997664824E-1,8.571876190287E-1,1.E0),
.UNSPECIFIED.);
#3431=B_SPLINE_CURVE_WITH_KNOTS('',3,(#3427,#3428,#3429,#3430),.UNSPECIFIED.,
.F.,.F.,(4,4),(0.E0,1.E0),.UNSPECIFIED.);
#3436=B_SPLINE_CURVE_WITH_KNOTS('',3,(#3432,#3433,#3434,#3435),.UNSPECIFIED.,
.F.,.F.,(4,4),(0.E0,1.E0),.UNSPECIFIED.);
#3441=B_SPLINE_CURVE_WITH_KNOTS('',3,(#3437,#3438,#3439,#3440),.UNSPECIFIED.,
.F.,.F.,(4,4),(0.E0,1.E0),.UNSPECIFIED.);
#3449=B_SPLINE_CURVE_WITH_KNOTS('',3,(#3442,#3443,#3444,#3445,#3446,#3447,
#3448),.UNSPECIFIED.,.F.,.F.,(4,1,1,1,4),(0.E0,2.466247974286E-1,
4.922313053978E-1,7.440230975145E-1,1.E0),.UNSPECIFIED.);
#3454=B_SPLINE_CURVE_WITH_KNOTS('',3,(#3450,#3451,#3452,#3453),.UNSPECIFIED.,
.F.,.F.,(4,4),(0.E0,1.E0),.UNSPECIFIED.);
#3459=B_SPLINE_CURVE_WITH_KNOTS('',3,(#3455,#3456,#3457,#3458),.UNSPECIFIED.,
.F.,.F.,(4,4),(0.E0,1.E0),.UNSPECIFIED.);
#3464=B_SPLINE_CURVE_WITH_KNOTS('',3,(#3460,#3461,#3462,#3463),.UNSPECIFIED.,
.F.,.F.,(4,4),(0.E0,1.E0),.UNSPECIFIED.);
#3472=B_SPLINE_CURVE_WITH_KNOTS('',3,(#3465,#3466,#3467,#3468,#3469,#3470,
#3471),.UNSPECIFIED.,.F.,.F.,(4,1,1,1,4),(0.E0,2.578376410223E-1,
5.089732696791E-1,7.497847226165E-1,1.E0),.UNSPECIFIED.);
#3477=B_SPLINE_CURVE_WITH_KNOTS('',3,(#3473,#3474,#3475,#3476),.UNSPECIFIED.,
.F.,.F.,(4,4),(0.E0,1.E0),.UNSPECIFIED.);
#3482=B_SPLINE_CURVE_WITH_KNOTS('',3,(#3478,#3479,#3480,#3481),.UNSPECIFIED.,
.F.,.F.,(4,4),(0.E0,1.E0),.UNSPECIFIED.);
#3487=B_SPLINE_CURVE_WITH_KNOTS('',3,(#3483,#3484,#3485,#3486),.UNSPECIFIED.,
.F.,.F.,(4,4),(0.E0,1.E0),.UNSPECIFIED.);
#3492=B_SPLINE_CURVE_WITH_KNOTS('',3,(#3488,#3489,#3490,#3491),.UNSPECIFIED.,
.F.,.F.,(4,4),(0.E0,1.E0),.UNSPECIFIED.);
#3497=B_SPLINE_CURVE_WITH_KNOTS('',3,(#3493,#3494,#3495,#3496),.UNSPECIFIED.,
.F.,.F.,(4,4),(0.E0,1.E0),.UNSPECIFIED.);
#3582=B_SPLINE_CURVE_WITH_KNOTS('',3,(#3578,#3579,#3580,#3581),.UNSPECIFIED.,
.F.,.F.,(4,4),(0.E0,1.E0),.UNSPECIFIED.);
#3592=B_SPLINE_CURVE_WITH_KNOTS('',3,(#3583,#3584,#3585,#3586,#3587,#3588,#3589,
#3590,#3591),.UNSPECIFIED.,.F.,.F.,(4,1,1,1,1,1,4),(0.E0,2.155736124154E-1,
4.209781367553E-1,5.610333349159E-1,6.872232534200E-1,8.210542296683E-1,1.E0),
.UNSPECIFIED.);
#3597=B_SPLINE_CURVE_WITH_KNOTS('',3,(#3593,#3594,#3595,#3596),.UNSPECIFIED.,
.F.,.F.,(4,4),(0.E0,1.E0),.UNSPECIFIED.);
#3602=B_SPLINE_CURVE_WITH_KNOTS('',3,(#3598,#3599,#3600,#3601),.UNSPECIFIED.,
.F.,.F.,(4,4),(0.E0,1.E0),.UNSPECIFIED.);
#3610=B_SPLINE_CURVE_WITH_KNOTS('',3,(#3603,#3604,#3605,#3606,#3607,#3608,
#3609),.UNSPECIFIED.,.F.,.F.,(4,1,1,1,4),(0.E0,3.587265467628E-1,
5.354544245452E-1,7.237078634641E-1,1.E0),.UNSPECIFIED.);
#3615=B_SPLINE_CURVE_WITH_KNOTS('',3,(#3611,#3612,#3613,#3614),.UNSPECIFIED.,
.F.,.F.,(4,4),(0.E0,1.E0),.UNSPECIFIED.);
#3621=B_SPLINE_CURVE_WITH_KNOTS('',3,(#3616,#3617,#3618,#3619,#3620),
.UNSPECIFIED.,.F.,.F.,(4,1,4),(0.E0,5.237524283500E-1,1.E0),.UNSPECIFIED.);
#3626=B_SPLINE_CURVE_WITH_KNOTS('',3,(#3622,#3623,#3624,#3625),.UNSPECIFIED.,
.F.,.F.,(4,4),(0.E0,1.E0),.UNSPECIFIED.);
#3632=B_SPLINE_CURVE_WITH_KNOTS('',3,(#3627,#3628,#3629,#3630,#3631),
.UNSPECIFIED.,.F.,.F.,(4,1,4),(0.E0,5.950198726789E-1,1.E0),.UNSPECIFIED.);
#3637=B_SPLINE_CURVE_WITH_KNOTS('',3,(#3633,#3634,#3635,#3636),.UNSPECIFIED.,
.F.,.F.,(4,4),(0.E0,1.E0),.UNSPECIFIED.);
#3642=B_SPLINE_CURVE_WITH_KNOTS('',3,(#3638,#3639,#3640,#3641),.UNSPECIFIED.,
.F.,.F.,(4,4),(0.E0,1.E0),.UNSPECIFIED.);
#3647=B_SPLINE_CURVE_WITH_KNOTS('',3,(#3643,#3644,#3645,#3646),.UNSPECIFIED.,
.F.,.F.,(4,4),(0.E0,1.E0),.UNSPECIFIED.);
#3660=B_SPLINE_CURVE_WITH_KNOTS('',3,(#3648,#3649,#3650,#3651,#3652,#3653,#3654,
#3655,#3656,#3657,#3658,#3659),.UNSPECIFIED.,.F.,.F.,(4,1,1,1,1,1,1,1,1,4),
(0.E0,1.175653292803E-1,2.581187029197E-1,3.757089100175E-1,4.565875832280E-1,
5.800796653547E-1,6.796938943118E-1,7.310713197671E-1,8.516242549624E-1,1.E0),
.UNSPECIFIED.);
#3665=B_SPLINE_CURVE_WITH_KNOTS('',3,(#3661,#3662,#3663,#3664),.UNSPECIFIED.,
.F.,.F.,(4,4),(0.E0,1.E0),.UNSPECIFIED.);
#3679=B_SPLINE_CURVE_WITH_KNOTS('',3,(#3666,#3667,#3668,#3669,#3670,#3671,#3672,
#3673,#3674,#3675,#3676,#3677,#3678),.UNSPECIFIED.,.F.,.F.,(4,1,1,1,1,1,1,1,1,1,
4),(0.E0,1.341444812189E-1,2.800839735467E-1,3.979117310528E-1,
4.827091168545E-1,6.086883703528E-1,7.008952093107E-1,7.495267048497E-1,
8.031709464644E-1,8.723180716025E-1,1.E0),.UNSPECIFIED.);
#3684=B_SPLINE_CURVE_WITH_KNOTS('',3,(#3680,#3681,#3682,#3683),.UNSPECIFIED.,
.F.,.F.,(4,4),(0.E0,1.E0),.UNSPECIFIED.);
#3689=B_SPLINE_CURVE_WITH_KNOTS('',3,(#3685,#3686,#3687,#3688),.UNSPECIFIED.,
.F.,.F.,(4,4),(0.E0,1.E0),.UNSPECIFIED.);
#3694=B_SPLINE_CURVE_WITH_KNOTS('',3,(#3690,#3691,#3692,#3693),.UNSPECIFIED.,
.F.,.F.,(4,4),(0.E0,1.E0),.UNSPECIFIED.);
#3699=B_SPLINE_CURVE_WITH_KNOTS('',3,(#3695,#3696,#3697,#3698),.UNSPECIFIED.,
.F.,.F.,(4,4),(0.E0,1.E0),.UNSPECIFIED.);
#3704=B_SPLINE_CURVE_WITH_KNOTS('',3,(#3700,#3701,#3702,#3703),.UNSPECIFIED.,
.F.,.F.,(4,4),(0.E0,1.E0),.UNSPECIFIED.);
#3710=B_SPLINE_CURVE_WITH_KNOTS('',3,(#3705,#3706,#3707,#3708,#3709),
.UNSPECIFIED.,.F.,.F.,(4,1,4),(0.E0,1.921533577342E-1,1.E0),.UNSPECIFIED.);
#3715=B_SPLINE_CURVE_WITH_KNOTS('',3,(#3711,#3712,#3713,#3714),.UNSPECIFIED.,
.F.,.F.,(4,4),(0.E0,1.E0),.UNSPECIFIED.);
#3721=B_SPLINE_CURVE_WITH_KNOTS('',3,(#3716,#3717,#3718,#3719,#3720),
.UNSPECIFIED.,.F.,.F.,(4,1,4),(0.E0,6.923374456522E-1,1.E0),.UNSPECIFIED.);
#3726=B_SPLINE_CURVE_WITH_KNOTS('',3,(#3722,#3723,#3724,#3725),.UNSPECIFIED.,
.F.,.F.,(4,4),(0.E0,1.E0),.UNSPECIFIED.);
#3731=B_SPLINE_CURVE_WITH_KNOTS('',3,(#3727,#3728,#3729,#3730),.UNSPECIFIED.,
.F.,.F.,(4,4),(0.E0,1.E0),.UNSPECIFIED.);
#3736=B_SPLINE_CURVE_WITH_KNOTS('',3,(#3732,#3733,#3734,#3735),.UNSPECIFIED.,
.F.,.F.,(4,4),(0.E0,1.E0),.UNSPECIFIED.);
#3741=B_SPLINE_CURVE_WITH_KNOTS('',3,(#3737,#3738,#3739,#3740),.UNSPECIFIED.,
.F.,.F.,(4,4),(0.E0,1.E0),.UNSPECIFIED.);
#3794=B_SPLINE_CURVE_WITH_KNOTS('',3,(#3790,#3791,#3792,#3793),.UNSPECIFIED.,
.F.,.F.,(4,4),(0.E0,1.E0),.UNSPECIFIED.);
#3799=B_SPLINE_CURVE_WITH_KNOTS('',3,(#3795,#3796,#3797,#3798),.UNSPECIFIED.,
.F.,.F.,(4,4),(0.E0,1.E0),.UNSPECIFIED.);
#3804=B_SPLINE_CURVE_WITH_KNOTS('',3,(#3800,#3801,#3802,#3803),.UNSPECIFIED.,
.F.,.F.,(4,4),(0.E0,1.E0),.UNSPECIFIED.);
#3812=B_SPLINE_CURVE_WITH_KNOTS('',3,(#3805,#3806,#3807,#3808,#3809,#3810,
#3811),.UNSPECIFIED.,.F.,.F.,(4,1,1,1,4),(0.E0,2.466247974256E-1,
4.922313053899E-1,7.440230975121E-1,1.E0),.UNSPECIFIED.);
#3817=B_SPLINE_CURVE_WITH_KNOTS('',3,(#3813,#3814,#3815,#3816),.UNSPECIFIED.,
.F.,.F.,(4,4),(0.E0,1.E0),.UNSPECIFIED.);
#3822=B_SPLINE_CURVE_WITH_KNOTS('',3,(#3818,#3819,#3820,#3821),.UNSPECIFIED.,
.F.,.F.,(4,4),(0.E0,1.E0),.UNSPECIFIED.);
#3827=B_SPLINE_CURVE_WITH_KNOTS('',3,(#3823,#3824,#3825,#3826),.UNSPECIFIED.,
.F.,.F.,(4,4),(0.E0,1.E0),.UNSPECIFIED.);
#3835=B_SPLINE_CURVE_WITH_KNOTS('',3,(#3828,#3829,#3830,#3831,#3832,#3833,
#3834),.UNSPECIFIED.,.F.,.F.,(4,1,1,1,4),(0.E0,2.578376410199E-1,
5.089732696746E-1,7.497847226177E-1,1.E0),.UNSPECIFIED.);
#3840=B_SPLINE_CURVE_WITH_KNOTS('',3,(#3836,#3837,#3838,#3839),.UNSPECIFIED.,
.F.,.F.,(4,4),(0.E0,1.E0),.UNSPECIFIED.);
#3845=B_SPLINE_CURVE_WITH_KNOTS('',3,(#3841,#3842,#3843,#3844),.UNSPECIFIED.,
.F.,.F.,(4,4),(0.E0,1.E0),.UNSPECIFIED.);
#3850=B_SPLINE_CURVE_WITH_KNOTS('',3,(#3846,#3847,#3848,#3849),.UNSPECIFIED.,
.F.,.F.,(4,4),(0.E0,1.E0),.UNSPECIFIED.);
#3855=B_SPLINE_CURVE_WITH_KNOTS('',3,(#3851,#3852,#3853,#3854),.UNSPECIFIED.,
.F.,.F.,(4,4),(0.E0,1.E0),.UNSPECIFIED.);
#3860=B_SPLINE_CURVE_WITH_KNOTS('',3,(#3856,#3857,#3858,#3859),.UNSPECIFIED.,
.F.,.F.,(4,4),(0.E0,1.E0),.UNSPECIFIED.);
#3900=B_SPLINE_CURVE_WITH_KNOTS('',3,(#3893,#3894,#3895,#3896,#3897,#3898,
#3899),.UNSPECIFIED.,.F.,.F.,(4,1,1,1,4),(0.E0,2.226963329829E-1,
5.615438495888E-1,8.551881585072E-1,1.E0),.UNSPECIFIED.);
#3907=B_SPLINE_CURVE_WITH_KNOTS('',3,(#3901,#3902,#3903,#3904,#3905,#3906),
.UNSPECIFIED.,.F.,.F.,(4,1,1,4),(0.E0,2.761126116402E-1,5.534015859397E-1,1.E0),
.UNSPECIFIED.);
#3912=B_SPLINE_CURVE_WITH_KNOTS('',3,(#3908,#3909,#3910,#3911),.UNSPECIFIED.,
.F.,.F.,(4,4),(0.E0,1.E0),.UNSPECIFIED.);
#3917=B_SPLINE_CURVE_WITH_KNOTS('',3,(#3913,#3914,#3915,#3916),.UNSPECIFIED.,
.F.,.F.,(4,4),(0.E0,1.E0),.UNSPECIFIED.);
#3922=B_SPLINE_CURVE_WITH_KNOTS('',3,(#3918,#3919,#3920,#3921),.UNSPECIFIED.,
.F.,.F.,(4,4),(0.E0,1.E0),.UNSPECIFIED.);
#3929=B_SPLINE_CURVE_WITH_KNOTS('',3,(#3923,#3924,#3925,#3926,#3927,#3928),
.UNSPECIFIED.,.F.,.F.,(4,1,1,4),(0.E0,6.584959150851E-2,5.404520185202E-1,1.E0),
.UNSPECIFIED.);
#3934=B_SPLINE_CURVE_WITH_KNOTS('',3,(#3930,#3931,#3932,#3933),.UNSPECIFIED.,
.F.,.F.,(4,4),(0.E0,1.E0),.UNSPECIFIED.);
#3941=B_SPLINE_CURVE_WITH_KNOTS('',3,(#3935,#3936,#3937,#3938,#3939,#3940),
.UNSPECIFIED.,.F.,.F.,(4,1,1,4),(0.E0,3.564114353987E-2,5.270824027251E-1,1.E0),
.UNSPECIFIED.);
#3947=B_SPLINE_CURVE_WITH_KNOTS('',3,(#3942,#3943,#3944,#3945,#3946),
.UNSPECIFIED.,.F.,.F.,(4,1,4),(0.E0,4.675992636402E-1,1.E0),.UNSPECIFIED.);
#3954=B_SPLINE_CURVE_WITH_KNOTS('',3,(#3948,#3949,#3950,#3951,#3952,#3953),
.UNSPECIFIED.,.F.,.F.,(4,1,1,4),(0.E0,3.585443611440E-1,8.201936862644E-1,1.E0),
.UNSPECIFIED.);
#3960=B_SPLINE_CURVE_WITH_KNOTS('',3,(#3955,#3956,#3957,#3958,#3959),
.UNSPECIFIED.,.F.,.F.,(4,1,4),(0.E0,4.175733561965E-1,1.E0),.UNSPECIFIED.);
#3965=B_SPLINE_CURVE_WITH_KNOTS('',3,(#3961,#3962,#3963,#3964),.UNSPECIFIED.,
.F.,.F.,(4,4),(0.E0,1.E0),.UNSPECIFIED.);
#3970=B_SPLINE_CURVE_WITH_KNOTS('',3,(#3966,#3967,#3968,#3969),.UNSPECIFIED.,
.F.,.F.,(4,4),(0.E0,1.E0),.UNSPECIFIED.);
#3975=B_SPLINE_CURVE_WITH_KNOTS('',3,(#3971,#3972,#3973,#3974),.UNSPECIFIED.,
.F.,.F.,(4,4),(0.E0,1.E0),.UNSPECIFIED.);
#3982=B_SPLINE_CURVE_WITH_KNOTS('',3,(#3976,#3977,#3978,#3979,#3980,#3981),
.UNSPECIFIED.,.F.,.F.,(4,1,1,4),(0.E0,4.355221245185E-1,9.627213829328E-1,1.E0),
.UNSPECIFIED.);
#3991=B_SPLINE_CURVE_WITH_KNOTS('',3,(#3983,#3984,#3985,#3986,#3987,#3988,#3989,
#3990),.UNSPECIFIED.,.F.,.F.,(4,1,1,1,1,4),(0.E0,4.798572530125E-2,
3.069980039736E-1,5.632939930434E-1,8.060865076554E-1,1.E0),.UNSPECIFIED.);
#4520=CIRCLE('',#4519,2.3E-1);
#4525=CIRCLE('',#4524,1.1386E0);
#4530=CIRCLE('',#4529,2.3E-1);
#4535=CIRCLE('',#4534,6.786E-1);
#4540=CIRCLE('',#4539,2.3E-1);
#4549=CIRCLE('',#4548,2.3E-1);
#4558=CIRCLE('',#4557,2.3E-1);
#4563=CIRCLE('',#4562,1.309E-1);
#4568=CIRCLE('',#4567,2.3E-1);
#4573=CIRCLE('',#4572,5.909E-1);
#4578=CIRCLE('',#4577,2.3E-1);
#4587=CIRCLE('',#4586,2.3E-1);
#4596=CIRCLE('',#4595,2.3E-1);
#4601=CIRCLE('',#4600,2.7E-1);
#4606=CIRCLE('',#4605,2.3E-1);
#4611=CIRCLE('',#4610,7.3E-1);
#4616=CIRCLE('',#4615,2.3E-1);
#4625=CIRCLE('',#4624,2.3E-1);
#4634=CIRCLE('',#4633,2.3E-1);
#4639=CIRCLE('',#4638,2.3E-1);
#5741=EDGE_CURVE('',#5208,#5176,#159,.T.);
#5743=EDGE_CURVE('',#5184,#5176,#163,.T.);
#5745=EDGE_CURVE('',#5213,#5184,#167,.T.);
#5747=EDGE_CURVE('',#5212,#5213,#171,.T.);
#5749=EDGE_CURVE('',#5212,#5083,#175,.T.);
#5751=EDGE_CURVE('',#5083,#5079,#179,.T.);
#5753=EDGE_CURVE('',#5078,#5079,#184,.T.);
#5755=EDGE_CURVE('',#5081,#5078,#189,.T.);
#5757=EDGE_CURVE('',#5081,#4678,#193,.T.);
#5759=EDGE_CURVE('',#4678,#4679,#197,.T.);
#5761=EDGE_CURVE('',#5188,#4679,#201,.T.);
#5763=EDGE_CURVE('',#5180,#5188,#205,.T.);
#5765=EDGE_CURVE('',#5180,#4682,#209,.T.);
#5767=EDGE_CURVE('',#4682,#4683,#213,.T.);
#5769=EDGE_CURVE('',#4683,#5013,#217,.T.);
#5771=EDGE_CURVE('',#5013,#5010,#222,.T.);
#5773=EDGE_CURVE('',#5010,#5011,#227,.T.);
#5775=EDGE_CURVE('',#5011,#5015,#231,.T.);
#5777=EDGE_CURVE('',#5015,#5209,#235,.T.);
#5779=EDGE_CURVE('',#5208,#5209,#239,.T.);
#5783=ADVANCED_FACE('',(#5782),#5740,.F.);
#5796=EDGE_CURVE('',#5176,#5177,#243,.T.);
#5799=EDGE_CURVE('',#4715,#5208,#247,.T.);
#5801=EDGE_CURVE('',#4715,#4659,#251,.T.);
#5803=EDGE_CURVE('',#4659,#4661,#255,.T.);
#5805=EDGE_CURVE('',#4650,#4661,#259,.T.);
#5807=EDGE_CURVE('',#4650,#4669,#1616,.T.);
#5809=EDGE_CURVE('',#4685,#4669,#477,.T.);
#5811=EDGE_CURVE('',#4685,#4689,#415,.T.);
#5813=EDGE_CURVE('',#4689,#5177,#263,.T.);
#5817=ADVANCED_FACE('',(#5816),#5795,.F.);
#5830=EDGE_CURVE('',#5180,#5181,#267,.T.);
#5832=EDGE_CURVE('',#5181,#4951,#271,.T.);
#5834=EDGE_CURVE('',#5215,#4951,#2642,.T.);
#5836=EDGE_CURVE('',#4766,#5215,#2614,.T.);
#5838=EDGE_CURVE('',#4766,#4682,#275,.T.);
#5843=ADVANCED_FACE('',(#5842),#5829,.F.);
#5857=EDGE_CURVE('',#5185,#5177,#371,.T.);
#5859=EDGE_CURVE('',#5184,#5185,#383,.T.);
#5864=ADVANCED_FACE('',(#5863),#5855,.T.);
#5877=EDGE_CURVE('',#5189,#5181,#279,.T.);
#5879=EDGE_CURVE('',#5189,#4925,#283,.T.);
#5881=EDGE_CURVE('',#4925,#4902,#287,.T.);
#5883=EDGE_CURVE('',#4902,#4903,#291,.T.);
#5885=EDGE_CURVE('',#4903,#4905,#295,.T.);
#5887=EDGE_CURVE('',#4907,#4905,#299,.T.);
#5889=EDGE_CURVE('',#4907,#4910,#303,.T.);
#5891=EDGE_CURVE('',#4910,#4911,#307,.T.);
#5893=EDGE_CURVE('',#4911,#4913,#311,.T.);
#5895=EDGE_CURVE('',#4915,#4913,#315,.T.);
#5897=EDGE_CURVE('',#4915,#4928,#319,.T.);
#5899=EDGE_CURVE('',#4928,#4929,#323,.T.);
#5901=EDGE_CURVE('',#4929,#4931,#327,.T.);
#5903=EDGE_CURVE('',#4933,#4931,#331,.T.);
#5905=EDGE_CURVE('',#4933,#4936,#335,.T.);
#5907=EDGE_CURVE('',#4936,#4937,#339,.T.);
#5909=EDGE_CURVE('',#4937,#4939,#343,.T.);
#5911=EDGE_CURVE('',#4941,#4939,#347,.T.);
#5913=EDGE_CURVE('',#4941,#4951,#351,.T.);
#5918=ADVANCED_FACE('',(#5917),#5876,.F.);
#5931=EDGE_CURVE('',#5244,#5245,#355,.T.);
#5933=EDGE_CURVE('',#5247,#5245,#359,.T.);
#5935=EDGE_CURVE('',#4691,#5247,#363,.T.);
#5937=EDGE_CURVE('',#4691,#5185,#367,.T.);
#5941=EDGE_CURVE('',#5249,#4689,#375,.T.);
#5943=EDGE_CURVE('',#5249,#5244,#379,.T.);
#5947=ADVANCED_FACE('',(#5946),#5930,.F.);
#5962=EDGE_CURVE('',#5188,#5189,#403,.T.);
#5967=ADVANCED_FACE('',(#5966),#5959,.T.);
#5982=EDGE_CURVE('',#4691,#4687,#411,.T.);
#5984=EDGE_CURVE('',#4687,#4671,#387,.T.);
#5986=EDGE_CURVE('',#4671,#4654,#1544,.T.);
#5988=EDGE_CURVE('',#4654,#4665,#391,.T.);
#5990=EDGE_CURVE('',#4664,#4665,#395,.T.);
#5992=EDGE_CURVE('',#4719,#4664,#1882,.T.);
#5994=EDGE_CURVE('',#5213,#4719,#399,.T.);
#5999=ADVANCED_FACE('',(#5998),#5979,.F.);
#6014=EDGE_CURVE('',#4679,#4767,#407,.T.);
#6016=EDGE_CURVE('',#5217,#4767,#2610,.T.);
#6018=EDGE_CURVE('',#4925,#5217,#2618,.T.);
#6023=ADVANCED_FACE('',(#6022),#6011,.F.);
#6036=EDGE_CURVE('',#4774,#5247,#419,.T.);
#6038=EDGE_CURVE('',#4774,#4687,#497,.T.);
#6044=ADVANCED_FACE('',(#6043),#6035,.T.);
#6057=EDGE_CURVE('',#5249,#4892,#619,.T.);
#6061=EDGE_CURVE('',#4685,#4892,#473,.T.);
#6065=ADVANCED_FACE('',(#6064),#6056,.T.);
#6080=EDGE_CURVE('',#5245,#5253,#431,.T.);
#6082=EDGE_CURVE('',#5253,#4771,#423,.T.);
#6084=EDGE_CURVE('',#4771,#4783,#2514,.T.);
#6086=EDGE_CURVE('',#4919,#4783,#2554,.T.);
#6088=EDGE_CURVE('',#4903,#4919,#2562,.T.);
#6091=EDGE_CURVE('',#4902,#4789,#427,.T.);
#6093=EDGE_CURVE('',#4779,#4789,#2606,.T.);
#6095=EDGE_CURVE('',#4779,#4775,#2532,.T.);
#6097=EDGE_CURVE('',#4774,#4775,#501,.T.);
#6101=ADVANCED_FACE('',(#6100),#6077,.F.);
#6114=EDGE_CURVE('',#5232,#5233,#439,.T.);
#6116=EDGE_CURVE('',#5233,#5259,#2928,.T.);
#6118=EDGE_CURVE('',#5259,#5261,#2920,.T.);
#6120=EDGE_CURVE('',#5261,#5236,#2908,.T.);
#6122=EDGE_CURVE('',#5236,#5237,#565,.T.);
#6124=EDGE_CURVE('',#5237,#5255,#2666,.T.);
#6126=EDGE_CURVE('',#5255,#5257,#2658,.T.);
#6128=EDGE_CURVE('',#5257,#5240,#2646,.T.);
#6130=EDGE_CURVE('',#5240,#5241,#531,.T.);
#6132=EDGE_CURVE('',#5241,#5251,#2566,.T.);
#6134=EDGE_CURVE('',#5251,#5253,#3170,.T.);
#6138=EDGE_CURVE('',#5264,#5244,#435,.T.);
#6140=EDGE_CURVE('',#5264,#5265,#611,.T.);
#6142=EDGE_CURVE('',#5265,#5232,#599,.T.);
#6146=ADVANCED_FACE('',(#6145),#6113,.T.);
#6160=EDGE_CURVE('',#5232,#4899,#443,.T.);
#6162=EDGE_CURVE('',#5348,#4899,#447,.T.);
#6164=EDGE_CURVE('',#5337,#5348,#454,.T.);
#6166=EDGE_CURVE('',#5349,#5337,#461,.T.);
#6168=EDGE_CURVE('',#4893,#5349,#465,.T.);
#6170=EDGE_CURVE('',#4892,#4893,#469,.T.);
#6174=EDGE_CURVE('',#4669,#4848,#1612,.T.);
#6176=EDGE_CURVE('',#4848,#4849,#481,.T.);
#6178=EDGE_CURVE('',#4849,#4853,#815,.T.);
#6180=EDGE_CURVE('',#4852,#4853,#729,.T.);
#6182=EDGE_CURVE('',#4852,#4820,#1596,.T.);
#6184=EDGE_CURVE('',#4820,#4821,#485,.T.);
#6186=EDGE_CURVE('',#4821,#4825,#799,.T.);
#6188=EDGE_CURVE('',#4824,#4825,#3038,.T.);
#6190=EDGE_CURVE('',#4824,#4792,#1580,.T.);
#6192=EDGE_CURVE('',#4792,#4793,#489,.T.);
#6194=EDGE_CURVE('',#4793,#4797,#783,.T.);
#6196=EDGE_CURVE('',#4796,#4797,#2776,.T.);
#6198=EDGE_CURVE('',#4796,#4763,#1564,.T.);
#6200=EDGE_CURVE('',#4763,#4750,#493,.T.);
#6202=EDGE_CURVE('',#4750,#4751,#767,.T.);
#6204=EDGE_CURVE('',#4758,#4751,#2464,.T.);
#6206=EDGE_CURVE('',#4758,#4671,#1548,.T.);
#6211=EDGE_CURVE('',#5161,#4775,#505,.T.);
#6213=EDGE_CURVE('',#5160,#5161,#512,.T.);
#6215=EDGE_CURVE('',#5162,#5160,#519,.T.);
#6217=EDGE_CURVE('',#4785,#5162,#523,.T.);
#6219=EDGE_CURVE('',#5241,#4785,#527,.T.);
#6222=EDGE_CURVE('',#5240,#4881,#535,.T.);
#6224=EDGE_CURVE('',#5168,#4881,#539,.T.);
#6226=EDGE_CURVE('',#5167,#5168,#546,.T.);
#6228=EDGE_CURVE('',#5169,#5167,#553,.T.);
#6230=EDGE_CURVE('',#4879,#5169,#557,.T.);
#6232=EDGE_CURVE('',#5237,#4879,#561,.T.);
#6235=EDGE_CURVE('',#5236,#4889,#569,.T.);
#6237=EDGE_CURVE('',#5346,#4889,#573,.T.);
#6239=EDGE_CURVE('',#5297,#5346,#580,.T.);
#6241=EDGE_CURVE('',#5347,#5297,#587,.T.);
#6243=EDGE_CURVE('',#4887,#5347,#591,.T.);
#6245=EDGE_CURVE('',#5233,#4887,#595,.T.);
#6249=ADVANCED_FACE('',(#6248),#6158,.F.);
#6263=EDGE_CURVE('',#5265,#4865,#603,.T.);
#6265=EDGE_CURVE('',#4865,#4897,#635,.T.);
#6267=EDGE_CURVE('',#4949,#4897,#675,.T.);
#6269=EDGE_CURVE('',#4937,#4949,#683,.T.);
#6272=EDGE_CURVE('',#4936,#4873,#607,.T.);
#6274=EDGE_CURVE('',#4872,#4873,#2582,.T.);
#6276=EDGE_CURVE('',#4872,#4899,#653,.T.);
#6281=ADVANCED_FACE('',(#6280),#6261,.F.);
#6295=EDGE_CURVE('',#5264,#4864,#615,.T.);
#6297=EDGE_CURVE('',#4864,#4865,#639,.T.);
#6302=ADVANCED_FACE('',(#6301),#6293,.F.);
#6320=EDGE_CURVE('',#4893,#4869,#661,.T.);
#6322=EDGE_CURVE('',#4868,#4869,#2578,.T.);
#6324=EDGE_CURVE('',#4868,#4941,#623,.T.);
#6327=EDGE_CURVE('',#4939,#4948,#627,.T.);
#6329=EDGE_CURVE('',#4896,#4948,#679,.T.);
#6331=EDGE_CURVE('',#4896,#4864,#643,.T.);
#6335=ADVANCED_FACE('',(#6334),#6314,.F.);
#6348=EDGE_CURVE('',#4896,#4897,#631,.T.);
#6355=ADVANCED_FACE('',(#6354),#6347,.T.);
#6368=EDGE_CURVE('',#5339,#5348,#649,.T.);
#6372=EDGE_CURVE('',#4869,#4872,#657,.T.);
#6376=EDGE_CURVE('',#5349,#5339,#667,.T.);
#6380=ADVANCED_FACE('',(#6379),#6367,.T.);
#6393=EDGE_CURVE('',#4948,#4949,#671,.T.);
#6400=ADVANCED_FACE('',(#6399),#6392,.F.);
#6419=ADVANCED_FACE('',(#6418),#6412,.F.);
#6432=EDGE_CURVE('',#5336,#5337,#687,.T.);
#6436=EDGE_CURVE('',#5339,#5308,#691,.T.);
#6438=EDGE_CURVE('',#5308,#5309,#4530,.T.);
#6440=EDGE_CURVE('',#5341,#5309,#695,.T.);
#6442=EDGE_CURVE('',#5343,#5341,#719,.T.);
#6444=EDGE_CURVE('',#5336,#5343,#700,.T.);
#6448=ADVANCED_FACE('',(#6447),#6431,.T.);
#6462=EDGE_CURVE('',#5345,#5336,#705,.T.);
#6464=EDGE_CURVE('',#5341,#5345,#725,.T.);
#6467=EDGE_CURVE('',#5309,#5308,#4520,.T.);
#6474=ADVANCED_FACE('',(#6473),#6460,.T.);
#6488=EDGE_CURVE('',#5345,#5343,#713,.T.);
#6493=ADVANCED_FACE('',(#6492),#6486,.F.);
#6506=EDGE_CURVE('',#4856,#4857,#709,.T.);
#6508=EDGE_CURVE('',#4857,#4861,#823,.T.);
#6510=EDGE_CURVE('',#4860,#4861,#3306,.T.);
#6512=EDGE_CURVE('',#4856,#4860,#1604,.T.);
#6521=ADVANCED_FACE('',(#6515,#6520),#6505,.F.);
#6535=EDGE_CURVE('',#4853,#4857,#827,.T.);
#6538=EDGE_CURVE('',#4852,#4856,#1600,.T.);
#6542=ADVANCED_FACE('',(#6541),#6533,.F.);
#6556=EDGE_CURVE('',#4766,#4767,#749,.T.);
#6560=EDGE_CURVE('',#4678,#5201,#753,.T.);
#6562=EDGE_CURVE('',#5200,#5201,#758,.T.);
#6564=EDGE_CURVE('',#5200,#5197,#2176,.T.);
#6566=EDGE_CURVE('',#5195,#5197,#763,.T.);
#6568=EDGE_CURVE('',#4683,#5195,#1902,.T.);
#6573=EDGE_CURVE('',#4738,#4739,#733,.T.);
#6575=EDGE_CURVE('',#4743,#4738,#737,.T.);
#6577=EDGE_CURVE('',#4741,#4743,#741,.T.);
#6579=EDGE_CURVE('',#4739,#4741,#745,.T.);
#6584=EDGE_CURVE('',#4755,#4750,#771,.T.);
#6586=EDGE_CURVE('',#4753,#4755,#775,.T.);
#6588=EDGE_CURVE('',#4751,#4753,#779,.T.);
#6593=EDGE_CURVE('',#4805,#4793,#787,.T.);
#6595=EDGE_CURVE('',#4801,#4805,#791,.T.);
#6597=EDGE_CURVE('',#4797,#4801,#795,.T.);
#6602=EDGE_CURVE('',#4833,#4821,#803,.T.);
#6604=EDGE_CURVE('',#4829,#4833,#807,.T.);
#6606=EDGE_CURVE('',#4825,#4829,#811,.T.);
#6611=EDGE_CURVE('',#4861,#4849,#819,.T.);
#6617=EDGE_CURVE('',#5549,#5550,#841,.T.);
#6619=EDGE_CURVE('',#5550,#5552,#845,.T.);
#6621=EDGE_CURVE('',#5552,#5554,#849,.T.);
#6623=EDGE_CURVE('',#5554,#5556,#853,.T.);
#6625=EDGE_CURVE('',#5556,#5558,#857,.T.);
#6627=EDGE_CURVE('',#5558,#5549,#861,.T.);
#6631=EDGE_CURVE('',#5559,#5560,#866,.T.);
#6633=EDGE_CURVE('',#5561,#5560,#876,.T.);
#6635=EDGE_CURVE('',#5561,#5562,#881,.T.);
#6637=EDGE_CURVE('',#5559,#5562,#891,.T.);
#6641=EDGE_CURVE('',#5565,#5566,#895,.T.);
#6643=EDGE_CURVE('',#5566,#5568,#899,.T.);
#6645=EDGE_CURVE('',#5568,#5570,#903,.T.);
#6647=EDGE_CURVE('',#5570,#5572,#907,.T.);
#6649=EDGE_CURVE('',#5572,#5574,#911,.T.);
#6651=EDGE_CURVE('',#5574,#5576,#915,.T.);
#6653=EDGE_CURVE('',#5576,#5578,#919,.T.);
#6655=EDGE_CURVE('',#5578,#5580,#923,.T.);
#6657=EDGE_CURVE('',#5580,#5582,#927,.T.);
#6659=EDGE_CURVE('',#5582,#5584,#931,.T.);
#6661=EDGE_CURVE('',#5584,#5586,#935,.T.);
#6663=EDGE_CURVE('',#5586,#5565,#939,.T.);
#6667=EDGE_CURVE('',#5591,#5592,#967,.T.);
#6669=EDGE_CURVE('',#5593,#5592,#975,.T.);
#6671=EDGE_CURVE('',#5593,#5594,#980,.T.);
#6673=EDGE_CURVE('',#5594,#5591,#985,.T.);
#6677=EDGE_CURVE('',#5602,#5603,#1014,.T.);
#6679=EDGE_CURVE('',#5603,#5605,#1018,.T.);
#6681=EDGE_CURVE('',#5605,#5607,#1022,.T.);
#6683=EDGE_CURVE('',#5607,#5609,#1026,.T.);
#6685=EDGE_CURVE('',#5609,#5611,#1030,.T.);
#6687=EDGE_CURVE('',#5611,#5613,#1034,.T.);
#6689=EDGE_CURVE('',#5613,#5615,#1038,.T.);
#6691=EDGE_CURVE('',#5615,#5602,#1042,.T.);
#6695=EDGE_CURVE('',#5618,#5619,#1046,.T.);
#6697=EDGE_CURVE('',#5619,#5621,#1050,.T.);
#6699=EDGE_CURVE('',#5621,#5623,#1054,.T.);
#6701=EDGE_CURVE('',#5623,#5625,#1058,.T.);
#6703=EDGE_CURVE('',#5625,#5627,#1062,.T.);
#6705=EDGE_CURVE('',#5627,#5629,#1066,.T.);
#6707=EDGE_CURVE('',#5629,#5631,#1070,.T.);
#6709=EDGE_CURVE('',#5631,#5633,#1074,.T.);
#6711=EDGE_CURVE('',#5633,#5635,#1078,.T.);
#6713=EDGE_CURVE('',#5635,#5637,#1082,.T.);
#6715=EDGE_CURVE('',#5637,#5639,#1086,.T.);
#6717=EDGE_CURVE('',#5639,#5618,#1090,.T.);
#6721=EDGE_CURVE('',#5643,#5644,#1115,.T.);
#6723=EDGE_CURVE('',#5644,#5645,#1120,.T.);
#6725=EDGE_CURVE('',#5645,#5646,#1125,.T.);
#6727=EDGE_CURVE('',#5647,#5646,#1131,.T.);
#6729=EDGE_CURVE('',#5647,#5648,#1136,.T.);
#6731=EDGE_CURVE('',#5649,#5648,#1142,.T.);
#6733=EDGE_CURVE('',#5649,#5650,#1147,.T.);
#6735=EDGE_CURVE('',#5643,#5650,#1155,.T.);
#6739=EDGE_CURVE('',#5651,#5652,#1160,.T.);
#6741=EDGE_CURVE('',#5653,#5652,#1174,.T.);
#6743=EDGE_CURVE('',#5653,#5654,#1179,.T.);
#6745=EDGE_CURVE('',#5651,#5654,#1192,.T.);
#6749=EDGE_CURVE('',#5655,#5656,#1197,.T.);
#6751=EDGE_CURVE('',#5656,#5657,#1202,.T.);
#6753=EDGE_CURVE('',#5657,#5658,#1207,.T.);
#6755=EDGE_CURVE('',#5658,#5659,#1212,.T.);
#6757=EDGE_CURVE('',#5659,#5660,#1217,.T.);
#6759=EDGE_CURVE('',#5661,#5660,#1223,.T.);
#6761=EDGE_CURVE('',#5661,#5662,#1228,.T.);
#6763=EDGE_CURVE('',#5663,#5662,#1234,.T.);
#6765=EDGE_CURVE('',#5663,#5664,#1239,.T.);
#6767=EDGE_CURVE('',#5664,#5665,#1244,.T.);
#6769=EDGE_CURVE('',#5665,#5666,#1249,.T.);
#6771=EDGE_CURVE('',#5655,#5666,#1254,.T.);
#6775=EDGE_CURVE('',#5669,#5670,#1258,.T.);
#6777=EDGE_CURVE('',#5670,#5672,#1262,.T.);
#6779=EDGE_CURVE('',#5672,#5674,#1266,.T.);
#6781=EDGE_CURVE('',#5674,#5676,#1270,.T.);
#6783=EDGE_CURVE('',#5676,#5678,#1274,.T.);
#6785=EDGE_CURVE('',#5678,#5680,#1278,.T.);
#6787=EDGE_CURVE('',#5680,#5682,#1282,.T.);
#6789=EDGE_CURVE('',#5682,#5684,#1286,.T.);
#6791=EDGE_CURVE('',#5684,#5686,#1290,.T.);
#6793=EDGE_CURVE('',#5686,#5688,#1294,.T.);
#6795=EDGE_CURVE('',#5688,#5690,#1298,.T.);
#6797=EDGE_CURVE('',#5690,#5669,#1302,.T.);
#6801=EDGE_CURVE('',#5695,#5696,#1330,.T.);
#6803=EDGE_CURVE('',#5697,#5696,#1338,.T.);
#6805=EDGE_CURVE('',#5697,#5698,#1343,.T.);
#6807=EDGE_CURVE('',#5698,#5695,#1348,.T.);
#6811=EDGE_CURVE('',#5706,#5707,#1377,.T.);
#6813=EDGE_CURVE('',#5707,#5709,#1381,.T.);
#6815=EDGE_CURVE('',#5709,#5711,#1385,.T.);
#6817=EDGE_CURVE('',#5711,#5713,#1389,.T.);
#6819=EDGE_CURVE('',#5713,#5715,#1393,.T.);
#6821=EDGE_CURVE('',#5715,#5717,#1397,.T.);
#6823=EDGE_CURVE('',#5717,#5719,#1401,.T.);
#6825=EDGE_CURVE('',#5719,#5706,#1405,.T.);
#6829=EDGE_CURVE('',#5720,#5721,#1413,.T.);
#6831=EDGE_CURVE('',#5721,#5722,#1422,.T.);
#6833=EDGE_CURVE('',#5722,#5723,#1429,.T.);
#6835=EDGE_CURVE('',#5723,#5724,#1434,.T.);
#6837=EDGE_CURVE('',#5724,#5725,#1439,.T.);
#6839=EDGE_CURVE('',#5725,#5726,#1444,.T.);
#6841=EDGE_CURVE('',#5726,#5727,#1450,.T.);
#6843=EDGE_CURVE('',#5727,#5728,#1457,.T.);
#6845=EDGE_CURVE('',#5728,#5729,#1463,.T.);
#6847=EDGE_CURVE('',#5729,#5730,#1470,.T.);
#6849=EDGE_CURVE('',#5730,#5731,#1475,.T.);
#6851=EDGE_CURVE('',#5731,#5732,#1482,.T.);
#6853=EDGE_CURVE('',#5732,#5733,#1487,.T.);
#6855=EDGE_CURVE('',#5733,#5734,#1492,.T.);
#6857=EDGE_CURVE('',#5734,#5735,#1497,.T.);
#6859=EDGE_CURVE('',#5735,#5720,#1504,.T.);
#6863=ADVANCED_FACE('',(#6572,#6582,#6591,#6600,#6609,#6616,#6630,#6640,#6666,
#6676,#6694,#6720,#6738,#6748,#6774,#6800,#6810,#6828,#6862),#6554,.T.);
#6876=EDGE_CURVE('',#5545,#5546,#832,.T.);
#6878=EDGE_CURVE('',#5546,#5545,#837,.T.);
#6882=ADVANCED_FACE('',(#6881),#6875,.T.);
#6895=EDGE_CURVE('',#5587,#5588,#944,.T.);
#6897=EDGE_CURVE('',#5589,#5588,#952,.T.);
#6899=EDGE_CURVE('',#5589,#5590,#957,.T.);
#6901=EDGE_CURVE('',#5590,#5587,#962,.T.);
#6905=ADVANCED_FACE('',(#6904),#6894,.T.);
#6918=EDGE_CURVE('',#5595,#5596,#990,.T.);
#6920=EDGE_CURVE('',#5595,#5597,#995,.T.);
#6922=EDGE_CURVE('',#5597,#5598,#1000,.T.);
#6924=EDGE_CURVE('',#5598,#5599,#1005,.T.);
#6926=EDGE_CURVE('',#5596,#5599,#1010,.T.);
#6930=ADVANCED_FACE('',(#6929),#6917,.T.);
#6943=EDGE_CURVE('',#5640,#5641,#1095,.T.);
#6945=EDGE_CURVE('',#5641,#5642,#1100,.T.);
#6947=EDGE_CURVE('',#5640,#5642,#1110,.T.);
#6951=ADVANCED_FACE('',(#6950),#6942,.T.);
#6964=EDGE_CURVE('',#5691,#5692,#1307,.T.);
#6966=EDGE_CURVE('',#5693,#5692,#1315,.T.);
#6968=EDGE_CURVE('',#5693,#5694,#1320,.T.);
#6970=EDGE_CURVE('',#5694,#5691,#1325,.T.);
#6974=ADVANCED_FACE('',(#6973),#6963,.T.);
#6987=EDGE_CURVE('',#5699,#5700,#1353,.T.);
#6989=EDGE_CURVE('',#5699,#5701,#1358,.T.);
#6991=EDGE_CURVE('',#5701,#5702,#1363,.T.);
#6993=EDGE_CURVE('',#5702,#5703,#1368,.T.);
#6995=EDGE_CURVE('',#5700,#5703,#1373,.T.);
#6999=ADVANCED_FACE('',(#6998),#6986,.T.);
#7012=EDGE_CURVE('',#5159,#5154,#1508,.T.);
#7014=EDGE_CURVE('',#5151,#5154,#1624,.T.);
#7016=EDGE_CURVE('',#5150,#5151,#1512,.T.);
#7018=EDGE_CURVE('',#5150,#4738,#1516,.T.);
#7021=EDGE_CURVE('',#5159,#4739,#1830,.T.);
#7025=ADVANCED_FACE('',(#7024),#7011,.F.);
#7038=EDGE_CURVE('',#5154,#5155,#1524,.T.);
#7041=EDGE_CURVE('',#5159,#5157,#1826,.T.);
#7043=EDGE_CURVE('',#5157,#5155,#1782,.T.);
#7047=ADVANCED_FACE('',(#7046),#7037,.F.);
#7060=EDGE_CURVE('',#4655,#5154,#1520,.T.);
#7063=EDGE_CURVE('',#4727,#5155,#1528,.T.);
#7065=EDGE_CURVE('',#4727,#4718,#1532,.T.);
#7067=EDGE_CURVE('',#4718,#4667,#1536,.T.);
#7069=EDGE_CURVE('',#4667,#4675,#1644,.T.);
#7071=EDGE_CURVE('',#4655,#4675,#1628,.T.);
#7075=ADVANCED_FACE('',(#7074),#7059,.F.);
#7089=EDGE_CURVE('',#4654,#4655,#1540,.T.);
#7093=EDGE_CURVE('',#4758,#4759,#1552,.T.);
#7095=EDGE_CURVE('',#4759,#4761,#1556,.T.);
#7097=EDGE_CURVE('',#4763,#4761,#1560,.T.);
#7100=EDGE_CURVE('',#4796,#4800,#1568,.T.);
#7102=EDGE_CURVE('',#4800,#4804,#1572,.T.);
#7104=EDGE_CURVE('',#4792,#4804,#1576,.T.);
#7107=EDGE_CURVE('',#4824,#4828,#1584,.T.);
#7109=EDGE_CURVE('',#4828,#4832,#1588,.T.);
#7111=EDGE_CURVE('',#4820,#4832,#1592,.T.);
#7116=EDGE_CURVE('',#4848,#4860,#1608,.T.);
#7120=EDGE_CURVE('',#4650,#4651,#1620,.T.);
#7122=EDGE_CURVE('',#5151,#4651,#1846,.T.);
#7127=ADVANCED_FACE('',(#7126),#7087,.T.);
#7142=EDGE_CURVE('',#4675,#4665,#1640,.T.);
#7147=ADVANCED_FACE('',(#7146),#7139,.T.);
#7160=EDGE_CURVE('',#4658,#4659,#1656,.T.);
#7162=EDGE_CURVE('',#4673,#4658,#1632,.T.);
#7164=EDGE_CURVE('',#4661,#4673,#1636,.T.);
#7169=ADVANCED_FACE('',(#7168),#7159,.T.);
#7185=EDGE_CURVE('',#4664,#4667,#1886,.T.);
#7189=ADVANCED_FACE('',(#7188),#7181,.T.);
#7202=EDGE_CURVE('',#4715,#4709,#1648,.T.);
#7204=EDGE_CURVE('',#4709,#4658,#1652,.T.);
#7210=ADVANCED_FACE('',(#7209),#7201,.F.);
#7223=EDGE_CURVE('',#4713,#4711,#1676,.T.);
#7225=EDGE_CURVE('',#4709,#4711,#1660,.T.);
#7228=EDGE_CURVE('',#4715,#4713,#1890,.T.);
#7232=ADVANCED_FACE('',(#7231),#7222,.T.);
#7245=EDGE_CURVE('',#4702,#4703,#1664,.T.);
#7247=EDGE_CURVE('',#4705,#4703,#1668,.T.);
#7249=EDGE_CURVE('',#4711,#4705,#1672,.T.);
#7252=EDGE_CURVE('',#4713,#5209,#1680,.T.);
#7255=EDGE_CURVE('',#5015,#5193,#1684,.T.);
#7257=EDGE_CURVE('',#5192,#5193,#1689,.T.);
#7259=EDGE_CURVE('',#5192,#5205,#2184,.T.);
#7261=EDGE_CURVE('',#5203,#5205,#1694,.T.);
#7263=EDGE_CURVE('',#5083,#5203,#2200,.T.);
#7266=EDGE_CURVE('',#5212,#4723,#1698,.T.);
#7268=EDGE_CURVE('',#4722,#4723,#1702,.T.);
#7270=EDGE_CURVE('',#4725,#4722,#1706,.T.);
#7272=EDGE_CURVE('',#4731,#4725,#1710,.T.);
#7274=EDGE_CURVE('',#4731,#4733,#1714,.T.);
#7276=EDGE_CURVE('',#4702,#4733,#1730,.T.);
#7280=ADVANCED_FACE('',(#7279),#7244,.T.);
#7293=EDGE_CURVE('',#4698,#4699,#1722,.T.);
#7295=EDGE_CURVE('',#4699,#4703,#1862,.T.);
#7298=EDGE_CURVE('',#4702,#4698,#1718,.T.);
#7302=ADVANCED_FACE('',(#7301),#7292,.T.);
#7316=EDGE_CURVE('',#4694,#4698,#1738,.T.);
#7318=EDGE_CURVE('',#4694,#4643,#1814,.T.);
#7320=EDGE_CURVE('',#4642,#4643,#1770,.T.);
#7322=EDGE_CURVE('',#4699,#4642,#1726,.T.);
#7326=ADVANCED_FACE('',(#7325),#7314,.T.);
#7340=EDGE_CURVE('',#4735,#4733,#1746,.T.);
#7342=EDGE_CURVE('',#4735,#4695,#1734,.T.);
#7344=EDGE_CURVE('',#4694,#4695,#1818,.T.);
#7350=ADVANCED_FACE('',(#7349),#7338,.T.);
#7364=EDGE_CURVE('',#4729,#4731,#1742,.T.);
#7366=EDGE_CURVE('',#4729,#4735,#1834,.T.);
#7371=ADVANCED_FACE('',(#7370),#7362,.T.);
#7384=EDGE_CURVE('',#4729,#4727,#1758,.T.);
#7388=EDGE_CURVE('',#4727,#4725,#1750,.T.);
#7392=ADVANCED_FACE('',(#7391),#7383,.T.);
#7405=EDGE_CURVE('',#4647,#5155,#1798,.T.);
#7407=EDGE_CURVE('',#4729,#4647,#1754,.T.);
#7413=ADVANCED_FACE('',(#7412),#7404,.T.);
#7426=EDGE_CURVE('',#5146,#5147,#1762,.T.);
#7428=EDGE_CURVE('',#5147,#4642,#1766,.T.);
#7431=EDGE_CURVE('',#4643,#4747,#1774,.T.);
#7433=EDGE_CURVE('',#4747,#5146,#1778,.T.);
#7437=ADVANCED_FACE('',(#7436),#7425,.F.);
#7451=EDGE_CURVE('',#5157,#4745,#1786,.T.);
#7453=EDGE_CURVE('',#4745,#4646,#1790,.T.);
#7455=EDGE_CURVE('',#4646,#4647,#1794,.T.);
#7460=ADVANCED_FACE('',(#7459),#7449,.F.);
#7474=EDGE_CURVE('',#5150,#5146,#1802,.T.);
#7477=EDGE_CURVE('',#5151,#5147,#1842,.T.);
#7481=ADVANCED_FACE('',(#7480),#7472,.T.);
#7496=EDGE_CURVE('',#4747,#4743,#1806,.T.);
#7502=ADVANCED_FACE('',(#7501),#7493,.F.);
#7516=EDGE_CURVE('',#4745,#4741,#1810,.T.);
#7523=EDGE_CURVE('',#4695,#4646,#1822,.T.);
#7527=ADVANCED_FACE('',(#7526),#7514,.F.);
#7547=ADVANCED_FACE('',(#7546),#7539,.F.);
#7567=ADVANCED_FACE('',(#7566),#7559,.T.);
#7580=EDGE_CURVE('',#4707,#5147,#1838,.T.);
#7584=EDGE_CURVE('',#4651,#4673,#1850,.T.);
#7588=EDGE_CURVE('',#4709,#4707,#1854,.T.);
#7592=ADVANCED_FACE('',(#7591),#7579,.F.);
#7607=EDGE_CURVE('',#4707,#4699,#1858,.T.);
#7612=ADVANCED_FACE('',(#7611),#7604,.T.);
#7628=EDGE_CURVE('',#4707,#4705,#1866,.T.);
#7632=ADVANCED_FACE('',(#7631),#7624,.T.);
#7651=ADVANCED_FACE('',(#7650),#7644,.T.);
#7670=ADVANCED_FACE('',(#7669),#7663,.T.);
#7684=EDGE_CURVE('',#4718,#4722,#1870,.T.);
#7690=ADVANCED_FACE('',(#7689),#7682,.T.);
#7703=EDGE_CURVE('',#4718,#4719,#1878,.T.);
#7707=EDGE_CURVE('',#4719,#4723,#1874,.T.);
#7711=ADVANCED_FACE('',(#7710),#7702,.T.);
#7730=ADVANCED_FACE('',(#7729),#7723,.F.);
#7749=ADVANCED_FACE('',(#7748),#7742,.T.);
#7768=ADVANCED_FACE('',(#7767),#7761,.T.);
#7781=EDGE_CURVE('',#5018,#5019,#1894,.T.);
#7783=EDGE_CURVE('',#5019,#5013,#1898,.T.);
#7787=EDGE_CURVE('',#5195,#5193,#1906,.T.);
#7791=EDGE_CURVE('',#5022,#5011,#1910,.T.);
#7793=EDGE_CURVE('',#5018,#5022,#1914,.T.);
#7797=ADVANCED_FACE('',(#7796),#7780,.T.);
#7812=EDGE_CURVE('',#5022,#5023,#1932,.T.);
#7814=EDGE_CURVE('',#5023,#5019,#2121,.T.);
#7818=ADVANCED_FACE('',(#7817),#7809,.T.);
#7831=EDGE_CURVE('',#5038,#5043,#1918,.T.);
#7833=EDGE_CURVE('',#5034,#5038,#2145,.T.);
#7835=EDGE_CURVE('',#5034,#5041,#1922,.T.);
#7837=EDGE_CURVE('',#5041,#5049,#1927,.T.);
#7839=EDGE_CURVE('',#5023,#5049,#2125,.T.);
#7844=EDGE_CURVE('',#5010,#5051,#1936,.T.);
#7846=EDGE_CURVE('',#5051,#5043,#1941,.T.);
#7850=ADVANCED_FACE('',(#7849),#7830,.T.);
#7863=EDGE_CURVE('',#5065,#5054,#1945,.T.);
#7865=EDGE_CURVE('',#5054,#5031,#2033,.T.);
#7867=EDGE_CURVE('',#5030,#5031,#2168,.T.);
#7869=EDGE_CURVE('',#5030,#5059,#2022,.T.);
#7871=EDGE_CURVE('',#5067,#5059,#1949,.T.);
#7873=EDGE_CURVE('',#5067,#5047,#2078,.T.);
#7875=EDGE_CURVE('',#5039,#5047,#2111,.T.);
#7877=EDGE_CURVE('',#5038,#5039,#1953,.T.);
#7880=EDGE_CURVE('',#5043,#5065,#2074,.T.);
#7884=ADVANCED_FACE('',(#7883),#7862,.F.);
#7897=EDGE_CURVE('',#5052,#5053,#1962,.T.);
#7899=EDGE_CURVE('',#5052,#5069,#2091,.T.);
#7901=EDGE_CURVE('',#5069,#5061,#2049,.T.);
#7903=EDGE_CURVE('',#5061,#5053,#2037,.T.);
#7907=ADVANCED_FACE('',(#7906),#7896,.F.);
#7920=EDGE_CURVE('',#5054,#5055,#2002,.T.);
#7923=EDGE_CURVE('',#5065,#5071,#2070,.T.);
#7925=EDGE_CURVE('',#5055,#5071,#2099,.T.);
#7929=ADVANCED_FACE('',(#7928),#7919,.F.);
#7943=EDGE_CURVE('',#5027,#5053,#1968,.T.);
#7945=EDGE_CURVE('',#5027,#5026,#1973,.T.);
#7947=EDGE_CURVE('',#5056,#5026,#1979,.T.);
#7949=EDGE_CURVE('',#5056,#5057,#1988,.T.);
#7951=EDGE_CURVE('',#5057,#5052,#1993,.T.);
#7955=ADVANCED_FACE('',(#7954),#7941,.T.);
#7969=EDGE_CURVE('',#5055,#5058,#2007,.T.);
#7971=EDGE_CURVE('',#5058,#5059,#2016,.T.);
#7974=EDGE_CURVE('',#5030,#5031,#2027,.T.);
#7979=ADVANCED_FACE('',(#7978),#7967,.T.);
#7993=EDGE_CURVE('',#5041,#5061,#2066,.T.);
#7996=EDGE_CURVE('',#5034,#5035,#2041,.T.);
#7998=EDGE_CURVE('',#5035,#5045,#2107,.T.);
#8000=EDGE_CURVE('',#5063,#5045,#2062,.T.);
#8002=EDGE_CURVE('',#5063,#5056,#2045,.T.);
#8005=EDGE_CURVE('',#5026,#5027,#2164,.T.);
#8010=ADVANCED_FACE('',(#8009),#7991,.F.);
#8024=EDGE_CURVE('',#5075,#5069,#2054,.T.);
#8026=EDGE_CURVE('',#5063,#5075,#2058,.T.);
#8029=EDGE_CURVE('',#5049,#5045,#2130,.T.);
#8035=ADVANCED_FACE('',(#8034),#8022,.T.);
#8051=EDGE_CURVE('',#5047,#5051,#2116,.T.);
#8054=EDGE_CURVE('',#5073,#5067,#2082,.T.);
#8056=EDGE_CURVE('',#5071,#5073,#2087,.T.);
#8060=ADVANCED_FACE('',(#8059),#8047,.T.);
#8075=EDGE_CURVE('',#5057,#5075,#2095,.T.);
#8080=ADVANCED_FACE('',(#8079),#8072,.T.);
#8099=ADVANCED_FACE('',(#8098),#8092,.F.);
#8113=EDGE_CURVE('',#5058,#5073,#2103,.T.);
#8119=ADVANCED_FACE('',(#8118),#8111,.F.);
#8138=ADVANCED_FACE('',(#8137),#8131,.T.);
#8152=EDGE_CURVE('',#5039,#5035,#2160,.T.);
#8164=ADVANCED_FACE('',(#8163),#8150,.T.);
#8183=ADVANCED_FACE('',(#8182),#8176,.F.);
#8200=ADVANCED_FACE('',(#8199),#8195,.T.);
#8217=ADVANCED_FACE('',(#8216),#8212,.T.);
#8233=EDGE_CURVE('',#5197,#5192,#2172,.T.);
#8237=ADVANCED_FACE('',(#8236),#8229,.T.);
#8252=EDGE_CURVE('',#5205,#5200,#2180,.T.);
#8257=ADVANCED_FACE('',(#8256),#8249,.T.);
#8271=EDGE_CURVE('',#5203,#5201,#2204,.T.);
#8277=ADVANCED_FACE('',(#8276),#8269,.T.);
#8290=EDGE_CURVE('',#5086,#5087,#2188,.T.);
#8292=EDGE_CURVE('',#5090,#5086,#2192,.T.);
#8294=EDGE_CURVE('',#5079,#5090,#2196,.T.);
#8301=EDGE_CURVE('',#5081,#5087,#2208,.T.);
#8305=ADVANCED_FACE('',(#8304),#8289,.T.);
#8319=EDGE_CURVE('',#5091,#5087,#2230,.T.);
#8321=EDGE_CURVE('',#5090,#5091,#2455,.T.);
#8326=ADVANCED_FACE('',(#8325),#8317,.T.);
#8339=EDGE_CURVE('',#5111,#5118,#2212,.T.);
#8341=EDGE_CURVE('',#5114,#5118,#2419,.T.);
#8343=EDGE_CURVE('',#5109,#5114,#2216,.T.);
#8345=EDGE_CURVE('',#5095,#5109,#2221,.T.);
#8347=EDGE_CURVE('',#5091,#5095,#2225,.T.);
#8352=EDGE_CURVE('',#5078,#5093,#2450,.T.);
#8354=EDGE_CURVE('',#5111,#5093,#2235,.T.);
#8358=ADVANCED_FACE('',(#8357),#8338,.T.);
#8371=EDGE_CURVE('',#5134,#5122,#2239,.T.);
#8373=EDGE_CURVE('',#5105,#5134,#2377,.T.);
#8375=EDGE_CURVE('',#5105,#5119,#2441,.T.);
#8377=EDGE_CURVE('',#5118,#5119,#2243,.T.);
#8380=EDGE_CURVE('',#5139,#5111,#2373,.T.);
#8382=EDGE_CURVE('',#5139,#5127,#2247,.T.);
#8384=EDGE_CURVE('',#5102,#5127,#2313,.T.);
#8386=EDGE_CURVE('',#5102,#5103,#2397,.T.);
#8388=EDGE_CURVE('',#5122,#5103,#2302,.T.);
#8392=ADVANCED_FACE('',(#8391),#8370,.T.);
#8405=EDGE_CURVE('',#5120,#5121,#2256,.T.);
#8407=EDGE_CURVE('',#5131,#5121,#2381,.T.);
#8409=EDGE_CURVE('',#5130,#5131,#2339,.T.);
#8411=EDGE_CURVE('',#5130,#5120,#2331,.T.);
#8415=ADVANCED_FACE('',(#8414),#8404,.T.);
#8428=EDGE_CURVE('',#5122,#5123,#2296,.T.);
#8430=EDGE_CURVE('',#5135,#5123,#2401,.T.);
#8432=EDGE_CURVE('',#5134,#5135,#2360,.T.);
#8437=ADVANCED_FACE('',(#8436),#8427,.T.);
#8451=EDGE_CURVE('',#5120,#5125,#2261,.T.);
#8453=EDGE_CURVE('',#5124,#5125,#2270,.T.);
#8455=EDGE_CURVE('',#5124,#5098,#2276,.T.);
#8457=EDGE_CURVE('',#5098,#5099,#2281,.T.);
#8459=EDGE_CURVE('',#5099,#5121,#2287,.T.);
#8463=ADVANCED_FACE('',(#8462),#8449,.T.);
#8478=EDGE_CURVE('',#5103,#5102,#2307,.T.);
#8481=EDGE_CURVE('',#5126,#5127,#2322,.T.);
#8483=EDGE_CURVE('',#5126,#5123,#2327,.T.);
#8487=ADVANCED_FACE('',(#8486),#8475,.T.);
#8501=EDGE_CURVE('',#5143,#5130,#2356,.T.);
#8503=EDGE_CURVE('',#5143,#5125,#2335,.T.);
#8508=ADVANCED_FACE('',(#8507),#8499,.T.);
#8522=EDGE_CURVE('',#5107,#5131,#2343,.T.);
#8524=EDGE_CURVE('',#5107,#5095,#2460,.T.);
#8527=EDGE_CURVE('',#5142,#5109,#2347,.T.);
#8529=EDGE_CURVE('',#5142,#5143,#2351,.T.);
#8534=ADVANCED_FACE('',(#8533),#8520,.F.);
#8548=EDGE_CURVE('',#5135,#5138,#2365,.T.);
#8550=EDGE_CURVE('',#5138,#5139,#2369,.T.);
#8554=EDGE_CURVE('',#5093,#5105,#2446,.T.);
#8559=ADVANCED_FACE('',(#8558),#8546,.F.);
#8574=EDGE_CURVE('',#5098,#5099,#2393,.T.);
#8577=EDGE_CURVE('',#5142,#5124,#2385,.T.);
#8581=EDGE_CURVE('',#5114,#5115,#2389,.T.);
#8583=EDGE_CURVE('',#5107,#5115,#2437,.T.);
#8588=ADVANCED_FACE('',(#8587),#8571,.T.);
#8605=ADVANCED_FACE('',(#8604),#8600,.F.);
#8622=ADVANCED_FACE('',(#8621),#8617,.F.);
#8641=ADVANCED_FACE('',(#8640),#8634,.T.);
#8657=EDGE_CURVE('',#5138,#5126,#2405,.T.);
#8661=ADVANCED_FACE('',(#8660),#8653,.T.);
#8680=ADVANCED_FACE('',(#8679),#8673,.T.);
#8696=EDGE_CURVE('',#5119,#5115,#2433,.T.);
#8700=ADVANCED_FACE('',(#8699),#8692,.F.);
#8725=ADVANCED_FACE('',(#8724),#8712,.T.);
#8739=EDGE_CURVE('',#4759,#4753,#2468,.T.);
#8745=ADVANCED_FACE('',(#8744),#8737,.F.);
#8759=EDGE_CURVE('',#4761,#4755,#2488,.T.);
#8765=EDGE_CURVE('',#5225,#5223,#2472,.T.);
#8767=EDGE_CURVE('',#5223,#5219,#2478,.T.);
#8769=EDGE_CURVE('',#5219,#5225,#2484,.T.);
#8773=ADVANCED_FACE('',(#8764,#8772),#8757,.F.);
#8792=ADVANCED_FACE('',(#8791),#8785,.F.);
#8805=EDGE_CURVE('',#5164,#5223,#2493,.T.);
#8808=EDGE_CURVE('',#5225,#5164,#2498,.T.);
#8812=ADVANCED_FACE('',(#8811),#8804,.F.);
#8826=EDGE_CURVE('',#5166,#5161,#2528,.T.);
#8828=EDGE_CURVE('',#5166,#4954,#2502,.T.);
#8830=EDGE_CURVE('',#4954,#4955,#3193,.T.);
#8832=EDGE_CURVE('',#5219,#4955,#3178,.T.);
#8836=EDGE_CURVE('',#5164,#5160,#2506,.T.);
#8840=ADVANCED_FACE('',(#8839),#8824,.T.);
#8853=EDGE_CURVE('',#4782,#4783,#2510,.T.);
#8856=EDGE_CURVE('',#4770,#4771,#2518,.T.);
#8858=EDGE_CURVE('',#4782,#4770,#2522,.T.);
#8862=ADVANCED_FACE('',(#8861),#8852,.T.);
#8878=EDGE_CURVE('',#4778,#4779,#2536,.T.);
#8880=EDGE_CURVE('',#4785,#4778,#2540,.T.);
#8883=EDGE_CURVE('',#5162,#5166,#2546,.T.);
#8887=ADVANCED_FACE('',(#8886),#8874,.T.);
#8900=EDGE_CURVE('',#4918,#4919,#2550,.T.);
#8904=EDGE_CURVE('',#4782,#4918,#2558,.T.);
#8908=ADVANCED_FACE('',(#8907),#8899,.F.);
#8924=EDGE_CURVE('',#4905,#4918,#2574,.T.);
#8928=ADVANCED_FACE('',(#8927),#8920,.F.);
#8944=EDGE_CURVE('',#4787,#4778,#2602,.T.);
#8946=EDGE_CURVE('',#4787,#4907,#2570,.T.);
#8952=EDGE_CURVE('',#5251,#4770,#3174,.T.);
#8956=ADVANCED_FACE('',(#8955),#8940,.F.);
#8972=EDGE_CURVE('',#4873,#4840,#2634,.T.);
#8974=EDGE_CURVE('',#4840,#4841,#2586,.T.);
#8976=EDGE_CURVE('',#4841,#4844,#2966,.T.);
#8978=EDGE_CURVE('',#4844,#4845,#2590,.T.);
#8980=EDGE_CURVE('',#4845,#4812,#2630,.T.);
#8982=EDGE_CURVE('',#4812,#4813,#2594,.T.);
#8984=EDGE_CURVE('',#4813,#4816,#2704,.T.);
#8986=EDGE_CURVE('',#4816,#4817,#2598,.T.);
#8988=EDGE_CURVE('',#4817,#4787,#2626,.T.);
#8993=EDGE_CURVE('',#4789,#5217,#2622,.T.);
#8998=EDGE_CURVE('',#5215,#4868,#2638,.T.);
#9002=ADVANCED_FACE('',(#9001),#8968,.F.);
#9021=ADVANCED_FACE('',(#9020),#9014,.F.);
#9036=EDGE_CURVE('',#4910,#4817,#2654,.T.);
#9041=ADVANCED_FACE('',(#9040),#9033,.F.);
#9054=EDGE_CURVE('',#4928,#4845,#2916,.T.);
#9057=EDGE_CURVE('',#4812,#4915,#2670,.T.);
#9062=ADVANCED_FACE('',(#9061),#9053,.F.);
#9075=EDGE_CURVE('',#4840,#4933,#2932,.T.);
#9082=ADVANCED_FACE('',(#9081),#9074,.F.);
#9101=ADVANCED_FACE('',(#9100),#9094,.F.);
#9115=EDGE_CURVE('',#5257,#4809,#2650,.T.);
#9117=EDGE_CURVE('',#4809,#4877,#2682,.T.);
#9119=EDGE_CURVE('',#4923,#4877,#2722,.T.);
#9121=EDGE_CURVE('',#4911,#4923,#2730,.T.);
#9126=EDGE_CURVE('',#4816,#4881,#2700,.T.);
#9131=ADVANCED_FACE('',(#9130),#9113,.F.);
#9145=EDGE_CURVE('',#5255,#4808,#2662,.T.);
#9147=EDGE_CURVE('',#4808,#4809,#2686,.T.);
#9152=ADVANCED_FACE('',(#9151),#9143,.F.);
#9167=EDGE_CURVE('',#4879,#4813,#2708,.T.);
#9172=EDGE_CURVE('',#4913,#4922,#2674,.T.);
#9174=EDGE_CURVE('',#4876,#4922,#2726,.T.);
#9176=EDGE_CURVE('',#4876,#4808,#2690,.T.);
#9181=ADVANCED_FACE('',(#9180),#9164,.F.);
#9194=EDGE_CURVE('',#4876,#4877,#2678,.T.);
#9201=ADVANCED_FACE('',(#9200),#9193,.T.);
#9214=EDGE_CURVE('',#5173,#5168,#2696,.T.);
#9221=EDGE_CURVE('',#5169,#5173,#2714,.T.);
#9225=ADVANCED_FACE('',(#9224),#9213,.T.);
#9238=EDGE_CURVE('',#4922,#4923,#2718,.T.);
#9245=ADVANCED_FACE('',(#9244),#9237,.F.);
#9264=ADVANCED_FACE('',(#9263),#9257,.F.);
#9279=EDGE_CURVE('',#5173,#4982,#2734,.T.);
#9281=EDGE_CURVE('',#4982,#4983,#2795,.T.);
#9283=EDGE_CURVE('',#5221,#4983,#2742,.T.);
#9285=EDGE_CURVE('',#5227,#5221,#2766,.T.);
#9287=EDGE_CURVE('',#5171,#5227,#2747,.T.);
#9289=EDGE_CURVE('',#5171,#5167,#2738,.T.);
#9293=ADVANCED_FACE('',(#9292),#9276,.T.);
#9308=EDGE_CURVE('',#5229,#5171,#2752,.T.);
#9310=EDGE_CURVE('',#5221,#5229,#2772,.T.);
#9313=EDGE_CURVE('',#4983,#4982,#2785,.T.);
#9319=ADVANCED_FACE('',(#9318),#9305,.T.);
#9333=EDGE_CURVE('',#5229,#5227,#2760,.T.);
#9338=ADVANCED_FACE('',(#9337),#9331,.F.);
#9351=EDGE_CURVE('',#4800,#4801,#2756,.T.);
#9354=EDGE_CURVE('',#4804,#4805,#2780,.T.);
#9364=ADVANCED_FACE('',(#9358,#9363),#9350,.F.);
#9383=ADVANCED_FACE('',(#9382),#9376,.F.);
#9402=ADVANCED_FACE('',(#9401),#9395,.F.);
#9416=EDGE_CURVE('',#4983,#4987,#2790,.T.);
#9418=EDGE_CURVE('',#4987,#4986,#2814,.T.);
#9420=EDGE_CURVE('',#4982,#4986,#2800,.T.);
#9424=ADVANCED_FACE('',(#9423),#9414,.T.);
#9439=EDGE_CURVE('',#4986,#4987,#2805,.T.);
#9444=ADVANCED_FACE('',(#9443),#9436,.T.);
#9458=EDGE_CURVE('',#4986,#4990,#2809,.T.);
#9460=EDGE_CURVE('',#4990,#4991,#2833,.T.);
#9462=EDGE_CURVE('',#4987,#4991,#2818,.T.);
#9466=ADVANCED_FACE('',(#9465),#9456,.T.);
#9481=EDGE_CURVE('',#4991,#4990,#2823,.T.);
#9486=ADVANCED_FACE('',(#9485),#9478,.T.);
#9500=EDGE_CURVE('',#4991,#4995,#2828,.T.);
#9502=EDGE_CURVE('',#4995,#4994,#2852,.T.);
#9504=EDGE_CURVE('',#4990,#4994,#2838,.T.);
#9508=ADVANCED_FACE('',(#9507),#9498,.T.);
#9523=EDGE_CURVE('',#4994,#4995,#2843,.T.);
#9528=ADVANCED_FACE('',(#9527),#9520,.T.);
#9542=EDGE_CURVE('',#4994,#4998,#2847,.T.);
#9544=EDGE_CURVE('',#4998,#4999,#2871,.T.);
#9546=EDGE_CURVE('',#4995,#4999,#2856,.T.);
#9550=ADVANCED_FACE('',(#9549),#9540,.T.);
#9565=EDGE_CURVE('',#4999,#4998,#2861,.T.);
#9570=ADVANCED_FACE('',(#9569),#9562,.T.);
#9584=EDGE_CURVE('',#4999,#5003,#2866,.T.);
#9586=EDGE_CURVE('',#5003,#5002,#2890,.T.);
#9588=EDGE_CURVE('',#4998,#5002,#2876,.T.);
#9592=ADVANCED_FACE('',(#9591),#9582,.T.);
#9607=EDGE_CURVE('',#5002,#5003,#2881,.T.);
#9612=ADVANCED_FACE('',(#9611),#9604,.T.);
#9626=EDGE_CURVE('',#5002,#5006,#2885,.T.);
#9628=EDGE_CURVE('',#5006,#5007,#2899,.T.);
#9630=EDGE_CURVE('',#5003,#5007,#2894,.T.);
#9634=ADVANCED_FACE('',(#9633),#9624,.T.);
#9649=EDGE_CURVE('',#5007,#5006,#2904,.T.);
#9654=ADVANCED_FACE('',(#9653),#9646,.T.);
#9671=ADVANCED_FACE('',(#9670),#9666,.T.);
#9685=EDGE_CURVE('',#5261,#4837,#2912,.T.);
#9687=EDGE_CURVE('',#4837,#4885,#2944,.T.);
#9689=EDGE_CURVE('',#4945,#4885,#2984,.T.);
#9691=EDGE_CURVE('',#4929,#4945,#2992,.T.);
#9696=EDGE_CURVE('',#4844,#4889,#2962,.T.);
#9701=ADVANCED_FACE('',(#9700),#9683,.F.);
#9715=EDGE_CURVE('',#5259,#4836,#2924,.T.);
#9717=EDGE_CURVE('',#4836,#4837,#2948,.T.);
#9722=ADVANCED_FACE('',(#9721),#9713,.F.);
#9737=EDGE_CURVE('',#4887,#4841,#2970,.T.);
#9742=EDGE_CURVE('',#4931,#4944,#2936,.T.);
#9744=EDGE_CURVE('',#4884,#4944,#2988,.T.);
#9746=EDGE_CURVE('',#4884,#4836,#2952,.T.);
#9751=ADVANCED_FACE('',(#9750),#9734,.F.);
#9764=EDGE_CURVE('',#4884,#4885,#2940,.T.);
#9771=ADVANCED_FACE('',(#9770),#9763,.T.);
#9784=EDGE_CURVE('',#5299,#5346,#2958,.T.);
#9791=EDGE_CURVE('',#5347,#5299,#2976,.T.);
#9795=ADVANCED_FACE('',(#9794),#9783,.T.);
#9808=EDGE_CURVE('',#4944,#4945,#2980,.T.);
#9815=ADVANCED_FACE('',(#9814),#9807,.F.);
#9834=ADVANCED_FACE('',(#9833),#9827,.F.);
#9847=EDGE_CURVE('',#5296,#5297,#2996,.T.);
#9851=EDGE_CURVE('',#5299,#5268,#3000,.T.);
#9853=EDGE_CURVE('',#5268,#5269,#3057,.T.);
#9855=EDGE_CURVE('',#5301,#5269,#3004,.T.);
#9857=EDGE_CURVE('',#5303,#5301,#3028,.T.);
#9859=EDGE_CURVE('',#5296,#5303,#3009,.T.);
#9863=ADVANCED_FACE('',(#9862),#9846,.T.);
#9877=EDGE_CURVE('',#5305,#5296,#3014,.T.);
#9879=EDGE_CURVE('',#5301,#5305,#3034,.T.);
#9882=EDGE_CURVE('',#5269,#5268,#3047,.T.);
#9889=ADVANCED_FACE('',(#9888),#9875,.T.);
#9903=EDGE_CURVE('',#5305,#5303,#3022,.T.);
#9908=ADVANCED_FACE('',(#9907),#9901,.F.);
#9921=EDGE_CURVE('',#4828,#4829,#3018,.T.);
#9924=EDGE_CURVE('',#4832,#4833,#3042,.T.);
#9934=ADVANCED_FACE('',(#9928,#9933),#9920,.F.);
#9953=ADVANCED_FACE('',(#9952),#9946,.F.);
#9972=ADVANCED_FACE('',(#9971),#9965,.F.);
#9986=EDGE_CURVE('',#5269,#5273,#3052,.T.);
#9988=EDGE_CURVE('',#5273,#5272,#3076,.T.);
#9990=EDGE_CURVE('',#5268,#5272,#3062,.T.);
#9994=ADVANCED_FACE('',(#9993),#9984,.T.);
#10009=EDGE_CURVE('',#5272,#5273,#3067,.T.);
#10014=ADVANCED_FACE('',(#10013),#10006,.T.);
#10028=EDGE_CURVE('',#5272,#5276,#3071,.T.);
#10030=EDGE_CURVE('',#5276,#5277,#3095,.T.);
#10032=EDGE_CURVE('',#5273,#5277,#3080,.T.);
#10036=ADVANCED_FACE('',(#10035),#10026,.T.);
#10051=EDGE_CURVE('',#5277,#5276,#3085,.T.);
#10056=ADVANCED_FACE('',(#10055),#10048,.T.);
#10070=EDGE_CURVE('',#5277,#5281,#3090,.T.);
#10072=EDGE_CURVE('',#5281,#5280,#3114,.T.);
#10074=EDGE_CURVE('',#5276,#5280,#3100,.T.);
#10078=ADVANCED_FACE('',(#10077),#10068,.T.);
#10093=EDGE_CURVE('',#5280,#5281,#3105,.T.);
#10098=ADVANCED_FACE('',(#10097),#10090,.T.);
#10112=EDGE_CURVE('',#5280,#5284,#3109,.T.);
#10114=EDGE_CURVE('',#5284,#5285,#3133,.T.);
#10116=EDGE_CURVE('',#5281,#5285,#3118,.T.);
#10120=ADVANCED_FACE('',(#10119),#10110,.T.);
#10135=EDGE_CURVE('',#5285,#5284,#3123,.T.);
#10140=ADVANCED_FACE('',(#10139),#10132,.T.);
#10154=EDGE_CURVE('',#5285,#5289,#3128,.T.);
#10156=EDGE_CURVE('',#5289,#5288,#3152,.T.);
#10158=EDGE_CURVE('',#5284,#5288,#3138,.T.);
#10162=ADVANCED_FACE('',(#10161),#10152,.T.);
#10177=EDGE_CURVE('',#5288,#5289,#3143,.T.);
#10182=ADVANCED_FACE('',(#10181),#10174,.T.);
#10196=EDGE_CURVE('',#5288,#5292,#3147,.T.);
#10198=EDGE_CURVE('',#5292,#5293,#3161,.T.);
#10200=EDGE_CURVE('',#5289,#5293,#3156,.T.);
#10204=ADVANCED_FACE('',(#10203),#10194,.T.);
#10219=EDGE_CURVE('',#5293,#5292,#3166,.T.);
#10224=ADVANCED_FACE('',(#10223),#10216,.T.);
#10241=ADVANCED_FACE('',(#10240),#10236,.T.);
#10260=ADVANCED_FACE('',(#10259),#10253,.F.);
#10278=EDGE_CURVE('',#4955,#4954,#3183,.T.);
#10284=ADVANCED_FACE('',(#10283),#10272,.T.);
#10298=EDGE_CURVE('',#4955,#4959,#3188,.T.);
#10300=EDGE_CURVE('',#4959,#4958,#3212,.T.);
#10302=EDGE_CURVE('',#4954,#4958,#3198,.T.);
#10306=ADVANCED_FACE('',(#10305),#10296,.T.);
#10321=EDGE_CURVE('',#4958,#4959,#3203,.T.);
#10326=ADVANCED_FACE('',(#10325),#10318,.T.);
#10340=EDGE_CURVE('',#4958,#4962,#3207,.T.);
#10342=EDGE_CURVE('',#4962,#4963,#3231,.T.);
#10344=EDGE_CURVE('',#4959,#4963,#3216,.T.);
#10348=ADVANCED_FACE('',(#10347),#10338,.T.);
#10363=EDGE_CURVE('',#4963,#4962,#3221,.T.);
#10368=ADVANCED_FACE('',(#10367),#10360,.T.);
#10382=EDGE_CURVE('',#4963,#4967,#3226,.T.);
#10384=EDGE_CURVE('',#4967,#4966,#3250,.T.);
#10386=EDGE_CURVE('',#4962,#4966,#3236,.T.);
#10390=ADVANCED_FACE('',(#10389),#10380,.T.);
#10405=EDGE_CURVE('',#4966,#4967,#3241,.T.);
#10410=ADVANCED_FACE('',(#10409),#10402,.T.);
#10424=EDGE_CURVE('',#4966,#4970,#3245,.T.);
#10426=EDGE_CURVE('',#4970,#4971,#3269,.T.);
#10428=EDGE_CURVE('',#4967,#4971,#3254,.T.);
#10432=ADVANCED_FACE('',(#10431),#10422,.T.);
#10447=EDGE_CURVE('',#4971,#4970,#3259,.T.);
#10452=ADVANCED_FACE('',(#10451),#10444,.T.);
#10466=EDGE_CURVE('',#4971,#4975,#3264,.T.);
#10468=EDGE_CURVE('',#4975,#4974,#3288,.T.);
#10470=EDGE_CURVE('',#4970,#4974,#3274,.T.);
#10474=ADVANCED_FACE('',(#10473),#10464,.T.);
#10489=EDGE_CURVE('',#4974,#4975,#3279,.T.);
#10494=ADVANCED_FACE('',(#10493),#10486,.T.);
#10508=EDGE_CURVE('',#4974,#4978,#3283,.T.);
#10510=EDGE_CURVE('',#4978,#4979,#3297,.T.);
#10512=EDGE_CURVE('',#4975,#4979,#3292,.T.);
#10516=ADVANCED_FACE('',(#10515),#10506,.T.);
#10531=EDGE_CURVE('',#4979,#4978,#3302,.T.);
#10536=ADVANCED_FACE('',(#10535),#10528,.T.);
#10553=ADVANCED_FACE('',(#10552),#10548,.T.);
#10572=ADVANCED_FACE('',(#10571),#10565,.F.);
#10586=EDGE_CURVE('',#5546,#5352,#3310,.T.);
#10588=EDGE_CURVE('',#5352,#5353,#3319,.T.);
#10590=EDGE_CURVE('',#5545,#5353,#3314,.T.);
#10594=ADVANCED_FACE('',(#10593),#10584,.F.);
#10609=EDGE_CURVE('',#5353,#5352,#3324,.T.);
#10614=ADVANCED_FACE('',(#10613),#10606,.F.);
#10627=EDGE_CURVE('',#5356,#5357,#3328,.T.);
#10629=EDGE_CURVE('',#5365,#5356,#3332,.T.);
#10631=EDGE_CURVE('',#5363,#5365,#3336,.T.);
#10633=EDGE_CURVE('',#5361,#5363,#3340,.T.);
#10635=EDGE_CURVE('',#5359,#5361,#3344,.T.);
#10637=EDGE_CURVE('',#5357,#5359,#3348,.T.);
#10641=ADVANCED_FACE('',(#10640),#10626,.T.);
#10654=EDGE_CURVE('',#5366,#5367,#3353,.T.);
#10656=EDGE_CURVE('',#5369,#5366,#3363,.T.);
#10658=EDGE_CURVE('',#5368,#5369,#3368,.T.);
#10660=EDGE_CURVE('',#5367,#5368,#3378,.T.);
#10664=ADVANCED_FACE('',(#10663),#10653,.T.);
#10677=EDGE_CURVE('',#5372,#5373,#3382,.T.);
#10679=EDGE_CURVE('',#5393,#5372,#3386,.T.);
#10681=EDGE_CURVE('',#5391,#5393,#3390,.T.);
#10683=EDGE_CURVE('',#5389,#5391,#3394,.T.);
#10685=EDGE_CURVE('',#5387,#5389,#3398,.T.);
#10687=EDGE_CURVE('',#5385,#5387,#3402,.T.);
#10689=EDGE_CURVE('',#5383,#5385,#3406,.T.);
#10691=EDGE_CURVE('',#5381,#5383,#3410,.T.);
#10693=EDGE_CURVE('',#5379,#5381,#3414,.T.);
#10695=EDGE_CURVE('',#5377,#5379,#3418,.T.);
#10697=EDGE_CURVE('',#5375,#5377,#3422,.T.);
#10699=EDGE_CURVE('',#5373,#5375,#3426,.T.);
#10703=ADVANCED_FACE('',(#10702),#10676,.T.);
#10716=EDGE_CURVE('',#5398,#5399,#3454,.T.);
#10718=EDGE_CURVE('',#5401,#5398,#3459,.T.);
#10720=EDGE_CURVE('',#5400,#5401,#3464,.T.);
#10722=EDGE_CURVE('',#5399,#5400,#3472,.T.);
#10726=EDGE_CURVE('',#5394,#5395,#3431,.T.);
#10728=EDGE_CURVE('',#5397,#5394,#3436,.T.);
#10730=EDGE_CURVE('',#5396,#5397,#3441,.T.);
#10732=EDGE_CURVE('',#5395,#5396,#3449,.T.);
#10736=ADVANCED_FACE('',(#10725,#10735),#10715,.T.);
#10749=EDGE_CURVE('',#5409,#5410,#3501,.T.);
#10751=EDGE_CURVE('',#5422,#5409,#3505,.T.);
#10753=EDGE_CURVE('',#5420,#5422,#3509,.T.);
#10755=EDGE_CURVE('',#5418,#5420,#3513,.T.);
#10757=EDGE_CURVE('',#5416,#5418,#3517,.T.);
#10759=EDGE_CURVE('',#5414,#5416,#3521,.T.);
#10761=EDGE_CURVE('',#5412,#5414,#3525,.T.);
#10763=EDGE_CURVE('',#5410,#5412,#3529,.T.);
#10767=EDGE_CURVE('',#5402,#5403,#3477,.T.);
#10769=EDGE_CURVE('',#5406,#5402,#3482,.T.);
#10771=EDGE_CURVE('',#5405,#5406,#3487,.T.);
#10773=EDGE_CURVE('',#5404,#5405,#3492,.T.);
#10775=EDGE_CURVE('',#5403,#5404,#3497,.T.);
#10779=ADVANCED_FACE('',(#10766,#10778),#10748,.T.);
#10792=EDGE_CURVE('',#5425,#5426,#3533,.T.);
#10794=EDGE_CURVE('',#5446,#5425,#3537,.T.);
#10796=EDGE_CURVE('',#5444,#5446,#3541,.T.);
#10798=EDGE_CURVE('',#5442,#5444,#3545,.T.);
#10800=EDGE_CURVE('',#5440,#5442,#3549,.T.);
#10802=EDGE_CURVE('',#5438,#5440,#3553,.T.);
#10804=EDGE_CURVE('',#5436,#5438,#3557,.T.);
#10806=EDGE_CURVE('',#5434,#5436,#3561,.T.);
#10808=EDGE_CURVE('',#5432,#5434,#3565,.T.);
#10810=EDGE_CURVE('',#5430,#5432,#3569,.T.);
#10812=EDGE_CURVE('',#5428,#5430,#3573,.T.);
#10814=EDGE_CURVE('',#5426,#5428,#3577,.T.);
#10818=ADVANCED_FACE('',(#10817),#10791,.T.);
#10831=EDGE_CURVE('',#5450,#5451,#3602,.T.);
#10833=EDGE_CURVE('',#5457,#5450,#3610,.T.);
#10835=EDGE_CURVE('',#5456,#5457,#3615,.T.);
#10837=EDGE_CURVE('',#5455,#5456,#3621,.T.);
#10839=EDGE_CURVE('',#5454,#5455,#3626,.T.);
#10841=EDGE_CURVE('',#5453,#5454,#3632,.T.);
#10843=EDGE_CURVE('',#5452,#5453,#3637,.T.);
#10845=EDGE_CURVE('',#5451,#5452,#3642,.T.);
#10849=EDGE_CURVE('',#5447,#5448,#3582,.T.);
#10851=EDGE_CURVE('',#5449,#5447,#3592,.T.);
#10853=EDGE_CURVE('',#5448,#5449,#3597,.T.);
#10857=ADVANCED_FACE('',(#10848,#10856),#10830,.T.);
#10870=EDGE_CURVE('',#5458,#5459,#3647,.T.);
#10872=EDGE_CURVE('',#5461,#5458,#3660,.T.);
#10874=EDGE_CURVE('',#5460,#5461,#3665,.T.);
#10876=EDGE_CURVE('',#5459,#5460,#3679,.T.);
#10880=ADVANCED_FACE('',(#10879),#10869,.T.);
#10893=EDGE_CURVE('',#5462,#5463,#3684,.T.);
#10895=EDGE_CURVE('',#5473,#5462,#3689,.T.);
#10897=EDGE_CURVE('',#5472,#5473,#3694,.T.);
#10899=EDGE_CURVE('',#5471,#5472,#3699,.T.);
#10901=EDGE_CURVE('',#5470,#5471,#3704,.T.);
#10903=EDGE_CURVE('',#5469,#5470,#3710,.T.);
#10905=EDGE_CURVE('',#5468,#5469,#3715,.T.);
#10907=EDGE_CURVE('',#5467,#5468,#3721,.T.);
#10909=EDGE_CURVE('',#5466,#5467,#3726,.T.);
#10911=EDGE_CURVE('',#5465,#5466,#3731,.T.);
#10913=EDGE_CURVE('',#5464,#5465,#3736,.T.);
#10915=EDGE_CURVE('',#5463,#5464,#3741,.T.);
#10919=ADVANCED_FACE('',(#10918),#10892,.T.);
#10932=EDGE_CURVE('',#5476,#5477,#3745,.T.);
#10934=EDGE_CURVE('',#5497,#5476,#3749,.T.);
#10936=EDGE_CURVE('',#5495,#5497,#3753,.T.);
#10938=EDGE_CURVE('',#5493,#5495,#3757,.T.);
#10940=EDGE_CURVE('',#5491,#5493,#3761,.T.);
#10942=EDGE_CURVE('',#5489,#5491,#3765,.T.);
#10944=EDGE_CURVE('',#5487,#5489,#3769,.T.);
#10946=EDGE_CURVE('',#5485,#5487,#3773,.T.);
#10948=EDGE_CURVE('',#5483,#5485,#3777,.T.);
#10950=EDGE_CURVE('',#5481,#5483,#3781,.T.);
#10952=EDGE_CURVE('',#5479,#5481,#3785,.T.);
#10954=EDGE_CURVE('',#5477,#5479,#3789,.T.);
#10958=ADVANCED_FACE('',(#10957),#10931,.T.);
#10971=EDGE_CURVE('',#5502,#5503,#3817,.T.);
#10973=EDGE_CURVE('',#5505,#5502,#3822,.T.);
#10975=EDGE_CURVE('',#5504,#5505,#3827,.T.);
#10977=EDGE_CURVE('',#5503,#5504,#3835,.T.);
#10981=EDGE_CURVE('',#5498,#5499,#3794,.T.);
#10983=EDGE_CURVE('',#5501,#5498,#3799,.T.);
#10985=EDGE_CURVE('',#5500,#5501,#3804,.T.);
#10987=EDGE_CURVE('',#5499,#5500,#3812,.T.);
#10991=ADVANCED_FACE('',(#10980,#10990),#10970,.T.);
#11004=EDGE_CURVE('',#5513,#5514,#3864,.T.);
#11006=EDGE_CURVE('',#5526,#5513,#3868,.T.);
#11008=EDGE_CURVE('',#5524,#5526,#3872,.T.);
#11010=EDGE_CURVE('',#5522,#5524,#3876,.T.);
#11012=EDGE_CURVE('',#5520,#5522,#3880,.T.);
#11014=EDGE_CURVE('',#5518,#5520,#3884,.T.);
#11016=EDGE_CURVE('',#5516,#5518,#3888,.T.);
#11018=EDGE_CURVE('',#5514,#5516,#3892,.T.);
#11022=EDGE_CURVE('',#5506,#5507,#3840,.T.);
#11024=EDGE_CURVE('',#5510,#5506,#3845,.T.);
#11026=EDGE_CURVE('',#5509,#5510,#3850,.T.);
#11028=EDGE_CURVE('',#5508,#5509,#3855,.T.);
#11030=EDGE_CURVE('',#5507,#5508,#3860,.T.);
#11034=ADVANCED_FACE('',(#11021,#11033),#11003,.T.);
#11047=EDGE_CURVE('',#5527,#5528,#3900,.T.);
#11049=EDGE_CURVE('',#5542,#5527,#3907,.T.);
#11051=EDGE_CURVE('',#5541,#5542,#3912,.T.);
#11053=EDGE_CURVE('',#5540,#5541,#3917,.T.);
#11055=EDGE_CURVE('',#5539,#5540,#3922,.T.);
#11057=EDGE_CURVE('',#5538,#5539,#3929,.T.);
#11059=EDGE_CURVE('',#5537,#5538,#3934,.T.);
#11061=EDGE_CURVE('',#5536,#5537,#3941,.T.);
#11063=EDGE_CURVE('',#5535,#5536,#3947,.T.);
#11065=EDGE_CURVE('',#5534,#5535,#3954,.T.);
#11067=EDGE_CURVE('',#5533,#5534,#3960,.T.);
#11069=EDGE_CURVE('',#5532,#5533,#3965,.T.);
#11071=EDGE_CURVE('',#5531,#5532,#3970,.T.);
#11073=EDGE_CURVE('',#5530,#5531,#3975,.T.);
#11075=EDGE_CURVE('',#5529,#5530,#3982,.T.);
#11077=EDGE_CURVE('',#5528,#5529,#3991,.T.);
#11085=ADVANCED_FACE('',(#11080,#11084),#11046,.T.);
#11099=EDGE_CURVE('',#5549,#5356,#3995,.T.);
#11102=EDGE_CURVE('',#5550,#5357,#4015,.T.);
#11106=ADVANCED_FACE('',(#11105),#11097,.T.);
#11120=EDGE_CURVE('',#5558,#5365,#3999,.T.);
#11126=ADVANCED_FACE('',(#11125),#11118,.T.);
#11140=EDGE_CURVE('',#5556,#5363,#4003,.T.);
#11146=ADVANCED_FACE('',(#11145),#11138,.T.);
#11160=EDGE_CURVE('',#5554,#5361,#4007,.T.);
#11166=ADVANCED_FACE('',(#11165),#11158,.T.);
#11180=EDGE_CURVE('',#5552,#5359,#4011,.T.);
#11186=ADVANCED_FACE('',(#11185),#11178,.T.);
#11205=ADVANCED_FACE('',(#11204),#11198,.T.);
#11219=B_SPLINE_CURVE_WITH_KNOTS('',3,(#11213,#11214,#11215,#11216,#11217,
#11218),.UNSPECIFIED.,.F.,.F.,(4,1,1,4),(0.E0,2.668037193253E-1,
7.331962806747E-1,1.E0),.UNSPECIFIED.);
#11228=EDGE_CURVE('',#5559,#5366,#4019,.T.);
#11231=EDGE_CURVE('',#5560,#5367,#4031,.T.);
#11235=ADVANCED_FACE('',(#11234),#11226,.F.);
#11254=B_SPLINE_CURVE_WITH_KNOTS('',3,(#11243,#11244,#11245,#11246,#11247,
#11248,#11249,#11250,#11251,#11252,#11253),.UNSPECIFIED.,.F.,.F.,(4,1,1,1,1,1,1,
1,4),(0.E0,1.670696077645E-2,1.477364655291E-1,3.189553537176E-1,
4.965990903128E-1,6.885854963464E-1,8.718736868814E-1,9.832461392091E-1,1.E0),
.UNSPECIFIED.);
#11262=EDGE_CURVE('',#5562,#5369,#4023,.T.);
#11268=ADVANCED_FACE('',(#11267),#11260,.F.);
#11282=B_SPLINE_CURVE_WITH_KNOTS('',3,(#11276,#11277,#11278,#11279,#11280,
#11281),.UNSPECIFIED.,.F.,.F.,(4,1,1,4),(0.E0,2.559515468266E-1,
7.440484531734E-1,1.E0),.UNSPECIFIED.);
#11290=EDGE_CURVE('',#5561,#5368,#4027,.T.);
#11296=ADVANCED_FACE('',(#11295),#11288,.F.);
#11315=B_SPLINE_CURVE_WITH_KNOTS('',3,(#11304,#11305,#11306,#11307,#11308,
#11309,#11310,#11311,#11312,#11313,#11314),.UNSPECIFIED.,.F.,.F.,(4,1,1,1,1,1,1,
1,4),(0.E0,2.040402309495E-2,1.573985795961E-1,3.232434070748E-1,
5.027467919698E-1,6.728071290738E-1,8.293162621537E-1,9.796664873812E-1,1.E0),
.UNSPECIFIED.);
#11328=ADVANCED_FACE('',(#11327),#11321,.F.);
#11342=EDGE_CURVE('',#5565,#5372,#4035,.T.);
#11345=EDGE_CURVE('',#5566,#5373,#4079,.T.);
#11349=ADVANCED_FACE('',(#11348),#11340,.T.);
#11363=EDGE_CURVE('',#5586,#5393,#4039,.T.);
#11369=ADVANCED_FACE('',(#11368),#11361,.T.);
#11383=EDGE_CURVE('',#5584,#5391,#4043,.T.);
#11389=ADVANCED_FACE('',(#11388),#11381,.T.);
#11403=EDGE_CURVE('',#5582,#5389,#4047,.T.);
#11409=ADVANCED_FACE('',(#11408),#11401,.T.);
#11423=EDGE_CURVE('',#5580,#5387,#4051,.T.);
#11429=ADVANCED_FACE('',(#11428),#11421,.T.);
#11443=EDGE_CURVE('',#5578,#5385,#4055,.T.);
#11449=ADVANCED_FACE('',(#11448),#11441,.T.);
#11463=EDGE_CURVE('',#5576,#5383,#4059,.T.);
#11469=ADVANCED_FACE('',(#11468),#11461,.T.);
#11483=EDGE_CURVE('',#5574,#5381,#4063,.T.);
#11489=ADVANCED_FACE('',(#11488),#11481,.T.);
#11503=EDGE_CURVE('',#5572,#5379,#4067,.T.);
#11509=ADVANCED_FACE('',(#11508),#11501,.T.);
#11523=EDGE_CURVE('',#5570,#5377,#4071,.T.);
#11529=ADVANCED_FACE('',(#11528),#11521,.T.);
#11543=EDGE_CURVE('',#5568,#5375,#4075,.T.);
#11549=ADVANCED_FACE('',(#11548),#11541,.T.);
#11568=ADVANCED_FACE('',(#11567),#11561,.T.);
#11582=B_SPLINE_CURVE_WITH_KNOTS('',3,(#11576,#11577,#11578,#11579,#11580,
#11581),.UNSPECIFIED.,.F.,.F.,(4,1,1,4),(0.E0,2.418655772820E-1,
7.581344227180E-1,1.E0),.UNSPECIFIED.);
#11590=EDGE_CURVE('',#5587,#5394,#4083,.T.);
#11593=EDGE_CURVE('',#5588,#5395,#4095,.T.);
#11597=ADVANCED_FACE('',(#11596),#11588,.F.);
#11611=B_SPLINE_CURVE_WITH_KNOTS('',3,(#11605,#11606,#11607,#11608,#11609,
#11610),.UNSPECIFIED.,.F.,.F.,(4,1,1,4),(0.E0,7.756173792438E-2,
9.224382620756E-1,1.E0),.UNSPECIFIED.);
#11619=EDGE_CURVE('',#5590,#5397,#4087,.T.);
#11625=ADVANCED_FACE('',(#11624),#11617,.F.);
#11639=B_SPLINE_CURVE_WITH_KNOTS('',3,(#11633,#11634,#11635,#11636,#11637,
#11638),.UNSPECIFIED.,.F.,.F.,(4,1,1,4),(0.E0,2.468247004098E-1,
7.531752995902E-1,1.E0),.UNSPECIFIED.);
#11647=EDGE_CURVE('',#5589,#5396,#4091,.T.);
#11653=ADVANCED_FACE('',(#11652),#11645,.F.);
#11670=B_SPLINE_CURVE_WITH_KNOTS('',3,(#11661,#11662,#11663,#11664,#11665,
#11666,#11667,#11668,#11669),.UNSPECIFIED.,.F.,.F.,(4,1,1,1,1,1,4),(0.E0,
2.820939218684E-2,2.699395623124E-1,5.077175499104E-1,7.396545035139E-1,
9.725530723329E-1,1.E0),.UNSPECIFIED.);
#11683=ADVANCED_FACE('',(#11682),#11676,.F.);
#11697=B_SPLINE_CURVE_WITH_KNOTS('',3,(#11691,#11692,#11693,#11694,#11695,
#11696),.UNSPECIFIED.,.F.,.F.,(4,1,1,4),(0.E0,1.698885058119E-1,
8.301114941881E-1,1.E0),.UNSPECIFIED.);
#11705=EDGE_CURVE('',#5591,#5398,#4099,.T.);
#11708=EDGE_CURVE('',#5592,#5399,#4111,.T.);
#11712=ADVANCED_FACE('',(#11711),#11703,.F.);
#11726=B_SPLINE_CURVE_WITH_KNOTS('',3,(#11720,#11721,#11722,#11723,#11724,
#11725),.UNSPECIFIED.,.F.,.F.,(4,1,1,4),(0.E0,6.199989952588E-2,
9.380001004741E-1,1.E0),.UNSPECIFIED.);
#11734=EDGE_CURVE('',#5594,#5401,#4103,.T.);
#11740=ADVANCED_FACE('',(#11739),#11732,.F.);
#11754=B_SPLINE_CURVE_WITH_KNOTS('',3,(#11748,#11749,#11750,#11751,#11752,
#11753),.UNSPECIFIED.,.F.,.F.,(4,1,1,4),(0.E0,1.658187166429E-1,
8.341812833571E-1,1.E0),.UNSPECIFIED.);
#11762=EDGE_CURVE('',#5593,#5400,#4107,.T.);
#11768=ADVANCED_FACE('',(#11767),#11760,.F.);
#11785=B_SPLINE_CURVE_WITH_KNOTS('',3,(#11776,#11777,#11778,#11779,#11780,
#11781,#11782,#11783,#11784),.UNSPECIFIED.,.F.,.F.,(4,1,1,1,1,1,4),(0.E0,
2.185475044850E-2,2.612160363115E-1,4.915814225835E-1,7.318231361587E-1,
9.784761381029E-1,1.E0),.UNSPECIFIED.);
#11798=ADVANCED_FACE('',(#11797),#11791,.F.);
#11812=B_SPLINE_CURVE_WITH_KNOTS('',3,(#11806,#11807,#11808,#11809,#11810,
#11811),.UNSPECIFIED.,.F.,.F.,(4,1,1,4),(0.E0,1.923076923077E-2,
9.807692307692E-1,1.E0),.UNSPECIFIED.);
#11820=EDGE_CURVE('',#5596,#5402,#4115,.T.);
#11823=EDGE_CURVE('',#5595,#5403,#4131,.T.);
#11827=ADVANCED_FACE('',(#11826),#11818,.F.);
#11841=B_SPLINE_CURVE_WITH_KNOTS('',3,(#11835,#11836,#11837,#11838,#11839,
#11840),.UNSPECIFIED.,.F.,.F.,(4,1,1,4),(0.E0,1.923076923077E-2,
9.807692307692E-1,1.E0),.UNSPECIFIED.);
#11849=EDGE_CURVE('',#5599,#5406,#4119,.T.);
#11855=ADVANCED_FACE('',(#11854),#11847,.F.);
#11869=B_SPLINE_CURVE_WITH_KNOTS('',3,(#11863,#11864,#11865,#11866,#11867,
#11868),.UNSPECIFIED.,.F.,.F.,(4,1,1,4),(0.E0,1.213418652276E-1,
8.786581347724E-1,1.E0),.UNSPECIFIED.);
#11877=EDGE_CURVE('',#5598,#5405,#4123,.T.);
#11883=ADVANCED_FACE('',(#11882),#11875,.F.);
#11897=B_SPLINE_CURVE_WITH_KNOTS('',3,(#11891,#11892,#11893,#11894,#11895,
#11896),.UNSPECIFIED.,.F.,.F.,(4,1,1,4),(0.E0,1.483197236474E-1,
8.516802763526E-1,1.E0),.UNSPECIFIED.);
#11905=EDGE_CURVE('',#5597,#5404,#4127,.T.);
#11911=ADVANCED_FACE('',(#11910),#11903,.F.);
#11925=B_SPLINE_CURVE_WITH_KNOTS('',3,(#11919,#11920,#11921,#11922,#11923,
#11924),.UNSPECIFIED.,.F.,.F.,(4,1,1,4),(0.E0,1.212334556809E-1,
8.787665443191E-1,1.E0),.UNSPECIFIED.);
#11938=ADVANCED_FACE('',(#11937),#11931,.F.);
#11952=EDGE_CURVE('',#5602,#5409,#4135,.T.);
#11955=EDGE_CURVE('',#5603,#5410,#4163,.T.);
#11959=ADVANCED_FACE('',(#11958),#11950,.T.);
#11973=EDGE_CURVE('',#5615,#5422,#4139,.T.);
#11979=ADVANCED_FACE('',(#11978),#11971,.T.);
#11993=EDGE_CURVE('',#5613,#5420,#4143,.T.);
#11999=ADVANCED_FACE('',(#11998),#11991,.T.);
#12013=EDGE_CURVE('',#5611,#5418,#4147,.T.);
#12019=ADVANCED_FACE('',(#12018),#12011,.T.);
#12033=EDGE_CURVE('',#5609,#5416,#4151,.T.);
#12039=ADVANCED_FACE('',(#12038),#12031,.T.);
#12053=EDGE_CURVE('',#5607,#5414,#4155,.T.);
#12059=ADVANCED_FACE('',(#12058),#12051,.T.);
#12073=EDGE_CURVE('',#5605,#5412,#4159,.T.);
#12079=ADVANCED_FACE('',(#12078),#12071,.T.);
#12098=ADVANCED_FACE('',(#12097),#12091,.T.);
#12112=EDGE_CURVE('',#5618,#5425,#4167,.T.);
#12115=EDGE_CURVE('',#5619,#5426,#4211,.T.);
#12119=ADVANCED_FACE('',(#12118),#12110,.T.);
#12133=EDGE_CURVE('',#5639,#5446,#4171,.T.);
#12139=ADVANCED_FACE('',(#12138),#12131,.T.);
#12153=EDGE_CURVE('',#5637,#5444,#4175,.T.);
#12159=ADVANCED_FACE('',(#12158),#12151,.T.);
#12173=EDGE_CURVE('',#5635,#5442,#4179,.T.);
#12179=ADVANCED_FACE('',(#12178),#12171,.T.);
#12193=EDGE_CURVE('',#5633,#5440,#4183,.T.);
#12199=ADVANCED_FACE('',(#12198),#12191,.T.);
#12213=EDGE_CURVE('',#5631,#5438,#4187,.T.);
#12219=ADVANCED_FACE('',(#12218),#12211,.T.);
#12233=EDGE_CURVE('',#5629,#5436,#4191,.T.);
#12239=ADVANCED_FACE('',(#12238),#12231,.T.);
#12253=EDGE_CURVE('',#5627,#5434,#4195,.T.);
#12259=ADVANCED_FACE('',(#12258),#12251,.T.);
#12273=EDGE_CURVE('',#5625,#5432,#4199,.T.);
#12279=ADVANCED_FACE('',(#12278),#12271,.T.);
#12293=EDGE_CURVE('',#5623,#5430,#4203,.T.);
#12299=ADVANCED_FACE('',(#12298),#12291,.T.);
#12313=EDGE_CURVE('',#5621,#5428,#4207,.T.);
#12319=ADVANCED_FACE('',(#12318),#12311,.T.);
#12338=ADVANCED_FACE('',(#12337),#12331,.T.);
#12352=B_SPLINE_CURVE_WITH_KNOTS('',3,(#12346,#12347,#12348,#12349,#12350,
#12351),.UNSPECIFIED.,.F.,.F.,(4,1,1,4),(0.E0,2.281358193287E-1,
7.718641806713E-1,1.E0),.UNSPECIFIED.);
#12360=EDGE_CURVE('',#5640,#5447,#4215,.T.);
#12363=EDGE_CURVE('',#5641,#5448,#4223,.T.);
#12367=ADVANCED_FACE('',(#12366),#12358,.F.);
#12386=B_SPLINE_CURVE_WITH_KNOTS('',3,(#12375,#12376,#12377,#12378,#12379,
#12380,#12381,#12382,#12383,#12384,#12385),.UNSPECIFIED.,.F.,.F.,(4,1,1,1,1,1,1,
1,4),(0.E0,4.770420307514E-2,2.100758651791E-1,3.315113034918E-1,
4.460134052755E-1,5.730965728155E-1,7.594763568078E-1,9.550833593582E-1,1.E0),
.UNSPECIFIED.);
#12394=EDGE_CURVE('',#5642,#5449,#4219,.T.);
#12400=ADVANCED_FACE('',(#12399),#12392,.F.);
#12414=B_SPLINE_CURVE_WITH_KNOTS('',3,(#12408,#12409,#12410,#12411,#12412,
#12413),.UNSPECIFIED.,.F.,.F.,(4,1,1,4),(0.E0,1.923076923077E-2,
9.807692307692E-1,1.E0),.UNSPECIFIED.);
#12427=ADVANCED_FACE('',(#12426),#12420,.F.);
#12441=B_SPLINE_CURVE_WITH_KNOTS('',3,(#12435,#12436,#12437,#12438,#12439,
#12440),.UNSPECIFIED.,.F.,.F.,(4,1,1,4),(0.E0,2.808780379868E-1,
7.191219620132E-1,1.E0),.UNSPECIFIED.);
#12449=EDGE_CURVE('',#5643,#5450,#4227,.T.);
#12452=EDGE_CURVE('',#5644,#5451,#4255,.T.);
#12456=ADVANCED_FACE('',(#12455),#12447,.F.);
#12473=B_SPLINE_CURVE_WITH_KNOTS('',3,(#12464,#12465,#12466,#12467,#12468,
#12469,#12470,#12471,#12472),.UNSPECIFIED.,.F.,.F.,(4,1,1,1,1,1,4),(0.E0,
3.720484894140E-2,2.932074813348E-1,4.676365350335E-1,6.313864068063E-1,
9.637698811682E-1,1.E0),.UNSPECIFIED.);
#12481=EDGE_CURVE('',#5650,#5457,#4231,.T.);
#12487=ADVANCED_FACE('',(#12486),#12479,.F.);
#12501=B_SPLINE_CURVE_WITH_KNOTS('',3,(#12495,#12496,#12497,#12498,#12499,
#12500),.UNSPECIFIED.,.F.,.F.,(4,1,1,4),(0.E0,1.992146541464E-1,
8.007853458536E-1,1.E0),.UNSPECIFIED.);
#12509=EDGE_CURVE('',#5649,#5456,#4235,.T.);
#12515=ADVANCED_FACE('',(#12514),#12507,.F.);
#12530=B_SPLINE_CURVE_WITH_KNOTS('',3,(#12523,#12524,#12525,#12526,#12527,
#12528,#12529),.UNSPECIFIED.,.F.,.F.,(4,1,1,1,4),(0.E0,6.828639993913E-2,
4.808708131856E-1,9.346097951787E-1,1.E0),.UNSPECIFIED.);
#12538=EDGE_CURVE('',#5648,#5455,#4239,.T.);
#12544=ADVANCED_FACE('',(#12543),#12536,.F.);
#12558=B_SPLINE_CURVE_WITH_KNOTS('',3,(#12552,#12553,#12554,#12555,#12556,
#12557),.UNSPECIFIED.,.F.,.F.,(4,1,1,4),(0.E0,2.688764794825E-1,
7.311235205175E-1,1.E0),.UNSPECIFIED.);
#12566=EDGE_CURVE('',#5647,#5454,#4243,.T.);
#12572=ADVANCED_FACE('',(#12571),#12564,.F.);
#12587=B_SPLINE_CURVE_WITH_KNOTS('',3,(#12580,#12581,#12582,#12583,#12584,
#12585,#12586),.UNSPECIFIED.,.F.,.F.,(4,1,1,1,4),(0.E0,5.362217612942E-2,
4.154609835419E-1,9.470951714737E-1,1.E0),.UNSPECIFIED.);
#12595=EDGE_CURVE('',#5646,#5453,#4247,.T.);
#12601=ADVANCED_FACE('',(#12600),#12593,.F.);
#12615=B_SPLINE_CURVE_WITH_KNOTS('',3,(#12609,#12610,#12611,#12612,#12613,
#12614),.UNSPECIFIED.,.F.,.F.,(4,1,1,4),(0.E0,1.177318667115E-1,
8.822681332885E-1,1.E0),.UNSPECIFIED.);
#12623=EDGE_CURVE('',#5645,#5452,#4251,.T.);
#12629=ADVANCED_FACE('',(#12628),#12621,.F.);
#12643=B_SPLINE_CURVE_WITH_KNOTS('',3,(#12637,#12638,#12639,#12640,#12641,
#12642),.UNSPECIFIED.,.F.,.F.,(4,1,1,4),(0.E0,2.652700008698E-1,
7.347299991302E-1,1.E0),.UNSPECIFIED.);
#12656=ADVANCED_FACE('',(#12655),#12649,.F.);
#12670=B_SPLINE_CURVE_WITH_KNOTS('',3,(#12664,#12665,#12666,#12667,#12668,
#12669),.UNSPECIFIED.,.F.,.F.,(4,1,1,4),(0.E0,2.612649898765E-1,
7.387350101235E-1,1.E0),.UNSPECIFIED.);
#12678=EDGE_CURVE('',#5651,#5458,#4259,.T.);
#12681=EDGE_CURVE('',#5652,#5459,#4271,.T.);
#12685=ADVANCED_FACE('',(#12684),#12676,.F.);
#12707=B_SPLINE_CURVE_WITH_KNOTS('',3,(#12693,#12694,#12695,#12696,#12697,
#12698,#12699,#12700,#12701,#12702,#12703,#12704,#12705,#12706),.UNSPECIFIED.,
.F.,.F.,(4,1,1,1,1,1,1,1,1,1,1,4),(0.E0,2.363124468146E-2,1.649867164524E-1,
2.798357911686E-1,3.287823370597E-1,4.236834027680E-1,5.413325611569E-1,
6.183845281410E-1,7.304110537415E-1,8.643142630211E-1,9.763170878771E-1,1.E0),
.UNSPECIFIED.);
#12715=EDGE_CURVE('',#5654,#5461,#4263,.T.);
#12721=ADVANCED_FACE('',(#12720),#12713,.F.);
#12735=B_SPLINE_CURVE_WITH_KNOTS('',3,(#12729,#12730,#12731,#12732,#12733,
#12734),.UNSPECIFIED.,.F.,.F.,(4,1,1,4),(0.E0,2.688764794895E-1,
7.311235205105E-1,1.E0),.UNSPECIFIED.);
#12743=EDGE_CURVE('',#5653,#5460,#4267,.T.);
#12749=ADVANCED_FACE('',(#12748),#12741,.F.);
#12772=B_SPLINE_CURVE_WITH_KNOTS('',3,(#12757,#12758,#12759,#12760,#12761,
#12762,#12763,#12764,#12765,#12766,#12767,#12768,#12769,#12770,#12771),
.UNSPECIFIED.,.F.,.F.,(4,1,1,1,1,1,1,1,1,1,1,1,4),(0.E0,2.324243405857E-2,
1.449756870116E-1,2.109012614531E-1,2.620462286064E-1,3.084119925185E-1,
3.963229333364E-1,5.164328386723E-1,5.972795312710E-1,7.096177171787E-1,
8.487579178190E-1,9.766526345531E-1,1.E0),.UNSPECIFIED.);
#12785=ADVANCED_FACE('',(#12784),#12778,.F.);
#12799=B_SPLINE_CURVE_WITH_KNOTS('',3,(#12793,#12794,#12795,#12796,#12797,
#12798),.UNSPECIFIED.,.F.,.F.,(4,1,1,4),(0.E0,1.923076923077E-2,
9.807692307692E-1,1.E0),.UNSPECIFIED.);
#12807=EDGE_CURVE('',#5655,#5462,#4275,.T.);
#12810=EDGE_CURVE('',#5656,#5463,#4319,.T.);
#12814=ADVANCED_FACE('',(#12813),#12805,.F.);
#12828=B_SPLINE_CURVE_WITH_KNOTS('',3,(#12822,#12823,#12824,#12825,#12826,
#12827),.UNSPECIFIED.,.F.,.F.,(4,1,1,4),(0.E0,1.923076923077E-2,
9.807692307692E-1,1.E0),.UNSPECIFIED.);
#12836=EDGE_CURVE('',#5666,#5473,#4279,.T.);
#12842=ADVANCED_FACE('',(#12841),#12834,.F.);
#12856=B_SPLINE_CURVE_WITH_KNOTS('',3,(#12850,#12851,#12852,#12853,#12854,
#12855),.UNSPECIFIED.,.F.,.F.,(4,1,1,4),(0.E0,9.917378230305E-2,
9.008262176969E-1,1.E0),.UNSPECIFIED.);
#12864=EDGE_CURVE('',#5665,#5472,#4283,.T.);
#12870=ADVANCED_FACE('',(#12869),#12862,.F.);
#12884=B_SPLINE_CURVE_WITH_KNOTS('',3,(#12878,#12879,#12880,#12881,#12882,
#12883),.UNSPECIFIED.,.F.,.F.,(4,1,1,4),(0.E0,2.607728506804E-1,
7.392271493196E-1,1.E0),.UNSPECIFIED.);
#12892=EDGE_CURVE('',#5664,#5471,#4287,.T.);
#12898=ADVANCED_FACE('',(#12897),#12890,.F.);
#12912=B_SPLINE_CURVE_WITH_KNOTS('',3,(#12906,#12907,#12908,#12909,#12910,
#12911),.UNSPECIFIED.,.F.,.F.,(4,1,1,4),(0.E0,6.903439975482E-2,
9.309656002452E-1,1.E0),.UNSPECIFIED.);
#12920=EDGE_CURVE('',#5663,#5470,#4291,.T.);
#12926=ADVANCED_FACE('',(#12925),#12918,.F.);
#12941=B_SPLINE_CURVE_WITH_KNOTS('',3,(#12934,#12935,#12936,#12937,#12938,
#12939,#12940),.UNSPECIFIED.,.F.,.F.,(4,1,1,1,4),(0.E0,7.609406320406E-2,
7.634228524894E-1,9.269099895506E-1,1.E0),.UNSPECIFIED.);
#12949=EDGE_CURVE('',#5662,#5469,#4295,.T.);
#12955=ADVANCED_FACE('',(#12954),#12947,.F.);
#12969=B_SPLINE_CURVE_WITH_KNOTS('',3,(#12963,#12964,#12965,#12966,#12967,
#12968),.UNSPECIFIED.,.F.,.F.,(4,1,1,4),(0.E0,2.797428933194E-1,
7.202571066806E-1,1.E0),.UNSPECIFIED.);
#12977=EDGE_CURVE('',#5661,#5468,#4299,.T.);
#12983=ADVANCED_FACE('',(#12982),#12975,.F.);
#12998=B_SPLINE_CURVE_WITH_KNOTS('',3,(#12991,#12992,#12993,#12994,#12995,
#12996,#12997),.UNSPECIFIED.,.F.,.F.,(4,1,1,1,4),(0.E0,1.217316120821E-1,
3.567335421491E-1,8.855617459284E-1,1.E0),.UNSPECIFIED.);
#13006=EDGE_CURVE('',#5660,#5467,#4303,.T.);
#13012=ADVANCED_FACE('',(#13011),#13004,.F.);
#13026=B_SPLINE_CURVE_WITH_KNOTS('',3,(#13020,#13021,#13022,#13023,#13024,
#13025),.UNSPECIFIED.,.F.,.F.,(4,1,1,4),(0.E0,2.504813822173E-1,
7.495186177827E-1,1.E0),.UNSPECIFIED.);
#13034=EDGE_CURVE('',#5659,#5466,#4307,.T.);
#13040=ADVANCED_FACE('',(#13039),#13032,.F.);
#13054=B_SPLINE_CURVE_WITH_KNOTS('',3,(#13048,#13049,#13050,#13051,#13052,
#13053),.UNSPECIFIED.,.F.,.F.,(4,1,1,4),(0.E0,7.800554294560E-2,
9.219944570544E-1,1.E0),.UNSPECIFIED.);
#13062=EDGE_CURVE('',#5658,#5465,#4311,.T.);
#13068=ADVANCED_FACE('',(#13067),#13060,.F.);
#13082=B_SPLINE_CURVE_WITH_KNOTS('',3,(#13076,#13077,#13078,#13079,#13080,
#13081),.UNSPECIFIED.,.F.,.F.,(4,1,1,4),(0.E0,2.513052842562E-1,
7.486947157438E-1,1.E0),.UNSPECIFIED.);
#13090=EDGE_CURVE('',#5657,#5464,#4315,.T.);
#13096=ADVANCED_FACE('',(#13095),#13088,.F.);
#13110=B_SPLINE_CURVE_WITH_KNOTS('',3,(#13104,#13105,#13106,#13107,#13108,
#13109),.UNSPECIFIED.,.F.,.F.,(4,1,1,4),(0.E0,9.970278288196E-2,
9.002972171180E-1,1.E0),.UNSPECIFIED.);
#13123=ADVANCED_FACE('',(#13122),#13116,.F.);
#13137=EDGE_CURVE('',#5669,#5476,#4323,.T.);
#13140=EDGE_CURVE('',#5670,#5477,#4367,.T.);
#13144=ADVANCED_FACE('',(#13143),#13135,.T.);
#13158=EDGE_CURVE('',#5690,#5497,#4327,.T.);
#13164=ADVANCED_FACE('',(#13163),#13156,.T.);
#13178=EDGE_CURVE('',#5688,#5495,#4331,.T.);
#13184=ADVANCED_FACE('',(#13183),#13176,.T.);
#13198=EDGE_CURVE('',#5686,#5493,#4335,.T.);
#13204=ADVANCED_FACE('',(#13203),#13196,.T.);
#13218=EDGE_CURVE('',#5684,#5491,#4339,.T.);
#13224=ADVANCED_FACE('',(#13223),#13216,.T.);
#13238=EDGE_CURVE('',#5682,#5489,#4343,.T.);
#13244=ADVANCED_FACE('',(#13243),#13236,.T.);
#13258=EDGE_CURVE('',#5680,#5487,#4347,.T.);
#13264=ADVANCED_FACE('',(#13263),#13256,.T.);
#13278=EDGE_CURVE('',#5678,#5485,#4351,.T.);
#13284=ADVANCED_FACE('',(#13283),#13276,.T.);
#13298=EDGE_CURVE('',#5676,#5483,#4355,.T.);
#13304=ADVANCED_FACE('',(#13303),#13296,.T.);
#13318=EDGE_CURVE('',#5674,#5481,#4359,.T.);
#13324=ADVANCED_FACE('',(#13323),#13316,.T.);
#13338=EDGE_CURVE('',#5672,#5479,#4363,.T.);
#13344=ADVANCED_FACE('',(#13343),#13336,.T.);
#13363=ADVANCED_FACE('',(#13362),#13356,.T.);
#13377=B_SPLINE_CURVE_WITH_KNOTS('',3,(#13371,#13372,#13373,#13374,#13375,
#13376),.UNSPECIFIED.,.F.,.F.,(4,1,1,4),(0.E0,2.418655772763E-1,
7.581344227237E-1,1.E0),.UNSPECIFIED.);
#13385=EDGE_CURVE('',#5691,#5498,#4371,.T.);
#13388=EDGE_CURVE('',#5692,#5499,#4383,.T.);
#13392=ADVANCED_FACE('',(#13391),#13383,.F.);
#13406=B_SPLINE_CURVE_WITH_KNOTS('',3,(#13400,#13401,#13402,#13403,#13404,
#13405),.UNSPECIFIED.,.F.,.F.,(4,1,1,4),(0.E0,7.756173792438E-2,
9.224382620756E-1,1.E0),.UNSPECIFIED.);
#13414=EDGE_CURVE('',#5694,#5501,#4375,.T.);
#13420=ADVANCED_FACE('',(#13419),#13412,.F.);
#13434=B_SPLINE_CURVE_WITH_KNOTS('',3,(#13428,#13429,#13430,#13431,#13432,
#13433),.UNSPECIFIED.,.F.,.F.,(4,1,1,4),(0.E0,2.468247004097E-1,
7.531752995903E-1,1.E0),.UNSPECIFIED.);
#13442=EDGE_CURVE('',#5693,#5500,#4379,.T.);
#13448=ADVANCED_FACE('',(#13447),#13440,.F.);
#13465=B_SPLINE_CURVE_WITH_KNOTS('',3,(#13456,#13457,#13458,#13459,#13460,
#13461,#13462,#13463,#13464),.UNSPECIFIED.,.F.,.F.,(4,1,1,1,1,1,4),(0.E0,
2.820939218713E-2,2.699395623148E-1,5.077175499179E-1,7.396545035167E-1,
9.725530723327E-1,1.E0),.UNSPECIFIED.);
#13478=ADVANCED_FACE('',(#13477),#13471,.F.);
#13492=B_SPLINE_CURVE_WITH_KNOTS('',3,(#13486,#13487,#13488,#13489,#13490,
#13491),.UNSPECIFIED.,.F.,.F.,(4,1,1,4),(0.E0,1.698885058119E-1,
8.301114941881E-1,1.E0),.UNSPECIFIED.);
#13500=EDGE_CURVE('',#5695,#5502,#4387,.T.);
#13503=EDGE_CURVE('',#5696,#5503,#4399,.T.);
#13507=ADVANCED_FACE('',(#13506),#13498,.F.);
#13521=B_SPLINE_CURVE_WITH_KNOTS('',3,(#13515,#13516,#13517,#13518,#13519,
#13520),.UNSPECIFIED.,.F.,.F.,(4,1,1,4),(0.E0,6.199989952588E-2,
9.380001004741E-1,1.E0),.UNSPECIFIED.);
#13529=EDGE_CURVE('',#5698,#5505,#4391,.T.);
#13535=ADVANCED_FACE('',(#13534),#13527,.F.);
#13549=B_SPLINE_CURVE_WITH_KNOTS('',3,(#13543,#13544,#13545,#13546,#13547,
#13548),.UNSPECIFIED.,.F.,.F.,(4,1,1,4),(0.E0,1.658187166456E-1,
8.341812833544E-1,1.E0),.UNSPECIFIED.);
#13557=EDGE_CURVE('',#5697,#5504,#4395,.T.);
#13563=ADVANCED_FACE('',(#13562),#13555,.F.);
#13580=B_SPLINE_CURVE_WITH_KNOTS('',3,(#13571,#13572,#13573,#13574,#13575,
#13576,#13577,#13578,#13579),.UNSPECIFIED.,.F.,.F.,(4,1,1,1,1,1,4),(0.E0,
2.185475044852E-2,2.612160363103E-1,4.915814225878E-1,7.318231361609E-1,
9.784761381029E-1,1.E0),.UNSPECIFIED.);
#13593=ADVANCED_FACE('',(#13592),#13586,.F.);
#13607=B_SPLINE_CURVE_WITH_KNOTS('',3,(#13601,#13602,#13603,#13604,#13605,
#13606),.UNSPECIFIED.,.F.,.F.,(4,1,1,4),(0.E0,1.923076923077E-2,
9.807692307692E-1,1.E0),.UNSPECIFIED.);
#13615=EDGE_CURVE('',#5700,#5506,#4403,.T.);
#13618=EDGE_CURVE('',#5699,#5507,#4419,.T.);
#13622=ADVANCED_FACE('',(#13621),#13613,.F.);
#13636=B_SPLINE_CURVE_WITH_KNOTS('',3,(#13630,#13631,#13632,#13633,#13634,
#13635),.UNSPECIFIED.,.F.,.F.,(4,1,1,4),(0.E0,1.923076923077E-2,
9.807692307692E-1,1.E0),.UNSPECIFIED.);
#13644=EDGE_CURVE('',#5703,#5510,#4407,.T.);
#13650=ADVANCED_FACE('',(#13649),#13642,.F.);
#13664=B_SPLINE_CURVE_WITH_KNOTS('',3,(#13658,#13659,#13660,#13661,#13662,
#13663),.UNSPECIFIED.,.F.,.F.,(4,1,1,4),(0.E0,1.213418652283E-1,
8.786581347717E-1,1.E0),.UNSPECIFIED.);
#13672=EDGE_CURVE('',#5702,#5509,#4411,.T.);
#13678=ADVANCED_FACE('',(#13677),#13670,.F.);
#13692=B_SPLINE_CURVE_WITH_KNOTS('',3,(#13686,#13687,#13688,#13689,#13690,
#13691),.UNSPECIFIED.,.F.,.F.,(4,1,1,4),(0.E0,1.483197236474E-1,
8.516802763526E-1,1.E0),.UNSPECIFIED.);
#13700=EDGE_CURVE('',#5701,#5508,#4415,.T.);
#13706=ADVANCED_FACE('',(#13705),#13698,.F.);
#13720=B_SPLINE_CURVE_WITH_KNOTS('',3,(#13714,#13715,#13716,#13717,#13718,
#13719),.UNSPECIFIED.,.F.,.F.,(4,1,1,4),(0.E0,1.212334556802E-1,
8.787665443198E-1,1.E0),.UNSPECIFIED.);
#13733=ADVANCED_FACE('',(#13732),#13726,.F.);
#13747=EDGE_CURVE('',#5706,#5513,#4423,.T.);
#13750=EDGE_CURVE('',#5707,#5514,#4451,.T.);
#13754=ADVANCED_FACE('',(#13753),#13745,.T.);
#13768=EDGE_CURVE('',#5719,#5526,#4427,.T.);
#13774=ADVANCED_FACE('',(#13773),#13766,.T.);
#13788=EDGE_CURVE('',#5717,#5524,#4431,.T.);
#13794=ADVANCED_FACE('',(#13793),#13786,.T.);
#13808=EDGE_CURVE('',#5715,#5522,#4435,.T.);
#13814=ADVANCED_FACE('',(#13813),#13806,.T.);
#13828=EDGE_CURVE('',#5713,#5520,#4439,.T.);
#13834=ADVANCED_FACE('',(#13833),#13826,.T.);
#13848=EDGE_CURVE('',#5711,#5518,#4443,.T.);
#13854=ADVANCED_FACE('',(#13853),#13846,.T.);
#13868=EDGE_CURVE('',#5709,#5516,#4447,.T.);
#13874=ADVANCED_FACE('',(#13873),#13866,.T.);
#13893=ADVANCED_FACE('',(#13892),#13886,.T.);
#13910=B_SPLINE_CURVE_WITH_KNOTS('',3,(#13901,#13902,#13903,#13904,#13905,
#13906,#13907,#13908,#13909),.UNSPECIFIED.,.F.,.F.,(4,1,1,1,1,1,4),(0.E0,
1.149459825282E-2,2.290743901324E-1,5.601367437621E-1,8.470344522484E-1,
9.885191813037E-1,1.E0),.UNSPECIFIED.);
#13918=EDGE_CURVE('',#5720,#5527,#4455,.T.);
#13921=EDGE_CURVE('',#5721,#5528,#4515,.T.);
#13925=ADVANCED_FACE('',(#13924),#13916,.T.);
#13941=B_SPLINE_CURVE_WITH_KNOTS('',3,(#13933,#13934,#13935,#13936,#13937,
#13938,#13939,#13940),.UNSPECIFIED.,.F.,.F.,(4,1,1,1,1,4),(0.E0,
1.369900924441E-2,2.822621009276E-1,5.519693909539E-1,9.863568320359E-1,1.E0),
.UNSPECIFIED.);
#13949=EDGE_CURVE('',#5735,#5542,#4459,.T.);
#13955=ADVANCED_FACE('',(#13954),#13947,.T.);
#13969=B_SPLINE_CURVE_WITH_KNOTS('',3,(#13963,#13964,#13965,#13966,#13967,
#13968),.UNSPECIFIED.,.F.,.F.,(4,1,1,4),(0.E0,1.923076923077E-2,
9.807692307692E-1,1.E0),.UNSPECIFIED.);
#13977=EDGE_CURVE('',#5734,#5541,#4463,.T.);
#13983=ADVANCED_FACE('',(#13982),#13975,.T.);
#13997=B_SPLINE_CURVE_WITH_KNOTS('',3,(#13991,#13992,#13993,#13994,#13995,
#13996),.UNSPECIFIED.,.F.,.F.,(4,1,1,4),(0.E0,1.923076923077E-2,
9.807692307692E-1,1.E0),.UNSPECIFIED.);
#14005=EDGE_CURVE('',#5733,#5540,#4467,.T.);
#14011=ADVANCED_FACE('',(#14010),#14003,.T.);
#14025=B_SPLINE_CURVE_WITH_KNOTS('',3,(#14019,#14020,#14021,#14022,#14023,
#14024),.UNSPECIFIED.,.F.,.F.,(4,1,1,4),(0.E0,1.365341354114E-1,
8.634658645886E-1,1.E0),.UNSPECIFIED.);
#14033=EDGE_CURVE('',#5732,#5539,#4471,.T.);
#14039=ADVANCED_FACE('',(#14038),#14031,.T.);
#14055=B_SPLINE_CURVE_WITH_KNOTS('',3,(#14047,#14048,#14049,#14050,#14051,
#14052,#14053,#14054),.UNSPECIFIED.,.F.,.F.,(4,1,1,1,1,4),(0.E0,
5.143455983761E-2,1.104768440006E-1,5.360164824118E-1,9.480579527912E-1,1.E0),
.UNSPECIFIED.);
#14063=EDGE_CURVE('',#5731,#5538,#4475,.T.);
#14069=ADVANCED_FACE('',(#14068),#14061,.T.);
#14083=B_SPLINE_CURVE_WITH_KNOTS('',3,(#14077,#14078,#14079,#14080,#14081,
#14082),.UNSPECIFIED.,.F.,.F.,(4,1,1,4),(0.E0,1.533618322638E-1,
8.466381677362E-1,1.E0),.UNSPECIFIED.);
#14091=EDGE_CURVE('',#5730,#5537,#4479,.T.);
#14097=ADVANCED_FACE('',(#14096),#14089,.T.);
#14113=B_SPLINE_CURVE_WITH_KNOTS('',3,(#14105,#14106,#14107,#14108,#14109,
#14110,#14111,#14112),.UNSPECIFIED.,.F.,.F.,(4,1,1,1,1,4),(0.E0,
2.285195373254E-2,5.686712626586E-2,5.258885313305E-1,9.772313353951E-1,1.E0),
.UNSPECIFIED.);
#14121=EDGE_CURVE('',#5729,#5536,#4483,.T.);
#14127=ADVANCED_FACE('',(#14126),#14119,.T.);
#14142=B_SPLINE_CURVE_WITH_KNOTS('',3,(#14135,#14136,#14137,#14138,#14139,
#14140,#14141),.UNSPECIFIED.,.F.,.F.,(4,1,1,1,4),(0.E0,1.473221093658E-2,
4.685991617003E-1,9.853645152528E-1,1.E0),.UNSPECIFIED.);
#14150=EDGE_CURVE('',#5728,#5535,#4487,.T.);
#14156=ADVANCED_FACE('',(#14155),#14148,.T.);
#14172=B_SPLINE_CURVE_WITH_KNOTS('',3,(#14164,#14165,#14166,#14167,#14168,
#14169,#14170,#14171),.UNSPECIFIED.,.F.,.F.,(4,1,1,1,1,4),(0.E0,
1.677087847920E-2,3.633505529929E-1,8.095945612077E-1,9.834007075132E-1,1.E0),
.UNSPECIFIED.);
#14180=EDGE_CURVE('',#5727,#5534,#4491,.T.);
#14186=ADVANCED_FACE('',(#14185),#14178,.T.);
#14201=B_SPLINE_CURVE_WITH_KNOTS('',3,(#14194,#14195,#14196,#14197,#14198,
#14199,#14200),.UNSPECIFIED.,.F.,.F.,(4,1,1,1,4),(0.E0,2.516452508889E-2,
4.217976527741E-1,9.750171002101E-1,1.E0),.UNSPECIFIED.);
#14209=EDGE_CURVE('',#5726,#5533,#4495,.T.);
#14215=ADVANCED_FACE('',(#14214),#14207,.T.);
#14229=B_SPLINE_CURVE_WITH_KNOTS('',3,(#14223,#14224,#14225,#14226,#14227,
#14228),.UNSPECIFIED.,.F.,.F.,(4,1,1,4),(0.E0,5.818295619813E-2,
9.418170438019E-1,1.E0),.UNSPECIFIED.);
#14237=EDGE_CURVE('',#5725,#5532,#4499,.T.);
#14243=ADVANCED_FACE('',(#14242),#14235,.T.);
#14257=B_SPLINE_CURVE_WITH_KNOTS('',3,(#14251,#14252,#14253,#14254,#14255,
#14256),.UNSPECIFIED.,.F.,.F.,(4,1,1,4),(0.E0,1.224283740122E-1,
8.775716259878E-1,1.E0),.UNSPECIFIED.);
#14265=EDGE_CURVE('',#5724,#5531,#4503,.T.);
#14271=ADVANCED_FACE('',(#14270),#14263,.T.);
#14285=B_SPLINE_CURVE_WITH_KNOTS('',3,(#14279,#14280,#14281,#14282,#14283,
#14284),.UNSPECIFIED.,.F.,.F.,(4,1,1,4),(0.E0,5.584209374847E-2,
9.441579062515E-1,1.E0),.UNSPECIFIED.);
#14293=EDGE_CURVE('',#5723,#5530,#4507,.T.);
#14299=ADVANCED_FACE('',(#14298),#14291,.T.);
#14315=B_SPLINE_CURVE_WITH_KNOTS('',3,(#14307,#14308,#14309,#14310,#14311,
#14312,#14313,#14314),.UNSPECIFIED.,.F.,.F.,(4,1,1,1,1,4),(0.E0,
1.924600435478E-2,4.380383466969E-1,9.449862142856E-1,9.808328417746E-1,1.E0),
.UNSPECIFIED.);
#14323=EDGE_CURVE('',#5722,#5529,#4511,.T.);
#14329=ADVANCED_FACE('',(#14328),#14321,.T.);
#14347=B_SPLINE_CURVE_WITH_KNOTS('',3,(#14337,#14338,#14339,#14340,#14341,
#14342,#14343,#14344,#14345,#14346),.UNSPECIFIED.,.F.,.F.,(4,1,1,1,1,1,1,4),(
0.E0,1.035308871857E-2,5.734595833440E-2,3.109991054764E-1,5.619921648041E-1,
7.997611452922E-1,9.896624420903E-1,1.E0),.UNSPECIFIED.);
#14360=ADVANCED_FACE('',(#14359),#14353,.T.);
#14374=EDGE_CURVE('',#5309,#5313,#4525,.T.);
#14376=EDGE_CURVE('',#5313,#5312,#4549,.T.);
#14378=EDGE_CURVE('',#5308,#5312,#4535,.T.);
#14382=ADVANCED_FACE('',(#14381),#14372,.T.);
#14397=EDGE_CURVE('',#5312,#5313,#4540,.T.);
#14402=ADVANCED_FACE('',(#14401),#14394,.T.);
#14416=EDGE_CURVE('',#5312,#5316,#4544,.T.);
#14418=EDGE_CURVE('',#5316,#5317,#4568,.T.);
#14420=EDGE_CURVE('',#5313,#5317,#4553,.T.);
#14424=ADVANCED_FACE('',(#14423),#14414,.T.);
#14439=EDGE_CURVE('',#5317,#5316,#4558,.T.);
#14444=ADVANCED_FACE('',(#14443),#14436,.T.);
#14458=EDGE_CURVE('',#5317,#5321,#4563,.T.);
#14460=EDGE_CURVE('',#5321,#5320,#4587,.T.);
#14462=EDGE_CURVE('',#5316,#5320,#4573,.T.);
#14466=ADVANCED_FACE('',(#14465),#14456,.T.);
#14481=EDGE_CURVE('',#5320,#5321,#4578,.T.);
#14486=ADVANCED_FACE('',(#14485),#14478,.T.);
#14500=EDGE_CURVE('',#5320,#5324,#4582,.T.);
#14502=EDGE_CURVE('',#5324,#5325,#4606,.T.);
#14504=EDGE_CURVE('',#5321,#5325,#4591,.T.);
#14508=ADVANCED_FACE('',(#14507),#14498,.T.);
#14523=EDGE_CURVE('',#5325,#5324,#4596,.T.);
#14528=ADVANCED_FACE('',(#14527),#14520,.T.);
#14542=EDGE_CURVE('',#5325,#5329,#4601,.T.);
#14544=EDGE_CURVE('',#5329,#5328,#4625,.T.);
#14546=EDGE_CURVE('',#5324,#5328,#4611,.T.);
#14550=ADVANCED_FACE('',(#14549),#14540,.T.);
#14565=EDGE_CURVE('',#5328,#5329,#4616,.T.);
#14570=ADVANCED_FACE('',(#14569),#14562,.T.);
#14584=EDGE_CURVE('',#5328,#5332,#4620,.T.);
#14586=EDGE_CURVE('',#5332,#5333,#4634,.T.);
#14588=EDGE_CURVE('',#5329,#5333,#4629,.T.);
#14592=ADVANCED_FACE('',(#14591),#14582,.T.);
#14607=EDGE_CURVE('',#5333,#5332,#4639,.T.);
#14612=ADVANCED_FACE('',(#14611),#14604,.T.);
#14629=ADVANCED_FACE('',(#14628),#14624,.T.);
#14637=CLOSED_SHELL('',(#5783,#5817,#5843,#5864,#5918,#5947,#5967,#5999,#6023,
#6044,#6065,#6101,#6146,#6249,#6281,#6302,#6335,#6355,#6380,#6400,#6419,#6448,
#6474,#6493,#6521,#6542,#6863,#6882,#6905,#6930,#6951,#6974,#6999,#7025,#7047,
#7075,#7127,#7147,#7169,#7189,#7210,#7232,#7280,#7302,#7326,#7350,#7371,#7392,
#7413,#7437,#7460,#7481,#7502,#7527,#7547,#7567,#7592,#7612,#7632,#7651,#7670,
#7690,#7711,#7730,#7749,#7768,#7797,#7818,#7850,#7884,#7907,#7929,#7955,#7979,
#8010,#8035,#8060,#8080,#8099,#8119,#8138,#8164,#8183,#8200,#8217,#8237,#8257,
#8277,#8305,#8326,#8358,#8392,#8415,#8437,#8463,#8487,#8508,#8534,#8559,#8588,
#8605,#8622,#8641,#8661,#8680,#8700,#8725,#8745,#8773,#8792,#8812,#8840,#8862,
#8887,#8908,#8928,#8956,#9002,#9021,#9041,#9062,#9082,#9101,#9131,#9152,#9181,
#9201,#9225,#9245,#9264,#9293,#9319,#9338,#9364,#9383,#9402,#9424,#9444,#9466,
#9486,#9508,#9528,#9550,#9570,#9592,#9612,#9634,#9654,#9671,#9701,#9722,#9751,
#9771,#9795,#9815,#9834,#9863,#9889,#9908,#9934,#9953,#9972,#9994,#10014,#10036,
#10056,#10078,#10098,#10120,#10140,#10162,#10182,#10204,#10224,#10241,#10260,
#10284,#10306,#10326,#10348,#10368,#10390,#10410,#10432,#10452,#10474,#10494,
#10516,#10536,#10553,#10572,#10594,#10614,#10641,#10664,#10703,#10736,#10779,
#10818,#10857,#10880,#10919,#10958,#10991,#11034,#11085,#11106,#11126,#11146,
#11166,#11186,#11205,#11235,#11268,#11296,#11328,#11349,#11369,#11389,#11409,
#11429,#11449,#11469,#11489,#11509,#11529,#11549,#11568,#11597,#11625,#11653,
#11683,#11712,#11740,#11768,#11798,#11827,#11855,#11883,#11911,#11938,#11959,
#11979,#11999,#12019,#12039,#12059,#12079,#12098,#12119,#12139,#12159,#12179,
#12199,#12219,#12239,#12259,#12279,#12299,#12319,#12338,#12367,#12400,#12427,
#12456,#12487,#12515,#12544,#12572,#12601,#12629,#12656,#12685,#12721,#12749,
#12785,#12814,#12842,#12870,#12898,#12926,#12955,#12983,#13012,#13040,#13068,
#13096,#13123,#13144,#13164,#13184,#13204,#13224,#13244,#13264,#13284,#13304,
#13324,#13344,#13363,#13392,#13420,#13448,#13478,#13507,#13535,#13563,#13593,
#13622,#13650,#13678,#13706,#13733,#13754,#13774,#13794,#13814,#13834,#13854,
#13874,#13893,#13925,#13955,#13983,#14011,#14039,#14069,#14097,#14127,#14156,
#14186,#14215,#14243,#14271,#14299,#14329,#14360,#14382,#14402,#14424,#14444,
#14466,#14486,#14508,#14528,#14550,#14570,#14592,#14612,#14629));
#14638=MANIFOLD_SOLID_BREP('',#14637);
#14639=(LENGTH_UNIT()NAMED_UNIT(*)SI_UNIT(.MILLI.,.METRE.));
#14640=(NAMED_UNIT(*)PLANE_ANGLE_UNIT()SI_UNIT($,.RADIAN.));
#14643=(NAMED_UNIT(*)SI_UNIT($,.STERADIAN.)SOLID_ANGLE_UNIT());
#14645=(GEOMETRIC_REPRESENTATION_CONTEXT(3)GLOBAL_UNCERTAINTY_ASSIGNED_CONTEXT((
#14644))GLOBAL_UNIT_ASSIGNED_CONTEXT((#14639,#14642,#14643))REPRESENTATION_CONTEXT('ID1','3'));
#14646=ADVANCED_BREP_SHAPE_REPRESENTATION('',(#14638),#14645);
#14654=PRODUCT_DEFINITION('part definition','',#14653,#14650);
#14655=PRODUCT_DEFINITION_SHAPE('','SHAPE FOR RJ11-TH_FRJ11008-1100K6K20.',
#14654);
#14656=SHAPE_ASPECT('','solid data associated with RJ11-TH_FRJ11008-1100K6K20',
#14655,.F.);
#14657=PROPERTY_DEFINITION('',
'shape for solid data with which properties are associated',#14656);
#14658=SHAPE_REPRESENTATION('',(#14638),#14645);
#14659=SHAPE_DEFINITION_REPRESENTATION(#14657,#14658);
#14660=(LENGTH_UNIT()NAMED_UNIT(*)SI_UNIT(.MILLI.,.METRE.));
#14664=PROPERTY_DEFINITION('geometric validation property',
'area of RJ11-TH_FRJ11008-1100K6K20',#14656);
#14665=REPRESENTATION('surface area',(#14663),#14645);
#14666=PROPERTY_DEFINITION_REPRESENTATION(#14664,#14665);
#14667=(LENGTH_UNIT()NAMED_UNIT(*)SI_UNIT(.MILLI.,.METRE.));
#14671=PROPERTY_DEFINITION('geometric validation property',
'volume of RJ11-TH_FRJ11008-1100K6K20',#14656);
#14672=REPRESENTATION('volume',(#14670),#14645);
#14673=PROPERTY_DEFINITION_REPRESENTATION(#14671,#14672);
#14675=PROPERTY_DEFINITION('geometric validation property',
'centroid of RJ11-TH_FRJ11008-1100K6K20',#14656);
#14676=REPRESENTATION('centroid',(#14674),#14645);
#14677=PROPERTY_DEFINITION_REPRESENTATION(#14675,#14676);
#14678=(LENGTH_UNIT()NAMED_UNIT(*)SI_UNIT(.MILLI.,.METRE.));
#14682=PROPERTY_DEFINITION('geometric validation property',
'area of RJ11-TH_FRJ11008-1100K6K20',#14655);
#14683=REPRESENTATION('surface area',(#14681),#14645);
#14684=PROPERTY_DEFINITION_REPRESENTATION(#14682,#14683);
#14685=(LENGTH_UNIT()NAMED_UNIT(*)SI_UNIT(.MILLI.,.METRE.));
#14689=PROPERTY_DEFINITION('geometric validation property',
'volume of RJ11-TH_FRJ11008-1100K6K20',#14655);
#14690=REPRESENTATION('volume',(#14688),#14645);
#14691=PROPERTY_DEFINITION_REPRESENTATION(#14689,#14690);
#14693=PROPERTY_DEFINITION('geometric validation property',
'centroid of RJ11-TH_FRJ11008-1100K6K20',#14655);
#14694=REPRESENTATION('centroid',(#14692),#14645);
#14695=PROPERTY_DEFINITION_REPRESENTATION(#14693,#14694);
#14696=SHAPE_DEFINITION_REPRESENTATION(#14655,#14646);
ENDSEC;
END-ISO-10303-21;
