#VRML V2.0 utf8
# 3D model generated by easyeda2kicad.py (https://github.com/uPesy/easyeda2kicad.py)

Shape{
    appearance Appearance {
        material  Material 	{
            diffuseColor 1.0 1.0 1.0
            specularColor 0.5019607843137255 0.5019607843137255 0.5019607843137255
            ambientIntensity 0.2
            transparency 0
            shininess 0.5
        }
    }
    geometry IndexedFaceSet {
        ccw TRUE
        solid FALSE
        coord DEF co Coordinate {
            point [
                1.1417 -0.3303 -0.3543, 1.1811 -0.3303 -0.3543, 1.1417 -0.6299 -0.3543, 1.1811 -0.6299 -0.3543, 1.1407 -0.6387 -0.3543, 1.1791 -0.6474 -0.3543, 1.1378 -0.647 -0.3543, 1.1733 -0.6641 -0.3543, 1.1331 -0.6545 -0.3543, 1.1639 -0.679 -0.3543, 1.1269 -0.6607 -0.3543, 1.1515 -0.6915 -0.3543, 1.1194 -0.6654 -0.3543, 1.1365 -0.7009 -0.3543, 1.1111 -0.6683 -0.3543, 1.1199 -0.7067 -0.3543, 1.1024 -0.6693 -0.3543, 1.1024 -0.7087 -0.3543, 0.4818 -0.6693 -0.3543, 0.4818 -0.7087 -0.3543, 0.4818 0.6693 -0.3543, 0.4818 0.7087 -0.3543, 1.1024 0.6693 -0.3543, 1.1024 0.7087 -0.3543, 1.1111 0.6683 -0.3543, 1.1199 0.7067 -0.3543, 1.1194 0.6654 -0.3543, 1.1365 0.7009 -0.3543, 1.1269 0.6607 -0.3543, 1.1515 0.6915 -0.3543, 1.1331 0.6545 -0.3543, 1.1639 0.679 -0.3543, 1.1378 0.647 -0.3543, 1.1733 0.6641 -0.3543, 1.1407 0.6387 -0.3543, 1.1791 0.6474 -0.3543, 1.1417 0.6299 -0.3543, 1.1811 0.6299 -0.3543, 1.1417 0.3303 -0.3543, 1.1811 0.3303 -0.3543, -1.0827 -0.6693 -0.0394, -1.0827 -0.6693 0.0, -1.0827 -0.19 -0.0394, -1.0827 -0.19 0.0, 1.0827 0.6693 -0.0394, 1.0827 0.6693 0.0, 1.0827 0.19 -0.0394, 1.0827 0.19 0.0, -0.4826 -0.2546 0.315, -0.4921 -0.2506 0.315, -0.657 -0.342 0.315, -0.5003 -0.2444 0.315, -0.5065 -0.2362 0.315, -0.5105 0.2267 0.315, -0.5065 0.2362 0.315, -0.657 0.342 0.315, -0.5003 0.2444 0.315, -0.4921 0.2506 0.315, 0.4826 0.2546 0.315, 0.4921 0.2506 0.315, 0.657 0.342 0.315, 0.5003 0.2444 0.315, 0.5065 0.2362 0.315, 0.5105 0.2267 0.315, 0.5118 0.2165 0.315, 0.657 -0.342 0.315, 0.5118 -0.2165 0.315, 0.5105 -0.2267 0.315, 0.5065 -0.2362 0.315, 0.5003 -0.2444 0.315, 0.4921 -0.2506 0.315, 0.4826 -0.2546 0.315, 0.4724 -0.2559 0.315, -0.4724 -0.2559 0.315, -0.5105 -0.2267 0.315, -0.5118 -0.2165 0.315, -0.5118 0.2165 0.315, -0.4826 0.2546 0.315, -0.4724 0.2559 0.315, 0.4724 0.2559 0.315, -0.8744 0.4675 0.0, -0.859 0.5003 0.0, -1.0827 0.6693 0.0, -0.8361 0.5279 0.0, -0.8067 0.549 0.0, -1.1811 0.19 0.0, -1.1811 -0.19 0.0, -1.0827 0.19 0.0, -0.8773 -0.457 0.0, 1.1811 -0.19 0.0, 1.1811 0.19 0.0, 1.0827 -0.19 0.0, 0.8744 -0.4675 0.0, 0.859 -0.5003 0.0, 1.0827 -0.6693 0.0, 0.8361 -0.5279 0.0, 0.8067 -0.549 0.0, -0.864 -0.4918 0.0, -0.8429 -0.5212 0.0, 0.7459 0.5665 0.0, 0.7824 0.5594 0.0, 0.8152 0.544 0.0, 0.8429 0.5212 0.0, -0.8819 -0.419 0.0, -0.8819 0.419 0.0, -0.8815 0.4309 0.0, 0.864 0.4918 0.0, 0.8773 0.457 0.0, 0.8819 0.419 0.0, 0.8819 -0.419 0.0, 0.8815 -0.4309 0.0, -0.7459 -0.5665 0.0, -0.7824 -0.5594 0.0, -0.8152 -0.544 0.0, -0.772 0.5624 0.0, -0.7339 0.5669 0.0, 0.7339 0.5669 0.0, 0.772 -0.5624 0.0, 0.7339 -0.5669 0.0, -0.7339 -0.5669 0.0, -1.1811 -0.19 -0.0394, -1.1811 0.19 -0.0394, -1.0827 0.19 -0.0394, -1.0827 0.6693 -0.0394, 1.1811 0.19 -0.0394, 1.1811 -0.19 -0.0394, 1.0827 -0.19 -0.0394, 1.0827 -0.6693 -0.0394, -1.0827 -0.7087 -0.0394, -1.0827 -0.7073 -0.0292, -1.0827 -0.7034 -0.0197, -1.0827 -0.6971 -0.0115, -1.0827 -0.689 -0.0053, -1.0827 -0.6795 -0.0013, 1.0827 -0.7087 -0.0394, 1.0827 -0.7073 -0.0292, 1.0827 -0.7034 -0.0197, 1.0827 -0.6971 -0.0115, 1.0827 -0.689 -0.0053, 1.0827 -0.6795 -0.0013, -1.0827 -0.7087 -0.2362, -1.0827 -0.6693 -0.2362, -0.4818 -0.6693 -0.3543, -0.4818 -0.7087 -0.3543, -1.1024 -0.6693 -0.3543, -1.1024 -0.7087 -0.3543, -1.1111 -0.6683 -0.3543, -1.1199 -0.7067 -0.3543, -1.1194 -0.6654 -0.3543, -1.1365 -0.7009 -0.3543, -1.1269 -0.6607 -0.3543, -1.1515 -0.6915 -0.3543, -1.1331 -0.6545 -0.3543, -1.1639 -0.679 -0.3543, -1.1378 -0.647 -0.3543, -1.1733 -0.6641 -0.3543, -1.1407 -0.6387 -0.3543, -1.1791 -0.6474 -0.3543, -1.1417 -0.6299 -0.3543, -1.1811 -0.6299 -0.3543, -1.1417 -0.3303 -0.3543, -1.1811 -0.3303 -0.3543, 1.0827 -0.6693 -0.2362, 1.0827 -0.7087 -0.2362, 1.1024 -0.7087 -0.2362, 0.3243 -0.7087 -0.1969, -1.1024 -0.7087 -0.2362, -0.3243 -0.7087 -0.1969, -1.1024 -0.6693 -0.2362, 1.1024 -0.6693 -0.2362, 0.3243 -0.6693 -0.1969, -0.3243 -0.6693 -0.1969, 1.0827 0.7001 -0.0148, 1.0827 0.6938 -0.0086, 1.0827 0.7087 -0.0394, 1.0827 0.7077 -0.0306, 1.0827 0.7048 -0.0223, 1.0827 0.6864 -0.0039, 1.0827 0.6781 -0.001, -1.0827 0.7087 -0.0394, -1.0827 0.7077 -0.0306, -1.0827 0.7048 -0.0223, -1.0827 0.7001 -0.0148, -1.0827 0.6938 -0.0086, -1.0827 0.6864 -0.0039, -1.0827 0.6781 -0.001, 1.0827 0.7087 -0.2362, 1.0827 0.6693 -0.2362, -1.1417 0.3303 -0.3543, -1.1811 0.3303 -0.3543, -1.1417 0.6299 -0.3543, -1.1811 0.6299 -0.3543, -1.1407 0.6387 -0.3543, -1.1791 0.6474 -0.3543, -1.1378 0.647 -0.3543, -1.1733 0.6641 -0.3543, -1.1331 0.6545 -0.3543, -1.1639 0.679 -0.3543, -1.1269 0.6607 -0.3543, -1.1515 0.6915 -0.3543, -1.1194 0.6654 -0.3543, -1.1365 0.7009 -0.3543, -1.1111 0.6683 -0.3543, -1.1199 0.7067 -0.3543, -1.1024 0.6693 -0.3543, -1.1024 0.7087 -0.3543, -0.4818 0.6693 -0.3543, -0.4818 0.7087 -0.3543, -1.0827 0.6693 -0.2362, -1.0827 0.7087 -0.2362, -1.1024 0.7087 -0.2362, 1.1024 0.7087 -0.2362, 0.3243 0.7087 -0.1969, -0.3243 0.7087 -0.1969, 1.1024 0.6693 -0.2362, -1.1024 0.6693 -0.2362, -0.3243 0.6693 -0.1969, 0.3243 0.6693 -0.1969, -0.7339 0.493 0.0518, -0.657 0.416 0.2632, 0.7339 0.493 0.0518, 0.657 0.416 0.2632, -0.8079 -0.419 0.0518, -0.731 -0.342 0.2632, -0.8079 0.419 0.0518, -0.731 0.342 0.2632, 0.7339 -0.493 0.0518, 0.657 -0.416 0.2632, -0.7339 -0.493 0.0518, -0.657 -0.416 0.2632, 0.8079 0.419 0.0518, 0.731 0.342 0.2632, 0.8079 -0.419 0.0518, 0.731 -0.342 0.2632, -0.676 0.342 0.3126, -0.7225 0.342 0.2799, -0.7225 -0.342 0.2799, -0.7222 0.342 0.2802, -0.7222 -0.342 0.2802, -0.7099 0.342 0.2945, -0.7099 -0.342 0.2945, -0.7097 0.342 0.2947, -0.7097 -0.342 0.2947, -0.6942 0.342 0.3056, -0.6942 -0.342 0.3056, -0.694 0.342 0.3057, -0.694 -0.342 0.3057, -0.6762 0.342 0.3126, -0.6762 -0.342 0.3126, -0.676 -0.342 0.3126, -0.657 -0.4073 0.2802, -0.657 -0.395 0.2945, -0.6707 -0.3932 0.2945, -0.6666 -0.3779 0.3056, -0.662 -0.3605 0.3126, -0.6666 -0.3586 0.3126, -0.6736 -0.3516 0.3126, -0.6705 -0.3556 0.3126, -0.6755 -0.347 0.3126, -0.657 -0.3611 0.3126, -0.674 -0.4053 0.2799, -0.6756 -0.4114 0.2682, -0.6749 -0.4118 0.2681, -0.6917 -0.4035 0.2712, -0.6898 -0.3988 0.2799, -0.6922 -0.403 0.2712, -0.7033 -0.3884 0.2799, -0.7065 -0.3915 0.2723, -0.7138 -0.3748 0.2799, -0.718 -0.3772 0.2712, -0.7184 -0.3767 0.2712, -0.7203 -0.359 0.2799, -0.7264 -0.3606 0.2682, -0.7267 -0.3599 0.2681, -0.657 -0.3947 0.2947, -0.657 -0.3792 0.3056, -0.657 -0.379 0.3057, -0.657 -0.3612 0.3126, -0.6756 -0.3742 0.3056, -0.6833 -0.3683 0.3056, -0.6892 -0.3606 0.3056, -0.6929 -0.3517 0.3056, -0.6835 -0.3879 0.2945, -0.6944 -0.3795 0.2945, -0.7029 -0.3685 0.2945, -0.7081 -0.3557 0.2945, -0.657 -0.4076 0.2799, -0.7081 0.3557 0.2945, -0.6929 0.3517 0.3056, -0.6755 0.347 0.3126, -0.6736 0.3516 0.3126, -0.6666 0.3586 0.3126, -0.6705 0.3556 0.3126, -0.662 0.3605 0.3126, -0.7203 0.359 0.2799, -0.7264 0.3606 0.2682, -0.7267 0.3599 0.2681, -0.7184 0.3767 0.2712, -0.7138 0.3748 0.2799, -0.718 0.3772 0.2712, -0.7033 0.3884 0.2799, -0.7065 0.3915 0.2723, -0.6898 0.3988 0.2799, -0.6922 0.403 0.2712, -0.6917 0.4035 0.2712, -0.674 0.4053 0.2799, -0.6756 0.4114 0.2682, -0.6749 0.4118 0.2681, -0.657 0.4076 0.2799, -0.657 0.3611 0.3126, -0.657 0.3612 0.3126, -0.657 0.379 0.3057, -0.6892 0.3606 0.3056, -0.6833 0.3683 0.3056, -0.6756 0.3742 0.3056, -0.6666 0.3779 0.3056, -0.7029 0.3685 0.2945, -0.6944 0.3795 0.2945, -0.6835 0.3879 0.2945, -0.6707 0.3932 0.2945, -0.657 0.3792 0.3056, -0.657 0.3947 0.2947, -0.657 0.395 0.2945, -0.657 0.4073 0.2802, -0.7405 -0.4933 0.0502, -0.8074 -0.4398 0.047, -0.8072 -0.4404 0.0469, -0.8018 -0.4582 0.0439, -0.801 -0.4594 0.0438, -0.7917 -0.4734 0.0427, -0.7898 -0.4749 0.0428, -0.7776 -0.4846 0.0434, -0.7743 -0.4859 0.0439, -0.7603 -0.4913 0.0459, -0.7552 -0.4918 0.047, 0.657 -0.4076 0.2799, 0.657 -0.4073 0.2802, 0.657 -0.395 0.2945, 0.657 -0.3947 0.2947, 0.657 -0.3792 0.3056, 0.657 -0.379 0.3057, 0.657 -0.3612 0.3126, 0.657 -0.3611 0.3126, 0.676 -0.342 0.3126, 0.7225 -0.342 0.2799, 0.7225 0.342 0.2799, 0.7222 -0.342 0.2802, 0.7222 0.342 0.2802, 0.7099 -0.342 0.2945, 0.7099 0.342 0.2945, 0.7097 -0.342 0.2947, 0.7097 0.342 0.2947, 0.6942 -0.342 0.3056, 0.6942 0.342 0.3056, 0.694 -0.342 0.3057, 0.694 0.342 0.3057, 0.6762 -0.342 0.3126, 0.6762 0.342 0.3126, 0.676 0.342 0.3126, 0.657 0.3611 0.3126, 0.657 0.4076 0.2799, 0.657 0.4073 0.2802, 0.657 0.395 0.2945, 0.657 0.3947 0.2947, 0.657 0.3792 0.3056, 0.657 0.379 0.3057, 0.657 0.3612 0.3126, -0.8083 0.4255 0.0502, -0.7547 0.4924 0.047, -0.7554 0.4922 0.0469, -0.7732 0.4869 0.0439, -0.7744 0.4861 0.0438, -0.7883 0.4767 0.0427, -0.7898 0.4749 0.0428, -0.7995 0.4627 0.0434, -0.8008 0.4593 0.0439, -0.8063 0.4454 0.0459, -0.8068 0.4403 0.047, -0.8166 -0.419 0.0347, -0.8166 0.419 0.0347, -0.8292 -0.419 0.0202, -0.8292 0.419 0.0202, -0.8449 -0.419 0.0092, -0.8449 0.419 0.0092, -0.8629 -0.419 0.0023, -0.8629 0.419 0.0023, -0.8598 -0.4527 0.0021, -0.7339 -0.5017 0.0347, -0.7339 -0.5143 0.0202, -0.7411 -0.5022 0.0335, -0.7632 -0.5002 0.0306, -0.7827 -0.4926 0.0288, -0.7987 -0.4799 0.0284, -0.8101 -0.4627 0.0292, -0.8163 -0.442 0.0313, -0.8285 -0.445 0.0182, -0.8211 -0.4686 0.0169, -0.8077 -0.4883 0.0164, -0.7893 -0.5031 0.0167, -0.767 -0.512 0.0177, -0.7421 -0.5148 0.0195, -0.7339 -0.53 0.0092, -0.8432 -0.4486 0.0083, -0.8341 -0.4757 0.0077, -0.8185 -0.4984 0.0074, -0.7972 -0.5156 0.0076, -0.7717 -0.5264 0.0081, -0.7432 -0.5303 0.0089, -0.7339 -0.5479 0.0023, -0.8487 -0.4835 0.0019, -0.8304 -0.5095 0.0019, -0.806 -0.5294 0.0019, -0.7769 -0.5425 0.002, -0.7445 -0.5479 0.0023, 0.7081 -0.3557 0.2945, 0.6929 -0.3517 0.3056, 0.6755 -0.347 0.3126, 0.6736 -0.3516 0.3126, 0.6666 -0.3586 0.3126, 0.6705 -0.3556 0.3126, 0.662 -0.3605 0.3126, 0.7203 -0.359 0.2799, 0.7264 -0.3606 0.2682, 0.7267 -0.3599 0.2681, 0.7184 -0.3767 0.2712, 0.7138 -0.3748 0.2799, 0.718 -0.3772 0.2712, 0.7033 -0.3884 0.2799, 0.7065 -0.3915 0.2723, 0.6898 -0.3988 0.2799, 0.6922 -0.403 0.2712, 0.6917 -0.4035 0.2712, 0.674 -0.4053 0.2799, 0.6756 -0.4114 0.2682, 0.6749 -0.4118 0.2681, 0.6892 -0.3606 0.3056, 0.6833 -0.3683 0.3056, 0.6756 -0.3742 0.3056, 0.6666 -0.3779 0.3056, 0.7029 -0.3685 0.2945, 0.6944 -0.3795 0.2945, 0.6835 -0.3879 0.2945, 0.6707 -0.3932 0.2945, 0.6707 0.3932 0.2945, 0.6666 0.3779 0.3056, 0.662 0.3605 0.3126, 0.6666 0.3586 0.3126, 0.6736 0.3516 0.3126, 0.6705 0.3556 0.3126, 0.6755 0.347 0.3126, 0.674 0.4053 0.2799, 0.6756 0.4114 0.2682, 0.6749 0.4118 0.2681, 0.6917 0.4035 0.2712, 0.6898 0.3988 0.2799, 0.6922 0.403 0.2712, 0.7033 0.3884 0.2799, 0.7065 0.3915 0.2723, 0.7138 0.3748 0.2799, 0.718 0.3772 0.2712, 0.7184 0.3767 0.2712, 0.7203 0.359 0.2799, 0.7264 0.3606 0.2682, 0.7267 0.3599 0.2681, 0.6756 0.3742 0.3056, 0.6833 0.3683 0.3056, 0.6892 0.3606 0.3056, 0.6929 0.3517 0.3056, 0.6835 0.3879 0.2945, 0.6944 0.3795 0.2945, 0.7029 0.3685 0.2945, 0.7081 0.3557 0.2945, -0.7339 0.53 0.0092, -0.7339 0.5479 0.0023, -0.7677 0.5449 0.0021, -0.8172 0.4262 0.0335, -0.8151 0.4482 0.0306, -0.8075 0.4677 0.0288, -0.7948 0.4837 0.0284, -0.7777 0.4952 0.0292, -0.7569 0.5013 0.0313, -0.7339 0.5017 0.0347, -0.7599 0.5135 0.0182, -0.7836 0.5061 0.0169, -0.8033 0.4927 0.0164, -0.818 0.4744 0.0167, -0.827 0.4521 0.0177, -0.8297 0.4271 0.0195, -0.7339 0.5143 0.0202, -0.7636 0.5283 0.0083, -0.7906 0.5192 0.0077, -0.8133 0.5035 0.0074, -0.8305 0.4823 0.0076, -0.8414 0.4567 0.0081, -0.8452 0.4282 0.0089, -0.7985 0.5337 0.0019, -0.8245 0.5154 0.0019, -0.8444 0.4911 0.0019, -0.8574 0.462 0.002, -0.8628 0.4295 0.0023, 0.7339 -0.5017 0.0347, 0.7339 -0.5143 0.0202, 0.7339 -0.53 0.0092, 0.7339 -0.5479 0.0023, 0.8083 -0.4255 0.0502, 0.7547 -0.4924 0.047, 0.7554 -0.4922 0.0469, 0.7732 -0.4869 0.0439, 0.7744 -0.4861 0.0438, 0.7883 -0.4767 0.0427, 0.7898 -0.4749 0.0428, 0.7995 -0.4627 0.0434, 0.8008 -0.4593 0.0439, 0.8063 -0.4454 0.0459, 0.8068 -0.4403 0.047, 0.7405 0.4933 0.0502, 0.8074 0.4398 0.047, 0.8072 0.4404 0.0469, 0.8018 0.4582 0.0439, 0.801 0.4594 0.0438, 0.7917 0.4734 0.0427, 0.7898 0.4749 0.0428, 0.7776 0.4846 0.0434, 0.7743 0.4859 0.0439, 0.7603 0.4913 0.0459, 0.7552 0.4918 0.047, 0.7339 0.5017 0.0347, 0.7339 0.5143 0.0202, 0.7339 0.53 0.0092, 0.7339 0.5479 0.0023, 0.7677 -0.5449 0.0021, 0.8166 -0.419 0.0347, 0.8292 -0.419 0.0202, 0.8172 -0.4262 0.0335, 0.8151 -0.4482 0.0306, 0.8075 -0.4677 0.0288, 0.7948 -0.4837 0.0284, 0.7777 -0.4952 0.0292, 0.7569 -0.5013 0.0313, 0.7599 -0.5135 0.0182, 0.7836 -0.5061 0.0169, 0.8033 -0.4927 0.0164, 0.818 -0.4744 0.0167, 0.827 -0.4521 0.0177, 0.8297 -0.4271 0.0195, 0.8449 -0.419 0.0092, 0.7636 -0.5283 0.0083, 0.7906 -0.5192 0.0077, 0.8133 -0.5035 0.0074, 0.8305 -0.4823 0.0076, 0.8414 -0.4567 0.0081, 0.8452 -0.4282 0.0089, 0.8629 -0.419 0.0023, 0.7985 -0.5337 0.0019, 0.8245 -0.5154 0.0019, 0.8444 -0.4911 0.0019, 0.8574 -0.462 0.002, 0.8628 -0.4295 0.0023, 0.8449 0.419 0.0092, 0.8629 0.419 0.0023, 0.8598 0.4527 0.0021, 0.7411 0.5022 0.0335, 0.7632 0.5002 0.0306, 0.7827 0.4926 0.0288, 0.7987 0.4799 0.0284, 0.8101 0.4627 0.0292, 0.8163 0.442 0.0313, 0.8166 0.419 0.0347, 0.8285 0.445 0.0182, 0.8211 0.4686 0.0169, 0.8077 0.4883 0.0164, 0.7893 0.5031 0.0167, 0.767 0.512 0.0177, 0.7421 0.5148 0.0195, 0.8292 0.419 0.0202, 0.8432 0.4486 0.0083, 0.8341 0.4757 0.0077, 0.8185 0.4984 0.0074, 0.7972 0.5156 0.0076, 0.7717 0.5264 0.0081, 0.7432 0.5303 0.0089, 0.8487 0.4835 0.0019, 0.8304 0.5095 0.0019, 0.806 0.5294 0.0019, 0.7769 0.5425 0.002, 0.7445 0.5479 0.0023, 0.7445 0.5479 0.0023
            ]
        }
        coordIndex [
            0,1,2,-1,2,1,3,-1,2,3,4,-1,4,3,5,-1,4,5,6,-1,6,5,7,-1,6,7,8,-1,8,7,9,-1,8,9,10,-1,10,9,11,-1,10,11,12,-1,12,11,13,-1,12,13,14,-1,14,13,15,-1,14,15,16,-1,16,15,17,-1,16,17,18,-1,18,17,19,-1,20,21,22,-1,22,21,23,-1,22,23,24,-1,24,23,25,-1,24,25,26,-1,26,25,27,-1,26,27,28,-1,28,27,29,-1,28,29,30,-1,30,29,31,-1,30,31,32,-1,32,31,33,-1,32,33,34,-1,34,33,35,-1,34,35,36,-1,36,35,37,-1,36,37,38,-1,38,37,39,-1,40,41,42,-1,42,41,43,-1,44,45,46,-1,46,45,47,-1,48,49,50,-1,50,49,51,-1,50,51,52,-1,53,54,55,-1,55,54,56,-1,55,56,57,-1,58,59,60,-1,60,59,61,-1,60,61,62,-1,62,63,60,-1,60,63,64,-1,60,64,65,-1,65,64,66,-1,65,66,67,-1,67,68,65,-1,65,68,69,-1,65,69,70,-1,70,71,65,-1,65,71,72,-1,65,72,50,-1,50,72,73,-1,50,73,48,-1,52,74,50,-1,50,74,75,-1,50,75,55,-1,55,75,76,-1,55,76,53,-1,57,77,55,-1,55,77,78,-1,55,78,60,-1,60,78,79,-1,60,79,58,-1,80,81,82,-1,82,81,83,-1,82,83,84,-1,85,86,87,-1,87,86,43,-1,87,43,88,-1,89,90,91,-1,91,90,47,-1,92,93,94,-1,94,93,95,-1,94,95,96,-1,88,43,97,-1,97,43,41,-1,97,41,98,-1,99,100,45,-1,45,100,101,-1,45,101,102,-1,88,103,87,-1,87,103,104,-1,87,104,82,-1,82,104,105,-1,82,105,80,-1,102,106,45,-1,45,106,107,-1,45,107,47,-1,47,107,108,-1,47,108,91,-1,91,108,109,-1,91,109,94,-1,94,109,110,-1,94,110,92,-1,111,112,41,-1,41,112,113,-1,41,113,98,-1,84,114,82,-1,82,114,115,-1,82,115,45,-1,45,115,116,-1,45,116,99,-1,96,117,94,-1,94,117,118,-1,94,118,41,-1,41,118,119,-1,41,119,111,-1,120,121,42,-1,42,121,122,-1,123,44,122,-1,122,44,46,-1,124,125,46,-1,46,125,126,-1,46,126,122,-1,122,126,127,-1,122,127,42,-1,42,127,40,-1,94,127,91,-1,91,127,126,-1,82,123,87,-1,87,123,122,-1,128,129,40,-1,40,129,130,-1,40,130,131,-1,131,132,40,-1,40,132,133,-1,40,133,41,-1,128,134,135,-1,128,135,129,-1,129,135,136,-1,129,136,130,-1,130,136,137,-1,130,137,131,-1,131,137,138,-1,131,138,132,-1,132,138,139,-1,132,139,133,-1,133,139,94,-1,133,94,41,-1,94,139,127,-1,127,139,138,-1,127,138,137,-1,137,136,127,-1,127,136,135,-1,127,135,134,-1,140,128,141,-1,141,128,40,-1,142,143,144,-1,144,143,145,-1,144,145,146,-1,146,145,147,-1,146,147,148,-1,148,147,149,-1,148,149,150,-1,150,149,151,-1,150,151,152,-1,152,151,153,-1,152,153,154,-1,154,153,155,-1,154,155,156,-1,156,155,157,-1,156,157,158,-1,158,157,159,-1,158,159,160,-1,160,159,161,-1,162,127,163,-1,163,127,134,-1,19,17,163,-1,163,17,164,-1,19,163,165,-1,165,163,134,-1,165,134,128,-1,166,145,140,-1,140,145,143,-1,140,143,128,-1,128,143,167,-1,128,167,165,-1,144,168,141,-1,169,16,162,-1,162,16,18,-1,162,18,127,-1,127,18,170,-1,127,170,40,-1,40,170,171,-1,40,171,141,-1,141,171,142,-1,141,142,144,-1,44,172,173,-1,174,175,44,-1,44,175,176,-1,44,176,172,-1,173,177,44,-1,44,177,178,-1,44,178,45,-1,174,179,180,-1,174,180,175,-1,175,180,181,-1,175,181,176,-1,176,181,182,-1,176,182,172,-1,172,182,183,-1,172,183,173,-1,173,183,184,-1,173,184,177,-1,177,184,185,-1,177,185,178,-1,178,185,82,-1,178,82,45,-1,123,82,185,-1,185,184,123,-1,123,184,183,-1,123,183,182,-1,182,181,123,-1,123,181,180,-1,123,180,179,-1,186,174,187,-1,187,174,44,-1,188,189,190,-1,190,189,191,-1,190,191,192,-1,192,191,193,-1,192,193,194,-1,194,193,195,-1,194,195,196,-1,196,195,197,-1,196,197,198,-1,198,197,199,-1,198,199,200,-1,200,199,201,-1,200,201,202,-1,202,201,203,-1,202,203,204,-1,204,203,205,-1,204,205,206,-1,206,205,207,-1,208,123,209,-1,209,123,179,-1,205,210,209,-1,211,23,186,-1,186,23,21,-1,186,21,174,-1,174,21,212,-1,174,212,179,-1,179,212,213,-1,179,213,209,-1,209,213,207,-1,209,207,205,-1,22,214,187,-1,215,204,208,-1,208,204,206,-1,208,206,123,-1,123,206,216,-1,123,216,44,-1,44,216,217,-1,44,217,187,-1,187,217,20,-1,187,20,22,-1,218,219,220,-1,220,219,221,-1,222,223,224,-1,224,223,225,-1,226,227,228,-1,228,227,229,-1,230,231,232,-1,232,231,233,-1,50,55,234,-1,225,223,235,-1,235,223,236,-1,235,236,237,-1,237,236,238,-1,237,238,239,-1,239,238,240,-1,239,240,241,-1,241,240,242,-1,241,242,243,-1,243,242,244,-1,243,244,245,-1,245,244,246,-1,245,246,247,-1,247,246,248,-1,247,248,234,-1,234,248,249,-1,234,249,50,-1,250,251,252,-1,253,254,255,-1,50,256,257,-1,258,256,50,-1,255,254,50,-1,259,50,254,-1,260,261,262,-1,261,260,263,-1,263,260,264,-1,263,264,265,-1,265,264,266,-1,265,266,267,-1,267,266,268,-1,267,268,269,-1,269,268,270,-1,270,268,271,-1,270,271,272,-1,272,271,273,-1,273,271,236,-1,273,236,223,-1,274,275,253,-1,253,275,276,-1,253,276,254,-1,254,276,277,-1,254,277,259,-1,50,249,258,-1,258,249,248,-1,258,248,246,-1,278,257,279,-1,279,257,256,-1,279,256,280,-1,280,256,258,-1,280,258,281,-1,281,258,246,-1,252,278,282,-1,282,278,279,-1,282,279,283,-1,283,279,280,-1,283,280,284,-1,284,280,281,-1,284,281,285,-1,251,274,252,-1,252,274,253,-1,252,253,278,-1,278,253,255,-1,278,255,257,-1,257,255,50,-1,250,260,286,-1,286,260,262,-1,286,262,229,-1,246,244,281,-1,281,244,242,-1,281,242,285,-1,285,242,240,-1,285,240,238,-1,250,252,260,-1,260,252,282,-1,260,282,264,-1,264,282,283,-1,264,283,266,-1,266,283,284,-1,266,284,268,-1,268,284,285,-1,268,285,271,-1,271,285,238,-1,271,238,236,-1,237,239,287,-1,288,289,290,-1,55,291,292,-1,293,291,55,-1,290,289,55,-1,234,55,289,-1,294,295,296,-1,295,294,297,-1,297,294,298,-1,297,298,299,-1,299,298,300,-1,299,300,301,-1,301,300,302,-1,301,302,303,-1,303,302,304,-1,304,302,305,-1,304,305,306,-1,306,305,307,-1,307,305,308,-1,307,308,219,-1,241,243,288,-1,288,243,245,-1,288,245,289,-1,289,245,247,-1,289,247,234,-1,55,309,293,-1,293,309,310,-1,293,310,311,-1,312,292,313,-1,313,292,291,-1,313,291,314,-1,314,291,293,-1,314,293,315,-1,315,293,311,-1,287,312,316,-1,316,312,313,-1,316,313,317,-1,317,313,314,-1,317,314,318,-1,318,314,315,-1,318,315,319,-1,239,241,287,-1,287,241,288,-1,287,288,312,-1,312,288,290,-1,312,290,292,-1,292,290,55,-1,237,294,235,-1,235,294,296,-1,235,296,225,-1,311,320,315,-1,315,320,321,-1,315,321,319,-1,319,321,322,-1,319,322,323,-1,237,287,294,-1,294,287,316,-1,294,316,298,-1,298,316,317,-1,298,317,300,-1,300,317,318,-1,300,318,302,-1,302,318,319,-1,302,319,305,-1,305,319,323,-1,305,323,308,-1,228,229,324,-1,324,229,262,-1,273,223,222,-1,222,325,273,-1,273,325,326,-1,273,326,272,-1,272,326,327,-1,272,327,270,-1,270,327,328,-1,270,328,269,-1,269,328,329,-1,269,329,267,-1,267,329,330,-1,267,330,265,-1,265,330,331,-1,265,331,263,-1,263,331,332,-1,263,332,261,-1,261,332,333,-1,261,333,262,-1,262,333,334,-1,262,334,324,-1,65,50,259,-1,229,227,286,-1,286,227,335,-1,286,335,250,-1,250,335,336,-1,250,336,251,-1,251,336,337,-1,251,337,274,-1,274,337,338,-1,274,338,275,-1,275,338,339,-1,275,339,276,-1,276,339,340,-1,276,340,277,-1,277,340,341,-1,277,341,259,-1,259,341,342,-1,259,342,65,-1,60,65,343,-1,233,231,344,-1,344,231,345,-1,344,345,346,-1,346,345,347,-1,346,347,348,-1,348,347,349,-1,348,349,350,-1,350,349,351,-1,350,351,352,-1,352,351,353,-1,352,353,354,-1,354,353,355,-1,354,355,356,-1,356,355,357,-1,356,357,343,-1,343,357,358,-1,343,358,60,-1,55,60,359,-1,221,219,360,-1,360,219,308,-1,360,308,361,-1,361,308,323,-1,361,323,362,-1,362,323,322,-1,362,322,363,-1,363,322,321,-1,363,321,364,-1,364,321,320,-1,364,320,365,-1,365,320,311,-1,365,311,366,-1,366,311,310,-1,366,310,359,-1,359,310,309,-1,359,309,55,-1,224,225,367,-1,367,225,296,-1,307,219,218,-1,218,368,307,-1,307,368,369,-1,307,369,306,-1,306,369,370,-1,306,370,304,-1,304,370,371,-1,304,371,303,-1,303,371,372,-1,303,372,301,-1,301,372,373,-1,301,373,299,-1,299,373,374,-1,299,374,297,-1,297,374,375,-1,297,375,295,-1,295,375,376,-1,295,376,296,-1,296,376,377,-1,296,377,367,-1,222,224,378,-1,378,224,379,-1,378,379,380,-1,380,379,381,-1,380,381,382,-1,382,381,383,-1,382,383,384,-1,384,383,385,-1,384,385,103,-1,103,385,104,-1,382,384,386,-1,387,228,324,-1,388,387,389,-1,389,387,324,-1,389,324,390,-1,390,324,334,-1,334,333,390,-1,390,333,332,-1,390,332,391,-1,332,331,391,-1,391,331,330,-1,391,330,392,-1,330,329,392,-1,392,329,328,-1,392,328,393,-1,328,327,393,-1,393,327,326,-1,393,326,394,-1,394,326,325,-1,394,325,222,-1,222,378,394,-1,394,378,395,-1,394,395,393,-1,393,395,396,-1,393,396,392,-1,392,396,397,-1,392,397,391,-1,391,397,398,-1,391,398,390,-1,390,398,399,-1,390,399,389,-1,389,399,400,-1,389,400,388,-1,388,400,401,-1,378,380,395,-1,395,380,402,-1,395,402,396,-1,396,402,403,-1,396,403,397,-1,397,403,404,-1,397,404,398,-1,398,404,405,-1,398,405,399,-1,399,405,406,-1,399,406,400,-1,400,406,407,-1,400,407,401,-1,401,407,408,-1,380,382,402,-1,402,382,386,-1,402,386,403,-1,403,386,409,-1,403,409,404,-1,404,409,410,-1,404,410,405,-1,405,410,411,-1,405,411,406,-1,406,411,412,-1,406,412,407,-1,407,412,413,-1,407,413,408,-1,408,413,119,-1,119,413,111,-1,111,413,412,-1,111,412,112,-1,112,412,411,-1,112,411,113,-1,113,411,410,-1,113,410,98,-1,98,410,409,-1,98,409,97,-1,97,409,386,-1,97,386,88,-1,88,386,384,-1,88,384,103,-1,346,348,414,-1,415,416,417,-1,65,418,419,-1,420,418,65,-1,417,416,65,-1,343,65,416,-1,421,422,423,-1,422,421,424,-1,424,421,425,-1,424,425,426,-1,426,425,427,-1,426,427,428,-1,428,427,429,-1,428,429,430,-1,430,429,431,-1,431,429,432,-1,431,432,433,-1,433,432,434,-1,434,432,335,-1,434,335,227,-1,350,352,415,-1,415,352,354,-1,415,354,416,-1,416,354,356,-1,416,356,343,-1,65,342,420,-1,420,342,341,-1,420,341,340,-1,435,419,436,-1,436,419,418,-1,436,418,437,-1,437,418,420,-1,437,420,438,-1,438,420,340,-1,414,435,439,-1,439,435,436,-1,439,436,440,-1,440,436,437,-1,440,437,441,-1,441,437,438,-1,441,438,442,-1,348,350,414,-1,414,350,415,-1,414,415,435,-1,435,415,417,-1,435,417,419,-1,419,417,65,-1,346,421,344,-1,344,421,423,-1,344,423,233,-1,340,339,438,-1,438,339,338,-1,438,338,442,-1,442,338,337,-1,442,337,336,-1,346,414,421,-1,421,414,439,-1,421,439,425,-1,425,439,440,-1,425,440,427,-1,427,440,441,-1,427,441,429,-1,429,441,442,-1,429,442,432,-1,432,442,336,-1,432,336,335,-1,361,362,443,-1,444,445,446,-1,60,447,448,-1,449,447,60,-1,446,445,60,-1,359,60,445,-1,450,451,452,-1,451,450,453,-1,453,450,454,-1,453,454,455,-1,455,454,456,-1,455,456,457,-1,457,456,458,-1,457,458,459,-1,459,458,460,-1,460,458,461,-1,460,461,462,-1,462,461,463,-1,463,461,345,-1,463,345,231,-1,363,364,444,-1,444,364,365,-1,444,365,445,-1,445,365,366,-1,445,366,359,-1,60,358,449,-1,449,358,357,-1,449,357,355,-1,464,448,465,-1,465,448,447,-1,465,447,466,-1,466,447,449,-1,466,449,467,-1,467,449,355,-1,443,464,468,-1,468,464,465,-1,468,465,469,-1,469,465,466,-1,469,466,470,-1,470,466,467,-1,470,467,471,-1,362,363,443,-1,443,363,444,-1,443,444,464,-1,464,444,446,-1,464,446,448,-1,448,446,60,-1,361,450,360,-1,360,450,452,-1,360,452,221,-1,355,353,467,-1,467,353,351,-1,467,351,471,-1,471,351,349,-1,471,349,347,-1,361,443,450,-1,450,443,468,-1,450,468,454,-1,454,468,469,-1,454,469,456,-1,456,469,470,-1,456,470,458,-1,458,470,471,-1,458,471,461,-1,461,471,347,-1,461,347,345,-1,472,473,474,-1,379,224,367,-1,381,379,475,-1,475,379,367,-1,475,367,476,-1,476,367,377,-1,377,376,476,-1,476,376,375,-1,476,375,477,-1,375,374,477,-1,477,374,373,-1,477,373,478,-1,373,372,478,-1,478,372,371,-1,478,371,479,-1,371,370,479,-1,479,370,369,-1,479,369,480,-1,480,369,368,-1,480,368,218,-1,218,481,480,-1,480,481,482,-1,480,482,479,-1,479,482,483,-1,479,483,478,-1,478,483,484,-1,478,484,477,-1,477,484,485,-1,477,485,476,-1,476,485,486,-1,476,486,475,-1,475,486,487,-1,475,487,381,-1,381,487,383,-1,481,488,482,-1,482,488,489,-1,482,489,483,-1,483,489,490,-1,483,490,484,-1,484,490,491,-1,484,491,485,-1,485,491,492,-1,485,492,486,-1,486,492,493,-1,486,493,487,-1,487,493,494,-1,487,494,383,-1,383,494,385,-1,488,472,489,-1,489,472,474,-1,489,474,490,-1,490,474,495,-1,490,495,491,-1,491,495,496,-1,491,496,492,-1,492,496,497,-1,492,497,493,-1,493,497,498,-1,493,498,494,-1,494,498,499,-1,494,499,385,-1,385,499,104,-1,104,499,105,-1,105,499,498,-1,105,498,80,-1,80,498,497,-1,80,497,81,-1,81,497,496,-1,81,496,83,-1,83,496,495,-1,83,495,84,-1,84,495,474,-1,84,474,114,-1,114,474,473,-1,114,473,115,-1,226,228,500,-1,500,228,387,-1,500,387,501,-1,501,387,388,-1,501,388,502,-1,502,388,401,-1,502,401,503,-1,503,401,408,-1,503,408,118,-1,118,408,119,-1,232,233,504,-1,504,233,423,-1,434,227,226,-1,226,505,434,-1,434,505,506,-1,434,506,433,-1,433,506,507,-1,433,507,431,-1,431,507,508,-1,431,508,430,-1,430,508,509,-1,430,509,428,-1,428,509,510,-1,428,510,426,-1,426,510,511,-1,426,511,424,-1,424,511,512,-1,424,512,422,-1,422,512,513,-1,422,513,423,-1,423,513,514,-1,423,514,504,-1,220,221,515,-1,515,221,452,-1,463,231,230,-1,230,516,463,-1,463,516,517,-1,463,517,462,-1,462,517,518,-1,462,518,460,-1,460,518,519,-1,460,519,459,-1,459,519,520,-1,459,520,457,-1,457,520,521,-1,457,521,455,-1,455,521,522,-1,455,522,453,-1,453,522,523,-1,453,523,451,-1,451,523,524,-1,451,524,452,-1,452,524,525,-1,452,525,515,-1,218,220,481,-1,481,220,526,-1,481,526,488,-1,488,526,527,-1,488,527,472,-1,472,527,528,-1,472,528,473,-1,473,528,529,-1,473,529,115,-1,115,529,116,-1,502,503,530,-1,531,232,504,-1,532,531,533,-1,533,531,504,-1,533,504,534,-1,534,504,514,-1,514,513,534,-1,534,513,512,-1,534,512,535,-1,512,511,535,-1,535,511,510,-1,535,510,536,-1,510,509,536,-1,536,509,508,-1,536,508,537,-1,508,507,537,-1,537,507,506,-1,537,506,538,-1,538,506,505,-1,538,505,226,-1,226,500,538,-1,538,500,539,-1,538,539,537,-1,537,539,540,-1,537,540,536,-1,536,540,541,-1,536,541,535,-1,535,541,542,-1,535,542,534,-1,534,542,543,-1,534,543,533,-1,533,543,544,-1,533,544,532,-1,532,544,545,-1,500,501,539,-1,539,501,546,-1,539,546,540,-1,540,546,547,-1,540,547,541,-1,541,547,548,-1,541,548,542,-1,542,548,549,-1,542,549,543,-1,543,549,550,-1,543,550,544,-1,544,550,551,-1,544,551,545,-1,545,551,552,-1,501,502,546,-1,546,502,530,-1,546,530,547,-1,547,530,553,-1,547,553,548,-1,548,553,554,-1,548,554,549,-1,549,554,555,-1,549,555,550,-1,550,555,556,-1,550,556,551,-1,551,556,557,-1,551,557,552,-1,552,557,109,-1,109,557,110,-1,110,557,556,-1,110,556,92,-1,92,556,555,-1,92,555,93,-1,93,555,554,-1,93,554,95,-1,95,554,553,-1,95,553,96,-1,96,553,530,-1,96,530,117,-1,117,530,503,-1,117,503,118,-1,558,559,560,-1,526,220,515,-1,527,526,561,-1,561,526,515,-1,561,515,562,-1,562,515,525,-1,525,524,562,-1,562,524,523,-1,562,523,563,-1,523,522,563,-1,563,522,521,-1,563,521,564,-1,521,520,564,-1,564,520,519,-1,564,519,565,-1,519,518,565,-1,565,518,517,-1,565,517,566,-1,566,517,516,-1,566,516,230,-1,230,567,566,-1,566,567,568,-1,566,568,565,-1,565,568,569,-1,565,569,564,-1,564,569,570,-1,564,570,563,-1,563,570,571,-1,563,571,562,-1,562,571,572,-1,562,572,561,-1,561,572,573,-1,561,573,527,-1,527,573,528,-1,567,574,568,-1,568,574,575,-1,568,575,569,-1,569,575,576,-1,569,576,570,-1,570,576,577,-1,570,577,571,-1,571,577,578,-1,571,578,572,-1,572,578,579,-1,572,579,573,-1,573,579,580,-1,573,580,528,-1,528,580,529,-1,574,558,575,-1,575,558,560,-1,575,560,576,-1,576,560,581,-1,576,581,577,-1,577,581,582,-1,577,582,578,-1,578,582,583,-1,578,583,579,-1,579,583,584,-1,579,584,580,-1,580,584,585,-1,580,585,529,-1,529,585,116,-1,116,585,99,-1,99,585,584,-1,99,584,100,-1,100,584,583,-1,100,583,101,-1,101,583,582,-1,101,582,102,-1,102,582,581,-1,102,581,106,-1,106,581,560,-1,106,560,107,-1,107,560,559,-1,107,559,108,-1,230,232,567,-1,567,232,531,-1,567,531,574,-1,574,531,532,-1,574,532,558,-1,558,532,545,-1,558,545,559,-1,559,545,552,-1,559,552,108,-1,108,552,109,-1,
        ]
    }
}
Shape{
    appearance Appearance {
        material  Material 	{
            diffuseColor 0.25098039215686274 0.25098039215686274 0.25098039215686274
            specularColor 0.12549019607843137 0.12549019607843137 0.12549019607843137
            ambientIntensity 0.2
            transparency 0
            shininess 0.5
        }
    }
    geometry IndexedFaceSet {
        ccw TRUE
        solid FALSE
        coord DEF co Coordinate {
            point [
                -0.4724 0.2559 0.5118, 0.4724 0.2559 0.5118, -0.4724 0.2559 0.315, 0.4724 0.2559 0.315, -0.5118 -0.2165 0.5118, -0.5118 0.2165 0.5118, -0.5118 -0.2165 0.315, -0.5118 0.2165 0.315, -0.4724 -0.2559 0.315, 0.4724 -0.2559 0.315, -0.4724 -0.2559 0.5118, 0.4724 -0.2559 0.5118, 0.5118 -0.2165 0.315, 0.5118 0.2165 0.315, 0.5118 -0.2165 0.5118, 0.5118 0.2165 0.5118, 0.4724 0.2165 0.5512, -0.4724 0.2165 0.5512, 0.4724 -0.2165 0.5512, -0.4724 -0.2165 0.5512, -0.5105 -0.2267 0.315, -0.5105 -0.2267 0.5118, -0.5065 -0.2362 0.315, -0.5065 -0.2362 0.5118, -0.5003 -0.2444 0.315, -0.5003 -0.2444 0.5118, -0.4921 -0.2506 0.315, -0.4921 -0.2506 0.5118, -0.4826 -0.2546 0.315, -0.4826 -0.2546 0.5118, -0.5105 -0.2165 0.522, -0.5105 0.2165 0.522, -0.5065 -0.2165 0.5315, -0.5065 0.2165 0.5315, -0.5003 -0.2165 0.5396, -0.5003 0.2165 0.5396, -0.4921 -0.2165 0.5459, -0.4921 0.2165 0.5459, -0.4826 -0.2165 0.5498, -0.4826 0.2165 0.5498, -0.4826 0.2546 0.315, -0.4826 0.2546 0.5118, -0.4921 0.2506 0.315, -0.4921 0.2506 0.5118, -0.5003 0.2444 0.315, -0.5003 0.2444 0.5118, -0.5065 0.2362 0.315, -0.5065 0.2362 0.5118, -0.5105 0.2267 0.315, -0.5105 0.2267 0.5118, -0.4724 -0.2546 0.522, -0.4823 -0.2533 0.522, -0.4823 -0.2336 0.5459, -0.4775 -0.2254 0.5498, -0.4796 -0.2237 0.5498, -0.4823 -0.2192 0.5498, -0.4751 -0.2264 0.5498, -0.4775 -0.2355 0.5459, -0.4796 -0.2434 0.5396, -0.4724 -0.2267 0.5498, -0.4864 -0.2305 0.5459, -0.4813 -0.2216 0.5498, -0.4895 -0.2264 0.5459, -0.4915 -0.2216 0.5459, -0.4724 -0.2362 0.5459, -0.4724 -0.2444 0.5396, -0.4724 -0.2506 0.5315, -0.4864 -0.2406 0.5396, -0.4921 -0.2362 0.5396, -0.4965 -0.2305 0.5396, -0.4993 -0.2237 0.5396, -0.4813 -0.2495 0.5315, -0.4895 -0.2461 0.5315, -0.4965 -0.2406 0.5315, -0.502 -0.2336 0.5315, -0.5054 -0.2254 0.5315, -0.4915 -0.2495 0.522, -0.4993 -0.2434 0.522, -0.5054 -0.2355 0.522, -0.5092 -0.2264 0.522, -0.5092 0.2264 0.522, -0.4895 0.2264 0.5459, -0.4813 0.2216 0.5498, -0.4796 0.2237 0.5498, -0.4724 0.2267 0.5498, -0.4751 0.2264 0.5498, -0.4823 0.2192 0.5498, -0.4915 0.2216 0.5459, -0.4993 0.2237 0.5396, -0.4864 0.2305 0.5459, -0.4775 0.2254 0.5498, -0.4823 0.2336 0.5459, -0.4775 0.2355 0.5459, -0.4724 0.2362 0.5459, -0.4965 0.2305 0.5396, -0.4921 0.2362 0.5396, -0.4864 0.2406 0.5396, -0.4796 0.2434 0.5396, -0.4724 0.2444 0.5396, -0.5054 0.2254 0.5315, -0.502 0.2336 0.5315, -0.4965 0.2406 0.5315, -0.4895 0.2461 0.5315, -0.4813 0.2495 0.5315, -0.4724 0.2506 0.5315, -0.5054 0.2355 0.522, -0.4993 0.2434 0.522, -0.4915 0.2495 0.522, -0.4823 0.2533 0.522, -0.4724 0.2546 0.522, 0.4826 -0.2546 0.315, 0.4826 -0.2546 0.5118, 0.4921 -0.2506 0.315, 0.4921 -0.2506 0.5118, 0.5003 -0.2444 0.315, 0.5003 -0.2444 0.5118, 0.5065 -0.2362 0.315, 0.5065 -0.2362 0.5118, 0.5105 -0.2267 0.315, 0.5105 -0.2267 0.5118, 0.4724 -0.2546 0.522, 0.4724 -0.2506 0.5315, 0.4724 -0.2444 0.5396, 0.4724 -0.2362 0.5459, 0.4724 -0.2267 0.5498, 0.4724 0.2546 0.522, 0.4724 0.2506 0.5315, 0.4724 0.2444 0.5396, 0.4724 0.2362 0.5459, 0.4724 0.2267 0.5498, 0.5105 0.2267 0.315, 0.5105 0.2267 0.5118, 0.5065 0.2362 0.315, 0.5065 0.2362 0.5118, 0.5003 0.2444 0.315, 0.5003 0.2444 0.5118, 0.4921 0.2506 0.315, 0.4921 0.2506 0.5118, 0.4826 0.2546 0.315, 0.4826 0.2546 0.5118, 0.5105 -0.2165 0.522, 0.5092 -0.2264 0.522, 0.4895 -0.2264 0.5459, 0.4813 -0.2216 0.5498, 0.4796 -0.2237 0.5498, 0.4751 -0.2264 0.5498, 0.4823 -0.2192 0.5498, 0.4915 -0.2216 0.5459, 0.4993 -0.2237 0.5396, 0.4826 -0.2165 0.5498, 0.4864 -0.2305 0.5459, 0.4775 -0.2254 0.5498, 0.4823 -0.2336 0.5459, 0.4775 -0.2355 0.5459, 0.4921 -0.2165 0.5459, 0.5003 -0.2165 0.5396, 0.5065 -0.2165 0.5315, 0.4965 -0.2305 0.5396, 0.4921 -0.2362 0.5396, 0.4864 -0.2406 0.5396, 0.4796 -0.2434 0.5396, 0.5054 -0.2254 0.5315, 0.502 -0.2336 0.5315, 0.4965 -0.2406 0.5315, 0.4895 -0.2461 0.5315, 0.4813 -0.2495 0.5315, 0.5054 -0.2355 0.522, 0.4993 -0.2434 0.522, 0.4915 -0.2495 0.522, 0.4823 -0.2533 0.522, 0.4823 0.2533 0.522, 0.4823 0.2336 0.5459, 0.4775 0.2254 0.5498, 0.4796 0.2237 0.5498, 0.4826 0.2165 0.5498, 0.4823 0.2192 0.5498, 0.4751 0.2264 0.5498, 0.4775 0.2355 0.5459, 0.4796 0.2434 0.5396, 0.4864 0.2305 0.5459, 0.4813 0.2216 0.5498, 0.4895 0.2264 0.5459, 0.4915 0.2216 0.5459, 0.4921 0.2165 0.5459, 0.4864 0.2406 0.5396, 0.4921 0.2362 0.5396, 0.4965 0.2305 0.5396, 0.4993 0.2237 0.5396, 0.5003 0.2165 0.5396, 0.4813 0.2495 0.5315, 0.4895 0.2461 0.5315, 0.4965 0.2406 0.5315, 0.502 0.2336 0.5315, 0.5054 0.2254 0.5315, 0.5065 0.2165 0.5315, 0.4915 0.2495 0.522, 0.4993 0.2434 0.522, 0.5054 0.2355 0.522, 0.5092 0.2264 0.522, 0.5105 0.2165 0.522, 0.5105 0.2165 0.522
            ]
        }
        coordIndex [
            0,1,2,-1,2,1,3,-1,4,5,6,-1,6,5,7,-1,8,9,10,-1,10,9,11,-1,12,13,14,-1,14,13,15,-1,16,17,18,-1,18,17,19,-1,4,6,20,-1,4,20,21,-1,21,20,22,-1,21,22,23,-1,23,22,24,-1,23,24,25,-1,25,24,26,-1,25,26,27,-1,27,26,28,-1,27,28,29,-1,29,28,8,-1,29,8,10,-1,5,4,30,-1,5,30,31,-1,31,30,32,-1,31,32,33,-1,33,32,34,-1,33,34,35,-1,35,34,36,-1,35,36,37,-1,37,36,38,-1,37,38,39,-1,39,38,19,-1,39,19,17,-1,0,2,40,-1,0,40,41,-1,41,40,42,-1,41,42,43,-1,43,42,44,-1,43,44,45,-1,45,44,46,-1,45,46,47,-1,47,46,48,-1,47,48,49,-1,49,48,7,-1,49,7,5,-1,10,50,51,-1,52,53,54,-1,19,38,55,-1,54,53,19,-1,56,19,53,-1,56,53,57,-1,57,53,52,-1,57,52,58,-1,59,19,56,-1,60,61,62,-1,62,61,55,-1,62,55,63,-1,63,55,38,-1,63,38,36,-1,59,56,64,-1,64,56,57,-1,64,57,65,-1,65,57,58,-1,65,58,66,-1,67,60,68,-1,68,60,62,-1,68,62,69,-1,69,62,63,-1,69,63,70,-1,70,63,36,-1,70,36,34,-1,71,67,72,-1,72,67,68,-1,72,68,73,-1,73,68,69,-1,73,69,74,-1,74,69,70,-1,74,70,75,-1,75,70,34,-1,75,34,32,-1,50,71,51,-1,51,71,72,-1,51,72,76,-1,76,72,73,-1,76,73,77,-1,77,73,74,-1,77,74,78,-1,78,74,75,-1,78,75,79,-1,79,75,32,-1,79,32,30,-1,10,51,29,-1,29,51,76,-1,29,76,27,-1,27,76,77,-1,27,77,25,-1,25,77,78,-1,25,78,23,-1,23,78,79,-1,23,79,21,-1,21,79,30,-1,21,30,4,-1,61,19,55,-1,50,66,71,-1,71,66,58,-1,71,58,67,-1,67,58,52,-1,67,52,60,-1,60,52,54,-1,60,54,61,-1,61,54,19,-1,5,31,80,-1,81,82,83,-1,17,84,85,-1,83,82,17,-1,86,17,82,-1,86,82,87,-1,87,82,81,-1,87,81,88,-1,39,17,86,-1,89,90,91,-1,91,90,85,-1,91,85,92,-1,92,85,84,-1,92,84,93,-1,39,86,37,-1,37,86,87,-1,37,87,35,-1,35,87,88,-1,35,88,33,-1,94,89,95,-1,95,89,91,-1,95,91,96,-1,96,91,92,-1,96,92,97,-1,97,92,93,-1,97,93,98,-1,99,94,100,-1,100,94,95,-1,100,95,101,-1,101,95,96,-1,101,96,102,-1,102,96,97,-1,102,97,103,-1,103,97,98,-1,103,98,104,-1,31,99,80,-1,80,99,100,-1,80,100,105,-1,105,100,101,-1,105,101,106,-1,106,101,102,-1,106,102,107,-1,107,102,103,-1,107,103,108,-1,108,103,104,-1,108,104,109,-1,5,80,49,-1,49,80,105,-1,49,105,47,-1,47,105,106,-1,47,106,45,-1,45,106,107,-1,45,107,43,-1,43,107,108,-1,43,108,41,-1,41,108,109,-1,41,109,0,-1,90,17,85,-1,31,33,99,-1,99,33,88,-1,99,88,94,-1,94,88,81,-1,94,81,89,-1,89,81,83,-1,89,83,90,-1,90,83,17,-1,11,9,110,-1,11,110,111,-1,111,110,112,-1,111,112,113,-1,113,112,114,-1,113,114,115,-1,115,114,116,-1,115,116,117,-1,117,116,118,-1,117,118,119,-1,119,118,12,-1,119,12,14,-1,10,11,120,-1,10,120,50,-1,50,120,121,-1,50,121,66,-1,66,121,122,-1,66,122,65,-1,65,122,123,-1,65,123,64,-1,64,123,124,-1,64,124,59,-1,59,124,18,-1,59,18,19,-1,1,0,109,-1,1,109,125,-1,125,109,104,-1,125,104,126,-1,126,104,98,-1,126,98,127,-1,127,98,93,-1,127,93,128,-1,128,93,84,-1,128,84,129,-1,129,84,17,-1,129,17,16,-1,15,13,130,-1,15,130,131,-1,131,130,132,-1,131,132,133,-1,133,132,134,-1,133,134,135,-1,135,134,136,-1,135,136,137,-1,137,136,138,-1,137,138,139,-1,139,138,3,-1,139,3,1,-1,14,140,141,-1,142,143,144,-1,18,124,145,-1,144,143,18,-1,146,18,143,-1,146,143,147,-1,147,143,142,-1,147,142,148,-1,149,18,146,-1,150,151,152,-1,152,151,145,-1,152,145,153,-1,153,145,124,-1,153,124,123,-1,149,146,154,-1,154,146,147,-1,154,147,155,-1,155,147,148,-1,155,148,156,-1,157,150,158,-1,158,150,152,-1,158,152,159,-1,159,152,153,-1,159,153,160,-1,160,153,123,-1,160,123,122,-1,161,157,162,-1,162,157,158,-1,162,158,163,-1,163,158,159,-1,163,159,164,-1,164,159,160,-1,164,160,165,-1,165,160,122,-1,165,122,121,-1,140,161,141,-1,141,161,162,-1,141,162,166,-1,166,162,163,-1,166,163,167,-1,167,163,164,-1,167,164,168,-1,168,164,165,-1,168,165,169,-1,169,165,121,-1,169,121,120,-1,14,141,119,-1,119,141,166,-1,119,166,117,-1,117,166,167,-1,117,167,115,-1,115,167,168,-1,115,168,113,-1,113,168,169,-1,113,169,111,-1,111,169,120,-1,111,120,11,-1,151,18,145,-1,140,156,161,-1,161,156,148,-1,161,148,157,-1,157,148,142,-1,157,142,150,-1,150,142,144,-1,150,144,151,-1,151,144,18,-1,1,125,170,-1,171,172,173,-1,16,174,175,-1,173,172,16,-1,176,16,172,-1,176,172,177,-1,177,172,171,-1,177,171,178,-1,129,16,176,-1,179,180,181,-1,181,180,175,-1,181,175,182,-1,182,175,174,-1,182,174,183,-1,129,176,128,-1,128,176,177,-1,128,177,127,-1,127,177,178,-1,127,178,126,-1,184,179,185,-1,185,179,181,-1,185,181,186,-1,186,181,182,-1,186,182,187,-1,187,182,183,-1,187,183,188,-1,189,184,190,-1,190,184,185,-1,190,185,191,-1,191,185,186,-1,191,186,192,-1,192,186,187,-1,192,187,193,-1,193,187,188,-1,193,188,194,-1,125,189,170,-1,170,189,190,-1,170,190,195,-1,195,190,191,-1,195,191,196,-1,196,191,192,-1,196,192,197,-1,197,192,193,-1,197,193,198,-1,198,193,194,-1,198,194,199,-1,1,170,139,-1,139,170,195,-1,139,195,137,-1,137,195,196,-1,137,196,135,-1,135,196,197,-1,135,197,133,-1,133,197,198,-1,133,198,131,-1,131,198,199,-1,131,199,15,-1,180,16,175,-1,125,126,189,-1,189,126,178,-1,189,178,184,-1,184,178,171,-1,184,171,179,-1,179,171,173,-1,179,173,180,-1,180,173,16,-1,14,15,199,-1,14,199,140,-1,140,199,194,-1,140,194,156,-1,156,194,188,-1,156,188,155,-1,155,188,183,-1,155,183,154,-1,154,183,174,-1,154,174,149,-1,149,174,16,-1,149,16,18,-1,
        ]
    }
}
Shape{
    appearance Appearance {
        material  Material 	{
            diffuseColor 1.0 1.0 1.0
            specularColor 0.5019607843137255 0.5019607843137255 0.5019607843137255
            ambientIntensity 0.2
            transparency 0
            shininess 0.5
        }
    }
    geometry IndexedFaceSet {
        ccw TRUE
        solid FALSE
        coord DEF co Coordinate {
            point [
                1.0827 0.19 0.0, 1.1811 0.19 0.0, 1.0827 0.19 -0.0394, 1.1811 0.19 -0.0394, 1.1811 -0.19 -0.0394, 1.1811 -0.19 0.0, 1.0827 -0.19 -0.0394, 1.0827 -0.19 0.0, -1.0827 -0.19 0.0, -1.1811 -0.19 0.0, -1.0827 -0.19 -0.0394, -1.1811 -0.19 -0.0394, -1.1811 0.19 -0.0394, -1.1811 0.19 0.0, -1.0827 0.19 -0.0394, -1.0827 0.19 0.0, -0.3243 0.7087 -0.1969, 0.3243 0.7087 -0.1969, -0.3243 0.6693 -0.1969, 0.3243 0.6693 -0.1969, 0.3243 -0.7087 -0.1969, -0.3243 -0.7087 -0.1969, 0.3243 -0.6693 -0.1969, -0.3243 -0.6693 -0.1969, 0.4818 -0.6693 -0.3543, 0.4818 -0.7087 -0.3543, -0.4818 -0.7087 -0.3543, -0.4818 -0.6693 -0.3543, -0.4818 0.6693 -0.3543, -0.4818 0.7087 -0.3543, 0.4818 0.7087 -0.3543, 0.4818 0.6693 -0.3543, 1.1417 -0.3201 -0.353, 1.1417 -0.3303 -0.3543, 1.1417 -0.2909 -0.315, 1.1417 -0.6299 -0.3543, 1.1417 -0.2909 -0.2756, 1.1417 -0.6299 -0.2362, 1.1417 -0.3303 -0.2362, 1.1417 -0.2922 -0.2654, 1.1417 -0.2962 -0.2559, 1.1417 -0.3201 -0.2376, 1.1417 -0.3106 -0.2415, 1.1417 -0.3024 -0.2478, 1.1417 -0.2922 -0.3252, 1.1417 -0.2962 -0.3346, 1.1417 -0.3024 -0.3428, 1.1417 -0.3106 -0.3491, 1.1407 -0.6387 -0.2362, 1.1407 -0.6387 -0.3543, 1.1378 -0.647 -0.2362, 1.1378 -0.647 -0.3543, 1.1331 -0.6545 -0.2362, 1.1331 -0.6545 -0.3543, 1.1269 -0.6607 -0.2362, 1.1269 -0.6607 -0.3543, 1.1194 -0.6654 -0.2362, 1.1194 -0.6654 -0.3543, 1.1111 -0.6683 -0.2362, 1.1111 -0.6683 -0.3543, 1.1024 -0.6693 -0.2362, 1.1024 -0.6693 -0.3543, 1.1024 -0.7087 -0.2362, 1.1024 -0.7087 -0.3543, 1.1199 -0.7067 -0.3543, 1.1199 -0.7067 -0.2362, 1.1365 -0.7009 -0.3543, 1.1365 -0.7009 -0.2362, 1.1515 -0.6915 -0.3543, 1.1515 -0.6915 -0.2362, 1.1639 -0.679 -0.3543, 1.1639 -0.679 -0.2362, 1.1733 -0.6641 -0.3543, 1.1733 -0.6641 -0.2362, 1.1791 -0.6474 -0.3543, 1.1791 -0.6474 -0.2362, 1.1811 -0.6299 -0.3543, 1.1811 -0.6299 -0.2362, 1.1811 -0.2909 -0.315, 1.1811 -0.2909 -0.2756, 1.1811 -0.2962 -0.2559, 1.1811 -0.3024 -0.2478, 1.1811 -0.3106 -0.2415, 1.1811 -0.3303 -0.2362, 1.1811 -0.3201 -0.2376, 1.1811 -0.2922 -0.2654, 1.1811 -0.2962 -0.3346, 1.1811 -0.3201 -0.353, 1.1811 -0.3024 -0.3428, 1.1811 -0.3106 -0.3491, 1.1811 -0.3303 -0.3543, 1.1811 -0.2922 -0.3252, 1.0827 -0.6693 -0.2362, 1.0827 -0.7087 -0.2362, -1.1417 -0.3201 -0.2376, -1.1417 -0.3303 -0.2362, -1.1417 -0.2909 -0.2756, -1.1417 -0.2909 -0.315, -1.1417 -0.2962 -0.2559, -1.1417 -0.3024 -0.2478, -1.1417 -0.3106 -0.2415, -1.1417 -0.2922 -0.2654, -1.1417 -0.2962 -0.3346, -1.1417 -0.3201 -0.353, -1.1417 -0.3024 -0.3428, -1.1417 -0.3106 -0.3491, -1.1417 -0.6299 -0.2362, -1.1417 -0.6299 -0.3543, -1.1417 -0.3303 -0.3543, -1.1417 -0.2922 -0.3252, -1.1811 -0.2909 -0.2756, -1.1811 -0.2909 -0.315, -1.1811 -0.3201 -0.353, -1.1811 -0.3303 -0.3543, -1.1811 -0.6299 -0.3543, -1.1811 -0.6299 -0.2362, -1.1811 -0.3303 -0.2362, -1.1811 -0.2922 -0.2654, -1.1811 -0.2962 -0.2559, -1.1811 -0.3201 -0.2376, -1.1811 -0.3106 -0.2415, -1.1811 -0.3024 -0.2478, -1.1811 -0.2922 -0.3252, -1.1811 -0.2962 -0.3346, -1.1811 -0.3024 -0.3428, -1.1811 -0.3106 -0.3491, -1.1791 -0.6474 -0.3543, -1.1791 -0.6474 -0.2362, -1.1733 -0.6641 -0.3543, -1.1733 -0.6641 -0.2362, -1.1639 -0.679 -0.3543, -1.1639 -0.679 -0.2362, -1.1515 -0.6915 -0.3543, -1.1515 -0.6915 -0.2362, -1.1365 -0.7009 -0.3543, -1.1365 -0.7009 -0.2362, -1.1199 -0.7067 -0.3543, -1.1199 -0.7067 -0.2362, -1.1024 -0.7087 -0.3543, -1.1024 -0.7087 -0.2362, -1.1024 -0.6693 -0.2362, -1.1024 -0.6693 -0.3543, -1.1111 -0.6683 -0.2362, -1.1111 -0.6683 -0.3543, -1.1194 -0.6654 -0.2362, -1.1194 -0.6654 -0.3543, -1.1269 -0.6607 -0.2362, -1.1269 -0.6607 -0.3543, -1.1331 -0.6545 -0.2362, -1.1331 -0.6545 -0.3543, -1.1378 -0.647 -0.2362, -1.1378 -0.647 -0.3543, -1.1407 -0.6387 -0.2362, -1.1407 -0.6387 -0.3543, -1.0827 -0.6693 -0.2362, -1.0827 -0.7087 -0.2362, -1.1417 0.6299 -0.2362, -1.1417 0.2909 -0.2756, -1.1417 0.6299 -0.3543, -1.1417 0.2909 -0.315, -1.1417 0.3303 -0.3543, -1.1417 0.3201 -0.353, -1.1417 0.3303 -0.2362, -1.1417 0.3201 -0.2376, -1.1417 0.3106 -0.2415, -1.1417 0.3024 -0.2478, -1.1417 0.2962 -0.2559, -1.1417 0.2922 -0.2654, -1.1417 0.2922 -0.3252, -1.1417 0.2962 -0.3346, -1.1417 0.3024 -0.3428, -1.1417 0.3106 -0.3491, -1.1407 0.6387 -0.2362, -1.1407 0.6387 -0.3543, -1.1378 0.647 -0.2362, -1.1378 0.647 -0.3543, -1.1331 0.6545 -0.2362, -1.1331 0.6545 -0.3543, -1.1269 0.6607 -0.2362, -1.1269 0.6607 -0.3543, -1.1194 0.6654 -0.2362, -1.1194 0.6654 -0.3543, -1.1111 0.6683 -0.2362, -1.1111 0.6683 -0.3543, -1.1024 0.6693 -0.2362, -1.1024 0.6693 -0.3543, -1.1024 0.7087 -0.2362, -1.1024 0.7087 -0.3543, -1.1199 0.7067 -0.3543, -1.1199 0.7067 -0.2362, -1.1365 0.7009 -0.3543, -1.1365 0.7009 -0.2362, -1.1515 0.6915 -0.3543, -1.1515 0.6915 -0.2362, -1.1639 0.679 -0.3543, -1.1639 0.679 -0.2362, -1.1733 0.6641 -0.3543, -1.1733 0.6641 -0.2362, -1.1791 0.6474 -0.3543, -1.1791 0.6474 -0.2362, -1.1811 0.6299 -0.3543, -1.1811 0.6299 -0.2362, -1.1811 0.2909 -0.315, -1.1811 0.2909 -0.2756, -1.1811 0.3303 -0.2362, -1.1811 0.3024 -0.2478, -1.1811 0.2962 -0.2559, -1.1811 0.2922 -0.2654, -1.1811 0.3106 -0.2415, -1.1811 0.3201 -0.2376, -1.1811 0.3024 -0.3428, -1.1811 0.2962 -0.3346, -1.1811 0.3106 -0.3491, -1.1811 0.3201 -0.353, -1.1811 0.3303 -0.3543, -1.1811 0.2922 -0.3252, -1.0827 0.6693 -0.2362, -1.0827 0.7087 -0.2362, 1.1417 0.3303 -0.2362, 1.1417 0.6299 -0.2362, 1.1417 0.6299 -0.3543, 1.1417 0.2909 -0.315, 1.1417 0.2909 -0.2756, 1.1417 0.3106 -0.2415, 1.1417 0.3201 -0.2376, 1.1417 0.3024 -0.2478, 1.1417 0.2962 -0.2559, 1.1417 0.2922 -0.2654, 1.1417 0.3024 -0.3428, 1.1417 0.2962 -0.3346, 1.1417 0.3106 -0.3491, 1.1417 0.3201 -0.353, 1.1417 0.3303 -0.3543, 1.1417 0.2922 -0.3252, 1.1811 0.2909 -0.2756, 1.1811 0.2909 -0.315, 1.1811 0.6299 -0.2362, 1.1811 0.6299 -0.3543, 1.1811 0.3303 -0.3543, 1.1811 0.3201 -0.353, 1.1811 0.3303 -0.2362, 1.1811 0.3201 -0.2376, 1.1811 0.3106 -0.2415, 1.1811 0.3024 -0.2478, 1.1811 0.2962 -0.2559, 1.1811 0.2922 -0.2654, 1.1811 0.2922 -0.3252, 1.1811 0.2962 -0.3346, 1.1811 0.3024 -0.3428, 1.1811 0.3106 -0.3491, 1.1791 0.6474 -0.3543, 1.1791 0.6474 -0.2362, 1.1733 0.6641 -0.3543, 1.1733 0.6641 -0.2362, 1.1639 0.679 -0.3543, 1.1639 0.679 -0.2362, 1.1515 0.6915 -0.3543, 1.1515 0.6915 -0.2362, 1.1365 0.7009 -0.3543, 1.1365 0.7009 -0.2362, 1.1199 0.7067 -0.3543, 1.1199 0.7067 -0.2362, 1.1024 0.7087 -0.3543, 1.1024 0.7087 -0.2362, 1.1024 0.6693 -0.2362, 1.1024 0.6693 -0.3543, 1.1111 0.6683 -0.2362, 1.1111 0.6683 -0.3543, 1.1194 0.6654 -0.2362, 1.1194 0.6654 -0.3543, 1.1269 0.6607 -0.2362, 1.1269 0.6607 -0.3543, 1.1331 0.6545 -0.2362, 1.1331 0.6545 -0.3543, 1.1378 0.647 -0.2362, 1.1378 0.647 -0.3543, 1.1407 0.6387 -0.2362, 1.1407 0.6387 -0.3543, 1.0827 0.6693 -0.2362, 1.0827 0.7087 -0.2362, 1.0827 0.7087 -0.2362
            ]
        }
        coordIndex [
            0,1,2,-1,2,1,3,-1,4,3,5,-1,5,3,1,-1,6,4,7,-1,7,4,5,-1,8,9,10,-1,10,9,11,-1,12,11,13,-1,13,11,9,-1,14,12,15,-1,15,12,13,-1,16,17,18,-1,18,17,19,-1,20,21,22,-1,22,21,23,-1,22,24,20,-1,20,24,25,-1,21,26,23,-1,23,26,27,-1,18,28,16,-1,16,28,29,-1,17,30,19,-1,19,30,31,-1,32,33,34,-1,34,33,35,-1,34,35,36,-1,35,37,36,-1,36,37,38,-1,36,38,39,-1,39,38,40,-1,41,42,38,-1,38,42,43,-1,38,43,40,-1,44,45,46,-1,44,46,34,-1,34,46,47,-1,34,47,32,-1,37,35,48,-1,48,35,49,-1,48,49,50,-1,50,49,51,-1,50,51,52,-1,52,51,53,-1,52,53,54,-1,54,53,55,-1,54,55,56,-1,56,55,57,-1,56,57,58,-1,58,57,59,-1,58,59,60,-1,60,59,61,-1,62,63,64,-1,62,64,65,-1,65,64,66,-1,65,66,67,-1,67,66,68,-1,67,68,69,-1,69,68,70,-1,69,70,71,-1,71,70,72,-1,71,72,73,-1,73,72,74,-1,73,74,75,-1,75,74,76,-1,75,76,77,-1,78,79,76,-1,80,81,82,-1,77,76,83,-1,83,76,79,-1,83,79,84,-1,84,79,82,-1,82,79,85,-1,82,85,80,-1,86,87,88,-1,88,87,89,-1,76,90,78,-1,78,90,87,-1,78,87,91,-1,91,87,86,-1,79,78,36,-1,36,78,34,-1,92,93,60,-1,60,93,62,-1,60,62,58,-1,58,62,65,-1,58,65,56,-1,56,65,67,-1,56,67,54,-1,54,67,69,-1,54,69,52,-1,52,69,71,-1,52,71,50,-1,50,71,73,-1,50,73,48,-1,48,73,75,-1,48,75,37,-1,37,75,77,-1,37,77,38,-1,38,77,83,-1,38,83,84,-1,38,84,41,-1,41,84,82,-1,41,82,42,-1,42,82,81,-1,42,81,43,-1,43,81,80,-1,43,80,40,-1,40,80,85,-1,40,85,39,-1,39,85,79,-1,39,79,36,-1,90,33,32,-1,90,32,87,-1,87,32,47,-1,87,47,89,-1,89,47,46,-1,89,46,88,-1,88,46,45,-1,88,45,86,-1,86,45,44,-1,86,44,91,-1,91,44,34,-1,91,34,78,-1,94,95,96,-1,96,95,97,-1,98,99,100,-1,94,96,100,-1,100,96,101,-1,100,101,98,-1,102,103,104,-1,104,103,105,-1,106,107,95,-1,95,107,108,-1,95,108,97,-1,97,108,103,-1,97,103,109,-1,109,103,102,-1,96,97,110,-1,110,97,111,-1,112,113,111,-1,111,113,114,-1,111,114,110,-1,114,115,110,-1,110,115,116,-1,110,116,117,-1,117,116,118,-1,119,120,116,-1,116,120,121,-1,116,121,118,-1,122,123,124,-1,122,124,111,-1,111,124,125,-1,111,125,112,-1,115,114,126,-1,115,126,127,-1,127,126,128,-1,127,128,129,-1,129,128,130,-1,129,130,131,-1,131,130,132,-1,131,132,133,-1,133,132,134,-1,133,134,135,-1,135,134,136,-1,135,136,137,-1,137,136,138,-1,137,138,139,-1,140,141,142,-1,142,141,143,-1,142,143,144,-1,144,143,145,-1,144,145,146,-1,146,145,147,-1,146,147,148,-1,148,147,149,-1,148,149,150,-1,150,149,151,-1,150,151,152,-1,152,151,153,-1,152,153,106,-1,106,153,107,-1,95,116,106,-1,106,116,115,-1,106,115,152,-1,152,115,127,-1,152,127,150,-1,150,127,129,-1,150,129,148,-1,148,129,131,-1,148,131,146,-1,146,131,133,-1,146,133,144,-1,144,133,135,-1,144,135,142,-1,142,135,137,-1,142,137,140,-1,140,137,139,-1,140,139,154,-1,154,139,155,-1,116,95,94,-1,116,94,119,-1,119,94,100,-1,119,100,120,-1,120,100,99,-1,120,99,121,-1,121,99,98,-1,121,98,118,-1,118,98,101,-1,118,101,117,-1,117,101,96,-1,117,96,110,-1,108,113,112,-1,108,112,103,-1,103,112,125,-1,103,125,105,-1,105,125,124,-1,105,124,104,-1,104,124,123,-1,104,123,102,-1,102,123,122,-1,102,122,109,-1,109,122,111,-1,109,111,97,-1,156,157,158,-1,158,157,159,-1,158,159,160,-1,160,159,161,-1,156,162,157,-1,157,162,163,-1,157,163,164,-1,164,165,157,-1,157,165,166,-1,157,166,167,-1,168,169,170,-1,168,170,159,-1,159,170,171,-1,159,171,161,-1,156,158,172,-1,172,158,173,-1,172,173,174,-1,174,173,175,-1,174,175,176,-1,176,175,177,-1,176,177,178,-1,178,177,179,-1,178,179,180,-1,180,179,181,-1,180,181,182,-1,182,181,183,-1,182,183,184,-1,184,183,185,-1,186,187,188,-1,186,188,189,-1,189,188,190,-1,189,190,191,-1,191,190,192,-1,191,192,193,-1,193,192,194,-1,193,194,195,-1,195,194,196,-1,195,196,197,-1,197,196,198,-1,197,198,199,-1,199,198,200,-1,199,200,201,-1,202,203,200,-1,200,203,204,-1,200,204,201,-1,205,203,206,-1,206,203,207,-1,205,208,203,-1,203,208,209,-1,203,209,204,-1,210,211,212,-1,212,211,213,-1,200,214,202,-1,202,214,213,-1,202,213,215,-1,215,213,211,-1,203,202,157,-1,157,202,159,-1,216,217,184,-1,184,217,186,-1,184,186,182,-1,182,186,189,-1,182,189,180,-1,180,189,191,-1,180,191,178,-1,178,191,193,-1,178,193,176,-1,176,193,195,-1,176,195,174,-1,174,195,197,-1,174,197,172,-1,172,197,199,-1,172,199,156,-1,156,199,201,-1,156,201,162,-1,162,201,204,-1,162,204,209,-1,162,209,163,-1,163,209,208,-1,163,208,164,-1,164,208,205,-1,164,205,165,-1,165,205,206,-1,165,206,166,-1,166,206,207,-1,166,207,167,-1,167,207,203,-1,167,203,157,-1,214,160,161,-1,214,161,213,-1,213,161,171,-1,213,171,212,-1,212,171,170,-1,212,170,210,-1,210,170,169,-1,210,169,211,-1,211,169,168,-1,211,168,215,-1,215,168,159,-1,215,159,202,-1,218,219,220,-1,221,222,220,-1,223,224,225,-1,225,224,218,-1,225,218,226,-1,220,222,218,-1,218,222,227,-1,218,227,226,-1,228,229,230,-1,230,229,231,-1,220,232,221,-1,221,232,231,-1,221,231,233,-1,233,231,229,-1,222,221,234,-1,234,221,235,-1,236,234,237,-1,237,234,235,-1,237,235,238,-1,238,235,239,-1,236,240,234,-1,234,240,241,-1,234,241,242,-1,242,243,234,-1,234,243,244,-1,234,244,245,-1,246,247,248,-1,246,248,235,-1,235,248,249,-1,235,249,239,-1,236,237,250,-1,236,250,251,-1,251,250,252,-1,251,252,253,-1,253,252,254,-1,253,254,255,-1,255,254,256,-1,255,256,257,-1,257,256,258,-1,257,258,259,-1,259,258,260,-1,259,260,261,-1,261,260,262,-1,261,262,263,-1,264,265,266,-1,266,265,267,-1,266,267,268,-1,268,267,269,-1,268,269,270,-1,270,269,271,-1,270,271,272,-1,272,271,273,-1,272,273,274,-1,274,273,275,-1,274,275,276,-1,276,275,277,-1,276,277,219,-1,219,277,220,-1,218,240,219,-1,219,240,236,-1,219,236,276,-1,276,236,251,-1,276,251,274,-1,274,251,253,-1,274,253,272,-1,272,253,255,-1,272,255,270,-1,270,255,257,-1,270,257,268,-1,268,257,259,-1,268,259,266,-1,266,259,261,-1,266,261,264,-1,264,261,263,-1,264,263,278,-1,278,263,279,-1,240,218,224,-1,240,224,241,-1,241,224,223,-1,241,223,242,-1,242,223,225,-1,242,225,243,-1,243,225,226,-1,243,226,244,-1,244,226,227,-1,244,227,245,-1,245,227,222,-1,245,222,234,-1,232,238,239,-1,232,239,231,-1,231,239,249,-1,231,249,230,-1,230,249,248,-1,230,248,228,-1,228,248,247,-1,228,247,229,-1,229,247,246,-1,229,246,233,-1,233,246,235,-1,233,235,221,-1,
        ]
    }
}
Shape{
    appearance Appearance {
        material  Material 	{
            diffuseColor 0.25098039215686274 0.25098039215686274 0.25098039215686274
            specularColor 0.12549019607843137 0.12549019607843137 0.12549019607843137
            ambientIntensity 0.2
            transparency 0
            shininess 0.5
        }
    }
    geometry IndexedFaceSet {
        ccw TRUE
        solid FALSE
        coord DEF co Coordinate {
            point [
                -1.1811 0.1181 -0.2052, -1.1811 -0.1181 -0.2052, -1.1811 -0.5709 -0.0394, -1.1811 0.5709 -0.0394, -1.1811 0.5709 -0.2362, -1.1811 0.2559 -0.2362, -1.1811 -0.5709 -0.2362, -1.1811 -0.2559 -0.2362, -1.1811 -0.2559 -0.4331, -1.1811 -0.1181 -0.2446, -1.1811 0.2559 -0.4331, -1.1811 0.1181 -0.2446, 1.1811 0.0266 -0.0625, 1.1811 0.0266 -0.1098, 1.1811 0.0479 -0.1098, 1.1811 0.1603 -0.1624, 1.1811 0.1451 -0.201, 1.1811 0.164 -0.201, 1.1811 0.0697 -0.0625, 1.1811 0.0737 -0.062, 1.1811 0.0524 -0.062, 1.1811 0.0834 -0.116, 1.1811 0.08 -0.1163, 1.1811 0.0923 -0.1163, 1.1811 0.1076 -0.0686, 1.1811 0.1076 -0.0857, 1.1811 0.122 -0.0857, 1.1811 0.11 -0.2009, 1.1811 0.1094 -0.201, 1.1811 0.122 -0.201, 1.1811 0.1744 -0.1765, 1.1811 0.1744 -0.1945, 1.1811 0.1844 -0.1945, 1.1811 -0.2326 -0.1144, 1.1811 -0.2339 -0.1163, 1.1811 -0.1921 -0.1163, 1.1811 -0.1619 -0.1564, 1.1811 -0.1553 -0.1624, 1.1811 -0.1399 -0.1544, 1.1811 -0.1181 -0.2052, 1.1811 -0.0021 -0.2052, 1.1811 -0.0021 -0.201, 1.1811 0.0492 -0.2052, 1.1811 0.1181 -0.2052, 1.1811 0.1049 -0.2015, 1.1811 0.0923 -0.2052, 1.1811 -0.0021 -0.2446, 1.1811 -0.1181 -0.2446, 1.1811 -0.1921 -0.4331, 1.1811 -0.1181 -0.2222, 1.1811 -0.1586 -0.2161, 1.1811 -0.1661 -0.2214, 1.1811 -0.1681 -0.2222, 1.1811 -0.1746 -0.2247, 1.1811 -0.1838 -0.2258, 1.1811 0.0923 -0.4331, 1.1811 0.0524 -0.2446, 1.1811 0.0524 -0.4331, 1.1811 0.0492 -0.2446, 1.1811 0.0492 -0.4331, 1.1811 -0.0021 -0.4331, 1.1811 0.1181 -0.2222, 1.1811 0.122 -0.2222, 1.1811 0.1181 -0.2446, 1.1811 -0.0356 -0.1163, 1.1811 -0.0021 -0.1163, 1.1811 -0.0381 -0.1128, 1.1811 -0.0021 -0.062, 1.1811 -0.0484 -0.1041, 1.1811 -0.0906 -0.062, 1.1811 -0.0821 -0.0679, 1.1811 -0.0692 -0.0829, 1.1811 -0.0616 -0.0979, 1.1811 -0.0597 -0.0985, 1.1811 -0.1921 -0.062, 1.1811 -0.1777 -0.062, 1.1811 -0.1921 -0.0394, 1.1811 -0.1689 -0.0567, 1.1811 -0.1513 -0.0502, 1.1811 -0.1337 -0.0482, 1.1811 -0.0021 -0.0394, 1.1811 -0.1162 -0.0502, 1.1811 -0.0973 -0.0574, 1.1811 -0.1921 -0.0753, 1.1811 -0.1881 -0.0706, 1.1811 -0.1792 -0.063, 1.1811 -0.2574 -0.1088, 1.1811 -0.5709 -0.062, 1.1811 -0.2607 -0.1163, 1.1811 -0.5709 -0.1163, 1.1811 -0.2635 -0.1225, 1.1811 -0.1959 -0.0797, 1.1811 -0.2003 -0.0792, 1.1811 -0.2046 -0.0789, 1.1811 -0.2196 -0.0808, 1.1811 -0.2483 -0.0971, 1.1811 -0.2457 -0.0947, 1.1811 -0.2337 -0.0862, 1.1811 -0.5709 -0.1544, 1.1811 -0.2661 -0.1404, 1.1811 -0.266 -0.1368, 1.1811 -0.2383 -0.1919, 1.1811 -0.2502 -0.1818, 1.1811 -0.5709 -0.201, 1.1811 -0.2246 -0.1986, 1.1811 -0.2589 -0.1694, 1.1811 -0.2643 -0.1553, 1.1811 -0.2644 -0.1544, 1.1811 -0.1995 -0.2222, 1.1811 -0.2029 -0.2207, 1.1811 -0.2104 -0.2151, 1.1811 -0.2198 -0.2, 1.1811 -0.2193 -0.201, 1.1811 -0.216 -0.2081, 1.1811 -0.5709 -0.2222, 1.1811 -0.5709 -0.2362, 1.1811 -0.2559 -0.2362, 1.1811 -0.1942 -0.2244, 1.1811 -0.2559 -0.4331, 1.1811 -0.1921 -0.2247, 1.1811 -0.1852 -0.2258, 1.1811 -0.0021 -0.1544, 1.1811 -0.0249 -0.1544, 1.1811 -0.0257 -0.1612, 1.1811 -0.0998 -0.1786, 1.1811 -0.0971 -0.1776, 1.1811 -0.0927 -0.156, 1.1811 -0.1021 -0.1803, 1.1811 -0.038 -0.1837, 1.1811 -0.0484 -0.1924, 1.1811 -0.0599 -0.1981, 1.1811 -0.0942 -0.1772, 1.1811 -0.0938 -0.1772, 1.1811 -0.0927 -0.1775, 1.1811 -0.0305 -0.1732, 1.1811 -0.106 -0.189, 1.1811 -0.1059 -0.1875, 1.1811 -0.1458 -0.184, 1.1811 -0.1051 -0.1846, 1.1811 -0.1037 -0.182, 1.1811 -0.0552 -0.1681, 1.1811 -0.0511 -0.1621, 1.1811 -0.095 -0.2007, 1.1811 -0.0971 -0.2004, 1.1811 -0.1482 -0.201, 1.1811 -0.0726 -0.2007, 1.1811 -0.0996 -0.1994, 1.1811 -0.1021 -0.1977, 1.1811 -0.103 -0.1968, 1.1811 -0.1046 -0.1944, 1.1811 -0.1056 -0.1918, 1.1811 -0.146 -0.1918, 1.1811 -0.1458 -0.1878, 1.1811 -0.1482 -0.2012, 1.1811 -0.1527 -0.2096, 1.1811 -0.0919 -0.1776, 1.1811 -0.0749 -0.1776, 1.1811 -0.068 -0.1763, 1.1811 -0.0613 -0.1732, 1.1811 -0.0557 -0.1686, 1.1811 -0.1792 -0.1498, 1.1811 -0.17 -0.1521, 1.1811 -0.0806 -0.1163, 1.1811 -0.0484 -0.1554, 1.1811 -0.0483 -0.1544, 1.1811 -0.0936 -0.1544, 1.1811 -0.0475 -0.148, 1.1811 -0.0477 -0.1447, 1.1811 -0.0574 -0.1259, 1.1811 -0.0633 -0.1218, 1.1811 -0.0495 -0.1374, 1.1811 -0.053 -0.1308, 1.1811 -0.0802 -0.1184, 1.1811 -0.1045 -0.1358, 1.1811 -0.0771 -0.1184, 1.1811 -0.0699 -0.1193, 1.1811 -0.1657 -0.1544, 1.1811 -0.2012 -0.1538, 1.1811 -0.1928 -0.1506, 1.1811 -0.1921 -0.1505, 1.1811 -0.1838 -0.1495, 1.1811 -0.2378 -0.122, 1.1811 -0.2411 -0.1305, 1.1811 -0.2392 -0.1544, 1.1811 -0.202 -0.1544, 1.1811 -0.2418 -0.1455, 1.1811 -0.2422 -0.1396, 1.1811 -0.239 -0.1548, 1.1811 -0.2153 -0.1664, 1.1811 -0.209 -0.1592, 1.1811 -0.2345 -0.1625, 1.1811 -0.2277 -0.1695, 1.1811 -0.2194 -0.1746, 1.1811 -0.1954 -0.1028, 1.1811 -0.2043 -0.1017, 1.1811 -0.2082 -0.1019, 1.1811 -0.2176 -0.1041, 1.1811 -0.2261 -0.1086, 1.1811 -0.1842 -0.1074, 1.1811 -0.1869 -0.1059, 1.1811 -0.1921 -0.104, 1.1811 -0.0883 -0.0956, 1.1811 -0.0969 -0.0854, 1.1811 -0.0979 -0.0845, 1.1811 -0.1085 -0.0771, 1.1811 -0.1784 -0.0954, 1.1811 -0.0825 -0.1078, 1.1811 -0.1698 -0.0852, 1.1811 -0.1204 -0.0725, 1.1811 -0.1597 -0.0778, 1.1811 -0.1333 -0.0709, 1.1811 -0.1473 -0.0727, 1.1811 -0.0304 -0.1236, 1.1811 -0.0257 -0.1352, 1.1811 -0.024 -0.1476, 1.1811 0.2063 -0.2006, 1.1811 0.2063 -0.1544, 1.1811 0.2013 -0.1544, 1.1811 0.2063 -0.1472, 1.1811 0.2013 -0.1163, 1.1811 0.2731 -0.1472, 1.1811 0.2805 -0.1472, 1.1811 0.2216 -0.1472, 1.1811 0.2297 -0.1481, 1.1811 0.247 -0.1608, 1.1811 0.2489 -0.1659, 1.1811 0.2704 -0.1544, 1.1811 0.2437 -0.1561, 1.1811 0.2932 -0.2006, 1.1811 0.2013 -0.201, 1.1811 0.3008 -0.2006, 1.1811 0.5709 -0.201, 1.1811 0.2832 -0.1544, 1.1811 0.5709 -0.1544, 1.1811 0.5709 -0.1163, 1.1811 0.2362 -0.1504, 1.1811 0.2418 -0.1542, 1.1811 0.2419 -0.1544, 1.1811 0.2457 -0.1884, 1.1811 0.2418 -0.1931, 1.1811 0.2528 -0.2006, 1.1811 0.2362 -0.1971, 1.1811 0.2301 -0.1995, 1.1811 0.221 -0.2006, 1.1811 0.2604 -0.2006, 1.1811 0.2655 -0.186, 1.1811 0.2877 -0.186, 1.1811 0.2498 -0.1732, 1.1811 0.2496 -0.1766, 1.1811 0.2484 -0.1828, 1.1811 0.1963 -0.1945, 1.1811 0.1963 -0.2006, 1.1811 0.1844 -0.201, 1.1811 0.1844 -0.1544, 1.1811 0.1844 -0.1704, 1.1811 0.1935 -0.1704, 1.1811 0.1935 -0.1765, 1.1811 0.1844 -0.1765, 1.1811 0.1744 -0.1704, 1.1811 0.1744 -0.1544, 1.1811 0.1744 -0.1533, 1.1811 0.1844 -0.1533, 1.1811 0.1676 -0.2006, 1.1811 0.1676 -0.1544, 1.1811 0.164 -0.1544, 1.1811 0.1676 -0.1472, 1.1811 0.0923 -0.201, 1.1811 0.1009 -0.201, 1.1811 0.0987 -0.2008, 1.1811 0.0945 -0.1992, 1.1811 0.0945 -0.1923, 1.1811 0.0923 -0.1544, 1.1811 0.114 -0.162, 1.1811 0.1184 -0.1633, 1.1811 0.122 -0.1544, 1.1811 0.1184 -0.1697, 1.1811 0.118 -0.1839, 1.1811 0.1193 -0.1857, 1.1811 0.1191 -0.195, 1.1811 0.1179 -0.1968, 1.1811 0.12 -0.1877, 1.1811 0.1203 -0.1902, 1.1811 0.12 -0.1929, 1.1811 0.0965 -0.1788, 1.1811 0.0956 -0.1774, 1.1811 0.0949 -0.1753, 1.1811 0.0946 -0.1727, 1.1811 0.0948 -0.1703, 1.1811 0.0956 -0.1682, 1.1811 0.0969 -0.1664, 1.1811 0.0989 -0.1646, 1.1811 0.116 -0.1984, 1.1811 0.1138 -0.1997, 1.1811 0.1009 -0.1634, 1.1811 0.1046 -0.1621, 1.1811 0.1094 -0.1616, 1.1811 0.1013 -0.1955, 1.1811 0.1047 -0.1838, 1.1811 0.0971 -0.1939, 1.1811 0.1007 -0.182, 1.1811 0.0976 -0.1799, 1.1811 0.1088 -0.167, 1.1811 0.1068 -0.1671, 1.1811 0.1015 -0.1721, 1.1811 0.105 -0.1676, 1.1811 0.1035 -0.1684, 1.1811 0.1015 -0.173, 1.1811 0.1018 -0.1741, 1.1811 0.1023 -0.175, 1.1811 0.1055 -0.196, 1.1811 0.1058 -0.196, 1.1811 0.1091 -0.1856, 1.1811 0.1092 -0.1956, 1.1811 0.1134 -0.1908, 1.1811 0.1133 -0.19, 1.1811 0.1029 -0.1757, 1.1811 0.1053 -0.1771, 1.1811 0.1132 -0.1675, 1.1811 0.1094 -0.1789, 1.1811 0.1169 -0.1689, 1.1811 0.112 -0.18, 1.1811 0.1164 -0.1825, 1.1811 0.111 -0.195, 1.1811 0.1116 -0.1946, 1.1811 0.1123 -0.1939, 1.1811 0.1025 -0.1693, 1.1811 0.1019 -0.1702, 1.1811 0.1016 -0.1711, 1.1811 0.1129 -0.1931, 1.1811 0.1133 -0.1921, 1.1811 0.113 -0.189, 1.1811 0.1125 -0.1881, 1.1811 0.1117 -0.1872, 1.1811 0.2209 -0.1013, 1.1811 0.2013 -0.1013, 1.1811 0.2263 -0.1159, 1.1811 0.234 -0.1159, 1.1811 0.2136 -0.0625, 1.1811 0.5709 -0.062, 1.1811 0.2013 -0.062, 1.1811 0.1987 -0.1013, 1.1811 0.1935 -0.1159, 1.1811 0.1844 -0.1163, 1.1811 0.1859 -0.1159, 1.1811 0.1844 -0.062, 1.1811 0.2013 -0.0755, 1.1811 0.2063 -0.0625, 1.1811 0.164 -0.1163, 1.1811 0.1632 -0.1148, 1.1811 0.1542 -0.1159, 1.1811 0.1547 -0.0625, 1.1811 0.164 -0.062, 1.1811 0.1345 -0.062, 1.1811 0.1345 -0.1163, 1.1811 0.1395 -0.1159, 1.1811 0.1395 -0.0625, 1.1811 0.1815 -0.0982, 1.1811 0.1789 -0.1037, 1.1811 0.1768 -0.0714, 1.1811 0.1801 -0.0761, 1.1811 0.1749 -0.1084, 1.1811 0.1693 -0.1124, 1.1811 0.164 -0.1145, 1.1811 0.1749 -0.0696, 1.1811 0.1629 -0.0634, 1.1811 0.164 -0.0638, 1.1811 0.1693 -0.0658, 1.1811 0.1821 -0.0812, 1.1811 0.183 -0.0885, 1.1811 0.1828 -0.0919, 1.1811 0.122 -0.062, 1.1811 0.1282 -0.0625, 1.1811 0.122 -0.0625, 1.1811 0.1282 -0.0686, 1.1811 0.1294 -0.1098, 1.1811 0.1294 -0.1159, 1.1811 0.122 -0.1163, 1.1811 0.1076 -0.1098, 1.1811 0.122 -0.1098, 1.1811 0.1076 -0.0918, 1.1811 0.122 -0.0918, 1.1811 0.1267 -0.0918, 1.1811 0.1267 -0.0857, 1.1811 0.122 -0.0686, 1.1811 0.1007 -0.0625, 1.1811 0.0923 -0.062, 1.1811 0.1007 -0.1159, 1.1811 0.09 -0.0638, 1.1811 0.0844 -0.0621, 1.1811 0.0831 -0.062, 1.1811 0.122 -0.1159, 1.1811 0.09 -0.071, 1.1811 0.0891 -0.1141, 1.1811 0.0774 -0.0678, 1.1811 0.075 -0.0679, 1.1811 0.0715 -0.1101, 1.1811 0.0762 -0.1106, 1.1811 0.0787 -0.1105, 1.1811 0.0894 -0.0707, 1.1811 0.0848 -0.1094, 1.1811 0.09 -0.1071, 1.1811 0.09 -0.1137, 1.1811 0.064 -0.1064, 1.1811 0.0574 -0.092, 1.1811 0.0625 -0.105, 1.1811 0.0583 -0.0973, 1.1811 0.06 -0.1016, 1.1811 0.084 -0.0686, 1.1811 0.0704 -0.0689, 1.1811 0.0663 -0.0709, 1.1811 0.0629 -0.0737, 1.1811 0.0625 -0.0742, 1.1811 0.0599 -0.0779, 1.1811 0.0582 -0.0825, 1.1811 0.0573 -0.0898, 1.1811 0.0675 -0.1088, 1.1811 0.0923 -0.0394, 1.1811 0.0774 -0.0616, 1.1811 0.0539 -0.0745, 1.1811 0.0578 -0.0695, 1.1811 0.0591 -0.0682, 1.1811 0.0641 -0.0647, 1.1811 0.0492 -0.062, 1.1811 0.0514 -0.0804, 1.1811 0.0524 -0.0779, 1.1811 0.0524 -0.1023, 1.1811 0.0511 -0.0989, 1.1811 0.0492 -0.1163, 1.1811 0.0501 -0.0902, 1.1811 0.0501 -0.0874, 1.1811 0.0524 -0.1544, 1.1811 0.0703 -0.1163, 1.1811 0.0524 -0.1163, 1.1811 0.0655 -0.1152, 1.1811 0.0606 -0.1126, 1.1811 0.0569 -0.1095, 1.1811 0.0565 -0.109, 1.1811 0.0533 -0.1044, 1.1811 0.0752 -0.1168, 1.1811 0.0711 -0.1165, 1.1811 0.0266 -0.1544, 1.1811 0.0266 -0.1704, 1.1811 0.0492 -0.1544, 1.1811 0.0457 -0.1704, 1.1811 0.0266 -0.1765, 1.1811 0.0266 -0.1945, 1.1811 0.0457 -0.1765, 1.1811 0.0484 -0.1945, 1.1811 0.0492 -0.201, 1.1811 0.0484 -0.2006, 1.1811 0.0197 -0.2006, 1.1811 0.0197 -0.1544, 1.1811 0.0197 -0.1472, 1.1811 0.0266 -0.1533, 1.1811 0.0472 -0.1533, 1.1811 0.0472 -0.1472, 1.1811 0.0706 -0.201, 1.1811 0.0788 -0.2006, 1.1811 0.0731 -0.2001, 1.1811 0.0754 -0.1986, 1.1811 0.0524 -0.201, 1.1811 0.056 -0.1957, 1.1811 0.0552 -0.1934, 1.1811 0.0586 -0.1716, 1.1811 0.0586 -0.1651, 1.1811 0.06 -0.1643, 1.1811 0.0704 -0.2011, 1.1811 0.0669 -0.2015, 1.1811 0.0524 -0.2052, 1.1811 0.063 -0.201, 1.1811 0.0629 -0.201, 1.1811 0.0604 -0.2, 1.1811 0.0576 -0.1823, 1.1811 0.0596 -0.1806, 1.1811 0.0625 -0.1791, 1.1811 0.0626 -0.169, 1.1811 0.0675 -0.1779, 1.1811 0.0733 -0.1672, 1.1811 0.0711 -0.167, 1.1811 0.0668 -0.1675, 1.1811 0.0581 -0.1985, 1.1811 0.0574 -0.1977, 1.1811 0.0785 -0.1628, 1.1811 0.0808 -0.1641, 1.1811 0.0825 -0.1658, 1.1811 0.0839 -0.1679, 1.1811 0.0788 -0.1947, 1.1811 0.0786 -0.1947, 1.1811 0.0775 -0.1963, 1.1811 0.0548 -0.1904, 1.1811 0.0549 -0.1895, 1.1811 0.0553 -0.1866, 1.1811 0.0562 -0.1842, 1.1811 0.0649 -0.1624, 1.1811 0.0717 -0.1616, 1.1811 0.0757 -0.1619, 1.1811 0.0788 -0.1763, 1.1811 0.0785 -0.1734, 1.1811 0.0779 -0.171, 1.1811 0.0771 -0.1696, 1.1811 0.085 -0.171, 1.1811 0.0855 -0.176, 1.1811 0.0855 -0.2006, 1.1811 0.0761 -0.1685, 1.1811 0.0749 -0.1678, 1.1811 0.1534 -0.1624, 1.1811 0.1844 -0.2006, 1.1811 0.1412 -0.1911, 1.1811 0.142 -0.1942, 1.1811 0.1422 -0.1942, 1.1811 0.1345 -0.1544, 1.1811 0.1345 -0.1717, 1.1811 0.143 -0.1911, 1.1811 0.1425 -0.1929, 1.1811 0.1345 -0.201, 1.1811 0.1345 -0.1897, 1.1811 0.1238 -0.1624, 1.1811 0.1312 -0.1624, 1.1811 0.1387 -0.2005, 1.1811 0.1385 -0.201, 1.1811 0.1358 -0.2074, 1.1811 0.1251 -0.218, 1.1811 0.1251 -0.212, 1.1811 0.1332 -0.2112, 1.1811 0.1345 -0.2098, 1.1811 0.1345 -0.2098, 1.1811 0.1265 -0.2125, 1.1811 0.1289 -0.2128, 1.1811 0.1345 -0.2173, 1.1811 0.1321 -0.2182, 1.1811 0.1345 -0.2222, 1.1811 0.1294 -0.2185, 1.1811 0.128 -0.2185, 1.1811 0.1306 -0.2126, 1.1811 0.132 -0.212, 1.1811 0.143 -0.2063, 1.1811 0.14 -0.2122, 1.1811 0.164 -0.2222, 1.1811 0.1376 -0.2152, 1.1811 0.1371 -0.2156, 1.1811 0.1348 -0.2172, 1.1811 0.5709 -0.2362, 1.1811 0.5709 -0.2222, 1.1811 0.2559 -0.2362, 1.1811 0.2013 -0.2222, 1.1811 0.2559 -0.4331, 1.1811 -0.5709 -0.0394, 1.1811 0.0197 -0.1159, 1.1811 0.0197 -0.0625, 1.1811 0.0479 -0.1159, 1.1811 0.0524 -0.0394, 1.1811 0.0492 -0.0394, 1.1811 0.195 -0.1533, 1.1811 0.195 -0.1472, 1.1811 0.1844 -0.1472, 1.1811 0.2013 -0.4331, 1.1811 0.1844 -0.2222, 1.1811 0.1844 -0.4331, 1.1811 0.164 -0.4331, 1.1811 0.1345 -0.4331, 1.1811 0.122 -0.4331, 1.1811 0.0923 -0.2446, 1.1811 0.122 -0.0394, 1.1811 0.1345 -0.0394, 1.1811 0.164 -0.0394, 1.1811 0.1844 -0.0394, 1.1811 0.2013 -0.0394, 1.1811 0.5709 -0.0394, -1.1024 -0.2559 -0.4331, -1.1024 0.2559 -0.4331, -1.1024 -0.6496 -0.4331, 1.1024 -0.6496 -0.4331, 1.1024 -0.2559 -0.4331, -1.1024 0.6496 -0.4331, 1.1024 0.2559 -0.4331, 1.1024 0.6496 -0.4331, -1.1024 -0.5709 -0.0394, -1.1024 -0.5709 -0.2362, 1.1024 0.5709 -0.0394, 1.1024 0.5709 -0.2362, -1.1024 0.6496 -0.0394, 1.1024 0.6496 -0.0394, -1.1024 -0.6496 -0.0394, 1.1024 -0.6496 -0.0394, -1.1024 0.5709 -0.0394, 1.1024 -0.5709 -0.0394, 1.1024 -0.5709 -0.2362, 1.1024 -0.2559 -0.2362, 1.1024 0.2559 -0.2362, -1.1024 0.5709 -0.2362, -1.1024 0.2559 -0.2362, -1.1024 -0.2559 -0.2362, -1.1024 -0.2559 -0.2362
            ]
        }
        coordIndex [
            0,1,2,-1,3,4,5,-1,6,2,7,-1,7,2,1,-1,7,1,8,-1,8,1,9,-1,8,9,10,-1,10,9,11,-1,10,11,5,-1,5,11,0,-1,5,0,3,-1,3,0,2,-1,12,13,14,-1,15,16,17,-1,18,19,20,-1,21,22,23,-1,24,25,26,-1,27,28,29,-1,30,31,32,-1,33,34,35,-1,36,37,38,-1,39,40,41,-1,41,40,42,-1,29,28,43,-1,43,28,44,-1,43,44,45,-1,46,47,48,-1,48,47,49,-1,50,51,49,-1,49,51,52,-1,49,52,48,-1,48,52,53,-1,48,53,54,-1,55,56,57,-1,57,56,58,-1,57,58,59,-1,59,58,46,-1,59,46,60,-1,60,46,48,-1,43,61,62,-1,62,61,63,-1,64,65,66,-1,66,65,67,-1,66,67,68,-1,69,70,67,-1,67,70,71,-1,71,72,67,-1,67,72,73,-1,67,73,68,-1,74,75,76,-1,76,75,77,-1,77,78,76,-1,76,78,79,-1,76,79,80,-1,80,79,81,-1,80,81,82,-1,83,84,74,-1,74,84,85,-1,74,85,75,-1,86,87,88,-1,88,87,89,-1,88,89,90,-1,91,83,92,-1,92,83,74,-1,92,74,93,-1,93,74,94,-1,86,95,87,-1,87,95,96,-1,87,96,97,-1,98,99,89,-1,89,99,100,-1,89,100,90,-1,101,102,103,-1,101,103,104,-1,102,105,103,-1,103,105,106,-1,103,106,98,-1,98,106,107,-1,98,107,99,-1,108,109,103,-1,103,109,110,-1,111,104,112,-1,112,104,103,-1,112,103,113,-1,113,103,110,-1,114,115,116,-1,103,114,108,-1,108,114,116,-1,108,116,117,-1,117,116,118,-1,117,118,119,-1,119,118,48,-1,119,48,120,-1,120,48,54,-1,121,122,123,-1,124,125,126,-1,124,126,127,-1,128,129,41,-1,41,129,130,-1,125,131,126,-1,126,131,132,-1,126,132,133,-1,121,123,41,-1,41,123,134,-1,41,134,128,-1,135,136,137,-1,137,136,138,-1,137,138,126,-1,126,138,139,-1,126,139,127,-1,126,140,141,-1,142,143,144,-1,142,144,145,-1,143,146,144,-1,144,146,147,-1,144,147,148,-1,148,149,144,-1,144,149,150,-1,144,150,151,-1,151,150,135,-1,151,135,152,-1,152,135,137,-1,130,145,41,-1,41,145,144,-1,41,144,39,-1,39,144,153,-1,39,153,49,-1,49,153,154,-1,49,154,50,-1,133,155,126,-1,126,155,156,-1,126,156,157,-1,157,158,126,-1,126,158,159,-1,126,159,140,-1,160,161,162,-1,141,163,126,-1,126,163,164,-1,126,164,165,-1,165,164,166,-1,165,166,167,-1,165,168,169,-1,167,170,165,-1,165,170,171,-1,165,171,168,-1,172,173,174,-1,174,173,165,-1,174,165,175,-1,175,165,169,-1,172,162,173,-1,173,162,161,-1,173,161,38,-1,38,161,176,-1,38,176,36,-1,177,178,35,-1,35,178,179,-1,35,179,180,-1,35,34,177,-1,177,34,181,-1,177,181,182,-1,183,184,185,-1,185,184,177,-1,185,177,186,-1,186,177,182,-1,187,188,183,-1,183,188,189,-1,183,189,184,-1,187,190,188,-1,188,190,191,-1,188,191,192,-1,193,194,35,-1,35,194,195,-1,195,196,35,-1,35,196,197,-1,35,197,33,-1,198,199,35,-1,35,199,200,-1,35,200,193,-1,201,202,198,-1,202,203,198,-1,198,203,204,-1,198,204,205,-1,180,160,35,-1,35,160,162,-1,35,162,198,-1,198,162,206,-1,198,206,201,-1,205,204,207,-1,207,204,208,-1,207,208,209,-1,209,208,210,-1,209,210,211,-1,64,212,65,-1,65,212,213,-1,65,213,121,-1,121,213,214,-1,121,214,122,-1,215,216,217,-1,217,216,218,-1,217,218,219,-1,219,220,221,-1,218,222,219,-1,219,222,223,-1,219,223,220,-1,224,225,226,-1,224,226,227,-1,228,229,230,-1,230,229,231,-1,230,231,232,-1,232,231,233,-1,232,233,221,-1,221,233,234,-1,221,234,219,-1,223,235,220,-1,220,235,236,-1,220,236,226,-1,226,236,237,-1,226,237,227,-1,238,239,240,-1,240,239,241,-1,240,241,242,-1,242,243,240,-1,240,243,229,-1,240,229,244,-1,244,229,228,-1,244,228,245,-1,245,228,246,-1,225,247,226,-1,226,247,248,-1,226,248,240,-1,240,248,249,-1,240,249,238,-1,250,251,229,-1,229,251,252,-1,253,254,217,-1,217,254,255,-1,217,255,256,-1,243,215,229,-1,229,215,217,-1,229,217,250,-1,250,217,256,-1,250,256,32,-1,32,256,257,-1,32,257,30,-1,258,254,259,-1,259,254,253,-1,259,253,260,-1,260,253,261,-1,262,263,264,-1,264,263,265,-1,266,267,268,-1,268,269,266,-1,266,269,270,-1,266,270,271,-1,272,273,274,-1,274,273,275,-1,276,277,275,-1,29,278,279,-1,280,281,29,-1,29,281,282,-1,29,282,278,-1,283,284,270,-1,284,285,270,-1,270,285,286,-1,270,286,271,-1,271,286,287,-1,287,288,271,-1,271,288,289,-1,271,289,290,-1,279,291,29,-1,29,291,292,-1,29,292,27,-1,290,293,271,-1,271,293,294,-1,271,294,274,-1,274,294,295,-1,274,295,272,-1,296,297,298,-1,298,297,299,-1,298,299,270,-1,270,299,300,-1,270,300,283,-1,301,302,303,-1,303,302,304,-1,303,304,305,-1,303,306,301,-1,301,306,307,-1,301,307,308,-1,296,309,297,-1,297,309,310,-1,297,310,311,-1,311,310,312,-1,311,313,314,-1,308,315,301,-1,301,315,316,-1,301,316,317,-1,317,316,318,-1,317,318,319,-1,319,318,320,-1,319,320,275,-1,275,320,321,-1,275,321,276,-1,312,322,311,-1,311,322,323,-1,311,323,324,-1,325,326,305,-1,305,326,327,-1,305,327,303,-1,324,328,311,-1,311,328,329,-1,311,329,313,-1,314,330,311,-1,311,330,331,-1,311,331,332,-1,333,334,335,-1,335,334,219,-1,335,219,336,-1,336,219,234,-1,336,234,337,-1,337,234,338,-1,337,338,339,-1,334,340,219,-1,219,340,341,-1,219,341,342,-1,342,341,343,-1,342,343,344,-1,344,343,345,-1,344,345,339,-1,339,345,346,-1,339,346,337,-1,347,348,349,-1,350,351,352,-1,347,349,353,-1,353,349,354,-1,353,354,352,-1,352,354,355,-1,352,355,350,-1,356,357,342,-1,358,359,344,-1,357,360,342,-1,342,360,361,-1,342,361,347,-1,347,361,362,-1,347,362,348,-1,358,344,363,-1,350,364,351,-1,351,364,365,-1,351,365,344,-1,344,365,366,-1,344,366,363,-1,359,367,344,-1,344,367,368,-1,344,368,342,-1,342,368,369,-1,342,369,356,-1,352,370,371,-1,371,370,372,-1,371,373,352,-1,352,373,374,-1,352,374,353,-1,353,374,375,-1,353,375,376,-1,377,378,379,-1,379,378,380,-1,380,378,381,-1,381,378,374,-1,381,374,382,-1,382,374,373,-1,382,373,26,-1,26,373,383,-1,26,383,24,-1,372,370,384,-1,384,370,385,-1,384,385,386,-1,387,385,388,-1,388,385,389,-1,375,390,376,-1,376,390,386,-1,376,386,23,-1,23,386,385,-1,23,385,391,-1,391,385,387,-1,21,23,392,-1,393,394,395,-1,396,397,398,-1,398,397,399,-1,398,399,391,-1,391,399,400,-1,391,400,23,-1,23,400,401,-1,23,401,392,-1,402,403,404,-1,404,403,405,-1,404,405,406,-1,396,398,395,-1,395,398,407,-1,395,407,393,-1,394,408,395,-1,395,408,409,-1,395,409,410,-1,410,411,395,-1,395,411,412,-1,395,412,413,-1,413,414,395,-1,395,414,403,-1,395,403,415,-1,415,403,402,-1,416,417,389,-1,20,418,419,-1,419,420,20,-1,20,420,421,-1,20,421,18,-1,422,423,20,-1,20,423,424,-1,20,424,418,-1,425,426,427,-1,427,426,428,-1,427,428,422,-1,422,428,429,-1,422,429,423,-1,430,431,432,-1,432,431,433,-1,432,433,434,-1,434,435,432,-1,432,435,436,-1,432,436,437,-1,271,438,430,-1,430,438,439,-1,430,439,431,-1,440,441,442,-1,442,441,443,-1,444,445,446,-1,446,445,447,-1,443,446,442,-1,442,446,447,-1,442,447,448,-1,448,447,449,-1,448,449,450,-1,42,448,41,-1,41,448,450,-1,41,450,121,-1,121,450,451,-1,121,451,65,-1,65,451,452,-1,453,440,454,-1,454,440,442,-1,454,442,455,-1,455,442,427,-1,455,427,452,-1,44,267,45,-1,45,267,266,-1,45,266,456,-1,456,266,457,-1,456,457,458,-1,458,457,459,-1,460,461,462,-1,463,464,430,-1,430,464,465,-1,456,466,45,-1,45,466,467,-1,45,467,468,-1,468,467,469,-1,468,469,460,-1,460,469,470,-1,460,470,471,-1,472,473,463,-1,463,473,474,-1,463,474,475,-1,475,474,476,-1,477,478,476,-1,476,478,479,-1,476,479,475,-1,471,480,460,-1,460,480,481,-1,460,481,461,-1,482,483,271,-1,271,483,484,-1,271,484,485,-1,486,487,457,-1,457,487,488,-1,457,488,459,-1,462,489,460,-1,460,489,490,-1,460,490,430,-1,430,490,491,-1,430,491,463,-1,463,491,492,-1,463,492,472,-1,465,493,430,-1,430,493,494,-1,430,494,271,-1,271,494,495,-1,271,495,482,-1,496,497,476,-1,476,497,498,-1,476,498,499,-1,485,500,271,-1,271,500,501,-1,271,501,266,-1,266,501,502,-1,266,502,457,-1,499,503,476,-1,476,503,504,-1,476,504,477,-1,505,15,264,-1,264,15,17,-1,264,17,262,-1,262,17,252,-1,262,252,506,-1,506,252,251,-1,507,508,509,-1,264,510,505,-1,505,510,511,-1,505,511,512,-1,512,511,507,-1,512,507,513,-1,513,507,509,-1,514,515,29,-1,29,515,516,-1,277,280,275,-1,275,280,29,-1,275,29,274,-1,274,29,516,-1,274,516,510,-1,510,516,517,-1,510,517,511,-1,518,515,519,-1,519,515,514,-1,519,514,520,-1,62,521,522,-1,523,524,514,-1,514,524,525,-1,514,525,520,-1,43,62,29,-1,29,62,522,-1,29,522,514,-1,514,522,526,-1,514,526,527,-1,528,529,530,-1,530,529,531,-1,530,531,62,-1,62,531,532,-1,62,532,521,-1,527,533,514,-1,514,533,534,-1,514,534,523,-1,535,536,537,-1,535,537,16,-1,536,538,537,-1,537,538,539,-1,537,539,530,-1,530,539,540,-1,530,540,528,-1,541,542,543,-1,543,542,544,-1,543,544,545,-1,97,94,87,-1,87,94,74,-1,87,74,546,-1,546,74,76,-1,452,427,65,-1,65,427,547,-1,65,547,67,-1,547,548,67,-1,67,548,12,-1,67,12,422,-1,422,12,14,-1,422,14,427,-1,427,14,549,-1,427,549,547,-1,417,416,19,-1,19,416,550,-1,19,550,20,-1,20,550,551,-1,20,551,422,-1,422,551,80,-1,422,80,67,-1,67,80,82,-1,67,82,69,-1,42,468,448,-1,448,468,460,-1,448,460,442,-1,442,460,430,-1,442,430,427,-1,427,430,432,-1,427,432,425,-1,425,432,437,-1,261,253,552,-1,552,253,217,-1,552,217,553,-1,553,217,219,-1,553,219,554,-1,554,219,342,-1,554,342,265,-1,265,342,347,-1,265,347,264,-1,264,347,353,-1,264,353,510,-1,510,353,376,-1,510,376,274,-1,274,376,23,-1,274,23,271,-1,271,23,22,-1,271,22,438,-1,545,544,555,-1,555,544,556,-1,555,556,557,-1,557,556,537,-1,557,537,558,-1,558,537,530,-1,558,530,559,-1,559,530,62,-1,559,62,560,-1,560,62,63,-1,560,63,55,-1,55,63,561,-1,55,561,56,-1,389,385,416,-1,416,385,370,-1,416,370,562,-1,562,370,352,-1,562,352,563,-1,563,352,351,-1,563,351,564,-1,564,351,344,-1,564,344,565,-1,565,344,339,-1,565,339,566,-1,566,339,338,-1,566,338,567,-1,16,537,17,-1,17,537,556,-1,17,556,252,-1,252,556,544,-1,252,544,229,-1,229,544,542,-1,229,542,231,-1,8,10,568,-1,568,10,569,-1,570,568,571,-1,571,568,569,-1,571,569,572,-1,572,569,573,-1,572,573,574,-1,574,573,575,-1,574,545,555,-1,555,557,574,-1,574,557,558,-1,574,558,559,-1,559,560,574,-1,574,560,55,-1,574,55,57,-1,57,59,574,-1,574,59,60,-1,574,60,572,-1,572,60,48,-1,572,48,118,-1,576,2,577,-1,577,2,6,-1,567,338,578,-1,578,338,234,-1,578,234,579,-1,579,234,233,-1,233,231,579,-1,579,231,542,-1,579,542,541,-1,580,581,573,-1,573,581,575,-1,570,571,582,-1,582,571,583,-1,3,2,584,-1,584,2,576,-1,580,584,581,-1,581,584,576,-1,581,576,578,-1,578,576,582,-1,578,582,585,-1,585,582,583,-1,550,416,578,-1,416,562,578,-1,578,562,563,-1,578,563,564,-1,546,76,585,-1,585,76,80,-1,585,80,578,-1,578,80,551,-1,578,551,550,-1,564,565,578,-1,578,565,566,-1,578,566,567,-1,585,583,586,-1,586,583,571,-1,586,571,587,-1,587,571,572,-1,87,546,585,-1,586,115,114,-1,114,103,586,-1,586,103,98,-1,586,98,585,-1,585,98,89,-1,585,89,87,-1,588,574,579,-1,579,574,575,-1,579,575,578,-1,578,575,581,-1,584,580,589,-1,589,580,573,-1,589,573,590,-1,590,573,569,-1,4,3,589,-1,589,3,584,-1,591,568,577,-1,577,568,570,-1,577,570,576,-1,576,570,582,-1,
        ]
    }
}
Shape{
    appearance Appearance {
        material  Material 	{
            diffuseColor 1.0 1.0 1.0
            specularColor 0.5019607843137255 0.5019607843137255 0.5019607843137255
            ambientIntensity 0.2
            transparency 0
            shininess 0.5
        }
    }
    geometry IndexedFaceSet {
        ccw TRUE
        solid FALSE
        coord DEF co Coordinate {
            point [
                1.185 0.0479 -0.1098, 1.185 0.0479 -0.1159, 1.1811 0.0479 -0.1098, 1.1811 0.0479 -0.1159, 1.185 0.0266 -0.1098, 1.1811 0.0266 -0.1098, 1.185 0.0266 -0.0625, 1.1811 0.0266 -0.0625, 1.185 0.0197 -0.0625, 1.1811 0.0197 -0.0625, 1.185 0.0197 -0.1159, 1.1811 0.0197 -0.1159, 1.185 0.0752 -0.1168, 1.1811 0.0752 -0.1168, 1.185 0.0834 -0.116, 1.1811 0.08 -0.1163, 1.1811 0.0834 -0.116, 1.1811 0.0891 -0.1141, 1.185 0.0891 -0.1141, 1.1811 0.09 -0.1137, 1.185 0.09 -0.1137, 1.185 0.09 -0.1071, 1.1811 0.09 -0.1071, 1.1811 0.0848 -0.1094, 1.185 0.0848 -0.1094, 1.1811 0.0787 -0.1105, 1.185 0.0787 -0.1105, 1.1811 0.0762 -0.1106, 1.185 0.0762 -0.1106, 1.1811 0.0715 -0.1101, 1.185 0.0715 -0.1101, 1.1811 0.0675 -0.1088, 1.185 0.0675 -0.1088, 1.1811 0.064 -0.1064, 1.185 0.064 -0.1064, 1.1811 0.0625 -0.105, 1.185 0.0625 -0.105, 1.1811 0.06 -0.1016, 1.185 0.06 -0.1016, 1.1811 0.0583 -0.0973, 1.185 0.0583 -0.0973, 1.1811 0.0574 -0.092, 1.185 0.0574 -0.092, 1.1811 0.0573 -0.0898, 1.185 0.0573 -0.0898, 1.1811 0.0582 -0.0825, 1.185 0.0582 -0.0825, 1.1811 0.0599 -0.0779, 1.185 0.0599 -0.0779, 1.1811 0.0625 -0.0742, 1.185 0.0625 -0.0742, 1.1811 0.0629 -0.0737, 1.185 0.0629 -0.0737, 1.1811 0.0663 -0.0709, 1.185 0.0663 -0.0709, 1.1811 0.0704 -0.0689, 1.185 0.0704 -0.0689, 1.1811 0.075 -0.0679, 1.185 0.075 -0.0679, 1.1811 0.0774 -0.0678, 1.185 0.0774 -0.0678, 1.1811 0.084 -0.0686, 1.185 0.084 -0.0686, 1.1811 0.0894 -0.0707, 1.185 0.0894 -0.0707, 1.1811 0.09 -0.071, 1.185 0.09 -0.071, 1.185 0.09 -0.0638, 1.1811 0.09 -0.0638, 1.1811 0.0774 -0.0616, 1.185 0.0774 -0.0616, 1.1811 0.0831 -0.062, 1.185 0.0844 -0.0621, 1.1811 0.0844 -0.0621, 1.1811 0.0737 -0.062, 1.185 0.0697 -0.0625, 1.1811 0.0697 -0.0625, 1.1811 0.0641 -0.0647, 1.185 0.0641 -0.0647, 1.1811 0.0591 -0.0682, 1.185 0.0591 -0.0682, 1.1811 0.0578 -0.0695, 1.185 0.0578 -0.0695, 1.1811 0.0539 -0.0745, 1.1811 0.0524 -0.0779, 1.185 0.0514 -0.0804, 1.185 0.0539 -0.0745, 1.1811 0.0514 -0.0804, 1.1811 0.0501 -0.0874, 1.185 0.0501 -0.0874, 1.1811 0.0501 -0.0902, 1.185 0.0501 -0.0902, 1.1811 0.0511 -0.0989, 1.1811 0.0524 -0.1023, 1.185 0.0533 -0.1044, 1.185 0.0511 -0.0989, 1.1811 0.0533 -0.1044, 1.1811 0.0565 -0.109, 1.185 0.0565 -0.109, 1.1811 0.0569 -0.1095, 1.185 0.0569 -0.1095, 1.185 0.0711 -0.1165, 1.1811 0.0606 -0.1126, 1.185 0.0606 -0.1126, 1.1811 0.0655 -0.1152, 1.185 0.0655 -0.1152, 1.1811 0.0703 -0.1163, 1.1811 0.0711 -0.1165, 1.185 0.1294 -0.1098, 1.185 0.1294 -0.1159, 1.1811 0.1294 -0.1098, 1.1811 0.1294 -0.1159, 1.1811 0.1076 -0.1098, 1.185 0.1076 -0.1098, 1.1811 0.122 -0.1098, 1.185 0.1076 -0.0918, 1.1811 0.1076 -0.0918, 1.185 0.1267 -0.0918, 1.1811 0.122 -0.0918, 1.1811 0.1267 -0.0918, 1.185 0.1267 -0.0857, 1.1811 0.1267 -0.0857, 1.1811 0.1076 -0.0857, 1.185 0.1076 -0.0857, 1.1811 0.122 -0.0857, 1.185 0.1076 -0.0686, 1.1811 0.1076 -0.0686, 1.185 0.1282 -0.0686, 1.1811 0.122 -0.0686, 1.1811 0.1282 -0.0686, 1.185 0.1282 -0.0625, 1.1811 0.1282 -0.0625, 1.1811 0.1007 -0.0625, 1.185 0.1007 -0.0625, 1.1811 0.122 -0.0625, 1.185 0.1007 -0.1159, 1.1811 0.1007 -0.1159, 1.1811 0.122 -0.1159, 1.185 0.1726 -0.101, 1.185 0.17 -0.1042, 1.185 0.1749 -0.1084, 1.185 0.1694 -0.1048, 1.185 0.1693 -0.1124, 1.185 0.1659 -0.1072, 1.185 0.1632 -0.1148, 1.185 0.1615 -0.1089, 1.185 0.1542 -0.1159, 1.185 0.1541 -0.1098, 1.185 0.1395 -0.1159, 1.185 0.1464 -0.1098, 1.185 0.1395 -0.0625, 1.185 0.1464 -0.0686, 1.185 0.1547 -0.0625, 1.185 0.1545 -0.0686, 1.185 0.1629 -0.0634, 1.185 0.1617 -0.0695, 1.185 0.1693 -0.0658, 1.185 0.1663 -0.0712, 1.185 0.1749 -0.0696, 1.185 0.1699 -0.0737, 1.185 0.1768 -0.0714, 1.185 0.1714 -0.0751, 1.185 0.1801 -0.0761, 1.185 0.1734 -0.0781, 1.185 0.1821 -0.0812, 1.185 0.1749 -0.082, 1.185 0.183 -0.0885, 1.185 0.1757 -0.0887, 1.185 0.1828 -0.0919, 1.185 0.1755 -0.0922, 1.185 0.1815 -0.0982, 1.185 0.1745 -0.0971, 1.185 0.1789 -0.1037, 1.1811 0.1542 -0.1159, 1.1811 0.1395 -0.1159, 1.1811 0.1749 -0.1084, 1.1811 0.1632 -0.1148, 1.1811 0.164 -0.1145, 1.1811 0.1693 -0.1124, 1.1811 0.1789 -0.1037, 1.1811 0.1815 -0.0982, 1.1811 0.1828 -0.0919, 1.1811 0.183 -0.0885, 1.1811 0.1821 -0.0812, 1.1811 0.1801 -0.0761, 1.1811 0.1768 -0.0714, 1.1811 0.1749 -0.0696, 1.1811 0.1547 -0.0625, 1.1811 0.1693 -0.0658, 1.1811 0.164 -0.0638, 1.1811 0.1629 -0.0634, 1.1811 0.1395 -0.0625, 1.1811 0.1545 -0.0686, 1.1811 0.1464 -0.0686, 1.1811 0.1464 -0.1098, 1.1811 0.1541 -0.1098, 1.1811 0.17 -0.1042, 1.1811 0.1694 -0.1048, 1.1811 0.1659 -0.1072, 1.1811 0.1615 -0.1089, 1.1811 0.1757 -0.0887, 1.1811 0.1755 -0.0922, 1.1811 0.1745 -0.0971, 1.1811 0.1726 -0.101, 1.1811 0.1699 -0.0737, 1.1811 0.1714 -0.0751, 1.1811 0.1734 -0.0781, 1.1811 0.1749 -0.082, 1.1811 0.1617 -0.0695, 1.1811 0.1663 -0.0712, 1.1811 0.1663 -0.0712
            ]
        }
        coordIndex [
            0,1,2,-1,2,1,3,-1,4,0,5,-1,5,0,2,-1,6,4,7,-1,7,4,5,-1,8,6,9,-1,9,6,7,-1,10,8,11,-1,11,8,9,-1,1,10,3,-1,3,10,11,-1,6,8,4,-1,4,8,10,-1,4,10,0,-1,0,10,1,-1,12,13,14,-1,14,13,15,-1,15,16,14,-1,14,16,17,-1,14,17,18,-1,18,17,19,-1,18,19,20,-1,21,20,22,-1,22,20,19,-1,21,22,23,-1,21,23,24,-1,24,23,25,-1,24,25,26,-1,26,25,27,-1,26,27,28,-1,28,27,29,-1,28,29,30,-1,30,29,31,-1,30,31,32,-1,32,31,33,-1,32,33,34,-1,34,33,35,-1,34,35,36,-1,36,35,37,-1,36,37,38,-1,38,37,39,-1,38,39,40,-1,40,39,41,-1,40,41,42,-1,42,41,43,-1,42,43,44,-1,44,43,45,-1,44,45,46,-1,46,45,47,-1,46,47,48,-1,48,47,49,-1,48,49,50,-1,50,49,51,-1,50,51,52,-1,52,51,53,-1,52,53,54,-1,54,53,55,-1,54,55,56,-1,56,55,57,-1,56,57,58,-1,58,57,59,-1,58,59,60,-1,60,59,61,-1,60,61,62,-1,62,61,63,-1,62,63,64,-1,64,63,65,-1,64,65,66,-1,67,66,68,-1,68,66,65,-1,69,70,71,-1,71,70,72,-1,71,72,73,-1,73,72,67,-1,73,67,68,-1,70,69,74,-1,70,74,75,-1,74,76,75,-1,75,76,77,-1,75,77,78,-1,78,77,79,-1,78,79,80,-1,80,79,81,-1,80,81,82,-1,82,81,83,-1,84,85,83,-1,83,85,86,-1,83,86,82,-1,84,87,85,-1,85,87,88,-1,85,88,89,-1,89,88,90,-1,89,90,91,-1,91,90,92,-1,93,94,92,-1,92,94,95,-1,92,95,91,-1,93,96,94,-1,94,96,97,-1,94,97,98,-1,98,97,99,-1,98,99,100,-1,13,12,101,-1,100,99,102,-1,100,102,103,-1,103,102,104,-1,103,104,105,-1,105,104,106,-1,105,106,101,-1,101,106,107,-1,101,107,13,-1,82,52,80,-1,80,52,54,-1,80,54,78,-1,91,44,89,-1,89,44,46,-1,89,46,85,-1,85,46,86,-1,86,46,48,-1,86,48,82,-1,82,48,50,-1,82,50,52,-1,78,54,75,-1,75,54,56,-1,75,56,70,-1,20,21,18,-1,18,21,24,-1,18,24,14,-1,14,24,26,-1,14,26,12,-1,12,26,28,-1,12,28,101,-1,101,28,30,-1,101,30,105,-1,105,30,32,-1,105,32,103,-1,103,32,34,-1,103,34,100,-1,100,34,36,-1,100,36,98,-1,98,36,38,-1,98,38,94,-1,94,38,95,-1,95,38,40,-1,95,40,91,-1,91,40,42,-1,91,42,44,-1,56,58,70,-1,70,58,60,-1,70,60,72,-1,72,60,62,-1,72,62,67,-1,67,62,64,-1,67,64,66,-1,108,109,110,-1,110,109,111,-1,112,113,114,-1,114,113,108,-1,114,108,110,-1,115,113,116,-1,116,113,112,-1,115,116,117,-1,117,116,118,-1,117,118,119,-1,120,117,121,-1,121,117,119,-1,122,123,124,-1,124,123,120,-1,124,120,121,-1,125,123,126,-1,126,123,122,-1,125,126,127,-1,127,126,128,-1,127,128,129,-1,130,127,131,-1,131,127,129,-1,132,133,134,-1,134,133,130,-1,134,130,131,-1,135,133,136,-1,136,133,132,-1,135,136,109,-1,109,136,137,-1,109,137,111,-1,135,109,108,-1,108,113,135,-1,135,113,115,-1,135,115,133,-1,127,130,125,-1,125,130,133,-1,125,133,123,-1,123,133,115,-1,123,115,120,-1,120,115,117,-1,138,139,140,-1,140,139,141,-1,140,141,142,-1,142,141,143,-1,142,143,144,-1,144,143,145,-1,144,145,146,-1,146,145,147,-1,146,147,148,-1,148,147,149,-1,148,149,150,-1,150,149,151,-1,150,151,152,-1,152,151,153,-1,152,153,154,-1,154,153,155,-1,154,155,156,-1,156,155,157,-1,156,157,158,-1,158,157,159,-1,158,159,160,-1,160,159,161,-1,160,161,162,-1,162,161,163,-1,162,163,164,-1,164,163,165,-1,164,165,166,-1,166,165,167,-1,166,167,168,-1,168,167,169,-1,168,169,170,-1,170,169,171,-1,170,171,172,-1,172,171,138,-1,172,138,140,-1,146,148,173,-1,173,148,174,-1,175,140,142,-1,146,173,176,-1,146,176,144,-1,144,176,177,-1,144,177,142,-1,142,177,178,-1,142,178,175,-1,140,175,179,-1,140,179,172,-1,172,179,180,-1,172,180,170,-1,170,180,181,-1,170,181,168,-1,168,181,182,-1,168,182,166,-1,166,182,183,-1,166,183,164,-1,164,183,184,-1,164,184,162,-1,162,184,185,-1,162,185,160,-1,160,185,186,-1,160,186,158,-1,187,152,154,-1,158,186,188,-1,158,188,156,-1,156,188,189,-1,156,189,154,-1,154,189,190,-1,154,190,187,-1,150,152,191,-1,191,152,187,-1,148,150,174,-1,174,150,191,-1,153,151,192,-1,192,151,193,-1,151,149,193,-1,193,149,194,-1,149,147,194,-1,194,147,195,-1,139,196,197,-1,139,197,141,-1,141,197,198,-1,141,198,143,-1,143,198,199,-1,143,199,145,-1,145,199,195,-1,145,195,147,-1,167,200,201,-1,167,201,169,-1,169,201,202,-1,169,202,171,-1,171,202,203,-1,171,203,138,-1,138,203,196,-1,138,196,139,-1,159,204,205,-1,159,205,161,-1,161,205,206,-1,161,206,163,-1,163,206,207,-1,163,207,165,-1,165,207,200,-1,165,200,167,-1,153,192,208,-1,153,208,155,-1,155,208,209,-1,155,209,157,-1,157,209,204,-1,157,204,159,-1,
        ]
    }
}
Shape{
    appearance Appearance {
        material  Material 	{
            diffuseColor 0.25098039215686274 0.25098039215686274 0.25098039215686274
            specularColor 0.12549019607843137 0.12549019607843137 0.12549019607843137
            ambientIntensity 0.2
            transparency 0
            shininess 0.5
        }
    }
    geometry IndexedFaceSet {
        ccw TRUE
        solid FALSE
        coord DEF co Coordinate {
            point [
                1.1811 0.1464 -0.0686, 1.1811 0.1464 -0.1098, 1.1811 0.1545 -0.0686, 1.1811 0.1541 -0.1098, 1.1811 0.1615 -0.1089, 1.1811 0.1659 -0.1072, 1.1811 0.1694 -0.1048, 1.1811 0.17 -0.1042, 1.1811 0.1726 -0.101, 1.1811 0.1745 -0.0971, 1.1811 0.1757 -0.0887, 1.1811 0.1699 -0.0737, 1.1811 0.1663 -0.0712, 1.1811 0.1749 -0.082, 1.1811 0.1734 -0.0781, 1.1811 0.1714 -0.0751, 1.1811 0.1755 -0.0922, 1.1811 0.1617 -0.0695, 1.1811 0.1617 -0.0695
            ]
        }
        coordIndex [
            0,1,2,-1,2,1,3,-1,3,4,2,-1,2,4,5,-1,2,5,6,-1,6,7,2,-1,2,7,8,-1,2,8,9,-1,10,11,12,-1,13,14,10,-1,10,14,15,-1,10,15,11,-1,9,16,2,-1,2,16,10,-1,2,10,17,-1,17,10,12,-1,
        ]
    }
}
Shape{
    appearance Appearance {
        material  Material 	{
            diffuseColor 1.0 1.0 1.0
            specularColor 0.5019607843137255 0.5019607843137255 0.5019607843137255
            ambientIntensity 0.2
            transparency 0
            shininess 0.5
        }
    }
    geometry IndexedFaceSet {
        ccw TRUE
        solid FALSE
        coord DEF co Coordinate {
            point [
                1.185 0.2008 -0.0952, 1.185 0.1987 -0.1013, 1.185 0.2188 -0.0952, 1.185 0.2209 -0.1013, 1.185 0.2088 -0.0731, 1.185 0.2063 -0.0625, 1.185 0.1859 -0.1159, 1.185 0.1935 -0.1159, 1.185 0.2093 -0.0715, 1.185 0.2097 -0.0693, 1.185 0.2136 -0.0625, 1.185 0.2099 -0.0693, 1.185 0.2103 -0.0716, 1.185 0.2107 -0.0731, 1.185 0.234 -0.1159, 1.185 0.2263 -0.1159, 1.1811 0.2136 -0.0625, 1.1811 0.234 -0.1159, 1.1811 0.2063 -0.0625, 1.1811 0.1859 -0.1159, 1.1811 0.2013 -0.0755, 1.1811 0.1935 -0.1159, 1.1811 0.1987 -0.1013, 1.1811 0.2209 -0.1013, 1.1811 0.2013 -0.1013, 1.1811 0.2263 -0.1159, 1.1811 0.2008 -0.0952, 1.1811 0.2188 -0.0952, 1.1811 0.2107 -0.0731, 1.1811 0.2099 -0.0693, 1.1811 0.2103 -0.0716, 1.1811 0.2097 -0.0693, 1.1811 0.2088 -0.0731, 1.1811 0.2093 -0.0715, 1.1811 0.2093 -0.0715
            ]
        }
        coordIndex [
            0,1,2,-1,2,1,3,-1,4,5,0,-1,0,5,6,-1,0,6,1,-1,1,6,7,-1,4,8,5,-1,5,8,9,-1,5,9,10,-1,10,9,11,-1,10,11,12,-1,12,13,10,-1,10,13,2,-1,10,2,14,-1,14,2,3,-1,14,3,15,-1,10,14,16,-1,16,14,17,-1,5,10,18,-1,18,10,16,-1,19,6,20,-1,20,6,5,-1,20,5,18,-1,7,6,21,-1,21,6,19,-1,1,7,22,-1,22,7,21,-1,23,3,24,-1,24,3,1,-1,24,1,22,-1,15,3,25,-1,25,3,23,-1,14,15,17,-1,17,15,25,-1,0,2,26,-1,26,2,27,-1,2,13,27,-1,27,13,28,-1,11,29,30,-1,11,30,12,-1,12,30,28,-1,12,28,13,-1,11,9,29,-1,29,9,31,-1,4,32,33,-1,4,33,8,-1,8,33,31,-1,8,31,9,-1,4,0,32,-1,32,0,26,-1,
        ]
    }
}
Shape{
    appearance Appearance {
        material  Material 	{
            diffuseColor 0.25098039215686274 0.25098039215686274 0.25098039215686274
            specularColor 0.12549019607843137 0.12549019607843137 0.12549019607843137
            ambientIntensity 0.2
            transparency 0
            shininess 0.5
        }
    }
    geometry IndexedFaceSet {
        ccw TRUE
        solid FALSE
        coord DEF co Coordinate {
            point [
                1.1811 0.2099 -0.0693, 1.1811 0.2097 -0.0693, 1.1811 0.2103 -0.0716, 1.1811 0.2093 -0.0715, 1.1811 0.2107 -0.0731, 1.1811 0.2088 -0.0731, 1.1811 0.2188 -0.0952, 1.1811 0.2008 -0.0952, 1.1811 0.2008 -0.0952
            ]
        }
        coordIndex [
            0,1,2,-1,2,1,3,-1,2,3,4,-1,4,3,5,-1,4,5,6,-1,6,5,7,-1,
        ]
    }
}
Shape{
    appearance Appearance {
        material  Material 	{
            diffuseColor 1.0 1.0 1.0
            specularColor 0.5019607843137255 0.5019607843137255 0.5019607843137255
            ambientIntensity 0.2
            transparency 0
            shininess 0.5
        }
    }
    geometry IndexedFaceSet {
        ccw TRUE
        solid FALSE
        coord DEF co Coordinate {
            point [
                1.185 0.0484 -0.1945, 1.185 0.0484 -0.2006, 1.1811 0.0484 -0.1945, 1.1811 0.0484 -0.2006, 1.185 0.0266 -0.1945, 1.1811 0.0266 -0.1945, 1.185 0.0266 -0.1765, 1.1811 0.0266 -0.1765, 1.185 0.0457 -0.1765, 1.1811 0.0457 -0.1765, 1.185 0.0457 -0.1704, 1.1811 0.0457 -0.1704, 1.185 0.0266 -0.1704, 1.1811 0.0266 -0.1704, 1.1811 0.0266 -0.1533, 1.185 0.0266 -0.1533, 1.1811 0.0266 -0.1544, 1.185 0.0472 -0.1533, 1.1811 0.0472 -0.1533, 1.185 0.0472 -0.1472, 1.1811 0.0472 -0.1472, 1.185 0.0197 -0.1472, 1.1811 0.0197 -0.1472, 1.1811 0.0197 -0.2006, 1.185 0.0197 -0.2006, 1.1811 0.0197 -0.1544, 1.185 0.0788 -0.2006, 1.185 0.0855 -0.2006, 1.185 0.0788 -0.1947, 1.185 0.0855 -0.176, 1.185 0.0788 -0.1763, 1.185 0.0642 -0.1843, 1.185 0.0658 -0.1836, 1.185 0.0786 -0.1947, 1.185 0.0751 -0.1937, 1.185 0.0775 -0.1963, 1.185 0.0732 -0.195, 1.185 0.0699 -0.1826, 1.185 0.0788 -0.1814, 1.185 0.0788 -0.1851, 1.185 0.0788 -0.1855, 1.185 0.0783 -0.1885, 1.185 0.0774 -0.1909, 1.185 0.0759 -0.1929, 1.185 0.0785 -0.1734, 1.185 0.085 -0.171, 1.185 0.0779 -0.171, 1.185 0.0839 -0.1679, 1.185 0.0771 -0.1696, 1.185 0.0825 -0.1658, 1.185 0.0761 -0.1685, 1.185 0.0808 -0.1641, 1.185 0.0749 -0.1678, 1.185 0.0785 -0.1628, 1.185 0.0733 -0.1672, 1.185 0.0757 -0.1619, 1.185 0.0711 -0.167, 1.185 0.0717 -0.1616, 1.185 0.0668 -0.1675, 1.185 0.0649 -0.1624, 1.185 0.0626 -0.169, 1.185 0.06 -0.1643, 1.185 0.0586 -0.1716, 1.185 0.0586 -0.1651, 1.185 0.063 -0.1937, 1.185 0.0581 -0.1985, 1.185 0.0636 -0.1943, 1.185 0.0604 -0.2, 1.185 0.0649 -0.1952, 1.185 0.0629 -0.201, 1.185 0.0664 -0.1957, 1.185 0.0669 -0.2015, 1.185 0.0687 -0.196, 1.185 0.0704 -0.2011, 1.185 0.0712 -0.1957, 1.185 0.0731 -0.2001, 1.185 0.0754 -0.1986, 1.185 0.0617 -0.1887, 1.185 0.0549 -0.1895, 1.185 0.0616 -0.1898, 1.185 0.0548 -0.1904, 1.185 0.0618 -0.1913, 1.185 0.0552 -0.1934, 1.185 0.0622 -0.1926, 1.185 0.056 -0.1957, 1.185 0.0574 -0.1977, 1.185 0.0675 -0.1779, 1.185 0.0625 -0.1791, 1.185 0.0634 -0.185, 1.185 0.0596 -0.1806, 1.185 0.0626 -0.186, 1.185 0.0576 -0.1823, 1.185 0.062 -0.1872, 1.185 0.0562 -0.1842, 1.185 0.0553 -0.1866, 1.1811 0.0717 -0.1616, 1.1811 0.0649 -0.1624, 1.1811 0.06 -0.1643, 1.1811 0.0586 -0.1651, 1.1811 0.0586 -0.1716, 1.1811 0.0626 -0.169, 1.1811 0.0668 -0.1675, 1.1811 0.0711 -0.167, 1.1811 0.0733 -0.1672, 1.1811 0.0749 -0.1678, 1.1811 0.0761 -0.1685, 1.1811 0.0771 -0.1696, 1.1811 0.0779 -0.171, 1.1811 0.0785 -0.1734, 1.1811 0.0788 -0.1763, 1.1811 0.0675 -0.1779, 1.1811 0.0625 -0.1791, 1.1811 0.0596 -0.1806, 1.1811 0.0576 -0.1823, 1.1811 0.0562 -0.1842, 1.1811 0.0553 -0.1866, 1.1811 0.0549 -0.1895, 1.1811 0.0548 -0.1904, 1.1811 0.0552 -0.1934, 1.1811 0.056 -0.1957, 1.1811 0.0574 -0.1977, 1.1811 0.0581 -0.1985, 1.1811 0.0669 -0.2015, 1.1811 0.063 -0.201, 1.1811 0.0629 -0.201, 1.1811 0.0604 -0.2, 1.1811 0.0704 -0.2011, 1.1811 0.0706 -0.201, 1.1811 0.0731 -0.2001, 1.1811 0.0754 -0.1986, 1.1811 0.0775 -0.1963, 1.1811 0.0786 -0.1947, 1.1811 0.0788 -0.1947, 1.1811 0.0788 -0.2006, 1.1811 0.0855 -0.2006, 1.1811 0.0855 -0.176, 1.1811 0.085 -0.171, 1.1811 0.0839 -0.1679, 1.1811 0.0825 -0.1658, 1.1811 0.0808 -0.1641, 1.1811 0.0785 -0.1628, 1.1811 0.0757 -0.1619, 1.1811 0.0634 -0.185, 1.1811 0.0642 -0.1843, 1.1811 0.0658 -0.1836, 1.1811 0.0699 -0.1826, 1.1811 0.0616 -0.1898, 1.1811 0.0617 -0.1887, 1.1811 0.062 -0.1872, 1.1811 0.0626 -0.186, 1.1811 0.0636 -0.1943, 1.1811 0.063 -0.1937, 1.1811 0.0622 -0.1926, 1.1811 0.0618 -0.1913, 1.1811 0.0687 -0.196, 1.1811 0.0664 -0.1957, 1.1811 0.0649 -0.1952, 1.1811 0.0759 -0.1929, 1.1811 0.0751 -0.1937, 1.1811 0.0732 -0.195, 1.1811 0.0712 -0.1957, 1.1811 0.0788 -0.1851, 1.1811 0.0788 -0.1855, 1.1811 0.0783 -0.1885, 1.1811 0.0774 -0.1909, 1.1811 0.0788 -0.1814, 1.1811 0.0788 -0.1814
            ]
        }
        coordIndex [
            0,1,2,-1,2,1,3,-1,4,0,5,-1,5,0,2,-1,6,4,7,-1,7,4,5,-1,8,6,9,-1,9,6,7,-1,10,8,11,-1,11,8,9,-1,12,10,13,-1,13,10,11,-1,14,15,16,-1,16,15,12,-1,16,12,13,-1,17,15,18,-1,18,15,14,-1,19,17,20,-1,20,17,18,-1,21,19,22,-1,22,19,20,-1,23,24,25,-1,25,24,21,-1,25,21,22,-1,1,24,3,-1,3,24,23,-1,24,1,0,-1,0,4,24,-1,24,4,6,-1,24,6,21,-1,17,19,15,-1,15,19,21,-1,15,21,12,-1,12,21,6,-1,12,6,10,-1,10,6,8,-1,26,27,28,-1,28,27,29,-1,30,31,32,-1,33,34,35,-1,35,34,36,-1,37,38,29,-1,29,38,39,-1,39,40,29,-1,29,40,41,-1,29,41,28,-1,28,41,42,-1,28,42,33,-1,33,42,43,-1,33,43,34,-1,32,37,30,-1,30,37,29,-1,30,29,44,-1,44,29,45,-1,44,45,46,-1,46,45,47,-1,46,47,48,-1,48,47,49,-1,48,49,50,-1,50,49,51,-1,50,51,52,-1,52,51,53,-1,52,53,54,-1,54,53,55,-1,54,55,56,-1,56,55,57,-1,56,57,58,-1,58,57,59,-1,58,59,60,-1,60,59,61,-1,60,61,62,-1,62,61,63,-1,64,65,66,-1,66,65,67,-1,66,67,68,-1,68,67,69,-1,68,69,70,-1,70,69,71,-1,70,71,72,-1,72,71,73,-1,72,73,74,-1,74,73,75,-1,74,75,36,-1,36,75,76,-1,36,76,35,-1,77,78,79,-1,79,78,80,-1,79,80,81,-1,81,80,82,-1,81,82,83,-1,83,82,84,-1,83,84,64,-1,64,84,85,-1,64,85,65,-1,30,86,31,-1,31,86,87,-1,31,87,88,-1,88,87,89,-1,88,89,90,-1,90,89,91,-1,90,91,92,-1,92,91,93,-1,92,93,77,-1,77,93,94,-1,77,94,78,-1,57,95,96,-1,57,96,59,-1,59,96,97,-1,59,97,61,-1,61,97,98,-1,61,98,63,-1,62,63,99,-1,99,63,98,-1,62,99,100,-1,62,100,60,-1,60,100,101,-1,60,101,58,-1,58,101,102,-1,58,102,56,-1,56,102,103,-1,56,103,54,-1,54,103,104,-1,54,104,52,-1,52,104,105,-1,52,105,50,-1,50,105,106,-1,50,106,48,-1,48,106,107,-1,48,107,46,-1,46,107,108,-1,46,108,44,-1,44,108,109,-1,44,109,30,-1,86,30,110,-1,110,30,109,-1,86,110,111,-1,86,111,87,-1,87,111,112,-1,87,112,89,-1,89,112,113,-1,89,113,91,-1,91,113,114,-1,91,114,93,-1,93,114,115,-1,93,115,94,-1,94,115,116,-1,94,116,78,-1,78,116,117,-1,78,117,80,-1,80,117,118,-1,80,118,82,-1,82,118,119,-1,82,119,84,-1,84,119,120,-1,84,120,85,-1,85,120,121,-1,85,121,65,-1,122,71,123,-1,123,71,69,-1,123,69,124,-1,124,69,67,-1,124,67,125,-1,125,67,65,-1,125,65,121,-1,71,122,126,-1,71,126,73,-1,73,126,127,-1,73,127,75,-1,127,128,75,-1,75,128,129,-1,75,129,76,-1,76,129,130,-1,76,130,35,-1,35,130,131,-1,35,131,33,-1,28,33,132,-1,132,33,131,-1,26,28,133,-1,133,28,132,-1,27,26,134,-1,134,26,133,-1,29,27,135,-1,135,27,134,-1,29,135,136,-1,29,136,45,-1,45,136,137,-1,45,137,47,-1,47,137,138,-1,47,138,49,-1,49,138,139,-1,49,139,51,-1,51,139,140,-1,51,140,53,-1,53,140,141,-1,53,141,55,-1,55,141,95,-1,55,95,57,-1,88,142,143,-1,88,143,31,-1,31,143,144,-1,31,144,32,-1,32,144,145,-1,32,145,37,-1,79,146,147,-1,79,147,77,-1,77,147,148,-1,77,148,92,-1,92,148,149,-1,92,149,90,-1,90,149,142,-1,90,142,88,-1,66,150,151,-1,66,151,64,-1,64,151,152,-1,64,152,83,-1,83,152,153,-1,83,153,81,-1,81,153,146,-1,81,146,79,-1,72,154,155,-1,72,155,70,-1,70,155,156,-1,70,156,68,-1,68,156,150,-1,68,150,66,-1,43,157,158,-1,43,158,34,-1,34,158,159,-1,34,159,36,-1,36,159,160,-1,36,160,74,-1,74,160,154,-1,74,154,72,-1,39,161,162,-1,39,162,40,-1,40,162,163,-1,40,163,41,-1,41,163,164,-1,41,164,42,-1,42,164,157,-1,42,157,43,-1,39,38,161,-1,161,38,165,-1,38,37,165,-1,165,37,145,-1,
        ]
    }
}
Shape{
    appearance Appearance {
        material  Material 	{
            diffuseColor 0.25098039215686274 0.25098039215686274 0.25098039215686274
            specularColor 0.12549019607843137 0.12549019607843137 0.12549019607843137
            ambientIntensity 0.2
            transparency 0
            shininess 0.5
        }
    }
    geometry IndexedFaceSet {
        ccw TRUE
        solid FALSE
        coord DEF co Coordinate {
            point [
                1.1811 0.0788 -0.1855, 1.1811 0.0788 -0.1851, 1.1811 0.0634 -0.185, 1.1811 0.0788 -0.1814, 1.1811 0.0699 -0.1826, 1.1811 0.0658 -0.1836, 1.1811 0.0642 -0.1843, 1.1811 0.0783 -0.1885, 1.1811 0.0626 -0.186, 1.1811 0.0774 -0.1909, 1.1811 0.063 -0.1937, 1.1811 0.0636 -0.1943, 1.1811 0.0751 -0.1937, 1.1811 0.0622 -0.1926, 1.1811 0.0732 -0.195, 1.1811 0.0712 -0.1957, 1.1811 0.0687 -0.196, 1.1811 0.062 -0.1872, 1.1811 0.0617 -0.1887, 1.1811 0.0759 -0.1929, 1.1811 0.0616 -0.1898, 1.1811 0.0618 -0.1913, 1.1811 0.0649 -0.1952, 1.1811 0.0664 -0.1957, 1.1811 0.0664 -0.1957
            ]
        }
        coordIndex [
            0,1,2,-1,1,3,4,-1,4,5,1,-1,1,5,6,-1,1,6,2,-1,0,2,7,-1,7,2,8,-1,7,8,9,-1,10,11,12,-1,10,12,13,-1,14,12,15,-1,15,12,16,-1,8,17,9,-1,9,17,18,-1,9,18,19,-1,19,18,20,-1,19,20,12,-1,12,20,21,-1,12,21,13,-1,11,22,12,-1,12,22,23,-1,12,23,16,-1,
        ]
    }
}
Shape{
    appearance Appearance {
        material  Material 	{
            diffuseColor 1.0 1.0 1.0
            specularColor 0.5019607843137255 0.5019607843137255 0.5019607843137255
            ambientIntensity 0.2
            transparency 0
            shininess 0.5
        }
    }
    geometry IndexedFaceSet {
        ccw TRUE
        solid FALSE
        coord DEF co Coordinate {
            point [
                1.185 0.1055 -0.196, 1.1811 0.1055 -0.196, 1.1811 0.1013 -0.1955, 1.185 0.1013 -0.1955, 1.1811 0.0971 -0.1939, 1.185 0.0971 -0.1939, 1.1811 0.0945 -0.1923, 1.185 0.0945 -0.1923, 1.185 0.0945 -0.1992, 1.1811 0.0945 -0.1992, 1.1811 0.1049 -0.2015, 1.185 0.1049 -0.2015, 1.1811 0.1009 -0.201, 1.185 0.0987 -0.2008, 1.1811 0.0987 -0.2008, 1.1811 0.1094 -0.201, 1.185 0.11 -0.2009, 1.1811 0.11 -0.2009, 1.1811 0.1138 -0.1997, 1.185 0.1138 -0.1997, 1.1811 0.116 -0.1984, 1.185 0.116 -0.1984, 1.1811 0.1179 -0.1968, 1.185 0.1179 -0.1968, 1.1811 0.1191 -0.195, 1.185 0.1191 -0.195, 1.1811 0.12 -0.1929, 1.185 0.12 -0.1929, 1.1811 0.1203 -0.1902, 1.185 0.1203 -0.1902, 1.1811 0.12 -0.1877, 1.185 0.12 -0.1877, 1.1811 0.1193 -0.1857, 1.185 0.1193 -0.1857, 1.1811 0.118 -0.1839, 1.185 0.118 -0.1839, 1.1811 0.1164 -0.1825, 1.185 0.1164 -0.1825, 1.1811 0.112 -0.18, 1.185 0.112 -0.18, 1.1811 0.1094 -0.1789, 1.185 0.1094 -0.1789, 1.1811 0.1053 -0.1771, 1.185 0.1053 -0.1771, 1.1811 0.1029 -0.1757, 1.185 0.1029 -0.1757, 1.1811 0.1023 -0.175, 1.185 0.1023 -0.175, 1.1811 0.1018 -0.1741, 1.185 0.1018 -0.1741, 1.1811 0.1015 -0.173, 1.185 0.1015 -0.173, 1.1811 0.1015 -0.1721, 1.185 0.1015 -0.1721, 1.1811 0.1016 -0.1711, 1.185 0.1016 -0.1711, 1.1811 0.1019 -0.1702, 1.185 0.1019 -0.1702, 1.1811 0.1025 -0.1693, 1.185 0.1025 -0.1693, 1.1811 0.1035 -0.1684, 1.185 0.1035 -0.1684, 1.1811 0.105 -0.1676, 1.185 0.105 -0.1676, 1.1811 0.1068 -0.1671, 1.185 0.1068 -0.1671, 1.1811 0.1088 -0.167, 1.185 0.1088 -0.167, 1.1811 0.1132 -0.1675, 1.185 0.1132 -0.1675, 1.1811 0.1169 -0.1689, 1.185 0.1169 -0.1689, 1.1811 0.1184 -0.1697, 1.185 0.1184 -0.1697, 1.185 0.1184 -0.1633, 1.1811 0.1184 -0.1633, 1.1811 0.114 -0.162, 1.185 0.114 -0.162, 1.1811 0.1094 -0.1616, 1.185 0.1094 -0.1616, 1.1811 0.1046 -0.1621, 1.185 0.1046 -0.1621, 1.1811 0.1009 -0.1634, 1.185 0.1009 -0.1634, 1.1811 0.0989 -0.1646, 1.185 0.0989 -0.1646, 1.1811 0.0969 -0.1664, 1.185 0.0969 -0.1664, 1.1811 0.0956 -0.1682, 1.185 0.0956 -0.1682, 1.1811 0.0948 -0.1703, 1.185 0.0948 -0.1703, 1.1811 0.0946 -0.1727, 1.185 0.0946 -0.1727, 1.1811 0.0949 -0.1753, 1.185 0.0949 -0.1753, 1.1811 0.0956 -0.1774, 1.185 0.0956 -0.1774, 1.1811 0.0965 -0.1788, 1.185 0.0965 -0.1788, 1.1811 0.0976 -0.1799, 1.185 0.0976 -0.1799, 1.1811 0.1007 -0.182, 1.185 0.1007 -0.182, 1.1811 0.1047 -0.1838, 1.185 0.1047 -0.1838, 1.1811 0.1091 -0.1856, 1.185 0.1091 -0.1856, 1.1811 0.1117 -0.1872, 1.185 0.1117 -0.1872, 1.1811 0.1125 -0.1881, 1.185 0.1125 -0.1881, 1.1811 0.113 -0.189, 1.185 0.113 -0.189, 1.1811 0.1133 -0.19, 1.185 0.1133 -0.19, 1.1811 0.1134 -0.1908, 1.185 0.1134 -0.1908, 1.1811 0.1133 -0.1921, 1.185 0.1133 -0.1921, 1.1811 0.1129 -0.1931, 1.185 0.1129 -0.1931, 1.1811 0.1123 -0.1939, 1.185 0.1123 -0.1939, 1.1811 0.1116 -0.1946, 1.185 0.1116 -0.1946, 1.1811 0.111 -0.195, 1.185 0.111 -0.195, 1.1811 0.1092 -0.1956, 1.185 0.1092 -0.1956, 1.1811 0.1058 -0.196, 1.185 0.1058 -0.196, 1.185 0.1534 -0.1624, 1.185 0.1603 -0.1624, 1.1811 0.1534 -0.1624, 1.1811 0.1603 -0.1624, 1.185 0.143 -0.1911, 1.1811 0.143 -0.1911, 1.1811 0.1425 -0.1929, 1.185 0.1425 -0.1929, 1.1811 0.1422 -0.1942, 1.185 0.1422 -0.1942, 1.185 0.142 -0.1942, 1.1811 0.142 -0.1942, 1.185 0.1412 -0.1911, 1.1811 0.1412 -0.1911, 1.185 0.1312 -0.1624, 1.1811 0.1345 -0.1717, 1.1811 0.1312 -0.1624, 1.185 0.1238 -0.1624, 1.1811 0.1238 -0.1624, 1.185 0.1387 -0.2005, 1.1811 0.1345 -0.1897, 1.1811 0.1387 -0.2005, 1.1811 0.1358 -0.2074, 1.185 0.1358 -0.2074, 1.1811 0.1385 -0.201, 1.1811 0.1345 -0.2098, 1.185 0.1345 -0.2098, 1.1811 0.1345 -0.2098, 1.1811 0.1332 -0.2112, 1.185 0.1332 -0.2112, 1.1811 0.132 -0.212, 1.185 0.132 -0.212, 1.1811 0.1306 -0.2126, 1.185 0.1306 -0.2126, 1.1811 0.1289 -0.2128, 1.185 0.1289 -0.2128, 1.1811 0.1265 -0.2125, 1.185 0.1265 -0.2125, 1.1811 0.1251 -0.212, 1.185 0.1251 -0.212, 1.185 0.1251 -0.218, 1.1811 0.1251 -0.218, 1.1811 0.128 -0.2185, 1.185 0.128 -0.2185, 1.1811 0.1294 -0.2185, 1.185 0.1294 -0.2185, 1.1811 0.1321 -0.2182, 1.185 0.1321 -0.2182, 1.1811 0.1345 -0.2173, 1.185 0.1348 -0.2172, 1.1811 0.1348 -0.2172, 1.1811 0.1371 -0.2156, 1.185 0.1371 -0.2156, 1.1811 0.1376 -0.2152, 1.185 0.1376 -0.2152, 1.1811 0.14 -0.2122, 1.185 0.14 -0.2122, 1.1811 0.143 -0.2063, 1.185 0.143 -0.2063, 1.1811 0.1451 -0.201, 1.185 0.1963 -0.1945, 1.185 0.1963 -0.2006, 1.1811 0.1963 -0.1945, 1.1811 0.1963 -0.2006, 1.185 0.1744 -0.1945, 1.1811 0.1844 -0.1945, 1.1811 0.1744 -0.1945, 1.185 0.1744 -0.1765, 1.1811 0.1744 -0.1765, 1.185 0.1935 -0.1765, 1.1811 0.1844 -0.1765, 1.1811 0.1935 -0.1765, 1.185 0.1935 -0.1704, 1.1811 0.1935 -0.1704, 1.1811 0.1744 -0.1704, 1.185 0.1744 -0.1704, 1.1811 0.1844 -0.1704, 1.1811 0.1744 -0.1533, 1.185 0.1744 -0.1533, 1.1811 0.1744 -0.1544, 1.1811 0.195 -0.1533, 1.185 0.195 -0.1533, 1.1811 0.1844 -0.1533, 1.185 0.195 -0.1472, 1.1811 0.195 -0.1472, 1.1811 0.1676 -0.1472, 1.185 0.1676 -0.1472, 1.1811 0.1844 -0.1472, 1.1811 0.1676 -0.2006, 1.185 0.1676 -0.2006, 1.1811 0.1676 -0.1544, 1.1811 0.1844 -0.2006, 1.185 0.2395 -0.1857, 1.185 0.2369 -0.1889, 1.185 0.2418 -0.1931, 1.185 0.2362 -0.1895, 1.185 0.2362 -0.1971, 1.185 0.2328 -0.1919, 1.185 0.2301 -0.1995, 1.185 0.2284 -0.1936, 1.185 0.221 -0.2006, 1.185 0.221 -0.1945, 1.185 0.2063 -0.2006, 1.185 0.2132 -0.1945, 1.185 0.2063 -0.1472, 1.185 0.2132 -0.1533, 1.185 0.2216 -0.1472, 1.185 0.2213 -0.1533, 1.185 0.2297 -0.1481, 1.185 0.2285 -0.1542, 1.185 0.2362 -0.1504, 1.185 0.2331 -0.1559, 1.185 0.2418 -0.1542, 1.185 0.2367 -0.1583, 1.185 0.2437 -0.1561, 1.185 0.2382 -0.1598, 1.185 0.247 -0.1608, 1.185 0.2403 -0.1628, 1.185 0.2489 -0.1659, 1.185 0.2418 -0.1667, 1.185 0.2498 -0.1732, 1.185 0.2426 -0.1734, 1.185 0.2496 -0.1766, 1.185 0.2424 -0.1769, 1.185 0.2484 -0.1828, 1.185 0.2413 -0.1817, 1.185 0.2457 -0.1884, 1.1811 0.221 -0.2006, 1.1811 0.2063 -0.2006, 1.1811 0.2301 -0.1995, 1.1811 0.2362 -0.1971, 1.1811 0.2418 -0.1931, 1.1811 0.2457 -0.1884, 1.1811 0.2484 -0.1828, 1.1811 0.2496 -0.1766, 1.1811 0.2498 -0.1732, 1.1811 0.2418 -0.1542, 1.1811 0.2419 -0.1544, 1.1811 0.2437 -0.1561, 1.1811 0.247 -0.1608, 1.1811 0.2489 -0.1659, 1.1811 0.2362 -0.1504, 1.1811 0.2297 -0.1481, 1.1811 0.2216 -0.1472, 1.1811 0.2063 -0.1472, 1.1811 0.2063 -0.1544, 1.1811 0.2213 -0.1533, 1.1811 0.2132 -0.1533, 1.1811 0.2132 -0.1945, 1.1811 0.221 -0.1945, 1.1811 0.2369 -0.1889, 1.1811 0.2362 -0.1895, 1.1811 0.2328 -0.1919, 1.1811 0.2284 -0.1936, 1.1811 0.2426 -0.1734, 1.1811 0.2424 -0.1769, 1.1811 0.2413 -0.1817, 1.1811 0.2395 -0.1857, 1.1811 0.2367 -0.1583, 1.1811 0.2382 -0.1598, 1.1811 0.2403 -0.1628, 1.1811 0.2418 -0.1667, 1.1811 0.2285 -0.1542, 1.1811 0.2331 -0.1559, 1.1811 0.2331 -0.1559
            ]
        }
        coordIndex [
            0,1,2,-1,0,2,3,-1,3,2,4,-1,3,4,5,-1,5,4,6,-1,5,6,7,-1,8,7,9,-1,9,7,6,-1,10,11,12,-1,12,11,13,-1,12,13,14,-1,14,13,8,-1,14,8,9,-1,10,15,11,-1,11,15,16,-1,15,17,16,-1,16,17,18,-1,16,18,19,-1,19,18,20,-1,19,20,21,-1,21,20,22,-1,21,22,23,-1,23,22,24,-1,23,24,25,-1,25,24,26,-1,25,26,27,-1,27,26,28,-1,27,28,29,-1,29,28,30,-1,29,30,31,-1,31,30,32,-1,31,32,33,-1,33,32,34,-1,33,34,35,-1,35,34,36,-1,35,36,37,-1,37,36,38,-1,37,38,39,-1,39,38,40,-1,39,40,41,-1,41,40,42,-1,41,42,43,-1,43,42,44,-1,43,44,45,-1,45,44,46,-1,45,46,47,-1,47,46,48,-1,47,48,49,-1,49,48,50,-1,49,50,51,-1,51,50,52,-1,51,52,53,-1,53,52,54,-1,53,54,55,-1,55,54,56,-1,55,56,57,-1,57,56,58,-1,57,58,59,-1,59,58,60,-1,59,60,61,-1,61,60,62,-1,61,62,63,-1,63,62,64,-1,63,64,65,-1,65,64,66,-1,65,66,67,-1,67,66,68,-1,67,68,69,-1,69,68,70,-1,69,70,71,-1,71,70,72,-1,71,72,73,-1,74,73,75,-1,75,73,72,-1,74,75,76,-1,74,76,77,-1,77,76,78,-1,77,78,79,-1,79,78,80,-1,79,80,81,-1,81,80,82,-1,81,82,83,-1,83,82,84,-1,83,84,85,-1,85,84,86,-1,85,86,87,-1,87,86,88,-1,87,88,89,-1,89,88,90,-1,89,90,91,-1,91,90,92,-1,91,92,93,-1,93,92,94,-1,93,94,95,-1,95,94,96,-1,95,96,97,-1,97,96,98,-1,97,98,99,-1,99,98,100,-1,99,100,101,-1,101,100,102,-1,101,102,103,-1,103,102,104,-1,103,104,105,-1,105,104,106,-1,105,106,107,-1,107,106,108,-1,107,108,109,-1,109,108,110,-1,109,110,111,-1,111,110,112,-1,111,112,113,-1,113,112,114,-1,113,114,115,-1,115,114,116,-1,115,116,117,-1,117,116,118,-1,117,118,119,-1,119,118,120,-1,119,120,121,-1,121,120,122,-1,121,122,123,-1,123,122,124,-1,123,124,125,-1,125,124,126,-1,125,126,127,-1,127,126,128,-1,127,128,129,-1,129,128,130,-1,129,130,131,-1,131,130,1,-1,131,1,0,-1,59,61,83,-1,83,61,81,-1,43,105,41,-1,41,105,107,-1,41,107,39,-1,11,0,13,-1,13,0,3,-1,13,3,8,-1,8,3,5,-1,8,5,7,-1,61,63,81,-1,81,63,65,-1,81,65,79,-1,79,65,67,-1,79,67,77,-1,77,67,69,-1,77,69,74,-1,74,69,71,-1,74,71,73,-1,39,107,37,-1,37,107,109,-1,37,109,35,-1,35,109,111,-1,35,111,33,-1,33,111,113,-1,33,113,31,-1,31,113,115,-1,31,115,29,-1,29,115,117,-1,29,117,27,-1,27,117,119,-1,27,119,25,-1,25,119,121,-1,25,121,23,-1,23,121,123,-1,23,123,21,-1,21,123,125,-1,21,125,19,-1,19,125,127,-1,19,127,16,-1,16,127,129,-1,16,129,11,-1,11,129,131,-1,11,131,0,-1,83,85,59,-1,59,85,87,-1,59,87,57,-1,57,87,89,-1,57,89,55,-1,55,89,91,-1,55,91,53,-1,53,91,93,-1,53,93,51,-1,51,93,95,-1,51,95,49,-1,49,95,97,-1,49,97,47,-1,47,97,99,-1,47,99,45,-1,45,99,101,-1,45,101,43,-1,43,101,103,-1,43,103,105,-1,132,133,134,-1,134,133,135,-1,136,132,137,-1,137,132,134,-1,136,137,138,-1,136,138,139,-1,139,138,140,-1,139,140,141,-1,142,141,143,-1,143,141,140,-1,144,142,145,-1,145,142,143,-1,144,145,146,-1,146,145,147,-1,146,147,148,-1,149,146,150,-1,150,146,148,-1,149,150,151,-1,151,150,152,-1,151,152,153,-1,154,155,156,-1,156,155,151,-1,156,151,153,-1,154,157,155,-1,155,157,158,-1,157,159,158,-1,158,159,160,-1,158,160,161,-1,161,160,162,-1,161,162,163,-1,163,162,164,-1,163,164,165,-1,165,164,166,-1,165,166,167,-1,167,166,168,-1,167,168,169,-1,169,168,170,-1,169,170,171,-1,172,171,173,-1,173,171,170,-1,172,173,174,-1,172,174,175,-1,175,174,176,-1,175,176,177,-1,177,176,178,-1,177,178,179,-1,179,178,180,-1,179,180,181,-1,180,182,181,-1,181,182,183,-1,181,183,184,-1,184,183,185,-1,184,185,186,-1,186,185,187,-1,186,187,188,-1,188,187,189,-1,188,189,190,-1,135,133,191,-1,191,133,190,-1,191,190,189,-1,139,141,190,-1,133,132,190,-1,190,132,136,-1,190,136,139,-1,146,149,144,-1,144,149,151,-1,144,151,142,-1,171,172,169,-1,169,172,175,-1,169,175,167,-1,167,175,177,-1,167,177,165,-1,165,177,179,-1,165,179,163,-1,163,179,181,-1,163,181,161,-1,141,142,190,-1,190,142,151,-1,190,151,188,-1,151,155,188,-1,188,155,158,-1,188,158,186,-1,186,158,161,-1,186,161,184,-1,184,161,181,-1,192,193,194,-1,194,193,195,-1,192,194,196,-1,196,194,197,-1,196,197,198,-1,199,196,200,-1,200,196,198,-1,199,200,201,-1,201,200,202,-1,201,202,203,-1,204,201,205,-1,205,201,203,-1,206,207,208,-1,208,207,204,-1,208,204,205,-1,209,210,211,-1,211,210,207,-1,211,207,206,-1,212,213,214,-1,214,213,210,-1,214,210,209,-1,215,213,216,-1,216,213,212,-1,217,218,219,-1,219,218,215,-1,219,215,216,-1,220,221,222,-1,222,221,218,-1,222,218,217,-1,221,220,193,-1,193,220,223,-1,193,223,195,-1,221,193,192,-1,192,196,221,-1,221,196,199,-1,221,199,218,-1,213,215,210,-1,210,215,218,-1,210,218,207,-1,207,218,199,-1,207,199,204,-1,204,199,201,-1,224,225,226,-1,226,225,227,-1,226,227,228,-1,228,227,229,-1,228,229,230,-1,230,229,231,-1,230,231,232,-1,232,231,233,-1,232,233,234,-1,234,233,235,-1,234,235,236,-1,236,235,237,-1,236,237,238,-1,238,237,239,-1,238,239,240,-1,240,239,241,-1,240,241,242,-1,242,241,243,-1,242,243,244,-1,244,243,245,-1,244,245,246,-1,246,245,247,-1,246,247,248,-1,248,247,249,-1,248,249,250,-1,250,249,251,-1,250,251,252,-1,252,251,253,-1,252,253,254,-1,254,253,255,-1,254,255,256,-1,256,255,257,-1,256,257,258,-1,258,257,224,-1,258,224,226,-1,232,234,259,-1,259,234,260,-1,232,259,261,-1,232,261,230,-1,230,261,262,-1,230,262,228,-1,228,262,263,-1,228,263,226,-1,226,263,264,-1,226,264,258,-1,258,264,265,-1,258,265,256,-1,256,265,266,-1,256,266,254,-1,254,266,267,-1,254,267,252,-1,268,244,269,-1,269,244,246,-1,269,246,270,-1,270,246,248,-1,270,248,271,-1,271,248,250,-1,271,250,272,-1,272,250,252,-1,272,252,267,-1,244,268,273,-1,244,273,242,-1,242,273,274,-1,242,274,240,-1,240,274,275,-1,240,275,238,-1,236,238,276,-1,276,238,275,-1,260,234,277,-1,277,234,236,-1,277,236,276,-1,239,237,278,-1,278,237,279,-1,237,235,279,-1,279,235,280,-1,235,233,280,-1,280,233,281,-1,225,282,283,-1,225,283,227,-1,227,283,284,-1,227,284,229,-1,229,284,285,-1,229,285,231,-1,231,285,281,-1,231,281,233,-1,253,286,287,-1,253,287,255,-1,255,287,288,-1,255,288,257,-1,257,288,289,-1,257,289,224,-1,224,289,282,-1,224,282,225,-1,245,290,291,-1,245,291,247,-1,247,291,292,-1,247,292,249,-1,249,292,293,-1,249,293,251,-1,251,293,286,-1,251,286,253,-1,239,278,294,-1,239,294,241,-1,241,294,295,-1,241,295,243,-1,243,295,290,-1,243,290,245,-1,
        ]
    }
}
Shape{
    appearance Appearance {
        material  Material 	{
            diffuseColor 0.25098039215686274 0.25098039215686274 0.25098039215686274
            specularColor 0.12549019607843137 0.12549019607843137 0.12549019607843137
            ambientIntensity 0.2
            transparency 0
            shininess 0.5
        }
    }
    geometry IndexedFaceSet {
        ccw TRUE
        solid FALSE
        coord DEF co Coordinate {
            point [
                1.1811 0.2132 -0.1533, 1.1811 0.2132 -0.1945, 1.1811 0.2213 -0.1533, 1.1811 0.221 -0.1945, 1.1811 0.2284 -0.1936, 1.1811 0.2328 -0.1919, 1.1811 0.2362 -0.1895, 1.1811 0.2369 -0.1889, 1.1811 0.2395 -0.1857, 1.1811 0.2413 -0.1817, 1.1811 0.2426 -0.1734, 1.1811 0.2367 -0.1583, 1.1811 0.2331 -0.1559, 1.1811 0.2418 -0.1667, 1.1811 0.2403 -0.1628, 1.1811 0.2382 -0.1598, 1.1811 0.2424 -0.1769, 1.1811 0.2285 -0.1542, 1.1811 0.2285 -0.1542
            ]
        }
        coordIndex [
            0,1,2,-1,2,1,3,-1,3,4,2,-1,2,4,5,-1,2,5,6,-1,6,7,2,-1,2,7,8,-1,2,8,9,-1,10,11,12,-1,13,14,10,-1,10,14,15,-1,10,15,11,-1,9,16,2,-1,2,16,10,-1,2,10,17,-1,17,10,12,-1,
        ]
    }
}
Shape{
    appearance Appearance {
        material  Material 	{
            diffuseColor 1.0 1.0 1.0
            specularColor 0.5019607843137255 0.5019607843137255 0.5019607843137255
            ambientIntensity 0.2
            transparency 0
            shininess 0.5
        }
    }
    geometry IndexedFaceSet {
        ccw TRUE
        solid FALSE
        coord DEF co Coordinate {
            point [
                1.185 0.2677 -0.1799, 1.185 0.2655 -0.186, 1.185 0.2856 -0.1799, 1.185 0.2877 -0.186, 1.185 0.2757 -0.1577, 1.185 0.2731 -0.1472, 1.185 0.2528 -0.2006, 1.185 0.2604 -0.2006, 1.185 0.2761 -0.1561, 1.185 0.2766 -0.154, 1.185 0.2805 -0.1472, 1.185 0.2767 -0.154, 1.185 0.2771 -0.1563, 1.185 0.2775 -0.1577, 1.185 0.3008 -0.2006, 1.185 0.2932 -0.2006, 1.1811 0.3008 -0.2006, 1.1811 0.2832 -0.1544, 1.1811 0.2805 -0.1472, 1.1811 0.2731 -0.1472, 1.1811 0.2528 -0.2006, 1.1811 0.2704 -0.1544, 1.1811 0.2604 -0.2006, 1.1811 0.2655 -0.186, 1.1811 0.2877 -0.186, 1.1811 0.2932 -0.2006, 1.1811 0.2677 -0.1799, 1.1811 0.2856 -0.1799, 1.1811 0.2775 -0.1577, 1.1811 0.2767 -0.154, 1.1811 0.2771 -0.1563, 1.1811 0.2766 -0.154, 1.1811 0.2757 -0.1577, 1.1811 0.2761 -0.1561, 1.1811 0.2761 -0.1561
            ]
        }
        coordIndex [
            0,1,2,-1,2,1,3,-1,4,5,0,-1,0,5,6,-1,0,6,1,-1,1,6,7,-1,4,8,5,-1,5,8,9,-1,5,9,10,-1,10,9,11,-1,10,11,12,-1,12,13,10,-1,10,13,2,-1,10,2,14,-1,14,2,3,-1,14,3,15,-1,14,16,10,-1,10,16,17,-1,10,17,18,-1,5,10,19,-1,19,10,18,-1,20,6,21,-1,21,6,5,-1,21,5,19,-1,7,6,22,-1,22,6,20,-1,1,7,23,-1,23,7,22,-1,3,1,24,-1,24,1,23,-1,15,3,25,-1,25,3,24,-1,14,15,16,-1,16,15,25,-1,0,2,26,-1,26,2,27,-1,2,13,27,-1,27,13,28,-1,11,29,30,-1,11,30,12,-1,12,30,28,-1,12,28,13,-1,11,9,29,-1,29,9,31,-1,4,32,33,-1,4,33,8,-1,8,33,31,-1,8,31,9,-1,4,0,32,-1,32,0,26,-1,
        ]
    }
}
Shape{
    appearance Appearance {
        material  Material 	{
            diffuseColor 0.25098039215686274 0.25098039215686274 0.25098039215686274
            specularColor 0.12549019607843137 0.12549019607843137 0.12549019607843137
            ambientIntensity 0.2
            transparency 0
            shininess 0.5
        }
    }
    geometry IndexedFaceSet {
        ccw TRUE
        solid FALSE
        coord DEF co Coordinate {
            point [
                1.1811 0.2767 -0.154, 1.1811 0.2766 -0.154, 1.1811 0.2771 -0.1563, 1.1811 0.2761 -0.1561, 1.1811 0.2775 -0.1577, 1.1811 0.2757 -0.1577, 1.1811 0.2856 -0.1799, 1.1811 0.2677 -0.1799, 1.1811 0.2677 -0.1799
            ]
        }
        coordIndex [
            0,1,2,-1,2,1,3,-1,2,3,4,-1,4,3,5,-1,4,5,6,-1,6,5,7,-1,
        ]
    }
}
Shape{
    appearance Appearance {
        material  Material 	{
            diffuseColor 1.0 1.0 1.0
            specularColor 0.5019607843137255 0.5019607843137255 0.5019607843137255
            ambientIntensity 0.2
            transparency 0
            shininess 0.5
        }
    }
    geometry IndexedFaceSet {
        ccw TRUE
        solid FALSE
        coord DEF co Coordinate {
            point [
                1.185 -0.216 -0.2081, 1.185 -0.2104 -0.2151, 1.185 -0.2194 -0.1746, 1.185 -0.2261 -0.1086, 1.185 -0.2176 -0.1041, 1.185 -0.2196 -0.0808, 1.185 -0.1959 -0.0797, 1.185 -0.1842 -0.1074, 1.185 -0.1784 -0.0954, 1.185 -0.1458 -0.1878, 1.185 -0.1458 -0.184, 1.185 -0.1779 -0.1748, 1.185 -0.1814 -0.1737, 1.185 -0.2277 -0.1695, 1.185 -0.2246 -0.1986, 1.185 -0.2198 -0.2, 1.185 -0.2046 -0.0789, 1.185 -0.1722 -0.1795, 1.185 -0.1705 -0.1825, 1.185 -0.146 -0.1918, 1.185 -0.0927 -0.156, 1.185 -0.1045 -0.1358, 1.185 -0.1553 -0.1624, 1.185 -0.1842 -0.1734, 1.185 -0.1879 -0.1739, 1.185 -0.1928 -0.1506, 1.185 -0.1912 -0.1752, 1.185 -0.2012 -0.1538, 1.185 -0.1941 -0.1773, 1.185 -0.209 -0.1592, 1.185 -0.1957 -0.1789, 1.185 -0.2153 -0.1664, 1.185 -0.1976 -0.1821, 1.185 -0.1987 -0.1856, 1.185 -0.1989 -0.1893, 1.185 -0.17 -0.1521, 1.185 -0.1792 -0.1498, 1.185 -0.1838 -0.1495, 1.185 -0.1747 -0.1768, 1.185 -0.0802 -0.1184, 1.185 -0.0771 -0.1184, 1.185 -0.0616 -0.0979, 1.185 -0.0699 -0.1193, 1.185 -0.0597 -0.0985, 1.185 -0.0633 -0.1218, 1.185 -0.0484 -0.1041, 1.185 -0.0381 -0.1128, 1.185 -0.1881 -0.0706, 1.185 -0.1698 -0.0852, 1.185 -0.1792 -0.063, 1.185 -0.1597 -0.0778, 1.185 -0.1689 -0.0567, 1.185 -0.2082 -0.1019, 1.185 -0.2043 -0.1017, 1.185 -0.2003 -0.0792, 1.185 -0.1954 -0.1028, 1.185 -0.1869 -0.1059, 1.185 -0.1619 -0.1564, 1.185 -0.038 -0.1837, 1.185 -0.0557 -0.1686, 1.185 -0.0484 -0.1924, 1.185 -0.0613 -0.1732, 1.185 -0.0599 -0.1981, 1.185 -0.068 -0.1763, 1.185 -0.0726 -0.2007, 1.185 -0.0749 -0.1776, 1.185 -0.095 -0.2007, 1.185 -0.0919 -0.1776, 1.185 -0.0971 -0.2004, 1.185 -0.1982 -0.1929, 1.185 -0.1967 -0.1961, 1.185 -0.0574 -0.1259, 1.185 -0.053 -0.1308, 1.185 -0.0304 -0.1236, 1.185 -0.0495 -0.1374, 1.185 -0.0257 -0.1352, 1.185 -0.0477 -0.1447, 1.185 -0.024 -0.1476, 1.185 -0.0475 -0.148, 1.185 -0.0257 -0.1612, 1.185 -0.0484 -0.1554, 1.185 -0.0305 -0.1732, 1.185 -0.0511 -0.1621, 1.185 -0.0552 -0.1681, 1.185 -0.0821 -0.0679, 1.185 -0.0969 -0.0854, 1.185 -0.0692 -0.0829, 1.185 -0.0883 -0.0956, 1.185 -0.0825 -0.1078, 1.185 -0.2411 -0.1305, 1.185 -0.266 -0.1368, 1.185 -0.2422 -0.1396, 1.185 -0.2661 -0.1404, 1.185 -0.2418 -0.1455, 1.185 -0.2643 -0.1553, 1.185 -0.239 -0.1548, 1.185 -0.2589 -0.1694, 1.185 -0.2345 -0.1625, 1.185 -0.2502 -0.1818, 1.185 -0.2383 -0.1919, 1.185 -0.1695 -0.186, 1.185 -0.1694 -0.1897, 1.185 -0.1482 -0.2012, 1.185 -0.1703 -0.1933, 1.185 -0.1527 -0.2096, 1.185 -0.172 -0.1966, 1.185 -0.1586 -0.2161, 1.185 -0.1742 -0.1992, 1.185 -0.1661 -0.2214, 1.185 -0.1771 -0.2013, 1.185 -0.1746 -0.2247, 1.185 -0.1804 -0.2025, 1.185 -0.1838 -0.2258, 1.185 -0.1842 -0.203, 1.185 -0.1852 -0.2258, 1.185 -0.1848 -0.203, 1.185 -0.1942 -0.2244, 1.185 -0.1882 -0.2025, 1.185 -0.2029 -0.2207, 1.185 -0.1916 -0.201, 1.185 -0.1945 -0.1988, 1.185 -0.1513 -0.0502, 1.185 -0.1473 -0.0727, 1.185 -0.1337 -0.0482, 1.185 -0.1333 -0.0709, 1.185 -0.1162 -0.0502, 1.185 -0.1204 -0.0725, 1.185 -0.0973 -0.0574, 1.185 -0.1085 -0.0771, 1.185 -0.0979 -0.0845, 1.185 -0.2337 -0.0862, 1.185 -0.2457 -0.0947, 1.185 -0.2326 -0.1144, 1.185 -0.2483 -0.0971, 1.185 -0.2378 -0.122, 1.185 -0.2574 -0.1088, 1.185 -0.2635 -0.1225, 1.185 -0.0938 -0.1772, 1.185 -0.103 -0.1968, 1.185 -0.1021 -0.1977, 1.185 -0.0927 -0.1775, 1.185 -0.0996 -0.1994, 1.185 -0.106 -0.189, 1.185 -0.1056 -0.1918, 1.185 -0.1046 -0.1944, 1.185 -0.0971 -0.1776, 1.185 -0.0998 -0.1786, 1.185 -0.1059 -0.1875, 1.185 -0.1021 -0.1803, 1.185 -0.1037 -0.182, 1.185 -0.1051 -0.1846, 1.185 -0.0942 -0.1772, 1.1811 -0.0304 -0.1236, 1.1811 -0.0257 -0.1352, 1.1811 -0.024 -0.1476, 1.1811 -0.0356 -0.1163, 1.1811 -0.0381 -0.1128, 1.1811 -0.0484 -0.1041, 1.1811 -0.0597 -0.0985, 1.1811 -0.0616 -0.0979, 1.1811 -0.0692 -0.0829, 1.1811 -0.0821 -0.0679, 1.1811 -0.0906 -0.062, 1.1811 -0.0973 -0.0574, 1.1811 -0.1162 -0.0502, 1.1811 -0.1337 -0.0482, 1.1811 -0.1792 -0.063, 1.1811 -0.1777 -0.062, 1.1811 -0.1689 -0.0567, 1.1811 -0.1513 -0.0502, 1.1811 -0.1881 -0.0706, 1.1811 -0.1921 -0.0753, 1.1811 -0.1959 -0.0797, 1.1811 -0.2003 -0.0792, 1.1811 -0.2046 -0.0789, 1.1811 -0.2196 -0.0808, 1.1811 -0.2337 -0.0862, 1.1811 -0.2457 -0.0947, 1.1811 -0.2483 -0.0971, 1.1811 -0.2574 -0.1088, 1.1811 -0.2607 -0.1163, 1.1811 -0.2635 -0.1225, 1.1811 -0.266 -0.1368, 1.1811 -0.2661 -0.1404, 1.1811 -0.2644 -0.1544, 1.1811 -0.2643 -0.1553, 1.1811 -0.2589 -0.1694, 1.1811 -0.2502 -0.1818, 1.1811 -0.2383 -0.1919, 1.1811 -0.2246 -0.1986, 1.1811 -0.2198 -0.2, 1.1811 -0.1838 -0.2258, 1.1811 -0.2193 -0.201, 1.1811 -0.216 -0.2081, 1.1811 -0.2104 -0.2151, 1.1811 -0.2029 -0.2207, 1.1811 -0.1995 -0.2222, 1.1811 -0.1942 -0.2244, 1.1811 -0.1921 -0.2247, 1.1811 -0.1852 -0.2258, 1.1811 -0.1458 -0.1878, 1.1811 -0.1746 -0.2247, 1.1811 -0.1681 -0.2222, 1.1811 -0.1661 -0.2214, 1.1811 -0.1586 -0.2161, 1.1811 -0.1527 -0.2096, 1.1811 -0.1482 -0.2012, 1.1811 -0.1482 -0.201, 1.1811 -0.146 -0.1918, 1.1811 -0.1458 -0.184, 1.1811 -0.0927 -0.156, 1.1811 -0.1045 -0.1358, 1.1811 -0.0936 -0.1544, 1.1811 -0.1553 -0.1624, 1.1811 -0.1399 -0.1544, 1.1811 -0.1619 -0.1564, 1.1811 -0.1657 -0.1544, 1.1811 -0.17 -0.1521, 1.1811 -0.1792 -0.1498, 1.1811 -0.1838 -0.1495, 1.1811 -0.1921 -0.1505, 1.1811 -0.1928 -0.1506, 1.1811 -0.2012 -0.1538, 1.1811 -0.202 -0.1544, 1.1811 -0.209 -0.1592, 1.1811 -0.2153 -0.1664, 1.1811 -0.2194 -0.1746, 1.1811 -0.2422 -0.1396, 1.1811 -0.2277 -0.1695, 1.1811 -0.2345 -0.1625, 1.1811 -0.239 -0.1548, 1.1811 -0.2392 -0.1544, 1.1811 -0.2418 -0.1455, 1.1811 -0.2378 -0.122, 1.1811 -0.2411 -0.1305, 1.1811 -0.2339 -0.1163, 1.1811 -0.2326 -0.1144, 1.1811 -0.2261 -0.1086, 1.1811 -0.2176 -0.1041, 1.1811 -0.2082 -0.1019, 1.1811 -0.2043 -0.1017, 1.1811 -0.1842 -0.1074, 1.1811 -0.1954 -0.1028, 1.1811 -0.1921 -0.104, 1.1811 -0.1869 -0.1059, 1.1811 -0.1784 -0.0954, 1.1811 -0.1698 -0.0852, 1.1811 -0.1597 -0.0778, 1.1811 -0.1473 -0.0727, 1.1811 -0.1333 -0.0709, 1.1811 -0.0802 -0.1184, 1.1811 -0.0806 -0.1163, 1.1811 -0.0825 -0.1078, 1.1811 -0.0883 -0.0956, 1.1811 -0.0969 -0.0854, 1.1811 -0.0979 -0.0845, 1.1811 -0.1085 -0.0771, 1.1811 -0.1204 -0.0725, 1.1811 -0.0771 -0.1184, 1.1811 -0.0699 -0.1193, 1.1811 -0.0633 -0.1218, 1.1811 -0.0574 -0.1259, 1.1811 -0.053 -0.1308, 1.1811 -0.0495 -0.1374, 1.1811 -0.0477 -0.1447, 1.1811 -0.0475 -0.148, 1.1811 -0.0483 -0.1544, 1.1811 -0.0484 -0.1554, 1.1811 -0.0511 -0.1621, 1.1811 -0.0552 -0.1681, 1.1811 -0.0557 -0.1686, 1.1811 -0.0613 -0.1732, 1.1811 -0.068 -0.1763, 1.1811 -0.0749 -0.1776, 1.1811 -0.0919 -0.1776, 1.1811 -0.0927 -0.1775, 1.1811 -0.0938 -0.1772, 1.1811 -0.0942 -0.1772, 1.1811 -0.0971 -0.1776, 1.1811 -0.0998 -0.1786, 1.1811 -0.1021 -0.1803, 1.1811 -0.1037 -0.182, 1.1811 -0.1051 -0.1846, 1.1811 -0.1059 -0.1875, 1.1811 -0.106 -0.189, 1.1811 -0.1056 -0.1918, 1.1811 -0.1046 -0.1944, 1.1811 -0.103 -0.1968, 1.1811 -0.1021 -0.1977, 1.1811 -0.0996 -0.1994, 1.1811 -0.0971 -0.2004, 1.1811 -0.095 -0.2007, 1.1811 -0.0726 -0.2007, 1.1811 -0.0599 -0.1981, 1.1811 -0.0484 -0.1924, 1.1811 -0.038 -0.1837, 1.1811 -0.0305 -0.1732, 1.1811 -0.0257 -0.1612, 1.1811 -0.0249 -0.1544, 1.1811 -0.1842 -0.1734, 1.1811 -0.1814 -0.1737, 1.1811 -0.1779 -0.1748, 1.1811 -0.1747 -0.1768, 1.1811 -0.1722 -0.1795, 1.1811 -0.1705 -0.1825, 1.1811 -0.1695 -0.186, 1.1811 -0.1694 -0.1897, 1.1811 -0.1703 -0.1933, 1.1811 -0.172 -0.1966, 1.1811 -0.1742 -0.1992, 1.1811 -0.1771 -0.2013, 1.1811 -0.1804 -0.2025, 1.1811 -0.1842 -0.203, 1.1811 -0.1848 -0.203, 1.1811 -0.1882 -0.2025, 1.1811 -0.1916 -0.201, 1.1811 -0.1945 -0.1988, 1.1811 -0.1967 -0.1961, 1.1811 -0.1982 -0.1929, 1.1811 -0.1989 -0.1893, 1.1811 -0.1987 -0.1856, 1.1811 -0.1976 -0.1821, 1.1811 -0.1957 -0.1789, 1.1811 -0.1941 -0.1773, 1.1811 -0.1912 -0.1752, 1.1811 -0.1879 -0.1739, 1.1811 -0.1879 -0.1739
            ]
        }
        coordIndex [
            0,1,2,-1,3,4,5,-1,6,7,8,-1,9,10,11,-1,11,10,12,-1,13,14,2,-1,2,14,15,-1,2,15,0,-1,5,4,16,-1,17,18,19,-1,20,21,10,-1,10,21,22,-1,10,22,12,-1,12,22,23,-1,24,25,26,-1,26,25,27,-1,26,27,28,-1,28,27,29,-1,28,29,30,-1,30,29,31,-1,30,31,32,-1,32,31,2,-1,32,2,33,-1,33,2,34,-1,35,36,24,-1,24,36,37,-1,24,37,25,-1,9,11,19,-1,19,11,38,-1,19,38,17,-1,39,40,41,-1,41,40,42,-1,41,42,43,-1,43,42,44,-1,43,44,45,-1,45,44,46,-1,6,8,47,-1,47,8,48,-1,47,48,49,-1,49,48,50,-1,49,50,51,-1,4,52,16,-1,16,52,53,-1,16,53,54,-1,54,53,55,-1,54,55,6,-1,6,55,56,-1,6,56,7,-1,23,22,24,-1,24,22,57,-1,24,57,35,-1,58,59,60,-1,60,59,61,-1,60,61,62,-1,62,61,63,-1,62,63,64,-1,64,63,65,-1,64,65,66,-1,66,65,67,-1,66,67,68,-1,34,2,69,-1,69,2,1,-1,69,1,70,-1,44,71,46,-1,46,71,72,-1,46,72,73,-1,73,72,74,-1,73,74,75,-1,75,74,76,-1,75,76,77,-1,77,76,78,-1,77,78,79,-1,79,78,80,-1,79,80,81,-1,81,80,82,-1,81,82,58,-1,58,82,83,-1,58,83,59,-1,84,85,86,-1,86,85,87,-1,86,87,41,-1,41,87,88,-1,41,88,39,-1,89,90,91,-1,91,90,92,-1,91,92,93,-1,93,92,94,-1,93,94,95,-1,95,94,96,-1,95,96,97,-1,97,96,98,-1,97,98,13,-1,13,98,99,-1,13,99,14,-1,18,100,19,-1,19,100,101,-1,19,101,102,-1,102,101,103,-1,102,103,104,-1,104,103,105,-1,104,105,106,-1,106,105,107,-1,106,107,108,-1,108,107,109,-1,108,109,110,-1,110,109,111,-1,110,111,112,-1,112,111,113,-1,112,113,114,-1,114,113,115,-1,114,115,116,-1,116,115,117,-1,116,117,118,-1,118,117,119,-1,118,119,1,-1,1,119,120,-1,1,120,70,-1,51,50,121,-1,121,50,122,-1,121,122,123,-1,123,122,124,-1,123,124,125,-1,125,124,126,-1,125,126,127,-1,127,126,128,-1,127,128,84,-1,84,128,129,-1,84,129,85,-1,5,130,3,-1,3,130,131,-1,3,131,132,-1,132,131,133,-1,132,133,134,-1,134,133,135,-1,134,135,89,-1,89,135,136,-1,89,136,90,-1,137,138,139,-1,67,140,68,-1,68,140,137,-1,68,137,141,-1,141,137,139,-1,142,143,137,-1,137,143,144,-1,137,144,138,-1,145,146,147,-1,146,148,147,-1,147,148,149,-1,147,149,150,-1,142,137,147,-1,147,137,151,-1,147,151,145,-1,152,75,153,-1,153,75,77,-1,153,77,154,-1,155,46,152,-1,152,46,73,-1,152,73,75,-1,155,156,46,-1,46,156,157,-1,46,157,45,-1,45,157,158,-1,45,158,43,-1,43,158,159,-1,43,159,41,-1,41,159,160,-1,41,160,86,-1,86,160,161,-1,86,161,84,-1,84,161,127,-1,127,161,162,-1,162,163,127,-1,127,163,164,-1,127,164,125,-1,125,164,165,-1,125,165,123,-1,166,49,167,-1,167,49,51,-1,167,51,168,-1,168,51,121,-1,168,121,169,-1,169,121,123,-1,169,123,165,-1,47,49,170,-1,170,49,166,-1,47,170,6,-1,6,170,171,-1,6,171,172,-1,6,172,173,-1,6,173,54,-1,54,173,174,-1,54,174,16,-1,16,174,175,-1,16,175,5,-1,5,175,176,-1,5,176,130,-1,130,176,177,-1,130,177,131,-1,131,177,178,-1,131,178,133,-1,133,178,179,-1,180,136,179,-1,179,136,135,-1,179,135,133,-1,180,181,136,-1,136,181,182,-1,136,182,90,-1,90,182,183,-1,90,183,92,-1,183,184,92,-1,92,184,94,-1,184,185,94,-1,94,185,186,-1,94,186,96,-1,96,186,187,-1,96,187,98,-1,98,187,188,-1,98,188,99,-1,99,188,189,-1,99,189,14,-1,14,189,190,-1,14,190,15,-1,191,112,114,-1,15,190,192,-1,15,192,0,-1,192,193,0,-1,0,193,194,-1,0,194,1,-1,1,194,195,-1,1,195,118,-1,118,195,196,-1,118,196,116,-1,196,197,116,-1,116,197,198,-1,116,198,114,-1,114,198,199,-1,114,199,191,-1,200,9,19,-1,112,191,201,-1,112,201,110,-1,110,201,202,-1,110,202,108,-1,202,203,108,-1,108,203,204,-1,108,204,106,-1,106,204,205,-1,106,205,104,-1,104,205,206,-1,104,206,102,-1,102,206,207,-1,102,207,19,-1,19,207,208,-1,19,208,200,-1,10,9,209,-1,209,9,200,-1,20,10,210,-1,210,10,209,-1,211,21,212,-1,212,21,20,-1,212,20,210,-1,213,22,214,-1,214,22,21,-1,214,21,211,-1,22,213,215,-1,22,215,57,-1,57,215,216,-1,57,216,35,-1,216,217,35,-1,35,217,218,-1,35,218,36,-1,36,218,219,-1,36,219,37,-1,219,220,37,-1,37,220,25,-1,220,221,25,-1,25,221,222,-1,25,222,27,-1,27,222,223,-1,27,223,29,-1,223,224,29,-1,29,224,225,-1,29,225,31,-1,31,225,226,-1,31,226,2,-1,227,91,93,-1,2,226,228,-1,2,228,13,-1,13,228,229,-1,13,229,97,-1,97,229,230,-1,97,230,95,-1,95,230,231,-1,95,231,93,-1,93,231,232,-1,93,232,227,-1,233,89,234,-1,234,89,91,-1,234,91,227,-1,235,132,233,-1,233,132,134,-1,233,134,89,-1,235,236,132,-1,132,236,237,-1,132,237,3,-1,3,237,238,-1,3,238,4,-1,4,238,239,-1,4,239,52,-1,52,239,240,-1,52,240,53,-1,241,7,56,-1,53,240,242,-1,53,242,55,-1,55,242,243,-1,55,243,56,-1,56,243,244,-1,56,244,241,-1,7,241,245,-1,7,245,8,-1,8,245,246,-1,8,246,48,-1,48,246,247,-1,48,247,50,-1,50,247,248,-1,50,248,122,-1,122,248,249,-1,122,249,124,-1,250,39,251,-1,251,39,88,-1,251,88,252,-1,252,88,87,-1,252,87,253,-1,253,87,85,-1,253,85,254,-1,254,85,129,-1,254,129,255,-1,255,129,128,-1,255,128,256,-1,256,128,126,-1,256,126,257,-1,257,126,124,-1,257,124,249,-1,40,39,258,-1,258,39,250,-1,40,258,259,-1,40,259,42,-1,42,259,260,-1,42,260,44,-1,44,260,261,-1,44,261,71,-1,71,261,262,-1,71,262,72,-1,72,262,263,-1,72,263,74,-1,74,263,264,-1,74,264,76,-1,76,264,265,-1,76,265,78,-1,265,266,78,-1,78,266,80,-1,266,267,80,-1,80,267,268,-1,80,268,82,-1,82,268,269,-1,82,269,83,-1,83,269,270,-1,83,270,59,-1,59,270,271,-1,59,271,61,-1,61,271,272,-1,61,272,63,-1,63,272,273,-1,63,273,65,-1,67,65,274,-1,274,65,273,-1,67,274,275,-1,67,275,140,-1,140,275,276,-1,140,276,137,-1,137,276,277,-1,137,277,151,-1,151,277,278,-1,151,278,145,-1,145,278,279,-1,145,279,146,-1,146,279,280,-1,146,280,148,-1,148,280,281,-1,148,281,149,-1,149,281,282,-1,149,282,150,-1,150,282,283,-1,150,283,147,-1,147,283,284,-1,147,284,142,-1,142,284,285,-1,142,285,143,-1,143,285,286,-1,143,286,144,-1,144,286,287,-1,144,287,138,-1,138,287,288,-1,138,288,139,-1,139,288,289,-1,139,289,141,-1,141,289,290,-1,141,290,68,-1,68,290,291,-1,68,291,66,-1,64,66,292,-1,292,66,291,-1,64,292,293,-1,64,293,62,-1,62,293,294,-1,62,294,60,-1,60,294,295,-1,60,295,58,-1,58,295,296,-1,58,296,81,-1,81,296,297,-1,81,297,79,-1,79,297,77,-1,77,297,298,-1,77,298,154,-1,23,299,300,-1,23,300,12,-1,12,300,301,-1,12,301,11,-1,11,301,302,-1,11,302,38,-1,38,302,303,-1,38,303,17,-1,17,303,304,-1,17,304,18,-1,18,304,305,-1,18,305,100,-1,100,305,306,-1,100,306,101,-1,101,306,307,-1,101,307,103,-1,103,307,308,-1,103,308,105,-1,105,308,309,-1,105,309,107,-1,107,309,310,-1,107,310,109,-1,109,310,311,-1,109,311,111,-1,111,311,312,-1,111,312,113,-1,113,312,313,-1,113,313,115,-1,115,313,314,-1,115,314,117,-1,117,314,315,-1,117,315,119,-1,119,315,316,-1,119,316,120,-1,120,316,317,-1,120,317,70,-1,70,317,318,-1,70,318,69,-1,69,318,319,-1,69,319,34,-1,34,319,320,-1,34,320,33,-1,33,320,321,-1,33,321,32,-1,32,321,322,-1,32,322,30,-1,30,322,323,-1,30,323,28,-1,28,323,324,-1,28,324,26,-1,26,324,325,-1,26,325,24,-1,24,325,299,-1,24,299,23,-1,
        ]
    }
}
Shape{
    appearance Appearance {
        material  Material 	{
            diffuseColor 0.25098039215686274 0.25098039215686274 0.25098039215686274
            specularColor 0.12549019607843137 0.12549019607843137 0.12549019607843137
            ambientIntensity 0.2
            transparency 0
            shininess 0.5
        }
    }
    geometry IndexedFaceSet {
        ccw TRUE
        solid FALSE
        coord DEF co Coordinate {
            point [
                1.1811 -0.1848 -0.203, 1.1811 -0.1941 -0.1773, 1.1811 -0.1957 -0.1789, 1.1811 -0.1804 -0.2025, 1.1811 -0.1771 -0.2013, 1.1811 -0.1814 -0.1737, 1.1811 -0.1842 -0.1734, 1.1811 -0.1879 -0.1739, 1.1811 -0.1912 -0.1752, 1.1811 -0.1982 -0.1929, 1.1811 -0.1967 -0.1961, 1.1811 -0.1945 -0.1988, 1.1811 -0.1842 -0.203, 1.1811 -0.1705 -0.1825, 1.1811 -0.1722 -0.1795, 1.1811 -0.172 -0.1966, 1.1811 -0.1747 -0.1768, 1.1811 -0.1976 -0.1821, 1.1811 -0.1987 -0.1856, 1.1811 -0.1989 -0.1893, 1.1811 -0.1916 -0.201, 1.1811 -0.1882 -0.2025, 1.1811 -0.1742 -0.1992, 1.1811 -0.1779 -0.1748, 1.1811 -0.1703 -0.1933, 1.1811 -0.1694 -0.1897, 1.1811 -0.1695 -0.186, 1.1811 -0.2559 -0.2362, 1.1811 -0.5709 -0.2362, 1.1024 -0.2559 -0.2362, 1.1024 -0.5709 -0.2362, 1.1024 -0.2559 -0.4331, 1.1811 -0.2559 -0.4331, 1.1811 0.2559 -0.2362, 1.1024 0.2559 -0.2362, 1.1811 0.5709 -0.2362, 1.1024 0.5709 -0.2362, 1.1024 0.2559 -0.4331, 1.1811 0.2559 -0.4331, -1.1811 0.2559 -0.2362, -1.1811 0.5709 -0.2362, -1.1024 0.2559 -0.2362, -1.1024 0.5709 -0.2362, -1.1024 0.2559 -0.4331, -1.1811 0.2559 -0.4331, -1.1811 -0.2559 -0.2362, -1.1024 -0.2559 -0.2362, -1.1811 -0.5709 -0.2362, -1.1024 -0.5709 -0.2362, -1.1024 -0.2559 -0.4331, -1.1811 -0.2559 -0.4331, -1.1811 -0.2559 -0.4331
            ]
        }
        coordIndex [
            0,1,2,-1,3,4,5,-1,6,7,0,-1,0,7,8,-1,0,8,1,-1,9,10,2,-1,2,10,11,-1,6,0,5,-1,5,0,12,-1,5,12,3,-1,13,14,15,-1,15,14,16,-1,17,18,2,-1,2,18,19,-1,2,19,9,-1,11,20,2,-1,2,20,21,-1,2,21,0,-1,4,22,5,-1,5,22,15,-1,5,15,23,-1,23,15,16,-1,24,25,15,-1,15,25,26,-1,15,26,13,-1,27,28,29,-1,29,28,30,-1,29,31,27,-1,27,31,32,-1,33,34,35,-1,35,34,36,-1,37,34,38,-1,38,34,33,-1,39,40,41,-1,41,40,42,-1,41,43,39,-1,39,43,44,-1,45,46,47,-1,47,46,48,-1,49,46,50,-1,50,46,45,-1,
        ]
    }
}
Shape{
    appearance Appearance {
        material  Material 	{
            diffuseColor 1.0 1.0 1.0
            specularColor 0.5019607843137255 0.5019607843137255 0.5019607843137255
            ambientIntensity 0.2
            transparency 0
            shininess 0.5
        }
    }
    geometry IndexedFaceSet {
        ccw TRUE
        solid FALSE
        coord DEF co Coordinate {
            point [
                1.1811 0.0492 -0.2446, 1.1811 0.0524 -0.2446, 1.2031 0.1181 -0.2446, 1.1811 0.0923 -0.2446, 1.1811 0.1181 -0.2446, 1.1811 -0.0021 -0.2446, 1.2031 -0.1181 -0.2446, 1.1811 -0.1181 -0.2446, 1.1811 0.0524 -0.2052, 1.2031 0.1181 -0.2052, 1.1811 0.0923 -0.2052, 1.1811 0.1181 -0.2052, 1.1811 0.0492 -0.2052, 1.1811 -0.0021 -0.2052, 1.2031 -0.1181 -0.2052, 1.1811 -0.1181 -0.2052, 1.1811 0.1181 -0.2222, 1.5748 0.1181 -0.3976, 1.5748 0.1181 -0.437, 1.3447 0.1181 -0.3976, 1.3447 0.1181 -0.437, 1.3405 0.1181 -0.3972, 1.3319 0.1181 -0.4356, 1.3364 0.1181 -0.3958, 1.3197 0.1181 -0.4314, 1.3327 0.1181 -0.3935, 1.3087 0.1181 -0.4247, 1.3296 0.1181 -0.3906, 1.2994 0.1181 -0.4158, 1.3272 0.1181 -0.387, 1.2923 0.1181 -0.405, 1.3257 0.1181 -0.383, 1.2876 0.1181 -0.393, 1.2982 0.1181 -0.2786, 1.2602 0.1181 -0.2886, 1.2905 0.1181 -0.2585, 1.2555 0.1181 -0.2766, 1.2786 0.1181 -0.2406, 1.2484 0.1181 -0.2658, 1.2631 0.1181 -0.2257, 1.2391 0.1181 -0.2569, 1.2448 0.1181 -0.2145, 1.2281 0.1181 -0.2502, 1.2244 0.1181 -0.2076, 1.2159 0.1181 -0.246, 1.1811 -0.1181 -0.2222, 1.5748 -0.1181 -0.437, 1.5748 -0.1181 -0.3976, 1.3447 -0.1181 -0.437, 1.3447 -0.1181 -0.3976, 1.3319 -0.1181 -0.4356, 1.3405 -0.1181 -0.3972, 1.3197 -0.1181 -0.4314, 1.3364 -0.1181 -0.3958, 1.3087 -0.1181 -0.4247, 1.3327 -0.1181 -0.3935, 1.2994 -0.1181 -0.4158, 1.3296 -0.1181 -0.3906, 1.2923 -0.1181 -0.405, 1.3272 -0.1181 -0.387, 1.2876 -0.1181 -0.393, 1.3257 -0.1181 -0.383, 1.2602 -0.1181 -0.2886, 1.2982 -0.1181 -0.2786, 1.2555 -0.1181 -0.2766, 1.2905 -0.1181 -0.2585, 1.2484 -0.1181 -0.2658, 1.2786 -0.1181 -0.2406, 1.2391 -0.1181 -0.2569, 1.2631 -0.1181 -0.2257, 1.2281 -0.1181 -0.2502, 1.2448 -0.1181 -0.2145, 1.2159 -0.1181 -0.246, 1.2244 -0.1181 -0.2076, -1.2031 0.1181 -0.2052, -1.2031 -0.1181 -0.2052, -1.1811 0.1181 -0.2052, -1.1811 -0.1181 -0.2052, -1.1811 -0.1181 -0.2446, -1.2031 -0.1181 -0.2446, -1.1811 0.1181 -0.2446, -1.2031 0.1181 -0.2446, -1.5748 0.1181 -0.437, -1.5748 0.1181 -0.3976, -1.3447 0.1181 -0.437, -1.3447 0.1181 -0.3976, -1.3319 0.1181 -0.4356, -1.3405 0.1181 -0.3972, -1.3197 0.1181 -0.4314, -1.3364 0.1181 -0.3958, -1.3087 0.1181 -0.4247, -1.3327 0.1181 -0.3935, -1.2994 0.1181 -0.4158, -1.3296 0.1181 -0.3906, -1.2923 0.1181 -0.405, -1.3272 0.1181 -0.387, -1.2876 0.1181 -0.393, -1.3257 0.1181 -0.383, -1.2602 0.1181 -0.2886, -1.2982 0.1181 -0.2786, -1.2555 0.1181 -0.2766, -1.2905 0.1181 -0.2585, -1.2484 0.1181 -0.2658, -1.2786 0.1181 -0.2406, -1.2391 0.1181 -0.2569, -1.2631 0.1181 -0.2257, -1.2281 0.1181 -0.2502, -1.2448 0.1181 -0.2145, -1.2159 0.1181 -0.246, -1.2244 0.1181 -0.2076, -1.2159 -0.1181 -0.246, -1.2244 -0.1181 -0.2076, -1.2281 -0.1181 -0.2502, -1.2448 -0.1181 -0.2145, -1.2391 -0.1181 -0.2569, -1.2631 -0.1181 -0.2257, -1.2484 -0.1181 -0.2658, -1.2786 -0.1181 -0.2406, -1.2555 -0.1181 -0.2766, -1.2905 -0.1181 -0.2585, -1.2602 -0.1181 -0.2886, -1.2982 -0.1181 -0.2786, -1.2876 -0.1181 -0.393, -1.3257 -0.1181 -0.383, -1.2923 -0.1181 -0.405, -1.3272 -0.1181 -0.387, -1.2994 -0.1181 -0.4158, -1.3296 -0.1181 -0.3906, -1.3087 -0.1181 -0.4247, -1.3327 -0.1181 -0.3935, -1.3197 -0.1181 -0.4314, -1.3364 -0.1181 -0.3958, -1.3319 -0.1181 -0.4356, -1.3405 -0.1181 -0.3972, -1.3447 -0.1181 -0.437, -1.3447 -0.1181 -0.3976, -1.5748 -0.1181 -0.437, -1.5748 -0.1181 -0.3976, -1.5748 -0.1181 -0.3976
            ]
        }
        coordIndex [
            0,1,2,-1,2,1,3,-1,2,3,4,-1,0,2,5,-1,5,2,6,-1,5,6,7,-1,8,9,10,-1,10,9,11,-1,8,12,9,-1,9,12,13,-1,9,13,14,-1,14,13,15,-1,16,11,9,-1,16,9,4,-1,17,18,19,-1,19,18,20,-1,19,20,21,-1,21,20,22,-1,21,22,23,-1,23,22,24,-1,23,24,25,-1,25,24,26,-1,25,26,27,-1,27,26,28,-1,27,28,29,-1,29,28,30,-1,29,30,31,-1,31,30,32,-1,31,32,33,-1,33,32,34,-1,33,34,35,-1,35,34,36,-1,35,36,37,-1,37,36,38,-1,37,38,39,-1,39,38,40,-1,39,40,41,-1,41,40,42,-1,41,42,43,-1,43,42,44,-1,43,44,9,-1,9,44,2,-1,9,2,4,-1,45,7,6,-1,46,47,48,-1,48,47,49,-1,48,49,50,-1,50,49,51,-1,50,51,52,-1,52,51,53,-1,52,53,54,-1,54,53,55,-1,54,55,56,-1,56,55,57,-1,56,57,58,-1,58,57,59,-1,58,59,60,-1,60,59,61,-1,60,61,62,-1,62,61,63,-1,62,63,64,-1,64,63,65,-1,64,65,66,-1,66,65,67,-1,66,67,68,-1,68,67,69,-1,68,69,70,-1,70,69,71,-1,70,71,72,-1,72,71,73,-1,72,73,6,-1,6,73,14,-1,6,14,45,-1,45,14,15,-1,17,19,47,-1,47,19,49,-1,18,17,46,-1,46,17,47,-1,20,18,48,-1,48,18,46,-1,20,48,50,-1,20,50,22,-1,22,50,52,-1,22,52,24,-1,24,52,54,-1,24,54,26,-1,26,54,56,-1,26,56,28,-1,28,56,58,-1,28,58,30,-1,30,58,60,-1,30,60,32,-1,34,32,62,-1,62,32,60,-1,34,62,36,-1,36,62,64,-1,36,64,38,-1,38,64,66,-1,38,66,40,-1,40,66,68,-1,40,68,42,-1,42,68,70,-1,42,70,44,-1,44,70,72,-1,44,72,2,-1,2,72,6,-1,9,14,73,-1,9,73,43,-1,43,73,71,-1,43,71,41,-1,41,71,69,-1,41,69,39,-1,39,69,67,-1,39,67,37,-1,37,67,65,-1,37,65,35,-1,35,65,63,-1,35,63,33,-1,31,33,61,-1,61,33,63,-1,31,61,29,-1,29,61,59,-1,29,59,27,-1,27,59,57,-1,27,57,25,-1,25,57,55,-1,25,55,23,-1,23,55,53,-1,23,53,21,-1,21,53,51,-1,21,51,19,-1,19,51,49,-1,74,75,76,-1,76,75,77,-1,78,79,80,-1,80,79,81,-1,82,83,84,-1,84,83,85,-1,84,85,86,-1,86,85,87,-1,86,87,88,-1,88,87,89,-1,88,89,90,-1,90,89,91,-1,90,91,92,-1,92,91,93,-1,92,93,94,-1,94,93,95,-1,94,95,96,-1,96,95,97,-1,96,97,98,-1,98,97,99,-1,98,99,100,-1,100,99,101,-1,100,101,102,-1,102,101,103,-1,102,103,104,-1,104,103,105,-1,104,105,106,-1,106,105,107,-1,106,107,108,-1,108,107,109,-1,108,109,81,-1,81,109,74,-1,81,74,80,-1,80,74,76,-1,78,77,79,-1,79,77,75,-1,79,75,110,-1,110,75,111,-1,110,111,112,-1,112,111,113,-1,112,113,114,-1,114,113,115,-1,114,115,116,-1,116,115,117,-1,116,117,118,-1,118,117,119,-1,118,119,120,-1,120,119,121,-1,120,121,122,-1,122,121,123,-1,122,123,124,-1,124,123,125,-1,124,125,126,-1,126,125,127,-1,126,127,128,-1,128,127,129,-1,128,129,130,-1,130,129,131,-1,130,131,132,-1,132,131,133,-1,132,133,134,-1,134,133,135,-1,134,135,136,-1,136,135,137,-1,85,83,135,-1,135,83,137,-1,85,135,87,-1,87,135,133,-1,87,133,89,-1,89,133,131,-1,89,131,91,-1,91,131,129,-1,91,129,93,-1,93,129,127,-1,93,127,95,-1,95,127,125,-1,95,125,97,-1,97,125,123,-1,99,97,121,-1,121,97,123,-1,99,121,119,-1,99,119,101,-1,101,119,117,-1,101,117,103,-1,103,117,115,-1,103,115,105,-1,105,115,113,-1,105,113,107,-1,107,113,111,-1,107,111,109,-1,109,111,75,-1,109,75,74,-1,81,79,108,-1,108,79,110,-1,108,110,106,-1,106,110,112,-1,106,112,104,-1,104,112,114,-1,104,114,102,-1,102,114,116,-1,102,116,100,-1,100,116,118,-1,100,118,98,-1,98,118,120,-1,96,98,122,-1,122,98,120,-1,96,122,124,-1,96,124,94,-1,94,124,126,-1,94,126,92,-1,92,126,128,-1,92,128,90,-1,90,128,130,-1,90,130,88,-1,88,130,132,-1,88,132,86,-1,86,132,134,-1,86,134,84,-1,82,84,136,-1,136,84,134,-1,83,82,137,-1,137,82,136,-1,
        ]
    }
}