#VRML V2.0 utf8
# 3D model generated by easyeda2kicad.py (https://github.com/uPesy/easyeda2kicad.py)

Shape{
    appearance Appearance {
        material  Material 	{
            diffuseColor 0.7803921568627451 0.7803921568627451 0.7803921568627451
            specularColor 0.38823529411764707 0.38823529411764707 0.38823529411764707
            ambientIntensity 0.2
            transparency 0
            shininess 0.5
        }
    }
    geometry IndexedFaceSet {
        ccw TRUE
        solid FALSE
        coord DEF co Coordinate {
            point [
                -2.3622 2.2402 0.3937, -2.3622 -2.2402 0.3937, -2.2835 2.2402 0.3937, -2.2835 -2.2402 0.3937, -2.3622 2.2402 -2.1654, -2.2835 2.2402 -2.1654, -2.3622 1.8543 -2.1654, -2.2835 1.8543 -2.1654, -2.3622 1.8543 -1.378, -2.2835 1.8543 -1.378, -2.3622 -1.8543 -1.378, -2.2835 -1.8543 -1.378, -2.3622 -1.8543 -2.1654, -2.2835 -1.8543 -2.1654, -2.3622 -2.2402 -2.1654, -2.2835 -2.2402 -2.1654, -1.2795 2.7953 -2.126, -1.2795 2.7953 -1.4961, -1.1417 2.7953 -2.126, -0.689 2.7953 -1.4961, -0.8268 2.7953 -2.126, -0.689 2.7953 -2.126, -1.0236 2.7953 -3.622, -1.1417 2.7953 -3.5039, -0.9449 2.7953 -3.622, -0.8268 2.7953 -3.5039, -1.0236 2.7165 -3.622, -0.9449 2.7165 -3.622, -0.689 2.7165 -2.126, -0.689 2.7165 -1.4961, -0.8268 2.7165 -2.126, -1.2795 2.7165 -1.4961, -1.1417 2.7165 -2.126, -1.2795 2.7165 -2.126, -0.8268 2.7165 -3.5039, -1.1417 2.7165 -3.5039, -1.2795 2.6378 -1.4567, -1.2795 2.6378 -1.378, -1.2795 2.6772 -1.4567, -1.2795 2.6772 -1.378, -1.2795 2.6859 -1.4577, -1.2795 2.7034 -1.3809, -1.2795 2.6942 -1.4606, -1.2795 2.7284 -1.3896, -1.2795 2.7017 -1.4653, -1.2795 2.7508 -1.4037, -1.2795 2.7079 -1.4715, -1.2795 2.7695 -1.4224, -1.2795 2.7126 -1.479, -1.2795 2.7836 -1.4448, -1.2795 2.7155 -1.4873, -1.2795 2.7923 -1.4698, -0.689 2.7155 -1.4873, -0.689 2.7923 -1.4698, -0.689 2.7126 -1.479, -0.689 2.7836 -1.4448, -0.689 2.7079 -1.4715, -0.689 2.7695 -1.4224, -0.689 2.7017 -1.4653, -0.689 2.7508 -1.4037, -0.689 2.6942 -1.4606, -0.689 2.7284 -1.3896, -0.689 2.6859 -1.4577, -0.689 2.7034 -1.3809, -0.689 2.6772 -1.4567, -0.689 2.6772 -1.378, -0.689 2.6378 -1.4567, -0.689 2.6378 -1.378, -1.1616 -0.5365 1.837, -1.1612 -0.5372 1.8369, -1.1613 -0.5373 1.8701, -0.6269 -1.1154 1.8173, -0.5985 -1.1287 1.8165, -0.5993 -1.1305 1.8701, 0.1475 -1.271 1.7974, 0.2064 -1.2594 1.7959, 0.207 -1.2627 1.8701, 0.7004 -1.0708 1.7832, 0.7172 -1.0579 1.7827, 0.7181 -1.0591 1.8701, 1.1969 -0.4525 1.7631, 1.2098 -0.4078 1.7619, 1.2125 -0.4086 1.8701, -1.1691 0.5201 0.6035, -1.1601 0.5366 0.604, -1.1597 0.5367 0.4859, -1.1512 0.5586 0.4865, 1.112 -0.633 0.902, 1.0946 -0.6585 0.9028, 1.0954 -0.6591 0.7847, 1.0883 -0.6729 0.7851, -0.0984 -1.2757 0.8195, -0.0693 -1.2757 0.8187, -0.0691 -1.2764 0.9368, -1.2071 0.4244 0.9946, -1.1577 0.5357 0.9977, -1.1579 0.5356 0.8796, 0.0517 -1.2785 1.3274, -0.0691 -1.2737 1.3305, -0.069 -1.274 1.2124, -1.112 -0.633 1.3617, -1.1576 -0.5355 1.3645, -1.1583 -0.536 1.2464, -1.208 0.4219 1.7819, -1.1577 0.5357 1.7851, -1.158 0.5357 1.667, -0.1803 1.2668 1.8162, -0.069 1.2736 1.8191, -0.0692 1.2745 1.701, 1.2696 0.1382 1.8669, 1.2713 0.1382 1.7488, 1.2663 0.1837 1.8658, 1.2381 0.323 1.7443, 1.2223 0.3783 1.8609, 1.0424 0.742 1.8506, 0.9516 0.8554 1.7288, 0.9276 0.8789 1.8461, 0.9274 0.8784 1.728, 0.9122 0.8972 1.8454, 1.2106 0.4078 1.8601, 1.2088 0.4073 1.742, 1.1471 0.5669 1.8558, 1.1717 0.5141 1.7392, 1.0929 0.6576 1.8531, 1.0941 0.6584 1.735, 1.0751 0.6939 1.7339, 0.7625 1.0275 1.8406, 0.8067 0.9932 1.7239, 0.7165 1.0566 1.8394, 0.716 1.0561 1.7213, 0.5994 1.1305 1.8362, 0.6469 1.104 1.7193, 0.4724 1.1858 1.833, 0.4736 1.1886 1.7149, 0.4727 1.189 1.7149, 0.4201 1.2086 1.8316, 0.2821 1.248 1.71, 0.081 1.277 1.7048, 0.0232 1.2793 1.8215, 0.2065 1.2589 1.7081, 0.2069 1.2613 1.8262, 0.2259 1.2594 1.8267, -0.1231 1.2736 1.6996, -0.3225 1.2382 1.6945, -0.3418 1.2306 1.8121, -0.3418 1.2315 1.694, -0.377 1.2227 1.8112, -0.5102 1.1734 1.6897, -0.5602 1.1504 1.8065, -0.5976 1.1273 1.6874, -0.5981 1.1283 1.8055, -0.7264 1.0534 1.8021, -0.6808 1.0834 1.6853, -0.8262 0.9725 1.7991, -0.8278 0.9745 1.681, -0.8381 0.9669 1.6807, -0.8797 0.9291 1.7974, -0.9791 0.8238 1.6757, -1.0974 0.658 1.6705, -1.1258 0.6081 1.7871, -1.0158 0.7723 1.6741, -1.0182 0.7741 1.7922, -1.0149 0.7792 1.7924, -1.188 0.4753 1.6653, -1.2479 0.2828 1.6602, -1.2468 0.2743 1.7782, -1.249 0.275 1.66, -1.259 0.228 1.777, -1.2765 0.0879 1.6555, -1.2791 0.0339 1.7724, -1.2759 0.0 1.6535, -1.2774 0.0001 1.7716, -1.2696 -0.159 1.768, -1.2752 -0.1046 1.6512, -1.2459 -0.2743 1.7651, -1.2479 -0.2748 1.647, -1.244 -0.2995 1.6464, -1.2296 -0.3538 1.7632, -1.1814 -0.4915 1.6414, -1.1608 -0.5371 1.7582, -1.1586 -0.5359 1.6401, -1.1583 -0.5436 1.758, -1.0572 -0.7208 1.7528, -1.0882 -0.673 1.6361, -1.0159 -0.7721 1.7511, -1.0155 -0.772 1.633, -0.9299 -0.8789 1.7477, -0.9677 -0.8371 1.631, -0.8262 -0.9728 1.7442, -0.8281 -0.975 1.6261, -0.7823 -1.0125 1.7428, -0.8251 -0.978 1.626, -0.6208 -1.1189 1.7384, -0.6667 -1.0921 1.6214, -0.5987 -1.129 1.7378, -0.5977 -1.1274 1.6197, -0.4437 -1.2001 1.7338, -0.4947 -1.18 1.617, -0.3412 -1.2291 1.7312, -0.3416 -1.2306 1.6131, -0.3057 -1.2425 1.6122, -0.2511 -1.2547 1.7289, -0.1056 -1.2752 1.607, -0.0691 -1.2762 1.7242, -0.0693 -1.2753 1.6061, -0.0491 -1.2786 1.7237, 0.1547 -1.2701 1.7185, 0.0986 -1.2757 1.6018, 0.2064 -1.2597 1.7171, 0.2064 -1.2587 1.599, 0.3528 -1.2299 1.7134, 0.299 -1.2441 1.5967, 0.4724 -1.1854 1.7103, 0.4732 -1.1876 1.5922, 0.538 -1.1609 1.7086, 0.4884 -1.1826 1.5918, 0.706 -1.0671 1.7043, 0.6611 -1.0955 1.5874, 0.7174 -1.0582 1.7039, 0.7161 -1.0563 1.5858, 0.8612 -0.9464 1.6996, 0.8198 -0.9824 1.5828, 0.926 -0.8772 1.6972, 0.9269 -0.8778 1.5791, 0.999 -0.7995 1.6946, 0.9631 -0.8423 1.5779, 1.0945 -0.6584 1.6902, 1.0845 -0.679 1.5727, 1.0949 -0.6589 1.5721, 1.1133 -0.6307 1.6894, 1.1786 -0.498 1.5675, 1.1993 -0.4461 1.6842, 1.2088 -0.4073 1.5651, 1.2101 -0.4079 1.6832, 1.2543 -0.2527 1.6792, 1.2423 -0.3062 1.5624, 1.2684 -0.1379 1.6764, 1.2702 -0.138 1.5583, 1.2782 -0.0582 1.6745, 1.2747 -0.1113 1.5577, 1.2725 0.1343 1.6702, 1.2769 0.0812 1.5533, 1.2717 0.1383 1.6701, 1.2689 0.1379 1.5519, 1.2364 0.3293 1.6654, 1.2494 0.276 1.5486, 1.2089 0.4073 1.6633, 1.2093 0.4075 1.5452, 1.1691 0.5201 1.6603, 1.1906 0.4688 1.5436, 1.0938 0.6583 1.6562, 1.101 0.652 1.5384, 1.0958 0.6593 1.5381, 1.0715 0.6993 1.655, 0.9835 0.8184 1.5331, 0.9473 0.8601 1.6499, 0.9262 0.8773 1.5311, 0.9277 0.8786 1.6492, 0.8019 0.9971 1.645, 0.8432 0.9624 1.5282, 0.716 1.056 1.6426, 0.7167 1.0572 1.5244, 0.6418 1.1069 1.6405, 0.6864 1.0798 1.5235, 0.4734 1.1882 1.6362, 0.5164 1.1707 1.5191, 0.4727 1.186 1.518, 0.4671 1.1912 1.636, 0.3293 1.2364 1.5143, 0.2761 1.2494 1.6311, -0.1291 1.273 1.6207, -0.2753 1.2496 1.4988, -0.3283 1.2367 1.6156, -0.3413 1.2295 1.4972, -0.342 1.2319 1.6152, 0.2065 1.2591 1.6293, 0.2063 1.2589 1.5112, 0.0749 1.2773 1.6259, 0.1301 1.2729 1.5092, -0.0692 1.2743 1.6222, -0.0693 1.2773 1.5041, -0.074 1.2774 1.504, -0.5154 1.1711 1.6108, -0.4664 1.1915 1.4939, -0.5976 1.1273 1.6087, -0.5982 1.128 1.4906, -0.6855 1.0804 1.6064, -0.6412 1.1073 1.4895, -0.8276 0.9742 1.6022, -0.8014 0.9975 1.485, -0.8268 0.9736 1.4841, -0.8423 0.9632 1.6018, -0.9469 0.8606 1.4801, -0.9827 0.8194 1.5968, -1.19 0.4701 1.5864, -1.2363 0.3297 1.4646, -1.2491 0.2774 1.5814, -1.2465 0.2745 1.4632, -1.2494 0.275 1.5813, -1.0159 0.7724 1.5953, -1.0155 0.7719 1.4772, -1.1003 0.6531 1.5916, -1.0712 0.6998 1.4749, -1.1579 0.5356 1.5883, -1.1601 0.5366 1.4701, -1.1689 0.5205 1.4697, -1.2769 0.0827 1.5767, -1.2724 0.1347 1.4598, -1.276 0.0 1.5748, -1.2765 -0.0001 1.4567, -1.2748 -0.1097 1.5723, -1.2782 -0.0579 1.4554, -1.2477 -0.2747 1.5683, -1.2544 -0.2525 1.4508, -1.2481 -0.2746 1.4502, -1.2427 -0.3046 1.5676, -1.1993 -0.4459 1.4458, -1.1793 -0.4964 1.5625, -0.9643 -0.841 1.5521, -0.8612 -0.9464 1.4303, -0.8279 -0.9747 1.5474, -0.8267 -0.9731 1.4293, -0.8213 -0.9812 1.5471, -1.1588 -0.536 1.5614, -1.1576 -0.5355 1.4432, -1.0854 -0.6775 1.5573, -1.1133 -0.6306 1.4406, -1.0154 -0.772 1.5543, -1.0168 -0.7731 1.4362, -0.999 -0.7995 1.4353, -0.6627 -1.0946 1.5426, -0.706 -1.0671 1.4256, -0.5978 -1.1274 1.5409, -0.5977 -1.1276 1.4228, -0.4903 -1.1819 1.5382, -0.5379 -1.161 1.4213, -0.3415 -1.2304 1.5343, -0.3526 -1.23 1.4165, -0.3422 -1.2321 1.4163, -0.301 -1.2436 1.5333, -0.1545 -1.2702 1.4114, -0.1007 -1.2756 1.5282, 0.3036 -1.243 1.5178, 0.4441 -1.2 1.3961, 0.4732 -1.1873 1.5135, 0.4728 -1.1868 1.3954, 0.4926 -1.1809 1.513, -0.0693 -1.2755 1.5274, -0.0691 -1.2737 1.4093, 0.1034 -1.2753 1.5229, 0.0494 -1.2786 1.4062, 0.2064 -1.2587 1.5203, 0.2067 -1.2599 1.4022, 0.2514 -1.2546 1.401, 0.6648 -1.0933 1.5085, 0.6212 -1.1186 1.3916, 0.7162 -1.0564 1.5071, 0.7161 -1.0561 1.3889, 0.8232 -0.9795 1.504, 0.7827 -1.0122 1.3871, 0.9267 -0.8777 1.5004, 0.9288 -0.8798 1.3823, 0.9304 -0.8784 1.3822, 0.9661 -0.839 1.499, 1.0575 -0.7203 1.3771, 1.0868 -0.6752 1.4938, 1.2433 -0.3021 1.4836, 1.2697 -0.1582 1.3619, 1.27 -0.138 1.4796, 1.2707 -0.1383 1.3615, 1.275 -0.1072 1.4788, 1.0952 -0.6591 1.4934, 1.0931 -0.6578 1.3753, 1.1803 -0.494 1.4886, 1.1586 -0.5429 1.3719, 1.2088 -0.4073 1.4863, 1.2095 -0.4074 1.3682, 1.2299 -0.353 1.3667, 1.2767 0.0852 1.4744, 1.2791 0.0347 1.3575, 1.2691 0.1379 1.4732, 1.2683 0.138 1.3551, 1.2485 0.28 1.4698, 1.2589 0.229 1.3529, 1.2091 0.4075 1.4664, 1.2115 0.4083 1.3483, 1.2076 0.4229 1.348, 1.1891 0.4726 1.4647, 1.1253 0.6091 1.3428, 1.0989 0.6554 1.4595, 1.0961 0.6594 1.4594, 1.0936 0.6579 1.3413, 0.981 0.8215 1.4543, 1.0142 0.7802 1.3375, 0.9263 0.8773 1.4524, 0.9262 0.8775 1.3343, 0.8404 0.9649 1.4493, 0.8788 0.93 1.3325, 0.7254 1.0541 1.3278, 0.7166 1.057 1.4457, 0.7177 1.0585 1.3276, 0.6834 1.0818 1.4447, 0.5131 1.1721 1.4403, 0.5591 1.1509 1.3234, 0.4727 1.1862 1.4393, 0.4722 1.1851 1.3212, 0.3257 1.2374 1.4355, 0.3757 1.2231 1.3187, 0.2063 1.2589 1.4325, 0.2066 1.2608 1.3144, 0.1788 1.267 1.3136, 0.1265 1.2733 1.4304, -0.0248 1.2793 1.3084, -0.0693 1.277 1.4254, -0.069 1.2749 1.3073, -0.0776 1.2772 1.4252, -0.2787 1.2488 1.42, -0.2274 1.2592 1.3032, -0.3413 1.2296 1.4184, -0.3413 1.2292 1.3003, -0.4695 1.1903 1.4151, -0.4216 1.2081 1.2982, -0.5981 1.1279 1.4118, -0.5993 1.1304 1.2937, -0.644 1.1057 1.4107, -0.6008 1.1297 1.2936, -0.8039 0.9955 1.4062, -0.7638 1.0265 1.2892, -0.8269 0.9737 1.4054, -0.8259 0.9724 1.2873, -0.9491 0.8582 1.4012, -0.9135 0.8959 1.2844, -1.0154 0.7719 1.3985, -1.0166 0.7726 1.2804, -1.0435 0.7405 1.2793, -1.073 0.6971 1.3961, -1.148 0.5651 1.2741, -1.1599 0.5365 1.3914, -1.1593 0.5365 1.2733, -1.1701 0.5177 1.3908, -1.2371 0.3267 1.3858, -1.2229 0.3764 1.2689, -1.2466 0.2745 1.3845, -1.2458 0.2742 1.2664, -1.2727 0.1318 1.381, -1.2666 0.1817 1.264, -1.2764 -0.0001 1.378, -1.2787 -0.0001 1.2599, -1.2795 -0.0116 1.2596, -1.2781 -0.0607 1.3766, -1.2629 -0.2054 1.2551, -1.2155 -0.3998 1.2501, -1.1983 -0.4486 1.367, -1.2461 -0.2742 1.2533, -1.2482 -0.2747 1.3715, -1.2538 -0.2553 1.372, -1.1368 -0.5873 1.245, -1.029 -0.7606 1.2397, -1.0167 -0.7731 1.3574, -1.0177 -0.7735 1.2393, -0.9973 -0.8016 1.3565, -0.8962 -0.9132 1.2347, -0.8592 -0.9481 1.3515, -0.8259 -0.9723 1.2324, -0.8268 -0.9732 1.3505, -0.7039 -1.0685 1.3468, -0.7446 -1.0406 1.2299, -0.5977 -1.1275 1.3441, -0.5986 -1.1292 1.226, -0.58 -1.1405 1.2255, -0.5357 -1.162 1.3425, -0.3987 -1.2158 1.2209, -0.2031 -1.2633 1.2158, -0.1521 -1.2705 1.3326, -0.3415 -1.2297 1.2194, -0.3422 -1.2323 1.3375, -0.3502 -1.2307 1.3377, 0.0001 -1.2795 1.2106, 0.2033 -1.2633 1.2054, 0.2067 -1.2598 1.3234, 0.2069 -1.2624 1.2053, 0.2536 -1.2541 1.3222, 0.3989 -1.2158 1.2004, 0.4461 -1.1992 1.3173, 0.4722 -1.1853 1.1985, 0.4728 -1.1869 1.3166, 0.6229 -1.1176 1.3128, 0.5802 -1.1404 1.1958, 0.7161 -1.0561 1.3102, 0.717 -1.0573 1.1921, 0.7448 -1.0404 1.1914, 0.7843 -1.011 1.3083, 0.8964 -0.9131 1.1866, 0.9287 -0.8797 1.3036, 0.9268 -0.8781 1.1854, 0.9318 -0.8769 1.3035, 1.0291 -0.7604 1.1815, 1.0587 -0.7186 1.2983, 1.2304 -0.3513 1.288, 1.263 -0.2052 1.1662, 1.2699 -0.1564 1.2831, 1.2687 -0.1381 1.1646, 1.2708 -0.1383 1.2827, 1.0932 -0.6579 1.2965, 1.093 -0.6576 1.1784, 1.1595 -0.5412 1.2931, 1.1369 -0.5871 1.1763, 1.2094 -0.4074 1.2895, 1.2119 -0.4083 1.1714, 1.2155 -0.3996 1.1711, 1.279 0.0364 1.2787, 1.2795 -0.0114 1.1617, 1.2683 0.138 1.2763, 1.2695 0.1382 1.1582, 1.2665 0.1819 1.1572, 1.2586 0.2306 1.2741, 1.2229 0.3766 1.1523, 1.2114 0.4082 1.2696, 1.2105 0.4077 1.1515, 1.2071 0.4244 1.2692, 1.1479 0.5653 1.1472, 1.1245 0.6104 1.264, 0.8778 0.9309 1.2537, 0.7637 1.0266 1.132, 0.7243 1.0548 1.249, 0.7165 1.0565 1.1307, 0.7178 1.0586 1.2488, 1.0936 0.6579 1.2625, 1.0929 0.6576 1.1444, 1.0133 0.7813 1.2588, 1.0434 0.7406 1.1419, 0.9262 0.8775 1.2555, 0.9277 0.8789 1.1374, 0.9134 0.8961 1.1368, 0.558 1.1515 1.2446, 0.6006 1.1298 1.1276, 0.4722 1.1851 1.2424, 0.4724 1.1859 1.1243, 0.3746 1.2235 1.2399, 0.4214 1.2081 1.123, 0.2066 1.2607 1.2356, 0.2272 1.2592 1.118, 0.2069 1.2612 1.1175, 0.1777 1.2671 1.2349, 0.0245 1.2793 1.1128, -0.0259 1.2793 1.2297, -0.069 1.2749 1.2285, -0.069 1.2736 1.1104, -0.2284 1.259 1.2245, -0.179 1.2669 1.1076, -0.3413 1.2292 1.2216, -0.3418 1.2307 1.1034, -0.4225 1.2078 1.2195, -0.3759 1.2231 1.1026, -0.5593 1.1508 1.0979, -0.5993 1.1303 1.2149, -0.598 1.1282 1.0968, -0.6016 1.1293 1.2149, -0.7645 1.026 1.2105, -0.7255 1.0539 1.0935, -0.8259 0.9724 1.2085, -0.8262 0.9725 1.0904, -0.9141 0.8953 1.2057, -0.879 0.9298 1.0888, -1.0166 0.7726 1.2016, -1.0143 0.78 1.0837, -1.0182 0.774 1.0835, -1.0439 0.7399 1.2006, -1.1254 0.6089 1.0785, -1.1483 0.5645 1.1953, -1.1594 0.5365 1.1946, -1.1577 0.5357 1.0764, -1.2231 0.3758 1.1902, -1.2077 0.4227 1.0733, -1.2458 0.2742 1.1876, -1.2469 0.2743 1.0695, -1.2666 0.1811 1.1853, -1.2589 0.2288 1.0683, -1.2791 0.0345 1.0638, -1.2787 -0.0001 1.1811, -1.2774 0.0001 1.063, -1.2795 -0.0121 1.1808, -1.2697 -0.1584 1.0593, -1.2629 -0.2058 1.1763, -1.1366 -0.5876 1.1662, -1.0574 -0.7204 1.0441, -1.0288 -0.7608 1.161, -1.0159 -0.7721 1.0425, -1.0177 -0.7735 1.1606, -1.2461 -0.2742 1.1746, -1.246 -0.2743 1.0565, -1.2154 -0.4001 1.1714, -1.2298 -0.3533 1.0545, -1.1583 -0.536 1.1676, -1.1608 -0.5371 1.0495, -1.1585 -0.5431 1.0494, -0.8961 -0.9133 1.1559, -0.9302 -0.8786 1.039, -0.8259 -0.9723 1.1537, -0.8262 -0.9728 1.0356, -0.7445 -1.0406 1.1511, -0.7825 -1.0123 1.0341, -0.5986 -1.1292 1.1473, -0.621 -1.1187 1.0297, -0.5987 -1.129 1.0291, -0.5799 -1.1406 1.1468, -0.4439 -1.2001 1.0252, -0.3987 -1.2158 1.1421, -0.0 -1.2795 1.1319, 0.1547 -1.2701 1.0098, 0.2031 -1.2633 1.1267, 0.2064 -1.2596 1.0085, 0.2069 -1.2624 1.1266, -0.3415 -1.2297 1.1406, -0.3412 -1.2291 1.0225, -0.2031 -1.2633 1.1371, -0.2512 -1.2546 1.0202, -0.069 -1.274 1.1337, -0.0691 -1.2762 1.0156, -0.0492 -1.2786 1.015, 0.3987 -1.2158 1.1217, 0.3528 -1.2299 1.0047, 0.4722 -1.1853 1.1198, 0.4724 -1.1854 1.0017, 0.5799 -1.1406 1.117, 0.5381 -1.1609 1.0, 0.717 -1.0573 1.1134, 0.7061 -1.067 0.9956, 0.7174 -1.0582 0.9953, 0.7445 -1.0406 1.1126, 0.8613 -0.9462 0.9909, 0.8961 -0.9133 1.1079, 1.1366 -0.5876 1.0976, 1.1994 -0.4457 0.9755, 1.2119 -0.4083 1.0926, 1.2102 -0.4079 0.9745, 1.2154 -0.4001 1.0924, 0.9268 -0.8781 1.1067, 0.926 -0.8772 0.9886, 1.0288 -0.7608 1.1028, 0.9992 -0.7993 0.9859, 1.093 -0.6576 1.0997, 1.0945 -0.6584 0.9816, 1.1134 -0.6304 0.9807, 1.2629 -0.2058 1.0875, 1.2544 -0.2523 0.9705, 1.2687 -0.1381 1.0859, 1.2684 -0.1379 0.9678, 1.2795 -0.0121 1.0829, 1.2782 -0.0577 0.9659, 1.2695 0.1382 1.0795, 1.2724 0.1349 0.9615, 1.2718 0.1383 0.9614, 1.2666 0.1811 1.0785, 1.2363 0.3299 0.9567, 1.2231 0.3758 1.0736, 1.0439 0.7399 1.0632, 0.9468 0.8607 0.9412, 0.9278 0.879 1.0586, 0.9277 0.8786 0.9405, 0.9141 0.8953 1.0581, 1.2104 0.4077 1.0727, 1.2089 0.4073 0.9546, 1.1483 0.5645 1.0685, 1.1688 0.5207 0.9516, 1.0929 0.6576 1.0657, 1.0938 0.6583 0.9476, 1.0711 0.7 0.9464, 0.7645 1.026 1.0533, 0.8012 0.9976 0.9363, 0.7164 1.0565 1.052, 0.716 1.056 0.9339, 0.6016 1.1293 1.0489, 0.641 1.1074 0.9318, 0.4724 1.1859 1.0456, 0.4734 1.1881 0.9275, 0.4662 1.1916 0.9273, 0.4225 1.2078 1.0443, 0.2751 1.2496 0.9224, 0.2284 1.259 1.0393, -0.1777 1.2671 1.0289, -0.3295 1.2364 0.9069, -0.3418 1.2307 1.0247, -0.342 1.232 0.9066, -0.3746 1.2235 1.0239, 0.2069 1.2611 1.0388, 0.2065 1.2591 0.9206, 0.0259 1.2793 1.0341, 0.0738 1.2774 0.9172, -0.069 1.2736 1.0317, -0.0692 1.2742 0.9136, -0.1303 1.2729 0.912, -0.558 1.1515 1.0192, -0.5166 1.1706 0.9021, -0.598 1.1282 1.0181, -0.5976 1.1273 0.9, -0.7243 1.0548 1.0148, -0.6866 1.0797 0.8977, -0.8262 0.9726 1.0117, -0.8275 0.9741 0.8936, -0.8434 0.9622 0.8931, -0.8778 0.9309 1.0101, -0.9837 0.8183 0.8881, -1.1011 0.6518 0.8829, -1.1245 0.6104 0.9998, -1.016 0.7725 0.8867, -1.0181 0.774 1.0048, -1.0133 0.7813 1.005, -1.1906 0.4686 0.8777, -1.2494 0.2758 0.8727, -1.247 0.2744 0.9908, -1.2496 0.2751 0.8726, -1.2586 0.2306 0.9896, -1.277 0.081 0.868, -1.279 0.0364 0.9851, -1.276 0.0 0.8661, -1.2773 0.0001 0.9842, -1.2699 -0.1564 0.9807, -1.2747 -0.1115 0.8636, -1.246 -0.2743 0.9777, -1.2476 -0.2747 0.8596, -1.2423 -0.3064 0.8589, -1.2304 -0.3513 0.9758, -1.1786 -0.4982 0.8538, -1.161 -0.5371 0.9708, -1.1589 -0.536 0.8527, -0.2988 -1.2442 0.8246, -0.2536 -1.2541 0.9415, -0.3415 -1.2303 0.8257, -0.3412 -1.2291 0.9438, -0.4883 -1.1827 0.8294, -0.4461 -1.1992 0.9465, -0.5978 -1.1274 0.8323, -0.5986 -1.1289 0.9504, -0.6609 -1.0956 0.8339, -0.6229 -1.1176 0.951, -0.8197 -0.9825 0.8384, -0.7843 -1.011 0.9555, -0.8278 -0.9746 0.8387, -0.8262 -0.9729 0.9568, -0.963 -0.8425 0.8434, -0.9318 -0.8769 0.9603, -1.0154 -0.772 0.8456, -1.0158 -0.7721 0.9637, -1.0844 -0.6792 0.8486, -1.0587 -0.7186 0.9655, -1.1595 -0.5412 0.9707, 0.9679 -0.8369 0.7903, 0.9973 -0.8016 0.9072, 0.9267 -0.8776 0.7917, 0.926 -0.8772 0.9098, 0.8252 -0.9779 0.7953, 0.8592 -0.9481 0.9123, 0.7162 -1.0565 0.7984, 0.7173 -1.0581 0.9165, 0.6669 -1.092 0.7998, 0.7039 -1.0685 0.9169, 0.4949 -1.1799 0.8042, 0.5357 -1.162 0.9213, 0.4731 -1.1871 0.8048, 0.4724 -1.1854 0.9229, 0.306 -1.2424 0.8091, 0.3502 -1.2307 0.9261, 0.2064 -1.2587 0.8116, 0.2064 -1.2596 0.9297, 0.1058 -1.2751 0.8142, 0.1521 -1.2705 0.9311, -0.0517 -1.2785 0.9364, 1.1983 -0.4486 0.8968, 1.1814 -0.4913 0.7799, 1.21 -0.4078 0.8958, 1.2088 -0.4073 0.7777, 1.2538 -0.2553 0.8918, 1.244 -0.2993 0.7748, 1.2685 -0.1379 0.889, 1.2699 -0.138 0.7709, 1.2781 -0.0607 0.8872, 1.2753 -0.1044 0.7701, 1.2727 0.1318 0.8828, 1.2765 0.0881 0.7657, 1.2715 0.1383 0.8827, 1.2692 0.1379 0.7645, 1.2371 0.3267 0.878, 1.2478 0.283 0.761, 1.2089 0.4073 0.8759, 1.2091 0.4075 0.7578, 1.1701 0.5177 0.8729, 1.1879 0.4755 0.756, 1.0939 0.6584 0.8688, 1.0973 0.6582 0.7508, 1.0963 0.6596 0.7507, 1.073 0.6971 0.8677, 0.9789 0.824 0.7456, 0.9491 0.8582 0.8625, 0.9263 0.8773 0.7437, 0.9276 0.8785 0.8618, 0.8039 0.9955 0.8576, 0.8379 0.967 0.7406, 0.716 1.056 0.8552, 0.7165 1.0569 0.737, 0.644 1.1057 0.8531, 0.6806 1.0835 0.736, 0.4735 1.1884 0.8488, 0.5101 1.1735 0.7316, 0.4728 1.1863 0.7306, 0.4695 1.1903 0.8487, 0.3223 1.2383 0.7268, 0.2787 1.2488 0.8438, -0.1265 1.2733 0.8334, -0.2823 1.248 0.7113, -0.3257 1.2374 0.8283, -0.3413 1.2297 0.7098, -0.3419 1.2317 0.8278, 0.2065 1.259 0.8419, 0.2063 1.2588 0.7238, 0.0776 1.2772 0.8386, 0.1229 1.2736 0.7217, -0.0692 1.2744 0.8348, -0.0693 1.2768 0.7167, -0.0812 1.2769 0.7164, -0.5131 1.1721 0.8235, -0.4729 1.1889 0.7064, -0.5976 1.1273 0.8213, -0.598 1.1278 0.7032, -0.6834 1.0818 0.8191, -0.6471 1.1038 0.7019, -0.8277 0.9743 0.8148, -0.8068 0.9931 0.6974, -0.8271 0.9738 0.6967, -0.8404 0.9649 0.8145, -0.9517 0.8552 0.6925, -0.981 0.8215 0.8095, -1.1891 0.4726 0.7991, -1.2381 0.3228 0.677, -1.2485 0.28 0.794, -1.2468 0.2746 0.6758, -1.2492 0.275 0.7939, -1.0159 0.7724 0.8079, -1.0154 0.7719 0.6898, -1.0989 0.6554 0.8043, -1.0752 0.6937 0.6873, -1.158 0.5356 0.8009, -1.1597 0.5364 0.6827, -1.1718 0.5139 0.6821, -1.2767 0.0852 0.7893, -1.2731 0.1278 0.6722, -1.276 0.0 0.7874, -1.2763 -0.0001 0.6693, -1.275 -0.1072 0.785, -1.2779 -0.0648 0.6678, -1.2478 -0.2748 0.7809, -1.2529 -0.2594 0.6632, -1.2485 -0.2747 0.6628, -1.2433 -0.3021 0.7802, -1.1968 -0.4527 0.6582, -1.1803 -0.494 0.7752, -0.9661 -0.839 0.7648, -0.8559 -0.9511 0.6427, -0.828 -0.9748 0.76, -0.827 -0.9734 0.6419, -0.8232 -0.9795 0.7598, -1.1587 -0.5359 0.774, -1.1576 -0.5355 0.6558, -1.0868 -0.6752 0.7699, -1.1097 -0.6369 0.653, -1.0155 -0.772 0.7669, -1.0165 -0.7729 0.6488, -0.9945 -0.8051 0.6478, -0.6648 -1.0933 0.7552, -0.7002 -1.0709 0.6381, -0.5978 -1.1274 0.7535, -0.5977 -1.1274 0.6354, -0.4926 -1.1809 0.7508, -0.5316 -1.1639 0.6337, -0.3415 -1.2305 0.7469, -0.3457 -1.2319 0.6289, -0.3423 -1.2326 0.6289, -0.3036 -1.243 0.746, -0.1473 -1.271 0.6239, -0.1034 -1.2753 0.7408, 0.301 -1.2436 0.7305, 0.4507 -1.1975 0.6085, 0.4732 -1.1874 0.7261, 0.4729 -1.1872 0.608, 0.4903 -1.1819 0.7256, -0.0693 -1.2754 0.74, -0.0691 -1.2738 0.6219, 0.1007 -1.2756 0.7356, 0.0566 -1.2783 0.6186, 0.2064 -1.2587 0.7329, 0.2066 -1.2596 0.6148, 0.2585 -1.2532 0.6135, 0.6627 -1.0946 0.7212, 0.6271 -1.1153 0.604, 0.7161 -1.0563 0.7197, 0.716 -1.056 0.6015, 0.8213 -0.9812 0.7166, 0.7882 -1.0079 0.5995, 0.9268 -0.8778 0.713, 0.9285 -0.8794 0.5949, 0.9353 -0.8732 0.5947, 0.9643 -0.841 0.7117, 1.0616 -0.7143 0.5895, 1.0854 -0.6775 0.7065, 1.2427 -0.3046 0.6962, 1.2706 -0.1512 0.5743, 1.2702 -0.138 0.6922, 1.2711 -0.1383 0.574, 1.2748 -0.1097 0.6915, 1.095 -0.659 0.706, 1.0933 -0.6579 0.5879, 1.1793 -0.4964 0.7013, 1.1617 -0.5363 0.5843, 1.2088 -0.4073 0.6989, 1.2093 -0.4073 0.5808, 1.2318 -0.3462 0.5792, 1.2769 0.0827 0.6871, 1.2789 0.0415 0.5699, 1.269 0.1379 0.6858, 1.2683 0.1379 0.5677, 1.2491 0.2774 0.6824, 1.2576 0.2359 0.5653, 1.2092 0.4075 0.679, 1.211 0.4081 0.5609, 1.2052 0.4297 0.5604, 1.19 0.4701 0.6774, 1.1218 0.6154 0.5552, 1.1003 0.6531 0.6722, 1.0959 0.6593 0.672, 1.0938 0.658 0.5539, 0.9827 0.8194 0.667, 1.0097 0.7859 0.55, 0.9262 0.8773 0.665, 0.9261 0.8774 0.5469, 0.8423 0.9632 0.662, 0.8737 0.9348 0.5449, 0.7197 1.058 0.5402, 0.7166 1.0571 0.6583, 0.718 1.0589 0.5402, 0.6855 1.0804 0.6574, 0.5154 1.1711 0.653, 0.5529 1.1539 0.5358, 0.4727 1.1861 0.6519, 0.4722 1.1852 0.5338, 0.3283 1.2367 0.6482, 0.3689 1.2252 0.5311, 0.2063 1.2589 0.6451, 0.2065 1.2604 0.5269, 0.1717 1.268 0.5261, 0.1291 1.273 0.6431, -0.032 1.2791 0.5208, -0.0693 1.2772 0.638, -0.069 1.2752 0.5199, -1.0477 0.7345 0.4917, -1.0715 0.6993 0.6087, -1.0163 0.7725 0.493, -1.0155 0.7719 0.6111, -0.9185 0.8908 0.4969, -0.9473 0.8601 0.6139, -0.8259 0.9725 0.4999, -0.8268 0.9736 0.618, -0.7694 1.0224 0.5017, -0.8019 0.9971 0.6188, -0.6068 1.1265 0.5061, -0.6418 1.1069 0.6233, -0.5991 1.1299 0.5063, -0.5981 1.128 0.6244, -0.4283 1.2057 0.5107, -0.4671 1.1912 0.6278, -0.3413 1.2291 0.5129, -0.3413 1.2295 0.631, -0.2345 1.2579 0.5156, -0.2761 1.2494 0.6327, -0.0749 1.2773 0.6378, -1.2364 0.3293 0.5984, -1.225 0.3695 0.4813, -1.2466 0.2745 0.5971, -1.2458 0.2742 0.479, -1.2725 0.1343 0.5936, -1.2675 0.1747 0.4765, -1.2765 -0.0001 0.5906, -1.2783 -0.0001 0.4725, -1.2794 -0.0184 0.472, -1.2782 -0.0582 0.5892, -1.2618 -0.2124 0.4675, -1.2543 -0.2527 0.5846, -1.1133 -0.6307 0.5744, -1.0246 -0.7664 0.4522, -1.0168 -0.7731 0.57, -1.0181 -0.7738 0.4519, -0.999 -0.7995 0.5692, -1.2481 -0.2746 0.584, -1.2463 -0.2742 0.4659, -1.1993 -0.4461 0.5796, -1.2132 -0.4066 0.4626, -1.1576 -0.5355 0.5771, -1.1581 -0.5359 0.459, -1.1334 -0.5937 0.4574, -0.8612 -0.9464 0.5642, -0.8911 -0.9182 0.4471, -0.8267 -0.9731 0.5631, -0.826 -0.9723 0.445, -0.706 -1.0671 0.5595, -0.739 -1.0446 0.4423, -0.5977 -1.1276 0.5567, -0.5984 -1.1289 0.4386, -0.5739 -1.1436 0.4379, -0.538 -1.1609 0.5551, -0.3919 -1.218 0.4333, -0.3528 -1.2299 0.5504, 0.2511 -1.2547 0.5349, 0.4056 -1.2135 0.4128, 0.4437 -1.2001 0.53, 0.4722 -1.1854 0.4111, 0.4728 -1.1868 0.5292, -0.3421 -1.2321 0.5501, -0.3416 -1.2299 0.432, -0.1547 -1.2701 0.5453, -0.1959 -1.2644 0.4283, -0.0691 -1.2737 0.5431, -0.069 -1.2738 0.425, 0.0491 -1.2786 0.5401, 0.0074 -1.2795 0.423, 0.2067 -1.2599 0.536, 0.207 -1.2624 0.4179, 0.2104 -1.2621 0.4178, 0.6208 -1.1189 0.5254, 0.5863 -1.1373 0.4082, 0.7161 -1.0561 0.5228, 0.7168 -1.057 0.4047, 0.7823 -1.0125 0.521, 0.7504 -1.0364 0.4038, 0.9289 -0.8798 0.5162, 0.9015 -0.908 0.399, 0.927 -0.8783 0.398, 0.9299 -0.8789 0.5161, 1.0334 -0.7545 0.3939, 1.0572 -0.7208 0.511, 1.0931 -0.6578 0.5091, 0.9289 -0.8799 -0.5906, 1.0964 -0.6597 -0.5906, 1.0386 -0.7474 0.3937, 1.2125 -0.4086 -0.5906, 1.2095 -0.4074 0.5021, 1.1583 -0.5436 0.5058, 1.272 -0.1383 -0.5906, 1.2696 -0.159 0.4958, 1.2296 -0.3538 0.5006, 1.208 0.4219 0.4818, 1.2116 0.4083 0.4822, 1.2125 0.4086 -0.5906, 1.259 0.228 0.4868, 1.272 0.1383 -0.5906, 1.2683 0.138 0.4889, 1.2795 0.0 -0.5906, 1.2791 0.0339 0.4914, 1.2706 -0.1383 0.4953, 1.1258 0.6081 0.4767, 1.0964 0.6597 -0.5906, 1.0936 0.6578 0.4751, 0.9289 0.8799 -0.5906, 0.9263 0.8775 0.4681, 1.0149 0.7792 0.4714, 0.7181 1.0591 -0.5906, 0.7264 1.0534 0.4616, 0.8797 0.9291 0.4664, 0.4736 1.1887 -0.5906, 0.5602 1.1504 0.4573, 0.7177 1.0584 0.4614, 0.1803 1.2668 0.4475, 0.2066 1.2609 0.4482, 0.207 1.2627 -0.5906, 0.377 1.2227 0.4526, 0.4722 1.1851 0.455, -0.0232 1.2793 0.4423, -0.0693 1.2777 -0.5906, -0.069 1.2748 0.4411, -0.3423 1.2329 -0.5906, -0.5993 1.1305 -0.5906, -0.5993 1.1305 0.4275, -0.4201 1.2086 0.4321, -0.3413 1.2292 0.4342, -0.2259 1.2594 0.4371, -0.8283 0.9752 -0.5906, -0.7625 1.0275 0.4231, -0.5994 1.1305 0.4275, -1.0424 0.742 0.4132, -1.0167 0.7727 0.4142, -1.0186 0.7743 -0.5906, -0.9122 0.8972 0.4183, -0.8259 0.9724 0.4211, -1.1471 0.5669 0.408, -1.1613 0.5373 -0.5906, -1.1592 0.5365 0.4072, -1.2223 0.3783 0.4028, -1.2496 0.2751 -0.5906, -1.2458 0.2742 0.4002, 0.9289 -0.8799 0.3937, 0.7181 -1.0591 0.3937, 0.7181 -1.0591 -0.5906, 0.4736 -1.1887 0.3937, 0.4736 -1.1887 -0.5906, 0.207 -1.2627 0.3937, 0.207 -1.2627 -0.5906, -0.0693 -1.2777 0.3937, -0.0693 -1.2777 -0.5906, -0.3423 -1.2329 0.3937, -0.3423 -1.2329 -0.5906, -0.5993 -1.1305 0.3937, -0.5993 -1.1305 -0.5906, -0.8283 -0.9752 0.3937, -0.8283 -0.9752 -0.5906, -1.0186 -0.7743 0.3937, -1.0186 -0.7743 -0.5906, -1.1613 -0.5373 0.3937, -1.1613 -0.5373 -0.5906, -1.2496 -0.2751 0.3937, -1.2496 -0.2751 -0.5906, -1.272 -0.1389 0.3937, -1.2795 0.0 -0.5906, -1.2795 0.0 0.3937, -1.2663 0.1837 0.3979, 1.272 -0.1383 1.8701, 1.253 -0.2592 1.7581, 1.2685 -0.1379 1.7552, 1.2795 0.0 1.8701, 1.2779 -0.0646 1.7534, 1.2731 0.128 1.749, 1.1098 -0.6367 1.7683, 1.0964 -0.6597 1.8701, 1.0949 -0.6586 1.769, 0.9946 -0.8049 1.7735, 0.9289 -0.8799 1.8701, 0.9261 -0.8772 1.776, 0.8561 -0.951 1.7785, 0.5318 -1.1638 1.7875, 0.4736 -1.1887 1.8701, 0.4725 -1.1855 1.7891, 0.3459 -1.2319 1.7923, -0.0564 -1.2783 1.8026, -0.0693 -1.2777 1.8701, -0.0692 -1.2767 1.803, -0.2583 -1.2532 1.8078, -0.3423 -1.2329 1.8701, -0.3412 -1.2292 1.8099, -0.4505 -1.1976 1.8127, -0.7881 -1.008 1.8217, -0.8283 -0.9752 1.8701, -0.8263 -0.973 1.823, -0.9351 -0.8733 1.8266, -1.0186 -0.7743 1.8701, -1.0157 -0.772 1.8299, -1.0615 -0.7144 1.8317, -1.2318 -0.3464 1.8421, -1.2496 -0.2751 1.8701, -1.2461 -0.2744 1.8439, -1.2705 -0.1514 1.8469, -1.2795 0.0 1.8701, -1.2771 0.0001 1.8504, -1.2496 0.2751 1.8701, -1.2576 0.2357 1.8559, -1.2789 0.0413 1.8513, -1.1613 0.5373 1.8701, -1.2053 0.4295 1.8609, -1.2472 0.2744 1.8569, -1.0386 0.7474 1.8701, -1.1219 0.6152 1.8661, -1.1576 0.5356 1.8639, -1.1576 0.5356 1.8639
            ]
        }
        coordIndex [
            0,1,2,-1,2,1,3,-1,4,0,5,-1,5,0,2,-1,6,4,7,-1,7,4,5,-1,8,6,9,-1,9,6,7,-1,10,8,11,-1,11,8,9,-1,12,10,13,-1,13,10,11,-1,14,12,15,-1,15,12,13,-1,1,14,3,-1,3,14,15,-1,4,6,8,-1,12,14,10,-1,10,14,1,-1,10,1,8,-1,8,1,0,-1,8,0,4,-1,15,13,11,-1,7,5,9,-1,9,5,2,-1,9,2,11,-1,11,2,3,-1,11,3,15,-1,16,17,18,-1,18,17,19,-1,18,19,20,-1,20,19,21,-1,22,23,24,-1,24,23,18,-1,24,18,25,-1,25,18,20,-1,22,24,26,-1,26,24,27,-1,28,29,30,-1,30,29,31,-1,30,31,32,-1,32,31,33,-1,27,34,26,-1,26,34,30,-1,26,30,35,-1,35,30,32,-1,36,37,38,-1,38,37,39,-1,38,39,40,-1,40,39,41,-1,40,41,42,-1,42,41,43,-1,42,43,44,-1,44,43,45,-1,44,45,46,-1,46,45,47,-1,46,47,48,-1,48,47,49,-1,48,49,50,-1,50,49,51,-1,50,51,31,-1,31,51,17,-1,31,17,33,-1,33,17,16,-1,28,21,29,-1,29,21,19,-1,29,19,52,-1,52,19,53,-1,52,53,54,-1,54,53,55,-1,54,55,56,-1,56,55,57,-1,56,57,58,-1,58,57,59,-1,58,59,60,-1,60,59,61,-1,60,61,62,-1,62,61,63,-1,62,63,64,-1,64,63,65,-1,64,65,66,-1,66,65,67,-1,68,69,70,-1,71,72,73,-1,74,75,76,-1,77,78,79,-1,80,81,82,-1,83,84,85,-1,85,84,86,-1,87,88,89,-1,89,88,90,-1,91,92,93,-1,94,95,96,-1,97,98,99,-1,100,101,102,-1,103,104,105,-1,106,107,108,-1,109,110,111,-1,111,110,112,-1,111,112,113,-1,114,115,116,-1,116,115,117,-1,116,117,118,-1,113,112,119,-1,119,112,120,-1,119,120,121,-1,121,120,122,-1,121,122,123,-1,123,122,124,-1,123,124,114,-1,114,124,125,-1,114,125,115,-1,118,117,126,-1,126,117,127,-1,126,127,128,-1,128,127,129,-1,128,129,130,-1,130,129,131,-1,130,131,132,-1,131,133,132,-1,132,133,134,-1,132,134,135,-1,135,134,136,-1,108,107,137,-1,137,107,138,-1,137,138,139,-1,139,138,140,-1,139,140,136,-1,136,140,141,-1,136,141,135,-1,108,142,106,-1,106,142,143,-1,106,143,144,-1,144,143,145,-1,144,145,146,-1,146,145,147,-1,146,147,148,-1,148,147,149,-1,148,149,150,-1,150,149,151,-1,151,149,152,-1,151,152,153,-1,152,154,153,-1,153,154,155,-1,153,155,156,-1,156,155,157,-1,105,104,158,-1,158,104,159,-1,158,159,160,-1,160,159,161,-1,160,161,157,-1,157,161,162,-1,157,162,156,-1,105,163,103,-1,103,163,164,-1,103,164,165,-1,165,164,166,-1,165,166,167,-1,167,166,168,-1,167,168,169,-1,169,168,170,-1,169,170,171,-1,171,170,172,-1,172,170,173,-1,172,173,174,-1,173,175,174,-1,174,175,176,-1,174,176,177,-1,177,176,178,-1,177,178,179,-1,179,178,180,-1,179,180,181,-1,181,180,182,-1,182,180,183,-1,182,183,184,-1,184,183,185,-1,184,185,186,-1,186,185,187,-1,186,187,188,-1,188,187,189,-1,188,189,190,-1,190,189,191,-1,190,191,192,-1,192,191,193,-1,192,193,194,-1,194,193,195,-1,194,195,196,-1,196,195,197,-1,196,197,198,-1,197,199,198,-1,198,199,200,-1,198,200,201,-1,201,200,202,-1,201,202,203,-1,203,202,204,-1,203,204,205,-1,205,204,206,-1,206,204,207,-1,206,207,208,-1,208,207,209,-1,208,209,210,-1,210,209,211,-1,210,211,212,-1,212,211,213,-1,212,213,214,-1,214,213,215,-1,214,215,216,-1,216,215,217,-1,216,217,218,-1,218,217,219,-1,218,219,220,-1,220,219,221,-1,220,221,222,-1,222,221,223,-1,222,223,224,-1,224,223,225,-1,224,225,226,-1,225,227,226,-1,226,227,228,-1,226,228,229,-1,229,228,230,-1,229,230,231,-1,231,230,232,-1,231,232,233,-1,233,232,234,-1,234,232,235,-1,234,235,236,-1,236,235,237,-1,236,237,238,-1,238,237,239,-1,238,239,240,-1,240,239,241,-1,240,241,242,-1,242,241,243,-1,242,243,244,-1,244,243,245,-1,244,245,246,-1,246,245,247,-1,246,247,248,-1,248,247,249,-1,248,249,250,-1,249,251,250,-1,250,251,252,-1,250,252,253,-1,253,252,254,-1,253,254,255,-1,255,254,256,-1,255,256,257,-1,257,256,258,-1,258,256,259,-1,258,259,260,-1,260,259,261,-1,260,261,262,-1,262,261,263,-1,262,263,264,-1,263,265,264,-1,264,265,266,-1,264,266,267,-1,267,266,268,-1,267,268,269,-1,270,271,272,-1,272,271,273,-1,272,273,274,-1,269,268,275,-1,275,268,276,-1,275,276,277,-1,277,276,278,-1,277,278,279,-1,279,278,280,-1,279,280,270,-1,270,280,281,-1,270,281,271,-1,274,273,282,-1,282,273,283,-1,282,283,284,-1,284,283,285,-1,284,285,286,-1,286,285,287,-1,286,287,288,-1,287,289,288,-1,288,289,290,-1,288,290,291,-1,291,290,292,-1,291,292,293,-1,294,295,296,-1,296,295,297,-1,296,297,298,-1,293,292,299,-1,299,292,300,-1,299,300,301,-1,301,300,302,-1,301,302,303,-1,303,302,304,-1,303,304,294,-1,294,304,305,-1,294,305,295,-1,298,297,306,-1,306,297,307,-1,306,307,308,-1,308,307,309,-1,308,309,310,-1,310,309,311,-1,310,311,312,-1,311,313,312,-1,312,313,314,-1,312,314,315,-1,315,314,316,-1,315,316,317,-1,318,319,320,-1,320,319,321,-1,320,321,322,-1,317,316,323,-1,323,316,324,-1,323,324,325,-1,325,324,326,-1,325,326,327,-1,327,326,328,-1,327,328,318,-1,318,328,329,-1,318,329,319,-1,322,321,330,-1,330,321,331,-1,330,331,332,-1,332,331,333,-1,332,333,334,-1,334,333,335,-1,334,335,336,-1,335,337,336,-1,336,337,338,-1,336,338,339,-1,339,338,340,-1,339,340,341,-1,342,343,344,-1,344,343,345,-1,344,345,346,-1,341,340,347,-1,347,340,348,-1,347,348,349,-1,349,348,350,-1,349,350,351,-1,351,350,352,-1,351,352,342,-1,342,352,353,-1,342,353,343,-1,346,345,354,-1,354,345,355,-1,354,355,356,-1,356,355,357,-1,356,357,358,-1,358,357,359,-1,358,359,360,-1,359,361,360,-1,360,361,362,-1,360,362,363,-1,363,362,364,-1,363,364,365,-1,366,367,368,-1,368,367,369,-1,368,369,370,-1,365,364,371,-1,371,364,372,-1,371,372,373,-1,373,372,374,-1,373,374,375,-1,375,374,376,-1,375,376,366,-1,366,376,377,-1,366,377,367,-1,370,369,378,-1,378,369,379,-1,378,379,380,-1,380,379,381,-1,380,381,382,-1,382,381,383,-1,382,383,384,-1,383,385,384,-1,384,385,386,-1,384,386,387,-1,387,386,388,-1,387,388,389,-1,389,388,390,-1,390,388,391,-1,390,391,392,-1,392,391,393,-1,392,393,394,-1,394,393,395,-1,394,395,396,-1,395,397,396,-1,396,397,398,-1,396,398,399,-1,399,398,400,-1,399,400,401,-1,401,400,402,-1,402,400,403,-1,402,403,404,-1,404,403,405,-1,404,405,406,-1,406,405,407,-1,406,407,408,-1,407,409,408,-1,408,409,410,-1,408,410,411,-1,411,410,412,-1,411,412,413,-1,413,412,414,-1,413,414,415,-1,415,414,416,-1,416,414,417,-1,416,417,418,-1,418,417,419,-1,418,419,420,-1,420,419,421,-1,420,421,422,-1,422,421,423,-1,422,423,424,-1,424,423,425,-1,424,425,426,-1,426,425,427,-1,426,427,428,-1,428,427,429,-1,428,429,430,-1,430,429,431,-1,430,431,432,-1,431,433,432,-1,432,433,434,-1,432,434,435,-1,435,434,436,-1,435,436,437,-1,437,436,438,-1,437,438,439,-1,439,438,440,-1,440,438,441,-1,440,441,442,-1,442,441,443,-1,442,443,444,-1,444,443,445,-1,444,445,446,-1,445,447,446,-1,446,447,448,-1,446,448,449,-1,449,448,450,-1,102,101,451,-1,451,101,452,-1,451,452,453,-1,453,452,454,-1,453,454,450,-1,450,454,455,-1,450,455,449,-1,102,456,100,-1,100,456,457,-1,100,457,458,-1,458,457,459,-1,458,459,460,-1,460,459,461,-1,460,461,462,-1,462,461,463,-1,462,463,464,-1,464,463,465,-1,465,463,466,-1,465,466,467,-1,466,468,467,-1,467,468,469,-1,467,469,470,-1,470,469,471,-1,99,98,472,-1,472,98,473,-1,472,473,474,-1,474,473,475,-1,474,475,471,-1,471,475,476,-1,471,476,470,-1,99,477,97,-1,97,477,478,-1,97,478,479,-1,479,478,480,-1,479,480,481,-1,481,480,482,-1,481,482,483,-1,483,482,484,-1,483,484,485,-1,485,484,486,-1,486,484,487,-1,486,487,488,-1,487,489,488,-1,488,489,490,-1,488,490,491,-1,491,490,492,-1,491,492,493,-1,493,492,494,-1,493,494,495,-1,495,494,496,-1,495,496,497,-1,498,499,500,-1,500,499,501,-1,500,501,502,-1,497,496,503,-1,503,496,504,-1,503,504,505,-1,505,504,506,-1,505,506,507,-1,507,506,508,-1,507,508,498,-1,498,508,509,-1,498,509,499,-1,502,501,510,-1,510,501,511,-1,510,511,512,-1,511,513,512,-1,512,513,514,-1,512,514,515,-1,515,514,516,-1,515,516,517,-1,517,516,518,-1,517,518,519,-1,519,518,520,-1,519,520,521,-1,522,523,524,-1,524,523,525,-1,524,525,526,-1,521,520,527,-1,527,520,528,-1,527,528,529,-1,529,528,530,-1,529,530,531,-1,531,530,532,-1,531,532,522,-1,522,532,533,-1,522,533,523,-1,526,525,534,-1,534,525,535,-1,534,535,536,-1,536,535,537,-1,536,537,538,-1,538,537,539,-1,538,539,540,-1,539,541,540,-1,540,541,542,-1,540,542,543,-1,543,542,544,-1,543,544,545,-1,545,544,546,-1,546,544,547,-1,546,547,548,-1,548,547,549,-1,548,549,550,-1,550,549,551,-1,550,551,552,-1,551,553,552,-1,552,553,554,-1,552,554,555,-1,555,554,556,-1,555,556,557,-1,557,556,558,-1,558,556,559,-1,558,559,560,-1,560,559,561,-1,560,561,562,-1,562,561,563,-1,562,563,564,-1,563,565,564,-1,564,565,566,-1,564,566,567,-1,567,566,568,-1,567,568,569,-1,569,568,570,-1,570,568,571,-1,570,571,572,-1,572,571,573,-1,572,573,574,-1,574,573,575,-1,574,575,576,-1,575,577,576,-1,576,577,578,-1,576,578,579,-1,579,578,580,-1,579,580,581,-1,581,580,582,-1,581,582,583,-1,584,585,586,-1,586,585,587,-1,586,587,588,-1,583,582,589,-1,589,582,590,-1,589,590,591,-1,591,590,592,-1,591,592,593,-1,593,592,594,-1,593,594,584,-1,584,594,595,-1,584,595,585,-1,588,587,596,-1,596,587,597,-1,596,597,598,-1,598,597,599,-1,598,599,600,-1,600,599,601,-1,600,601,602,-1,601,603,602,-1,602,603,604,-1,602,604,605,-1,605,604,606,-1,605,606,607,-1,608,609,610,-1,610,609,611,-1,610,611,612,-1,607,606,613,-1,613,606,614,-1,613,614,615,-1,615,614,616,-1,615,616,617,-1,617,616,618,-1,617,618,608,-1,608,618,619,-1,608,619,609,-1,612,611,620,-1,620,611,621,-1,620,621,622,-1,622,621,623,-1,622,623,624,-1,624,623,625,-1,624,625,626,-1,625,627,626,-1,626,627,628,-1,626,628,629,-1,629,628,630,-1,629,630,631,-1,632,633,634,-1,634,633,635,-1,634,635,636,-1,631,630,637,-1,637,630,638,-1,637,638,639,-1,639,638,640,-1,639,640,641,-1,641,640,642,-1,641,642,632,-1,632,642,643,-1,632,643,633,-1,636,635,644,-1,644,635,645,-1,644,645,646,-1,646,645,647,-1,646,647,648,-1,648,647,649,-1,648,649,650,-1,649,651,650,-1,650,651,652,-1,650,652,653,-1,653,652,654,-1,653,654,655,-1,656,657,658,-1,658,657,659,-1,658,659,660,-1,655,654,661,-1,661,654,662,-1,661,662,663,-1,663,662,664,-1,663,664,665,-1,665,664,666,-1,665,666,656,-1,656,666,667,-1,656,667,657,-1,660,659,668,-1,668,659,669,-1,668,669,670,-1,670,669,671,-1,670,671,672,-1,672,671,673,-1,672,673,674,-1,673,675,674,-1,674,675,676,-1,674,676,677,-1,677,676,678,-1,677,678,679,-1,680,681,682,-1,682,681,683,-1,682,683,684,-1,679,678,685,-1,685,678,686,-1,685,686,687,-1,687,686,688,-1,687,688,689,-1,689,688,690,-1,689,690,680,-1,680,690,691,-1,680,691,681,-1,684,683,692,-1,692,683,693,-1,692,693,694,-1,694,693,695,-1,694,695,696,-1,696,695,697,-1,696,697,698,-1,697,699,698,-1,698,699,700,-1,698,700,701,-1,701,700,702,-1,96,95,703,-1,703,95,704,-1,703,704,705,-1,705,704,706,-1,705,706,702,-1,702,706,707,-1,702,707,701,-1,96,708,94,-1,94,708,709,-1,94,709,710,-1,710,709,711,-1,710,711,712,-1,712,711,713,-1,712,713,714,-1,714,713,715,-1,714,715,716,-1,716,715,717,-1,717,715,718,-1,717,718,719,-1,718,720,719,-1,719,720,721,-1,719,721,722,-1,722,721,723,-1,722,723,724,-1,724,723,725,-1,91,93,726,-1,726,93,727,-1,726,727,728,-1,728,727,729,-1,728,729,730,-1,730,729,731,-1,730,731,732,-1,732,731,733,-1,732,733,734,-1,734,733,735,-1,734,735,736,-1,736,735,737,-1,736,737,738,-1,738,737,739,-1,738,739,740,-1,740,739,741,-1,740,741,742,-1,742,741,743,-1,742,743,744,-1,744,743,745,-1,744,745,725,-1,725,745,746,-1,725,746,724,-1,90,88,747,-1,747,88,748,-1,747,748,749,-1,749,748,750,-1,749,750,751,-1,751,750,752,-1,751,752,753,-1,753,752,754,-1,753,754,755,-1,755,754,756,-1,755,756,757,-1,757,756,758,-1,757,758,759,-1,759,758,760,-1,759,760,761,-1,761,760,762,-1,761,762,763,-1,763,762,764,-1,763,764,765,-1,765,764,766,-1,765,766,92,-1,92,766,767,-1,92,767,93,-1,87,89,768,-1,768,89,769,-1,768,769,770,-1,770,769,771,-1,770,771,772,-1,772,771,773,-1,772,773,774,-1,774,773,775,-1,774,775,776,-1,776,775,777,-1,776,777,778,-1,778,777,779,-1,778,779,780,-1,780,779,781,-1,780,781,782,-1,782,781,783,-1,782,783,784,-1,784,783,785,-1,784,785,786,-1,786,785,787,-1,786,787,788,-1,787,789,788,-1,788,789,790,-1,788,790,791,-1,791,790,792,-1,791,792,793,-1,793,792,794,-1,793,794,795,-1,795,794,796,-1,796,794,797,-1,796,797,798,-1,798,797,799,-1,798,799,800,-1,800,799,801,-1,800,801,802,-1,801,803,802,-1,802,803,804,-1,802,804,805,-1,805,804,806,-1,805,806,807,-1,808,809,810,-1,810,809,811,-1,810,811,812,-1,807,806,813,-1,813,806,814,-1,813,814,815,-1,815,814,816,-1,815,816,817,-1,817,816,818,-1,817,818,808,-1,808,818,819,-1,808,819,809,-1,812,811,820,-1,820,811,821,-1,820,821,822,-1,822,821,823,-1,822,823,824,-1,824,823,825,-1,824,825,826,-1,825,827,826,-1,826,827,828,-1,826,828,829,-1,829,828,830,-1,829,830,831,-1,832,833,834,-1,834,833,835,-1,834,835,836,-1,831,830,837,-1,837,830,838,-1,837,838,839,-1,839,838,840,-1,839,840,841,-1,841,840,842,-1,841,842,832,-1,832,842,843,-1,832,843,833,-1,836,835,844,-1,844,835,845,-1,844,845,846,-1,846,845,847,-1,846,847,848,-1,848,847,849,-1,848,849,850,-1,849,851,850,-1,850,851,852,-1,850,852,853,-1,853,852,854,-1,853,854,855,-1,856,857,858,-1,858,857,859,-1,858,859,860,-1,855,854,861,-1,861,854,862,-1,861,862,863,-1,863,862,864,-1,863,864,865,-1,865,864,866,-1,865,866,856,-1,856,866,867,-1,856,867,857,-1,860,859,868,-1,868,859,869,-1,868,869,870,-1,870,869,871,-1,870,871,872,-1,872,871,873,-1,872,873,874,-1,873,875,874,-1,874,875,876,-1,874,876,877,-1,877,876,878,-1,877,878,879,-1,880,881,882,-1,882,881,883,-1,882,883,884,-1,879,878,885,-1,885,878,886,-1,885,886,887,-1,887,886,888,-1,887,888,889,-1,889,888,890,-1,889,890,880,-1,880,890,891,-1,880,891,881,-1,884,883,892,-1,892,883,893,-1,892,893,894,-1,894,893,895,-1,894,895,896,-1,896,895,897,-1,896,897,898,-1,897,899,898,-1,898,899,900,-1,898,900,901,-1,901,900,902,-1,901,902,903,-1,904,905,906,-1,906,905,907,-1,906,907,908,-1,903,902,909,-1,909,902,910,-1,909,910,911,-1,911,910,912,-1,911,912,913,-1,913,912,914,-1,913,914,904,-1,904,914,915,-1,904,915,905,-1,908,907,916,-1,916,907,917,-1,916,917,918,-1,918,917,919,-1,918,919,920,-1,920,919,921,-1,920,921,922,-1,921,923,922,-1,922,923,924,-1,922,924,925,-1,925,924,926,-1,925,926,927,-1,927,926,928,-1,928,926,929,-1,928,929,930,-1,930,929,931,-1,930,931,932,-1,932,931,933,-1,932,933,934,-1,933,935,934,-1,934,935,936,-1,934,936,937,-1,937,936,938,-1,937,938,939,-1,939,938,940,-1,940,938,941,-1,940,941,942,-1,942,941,943,-1,942,943,944,-1,944,943,945,-1,944,945,946,-1,945,947,946,-1,946,947,948,-1,946,948,949,-1,949,948,950,-1,949,950,951,-1,951,950,952,-1,86,84,953,-1,953,84,954,-1,953,954,955,-1,955,954,956,-1,955,956,957,-1,957,956,958,-1,957,958,959,-1,959,958,960,-1,959,960,961,-1,961,960,962,-1,961,962,963,-1,963,962,964,-1,963,964,965,-1,965,964,966,-1,965,966,967,-1,967,966,968,-1,967,968,969,-1,969,968,970,-1,969,970,971,-1,971,970,972,-1,971,972,952,-1,952,972,973,-1,952,973,951,-1,83,85,974,-1,974,85,975,-1,974,975,976,-1,976,975,977,-1,976,977,978,-1,978,977,979,-1,978,979,980,-1,979,981,980,-1,980,981,982,-1,980,982,983,-1,983,982,984,-1,983,984,985,-1,986,987,988,-1,988,987,989,-1,988,989,990,-1,985,984,991,-1,991,984,992,-1,991,992,993,-1,993,992,994,-1,993,994,995,-1,995,994,996,-1,995,996,986,-1,986,996,997,-1,986,997,987,-1,990,989,998,-1,998,989,999,-1,998,999,1000,-1,1000,999,1001,-1,1000,1001,1002,-1,1002,1001,1003,-1,1002,1003,1004,-1,1003,1005,1004,-1,1004,1005,1006,-1,1004,1006,1007,-1,1007,1006,1008,-1,1007,1008,1009,-1,1010,1011,1012,-1,1012,1011,1013,-1,1012,1013,1014,-1,1009,1008,1015,-1,1015,1008,1016,-1,1015,1016,1017,-1,1017,1016,1018,-1,1017,1018,1019,-1,1019,1018,1020,-1,1019,1020,1021,-1,1021,1020,1022,-1,1021,1022,1023,-1,1023,1022,1024,-1,1023,1024,1010,-1,1010,1024,1025,-1,1010,1025,1011,-1,1014,1013,1026,-1,1026,1013,1027,-1,1026,1027,1028,-1,1028,1027,1029,-1,1028,1029,1030,-1,1030,1029,1031,-1,1030,1031,1032,-1,1031,1033,1032,-1,1032,1033,1034,-1,1032,1034,1035,-1,1035,1034,1036,-1,1035,1036,1037,-1,1037,1036,1038,-1,1039,1040,1041,-1,1040,1042,1043,-1,1036,1041,1038,-1,1038,1041,1040,-1,1038,1040,1044,-1,1044,1040,1043,-1,1045,1046,1042,-1,1042,1046,1047,-1,1042,1047,1043,-1,1048,1049,1050,-1,1050,1049,1051,-1,1050,1051,1052,-1,1052,1051,1053,-1,1052,1053,1054,-1,1054,1053,1055,-1,1054,1055,1045,-1,1045,1055,1056,-1,1045,1056,1046,-1,1048,1050,1057,-1,1057,1050,1058,-1,1057,1058,1059,-1,1060,1061,1058,-1,1058,1061,1062,-1,1058,1062,1059,-1,1063,1064,1060,-1,1060,1064,1065,-1,1060,1065,1061,-1,1066,1067,1063,-1,1063,1067,1068,-1,1063,1068,1064,-1,1069,1070,1071,-1,1071,1070,1072,-1,1071,1072,1066,-1,1066,1072,1073,-1,1066,1073,1067,-1,1069,1071,1074,-1,1074,1071,1075,-1,1074,1075,1076,-1,1077,1078,1079,-1,1079,1080,1077,-1,1077,1080,1081,-1,1077,1081,1075,-1,1075,1081,1082,-1,1075,1082,1076,-1,1083,1084,1078,-1,1078,1084,1085,-1,1078,1085,1079,-1,1086,1087,1088,-1,1088,1087,1089,-1,1088,1089,1083,-1,1083,1089,1090,-1,1083,1090,1084,-1,1086,1088,1091,-1,1091,1088,1092,-1,1091,1092,1093,-1,1093,1092,1094,-1,1094,1092,1095,-1,1094,1095,1096,-1,1041,1097,1039,-1,1039,1097,1098,-1,1039,1098,1099,-1,1099,1098,1100,-1,1099,1100,1101,-1,1101,1100,1102,-1,1101,1102,1103,-1,1103,1102,1104,-1,1103,1104,1105,-1,1105,1104,1106,-1,1105,1106,1107,-1,1107,1106,1108,-1,1107,1108,1109,-1,1109,1108,1110,-1,1109,1110,1111,-1,1111,1110,1112,-1,1111,1112,1113,-1,1113,1112,1114,-1,1113,1114,1115,-1,1115,1114,1116,-1,1115,1116,1117,-1,1117,1116,1118,-1,1117,1118,1119,-1,1119,1118,1120,-1,1119,1120,1095,-1,1095,1120,1121,-1,1095,1121,1096,-1,82,81,1122,-1,81,1123,1122,-1,1122,1123,1124,-1,1122,1124,1125,-1,1125,1124,1126,-1,1125,1126,109,-1,109,1126,1127,-1,109,1127,110,-1,80,82,1128,-1,1128,82,1129,-1,1128,1129,1130,-1,1130,1129,1131,-1,1131,1129,1132,-1,1131,1132,1133,-1,79,78,1132,-1,1132,78,1134,-1,1132,1134,1133,-1,77,79,1135,-1,1135,79,1136,-1,1135,1136,1137,-1,76,75,1136,-1,1136,75,1138,-1,1136,1138,1137,-1,74,76,1139,-1,1139,76,1140,-1,1139,1140,1141,-1,1141,1140,1142,-1,1142,1140,1143,-1,1142,1143,1144,-1,73,72,1143,-1,1143,72,1145,-1,1143,1145,1144,-1,71,73,1146,-1,1146,73,1147,-1,1146,1147,1148,-1,1148,1147,1149,-1,1149,1147,1150,-1,1149,1150,1151,-1,70,69,1150,-1,1150,69,1152,-1,1150,1152,1151,-1,68,70,1153,-1,1153,70,1154,-1,1153,1154,1155,-1,1155,1154,1156,-1,1156,1154,1157,-1,1156,1157,1158,-1,1159,1160,1157,-1,1157,1160,1161,-1,1157,1161,1158,-1,1162,1163,1159,-1,1159,1163,1164,-1,1159,1164,1160,-1,1165,1166,1162,-1,1162,1166,1167,-1,1162,1167,1163,-1,
        ]
    }
}
Shape{
    appearance Appearance {
        material  Material 	{
            diffuseColor 0.0 0.7529411764705882 0.7529411764705882
            specularColor 0.0 0.6627450980392157 0.6627450980392157
            ambientIntensity 0.2
            transparency 0
            shininess 0.5
        }
    }
    geometry IndexedFaceSet {
        ccw TRUE
        solid FALSE
        coord DEF co Coordinate {
            point [
                -0.2001 -0.1763 -2.1654, -0.2032 -0.2042 -2.1654, -0.4129 -0.115 -2.1654, -0.4559 -0.4901 -2.1654, -0.1724 -0.4901 -2.1654, -1.4961 -1.8012 -2.1654, -0.1707 -0.1515 -2.1654, -0.1713 -0.1427 -2.1654, -0.1707 -0.0822 -2.1654, -0.1802 -0.1099 -2.1654, -0.2182 -0.1099 -2.1654, -0.2045 -0.1418 -2.1654, -0.4101 -0.1099 -2.1654, -0.4317 -0.2731 -2.1654, -0.4248 -0.345 -2.1654, -0.4463 -0.2503 -2.1654, -0.4557 -0.2228 -2.1654, -2.2747 -2.6338 -2.1654, -2.2835 -2.2933 -2.1654, -2.2441 -2.6378 -2.1654, -1.4961 -2.2933 -2.1654, -0.1707 -2.6378 -2.1654, -0.4093 -0.2944 -2.1654, -0.3823 -0.3095 -2.1654, -0.4248 -0.4521 -2.1654, -0.2471 -0.3058 -2.1654, -0.2206 -0.2892 -2.1654, -0.1724 -0.4521 -2.1654, -0.196 -0.2636 -2.1654, -0.1805 -0.2367 -2.1654, -0.4412 -0.1099 -2.1654, -2.2835 -0.0822 -2.1654, -0.4536 -0.1401 -2.1654, -0.4592 -0.1801 -2.1654, -0.2109 -0.2254 -2.1654, -0.224 -0.245 -2.1654, -0.2429 -0.2621 -2.1654, -0.3172 -0.2827 -2.1654, -0.3479 -0.2799 -2.1654, -0.3722 -0.2722 -2.1654, -0.4253 -0.2091 -2.1654, -0.4282 -0.1826 -2.1654, -0.4177 -0.2297 -2.1654, -0.4059 -0.2471 -2.1654, -0.3919 -0.2604 -2.1654, -0.4241 -0.145 -2.1654, -2.3031 -2.622 -2.1654, -2.3276 -2.6032 -2.1654, -2.3464 -2.5787 -2.1654, -2.3622 -2.2441 -2.1654, -2.2835 -2.2441 -2.1654, -2.3622 -2.5197 -2.1654, -2.3582 -2.5503 -2.1654, -0.4559 -0.345 -2.1654, -2.2835 -0.4921 -2.1654, -2.2835 -1.8012 -2.1654, -0.1707 -0.1978 -2.1654, -0.1713 -0.2051 -2.1654, -0.4593 -0.1879 -2.1654, -0.2648 -0.2738 -2.1654, -0.2951 -0.2814 -2.1654, -0.3523 -0.318 -2.1654, -0.3195 -0.3208 -2.1654, -0.2792 -0.3167 -2.1654, -0.169 -0.1766 -2.1654, 1.4961 -1.8012 -2.1654, 2.2835 -2.2441 -2.1654, 2.3622 -2.2441 -2.1654, 2.2835 -2.2933 -2.1654, 2.3622 -2.5197 -2.1654, 2.3582 -2.5503 -2.1654, 2.3464 -2.5787 -2.1654, 2.3276 -2.6032 -2.1654, 2.3031 -2.622 -2.1654, 2.2747 -2.6338 -2.1654, 2.2441 -2.6378 -2.1654, 1.4961 -2.2933 -2.1654, 1.4961 2.2933 -2.1654, 1.4961 1.8012 -2.1654, 2.2835 1.8012 -2.1654, -0.1707 2.6378 -2.1654, 2.2441 2.6378 -2.1654, 2.2835 2.2933 -2.1654, 2.2747 2.6338 -2.1654, 2.2835 -1.8012 -2.1654, 2.2835 -0.4921 -2.1654, 2.2835 -0.0822 -2.1654, 2.2835 0.4921 -2.1654, 2.3031 2.622 -2.1654, 2.3276 2.6032 -2.1654, 2.3464 2.5787 -2.1654, 2.3622 2.2441 -2.1654, 2.2835 2.2441 -2.1654, 2.3622 2.5197 -2.1654, 2.3582 2.5503 -2.1654, -0.3485 0.377 -2.1654, -0.3782 0.3668 -2.1654, -0.4559 0.4017 -2.1654, -1.4961 1.8012 -2.1654, -0.3764 0.4703 -2.1654, -2.2835 1.8012 -2.1654, -0.4559 0.4432 -2.1654, -2.2835 0.4921 -2.1654, -0.4559 -0.0546 -2.1654, -0.4559 0.0975 -2.1654, -0.4035 0.3506 -2.1654, -0.4259 0.3272 -2.1654, -0.4431 0.2976 -2.1654, -0.1724 -0.0546 -2.1654, -0.1724 0.0906 -2.1654, -0.4559 0.1528 -2.1654, -0.4559 0.2299 -2.1654, -0.4528 0.265 -2.1654, -0.2035 -0.0166 -2.1654, -0.2969 -0.0166 -2.1654, -0.2035 0.0906 -2.1654, -0.2969 0.0837 -2.1654, -0.328 0.0837 -2.1654, -0.1724 0.1528 -2.1654, -0.4248 0.0975 -2.1654, -0.4248 -0.0166 -2.1654, -0.328 -0.0166 -2.1654, -0.1768 0.2738 -2.1654, -0.1884 0.3069 -2.1654, -0.1724 0.5089 -2.1654, -0.3764 0.5874 -2.1654, -0.4559 0.6161 -2.1654, -0.4559 0.6575 -2.1654, -1.4961 2.2933 -2.1654, -0.1724 0.5469 -2.1654, -0.2091 0.3378 -2.1654, -0.2094 0.3381 -2.1654, -0.2316 0.3581 -2.1654, -0.256 0.3713 -2.1654, -0.2839 0.3789 -2.1654, -0.3106 0.381 -2.1654, -0.1724 0.2328 -2.1654, -2.2835 2.2441 -2.1654, -2.3622 2.2441 -2.1654, -2.2835 2.2933 -2.1654, -2.3622 2.5197 -2.1654, -2.3582 2.5503 -2.1654, -2.3464 2.5787 -2.1654, -2.3276 2.6032 -2.1654, -2.3031 2.622 -2.1654, -2.2747 2.6338 -2.1654, -2.2441 2.6378 -2.1654, -2.2441 2.6378 -2.1654
            ]
        }
        coordIndex [
            0,1,2,-1,3,4,5,-1,6,7,8,-1,8,7,9,-1,8,9,10,-1,0,2,11,-1,11,2,12,-1,11,12,10,-1,13,14,15,-1,15,14,16,-1,17,18,19,-1,19,18,20,-1,19,20,21,-1,13,22,14,-1,14,22,23,-1,14,23,24,-1,25,26,27,-1,27,26,28,-1,27,28,29,-1,10,12,8,-1,8,12,30,-1,8,30,31,-1,31,30,32,-1,31,32,33,-1,1,34,2,-1,2,34,35,-1,2,35,36,-1,37,38,2,-1,2,38,39,-1,40,41,42,-1,42,41,43,-1,39,44,2,-1,2,44,43,-1,2,43,45,-1,45,43,41,-1,17,46,18,-1,18,46,47,-1,18,47,48,-1,49,50,51,-1,51,50,18,-1,51,18,52,-1,52,18,48,-1,31,53,54,-1,54,53,3,-1,54,3,55,-1,55,3,5,-1,20,5,21,-1,21,5,4,-1,21,4,56,-1,56,4,27,-1,56,27,57,-1,57,27,29,-1,14,53,16,-1,16,53,31,-1,16,31,58,-1,58,31,33,-1,36,59,2,-1,2,59,60,-1,2,60,37,-1,23,61,24,-1,24,61,62,-1,24,62,27,-1,27,62,63,-1,27,63,25,-1,64,6,65,-1,66,67,68,-1,68,67,69,-1,68,69,70,-1,70,71,68,-1,68,71,72,-1,68,72,73,-1,73,74,68,-1,68,74,75,-1,68,75,76,-1,76,75,21,-1,76,21,65,-1,65,21,56,-1,65,56,64,-1,77,78,8,-1,8,78,79,-1,8,80,77,-1,77,80,81,-1,77,81,82,-1,82,81,83,-1,84,65,85,-1,85,65,6,-1,85,6,86,-1,86,6,8,-1,86,8,87,-1,87,8,79,-1,83,88,82,-1,82,88,89,-1,82,89,90,-1,91,92,93,-1,93,92,82,-1,93,82,94,-1,94,82,90,-1,95,96,97,-1,98,99,100,-1,100,99,101,-1,100,101,97,-1,31,102,103,-1,103,102,104,-1,96,105,97,-1,97,105,106,-1,97,106,107,-1,31,103,8,-1,8,103,108,-1,8,108,109,-1,110,100,111,-1,111,100,97,-1,111,97,112,-1,112,97,107,-1,113,114,115,-1,115,114,116,-1,117,110,116,-1,116,110,118,-1,116,118,115,-1,102,100,104,-1,104,100,110,-1,104,110,119,-1,119,110,117,-1,119,117,120,-1,120,117,121,-1,122,123,124,-1,125,99,126,-1,126,99,98,-1,126,98,127,-1,127,98,128,-1,127,128,129,-1,123,130,124,-1,124,130,131,-1,124,131,132,-1,132,133,124,-1,124,133,134,-1,124,134,97,-1,97,134,135,-1,97,135,95,-1,136,8,118,-1,118,8,109,-1,118,109,115,-1,137,138,139,-1,139,138,140,-1,139,140,141,-1,141,142,139,-1,139,142,143,-1,139,143,144,-1,144,145,139,-1,139,145,146,-1,139,146,128,-1,128,146,80,-1,128,80,129,-1,129,80,8,-1,129,8,124,-1,124,8,136,-1,124,136,122,-1,
        ]
    }
}
Shape{
    appearance Appearance {
        material  Material 	{
            diffuseColor 0.7803921568627451 0.7803921568627451 0.7803921568627451
            specularColor 0.38823529411764707 0.38823529411764707 0.38823529411764707
            ambientIntensity 0.2
            transparency 0
            shininess 0.5
        }
    }
    geometry IndexedFaceSet {
        ccw TRUE
        solid FALSE
        coord DEF co Coordinate {
            point [
                2.3622 -1.8543 -1.378, 2.2835 -1.8543 -1.378, 2.3622 -0.4921 -1.378, 2.2835 -0.4921 -1.378, 2.2835 -0.4921 -1.378
            ]
        }
        coordIndex [
            0,1,2,-1,2,1,3,-1,
        ]
    }
}
Shape{
    appearance Appearance {
        material  Material 	{
            diffuseColor 0.0 0.7529411764705882 0.7529411764705882
            specularColor 0.0 0.6627450980392157 0.6627450980392157
            ambientIntensity 0.2
            transparency 0
            shininess 0.5
        }
    }
    geometry IndexedFaceSet {
        ccw TRUE
        solid FALSE
        coord DEF co Coordinate {
            point [
                2.2835 -1.8012 -2.1654, 2.2835 -0.4921 -2.1654, 2.2835 -1.8012 -2.0866, 2.2835 -0.4921 -1.378, 2.2835 -1.8543 -2.0866, 2.2835 -1.8543 -1.378, -2.2835 -2.2441 -2.0866, -2.2835 -2.2402 -2.0866, -1.5748 -2.2402 -2.0866, -2.2835 -2.2933 -2.0866, -2.2835 -1.8543 -2.0866, -2.2835 -1.8012 -2.0866, -1.5748 -1.8543 -2.0866, -1.4961 -1.8012 -2.0866, -1.4961 -2.2933 -2.0866, 2.2835 -2.2441 -2.0866, 2.2835 -2.2933 -2.0866, 1.4961 -2.2933 -2.0866, 2.2835 -2.2402 -2.0866, 1.5748 -2.2402 -2.0866, 1.5748 -1.8543 -2.0866, 1.4961 -1.8012 -2.0866, -2.2835 2.2441 -2.0866, -2.2835 2.2933 -2.0866, -1.4961 2.2933 -2.0866, -2.2835 2.2402 -2.0866, -1.5748 2.2402 -2.0866, -1.5748 1.8543 -2.0866, -1.4961 1.8012 -2.0866, -2.2835 1.8543 -2.0866, -2.2835 1.8012 -2.0866, -2.2835 1.8012 -2.0866
            ]
        }
        coordIndex [
            0,1,2,-1,2,1,3,-1,2,3,4,-1,4,3,5,-1,6,7,8,-1,6,8,9,-1,10,11,12,-1,12,11,13,-1,12,13,8,-1,8,13,14,-1,8,14,9,-1,15,16,17,-1,18,15,19,-1,19,15,17,-1,19,17,20,-1,20,17,21,-1,20,21,4,-1,4,21,2,-1,22,23,24,-1,25,22,26,-1,26,22,24,-1,26,24,27,-1,27,24,28,-1,27,28,29,-1,29,28,30,-1,
        ]
    }
}
Shape{
    appearance Appearance {
        material  Material 	{
            diffuseColor 0.7803921568627451 0.7803921568627451 0.7803921568627451
            specularColor 0.38823529411764707 0.38823529411764707 0.38823529411764707
            ambientIntensity 0.2
            transparency 0
            shininess 0.5
        }
    }
    geometry IndexedFaceSet {
        ccw TRUE
        solid FALSE
        coord DEF co Coordinate {
            point [
                2.2835 -2.2402 0.3937, 2.2835 2.2402 0.3937, 2.2835 -2.2402 -0.5906, 2.2835 2.2402 -0.5906, 2.3622 2.2402 0.3937, 2.3622 -2.2402 0.3937, 2.3622 2.2402 -2.1654, 1.5748 2.2402 -2.1654, 1.5748 2.2402 -2.0866, 2.2835 2.2402 -2.0866, 1.5748 1.8543 -2.1654, 2.3622 1.8543 -2.1654, 1.5748 1.8543 -2.0866, 2.2835 1.8543 -2.0866, 2.2835 1.8543 -1.378, 2.3622 1.8543 -1.378, 2.2835 0.4921 -1.378, 2.3622 0.4921 -1.378, 2.2835 -1.8543 -1.378, 2.3622 -1.8543 -1.378, 2.2835 -1.8543 -2.0866, 2.3622 -1.8543 -2.1654, 1.5748 -1.8543 -2.0866, 1.5748 -1.8543 -2.1654, 1.5748 -2.2402 -2.1654, 2.3622 -2.2402 -2.1654, 1.5748 -2.2402 -2.0866, 2.2835 -2.2402 -2.0866, 2.3622 -0.4921 -1.378, 2.3622 0.4921 -3.0101, 2.3622 -0.4921 -3.0101, 2.3622 -0.4921 -3.0101
            ]
        }
        coordIndex [
            0,1,2,-1,2,1,3,-1,1,0,4,-1,4,0,5,-1,6,7,8,-1,8,9,6,-1,6,9,3,-1,6,3,4,-1,4,3,1,-1,10,7,11,-1,11,7,6,-1,12,10,13,-1,13,10,11,-1,13,11,14,-1,14,11,15,-1,16,14,17,-1,17,14,15,-1,18,19,20,-1,20,19,21,-1,20,21,22,-1,22,21,23,-1,24,23,25,-1,25,23,21,-1,26,24,27,-1,27,24,25,-1,27,25,2,-1,2,25,5,-1,2,5,0,-1,25,21,19,-1,28,4,19,-1,19,4,5,-1,19,5,25,-1,11,6,15,-1,15,6,4,-1,15,4,17,-1,17,4,28,-1,17,28,29,-1,29,28,30,-1,7,10,8,-1,8,10,12,-1,
        ]
    }
}
Shape{
    appearance Appearance {
        material  Material 	{
            diffuseColor 0.0 0.7529411764705882 0.7529411764705882
            specularColor 0.0 0.6627450980392157 0.6627450980392157
            ambientIntensity 0.2
            transparency 0
            shininess 0.5
        }
    }
    geometry IndexedFaceSet {
        ccw TRUE
        solid FALSE
        coord DEF co Coordinate {
            point [
                2.2835 2.2441 -2.0866, 2.2835 2.2402 -2.0866, 1.5748 2.2402 -2.0866, 2.2835 2.2933 -2.0866, 2.2835 1.8543 -2.0866, 2.2835 1.8012 -2.0866, 1.5748 1.8543 -2.0866, 1.4961 1.8012 -2.0866, 1.4961 2.2933 -2.0866, 2.2835 2.2441 -0.5906, 2.2835 2.2402 -0.5906, 2.2835 1.8543 -1.378, 2.2835 0.4921 -1.378, 2.2835 1.8012 -2.1654, 2.2835 0.4921 -2.1654, 2.2835 -2.2441 -0.5906, 2.2835 -2.2441 -2.0866, 2.2835 -2.2402 -0.5906, 2.2835 -2.2402 -2.0866, -2.2835 -2.2402 -2.0866, -2.2835 -2.2441 -2.0866, -2.2835 -2.2441 -0.5906, -2.2835 2.2441 -2.0866, -2.2835 2.2402 -2.0866, -2.2835 0.4921 -1.378, -2.2835 -0.4921 -1.378, -2.2835 2.2441 -0.5906, -2.2835 1.8012 -2.1654, -2.2835 0.4921 -2.1654, -2.2835 1.8012 -2.0866, -2.2835 1.8543 -2.0866, -2.2835 1.8543 -2.1654, -2.2835 2.2402 -2.1654, -2.2835 -1.8543 -2.0866, -2.2835 -1.8543 -2.1654, -2.2835 -2.2402 -2.1654, -2.2835 -1.8012 -2.0866, -2.2835 -1.8012 -2.1654, -2.2835 -0.4921 -2.1654, 2.3622 -2.5197 -2.1654, 2.3622 -2.2441 -2.1654, 2.3622 -2.5197 -0.5906, 2.3622 -2.2441 -0.5906, -2.3622 -2.5197 -0.5906, -2.3622 -2.2441 -0.5906, -2.3622 -2.5197 -2.1654, -2.3622 -2.2441 -2.1654, -2.3622 -2.2441 -2.1654
            ]
        }
        coordIndex [
            0,1,2,-1,0,2,3,-1,4,5,6,-1,6,5,7,-1,6,7,2,-1,2,7,8,-1,2,8,3,-1,0,9,1,-1,1,9,10,-1,4,11,5,-1,5,11,12,-1,5,12,13,-1,13,12,14,-1,15,16,17,-1,17,16,18,-1,19,20,21,-1,22,23,24,-1,25,21,24,-1,24,21,26,-1,24,26,22,-1,27,28,29,-1,29,28,24,-1,29,24,30,-1,30,24,23,-1,30,23,31,-1,31,23,32,-1,33,34,35,-1,35,19,33,-1,33,19,21,-1,33,21,36,-1,36,21,25,-1,36,25,37,-1,37,25,38,-1,39,40,41,-1,41,40,42,-1,43,44,45,-1,45,44,46,-1,
        ]
    }
}
Shape{
    appearance Appearance {
        material  Material 	{
            diffuseColor 0.7803921568627451 0.7803921568627451 0.7803921568627451
            specularColor 0.38823529411764707 0.38823529411764707 0.38823529411764707
            ambientIntensity 0.2
            transparency 0
            shininess 0.5
        }
    }
    geometry IndexedFaceSet {
        ccw TRUE
        solid FALSE
        coord DEF co Coordinate {
            point [
                -1.0229 -0.5906 3.5433, -1.0229 -0.5906 6.1024, -1.064 -0.5124 6.1024, -0.7646 -0.9002 1.9685, -0.7364 -0.9234 3.5433, -0.9234 -0.7364 3.5433, -0.7345 -0.9206 1.9685, -0.5532 -1.0435 1.9685, -0.5125 -1.0641 3.5433, -0.511 -1.0604 1.9685, -0.316 -1.1381 1.9685, -0.2628 -1.1515 3.5433, -0.2621 -1.1469 1.9685, -0.0639 -1.1794 1.9685, 0.0 -1.1811 3.5433, -0.0003 -1.1759 1.9685, 0.1911 -1.1655 1.9685, 0.2628 -1.1515 3.5433, 0.2613 -1.146 1.9685, 0.4372 -1.0972 1.9685, 0.5125 -1.0641 3.5433, 0.5096 -1.0588 1.9685, 0.6628 -0.9776 1.9685, 0.7364 -0.9234 3.5433, 0.7323 -0.9186 1.9685, 0.8575 -0.8122 1.9685, 0.9234 -0.7364 3.5433, 1.058 -0.5096 1.9685, 1.0229 -0.5906 3.5433, 1.012 -0.6089 1.9685, 0.9182 -0.7324 1.9685, 1.0229 -0.5906 6.1024, 1.064 -0.5124 6.1024, 1.0656 -0.5095 6.1024, 1.1193 -0.3771 1.9685, 1.1512 -0.2627 6.1024, 1.1448 -0.2613 1.9685, 1.1521 -0.2599 6.1024, 1.1742 -0.1277 1.9685, 1.1808 0.0 6.1024, 1.1811 0.0 1.9685, 1.1811 0.0026 6.1024, 1.1742 0.1277 1.9685, 1.1512 0.2628 6.1024, 1.1448 0.2613 1.9685, 1.151 0.265 6.1024, 1.1193 0.3771 1.9685, 1.0639 0.5124 6.1024, 1.058 0.5096 1.9685, 1.0633 0.5141 6.1024, 1.012 0.6089 1.9685, 0.9233 0.7363 6.1024, 0.9182 0.7324 1.9685, 0.9225 0.7376 6.1024, 0.8575 0.8122 1.9685, 0.7363 0.9233 6.1024, 0.7323 0.9186 1.9685, 0.7355 0.9241 6.1024, 0.6628 0.9776 1.9685, 0.5124 1.0641 6.1024, 0.5096 1.0588 1.9685, 0.5118 1.0645 6.1024, 0.4372 1.0972 1.9685, 0.2628 1.1515 6.1024, 0.2613 1.146 1.9685, 0.2625 1.1516 6.1024, 0.1911 1.1655 1.9685, -0.0 1.1811 6.1024, -0.0003 1.1759 1.9685, -0.2625 1.1516 6.1024, -0.0639 1.1794 1.9685, -0.2628 1.1515 6.1024, -0.2621 1.1469 1.9685, -0.5118 1.0645 6.1024, -0.316 1.1381 1.9685, -0.5124 1.0641 6.1024, -0.511 1.0604 1.9685, -0.7355 0.9241 6.1024, -0.5532 1.0435 1.9685, -0.7363 0.9233 6.1024, -0.7345 0.9206 1.9685, -0.9225 0.7376 6.1024, -0.7646 0.9002 1.9685, -0.9233 0.7363 6.1024, -0.9215 0.7346 1.9685, -1.0633 0.5141 6.1024, -0.9403 0.7148 1.9685, -1.0639 0.5124 6.1024, -1.0626 0.5115 1.9685, -1.151 0.265 6.1024, -1.1512 0.2628 6.1024, -1.0719 0.4959 1.9685, -1.1506 0.2625 1.9685, -1.1811 0.0026 6.1024, -1.1808 0.0 6.1024, -1.1535 0.2539 1.9685, -1.1811 0.0 1.9685, -1.1521 -0.2599 6.1024, -1.1535 -0.2539 1.9685, -1.1512 -0.2627 6.1024, -1.1506 -0.2625 1.9685, -1.0656 -0.5095 6.1024, -1.0719 -0.4959 1.9685, -1.0626 -0.5115 1.9685, -0.9403 -0.7148 1.9685, -0.9215 -0.7346 1.9685, -0.9601 -0.2166 6.2992, -0.888 -0.4246 6.2992, 0.8861 0.4284 6.2992, -0.7874 -0.5906 6.2992, 0.7874 -0.5906 6.2992, 0.888 -0.4246 6.2992, 0.9601 -0.2166 6.2992, -0.4265 0.887 6.2992, -0.6129 0.7701 6.2992, -0.7688 0.6146 6.2992, -0.8861 0.4284 6.2992, -0.9592 0.2208 6.2992, -0.9842 0.0022 6.2992, 0.9842 0.0022 6.2992, 0.9592 0.2208 6.2992, -0.2187 0.9596 6.2992, 0.7688 0.6146 6.2992, 0.6129 0.7701 6.2992, 0.4265 0.887 6.2992, 0.2187 0.9596 6.2992, -0.0 0.9843 6.2992, -0.0 0.9843 6.2992
            ]
        }
        coordIndex [
            0,1,2,-1,3,4,5,-1,3,6,4,-1,4,6,7,-1,4,7,8,-1,7,9,8,-1,8,9,10,-1,8,10,11,-1,10,12,11,-1,11,12,13,-1,11,13,14,-1,13,15,14,-1,14,15,16,-1,14,16,17,-1,16,18,17,-1,17,18,19,-1,17,19,20,-1,19,21,20,-1,20,21,22,-1,20,22,23,-1,22,24,23,-1,23,24,25,-1,23,25,26,-1,27,28,29,-1,29,28,26,-1,29,26,30,-1,30,26,25,-1,31,28,32,-1,32,28,27,-1,32,27,33,-1,33,27,34,-1,33,34,35,-1,35,34,36,-1,35,36,37,-1,37,36,38,-1,37,38,39,-1,39,38,40,-1,39,40,41,-1,41,40,42,-1,41,42,43,-1,43,42,44,-1,43,44,45,-1,45,44,46,-1,45,46,47,-1,47,46,48,-1,47,48,49,-1,49,48,50,-1,49,50,51,-1,51,50,52,-1,51,52,53,-1,53,52,54,-1,53,54,55,-1,55,54,56,-1,55,56,57,-1,57,56,58,-1,57,58,59,-1,59,58,60,-1,59,60,61,-1,61,60,62,-1,61,62,63,-1,63,62,64,-1,63,64,65,-1,65,64,66,-1,65,66,67,-1,67,66,68,-1,67,68,69,-1,69,68,70,-1,69,70,71,-1,71,70,72,-1,71,72,73,-1,73,72,74,-1,73,74,75,-1,75,74,76,-1,75,76,77,-1,77,76,78,-1,77,78,79,-1,79,78,80,-1,79,80,81,-1,81,80,82,-1,81,82,83,-1,83,82,84,-1,83,84,85,-1,85,84,86,-1,85,86,87,-1,87,86,88,-1,87,88,89,-1,89,88,90,-1,88,91,90,-1,90,91,92,-1,90,92,93,-1,93,92,94,-1,92,95,94,-1,94,95,96,-1,94,96,97,-1,97,96,98,-1,97,98,99,-1,99,98,100,-1,99,100,101,-1,101,100,102,-1,101,102,2,-1,2,102,103,-1,2,103,0,-1,0,103,104,-1,0,104,5,-1,5,104,105,-1,5,105,3,-1,106,107,108,-1,109,110,107,-1,107,110,111,-1,107,111,112,-1,113,114,108,-1,108,114,115,-1,108,115,116,-1,116,117,108,-1,108,117,118,-1,108,118,106,-1,112,119,107,-1,107,119,120,-1,107,120,108,-1,113,108,121,-1,121,108,122,-1,121,122,123,-1,123,124,121,-1,121,124,125,-1,121,125,126,-1,1,0,109,-1,109,0,28,-1,109,28,110,-1,110,28,31,-1,28,0,26,-1,26,0,5,-1,26,5,4,-1,20,11,17,-1,17,11,14,-1,4,8,26,-1,26,8,11,-1,26,11,23,-1,23,11,20,-1,1,109,2,-1,2,109,107,-1,31,32,110,-1,110,32,111,-1,32,33,111,-1,111,33,35,-1,111,35,112,-1,35,37,112,-1,112,37,39,-1,112,39,119,-1,39,41,119,-1,119,41,43,-1,119,43,120,-1,43,45,120,-1,120,45,47,-1,120,47,108,-1,47,49,108,-1,108,49,51,-1,108,51,122,-1,51,53,122,-1,122,53,55,-1,122,55,123,-1,55,57,123,-1,123,57,59,-1,123,59,124,-1,59,61,124,-1,124,61,63,-1,124,63,125,-1,63,65,125,-1,125,65,67,-1,125,67,126,-1,126,67,69,-1,126,69,121,-1,121,69,113,-1,69,71,113,-1,113,71,73,-1,113,73,114,-1,73,75,114,-1,114,75,77,-1,114,77,115,-1,115,77,79,-1,79,81,115,-1,115,81,83,-1,115,83,116,-1,83,85,116,-1,116,85,87,-1,116,87,117,-1,87,89,117,-1,117,89,90,-1,117,90,118,-1,90,93,118,-1,118,93,94,-1,118,94,106,-1,94,97,106,-1,106,97,99,-1,106,99,107,-1,107,99,101,-1,107,101,2,-1,
        ]
    }
}
Shape{
    appearance Appearance {
        material  Material 	{
            diffuseColor 0.792156862745098 0.8196078431372549 0.9333333333333333
            specularColor 0.396078431372549 0.4117647058823529 0.4666666666666667
            ambientIntensity 0.2
            transparency 0
            shininess 0.5
        }
    }
    geometry IndexedFaceSet {
        ccw TRUE
        solid FALSE
        coord DEF co Coordinate {
            point [
                2.3622 -2.5197 -0.5906, 2.3622 -2.2441 -0.5906, 2.2835 -2.2441 -0.5906, 2.2835 2.2441 -0.5906, 2.3622 2.2441 -0.5906, 2.3622 2.5197 -0.5906, 2.2441 -2.6378 -0.5906, 2.2747 -2.6338 -0.5906, 2.3031 -2.622 -0.5906, -2.2835 -2.2441 -0.5906, -2.3622 -2.2441 -0.5906, -2.2441 -2.6378 -0.5906, -2.3622 -2.5197 -0.5906, 2.3276 -2.6032 -0.5906, 2.3464 -2.5787 -0.5906, 2.3582 -2.5503 -0.5906, -2.3464 -2.5787 -0.5906, -2.3276 -2.6032 -0.5906, -2.3031 -2.622 -0.5906, -2.3622 2.2441 -0.5906, -2.2835 2.2441 -0.5906, -2.3622 2.5197 -0.5906, -2.2441 2.6378 -0.5906, -2.3582 -2.5503 -0.5906, -2.2747 -2.6338 -0.5906, -2.3031 2.622 -0.5906, -2.3276 2.6032 -0.5906, -2.3464 2.5787 -0.5906, -2.2747 2.6338 -0.5906, -2.3582 2.5503 -0.5906, 0.207 1.2627 -0.5906, 2.2441 2.6378 -0.5906, -0.0693 1.2777 -0.5906, -0.3423 1.2329 -0.5906, -0.5993 1.1305 -0.5906, 2.2835 2.2402 -0.5906, 1.2795 0.0 -0.5906, 2.2835 -2.2402 -0.5906, 1.272 -0.1383 -0.5906, 1.2125 -0.4086 -0.5906, 1.0964 0.6597 -0.5906, 1.2125 0.4086 -0.5906, 1.0964 -0.6597 -0.5906, 0.9289 -0.8799 -0.5906, 0.7181 -1.0591 -0.5906, 0.4736 -1.1887 -0.5906, 0.207 -1.2627 -0.5906, -0.0693 -1.2777 -0.5906, -0.3423 -1.2329 -0.5906, 1.272 0.1383 -0.5906, -1.1613 -0.5373 -0.5906, -1.2496 -0.2751 -0.5906, -1.2795 0.0 -0.5906, -1.2496 0.2751 -0.5906, 2.3582 2.5503 -0.5906, 0.7181 1.0591 -0.5906, 0.9289 0.8799 -0.5906, 2.3464 2.5787 -0.5906, 2.3276 2.6032 -0.5906, 2.3031 2.622 -0.5906, 0.4736 1.1887 -0.5906, 2.2747 2.6338 -0.5906, -1.1613 0.5373 -0.5906, -1.0186 0.7743 -0.5906, -0.8283 0.9752 -0.5906, -0.5993 -1.1305 -0.5906, -0.8283 -0.9752 -0.5906, -1.0186 -0.7743 -0.5906, -1.0186 -0.7743 -0.5906
            ]
        }
        coordIndex [
            0,1,2,-1,3,4,5,-1,2,6,0,-1,0,6,7,-1,0,7,8,-1,9,10,11,-1,11,10,12,-1,8,13,0,-1,0,13,14,-1,0,14,15,-1,16,17,18,-1,19,20,21,-1,21,20,22,-1,12,23,11,-1,11,23,16,-1,11,16,24,-1,24,16,18,-1,25,26,27,-1,22,28,21,-1,21,28,25,-1,21,25,29,-1,29,25,27,-1,30,31,32,-1,32,31,22,-1,32,22,33,-1,33,22,34,-1,35,36,37,-1,37,36,38,-1,37,38,39,-1,5,40,41,-1,39,42,37,-1,37,42,43,-1,37,43,2,-1,2,43,44,-1,2,44,6,-1,44,45,6,-1,6,45,46,-1,6,46,11,-1,11,46,47,-1,11,47,48,-1,35,3,36,-1,36,3,5,-1,36,5,49,-1,49,5,41,-1,50,51,9,-1,9,51,52,-1,9,52,20,-1,20,52,53,-1,54,55,5,-1,5,55,56,-1,5,56,40,-1,54,57,55,-1,55,57,58,-1,55,58,59,-1,30,60,31,-1,31,60,55,-1,31,55,61,-1,61,55,59,-1,53,62,20,-1,20,62,63,-1,20,63,22,-1,22,63,64,-1,22,64,34,-1,48,65,11,-1,11,65,66,-1,11,66,9,-1,9,66,67,-1,9,67,50,-1,
        ]
    }
}
Shape{
    appearance Appearance {
        material  Material 	{
            diffuseColor 0.0 0.7529411764705882 0.7529411764705882
            specularColor 0.0 0.6627450980392157 0.6627450980392157
            ambientIntensity 0.2
            transparency 0
            shininess 0.5
        }
    }
    geometry IndexedFaceSet {
        ccw TRUE
        solid FALSE
        coord DEF co Coordinate {
            point [
                -0.689 2.6378 -1.4567, -0.1707 2.6378 -2.1654, -1.2795 2.6378 -1.4567, -2.2441 2.6378 -2.1654, -1.2795 2.6378 -1.378, -2.2441 2.6378 -0.5906, -0.689 2.6378 -1.378, 2.2441 2.6378 -0.5906, 0.689 2.6378 -1.378, 1.2795 2.6378 -1.378, 1.2795 2.6378 -1.4567, 2.2441 2.6378 -2.1654, 0.689 2.6378 -1.4567, -2.3622 2.5197 -2.1654, -2.3622 2.2441 -2.1654, -2.3622 2.5197 -0.5906, -2.3622 2.2441 -0.5906, 0.689 -2.6378 -1.4567, 0.2953 -2.6378 -1.378, 0.2953 -2.6378 -1.4567, 1.2795 -2.6378 -1.4567, 2.2441 -2.6378 -2.1654, 1.2795 -2.6378 -1.378, 2.2441 -2.6378 -0.5906, 0.689 -2.6378 -1.378, -2.2441 -2.6378 -0.5906, -0.1707 -2.6378 -2.1654, -0.2953 -2.6378 -1.378, -0.689 -2.6378 -1.378, -0.2953 -2.6378 -1.4567, -0.689 -2.6378 -1.4567, -2.2441 -2.6378 -2.1654, -1.2795 -2.6378 -1.4567, -1.2795 -2.6378 -1.378, 2.3622 2.5197 -0.5906, 2.3622 2.2441 -0.5906, 2.3622 2.5197 -2.1654, 2.3622 2.2441 -2.1654, -2.3622 -2.2441 -0.5906, -2.2835 -2.2441 -0.5906, -2.3622 -2.2441 -2.1654, -2.2835 -2.2441 -2.0866, -2.2835 -2.2441 -2.1654, -2.2835 2.2441 -0.5906, -2.2835 2.2441 -2.0866, -2.2835 2.2441 -2.1654, 2.2835 -2.2441 -0.5906, 2.3622 -2.2441 -0.5906, 2.2835 -2.2441 -2.0866, 2.3622 -2.2441 -2.1654, 2.2835 -2.2441 -2.1654, 2.2835 2.2441 -0.5906, 2.2835 2.2441 -2.0866, 2.2835 2.2441 -2.1654, 2.2835 2.2933 -2.1654, 2.2835 2.2933 -2.0866, 1.4961 2.2933 -2.0866, 1.4961 2.2933 -2.1654, 1.4961 1.8012 -2.0866, 1.4961 1.8012 -2.1654, 2.2835 1.8012 -2.0866, 2.2835 1.8012 -2.1654, 2.2835 -2.2933 -2.1654, 2.2835 -2.2933 -2.0866, 2.2835 -1.8012 -2.0866, 1.4961 -1.8012 -2.0866, 2.2835 -1.8012 -2.1654, 1.4961 -1.8012 -2.1654, 1.4961 -2.2933 -2.0866, 1.4961 -2.2933 -2.1654, -2.2835 2.2933 -2.1654, -2.2835 2.2933 -2.0866, -2.2835 1.8012 -2.0866, -1.4961 1.8012 -2.0866, -2.2835 1.8012 -2.1654, -1.4961 1.8012 -2.1654, -1.4961 2.2933 -2.0866, -1.4961 2.2933 -2.1654, -2.2835 -2.2933 -2.1654, -2.2835 -2.2933 -2.0866, -1.4961 -2.2933 -2.0866, -1.4961 -2.2933 -2.1654, -1.4961 -1.8012 -2.0866, -1.4961 -1.8012 -2.1654, -2.2835 -1.8012 -2.0866, -2.2835 -1.8012 -2.1654, -2.2835 -1.8012 -2.1654
            ]
        }
        coordIndex [
            0,1,2,-1,2,1,3,-1,2,3,4,-1,4,3,5,-1,4,5,6,-1,6,5,7,-1,6,7,8,-1,8,7,9,-1,9,7,10,-1,10,7,11,-1,10,11,12,-1,12,11,1,-1,12,1,8,-1,8,1,0,-1,8,0,6,-1,13,14,15,-1,15,14,16,-1,17,18,19,-1,20,21,22,-1,22,21,23,-1,22,23,24,-1,24,23,25,-1,20,17,21,-1,21,17,19,-1,21,19,26,-1,17,24,18,-1,18,24,25,-1,18,25,27,-1,27,25,28,-1,27,28,29,-1,29,28,30,-1,19,29,26,-1,26,29,30,-1,26,30,31,-1,31,30,32,-1,31,32,25,-1,25,32,33,-1,25,33,28,-1,34,35,36,-1,36,35,37,-1,38,39,40,-1,40,39,41,-1,40,41,42,-1,43,16,44,-1,44,16,14,-1,44,14,45,-1,46,47,48,-1,48,47,49,-1,48,49,50,-1,35,51,37,-1,37,51,52,-1,37,52,53,-1,54,53,55,-1,55,53,52,-1,55,56,54,-1,54,56,57,-1,56,58,57,-1,57,58,59,-1,58,60,59,-1,59,60,61,-1,62,63,50,-1,50,63,48,-1,64,65,66,-1,66,65,67,-1,65,68,67,-1,67,68,69,-1,68,63,69,-1,69,63,62,-1,70,71,45,-1,45,71,44,-1,72,73,74,-1,74,73,75,-1,73,76,75,-1,75,76,77,-1,76,71,77,-1,77,71,70,-1,78,42,79,-1,79,42,41,-1,79,80,78,-1,78,80,81,-1,80,82,81,-1,81,82,83,-1,82,84,83,-1,83,84,85,-1,
        ]
    }
}
Shape{
    appearance Appearance {
        material  Material 	{
            diffuseColor 0.7803921568627451 0.7803921568627451 0.7803921568627451
            specularColor 0.38823529411764707 0.38823529411764707 0.38823529411764707
            ambientIntensity 0.2
            transparency 0
            shininess 0.5
        }
    }
    geometry IndexedFaceSet {
        ccw TRUE
        solid FALSE
        coord DEF co Coordinate {
            point [
                -1.5748 1.8543 -2.1654, -1.5748 2.2402 -2.1654, -1.5748 1.8543 -2.0866, -1.5748 2.2402 -2.0866, -2.2835 1.8543 -2.1654, -2.2835 1.8543 -2.0866, -2.2835 2.2402 -2.1654, -2.2835 2.2402 -2.0866, 1.5748 -1.8543 -2.1654, 1.5748 -2.2402 -2.1654, 1.5748 -1.8543 -2.0866, 1.5748 -2.2402 -2.0866, -1.5748 -2.2402 -2.1654, -1.5748 -1.8543 -2.1654, -1.5748 -2.2402 -2.0866, -1.5748 -1.8543 -2.0866, -2.2835 -2.2402 -2.1654, -2.2835 -2.2402 -2.0866, -2.2835 -1.8543 -2.1654, -2.2835 -1.8543 -2.0866, 2.3622 0.4921 -3.0101, 2.3622 -0.4921 -3.0101, 2.3634 0.4921 -3.0198, 2.3634 -0.4921 -3.0198, 2.367 0.4921 -3.0289, 2.367 -0.4921 -3.0289, 2.3727 0.4921 -3.0368, 2.3727 -0.4921 -3.0368, 2.3802 0.4921 -3.0431, 2.3802 -0.4921 -3.0431, 2.5145 0.4921 -3.1299, 2.5145 -0.4921 -3.1299, 2.5756 0.4905 -3.1695, 2.5756 -0.4905 -3.1695, 2.5972 -0.4888 -3.1873, 2.5972 0.4888 -3.1873, 2.6139 -0.4856 -3.2097, 2.6139 0.4856 -3.2097, 2.6249 -0.4807 -3.2354, 2.6249 0.4807 -3.2354, 2.6285 -0.4752 -3.2573, 2.6285 0.4752 -3.2573, 2.6295 -0.4738 -3.263, 2.6295 0.4738 -3.263, 2.6275 -0.4651 -3.2909, 2.6275 0.4651 -3.2909, 2.619 -0.455 -3.3175, 2.619 0.455 -3.3175, 2.6045 -0.4444 -3.3414, 2.6045 0.4444 -3.3414, 2.5848 -0.4344 -3.3613, 2.5848 0.4344 -3.3613, 2.561 -0.4262 -3.3759, 2.561 0.4262 -3.3759, 2.5608 -0.4262 -3.376, 2.4448 -0.3904 -3.4295, 2.3421 -0.3469 -3.4769, 2.3063 -0.3318 -3.4934, 2.3063 0.3318 -3.4934, 2.3399 0.348 -3.4779, 2.4448 0.3904 -3.4295, 2.5608 0.4262 -3.376, 2.2987 0.3266 -3.498, 2.3023 0.3294 -3.4956, 2.3023 -0.3294 -3.4956, 2.2987 -0.3266 -3.498, 2.2923 -0.3194 -3.5043, 2.2923 0.3194 -3.5043, 2.2875 -0.3104 -3.5118, 2.2875 0.3104 -3.5118, 2.2845 -0.2997 -3.5202, 2.2845 0.2997 -3.5202, 2.2835 -0.2878 -3.5291, 2.2835 0.2878 -3.5291, 2.2835 0.2461 -3.5561, 2.2835 -0.2461 -3.5561, 2.2835 -0.1274 -3.6053, 2.2835 0.0 -3.622, 2.2835 0.1274 -3.6053, 2.2047 -0.2878 -3.5291, 2.2047 0.2878 -3.5291, 2.2047 -0.2461 -3.5561, 2.2047 0.2461 -3.5561, 2.2047 0.1274 -3.6053, 2.2047 0.0 -3.622, 2.2047 -0.1274 -3.6053, 2.2078 -0.3216 -3.5025, 2.2078 0.3216 -3.5025, 2.2164 0.348 -3.4779, 2.2165 -0.348 -3.4779, 2.2168 0.3486 -3.4772, 2.2168 -0.3487 -3.4772, 2.2312 -0.3698 -3.4546, 2.2312 0.3698 -3.4546, 2.2504 -0.3855 -3.4358, 2.2504 0.3855 -3.4358, 2.2734 -0.3962 -3.4219, 2.2734 0.3962 -3.4219, 2.528 -0.4602 -3.3044, 2.528 0.4602 -3.3044, 2.3728 0.4262 -3.376, 2.3728 -0.4262 -3.376, 2.536 -0.462 -3.2995, 2.536 0.462 -3.2995, 2.5425 -0.4644 -3.2929, 2.5425 0.4644 -3.2929, 2.5474 -0.4671 -3.2849, 2.5474 0.4671 -3.2849, 2.5502 -0.4699 -3.2761, 2.5502 0.4699 -3.2761, 2.5508 -0.4727 -3.2668, 2.5508 0.4727 -3.2668, 2.5493 -0.4753 -3.2576, 2.5493 0.4753 -3.2576, 2.5492 -0.4754 -3.2573, 2.5492 0.4754 -3.2573, 2.5456 -0.4775 -3.249, 2.5456 0.4775 -3.249, 2.5401 -0.4793 -3.2415, 2.5401 0.4793 -3.2415, 2.5329 -0.4806 -3.2356, 2.5329 0.4806 -3.2356, 2.3694 0.4921 -3.1299, 2.3694 -0.4921 -3.1299, 2.3375 0.4921 -3.1093, 2.3375 -0.4921 -3.1093, 2.315 -0.4921 -3.0904, 2.315 0.4921 -3.0904, 2.2978 -0.4921 -3.0665, 2.2978 0.4921 -3.0665, 2.2871 -0.4921 -3.0392, 2.2871 0.4921 -3.0392, 2.2835 -0.4921 -3.0101, 2.2835 0.4921 -3.0101, 2.2835 0.4921 -2.1654, 2.2835 -0.0822 -2.1654, 2.2835 -0.4921 -2.1654, 2.2835 0.4921 -1.378, 2.3622 0.4921 -1.378, 2.3622 -0.4921 -1.378, 2.2835 -0.4921 -1.378, -2.2835 0.4921 -1.378, -2.3622 0.4921 -1.378, -2.2835 -0.4921 -1.378, -2.3622 -0.4921 -1.378, -2.2835 -0.4921 -2.1654, -2.2835 -0.4921 -3.0101, -2.2835 -0.0822 -2.1654, -2.2835 0.4921 -3.0101, -2.2835 0.4921 -2.1654, -2.2871 -0.4921 -3.0392, -2.2871 0.4921 -3.0392, -2.2978 -0.4921 -3.0665, -2.2978 0.4921 -3.0665, -2.315 -0.4921 -3.0904, -2.315 0.4921 -3.0904, -2.3375 -0.4921 -3.1093, -2.3375 0.4921 -3.1093, -2.3694 -0.4921 -3.1299, -2.3694 0.4921 -3.1299, -2.5329 -0.4806 -3.2356, -2.5329 0.4806 -3.2356, -2.5401 -0.4793 -3.2415, -2.5401 0.4793 -3.2415, -2.5456 -0.4775 -3.249, -2.5456 0.4775 -3.249, -2.5492 -0.4754 -3.2573, -2.5492 0.4754 -3.2573, -2.5493 -0.4753 -3.2576, -2.5493 0.4753 -3.2576, -2.5508 -0.4727 -3.2668, -2.5508 0.4727 -3.2668, -2.5502 -0.4699 -3.2761, -2.5502 0.4699 -3.2761, -2.5474 -0.4671 -3.2849, -2.5474 0.4671 -3.2849, -2.5425 -0.4644 -3.2929, -2.5425 0.4644 -3.2929, -2.536 -0.462 -3.2995, -2.536 0.462 -3.2995, -2.528 -0.4602 -3.3044, -2.528 0.4602 -3.3044, -2.3728 -0.4262 -3.376, -2.3728 0.4262 -3.376, -2.2734 -0.3962 -3.4219, -2.2734 0.3962 -3.4219, -2.2504 -0.3855 -3.4358, -2.2504 0.3855 -3.4358, -2.2312 -0.3698 -3.4546, -2.2312 0.3698 -3.4546, -2.2168 -0.3486 -3.4772, -2.2168 0.3487 -3.4772, -2.2165 0.348 -3.4779, -2.2164 -0.348 -3.4779, -2.2078 0.3216 -3.5025, -2.2078 -0.3216 -3.5025, -2.2047 -0.2878 -3.5291, -2.2047 0.2878 -3.5291, -2.2047 0.2461 -3.5561, -2.2047 -0.2461 -3.5561, -2.2047 -0.1274 -3.6053, -2.2047 0.0 -3.622, -2.2047 0.1274 -3.6053, -2.2835 -0.2878 -3.5291, -2.2835 0.2878 -3.5291, -2.2835 -0.2461 -3.5561, -2.2835 0.2461 -3.5561, -2.2835 0.1274 -3.6053, -2.2835 0.0 -3.622, -2.2835 -0.1274 -3.6053, -2.2845 -0.2997 -3.5202, -2.2845 0.2997 -3.5202, -2.2875 -0.3104 -3.5118, -2.2875 0.3104 -3.5118, -2.2923 -0.3194 -3.5043, -2.2923 0.3194 -3.5043, -2.2987 -0.3266 -3.498, -2.2987 0.3266 -3.498, -2.3063 -0.3318 -3.4934, -2.3063 0.3318 -3.4934, -2.3023 0.3294 -3.4956, -2.3023 -0.3294 -3.4956, -2.561 -0.4262 -3.3759, -2.561 0.4262 -3.3759, -2.5608 -0.4262 -3.376, -2.5608 0.4262 -3.376, -2.3421 0.3469 -3.4769, -2.3399 -0.348 -3.4779, -2.4448 0.3904 -3.4295, -2.4448 -0.3904 -3.4295, -2.5848 -0.4344 -3.3613, -2.5848 0.4344 -3.3613, -2.6045 -0.4444 -3.3414, -2.6045 0.4444 -3.3414, -2.619 -0.455 -3.3175, -2.619 0.455 -3.3175, -2.6275 -0.4651 -3.2909, -2.6275 0.4651 -3.2909, -2.6295 -0.4738 -3.263, -2.6295 0.4738 -3.263, -2.6285 0.4752 -3.2573, -2.6285 -0.4752 -3.2573, -2.6249 0.4807 -3.2354, -2.6249 -0.4807 -3.2354, -2.6139 -0.4856 -3.2097, -2.6139 0.4856 -3.2097, -2.5972 -0.4888 -3.1873, -2.5972 0.4888 -3.1873, -2.5756 -0.4905 -3.1695, -2.5756 0.4905 -3.1695, -2.3802 -0.4921 -3.0431, -2.3802 0.4921 -3.0431, -2.5145 -0.4921 -3.1299, -2.5145 0.4921 -3.1299, -2.3727 0.4921 -3.0368, -2.3727 -0.4921 -3.0368, -2.367 0.4921 -3.0289, -2.367 -0.4921 -3.0289, -2.3634 0.4921 -3.0198, -2.3634 -0.4921 -3.0198, -2.3622 0.4921 -3.0101, -2.3622 -0.4921 -3.0101, 0.2953 -2.874 -1.378, 0.2953 -2.6378 -1.378, -0.2953 -2.874 -1.378, -0.2953 -2.6378 -1.378, -0.2953 -2.9003 -1.3809, 0.2953 -2.9003 -1.3809, -0.2953 -2.9253 -1.3896, 0.2953 -2.9253 -1.3896, -0.2953 -2.9477 -1.4037, 0.2953 -2.9477 -1.4037, -0.2953 -2.9664 -1.4224, 0.2953 -2.9664 -1.4224, -0.2953 -2.9804 -1.4448, 0.2953 -2.9804 -1.4448, -0.2953 -2.9892 -1.4698, 0.2953 -2.9892 -1.4698, -0.2953 -2.9921 -1.4961, 0.2953 -2.9921 -1.4961, 0.2953 -2.9921 -2.0472, 0.1575 -2.9921 -2.0472, -0.1575 -2.9921 -2.0472, -0.2953 -2.9921 -2.0472, 0.0394 -2.9921 -3.622, 0.1575 -2.9921 -3.5039, -0.0394 -2.9921 -3.622, -0.1575 -2.9921 -3.5039, 0.0394 -2.9134 -3.622, -0.0394 -2.9134 -3.622, -0.2953 -2.9134 -2.0472, -0.2953 -2.9134 -1.4961, -0.1575 -2.9134 -2.0472, 0.2953 -2.9134 -1.4961, 0.1575 -2.9134 -2.0472, 0.2953 -2.9134 -2.0472, -0.1575 -2.9134 -3.5039, 0.1575 -2.9134 -3.5039, 0.2953 -2.9124 -1.4873, -0.2953 -2.9124 -1.4873, 0.2953 -2.9095 -1.479, -0.2953 -2.9095 -1.479, 0.2953 -2.9048 -1.4715, -0.2953 -2.9048 -1.4715, 0.2953 -2.8986 -1.4653, -0.2953 -2.8986 -1.4653, 0.2953 -2.8911 -1.4606, -0.2953 -2.8911 -1.4606, 0.2953 -2.8828 -1.4577, -0.2953 -2.8828 -1.4577, 0.2953 -2.874 -1.4567, -0.2953 -2.874 -1.4567, 0.2953 -2.6378 -1.4567, -0.2953 -2.6378 -1.4567, -0.689 -2.874 -1.378, -0.689 -2.6378 -1.378, -1.2795 -2.874 -1.378, -1.2795 -2.6378 -1.378, -1.2795 -2.9003 -1.3809, -0.689 -2.9003 -1.3809, -1.2795 -2.9253 -1.3896, -0.689 -2.9253 -1.3896, -1.2795 -2.9477 -1.4037, -0.689 -2.9477 -1.4037, -1.2795 -2.9664 -1.4224, -0.689 -2.9664 -1.4224, -1.2795 -2.9804 -1.4448, -0.689 -2.9804 -1.4448, -1.2795 -2.9892 -1.4698, -0.689 -2.9892 -1.4698, -1.2795 -2.9921 -1.4961, -0.689 -2.9921 -1.4961, -0.689 -2.9921 -2.0472, -0.8268 -2.9921 -2.0472, -1.1417 -2.9921 -2.0472, -1.2795 -2.9921 -2.0472, -0.9449 -2.9921 -3.622, -0.8268 -2.9921 -3.5039, -1.0236 -2.9921 -3.622, -1.1417 -2.9921 -3.5039, -0.9449 -2.9134 -3.622, -1.0236 -2.9134 -3.622, -1.2795 -2.9134 -2.0472, -1.2795 -2.9134 -1.4961, -1.1417 -2.9134 -2.0472, -0.689 -2.9134 -1.4961, -0.8268 -2.9134 -2.0472, -0.689 -2.9134 -2.0472, -1.1417 -2.9134 -3.5039, -0.8268 -2.9134 -3.5039, -0.689 -2.9124 -1.4873, -1.2795 -2.9124 -1.4873, -0.689 -2.9095 -1.479, -1.2795 -2.9095 -1.479, -0.689 -2.9048 -1.4715, -1.2795 -2.9048 -1.4715, -0.689 -2.8986 -1.4653, -1.2795 -2.8986 -1.4653, -0.689 -2.8911 -1.4606, -1.2795 -2.8911 -1.4606, -0.689 -2.8828 -1.4577, -1.2795 -2.8828 -1.4577, -0.689 -2.874 -1.4567, -1.2795 -2.874 -1.4567, -0.689 -2.6378 -1.4567, -1.2795 -2.6378 -1.4567, 1.2795 -2.874 -1.378, 1.2795 -2.6378 -1.378, 0.689 -2.874 -1.378, 0.689 -2.6378 -1.378, 0.689 -2.9003 -1.3809, 1.2795 -2.9003 -1.3809, 0.689 -2.9253 -1.3896, 1.2795 -2.9253 -1.3896, 0.689 -2.9477 -1.4037, 1.2795 -2.9477 -1.4037, 0.689 -2.9664 -1.4224, 1.2795 -2.9664 -1.4224, 0.689 -2.9804 -1.4448, 1.2795 -2.9804 -1.4448, 0.689 -2.9892 -1.4698, 1.2795 -2.9892 -1.4698, 0.689 -2.9921 -1.4961, 1.2795 -2.9921 -1.4961, 1.2795 -2.9921 -2.0472, 1.1417 -2.9921 -2.0472, 0.8268 -2.9921 -2.0472, 0.689 -2.9921 -2.0472, 1.0236 -2.9921 -3.622, 1.1417 -2.9921 -3.5039, 0.9449 -2.9921 -3.622, 0.8268 -2.9921 -3.5039, 1.0236 -2.9134 -3.622, 0.9449 -2.9134 -3.622, 0.689 -2.9134 -2.0472, 0.689 -2.9134 -1.4961, 0.8268 -2.9134 -2.0472, 1.2795 -2.9134 -1.4961, 1.1417 -2.9134 -2.0472, 1.2795 -2.9134 -2.0472, 0.8268 -2.9134 -3.5039, 1.1417 -2.9134 -3.5039, 1.2795 -2.9124 -1.4873, 0.689 -2.9124 -1.4873, 1.2795 -2.9095 -1.479, 0.689 -2.9095 -1.479, 1.2795 -2.9048 -1.4715, 0.689 -2.9048 -1.4715, 1.2795 -2.8986 -1.4653, 0.689 -2.8986 -1.4653, 1.2795 -2.8911 -1.4606, 0.689 -2.8911 -1.4606, 1.2795 -2.8828 -1.4577, 0.689 -2.8828 -1.4577, 1.2795 -2.874 -1.4567, 0.689 -2.874 -1.4567, 1.2795 -2.6378 -1.4567, 0.689 -2.6378 -1.4567, 1.2795 2.6772 -1.4567, 1.2795 2.6378 -1.4567, 0.689 2.6772 -1.4567, 0.689 2.6378 -1.4567, 1.2795 2.6859 -1.4577, 0.689 2.6859 -1.4577, 1.2795 2.6942 -1.4606, 0.689 2.6942 -1.4606, 1.2795 2.7017 -1.4653, 0.689 2.7017 -1.4653, 1.2795 2.7079 -1.4715, 0.689 2.7079 -1.4715, 1.2795 2.7126 -1.479, 0.689 2.7126 -1.479, 1.2795 2.7155 -1.4873, 0.689 2.7155 -1.4873, 1.2795 2.7165 -1.4961, 0.689 2.7165 -1.4961, 1.2795 2.7165 -2.126, 1.1417 2.7165 -2.126, 0.8268 2.7165 -2.126, 0.689 2.7165 -2.126, 1.0236 2.7165 -3.622, 1.1417 2.7165 -3.5039, 0.9449 2.7165 -3.622, 0.8268 2.7165 -3.5039, 0.9449 2.7953 -3.622, 1.0236 2.7953 -3.622, 0.689 2.7953 -2.126, 0.689 2.7953 -1.4961, 0.8268 2.7953 -2.126, 1.2795 2.7953 -1.4961, 1.1417 2.7953 -2.126, 1.2795 2.7953 -2.126, 0.8268 2.7953 -3.5039, 1.1417 2.7953 -3.5039, 0.689 2.7923 -1.4698, 1.2795 2.7923 -1.4698, 0.689 2.7836 -1.4448, 1.2795 2.7836 -1.4448, 0.689 2.7695 -1.4224, 1.2795 2.7695 -1.4224, 0.689 2.7508 -1.4037, 1.2795 2.7508 -1.4037, 0.689 2.7284 -1.3896, 1.2795 2.7284 -1.3896, 0.689 2.7034 -1.3809, 1.2795 2.7034 -1.3809, 0.689 2.6772 -1.378, 1.2795 2.6772 -1.378, 1.2795 2.6378 -1.378, 0.689 2.6378 -1.378, 0.689 2.6378 -1.378
            ]
        }
        coordIndex [
            0,1,2,-1,2,1,3,-1,4,0,5,-1,5,0,2,-1,1,6,3,-1,3,6,7,-1,4,6,0,-1,0,6,1,-1,8,9,10,-1,10,9,11,-1,12,13,14,-1,14,13,15,-1,16,12,17,-1,17,12,14,-1,13,18,15,-1,15,18,19,-1,16,18,12,-1,12,18,13,-1,20,21,22,-1,22,21,23,-1,22,23,24,-1,24,23,25,-1,24,25,26,-1,26,25,27,-1,26,27,28,-1,28,27,29,-1,28,29,30,-1,30,29,31,-1,30,31,32,-1,32,31,33,-1,32,33,34,-1,32,34,35,-1,35,34,36,-1,35,36,37,-1,37,36,38,-1,37,38,39,-1,39,38,40,-1,39,40,41,-1,41,40,42,-1,41,42,43,-1,43,42,44,-1,43,44,45,-1,45,44,46,-1,45,46,47,-1,47,46,48,-1,47,48,49,-1,49,48,50,-1,49,50,51,-1,51,50,52,-1,51,52,53,-1,52,54,53,-1,53,54,55,-1,53,55,56,-1,57,58,56,-1,56,58,59,-1,59,60,56,-1,56,60,61,-1,56,61,53,-1,62,63,64,-1,64,63,58,-1,64,58,57,-1,64,65,62,-1,62,65,66,-1,62,66,67,-1,67,66,68,-1,67,68,69,-1,69,68,70,-1,69,70,71,-1,71,70,72,-1,71,72,73,-1,73,72,74,-1,74,72,75,-1,75,76,74,-1,74,76,77,-1,74,77,78,-1,79,80,81,-1,81,80,82,-1,82,83,81,-1,81,83,84,-1,81,84,85,-1,79,86,80,-1,80,86,87,-1,87,86,88,-1,88,86,89,-1,88,89,90,-1,89,91,90,-1,90,91,92,-1,90,92,93,-1,93,92,94,-1,93,94,95,-1,95,94,96,-1,95,96,97,-1,98,99,100,-1,98,100,101,-1,101,100,97,-1,101,97,96,-1,99,98,102,-1,99,102,103,-1,103,102,104,-1,103,104,105,-1,105,104,106,-1,105,106,107,-1,107,106,108,-1,107,108,109,-1,109,108,110,-1,109,110,111,-1,111,110,112,-1,111,112,113,-1,113,112,114,-1,113,114,115,-1,115,114,116,-1,115,116,117,-1,117,116,118,-1,117,118,119,-1,119,118,120,-1,119,120,121,-1,121,120,122,-1,122,120,123,-1,122,123,124,-1,124,123,125,-1,124,125,126,-1,124,126,127,-1,127,126,128,-1,127,128,129,-1,129,128,130,-1,129,130,131,-1,131,130,132,-1,131,132,133,-1,134,133,135,-1,135,133,132,-1,135,132,136,-1,137,138,134,-1,134,138,20,-1,30,122,28,-1,28,122,124,-1,28,124,26,-1,26,124,127,-1,26,127,24,-1,24,127,129,-1,24,129,22,-1,22,129,131,-1,22,131,20,-1,20,131,133,-1,20,133,134,-1,123,31,125,-1,125,31,29,-1,125,29,126,-1,126,29,27,-1,126,27,128,-1,128,27,25,-1,128,25,130,-1,130,25,23,-1,130,23,132,-1,132,23,21,-1,132,21,136,-1,136,21,139,-1,136,139,140,-1,141,142,143,-1,143,142,144,-1,145,146,147,-1,147,146,148,-1,147,148,149,-1,148,146,150,-1,148,150,151,-1,151,150,152,-1,151,152,153,-1,153,152,154,-1,153,154,155,-1,155,154,156,-1,155,156,157,-1,157,156,158,-1,157,158,159,-1,159,158,160,-1,159,160,161,-1,161,160,162,-1,161,162,163,-1,163,162,164,-1,163,164,165,-1,165,164,166,-1,165,166,167,-1,167,166,168,-1,167,168,169,-1,169,168,170,-1,169,170,171,-1,171,170,172,-1,171,172,173,-1,173,172,174,-1,173,174,175,-1,175,174,176,-1,175,176,177,-1,177,176,178,-1,177,178,179,-1,179,178,180,-1,179,180,181,-1,181,180,182,-1,181,182,183,-1,183,182,184,-1,183,184,185,-1,185,184,186,-1,185,186,187,-1,187,186,188,-1,187,188,189,-1,189,188,190,-1,189,190,191,-1,191,190,192,-1,192,190,193,-1,192,193,194,-1,193,195,194,-1,194,195,196,-1,194,196,197,-1,197,196,198,-1,198,196,199,-1,199,200,198,-1,198,200,201,-1,198,201,202,-1,203,204,205,-1,205,204,206,-1,206,207,205,-1,205,207,208,-1,205,208,209,-1,204,203,210,-1,204,210,211,-1,211,210,212,-1,211,212,213,-1,213,212,214,-1,213,214,215,-1,215,214,216,-1,215,216,217,-1,218,219,220,-1,217,216,220,-1,220,216,221,-1,220,221,218,-1,222,223,224,-1,224,223,225,-1,219,218,226,-1,226,218,227,-1,225,228,224,-1,224,228,226,-1,224,226,229,-1,229,226,227,-1,223,222,230,-1,223,230,231,-1,231,230,232,-1,231,232,233,-1,233,232,234,-1,233,234,235,-1,235,234,236,-1,235,236,237,-1,237,236,238,-1,237,238,239,-1,239,238,240,-1,240,238,241,-1,240,241,242,-1,241,243,242,-1,242,243,244,-1,242,244,245,-1,245,244,246,-1,245,246,247,-1,247,246,248,-1,247,248,249,-1,250,251,252,-1,252,251,253,-1,252,253,248,-1,248,253,249,-1,251,250,254,-1,254,250,255,-1,254,255,256,-1,256,255,257,-1,256,257,258,-1,258,257,259,-1,258,259,260,-1,260,259,261,-1,142,260,144,-1,144,260,261,-1,159,253,157,-1,157,253,251,-1,157,251,155,-1,155,251,254,-1,155,254,153,-1,153,254,256,-1,153,256,151,-1,151,256,258,-1,151,258,148,-1,148,258,260,-1,148,260,149,-1,149,260,142,-1,149,142,141,-1,143,144,145,-1,145,144,261,-1,252,158,250,-1,250,158,156,-1,250,156,255,-1,255,156,154,-1,255,154,257,-1,257,154,152,-1,257,152,259,-1,259,152,150,-1,259,150,261,-1,261,150,146,-1,261,146,145,-1,262,263,264,-1,264,263,265,-1,262,264,266,-1,262,266,267,-1,267,266,268,-1,267,268,269,-1,269,268,270,-1,269,270,271,-1,271,270,272,-1,271,272,273,-1,273,272,274,-1,273,274,275,-1,275,274,276,-1,275,276,277,-1,277,276,278,-1,277,278,279,-1,280,279,281,-1,281,279,278,-1,281,278,282,-1,282,278,283,-1,284,285,286,-1,286,285,281,-1,286,281,287,-1,287,281,282,-1,284,286,288,-1,288,286,289,-1,290,291,292,-1,292,291,293,-1,292,293,294,-1,294,293,295,-1,289,296,288,-1,288,296,292,-1,288,292,297,-1,297,292,294,-1,293,291,298,-1,298,291,299,-1,298,299,300,-1,300,299,301,-1,300,301,302,-1,302,301,303,-1,302,303,304,-1,304,303,305,-1,304,305,306,-1,306,305,307,-1,306,307,308,-1,308,307,309,-1,308,309,310,-1,310,309,311,-1,312,310,313,-1,313,310,311,-1,312,263,310,-1,310,263,262,-1,310,262,308,-1,308,262,267,-1,308,267,306,-1,306,267,269,-1,306,269,304,-1,304,269,271,-1,304,271,302,-1,302,271,273,-1,302,273,300,-1,300,273,275,-1,300,275,298,-1,298,275,277,-1,298,277,293,-1,293,277,279,-1,293,279,295,-1,295,279,280,-1,290,283,291,-1,291,283,278,-1,291,278,299,-1,299,278,276,-1,299,276,301,-1,301,276,274,-1,301,274,303,-1,303,274,272,-1,303,272,305,-1,305,272,270,-1,305,270,307,-1,307,270,268,-1,307,268,309,-1,309,268,266,-1,309,266,311,-1,311,266,264,-1,311,264,313,-1,313,264,265,-1,314,315,316,-1,316,315,317,-1,314,316,318,-1,314,318,319,-1,319,318,320,-1,319,320,321,-1,321,320,322,-1,321,322,323,-1,323,322,324,-1,323,324,325,-1,325,324,326,-1,325,326,327,-1,327,326,328,-1,327,328,329,-1,329,328,330,-1,329,330,331,-1,332,331,333,-1,333,331,330,-1,333,330,334,-1,334,330,335,-1,336,337,338,-1,338,337,333,-1,338,333,339,-1,339,333,334,-1,336,338,340,-1,340,338,341,-1,342,343,344,-1,344,343,345,-1,344,345,346,-1,346,345,347,-1,341,348,340,-1,340,348,344,-1,340,344,349,-1,349,344,346,-1,345,343,350,-1,350,343,351,-1,350,351,352,-1,352,351,353,-1,352,353,354,-1,354,353,355,-1,354,355,356,-1,356,355,357,-1,356,357,358,-1,358,357,359,-1,358,359,360,-1,360,359,361,-1,360,361,362,-1,362,361,363,-1,364,362,365,-1,365,362,363,-1,364,315,362,-1,362,315,314,-1,362,314,360,-1,360,314,319,-1,360,319,358,-1,358,319,321,-1,358,321,356,-1,356,321,323,-1,356,323,354,-1,354,323,325,-1,354,325,352,-1,352,325,327,-1,352,327,350,-1,350,327,329,-1,350,329,345,-1,345,329,331,-1,345,331,347,-1,347,331,332,-1,342,335,343,-1,343,335,330,-1,343,330,351,-1,351,330,328,-1,351,328,353,-1,353,328,326,-1,353,326,355,-1,355,326,324,-1,355,324,357,-1,357,324,322,-1,357,322,359,-1,359,322,320,-1,359,320,361,-1,361,320,318,-1,361,318,363,-1,363,318,316,-1,363,316,365,-1,365,316,317,-1,366,367,368,-1,368,367,369,-1,366,368,370,-1,366,370,371,-1,371,370,372,-1,371,372,373,-1,373,372,374,-1,373,374,375,-1,375,374,376,-1,375,376,377,-1,377,376,378,-1,377,378,379,-1,379,378,380,-1,379,380,381,-1,381,380,382,-1,381,382,383,-1,384,383,385,-1,385,383,382,-1,385,382,386,-1,386,382,387,-1,388,389,390,-1,390,389,385,-1,390,385,391,-1,391,385,386,-1,388,390,392,-1,392,390,393,-1,394,395,396,-1,396,395,397,-1,396,397,398,-1,398,397,399,-1,393,400,392,-1,392,400,396,-1,392,396,401,-1,401,396,398,-1,397,395,402,-1,402,395,403,-1,402,403,404,-1,404,403,405,-1,404,405,406,-1,406,405,407,-1,406,407,408,-1,408,407,409,-1,408,409,410,-1,410,409,411,-1,410,411,412,-1,412,411,413,-1,412,413,414,-1,414,413,415,-1,416,414,417,-1,417,414,415,-1,416,367,414,-1,414,367,366,-1,414,366,412,-1,412,366,371,-1,412,371,410,-1,410,371,373,-1,410,373,408,-1,408,373,375,-1,408,375,406,-1,406,375,377,-1,406,377,404,-1,404,377,379,-1,404,379,402,-1,402,379,381,-1,402,381,397,-1,397,381,383,-1,397,383,399,-1,399,383,384,-1,394,387,395,-1,395,387,382,-1,395,382,403,-1,403,382,380,-1,403,380,405,-1,405,380,378,-1,405,378,407,-1,407,378,376,-1,407,376,409,-1,409,376,374,-1,409,374,411,-1,411,374,372,-1,411,372,413,-1,413,372,370,-1,413,370,415,-1,415,370,368,-1,415,368,417,-1,417,368,369,-1,418,419,420,-1,420,419,421,-1,418,420,422,-1,422,420,423,-1,422,423,424,-1,424,423,425,-1,424,425,426,-1,426,425,427,-1,426,427,428,-1,428,427,429,-1,428,429,430,-1,430,429,431,-1,430,431,432,-1,432,431,433,-1,432,433,434,-1,434,433,435,-1,436,434,437,-1,437,434,435,-1,437,435,438,-1,438,435,439,-1,440,441,442,-1,442,441,437,-1,442,437,443,-1,443,437,438,-1,444,445,442,-1,442,445,440,-1,446,447,448,-1,448,447,449,-1,448,449,450,-1,450,449,451,-1,444,452,445,-1,445,452,448,-1,445,448,453,-1,453,448,450,-1,449,447,454,-1,449,454,455,-1,455,454,456,-1,455,456,457,-1,457,456,458,-1,457,458,459,-1,459,458,460,-1,459,460,461,-1,461,460,462,-1,461,462,463,-1,463,462,464,-1,463,464,465,-1,465,464,466,-1,465,466,467,-1,468,467,469,-1,469,467,466,-1,436,451,434,-1,434,451,449,-1,434,449,432,-1,432,449,455,-1,432,455,430,-1,430,455,457,-1,430,457,428,-1,428,457,459,-1,428,459,426,-1,426,459,461,-1,426,461,424,-1,424,461,463,-1,424,463,422,-1,422,463,465,-1,422,465,418,-1,418,465,467,-1,418,467,419,-1,419,467,468,-1,421,469,420,-1,420,469,466,-1,420,466,423,-1,423,466,464,-1,423,464,425,-1,425,464,462,-1,425,462,427,-1,427,462,460,-1,427,460,429,-1,429,460,458,-1,429,458,431,-1,431,458,456,-1,431,456,433,-1,433,456,454,-1,433,454,435,-1,435,454,447,-1,435,447,439,-1,439,447,446,-1,339,334,348,-1,348,334,344,-1,334,335,344,-1,344,335,342,-1,332,333,347,-1,347,333,346,-1,349,346,337,-1,337,346,333,-1,287,282,296,-1,296,282,292,-1,282,283,292,-1,292,283,290,-1,391,386,400,-1,400,386,396,-1,386,387,396,-1,396,387,394,-1,384,385,399,-1,399,385,398,-1,401,398,389,-1,389,398,385,-1,280,281,295,-1,295,281,294,-1,297,294,285,-1,285,294,281,-1,
        ]
    }
}
Shape{
    appearance Appearance {
        material  Material 	{
            diffuseColor 0.0 0.7529411764705882 0.7529411764705882
            specularColor 0.0 0.6627450980392157 0.6627450980392157
            ambientIntensity 0.2
            transparency 0
            shininess 0.5
        }
    }
    geometry IndexedFaceSet {
        ccw TRUE
        solid FALSE
        coord DEF co Coordinate {
            point [
                -2.2441 -2.6378 -2.1654, -2.2441 -2.6378 -0.5906, -2.2747 -2.6338 -0.5906, -2.2747 -2.6338 -2.1654, -2.3031 -2.622 -0.5906, -2.3031 -2.622 -2.1654, -2.3276 -2.6032 -0.5906, -2.3276 -2.6032 -2.1654, -2.3464 -2.5787 -0.5906, -2.3464 -2.5787 -2.1654, -2.3582 -2.5503 -0.5906, -2.3582 -2.5503 -2.1654, -2.3622 -2.5197 -0.5906, -2.3622 -2.5197 -2.1654, -2.3622 2.5197 -2.1654, -2.3622 2.5197 -0.5906, -2.3582 2.5503 -0.5906, -2.3582 2.5503 -2.1654, -2.3464 2.5787 -0.5906, -2.3464 2.5787 -2.1654, -2.3276 2.6032 -0.5906, -2.3276 2.6032 -2.1654, -2.3031 2.622 -0.5906, -2.3031 2.622 -2.1654, -2.2747 2.6338 -0.5906, -2.2747 2.6338 -2.1654, -2.2441 2.6378 -0.5906, -2.2441 2.6378 -2.1654, 2.3622 -2.5197 -2.1654, 2.3622 -2.5197 -0.5906, 2.3582 -2.5503 -0.5906, 2.3582 -2.5503 -2.1654, 2.3464 -2.5787 -0.5906, 2.3464 -2.5787 -2.1654, 2.3276 -2.6032 -0.5906, 2.3276 -2.6032 -2.1654, 2.3031 -2.622 -0.5906, 2.3031 -2.622 -2.1654, 2.2747 -2.6338 -0.5906, 2.2747 -2.6338 -2.1654, 2.2441 -2.6378 -0.5906, 2.2441 -2.6378 -2.1654, 2.2441 2.6378 -2.1654, 2.2441 2.6378 -0.5906, 2.2747 2.6338 -0.5906, 2.2747 2.6338 -2.1654, 2.3031 2.622 -0.5906, 2.3031 2.622 -2.1654, 2.3276 2.6032 -0.5906, 2.3276 2.6032 -2.1654, 2.3464 2.5787 -0.5906, 2.3464 2.5787 -2.1654, 2.3582 2.5503 -0.5906, 2.3582 2.5503 -2.1654, 2.3622 2.5197 -0.5906, 2.3622 2.5197 -2.1654, 2.3622 2.5197 -2.1654
            ]
        }
        coordIndex [
            0,1,2,-1,0,2,3,-1,3,2,4,-1,3,4,5,-1,5,4,6,-1,5,6,7,-1,7,6,8,-1,7,8,9,-1,9,8,10,-1,9,10,11,-1,11,10,12,-1,11,12,13,-1,14,15,16,-1,14,16,17,-1,17,16,18,-1,17,18,19,-1,19,18,20,-1,19,20,21,-1,21,20,22,-1,21,22,23,-1,23,22,24,-1,23,24,25,-1,25,24,26,-1,25,26,27,-1,28,29,30,-1,28,30,31,-1,31,30,32,-1,31,32,33,-1,33,32,34,-1,33,34,35,-1,35,34,36,-1,35,36,37,-1,37,36,38,-1,37,38,39,-1,39,38,40,-1,39,40,41,-1,42,43,44,-1,42,44,45,-1,45,44,46,-1,45,46,47,-1,47,46,48,-1,47,48,49,-1,49,48,50,-1,49,50,51,-1,51,50,52,-1,51,52,53,-1,53,52,54,-1,53,54,55,-1,
        ]
    }
}
Shape{
    appearance Appearance {
        material  Material 	{
            diffuseColor 0.7803921568627451 0.7803921568627451 0.7803921568627451
            specularColor 0.38823529411764707 0.38823529411764707 0.38823529411764707
            ambientIntensity 0.2
            transparency 0
            shininess 0.5
        }
    }
    geometry IndexedFaceSet {
        ccw TRUE
        solid FALSE
        coord DEF co Coordinate {
            point [
                -0.4248 -0.345 -2.1614, -0.4559 -0.345 -2.1614, -0.4248 -0.345 -2.1654, -0.4559 -0.345 -2.1654, -0.4559 -0.4901 -2.1614, -0.4559 -0.4901 -2.1654, -0.1724 -0.4901 -2.1614, -0.1724 -0.4901 -2.1654, -0.1724 -0.4521 -2.1614, -0.1724 -0.4521 -2.1654, -0.4248 -0.4521 -2.1614, -0.4248 -0.4521 -2.1654, -0.1724 0.5469 -2.1614, -0.4559 0.6575 -2.1614, -0.1724 0.5469 -2.1654, -0.4559 0.6575 -2.1654, -0.4559 0.6161 -2.1614, -0.4559 0.6161 -2.1654, -0.3764 0.5874 -2.1614, -0.3764 0.5874 -2.1654, -0.3764 0.4703 -2.1614, -0.3764 0.4703 -2.1654, -0.4559 0.4432 -2.1614, -0.4559 0.4432 -2.1654, -0.4559 0.4017 -2.1614, -0.4559 0.4017 -2.1654, -0.1724 0.5089 -2.1614, -0.1724 0.5089 -2.1654, -0.3453 0.4798 -2.1614, -0.2269 0.5221 -2.1614, -0.217 0.5249 -2.1614, -0.207 0.5267 -2.1614, -0.207 0.5276 -2.1614, -0.217 0.5294 -2.1614, -0.3453 0.5746 -2.1614, -0.2269 0.532 -2.1614, -0.3453 0.4798 -2.1654, -0.3453 0.5746 -2.1654, -0.2269 0.5221 -2.1654, -0.217 0.5249 -2.1654, -0.207 0.5267 -2.1654, -0.207 0.5276 -2.1654, -0.217 0.5294 -2.1654, -0.2269 0.532 -2.1654, -0.4559 0.2299 -2.1614, -0.4559 0.1528 -2.1614, -0.4559 0.2299 -2.1654, -0.4559 0.1528 -2.1654, -0.1724 0.1528 -2.1614, -0.1724 0.1528 -2.1654, -0.1724 0.2328 -2.1614, -0.1724 0.2328 -2.1654, -0.3106 0.381 -2.1614, -0.3106 0.381 -2.1654, -0.2839 0.3789 -2.1654, -0.2839 0.3789 -2.1614, -0.256 0.3713 -2.1654, -0.256 0.3713 -2.1614, -0.2316 0.3581 -2.1654, -0.2316 0.3581 -2.1614, -0.2094 0.3381 -2.1654, -0.2094 0.3381 -2.1614, -0.2091 0.3378 -2.1654, -0.2091 0.3378 -2.1614, -0.1884 0.3069 -2.1654, -0.1884 0.3069 -2.1614, -0.1768 0.2738 -2.1654, -0.1768 0.2738 -2.1614, -0.4528 0.265 -2.1654, -0.4528 0.265 -2.1614, -0.4431 0.2976 -2.1654, -0.4431 0.2976 -2.1614, -0.4259 0.3272 -2.1654, -0.4259 0.3272 -2.1614, -0.4035 0.3506 -2.1654, -0.4035 0.3506 -2.1614, -0.3782 0.3668 -2.1654, -0.3782 0.3668 -2.1614, -0.3485 0.377 -2.1654, -0.3485 0.377 -2.1614, -0.2433 0.3241 -2.1614, -0.2287 0.3103 -2.1614, -0.2153 0.2896 -2.1614, -0.2071 0.2662 -2.1614, -0.2035 0.2327 -2.1614, -0.2035 0.1909 -2.1614, -0.4248 0.1909 -2.1614, -0.4248 0.2311 -2.1614, -0.422 0.261 -2.1614, -0.4145 0.2849 -2.1614, -0.4031 0.3042 -2.1614, -0.3874 0.3201 -2.1614, -0.3678 0.332 -2.1614, -0.3412 0.3404 -2.1614, -0.3114 0.343 -2.1614, -0.2832 0.3406 -2.1614, -0.2608 0.3339 -2.1614, -0.2035 0.2327 -2.1654, -0.2035 0.1909 -2.1654, -0.2071 0.2662 -2.1654, -0.2153 0.2896 -2.1654, -0.2287 0.3103 -2.1654, -0.2433 0.3241 -2.1654, -0.2608 0.3339 -2.1654, -0.2832 0.3406 -2.1654, -0.3114 0.343 -2.1654, -0.3412 0.3404 -2.1654, -0.3678 0.332 -2.1654, -0.3874 0.3201 -2.1654, -0.4031 0.3042 -2.1654, -0.4145 0.2849 -2.1654, -0.422 0.261 -2.1654, -0.4248 0.2311 -2.1654, -0.4248 0.1909 -2.1654, -0.4248 0.0975 -2.1614, -0.4559 0.0975 -2.1614, -0.4248 0.0975 -2.1654, -0.4559 0.0975 -2.1654, -0.4559 -0.0546 -2.1614, -0.4559 -0.0546 -2.1654, -0.1724 -0.0546 -2.1614, -0.1724 -0.0546 -2.1654, -0.1724 0.0906 -2.1614, -0.1724 0.0906 -2.1654, -0.2035 0.0906 -2.1614, -0.2035 0.0906 -2.1654, -0.2035 -0.0166 -2.1614, -0.2035 -0.0166 -2.1654, -0.2969 -0.0166 -2.1614, -0.2969 -0.0166 -2.1654, -0.2969 0.0837 -2.1614, -0.2969 0.0837 -2.1654, -0.328 0.0837 -2.1614, -0.328 0.0837 -2.1654, -0.328 -0.0166 -2.1614, -0.328 -0.0166 -2.1654, -0.4248 -0.0166 -2.1614, -0.4248 -0.0166 -2.1654, -0.4101 -0.1099 -2.1614, -0.4412 -0.1099 -2.1614, -0.4101 -0.1099 -2.1654, -0.4412 -0.1099 -2.1654, -0.4593 -0.1879 -2.1614, -0.4593 -0.1879 -2.1654, -0.4592 -0.1801 -2.1654, -0.4592 -0.1801 -2.1614, -0.4536 -0.1401 -2.1654, -0.4536 -0.1401 -2.1614, -0.3195 -0.3208 -2.1614, -0.3195 -0.3208 -2.1654, -0.3523 -0.318 -2.1654, -0.3523 -0.318 -2.1614, -0.3823 -0.3095 -2.1654, -0.3823 -0.3095 -2.1614, -0.4093 -0.2944 -2.1654, -0.4093 -0.2944 -2.1614, -0.4317 -0.2731 -2.1654, -0.4317 -0.2731 -2.1614, -0.4463 -0.2503 -2.1654, -0.4463 -0.2503 -2.1614, -0.4557 -0.2228 -2.1654, -0.4557 -0.2228 -2.1614, -0.169 -0.1766 -2.1614, -0.169 -0.1766 -2.1654, -0.1713 -0.2051 -2.1614, -0.1707 -0.1978 -2.1654, -0.1713 -0.2051 -2.1654, -0.1805 -0.2367 -2.1654, -0.1805 -0.2367 -2.1614, -0.196 -0.2636 -2.1654, -0.196 -0.2636 -2.1614, -0.2206 -0.2892 -2.1654, -0.2206 -0.2892 -2.1614, -0.2471 -0.3058 -2.1654, -0.2471 -0.3058 -2.1614, -0.2792 -0.3167 -2.1654, -0.2792 -0.3167 -2.1614, -0.1707 -0.1515 -2.1654, -0.1713 -0.1427 -2.1614, -0.1713 -0.1427 -2.1654, -0.1802 -0.1099 -2.1614, -0.1802 -0.1099 -2.1654, -0.2182 -0.1099 -2.1614, -0.2182 -0.1099 -2.1654, -0.2001 -0.1763 -2.1614, -0.2001 -0.1763 -2.1654, -0.2045 -0.1418 -2.1654, -0.2045 -0.1418 -2.1614, -0.3172 -0.2827 -2.1614, -0.3172 -0.2827 -2.1654, -0.2951 -0.2814 -2.1654, -0.2951 -0.2814 -2.1614, -0.2648 -0.2738 -2.1654, -0.2648 -0.2738 -2.1614, -0.2429 -0.2621 -2.1654, -0.2429 -0.2621 -2.1614, -0.224 -0.245 -2.1654, -0.224 -0.245 -2.1614, -0.2109 -0.2254 -2.1654, -0.2109 -0.2254 -2.1614, -0.2032 -0.2042 -2.1654, -0.2032 -0.2042 -2.1614, -0.4282 -0.1826 -2.1614, -0.4282 -0.1826 -2.1654, -0.4253 -0.2091 -2.1654, -0.4253 -0.2091 -2.1614, -0.4177 -0.2297 -2.1654, -0.4177 -0.2297 -2.1614, -0.4059 -0.2471 -2.1654, -0.4059 -0.2471 -2.1614, -0.3919 -0.2604 -2.1654, -0.3919 -0.2604 -2.1614, -0.3722 -0.2722 -2.1654, -0.3722 -0.2722 -2.1614, -0.3479 -0.2799 -2.1654, -0.3479 -0.2799 -2.1614, -0.4129 -0.115 -2.1654, -0.4129 -0.115 -2.1614, -0.4241 -0.145 -2.1654, -0.4241 -0.145 -2.1614, -0.4241 -0.145 -2.1614
            ]
        }
        coordIndex [
            0,1,2,-1,2,1,3,-1,1,4,3,-1,3,4,5,-1,4,6,5,-1,5,6,7,-1,6,8,7,-1,7,8,9,-1,8,10,9,-1,9,10,11,-1,10,0,11,-1,11,0,2,-1,8,6,10,-1,10,6,4,-1,10,4,0,-1,0,4,1,-1,12,13,14,-1,14,13,15,-1,13,16,15,-1,15,16,17,-1,16,18,17,-1,17,18,19,-1,18,20,19,-1,19,20,21,-1,20,22,21,-1,21,22,23,-1,22,24,23,-1,23,24,25,-1,24,26,25,-1,25,26,27,-1,26,12,27,-1,27,12,14,-1,28,29,26,-1,24,22,20,-1,29,30,26,-1,26,30,31,-1,26,31,12,-1,12,31,32,-1,12,32,33,-1,26,24,28,-1,28,24,20,-1,28,20,34,-1,34,20,18,-1,33,35,12,-1,12,35,34,-1,12,34,13,-1,13,34,18,-1,13,18,16,-1,28,34,36,-1,36,34,37,-1,29,28,38,-1,38,28,36,-1,29,38,39,-1,29,39,30,-1,30,39,40,-1,30,40,31,-1,32,31,41,-1,41,31,40,-1,32,41,42,-1,32,42,33,-1,33,42,43,-1,33,43,35,-1,34,35,37,-1,37,35,43,-1,44,45,46,-1,46,45,47,-1,45,48,47,-1,47,48,49,-1,48,50,49,-1,49,50,51,-1,52,53,54,-1,52,54,55,-1,55,54,56,-1,55,56,57,-1,57,56,58,-1,57,58,59,-1,59,58,60,-1,59,60,61,-1,61,60,62,-1,61,62,63,-1,63,62,64,-1,63,64,65,-1,65,64,66,-1,65,66,67,-1,67,66,51,-1,67,51,50,-1,44,46,68,-1,44,68,69,-1,69,68,70,-1,69,70,71,-1,71,70,72,-1,71,72,73,-1,73,72,74,-1,73,74,75,-1,75,74,76,-1,75,76,77,-1,77,76,78,-1,77,78,79,-1,79,78,53,-1,79,53,52,-1,57,59,80,-1,80,59,61,-1,80,61,81,-1,81,61,63,-1,81,63,82,-1,82,63,65,-1,82,65,83,-1,83,65,67,-1,83,67,84,-1,84,67,50,-1,84,50,85,-1,85,50,48,-1,85,48,86,-1,86,48,45,-1,86,45,87,-1,87,45,44,-1,87,44,88,-1,88,44,69,-1,88,69,89,-1,89,69,71,-1,89,71,90,-1,90,71,73,-1,90,73,91,-1,91,73,75,-1,91,75,92,-1,92,75,77,-1,92,77,93,-1,93,77,79,-1,93,79,94,-1,94,79,52,-1,94,52,95,-1,95,52,55,-1,95,55,96,-1,96,55,57,-1,96,57,80,-1,84,85,97,-1,97,85,98,-1,84,97,99,-1,84,99,83,-1,83,99,100,-1,83,100,82,-1,82,100,101,-1,82,101,81,-1,81,101,102,-1,81,102,80,-1,80,102,103,-1,80,103,96,-1,96,103,104,-1,96,104,95,-1,95,104,105,-1,95,105,94,-1,94,105,106,-1,94,106,93,-1,93,106,107,-1,93,107,92,-1,92,107,108,-1,92,108,91,-1,91,108,109,-1,91,109,90,-1,90,109,110,-1,90,110,89,-1,89,110,111,-1,89,111,88,-1,88,111,112,-1,88,112,87,-1,86,87,113,-1,113,87,112,-1,85,86,98,-1,98,86,113,-1,114,115,116,-1,116,115,117,-1,115,118,117,-1,117,118,119,-1,118,120,119,-1,119,120,121,-1,120,122,121,-1,121,122,123,-1,122,124,123,-1,123,124,125,-1,124,126,125,-1,125,126,127,-1,126,128,127,-1,127,128,129,-1,128,130,129,-1,129,130,131,-1,130,132,131,-1,131,132,133,-1,132,134,133,-1,133,134,135,-1,134,136,135,-1,135,136,137,-1,136,114,137,-1,137,114,116,-1,115,114,118,-1,118,114,136,-1,132,130,134,-1,134,130,128,-1,124,122,126,-1,126,122,120,-1,126,120,128,-1,128,120,118,-1,128,118,134,-1,134,118,136,-1,138,139,140,-1,140,139,141,-1,142,143,144,-1,142,144,145,-1,145,144,146,-1,145,146,147,-1,147,146,141,-1,147,141,139,-1,148,149,150,-1,148,150,151,-1,151,150,152,-1,151,152,153,-1,153,152,154,-1,153,154,155,-1,155,154,156,-1,155,156,157,-1,157,156,158,-1,157,158,159,-1,159,158,160,-1,159,160,161,-1,161,160,143,-1,161,143,142,-1,162,163,164,-1,164,163,165,-1,165,166,164,-1,164,166,167,-1,164,167,168,-1,168,167,169,-1,168,169,170,-1,170,169,171,-1,170,171,172,-1,172,171,173,-1,172,173,174,-1,174,173,175,-1,174,175,176,-1,176,175,149,-1,176,149,148,-1,163,162,177,-1,177,162,178,-1,177,178,179,-1,179,178,180,-1,179,180,181,-1,180,182,181,-1,181,182,183,-1,184,185,186,-1,184,186,187,-1,187,186,183,-1,187,183,182,-1,188,189,190,-1,188,190,191,-1,191,190,192,-1,191,192,193,-1,193,192,194,-1,193,194,195,-1,195,194,196,-1,195,196,197,-1,197,196,198,-1,197,198,199,-1,199,198,200,-1,199,200,201,-1,201,200,185,-1,201,185,184,-1,202,203,204,-1,202,204,205,-1,205,204,206,-1,205,206,207,-1,207,206,208,-1,207,208,209,-1,209,208,210,-1,209,210,211,-1,211,210,212,-1,211,212,213,-1,213,212,214,-1,213,214,215,-1,215,214,189,-1,215,189,188,-1,138,140,216,-1,138,216,217,-1,217,216,218,-1,217,218,219,-1,219,218,203,-1,219,203,202,-1,205,142,202,-1,202,142,145,-1,202,145,219,-1,219,145,147,-1,219,147,217,-1,217,147,139,-1,217,139,138,-1,182,180,187,-1,187,180,178,-1,187,178,184,-1,184,178,162,-1,184,162,201,-1,201,162,164,-1,201,164,199,-1,199,164,168,-1,199,168,197,-1,197,168,170,-1,197,170,195,-1,195,170,172,-1,195,172,193,-1,193,172,174,-1,193,174,191,-1,191,174,176,-1,191,176,188,-1,188,176,148,-1,188,148,215,-1,215,148,151,-1,215,151,213,-1,213,151,153,-1,213,153,211,-1,211,153,155,-1,211,155,209,-1,209,155,157,-1,209,157,207,-1,207,157,159,-1,207,159,205,-1,205,159,161,-1,205,161,142,-1,
        ]
    }
}
Shape{
    appearance Appearance {
        material  Material 	{
            diffuseColor 0.0 0.7529411764705882 0.7529411764705882
            specularColor 0.0 0.6627450980392157 0.6627450980392157
            ambientIntensity 0.2
            transparency 0
            shininess 0.5
        }
    }
    geometry IndexedFaceSet {
        ccw TRUE
        solid FALSE
        coord DEF co Coordinate {
            point [
                -0.3453 0.4798 -2.1654, -0.3453 0.5746 -2.1654, -0.2269 0.5221 -2.1654, -0.2269 0.532 -2.1654, -0.217 0.5249 -2.1654, -0.217 0.5294 -2.1654, -0.207 0.5267 -2.1654, -0.207 0.5276 -2.1654, -0.2035 0.1909 -2.1654, -0.4248 0.1909 -2.1654, -0.2035 0.2327 -2.1654, -0.4248 0.2311 -2.1654, -0.422 0.261 -2.1654, -0.3114 0.343 -2.1654, -0.2832 0.3406 -2.1654, -0.2608 0.3339 -2.1654, -0.2071 0.2662 -2.1654, -0.4145 0.2849 -2.1654, -0.4031 0.3042 -2.1654, -0.3874 0.3201 -2.1654, -0.3678 0.332 -2.1654, -0.3412 0.3404 -2.1654, -0.2433 0.3241 -2.1654, -0.2287 0.3103 -2.1654, -0.2153 0.2896 -2.1654, -0.2153 0.2896 -2.1654
            ]
        }
        coordIndex [
            0,1,2,-1,2,1,3,-1,2,3,4,-1,4,3,5,-1,4,5,6,-1,6,5,7,-1,8,9,10,-1,10,9,11,-1,10,11,12,-1,13,14,10,-1,10,14,15,-1,10,15,16,-1,12,17,10,-1,10,17,18,-1,10,18,19,-1,19,20,10,-1,10,20,21,-1,10,21,13,-1,22,23,15,-1,15,23,24,-1,15,24,16,-1,
        ]
    }
}
Shape{
    appearance Appearance {
        material  Material 	{
            diffuseColor 0.7803921568627451 0.7803921568627451 0.7803921568627451
            specularColor 0.38823529411764707 0.38823529411764707 0.38823529411764707
            ambientIntensity 0.2
            transparency 0
            shininess 0.5
        }
    }
    geometry IndexedFaceSet {
        ccw TRUE
        solid FALSE
        coord DEF co Coordinate {
            point [
                0.8677 -0.8444 1.9389, 0.8787 -0.8323 1.9386, 0.8575 -0.8122 1.9685, 1.1973 -0.3914 1.8894, 1.1934 -0.4021 1.8899, 1.2125 -0.4086 1.8701, 1.1112 -0.5714 1.8997, 1.0662 -0.6415 1.9041, 1.0964 -0.6597 1.8701, 0.3765 -1.1404 1.9479, 0.3602 -1.1455 1.9488, 0.4736 -1.1887 1.8701, 0.207 -1.2627 1.8701, 0.368 -1.143 1.9487, 0.4372 -1.0972 1.9685, 0.5477 -1.0798 1.9388, 0.4768 -1.1089 1.9426, 0.4458 -1.1186 1.9442, 0.7108 -0.9892 1.9299, 0.683 -1.0073 1.9315, 0.7181 -1.0591 1.8701, 0.6591 -1.0227 1.9329, 0.5509 -1.0782 1.9387, 0.9702 -0.7677 1.9124, 0.8935 -0.8464 1.9181, 0.9289 -0.8799 1.8701, 0.8821 -0.8581 1.919, 0.8627 -0.8757 1.9203, 0.862 -0.8763 1.9204, 0.7643 -0.9546 1.9267, 1.0481 -0.6696 1.9058, 1.0053 -0.7236 1.9095, 0.997 -0.734 1.9102, 1.1883 -0.4158 1.8907, 1.135 -0.5294 1.8972, 1.1158 -0.5642 1.8993, 1.272 -0.1383 1.8701, 1.265 -0.1375 1.8764, 1.2596 -0.1734 1.8781, 1.2538 -0.2018 1.8795, 1.2504 -0.2183 1.8803, 1.2167 -0.3391 1.8865, 1.2795 0.0 1.8701, 1.2788 -0.0096 1.8705, 1.2726 -0.0873 1.874, -1.1613 0.5373 1.8701, -1.0626 0.5115 1.9685, -1.0386 0.7474 1.8701, -0.9403 0.7148 1.9685, -0.9215 0.7346 1.9685, -1.0081 0.7843 1.8709, -1.0172 0.7732 1.8706, -0.8245 0.9707 1.8752, -0.8699 0.9305 1.8743, -0.7646 0.9002 1.9685, -0.9078 0.897 1.8734, -0.9575 0.8455 1.8722, -0.7345 0.9206 1.9685, -0.5532 1.0435 1.9685, -0.6003 1.1194 1.8794, -0.7096 1.0558 1.8775, -0.7155 1.0515 1.8774, -0.8122 0.9816 1.8755, -0.4641 1.1799 1.8818, -0.511 1.0604 1.9685, -0.365 1.2115 1.8835, -0.316 1.1381 1.9685, -0.344 1.2181 1.8838, -0.5481 1.1434 1.8803, -0.5807 1.1293 1.8798, -0.5949 1.1221 1.8795, -0.0682 1.2581 1.8886, -0.1689 1.2514 1.8868, -0.0639 1.1794 1.9685, -0.1696 1.2513 1.8868, -0.2621 1.1469 1.9685, -0.2208 1.2442 1.8859, -0.3386 1.2193 1.8839, -0.0422 1.2599 1.889, -0.0003 1.1759 1.9685, 0.0312 1.2574 1.8903, 0.2613 1.146 1.9685, 0.4372 1.0972 1.9685, 0.4185 1.179 1.8971, 0.2299 1.2344 1.8938, 0.1911 1.1655 1.9685, 0.2535 1.2296 1.8942, 0.3758 1.1956 1.8963, 0.2086 1.2388 1.8934, 0.2032 1.2395 1.8933, 0.0837 1.2556 1.8912, 0.605 1.093 1.9004, 0.5096 1.0588 1.9685, 0.6449 1.0691 1.9011, 0.6628 0.9776 1.9685, 0.6992 1.0312 1.9021, 0.5921 1.0995 1.9001, 0.4931 1.15 1.8984, 0.4629 1.1617 1.8979, 0.7482 0.997 1.9031, 0.7323 0.9186 1.9685, 0.7494 0.9961 1.9031, 0.8575 0.8122 1.9685, 0.9015 0.8539 1.9066, 0.8912 0.8647 1.9063, 0.8429 0.9156 1.9051, 1.0141 0.7112 1.9097, 0.9182 0.7324 1.9685, 1.0331 0.6846 1.9103, 1.012 0.6089 1.9685, 1.0052 0.7237 1.9094, 0.9601 0.7872 1.9081, 0.9289 0.825 1.9072, 1.1453 0.4618 1.9147, 1.058 0.5096 1.9685, 1.1596 0.4225 1.9154, 1.1193 0.3771 1.9685, 1.168 0.3936 1.9159, 1.111 0.5394 1.9132, 1.0948 0.576 1.9125, 1.0598 0.6377 1.9112, 1.2205 0.1328 1.9204, 1.2177 0.1681 1.9199, 1.1742 0.1277 1.9685, 1.2169 0.1787 1.9197, 1.1448 0.2613 1.9685, 1.1945 0.3015 1.9176, 1.1789 0.3558 1.9166, 1.2267 0.0542 1.9217, 1.1811 0.0 1.9685, 1.2272 0.0124 1.9224, 1.1742 -0.1277 1.9685, 1.2201 -0.1123 1.9244, 1.2255 -0.0174 1.9229, 1.1448 -0.2613 1.9685, 1.2056 -0.2027 1.9259, 1.2169 -0.1323 1.9247, 1.1564 -0.3896 1.9292, 1.1571 -0.3876 1.9292, 1.1193 -0.3771 1.9685, 1.1686 -0.3541 1.9285, 1.2005 -0.2345 1.9264, 1.012 -0.6089 1.9685, 1.0414 -0.6266 1.9339, 1.0456 -0.6204 1.9338, 1.058 -0.5096 1.9685, 1.0768 -0.5638 1.9326, 1.1053 -0.5119 1.9315, 1.1539 -0.397 1.9293, 0.9753 -0.7223 1.936, 0.9182 -0.7324 1.9685, 0.9718 -0.7266 1.9361, 0.9517 -0.752 1.9367, 0.6754 -0.9997 1.9431, 0.677 -0.9986 1.943, 0.6628 -0.9776 1.9685, 0.6966 -0.9844 1.9426, 0.7323 -0.9186 1.9685, 0.7755 -0.927 1.941, 0.8421 -0.8673 1.9395, 0.5096 -1.0588 1.9685, 0.5401 -1.0758 1.9456, 0.6435 -1.0199 1.9437, 0.4217 -1.1255 1.9477, 0.4446 -1.116 1.9473, 0.5351 -1.0785 1.9457, -1.1506 -0.2625 1.9685, -1.2496 -0.2751 1.8701, -1.1613 -0.5373 1.8701, -1.0186 -0.7743 1.8701, -1.0626 -0.5115 1.9685, -1.0719 -0.4959 1.9685, -0.8283 -0.9752 1.8701, -0.9215 -0.7346 1.9685, -0.9403 -0.7148 1.9685, -0.5993 -1.1305 1.8701, -0.7345 -0.9206 1.9685, -0.7646 -0.9002 1.9685, -0.3423 -1.2329 1.8701, -0.511 -1.0604 1.9685, -0.5532 -1.0435 1.9685, -0.0693 -1.2777 1.8701, -0.2621 -1.1469 1.9685, -0.316 -1.1381 1.9685, 0.2613 -1.146 1.9685, 0.1911 -1.1655 1.9685, -0.0003 -1.1759 1.9685, -0.0639 -1.1794 1.9685, -1.1535 -0.2539 1.9685, -1.1811 0.0 1.9685, -1.2795 0.0 1.8701, -1.1535 0.2539 1.9685, -1.2496 0.2751 1.8701, -1.1506 0.2625 1.9685, -1.0719 0.4959 1.9685, 0.9806 -0.8149 0.3937, 0.9289 -0.8799 0.3937, 1.0328 -0.7541 0.3937, 1.0386 -0.7474 0.3937, -1.1115 -0.5716 0.3937, -1.1242 -0.5493 0.3937, -1.1613 -0.5373 0.3937, -1.2231 -0.3194 0.3937, -1.2496 -0.2751 0.3937, -1.1964 -0.3911 0.3937, -1.1795 -0.4368 0.3937, -1.2795 0.0 0.3937, -1.272 -0.1389 0.3937, -1.2786 -0.0096 0.3937, -1.2677 -0.125 0.3937, 0.5467 -1.1232 0.3937, 0.4303 -1.1664 0.3937, 0.4736 -1.1887 0.3937, 0.3933 -1.1767 0.3937, 0.3721 -1.1826 0.3937, 0.3547 -1.1874 0.3937, 0.207 -1.2627 0.3937, 0.2328 -1.2107 0.3937, 0.2025 -1.2145 0.3937, 0.2023 -1.2145 0.3937, 0.0786 -1.2222 0.3937, -0.0693 -1.2777 0.3937, 0.0071 -1.2193 0.3937, -0.8283 -0.9752 0.3937, -0.7441 -0.9688 0.3937, -0.8429 -0.893 0.3937, -0.9969 -0.7339 0.3937, -1.0052 -0.7236 0.3937, -1.0186 -0.7743 0.3937, -1.0421 -0.678 0.3937, -1.1112 -0.5722 0.3937, -1.2537 -0.2017 0.3937, -1.2549 -0.1973 0.3937, -1.2618 -0.1612 0.3937, -0.0453 -1.2172 0.3937, -0.1689 -1.1995 0.3937, -0.3423 -1.2329 0.3937, -0.1853 -1.1958 0.3937, -0.2419 -1.1829 0.3937, -0.8626 -0.8756 0.3937, -0.8753 -0.8644 0.3937, -0.9634 -0.7754 0.3937, 0.7384 -1.0197 0.3937, 0.728 -1.0268 0.3937, 0.7181 -1.0591 0.3937, 0.6177 -1.09 0.3937, 0.5728 -1.111 0.3937, -0.5302 -1.0875 0.3937, -0.5506 -1.0775 0.3937, -0.5993 -1.1305 0.3937, -0.6397 -1.0337 0.3937, -0.711 -0.9895 0.3937, 0.8938 -0.9003 0.3937, 0.8899 -0.9042 0.3937, 0.7903 -0.9843 0.3937, -0.3602 -1.1455 0.3937, -0.3765 -1.1403 0.3937, -0.4833 -1.1064 0.3937, -0.7002 -0.9747 0.4032, -0.6935 -0.9803 0.4029, -0.7162 -1.0124 0.4226, -0.8422 -0.855 0.4079, -0.8363 -0.8617 0.4077, -0.8637 -0.8899 0.4274, -1.1849 -0.1907 0.4283, -1.1841 -0.1993 0.4281, -1.223 -0.2058 0.4478, -1.2002 -0.009 0.4329, -1.2007 -0.0173 0.4327, -1.24 -0.0178 0.4523, -1.1877 0.1722 0.4373, -1.1895 0.164 0.4371, -1.2285 0.1694 0.4568, -1.1465 0.3548 0.4422, -1.1496 0.3468 0.442, -1.1873 0.3581 0.4617, -1.076 0.5316 0.4474, -1.0803 0.5242 0.4471, -1.1157 0.5414 0.4668, -0.9778 0.6959 0.4526, -0.9832 0.6893 0.4524, -1.0154 0.7119 0.472, -0.8557 0.8415 0.4577, -0.862 0.836 0.4575, -0.8903 0.8634 0.4772, -0.7152 0.9638 0.4625, -0.7221 0.9594 0.4623, -0.7457 0.9909 0.482, -0.5623 1.0604 0.4669, -0.5695 1.0571 0.4667, -0.5882 1.0918 0.4864, -0.3941 1.1336 0.4715, -0.4019 1.1315 0.4713, -0.4151 1.1686 0.491, -0.2119 1.1813 0.4765, -0.2201 1.1804 0.4763, -0.2273 1.2192 0.496, -0.0218 1.2 0.4817, -0.03 1.2004 0.4815, -0.031 1.2398 0.5011, 0.1691 1.1882 0.4869, 0.1611 1.1899 0.4867, 0.1664 1.2289 0.5064, 0.3536 1.1469 0.4919, 0.3462 1.1498 0.4917, 0.3576 1.1875 0.5114, 0.5255 1.0791 0.4966, 0.5188 1.0829 0.4965, 0.5359 1.1184 0.5161, 0.6813 0.9881 0.501, 0.6754 0.9929 0.5008, 0.6975 1.0254 0.5205, 0.8251 0.8716 0.5057, 0.8199 0.8773 0.5055, 0.8468 0.9061 0.5252, 0.9519 0.731 0.5108, 0.9476 0.7375 0.5106, 0.9787 0.7617 0.5303, 1.056 0.5704 0.516, 1.0528 0.5776 0.5158, 1.0873 0.5965 0.5355, 1.1331 0.3958 0.5212, 1.1311 0.4032 0.521, 1.1681 0.4165 0.5407, 1.181 0.2139 0.5262, 1.1802 0.2214 0.526, 1.2189 0.2286 0.5457, 1.1998 0.0318 0.5307, 1.2002 0.039 0.5306, 1.2395 0.0403 0.5503, 1.1909 -0.1491 0.5352, 1.1924 -0.1419 0.535, 1.2315 -0.1466 0.5547, 1.1534 -0.3318 0.54, 1.156 -0.3249 0.5398, 1.1939 -0.3355 0.5595, 1.0865 -0.5098 0.5451, 1.0902 -0.5033 0.5449, 1.126 -0.5198 0.5646, 0.9917 -0.6761 0.5504, 0.9963 -0.6703 0.5502, 1.029 -0.6923 0.5698, 0.8724 -0.8244 0.5555, 0.8777 -0.8195 0.5553, 0.9065 -0.8463 0.575, 0.7339 -0.9498 0.5603, 0.7397 -0.9459 0.5602, 0.764 -0.9769 0.5799, 0.5824 -1.0496 0.5648, 0.5885 -1.0467 0.5646, 0.6078 -1.081 0.5843, 0.4163 -1.1258 0.5693, 0.423 -1.1238 0.5692, 0.4368 -1.1607 0.5888, 0.2355 -1.1769 0.5743, 0.2426 -1.176 0.5741, 0.2505 -1.2146 0.5938, 0.0461 -1.1994 0.5794, 0.0532 -1.1996 0.5793, 0.0549 -1.2389 0.5989, -0.1451 -1.1915 0.5847, -0.1382 -1.1928 0.5845, -0.1428 -1.2319 0.6042, -0.3309 -1.1538 0.5897, -0.3245 -1.1561 0.5896, -0.3351 -1.194 0.6093, -0.5047 -1.0891 0.5945, -0.4989 -1.0922 0.5943, -0.5152 -1.1281 0.614, -0.6623 -1.0011 0.5989, -0.6571 -1.005 0.5987, -0.6787 -1.038 0.6184, -0.8078 -0.8878 0.6035, -0.8032 -0.8926 0.6034, -0.8296 -0.9219 0.6231, -0.9371 -0.75 0.6086, -0.9333 -0.7555 0.6084, -0.9639 -0.7803 0.6281, -1.0443 -0.5917 0.6138, -1.0414 -0.5977 0.6136, -1.0756 -0.6173 0.6333, -1.125 -0.4185 0.619, -1.1231 -0.4248 0.6188, -1.16 -0.4387 0.6385, -1.1767 -0.2371 0.624, -1.1758 -0.2435 0.6238, -1.2144 -0.2515 0.6435, -1.1991 -0.0546 0.6286, -1.1992 -0.0608 0.6285, -1.2386 -0.0628 0.6481, -1.1937 0.126 0.633, -1.1948 0.1199 0.6328, -1.234 0.1238 0.6525, -1.1599 0.3088 0.6378, -1.162 0.3029 0.6376, -1.2001 0.3128 0.6573, -0.7523 0.9354 0.6582, -0.7572 0.932 0.658, -0.782 0.9625 0.6777, -0.6021 1.0384 0.6627, -0.6073 1.0359 0.6625, -0.6272 1.0699 0.6822, -0.4382 1.1175 0.6672, -0.4438 1.1158 0.667, -0.4584 1.1523 0.6867, -0.2591 1.172 0.6721, -0.2649 1.1712 0.6719, -0.2736 1.2096 0.6916, -0.0703 1.1983 0.6772, -0.0762 1.1984 0.6771, -0.0787 1.2377 0.6967, 0.1211 1.1942 0.6824, 0.1153 1.1952 0.6823, 0.1191 1.2344 0.702, 0.3079 1.1602 0.6875, 0.3025 1.1621 0.6874, 0.3124 1.2002 0.7071, 0.4835 1.0987 0.6923, 0.4787 1.1013 0.6922, 0.4944 1.1374 0.7119, 0.6431 1.0136 0.6967, 0.6387 1.0168 0.6966, 0.6597 1.0501 0.7163, 0.7902 0.9036 0.7014, 0.7863 0.9075 0.7012, 0.8121 0.9373 0.7209, 0.9219 0.7688 0.7063, 0.9187 0.7733 0.7062, 0.9488 0.7986 0.7259, 1.0322 0.6127 0.7115, 1.0297 0.6177 0.7114, 1.0635 0.6379 0.7311, 1.1164 0.441 0.7168, 1.1148 0.4462 0.7166, 1.1513 0.4609 0.7363, 1.1718 0.2603 0.7218, 1.1711 0.2655 0.7217, 1.2095 0.2742 0.7413, 1.1979 0.0776 0.7265, 1.1979 0.0827 0.7264, 1.2372 0.0854 0.746, 1.196 -0.1029 0.7308, 1.1968 -0.0979 0.7307, 1.236 -0.1011 0.7504, 1.1659 -0.2858 0.7356, 1.1675 -0.2809 0.7354, 1.2057 -0.2901 0.7551, 1.1064 -0.4657 0.7407, 1.1087 -0.4611 0.7405, 1.1451 -0.4762 0.7602, 1.0183 -0.6356 0.7459, 1.0214 -0.6315 0.7457, 1.0548 -0.6522 0.7654, 0.9047 -0.7889 0.7511, 0.9083 -0.7854 0.7509, 0.9381 -0.8112 0.7706, 0.7705 -0.9205 0.756, 0.7744 -0.9177 0.7559, 0.7998 -0.9478 0.7756, 0.6217 -1.0269 0.7606, 0.6259 -1.0248 0.7604, 0.6464 -1.0584 0.7801, 0.46 -1.1088 0.765, 0.4644 -1.1073 0.7649, 0.4797 -1.1436 0.7846, 0.2824 -1.1667 0.7698, 0.2871 -1.166 0.7697, 0.2965 -1.2042 0.7894, 0.0945 -1.1967 0.775, 0.0993 -1.1967 0.7748, 0.1025 -1.2359 0.7945, -0.097 -1.1965 0.7802, -0.0923 -1.1972 0.7801, -0.0953 -1.2365 0.7998, -0.2848 -1.1662 0.7853, -0.2804 -1.1676 0.7852, -0.2896 -1.2059 0.8049, -0.4622 -1.1079 0.7902, -0.4582 -1.1099 0.7901, -0.4732 -1.1463 0.8098, -1.0197 -0.6335 0.8093, -1.0176 -0.6374 0.8092, -1.051 -0.6583 0.8289, -1.1074 -0.4635 0.8145, -1.106 -0.4675 0.8144, -1.1423 -0.4829 0.8341, -1.1665 -0.2835 0.8196, -1.1658 -0.2876 0.8195, -1.2041 -0.297 0.8392, -1.1963 -0.1006 0.8243, -1.1962 -0.1046 0.8242, -1.2354 -0.108 0.8439, -1.1978 0.0799 0.8287, -1.1984 0.076 0.8286, -1.2377 0.0785 0.8483, -1.1714 0.2627 0.8334, -1.1726 0.2589 0.8333, -1.211 0.2673 0.853, -1.1156 0.4433 0.8384, -1.1174 0.4397 0.8383, -1.154 0.4542 0.858, -1.031 0.6149 0.8436, -1.0333 0.6117 0.8435, -1.0672 0.6317 0.8632, -0.826 -0.9723 0.445, -0.8911 -0.9182 0.4471, -1.0181 -0.7738 0.4519, -1.0246 -0.7664 0.4522, -0.9931 -0.7428 0.4325, -1.2458 0.2742 0.479, -1.225 0.3695 0.4813, -0.5991 1.1299 0.5063, -0.4283 1.2057 0.5107, 0.4722 1.1852 0.5338, 0.5529 1.1539 0.5358, 1.2683 0.1379 0.5677, 1.2789 0.0415 0.5699, 0.9285 -0.8794 0.5949, 0.7882 -1.0079 0.5995, 0.716 -1.056 0.6015, 0.6271 -1.1153 0.604, -0.0691 -1.2738 0.6219, -0.1473 -1.271 0.6239, -1.1576 -0.5355 0.6558, -1.1968 -0.4527 0.6582, -0.0693 1.2768 0.7167, 0.1229 1.2736 0.7217, 0.9263 0.8773 0.7437, 0.9789 0.824 0.7456, 1.2088 -0.4073 0.7777, 1.1814 -0.4913 0.7799, 0.4731 -1.1871 0.8048, 0.306 -1.2424 0.8091, -1.276 0.0 0.8661, -1.277 0.081 0.868, 0.2065 1.2591 0.9206, 0.2751 1.2496 0.9224, 0.2666 1.2112 0.9027, 0.4519 1.1549 0.9076, 1.2102 -0.4079 0.9745, 1.1994 -0.4457 0.9755, 1.1625 -0.432 0.9558, 1.0792 -0.611 0.961, 0.2064 -1.2596 1.0085, 0.1547 -1.2701 1.0098, 0.15 -1.2311 0.9901, -0.0477 -1.2392 0.9954, -1.1229 -0.5264 1.0297, -1.0249 -0.6983 1.0245, -1.0574 -0.7204 1.0441, -1.2202 0.2217 1.0487, -1.2397 0.0335 1.0441, -1.2791 0.0345 1.0638, -0.598 1.1282 1.0968, -0.5593 1.1508 1.0979, -0.5421 1.1154 1.0782, -0.3644 1.1854 1.0829, 0.7165 1.0565 1.1307, 0.7637 1.0266 1.132, 0.7402 0.9951 1.1123, 0.8853 0.8685 1.1171, 1.2276 0.1763 1.1375, 1.1852 0.365 1.1326, 1.2229 0.3766 1.1523, 1.1781 -0.3873 1.1514, 1.2241 -0.1989 1.1465, 1.263 -0.2052 1.1662, 0.7219 -1.0084 1.1717, 0.8688 -0.885 1.1669, 0.8964 -0.9131 1.1866, -0.3415 -1.2297 1.2194, -0.3987 -1.2158 1.2209, -0.3864 -1.1784 1.2012, -0.5622 -1.1054 1.2058, -1.2461 -0.2742 1.2533, -1.2629 -0.2054 1.2551, -1.2241 -0.1991 1.2354, -1.2401 -0.0113 1.2399, -1.0114 0.7177 1.2596, -1.1127 0.5477 1.2544, -1.148 0.5651 1.2741, -0.5823 1.0949 1.274, -0.7403 0.9949 1.2696, -0.7638 1.0265 1.2892, 0.1733 1.228 1.294, -0.024 1.2399 1.2887, -0.0248 1.2793 1.3084, 1.0936 0.6579 1.3413, 1.1253 0.6091 1.3428, 1.0906 0.5903 1.3231, 1.1705 0.4099 1.3283, 0.9017 -0.8514 1.3626, 1.025 -0.6981 1.3574, 1.0575 -0.7203 1.3771, 0.2437 -1.216 1.3813, 0.4305 -1.1631 1.3764, 0.4441 -1.2 1.3961, -0.8267 -0.9731 1.4293, -0.8612 -0.9464 1.4303, -0.8347 -0.9172 1.4106, -0.9683 -0.7749 1.4157, -1.2465 0.2745 1.4632, -1.2363 0.3297 1.4646, -1.1983 0.3195 1.4449, -1.1329 0.5045 1.45, -0.6215 1.0732 1.4698, -0.7767 0.9668 1.4653, -0.8014 0.9975 1.485, -0.0717 1.2381 1.4843, -0.2668 1.2111 1.4792, -0.2753 1.2496 1.4988, 0.6653 1.0466 1.5039, 0.5005 1.1347 1.4995, 0.5164 1.1707 1.5191, 1.2689 0.1379 1.5519, 1.2769 0.0812 1.5533, 1.2377 0.0787 1.5336, -0.3578 1.1874 1.8705, 0.9015 -0.908 0.399, 0.927 -0.8783 0.398, 1.0334 -0.7545 0.3939, 0.7504 -1.0364 0.4038, 0.5863 -1.1373 0.4082, 0.7168 -1.057 0.4047, 0.4056 -1.2135 0.4128, 0.4722 -1.1854 0.4111, 0.2891 -1.206 0.3959, 0.2039 -1.2233 0.3981, 0.0071 -1.2401 0.4034, -0.1899 -1.2255 0.4086, -0.3799 -1.1805 0.4136, 0.368 -1.143 1.9486, 0.3762 -1.1397 1.9484, 0.5387 -1.0732 1.9439, 0.6936 -0.9802 1.9396, 0.546 -1.0688 1.9437, 0.7002 -0.9747 1.9394, 0.8364 -0.8615 1.9348, 0.8422 -0.855 1.9346, 0.9617 -0.719 1.9297, 1.0638 -0.557 1.9245, 0.9664 -0.7116 1.9295, 1.0672 -0.5489 1.9243, 1.1386 -0.3814 1.9193, 1.1407 -0.373 1.9191, 1.1849 -0.1907 1.9142, 1.1842 -0.1991 1.9144, 1.1895 0.1642 1.9054, 1.2002 -0.009 1.9097, 1.2007 -0.0171 1.9099, 1.1496 0.3469 1.9005, 1.1877 0.1722 1.9052, 1.1465 0.3548 1.9003, 0.9831 0.6895 1.8902, 1.076 0.5316 1.8952, 1.0802 0.5244 1.8954, 0.9778 0.696 1.8899, 0.8901 0.8635 1.9047, 0.9314 0.8212 1.907, 0.7456 0.991 1.8999, 0.588 1.0919 1.8955, 0.4149 1.1687 1.8909, 0.2271 1.2192 1.8859, 0.0308 1.2398 1.8807, -0.1666 1.2289 1.8755, -0.536 1.1183 1.8657, -0.6977 1.0253 1.8614, -0.8469 0.9059 1.8567, -0.9788 0.7615 1.8516, -1.1219 0.6152 1.8661, -1.1576 0.5356 1.8639, -1.0874 0.5963 1.8464, -1.2053 0.4295 1.8609, -1.1682 0.4163 1.8412, -1.2472 0.2744 1.8569, -1.2576 0.2357 1.8559, -1.2189 0.2284 1.8362, -1.2789 0.0413 1.8513, -1.2395 0.0401 1.8316, -1.2771 0.0001 1.8504, -1.2705 -0.1514 1.8469, -1.1616 -0.5365 1.837, -1.2318 -0.3464 1.8421, -1.1939 -0.3357 1.8224, -1.2461 -0.2744 1.8439, -1.2314 -0.1468 1.8272, -1.1612 -0.5372 1.8369, -1.1259 -0.52 1.8173, -1.0288 -0.6925 1.812, -0.9351 -0.8733 1.8266, -1.0157 -0.772 1.8299, -1.0615 -0.7144 1.8317, -0.6269 -1.1154 1.8173, -0.7881 -1.008 1.8217, -0.7638 -0.977 1.802, -0.8263 -0.973 1.823, -0.9064 -0.8465 1.8069, -0.5985 -1.1287 1.8165, -0.6076 -1.0811 1.7976, -0.4505 -1.1976 1.8127, -0.4366 -1.1607 1.793, -0.3412 -1.2292 1.8099, -0.2583 -1.2532 1.8078, -0.2503 -1.2146 1.7881, -0.0692 -1.2767 1.803, -0.0547 -1.239 1.7829, -0.0564 -1.2783 1.8026, 0.1475 -1.271 1.7974, 0.2064 -1.2594 1.7959, 0.143 -1.2319 1.7777, 0.3459 -1.2319 1.7923, 0.3353 -1.194 1.7726, 0.4725 -1.1855 1.7891, 0.5318 -1.1638 1.7875, 0.5154 -1.128 1.7679, 0.7004 -1.0708 1.7832, 0.6788 -1.0379 1.7635, 0.7172 -1.0579 1.7827, 0.8561 -0.951 1.7785, 0.8297 -0.9217 1.7588, 0.9261 -0.8772 1.776, 0.964 -0.7802 1.7538, 0.9946 -0.8049 1.7735, 1.0949 -0.6586 1.769, 1.1098 -0.6367 1.7683, 1.0757 -0.6172 1.7486, 1.1969 -0.4525 1.7631, 1.16 -0.4385 1.7434, 1.2098 -0.4078 1.7619, 1.253 -0.2592 1.7581, 1.2731 0.128 1.749, 1.2779 -0.0646 1.7534, 1.2386 -0.0626 1.7337, 1.2685 -0.1379 1.7552, 1.2144 -0.2513 1.7384, 1.2713 0.1382 1.7488, 1.2339 0.124 1.7294, 1.2 0.313 1.7246, 1.1717 0.5141 1.7392, 1.2088 0.4073 1.742, 1.2381 0.323 1.7443, 0.9516 0.8554 1.7288, 1.0751 0.6939 1.7339, 1.042 0.6725 1.7143, 1.0941 0.6584 1.735, 1.1357 0.4983 1.7195, 0.9274 0.8784 1.728, 0.9223 0.8291 1.7091, 0.8067 0.9932 1.7239, 0.7819 0.9627 1.7042, 0.716 1.0561 1.7213, 0.6469 1.104 1.7193, 0.627 1.07 1.6997, 0.4736 1.1886 1.7149, 0.4582 1.1524 1.6952, 0.4727 1.189 1.7149, 0.2821 1.248 1.71, 0.2065 1.2589 1.7081, 0.2734 1.2096 1.6903, 0.081 1.277 1.7048, 0.0785 1.2377 1.6851, -0.0692 1.2745 1.701, -0.1231 1.2736 1.6996, -0.1193 1.2344 1.6799, -0.3225 1.2382 1.6945, -0.3126 1.2001 1.6748, -0.3418 1.2315 1.694, -0.5102 1.1734 1.6897, -0.4945 1.1373 1.67, -0.5976 1.1273 1.6874, -0.6598 1.05 1.6656, -0.6808 1.0834 1.6853, -0.8278 0.9745 1.681, -0.8381 0.9669 1.6807, -0.8123 0.9371 1.661, -0.9791 0.8238 1.6757, -0.9489 0.7985 1.656, -1.0158 0.7723 1.6741, -1.0974 0.658 1.6705, -1.2479 0.2828 1.6602, -1.188 0.4753 1.6653, -1.1514 0.4607 1.6456, -1.158 0.5357 1.667, -1.0636 0.6378 1.6508, -1.249 0.275 1.66, -1.2095 0.2741 1.6405, -1.2372 0.0852 1.6358, -1.2752 -0.1046 1.6512, -1.2759 0.0 1.6535, -1.2765 0.0879 1.6555, -1.1814 -0.4915 1.6414, -1.244 -0.2995 1.6464, -1.2057 -0.2903 1.6268, -1.2479 -0.2748 1.647, -1.236 -0.1013 1.6315, -1.1586 -0.5359 1.6401, -1.145 -0.4764 1.6217, -1.0882 -0.673 1.6361, -1.0547 -0.6523 1.6165, -1.0155 -0.772 1.633, -0.9677 -0.8371 1.631, -0.9379 -0.8113 1.6113, -0.8281 -0.975 1.6261, -0.7997 -0.9479 1.6063, -0.8251 -0.978 1.626, -0.6667 -1.0921 1.6214, -0.5977 -1.1274 1.6197, -0.6462 -1.0585 1.6018, -0.4947 -1.18 1.617, -0.4795 -1.1437 1.5973, -0.3416 -1.2306 1.6131, -0.3057 -1.2425 1.6122, -0.2963 -1.2042 1.5925, -0.1056 -1.2752 1.607, -0.1023 -1.2359 1.5874, -0.0693 -1.2753 1.6061, 0.0986 -1.2757 1.6018, 0.4732 -1.1876 1.5922, 0.299 -1.2441 1.5967, 0.2898 -1.2058 1.577, 0.2064 -1.2587 1.599, 0.0955 -1.2365 1.5821, 0.4884 -1.1826 1.5918, 0.4734 -1.1462 1.5721, 0.6611 -1.0955 1.5874, 0.6407 -1.0618 1.5677, 0.7161 -1.0563 1.5858, 0.8198 -0.9824 1.5828, 1.0845 -0.679 1.5727, 0.9631 -0.8423 1.5779, 0.9335 -0.8164 1.5582, 0.9269 -0.8778 1.5791, 0.7946 -0.9522 1.5631, 1.0949 -0.6589 1.5721, 1.0511 -0.6581 1.553, 1.1424 -0.4827 1.5478, 1.2423 -0.3062 1.5624, 1.2088 -0.4073 1.5651, 1.1786 -0.498 1.5675, 1.2041 -0.2968 1.5427, 1.2355 -0.1078 1.538, 1.2702 -0.138 1.5583, 1.2747 -0.1113 1.5577, 1.2494 0.276 1.5486, 1.211 0.2675 1.5289, 1.2093 0.4075 1.5452, 1.1539 0.4544 1.5239, 1.1906 0.4688 1.5436, 1.101 0.652 1.5384, 1.0671 0.6319 1.5187, 1.0958 0.6593 1.5381, 0.9533 0.7933 1.5135, 0.9835 0.8184 1.5331, 0.6864 1.0798 1.5235, 0.7167 1.0572 1.5244, 0.8173 0.9328 1.5085, 0.8432 0.9624 1.5282, 0.9262 0.8773 1.5311, 0.1261 1.2337 1.4896, 0.2063 1.2589 1.5112, 0.3191 1.1984 1.4947, 0.3293 1.2364 1.5143, 0.4727 1.186 1.518, -0.074 1.2774 1.504, -0.0693 1.2773 1.5041, 0.1301 1.2729 1.5092, -0.6412 1.1073 1.4895, -0.5982 1.128 1.4906, -0.452 1.1548 1.4743, -0.4664 1.1915 1.4939, -0.3413 1.2295 1.4972, -1.0383 0.6782 1.4552, -1.0155 0.7719 1.4772, -0.9178 0.8341 1.4604, -0.9469 0.8606 1.4801, -0.8268 0.9736 1.4841, -1.1689 0.5205 1.4697, -1.1601 0.5366 1.4701, -1.0712 0.6998 1.4749, -1.2724 0.1347 1.4598, -1.2333 0.1305 1.4401, -1.2765 -0.0001 1.4567, -1.2389 -0.0561 1.4357, -1.2782 -0.0579 1.4554, -1.2544 -0.2525 1.4508, -1.2158 -0.2447 1.4311, -1.2481 -0.2746 1.4502, -1.1624 -0.4322 1.4261, -1.1993 -0.4459 1.4458, -0.999 -0.7995 1.4353, -1.0168 -0.7731 1.4362, -1.0791 -0.6112 1.4209, -1.1133 -0.6306 1.4406, -1.1576 -0.5355 1.4432, -0.706 -1.0671 1.4256, -0.6842 -1.0343 1.406, -0.5977 -1.1276 1.4228, -0.5213 -1.1253 1.4016, -0.5379 -1.161 1.4213, -0.3526 -1.23 1.4165, -0.3417 -1.1921 1.3968, -0.3422 -1.2321 1.4163, -0.1497 -1.2311 1.3918, -0.1545 -1.2702 1.4114, 0.2514 -1.2546 1.401, 0.2067 -1.2599 1.4022, 0.0479 -1.2392 1.3865, 0.0494 -1.2786 1.4062, -0.0691 -1.2737 1.4093, 0.7586 -0.9811 1.3674, 0.7161 -1.0561 1.3889, 0.6021 -1.0842 1.3719, 0.6212 -1.1186 1.3916, 0.4728 -1.1868 1.3954, 0.9304 -0.8784 1.3822, 0.9288 -0.8798 1.3823, 0.7827 -1.0122 1.3871, 1.192 -0.3422 1.3471, 1.2095 -0.4074 1.3682, 1.123 -0.5262 1.3522, 1.1586 -0.5429 1.3719, 1.0931 -0.6578 1.3753, 1.2397 0.0337 1.3378, 1.2707 -0.1383 1.3615, 1.2306 -0.1533 1.3422, 1.2697 -0.1582 1.3619, 1.2299 -0.353 1.3667, 1.2201 0.2219 1.3332, 1.2683 0.138 1.3551, 1.2791 0.0347 1.3575, 1.2076 0.4229 1.348, 1.2115 0.4083 1.3483, 1.2589 0.229 1.3529, 1.0142 0.7802 1.3375, 0.983 0.7562 1.3179, 0.9262 0.8775 1.3343, 0.8518 0.9014 1.3128, 0.8788 0.93 1.3325, 0.7254 1.0541 1.3278, 0.703 1.0216 1.3081, 0.7177 1.0585 1.3276, 0.5419 1.1155 1.3037, 0.5591 1.1509 1.3234, 0.1788 1.267 1.3136, 0.2066 1.2608 1.3144, 0.3642 1.1855 1.299, 0.3757 1.2231 1.3187, 0.4722 1.1851 1.3212, -0.4086 1.1709 1.2786, -0.3413 1.2292 1.3003, -0.2204 1.2204 1.2835, -0.2274 1.2592 1.3032, -0.069 1.2749 1.3073, -0.6008 1.1297 1.2936, -0.5993 1.1304 1.2937, -0.4216 1.2081 1.2982, -1.0435 0.7405 1.2793, -1.0166 0.7726 1.2804, -0.8854 0.8684 1.2647, -0.9135 0.8959 1.2844, -0.8259 0.9724 1.2873, -1.2276 0.1761 1.2444, -1.2458 0.2742 1.2664, -1.1853 0.3648 1.2492, -1.2229 0.3764 1.2689, -1.1593 0.5365 1.2733, -1.2795 -0.0116 1.2596, -1.2787 -0.0001 1.2599, -1.2666 0.1817 1.264, -1.2155 -0.3998 1.2501, -1.1781 -0.3875 1.2305, -1.1583 -0.536 1.2464, -1.1018 -0.5692 1.2253, -1.1368 -0.5873 1.245, -1.029 -0.7606 1.2397, -0.9973 -0.7372 1.2201, -1.0177 -0.7735 1.2393, -0.8687 -0.8851 1.215, -0.8962 -0.9132 1.2347, -0.58 -1.1405 1.2255, -0.5986 -1.1292 1.226, -0.7217 -1.0085 1.2102, -0.7446 -1.0406 1.2299, -0.8259 -0.9723 1.2324, -0.2031 -1.2633 1.2158, -0.1968 -1.2244 1.1962, -0.069 -1.274 1.2124, 0.0001 -1.2402 1.1909, 0.0001 -1.2795 1.2106, 0.2033 -1.2633 1.2054, 0.197 -1.2244 1.1857, 0.2069 -1.2624 1.2053, 0.3866 -1.1784 1.1807, 0.3989 -1.2158 1.2004, 0.7448 -1.0404 1.1914, 0.717 -1.0573 1.1921, 0.5623 -1.1053 1.1761, 0.5802 -1.1404 1.1958, 0.4722 -1.1853 1.1985, 1.1019 -0.569 1.1566, 1.093 -0.6576 1.1784, 0.9974 -0.737 1.1618, 1.0291 -0.7604 1.1815, 0.9268 -0.8781 1.1854, 1.2155 -0.3996 1.1711, 1.2119 -0.4083 1.1714, 1.1369 -0.5871 1.1763, 1.2665 0.1819 1.1572, 1.2695 0.1382 1.1582, 1.2401 -0.0111 1.142, 1.2795 -0.0114 1.1617, 1.2687 -0.1381 1.1646, 1.0113 0.7179 1.1223, 1.0929 0.6576 1.1444, 1.1126 0.5479 1.1275, 1.1479 0.5653 1.1472, 1.2105 0.4077 1.1515, 0.9134 0.8961 1.1368, 0.9277 0.8789 1.1374, 1.0434 0.7406 1.1419, 0.6006 1.1298 1.1276, 0.5822 1.095 1.1079, 0.4724 1.1859 1.1243, 0.4084 1.171 1.1033, 0.4214 1.2081 1.123, 0.2272 1.2592 1.118, 0.2202 1.2205 1.0983, 0.2069 1.2612 1.1175, 0.0238 1.2399 1.0931, 0.0245 1.2793 1.1128, -0.3759 1.2231 1.1026, -0.3418 1.2307 1.1034, -0.1735 1.228 1.0879, -0.179 1.2669 1.1076, -0.069 1.2736 1.1104, -0.7255 1.0539 1.0935, -0.7032 1.0215 1.0738, -0.8262 0.9725 1.0904, -0.8519 0.9012 1.0691, -0.879 0.9298 1.0888, -1.0143 0.78 1.0837, -0.9831 0.756 1.064, -1.0182 0.774 1.0835, -1.0907 0.5901 1.0588, -1.1254 0.6089 1.0785, -1.2589 0.2288 1.0683, -1.2469 0.2743 1.0695, -1.1705 0.4097 1.0536, -1.2077 0.4227 1.0733, -1.1577 0.5357 1.0764, -1.192 -0.3424 1.0348, -1.246 -0.2743 1.0565, -1.2306 -0.1535 1.0397, -1.2697 -0.1584 1.0593, -1.2774 0.0001 1.063, -1.1585 -0.5431 1.0494, -1.1608 -0.5371 1.0495, -1.2298 -0.3533 1.0545, -0.7585 -0.9812 1.0145, -0.8262 -0.9728 1.0356, -0.9016 -0.8515 1.0193, -0.9302 -0.8786 1.039, -1.0159 -0.7721 1.0425, -0.4303 -1.1631 1.0055, -0.5987 -1.129 1.0291, -0.6019 -1.0843 1.01, -0.621 -1.1187 1.0297, -0.7825 -1.0123 1.0341, -0.2435 -1.216 1.0005, -0.3412 -1.2291 1.0225, -0.4439 -1.2001 1.0252, -0.0492 -1.2786 1.015, -0.0691 -1.2762 1.0156, -0.2512 -1.2546 1.0202, 0.3528 -1.2299 1.0047, 0.3419 -1.1921 0.985, 0.4724 -1.1854 1.0017, 0.5215 -1.1252 0.9803, 0.5381 -1.1609 1.0, 0.7061 -1.067 0.9956, 0.6844 -1.0342 0.9759, 0.7174 -1.0582 0.9953, 0.8348 -0.9171 0.9713, 0.8613 -0.9462 0.9909, 1.1134 -0.6304 0.9807, 1.0945 -0.6584 0.9816, 0.9684 -0.7747 0.9662, 0.9992 -0.7993 0.9859, 0.926 -0.8772 0.9886, 1.2544 -0.2523 0.9705, 1.2158 -0.2445 0.9508, 1.2684 -0.1379 0.9678, 1.2389 -0.0559 0.9462, 1.2782 -0.0577 0.9659, 1.2724 0.1349 0.9615, 1.2332 0.1307 0.9418, 1.2718 0.1383 0.9614, 1.1982 0.3197 0.937, 1.2363 0.3299 0.9567, 1.0381 0.6784 0.9267, 1.0938 0.6583 0.9476, 1.1328 0.5047 0.9319, 1.1688 0.5207 0.9516, 1.2089 0.4073 0.9546, 0.7766 0.9669 0.9166, 0.9277 0.8786 0.9405, 0.9176 0.8342 0.9215, 0.9468 0.8607 0.9412, 1.0711 0.7 0.9464, 0.6213 1.0733 0.9121, 0.716 1.056 0.9339, 0.8012 0.9976 0.9363, 0.4662 1.1916 0.9273, 0.4734 1.1881 0.9275, 0.641 1.1074 0.9318, 0.0738 1.2774 0.9172, 0.0715 1.2381 0.8976, -0.0692 1.2742 0.9136, -0.1263 1.2337 0.8923, -0.1303 1.2729 0.912, -0.3295 1.2364 0.9069, -0.3193 1.1983 0.8872, -0.342 1.232 0.9066, -0.5007 1.1346 0.8824, -0.5166 1.1706 0.9021, -0.8174 0.9326 0.8734, -0.8275 0.9741 0.8936, -0.6655 1.0465 0.878, -0.6866 1.0797 0.8977, -0.5976 1.1273 0.9, -1.1011 0.6518 0.8829, -1.016 0.7725 0.8867, -0.9534 0.7931 0.8684, -0.9837 0.8183 0.8881, -0.8434 0.9622 0.8931, -1.2494 0.2758 0.8727, -1.1906 0.4686 0.8777, -1.2747 -0.1115 0.8636, -1.1786 -0.4982 0.8538, -1.2423 -0.3064 0.8589, -1.0844 -0.6792 0.8486, -1.1589 -0.536 0.8527, -0.963 -0.8425 0.8434, -0.9334 -0.8166 0.8237, -0.8278 -0.9746 0.8387, -0.7944 -0.9523 0.8187, -0.4883 -1.1827 0.8294, -0.5978 -1.1274 0.8323, -0.6406 -1.0619 0.8142, -0.6609 -1.0956 0.8339, -0.8197 -0.9825 0.8384, -0.0984 -1.2757 0.8195, -0.2988 -1.2442 0.8246, 0.1058 -1.2751 0.8142, -0.0693 -1.2757 0.8187, 0.6669 -1.092 0.7998, 0.4949 -1.1799 0.8042, 0.8252 -0.9779 0.7953, 0.7162 -1.0565 0.7984, 1.0883 -0.6729 0.7851, 0.9679 -0.8369 0.7903, 1.244 -0.2993 0.7748, 1.2765 0.0881 0.7657, 1.2753 -0.1044 0.7701, 1.2478 0.283 0.761, 1.2692 0.1379 0.7645, 1.0973 0.6582 0.7508, 1.1879 0.4755 0.756, 0.8379 0.967 0.7406, 0.5101 1.1735 0.7316, 0.6806 1.0835 0.736, 0.3223 1.2383 0.7268, 0.4728 1.1863 0.7306, -0.2823 1.248 0.7113, -0.0812 1.2769 0.7164, -0.4729 1.1889 0.7064, -0.3413 1.2297 0.7098, -0.8068 0.9931 0.6974, -0.6471 1.1038 0.7019, -0.9517 0.8552 0.6925, -0.9224 0.8289 0.6728, -1.0154 0.7719 0.6898, -1.0421 0.6723 0.6676, -1.2381 0.3228 0.677, -1.1718 0.5139 0.6821, -1.1357 0.4981 0.6624, -1.1597 0.5364 0.6827, -1.0752 0.6937 0.6873, -1.2731 0.1278 0.6722, -1.2468 0.2746 0.6758, -1.2529 -0.2594 0.6632, -1.2779 -0.0648 0.6678, -1.1097 -0.6369 0.653, -0.8559 -0.9511 0.6427, -0.9945 -0.8051 0.6478, -0.7002 -1.0709 0.6381, -0.827 -0.9734 0.6419, -0.3457 -1.2319 0.6289, -0.5316 -1.1639 0.6337, 0.0566 -1.2783 0.6186, 0.4507 -1.1975 0.6085, 0.2585 -1.2532 0.6135, 1.0616 -0.7143 0.5895, 0.9353 -0.8732 0.5947, 1.1617 -0.5363 0.5843, 1.0933 -0.6579 0.5879, 1.2706 -0.1512 0.5743, 1.2318 -0.3462 0.5792, 1.2576 0.2359 0.5653, 1.1218 0.6154 0.5552, 1.2052 0.4297 0.5604, 1.0097 0.7859 0.55, 1.0938 0.658 0.5539, 0.7197 1.058 0.5402, 0.8737 0.9348 0.5449, 0.3689 1.2252 0.5311, -0.032 1.2791 0.5208, 0.1717 1.268 0.5261, -0.2345 1.2579 0.5156, -0.069 1.2752 0.5199, -0.7694 1.0224 0.5017, -0.6068 1.1265 0.5061, -0.9185 0.8908 0.4969, -0.8259 0.9725 0.4999, -1.1512 0.5586 0.4865, -1.0477 0.7345 0.4917, -1.2675 0.1747 0.4765, -1.2618 -0.2124 0.4675, -1.2794 -0.0184 0.472, -1.2132 -0.4066 0.4626, -1.2463 -0.2742 0.4659, -1.1759 -0.3941 0.4429, -1.0986 -0.5754 0.4377, -1.1581 -0.5359 0.459, -1.1334 -0.5937 0.4574, -0.739 -1.0446 0.4423, -0.5739 -1.1436 0.4379, -0.5562 -1.1084 0.4183, -0.3919 -1.218 0.4333, -0.3416 -1.2299 0.432, -0.1959 -1.2644 0.4283, -0.069 -1.2738 0.425, 0.0074 -1.2795 0.423, 0.207 -1.2624 0.4179, 0.2104 -1.2621 0.4178, 0.7219 0.9596 1.8802, 0.8557 0.8415 1.8848, 0.8619 0.8361 1.885, 0.7152 0.9638 1.88, 0.4017 1.1316 1.8712, 0.5623 1.0604 1.8756, 0.5693 1.0572 1.8758, 0.3941 1.1337 1.871, 0.0298 1.2004 1.8611, 0.2119 1.1813 1.866, 0.2199 1.1805 1.8662, 0.0218 1.2 1.8608, -0.3464 1.1497 1.8508, -0.1691 1.1882 1.8556, -0.1613 1.1899 1.8558, -0.3536 1.1469 1.8506, -0.6755 0.9927 1.8417, -0.5255 1.0791 1.8459, -0.519 1.0828 1.8461, -0.6813 0.9881 1.8415, -0.9477 0.7374 1.8319, -0.8251 0.8716 1.8368, -0.82 0.8772 1.837, -0.9519 0.731 1.8317, -1.1311 0.4031 1.8215, -1.056 0.5704 1.8265, -1.0529 0.5774 1.8267, -1.1331 0.3958 1.8213, -1.2002 0.0388 1.812, -1.181 0.2139 1.8164, -1.1802 0.2212 1.8165, -1.1999 0.0318 1.8118, -1.156 -0.3251 1.8027, -1.191 -0.1491 1.8074, -1.1923 -0.1421 1.8075, -1.1535 -0.3318 1.8025, -0.9962 -0.6705 1.7924, -1.0866 -0.5098 1.7974, -1.0901 -0.5035 1.7976, -0.9917 -0.6761 1.7922, -0.7396 -0.946 1.7823, -0.8724 -0.8244 1.787, -0.8776 -0.8196 1.7872, -0.7339 -0.9498 1.7822, -0.4228 -1.1239 1.7734, -0.5824 -1.0496 1.7777, -0.5883 -1.0468 1.7779, -0.4163 -1.1258 1.7732, -0.053 -1.1996 1.7633, -0.2355 -1.1769 1.7682, -0.2424 -1.1761 1.7684, -0.0461 -1.1994 1.7631, 0.3246 -1.1561 1.7529, 0.1451 -1.1915 1.7578, 0.1384 -1.1928 1.758, 0.3309 -1.1538 1.7528, 0.6573 -1.0049 1.7438, 0.5047 -1.0891 1.748, 0.4991 -1.0922 1.7482, 0.6623 -1.0011 1.7436, 0.9334 -0.7554 1.7341, 0.8078 -0.8878 1.739, 0.8034 -0.8925 1.7391, 0.9371 -0.75 1.7339, 1.1232 -0.4246 1.7237, 1.0443 -0.5917 1.7287, 1.0415 -0.5976 1.7289, 1.125 -0.4185 1.7235, 1.1993 -0.0606 1.7141, 1.1767 -0.2371 1.7185, 1.1759 -0.2433 1.7187, 1.1991 -0.0546 1.7139, 1.1619 0.3031 1.7049, 1.1937 0.126 1.7095, 1.1948 0.1201 1.7097, 1.1599 0.3088 1.7047, 1.0089 0.6512 1.6946, 1.0967 0.4878 1.6996, 1.0996 0.4825 1.6998, 1.0052 0.656 1.6944, 0.757 0.9321 1.6845, 0.8887 0.8068 1.6892, 0.893 0.8027 1.6894, 0.7523 0.9354 1.6843, 0.4436 1.1158 1.6755, 0.6021 1.0384 1.6798, 0.6071 1.036 1.68, 0.4383 1.1175 1.6754, 0.076 1.1984 1.6655, 0.2591 1.1721 1.6705, 0.2647 1.1712 1.6706, 0.0703 1.1983 1.6653, -0.3027 1.162 1.6551, -0.1211 1.1942 1.6601, -0.1155 1.1952 1.6602, -0.3079 1.1602 1.655, -0.6389 1.0167 1.6459, -0.4835 1.0987 1.6502, -0.4788 1.1012 1.6503, -0.6431 1.0136 1.6458, -0.9188 0.7731 1.6363, -0.7902 0.9036 1.6412, -0.7865 0.9074 1.6413, -0.9219 0.7688 1.6362, -1.1149 0.446 1.6259, -1.0322 0.6127 1.631, -1.0298 0.6175 1.6311, -1.1164 0.441 1.6258, -1.198 0.0825 1.6162, -1.1718 0.2603 1.6207, -1.1711 0.2653 1.6209, -1.1979 0.0776 1.616, -1.1674 -0.2811 1.6071, -1.196 -0.1029 1.6117, -1.1968 -0.0981 1.6118, -1.1659 -0.2858 1.6069, -1.0212 -0.6316 1.5968, -1.1064 -0.4657 1.6019, -1.1087 -0.4613 1.602, -1.0183 -0.6356 1.5966, -0.7743 -0.9178 1.5866, -0.9047 -0.789 1.5915, -0.9082 -0.7856 1.5916, -0.7705 -0.9205 1.5865, -0.4643 -1.1074 1.5776, -0.6217 -1.0269 1.582, -0.6257 -1.0249 1.5821, -0.46 -1.1088 1.5775, -0.0991 -1.1967 1.5677, -0.2824 -1.1667 1.5727, -0.2869 -1.166 1.5728, -0.0945 -1.1967 1.5675, 0.2806 -1.1675 1.5573, 0.097 -1.1965 1.5623, 0.0925 -1.1972 1.5624, 0.2848 -1.1662 1.5572, 0.6204 -1.0281 1.548, 0.4622 -1.1079 1.5523, 0.4584 -1.1099 1.5524, 0.6237 -1.0257 1.5479, 0.9039 -0.7905 1.5385, 0.7723 -0.919 1.5433, 0.7694 -0.9219 1.5435, 0.9064 -0.7872 1.5384, 1.1061 -0.4673 1.5281, 1.0197 -0.6335 1.5332, 1.0178 -0.6372 1.5333, 1.1074 -0.4635 1.528, 0.309 1.1604 1.475, 0.4846 1.0986 1.4798, 0.6442 1.0134 1.4842, 0.7913 0.9031 1.4888, 0.923 0.7681 1.4938, 1.0332 0.6118 1.499, 1.1173 0.4399 1.5042, 1.1725 0.259 1.5092, 1.1984 0.0762 1.5139, 1.1962 -0.1044 1.5183, 1.1665 -0.2835 1.5229, 1.1659 -0.2874 1.523, -0.9231 0.7679 0.8487, -0.7915 0.903 0.8537, -0.6443 1.0133 0.8583, -0.4848 1.0986 0.8627, -0.3092 1.1603 0.8675, -0.1223 1.1945 0.8726, 0.0692 1.1988 0.8779, 0.2581 1.1727 0.883, 0.4375 1.1182 0.8879, 0.6016 1.0392 0.8924, 0.7519 0.9362 0.8969, 0.8885 0.8077 0.9018, 1.0052 0.6569 0.907, 1.0968 0.4887 0.9122, 1.1602 0.3096 0.9173, 1.1941 0.1266 0.9221, 1.1996 -0.0542 0.9265, 1.1772 -0.2368 0.9311, 1.1256 -0.4183 0.9361, 1.0449 -0.5916 0.9413, 0.9377 -0.7501 0.9465, 0.8083 -0.888 0.9516, 0.6627 -1.0014 0.9562, 0.505 -1.0895 0.9606, 0.3311 -1.1542 0.9654, 0.1452 -1.192 0.9704, -0.0462 -1.1999 0.9757, -0.2357 -1.1774 0.9809, -0.4166 -1.1262 0.9858, -0.5828 -1.0499 0.9903, -0.7344 -0.95 0.9948, -0.873 -0.8245 0.9996, -0.9924 -0.6761 1.0048, -1.0873 -0.5097 1.01, -1.1541 -0.3315 1.0151, -1.1916 -0.1486 1.02, -1.2004 0.0324 1.0244, -1.1814 0.2147 1.029, -1.1334 0.3967 1.0339, -1.0561 0.5714 1.0391, -0.9519 0.732 1.0443, -0.8249 0.8726 1.0494, -0.6809 0.9891 1.0541, -0.5249 1.08 1.0585, -0.3528 1.1478 1.0632, -0.168 1.189 1.0682, 0.023 1.2006 1.0735, 0.2132 1.1817 1.0787, 0.3955 1.1338 1.0836, 0.5637 1.0603 1.0882, 0.7167 0.9635 1.0926, 0.8572 0.8409 1.0975, 0.9792 0.6951 1.1026, 1.0772 0.5305 1.1078, 1.1476 0.3534 1.113, 1.1886 0.1707 1.1178, 1.2007 -0.0107 1.1223, 1.1852 -0.1926 1.1268, 1.1407 -0.375 1.1317, 1.0669 -0.551 1.1369, 0.9658 -0.7136 1.1421, 0.8412 -0.8569 1.1472, 0.6989 -0.9764 1.152, 0.5445 -1.0702 1.1564, 0.3743 -1.141 1.161, 0.1908 -1.1855 1.166, 0.0001 -1.2008 1.1713, -0.1906 -1.1856 1.1765, -0.3741 -1.141 1.1815, -0.5443 -1.0703 1.1861, -0.6988 -0.9765 1.1905, -0.8411 -0.857 1.1953, -0.9656 -0.7138 1.2004, -1.0668 -0.5511 1.2056, -1.1407 -0.3752 1.2108, -1.1852 -0.1928 1.2157, -1.2007 -0.0109 1.2202, -1.1886 0.1705 1.2247, -1.1477 0.3532 1.2296, -1.0773 0.5303 1.2347, -0.9793 0.6949 1.2399, -0.8573 0.8408 1.2451, -0.7168 0.9634 1.2499, -0.5638 1.0602 1.2543, -0.3957 1.1337 1.2589, -0.2134 1.1817 1.2639, -0.0232 1.2006 1.269, 0.1678 1.189 1.2743, 0.3526 1.1479 1.2793, 0.5247 1.0801 1.284, 0.6807 0.9892 1.2884, 0.8247 0.8727 1.2931, 0.9518 0.7322 1.2982, 1.056 0.5716 1.3034, 1.1333 0.3969 1.3086, 1.1814 0.2149 1.3135, 1.2003 0.0326 1.3181, 1.1916 -0.1484 1.3225, 1.1542 -0.3313 1.3274, 1.0873 -0.5095 1.3325, 0.9925 -0.6759 1.3377, 0.8731 -0.8244 1.3429, 0.7345 -0.9499 1.3477, 0.5829 -1.0498 1.3522, 0.4168 -1.1261 1.3567, 0.2359 -1.1774 1.3617, 0.0464 -1.1999 1.3668, -0.145 -1.192 1.3721, -0.3309 -1.1543 1.3772, -0.5048 -1.0895 1.3819, -0.6625 -1.0015 1.3863, -0.8082 -0.8881 1.3909, -0.9375 -0.7503 1.396, -1.0448 -0.5918 1.4012, -1.1255 -0.4185 1.4064, -1.1772 -0.237 1.4114, -1.1996 -0.0544 1.416, -1.1941 0.1264 1.4204, -1.1602 0.3094 1.4252, -1.0969 0.4885 1.4303, -1.0053 0.6567 1.4355, -0.8886 0.8076 1.4407, -0.7521 0.9361 1.4456, -0.6018 1.0391 1.4501, -0.4377 1.1182 1.4546, -0.2583 1.1727 1.4595, -0.0694 1.1988 1.4646, 0.1221 1.1946 1.4699, -1.1579 0.5356 0.8796, -1.2496 0.2751 0.8726, -1.2476 -0.2747 0.8596, -1.0154 -0.772 0.8456, -0.9064 -0.7871 0.8041, -0.9037 -0.7907 0.804, -0.7723 -0.919 0.7992, -0.7692 -0.9221 0.7991, -0.6237 -1.0257 0.7946, -0.6202 -1.0282 0.7945, -0.3415 -1.2303 0.8257, 0.2064 -1.2587 0.8116, 0.9267 -0.8776 0.7917, 1.0954 -0.6591 0.7847, 1.2699 -0.138 0.7709, 1.2091 0.4075 0.7578, 1.0963 0.6596 0.7507, 0.7165 1.0569 0.737, 0.2063 1.2588 0.7238, -0.598 1.1278 0.7032, -0.8271 0.9738 0.6967, -0.8887 0.8068 0.6533, -0.8932 0.8026 0.6531, -1.0052 0.656 0.6481, -1.009 0.651 0.6479, -1.0967 0.4878 0.6429, -1.0997 0.4823 0.6427, -1.2763 -0.0001 0.6693, -1.2485 -0.2747 0.6628, -1.0165 -0.7729 0.6488, -0.5977 -1.1274 0.6354, -0.3423 -1.2326 0.6289, 0.2066 -1.2596 0.6148, 0.4729 -1.1872 0.608, 1.2093 -0.4073 0.5808, 1.2711 -0.1383 0.574, 1.211 0.4081 0.5609, 0.9261 0.8774 0.5469, 0.718 1.0589 0.5402, 0.2065 1.2604 0.5269, -0.3413 1.2291 0.5129, -1.0163 0.7725 0.493, -1.1597 0.5367 0.4859, -1.2783 -0.0001 0.4725, -1.1407 -0.373 0.4234, -1.1385 -0.3816 0.4232, -1.0672 -0.5489 0.4183, -1.0637 -0.5572 0.418, -0.9664 -0.7116 0.413, -0.9616 -0.7192 0.4128, -0.5984 -1.1289 0.4386, -0.546 -1.0688 0.3988, -0.5386 -1.0732 0.3986, -0.3762 -1.1396 0.3941, -0.3678 -1.1431 0.3939, -0.3157 1.1993 0.8479, -0.4973 1.1361 0.8431, 0.9199 0.8317 0.8822, 0.7792 0.9648 0.8773, 1.199 0.3167 0.8977, 1.1341 0.5017 0.8926, 1.1615 -0.4347 0.9165, 1.2152 -0.2474 0.9115, 0.8328 -0.9189 0.932, 0.9666 -0.7769 0.9269, -0.6038 -1.0833 0.9707, -0.4324 -1.1623 0.9662, -1.2397 0.0352 1.0048, -1.2309 -0.1516 1.0003, -1.0899 0.5916 1.0195, -1.17 0.4113 1.0143, -0.5408 1.116 1.0388, -0.702 1.0223 1.0345, 0.0251 1.2399 1.0538, -0.1722 1.2281 1.0486, 1.1855 0.3642 1.0933, 1.113 0.5471 1.0881, 0.8685 -0.8852 1.1276, 0.9971 -0.7374 1.1225, 0.3864 -1.1784 1.1414, 0.5621 -1.1055 1.1367, -0.7216 -1.0086 1.1708, -0.5621 -1.1055 1.1664, -0.9971 -0.7374 1.1807, -0.8685 -0.8852 1.1756, -1.113 0.5471 1.215, -1.1855 0.3642 1.2099, -0.0251 1.2399 1.2493, -0.2214 1.2202 1.2441, 0.5408 1.116 1.2643, 0.363 1.1858 1.2596, 1.2309 -0.1516 1.3028, 1.2397 0.0352 1.2984, 0.4324 -1.1623 1.337, 0.6038 -1.0833 1.3325, -0.1474 -1.2314 1.3523, 0.0502 -1.2391 1.3471, -0.8328 -0.9189 1.3712, -0.6822 -1.0356 1.3665, -1.1615 -0.4347 1.3866, -1.0777 -0.6136 1.3814, -0.7792 0.9648 1.4258, -0.9199 0.8317 1.4209, 0.4973 1.1361 1.46, 0.3157 1.1993 1.4552, 0.9508 0.7962 1.474, 0.8145 0.9352 1.469, 1.2374 0.0826 1.4941, 1.2101 0.2714 1.4894, -1.1029 -0.5672 0.3986, -1.1788 -0.3854 0.4037, -1.2401 -0.0093 0.4132, -1.2244 -0.1971 0.4087, -1.2273 0.178 0.4176, -1.2663 0.1837 0.3979, 1.2696 0.1382 1.8669, 1.2273 0.178 1.8855, 1.2401 -0.0093 1.89, 1.2244 -0.1971 1.8945, 1.1788 -0.3854 1.8994, 1.1029 -0.5672 1.9046, 1.1847 0.3666 1.8806, 1.1118 0.5494 1.8755, 1.0103 0.7192 1.8702, 0.8842 0.8696 1.8651, 0.739 0.9959 1.8603, 0.5809 1.0957 1.8559, 0.4072 1.1714 1.8513, 0.2189 1.2207 1.8463, 0.0225 1.24 1.8411, -0.1747 1.2278 1.8359, -0.3654 1.1851 1.8309, -0.543 1.115 1.8262, -0.704 1.0209 1.8218, -0.8526 0.9006 1.8171, -0.9836 0.7553 1.812, -1.0912 0.5894 1.8068, -1.1708 0.4089 1.8016, -1.2203 0.221 1.7967, -1.2397 0.0328 1.7921, -1.2305 -0.1541 1.7877, -1.1918 -0.3429 1.7828, -1.1227 -0.5268 1.7777, -1.0246 -0.6986 1.7725, -0.9013 -0.8518 1.7673, -0.7582 -0.9814 1.7625, -0.6017 -1.0844 1.758, -0.4301 -1.1632 1.7535, -0.2433 -1.2161 1.7486, -0.0476 -1.2392 1.7434, 0.15 -1.2311 1.7382, 0.3419 -1.1921 1.7331, 0.5214 -1.1252 1.7283, 0.6843 -1.0343 1.724, 0.8347 -0.9172 1.7193, 0.9682 -0.7749 1.7143, 1.079 -0.6113 1.7091, 1.1624 -0.4324 1.7038, 1.2157 -0.245 1.6988, 1.2389 -0.0564 1.6942, 1.2333 0.1302 1.6898, 1.1984 0.3191 1.685, 1.1331 0.5041 1.6799, 1.0386 0.6778 1.6747, 0.9182 0.8336 1.6696, 0.7772 0.9664 1.6646, 0.6221 1.0729 1.6602, 0.4528 1.1546 1.6557, 0.2676 1.2109 1.6508, 0.0726 1.238 1.6456, -0.1251 1.2338 1.6404, -0.3182 1.1987 1.6353, -0.4996 1.1351 1.6305, -0.6644 1.0472 1.6261, -0.8164 0.9335 1.6215, -0.9525 0.7942 1.6165, -1.0664 0.633 1.6113, -1.1534 0.4556 1.6061, -1.2107 0.2689 1.601, -1.2376 0.0801 1.5964, -1.2356 -0.1063 1.592, -1.2045 -0.2953 1.5873, -1.143 -0.4811 1.5822, -1.052 -0.6567 1.577, -0.9347 -0.8151 1.5718, -0.796 -0.951 1.5668, -0.6423 -1.0609 1.5623, -0.4752 -1.1455 1.5578, -0.2917 -1.2054 1.553, -0.0976 -1.2363 1.5479, 0.1002 -1.2361 1.5426, 0.2942 -1.2048 1.5375, 0.4775 -1.1446 1.5326, 0.6443 -1.0596 1.5282, 0.7979 -0.9494 1.5237, 0.9364 -0.8132 1.5187, 1.0534 -0.6545 1.5135, 1.144 -0.4788 1.5083, 1.2051 -0.2928 1.5032, 1.2358 -0.1039 1.4985, 1.1525 0.458 1.4844, 1.0651 0.6352 1.4792, 0.6623 1.0485 1.4644, 0.1226 1.2341 1.4501, -0.0752 1.2379 1.4449, -0.2701 1.2104 1.4397, -0.4551 1.1536 1.4348, -0.6241 1.0716 1.4303, -1.04 0.6756 1.4158, -1.1341 0.5017 1.4105, -1.199 0.3167 1.4054, -1.2336 0.1277 1.4007, -1.2388 -0.0589 1.3963, -1.2152 -0.2474 1.3916, -0.9666 -0.7769 1.3762, -0.5192 -1.1262 1.3622, -0.3395 -1.1928 1.3574, 0.2458 -1.2155 1.3419, 0.7602 -0.9799 1.328, 0.9031 -0.85 1.3231, 1.0261 -0.6965 1.318, 1.1238 -0.5245 1.3128, 1.1925 -0.3405 1.3076, 1.2199 0.2235 1.2938, 1.17 0.4113 1.2889, 1.0899 0.5916 1.2837, 0.9821 0.7573 1.2784, 0.8508 0.9023 1.2734, 0.702 1.0223 1.2687, 0.1722 1.2281 1.2546, -0.4095 1.1706 1.2392, -0.5831 1.0945 1.2346, -0.741 0.9945 1.2302, -0.886 0.8678 1.2254, -1.0118 0.7171 1.2202, -1.2277 0.1756 1.205, -1.2401 -0.0117 1.2005, -1.224 -0.1995 1.196, -1.178 -0.3878 1.1911, -1.1017 -0.5695 1.1859, -0.3864 -1.1784 1.1618, -0.1969 -1.2244 1.1568, -0.0 -1.2402 1.1516, 0.1969 -1.2244 1.1464, 0.7216 -1.0086 1.1323, 1.1017 -0.5695 1.1172, 1.178 -0.3878 1.1121, 1.224 -0.1995 1.1071, 1.2401 -0.0117 1.1026, 1.2277 0.1756 1.0982, 1.0118 0.7171 1.0829, 0.886 0.8678 1.0778, 0.741 0.9945 1.073, 0.5831 1.0945 1.0686, 0.4095 1.1706 1.064, 0.2214 1.2202 1.059, -0.363 1.1858 1.0435, -0.8508 0.9023 1.0298, -0.9821 0.7573 1.0247, -1.2199 0.2235 1.0093, -1.1925 -0.3405 0.9955, -1.1238 -0.5245 0.9904, -1.0261 -0.6965 0.9851, -0.9031 -0.85 0.98, -0.7602 -0.9799 0.9751, -0.2458 -1.2155 0.9612, -0.0502 -1.2391 0.9561, 0.1474 -1.2314 0.9508, 0.3395 -1.1928 0.9457, 0.5192 -1.1262 0.941, 0.6822 -1.0356 0.9366, 1.0777 -0.6136 0.9217, 1.2388 -0.0589 0.9069, 1.2336 0.1277 0.9025, 1.04 0.6756 0.8874, 0.6241 1.0716 0.8728, 0.4551 1.1536 0.8683, 0.2701 1.2104 0.8634, 0.0752 1.2379 0.8583, -0.1226 1.2341 0.8531, -1.0651 0.6352 0.824, -0.9508 0.7962 0.8292, -0.8145 0.9352 0.8341, -0.6623 1.0485 0.8388, -1.1525 0.458 0.8187, -1.2101 0.2714 0.8137, -1.2374 0.0826 0.809, -1.2051 -0.2928 0.7999, -1.2358 -0.1039 0.8046, -1.144 -0.4788 0.7948, -1.0534 -0.6545 0.7896, -0.9364 -0.8132 0.7844, -0.7979 -0.9494 0.7795, -0.6443 -1.0596 0.7749, -0.4775 -1.1446 0.7705, -0.2942 -1.2048 0.7657, 0.0976 -1.2363 0.7553, -0.1002 -1.2361 0.7605, 0.2917 -1.2054 0.7502, 0.4752 -1.1455 0.7453, 0.6423 -1.0609 0.7409, 0.796 -0.951 0.7363, 0.9347 -0.8151 0.7314, 1.052 -0.6567 0.7262, 1.143 -0.4811 0.721, 1.2356 -0.1063 0.7112, 1.2376 0.0801 0.7068, 1.2045 -0.2953 0.7159, 1.2107 0.2689 0.7021, 1.1534 0.4556 0.6971, 1.0664 0.633 0.6919, 0.8164 0.9335 0.6817, 0.9525 0.7942 0.6867, 0.6644 1.0472 0.6771, 0.3182 1.1987 0.6679, 0.4996 1.1351 0.6727, 0.1251 1.2338 0.6628, -0.0726 1.238 0.6575, -0.2676 1.2109 0.6524, -0.4528 1.1546 0.6475, -0.6221 1.0729 0.643, -0.9182 0.8336 0.6336, -1.0386 0.6778 0.6284, -0.7772 0.9664 0.6385, -1.1331 0.5041 0.6232, -1.1984 0.3191 0.6181, -1.2333 0.1302 0.6133, -1.2389 -0.0564 0.6089, -1.2157 -0.245 0.6043, -1.079 -0.6113 0.5941, -1.1624 -0.4324 0.5993, -0.9682 -0.7749 0.5889, -0.6843 -1.0343 0.5792, -0.5214 -1.1252 0.5748, -0.8347 -0.9172 0.5839, -0.3419 -1.1921 0.5701, 0.0476 -1.2392 0.5598, -0.15 -1.2311 0.565, 0.2433 -1.2161 0.5546, 0.6017 -1.0844 0.5451, 0.4301 -1.1632 0.5496, 0.7582 -0.9814 0.5407, 0.9013 -0.8518 0.5358, 1.0246 -0.6986 0.5307, 1.1227 -0.5268 0.5254, 1.1918 -0.3429 0.5203, 1.2397 0.0328 0.5111, 1.2305 -0.1541 0.5155, 1.2203 0.221 0.5065, 1.1708 0.4089 0.5015, 1.0912 0.5894 0.4963, 0.9836 0.7553 0.4911, 0.8526 0.9006 0.4861, 0.704 1.0209 0.4813, 0.543 1.115 0.477, 0.1747 1.2278 0.4672, 0.3654 1.1851 0.4723, -0.0225 1.24 0.462, -0.2189 1.2207 0.4568, -0.4072 1.1714 0.4518, -0.5809 1.0957 0.4472, -0.739 0.9959 0.4428, -0.8842 0.8696 0.438, -1.0103 0.7192 0.4329, -1.1847 0.3666 0.4225, -1.1118 0.5494 0.4277, 1.2663 0.1837 1.8658, 1.2223 0.3783 1.8609, 1.2106 0.4078 1.8601, 1.1471 0.5669 1.8558, 1.0929 0.6576 1.8531, 1.0424 0.742 1.8506, 0.9276 0.8789 1.8461, 0.9122 0.8972 1.8454, 0.7625 1.0275 1.8406, 0.7165 1.0566 1.8394, 0.5994 1.1305 1.8362, 0.2259 1.2594 1.8267, 0.4201 1.2086 1.8316, 0.4724 1.1858 1.833, 0.2069 1.2613 1.8262, 0.0232 1.2793 1.8215, -0.069 1.2736 1.8191, -0.1803 1.2668 1.8162, -0.3418 1.2306 1.8121, -0.377 1.2227 1.8112, -0.5602 1.1504 1.8065, -0.5981 1.1283 1.8055, -0.7264 1.0534 1.8021, -1.0149 0.7792 1.7924, -0.8797 0.9291 1.7974, -0.8262 0.9725 1.7991, -1.0182 0.7741 1.7922, -1.1258 0.6081 1.7871, -1.1577 0.5357 1.7851, -1.208 0.4219 1.7819, -1.2468 0.2743 1.7782, -1.259 0.228 1.777, -1.2791 0.0339 1.7724, -1.2774 0.0001 1.7716, -1.2696 -0.159 1.768, -1.2459 -0.2743 1.7651, -1.2296 -0.3538 1.7632, -1.1608 -0.5371 1.7582, -1.1583 -0.5436 1.758, -1.0572 -0.7208 1.7528, -1.0159 -0.7721 1.7511, -0.9299 -0.8789 1.7477, -0.8262 -0.9728 1.7442, -0.7823 -1.0125 1.7428, -0.6208 -1.1189 1.7384, -0.5987 -1.129 1.7378, -0.4437 -1.2001 1.7338, -0.3412 -1.2291 1.7312, -0.2511 -1.2547 1.7289, -0.0691 -1.2762 1.7242, -0.0491 -1.2786 1.7237, 0.1547 -1.2701 1.7185, 0.2064 -1.2597 1.7171, 0.3528 -1.2299 1.7134, 0.706 -1.0671 1.7043, 0.538 -1.1609 1.7086, 0.4724 -1.1854 1.7103, 0.7174 -1.0582 1.7039, 0.8612 -0.9464 1.6996, 0.926 -0.8772 1.6972, 0.999 -0.7995 1.6946, 1.0945 -0.6584 1.6902, 1.1133 -0.6307 1.6894, 1.1993 -0.4461 1.6842, 1.2101 -0.4079 1.6832, 1.2543 -0.2527 1.6792, 1.2725 0.1343 1.6702, 1.2782 -0.0582 1.6745, 1.2684 -0.1379 1.6764, 1.2717 0.1383 1.6701, 1.2364 0.3293 1.6654, 1.2089 0.4073 1.6633, 1.1691 0.5201 1.6603, 1.0938 0.6583 1.6562, 1.0715 0.6993 1.655, 0.9473 0.8601 1.6499, 0.9277 0.8786 1.6492, 0.8019 0.9971 1.645, 0.716 1.056 1.6426, 0.6418 1.1069 1.6405, 0.4734 1.1882 1.6362, 0.4671 1.1912 1.636, 0.2761 1.2494 1.6311, 0.2065 1.2591 1.6293, 0.0749 1.2773 1.6259, -0.0692 1.2743 1.6222, -0.1291 1.273 1.6207, -0.5154 1.1711 1.6108, -0.342 1.2319 1.6152, -0.3283 1.2367 1.6156, -0.5976 1.1273 1.6087, -0.6855 1.0804 1.6064, -0.8276 0.9742 1.6022, -0.8423 0.9632 1.6018, -0.9827 0.8194 1.5968, -1.0159 0.7724 1.5953, -1.1003 0.6531 1.5916, -1.2491 0.2774 1.5814, -1.19 0.4701 1.5864, -1.1579 0.5356 1.5883, -1.2494 0.275 1.5813, -1.2769 0.0827 1.5767, -1.276 0.0 1.5748, -1.2748 -0.1097 1.5723, -1.2477 -0.2747 1.5683, -1.2427 -0.3046 1.5676, -1.1793 -0.4964 1.5625, -1.1588 -0.536 1.5614, -1.0854 -0.6775 1.5573, -1.0154 -0.772 1.5543, -0.9643 -0.841 1.5521, -0.8279 -0.9747 1.5474, -0.8213 -0.9812 1.5471, -0.6627 -1.0946 1.5426, -0.5978 -1.1274 1.5409, -0.4903 -1.1819 1.5382, -0.3415 -1.2304 1.5343, -0.301 -1.2436 1.5333, -0.1007 -1.2756 1.5282, -0.0693 -1.2755 1.5274, 0.1034 -1.2753 1.5229, 0.2064 -1.2587 1.5203, 0.3036 -1.243 1.5178, 0.4732 -1.1873 1.5135, 0.4926 -1.1809 1.513, 0.6648 -1.0933 1.5085, 0.7162 -1.0564 1.5071, 0.8232 -0.9795 1.504, 1.0868 -0.6752 1.4938, 0.9661 -0.839 1.499, 0.9267 -0.8777 1.5004, 1.0952 -0.6591 1.4934, 1.1803 -0.494 1.4886, 1.2088 -0.4073 1.4863, 1.2433 -0.3021 1.4836, 1.27 -0.138 1.4796, 1.275 -0.1072 1.4788, 1.2767 0.0852 1.4744, 1.2691 0.1379 1.4732, 1.2485 0.28 1.4698, 1.0989 0.6554 1.4595, 1.1891 0.4726 1.4647, 1.2091 0.4075 1.4664, 1.0961 0.6594 1.4594, 0.981 0.8215 1.4543, 0.9263 0.8773 1.4524, 0.8404 0.9649 1.4493, 0.7166 1.057 1.4457, 0.6834 1.0818 1.4447, 0.5131 1.1721 1.4403, 0.4727 1.1862 1.4393, 0.3257 1.2374 1.4355, 0.2063 1.2589 1.4325, 0.1265 1.2733 1.4304, -0.0693 1.277 1.4254, -0.0776 1.2772 1.4252, -0.2787 1.2488 1.42, -0.3413 1.2296 1.4184, -0.4695 1.1903 1.4151, -0.5981 1.1279 1.4118, -0.644 1.1057 1.4107, -0.8039 0.9955 1.4062, -0.8269 0.9737 1.4054, -0.9491 0.8582 1.4012, -1.0154 0.7719 1.3985, -1.073 0.6971 1.3961, -1.1599 0.5365 1.3914, -1.1701 0.5177 1.3908, -1.2371 0.3267 1.3858, -1.2466 0.2745 1.3845, -1.2727 0.1318 1.381, -1.2538 -0.2553 1.372, -1.2781 -0.0607 1.3766, -1.2764 -0.0001 1.378, -1.2482 -0.2747 1.3715, -1.1983 -0.4486 1.367, -1.1576 -0.5355 1.3645, -1.112 -0.633 1.3617, -1.0167 -0.7731 1.3574, -0.9973 -0.8016 1.3565, -0.8592 -0.9481 1.3515, -0.8268 -0.9732 1.3505, -0.7039 -1.0685 1.3468, -0.3502 -1.2307 1.3377, -0.5357 -1.162 1.3425, -0.5977 -1.1275 1.3441, -0.3422 -1.2323 1.3375, -0.1521 -1.2705 1.3326, -0.0691 -1.2737 1.3305, 0.0517 -1.2785 1.3274, 0.2067 -1.2598 1.3234, 0.2536 -1.2541 1.3222, 0.4461 -1.1992 1.3173, 0.4728 -1.1869 1.3166, 0.6229 -1.1176 1.3128, 0.7161 -1.0561 1.3102, 0.7843 -1.011 1.3083, 0.9287 -0.8797 1.3036, 0.9318 -0.8769 1.3035, 1.0587 -0.7186 1.2983, 1.0932 -0.6579 1.2965, 1.1595 -0.5412 1.2931, 1.2094 -0.4074 1.2895, 1.2304 -0.3513 1.288, 1.2699 -0.1564 1.2831, 1.2708 -0.1383 1.2827, 1.279 0.0364 1.2787, 1.2683 0.138 1.2763, 1.2586 0.2306 1.2741, 1.2114 0.4082 1.2696, 1.2071 0.4244 1.2692, 1.1245 0.6104 1.264, 1.0936 0.6579 1.2625, 1.0133 0.7813 1.2588, 0.7243 1.0548 1.249, 0.8778 0.9309 1.2537, 0.9262 0.8775 1.2555, 0.7178 1.0586 1.2488, 0.558 1.1515 1.2446, 0.4722 1.1851 1.2424, 0.3746 1.2235 1.2399, 0.2066 1.2607 1.2356, 0.1777 1.2671 1.2349, -0.0259 1.2793 1.2297, -0.069 1.2749 1.2285, -0.2284 1.259 1.2245, -0.3413 1.2292 1.2216, -0.4225 1.2078 1.2195, -0.5993 1.1303 1.2149, -0.6016 1.1293 1.2149, -0.7645 1.026 1.2105, -0.8259 0.9724 1.2085, -0.9141 0.8953 1.2057, -1.0166 0.7726 1.2016, -1.0439 0.7399 1.2006, -1.1483 0.5645 1.1953, -1.1594 0.5365 1.1946, -1.2231 0.3758 1.1902, -1.2458 0.2742 1.1876, -1.2666 0.1811 1.1853, -1.2787 -0.0001 1.1811, -1.2795 -0.0121 1.1808, -1.2629 -0.2058 1.1763, -1.2461 -0.2742 1.1746, -1.2154 -0.4001 1.1714, -1.1583 -0.536 1.1676, -1.1366 -0.5876 1.1662, -0.8961 -0.9133 1.1559, -1.0177 -0.7735 1.1606, -1.0288 -0.7608 1.161, -0.8259 -0.9723 1.1537, -0.7445 -1.0406 1.1511, -0.5986 -1.1292 1.1473, -0.5799 -1.1406 1.1468, -0.3987 -1.2158 1.1421, -0.3415 -1.2297 1.1406, -0.2031 -1.2633 1.1371, 0.2031 -1.2633 1.1267, -0.0 -1.2795 1.1319, -0.069 -1.274 1.1337, 0.2069 -1.2624 1.1266, 0.3987 -1.2158 1.1217, 0.4722 -1.1853 1.1198, 0.5799 -1.1406 1.117, 0.717 -1.0573 1.1134, 0.7445 -1.0406 1.1126, 0.8961 -0.9133 1.1079, 0.9268 -0.8781 1.1067, 1.0288 -0.7608 1.1028, 1.093 -0.6576 1.0997, 1.1366 -0.5876 1.0976, 1.2119 -0.4083 1.0926, 1.2154 -0.4001 1.0924, 1.2629 -0.2058 1.0875, 1.2687 -0.1381 1.0859, 1.2795 -0.0121 1.0829, 1.2695 0.1382 1.0795, 1.2666 0.1811 1.0785, 1.2231 0.3758 1.0736, 1.2104 0.4077 1.0727, 1.1483 0.5645 1.0685, 1.0929 0.6576 1.0657, 1.0439 0.7399 1.0632, 0.9278 0.879 1.0586, 0.9141 0.8953 1.0581, 0.7645 1.026 1.0533, 0.7164 1.0565 1.052, 0.6016 1.1293 1.0489, 0.2284 1.259 1.0393, 0.4225 1.2078 1.0443, 0.4724 1.1859 1.0456, 0.2069 1.2611 1.0388, 0.0259 1.2793 1.0341, -0.069 1.2736 1.0317, -0.1777 1.2671 1.0289, -0.3418 1.2307 1.0247, -0.3746 1.2235 1.0239, -0.558 1.1515 1.0192, -0.598 1.1282 1.0181, -0.7243 1.0548 1.0148, -1.0133 0.7813 1.005, -0.8778 0.9309 1.0101, -0.8262 0.9726 1.0117, -1.0181 0.774 1.0048, -1.1245 0.6104 0.9998, -1.1577 0.5357 0.9977, -1.2071 0.4244 0.9946, -1.247 0.2744 0.9908, -1.2586 0.2306 0.9896, -1.279 0.0364 0.9851, -1.2773 0.0001 0.9842, -1.2699 -0.1564 0.9807, -1.246 -0.2743 0.9777, -1.2304 -0.3513 0.9758, -1.161 -0.5371 0.9708, -1.1595 -0.5412 0.9707, -1.0587 -0.7186 0.9655, -1.0158 -0.7721 0.9637, -0.9318 -0.8769 0.9603, -0.8262 -0.9729 0.9568, -0.7843 -1.011 0.9555, -0.6229 -1.1176 0.951, -0.5986 -1.1289 0.9504, -0.4461 -1.1992 0.9465, -0.3412 -1.2291 0.9438, -0.2536 -1.2541 0.9415, -0.0691 -1.2764 0.9368, -0.0517 -1.2785 0.9364, 0.1521 -1.2705 0.9311, 0.2064 -1.2596 0.9297, 0.3502 -1.2307 0.9261, 0.7039 -1.0685 0.9169, 0.5357 -1.162 0.9213, 0.4724 -1.1854 0.9229, 0.7173 -1.0581 0.9165, 0.8592 -0.9481 0.9123, 0.926 -0.8772 0.9098, 0.9973 -0.8016 0.9072, 1.0946 -0.6585 0.9028, 1.112 -0.633 0.902, 1.1983 -0.4486 0.8968, 1.21 -0.4078 0.8958, 1.2538 -0.2553 0.8918, 1.2727 0.1318 0.8828, 1.2781 -0.0607 0.8872, 1.2685 -0.1379 0.889, 1.2715 0.1383 0.8827, 1.2371 0.3267 0.878, 1.2089 0.4073 0.8759, 1.1701 0.5177 0.8729, 1.0939 0.6584 0.8688, 1.073 0.6971 0.8677, 0.9491 0.8582 0.8625, 0.9276 0.8785 0.8618, 0.8039 0.9955 0.8576, 0.716 1.056 0.8552, 0.644 1.1057 0.8531, 0.4735 1.1884 0.8488, 0.4695 1.1903 0.8487, 0.2787 1.2488 0.8438, 0.2065 1.259 0.8419, 0.0776 1.2772 0.8386, -0.0692 1.2744 0.8348, -0.1265 1.2733 0.8334, -0.5131 1.1721 0.8235, -0.3419 1.2317 0.8278, -0.3257 1.2374 0.8283, -0.5976 1.1273 0.8213, -0.6834 1.0818 0.8191, -0.8277 0.9743 0.8148, -0.8404 0.9649 0.8145, -0.981 0.8215 0.8095, -1.0159 0.7724 0.8079, -1.0989 0.6554 0.8043, -1.158 0.5356 0.8009, -1.1891 0.4726 0.7991, -1.2767 0.0852 0.7893, -1.2492 0.275 0.7939, -1.2485 0.28 0.794, -1.276 0.0 0.7874, -1.275 -0.1072 0.785, -1.2478 -0.2748 0.7809, -1.2433 -0.3021 0.7802, -1.1803 -0.494 0.7752, -1.1587 -0.5359 0.774, -1.0868 -0.6752 0.7699, -1.0155 -0.772 0.7669, -0.9661 -0.839 0.7648, -0.828 -0.9748 0.76, -0.8232 -0.9795 0.7598, -0.6648 -1.0933 0.7552, -0.5978 -1.1274 0.7535, -0.4926 -1.1809 0.7508, -0.3415 -1.2305 0.7469, -0.3036 -1.243 0.746, -0.1034 -1.2753 0.7408, -0.0693 -1.2754 0.74, 0.1007 -1.2756 0.7356, 0.2064 -1.2587 0.7329, 0.301 -1.2436 0.7305, 0.4732 -1.1874 0.7261, 0.4903 -1.1819 0.7256, 0.6627 -1.0946 0.7212, 0.7161 -1.0563 0.7197, 0.8213 -0.9812 0.7166, 0.9268 -0.8778 0.713, 0.9643 -0.841 0.7117, 1.1793 -0.4964 0.7013, 1.095 -0.659 0.706, 1.0854 -0.6775 0.7065, 1.2088 -0.4073 0.6989, 1.2427 -0.3046 0.6962, 1.2702 -0.138 0.6922, 1.2748 -0.1097 0.6915, 1.2769 0.0827 0.6871, 1.269 0.1379 0.6858, 1.2491 0.2774 0.6824, 1.1003 0.6531 0.6722, 1.19 0.4701 0.6774, 1.2092 0.4075 0.679, 1.0959 0.6593 0.672, 0.9827 0.8194 0.667, 0.9262 0.8773 0.665, 0.8423 0.9632 0.662, 0.7166 1.0571 0.6583, 0.6855 1.0804 0.6574, 0.5154 1.1711 0.653, 0.4727 1.1861 0.6519, 0.3283 1.2367 0.6482, 0.2063 1.2589 0.6451, 0.1291 1.273 0.6431, -0.0693 1.2772 0.638, -0.0749 1.2773 0.6378, -0.2761 1.2494 0.6327, -0.3413 1.2295 0.631, -0.4671 1.1912 0.6278, -0.5981 1.128 0.6244, -0.6418 1.1069 0.6233, -0.8019 0.9971 0.6188, -0.8268 0.9736 0.618, -0.9473 0.8601 0.6139, -1.0155 0.7719 0.6111, -1.0715 0.6993 0.6087, -1.1601 0.5366 0.604, -1.1691 0.5201 0.6035, -1.2364 0.3293 0.5984, -1.2466 0.2745 0.5971, -1.2725 0.1343 0.5936, -1.2543 -0.2527 0.5846, -1.2782 -0.0582 0.5892, -1.2765 -0.0001 0.5906, -1.2481 -0.2746 0.584, -1.1993 -0.4461 0.5796, -1.1576 -0.5355 0.5771, -1.1133 -0.6307 0.5744, -1.0168 -0.7731 0.57, -0.999 -0.7995 0.5692, -0.8612 -0.9464 0.5642, -0.8267 -0.9731 0.5631, -0.706 -1.0671 0.5595, -0.3528 -1.2299 0.5504, -0.538 -1.1609 0.5551, -0.5977 -1.1276 0.5567, -0.3421 -1.2321 0.5501, -0.1547 -1.2701 0.5453, -0.0691 -1.2737 0.5431, 0.0491 -1.2786 0.5401, 0.2067 -1.2599 0.536, 0.2511 -1.2547 0.5349, 0.4437 -1.2001 0.53, 0.4728 -1.1868 0.5292, 0.6208 -1.1189 0.5254, 0.7161 -1.0561 0.5228, 0.7823 -1.0125 0.521, 0.9289 -0.8798 0.5162, 0.9299 -0.8789 0.5161, 1.0572 -0.7208 0.511, 1.0931 -0.6578 0.5091, 1.1583 -0.5436 0.5058, 1.2095 -0.4074 0.5021, 1.2296 -0.3538 0.5006, 1.2696 -0.159 0.4958, 1.2706 -0.1383 0.4953, 1.2791 0.0339 0.4914, 1.2683 0.138 0.4889, 1.259 0.228 0.4868, 1.2116 0.4083 0.4822, 1.208 0.4219 0.4818, 1.1258 0.6081 0.4767, 1.0936 0.6578 0.4751, 1.0149 0.7792 0.4714, 0.9263 0.8775 0.4681, 0.8797 0.9291 0.4664, 0.5602 1.1504 0.4573, 0.7177 1.0584 0.4614, 0.7264 1.0534 0.4616, 0.4722 1.1851 0.455, 0.377 1.2227 0.4526, 0.2066 1.2609 0.4482, 0.1803 1.2668 0.4475, -0.0232 1.2793 0.4423, -0.069 1.2748 0.4411, -0.2259 1.2594 0.4371, -0.3413 1.2292 0.4342, -0.4201 1.2086 0.4321, -0.5993 1.1305 0.4275, -0.5994 1.1305 0.4275, -0.7625 1.0275 0.4231, -0.8259 0.9724 0.4211, -0.9122 0.8972 0.4183, -1.0167 0.7727 0.4142, -1.0424 0.742 0.4132, -1.1471 0.5669 0.408, -1.1592 0.5365 0.4072, -1.2223 0.3783 0.4028, -1.2458 0.2742 0.4002, -1.2795 2.6772 -1.378, -1.2795 2.6378 -1.378, -0.689 2.6772 -1.378, -0.689 2.6378 -1.378, -0.689 2.7034 -1.3809, -1.2795 2.7034 -1.3809, -0.689 2.7284 -1.3896, -1.2795 2.7284 -1.3896, -0.689 2.7508 -1.4037, -1.2795 2.7508 -1.4037, -0.689 2.7695 -1.4224, -1.2795 2.7695 -1.4224, -0.689 2.7836 -1.4448, -1.2795 2.7836 -1.4448, -0.689 2.7923 -1.4698, -1.2795 2.7923 -1.4698, -0.689 2.7953 -1.4961, -1.2795 2.7953 -1.4961, -1.2795 2.7165 -1.4961, -0.689 2.7165 -1.4961, -1.2795 2.7155 -1.4873, -0.689 2.7155 -1.4873, -1.2795 2.7126 -1.479, -0.689 2.7126 -1.479, -1.2795 2.7079 -1.4715, -0.689 2.7079 -1.4715, -1.2795 2.7017 -1.4653, -0.689 2.7017 -1.4653, -1.2795 2.6942 -1.4606, -0.689 2.6942 -1.4606, -1.2795 2.6859 -1.4577, -0.689 2.6859 -1.4577, -1.2795 2.6772 -1.4567, -0.689 2.6772 -1.4567, -1.2795 2.6378 -1.4567, -0.689 2.6378 -1.4567, 0.689 2.7953 -2.126, 0.8268 2.7953 -2.126, 0.689 2.7165 -2.126, 0.8268 2.7165 -2.126, 0.8268 2.7165 -3.5039, 0.8268 2.7953 -3.5039, 1.1417 2.7953 -3.5039, 1.1417 2.7953 -2.126, 1.1417 2.7165 -3.5039, 1.1417 2.7165 -2.126, 1.2795 2.7953 -2.126, 1.2795 2.7165 -2.126, -0.8268 2.7953 -3.5039, -0.8268 2.7953 -2.126, -0.8268 2.7165 -3.5039, -0.8268 2.7165 -2.126, -0.689 2.7953 -2.126, -0.689 2.7165 -2.126, -1.2795 2.7953 -2.126, -1.1417 2.7953 -2.126, -1.2795 2.7165 -2.126, -1.1417 2.7165 -2.126, -1.1417 2.7165 -3.5039, -1.1417 2.7953 -3.5039, 2.3063 0.3318 -3.4934, 2.3023 0.3294 -3.4956, 2.2164 0.348 -3.4779, 2.2987 0.3266 -3.498, 2.2923 0.3194 -3.5043, 2.2078 0.3216 -3.5025, 2.2875 0.3104 -3.5118, 2.2845 0.2997 -3.5202, 2.2047 0.2878 -3.5291, 2.2835 0.2878 -3.5291, 2.2047 0.2461 -3.5561, 2.3399 0.348 -3.4779, 2.2168 0.3486 -3.4772, 2.2312 0.3698 -3.4546, 2.2504 0.3855 -3.4358, 2.2734 0.3962 -3.4219, 2.4448 0.3904 -3.4295, 2.3728 0.4262 -3.376, 2.5608 0.4262 -3.376, 2.561 0.4262 -3.3759, 2.528 0.4602 -3.3044, 2.5848 0.4344 -3.3613, 2.536 0.462 -3.2995, 2.6045 0.4444 -3.3414, 2.5425 0.4644 -3.2929, 2.619 0.455 -3.3175, 2.5474 0.4671 -3.2849, 2.6275 0.4651 -3.2909, 2.5502 0.4699 -3.2761, 2.6295 0.4738 -3.263, 2.5508 0.4727 -3.2668, 2.6285 0.4752 -3.2573, 2.5493 0.4753 -3.2576, 2.5492 0.4754 -3.2573, 2.6249 0.4807 -3.2354, 2.5456 0.4775 -3.249, 2.3694 0.4921 -3.1299, 2.5145 0.4921 -3.1299, 2.5329 0.4806 -3.2356, 2.5756 0.4905 -3.1695, 2.5401 0.4793 -3.2415, 2.5972 0.4888 -3.1873, 2.6139 0.4856 -3.2097, 2.2835 0.2461 -3.5561, 2.2835 0.1274 -3.6053, 2.2047 0.1274 -3.6053, 2.2835 0.0 -3.622, 2.2047 0.0 -3.622, 2.5145 -0.4921 -3.1299, 2.3694 -0.4921 -3.1299, 2.5756 -0.4905 -3.1695, 2.5329 -0.4806 -3.2356, 2.5972 -0.4888 -3.1873, 2.5401 -0.4793 -3.2415, 2.6139 -0.4856 -3.2097, 2.5456 -0.4775 -3.249, 2.6249 -0.4807 -3.2354, 2.5492 -0.4754 -3.2573, 2.6285 -0.4752 -3.2573, 2.6295 -0.4738 -3.263, 2.5493 -0.4753 -3.2576, 2.5508 -0.4727 -3.2668, 2.6275 -0.4651 -3.2909, 2.5502 -0.4699 -3.2761, 2.619 -0.455 -3.3175, 2.5474 -0.4671 -3.2849, 2.6045 -0.4444 -3.3414, 2.5425 -0.4644 -3.2929, 2.5848 -0.4344 -3.3613, 2.536 -0.462 -3.2995, 2.561 -0.4262 -3.3759, 2.528 -0.4602 -3.3044, 2.5608 -0.4262 -3.376, 2.3728 -0.4262 -3.376, 2.4448 -0.3904 -3.4295, 2.2504 -0.3855 -3.4358, 2.2312 -0.3698 -3.4546, 2.3421 -0.3469 -3.4769, 2.2734 -0.3962 -3.4219, 2.2835 -0.2461 -3.5561, 2.2835 -0.2878 -3.5291, 2.2047 -0.2878 -3.5291, 2.2078 -0.3216 -3.5025, 2.2845 -0.2997 -3.5202, 2.2875 -0.3104 -3.5118, 2.2165 -0.348 -3.4779, 2.2923 -0.3194 -3.5043, 2.2987 -0.3266 -3.498, 2.3023 -0.3294 -3.4956, 2.2168 -0.3487 -3.4772, 2.3063 -0.3318 -3.4934, 2.2047 -0.2461 -3.5561, 2.2047 -0.1274 -3.6053, 2.2835 -0.1274 -3.6053, -2.2835 0.2461 -3.5561, -2.2835 0.2878 -3.5291, -2.2047 0.2878 -3.5291, -2.2078 0.3216 -3.5025, -2.2845 0.2997 -3.5202, -2.2875 0.3104 -3.5118, -2.2165 0.348 -3.4779, -2.2923 0.3194 -3.5043, -2.2987 0.3266 -3.498, -2.3023 0.3294 -3.4956, -2.3063 0.3318 -3.4934, -2.3421 0.3469 -3.4769, -2.2168 0.3487 -3.4772, -2.3728 0.4262 -3.376, -2.2734 0.3962 -3.4219, -2.2504 0.3855 -3.4358, -2.2312 0.3698 -3.4546, -2.4448 0.3904 -3.4295, -2.5608 0.4262 -3.376, -2.528 0.4602 -3.3044, -2.561 0.4262 -3.3759, -2.536 0.462 -3.2995, -2.5848 0.4344 -3.3613, -2.5425 0.4644 -3.2929, -2.6045 0.4444 -3.3414, -2.5474 0.4671 -3.2849, -2.619 0.455 -3.3175, -2.5502 0.4699 -3.2761, -2.6275 0.4651 -3.2909, -2.5508 0.4727 -3.2668, -2.6295 0.4738 -3.263, -2.5493 0.4753 -3.2576, -2.5492 0.4754 -3.2573, -2.5145 0.4921 -3.1299, -2.3694 0.4921 -3.1299, -2.5756 0.4905 -3.1695, -2.5329 0.4806 -3.2356, -2.5972 0.4888 -3.1873, -2.5401 0.4793 -3.2415, -2.6139 0.4856 -3.2097, -2.5456 0.4775 -3.249, -2.6249 0.4807 -3.2354, -2.6285 0.4752 -3.2573, -2.2047 0.2461 -3.5561, -2.2047 0.1274 -3.6053, -2.2835 0.1274 -3.6053, -2.2047 0.0 -3.622, -2.2835 0.0 -3.622, -2.3063 -0.3318 -3.4934, -2.3023 -0.3294 -3.4956, -2.2164 -0.348 -3.4779, -2.2987 -0.3266 -3.498, -2.2923 -0.3194 -3.5043, -2.2078 -0.3216 -3.5025, -2.2875 -0.3104 -3.5118, -2.2845 -0.2997 -3.5202, -2.2047 -0.2878 -3.5291, -2.2835 -0.2878 -3.5291, -2.2047 -0.2461 -3.5561, -2.3399 -0.348 -3.4779, -2.2168 -0.3486 -3.4772, -2.2312 -0.3698 -3.4546, -2.2504 -0.3855 -3.4358, -2.2734 -0.3962 -3.4219, -2.4448 -0.3904 -3.4295, -2.3728 -0.4262 -3.376, -2.5608 -0.4262 -3.376, -2.561 -0.4262 -3.3759, -2.528 -0.4602 -3.3044, -2.5848 -0.4344 -3.3613, -2.536 -0.462 -3.2995, -2.6045 -0.4444 -3.3414, -2.5425 -0.4644 -3.2929, -2.619 -0.455 -3.3175, -2.5474 -0.4671 -3.2849, -2.6275 -0.4651 -3.2909, -2.5502 -0.4699 -3.2761, -2.6295 -0.4738 -3.263, -2.5508 -0.4727 -3.2668, -2.6285 -0.4752 -3.2573, -2.5493 -0.4753 -3.2576, -2.5492 -0.4754 -3.2573, -2.6249 -0.4807 -3.2354, -2.5456 -0.4775 -3.249, -2.3694 -0.4921 -3.1299, -2.5145 -0.4921 -3.1299, -2.5329 -0.4806 -3.2356, -2.5756 -0.4905 -3.1695, -2.5401 -0.4793 -3.2415, -2.5972 -0.4888 -3.1873, -2.6139 -0.4856 -3.2097, -2.2835 -0.2461 -3.5561, -2.2835 -0.1274 -3.6053, -2.2047 -0.1274 -3.6053, -1.0236 2.7165 -3.622, -1.0236 2.7953 -3.622, -0.9449 2.7953 -3.622, -0.9449 2.7165 -3.622, 0.9449 2.7165 -3.622, 0.9449 2.7953 -3.622, 1.0236 2.7953 -3.622, 1.0236 2.7165 -3.622, -0.9449 -2.9134 -3.622, -0.8268 -2.9134 -3.5039, -0.9449 -2.9921 -3.622, -0.8268 -2.9921 -3.5039, 0.0394 -2.9134 -3.622, 0.1575 -2.9134 -3.5039, 0.0394 -2.9921 -3.622, 0.1575 -2.9921 -3.5039, 1.0236 -2.9134 -3.622, 1.1417 -2.9134 -3.5039, 1.0236 -2.9921 -3.622, 1.1417 -2.9921 -3.5039, 0.9449 -2.9921 -3.622, 0.8268 -2.9921 -3.5039, 0.9449 -2.9134 -3.622, 0.8268 -2.9134 -3.5039, -0.0394 -2.9921 -3.622, -0.1575 -2.9921 -3.5039, -0.0394 -2.9134 -3.622, -0.1575 -2.9134 -3.5039, -1.0236 -2.9921 -3.622, -1.1417 -2.9921 -3.5039, -1.0236 -2.9134 -3.622, -1.1417 -2.9134 -3.5039, -1.2795 -0.0 0.3898, -1.2795 -0.0 -0.5906, -1.2621 0.2106 0.3898, -1.2621 0.2106 -0.5906, -1.2102 0.4155 0.3898, -1.2102 0.4155 -0.5906, -1.1253 0.609 0.3898, -1.1253 0.609 -0.5906, -1.0097 0.7859 0.3898, -1.0097 0.7859 -0.5906, -0.8666 0.9414 0.3898, -0.8666 0.9414 -0.5906, -0.6998 1.0712 0.3898, -0.6998 1.0712 -0.5906, -0.514 1.1718 0.3898, -0.514 1.1718 -0.5906, -0.3141 1.2404 0.3898, -0.3141 1.2404 -0.5906, -0.1057 1.2752 0.3898, -0.1057 1.2752 -0.5906, 0.1057 1.2752 0.3898, 0.1057 1.2752 -0.5906, 0.3141 1.2404 0.3898, 0.3141 1.2404 -0.5906, 0.514 1.1718 0.3898, 0.514 1.1718 -0.5906, 0.6998 1.0712 0.3898, 0.6998 1.0712 -0.5906, 0.8666 0.9414 0.3898, 0.8666 0.9414 -0.5906, 1.0097 0.7859 0.3898, 1.0097 0.7859 -0.5906, 1.1253 0.609 0.3898, 1.1253 0.609 -0.5906, 1.2102 0.4155 0.3898, 1.2102 0.4155 -0.5906, 1.2621 0.2106 0.3898, 1.2621 0.2106 -0.5906, 1.2795 0.0 0.3898, 1.2795 0.0 -0.5906, 1.2621 -0.2106 0.3898, 1.2621 -0.2106 -0.5906, 1.2102 -0.4155 0.3898, 1.2102 -0.4155 -0.5906, 1.1253 -0.609 0.3898, 1.1253 -0.609 -0.5906, 1.0097 -0.7859 0.3898, 1.0097 -0.7859 -0.5906, 0.8666 -0.9414 0.3898, 0.8666 -0.9414 -0.5906, 0.6998 -1.0712 0.3898, 0.6998 -1.0712 -0.5906, 0.514 -1.1718 0.3898, 0.514 -1.1718 -0.5906, 0.3141 -1.2404 0.3898, 0.3141 -1.2404 -0.5906, 0.1057 -1.2752 0.3898, 0.1057 -1.2752 -0.5906, -0.1057 -1.2752 0.3898, -0.1057 -1.2752 -0.5906, -0.3141 -1.2404 0.3898, -0.3141 -1.2404 -0.5906, -0.514 -1.1718 0.3898, -0.514 -1.1718 -0.5906, -0.6998 -1.0712 0.3898, -0.6998 -1.0712 -0.5906, -0.8666 -0.9414 0.3898, -0.8666 -0.9414 -0.5906, -1.0097 -0.7859 0.3898, -1.0097 -0.7859 -0.5906, -1.1253 -0.609 0.3898, -1.1253 -0.609 -0.5906, -1.2102 -0.4155 0.3898, -1.2102 -0.4155 -0.5906, -1.2621 -0.2106 0.3898, -1.2621 -0.2106 -0.5906, -1.2621 -0.2106 -0.5906
            ]
        }
        coordIndex [
            0,1,2,-1,3,4,5,-1,6,7,8,-1,9,10,11,-1,11,10,12,-1,10,13,14,-1,15,16,11,-1,11,16,17,-1,11,17,9,-1,18,19,20,-1,20,19,21,-1,20,21,11,-1,11,21,22,-1,11,22,15,-1,23,24,25,-1,25,24,26,-1,26,27,25,-1,25,27,28,-1,25,28,20,-1,20,28,29,-1,20,29,18,-1,7,30,8,-1,8,30,31,-1,8,31,25,-1,25,31,32,-1,25,32,23,-1,4,33,5,-1,5,33,34,-1,5,34,8,-1,8,34,35,-1,8,35,6,-1,36,37,38,-1,38,39,36,-1,36,39,40,-1,36,40,5,-1,5,40,41,-1,5,41,3,-1,42,43,36,-1,36,43,44,-1,36,44,37,-1,45,46,47,-1,47,46,48,-1,49,50,48,-1,48,50,51,-1,48,51,47,-1,52,53,54,-1,54,53,55,-1,54,55,49,-1,49,55,56,-1,49,56,50,-1,57,58,59,-1,59,60,57,-1,57,60,61,-1,57,61,54,-1,54,61,62,-1,54,62,52,-1,63,64,65,-1,65,64,66,-1,65,66,67,-1,63,68,64,-1,64,68,69,-1,64,69,58,-1,58,69,70,-1,58,70,59,-1,71,72,73,-1,73,72,74,-1,73,74,75,-1,75,74,76,-1,75,76,66,-1,66,76,77,-1,66,77,67,-1,71,73,78,-1,78,73,79,-1,78,79,80,-1,81,82,83,-1,84,85,86,-1,86,85,81,-1,86,81,87,-1,87,81,83,-1,84,88,85,-1,85,88,89,-1,85,89,79,-1,79,89,90,-1,79,90,80,-1,91,92,93,-1,93,92,94,-1,93,94,95,-1,91,96,92,-1,92,96,97,-1,92,97,82,-1,82,97,98,-1,82,98,83,-1,95,94,99,-1,99,94,100,-1,99,100,101,-1,102,103,104,-1,102,104,100,-1,100,104,105,-1,100,105,101,-1,106,107,108,-1,108,107,109,-1,106,110,107,-1,107,110,111,-1,107,111,102,-1,102,111,112,-1,102,112,103,-1,113,114,115,-1,115,114,116,-1,115,116,117,-1,113,118,114,-1,114,118,119,-1,114,119,109,-1,109,119,120,-1,109,120,108,-1,121,122,123,-1,123,122,124,-1,123,124,125,-1,125,124,126,-1,125,126,116,-1,116,126,127,-1,116,127,117,-1,121,123,128,-1,128,123,129,-1,128,129,130,-1,131,132,129,-1,129,132,133,-1,129,133,130,-1,134,135,131,-1,131,135,136,-1,131,136,132,-1,137,138,139,-1,139,138,140,-1,139,140,134,-1,134,140,141,-1,134,141,135,-1,142,143,144,-1,142,144,145,-1,144,146,145,-1,145,146,147,-1,145,147,139,-1,139,147,148,-1,139,148,137,-1,143,142,149,-1,149,142,150,-1,149,150,151,-1,2,1,150,-1,150,1,152,-1,150,152,151,-1,153,154,155,-1,155,154,156,-1,155,156,157,-1,157,156,158,-1,157,158,2,-1,2,158,159,-1,2,159,0,-1,160,161,155,-1,155,161,162,-1,155,162,153,-1,13,163,14,-1,14,163,164,-1,14,164,160,-1,160,164,165,-1,160,165,161,-1,166,167,168,-1,169,170,168,-1,168,170,171,-1,168,171,166,-1,172,173,169,-1,169,173,174,-1,169,174,170,-1,175,176,172,-1,172,176,177,-1,172,177,173,-1,178,179,175,-1,175,179,180,-1,175,180,176,-1,181,182,178,-1,178,182,183,-1,178,183,179,-1,14,184,10,-1,10,184,185,-1,10,185,12,-1,12,185,186,-1,12,186,181,-1,181,186,187,-1,181,187,182,-1,166,188,167,-1,167,188,189,-1,167,189,190,-1,190,189,191,-1,190,191,192,-1,192,191,193,-1,192,193,45,-1,45,193,194,-1,45,194,46,-1,195,196,197,-1,197,196,198,-1,199,200,201,-1,202,203,204,-1,204,203,201,-1,204,201,205,-1,205,201,200,-1,206,207,208,-1,208,207,209,-1,210,211,212,-1,212,211,213,-1,213,214,212,-1,212,214,215,-1,212,215,216,-1,216,215,217,-1,216,217,218,-1,218,219,216,-1,216,219,220,-1,216,220,221,-1,221,220,222,-1,223,224,225,-1,226,227,228,-1,228,227,229,-1,228,229,201,-1,201,229,230,-1,201,230,199,-1,202,231,203,-1,203,231,232,-1,203,232,207,-1,207,232,233,-1,207,233,209,-1,222,234,221,-1,221,234,235,-1,221,235,236,-1,236,235,237,-1,236,237,238,-1,225,239,223,-1,223,239,240,-1,223,240,228,-1,228,240,241,-1,228,241,226,-1,242,243,244,-1,244,243,245,-1,244,245,212,-1,212,245,246,-1,212,246,210,-1,247,248,249,-1,249,248,250,-1,249,250,223,-1,223,250,251,-1,223,251,224,-1,195,252,196,-1,196,252,253,-1,196,253,244,-1,244,253,254,-1,244,254,242,-1,238,255,236,-1,236,255,256,-1,236,256,249,-1,249,256,257,-1,249,257,247,-1,258,259,260,-1,261,262,263,-1,264,265,266,-1,267,268,269,-1,270,271,272,-1,273,274,275,-1,276,277,278,-1,279,280,281,-1,282,283,284,-1,285,286,287,-1,288,289,290,-1,291,292,293,-1,294,295,296,-1,297,298,299,-1,300,301,302,-1,303,304,305,-1,306,307,308,-1,309,310,311,-1,312,313,314,-1,315,316,317,-1,318,319,320,-1,321,322,323,-1,324,325,326,-1,327,328,329,-1,330,331,332,-1,333,334,335,-1,336,337,338,-1,339,340,341,-1,342,343,344,-1,345,346,347,-1,348,349,350,-1,351,352,353,-1,354,355,356,-1,357,358,359,-1,360,361,362,-1,363,364,365,-1,366,367,368,-1,369,370,371,-1,372,373,374,-1,375,376,377,-1,378,379,380,-1,381,382,383,-1,384,385,386,-1,387,388,389,-1,390,391,392,-1,393,394,395,-1,396,397,398,-1,399,400,401,-1,402,403,404,-1,405,406,407,-1,408,409,410,-1,411,412,413,-1,414,415,416,-1,417,418,419,-1,420,421,422,-1,423,424,425,-1,426,427,428,-1,429,430,431,-1,432,433,434,-1,435,436,437,-1,438,439,440,-1,441,442,443,-1,444,445,446,-1,447,448,449,-1,450,451,452,-1,453,454,455,-1,456,457,458,-1,459,460,461,-1,462,463,464,-1,465,466,467,-1,468,469,470,-1,471,472,473,-1,474,475,476,-1,477,478,479,-1,480,481,482,-1,483,484,485,-1,486,487,488,-1,489,490,491,-1,492,493,494,-1,495,496,497,-1,498,499,500,-1,501,502,503,-1,504,505,263,-1,506,507,508,-1,509,510,275,-1,511,512,293,-1,513,514,308,-1,515,516,329,-1,517,518,347,-1,519,520,350,-1,521,522,362,-1,523,524,383,-1,525,526,413,-1,527,528,428,-1,529,530,449,-1,531,532,467,-1,533,534,494,-1,535,536,537,-1,537,536,538,-1,539,540,541,-1,541,540,542,-1,543,544,545,-1,545,544,546,-1,547,548,549,-1,550,551,552,-1,553,554,555,-1,555,554,556,-1,557,558,559,-1,559,558,560,-1,561,562,563,-1,564,565,566,-1,567,568,569,-1,570,571,572,-1,572,571,573,-1,574,575,576,-1,576,575,577,-1,578,579,580,-1,581,582,583,-1,584,585,586,-1,587,588,589,-1,589,588,590,-1,591,592,593,-1,594,595,596,-1,597,598,599,-1,599,598,600,-1,601,602,603,-1,603,602,604,-1,605,606,607,-1,608,609,610,-1,611,612,613,-1,614,615,616,-1,63,65,617,-1,618,252,619,-1,619,252,195,-1,619,195,620,-1,620,195,197,-1,620,197,198,-1,621,254,618,-1,618,254,253,-1,618,253,252,-1,210,246,622,-1,622,246,245,-1,622,245,623,-1,623,245,243,-1,623,243,621,-1,621,243,242,-1,621,242,254,-1,624,213,211,-1,210,622,211,-1,211,622,625,-1,211,625,624,-1,214,626,215,-1,215,626,627,-1,215,627,217,-1,217,627,218,-1,234,222,628,-1,628,222,220,-1,628,220,627,-1,627,220,219,-1,627,219,218,-1,234,628,235,-1,235,628,629,-1,235,629,237,-1,630,255,629,-1,629,255,238,-1,629,238,237,-1,10,631,13,-1,13,631,632,-1,633,164,632,-1,632,164,163,-1,632,163,13,-1,154,153,634,-1,634,153,162,-1,634,162,635,-1,635,162,161,-1,635,161,633,-1,633,161,165,-1,633,165,164,-1,154,634,156,-1,156,634,636,-1,156,636,158,-1,158,636,637,-1,158,637,159,-1,159,637,0,-1,0,637,638,-1,0,638,1,-1,1,638,639,-1,1,639,152,-1,640,143,641,-1,641,143,149,-1,641,149,639,-1,639,149,151,-1,639,151,152,-1,642,643,148,-1,148,147,642,-1,642,147,146,-1,642,146,640,-1,640,146,144,-1,640,144,143,-1,644,138,643,-1,643,138,137,-1,643,137,148,-1,645,135,646,-1,646,135,141,-1,646,141,644,-1,644,141,140,-1,644,140,138,-1,133,132,645,-1,645,132,136,-1,645,136,135,-1,647,121,648,-1,648,121,128,-1,645,649,133,-1,133,649,648,-1,133,648,130,-1,130,648,128,-1,650,126,651,-1,651,126,124,-1,651,124,647,-1,647,124,122,-1,647,122,121,-1,652,117,650,-1,650,117,127,-1,650,127,126,-1,108,120,653,-1,653,120,654,-1,120,119,654,-1,654,119,118,-1,654,118,655,-1,655,118,113,-1,655,113,652,-1,652,113,115,-1,652,115,117,-1,656,110,653,-1,653,110,106,-1,653,106,108,-1,656,657,110,-1,110,657,658,-1,110,658,111,-1,111,658,112,-1,659,105,657,-1,657,105,104,-1,657,104,658,-1,658,104,103,-1,658,103,112,-1,96,91,660,-1,660,91,93,-1,95,99,659,-1,659,99,101,-1,659,101,105,-1,96,660,97,-1,97,660,661,-1,97,661,98,-1,86,87,661,-1,661,87,83,-1,661,83,98,-1,662,663,90,-1,90,89,662,-1,662,89,88,-1,662,88,84,-1,664,74,72,-1,71,78,663,-1,663,78,80,-1,663,80,90,-1,65,67,617,-1,617,67,77,-1,617,77,664,-1,664,77,76,-1,664,76,74,-1,59,665,60,-1,60,665,666,-1,60,666,61,-1,61,666,62,-1,59,70,665,-1,665,70,69,-1,665,69,68,-1,667,53,52,-1,668,50,56,-1,668,56,667,-1,667,56,55,-1,667,55,53,-1,669,47,668,-1,668,47,51,-1,668,51,50,-1,670,671,672,-1,672,671,673,-1,672,673,674,-1,675,676,677,-1,677,676,678,-1,677,678,679,-1,679,678,680,-1,681,682,683,-1,683,682,684,-1,683,684,685,-1,686,687,688,-1,689,690,688,-1,688,690,691,-1,688,691,686,-1,692,693,694,-1,694,693,695,-1,694,695,696,-1,697,698,699,-1,699,698,700,-1,699,700,701,-1,702,703,704,-1,704,703,705,-1,704,705,706,-1,706,705,707,-1,708,709,710,-1,710,709,711,-1,710,711,712,-1,713,714,715,-1,715,714,716,-1,715,716,717,-1,718,719,720,-1,720,719,721,-1,720,721,722,-1,722,721,723,-1,724,725,726,-1,726,725,727,-1,726,727,728,-1,728,727,729,-1,730,731,732,-1,732,731,733,-1,732,733,734,-1,735,736,737,-1,738,739,737,-1,737,739,740,-1,737,740,735,-1,741,742,743,-1,743,742,744,-1,743,744,745,-1,746,747,748,-1,748,747,749,-1,748,749,750,-1,751,752,753,-1,753,752,754,-1,753,754,755,-1,755,754,756,-1,757,758,759,-1,759,758,760,-1,759,760,761,-1,762,763,764,-1,764,763,765,-1,764,765,766,-1,767,768,769,-1,769,768,770,-1,769,770,771,-1,771,770,772,-1,773,774,775,-1,775,774,776,-1,775,776,777,-1,777,776,778,-1,779,780,781,-1,781,780,782,-1,781,782,783,-1,784,785,786,-1,787,788,786,-1,786,788,789,-1,786,789,784,-1,790,791,792,-1,792,791,793,-1,792,793,794,-1,795,796,797,-1,797,796,798,-1,797,798,799,-1,800,801,802,-1,802,801,803,-1,802,803,804,-1,804,803,805,-1,806,807,808,-1,808,807,809,-1,808,809,810,-1,811,812,813,-1,813,812,814,-1,813,814,815,-1,815,814,816,-1,817,818,819,-1,819,818,820,-1,819,820,821,-1,822,823,824,-1,824,823,825,-1,824,825,826,-1,826,825,827,-1,828,829,830,-1,830,829,831,-1,830,831,832,-1,833,834,835,-1,836,837,835,-1,835,837,838,-1,835,838,833,-1,839,840,841,-1,616,615,840,-1,840,615,842,-1,840,842,841,-1,614,616,843,-1,843,616,844,-1,843,844,845,-1,845,844,846,-1,845,846,847,-1,847,846,848,-1,848,846,849,-1,848,849,850,-1,850,849,851,-1,850,851,852,-1,613,853,611,-1,611,853,854,-1,611,854,855,-1,855,854,856,-1,855,856,851,-1,851,856,857,-1,851,857,852,-1,858,859,860,-1,860,859,861,-1,860,861,612,-1,612,861,862,-1,612,862,613,-1,610,863,608,-1,608,863,864,-1,608,864,858,-1,858,864,865,-1,858,865,859,-1,607,866,605,-1,605,866,867,-1,605,867,868,-1,868,867,869,-1,868,869,609,-1,609,869,870,-1,609,870,610,-1,871,872,873,-1,873,872,874,-1,873,874,606,-1,606,874,875,-1,606,875,607,-1,602,876,604,-1,604,876,877,-1,604,877,871,-1,871,877,878,-1,871,878,872,-1,601,603,879,-1,879,603,880,-1,879,880,881,-1,881,880,882,-1,881,882,883,-1,883,882,884,-1,884,882,885,-1,884,885,886,-1,886,885,887,-1,886,887,888,-1,598,889,600,-1,600,889,890,-1,600,890,891,-1,891,890,892,-1,891,892,887,-1,887,892,893,-1,887,893,888,-1,597,599,894,-1,894,599,895,-1,894,895,896,-1,896,895,897,-1,896,897,898,-1,898,897,899,-1,899,897,900,-1,899,900,901,-1,901,900,902,-1,901,902,903,-1,596,904,594,-1,594,904,905,-1,594,905,906,-1,906,905,907,-1,906,907,902,-1,902,907,908,-1,902,908,903,-1,909,910,911,-1,911,910,912,-1,911,912,595,-1,595,912,913,-1,595,913,596,-1,593,914,591,-1,591,914,915,-1,591,915,909,-1,909,915,916,-1,909,916,910,-1,917,918,919,-1,919,918,920,-1,919,920,592,-1,592,920,921,-1,592,921,593,-1,922,923,924,-1,924,923,925,-1,924,925,917,-1,917,925,926,-1,917,926,918,-1,927,928,922,-1,922,928,929,-1,922,929,923,-1,588,930,590,-1,590,930,931,-1,590,931,927,-1,927,931,932,-1,927,932,928,-1,587,589,933,-1,933,589,934,-1,933,934,935,-1,935,934,936,-1,935,936,937,-1,937,936,938,-1,938,936,939,-1,938,939,940,-1,940,939,941,-1,940,941,942,-1,586,943,584,-1,584,943,944,-1,584,944,945,-1,945,944,946,-1,945,946,941,-1,941,946,947,-1,941,947,942,-1,948,949,950,-1,950,949,951,-1,950,951,585,-1,585,951,952,-1,585,952,586,-1,583,953,581,-1,581,953,954,-1,581,954,948,-1,948,954,955,-1,948,955,949,-1,580,956,578,-1,578,956,957,-1,578,957,958,-1,958,957,959,-1,958,959,582,-1,582,959,960,-1,582,960,583,-1,961,962,963,-1,963,962,964,-1,963,964,579,-1,579,964,965,-1,579,965,580,-1,575,966,577,-1,577,966,967,-1,577,967,961,-1,961,967,968,-1,961,968,962,-1,574,576,969,-1,969,576,970,-1,969,970,971,-1,971,970,972,-1,971,972,973,-1,973,972,974,-1,974,972,975,-1,974,975,976,-1,976,975,977,-1,976,977,978,-1,571,979,573,-1,573,979,980,-1,573,980,981,-1,981,980,982,-1,981,982,977,-1,977,982,983,-1,977,983,978,-1,570,572,984,-1,984,572,985,-1,984,985,986,-1,986,985,987,-1,986,987,988,-1,988,987,989,-1,989,987,990,-1,989,990,991,-1,991,990,992,-1,991,992,993,-1,569,994,567,-1,567,994,995,-1,567,995,996,-1,996,995,997,-1,996,997,992,-1,992,997,998,-1,992,998,993,-1,999,1000,1001,-1,1001,1000,1002,-1,1001,1002,568,-1,568,1002,1003,-1,568,1003,569,-1,566,1004,564,-1,564,1004,1005,-1,564,1005,999,-1,999,1005,1006,-1,999,1006,1000,-1,563,1007,561,-1,561,1007,1008,-1,561,1008,1009,-1,1009,1008,1010,-1,1009,1010,565,-1,565,1010,1011,-1,565,1011,566,-1,1012,1013,1014,-1,1014,1013,1015,-1,1014,1015,562,-1,562,1015,1016,-1,562,1016,563,-1,558,1017,560,-1,560,1017,1018,-1,560,1018,1012,-1,1012,1018,1019,-1,1012,1019,1013,-1,557,559,1020,-1,1020,559,1021,-1,1020,1021,1022,-1,1022,1021,1023,-1,1022,1023,1024,-1,1024,1023,1025,-1,1025,1023,1026,-1,1025,1026,1027,-1,1027,1026,1028,-1,1027,1028,1029,-1,554,1030,556,-1,556,1030,1031,-1,556,1031,1032,-1,1032,1031,1033,-1,1032,1033,1028,-1,1028,1033,1034,-1,1028,1034,1029,-1,553,555,1035,-1,1035,555,1036,-1,1035,1036,1037,-1,1037,1036,1038,-1,1037,1038,1039,-1,1039,1038,1040,-1,1040,1038,1041,-1,1040,1041,1042,-1,1042,1041,1043,-1,1042,1043,1044,-1,552,1045,550,-1,550,1045,1046,-1,550,1046,1047,-1,1047,1046,1048,-1,1047,1048,1043,-1,1043,1048,1049,-1,1043,1049,1044,-1,1050,1051,1052,-1,1052,1051,1053,-1,1052,1053,551,-1,551,1053,1054,-1,551,1054,552,-1,549,1055,547,-1,547,1055,1056,-1,547,1056,1050,-1,1050,1056,1057,-1,1050,1057,1051,-1,1058,1059,1060,-1,1060,1059,1061,-1,1060,1061,548,-1,548,1061,1062,-1,548,1062,549,-1,1063,1064,1065,-1,1065,1064,1066,-1,1065,1066,1058,-1,1058,1066,1067,-1,1058,1067,1059,-1,1068,1069,1063,-1,1063,1069,1070,-1,1063,1070,1064,-1,544,1071,546,-1,546,1071,1072,-1,546,1072,1068,-1,1068,1072,1073,-1,1068,1073,1069,-1,543,545,1074,-1,1074,545,1075,-1,1074,1075,1076,-1,1076,1075,1077,-1,1076,1077,1078,-1,1078,1077,1079,-1,1079,1077,1080,-1,1079,1080,1081,-1,1081,1080,1082,-1,1081,1082,1083,-1,540,1084,542,-1,542,1084,1085,-1,542,1085,1086,-1,1086,1085,1087,-1,1086,1087,1082,-1,1082,1087,1088,-1,1082,1088,1083,-1,539,541,1089,-1,1089,541,1090,-1,1089,1090,1091,-1,1091,1090,1092,-1,1091,1092,1093,-1,1093,1092,1094,-1,1094,1092,1095,-1,1094,1095,1096,-1,1096,1095,1097,-1,1096,1097,1098,-1,1099,1100,1101,-1,1101,1100,1102,-1,1101,1102,1097,-1,1097,1102,1103,-1,1097,1103,1098,-1,1104,1105,1106,-1,1106,1105,1107,-1,1106,1107,1099,-1,1099,1107,1108,-1,1099,1108,1100,-1,1109,1110,1104,-1,1104,1110,1111,-1,1104,1111,1105,-1,536,1112,538,-1,538,1112,1113,-1,538,1113,1109,-1,1109,1113,1114,-1,1109,1114,1110,-1,535,537,1115,-1,1115,537,1116,-1,1115,1116,1117,-1,1117,1116,1118,-1,1117,1118,1119,-1,1119,1118,1120,-1,1120,1118,1121,-1,1120,1121,1122,-1,1122,1121,1123,-1,1122,1123,1124,-1,1125,1126,1127,-1,1127,1126,1128,-1,1127,1128,1123,-1,1123,1128,1129,-1,1123,1129,1124,-1,1130,1131,1132,-1,1132,1131,1133,-1,1132,1133,1125,-1,1125,1133,1134,-1,1125,1134,1126,-1,1135,1136,500,-1,533,494,1137,-1,1138,1139,488,-1,1140,1141,485,-1,1142,1143,1144,-1,1144,1143,1145,-1,1146,1147,1148,-1,1148,1147,1149,-1,1148,1149,1145,-1,1145,1149,1150,-1,1145,1150,1144,-1,1151,1152,476,-1,1153,1154,473,-1,1155,1156,464,-1,1157,1158,461,-1,1159,1160,455,-1,529,449,1161,-1,1162,1163,443,-1,1164,1165,440,-1,1166,1167,434,-1,527,428,1168,-1,1169,1170,422,-1,1171,1172,419,-1,1173,1174,410,-1,1175,1176,407,-1,1177,1178,401,-1,1179,1180,1181,-1,1181,1180,1182,-1,1183,1184,1185,-1,1185,1184,1186,-1,1185,1186,1182,-1,1182,1186,1187,-1,1182,1187,1181,-1,1188,1189,395,-1,1190,1191,389,-1,523,383,1192,-1,1193,1194,377,-1,1195,1196,374,-1,1197,1198,368,-1,521,362,1199,-1,1200,1201,356,-1,1202,1203,344,-1,1204,1205,341,-1,1206,1207,335,-1,515,329,1208,-1,1209,1210,323,-1,1211,1212,320,-1,1213,1214,314,-1,513,308,1215,-1,1216,1217,302,-1,1218,1219,299,-1,1220,1221,290,-1,1222,1223,287,-1,1224,1225,281,-1,509,275,1226,-1,1227,1228,269,-1,1229,1230,266,-1,1231,1232,1233,-1,508,507,1232,-1,1232,507,1234,-1,1232,1234,1233,-1,504,263,1235,-1,1236,1237,1238,-1,1238,1237,630,-1,1238,630,1239,-1,1239,630,1240,-1,1240,630,629,-1,1240,629,1241,-1,1241,629,628,-1,1241,628,1242,-1,1242,628,1243,-1,1243,628,627,-1,1243,627,1244,-1,1244,627,626,-1,1244,626,624,-1,624,626,214,-1,624,214,213,-1,1245,659,1246,-1,1246,659,657,-1,1246,657,1247,-1,1247,657,656,-1,1245,1248,659,-1,659,1248,660,-1,659,660,95,-1,95,660,93,-1,1249,661,1250,-1,1250,661,660,-1,1250,660,1251,-1,1251,660,1248,-1,1249,1252,661,-1,661,1252,662,-1,661,662,86,-1,86,662,84,-1,1253,663,1254,-1,1254,663,662,-1,1254,662,1255,-1,1255,662,1252,-1,1253,1256,663,-1,663,1256,664,-1,663,664,71,-1,71,664,72,-1,1257,617,1258,-1,1258,617,664,-1,1258,664,1259,-1,1259,664,1256,-1,1257,1260,617,-1,617,1260,665,-1,617,665,63,-1,63,665,68,-1,1261,666,1262,-1,1262,666,665,-1,1262,665,1263,-1,1263,665,1260,-1,1261,1264,666,-1,666,1264,667,-1,666,667,62,-1,62,667,52,-1,1265,668,1266,-1,1266,668,667,-1,1266,667,1267,-1,1267,667,1264,-1,1265,1268,668,-1,668,1268,671,-1,668,671,669,-1,669,671,670,-1,1269,673,1270,-1,1270,673,671,-1,1270,671,1271,-1,1271,671,1268,-1,1269,1272,673,-1,673,1272,676,-1,673,676,674,-1,674,676,675,-1,1273,678,1274,-1,1274,678,676,-1,1274,676,1275,-1,1275,676,1272,-1,1273,1276,678,-1,678,1276,685,-1,678,685,680,-1,680,685,684,-1,1277,683,1278,-1,1278,683,685,-1,1278,685,1279,-1,1279,685,1276,-1,1277,1280,683,-1,683,1280,687,-1,683,687,681,-1,681,687,686,-1,1281,688,1282,-1,1282,688,687,-1,1282,687,1283,-1,1283,687,1280,-1,1281,1284,688,-1,688,1284,696,-1,688,696,689,-1,689,696,695,-1,1285,694,1286,-1,1286,694,696,-1,1286,696,1287,-1,1287,696,1284,-1,1285,1288,694,-1,694,1288,698,-1,694,698,692,-1,692,698,697,-1,1289,700,1290,-1,1290,700,698,-1,1290,698,1291,-1,1291,698,1288,-1,1289,1292,700,-1,700,1292,703,-1,700,703,701,-1,701,703,702,-1,1293,705,1294,-1,1294,705,703,-1,1294,703,1295,-1,1295,703,1292,-1,1293,1296,705,-1,705,1296,709,-1,705,709,707,-1,707,709,708,-1,1297,711,1298,-1,1298,711,709,-1,1298,709,1299,-1,1299,709,1296,-1,1297,1300,711,-1,711,1300,714,-1,711,714,712,-1,712,714,713,-1,1301,716,1302,-1,1302,716,714,-1,1302,714,1303,-1,1303,714,1300,-1,1301,1304,716,-1,716,1304,719,-1,716,719,717,-1,717,719,718,-1,1305,721,1306,-1,1306,721,719,-1,1306,719,1307,-1,1307,719,1304,-1,1305,1308,721,-1,721,1308,725,-1,721,725,723,-1,723,725,724,-1,1309,727,1310,-1,1310,727,725,-1,1310,725,1311,-1,1311,725,1308,-1,1309,1312,727,-1,727,1312,734,-1,727,734,729,-1,729,734,733,-1,1313,732,1314,-1,1314,732,734,-1,1314,734,1315,-1,1315,734,1312,-1,1313,1316,732,-1,732,1316,736,-1,732,736,730,-1,730,736,735,-1,1317,737,1318,-1,1318,737,736,-1,1318,736,1319,-1,1319,736,1316,-1,1317,1320,737,-1,737,1320,745,-1,737,745,738,-1,738,745,744,-1,1321,743,1322,-1,1322,743,745,-1,1322,745,1323,-1,1323,745,1320,-1,1321,1324,743,-1,743,1324,747,-1,743,747,741,-1,741,747,746,-1,1325,749,1326,-1,1326,749,747,-1,1326,747,1327,-1,1327,747,1324,-1,1325,1328,749,-1,749,1328,752,-1,749,752,750,-1,750,752,751,-1,1329,754,1330,-1,1330,754,752,-1,1330,752,1331,-1,1331,752,1328,-1,1329,1332,754,-1,754,1332,758,-1,754,758,756,-1,756,758,757,-1,1333,760,1334,-1,1334,760,758,-1,1334,758,1335,-1,1335,758,1332,-1,1333,1336,760,-1,760,1336,763,-1,760,763,761,-1,761,763,762,-1,1337,765,1338,-1,1338,765,763,-1,1338,763,1339,-1,1339,763,1336,-1,1337,1340,765,-1,765,1340,768,-1,765,768,766,-1,766,768,767,-1,1341,770,1342,-1,1342,770,768,-1,1342,768,1343,-1,1343,768,1340,-1,1341,1344,770,-1,770,1344,774,-1,770,774,772,-1,772,774,773,-1,1345,776,1346,-1,1346,776,774,-1,1346,774,1347,-1,1347,774,1344,-1,1345,1348,776,-1,776,1348,783,-1,776,783,778,-1,778,783,782,-1,1349,781,1350,-1,1350,781,783,-1,1350,783,1351,-1,1351,783,1348,-1,1349,1352,781,-1,781,1352,785,-1,781,785,779,-1,779,785,784,-1,1353,786,1354,-1,1354,786,785,-1,1354,785,1355,-1,1355,785,1352,-1,1353,1356,786,-1,786,1356,794,-1,786,794,787,-1,787,794,793,-1,1357,792,1358,-1,1358,792,794,-1,1358,794,1359,-1,1359,794,1356,-1,1357,1360,792,-1,792,1360,796,-1,792,796,790,-1,790,796,795,-1,1361,798,1362,-1,1362,798,796,-1,1362,796,1363,-1,1363,796,1360,-1,1361,1364,798,-1,798,1364,801,-1,798,801,799,-1,799,801,800,-1,1365,803,1366,-1,1366,803,801,-1,1366,801,1367,-1,1367,801,1364,-1,1365,1368,803,-1,803,1368,807,-1,803,807,805,-1,805,807,806,-1,1369,809,1370,-1,1370,809,807,-1,1370,807,1371,-1,1371,807,1368,-1,1369,1372,809,-1,809,1372,812,-1,809,812,810,-1,810,812,811,-1,1373,814,1374,-1,1374,814,812,-1,1374,812,1375,-1,1375,812,1372,-1,1373,1376,814,-1,814,1376,821,-1,814,821,816,-1,816,821,820,-1,1377,819,1378,-1,1378,819,821,-1,1378,821,1379,-1,1379,821,1376,-1,1377,1380,819,-1,819,1380,823,-1,819,823,817,-1,817,823,822,-1,1381,825,1382,-1,1382,825,823,-1,1382,823,1383,-1,1383,823,1380,-1,1381,1384,825,-1,825,1384,832,-1,825,832,827,-1,827,832,831,-1,1385,830,1386,-1,1386,830,832,-1,1386,832,1387,-1,1387,832,1384,-1,1385,1388,830,-1,830,1388,834,-1,830,834,828,-1,828,834,833,-1,1389,835,1390,-1,1390,835,834,-1,1390,834,1391,-1,1391,834,1388,-1,1389,1392,835,-1,835,1392,839,-1,835,839,836,-1,836,839,841,-1,1393,860,1394,-1,1394,860,612,-1,1394,612,1395,-1,1395,612,611,-1,1395,611,1396,-1,1396,611,855,-1,1396,855,1397,-1,1397,855,851,-1,1397,851,1398,-1,1398,851,849,-1,1398,849,1399,-1,1399,849,846,-1,1399,846,1400,-1,1400,846,844,-1,1400,844,1401,-1,1401,844,616,-1,1401,616,1402,-1,1402,616,840,-1,1402,840,1403,-1,1403,840,839,-1,1403,839,1404,-1,1404,839,1392,-1,1405,1132,1406,-1,1406,1132,1125,-1,1406,1125,1407,-1,1407,1125,1127,-1,1407,1127,1408,-1,1408,1127,1123,-1,1408,1123,1409,-1,1409,1123,1121,-1,1409,1121,1410,-1,1410,1121,1118,-1,1410,1118,1411,-1,1411,1118,1116,-1,1411,1116,1412,-1,1412,1116,537,-1,1412,537,1413,-1,1413,537,538,-1,1413,538,1414,-1,1414,538,1109,-1,1414,1109,1415,-1,1415,1109,1104,-1,1415,1104,1416,-1,1416,1104,1106,-1,1416,1106,1417,-1,1417,1106,1099,-1,1417,1099,1418,-1,1418,1099,1101,-1,1418,1101,1419,-1,1419,1101,1097,-1,1419,1097,1420,-1,1420,1097,1095,-1,1420,1095,1421,-1,1421,1095,1092,-1,1421,1092,1422,-1,1422,1092,1090,-1,1422,1090,1423,-1,1423,1090,541,-1,1423,541,1424,-1,1424,541,542,-1,1424,542,1425,-1,1425,542,1086,-1,1425,1086,1426,-1,1426,1086,1082,-1,1426,1082,1427,-1,1427,1082,1080,-1,1427,1080,1428,-1,1428,1080,1077,-1,1428,1077,1429,-1,1429,1077,1075,-1,1429,1075,1430,-1,1430,1075,545,-1,1430,545,1431,-1,1431,545,546,-1,1431,546,1432,-1,1432,546,1068,-1,1432,1068,1433,-1,1433,1068,1063,-1,1433,1063,1434,-1,1434,1063,1065,-1,1434,1065,1435,-1,1435,1065,1058,-1,1435,1058,1436,-1,1436,1058,1060,-1,1436,1060,1437,-1,1437,1060,548,-1,1437,548,1438,-1,1438,548,547,-1,1438,547,1439,-1,1439,547,1050,-1,1439,1050,1440,-1,1440,1050,1052,-1,1440,1052,1441,-1,1441,1052,551,-1,1441,551,1442,-1,1442,551,550,-1,1442,550,1443,-1,1443,550,1047,-1,1443,1047,1444,-1,1444,1047,1043,-1,1444,1043,1445,-1,1445,1043,1041,-1,1445,1041,1446,-1,1446,1041,1038,-1,1446,1038,1447,-1,1447,1038,1036,-1,1447,1036,1448,-1,1448,1036,555,-1,1448,555,1449,-1,1449,555,556,-1,1449,556,1450,-1,1450,556,1032,-1,1450,1032,1451,-1,1451,1032,1028,-1,1451,1028,1452,-1,1452,1028,1026,-1,1452,1026,1453,-1,1453,1026,1023,-1,1453,1023,1454,-1,1454,1023,1021,-1,1454,1021,1455,-1,1455,1021,559,-1,1455,559,1456,-1,1456,559,560,-1,1456,560,1457,-1,1457,560,1012,-1,1457,1012,1458,-1,1458,1012,1014,-1,1458,1014,1459,-1,1459,1014,562,-1,1459,562,1460,-1,1460,562,561,-1,1460,561,1461,-1,1461,561,1009,-1,1461,1009,1462,-1,1462,1009,565,-1,1462,565,1463,-1,1463,565,564,-1,1463,564,1464,-1,1464,564,999,-1,1464,999,1465,-1,1465,999,1001,-1,1465,1001,1466,-1,1466,1001,568,-1,1466,568,1467,-1,1467,568,567,-1,1467,567,1468,-1,1468,567,996,-1,1468,996,1469,-1,1469,996,992,-1,1469,992,1470,-1,1470,992,990,-1,1470,990,1471,-1,1471,990,987,-1,1471,987,1472,-1,1472,987,985,-1,1472,985,1473,-1,1473,985,572,-1,1473,572,1474,-1,1474,572,573,-1,1474,573,1475,-1,1475,573,981,-1,1475,981,1476,-1,1476,981,977,-1,1476,977,1477,-1,1477,977,975,-1,1477,975,1478,-1,1478,975,972,-1,1478,972,1479,-1,1479,972,970,-1,1479,970,1480,-1,1480,970,576,-1,1480,576,1481,-1,1481,576,577,-1,1481,577,1482,-1,1482,577,961,-1,1482,961,1483,-1,1483,961,963,-1,1483,963,1484,-1,1484,963,579,-1,1484,579,1485,-1,1485,579,578,-1,1485,578,1486,-1,1486,578,958,-1,1486,958,1487,-1,1487,958,582,-1,1487,582,1488,-1,1488,582,581,-1,1488,581,1489,-1,1489,581,948,-1,1489,948,1490,-1,1490,948,950,-1,1490,950,1491,-1,1491,950,585,-1,1491,585,1492,-1,1492,585,584,-1,1492,584,1493,-1,1493,584,945,-1,1493,945,1494,-1,1494,945,941,-1,1494,941,1495,-1,1495,941,939,-1,1495,939,1496,-1,1496,939,936,-1,1496,936,1497,-1,1497,936,934,-1,1497,934,1498,-1,1498,934,589,-1,1498,589,1499,-1,1499,589,590,-1,1499,590,1500,-1,1500,590,927,-1,1500,927,1501,-1,1501,927,922,-1,1501,922,1502,-1,1502,922,924,-1,1502,924,1503,-1,1503,924,917,-1,1503,917,1504,-1,1504,917,919,-1,1504,919,1505,-1,1505,919,592,-1,1505,592,1506,-1,1506,592,591,-1,1506,591,1507,-1,1507,591,909,-1,1507,909,1508,-1,1508,909,911,-1,1508,911,1509,-1,1509,911,595,-1,1509,595,1510,-1,1510,595,594,-1,1510,594,1511,-1,1511,594,906,-1,1511,906,1512,-1,1512,906,902,-1,1512,902,1513,-1,1513,902,900,-1,1513,900,1514,-1,1514,900,897,-1,1514,897,1515,-1,1515,897,895,-1,1515,895,1516,-1,1516,895,599,-1,1516,599,1517,-1,1517,599,600,-1,1517,600,1518,-1,1518,600,891,-1,1518,891,1519,-1,1519,891,887,-1,1519,887,1520,-1,1520,887,885,-1,1520,885,1521,-1,1521,885,882,-1,1521,882,1522,-1,1522,882,880,-1,1522,880,1523,-1,1523,880,603,-1,1523,603,1524,-1,1524,603,604,-1,1524,604,1525,-1,1525,604,871,-1,1525,871,1526,-1,1526,871,873,-1,1526,873,1527,-1,1527,873,606,-1,1527,606,1528,-1,1528,606,605,-1,1528,605,1529,-1,1529,605,868,-1,1529,868,1530,-1,1530,868,609,-1,1530,609,1531,-1,1531,609,608,-1,1531,608,1532,-1,1532,608,858,-1,1532,858,1393,-1,1393,858,860,-1,1405,501,1132,-1,1132,501,503,-1,1132,503,1130,-1,1130,503,1533,-1,502,498,503,-1,503,498,500,-1,503,500,1533,-1,1533,500,1136,-1,499,495,500,-1,500,495,497,-1,500,497,1135,-1,1135,497,1534,-1,496,492,497,-1,497,492,494,-1,497,494,1534,-1,1534,494,534,-1,493,489,494,-1,494,489,491,-1,494,491,1137,-1,1137,491,1535,-1,490,486,491,-1,491,486,488,-1,491,488,1535,-1,1535,488,1139,-1,487,483,488,-1,488,483,485,-1,488,485,1138,-1,1138,485,1141,-1,484,480,485,-1,485,480,482,-1,485,482,1140,-1,1140,482,1536,-1,481,1537,482,-1,482,1537,1143,-1,482,1143,1536,-1,1536,1143,1142,-1,1537,1538,1143,-1,1143,1538,1539,-1,1143,1539,1145,-1,1145,1539,1540,-1,1145,1540,1148,-1,1148,1540,1541,-1,1148,1541,1542,-1,1542,477,1148,-1,1148,477,479,-1,1148,479,1146,-1,1146,479,1543,-1,478,474,479,-1,479,474,476,-1,479,476,1543,-1,1543,476,1152,-1,475,471,476,-1,476,471,473,-1,476,473,1151,-1,1151,473,1154,-1,472,468,473,-1,473,468,470,-1,473,470,1153,-1,1153,470,1544,-1,469,465,470,-1,470,465,467,-1,470,467,1544,-1,1544,467,532,-1,466,462,467,-1,467,462,464,-1,467,464,531,-1,531,464,1156,-1,463,459,464,-1,464,459,461,-1,464,461,1155,-1,1155,461,1158,-1,460,456,461,-1,461,456,458,-1,461,458,1157,-1,1157,458,1545,-1,457,453,458,-1,458,453,455,-1,458,455,1545,-1,1545,455,1160,-1,454,450,455,-1,455,450,452,-1,455,452,1159,-1,1159,452,1546,-1,451,447,452,-1,452,447,449,-1,452,449,1546,-1,1546,449,530,-1,448,444,449,-1,449,444,446,-1,449,446,1161,-1,1161,446,1547,-1,445,441,446,-1,446,441,443,-1,446,443,1547,-1,1547,443,1163,-1,442,438,443,-1,443,438,440,-1,443,440,1162,-1,1162,440,1165,-1,439,435,440,-1,440,435,437,-1,440,437,1164,-1,1164,437,1548,-1,436,432,437,-1,437,432,434,-1,437,434,1548,-1,1548,434,1167,-1,433,429,434,-1,434,429,431,-1,434,431,1166,-1,1166,431,1549,-1,430,426,431,-1,431,426,428,-1,431,428,1549,-1,1549,428,528,-1,427,423,428,-1,428,423,425,-1,428,425,1168,-1,1168,425,1550,-1,424,420,425,-1,425,420,422,-1,425,422,1550,-1,1550,422,1170,-1,421,417,422,-1,422,417,419,-1,422,419,1169,-1,1169,419,1172,-1,418,414,419,-1,419,414,416,-1,419,416,1171,-1,1171,416,1551,-1,415,411,416,-1,416,411,413,-1,416,413,1551,-1,1551,413,526,-1,412,408,413,-1,413,408,410,-1,413,410,525,-1,525,410,1174,-1,409,405,410,-1,410,405,407,-1,410,407,1173,-1,1173,407,1176,-1,406,402,407,-1,407,402,404,-1,407,404,1175,-1,1175,404,1552,-1,403,399,404,-1,404,399,401,-1,404,401,1552,-1,1552,401,1178,-1,400,396,401,-1,401,396,398,-1,401,398,1177,-1,1177,398,1553,-1,397,1554,398,-1,398,1554,1180,-1,398,1180,1553,-1,1553,1180,1179,-1,1554,1555,1180,-1,1180,1555,1556,-1,1180,1556,1182,-1,1182,1556,1557,-1,1182,1557,1185,-1,1185,1557,1558,-1,1185,1558,1559,-1,1559,393,1185,-1,1185,393,395,-1,1185,395,1183,-1,1183,395,1189,-1,394,390,395,-1,395,390,392,-1,395,392,1188,-1,1188,392,1560,-1,391,387,392,-1,392,387,389,-1,392,389,1560,-1,1560,389,1191,-1,388,384,389,-1,389,384,386,-1,389,386,1190,-1,1190,386,1561,-1,385,381,386,-1,386,381,383,-1,386,383,1561,-1,1561,383,524,-1,382,378,383,-1,383,378,380,-1,383,380,1192,-1,1192,380,1562,-1,379,375,380,-1,380,375,377,-1,380,377,1562,-1,1562,377,1194,-1,376,372,377,-1,377,372,374,-1,377,374,1193,-1,1193,374,1196,-1,373,369,374,-1,374,369,371,-1,374,371,1195,-1,1195,371,1563,-1,370,366,371,-1,371,366,368,-1,371,368,1563,-1,1563,368,1198,-1,367,363,368,-1,368,363,365,-1,368,365,1197,-1,1197,365,1564,-1,364,360,365,-1,365,360,362,-1,365,362,1564,-1,1564,362,522,-1,361,357,362,-1,362,357,359,-1,362,359,1199,-1,1199,359,1565,-1,358,354,359,-1,359,354,356,-1,359,356,1565,-1,1565,356,1201,-1,355,351,356,-1,356,351,353,-1,356,353,1200,-1,1200,353,1566,-1,352,348,353,-1,353,348,350,-1,353,350,1566,-1,1566,350,520,-1,349,345,350,-1,350,345,347,-1,350,347,519,-1,519,347,518,-1,346,342,347,-1,347,342,344,-1,347,344,517,-1,517,344,1203,-1,343,339,344,-1,344,339,341,-1,344,341,1202,-1,1202,341,1205,-1,340,336,341,-1,341,336,338,-1,341,338,1204,-1,1204,338,1567,-1,337,333,338,-1,338,333,335,-1,338,335,1567,-1,1567,335,1207,-1,334,330,335,-1,335,330,332,-1,335,332,1206,-1,1206,332,1568,-1,331,327,332,-1,332,327,329,-1,332,329,1568,-1,1568,329,516,-1,328,324,329,-1,329,324,326,-1,329,326,1208,-1,1208,326,1569,-1,325,321,326,-1,326,321,323,-1,326,323,1569,-1,1569,323,1210,-1,322,318,323,-1,323,318,320,-1,323,320,1209,-1,1209,320,1212,-1,319,315,320,-1,320,315,317,-1,320,317,1211,-1,1211,317,1570,-1,316,312,317,-1,317,312,314,-1,317,314,1570,-1,1570,314,1214,-1,313,309,314,-1,314,309,311,-1,314,311,1213,-1,1213,311,1571,-1,310,306,311,-1,311,306,308,-1,311,308,1571,-1,1571,308,514,-1,307,303,308,-1,308,303,305,-1,308,305,1215,-1,1215,305,1572,-1,304,300,305,-1,305,300,302,-1,305,302,1572,-1,1572,302,1217,-1,301,297,302,-1,302,297,299,-1,302,299,1216,-1,1216,299,1219,-1,298,294,299,-1,299,294,296,-1,299,296,1218,-1,1218,296,1573,-1,295,291,296,-1,296,291,293,-1,296,293,1573,-1,1573,293,512,-1,292,288,293,-1,293,288,290,-1,293,290,511,-1,511,290,1221,-1,289,285,290,-1,290,285,287,-1,290,287,1220,-1,1220,287,1223,-1,286,282,287,-1,287,282,284,-1,287,284,1222,-1,1222,284,1574,-1,283,279,284,-1,284,279,281,-1,284,281,1574,-1,1574,281,1225,-1,280,276,281,-1,281,276,278,-1,281,278,1224,-1,1224,278,1575,-1,277,273,278,-1,278,273,275,-1,278,275,1575,-1,1575,275,510,-1,274,270,275,-1,275,270,272,-1,275,272,1226,-1,1226,272,1576,-1,271,267,272,-1,272,267,269,-1,272,269,1576,-1,1576,269,1228,-1,268,264,269,-1,269,264,266,-1,269,266,1227,-1,1227,266,1230,-1,265,1577,266,-1,266,1577,1231,-1,266,1231,1229,-1,1229,1231,1233,-1,1577,1578,1231,-1,1231,1578,1579,-1,1231,1579,1232,-1,1232,1579,1580,-1,1232,1580,508,-1,508,1580,1581,-1,508,1581,1582,-1,1582,261,508,-1,508,261,263,-1,508,263,506,-1,506,263,505,-1,262,258,263,-1,263,258,260,-1,263,260,1235,-1,1235,260,1583,-1,259,1584,260,-1,260,1584,1237,-1,260,1237,1583,-1,1583,1237,1236,-1,1584,1585,1237,-1,1237,1585,1586,-1,1237,1586,630,-1,630,1586,1587,-1,630,1587,255,-1,1588,1589,1408,-1,1590,1591,1415,-1,1592,1593,1418,-1,1594,1595,1422,-1,1596,1597,1425,-1,1598,1599,1433,-1,1600,1601,1440,-1,1602,1603,1443,-1,1604,1605,1447,-1,1606,1607,1450,-1,1608,1609,1458,-1,1610,1611,1465,-1,1612,1613,1468,-1,1614,1615,1474,-1,1616,1617,1476,-1,1618,1619,1483,-1,1620,1621,1490,-1,1622,1623,1493,-1,1624,1625,1501,-1,1626,1627,1508,-1,1628,1629,1511,-1,1630,1631,1515,-1,1632,1633,1518,-1,1634,1635,1526,-1,1636,1637,1393,-1,1638,1639,1396,-1,1640,1641,1400,-1,200,199,1642,-1,255,1587,256,-1,256,1587,1586,-1,256,1586,257,-1,257,1586,1585,-1,257,1585,247,-1,247,1585,248,-1,248,1585,1584,-1,248,1584,250,-1,250,1584,259,-1,250,259,251,-1,251,259,258,-1,251,258,224,-1,224,258,225,-1,225,258,262,-1,225,262,239,-1,239,262,261,-1,239,261,240,-1,199,230,1642,-1,1642,230,229,-1,1642,229,227,-1,200,1642,205,-1,205,1642,1643,-1,205,1643,204,-1,1644,208,1645,-1,1645,208,209,-1,1645,209,233,-1,233,232,1645,-1,1645,232,231,-1,1645,231,202,-1,1646,1647,206,-1,1648,1649,42,-1,42,1649,1650,-1,37,1651,38,-1,38,1651,39,-1,37,44,1650,-1,1650,44,43,-1,1650,43,42,-1,4,3,1652,-1,1652,3,41,-1,1652,41,1651,-1,1651,41,40,-1,1651,40,39,-1,6,35,1653,-1,1653,35,34,-1,1653,34,1652,-1,1652,34,33,-1,1652,33,4,-1,31,30,1653,-1,1653,30,7,-1,1653,7,6,-1,26,24,638,-1,638,24,639,-1,24,23,639,-1,639,23,32,-1,639,32,641,-1,641,32,31,-1,641,31,640,-1,640,31,1653,-1,640,1653,642,-1,21,19,634,-1,634,19,18,-1,634,18,636,-1,636,18,29,-1,636,29,637,-1,637,29,28,-1,637,28,638,-1,638,28,27,-1,638,27,26,-1,21,634,22,-1,22,634,635,-1,22,635,15,-1,15,635,633,-1,15,633,16,-1,16,633,17,-1,17,633,632,-1,17,632,9,-1,9,632,631,-1,9,631,10,-1,642,1653,643,-1,643,1653,1652,-1,643,1652,644,-1,644,1652,646,-1,646,1652,1651,-1,646,1651,645,-1,37,1650,1651,-1,1651,1650,649,-1,1651,649,645,-1,650,651,1649,-1,1649,651,647,-1,1649,647,1650,-1,1650,647,648,-1,1650,648,649,-1,652,1654,655,-1,655,1654,1655,-1,1656,653,1655,-1,1655,653,654,-1,1655,654,655,-1,1657,1247,1656,-1,1656,1247,656,-1,1656,656,653,-1,1658,1245,1657,-1,1657,1245,1246,-1,1657,1246,1247,-1,1659,1251,1658,-1,1658,1251,1248,-1,1658,1248,1245,-1,1660,1249,1659,-1,1659,1249,1250,-1,1659,1250,1251,-1,1253,1254,1661,-1,1661,1254,1255,-1,1661,1255,1660,-1,1660,1255,1252,-1,1660,1252,1249,-1,1256,1662,1259,-1,1259,1662,1663,-1,1263,1260,1664,-1,1664,1260,1257,-1,1664,1257,1663,-1,1663,1257,1258,-1,1663,1258,1259,-1,1262,1665,1261,-1,1261,1665,1666,-1,1667,1267,1666,-1,1666,1267,1264,-1,1666,1264,1261,-1,1271,1268,1668,-1,1668,1268,1265,-1,1668,1265,1667,-1,1667,1265,1266,-1,1667,1266,1267,-1,1270,1669,1269,-1,1269,1669,1670,-1,1273,1274,1671,-1,1671,1274,1275,-1,1671,1275,1670,-1,1670,1275,1272,-1,1670,1272,1269,-1,1276,1672,1279,-1,1279,1672,1673,-1,1674,1277,1673,-1,1673,1277,1278,-1,1673,1278,1279,-1,1675,1283,1674,-1,1674,1283,1280,-1,1674,1280,1277,-1,1676,1281,1675,-1,1675,1281,1282,-1,1675,1282,1283,-1,1677,1287,1676,-1,1676,1287,1284,-1,1676,1284,1281,-1,1291,1288,1678,-1,1678,1288,1285,-1,1678,1285,1677,-1,1677,1285,1286,-1,1677,1286,1287,-1,1290,1679,1289,-1,1289,1679,1680,-1,1681,1295,1680,-1,1680,1295,1292,-1,1680,1292,1289,-1,1682,1293,1681,-1,1681,1293,1294,-1,1681,1294,1295,-1,1683,1299,1682,-1,1682,1299,1296,-1,1682,1296,1293,-1,1684,1297,1683,-1,1683,1297,1298,-1,1683,1298,1299,-1,1685,1303,1684,-1,1684,1303,1300,-1,1684,1300,1297,-1,1307,1304,1686,-1,1686,1304,1301,-1,1686,1301,1685,-1,1685,1301,1302,-1,1685,1302,1303,-1,1306,1687,1305,-1,1305,1687,1688,-1,1309,1310,1689,-1,1689,1310,1311,-1,1689,1311,1688,-1,1688,1311,1308,-1,1688,1308,1305,-1,1312,1690,1315,-1,1315,1690,1691,-1,1692,1313,1691,-1,1691,1313,1314,-1,1691,1314,1315,-1,1317,1318,1693,-1,1693,1318,1319,-1,1693,1319,1692,-1,1692,1319,1316,-1,1692,1316,1313,-1,1320,1694,1323,-1,1323,1694,1695,-1,1327,1324,1696,-1,1696,1324,1321,-1,1696,1321,1695,-1,1695,1321,1322,-1,1695,1322,1323,-1,1326,1697,1325,-1,1325,1697,1698,-1,1699,1331,1698,-1,1698,1331,1328,-1,1698,1328,1325,-1,1700,1329,1699,-1,1699,1329,1330,-1,1699,1330,1331,-1,1701,1335,1700,-1,1700,1335,1332,-1,1700,1332,1329,-1,1702,1333,1701,-1,1701,1333,1334,-1,1701,1334,1335,-1,1337,1338,1703,-1,1703,1338,1339,-1,1703,1339,1702,-1,1702,1339,1336,-1,1702,1336,1333,-1,1340,1704,1343,-1,1343,1704,1705,-1,1343,1705,1342,-1,1342,1705,1341,-1,1344,1706,1347,-1,1347,1706,1707,-1,1708,1345,1707,-1,1707,1345,1346,-1,1707,1346,1347,-1,1709,1351,1708,-1,1708,1351,1348,-1,1708,1348,1345,-1,1710,1349,1709,-1,1709,1349,1350,-1,1709,1350,1351,-1,1353,1354,1711,-1,1711,1354,1355,-1,1711,1355,1710,-1,1710,1355,1352,-1,1710,1352,1349,-1,1356,1712,1359,-1,1359,1712,1713,-1,1363,1360,1714,-1,1714,1360,1357,-1,1714,1357,1713,-1,1713,1357,1358,-1,1713,1358,1359,-1,1362,1715,1361,-1,1361,1715,1716,-1,1717,1367,1716,-1,1716,1367,1364,-1,1716,1364,1361,-1,1718,1365,1717,-1,1717,1365,1366,-1,1717,1366,1367,-1,1719,1371,1718,-1,1718,1371,1368,-1,1718,1368,1365,-1,1720,1369,1719,-1,1719,1369,1370,-1,1719,1370,1371,-1,1373,1374,1721,-1,1721,1374,1375,-1,1721,1375,1720,-1,1720,1375,1372,-1,1720,1372,1369,-1,1376,1722,1379,-1,1379,1722,1723,-1,1724,1377,1723,-1,1723,1377,1378,-1,1723,1378,1379,-1,1725,1383,1724,-1,1724,1383,1380,-1,1724,1380,1377,-1,1726,1381,1725,-1,1725,1381,1382,-1,1725,1382,1383,-1,1727,1387,1726,-1,1726,1387,1384,-1,1726,1384,1381,-1,1728,1385,1727,-1,1727,1385,1386,-1,1727,1386,1387,-1,1389,1390,1729,-1,1729,1390,1391,-1,1729,1391,1728,-1,1728,1391,1388,-1,1728,1388,1385,-1,1392,1730,1404,-1,1404,1730,1731,-1,1404,1731,1403,-1,1403,1731,1402,-1,1402,1731,1732,-1,1402,1732,1401,-1,1400,1641,1399,-1,1399,1641,1733,-1,1399,1733,1398,-1,1398,1733,1734,-1,1398,1734,1397,-1,1396,1639,1395,-1,1395,1639,1735,-1,1395,1735,1394,-1,1393,1637,1532,-1,1532,1637,1736,-1,1532,1736,1531,-1,1531,1736,1737,-1,1531,1737,1530,-1,1530,1737,1738,-1,1530,1738,1529,-1,1529,1738,1739,-1,1529,1739,1528,-1,1528,1739,1740,-1,1528,1740,1527,-1,1526,1635,1525,-1,1525,1635,1741,-1,1525,1741,1524,-1,1524,1741,1742,-1,1524,1742,1523,-1,1523,1742,1743,-1,1523,1743,1522,-1,1522,1743,1744,-1,1522,1744,1521,-1,1521,1744,1745,-1,1521,1745,1520,-1,1520,1745,1746,-1,1520,1746,1519,-1,1518,1633,1517,-1,1517,1633,1747,-1,1517,1747,1516,-1,1515,1631,1514,-1,1514,1631,1748,-1,1514,1748,1513,-1,1513,1748,1749,-1,1513,1749,1512,-1,1511,1629,1510,-1,1510,1629,1750,-1,1510,1750,1509,-1,1508,1627,1507,-1,1507,1627,1751,-1,1507,1751,1506,-1,1506,1751,1752,-1,1506,1752,1505,-1,1505,1752,1753,-1,1505,1753,1504,-1,1504,1753,1754,-1,1504,1754,1503,-1,1503,1754,1755,-1,1503,1755,1502,-1,1501,1625,1500,-1,1500,1625,1756,-1,1500,1756,1499,-1,1499,1756,1757,-1,1499,1757,1498,-1,1498,1757,1758,-1,1498,1758,1497,-1,1497,1758,1759,-1,1497,1759,1496,-1,1496,1759,1760,-1,1496,1760,1495,-1,1495,1760,1761,-1,1495,1761,1494,-1,1493,1623,1492,-1,1492,1623,1762,-1,1492,1762,1491,-1,1490,1621,1489,-1,1489,1621,1763,-1,1489,1763,1488,-1,1488,1763,1764,-1,1488,1764,1487,-1,1487,1764,1765,-1,1487,1765,1486,-1,1486,1765,1766,-1,1486,1766,1485,-1,1485,1766,1767,-1,1485,1767,1484,-1,1483,1619,1482,-1,1482,1619,1768,-1,1482,1768,1481,-1,1481,1768,1769,-1,1481,1769,1480,-1,1480,1769,1770,-1,1480,1770,1479,-1,1479,1770,1771,-1,1479,1771,1478,-1,1478,1771,1772,-1,1478,1772,1477,-1,1476,1617,1475,-1,1474,1615,1473,-1,1473,1615,1773,-1,1473,1773,1472,-1,1472,1773,1774,-1,1472,1774,1471,-1,1471,1774,1775,-1,1471,1775,1470,-1,1470,1775,1776,-1,1470,1776,1469,-1,1468,1613,1467,-1,1467,1613,1777,-1,1467,1777,1466,-1,1465,1611,1464,-1,1464,1611,1778,-1,1464,1778,1463,-1,1463,1778,1779,-1,1463,1779,1462,-1,1462,1779,1780,-1,1462,1780,1461,-1,1461,1780,1781,-1,1461,1781,1460,-1,1460,1781,1782,-1,1460,1782,1459,-1,1458,1609,1457,-1,1457,1609,1783,-1,1457,1783,1456,-1,1456,1783,1784,-1,1456,1784,1455,-1,1455,1784,1785,-1,1455,1785,1454,-1,1454,1785,1786,-1,1454,1786,1453,-1,1453,1786,1787,-1,1453,1787,1452,-1,1452,1787,1788,-1,1452,1788,1451,-1,1450,1607,1449,-1,1449,1607,1789,-1,1449,1789,1448,-1,1447,1605,1446,-1,1446,1605,1790,-1,1446,1790,1445,-1,1445,1790,1791,-1,1445,1791,1444,-1,1443,1603,1442,-1,1442,1603,1792,-1,1442,1792,1441,-1,1440,1601,1439,-1,1439,1601,1793,-1,1439,1793,1438,-1,1438,1793,1794,-1,1438,1794,1437,-1,1437,1794,1795,-1,1437,1795,1436,-1,1436,1795,1796,-1,1436,1796,1435,-1,1435,1796,1797,-1,1435,1797,1434,-1,1433,1599,1432,-1,1432,1599,1798,-1,1432,1798,1431,-1,1431,1798,1799,-1,1431,1799,1430,-1,1430,1799,1800,-1,1430,1800,1429,-1,1429,1800,1801,-1,1429,1801,1428,-1,1428,1801,1802,-1,1428,1802,1427,-1,1427,1802,1803,-1,1427,1803,1426,-1,1425,1597,1424,-1,1424,1597,1804,-1,1424,1804,1423,-1,1422,1595,1421,-1,1421,1595,1805,-1,1421,1805,1420,-1,1420,1805,1806,-1,1420,1806,1419,-1,1418,1593,1417,-1,1417,1593,1807,-1,1417,1807,1416,-1,1415,1591,1414,-1,1414,1591,1808,-1,1414,1808,1413,-1,1413,1808,1809,-1,1413,1809,1412,-1,1412,1809,1810,-1,1412,1810,1411,-1,1411,1810,1811,-1,1411,1811,1410,-1,1410,1811,1812,-1,1410,1812,1409,-1,1408,1589,1407,-1,1813,501,1814,-1,1814,501,1405,-1,1814,1405,1815,-1,1815,1405,1406,-1,1815,1406,1816,-1,495,499,1817,-1,1817,499,498,-1,1817,498,1813,-1,1813,498,502,-1,1813,502,501,-1,496,1818,492,-1,492,1818,1819,-1,492,1819,493,-1,493,1819,489,-1,1820,486,1821,-1,1821,486,490,-1,1822,1823,480,-1,480,484,1822,-1,1822,484,483,-1,1822,483,1820,-1,1820,483,487,-1,1820,487,486,-1,1824,1825,1539,-1,1539,1538,1824,-1,1824,1538,1537,-1,1824,1537,1823,-1,1823,1537,481,-1,1823,481,480,-1,1826,1827,477,-1,477,1542,1826,-1,1826,1542,1541,-1,1826,1541,1825,-1,1825,1541,1540,-1,1825,1540,1539,-1,471,475,1828,-1,1828,475,474,-1,1828,474,1827,-1,1827,474,478,-1,1827,478,477,-1,1829,468,1830,-1,1830,468,472,-1,1831,1832,462,-1,462,466,1831,-1,1831,466,465,-1,1831,465,1829,-1,1829,465,469,-1,1829,469,468,-1,1833,1834,456,-1,456,460,1833,-1,1833,460,459,-1,1833,459,1832,-1,1832,459,463,-1,1832,463,462,-1,450,454,1835,-1,1835,454,453,-1,1835,453,1834,-1,1834,453,457,-1,1834,457,456,-1,451,1836,447,-1,447,1836,1837,-1,447,1837,448,-1,448,1837,444,-1,1838,1839,438,-1,445,1840,441,-1,441,1840,1838,-1,441,1838,442,-1,442,1838,438,-1,1841,1842,432,-1,432,436,1841,-1,1841,436,435,-1,1841,435,1839,-1,1839,435,439,-1,1839,439,438,-1,426,430,1843,-1,1843,430,429,-1,1843,429,1842,-1,1842,429,433,-1,1842,433,432,-1,1844,423,1845,-1,1845,423,427,-1,417,421,1846,-1,1846,421,420,-1,1846,420,1844,-1,1844,420,424,-1,1844,424,423,-1,1847,414,1848,-1,1848,414,418,-1,1849,1850,408,-1,408,412,1849,-1,1849,412,411,-1,1849,411,1847,-1,1847,411,415,-1,1847,415,414,-1,1851,1852,402,-1,402,406,1851,-1,1851,406,405,-1,1851,405,1850,-1,1850,405,409,-1,1850,409,408,-1,396,400,1853,-1,1853,400,399,-1,1853,399,1852,-1,1852,399,403,-1,1852,403,402,-1,1854,1855,1556,-1,397,1856,1554,-1,1554,1856,1854,-1,1554,1854,1555,-1,1555,1854,1556,-1,1857,1858,393,-1,393,1559,1857,-1,1857,1559,1558,-1,1857,1558,1855,-1,1855,1558,1557,-1,1855,1557,1556,-1,1859,1860,387,-1,387,391,1859,-1,1859,391,390,-1,1859,390,1858,-1,1858,390,394,-1,1858,394,393,-1,381,385,1861,-1,1861,385,384,-1,1861,384,1860,-1,1860,384,388,-1,1860,388,387,-1,1862,378,1863,-1,1863,378,382,-1,372,376,1864,-1,1864,376,375,-1,1864,375,1862,-1,1862,375,379,-1,1862,379,378,-1,1865,1866,366,-1,373,1867,369,-1,369,1867,1865,-1,369,1865,370,-1,370,1865,366,-1,360,364,1868,-1,1868,364,363,-1,1868,363,1866,-1,1866,363,367,-1,1866,367,366,-1,1869,357,1870,-1,1870,357,361,-1,351,355,1871,-1,1871,355,354,-1,1871,354,1869,-1,1869,354,358,-1,1869,358,357,-1,1872,348,1873,-1,1873,348,352,-1,1874,1875,342,-1,342,346,1874,-1,1874,346,345,-1,1874,345,1872,-1,1872,345,349,-1,1872,349,348,-1,1876,1877,336,-1,336,340,1876,-1,1876,340,339,-1,1876,339,1875,-1,1875,339,343,-1,1875,343,342,-1,330,334,1878,-1,1878,334,333,-1,1878,333,1877,-1,1877,333,337,-1,1877,337,336,-1,1879,327,1880,-1,1880,327,331,-1,1881,1882,321,-1,321,325,1881,-1,1881,325,324,-1,1881,324,1879,-1,1879,324,328,-1,1879,328,327,-1,1883,1884,315,-1,315,319,1883,-1,1883,319,318,-1,1883,318,1882,-1,1882,318,322,-1,1882,322,321,-1,309,313,1885,-1,1885,313,312,-1,1885,312,1884,-1,1884,312,316,-1,1884,316,315,-1,310,1886,306,-1,306,1886,1887,-1,306,1887,307,-1,307,1887,303,-1,1888,300,1889,-1,1889,300,304,-1,1890,1891,294,-1,294,298,1890,-1,1890,298,297,-1,1890,297,1888,-1,1888,297,301,-1,1888,301,300,-1,1892,1893,288,-1,288,292,1892,-1,1892,292,291,-1,1892,291,1891,-1,1891,291,295,-1,1891,295,294,-1,1894,1895,282,-1,282,286,1894,-1,1894,286,285,-1,1894,285,1893,-1,1893,285,289,-1,1893,289,288,-1,276,280,1896,-1,1896,280,279,-1,1896,279,1895,-1,1895,279,283,-1,1895,283,282,-1,1897,273,1898,-1,1898,273,277,-1,267,1646,1644,-1,1644,1646,206,-1,1644,206,208,-1,267,271,1646,-1,1646,271,270,-1,1646,270,1897,-1,1897,270,274,-1,1897,274,273,-1,1577,1645,1643,-1,1643,1645,202,-1,1643,202,204,-1,1577,265,1645,-1,1645,265,264,-1,1645,264,1644,-1,1644,264,268,-1,1644,268,267,-1,240,261,241,-1,241,261,1582,-1,241,1582,226,-1,226,1582,1581,-1,226,1581,227,-1,227,1581,1580,-1,227,1580,1642,-1,1642,1580,1579,-1,1642,1579,1643,-1,1643,1579,1578,-1,1643,1578,1577,-1,1648,1899,1649,-1,1649,1899,1654,-1,1649,1654,650,-1,650,1654,652,-1,1899,1900,1654,-1,1654,1900,1901,-1,1654,1901,1655,-1,1655,1901,1902,-1,1655,1902,1656,-1,1656,1902,1903,-1,1903,1904,1656,-1,1656,1904,1905,-1,1656,1905,1657,-1,1657,1905,1906,-1,1657,1906,1658,-1,1906,1907,1658,-1,1658,1907,1908,-1,1658,1908,1659,-1,1659,1908,1909,-1,1659,1909,1660,-1,1910,1661,1911,-1,1911,1661,1660,-1,1911,1660,1912,-1,1912,1660,1909,-1,1910,1913,1661,-1,1661,1913,1662,-1,1661,1662,1253,-1,1253,1662,1256,-1,1913,1914,1662,-1,1662,1914,1915,-1,1662,1915,1663,-1,1663,1915,1916,-1,1663,1916,1664,-1,1664,1916,1917,-1,1917,1918,1664,-1,1664,1918,1665,-1,1664,1665,1263,-1,1263,1665,1262,-1,1918,1919,1665,-1,1665,1919,1920,-1,1665,1920,1666,-1,1666,1920,1921,-1,1666,1921,1667,-1,1922,1668,1923,-1,1923,1668,1667,-1,1923,1667,1924,-1,1924,1667,1921,-1,1922,1925,1668,-1,1668,1925,1669,-1,1668,1669,1271,-1,1271,1669,1270,-1,1925,1926,1669,-1,1669,1926,1927,-1,1669,1927,1670,-1,1670,1927,1928,-1,1670,1928,1671,-1,1671,1928,1929,-1,1929,1930,1671,-1,1671,1930,1672,-1,1671,1672,1273,-1,1273,1672,1276,-1,1930,1931,1672,-1,1672,1931,1932,-1,1672,1932,1673,-1,1673,1932,1933,-1,1673,1933,1674,-1,1674,1933,1934,-1,1934,1935,1674,-1,1674,1935,1936,-1,1674,1936,1675,-1,1675,1936,1937,-1,1675,1937,1676,-1,1937,1938,1676,-1,1676,1938,1939,-1,1676,1939,1677,-1,1677,1939,1940,-1,1677,1940,1678,-1,1678,1940,1941,-1,1941,1942,1678,-1,1678,1942,1679,-1,1678,1679,1291,-1,1291,1679,1290,-1,1942,1943,1679,-1,1679,1943,1944,-1,1679,1944,1680,-1,1680,1944,1945,-1,1680,1945,1681,-1,1681,1945,1946,-1,1946,1947,1681,-1,1681,1947,1948,-1,1681,1948,1682,-1,1682,1948,1949,-1,1682,1949,1683,-1,1949,1950,1683,-1,1683,1950,1951,-1,1683,1951,1684,-1,1684,1951,1952,-1,1684,1952,1685,-1,1953,1686,1954,-1,1954,1686,1685,-1,1954,1685,1955,-1,1955,1685,1952,-1,1953,1956,1686,-1,1686,1956,1687,-1,1686,1687,1307,-1,1307,1687,1306,-1,1956,1957,1687,-1,1687,1957,1958,-1,1687,1958,1688,-1,1688,1958,1959,-1,1688,1959,1689,-1,1689,1959,1960,-1,1960,1961,1689,-1,1689,1961,1690,-1,1689,1690,1309,-1,1309,1690,1312,-1,1961,1962,1690,-1,1690,1962,1963,-1,1690,1963,1691,-1,1691,1963,1964,-1,1691,1964,1692,-1,1965,1693,1966,-1,1966,1693,1692,-1,1966,1692,1967,-1,1967,1692,1964,-1,1965,1968,1693,-1,1693,1968,1694,-1,1693,1694,1317,-1,1317,1694,1320,-1,1968,1969,1694,-1,1694,1969,1970,-1,1694,1970,1695,-1,1695,1970,1971,-1,1695,1971,1696,-1,1696,1971,1972,-1,1972,1973,1696,-1,1696,1973,1697,-1,1696,1697,1327,-1,1327,1697,1326,-1,1973,1974,1697,-1,1697,1974,1975,-1,1697,1975,1698,-1,1698,1975,1976,-1,1698,1976,1699,-1,1699,1976,1977,-1,1977,1978,1699,-1,1699,1978,1979,-1,1699,1979,1700,-1,1700,1979,1980,-1,1700,1980,1701,-1,1980,1981,1701,-1,1701,1981,1982,-1,1701,1982,1702,-1,1702,1982,1983,-1,1702,1983,1703,-1,1703,1983,1984,-1,1984,1985,1703,-1,1703,1985,1704,-1,1703,1704,1337,-1,1337,1704,1340,-1,1986,1705,1987,-1,1987,1705,1704,-1,1987,1704,1988,-1,1988,1704,1985,-1,1986,1989,1705,-1,1705,1989,1706,-1,1705,1706,1341,-1,1341,1706,1344,-1,1989,1990,1706,-1,1706,1990,1991,-1,1706,1991,1707,-1,1707,1991,1992,-1,1707,1992,1708,-1,1992,1993,1708,-1,1708,1993,1994,-1,1708,1994,1709,-1,1709,1994,1995,-1,1709,1995,1710,-1,1996,1711,1997,-1,1997,1711,1710,-1,1997,1710,1998,-1,1998,1710,1995,-1,1996,1999,1711,-1,1711,1999,1712,-1,1711,1712,1353,-1,1353,1712,1356,-1,1999,2000,1712,-1,1712,2000,2001,-1,1712,2001,1713,-1,1713,2001,2002,-1,1713,2002,1714,-1,1714,2002,2003,-1,2003,2004,1714,-1,1714,2004,1715,-1,1714,1715,1363,-1,1363,1715,1362,-1,2004,2005,1715,-1,1715,2005,2006,-1,1715,2006,1716,-1,1716,2006,2007,-1,1716,2007,1717,-1,1717,2007,2008,-1,2008,2009,1717,-1,1717,2009,2010,-1,1717,2010,1718,-1,1718,2010,2011,-1,1718,2011,1719,-1,2011,2012,1719,-1,1719,2012,2013,-1,1719,2013,1720,-1,1720,2013,2014,-1,1720,2014,1721,-1,1721,2014,2015,-1,2015,2016,1721,-1,1721,2016,1722,-1,1721,1722,1373,-1,1373,1722,1376,-1,2016,2017,1722,-1,1722,2017,2018,-1,1722,2018,1723,-1,1723,2018,2019,-1,1723,2019,1724,-1,1724,2019,2020,-1,2020,2021,1724,-1,1724,2021,2022,-1,1724,2022,1725,-1,1725,2022,2023,-1,1725,2023,1726,-1,2023,2024,1726,-1,1726,2024,2025,-1,1726,2025,1727,-1,1727,2025,2026,-1,1727,2026,1728,-1,2027,1729,2028,-1,2028,1729,1728,-1,2028,1728,2029,-1,2029,1728,2026,-1,2027,2030,1729,-1,1729,2030,1730,-1,1729,1730,1389,-1,1389,1730,1392,-1,2030,2031,1730,-1,1730,2031,2032,-1,1730,2032,1731,-1,1731,2032,2033,-1,1731,2033,1732,-1,1732,2033,2034,-1,2034,2035,1732,-1,1732,2035,1640,-1,1732,1640,1401,-1,1401,1640,1400,-1,2035,2036,1640,-1,1640,2036,2037,-1,1640,2037,1641,-1,1641,2037,2038,-1,1641,2038,1733,-1,2039,1734,2040,-1,2040,1734,1733,-1,2040,1733,2041,-1,2041,1733,2038,-1,2039,2042,1734,-1,1734,2042,1638,-1,1734,1638,1397,-1,1397,1638,1396,-1,2042,2043,1638,-1,1638,2043,2044,-1,1638,2044,1639,-1,1639,2044,2045,-1,1639,2045,1735,-1,1735,2045,2046,-1,2046,2047,1735,-1,1735,2047,1636,-1,1735,1636,1394,-1,1394,1636,1393,-1,2047,2048,1636,-1,1636,2048,2049,-1,1636,2049,1637,-1,1637,2049,2050,-1,1637,2050,1736,-1,1736,2050,2051,-1,2051,2052,1736,-1,1736,2052,2053,-1,1736,2053,1737,-1,1737,2053,2054,-1,1737,2054,1738,-1,2054,2055,1738,-1,1738,2055,2056,-1,1738,2056,1739,-1,1739,2056,2057,-1,1739,2057,1740,-1,1740,2057,2058,-1,2058,2059,1740,-1,1740,2059,1634,-1,1740,1634,1527,-1,1527,1634,1526,-1,2059,2060,1634,-1,1634,2060,2061,-1,1634,2061,1635,-1,1635,2061,2062,-1,1635,2062,1741,-1,1741,2062,2063,-1,2063,2064,1741,-1,1741,2064,2065,-1,1741,2065,1742,-1,1742,2065,2066,-1,1742,2066,1743,-1,2066,2067,1743,-1,1743,2067,2068,-1,1743,2068,1744,-1,1744,2068,2069,-1,1744,2069,1745,-1,2070,1746,2071,-1,2071,1746,1745,-1,2071,1745,2072,-1,2072,1745,2069,-1,2070,2073,1746,-1,1746,2073,1632,-1,1746,1632,1519,-1,1519,1632,1518,-1,2073,2074,1632,-1,1632,2074,2075,-1,1632,2075,1633,-1,1633,2075,2076,-1,1633,2076,1747,-1,1747,2076,2077,-1,2077,2078,1747,-1,1747,2078,1630,-1,1747,1630,1516,-1,1516,1630,1515,-1,2078,2079,1630,-1,1630,2079,2080,-1,1630,2080,1631,-1,1631,2080,2081,-1,1631,2081,1748,-1,2082,1749,2083,-1,2083,1749,1748,-1,2083,1748,2084,-1,2084,1748,2081,-1,2082,2085,1749,-1,1749,2085,1628,-1,1749,1628,1512,-1,1512,1628,1511,-1,2085,2086,1628,-1,1628,2086,2087,-1,1628,2087,1629,-1,1629,2087,2088,-1,1629,2088,1750,-1,1750,2088,2089,-1,2089,2090,1750,-1,1750,2090,1626,-1,1750,1626,1509,-1,1509,1626,1508,-1,2090,2091,1626,-1,1626,2091,2092,-1,1626,2092,1627,-1,1627,2092,2093,-1,1627,2093,1751,-1,1751,2093,2094,-1,2094,2095,1751,-1,1751,2095,2096,-1,1751,2096,1752,-1,1752,2096,2097,-1,1752,2097,1753,-1,2097,2098,1753,-1,1753,2098,2099,-1,1753,2099,1754,-1,1754,2099,2100,-1,1754,2100,1755,-1,1755,2100,2101,-1,2101,2102,1755,-1,1755,2102,1624,-1,1755,1624,1502,-1,1502,1624,1501,-1,2102,2103,1624,-1,1624,2103,2104,-1,1624,2104,1625,-1,1625,2104,2105,-1,1625,2105,1756,-1,1756,2105,2106,-1,2106,2107,1756,-1,1756,2107,2108,-1,1756,2108,1757,-1,1757,2108,2109,-1,1757,2109,1758,-1,2109,2110,1758,-1,1758,2110,2111,-1,1758,2111,1759,-1,1759,2111,2112,-1,1759,2112,1760,-1,2113,1761,2114,-1,2114,1761,1760,-1,2114,1760,2115,-1,2115,1760,2112,-1,2113,2116,1761,-1,1761,2116,1622,-1,1761,1622,1494,-1,1494,1622,1493,-1,2116,2117,1622,-1,1622,2117,2118,-1,1622,2118,1623,-1,1623,2118,2119,-1,1623,2119,1762,-1,1762,2119,2120,-1,2120,2121,1762,-1,1762,2121,1620,-1,1762,1620,1491,-1,1491,1620,1490,-1,2121,2122,1620,-1,1620,2122,2123,-1,1620,2123,1621,-1,1621,2123,2124,-1,1621,2124,1763,-1,1763,2124,2125,-1,2125,2126,1763,-1,1763,2126,2127,-1,1763,2127,1764,-1,1764,2127,2128,-1,1764,2128,1765,-1,2128,2129,1765,-1,1765,2129,2130,-1,1765,2130,1766,-1,1766,2130,2131,-1,1766,2131,1767,-1,1767,2131,2132,-1,2132,2133,1767,-1,1767,2133,1618,-1,1767,1618,1484,-1,1484,1618,1483,-1,2133,2134,1618,-1,1618,2134,2135,-1,1618,2135,1619,-1,1619,2135,2136,-1,1619,2136,1768,-1,1768,2136,2137,-1,2137,2138,1768,-1,1768,2138,2139,-1,1768,2139,1769,-1,1769,2139,2140,-1,1769,2140,1770,-1,2140,2141,1770,-1,1770,2141,2142,-1,1770,2142,1771,-1,1771,2142,2143,-1,1771,2143,1772,-1,1772,2143,2144,-1,2144,2145,1772,-1,1772,2145,1616,-1,1772,1616,1477,-1,1477,1616,1476,-1,2146,1617,2147,-1,2147,1617,1616,-1,2147,1616,2148,-1,2148,1616,2145,-1,2146,2149,1617,-1,1617,2149,1614,-1,1617,1614,1475,-1,1475,1614,1474,-1,2149,2150,1614,-1,1614,2150,2151,-1,1614,2151,1615,-1,1615,2151,2152,-1,1615,2152,1773,-1,2152,2153,1773,-1,1773,2153,2154,-1,1773,2154,1774,-1,1774,2154,2155,-1,1774,2155,1775,-1,2156,1776,2157,-1,2157,1776,1775,-1,2157,1775,2158,-1,2158,1775,2155,-1,2156,2159,1776,-1,1776,2159,1612,-1,1776,1612,1469,-1,1469,1612,1468,-1,2159,2160,1612,-1,1612,2160,2161,-1,1612,2161,1613,-1,1613,2161,2162,-1,1613,2162,1777,-1,1777,2162,2163,-1,2163,2164,1777,-1,1777,2164,1610,-1,1777,1610,1466,-1,1466,1610,1465,-1,2164,2165,1610,-1,1610,2165,2166,-1,1610,2166,1611,-1,1611,2166,2167,-1,1611,2167,1778,-1,1778,2167,2168,-1,2168,2169,1778,-1,1778,2169,2170,-1,1778,2170,1779,-1,1779,2170,2171,-1,1779,2171,1780,-1,2171,2172,1780,-1,1780,2172,2173,-1,1780,2173,1781,-1,1781,2173,2174,-1,1781,2174,1782,-1,1782,2174,2175,-1,2175,2176,1782,-1,1782,2176,1608,-1,1782,1608,1459,-1,1459,1608,1458,-1,2176,2177,1608,-1,1608,2177,2178,-1,1608,2178,1609,-1,1609,2178,2179,-1,1609,2179,1783,-1,1783,2179,2180,-1,2180,2181,1783,-1,1783,2181,2182,-1,1783,2182,1784,-1,1784,2182,2183,-1,1784,2183,1785,-1,2183,2184,1785,-1,1785,2184,2185,-1,1785,2185,1786,-1,1786,2185,2186,-1,1786,2186,1787,-1,2187,1788,2188,-1,2188,1788,1787,-1,2188,1787,2189,-1,2189,1787,2186,-1,2187,2190,1788,-1,1788,2190,1606,-1,1788,1606,1451,-1,1451,1606,1450,-1,2190,2191,1606,-1,1606,2191,2192,-1,1606,2192,1607,-1,1607,2192,2193,-1,1607,2193,1789,-1,1789,2193,2194,-1,2194,2195,1789,-1,1789,2195,1604,-1,1789,1604,1448,-1,1448,1604,1447,-1,2195,2196,1604,-1,1604,2196,2197,-1,1604,2197,1605,-1,1605,2197,2198,-1,1605,2198,1790,-1,2199,1791,2200,-1,2200,1791,1790,-1,2200,1790,2201,-1,2201,1790,2198,-1,2199,2202,1791,-1,1791,2202,1602,-1,1791,1602,1444,-1,1444,1602,1443,-1,2202,2203,1602,-1,1602,2203,2204,-1,1602,2204,1603,-1,1603,2204,2205,-1,1603,2205,1792,-1,1792,2205,2206,-1,2206,2207,1792,-1,1792,2207,1600,-1,1792,1600,1441,-1,1441,1600,1440,-1,2207,2208,1600,-1,1600,2208,2209,-1,1600,2209,1601,-1,1601,2209,2210,-1,1601,2210,1793,-1,1793,2210,2211,-1,2211,2212,1793,-1,1793,2212,2213,-1,1793,2213,1794,-1,1794,2213,2214,-1,1794,2214,1795,-1,2214,2215,1795,-1,1795,2215,2216,-1,1795,2216,1796,-1,1796,2216,2217,-1,1796,2217,1797,-1,1797,2217,2218,-1,2218,2219,1797,-1,1797,2219,1598,-1,1797,1598,1434,-1,1434,1598,1433,-1,2219,2220,1598,-1,1598,2220,2221,-1,1598,2221,1599,-1,1599,2221,2222,-1,1599,2222,1798,-1,1798,2222,2223,-1,2223,2224,1798,-1,1798,2224,2225,-1,1798,2225,1799,-1,1799,2225,2226,-1,1799,2226,1800,-1,2226,2227,1800,-1,1800,2227,2228,-1,1800,2228,1801,-1,1801,2228,2229,-1,1801,2229,1802,-1,2230,1803,2231,-1,2231,1803,1802,-1,2231,1802,2232,-1,2232,1802,2229,-1,2230,2233,1803,-1,1803,2233,1596,-1,1803,1596,1426,-1,1426,1596,1425,-1,2233,2234,1596,-1,1596,2234,2235,-1,1596,2235,1597,-1,1597,2235,2236,-1,1597,2236,1804,-1,1804,2236,2237,-1,2237,2238,1804,-1,1804,2238,1594,-1,1804,1594,1423,-1,1423,1594,1422,-1,2238,2239,1594,-1,1594,2239,2240,-1,1594,2240,1595,-1,1595,2240,2241,-1,1595,2241,1805,-1,2242,1806,2243,-1,2243,1806,1805,-1,2243,1805,2244,-1,2244,1805,2241,-1,2242,2245,1806,-1,1806,2245,1592,-1,1806,1592,1419,-1,1419,1592,1418,-1,2245,2246,1592,-1,1592,2246,2247,-1,1592,2247,1593,-1,1593,2247,2248,-1,1593,2248,1807,-1,1807,2248,2249,-1,2249,2250,1807,-1,1807,2250,1590,-1,1807,1590,1416,-1,1416,1590,1415,-1,2250,2251,1590,-1,1590,2251,2252,-1,1590,2252,1591,-1,1591,2252,2253,-1,1591,2253,1808,-1,1808,2253,2254,-1,2254,2255,1808,-1,1808,2255,2256,-1,1808,2256,1809,-1,1809,2256,2257,-1,1809,2257,1810,-1,2257,2258,1810,-1,1810,2258,2259,-1,1810,2259,1811,-1,1811,2259,2260,-1,1811,2260,1812,-1,1812,2260,2261,-1,2261,2262,1812,-1,1812,2262,1588,-1,1812,1588,1409,-1,1409,1588,1408,-1,2263,1589,2264,-1,2264,1589,1588,-1,2264,1588,2265,-1,2265,1588,2262,-1,2263,2266,1589,-1,1589,2266,1816,-1,1589,1816,1407,-1,1407,1816,1406,-1,2266,2267,1816,-1,1816,2267,2268,-1,1816,2268,1815,-1,1815,2268,2269,-1,1815,2269,1814,-1,2269,2270,1814,-1,1814,2270,2271,-1,1814,2271,1813,-1,1813,2271,2272,-1,1813,2272,1817,-1,1817,2272,2273,-1,2273,2274,1817,-1,1817,2274,1818,-1,1817,1818,495,-1,495,1818,496,-1,2275,1819,2276,-1,2276,1819,1818,-1,2276,1818,2277,-1,2277,1818,2274,-1,2275,2278,1819,-1,1819,2278,1821,-1,1819,1821,489,-1,489,1821,490,-1,2278,2279,1821,-1,1821,2279,2280,-1,1821,2280,1820,-1,1820,2280,2281,-1,1820,2281,1822,-1,2281,2282,1822,-1,1822,2282,2283,-1,1822,2283,1823,-1,1823,2283,2284,-1,1823,2284,1824,-1,1824,2284,2285,-1,2285,2286,1824,-1,1824,2286,2287,-1,1824,2287,1825,-1,1825,2287,2288,-1,1825,2288,1826,-1,2288,2289,1826,-1,1826,2289,2290,-1,1826,2290,1827,-1,1827,2290,2291,-1,1827,2291,1828,-1,1828,2291,2292,-1,2292,2293,1828,-1,1828,2293,1830,-1,1828,1830,471,-1,471,1830,472,-1,2293,2294,1830,-1,1830,2294,2295,-1,1830,2295,1829,-1,1829,2295,2296,-1,1829,2296,1831,-1,1831,2296,2297,-1,2297,2298,1831,-1,1831,2298,2299,-1,1831,2299,1832,-1,1832,2299,2300,-1,1832,2300,1833,-1,2300,2301,1833,-1,1833,2301,2302,-1,1833,2302,1834,-1,1834,2302,2303,-1,1834,2303,1835,-1,1835,2303,2304,-1,2304,2305,1835,-1,1835,2305,1836,-1,1835,1836,450,-1,450,1836,451,-1,2306,1837,2307,-1,2307,1837,1836,-1,2307,1836,2308,-1,2308,1836,2305,-1,2306,2309,1837,-1,1837,2309,1840,-1,1837,1840,444,-1,444,1840,445,-1,2309,2310,1840,-1,1840,2310,2311,-1,1840,2311,1838,-1,1838,2311,2312,-1,1838,2312,1839,-1,2312,2313,1839,-1,1839,2313,2314,-1,1839,2314,1841,-1,1841,2314,2315,-1,1841,2315,1842,-1,2316,1843,2317,-1,2317,1843,1842,-1,2317,1842,2318,-1,2318,1842,2315,-1,2316,2319,1843,-1,1843,2319,1845,-1,1843,1845,426,-1,426,1845,427,-1,2319,2320,1845,-1,1845,2320,2321,-1,1845,2321,1844,-1,1844,2321,2322,-1,1844,2322,1846,-1,1846,2322,2323,-1,2323,2324,1846,-1,1846,2324,1848,-1,1846,1848,417,-1,417,1848,418,-1,2324,2325,1848,-1,1848,2325,2326,-1,1848,2326,1847,-1,1847,2326,2327,-1,1847,2327,1849,-1,1849,2327,2328,-1,2328,2329,1849,-1,1849,2329,2330,-1,1849,2330,1850,-1,1850,2330,2331,-1,1850,2331,1851,-1,2331,2332,1851,-1,1851,2332,2333,-1,1851,2333,1852,-1,1852,2333,2334,-1,1852,2334,1853,-1,1853,2334,2335,-1,2335,2336,1853,-1,1853,2336,1856,-1,1853,1856,396,-1,396,1856,397,-1,2336,2337,1856,-1,1856,2337,2338,-1,1856,2338,1854,-1,1854,2338,2339,-1,1854,2339,1855,-1,1855,2339,2340,-1,2340,2341,1855,-1,1855,2341,2342,-1,1855,2342,1857,-1,1857,2342,2343,-1,1857,2343,1858,-1,2343,2344,1858,-1,1858,2344,2345,-1,1858,2345,1859,-1,1859,2345,2346,-1,1859,2346,1860,-1,2347,1861,2348,-1,2348,1861,1860,-1,2348,1860,2349,-1,2349,1860,2346,-1,2347,2350,1861,-1,1861,2350,1863,-1,1861,1863,381,-1,381,1863,382,-1,2350,2351,1863,-1,1863,2351,2352,-1,1863,2352,1862,-1,1862,2352,2353,-1,1862,2353,1864,-1,1864,2353,2354,-1,2354,2355,1864,-1,1864,2355,1867,-1,1864,1867,372,-1,372,1867,373,-1,2355,2356,1867,-1,1867,2356,2357,-1,1867,2357,1865,-1,1865,2357,2358,-1,1865,2358,1866,-1,2359,1868,2360,-1,2360,1868,1866,-1,2360,1866,2361,-1,2361,1866,2358,-1,2359,2362,1868,-1,1868,2362,1870,-1,1868,1870,360,-1,360,1870,361,-1,2362,2363,1870,-1,1870,2363,2364,-1,1870,2364,1869,-1,1869,2364,2365,-1,1869,2365,1871,-1,1871,2365,2366,-1,2366,2367,1871,-1,1871,2367,1873,-1,1871,1873,351,-1,351,1873,352,-1,2367,2368,1873,-1,1873,2368,2369,-1,1873,2369,1872,-1,1872,2369,2370,-1,1872,2370,1874,-1,1874,2370,2371,-1,2371,2372,1874,-1,1874,2372,2373,-1,1874,2373,1875,-1,1875,2373,2374,-1,1875,2374,1876,-1,2374,2375,1876,-1,1876,2375,2376,-1,1876,2376,1877,-1,1877,2376,2377,-1,1877,2377,1878,-1,1878,2377,2378,-1,2378,2379,1878,-1,1878,2379,1880,-1,1878,1880,330,-1,330,1880,331,-1,2379,2380,1880,-1,1880,2380,2381,-1,1880,2381,1879,-1,1879,2381,2382,-1,1879,2382,1881,-1,1881,2382,2383,-1,2383,2384,1881,-1,1881,2384,2385,-1,1881,2385,1882,-1,1882,2385,2386,-1,1882,2386,1883,-1,2386,2387,1883,-1,1883,2387,2388,-1,1883,2388,1884,-1,1884,2388,2389,-1,1884,2389,1885,-1,1885,2389,2390,-1,2390,2391,1885,-1,1885,2391,1886,-1,1885,1886,309,-1,309,1886,310,-1,2392,1887,2393,-1,2393,1887,1886,-1,2393,1886,2394,-1,2394,1886,2391,-1,2392,2395,1887,-1,1887,2395,1889,-1,1887,1889,303,-1,303,1889,304,-1,2395,2396,1889,-1,1889,2396,2397,-1,1889,2397,1888,-1,1888,2397,2398,-1,1888,2398,1890,-1,2398,2399,1890,-1,1890,2399,2400,-1,1890,2400,1891,-1,1891,2400,2401,-1,1891,2401,1892,-1,1892,2401,2402,-1,2402,2403,1892,-1,1892,2403,2404,-1,1892,2404,1893,-1,1893,2404,2405,-1,1893,2405,1894,-1,2405,2406,1894,-1,1894,2406,2407,-1,1894,2407,1895,-1,1895,2407,2408,-1,1895,2408,1896,-1,1896,2408,2409,-1,2409,2410,1896,-1,1896,2410,1898,-1,1896,1898,276,-1,276,1898,277,-1,2410,2411,1898,-1,1898,2411,2412,-1,1898,2412,1897,-1,1897,2412,2413,-1,1897,2413,1646,-1,1646,2413,2414,-1,1646,2414,1647,-1,2415,2416,2417,-1,2417,2416,2418,-1,2415,2417,2419,-1,2415,2419,2420,-1,2420,2419,2421,-1,2420,2421,2422,-1,2422,2421,2423,-1,2422,2423,2424,-1,2424,2423,2425,-1,2424,2425,2426,-1,2426,2425,2427,-1,2426,2427,2428,-1,2428,2427,2429,-1,2428,2429,2430,-1,2430,2429,2431,-1,2430,2431,2432,-1,2433,2434,2435,-1,2435,2434,2436,-1,2435,2436,2437,-1,2437,2436,2438,-1,2437,2438,2439,-1,2439,2438,2440,-1,2439,2440,2441,-1,2441,2440,2442,-1,2441,2442,2443,-1,2443,2442,2444,-1,2443,2444,2445,-1,2445,2444,2446,-1,2445,2446,2447,-1,2447,2446,2448,-1,2449,2447,2450,-1,2450,2447,2448,-1,2451,2452,2453,-1,2453,2452,2454,-1,2455,2454,2456,-1,2456,2454,2452,-1,2457,2458,2459,-1,2459,2458,2460,-1,2458,2461,2460,-1,2460,2461,2462,-1,2463,2464,2465,-1,2465,2464,2466,-1,2464,2467,2466,-1,2466,2467,2468,-1,2469,2470,2471,-1,2471,2470,2472,-1,2473,2472,2474,-1,2474,2472,2470,-1,2475,2476,2477,-1,2476,2478,2477,-1,2477,2478,2479,-1,2477,2479,2480,-1,2479,2481,2480,-1,2480,2481,2482,-1,2480,2482,2483,-1,2483,2482,2484,-1,2483,2484,2485,-1,2475,2477,2486,-1,2486,2477,2487,-1,2486,2487,2488,-1,2488,2489,2486,-1,2486,2489,2490,-1,2486,2490,2491,-1,2491,2490,2492,-1,2491,2492,2493,-1,2493,2492,2494,-1,2494,2492,2495,-1,2494,2495,2496,-1,2496,2495,2497,-1,2496,2497,2498,-1,2498,2497,2499,-1,2498,2499,2500,-1,2500,2499,2501,-1,2500,2501,2502,-1,2502,2501,2503,-1,2502,2503,2504,-1,2504,2503,2505,-1,2504,2505,2506,-1,2505,2507,2506,-1,2506,2507,2508,-1,2506,2508,2509,-1,2509,2508,2510,-1,2511,2512,2513,-1,2513,2512,2514,-1,2513,2514,2515,-1,2515,2514,2516,-1,2515,2516,2510,-1,2510,2516,2517,-1,2510,2517,2509,-1,2484,2518,2485,-1,2485,2518,2519,-1,2485,2519,2520,-1,2520,2519,2521,-1,2520,2521,2522,-1,2523,2524,2525,-1,2525,2524,2526,-1,2525,2526,2527,-1,2527,2526,2528,-1,2527,2528,2529,-1,2529,2528,2530,-1,2529,2530,2531,-1,2531,2530,2532,-1,2531,2532,2533,-1,2533,2532,2534,-1,2532,2535,2534,-1,2534,2535,2536,-1,2534,2536,2537,-1,2537,2536,2538,-1,2537,2538,2539,-1,2539,2538,2540,-1,2539,2540,2541,-1,2541,2540,2542,-1,2541,2542,2543,-1,2543,2542,2544,-1,2543,2544,2545,-1,2545,2544,2546,-1,2545,2546,2547,-1,2547,2546,2548,-1,2547,2548,2549,-1,2550,2551,2552,-1,2549,2548,2552,-1,2552,2548,2553,-1,2552,2553,2550,-1,2554,2555,2556,-1,2556,2555,2557,-1,2555,2558,2557,-1,2557,2558,2559,-1,2557,2559,2560,-1,2559,2561,2560,-1,2560,2561,2562,-1,2560,2562,2563,-1,2551,2564,2552,-1,2552,2564,2560,-1,2552,2560,2565,-1,2565,2560,2563,-1,2556,2566,2554,-1,2554,2566,2567,-1,2554,2567,2568,-1,2568,2567,2522,-1,2568,2522,2521,-1,2569,2570,2571,-1,2571,2570,2572,-1,2570,2573,2572,-1,2572,2573,2574,-1,2572,2574,2575,-1,2574,2576,2575,-1,2575,2576,2577,-1,2575,2577,2578,-1,2578,2579,2575,-1,2575,2579,2580,-1,2575,2580,2581,-1,2582,2583,2580,-1,2583,2584,2580,-1,2580,2584,2585,-1,2580,2585,2581,-1,2580,2586,2582,-1,2582,2586,2587,-1,2582,2587,2588,-1,2588,2587,2589,-1,2588,2589,2590,-1,2590,2589,2591,-1,2590,2591,2592,-1,2592,2591,2593,-1,2592,2593,2594,-1,2594,2593,2595,-1,2594,2595,2596,-1,2596,2595,2597,-1,2596,2597,2598,-1,2598,2597,2599,-1,2598,2599,2600,-1,2600,2599,2601,-1,2602,2603,2604,-1,2604,2603,2605,-1,2604,2605,2606,-1,2606,2605,2607,-1,2606,2607,2608,-1,2608,2607,2609,-1,2608,2609,2610,-1,2610,2609,2601,-1,2610,2601,2611,-1,2611,2601,2599,-1,2571,2612,2569,-1,2569,2612,2613,-1,2569,2613,2614,-1,2614,2613,2615,-1,2614,2615,2616,-1,2617,2618,2619,-1,2618,2620,2619,-1,2619,2620,2621,-1,2619,2621,2622,-1,2621,2623,2622,-1,2622,2623,2624,-1,2622,2624,2625,-1,2625,2624,2626,-1,2625,2626,2627,-1,2617,2619,2628,-1,2628,2619,2629,-1,2628,2629,2630,-1,2630,2631,2628,-1,2628,2631,2632,-1,2628,2632,2633,-1,2633,2632,2634,-1,2633,2634,2635,-1,2635,2634,2636,-1,2636,2634,2637,-1,2636,2637,2638,-1,2638,2637,2639,-1,2638,2639,2640,-1,2640,2639,2641,-1,2640,2641,2642,-1,2642,2641,2643,-1,2642,2643,2644,-1,2644,2643,2645,-1,2644,2645,2646,-1,2646,2645,2647,-1,2646,2647,2648,-1,2647,2649,2648,-1,2648,2649,2650,-1,2648,2650,2651,-1,2651,2650,2652,-1,2653,2654,2655,-1,2655,2654,2656,-1,2655,2656,2657,-1,2657,2656,2658,-1,2657,2658,2652,-1,2652,2658,2659,-1,2652,2659,2651,-1,2626,2660,2627,-1,2627,2660,2661,-1,2627,2661,2662,-1,2662,2661,2616,-1,2662,2616,2615,-1,2663,2473,2664,-1,2664,2473,2474,-1,2665,2463,2666,-1,2666,2463,2465,-1,2667,2455,2668,-1,2668,2455,2456,-1,2669,2457,2670,-1,2670,2457,2459,-1,2671,2672,2673,-1,2673,2672,2674,-1,2675,2676,2677,-1,2677,2676,2678,-1,2679,2680,2681,-1,2681,2680,2682,-1,2683,2684,2685,-1,2685,2684,2686,-1,2687,2688,2689,-1,2689,2688,2690,-1,2691,2692,2693,-1,2693,2692,2694,-1,2695,2696,2697,-1,2697,2696,2698,-1,2697,2698,2699,-1,2699,2698,2700,-1,2699,2700,2701,-1,2701,2700,2702,-1,2701,2702,2703,-1,2703,2702,2704,-1,2703,2704,2705,-1,2705,2704,2706,-1,2705,2706,2707,-1,2707,2706,2708,-1,2707,2708,2709,-1,2709,2708,2710,-1,2709,2710,2711,-1,2711,2710,2712,-1,2711,2712,2713,-1,2713,2712,2714,-1,2713,2714,2715,-1,2715,2714,2716,-1,2715,2716,2717,-1,2717,2716,2718,-1,2717,2718,2719,-1,2719,2718,2720,-1,2719,2720,2721,-1,2721,2720,2722,-1,2721,2722,2723,-1,2723,2722,2724,-1,2723,2724,2725,-1,2725,2724,2726,-1,2725,2726,2727,-1,2727,2726,2728,-1,2727,2728,2729,-1,2729,2728,2730,-1,2729,2730,2731,-1,2731,2730,2732,-1,2731,2732,2733,-1,2733,2732,2734,-1,2733,2734,2735,-1,2735,2734,2736,-1,2735,2736,2737,-1,2737,2736,2738,-1,2737,2738,2739,-1,2739,2738,2740,-1,2739,2740,2741,-1,2741,2740,2742,-1,2741,2742,2743,-1,2743,2742,2744,-1,2743,2744,2745,-1,2745,2744,2746,-1,2745,2746,2747,-1,2747,2746,2748,-1,2747,2748,2749,-1,2749,2748,2750,-1,2749,2750,2751,-1,2751,2750,2752,-1,2751,2752,2753,-1,2753,2752,2754,-1,2753,2754,2755,-1,2755,2754,2756,-1,2755,2756,2757,-1,2757,2756,2758,-1,2757,2758,2759,-1,2759,2758,2760,-1,2759,2760,2761,-1,2761,2760,2762,-1,2761,2762,2763,-1,2763,2762,2764,-1,2763,2764,2765,-1,2765,2764,2766,-1,2765,2766,2767,-1,2767,2766,2768,-1,2767,2768,2769,-1,2769,2768,2770,-1,2769,2770,2695,-1,2695,2770,2696,-1,
        ]
    }
}
Shape{
    appearance Appearance {
        material  Material 	{
            diffuseColor 0.2235294117647059 0.2235294117647059 0.2235294117647059
            specularColor 0.11372549019607843 0.11372549019607843 0.11372549019607843
            ambientIntensity 0.2
            transparency 0
            shininess 0.5
        }
    }
    geometry IndexedFaceSet {
        ccw TRUE
        solid FALSE
        coord DEF co Coordinate {
            point [
                2.3622 -2.5197 -0.5906, 2.3622 -2.2441 -0.5906, 2.3622 -2.5197 0.2756, 2.3622 -2.2441 0.2756, -2.3622 -2.5197 0.2756, -2.3622 -2.2441 0.2756, -2.3622 -2.5197 -0.5906, -2.3622 -2.2441 -0.5906, -2.3622 -2.2441 -0.5906
            ]
        }
        coordIndex [
            0,1,2,-1,2,1,3,-1,4,5,6,-1,6,5,7,-1,
        ]
    }
}
Shape{
    appearance Appearance {
        material  Material 	{
            diffuseColor 0.7803921568627451 0.7803921568627451 0.7803921568627451
            specularColor 0.38823529411764707 0.38823529411764707 0.38823529411764707
            ambientIntensity 0.2
            transparency 0
            shininess 0.5
        }
    }
    geometry IndexedFaceSet {
        ccw TRUE
        solid FALSE
        coord DEF co Coordinate {
            point [
                2.1836 1.6929 0.3937, 2.1586 1.6603 0.3937, 2.2441 -1.5846 0.3937, 2.0472 1.6142 0.3937, 2.0065 1.6195 0.3937, 0.7776 1.3468 0.3937, -1.5846 2.5197 0.3937, 1.9359 1.883 0.3937, 1.9685 1.908 0.3937, 2.2441 2.5197 0.3937, 2.1586 1.883 0.3937, 2.1836 1.8504 0.3937, 1.9685 1.6353 0.3937, 1.9359 1.6603 0.3937, 0.5681 1.4476 0.3937, 1.9109 1.6929 0.3937, 0.346 1.5161 0.3937, 1.8951 1.7309 0.3937, -0.1162 1.5508 0.3937, 0.1162 1.5508 0.3937, 2.1994 1.8124 0.3937, 2.2047 1.7717 0.3937, 2.1994 1.7309 0.3937, 2.088 1.6195 0.3937, 0.9696 1.2158 0.3937, 1.14 1.0577 0.3937, 1.2849 0.876 0.3937, 1.4011 0.6747 0.3937, 1.486 0.4584 0.3937, -1.2849 0.876 0.3937, -1.4011 0.6747 0.3937, -1.486 0.4584 0.3937, 2.0065 1.9238 0.3937, 2.0472 1.9291 0.3937, 2.088 1.9238 0.3937, 2.126 1.908 0.3937, 1.5377 0.2318 0.3937, 2.126 1.6353 0.3937, 1.5551 0.0 0.3937, 1.5377 -0.2318 0.3937, 1.486 -0.4584 0.3937, 1.14 -1.0577 0.3937, 0.9696 -1.2158 0.3937, 0.7776 -1.3468 0.3937, 0.5681 -1.4476 0.3937, -1.14 1.0577 0.3937, -0.9696 1.2158 0.3937, -0.7776 1.3468 0.3937, 1.4011 -0.6747 0.3937, 1.2849 -0.876 0.3937, -0.5681 1.4476 0.3937, -0.346 1.5161 0.3937, 0.346 -1.5161 0.3937, 0.1162 -1.5508 0.3937, -1.5846 -1.5846 0.3937, -0.1162 -1.5508 0.3937, -0.346 -1.5161 0.3937, 1.8898 1.7717 0.3937, 1.8951 1.8124 0.3937, 1.9109 1.8504 0.3937, -0.5681 -1.4476 0.3937, -0.7776 -1.3468 0.3937, -0.9696 -1.2158 0.3937, -1.14 -1.0577 0.3937, -1.2849 -0.876 0.3937, -1.4011 -0.6747 0.3937, -1.5551 0.0 0.3937, -1.5377 0.2318 0.3937, -1.486 -0.4584 0.3937, -1.5377 -0.2318 0.3937, -1.6603 1.9359 0.3937, -1.6929 1.9109 0.3937, -1.8504 1.9109 0.3937, -1.883 1.9359 0.3937, -2.2441 -1.5846 0.3937, -1.6353 1.9685 0.3937, -1.7309 1.8951 0.3937, -1.7717 1.8898 0.3937, -1.8124 1.8951 0.3937, -1.883 2.1586 0.3937, -2.2441 2.5197 0.3937, -1.908 2.126 0.3937, -1.9238 2.088 0.3937, -1.6353 2.126 0.3937, -1.6195 2.088 0.3937, -1.6142 2.0472 0.3937, -1.6195 2.0065 0.3937, -1.7309 2.1994 0.3937, -1.6929 2.1836 0.3937, -1.6603 2.1586 0.3937, -1.908 1.9685 0.3937, -1.9238 2.0065 0.3937, -1.9291 2.0472 0.3937, -1.8504 2.1836 0.3937, -1.8124 2.1994 0.3937, -1.7717 2.2047 0.3937, 1.6353 -1.9685 0.3937, 1.6603 -1.9359 0.3937, 1.908 -2.126 0.3937, 1.883 -2.1586 0.3937, 2.2441 -2.5197 0.3937, 1.8504 -2.1836 0.3937, 1.8124 -2.1994 0.3937, 1.7717 -2.2047 0.3937, 1.7309 -2.1994 0.3937, -1.5846 -2.5197 0.3937, 1.6929 -2.1836 0.3937, 1.6195 -2.088 0.3937, 1.6142 -2.0472 0.3937, 1.6195 -2.0065 0.3937, 1.908 -1.9685 0.3937, 1.9238 -2.0065 0.3937, 1.9291 -2.0472 0.3937, 1.9238 -2.088 0.3937, 1.6603 -2.1586 0.3937, 1.6353 -2.126 0.3937, 1.8124 -1.8951 0.3937, 1.8504 -1.9109 0.3937, 1.883 -1.9359 0.3937, 1.6929 -1.9109 0.3937, 1.7309 -1.8951 0.3937, 1.7717 -1.8898 0.3937, -1.9109 -1.8504 0.3937, -1.9359 -1.883 0.3937, -1.8951 -1.8124 0.3937, -1.9685 -1.908 0.3937, -2.0065 -1.9238 0.3937, -2.2441 -2.5197 0.3937, -2.0472 -1.9291 0.3937, -2.088 -1.9238 0.3937, -2.126 -1.908 0.3937, -2.1586 -1.883 0.3937, -2.1836 -1.8504 0.3937, -2.1836 -1.6929 0.3937, -2.1586 -1.6603 0.3937, -2.126 -1.6353 0.3937, -1.9685 -1.6353 0.3937, -1.9359 -1.6603 0.3937, -1.9109 -1.6929 0.3937, -1.8951 -1.7309 0.3937, -1.8898 -1.7717 0.3937, -2.1994 -1.8124 0.3937, -2.2047 -1.7717 0.3937, -2.1994 -1.7309 0.3937, -2.088 -1.6195 0.3937, -2.0472 -1.6142 0.3937, -2.0065 -1.6195 0.3937, 2.3622 2.5197 -0.5906, 2.3622 2.2441 -0.5906, 2.2835 2.2441 -0.5906, -2.3622 -2.5197 -0.5906, -2.3622 -2.2441 -0.5906, -2.2835 -2.2441 -0.5906, 2.3031 2.622 -0.5906, 2.3276 2.6032 -0.5906, 2.3464 2.5787 -0.5906, -1.2621 0.2106 -0.5906, -1.2795 -0.0 -0.5906, -2.3622 2.5197 -0.5906, 2.2835 -2.2441 -0.5906, 2.3622 -2.2441 -0.5906, 2.2441 -2.6378 -0.5906, 2.3622 -2.5197 -0.5906, 2.3582 2.5503 -0.5906, 2.2747 2.6338 -0.5906, 2.3464 -2.5787 -0.5906, 2.3276 -2.6032 -0.5906, 2.3031 -2.622 -0.5906, -1.2102 -0.4155 -0.5906, -1.1253 -0.609 -0.5906, 2.3582 -2.5503 -0.5906, 2.2747 -2.6338 -0.5906, -2.3276 -2.6032 -0.5906, -2.3464 -2.5787 -0.5906, -2.3031 -2.622 -0.5906, -2.3582 -2.5503 -0.5906, 0.3141 -1.2404 -0.5906, 0.514 -1.1718 -0.5906, -2.3622 2.2441 -0.5906, -2.2835 2.2441 -0.5906, -1.2621 -0.2106 -0.5906, -1.0097 -0.7859 -0.5906, -2.2441 -2.6378 -0.5906, -2.2747 -2.6338 -0.5906, -0.8666 -0.9414 -0.5906, -0.6998 -1.0712 -0.5906, -0.514 -1.1718 -0.5906, 2.2441 2.6378 -0.5906, 1.0097 0.7859 -0.5906, 0.6998 -1.0712 -0.5906, 0.8666 -0.9414 -0.5906, 1.0097 -0.7859 -0.5906, 1.1253 -0.609 -0.5906, 0.8666 0.9414 -0.5906, 0.6998 1.0712 -0.5906, 0.514 1.1718 -0.5906, 1.2102 -0.4155 -0.5906, 1.2621 -0.2106 -0.5906, 1.2795 0.0 -0.5906, 1.2621 0.2106 -0.5906, 1.2102 0.4155 -0.5906, 1.1253 0.609 -0.5906, -0.3141 -1.2404 -0.5906, -0.1057 -1.2752 -0.5906, 0.1057 -1.2752 -0.5906, 0.3141 1.2404 -0.5906, 0.1057 1.2752 -0.5906, -2.2441 2.6378 -0.5906, -0.1057 1.2752 -0.5906, -0.3141 1.2404 -0.5906, -2.3276 2.6032 -0.5906, -2.3031 2.622 -0.5906, -0.6998 1.0712 -0.5906, -1.0097 0.7859 -0.5906, -1.1253 0.609 -0.5906, -1.2102 0.4155 -0.5906, -0.8666 0.9414 -0.5906, -2.3582 2.5503 -0.5906, -2.3464 2.5787 -0.5906, -0.514 1.1718 -0.5906, -2.2747 2.6338 -0.5906, -2.2747 2.6338 -0.5906
            ]
        }
        coordIndex [
            0,1,2,-1,3,4,5,-1,6,7,8,-1,9,10,11,-1,4,12,5,-1,5,12,13,-1,5,13,14,-1,14,13,15,-1,14,15,16,-1,17,18,15,-1,15,18,19,-1,15,19,16,-1,11,20,9,-1,9,20,21,-1,9,21,2,-1,2,21,22,-1,2,22,0,-1,3,5,23,-1,23,5,24,-1,23,24,25,-1,25,26,23,-1,23,26,27,-1,23,27,28,-1,29,6,30,-1,30,6,31,-1,6,8,9,-1,9,8,32,-1,9,32,33,-1,33,34,9,-1,9,34,35,-1,9,35,10,-1,28,36,23,-1,23,36,2,-1,23,2,37,-1,37,2,1,-1,36,38,2,-1,2,38,39,-1,2,39,40,-1,41,42,2,-1,2,42,43,-1,2,43,44,-1,29,45,6,-1,6,45,46,-1,6,46,47,-1,40,48,2,-1,2,48,49,-1,2,49,41,-1,47,50,6,-1,6,50,51,-1,6,51,18,-1,44,52,2,-1,2,52,53,-1,2,53,54,-1,54,53,55,-1,54,55,56,-1,17,57,18,-1,18,57,58,-1,18,58,6,-1,6,58,59,-1,6,59,7,-1,56,60,54,-1,54,60,61,-1,54,61,62,-1,62,63,54,-1,54,63,64,-1,54,64,65,-1,54,66,6,-1,6,66,67,-1,6,67,31,-1,65,68,54,-1,54,68,69,-1,54,69,66,-1,70,71,54,-1,72,73,74,-1,70,54,75,-1,71,76,54,-1,54,76,77,-1,54,77,74,-1,74,77,78,-1,74,78,72,-1,79,80,81,-1,81,80,82,-1,83,84,6,-1,6,84,85,-1,6,85,54,-1,54,85,86,-1,54,86,75,-1,87,88,6,-1,6,88,89,-1,6,89,83,-1,73,90,74,-1,74,90,91,-1,74,91,80,-1,80,91,92,-1,80,92,82,-1,79,93,80,-1,80,93,94,-1,80,94,6,-1,6,94,95,-1,6,95,87,-1,96,97,54,-1,98,99,100,-1,100,99,101,-1,100,101,102,-1,102,103,100,-1,100,103,104,-1,100,104,105,-1,105,104,106,-1,107,108,54,-1,54,108,109,-1,54,109,96,-1,110,111,2,-1,2,111,112,-1,2,112,100,-1,100,112,113,-1,100,113,98,-1,106,114,105,-1,105,114,115,-1,105,115,107,-1,116,117,2,-1,2,117,118,-1,2,118,110,-1,97,119,54,-1,54,119,120,-1,54,120,2,-1,2,120,121,-1,2,121,116,-1,122,123,105,-1,107,54,105,-1,105,54,124,-1,105,124,122,-1,123,125,105,-1,105,125,126,-1,105,126,127,-1,127,126,128,-1,127,128,129,-1,129,130,127,-1,127,130,131,-1,127,131,132,-1,133,134,74,-1,74,134,135,-1,136,137,54,-1,54,137,138,-1,138,139,54,-1,54,139,140,-1,54,140,124,-1,132,141,127,-1,127,141,142,-1,127,142,74,-1,74,142,143,-1,74,143,133,-1,135,144,74,-1,74,144,145,-1,74,145,54,-1,54,145,146,-1,54,146,136,-1,147,148,149,-1,150,151,152,-1,153,154,155,-1,156,157,158,-1,159,160,161,-1,161,160,162,-1,155,163,153,-1,153,163,147,-1,153,147,164,-1,165,166,167,-1,168,169,152,-1,162,170,161,-1,161,170,165,-1,161,165,171,-1,171,165,167,-1,172,173,174,-1,174,173,175,-1,174,175,150,-1,176,177,161,-1,178,158,179,-1,179,158,157,-1,179,157,152,-1,152,157,180,-1,152,180,168,-1,169,181,152,-1,152,181,182,-1,152,182,150,-1,150,182,183,-1,150,183,174,-1,181,184,182,-1,182,184,185,-1,182,185,186,-1,164,147,187,-1,187,147,149,-1,187,149,188,-1,177,189,161,-1,161,189,190,-1,161,190,159,-1,159,190,191,-1,159,191,192,-1,188,193,187,-1,187,193,194,-1,187,194,195,-1,192,196,159,-1,159,196,197,-1,159,197,149,-1,149,197,198,-1,149,198,199,-1,199,200,149,-1,149,200,201,-1,149,201,188,-1,186,202,182,-1,182,202,203,-1,182,203,161,-1,161,203,204,-1,161,204,176,-1,195,205,187,-1,187,205,206,-1,187,206,207,-1,207,206,208,-1,207,208,209,-1,210,211,212,-1,213,214,158,-1,158,214,215,-1,158,215,156,-1,213,158,216,-1,216,158,217,-1,216,217,212,-1,212,217,218,-1,212,218,210,-1,209,219,207,-1,207,219,212,-1,207,212,220,-1,220,212,211,-1,
        ]
    }
}
Shape{
    appearance Appearance {
        material  Material 	{
            diffuseColor 0.2235294117647059 0.2235294117647059 0.2235294117647059
            specularColor 0.11372549019607843 0.11372549019607843 0.11372549019607843
            ambientIntensity 0.2
            transparency 0
            shininess 0.5
        }
    }
    geometry IndexedFaceSet {
        ccw TRUE
        solid FALSE
        coord DEF co Coordinate {
            point [
                -2.3622 2.5197 -0.5906, -2.3622 2.2441 -0.5906, -2.3622 2.5197 0.2756, -2.3622 2.2441 0.2756, 2.2441 -2.6378 0.2756, -2.2441 -2.6378 0.2756, 2.2441 -2.6378 -0.5906, -2.2441 -2.6378 -0.5906, 2.3622 2.5197 0.2756, 2.3622 2.2441 0.2756, 2.3622 2.5197 -0.5906, 2.3622 2.2441 -0.5906, 2.2441 2.6378 -0.5906, -2.2441 2.6378 -0.5906, 2.2441 2.6378 0.2756, -2.2441 2.6378 0.2756, -2.2441 2.6378 0.2756
            ]
        }
        coordIndex [
            0,1,2,-1,2,1,3,-1,4,5,6,-1,6,5,7,-1,8,9,10,-1,10,9,11,-1,12,13,14,-1,14,13,15,-1,
        ]
    }
}
Shape{
    appearance Appearance {
        material  Material 	{
            diffuseColor 0.0 0.7529411764705882 0.7529411764705882
            specularColor 0.0 0.6627450980392157 0.6627450980392157
            ambientIntensity 0.2
            transparency 0
            shininess 0.5
        }
    }
    geometry IndexedFaceSet {
        ccw TRUE
        solid FALSE
        coord DEF co Coordinate {
            point [
                -2.2835 2.2441 0.3869, -2.2835 2.2441 -0.5906, -2.2835 -2.2441 0.3869, -2.2835 -2.2441 -0.5906, -2.3622 -2.2441 -0.5906, -2.3622 -2.2441 0.2756, -2.3031 -2.2441 0.3779, -2.3582 -2.2441 0.3062, -2.3276 -2.2441 0.3591, -2.3464 -2.2441 0.3346, -2.3622 2.2441 -0.5906, -2.3622 2.2441 0.2756, -2.3031 2.2441 0.3779, -2.3276 2.2441 0.3591, -2.3464 2.2441 0.3346, -2.3582 2.2441 0.3062, 2.3622 -2.2441 0.2756, 2.3622 -2.2441 -0.5906, 2.2835 -2.2441 -0.5906, 2.2835 -2.2441 0.3869, 2.3031 -2.2441 0.3779, 2.3582 -2.2441 0.3062, 2.3276 -2.2441 0.3591, 2.3464 -2.2441 0.3346, 2.2835 2.2441 0.3869, 2.2835 2.2441 -0.5906, 2.3464 2.2441 0.3346, 2.3276 2.2441 0.3591, 2.3031 2.2441 0.3779, 2.3622 2.2441 -0.5906, 2.3622 2.2441 0.2756, 2.3582 2.2441 0.3062, 2.3582 2.2441 0.3062
            ]
        }
        coordIndex [
            0,1,2,-1,2,1,3,-1,3,4,2,-1,2,4,5,-1,2,5,6,-1,6,5,7,-1,6,7,8,-1,8,7,9,-1,10,1,11,-1,11,1,0,-1,11,0,12,-1,13,14,12,-1,12,14,15,-1,12,15,11,-1,16,17,18,-1,18,19,16,-1,16,19,20,-1,16,20,21,-1,21,20,22,-1,21,22,23,-1,19,18,24,-1,24,18,25,-1,26,27,28,-1,25,29,24,-1,24,29,30,-1,24,30,28,-1,28,30,31,-1,28,31,26,-1,
        ]
    }
}
Shape{
    appearance Appearance {
        material  Material 	{
            diffuseColor 0.2235294117647059 0.2235294117647059 0.2235294117647059
            specularColor 0.11372549019607843 0.11372549019607843 0.11372549019607843
            ambientIntensity 0.2
            transparency 0
            shininess 0.5
        }
    }
    geometry IndexedFaceSet {
        ccw TRUE
        solid FALSE
        coord DEF co Coordinate {
            point [
                -2.3622 -2.5197 0.2756, -2.3622 -2.5197 -0.5906, -2.3582 -2.5503 -0.5906, -2.3582 -2.5503 0.3062, -2.3464 -2.5787 -0.5906, -2.3464 -2.5787 0.3346, -2.3276 -2.6032 -0.5906, -2.3276 -2.6032 0.3591, -2.3031 -2.622 -0.5906, -2.3031 -2.622 0.3346, -2.2747 -2.6338 -0.5906, -2.2747 -2.6338 0.3062, -2.2441 -2.6378 -0.5906, -2.2441 -2.6378 0.2756, 2.2441 -2.6378 0.2756, 2.2441 -2.6378 -0.5906, 2.2747 -2.6338 -0.5906, 2.2747 -2.6338 0.2756, 2.3031 -2.622 -0.5906, 2.3031 -2.622 0.2756, 2.3276 -2.6032 -0.5906, 2.3276 -2.6032 0.2756, 2.3464 -2.5787 -0.5906, 2.3464 -2.5787 0.2756, 2.3582 -2.5503 -0.5906, 2.3582 -2.5503 0.2756, 2.3622 -2.5197 -0.5906, 2.3622 -2.5197 0.2756, 2.3622 -2.5197 0.2756
            ]
        }
        coordIndex [
            0,1,2,-1,0,2,3,-1,3,2,4,-1,3,4,5,-1,5,4,6,-1,5,6,7,-1,7,6,8,-1,7,8,9,-1,9,8,10,-1,9,10,11,-1,11,10,12,-1,11,12,13,-1,14,15,16,-1,14,16,17,-1,17,16,18,-1,17,18,19,-1,19,18,20,-1,19,20,21,-1,21,20,22,-1,21,22,23,-1,23,22,24,-1,23,24,25,-1,25,24,26,-1,25,26,27,-1,
        ]
    }
}
Shape{
    appearance Appearance {
        material  Material 	{
            diffuseColor 0.7803921568627451 0.7803921568627451 0.7803921568627451
            specularColor 0.38823529411764707 0.38823529411764707 0.38823529411764707
            ambientIntensity 0.2
            transparency 0
            shininess 0.5
        }
    }
    geometry IndexedFaceSet {
        ccw TRUE
        solid FALSE
        coord DEF co Coordinate {
            point [
                -1.5846 -2.5197 0.3937, -2.2441 -2.5197 0.3937, -2.2747 -2.5503 0.3897, 2.2441 -2.5503 0.3897, -2.3031 -2.5787 0.3779, 2.2441 -2.5787 0.3779, -2.3276 -2.6032 0.3591, 2.2441 -2.6032 0.3591, -2.3031 -2.622 0.3346, 2.2441 -2.622 0.3346, -2.2747 -2.6338 0.3062, 2.2441 -2.6338 0.3062, -2.2441 -2.6378 0.2756, 2.2441 -2.6378 0.2756, 2.2441 -2.5197 0.3937, -2.3622 -2.2441 0.2756, -2.3622 -2.5197 0.2756, -2.3582 -2.5503 0.3062, -2.3582 -2.2441 0.3062, -2.3464 -2.5787 0.3346, -2.3464 -2.2441 0.3346, -2.3276 -2.2441 0.3591, -2.3031 -2.2441 0.3779, -2.3031 2.2441 0.3779, -2.2835 2.2441 0.3869, -2.2747 2.5197 0.3897, -2.2835 -2.2441 0.3869, -2.3031 2.5197 0.3779, -2.3276 2.5197 0.3591, -2.3276 2.2441 0.3591, -2.3464 2.5197 0.3346, -2.3464 2.2441 0.3346, -2.3582 2.5197 0.3062, -2.3582 2.2441 0.3062, -2.3622 2.5197 0.2756, -2.3622 2.2441 0.2756, -2.2441 -1.5846 0.3937, -2.2441 2.5197 0.3937, -2.2441 2.5197 0.3937
            ]
        }
        coordIndex [
            0,1,2,-1,3,4,5,-1,5,4,6,-1,5,6,7,-1,7,6,8,-1,7,8,9,-1,9,8,10,-1,9,10,11,-1,11,10,12,-1,11,12,13,-1,14,0,3,-1,3,0,2,-1,3,2,4,-1,15,16,17,-1,15,17,18,-1,18,17,19,-1,18,19,20,-1,20,19,6,-1,20,6,21,-1,21,6,4,-1,21,4,22,-1,23,24,25,-1,25,24,26,-1,25,27,23,-1,23,27,28,-1,23,28,29,-1,29,28,30,-1,29,30,31,-1,31,30,32,-1,31,32,33,-1,33,32,34,-1,33,34,35,-1,2,1,36,-1,22,4,26,-1,26,4,2,-1,26,2,25,-1,25,2,36,-1,25,36,37,-1,
        ]
    }
}
Shape{
    appearance Appearance {
        material  Material 	{
            diffuseColor 0.2235294117647059 0.2235294117647059 0.2235294117647059
            specularColor 0.11372549019607843 0.11372549019607843 0.11372549019607843
            ambientIntensity 0.2
            transparency 0
            shininess 0.5
        }
    }
    geometry IndexedFaceSet {
        ccw TRUE
        solid FALSE
        coord DEF co Coordinate {
            point [
                -2.2441 2.6378 0.2756, -2.2441 2.6378 -0.5906, -2.2747 2.6338 -0.5906, -2.2747 2.6338 0.2756, -2.3031 2.622 -0.5906, -2.3031 2.622 0.2756, -2.3276 2.6032 -0.5906, -2.3276 2.6032 0.2756, -2.3464 2.5787 -0.5906, -2.3464 2.5787 0.2756, -2.3582 2.5503 -0.5906, -2.3582 2.5503 0.2756, -2.3622 2.5197 -0.5906, -2.3622 2.5197 0.2756, -2.3622 2.5197 0.2756
            ]
        }
        coordIndex [
            0,1,2,-1,0,2,3,-1,3,2,4,-1,3,4,5,-1,5,4,6,-1,5,6,7,-1,7,6,8,-1,7,8,9,-1,9,8,10,-1,9,10,11,-1,11,10,12,-1,11,12,13,-1,
        ]
    }
}
Shape{
    appearance Appearance {
        material  Material 	{
            diffuseColor 0.7803921568627451 0.7803921568627451 0.7803921568627451
            specularColor 0.38823529411764707 0.38823529411764707 0.38823529411764707
            ambientIntensity 0.2
            transparency 0
            shininess 0.5
        }
    }
    geometry IndexedFaceSet {
        ccw TRUE
        solid FALSE
        coord DEF co Coordinate {
            point [
                2.3622 -2.5197 0.2756, 2.3582 -2.5197 0.3062, 2.3543 -2.5492 0.3062, 2.2952 -2.5492 0.3779, 2.2706 -2.535 0.3897, 2.2657 -2.5413 0.3897, 2.2441 -2.5197 0.3937, 2.2441 -2.5503 0.3897, 2.252 -2.5492 0.3897, 2.2736 -2.5276 0.3897, 2.3011 -2.535 0.3779, 2.3248 -2.5413 0.3591, 2.2747 -2.5197 0.3897, 2.2859 -2.5614 0.3779, 2.2594 -2.5462 0.3897, 2.2736 -2.5708 0.3779, 2.2594 -2.5767 0.3779, 2.2441 -2.5787 0.3779, 2.3031 -2.5197 0.3779, 2.3276 -2.5197 0.3591, 2.3464 -2.5197 0.3346, 2.3164 -2.5614 0.3591, 2.3031 -2.5787 0.3591, 2.2859 -2.592 0.3591, 2.2657 -2.6004 0.3591, 2.2441 -2.6032 0.3591, 2.3429 -2.5462 0.3346, 2.3327 -2.5708 0.3346, 2.3164 -2.592 0.3346, 2.2952 -2.6083 0.3346, 2.2706 -2.6185 0.3346, 2.2441 -2.622 0.3346, 2.3429 -2.5767 0.3062, 2.3248 -2.6004 0.3062, 2.3011 -2.6185 0.3062, 2.2736 -2.6299 0.3062, 2.2441 -2.6338 0.3062, 2.3582 -2.5503 0.2756, 2.3464 -2.5787 0.2756, 2.3276 -2.6032 0.2756, 2.3031 -2.622 0.2756, 2.2747 -2.6338 0.2756, 2.2441 -2.6378 0.2756, -2.3622 2.5197 0.2756, -2.3582 2.5197 0.3062, -2.3543 2.5492 0.3062, -2.2952 2.5492 0.3779, -2.2706 2.535 0.3897, -2.2657 2.5413 0.3897, -2.2441 2.5197 0.3937, -2.2441 2.5503 0.3897, -2.252 2.5492 0.3897, -2.2736 2.5276 0.3897, -2.3011 2.535 0.3779, -2.3248 2.5413 0.3591, -2.2747 2.5197 0.3897, -2.2859 2.5614 0.3779, -2.2594 2.5462 0.3897, -2.2736 2.5708 0.3779, -2.2594 2.5767 0.3779, -2.2441 2.5787 0.3779, -2.3031 2.5197 0.3779, -2.3276 2.5197 0.3591, -2.3464 2.5197 0.3346, -2.3164 2.5614 0.3591, -2.3031 2.5787 0.3591, -2.2859 2.592 0.3591, -2.2657 2.6004 0.3591, -2.2441 2.6032 0.3591, -2.3429 2.5462 0.3346, -2.3327 2.5708 0.3346, -2.3164 2.592 0.3346, -2.2952 2.6083 0.3346, -2.2706 2.6185 0.3346, -2.2441 2.622 0.3346, -2.3429 2.5767 0.3062, -2.3248 2.6004 0.3062, -2.3011 2.6185 0.3062, -2.2736 2.6299 0.3062, -2.2441 2.6338 0.3062, -2.3582 2.5503 0.2756, -2.3464 2.5787 0.2756, -2.3276 2.6032 0.2756, -2.3031 2.622 0.2756, -2.2747 2.6338 0.2756, -2.2441 2.6378 0.2756, 2.2441 -1.5846 0.3937, 2.3031 2.5787 0.3779, 2.3276 2.2441 0.3591, 2.3276 2.6032 0.3591, 2.3464 2.2441 0.3346, 2.3464 2.5787 0.3346, 2.3582 2.2441 0.3062, 2.3582 2.5503 0.3062, 2.3622 2.2441 0.2756, 2.3622 2.5197 0.2756, 2.3031 -2.2441 0.3779, 2.2835 -2.2441 0.3869, 2.2747 2.5503 0.3897, 2.2835 2.2441 0.3869, 2.3031 2.2441 0.3779, 2.3276 -2.2441 0.3591, 2.3464 -2.2441 0.3346, 2.3582 -2.2441 0.3062, 2.3622 -2.2441 0.2756, 2.2441 2.5197 0.3937, 2.2441 2.6378 0.2756, -1.5846 2.5197 0.3937, 2.2747 2.6338 0.3062, 2.3031 2.622 0.3346, 2.3031 2.622 0.3346
            ]
        }
        coordIndex [
            0,1,2,-1,3,4,5,-1,6,7,8,-1,5,4,6,-1,9,6,4,-1,9,4,10,-1,10,4,3,-1,10,3,11,-1,12,6,9,-1,13,14,15,-1,15,14,8,-1,15,8,16,-1,16,8,7,-1,16,7,17,-1,12,9,18,-1,18,9,10,-1,18,10,19,-1,19,10,11,-1,19,11,20,-1,21,13,22,-1,22,13,15,-1,22,15,23,-1,23,15,16,-1,23,16,24,-1,24,16,17,-1,24,17,25,-1,26,21,27,-1,27,21,22,-1,27,22,28,-1,28,22,23,-1,28,23,29,-1,29,23,24,-1,29,24,30,-1,30,24,25,-1,30,25,31,-1,1,26,2,-1,2,26,27,-1,2,27,32,-1,32,27,28,-1,32,28,33,-1,33,28,29,-1,33,29,34,-1,34,29,30,-1,34,30,35,-1,35,30,31,-1,35,31,36,-1,0,2,37,-1,37,2,32,-1,37,32,38,-1,38,32,33,-1,38,33,39,-1,39,33,34,-1,39,34,40,-1,40,34,35,-1,40,35,41,-1,41,35,36,-1,41,36,42,-1,14,6,8,-1,1,20,26,-1,26,20,11,-1,26,11,21,-1,21,11,3,-1,21,3,13,-1,13,3,5,-1,13,5,14,-1,14,5,6,-1,43,44,45,-1,46,47,48,-1,49,50,51,-1,48,47,49,-1,52,49,47,-1,52,47,53,-1,53,47,46,-1,53,46,54,-1,55,49,52,-1,56,57,58,-1,58,57,51,-1,58,51,59,-1,59,51,50,-1,59,50,60,-1,55,52,61,-1,61,52,53,-1,61,53,62,-1,62,53,54,-1,62,54,63,-1,64,56,65,-1,65,56,58,-1,65,58,66,-1,66,58,59,-1,66,59,67,-1,67,59,60,-1,67,60,68,-1,69,64,70,-1,70,64,65,-1,70,65,71,-1,71,65,66,-1,71,66,72,-1,72,66,67,-1,72,67,73,-1,73,67,68,-1,73,68,74,-1,44,69,45,-1,45,69,70,-1,45,70,75,-1,75,70,71,-1,75,71,76,-1,76,71,72,-1,76,72,77,-1,77,72,73,-1,77,73,78,-1,78,73,74,-1,78,74,79,-1,43,45,80,-1,80,45,75,-1,80,75,81,-1,81,75,76,-1,81,76,82,-1,82,76,77,-1,82,77,83,-1,83,77,78,-1,83,78,84,-1,84,78,79,-1,84,79,85,-1,57,49,51,-1,44,63,69,-1,69,63,54,-1,69,54,64,-1,64,54,46,-1,64,46,56,-1,56,46,48,-1,56,48,57,-1,57,48,49,-1,86,6,12,-1,87,88,89,-1,89,88,90,-1,89,90,91,-1,91,90,92,-1,91,92,93,-1,93,92,94,-1,93,94,95,-1,96,97,12,-1,98,99,87,-1,87,99,100,-1,87,100,88,-1,12,18,96,-1,96,18,19,-1,96,19,101,-1,101,19,20,-1,101,20,102,-1,102,20,1,-1,102,1,103,-1,103,1,0,-1,103,0,104,-1,97,99,12,-1,12,99,98,-1,12,98,86,-1,86,98,105,-1,106,85,79,-1,50,49,107,-1,106,79,108,-1,108,79,74,-1,108,74,109,-1,109,74,68,-1,109,68,89,-1,89,68,60,-1,89,60,87,-1,87,60,50,-1,87,50,98,-1,98,50,107,-1,98,107,105,-1,
        ]
    }
}
Shape{
    appearance Appearance {
        material  Material 	{
            diffuseColor 0.2235294117647059 0.2235294117647059 0.2235294117647059
            specularColor 0.11372549019607843 0.11372549019607843 0.11372549019607843
            ambientIntensity 0.2
            transparency 0
            shininess 0.5
        }
    }
    geometry IndexedFaceSet {
        ccw TRUE
        solid FALSE
        coord DEF co Coordinate {
            point [
                2.2441 2.6378 -0.5906, 2.2441 2.6378 0.2756, 2.2747 2.6338 0.3062, 2.2747 2.6338 -0.5906, 2.3031 2.622 0.3346, 2.3031 2.622 -0.5906, 2.3276 2.6032 0.3591, 2.3276 2.6032 -0.5906, 2.3464 2.5787 0.3346, 2.3464 2.5787 -0.5906, 2.3582 2.5503 0.3062, 2.3582 2.5503 -0.5906, 2.3622 2.5197 0.2756, 2.3622 2.5197 -0.5906, 2.3622 2.5197 -0.5906
            ]
        }
        coordIndex [
            0,1,2,-1,0,2,3,-1,3,2,4,-1,3,4,5,-1,5,4,6,-1,5,6,7,-1,7,6,8,-1,7,8,9,-1,9,8,10,-1,9,10,11,-1,11,10,12,-1,11,12,13,-1,
        ]
    }
}
Shape{
    appearance Appearance {
        material  Material 	{
            diffuseColor 0.7803921568627451 0.7803921568627451 0.7803921568627451
            specularColor 0.38823529411764707 0.38823529411764707 0.38823529411764707
            ambientIntensity 0.2
            transparency 0
            shininess 0.5
        }
    }
    geometry IndexedFaceSet {
        ccw TRUE
        solid FALSE
        coord DEF co Coordinate {
            point [
                -1.6142 2.0472 0.374, -1.6142 2.0472 0.3937, -1.6195 2.088 0.374, -1.6195 2.088 0.3937, -1.6353 2.126 0.374, -1.6353 2.126 0.3937, -1.6603 2.1586 0.374, -1.6603 2.1586 0.3937, -1.6929 2.1836 0.374, -1.6929 2.1836 0.3937, -1.7309 2.1994 0.374, -1.7309 2.1994 0.3937, -1.7717 2.2047 0.374, -1.7717 2.2047 0.3937, -1.8124 2.1994 0.374, -1.8124 2.1994 0.3937, -1.8504 2.1836 0.374, -1.8504 2.1836 0.3937, -1.883 2.1586 0.374, -1.883 2.1586 0.3937, -1.908 2.126 0.374, -1.908 2.126 0.3937, -1.9238 2.088 0.374, -1.9238 2.088 0.3937, -1.9291 2.0472 0.374, -1.9291 2.0472 0.3937, -1.9238 2.0065 0.374, -1.9238 2.0065 0.3937, -1.908 1.9685 0.374, -1.908 1.9685 0.3937, -1.883 1.9359 0.374, -1.883 1.9359 0.3937, -1.8504 1.9109 0.374, -1.8504 1.9109 0.3937, -1.8124 1.8951 0.374, -1.8124 1.8951 0.3937, -1.7717 1.8898 0.374, -1.7717 1.8898 0.3937, -1.7309 1.8951 0.374, -1.7309 1.8951 0.3937, -1.6929 1.9109 0.374, -1.6929 1.9109 0.3937, -1.6603 1.9359 0.374, -1.6603 1.9359 0.3937, -1.6353 1.9685 0.374, -1.6353 1.9685 0.3937, -1.6195 2.0065 0.374, -1.6195 2.0065 0.3937, -1.6195 2.0065 0.3937
            ]
        }
        coordIndex [
            0,1,2,-1,2,1,3,-1,2,3,4,-1,4,3,5,-1,4,5,6,-1,6,5,7,-1,6,7,8,-1,8,7,9,-1,8,9,10,-1,10,9,11,-1,10,11,12,-1,12,11,13,-1,12,13,14,-1,14,13,15,-1,14,15,16,-1,16,15,17,-1,16,17,18,-1,18,17,19,-1,18,19,20,-1,20,19,21,-1,20,21,22,-1,22,21,23,-1,22,23,24,-1,24,23,25,-1,24,25,26,-1,26,25,27,-1,26,27,28,-1,28,27,29,-1,28,29,30,-1,30,29,31,-1,30,31,32,-1,32,31,33,-1,32,33,34,-1,34,33,35,-1,34,35,36,-1,36,35,37,-1,36,37,38,-1,38,37,39,-1,38,39,40,-1,40,39,41,-1,40,41,42,-1,42,41,43,-1,42,43,44,-1,44,43,45,-1,44,45,46,-1,46,45,47,-1,46,47,0,-1,0,47,1,-1,
        ]
    }
}
Shape{
    appearance Appearance {
        material  Material 	{
            diffuseColor 0.2235294117647059 0.2235294117647059 0.2235294117647059
            specularColor 0.11372549019607843 0.11372549019607843 0.11372549019607843
            ambientIntensity 0.2
            transparency 0
            shininess 0.5
        }
    }
    geometry IndexedFaceSet {
        ccw TRUE
        solid FALSE
        coord DEF co Coordinate {
            point [
                -1.6353 1.9685 0.374, -1.6195 2.0065 0.374, -1.7717 2.0472 0.374, -1.6142 2.0472 0.374, -1.6195 2.088 0.374, -1.7309 1.8951 0.374, -1.6929 1.9109 0.374, -1.6603 1.9359 0.374, -1.8504 1.9109 0.374, -1.8124 1.8951 0.374, -1.7717 1.8898 0.374, -1.9238 2.0065 0.374, -1.908 1.9685 0.374, -1.883 1.9359 0.374, -1.908 2.126 0.374, -1.9238 2.088 0.374, -1.9291 2.0472 0.374, -1.8124 2.1994 0.374, -1.8504 2.1836 0.374, -1.883 2.1586 0.374, -1.6929 2.1836 0.374, -1.7309 2.1994 0.374, -1.7717 2.2047 0.374, -1.6353 2.126 0.374, -1.6603 2.1586 0.374, -1.6603 2.1586 0.374
            ]
        }
        coordIndex [
            0,1,2,-1,2,1,3,-1,2,3,4,-1,5,6,2,-1,2,6,7,-1,2,7,0,-1,8,9,2,-1,2,9,10,-1,2,10,5,-1,11,12,2,-1,2,12,13,-1,2,13,8,-1,14,15,2,-1,2,15,16,-1,2,16,11,-1,17,18,2,-1,2,18,19,-1,2,19,14,-1,20,21,2,-1,2,21,22,-1,2,22,17,-1,4,23,2,-1,2,23,24,-1,2,24,20,-1,
        ]
    }
}
Shape{
    appearance Appearance {
        material  Material 	{
            diffuseColor 0.7803921568627451 0.7803921568627451 0.7803921568627451
            specularColor 0.38823529411764707 0.38823529411764707 0.38823529411764707
            ambientIntensity 0.2
            transparency 0
            shininess 0.5
        }
    }
    geometry IndexedFaceSet {
        ccw TRUE
        solid FALSE
        coord DEF co Coordinate {
            point [
                2.2047 1.7717 0.374, 2.2047 1.7717 0.3937, 2.1994 1.8124 0.374, 2.1994 1.8124 0.3937, 2.1836 1.8504 0.374, 2.1836 1.8504 0.3937, 2.1586 1.883 0.374, 2.1586 1.883 0.3937, 2.126 1.908 0.374, 2.126 1.908 0.3937, 2.088 1.9238 0.374, 2.088 1.9238 0.3937, 2.0472 1.9291 0.374, 2.0472 1.9291 0.3937, 2.0065 1.9238 0.374, 2.0065 1.9238 0.3937, 1.9685 1.908 0.374, 1.9685 1.908 0.3937, 1.9359 1.883 0.374, 1.9359 1.883 0.3937, 1.9109 1.8504 0.374, 1.9109 1.8504 0.3937, 1.8951 1.8124 0.374, 1.8951 1.8124 0.3937, 1.8898 1.7717 0.374, 1.8898 1.7717 0.3937, 1.8951 1.7309 0.374, 1.8951 1.7309 0.3937, 1.9109 1.6929 0.374, 1.9109 1.6929 0.3937, 1.9359 1.6603 0.374, 1.9359 1.6603 0.3937, 1.9685 1.6353 0.374, 1.9685 1.6353 0.3937, 2.0065 1.6195 0.374, 2.0065 1.6195 0.3937, 2.0472 1.6142 0.374, 2.0472 1.6142 0.3937, 2.088 1.6195 0.374, 2.088 1.6195 0.3937, 2.126 1.6353 0.374, 2.126 1.6353 0.3937, 2.1586 1.6603 0.374, 2.1586 1.6603 0.3937, 2.1836 1.6929 0.374, 2.1836 1.6929 0.3937, 2.1994 1.7309 0.374, 2.1994 1.7309 0.3937, 2.1994 1.7309 0.3937
            ]
        }
        coordIndex [
            0,1,2,-1,2,1,3,-1,2,3,4,-1,4,3,5,-1,4,5,6,-1,6,5,7,-1,6,7,8,-1,8,7,9,-1,8,9,10,-1,10,9,11,-1,10,11,12,-1,12,11,13,-1,12,13,14,-1,14,13,15,-1,14,15,16,-1,16,15,17,-1,16,17,18,-1,18,17,19,-1,18,19,20,-1,20,19,21,-1,20,21,22,-1,22,21,23,-1,22,23,24,-1,24,23,25,-1,24,25,26,-1,26,25,27,-1,26,27,28,-1,28,27,29,-1,28,29,30,-1,30,29,31,-1,30,31,32,-1,32,31,33,-1,32,33,34,-1,34,33,35,-1,34,35,36,-1,36,35,37,-1,36,37,38,-1,38,37,39,-1,38,39,40,-1,40,39,41,-1,40,41,42,-1,42,41,43,-1,42,43,44,-1,44,43,45,-1,44,45,46,-1,46,45,47,-1,46,47,0,-1,0,47,1,-1,
        ]
    }
}
Shape{
    appearance Appearance {
        material  Material 	{
            diffuseColor 0.2235294117647059 0.2235294117647059 0.2235294117647059
            specularColor 0.11372549019607843 0.11372549019607843 0.11372549019607843
            ambientIntensity 0.2
            transparency 0
            shininess 0.5
        }
    }
    geometry IndexedFaceSet {
        ccw TRUE
        solid FALSE
        coord DEF co Coordinate {
            point [
                1.9685 1.6353 0.374, 2.0065 1.6195 0.374, 2.0472 1.7717 0.374, 2.0472 1.6142 0.374, 2.088 1.6195 0.374, 1.8951 1.7309 0.374, 1.9109 1.6929 0.374, 1.9359 1.6603 0.374, 1.9109 1.8504 0.374, 1.8951 1.8124 0.374, 1.8898 1.7717 0.374, 2.0065 1.9238 0.374, 1.9685 1.908 0.374, 1.9359 1.883 0.374, 2.126 1.908 0.374, 2.088 1.9238 0.374, 2.0472 1.9291 0.374, 2.1994 1.8124 0.374, 2.1836 1.8504 0.374, 2.1586 1.883 0.374, 2.1836 1.6929 0.374, 2.1994 1.7309 0.374, 2.2047 1.7717 0.374, 2.126 1.6353 0.374, 2.1586 1.6603 0.374, 2.1586 1.6603 0.374
            ]
        }
        coordIndex [
            0,1,2,-1,2,1,3,-1,2,3,4,-1,5,6,2,-1,2,6,7,-1,2,7,0,-1,8,9,2,-1,2,9,10,-1,2,10,5,-1,11,12,2,-1,2,12,13,-1,2,13,8,-1,14,15,2,-1,2,15,16,-1,2,16,11,-1,17,18,2,-1,2,18,19,-1,2,19,14,-1,20,21,2,-1,2,21,22,-1,2,22,17,-1,4,23,2,-1,2,23,24,-1,2,24,20,-1,
        ]
    }
}
Shape{
    appearance Appearance {
        material  Material 	{
            diffuseColor 0.7803921568627451 0.7803921568627451 0.7803921568627451
            specularColor 0.38823529411764707 0.38823529411764707 0.38823529411764707
            ambientIntensity 0.2
            transparency 0
            shininess 0.5
        }
    }
    geometry IndexedFaceSet {
        ccw TRUE
        solid FALSE
        coord DEF co Coordinate {
            point [
                -1.8898 -1.7717 0.374, -1.8898 -1.7717 0.3937, -1.8951 -1.7309 0.374, -1.8951 -1.7309 0.3937, -1.9109 -1.6929 0.374, -1.9109 -1.6929 0.3937, -1.9359 -1.6603 0.374, -1.9359 -1.6603 0.3937, -1.9685 -1.6353 0.374, -1.9685 -1.6353 0.3937, -2.0065 -1.6195 0.374, -2.0065 -1.6195 0.3937, -2.0472 -1.6142 0.374, -2.0472 -1.6142 0.3937, -2.088 -1.6195 0.374, -2.088 -1.6195 0.3937, -2.126 -1.6353 0.374, -2.126 -1.6353 0.3937, -2.1586 -1.6603 0.374, -2.1586 -1.6603 0.3937, -2.1836 -1.6929 0.374, -2.1836 -1.6929 0.3937, -2.1994 -1.7309 0.374, -2.1994 -1.7309 0.3937, -2.2047 -1.7717 0.374, -2.2047 -1.7717 0.3937, -2.1994 -1.8124 0.374, -2.1994 -1.8124 0.3937, -2.1836 -1.8504 0.374, -2.1836 -1.8504 0.3937, -2.1586 -1.883 0.374, -2.1586 -1.883 0.3937, -2.126 -1.908 0.374, -2.126 -1.908 0.3937, -2.088 -1.9238 0.374, -2.088 -1.9238 0.3937, -2.0472 -1.9291 0.374, -2.0472 -1.9291 0.3937, -2.0065 -1.9238 0.374, -2.0065 -1.9238 0.3937, -1.9685 -1.908 0.374, -1.9685 -1.908 0.3937, -1.9359 -1.883 0.374, -1.9359 -1.883 0.3937, -1.9109 -1.8504 0.374, -1.9109 -1.8504 0.3937, -1.8951 -1.8124 0.374, -1.8951 -1.8124 0.3937, -1.8951 -1.8124 0.3937
            ]
        }
        coordIndex [
            0,1,2,-1,2,1,3,-1,2,3,4,-1,4,3,5,-1,4,5,6,-1,6,5,7,-1,6,7,8,-1,8,7,9,-1,8,9,10,-1,10,9,11,-1,10,11,12,-1,12,11,13,-1,12,13,14,-1,14,13,15,-1,14,15,16,-1,16,15,17,-1,16,17,18,-1,18,17,19,-1,18,19,20,-1,20,19,21,-1,20,21,22,-1,22,21,23,-1,22,23,24,-1,24,23,25,-1,24,25,26,-1,26,25,27,-1,26,27,28,-1,28,27,29,-1,28,29,30,-1,30,29,31,-1,30,31,32,-1,32,31,33,-1,32,33,34,-1,34,33,35,-1,34,35,36,-1,36,35,37,-1,36,37,38,-1,38,37,39,-1,38,39,40,-1,40,39,41,-1,40,41,42,-1,42,41,43,-1,42,43,44,-1,44,43,45,-1,44,45,46,-1,46,45,47,-1,46,47,0,-1,0,47,1,-1,
        ]
    }
}
Shape{
    appearance Appearance {
        material  Material 	{
            diffuseColor 0.2235294117647059 0.2235294117647059 0.2235294117647059
            specularColor 0.11372549019607843 0.11372549019607843 0.11372549019607843
            ambientIntensity 0.2
            transparency 0
            shininess 0.5
        }
    }
    geometry IndexedFaceSet {
        ccw TRUE
        solid FALSE
        coord DEF co Coordinate {
            point [
                -1.9685 -1.6353 0.374, -2.0065 -1.6195 0.374, -2.0472 -1.7717 0.374, -2.0472 -1.6142 0.374, -2.088 -1.6195 0.374, -1.8951 -1.7309 0.374, -1.9109 -1.6929 0.374, -1.9359 -1.6603 0.374, -1.9109 -1.8504 0.374, -1.8951 -1.8124 0.374, -1.8898 -1.7717 0.374, -2.0065 -1.9238 0.374, -1.9685 -1.908 0.374, -1.9359 -1.883 0.374, -2.126 -1.908 0.374, -2.088 -1.9238 0.374, -2.0472 -1.9291 0.374, -2.1994 -1.8124 0.374, -2.1836 -1.8504 0.374, -2.1586 -1.883 0.374, -2.1836 -1.6929 0.374, -2.1994 -1.7309 0.374, -2.2047 -1.7717 0.374, -2.126 -1.6353 0.374, -2.1586 -1.6603 0.374, -2.1586 -1.6603 0.374
            ]
        }
        coordIndex [
            0,1,2,-1,2,1,3,-1,2,3,4,-1,5,6,2,-1,2,6,7,-1,2,7,0,-1,8,9,2,-1,2,9,10,-1,2,10,5,-1,11,12,2,-1,2,12,13,-1,2,13,8,-1,14,15,2,-1,2,15,16,-1,2,16,11,-1,17,18,2,-1,2,18,19,-1,2,19,14,-1,20,21,2,-1,2,21,22,-1,2,22,17,-1,4,23,2,-1,2,23,24,-1,2,24,20,-1,
        ]
    }
}
Shape{
    appearance Appearance {
        material  Material 	{
            diffuseColor 0.7803921568627451 0.7803921568627451 0.7803921568627451
            specularColor 0.38823529411764707 0.38823529411764707 0.38823529411764707
            ambientIntensity 0.2
            transparency 0
            shininess 0.5
        }
    }
    geometry IndexedFaceSet {
        ccw TRUE
        solid FALSE
        coord DEF co Coordinate {
            point [
                1.9291 -2.0472 0.374, 1.9291 -2.0472 0.3937, 1.9238 -2.0065 0.374, 1.9238 -2.0065 0.3937, 1.908 -1.9685 0.374, 1.908 -1.9685 0.3937, 1.883 -1.9359 0.374, 1.883 -1.9359 0.3937, 1.8504 -1.9109 0.374, 1.8504 -1.9109 0.3937, 1.8124 -1.8951 0.374, 1.8124 -1.8951 0.3937, 1.7717 -1.8898 0.374, 1.7717 -1.8898 0.3937, 1.7309 -1.8951 0.374, 1.7309 -1.8951 0.3937, 1.6929 -1.9109 0.374, 1.6929 -1.9109 0.3937, 1.6603 -1.9359 0.374, 1.6603 -1.9359 0.3937, 1.6353 -1.9685 0.374, 1.6353 -1.9685 0.3937, 1.6195 -2.0065 0.374, 1.6195 -2.0065 0.3937, 1.6142 -2.0472 0.374, 1.6142 -2.0472 0.3937, 1.6195 -2.088 0.374, 1.6195 -2.088 0.3937, 1.6353 -2.126 0.374, 1.6353 -2.126 0.3937, 1.6603 -2.1586 0.374, 1.6603 -2.1586 0.3937, 1.6929 -2.1836 0.374, 1.6929 -2.1836 0.3937, 1.7309 -2.1994 0.374, 1.7309 -2.1994 0.3937, 1.7717 -2.2047 0.374, 1.7717 -2.2047 0.3937, 1.8124 -2.1994 0.374, 1.8124 -2.1994 0.3937, 1.8504 -2.1836 0.374, 1.8504 -2.1836 0.3937, 1.883 -2.1586 0.374, 1.883 -2.1586 0.3937, 1.908 -2.126 0.374, 1.908 -2.126 0.3937, 1.9238 -2.088 0.374, 1.9238 -2.088 0.3937, 1.9238 -2.088 0.3937
            ]
        }
        coordIndex [
            0,1,2,-1,2,1,3,-1,2,3,4,-1,4,3,5,-1,4,5,6,-1,6,5,7,-1,6,7,8,-1,8,7,9,-1,8,9,10,-1,10,9,11,-1,10,11,12,-1,12,11,13,-1,12,13,14,-1,14,13,15,-1,14,15,16,-1,16,15,17,-1,16,17,18,-1,18,17,19,-1,18,19,20,-1,20,19,21,-1,20,21,22,-1,22,21,23,-1,22,23,24,-1,24,23,25,-1,24,25,26,-1,26,25,27,-1,26,27,28,-1,28,27,29,-1,28,29,30,-1,30,29,31,-1,30,31,32,-1,32,31,33,-1,32,33,34,-1,34,33,35,-1,34,35,36,-1,36,35,37,-1,36,37,38,-1,38,37,39,-1,38,39,40,-1,40,39,41,-1,40,41,42,-1,42,41,43,-1,42,43,44,-1,44,43,45,-1,44,45,46,-1,46,45,47,-1,46,47,0,-1,0,47,1,-1,
        ]
    }
}
Shape{
    appearance Appearance {
        material  Material 	{
            diffuseColor 0.2235294117647059 0.2235294117647059 0.2235294117647059
            specularColor 0.11372549019607843 0.11372549019607843 0.11372549019607843
            ambientIntensity 0.2
            transparency 0
            shininess 0.5
        }
    }
    geometry IndexedFaceSet {
        ccw TRUE
        solid FALSE
        coord DEF co Coordinate {
            point [
                1.6353 -1.9685 0.374, 1.6195 -2.0065 0.374, 1.7717 -2.0472 0.374, 1.6142 -2.0472 0.374, 1.6195 -2.088 0.374, 1.7309 -1.8951 0.374, 1.6929 -1.9109 0.374, 1.6603 -1.9359 0.374, 1.8504 -1.9109 0.374, 1.8124 -1.8951 0.374, 1.7717 -1.8898 0.374, 1.9238 -2.0065 0.374, 1.908 -1.9685 0.374, 1.883 -1.9359 0.374, 1.908 -2.126 0.374, 1.9238 -2.088 0.374, 1.9291 -2.0472 0.374, 1.8124 -2.1994 0.374, 1.8504 -2.1836 0.374, 1.883 -2.1586 0.374, 1.6929 -2.1836 0.374, 1.7309 -2.1994 0.374, 1.7717 -2.2047 0.374, 1.6353 -2.126 0.374, 1.6603 -2.1586 0.374, 1.6603 -2.1586 0.374
            ]
        }
        coordIndex [
            0,1,2,-1,2,1,3,-1,2,3,4,-1,5,6,2,-1,2,6,7,-1,2,7,0,-1,8,9,2,-1,2,9,10,-1,2,10,5,-1,11,12,2,-1,2,12,13,-1,2,13,8,-1,14,15,2,-1,2,15,16,-1,2,16,11,-1,17,18,2,-1,2,18,19,-1,2,19,14,-1,20,21,2,-1,2,21,22,-1,2,22,17,-1,4,23,2,-1,2,23,24,-1,2,24,20,-1,
        ]
    }
}
Shape{
    appearance Appearance {
        material  Material 	{
            diffuseColor 0.7803921568627451 0.7803921568627451 0.7803921568627451
            specularColor 0.38823529411764707 0.38823529411764707 0.38823529411764707
            ambientIntensity 0.2
            transparency 0
            shininess 0.5
        }
    }
    geometry IndexedFaceSet {
        ccw TRUE
        solid FALSE
        coord DEF co Coordinate {
            point [
                1.5551 -0.0 0.3898, 1.5551 0.0 0.3937, 1.5377 0.2318 0.3898, 1.5377 0.2318 0.3937, 1.486 0.4584 0.3898, 1.486 0.4584 0.3937, 1.4011 0.6747 0.3898, 1.4011 0.6747 0.3937, 1.2849 0.876 0.3898, 1.2849 0.876 0.3937, 1.14 1.0577 0.3898, 1.14 1.0577 0.3937, 0.9696 1.2158 0.3898, 0.9696 1.2158 0.3937, 0.7776 1.3468 0.3898, 0.7776 1.3468 0.3937, 0.5681 1.4476 0.3898, 0.5681 1.4476 0.3937, 0.346 1.5161 0.3898, 0.346 1.5161 0.3937, 0.1162 1.5508 0.3898, 0.1162 1.5508 0.3937, -0.1162 1.5508 0.3898, -0.1162 1.5508 0.3937, -0.346 1.5161 0.3898, -0.346 1.5161 0.3937, -0.5681 1.4476 0.3898, -0.5681 1.4476 0.3937, -0.7776 1.3468 0.3898, -0.7776 1.3468 0.3937, -0.9696 1.2158 0.3898, -0.9696 1.2158 0.3937, -1.14 1.0577 0.3898, -1.14 1.0577 0.3937, -1.2849 0.876 0.3898, -1.2849 0.876 0.3937, -1.4011 0.6747 0.3898, -1.4011 0.6747 0.3937, -1.486 0.4584 0.3898, -1.486 0.4584 0.3937, -1.5377 0.2318 0.3898, -1.5377 0.2318 0.3937, -1.5551 0.0 0.3898, -1.5551 0.0 0.3937, -1.5377 -0.2318 0.3898, -1.5377 -0.2318 0.3937, -1.486 -0.4584 0.3898, -1.486 -0.4584 0.3937, -1.4011 -0.6747 0.3898, -1.4011 -0.6747 0.3937, -1.2849 -0.876 0.3898, -1.2849 -0.876 0.3937, -1.14 -1.0577 0.3898, -1.14 -1.0577 0.3937, -0.9696 -1.2158 0.3898, -0.9696 -1.2158 0.3937, -0.7776 -1.3468 0.3898, -0.7776 -1.3468 0.3937, -0.5681 -1.4476 0.3898, -0.5681 -1.4476 0.3937, -0.346 -1.5161 0.3898, -0.346 -1.5161 0.3937, -0.1162 -1.5508 0.3898, -0.1162 -1.5508 0.3937, 0.1162 -1.5508 0.3898, 0.1162 -1.5508 0.3937, 0.346 -1.5161 0.3898, 0.346 -1.5161 0.3937, 0.5681 -1.4476 0.3898, 0.5681 -1.4476 0.3937, 0.7776 -1.3468 0.3898, 0.7776 -1.3468 0.3937, 0.9696 -1.2158 0.3898, 0.9696 -1.2158 0.3937, 1.14 -1.0577 0.3898, 1.14 -1.0577 0.3937, 1.2849 -0.876 0.3898, 1.2849 -0.876 0.3937, 1.4011 -0.6747 0.3898, 1.4011 -0.6747 0.3937, 1.486 -0.4584 0.3898, 1.486 -0.4584 0.3937, 1.5377 -0.2318 0.3898, 1.5377 -0.2318 0.3937, 0.8666 -0.9414 0.3898, 1.0097 -0.7859 0.3898, 1.1253 -0.609 0.3898, 1.2102 -0.4155 0.3898, 1.2621 -0.2106 0.3898, 1.2795 0.0 0.3898, 1.2621 0.2106 0.3898, 1.2102 0.4155 0.3898, 1.1253 0.609 0.3898, 1.0097 0.7859 0.3898, -1.0097 -0.7859 0.3898, -0.8666 -0.9414 0.3898, -0.6998 -1.0712 0.3898, -0.514 -1.1718 0.3898, -0.3141 -1.2404 0.3898, -0.1057 -1.2752 0.3898, 0.1057 -1.2752 0.3898, 0.3141 -1.2404 0.3898, 0.514 -1.1718 0.3898, 0.6998 -1.0712 0.3898, -0.8666 0.9414 0.3898, -1.0097 0.7859 0.3898, -1.1253 0.609 0.3898, -1.2102 0.4155 0.3898, -1.2621 0.2106 0.3898, -1.2795 -0.0 0.3898, -1.2621 -0.2106 0.3898, -1.2102 -0.4155 0.3898, -1.1253 -0.609 0.3898, 0.8666 0.9414 0.3898, 0.6998 1.0712 0.3898, 0.514 1.1718 0.3898, 0.3141 1.2404 0.3898, 0.1057 1.2752 0.3898, -0.1057 1.2752 0.3898, -0.3141 1.2404 0.3898, -0.514 1.1718 0.3898, -0.6998 1.0712 0.3898, -0.6998 1.0712 0.3898
            ]
        }
        coordIndex [
            0,1,2,-1,2,1,3,-1,2,3,4,-1,4,3,5,-1,4,5,6,-1,6,5,7,-1,6,7,8,-1,8,7,9,-1,8,9,10,-1,10,9,11,-1,10,11,12,-1,12,11,13,-1,12,13,14,-1,14,13,15,-1,14,15,16,-1,16,15,17,-1,16,17,18,-1,18,17,19,-1,18,19,20,-1,20,19,21,-1,20,21,22,-1,22,21,23,-1,22,23,24,-1,24,23,25,-1,24,25,26,-1,26,25,27,-1,26,27,28,-1,28,27,29,-1,28,29,30,-1,30,29,31,-1,30,31,32,-1,32,31,33,-1,32,33,34,-1,34,33,35,-1,34,35,36,-1,36,35,37,-1,36,37,38,-1,38,37,39,-1,38,39,40,-1,40,39,41,-1,40,41,42,-1,42,41,43,-1,42,43,44,-1,44,43,45,-1,44,45,46,-1,46,45,47,-1,46,47,48,-1,48,47,49,-1,48,49,50,-1,50,49,51,-1,50,51,52,-1,52,51,53,-1,52,53,54,-1,54,53,55,-1,54,55,56,-1,56,55,57,-1,56,57,58,-1,58,57,59,-1,58,59,60,-1,60,59,61,-1,60,61,62,-1,62,61,63,-1,62,63,64,-1,64,63,65,-1,64,65,66,-1,66,65,67,-1,66,67,68,-1,68,67,69,-1,68,69,70,-1,70,69,71,-1,70,71,72,-1,72,71,73,-1,72,73,74,-1,74,73,75,-1,74,75,76,-1,76,75,77,-1,76,77,78,-1,78,77,79,-1,78,79,80,-1,80,79,81,-1,80,81,82,-1,82,81,83,-1,82,83,0,-1,0,83,1,-1,84,74,85,-1,85,74,76,-1,85,76,86,-1,86,76,78,-1,86,78,87,-1,87,78,80,-1,87,80,88,-1,88,80,82,-1,88,82,89,-1,89,82,0,-1,89,0,90,-1,90,0,2,-1,90,2,91,-1,91,2,4,-1,91,4,92,-1,92,4,6,-1,92,6,93,-1,94,52,95,-1,95,52,54,-1,95,54,96,-1,96,54,56,-1,96,56,97,-1,97,56,58,-1,97,58,98,-1,98,58,60,-1,98,60,99,-1,99,60,62,-1,99,62,100,-1,100,62,64,-1,100,64,101,-1,101,64,66,-1,101,66,102,-1,102,66,68,-1,102,68,103,-1,103,68,70,-1,103,70,84,-1,84,70,72,-1,84,72,74,-1,104,32,105,-1,105,32,34,-1,105,34,106,-1,106,34,36,-1,106,36,107,-1,107,36,38,-1,107,38,108,-1,108,38,40,-1,108,40,109,-1,109,40,42,-1,109,42,110,-1,110,42,44,-1,110,44,111,-1,111,44,46,-1,111,46,112,-1,112,46,48,-1,112,48,94,-1,94,48,50,-1,94,50,52,-1,6,8,93,-1,93,8,10,-1,93,10,113,-1,113,10,12,-1,113,12,114,-1,114,12,14,-1,114,14,115,-1,115,14,16,-1,115,16,116,-1,116,16,18,-1,116,18,117,-1,117,18,20,-1,117,20,118,-1,118,20,22,-1,118,22,119,-1,119,22,24,-1,119,24,120,-1,120,24,26,-1,120,26,121,-1,121,26,28,-1,121,28,104,-1,104,28,30,-1,104,30,32,-1,
        ]
    }
}